time,counts_ratio
2025-08-07 07:18:46.089291+00:00,2.2584872
2025-08-07 07:20:29.440780+00:00,2.2584877
2025-08-07 07:20:42.150299+00:00,2.258487
2025-08-07 07:20:56.072547+00:00,2.2584869
2025-08-07 07:21:07.948575+00:00,2.2584866
2025-08-07 07:21:20.647253+00:00,2.2584878
2025-08-07 07:21:33.427760+00:00,2.2584879
2025-08-07 07:22:11.671836+00:00,2.2584874
2025-08-07 07:22:36.573441+00:00,2.2584881
2025-08-07 07:22:49.212497+00:00,2.2584878
2025-08-07 07:23:01.924915+00:00,2.2584874
2025-08-07 07:23:14.539320+00:00,2.2584879
2025-08-07 07:23:27.285926+00:00,2.258488
2025-08-07 07:23:39.944497+00:00,2.2584878
2025-08-07 07:23:52.476636+00:00,2.2584878
2025-08-07 07:24:05.397517+00:00,2.2584874
2025-08-07 07:24:18.029568+00:00,2.2584873
2025-08-07 07:24:34.177583+00:00,2.2584872
2025-08-07 07:24:43.662227+00:00,2.2584877
2025-08-07 07:24:56.660371+00:00,2.2584877
2025-08-07 07:25:09.607734+00:00,2.2584879
2025-08-07 07:25:23.380352+00:00,2.2584879
2025-08-07 07:25:34.823820+00:00,2.2584878
2025-08-07 07:25:47.588020+00:00,2.2584876
2025-08-07 07:26:00.364926+00:00,2.2584883
2025-08-07 07:26:12.998686+00:00,2.258488
2025-08-07 07:26:25.689156+00:00,2.2584873
2025-08-07 07:26:38.490367+00:00,2.2584875
2025-08-07 07:26:51.172201+00:00,2.2584881
2025-08-07 07:27:04.554159+00:00,2.258488
2025-08-07 07:27:16.982070+00:00,2.2584876
2025-08-07 07:27:29.415167+00:00,2.2584873
2025-08-07 07:27:42.396849+00:00,2.2584875
2025-08-07 07:27:55.187039+00:00,2.2584874
2025-08-07 07:28:08.467723+00:00,2.2584876
2025-08-07 07:28:20.927819+00:00,2.2584872
2025-08-07 07:28:33.992387+00:00,2.258488
2025-08-07 07:28:46.916328+00:00,2.2584883
2025-08-07 07:29:01.625441+00:00,2.258488
2025-08-07 07:29:13.886178+00:00,2.2584875
2025-08-07 07:29:25.570187+00:00,2.2584871
2025-08-07 07:29:39.156673+00:00,2.2584877
2025-08-07 07:29:52.206232+00:00,2.2584873
2025-08-07 07:30:04.279551+00:00,2.2584877
2025-08-07 07:30:17.338694+00:00,2.258488
2025-08-07 07:30:30.458523+00:00,2.258488
2025-08-07 07:30:43.111971+00:00,2.2584879
2025-08-07 07:30:56.195222+00:00,2.2584874
2025-08-07 07:31:08.890733+00:00,2.2584871
2025-08-07 07:31:21.967943+00:00,2.2584875
2025-08-07 07:31:33.961825+00:00,2.2584874
2025-08-07 07:31:46.729845+00:00,2.2584878
2025-08-07 07:32:12.014959+00:00,2.2584883
2025-08-07 07:32:24.987111+00:00,2.2584875
2025-08-07 07:32:37.325121+00:00,2.2584879
2025-08-07 07:32:50.553593+00:00,2.2584876
2025-08-07 07:33:03.591960+00:00,2.258488
2025-08-07 07:33:17.418315+00:00,2.2584874
2025-08-07 07:33:28.367425+00:00,2.258488
2025-08-07 07:33:41.136668+00:00,2.2584879
2025-08-07 07:33:54.791191+00:00,2.2584875
2025-08-07 07:34:06.854063+00:00,2.2584878
2025-08-07 07:34:19.569855+00:00,2.2584872
2025-08-07 07:34:34.205407+00:00,2.258488
2025-08-07 07:34:45.373869+00:00,2.2584882
2025-08-07 07:35:00.295075+00:00,2.2584874
2025-08-07 07:35:23.722075+00:00,2.2584876
2025-08-07 07:35:36.471390+00:00,2.2584881
2025-08-07 07:35:48.923910+00:00,2.2584873
2025-08-07 07:36:01.784840+00:00,2.2584874
2025-08-07 07:36:27.378507+00:00,2.2584874
2025-08-07 07:36:53.080021+00:00,2.2584872
2025-08-07 07:37:05.852162+00:00,2.2584875
2025-08-07 07:37:31.518645+00:00,2.2584874
2025-08-07 07:37:43.629880+00:00,2.258488
2025-08-07 07:37:56.538398+00:00,2.2584876
2025-08-07 07:38:09.519005+00:00,2.2584873
2025-08-07 07:38:36.714156+00:00,2.2584876
2025-08-07 07:38:48.043468+00:00,2.2584875
2025-08-07 07:39:01.075934+00:00,2.2584882
2025-08-07 07:39:13.956971+00:00,2.2584877
2025-08-07 07:39:27.266014+00:00,2.2584866
2025-08-07 07:39:41.358507+00:00,2.2584875
2025-08-07 07:39:52.930093+00:00,2.2584879
2025-08-07 07:40:19.356311+00:00,2.258488
2025-08-07 07:40:32.386967+00:00,2.2584877
2025-08-07 07:40:44.755008+00:00,2.258488
2025-08-07 07:41:10.243030+00:00,2.2584879
2025-08-07 07:41:23.402071+00:00,2.2584872
2025-08-07 07:41:36.322105+00:00,2.258488
2025-08-07 07:41:49.152987+00:00,2.2584877
2025-08-07 07:42:01.327525+00:00,2.2584875
2025-08-07 07:42:13.771470+00:00,2.2584879
2025-08-07 07:42:38.896550+00:00,2.2584871
2025-08-07 07:42:51.575320+00:00,2.2584876
2025-08-07 07:43:04.445162+00:00,2.2584876
2025-08-07 07:43:17.240522+00:00,2.2584875
2025-08-07 07:43:29.755303+00:00,2.2584873
2025-08-07 07:43:55.152320+00:00,2.2584873
2025-08-07 07:44:07.892184+00:00,2.258488
2025-08-07 07:44:20.507751+00:00,2.2584873
2025-08-07 07:44:33.307425+00:00,2.2584876
2025-08-07 07:44:59.001641+00:00,2.2584877
2025-08-07 07:45:12.216303+00:00,2.2584876
2025-08-07 07:45:24.683905+00:00,2.2584882
2025-08-07 07:45:37.417453+00:00,2.2584873
2025-08-07 07:45:50.333478+00:00,2.258488
2025-08-07 07:46:03.176984+00:00,2.2584872
2025-08-07 07:46:15.806767+00:00,2.2584874
2025-08-07 07:46:28.490800+00:00,2.2584877
2025-08-07 07:46:41.308511+00:00,2.2584875
2025-08-07 07:46:54.242530+00:00,2.2584875
2025-08-07 07:47:06.879796+00:00,2.2584874
2025-08-07 07:47:19.472000+00:00,2.2584872
2025-08-07 07:47:33.272043+00:00,2.2584876
2025-08-07 07:47:45.305491+00:00,2.2584873
2025-08-07 07:47:58.738710+00:00,2.2584877
2025-08-07 07:48:10.481558+00:00,2.2584882
2025-08-07 07:48:23.337719+00:00,2.2584873
2025-08-07 07:48:36.132994+00:00,2.2584877
2025-08-07 07:48:49.154940+00:00,2.258487
2025-08-07 07:49:01.950476+00:00,2.258487
2025-08-07 07:49:14.645036+00:00,2.2584881
2025-08-07 07:49:27.584639+00:00,2.2584874
2025-08-07 07:49:41.189913+00:00,2.2584882
2025-08-07 07:49:53.569330+00:00,2.2584876
2025-08-07 07:50:06.976553+00:00,2.2584874
2025-08-07 07:50:19.653359+00:00,2.2584875
2025-08-07 07:50:32.458844+00:00,2.2584873
2025-08-07 07:50:46.017579+00:00,2.2584874
2025-08-07 07:50:58.410254+00:00,2.2584877
2025-08-07 07:51:11.980589+00:00,2.258488
2025-08-07 07:51:24.259886+00:00,2.2584873
2025-08-07 07:51:36.837521+00:00,2.2584875
2025-08-07 07:51:49.738487+00:00,2.2584878
2025-08-07 07:52:03.206688+00:00,2.2584873
2025-08-07 07:52:15.549549+00:00,2.2584875
2025-08-07 07:52:28.440260+00:00,2.2584878
2025-08-07 07:52:41.330750+00:00,2.258488
2025-08-07 07:52:54.134045+00:00,2.2584873
2025-08-07 07:53:07.761409+00:00,2.2584875
2025-08-07 07:53:19.765421+00:00,2.2584875
2025-08-07 07:53:32.286671+00:00,2.2584871
2025-08-07 07:53:45.577596+00:00,2.2584873
2025-08-07 07:53:57.408883+00:00,2.2584879
2025-08-07 07:54:10.243536+00:00,2.2584876
2025-08-07 07:54:22.533811+00:00,2.2584879
2025-08-07 07:54:35.921695+00:00,2.2584876
2025-08-07 07:54:48.317649+00:00,2.2584875
2025-08-07 07:55:00.777678+00:00,2.2584872
2025-08-07 07:55:14.195309+00:00,2.258488
2025-08-07 07:55:26.646560+00:00,2.258487
2025-08-07 07:55:39.447304+00:00,2.2584874
2025-08-07 07:55:52.706704+00:00,2.2584877
2025-08-07 07:56:04.887938+00:00,2.2584873
2025-08-07 07:56:17.615347+00:00,2.2584871
2025-08-07 07:56:30.399838+00:00,2.2584874
2025-08-07 07:56:43.530343+00:00,2.2584878
2025-08-07 07:56:56.099999+00:00,2.2584875
2025-08-07 07:57:10.313700+00:00,2.2584879
2025-08-07 07:57:22.532086+00:00,2.2584874
2025-08-07 07:57:34.495837+00:00,2.2584878
2025-08-07 07:57:47.339594+00:00,2.2584878
2025-08-07 07:58:00.585190+00:00,2.2584878
2025-08-07 07:58:12.635809+00:00,2.2584876
2025-08-07 07:58:25.790033+00:00,2.2584875
2025-08-07 07:58:38.198501+00:00,2.258488
2025-08-07 07:59:03.935741+00:00,2.2584872
2025-08-07 07:59:16.749133+00:00,2.2584879
2025-08-07 07:59:29.598097+00:00,2.2584874
2025-08-07 07:59:42.584739+00:00,2.2584877
2025-08-07 07:59:55.865383+00:00,2.2584877
2025-08-07 08:00:08.447350+00:00,2.2584877
2025-08-07 08:00:21.534535+00:00,2.2584876
2025-08-07 08:00:34.576006+00:00,2.2584872
2025-08-07 08:00:47.635905+00:00,2.2584874
2025-08-07 08:01:00.868835+00:00,2.2584875
2025-08-07 08:01:13.331323+00:00,2.2584878
2025-08-07 08:01:26.371714+00:00,2.2584881
2025-08-07 08:01:39.202221+00:00,2.2584879
2025-08-07 08:01:52.177915+00:00,2.2584877
2025-08-07 08:02:05.216722+00:00,2.2584876
2025-08-07 08:02:17.910520+00:00,2.2584879
2025-08-07 08:02:30.855211+00:00,2.2584873
2025-08-07 08:02:43.594015+00:00,2.2584874
2025-08-07 08:02:56.430351+00:00,2.2584879
2025-08-07 08:03:09.539010+00:00,2.2584879
2025-08-07 08:03:22.310849+00:00,2.2584877
2025-08-07 08:03:35.269027+00:00,2.2584871
2025-08-07 08:03:48.009488+00:00,2.2584875
2025-08-07 08:04:02.043047+00:00,2.2584871
2025-08-07 08:04:13.305390+00:00,2.258487
2025-08-07 08:04:25.977382+00:00,2.2584874
2025-08-07 08:04:38.714290+00:00,2.2584876
2025-08-07 08:04:51.183287+00:00,2.2584877
2025-08-07 08:05:03.811306+00:00,2.2584876
2025-08-07 08:05:16.569346+00:00,2.2584877
2025-08-07 08:05:29.311655+00:00,2.2584875
2025-08-07 08:05:42.000045+00:00,2.2584877
2025-08-07 08:05:55.167984+00:00,2.2584877
2025-08-07 08:06:07.531921+00:00,2.2584873
2025-08-07 08:06:21.193412+00:00,2.2584873
2025-08-07 08:06:33.291454+00:00,2.258488
2025-08-07 08:06:45.992465+00:00,2.2584878
2025-08-07 08:06:58.955572+00:00,2.2584871
2025-08-07 08:07:11.360657+00:00,2.2584873
2025-08-07 08:07:24.102590+00:00,2.2584871
2025-08-07 08:07:37.000574+00:00,2.2584876
2025-08-07 08:07:50.256384+00:00,2.2584875
2025-08-07 08:08:03.381024+00:00,2.2584875
2025-08-07 08:08:16.659357+00:00,2.2584875
2025-08-07 08:08:28.777566+00:00,2.2584877
2025-08-07 08:08:41.638805+00:00,2.2584876
2025-08-07 08:08:54.414777+00:00,2.2584871
2025-08-07 08:09:07.122564+00:00,2.2584873
2025-08-07 08:09:20.028144+00:00,2.2584881
2025-08-07 08:09:32.905264+00:00,2.258487
2025-08-07 08:09:45.897184+00:00,2.258487
2025-08-07 08:09:58.463172+00:00,2.2584877
2025-08-07 08:10:11.152467+00:00,2.2584876
2025-08-07 08:10:23.871037+00:00,2.2584874
2025-08-07 08:10:36.593315+00:00,2.2584881
2025-08-07 08:10:49.486075+00:00,2.2584876
2025-08-07 08:11:02.068954+00:00,2.2584875
2025-08-07 08:11:14.993743+00:00,2.2584876
2025-08-07 08:11:27.925692+00:00,2.2584877
2025-08-07 08:11:40.986742+00:00,2.2584875
2025-08-07 08:11:54.692594+00:00,2.2584877
2025-08-07 08:12:07.251920+00:00,2.2584878
2025-08-07 08:12:19.840497+00:00,2.2584879
2025-08-07 08:12:33.124676+00:00,2.2584878
2025-08-07 08:12:46.244651+00:00,2.2584871
2025-08-07 08:12:59.110914+00:00,2.258488
2025-08-07 08:13:13.001944+00:00,2.2584879
2025-08-07 08:13:25.105846+00:00,2.2584874
2025-08-07 08:13:38.247880+00:00,2.258487
2025-08-07 08:13:50.997016+00:00,2.2584879
2025-08-07 08:14:04.389455+00:00,2.2584875
2025-08-07 08:14:16.697646+00:00,2.2584874
2025-08-07 08:14:30.097340+00:00,2.2584876
2025-08-07 08:14:42.616557+00:00,2.2584878
2025-08-07 08:14:55.046802+00:00,2.2584872
2025-08-07 08:15:07.997457+00:00,2.2584878
2025-08-07 08:15:20.662914+00:00,2.2584875
2025-08-07 08:15:33.503534+00:00,2.2584879
2025-08-07 08:15:45.987569+00:00,2.2584878
2025-08-07 08:15:58.845467+00:00,2.2584872
2025-08-07 08:16:11.485278+00:00,2.2584871
2025-08-07 08:16:24.240209+00:00,2.2584872
2025-08-07 08:16:37.151532+00:00,2.2584877
2025-08-07 08:16:49.688461+00:00,2.2584876
2025-08-07 08:17:02.601729+00:00,2.2584874
2025-08-07 08:17:15.243360+00:00,2.2584879
2025-08-07 08:17:27.995441+00:00,2.258488
2025-08-07 08:17:40.854536+00:00,2.2584872
2025-08-07 08:17:53.737925+00:00,2.2584876
2025-08-07 08:18:07.108963+00:00,2.258487
2025-08-07 08:18:19.524323+00:00,2.2584873
2025-08-07 08:18:32.316361+00:00,2.2584869
2025-08-07 08:18:45.755707+00:00,2.2584877
2025-08-07 08:18:58.088185+00:00,2.2584878
2025-08-07 08:19:10.974336+00:00,2.2584875
2025-08-07 08:19:23.508339+00:00,2.2584874
2025-08-07 08:19:36.365653+00:00,2.2584876
2025-08-07 08:19:49.627898+00:00,2.2584876
2025-08-07 08:20:02.505739+00:00,2.2584874
2025-08-07 08:20:14.932274+00:00,2.2584875
2025-08-07 08:20:28.021843+00:00,2.2584875
2025-08-07 08:20:40.526193+00:00,2.2584871
2025-08-07 08:20:53.085053+00:00,2.2584879
2025-08-07 08:21:05.921219+00:00,2.2584874
2025-08-07 08:21:18.970887+00:00,2.2584872
2025-08-07 08:21:31.488830+00:00,2.2584875
2025-08-07 08:21:45.788186+00:00,2.2584872
2025-08-07 08:21:59.564171+00:00,2.2584878
2025-08-07 08:22:10.230391+00:00,2.2584873
2025-08-07 08:22:23.220583+00:00,2.2584876
2025-08-07 08:22:36.614751+00:00,2.2584873
2025-08-07 08:22:49.428499+00:00,2.2584875
2025-08-07 08:23:02.360041+00:00,2.2584874
2025-08-07 08:23:15.803361+00:00,2.2584878
2025-08-07 08:23:28.332387+00:00,2.2584878
2025-08-07 08:23:41.177467+00:00,2.2584878
2025-08-07 08:23:54.193228+00:00,2.2584877
2025-08-07 08:24:07.198480+00:00,2.2584879
2025-08-07 08:24:19.907761+00:00,2.2584878
2025-08-07 08:24:33.616614+00:00,2.2584871
2025-08-07 08:24:46.221699+00:00,2.258487
2025-08-07 08:24:58.663258+00:00,2.2584879
2025-08-07 08:25:11.605491+00:00,2.2584875
2025-08-07 08:25:25.967532+00:00,2.2584874
2025-08-07 08:25:37.084664+00:00,2.2584877
2025-08-07 08:25:51.247190+00:00,2.2584876
2025-08-07 08:26:03.697029+00:00,2.2584871
2025-08-07 08:26:15.167578+00:00,2.2584874
2025-08-07 08:26:28.198585+00:00,2.2584874
2025-08-07 08:26:40.556346+00:00,2.2584877
2025-08-07 08:26:53.380668+00:00,2.2584879
2025-08-07 08:27:07.876734+00:00,2.2584877
2025-08-07 08:27:19.227235+00:00,2.2584876
2025-08-07 08:27:32.063058+00:00,2.2584878
2025-08-07 08:27:44.632260+00:00,2.2584877
2025-08-07 08:27:57.457832+00:00,2.2584877
2025-08-07 08:28:10.192893+00:00,2.2584875
2025-08-07 08:28:23.084741+00:00,2.2584872
2025-08-07 08:28:35.906142+00:00,2.2584872
2025-08-07 08:28:48.872788+00:00,2.2584871
2025-08-07 08:29:01.485307+00:00,2.2584877
2025-08-07 08:29:14.180832+00:00,2.2584876
2025-08-07 08:29:27.164109+00:00,2.2584877
2025-08-07 08:29:39.776643+00:00,2.258487
2025-08-07 08:29:52.562050+00:00,2.2584873
2025-08-07 08:30:05.592165+00:00,2.2584876
2025-08-07 08:30:18.917099+00:00,2.2584874
2025-08-07 08:30:31.749636+00:00,2.2584872
2025-08-07 08:30:43.969734+00:00,2.2584876
2025-08-07 08:30:56.945245+00:00,2.2584872
2025-08-07 08:31:09.430843+00:00,2.2584875
2025-08-07 08:31:22.377084+00:00,2.2584874
2025-08-07 08:31:35.886575+00:00,2.2584875
2025-08-07 08:31:48.785169+00:00,2.2584876
2025-08-07 08:32:00.142591+00:00,2.2584876
2025-08-07 08:32:13.248452+00:00,2.2584871
2025-08-07 08:32:26.009324+00:00,2.2584874
2025-08-07 08:32:40.186289+00:00,2.2584874
2025-08-07 08:32:52.941050+00:00,2.258487
2025-08-07 08:33:05.301389+00:00,2.2584868
2025-08-07 08:33:18.939514+00:00,2.2584871
2025-08-07 08:33:31.904207+00:00,2.2584868
2025-08-07 08:33:44.266993+00:00,2.2584872
2025-08-07 08:33:57.276544+00:00,2.2584881
2025-08-07 08:34:10.366026+00:00,2.2584874
2025-08-07 08:34:23.174730+00:00,2.2584873
2025-08-07 08:34:36.916521+00:00,2.2584874
2025-08-07 08:34:49.940758+00:00,2.2584875
2025-08-07 08:35:02.742103+00:00,2.2584875
2025-08-07 08:35:15.406125+00:00,2.2584873
2025-08-07 08:35:27.718339+00:00,2.258487
2025-08-07 08:35:40.399294+00:00,2.2584872
2025-08-07 08:35:53.622409+00:00,2.2584874
2025-08-07 08:36:07.557899+00:00,2.2584873
2025-08-07 08:36:19.384537+00:00,2.2584875
2025-08-07 08:36:33.048356+00:00,2.2584874
2025-08-07 08:36:44.444241+00:00,2.2584878
2025-08-07 08:36:56.987530+00:00,2.2584874
2025-08-07 08:37:11.384925+00:00,2.258487
2025-08-07 08:37:22.362719+00:00,2.258487
2025-08-07 08:37:35.176824+00:00,2.2584873
2025-08-07 08:37:48.073876+00:00,2.2584872
2025-08-07 08:38:00.904617+00:00,2.2584872
2025-08-07 08:38:13.737286+00:00,2.2584877
2025-08-07 08:38:26.428144+00:00,2.2584874
2025-08-07 08:38:39.144480+00:00,2.2584877
2025-08-07 08:38:52.427397+00:00,2.2584873
2025-08-07 08:39:04.802940+00:00,2.2584867
2025-08-07 08:39:17.701033+00:00,2.2584869
2025-08-07 08:39:30.678404+00:00,2.2584871
2025-08-07 08:39:43.467811+00:00,2.2584873
2025-08-07 08:39:57.022310+00:00,2.2584874
2025-08-07 08:40:09.176881+00:00,2.2584874
2025-08-07 08:40:22.453025+00:00,2.2584869
2025-08-07 08:40:35.177124+00:00,2.2584877
2025-08-07 08:40:47.774279+00:00,2.2584876
2025-08-07 08:41:01.055024+00:00,2.2584871
2025-08-07 08:41:13.295231+00:00,2.2584873
2025-08-07 08:41:26.215745+00:00,2.2584867
2025-08-07 08:41:39.113965+00:00,2.2584876
2025-08-07 08:41:51.750158+00:00,2.2584879
2025-08-07 08:42:04.744193+00:00,2.2584878
2025-08-07 08:42:17.450218+00:00,2.2584878
2025-08-07 08:42:30.781004+00:00,2.2584874
2025-08-07 08:42:42.801103+00:00,2.2584874
2025-08-07 08:42:55.679472+00:00,2.2584879
2025-08-07 08:43:09.321692+00:00,2.258487
2025-08-07 08:43:22.054669+00:00,2.2584871
2025-08-07 08:43:34.703137+00:00,2.2584874
2025-08-07 08:43:47.785811+00:00,2.2584873
2025-08-07 08:44:00.762951+00:00,2.2584876
2025-08-07 08:44:13.786143+00:00,2.258487
2025-08-07 08:44:27.999760+00:00,2.2584871
2025-08-07 08:44:40.038969+00:00,2.2584876
2025-08-07 08:44:52.547297+00:00,2.2584877
2025-08-07 08:45:05.318437+00:00,2.2584868
2025-08-07 08:45:18.213235+00:00,2.2584872
2025-08-07 08:45:31.263111+00:00,2.2584875
2025-08-07 08:45:43.901055+00:00,2.258487
2025-08-07 08:45:56.760846+00:00,2.2584876
2025-08-07 08:46:09.806994+00:00,2.2584877
2025-08-07 08:46:22.551838+00:00,2.2584876
2025-08-07 08:46:35.441315+00:00,2.2584871
2025-08-07 08:46:48.830086+00:00,2.2584869
2025-08-07 08:47:01.929874+00:00,2.2584871
2025-08-07 08:47:13.800539+00:00,2.2584875
2025-08-07 08:47:25.949188+00:00,2.2584875
2025-08-07 08:47:38.782852+00:00,2.2584879
2025-08-07 08:47:51.865260+00:00,2.2584876
2025-08-07 08:48:04.102009+00:00,2.2584877
2025-08-07 08:48:16.803703+00:00,2.2584875
2025-08-07 08:48:29.658865+00:00,2.2584874
2025-08-07 08:48:42.461947+00:00,2.2584871
2025-08-07 08:48:55.365019+00:00,2.2584879
2025-08-07 08:49:10.080197+00:00,2.2584878
2025-08-07 08:49:21.039068+00:00,2.2584871
2025-08-07 08:49:34.231178+00:00,2.2584869
2025-08-07 08:49:48.420650+00:00,2.2584874
2025-08-07 08:49:59.509293+00:00,2.2584871
2025-08-07 08:50:13.823121+00:00,2.2584875
2025-08-07 08:50:25.014311+00:00,2.2584871
2025-08-07 08:50:38.128225+00:00,2.2584874
2025-08-07 08:50:50.301346+00:00,2.2584876
2025-08-07 08:51:03.285329+00:00,2.2584867
2025-08-07 08:51:16.278365+00:00,2.2584874
2025-08-07 08:51:28.876932+00:00,2.2584876
2025-08-07 08:51:41.866270+00:00,2.2584875
2025-08-07 08:51:55.344860+00:00,2.2584876
2025-08-07 08:52:07.850632+00:00,2.2584874
2025-08-07 08:52:20.734928+00:00,2.2584874
2025-08-07 08:52:33.870655+00:00,2.2584874
2025-08-07 08:52:46.865527+00:00,2.2584877
2025-08-07 08:53:01.117177+00:00,2.258487
2025-08-07 08:53:13.509214+00:00,2.2584869
2025-08-07 08:53:25.814402+00:00,2.258487
2025-08-07 08:53:38.766694+00:00,2.2584869
2025-08-07 08:53:51.700705+00:00,2.2584874
2025-08-07 08:54:04.538737+00:00,2.2584874
2025-08-07 08:54:19.242948+00:00,2.2584877
2025-08-07 08:54:30.514360+00:00,2.258487
2025-08-07 08:54:43.648088+00:00,2.2584878
2025-08-07 08:54:56.194676+00:00,2.2584869
2025-08-07 08:55:09.249037+00:00,2.2584872
2025-08-07 08:55:22.333328+00:00,2.2584875
2025-08-07 08:55:36.610062+00:00,2.2584867
2025-08-07 08:55:48.306520+00:00,2.2584869
2025-08-07 08:56:00.744963+00:00,2.2584873
2025-08-07 08:56:13.342549+00:00,2.2584869
2025-08-07 08:56:26.056750+00:00,2.2584876
2025-08-07 08:56:38.974486+00:00,2.2584877
2025-08-07 08:56:51.197208+00:00,2.2584872
2025-08-07 08:57:04.071305+00:00,2.2584868
2025-08-07 08:57:17.036451+00:00,2.2584873
2025-08-07 08:57:29.151386+00:00,2.2584873
2025-08-07 08:57:41.971520+00:00,2.2584875
2025-08-07 08:57:55.063798+00:00,2.2584877
2025-08-07 08:58:07.619425+00:00,2.258487
2025-08-07 08:58:20.486447+00:00,2.2584871
2025-08-07 08:58:33.398803+00:00,2.2584875
2025-08-07 08:58:45.799097+00:00,2.2584875
2025-08-07 08:58:59.385383+00:00,2.2584874
2025-08-07 08:59:12.941049+00:00,2.2584876
2025-08-07 08:59:24.120539+00:00,2.2584876
2025-08-07 08:59:37.052552+00:00,2.258488
2025-08-07 08:59:49.547011+00:00,2.2584875
2025-08-07 09:00:02.730103+00:00,2.2584873
2025-08-07 09:00:15.311360+00:00,2.2584874
2025-08-07 09:00:28.404001+00:00,2.2584868
2025-08-07 09:00:41.536859+00:00,2.2584874
2025-08-07 09:00:53.574254+00:00,2.2584874
2025-08-07 09:01:06.173774+00:00,2.2584874
2025-08-07 09:01:18.914927+00:00,2.2584874
2025-08-07 09:01:31.766581+00:00,2.258487
2025-08-07 09:01:44.407259+00:00,2.2584871
2025-08-07 09:01:57.201371+00:00,2.2584874
2025-08-07 09:02:10.047132+00:00,2.2584867
2025-08-07 09:02:22.940856+00:00,2.2584874
2025-08-07 09:02:35.882699+00:00,2.2584875
2025-08-07 09:02:48.893542+00:00,2.2584869
2025-08-07 09:03:01.636739+00:00,2.2584869
2025-08-07 09:03:15.468968+00:00,2.2584875
2025-08-07 09:03:27.296994+00:00,2.2584871
2025-08-07 09:03:39.830453+00:00,2.2584871
2025-08-07 09:03:53.855998+00:00,2.2584877
2025-08-07 09:04:05.620097+00:00,2.2584872
2025-08-07 09:04:18.220749+00:00,2.2584878
2025-08-07 09:04:31.131390+00:00,2.2584871
2025-08-07 09:04:45.665538+00:00,2.2584879
2025-08-07 09:04:56.444707+00:00,2.2584876
2025-08-07 09:05:09.824425+00:00,2.2584874
2025-08-07 09:05:22.605318+00:00,2.2584872
2025-08-07 09:05:34.817807+00:00,2.2584877
2025-08-07 09:05:48.309916+00:00,2.2584877
2025-08-07 09:06:00.764375+00:00,2.2584873
2025-08-07 09:06:13.519498+00:00,2.2584876
2025-08-07 09:06:26.452432+00:00,2.2584872
2025-08-07 09:06:40.292072+00:00,2.2584869
2025-08-07 09:06:52.351257+00:00,2.2584875
2025-08-07 09:07:05.578083+00:00,2.2584871
2025-08-07 09:07:18.506523+00:00,2.2584874
2025-08-07 09:07:31.528575+00:00,2.2584872
2025-08-07 09:07:44.120784+00:00,2.258488
2025-08-07 09:07:56.944841+00:00,2.2584867
2025-08-07 09:08:10.135060+00:00,2.2584867
2025-08-07 09:08:22.653647+00:00,2.2584869
2025-08-07 09:08:35.600266+00:00,2.2584874
2025-08-07 09:08:48.351138+00:00,2.2584871
2025-08-07 09:09:02.102997+00:00,2.2584876
2025-08-07 09:09:14.242126+00:00,2.2584873
2025-08-07 09:09:27.047639+00:00,2.2584875
2025-08-07 09:09:40.388787+00:00,2.2584876
2025-08-07 09:09:54.664815+00:00,2.2584873
2025-08-07 09:10:05.173242+00:00,2.2584871
2025-08-07 09:10:19.353327+00:00,2.2584867
2025-08-07 09:10:30.332922+00:00,2.2584874
2025-08-07 09:10:42.898334+00:00,2.2584867
2025-08-07 09:11:08.788060+00:00,2.2584874
2025-08-07 09:11:20.900153+00:00,2.2584874
2025-08-07 09:11:34.007741+00:00,2.2584871
2025-08-07 09:11:46.421638+00:00,2.2584875
2025-08-07 09:11:59.109865+00:00,2.2584871
2025-08-07 09:12:13.697555+00:00,2.2584871
2025-08-07 09:12:27.451846+00:00,2.2584873
2025-08-07 09:12:37.657882+00:00,2.2584877
2025-08-07 09:12:50.753020+00:00,2.2584873
2025-08-07 09:13:03.071260+00:00,2.2584875
2025-08-07 09:13:15.817941+00:00,2.2584871
2025-08-07 09:13:41.718000+00:00,2.2584864
2025-08-07 09:14:06.792936+00:00,2.2584869
2025-08-07 09:14:19.429114+00:00,2.2584867
2025-08-07 09:14:33.174995+00:00,2.258487
2025-08-07 09:14:46.008276+00:00,2.2584872
2025-08-07 09:14:58.583642+00:00,2.2584876
2025-08-07 09:15:12.280593+00:00,2.2584868
2025-08-07 09:15:23.781572+00:00,2.2584871
2025-08-07 09:15:36.774118+00:00,2.2584868
2025-08-07 09:15:49.666881+00:00,2.2584872
2025-08-07 09:16:01.891792+00:00,2.258487
2025-08-07 09:16:14.712516+00:00,2.2584873
2025-08-07 09:16:27.656559+00:00,2.2584861
2025-08-07 09:16:41.296881+00:00,2.2584873
2025-08-07 09:16:52.967839+00:00,2.2584873
2025-08-07 09:17:05.675015+00:00,2.2584866
2025-08-07 09:17:18.477590+00:00,2.2584871
2025-08-07 09:17:31.336957+00:00,2.2584877
2025-08-07 09:17:44.103735+00:00,2.2584876
2025-08-07 09:17:56.975270+00:00,2.2584867
2025-08-07 09:18:09.513344+00:00,2.258487
2025-08-07 09:18:22.536919+00:00,2.2584875
2025-08-07 09:18:35.018998+00:00,2.258487
2025-08-07 09:18:48.122801+00:00,2.2584872
2025-08-07 09:19:01.170454+00:00,2.2584864
2025-08-07 09:19:26.576494+00:00,2.2584876
2025-08-07 09:19:39.550971+00:00,2.2584874
2025-08-07 09:19:52.441914+00:00,2.2584871
2025-08-07 09:20:05.419777+00:00,2.2584871
2025-08-07 09:20:18.408036+00:00,2.2584867
2025-08-07 09:20:31.538303+00:00,2.2584878
2025-08-07 09:20:44.101392+00:00,2.2584872
2025-08-07 09:20:57.025837+00:00,2.2584873
2025-08-07 09:21:09.940488+00:00,2.2584871
2025-08-07 09:21:23.927228+00:00,2.2584868
2025-08-07 09:21:36.439924+00:00,2.2584872
2025-08-07 09:21:48.769985+00:00,2.2584867
2025-08-07 09:26:42.209209+00:00,2.2584866
2025-08-07 09:29:02.971972+00:00,2.2584865
2025-08-07 09:30:59.550136+00:00,2.2584867
2025-08-07 09:31:38.103979+00:00,2.2584876
2025-08-07 09:32:04.281429+00:00,2.258487
2025-08-07 09:32:56.086107+00:00,2.2584869
2025-08-07 09:33:08.390362+00:00,2.2584863
2025-08-07 09:40:48.527207+00:00,2.258487
2025-08-07 09:41:01.127927+00:00,2.2584871
2025-08-07 09:41:26.633573+00:00,2.2584874
2025-08-07 09:42:05.511006+00:00,2.2584868
2025-08-07 09:46:36.514641+00:00,2.2584859
2025-08-07 09:48:07.267564+00:00,2.258487
2025-08-07 09:50:40.208321+00:00,2.2584862
2025-08-07 09:50:52.638033+00:00,2.2584871
2025-08-07 09:51:05.694561+00:00,2.2584875
2025-08-07 09:51:31.563707+00:00,2.2584875
2025-08-07 09:51:57.292973+00:00,2.2584868
2025-08-07 09:52:22.877977+00:00,2.2584875
2025-08-07 09:52:48.862953+00:00,2.2584863
2025-08-07 09:53:14.693349+00:00,2.2584866
2025-08-07 09:53:39.679149+00:00,2.2584875
2025-08-07 09:54:18.667025+00:00,2.2584864
2025-08-07 09:54:56.879849+00:00,2.2584862
2025-08-07 09:55:09.517432+00:00,2.2584869
2025-08-07 09:55:34.879987+00:00,2.2584868
2025-08-07 09:55:47.731094+00:00,2.2584871
2025-08-07 09:56:00.405168+00:00,2.2584875
2025-08-07 09:56:25.842362+00:00,2.2584863
2025-08-07 09:56:39.009768+00:00,2.2584876
2025-08-07 09:56:51.879406+00:00,2.2584871
2025-08-07 09:57:04.928237+00:00,2.2584871
2025-08-07 09:57:18.547880+00:00,2.2584878
2025-08-07 09:57:44.252858+00:00,2.258487
2025-08-07 09:57:56.841708+00:00,2.2584875
2025-08-07 09:58:09.832736+00:00,2.2584867
2025-08-07 09:58:35.220050+00:00,2.2584868
2025-08-07 09:59:01.018472+00:00,2.2584872
2025-08-07 09:59:52.568565+00:00,2.2584872
2025-08-07 10:00:18.515004+00:00,2.2584864
2025-08-07 10:00:31.565526+00:00,2.2584872
2025-08-07 10:00:44.118726+00:00,2.2584861
2025-08-07 10:01:10.056348+00:00,2.2584875
2025-08-07 10:04:45.427054+00:00,2.2584873
2025-08-07 10:05:49.895492+00:00,2.2584874
2025-08-07 10:06:41.236046+00:00,2.2584859
2025-08-07 10:07:31.986953+00:00,2.2584876
2025-08-07 10:07:57.501728+00:00,2.2584868
2025-08-07 10:08:48.623071+00:00,2.2584872
2025-08-07 10:09:47.050980+00:00,2.2584876
2025-08-07 10:09:59.530566+00:00,2.2584877
2025-08-07 10:10:14.215032+00:00,2.2584878
2025-08-07 10:10:25.351589+00:00,2.2584875
2025-08-07 10:10:37.791667+00:00,2.2584876
2025-08-07 10:10:52.433255+00:00,2.2584878
2025-08-07 10:11:04.035007+00:00,2.2584869
2025-08-07 10:11:17.589263+00:00,2.2584873
2025-08-07 10:11:30.110512+00:00,2.2584878
2025-08-07 10:11:43.679297+00:00,2.2584877
2025-08-07 10:11:56.547767+00:00,2.2584874
2025-08-07 10:12:09.167895+00:00,2.2584875
2025-08-07 10:12:21.533591+00:00,2.2584874
2025-08-07 10:12:35.597715+00:00,2.2584867
2025-08-07 10:12:47.529424+00:00,2.2584872
2025-08-07 10:13:00.137564+00:00,2.2584877
2025-08-07 10:13:12.986172+00:00,2.2584875
2025-08-07 10:13:26.001233+00:00,2.2584879
2025-08-07 10:13:40.190003+00:00,2.2584876
2025-08-07 10:13:52.174322+00:00,2.2584878
2025-08-07 10:14:05.929853+00:00,2.2584875
2025-08-07 10:14:17.391055+00:00,2.2584875
2025-08-07 10:14:30.668056+00:00,2.258487
2025-08-07 10:14:42.826445+00:00,2.2584869
2025-08-07 10:14:55.538033+00:00,2.2584874
2025-08-07 10:15:08.084592+00:00,2.2584873
2025-08-07 10:15:21.959247+00:00,2.2584872
2025-08-07 10:15:34.112896+00:00,2.2584877
2025-08-07 10:15:46.410033+00:00,2.2584878
2025-08-07 10:16:00.045960+00:00,2.2584868
2025-08-07 10:16:12.419220+00:00,2.2584872
2025-08-07 10:16:25.124831+00:00,2.2584873
2025-08-07 10:16:38.691861+00:00,2.2584873
2025-08-07 10:16:50.693902+00:00,2.2584869
2025-08-07 10:17:03.609643+00:00,2.2584874
2025-08-07 10:17:16.259287+00:00,2.2584881
2025-08-07 10:17:29.113260+00:00,2.2584878
2025-08-07 10:17:42.734539+00:00,2.2584876
2025-08-07 10:17:54.713781+00:00,2.2584879
2025-08-07 10:18:07.689726+00:00,2.2584881
2025-08-07 10:18:20.386811+00:00,2.2584877
2025-08-07 10:18:33.116910+00:00,2.2584871
2025-08-07 10:18:45.969898+00:00,2.2584869
2025-08-07 10:18:58.953705+00:00,2.2584881
2025-08-07 10:19:11.363545+00:00,2.2584872
2025-08-07 10:19:24.279577+00:00,2.2584871
2025-08-07 10:19:36.928789+00:00,2.2584875
2025-08-07 10:19:52.286008+00:00,2.258487
2025-08-07 10:20:02.794885+00:00,2.2584879
2025-08-07 10:20:15.653435+00:00,2.2584873
2025-08-07 10:20:28.384853+00:00,2.2584872
2025-08-07 10:20:40.819852+00:00,2.2584878
2025-08-07 10:20:54.709855+00:00,2.2584875
2025-08-07 10:21:07.111293+00:00,2.2584871
2025-08-07 10:21:19.561781+00:00,2.2584869
2025-08-07 10:21:33.480031+00:00,2.2584876
2025-08-07 10:21:46.227133+00:00,2.258487
2025-08-07 10:21:58.933857+00:00,2.2584876
2025-08-07 10:22:11.512146+00:00,2.2584873
2025-08-07 10:22:24.382488+00:00,2.2584879
2025-08-07 10:22:37.160007+00:00,2.2584876
2025-08-07 10:22:50.096454+00:00,2.2584872
2025-08-07 10:23:03.110869+00:00,2.2584873
2025-08-07 10:23:16.241373+00:00,2.2584872
2025-08-07 10:23:29.540490+00:00,2.2584874
2025-08-07 10:23:41.390952+00:00,2.2584867
2025-08-07 10:23:54.389284+00:00,2.2584872
2025-08-07 10:24:07.648080+00:00,2.258487
2025-08-07 10:24:19.881915+00:00,2.2584871
2025-08-07 10:24:33.029899+00:00,2.2584871
2025-08-07 10:24:47.098074+00:00,2.2584869
2025-08-07 10:24:59.030250+00:00,2.2584872
2025-08-07 10:25:11.247462+00:00,2.2584871
2025-08-07 10:25:24.140787+00:00,2.2584881
2025-08-07 10:25:36.370980+00:00,2.2584875
2025-08-07 10:25:49.379377+00:00,2.2584869
2025-08-07 10:26:01.812385+00:00,2.2584877
2025-08-07 10:26:16.334248+00:00,2.2584872
2025-08-07 10:26:26.913752+00:00,2.2584872
2025-08-07 10:26:39.661844+00:00,2.2584875
2025-08-07 10:26:52.514787+00:00,2.2584867
2025-08-07 10:27:06.396293+00:00,2.2584871
2025-08-07 10:27:18.350763+00:00,2.258487
2025-08-07 10:27:31.376948+00:00,2.2584881
2025-08-07 10:27:43.865213+00:00,2.2584875
2025-08-07 10:27:57.071281+00:00,2.258488
2025-08-07 10:28:09.501892+00:00,2.2584878
2025-08-07 10:28:22.066969+00:00,2.2584872
2025-08-07 10:28:35.436583+00:00,2.2584875
2025-08-07 10:28:47.815098+00:00,2.2584875
2025-08-07 10:29:00.729037+00:00,2.2584872
2025-08-07 10:29:13.778960+00:00,2.2584878
2025-08-07 10:29:26.750871+00:00,2.2584875
2025-08-07 10:29:38.925536+00:00,2.2584875
2025-08-07 10:29:51.600570+00:00,2.2584876
2025-08-07 10:30:07.856509+00:00,2.2584876
2025-08-07 10:30:17.164934+00:00,2.2584878
2025-08-07 10:30:29.662816+00:00,2.2584879
2025-08-07 10:30:42.290511+00:00,2.2584872
2025-08-07 10:30:55.164134+00:00,2.2584878
2025-08-07 10:31:08.208670+00:00,2.2584876
2025-08-07 10:31:20.648969+00:00,2.2584873
2025-08-07 10:31:33.390168+00:00,2.258487
2025-08-07 10:31:46.234471+00:00,2.2584872
2025-08-07 10:31:59.189882+00:00,2.2584874
2025-08-07 10:32:12.486812+00:00,2.2584874
2025-08-07 10:32:25.586857+00:00,2.2584871
2025-08-07 10:32:38.419010+00:00,2.2584875
2025-08-07 10:32:51.429093+00:00,2.258487
2025-08-07 10:33:04.491099+00:00,2.2584874
2025-08-07 10:33:17.629421+00:00,2.2584879
2025-08-07 10:33:30.746151+00:00,2.2584873
2025-08-07 10:33:43.157760+00:00,2.258487
2025-08-07 10:33:56.235132+00:00,2.2584872
2025-08-07 10:34:08.797090+00:00,2.2584878
2025-08-07 10:34:23.327300+00:00,2.2584872
2025-08-07 10:34:35.386115+00:00,2.2584869
2025-08-07 10:34:47.405927+00:00,2.2584878
2025-08-07 10:35:00.538371+00:00,2.2584875
2025-08-07 10:35:13.055593+00:00,2.2584875
2025-08-07 10:35:26.342248+00:00,2.2584873
2025-08-07 10:35:38.759438+00:00,2.2584873
2025-08-07 10:35:52.589147+00:00,2.2584876
2025-08-07 10:36:04.272451+00:00,2.2584875
2025-08-07 10:36:16.963463+00:00,2.2584877
2025-08-07 10:36:29.137147+00:00,2.258488
2025-08-07 10:36:41.771565+00:00,2.2584868
2025-08-07 10:36:54.507836+00:00,2.258487
2025-08-07 10:37:07.457794+00:00,2.2584875
2025-08-07 10:37:19.959745+00:00,2.2584879
2025-08-07 10:37:33.344145+00:00,2.2584872
2025-08-07 10:37:45.815029+00:00,2.2584872
2025-08-07 10:37:58.341044+00:00,2.258487
2025-08-07 10:38:11.555125+00:00,2.2584873
2025-08-07 10:38:24.105715+00:00,2.2584871
2025-08-07 10:38:36.922752+00:00,2.2584874
2025-08-07 10:38:50.480893+00:00,2.258487
2025-08-07 10:39:03.752451+00:00,2.2584874
2025-08-07 10:39:15.505460+00:00,2.2584878
2025-08-07 10:39:27.963443+00:00,2.258487
2025-08-07 10:39:41.249555+00:00,2.2584875
2025-08-07 10:39:53.589710+00:00,2.2584874
2025-08-07 10:40:06.515624+00:00,2.258487
2025-08-07 10:40:19.315545+00:00,2.2584869
2025-08-07 10:40:32.898567+00:00,2.2584868
2025-08-07 10:40:44.962482+00:00,2.2584872
2025-08-07 10:40:57.686326+00:00,2.2584875
2025-08-07 10:41:10.623567+00:00,2.2584879
2025-08-07 10:41:23.212794+00:00,2.258487
2025-08-07 10:41:35.870009+00:00,2.2584876
2025-08-07 10:41:48.603559+00:00,2.258487
2025-08-07 10:42:01.453343+00:00,2.2584878
2025-08-07 10:42:14.205247+00:00,2.2584877
2025-08-07 10:42:28.666342+00:00,2.2584874
2025-08-07 10:42:40.857825+00:00,2.2584869
2025-08-07 10:42:52.377554+00:00,2.2584867
2025-08-07 10:43:05.434965+00:00,2.2584871
2025-08-07 10:43:19.250472+00:00,2.2584876
2025-08-07 10:43:33.808413+00:00,2.2584879
2025-08-07 10:43:44.383904+00:00,2.2584878
2025-08-07 10:43:57.638303+00:00,2.2584874
2025-08-07 10:44:14.294071+00:00,2.2584868
2025-08-07 10:44:22.900193+00:00,2.2584874
2025-08-07 10:44:35.829626+00:00,2.2584868
2025-08-07 10:44:49.515945+00:00,2.2584878
2025-08-07 10:45:01.940017+00:00,2.2584877
2025-08-07 10:45:15.017916+00:00,2.2584875
2025-08-07 10:45:29.616078+00:00,2.2584875
2025-08-07 10:45:40.743168+00:00,2.2584876
2025-08-07 10:45:54.020751+00:00,2.2584872
2025-08-07 10:46:06.588379+00:00,2.2584875
2025-08-07 10:46:19.446954+00:00,2.2584877
2025-08-07 10:46:33.787475+00:00,2.2584873
2025-08-07 10:46:45.252967+00:00,2.2584874
2025-08-07 10:46:58.040283+00:00,2.2584872
2025-08-07 10:47:11.411302+00:00,2.2584873
2025-08-07 10:47:23.763327+00:00,2.2584871
2025-08-07 10:47:36.619614+00:00,2.2584874
2025-08-07 10:47:49.300667+00:00,2.2584876
2025-08-07 10:48:01.927157+00:00,2.2584874
2025-08-07 10:48:14.424904+00:00,2.2584868
2025-08-07 10:48:27.149449+00:00,2.2584877
2025-08-07 10:48:39.791053+00:00,2.2584872
2025-08-07 10:48:52.524261+00:00,2.2584876
2025-08-07 10:49:05.301538+00:00,2.2584875
2025-08-07 10:49:17.819927+00:00,2.2584874
2025-08-07 10:49:31.268381+00:00,2.258488
2025-08-07 10:49:43.435186+00:00,2.2584879
2025-08-07 10:49:56.208189+00:00,2.2584871
2025-08-07 10:50:09.609344+00:00,2.2584874
2025-08-07 10:50:22.519667+00:00,2.2584872
2025-08-07 10:50:34.716696+00:00,2.2584868
2025-08-07 10:50:47.865484+00:00,2.2584881
2025-08-07 10:51:01.556966+00:00,2.2584878
2025-08-07 10:51:14.486112+00:00,2.2584874
2025-08-07 10:51:25.644335+00:00,2.2584876
2025-08-07 10:51:38.252582+00:00,2.2584871
2025-08-07 10:51:51.021680+00:00,2.2584876
2025-08-07 10:52:05.087667+00:00,2.2584876
2025-08-07 10:52:16.905150+00:00,2.2584879
2025-08-07 10:52:30.695893+00:00,2.2584874
2025-08-07 10:52:42.887661+00:00,2.2584875
2025-08-07 10:52:57.586944+00:00,2.2584877
2025-08-07 10:53:08.410978+00:00,2.2584874
2025-08-07 10:53:20.691953+00:00,2.2584875
2025-08-07 10:53:35.127179+00:00,2.2584869
2025-08-07 10:53:47.589025+00:00,2.258488
2025-08-07 10:53:59.285170+00:00,2.2584876
2025-08-07 10:54:13.167671+00:00,2.2584873
2025-08-07 10:54:25.154639+00:00,2.2584876
2025-08-07 10:54:37.953451+00:00,2.2584876
2025-08-07 10:54:51.085673+00:00,2.2584879
2025-08-07 10:55:05.441973+00:00,2.2584871
2025-08-07 10:55:17.332456+00:00,2.258487
2025-08-07 10:55:30.533359+00:00,2.2584869
2025-08-07 10:55:42.486148+00:00,2.2584874
2025-08-07 10:55:55.434048+00:00,2.2584871
2025-08-07 10:56:08.342230+00:00,2.2584874
2025-08-07 10:56:21.258880+00:00,2.2584879
2025-08-07 10:56:33.985586+00:00,2.2584877
2025-08-07 10:56:47.049767+00:00,2.2584872
2025-08-07 10:56:59.916220+00:00,2.2584871
2025-08-07 10:57:12.690479+00:00,2.2584872
2025-08-07 10:57:25.205810+00:00,2.2584871
2025-08-07 10:57:38.015492+00:00,2.2584872
2025-08-07 10:57:50.683060+00:00,2.2584876
2025-08-07 10:58:03.442448+00:00,2.2584872
2025-08-07 10:58:16.236181+00:00,2.258488
2025-08-07 10:58:28.437368+00:00,2.2584876
2025-08-07 10:58:41.104367+00:00,2.258487
2025-08-07 10:58:53.805111+00:00,2.258487
2025-08-07 10:59:06.652538+00:00,2.2584875
2025-08-07 10:59:19.363017+00:00,2.2584871
2025-08-07 10:59:32.768569+00:00,2.2584871
2025-08-07 10:59:46.375142+00:00,2.2584872
2025-08-07 10:59:58.595529+00:00,2.2584874
2025-08-07 11:00:11.213358+00:00,2.2584877
2025-08-07 11:00:23.368573+00:00,2.2584869
2025-08-07 11:00:36.045313+00:00,2.2584878
2025-08-07 11:00:48.773174+00:00,2.2584876
2025-08-07 11:01:02.307348+00:00,2.2584875
2025-08-07 11:01:14.376372+00:00,2.2584873
2025-08-07 11:01:27.750483+00:00,2.2584871
2025-08-07 11:01:40.642791+00:00,2.2584877
2025-08-07 11:01:53.251136+00:00,2.2584872
2025-08-07 11:02:05.905832+00:00,2.2584877
2025-08-07 11:02:19.884145+00:00,2.2584873
2025-08-07 11:02:31.324063+00:00,2.258487
2025-08-07 11:02:43.891835+00:00,2.2584877
2025-08-07 11:02:56.750626+00:00,2.2584873
2025-08-07 11:03:09.825523+00:00,2.2584876
2025-08-07 11:03:22.441366+00:00,2.2584875
2025-08-07 11:03:35.121581+00:00,2.2584872
2025-08-07 11:03:48.048289+00:00,2.2584877
2025-08-07 11:04:01.777559+00:00,2.2584874
2025-08-07 11:04:14.404876+00:00,2.2584873
2025-08-07 11:04:27.218369+00:00,2.2584873
2025-08-07 11:04:39.379349+00:00,2.2584874
2025-08-07 11:04:51.780172+00:00,2.2584871
2025-08-07 11:05:04.612728+00:00,2.2584876
2025-08-07 11:05:17.362555+00:00,2.2584874
2025-08-07 11:05:30.133103+00:00,2.2584878
2025-08-07 11:05:43.371415+00:00,2.2584876
2025-08-07 11:05:57.468214+00:00,2.2584872
2025-08-07 11:06:08.250555+00:00,2.2584876
2025-08-07 11:06:20.971384+00:00,2.2584873
2025-08-07 11:06:34.162533+00:00,2.2584874
2025-08-07 11:06:48.017727+00:00,2.2584869
2025-08-07 11:06:59.720807+00:00,2.2584871
2025-08-07 11:07:12.895960+00:00,2.2584874
2025-08-07 11:07:25.785254+00:00,2.2584879
2025-08-07 11:07:39.435395+00:00,2.2584877
2025-08-07 11:07:51.788044+00:00,2.2584873
2025-08-07 11:08:04.997467+00:00,2.2584876
2025-08-07 11:08:17.907069+00:00,2.2584877
2025-08-07 11:08:31.552710+00:00,2.2584875
2025-08-07 11:08:43.725345+00:00,2.2584872
2025-08-07 11:08:56.544456+00:00,2.2584869
2025-08-07 11:09:09.577814+00:00,2.2584878
2025-08-07 11:09:22.389873+00:00,2.2584868
2025-08-07 11:09:35.345839+00:00,2.2584873
2025-08-07 11:09:49.039656+00:00,2.2584871
2025-08-07 11:10:01.268679+00:00,2.2584871
2025-08-07 11:10:15.902904+00:00,2.2584878
2025-08-07 11:10:27.115046+00:00,2.2584869
2025-08-07 11:10:39.903147+00:00,2.2584869
2025-08-07 11:10:53.000671+00:00,2.2584877
2025-08-07 11:11:04.861722+00:00,2.2584875
2025-08-07 11:11:17.914084+00:00,2.2584868
2025-08-07 11:11:30.013285+00:00,2.2584875
2025-08-07 11:11:42.830472+00:00,2.2584872
2025-08-07 11:11:55.697207+00:00,2.2584878
2025-08-07 11:12:08.551572+00:00,2.2584874
2025-08-07 11:12:21.267899+00:00,2.2584871
2025-08-07 11:12:34.204180+00:00,2.2584871
2025-08-07 11:12:46.486892+00:00,2.2584875
2025-08-07 11:12:58.753422+00:00,2.2584872
2025-08-07 11:13:11.431514+00:00,2.2584873
2025-08-07 11:13:24.144239+00:00,2.2584875
2025-08-07 11:13:36.926549+00:00,2.2584878
2025-08-07 11:13:49.536017+00:00,2.2584873
2025-08-07 11:14:03.079999+00:00,2.258487
2025-08-07 11:14:15.474463+00:00,2.2584879
2025-08-07 11:14:28.366976+00:00,2.2584877
2025-08-07 11:14:41.393245+00:00,2.2584877
2025-08-07 11:14:53.950014+00:00,2.2584871
2025-08-07 11:15:07.097325+00:00,2.2584877
2025-08-07 11:15:19.578103+00:00,2.2584867
2025-08-07 11:15:33.515420+00:00,2.2584877
2025-08-07 11:15:45.092436+00:00,2.2584877
2025-08-07 11:15:57.950846+00:00,2.2584873
2025-08-07 11:16:10.601433+00:00,2.2584877
2025-08-07 11:16:23.305886+00:00,2.2584875
2025-08-07 11:16:36.456982+00:00,2.2584869
2025-08-07 11:16:48.882474+00:00,2.2584874
2025-08-07 11:17:01.808202+00:00,2.2584876
2025-08-07 11:17:14.490345+00:00,2.2584871
2025-08-07 11:17:28.342446+00:00,2.2584869
2025-08-07 11:17:39.663654+00:00,2.2584874
2025-08-07 11:17:52.430978+00:00,2.2584871
2025-08-07 11:18:06.172844+00:00,2.2584879
2025-08-07 11:18:18.320079+00:00,2.2584876
2025-08-07 11:18:31.147417+00:00,2.2584878
2025-08-07 11:18:44.508141+00:00,2.2584869
2025-08-07 11:18:57.122045+00:00,2.2584875
2025-08-07 11:19:11.814329+00:00,2.2584872
2025-08-07 11:19:23.168025+00:00,2.2584875
2025-08-07 11:19:36.228953+00:00,2.2584876
2025-08-07 11:19:49.186423+00:00,2.2584878
2025-08-07 11:20:05.169202+00:00,2.2584877
2025-08-07 11:20:15.570855+00:00,2.2584877
2025-08-07 11:20:28.092727+00:00,2.2584874
2025-08-07 11:20:41.220542+00:00,2.2584869
2025-08-07 11:20:56.320153+00:00,2.2584872
2025-08-07 11:21:06.767971+00:00,2.2584873
2025-08-07 11:21:19.985523+00:00,2.2584872
2025-08-07 11:21:32.718102+00:00,2.2584873
2025-08-07 11:21:45.943316+00:00,2.2584877
2025-08-07 11:21:58.270251+00:00,2.2584873
2025-08-07 11:22:11.723746+00:00,2.2584874
2025-08-07 11:22:23.823012+00:00,2.2584877
2025-08-07 11:22:36.524059+00:00,2.2584873
2025-08-07 11:22:48.932775+00:00,2.2584874
2025-08-07 11:23:01.676476+00:00,2.2584869
2025-08-07 11:23:14.351375+00:00,2.2584871
2025-08-07 11:23:27.000429+00:00,2.2584878
2025-08-07 11:23:39.530945+00:00,2.2584873
2025-08-07 11:23:52.722382+00:00,2.258488
2025-08-07 11:24:08.530673+00:00,2.2584869
2025-08-07 11:24:18.206310+00:00,2.2584867
2025-08-07 11:24:30.398265+00:00,2.2584876
2025-08-07 11:24:43.071340+00:00,2.2584876
2025-08-07 11:24:56.079299+00:00,2.2584876
2025-08-07 11:25:09.740556+00:00,2.258487
2025-08-07 11:25:22.979620+00:00,2.2584876
2025-08-07 11:25:34.627292+00:00,2.2584872
2025-08-07 11:25:47.477731+00:00,2.2584874
2025-08-07 11:25:59.904641+00:00,2.258487
2025-08-07 11:26:12.922091+00:00,2.2584874
2025-08-07 11:26:26.372330+00:00,2.2584873
2025-08-07 11:26:38.129362+00:00,2.2584871
2025-08-07 11:26:50.606709+00:00,2.258487
2025-08-07 11:27:03.427302+00:00,2.2584875
2025-08-07 11:27:16.283222+00:00,2.2584868
2025-08-07 11:27:29.004380+00:00,2.2584879
2025-08-07 11:27:42.586932+00:00,2.2584879
2025-08-07 11:27:54.593812+00:00,2.2584871
2025-08-07 11:28:09.770341+00:00,2.2584872
2025-08-07 11:28:20.693937+00:00,2.2584871
2025-08-07 11:28:33.397049+00:00,2.2584876
2025-08-07 11:28:46.016650+00:00,2.2584875
2025-08-07 11:28:58.738352+00:00,2.258487
2025-08-07 11:29:11.935000+00:00,2.2584876
2025-08-07 11:29:24.180751+00:00,2.2584878
2025-08-07 11:29:37.299157+00:00,2.2584874
2025-08-07 11:29:49.696882+00:00,2.2584874
2025-08-07 11:30:03.003200+00:00,2.2584876
2025-08-07 11:30:15.482564+00:00,2.2584877
2025-08-07 11:30:28.412024+00:00,2.2584875
2025-08-07 11:30:40.928848+00:00,2.2584875
2025-08-07 11:30:53.865868+00:00,2.258487
2025-08-07 11:31:09.397663+00:00,2.2584871
2025-08-07 11:31:19.340598+00:00,2.2584875
2025-08-07 11:31:39.780011+00:00,2.258487
2025-08-07 11:31:45.244579+00:00,2.2584876
2025-08-07 11:31:58.439747+00:00,2.2584873
2025-08-07 11:32:11.147532+00:00,2.2584879
2025-08-07 11:32:24.440181+00:00,2.2584875
2025-08-07 11:32:37.080771+00:00,2.2584876
2025-08-07 11:32:50.428661+00:00,2.2584874
2025-08-07 11:33:03.101388+00:00,2.2584877
2025-08-07 11:33:16.480696+00:00,2.2584875
2025-08-07 11:33:28.760375+00:00,2.2584868
2025-08-07 11:33:41.689639+00:00,2.2584877
2025-08-07 11:33:54.517499+00:00,2.2584875
2025-08-07 11:34:07.861363+00:00,2.2584872
2025-08-07 11:34:20.653580+00:00,2.2584877
2025-08-07 11:34:33.437778+00:00,2.2584867
2025-08-07 11:34:46.561559+00:00,2.2584877
2025-08-07 11:34:59.243421+00:00,2.2584869
2025-08-07 11:35:12.640490+00:00,2.2584869
2025-08-07 11:35:24.632710+00:00,2.2584877
2025-08-07 11:35:37.265047+00:00,2.258487
2025-08-07 11:35:50.665262+00:00,2.2584878
2025-08-07 11:36:04.823091+00:00,2.2584879
2025-08-07 11:36:15.717148+00:00,2.2584869
2025-08-07 11:36:28.782716+00:00,2.2584873
2025-08-07 11:36:40.754760+00:00,2.2584879
2025-08-07 11:36:53.342313+00:00,2.258488
2025-08-07 11:37:08.680600+00:00,2.2584872
2025-08-07 11:37:18.855253+00:00,2.2584875
2025-08-07 11:37:31.665305+00:00,2.2584868
2025-08-07 11:37:44.307316+00:00,2.2584872
2025-08-07 11:37:56.933026+00:00,2.2584875
2025-08-07 11:38:09.858671+00:00,2.2584878
2025-08-07 11:38:22.691039+00:00,2.2584873
2025-08-07 11:38:35.677924+00:00,2.2584877
2025-08-07 11:38:48.481182+00:00,2.2584866
2025-08-07 11:39:01.301256+00:00,2.2584871
2025-08-07 11:39:14.146346+00:00,2.2584879
2025-08-07 11:39:26.938868+00:00,2.2584874
2025-08-07 11:39:39.664851+00:00,2.2584874
2025-08-07 11:39:52.687081+00:00,2.2584877
2025-08-07 11:40:05.181395+00:00,2.2584875
2025-08-07 11:40:17.855744+00:00,2.2584877
2025-08-07 11:40:31.275883+00:00,2.2584876
2025-08-07 11:40:44.224892+00:00,2.2584871
2025-08-07 11:40:56.421316+00:00,2.2584875
2025-08-07 11:41:09.878170+00:00,2.2584877
2025-08-07 11:41:21.455757+00:00,2.258488
2025-08-07 11:41:34.302976+00:00,2.2584872
2025-08-07 11:41:47.177205+00:00,2.2584876
2025-08-07 11:42:01.895812+00:00,2.2584878
2025-08-07 11:42:12.921183+00:00,2.2584875
2025-08-07 11:42:25.579462+00:00,2.2584878
2025-08-07 11:42:38.359649+00:00,2.2584873
2025-08-07 11:42:51.059050+00:00,2.258488
2025-08-07 11:43:05.900218+00:00,2.2584875
2025-08-07 11:43:16.659012+00:00,2.2584871
2025-08-07 11:43:29.389525+00:00,2.2584873
2025-08-07 11:43:43.665837+00:00,2.2584877
2025-08-07 11:43:55.202948+00:00,2.2584874
2025-08-07 11:44:09.300888+00:00,2.2584875
2025-08-07 11:44:20.193595+00:00,2.2584869
2025-08-07 11:44:32.897724+00:00,2.2584874
2025-08-07 11:44:45.712498+00:00,2.2584872
2025-08-07 11:44:59.445005+00:00,2.258487
2025-08-07 11:45:11.275261+00:00,2.258487
2025-08-07 11:45:24.142115+00:00,2.2584879
2025-08-07 11:45:39.624228+00:00,2.2584869
2025-08-07 11:45:50.224896+00:00,2.2584872
2025-08-07 11:46:03.223140+00:00,2.258487
2025-08-07 11:46:16.477509+00:00,2.258487
2025-08-07 11:46:28.896779+00:00,2.2584874
2025-08-07 11:46:41.819314+00:00,2.2584874
2025-08-07 11:46:54.745921+00:00,2.2584875
2025-08-07 11:47:07.654902+00:00,2.2584873
2025-08-07 11:47:21.256294+00:00,2.2584873
2025-08-07 11:47:33.459535+00:00,2.2584877
2025-08-07 11:47:47.846945+00:00,2.2584877
2025-08-07 11:47:59.183852+00:00,2.2584878
2025-08-07 11:48:12.132543+00:00,2.2584877
2025-08-07 11:48:24.332649+00:00,2.258487
2025-08-07 11:48:37.409277+00:00,2.2584876
2025-08-07 11:48:50.336445+00:00,2.2584873
2025-08-07 11:49:03.183877+00:00,2.2584872
2025-08-07 11:49:16.549799+00:00,2.258487
2025-08-07 11:49:28.751302+00:00,2.2584875
2025-08-07 11:49:40.883389+00:00,2.2584875
2025-08-07 11:49:53.591592+00:00,2.258487
2025-08-07 11:50:06.294959+00:00,2.2584872
2025-08-07 11:50:19.902154+00:00,2.258487
2025-08-07 11:50:31.404147+00:00,2.2584876
2025-08-07 11:50:44.364924+00:00,2.258487
2025-08-07 11:50:56.624048+00:00,2.2584872
2025-08-07 11:51:09.409834+00:00,2.2584877
2025-08-07 11:51:22.255865+00:00,2.2584871
2025-08-07 11:51:35.663632+00:00,2.2584872
2025-08-07 11:51:47.675944+00:00,2.2584873
2025-08-07 11:52:00.775155+00:00,2.2584872
2025-08-07 11:52:13.352150+00:00,2.2584875
2025-08-07 11:52:26.104900+00:00,2.2584868
2025-08-07 11:52:38.840687+00:00,2.258487
2025-08-07 11:52:51.745803+00:00,2.2584873
2025-08-07 11:53:04.673966+00:00,2.2584871
2025-08-07 11:53:17.350477+00:00,2.2584872
2025-08-07 11:53:30.683850+00:00,2.2584875
2025-08-07 11:53:42.879143+00:00,2.258487
2025-08-07 11:53:55.538191+00:00,2.2584876
2025-08-07 11:54:08.719292+00:00,2.2584871
2025-08-07 11:54:21.018631+00:00,2.258488
2025-08-07 11:54:34.358047+00:00,2.2584872
2025-08-07 11:54:47.954012+00:00,2.2584863
2025-08-07 11:54:59.218172+00:00,2.2584874
2025-08-07 11:55:12.152490+00:00,2.2584871
2025-08-07 11:55:25.111883+00:00,2.2584876
2025-08-07 11:55:38.167807+00:00,2.2584869
2025-08-07 11:55:50.178755+00:00,2.2584869
2025-08-07 11:56:03.509141+00:00,2.2584875
2025-08-07 11:56:16.350676+00:00,2.2584869
2025-08-07 11:56:28.928794+00:00,2.2584877
2025-08-07 11:56:41.505361+00:00,2.258488
2025-08-07 11:56:54.399512+00:00,2.2584872
2025-08-07 11:57:06.871679+00:00,2.2584873
2025-08-07 11:57:19.753251+00:00,2.2584871
2025-08-07 11:57:32.762755+00:00,2.2584878
2025-08-07 11:57:44.900846+00:00,2.2584867
2025-08-07 11:57:57.639263+00:00,2.2584878
2025-08-07 11:58:11.088382+00:00,2.2584875
2025-08-07 11:58:23.224888+00:00,2.258487
2025-08-07 11:58:36.894240+00:00,2.2584875
2025-08-07 11:58:48.995744+00:00,2.2584877
2025-08-07 11:59:02.056479+00:00,2.2584875
2025-08-07 11:59:14.890101+00:00,2.2584872
2025-08-07 11:59:27.854760+00:00,2.2584871
2025-08-07 11:59:40.837070+00:00,2.2584874
2025-08-07 11:59:53.655718+00:00,2.2584871
2025-08-07 12:00:06.921781+00:00,2.2584868
2025-08-07 12:00:19.595650+00:00,2.2584867
2025-08-07 12:00:32.577326+00:00,2.2584872
2025-08-07 12:00:46.206092+00:00,2.2584878
2025-08-07 12:00:58.203701+00:00,2.2584871
2025-08-07 12:01:11.169053+00:00,2.2584869
2025-08-07 12:01:24.311338+00:00,2.2584875
2025-08-07 12:01:36.578498+00:00,2.258487
2025-08-07 12:01:51.126486+00:00,2.258487
2025-08-07 12:02:02.317082+00:00,2.2584875
2025-08-07 12:02:15.850088+00:00,2.2584871
2025-08-07 12:02:27.913463+00:00,2.2584874
2025-08-07 12:02:40.654372+00:00,2.2584875
2025-08-07 12:02:55.819127+00:00,2.2584874
2025-08-07 12:03:07.119592+00:00,2.2584876
2025-08-07 12:03:18.742781+00:00,2.2584866
2025-08-07 12:03:31.481017+00:00,2.2584871
2025-08-07 12:03:43.810780+00:00,2.2584875
2025-08-07 12:03:56.960163+00:00,2.2584876
2025-08-07 12:04:09.366243+00:00,2.2584876
2025-08-07 12:04:21.892233+00:00,2.2584876
2025-08-07 12:04:35.293490+00:00,2.2584872
2025-08-07 12:04:48.321135+00:00,2.2584875
2025-08-07 12:05:00.908586+00:00,2.2584875
2025-08-07 12:05:12.521762+00:00,2.2584875
2025-08-07 12:05:25.395913+00:00,2.258487
2025-08-07 12:05:38.547660+00:00,2.2584875
2025-08-07 12:05:51.013681+00:00,2.2584874
2025-08-07 12:06:04.132498+00:00,2.2584875
2025-08-07 12:06:17.212460+00:00,2.2584871
2025-08-07 12:06:29.180899+00:00,2.2584869
2025-08-07 12:06:43.180458+00:00,2.2584876
2025-08-07 12:06:54.615997+00:00,2.2584871
2025-08-07 12:07:07.419848+00:00,2.2584873
2025-08-07 12:07:21.071468+00:00,2.2584872
2025-08-07 12:07:34.122266+00:00,2.2584872
2025-08-07 12:07:45.349533+00:00,2.258487
2025-08-07 12:07:58.270063+00:00,2.2584876
2025-08-07 12:08:10.766976+00:00,2.2584875
2025-08-07 12:08:23.852673+00:00,2.2584872
2025-08-07 12:08:36.330090+00:00,2.2584879
2025-08-07 12:08:49.248483+00:00,2.2584878
2025-08-07 12:09:02.073247+00:00,2.2584868
2025-08-07 12:09:14.680258+00:00,2.2584871
2025-08-07 12:09:27.952496+00:00,2.2584877
2025-08-07 12:09:40.817158+00:00,2.2584873
2025-08-07 12:09:53.672230+00:00,2.2584873
2025-08-07 12:10:07.580094+00:00,2.2584873
2025-08-07 12:10:19.704046+00:00,2.2584873
2025-08-07 12:10:32.537689+00:00,2.2584869
2025-08-07 12:10:45.421075+00:00,2.2584875
2025-08-07 12:10:58.117095+00:00,2.258487
2025-08-07 12:11:11.014424+00:00,2.2584871
2025-08-07 12:11:24.000927+00:00,2.2584872
2025-08-07 12:11:36.539296+00:00,2.2584879
2025-08-07 12:11:49.282647+00:00,2.2584876
2025-08-07 12:12:02.584892+00:00,2.2584876
2025-08-07 12:12:14.799297+00:00,2.2584867
2025-08-07 12:12:27.665441+00:00,2.2584874
2025-08-07 12:12:41.326441+00:00,2.2584874
2025-08-07 12:12:53.621357+00:00,2.2584868
2025-08-07 12:13:06.310171+00:00,2.2584873
2025-08-07 12:13:18.889235+00:00,2.2584875
2025-08-07 12:13:31.350554+00:00,2.2584873
2025-08-07 12:13:44.419907+00:00,2.2584876
2025-08-07 12:13:59.277903+00:00,2.2584872
2025-08-07 12:14:09.065874+00:00,2.2584873
2025-08-07 12:14:22.502398+00:00,2.2584873
2025-08-07 12:14:34.425286+00:00,2.2584873
2025-08-07 12:14:47.589043+00:00,2.2584872
2025-08-07 12:15:00.216203+00:00,2.2584872
2025-08-07 12:15:12.840157+00:00,2.258487
2025-08-07 12:15:25.683594+00:00,2.2584878
2025-08-07 12:15:38.069075+00:00,2.2584871
2025-08-07 12:15:50.816197+00:00,2.2584868
2025-08-07 12:16:03.614706+00:00,2.2584872
2025-08-07 12:16:16.372227+00:00,2.2584874
2025-08-07 12:16:29.282410+00:00,2.258487
2025-08-07 12:16:41.785299+00:00,2.2584867
2025-08-07 12:16:54.669357+00:00,2.2584877
2025-08-07 12:17:07.669688+00:00,2.2584877
2025-08-07 12:17:20.415886+00:00,2.2584875
2025-08-07 12:17:33.206544+00:00,2.2584879
2025-08-07 12:17:47.762266+00:00,2.2584871
2025-08-07 12:17:58.571902+00:00,2.2584876
2025-08-07 12:18:11.326088+00:00,2.2584878
2025-08-07 12:18:24.228755+00:00,2.2584875
2025-08-07 12:18:36.480958+00:00,2.2584879
2025-08-07 12:18:49.663431+00:00,2.2584871
2025-08-07 12:19:02.586677+00:00,2.2584875
2025-08-07 12:19:14.781116+00:00,2.258487
2025-08-07 12:19:27.549297+00:00,2.2584876
2025-08-07 12:19:40.264770+00:00,2.2584874
2025-08-07 12:19:53.018947+00:00,2.2584874
2025-08-07 12:20:05.891593+00:00,2.2584873
2025-08-07 12:20:19.056757+00:00,2.258487
2025-08-07 12:20:31.463846+00:00,2.2584874
2025-08-07 12:20:44.140705+00:00,2.2584871
2025-08-07 12:20:57.063704+00:00,2.2584876
2025-08-07 12:21:10.079042+00:00,2.2584878
2025-08-07 12:21:22.594948+00:00,2.2584872
2025-08-07 12:21:35.669286+00:00,2.2584867
2025-08-07 12:21:47.919776+00:00,2.2584867
2025-08-07 12:22:01.027809+00:00,2.2584877
2025-08-07 12:22:13.424026+00:00,2.2584869
2025-08-07 12:22:26.263499+00:00,2.2584873
2025-08-07 12:22:38.994281+00:00,2.2584868
2025-08-07 12:22:51.591789+00:00,2.2584871
2025-08-07 12:23:04.744008+00:00,2.258487
2025-08-07 12:23:17.762369+00:00,2.258487
2025-08-07 12:23:30.253364+00:00,2.2584872
2025-08-07 12:23:43.237834+00:00,2.2584867
2025-08-07 12:23:56.046857+00:00,2.2584869
2025-08-07 12:24:09.426439+00:00,2.2584869
2025-08-07 12:24:22.826910+00:00,2.2584866
2025-08-07 12:24:35.007323+00:00,2.2584868
2025-08-07 12:24:48.251713+00:00,2.2584876
2025-08-07 12:25:00.693430+00:00,2.2584876
2025-08-07 12:25:13.407985+00:00,2.2584874
2025-08-07 12:25:26.344174+00:00,2.2584874
2025-08-07 12:25:39.078409+00:00,2.2584869
2025-08-07 12:25:52.310298+00:00,2.2584871
2025-08-07 12:26:05.339982+00:00,2.2584872
2025-08-07 12:26:17.668581+00:00,2.2584873
2025-08-07 12:26:30.544740+00:00,2.2584875
2025-08-07 12:26:43.061969+00:00,2.2584872
2025-08-07 12:26:55.938187+00:00,2.2584871
2025-08-07 12:27:09.071442+00:00,2.2584874
2025-08-07 12:27:21.669924+00:00,2.2584875
2025-08-07 12:27:34.166369+00:00,2.2584877
2025-08-07 12:27:47.769560+00:00,2.2584871
2025-08-07 12:27:59.274511+00:00,2.2584867
2025-08-07 12:28:11.832692+00:00,2.2584877
2025-08-07 12:28:24.924872+00:00,2.258487
2025-08-07 12:28:37.313494+00:00,2.2584867
2025-08-07 12:28:50.128562+00:00,2.2584868
2025-08-07 12:29:03.125861+00:00,2.2584874
2025-08-07 12:29:18.685806+00:00,2.2584867
2025-08-07 12:29:28.703743+00:00,2.2584874
2025-08-07 12:29:41.027081+00:00,2.2584874
2025-08-07 12:29:53.806453+00:00,2.258487
2025-08-07 12:30:06.698695+00:00,2.2584879
2025-08-07 12:30:21.902363+00:00,2.2584869
2025-08-07 12:30:32.531287+00:00,2.2584871
2025-08-07 12:30:47.168160+00:00,2.2584873
2025-08-07 12:30:58.156169+00:00,2.2584876
2025-08-07 12:31:11.574409+00:00,2.2584871
2025-08-07 12:31:23.542319+00:00,2.2584871
2025-08-07 12:31:36.361759+00:00,2.2584873
2025-08-07 12:31:49.510020+00:00,2.2584876
2025-08-07 12:32:02.473015+00:00,2.2584875
2025-08-07 12:32:16.978653+00:00,2.2584875
2025-08-07 12:32:27.795228+00:00,2.2584871
2025-08-07 12:32:40.710727+00:00,2.2584878
2025-08-07 12:32:53.773382+00:00,2.2584875
2025-08-07 12:33:06.649617+00:00,2.2584872
2025-08-07 12:33:18.827014+00:00,2.2584871
2025-08-07 12:33:31.801882+00:00,2.2584876
2025-08-07 12:33:44.113006+00:00,2.2584873
2025-08-07 12:33:56.812955+00:00,2.2584869
2025-08-07 12:34:09.710866+00:00,2.2584871
2025-08-07 12:34:22.460998+00:00,2.258487
2025-08-07 12:34:35.352483+00:00,2.2584875
2025-08-07 12:34:49.909872+00:00,2.2584868
2025-08-07 12:35:00.750060+00:00,2.2584878
2025-08-07 12:35:15.708956+00:00,2.258487
2025-08-07 12:35:27.164877+00:00,2.2584871
2025-08-07 12:35:39.114546+00:00,2.2584877
2025-08-07 12:35:52.332576+00:00,2.258487
2025-08-07 12:36:05.365143+00:00,2.2584873
2025-08-07 12:36:18.284216+00:00,2.2584873
2025-08-07 12:36:31.823982+00:00,2.2584874
2025-08-07 12:36:44.336239+00:00,2.2584872
2025-08-07 12:36:56.933105+00:00,2.2584869
2025-08-07 12:37:10.361841+00:00,2.2584871
2025-08-07 12:37:22.531291+00:00,2.258487
2025-08-07 12:37:35.456849+00:00,2.2584876
2025-08-07 12:37:48.332072+00:00,2.2584876
2025-08-07 12:38:01.412006+00:00,2.258487
2025-08-07 12:38:14.050911+00:00,2.2584871
2025-08-07 12:38:26.554788+00:00,2.2584873
2025-08-07 12:38:39.474332+00:00,2.2584874
2025-08-07 12:38:52.266232+00:00,2.2584866
2025-08-07 12:39:05.336851+00:00,2.2584873
2025-08-07 12:39:17.917041+00:00,2.2584872
2025-08-07 12:39:30.178170+00:00,2.2584879
2025-08-07 12:39:42.641956+00:00,2.2584869
2025-08-07 12:39:55.290439+00:00,2.2584872
2025-08-07 12:40:08.384778+00:00,2.2584872
2025-08-07 12:40:22.792263+00:00,2.2584876
2025-08-07 12:40:33.969355+00:00,2.258487
2025-08-07 12:40:46.842531+00:00,2.2584876
2025-08-07 12:40:59.813181+00:00,2.2584875
2025-08-07 12:41:13.144749+00:00,2.2584871
2025-08-07 12:41:25.359487+00:00,2.2584868
2025-08-07 12:41:38.254409+00:00,2.2584868
2025-08-07 12:41:50.912296+00:00,2.2584868
2025-08-07 12:42:04.047504+00:00,2.2584873
2025-08-07 12:42:16.886031+00:00,2.2584879
2025-08-07 12:42:29.369287+00:00,2.2584866
2025-08-07 12:42:44.500298+00:00,2.2584868
2025-08-07 12:42:55.254635+00:00,2.2584866
2025-08-07 12:43:08.371818+00:00,2.2584871
2025-08-07 12:43:20.844150+00:00,2.258487
2025-08-07 12:43:33.489979+00:00,2.2584869
2025-08-07 12:43:46.321161+00:00,2.2584874
2025-08-07 12:43:59.044261+00:00,2.2584868
2025-08-07 12:44:11.923825+00:00,2.2584872
2025-08-07 12:44:26.531417+00:00,2.258487
2025-08-07 12:44:38.907176+00:00,2.2584875
2025-08-07 12:44:50.572482+00:00,2.2584871
2025-08-07 12:45:03.289960+00:00,2.2584878
2025-08-07 12:45:16.134865+00:00,2.2584874
2025-08-07 12:45:28.925957+00:00,2.2584876
2025-08-07 12:45:42.348873+00:00,2.2584876
2025-08-07 12:45:54.517534+00:00,2.2584871
2025-08-07 12:46:10.421970+00:00,2.2584874
2025-08-07 12:46:20.194082+00:00,2.258487
2025-08-07 12:46:33.526709+00:00,2.2584872
2025-08-07 12:46:46.386775+00:00,2.2584873
2025-08-07 12:46:58.587161+00:00,2.2584869
2025-08-07 12:47:11.229858+00:00,2.2584871
2025-08-07 12:47:24.048061+00:00,2.2584868
2025-08-07 12:47:36.970962+00:00,2.2584877
2025-08-07 12:47:49.569355+00:00,2.2584872
2025-08-07 12:48:02.418117+00:00,2.2584869
2025-08-07 12:48:15.199740+00:00,2.2584873
2025-08-07 12:48:28.242421+00:00,2.2584866
2025-08-07 12:48:41.122317+00:00,2.258487
2025-08-07 12:48:53.961405+00:00,2.2584872
2025-08-07 12:49:06.849964+00:00,2.2584875
2025-08-07 12:49:19.857022+00:00,2.2584868
2025-08-07 12:49:33.108566+00:00,2.2584876
2025-08-07 12:49:45.774811+00:00,2.2584874
2025-08-07 12:49:58.632182+00:00,2.2584873
2025-08-07 12:50:12.428815+00:00,2.2584874
2025-08-07 12:50:24.861694+00:00,2.2584866
2025-08-07 12:50:37.290743+00:00,2.2584866
2025-08-07 12:50:50.019239+00:00,2.2584873
2025-08-07 12:51:02.868552+00:00,2.2584871
2025-08-07 12:51:16.186445+00:00,2.2584876
2025-08-07 12:51:29.363894+00:00,2.2584875
2025-08-07 12:51:41.337957+00:00,2.2584875
2025-08-07 12:51:55.577738+00:00,2.2584876
2025-08-07 12:52:09.768366+00:00,2.258488
2025-08-07 12:52:19.652027+00:00,2.2584874
2025-08-07 12:52:31.990580+00:00,2.2584867
2025-08-07 12:52:44.603311+00:00,2.2584877
2025-08-07 12:52:57.324205+00:00,2.258487
2025-08-07 12:53:10.407275+00:00,2.2584875
2025-08-07 12:53:22.493456+00:00,2.2584872
2025-08-07 12:53:35.110660+00:00,2.2584876
2025-08-07 12:53:47.953141+00:00,2.2584874
2025-08-07 12:54:01.221001+00:00,2.2584876
2025-08-07 12:54:13.618967+00:00,2.2584876
2025-08-07 12:54:26.325481+00:00,2.2584869
2025-08-07 12:54:39.032819+00:00,2.2584874
2025-08-07 12:54:51.514070+00:00,2.2584875
2025-08-07 12:55:04.441858+00:00,2.2584868
2025-08-07 12:55:17.278525+00:00,2.258487
2025-08-07 12:55:29.554470+00:00,2.258487
2025-08-07 12:55:42.384377+00:00,2.2584869
2025-08-07 12:55:57.521078+00:00,2.2584878
2025-08-07 12:56:08.126823+00:00,2.2584871
2025-08-07 12:56:20.746312+00:00,2.2584871
2025-08-07 12:56:33.597075+00:00,2.2584868
2025-08-07 12:56:46.285633+00:00,2.2584875
2025-08-07 12:57:01.659814+00:00,2.2584867
2025-08-07 12:57:11.949451+00:00,2.2584874
2025-08-07 12:57:24.777907+00:00,2.2584862
2025-08-07 12:57:37.662589+00:00,2.2584874
2025-08-07 12:57:50.429747+00:00,2.258487
2025-08-07 12:58:03.516952+00:00,2.258487
2025-08-07 12:58:16.305027+00:00,2.258487
2025-08-07 12:58:29.283757+00:00,2.2584875
2025-08-07 12:58:41.406934+00:00,2.2584868
2025-08-07 12:58:54.247556+00:00,2.2584867
2025-08-07 12:59:06.943169+00:00,2.2584869
2025-08-07 12:59:20.248882+00:00,2.2584873
2025-08-07 12:59:32.580765+00:00,2.2584874
2025-08-07 12:59:45.530296+00:00,2.2584873
2025-08-07 12:59:58.004031+00:00,2.2584875
2025-08-07 13:00:11.002200+00:00,2.2584875
2025-08-07 13:00:23.673251+00:00,2.2584869
2025-08-07 13:00:36.280030+00:00,2.2584873
2025-08-07 13:00:49.248769+00:00,2.2584875
2025-08-07 13:01:02.311449+00:00,2.2584874
2025-08-07 13:01:15.383904+00:00,2.2584867
2025-08-07 13:01:28.242893+00:00,2.2584871
2025-08-07 13:01:41.456214+00:00,2.2584876
2025-08-07 13:01:54.542320+00:00,2.2584874
2025-08-07 13:02:07.159850+00:00,2.2584874
2025-08-07 13:02:19.999475+00:00,2.2584873
2025-08-07 13:02:32.835520+00:00,2.2584871
2025-08-07 13:02:47.029177+00:00,2.2584868
2025-08-07 13:02:58.429689+00:00,2.2584872
2025-08-07 13:03:11.865536+00:00,2.2584869
2025-08-07 13:03:24.249485+00:00,2.2584868
2025-08-07 13:03:37.307565+00:00,2.2584878
2025-08-07 13:03:49.982335+00:00,2.258487
2025-08-07 13:04:02.981195+00:00,2.2584875
2025-08-07 13:04:16.885293+00:00,2.2584868
2025-08-07 13:04:28.490051+00:00,2.2584876
2025-08-07 13:04:41.063352+00:00,2.2584874
2025-08-07 13:04:53.582165+00:00,2.2584868
2025-08-07 13:05:06.445877+00:00,2.2584876
2025-08-07 13:05:19.175633+00:00,2.258487
2025-08-07 13:05:31.599569+00:00,2.2584867
2025-08-07 13:05:44.059360+00:00,2.2584875
2025-08-07 13:05:57.708387+00:00,2.2584874
2025-08-07 13:06:09.762445+00:00,2.258487
2025-08-07 13:06:23.369769+00:00,2.2584871
2025-08-07 13:06:35.429451+00:00,2.2584865
2025-08-07 13:06:48.217651+00:00,2.2584874
2025-08-07 13:07:01.233484+00:00,2.2584869
2025-08-07 13:07:13.726219+00:00,2.2584875
2025-08-07 13:07:26.599876+00:00,2.2584874
2025-08-07 13:07:39.188083+00:00,2.2584873
2025-08-07 13:07:51.726724+00:00,2.2584872
2025-08-07 13:08:04.418542+00:00,2.2584871
2025-08-07 13:08:17.117209+00:00,2.2584875
2025-08-07 13:08:30.093091+00:00,2.2584877
2025-08-07 13:08:42.626420+00:00,2.258487
2025-08-07 13:08:55.115993+00:00,2.2584871
2025-08-07 13:09:09.315258+00:00,2.2584871
2025-08-07 13:09:20.530061+00:00,2.2584875
2025-08-07 13:09:33.494467+00:00,2.2584874
2025-08-07 13:09:46.719308+00:00,2.2584869
2025-08-07 13:09:59.196238+00:00,2.2584871
2025-08-07 13:10:13.275632+00:00,2.2584874
2025-08-07 13:10:25.525473+00:00,2.2584873
2025-08-07 13:10:38.399986+00:00,2.2584872
2025-08-07 13:10:51.197078+00:00,2.2584878
2025-08-07 13:11:04.029033+00:00,2.258487
2025-08-07 13:11:17.011756+00:00,2.258487
2025-08-07 13:11:32.913442+00:00,2.2584873
2025-08-07 13:11:42.908009+00:00,2.2584873
2025-08-07 13:11:55.392688+00:00,2.258487
2025-08-07 13:12:08.377664+00:00,2.2584872
2025-08-07 13:12:21.350516+00:00,2.258488
2025-08-07 13:12:34.287133+00:00,2.2584875
2025-08-07 13:12:46.903131+00:00,2.2584879
2025-08-07 13:12:59.707413+00:00,2.2584873
2025-08-07 13:13:13.223002+00:00,2.2584876
2025-08-07 13:13:25.136021+00:00,2.2584876
2025-08-07 13:13:39.012733+00:00,2.2584872
2025-08-07 13:13:50.329395+00:00,2.2584875
2025-08-07 13:14:03.467330+00:00,2.2584872
2025-08-07 13:14:17.141507+00:00,2.2584874
2025-08-07 13:14:28.570867+00:00,2.2584867
2025-08-07 13:14:41.056212+00:00,2.2584876
2025-08-07 13:14:54.486835+00:00,2.2584868
2025-08-07 13:15:06.775775+00:00,2.2584868
2025-08-07 13:15:20.327025+00:00,2.2584873
2025-08-07 13:15:32.570657+00:00,2.2584876
2025-08-07 13:15:48.639836+00:00,2.2584872
2025-08-07 13:15:57.518683+00:00,2.2584875
2025-08-07 13:16:10.646898+00:00,2.2584872
2025-08-07 13:16:35.555033+00:00,2.2584867
2025-08-07 13:16:48.403609+00:00,2.2584872
2025-08-07 13:17:13.577303+00:00,2.2584866
2025-08-07 13:17:27.260646+00:00,2.2584875
2025-08-07 13:17:52.076844+00:00,2.2584865
2025-08-07 13:18:18.180420+00:00,2.2584858
2025-08-07 13:18:30.275751+00:00,2.2584864
2025-08-07 13:18:43.047243+00:00,2.2584858
2025-08-07 13:18:55.656539+00:00,2.2584864
2025-08-07 13:19:08.836368+00:00,2.2584877
2025-08-07 13:19:21.024396+00:00,2.2584877
2025-08-07 13:19:33.938811+00:00,2.2584874
2025-08-07 13:19:46.983063+00:00,2.2584868
2025-08-07 13:19:59.612724+00:00,2.2584874
2025-08-07 13:20:12.586962+00:00,2.2584872
2025-08-07 13:20:27.011296+00:00,2.2584877
2025-08-07 13:20:39.233388+00:00,2.2584873
2025-08-07 13:20:51.661218+00:00,2.2584869
2025-08-07 13:21:04.405996+00:00,2.2584869
2025-08-07 13:21:17.615387+00:00,2.2584873
2025-08-07 13:21:31.497825+00:00,2.2584873
2025-08-07 13:21:42.809437+00:00,2.2584867
2025-08-07 13:21:56.199433+00:00,2.258487
2025-08-07 13:22:08.490079+00:00,2.2584869
2025-08-07 13:22:21.226020+00:00,2.2584872
2025-08-07 13:22:35.312389+00:00,2.2584876
2025-08-07 13:22:47.834537+00:00,2.258487
2025-08-07 13:22:59.535907+00:00,2.2584868
2025-08-07 13:23:12.725361+00:00,2.2584873
2025-08-07 13:23:24.872535+00:00,2.2584872
2025-08-07 13:23:37.392027+00:00,2.2584876
2025-08-07 13:23:49.975410+00:00,2.2584875
2025-08-07 13:24:02.593830+00:00,2.2584871
2025-08-07 13:24:15.268266+00:00,2.2584876
2025-08-07 13:24:27.880218+00:00,2.258487
2025-08-07 13:24:40.652338+00:00,2.2584868
2025-08-07 13:24:53.330175+00:00,2.258487
2025-08-07 13:25:06.112816+00:00,2.2584875
2025-08-07 13:25:18.815591+00:00,2.2584868
2025-08-07 13:25:31.712154+00:00,2.2584873
2025-08-07 13:25:44.339305+00:00,2.2584873
2025-08-07 13:25:57.238667+00:00,2.2584873
2025-08-07 13:26:09.947375+00:00,2.2584874
2025-08-07 13:26:23.045842+00:00,2.2584868
2025-08-07 13:26:35.418704+00:00,2.2584875
2025-08-07 13:26:49.290290+00:00,2.2584875
2025-08-07 13:27:01.629789+00:00,2.2584876
2025-08-07 13:27:14.281334+00:00,2.2584873
2025-08-07 13:27:26.536030+00:00,2.2584865
2025-08-07 13:27:39.177658+00:00,2.2584875
2025-08-07 13:27:51.838435+00:00,2.2584875
2025-08-07 13:28:05.473398+00:00,2.2584871
2025-08-07 13:28:19.557851+00:00,2.2584869
2025-08-07 13:28:30.061533+00:00,2.2584879
2025-08-07 13:28:43.606685+00:00,2.2584869
2025-08-07 13:28:55.593436+00:00,2.2584869
2025-08-07 13:29:08.557277+00:00,2.258487
2025-08-07 13:29:22.309674+00:00,2.2584877
2025-08-07 13:29:33.891752+00:00,2.2584874
2025-08-07 13:29:46.685264+00:00,2.2584873
2025-08-07 13:29:59.367155+00:00,2.2584871
2025-08-07 13:30:12.553375+00:00,2.2584864
2025-08-07 13:30:25.325579+00:00,2.2584879
2025-08-07 13:30:38.769401+00:00,2.2584868
2025-08-07 13:30:51.580762+00:00,2.2584875
2025-08-07 13:31:04.262478+00:00,2.2584869
2025-08-07 13:31:19.881593+00:00,2.2584874
2025-08-07 13:31:30.048972+00:00,2.2584868
2025-08-07 13:31:42.966441+00:00,2.2584876
2025-08-07 13:31:56.556819+00:00,2.2584873
2025-08-07 13:32:09.257216+00:00,2.2584872
2025-08-07 13:32:21.913465+00:00,2.2584867
2025-08-07 13:32:34.403231+00:00,2.2584874
2025-08-07 13:32:48.566850+00:00,2.2584867
2025-08-07 13:33:02.267536+00:00,2.2584864
2025-08-07 13:33:13.486533+00:00,2.2584872
2025-08-07 13:33:25.939820+00:00,2.2584874
2025-08-07 13:33:38.954223+00:00,2.2584871
2025-08-07 13:33:51.655362+00:00,2.2584868
2025-08-07 13:34:04.596090+00:00,2.2584868
2025-08-07 13:34:18.339781+00:00,2.258487
2025-08-07 13:34:30.021714+00:00,2.2584871
2025-08-07 13:34:42.661991+00:00,2.2584877
2025-08-07 13:34:55.162406+00:00,2.2584869
2025-08-07 13:35:07.694855+00:00,2.2584872
2025-08-07 13:35:21.018952+00:00,2.2584867
2025-08-07 13:35:33.176180+00:00,2.2584868
2025-08-07 13:35:45.915281+00:00,2.2584869
2025-08-07 13:35:58.660844+00:00,2.2584869
2025-08-07 13:36:11.815495+00:00,2.2584877
2025-08-07 13:36:24.981578+00:00,2.2584874
2025-08-07 13:36:37.894126+00:00,2.2584867
2025-08-07 13:37:02.593591+00:00,2.2584874
2025-08-07 13:37:15.200837+00:00,2.2584869
2025-08-07 13:37:28.078757+00:00,2.2584876
2025-08-07 13:39:22.860929+00:00,2.2584858
2025-08-07 13:40:01.419621+00:00,2.2584871
2025-08-07 13:40:14.963091+00:00,2.2584874
2025-08-07 13:40:26.905401+00:00,2.258487
2025-08-07 13:40:39.905207+00:00,2.2584872
2025-08-07 13:40:53.419136+00:00,2.258487
2025-08-07 13:41:05.721671+00:00,2.2584873
2025-08-07 13:41:18.635639+00:00,2.2584869
2025-08-07 13:41:38.569705+00:00,2.2584877
2025-08-07 13:41:59.022356+00:00,2.2584863
2025-08-07 13:42:13.487545+00:00,2.2584871
2025-08-07 13:42:24.990853+00:00,2.2584874
2025-08-07 13:42:39.569350+00:00,2.2584871
2025-08-07 13:42:51.436057+00:00,2.2584875
2025-08-07 13:43:04.200480+00:00,2.2584875
2025-08-07 13:43:16.492620+00:00,2.258487
2025-08-07 13:43:29.351495+00:00,2.2584875
2025-08-07 13:43:42.029696+00:00,2.2584877
2025-08-07 13:43:54.868432+00:00,2.2584871
2025-08-07 13:44:07.685054+00:00,2.2584872
2025-08-07 13:44:20.005096+00:00,2.2584875
2025-08-07 13:44:32.557573+00:00,2.258488
2025-08-07 13:44:45.480577+00:00,2.2584869
2025-08-07 13:44:58.101580+00:00,2.2584879
2025-08-07 13:45:12.446750+00:00,2.2584871
2025-08-07 13:45:23.924863+00:00,2.2584874
2025-08-07 13:45:36.599926+00:00,2.2584874
2025-08-07 13:45:49.548541+00:00,2.2584876
2025-08-07 13:46:03.706319+00:00,2.2584879
2025-08-07 13:46:14.634298+00:00,2.2584872
2025-08-07 13:46:28.698991+00:00,2.2584877
2025-08-07 13:46:40.337941+00:00,2.2584872
2025-08-07 13:46:53.135876+00:00,2.2584877
2025-08-07 13:47:06.214323+00:00,2.2584869
2025-08-07 13:47:18.564281+00:00,2.258488
2025-08-07 13:47:31.446707+00:00,2.2584876
2025-08-07 13:47:44.901989+00:00,2.2584878
2025-08-07 13:47:56.573620+00:00,2.2584875
2025-08-07 13:48:10.394527+00:00,2.2584871
2025-08-07 13:48:22.128649+00:00,2.2584878
2025-08-07 13:48:34.815098+00:00,2.2584873
2025-08-07 13:48:47.933085+00:00,2.2584878
2025-08-07 13:49:01.432247+00:00,2.2584875
2025-08-07 13:49:13.118134+00:00,2.2584879
2025-08-07 13:49:25.897297+00:00,2.2584874
2025-08-07 13:49:38.408675+00:00,2.2584874
2025-08-07 13:49:51.838009+00:00,2.2584873
2025-08-07 13:50:04.480546+00:00,2.2584875
2025-08-07 13:50:17.063842+00:00,2.2584873
2025-08-07 13:50:29.966913+00:00,2.2584879
2025-08-07 13:50:42.714249+00:00,2.2584875
2025-08-07 13:50:55.827816+00:00,2.2584875
2025-08-07 13:51:10.018832+00:00,2.2584873
2025-08-07 13:51:21.781387+00:00,2.2584871
2025-08-07 13:51:34.944465+00:00,2.2584873
2025-08-07 13:51:49.379073+00:00,2.2584876
2025-08-07 13:52:00.937680+00:00,2.2584869
2025-08-07 13:52:15.341264+00:00,2.2584876
2025-08-07 13:52:26.693120+00:00,2.2584869
2025-08-07 13:52:39.497868+00:00,2.2584881
2025-08-07 13:52:52.525245+00:00,2.2584867
2025-08-07 13:53:05.394314+00:00,2.258487
2025-08-07 13:53:18.449799+00:00,2.2584873
2025-08-07 13:53:31.512208+00:00,2.2584872
2025-08-07 13:53:44.020757+00:00,2.2584876
2025-08-07 13:53:56.850829+00:00,2.2584877
2025-08-07 13:54:09.767770+00:00,2.2584876
2025-08-07 13:54:24.257148+00:00,2.2584872
2025-08-07 13:54:35.648861+00:00,2.2584867
2025-08-07 13:54:47.516880+00:00,2.258487
2025-08-07 13:54:59.890952+00:00,2.2584877
2025-08-07 13:55:13.611748+00:00,2.2584876
2025-08-07 13:55:25.557885+00:00,2.2584868
2025-08-07 13:55:38.381998+00:00,2.2584874
2025-08-07 13:55:51.124936+00:00,2.2584875
2025-08-07 13:56:04.753141+00:00,2.2584873
2025-08-07 13:56:17.231014+00:00,2.2584868
2025-08-07 13:56:30.201452+00:00,2.2584876
2025-08-07 13:56:42.609722+00:00,2.2584871
2025-08-07 13:56:55.454030+00:00,2.2584869
2025-08-07 13:57:08.713771+00:00,2.2584876
2025-08-07 13:57:21.126347+00:00,2.2584878
2025-08-07 13:57:33.831441+00:00,2.2584876
2025-08-07 13:57:47.929434+00:00,2.2584874
2025-08-07 13:57:59.188380+00:00,2.2584874
2025-08-07 13:58:12.607980+00:00,2.2584876
2025-08-07 13:58:24.722699+00:00,2.2584875
2025-08-07 13:58:37.622496+00:00,2.2584879
2025-08-07 13:58:51.009515+00:00,2.2584873
2025-08-07 13:59:04.202454+00:00,2.2584872
2025-08-07 13:59:16.546083+00:00,2.2584869
2025-08-07 13:59:31.433730+00:00,2.258487
2025-08-07 13:59:42.032784+00:00,2.2584872
2025-08-07 13:59:55.279116+00:00,2.2584873
2025-08-07 14:00:08.224411+00:00,2.2584872
2025-08-07 14:00:21.483434+00:00,2.2584879
2025-08-07 14:00:34.283433+00:00,2.258487
2025-08-07 14:00:47.528960+00:00,2.2584871
2025-08-07 14:01:00.794117+00:00,2.2584875
2025-08-07 14:01:13.214482+00:00,2.2584876
2025-08-07 14:01:26.261531+00:00,2.2584876
2025-08-07 14:01:39.244486+00:00,2.2584874
2025-08-07 14:01:52.197171+00:00,2.2584876
2025-08-07 14:02:05.280898+00:00,2.2584873
2025-08-07 14:02:18.154826+00:00,2.2584868
2025-08-07 14:02:30.973670+00:00,2.2584869
2025-08-07 14:02:43.660750+00:00,2.258488
2025-08-07 14:02:56.389764+00:00,2.2584876
2025-08-07 14:03:09.205854+00:00,2.2584875
2025-08-07 14:03:22.502036+00:00,2.2584877
2025-08-07 14:03:34.430724+00:00,2.2584874
2025-08-07 14:03:47.279845+00:00,2.2584873
2025-08-07 14:03:59.660379+00:00,2.2584872
2025-08-07 14:04:12.205735+00:00,2.2584877
2025-08-07 14:04:25.265395+00:00,2.2584876
2025-08-07 14:04:38.478317+00:00,2.2584871
2025-08-07 14:04:50.344046+00:00,2.2584876
2025-08-07 14:05:03.269078+00:00,2.2584877
2025-08-07 14:05:15.993539+00:00,2.2584873
2025-08-07 14:05:28.844422+00:00,2.258487
2025-08-07 14:05:41.714051+00:00,2.2584876
2025-08-07 14:05:55.195676+00:00,2.2584867
2025-08-07 14:06:07.842456+00:00,2.258488
2025-08-07 14:06:21.898685+00:00,2.2584881
2025-08-07 14:06:34.062051+00:00,2.2584876
2025-08-07 14:06:46.964809+00:00,2.258487
2025-08-07 14:06:58.456476+00:00,2.2584872
2025-08-07 14:07:11.849906+00:00,2.2584874
2025-08-07 14:07:24.404645+00:00,2.2584866
2025-08-07 14:07:36.808579+00:00,2.2584875
2025-08-07 14:07:49.844829+00:00,2.2584872
2025-08-07 14:08:02.517098+00:00,2.2584871
2025-08-07 14:08:15.232362+00:00,2.2584874
2025-08-07 14:08:28.933713+00:00,2.2584876
2025-08-07 14:08:40.693354+00:00,2.2584872
2025-08-07 14:08:53.981826+00:00,2.2584871
2025-08-07 14:09:07.351542+00:00,2.2584873
2025-08-07 14:09:19.238937+00:00,2.2584869
2025-08-07 14:09:32.153131+00:00,2.2584867
2025-08-07 14:09:45.089488+00:00,2.2584878
2025-08-07 14:09:58.421006+00:00,2.2584871
2025-08-07 14:10:11.381099+00:00,2.2584876
2025-08-07 14:10:24.343388+00:00,2.2584876
2025-08-07 14:10:37.305240+00:00,2.2584874
2025-08-07 14:10:49.961569+00:00,2.2584869
2025-08-07 14:11:03.155539+00:00,2.2584877
2025-08-07 14:11:16.036652+00:00,2.258487
2025-08-07 14:11:29.027894+00:00,2.2584869
2025-08-07 14:11:41.695118+00:00,2.2584872
2025-08-07 14:11:54.501745+00:00,2.2584873
2025-08-07 14:12:08.624528+00:00,2.2584872
2025-08-07 14:12:20.318345+00:00,2.2584877
2025-08-07 14:12:33.052382+00:00,2.2584869
2025-08-07 14:12:46.782231+00:00,2.2584872
2025-08-07 14:12:58.896375+00:00,2.258487
2025-08-07 14:13:11.423158+00:00,2.2584874
2025-08-07 14:13:23.941050+00:00,2.2584873
2025-08-07 14:13:36.887680+00:00,2.2584871
2025-08-07 14:13:49.276854+00:00,2.2584876
2025-08-07 14:14:01.929037+00:00,2.2584876
2025-08-07 14:14:14.993352+00:00,2.2584874
2025-08-07 14:14:28.381970+00:00,2.2584877
2025-08-07 14:14:40.033514+00:00,2.2584872
2025-08-07 14:14:52.932092+00:00,2.2584879
2025-08-07 14:15:05.779553+00:00,2.2584874
2025-08-07 14:15:18.313581+00:00,2.2584875
2025-08-07 14:15:31.177000+00:00,2.2584877
2025-08-07 14:15:43.830861+00:00,2.2584872
2025-08-07 14:15:56.505948+00:00,2.2584878
2025-08-07 14:16:09.179098+00:00,2.2584876
2025-08-07 14:16:21.692163+00:00,2.258488
2025-08-07 14:16:35.894197+00:00,2.2584876
2025-08-07 14:16:47.285956+00:00,2.258487
2025-08-07 14:17:00.314562+00:00,2.2584869
2025-08-07 14:17:13.243032+00:00,2.2584879
2025-08-07 14:17:25.836229+00:00,2.258488
2025-08-07 14:17:38.555565+00:00,2.2584874
2025-08-07 14:17:51.173833+00:00,2.2584867
2025-08-07 14:18:03.684081+00:00,2.2584874
2025-08-07 14:18:16.438666+00:00,2.2584874
2025-08-07 14:18:29.222114+00:00,2.2584872
2025-08-07 14:18:42.105597+00:00,2.2584872
2025-08-07 14:18:54.292500+00:00,2.2584865
2025-08-07 14:19:07.132053+00:00,2.258487
2025-08-07 14:19:19.651512+00:00,2.2584876
2025-08-07 14:19:32.350706+00:00,2.2584874
2025-08-07 14:19:45.045689+00:00,2.258488
2025-08-07 14:19:57.838351+00:00,2.2584874
2025-08-07 14:20:10.892671+00:00,2.2584874
2025-08-07 14:20:24.509278+00:00,2.2584868
2025-08-07 14:20:39.061064+00:00,2.2584863
2025-08-07 14:20:49.558798+00:00,2.2584873
2025-08-07 14:21:02.293289+00:00,2.2584875
2025-08-07 14:21:15.689006+00:00,2.2584868
2025-08-07 14:21:28.141404+00:00,2.2584875
2025-08-07 14:21:41.274082+00:00,2.2584876
2025-08-07 14:21:53.974041+00:00,2.258487
2025-08-07 14:22:06.961011+00:00,2.2584877
2025-08-07 14:22:19.523823+00:00,2.258488
2025-08-07 14:22:32.447121+00:00,2.2584874
2025-08-07 14:22:45.046043+00:00,2.2584869
2025-08-07 14:22:57.810147+00:00,2.2584877
2025-08-07 14:23:10.462168+00:00,2.258488
2025-08-07 14:23:23.293900+00:00,2.2584872
2025-08-07 14:23:36.105229+00:00,2.2584879
2025-08-07 14:23:48.747216+00:00,2.2584874
2025-08-07 14:24:01.613655+00:00,2.2584879
2025-08-07 14:24:14.014881+00:00,2.2584872
2025-08-07 14:24:26.907875+00:00,2.2584875
2025-08-07 14:24:39.013950+00:00,2.2584871
2025-08-07 14:24:51.621497+00:00,2.2584879
2025-08-07 14:25:04.308430+00:00,2.258488
2025-08-07 14:25:17.255238+00:00,2.2584874
2025-08-07 14:25:30.049232+00:00,2.2584877
2025-08-07 14:25:42.420096+00:00,2.2584877
2025-08-07 14:25:55.362242+00:00,2.258487
2025-08-07 14:26:08.417826+00:00,2.2584878
2025-08-07 14:26:21.240820+00:00,2.2584872
2025-08-07 14:26:33.001834+00:00,2.2584869
2025-08-07 14:26:46.780037+00:00,2.2584876
2025-08-07 14:26:58.288964+00:00,2.2584876
2025-08-07 14:27:11.087229+00:00,2.2584874
2025-08-07 14:27:24.919680+00:00,2.2584874
2025-08-07 14:27:37.088533+00:00,2.2584871
2025-08-07 14:27:49.566274+00:00,2.2584873
2025-08-07 14:28:02.840351+00:00,2.258487
2025-08-07 14:28:15.141571+00:00,2.258487
2025-08-07 14:28:27.665690+00:00,2.2584874
2025-08-07 14:28:41.499995+00:00,2.2584877
2025-08-07 14:28:53.131184+00:00,2.2584872
2025-08-07 14:29:05.960797+00:00,2.2584875
2025-08-07 14:29:18.613573+00:00,2.2584873
2025-08-07 14:29:32.790481+00:00,2.2584868
2025-08-07 14:29:44.252406+00:00,2.2584867
2025-08-07 14:29:56.986426+00:00,2.258487
2025-08-07 14:30:10.106427+00:00,2.2584876
2025-08-07 14:30:22.299337+00:00,2.2584873
2025-08-07 14:30:35.115529+00:00,2.2584876
2025-08-07 14:30:47.504357+00:00,2.2584871
2025-08-07 14:31:00.338051+00:00,2.2584873
2025-08-07 14:31:13.770649+00:00,2.2584873
2025-08-07 14:31:26.361712+00:00,2.2584872
2025-08-07 14:31:39.079736+00:00,2.2584879
2025-08-07 14:31:52.844541+00:00,2.2584875
2025-08-07 14:32:05.309588+00:00,2.2584873
2025-08-07 14:32:19.049538+00:00,2.2584877
2025-08-07 14:32:31.013405+00:00,2.2584879
2025-08-07 14:32:44.345313+00:00,2.2584873
2025-08-07 14:32:56.380953+00:00,2.2584869
2025-08-07 14:33:09.161550+00:00,2.2584872
2025-08-07 14:33:21.910669+00:00,2.2584878
2025-08-07 14:33:34.725020+00:00,2.2584871
2025-08-07 14:33:47.602215+00:00,2.2584874
2025-08-07 14:34:00.229230+00:00,2.258487
2025-08-07 14:34:13.577058+00:00,2.2584874
2025-08-07 14:34:25.736331+00:00,2.258487
2025-08-07 14:34:39.044390+00:00,2.2584869
2025-08-07 14:34:51.916051+00:00,2.2584874
2025-08-07 14:35:03.808059+00:00,2.2584869
2025-08-07 14:35:16.408953+00:00,2.2584873
2025-08-07 14:35:28.870511+00:00,2.2584878
2025-08-07 14:35:41.723086+00:00,2.2584873
2025-08-07 14:35:54.610841+00:00,2.258488
2025-08-07 14:36:07.007913+00:00,2.2584878
2025-08-07 14:36:19.464074+00:00,2.2584874
2025-08-07 14:36:32.913884+00:00,2.2584874
2025-08-07 14:36:44.621410+00:00,2.2584873
2025-08-07 14:36:57.265249+00:00,2.2584871
2025-08-07 14:37:09.903823+00:00,2.258487
2025-08-07 14:37:22.930033+00:00,2.2584875
2025-08-07 14:37:35.286692+00:00,2.2584868
2025-08-07 14:37:47.808337+00:00,2.2584871
2025-08-07 14:38:00.737142+00:00,2.2584876
2025-08-07 14:38:13.313123+00:00,2.258487
2025-08-07 14:38:26.049559+00:00,2.2584877
2025-08-07 14:38:38.998244+00:00,2.2584873
2025-08-07 14:38:52.006914+00:00,2.2584874
2025-08-07 14:39:05.148640+00:00,2.2584868
2025-08-07 14:39:17.436417+00:00,2.2584875
2025-08-07 14:39:29.804320+00:00,2.2584876
2025-08-07 14:39:42.409618+00:00,2.2584877
2025-08-07 14:39:55.477993+00:00,2.2584874
2025-08-07 14:40:11.108692+00:00,2.2584873
2025-08-07 14:40:20.566510+00:00,2.258487
2025-08-07 14:40:33.519435+00:00,2.2584873
2025-08-07 14:40:46.004120+00:00,2.2584869
2025-08-07 14:40:58.805829+00:00,2.2584878
2025-08-07 14:41:11.583233+00:00,2.2584875
2025-08-07 14:41:24.361270+00:00,2.2584871
2025-08-07 14:41:37.366563+00:00,2.2584877
2025-08-07 14:41:50.041591+00:00,2.2584876
2025-08-07 14:42:03.113684+00:00,2.2584875
2025-08-07 14:42:16.052109+00:00,2.2584874
2025-08-07 14:42:29.880050+00:00,2.2584875
2025-08-07 14:42:42.013501+00:00,2.2584876
2025-08-07 14:42:54.793287+00:00,2.2584879
2025-08-07 14:43:08.032871+00:00,2.2584873
2025-08-07 14:43:20.404937+00:00,2.2584867
2025-08-07 14:43:33.286924+00:00,2.2584868
2025-08-07 14:43:46.514824+00:00,2.2584871
2025-08-07 14:43:58.639325+00:00,2.2584872
2025-08-07 14:44:11.519647+00:00,2.2584875
2025-08-07 14:44:24.289110+00:00,2.2584879
2025-08-07 14:44:38.344962+00:00,2.2584869
2025-08-07 14:44:49.669412+00:00,2.2584878
2025-08-07 14:45:02.439562+00:00,2.2584875
2025-08-07 14:45:16.928176+00:00,2.2584874
2025-08-07 14:45:27.478507+00:00,2.258487
2025-08-07 14:45:40.818680+00:00,2.2584869
2025-08-07 14:45:54.848968+00:00,2.2584874
2025-08-07 14:46:05.067741+00:00,2.2584873
2025-08-07 14:46:17.958033+00:00,2.2584875
2025-08-07 14:46:30.296793+00:00,2.2584875
2025-08-07 14:46:42.936269+00:00,2.2584872
2025-08-07 14:46:56.861115+00:00,2.2584875
2025-08-07 14:47:08.434950+00:00,2.2584873
2025-08-07 14:47:21.121202+00:00,2.2584873
2025-08-07 14:47:33.214366+00:00,2.2584873
2025-08-07 14:47:46.052527+00:00,2.2584878
2025-08-07 14:47:58.472192+00:00,2.2584877
2025-08-07 14:48:12.025211+00:00,2.2584871
2025-08-07 14:48:24.806817+00:00,2.2584877
2025-08-07 14:48:36.763556+00:00,2.2584879
2025-08-07 14:48:49.759970+00:00,2.258487
2025-08-07 14:49:02.316261+00:00,2.2584871
2025-08-07 14:49:14.777069+00:00,2.2584875
2025-08-07 14:49:27.333474+00:00,2.2584877
2025-08-07 14:49:40.332974+00:00,2.2584869
2025-08-07 14:49:53.107772+00:00,2.258487
2025-08-07 14:50:05.702370+00:00,2.2584876
2025-08-07 14:50:18.393770+00:00,2.2584876
2025-08-07 14:50:31.274214+00:00,2.2584877
2025-08-07 14:50:43.901685+00:00,2.2584875
2025-08-07 14:50:56.985760+00:00,2.258487
2025-08-07 14:51:09.648003+00:00,2.2584878
2025-08-07 14:51:22.557347+00:00,2.2584869
2025-08-07 14:51:35.608736+00:00,2.2584873
2025-08-07 14:51:48.386554+00:00,2.258487
2025-08-07 14:52:01.346576+00:00,2.2584876
2025-08-07 14:52:14.411987+00:00,2.2584877
2025-08-07 14:52:26.907576+00:00,2.2584876
2025-08-07 14:52:40.774569+00:00,2.2584875
2025-08-07 14:52:52.209154+00:00,2.2584877
2025-08-07 14:53:05.711043+00:00,2.2584872
2025-08-07 14:53:17.738075+00:00,2.2584878
2025-08-07 14:53:30.937356+00:00,2.2584879
2025-08-07 14:53:42.973167+00:00,2.2584869
2025-08-07 14:53:55.783088+00:00,2.2584871
2025-08-07 14:54:09.132458+00:00,2.258487
2025-08-07 14:54:21.117250+00:00,2.258488
2025-08-07 14:54:34.496797+00:00,2.2584871
2025-08-07 14:54:48.216131+00:00,2.2584873
2025-08-07 14:55:00.244990+00:00,2.2584873
2025-08-07 14:55:13.664187+00:00,2.2584877
2025-08-07 14:55:27.309653+00:00,2.2584873
2025-08-07 14:55:39.514399+00:00,2.2584873
2025-08-07 14:55:52.519651+00:00,2.2584875
2025-08-07 14:56:05.936643+00:00,2.2584873
2025-08-07 14:56:18.213024+00:00,2.2584872
2025-08-07 14:56:31.148284+00:00,2.258487
2025-08-07 14:56:43.985164+00:00,2.2584871
2025-08-07 14:56:56.848948+00:00,2.2584875
2025-08-07 14:57:09.738592+00:00,2.258487
2025-08-07 14:57:22.572198+00:00,2.2584871
2025-08-07 14:57:35.354248+00:00,2.2584868
2025-08-07 14:57:48.561657+00:00,2.2584873
2025-08-07 14:58:01.470894+00:00,2.2584872
2025-08-07 14:58:15.152083+00:00,2.258487
2025-08-07 14:58:27.042963+00:00,2.2584875
2025-08-07 14:58:39.867261+00:00,2.2584872
2025-08-07 14:58:52.395005+00:00,2.2584875
2025-08-07 14:59:05.391409+00:00,2.2584874
2025-08-07 14:59:18.342360+00:00,2.2584875
2025-08-07 14:59:30.384881+00:00,2.2584878
2025-08-07 14:59:42.918118+00:00,2.2584877
2025-08-07 14:59:55.556361+00:00,2.2584876
2025-08-07 15:00:07.932314+00:00,2.2584872
2025-08-07 15:00:20.607820+00:00,2.2584878
2025-08-07 15:00:33.698553+00:00,2.2584869
2025-08-07 15:00:45.790432+00:00,2.2584874
2025-08-07 15:00:58.447885+00:00,2.2584868
2025-08-07 15:01:11.122033+00:00,2.2584867
2025-08-07 15:01:23.679616+00:00,2.2584867
2025-08-07 15:01:36.569711+00:00,2.2584868
2025-08-07 15:01:48.995542+00:00,2.2584872
2025-08-07 15:02:01.812167+00:00,2.2584878
2025-08-07 15:02:14.813084+00:00,2.2584876
2025-08-07 15:02:27.346275+00:00,2.2584871
2025-08-07 15:02:40.102498+00:00,2.2584878
2025-08-07 15:02:53.059221+00:00,2.2584872
2025-08-07 15:03:05.778795+00:00,2.2584876
2025-08-07 15:03:18.959083+00:00,2.2584876
2025-08-07 15:03:32.234062+00:00,2.2584872
2025-08-07 15:03:44.183891+00:00,2.2584874
2025-08-07 15:03:57.212359+00:00,2.2584877
2025-08-07 15:04:11.007136+00:00,2.258487
2025-08-07 15:04:22.702250+00:00,2.2584871
2025-08-07 15:04:35.453194+00:00,2.2584872
2025-08-07 15:04:49.152978+00:00,2.2584876
2025-08-07 15:05:00.766658+00:00,2.2584874
2025-08-07 15:05:13.717770+00:00,2.2584877
2025-08-07 15:05:26.083783+00:00,2.2584879
2025-08-07 15:05:40.436974+00:00,2.2584874
2025-08-07 15:05:53.648892+00:00,2.2584876
2025-08-07 15:06:05.526270+00:00,2.2584877
2025-08-07 15:06:16.990384+00:00,2.2584873
2025-08-07 15:06:29.567856+00:00,2.258487
2025-08-07 15:06:42.240538+00:00,2.2584868
2025-08-07 15:06:54.981180+00:00,2.2584871
2025-08-07 15:07:07.993907+00:00,2.2584876
2025-08-07 15:07:20.715271+00:00,2.2584869
2025-08-07 15:07:33.679954+00:00,2.2584868
2025-08-07 15:07:47.006637+00:00,2.2584873
2025-08-07 15:07:59.642064+00:00,2.2584869
2025-08-07 15:08:12.707807+00:00,2.2584871
2025-08-07 15:08:25.680001+00:00,2.2584874
2025-08-07 15:08:38.796436+00:00,2.258487
2025-08-07 15:08:51.543948+00:00,2.258487
2025-08-07 15:09:04.502434+00:00,2.2584874
2025-08-07 15:09:17.410023+00:00,2.2584877
2025-08-07 15:09:32.561023+00:00,2.2584875
2025-08-07 15:09:42.893354+00:00,2.2584872
2025-08-07 15:09:55.564788+00:00,2.2584871
2025-08-07 15:10:08.620184+00:00,2.258488
2025-08-07 15:10:21.309810+00:00,2.2584876
2025-08-07 15:10:34.209485+00:00,2.2584875
2025-08-07 15:10:46.929187+00:00,2.2584871
2025-08-07 15:11:00.114500+00:00,2.2584876
2025-08-07 15:11:13.192902+00:00,2.2584871
2025-08-07 15:11:25.460177+00:00,2.2584873
2025-08-07 15:11:37.834231+00:00,2.2584874
2025-08-07 15:11:50.392969+00:00,2.2584866
2025-08-07 15:12:03.380273+00:00,2.2584876
2025-08-07 15:12:16.429300+00:00,2.2584869
2025-08-07 15:12:28.704156+00:00,2.2584874
2025-08-07 15:12:40.668315+00:00,2.2584877
2025-08-07 15:12:53.366250+00:00,2.2584877
2025-08-07 15:13:06.314142+00:00,2.2584873
2025-08-07 15:13:19.062658+00:00,2.2584879
2025-08-07 15:13:32.654142+00:00,2.2584872
2025-08-07 15:13:44.655098+00:00,2.2584875
2025-08-07 15:13:57.939592+00:00,2.2584873
2025-08-07 15:14:10.431021+00:00,2.2584872
2025-08-07 15:14:24.038551+00:00,2.2584869
2025-08-07 15:14:36.272238+00:00,2.2584872
2025-08-07 15:14:50.295710+00:00,2.2584868
2025-08-07 15:15:02.528431+00:00,2.2584872
2025-08-07 15:15:15.469162+00:00,2.2584877
2025-08-07 15:15:27.726848+00:00,2.2584873
2025-08-07 15:15:40.418113+00:00,2.2584875
2025-08-07 15:15:53.462040+00:00,2.2584872
2025-08-07 15:16:06.060561+00:00,2.2584869
2025-08-07 15:16:18.886544+00:00,2.2584877
2025-08-07 15:16:33.645506+00:00,2.2584876
2025-08-07 15:16:44.544531+00:00,2.2584876
2025-08-07 15:16:57.864438+00:00,2.2584873
2025-08-07 15:17:10.350906+00:00,2.2584877
2025-08-07 15:17:22.850662+00:00,2.2584875
2025-08-07 15:17:35.493821+00:00,2.2584872
2025-08-07 15:17:48.487421+00:00,2.2584876
2025-08-07 15:18:01.680742+00:00,2.2584873
2025-08-07 15:18:13.700627+00:00,2.2584877
2025-08-07 15:18:26.366235+00:00,2.2584875
2025-08-07 15:18:38.976658+00:00,2.2584873
2025-08-07 15:18:51.959294+00:00,2.258487
2025-08-07 15:19:04.693123+00:00,2.2584871
2025-08-07 15:19:17.394547+00:00,2.2584872
2025-08-07 15:19:30.331585+00:00,2.2584874
2025-08-07 15:19:43.448931+00:00,2.2584873
2025-08-07 15:19:55.394970+00:00,2.2584874
2025-08-07 15:20:08.532203+00:00,2.258487
2025-08-07 15:20:21.183912+00:00,2.2584876
2025-08-07 15:20:35.251979+00:00,2.2584872
2025-08-07 15:20:47.314979+00:00,2.2584879
2025-08-07 15:21:01.480175+00:00,2.2584867
2025-08-07 15:21:13.110407+00:00,2.2584879
2025-08-07 15:21:26.080011+00:00,2.2584873
2025-08-07 15:21:39.229178+00:00,2.2584876
2025-08-07 15:21:53.653261+00:00,2.2584869
2025-08-07 15:22:05.109158+00:00,2.2584877
2025-08-07 15:22:18.061796+00:00,2.2584877
2025-08-07 15:22:31.162816+00:00,2.2584875
2025-08-07 15:22:46.074802+00:00,2.2584869
2025-08-07 15:22:57.830739+00:00,2.2584872
2025-08-07 15:23:09.862418+00:00,2.2584878
2025-08-07 15:23:22.588710+00:00,2.2584868
2025-08-07 15:23:35.443442+00:00,2.2584878
2025-08-07 15:23:49.189215+00:00,2.2584876
2025-08-07 15:24:01.064801+00:00,2.2584874
2025-08-07 15:24:14.477300+00:00,2.2584873
2025-08-07 15:24:26.478684+00:00,2.2584869
2025-08-07 15:24:38.894597+00:00,2.2584872
2025-08-07 15:24:51.461268+00:00,2.2584871
2025-08-07 15:25:04.391145+00:00,2.2584875
2025-08-07 15:25:16.623724+00:00,2.2584873
2025-08-07 15:25:29.559157+00:00,2.2584873
2025-08-07 15:25:41.934084+00:00,2.2584872
2025-08-07 15:25:54.676536+00:00,2.2584871
2025-08-07 15:26:07.566050+00:00,2.2584873
2025-08-07 15:26:20.133136+00:00,2.2584876
2025-08-07 15:26:33.038647+00:00,2.2584876
2025-08-07 15:26:45.535434+00:00,2.258487
2025-08-07 15:26:59.473314+00:00,2.2584872
2025-08-07 15:27:11.279072+00:00,2.2584874
2025-08-07 15:27:24.583176+00:00,2.258487
2025-08-07 15:27:36.995976+00:00,2.2584867
2025-08-07 15:27:51.639719+00:00,2.2584876
2025-08-07 15:28:03.216215+00:00,2.2584874
2025-08-07 15:28:17.096129+00:00,2.2584874
2025-08-07 15:28:28.755095+00:00,2.2584875
2025-08-07 15:28:41.690729+00:00,2.2584862
2025-08-07 15:28:54.921078+00:00,2.2584871
2025-08-07 15:29:06.979345+00:00,2.2584876
2025-08-07 15:29:19.930958+00:00,2.2584874
2025-08-07 15:29:34.921225+00:00,2.2584871
2025-08-07 15:29:45.769139+00:00,2.258487
2025-08-07 15:29:58.887513+00:00,2.2584875
2025-08-07 15:30:11.339934+00:00,2.2584877
2025-08-07 15:30:24.621370+00:00,2.2584876
2025-08-07 15:30:37.205486+00:00,2.2584874
2025-08-07 15:30:49.799336+00:00,2.2584875
2025-08-07 15:31:03.211498+00:00,2.2584872
2025-08-07 15:31:15.370094+00:00,2.2584868
2025-08-07 15:31:28.426669+00:00,2.2584873
2025-08-07 15:31:40.592997+00:00,2.2584879
2025-08-07 15:31:53.120740+00:00,2.2584871
2025-08-07 15:32:06.336832+00:00,2.2584875
2025-08-07 15:32:18.552564+00:00,2.2584874
2025-08-07 15:32:31.447717+00:00,2.258487
2025-08-07 15:32:44.203330+00:00,2.2584874
2025-08-07 15:32:57.395660+00:00,2.258487
2025-08-07 15:33:10.104184+00:00,2.2584869
2025-08-07 15:33:22.802107+00:00,2.2584876
2025-08-07 15:33:35.709209+00:00,2.2584875
2025-08-07 15:33:48.615716+00:00,2.258488
2025-08-07 15:34:01.942136+00:00,2.2584873
2025-08-07 15:34:14.577160+00:00,2.2584869
2025-08-07 15:34:28.108767+00:00,2.2584875
2025-08-07 15:34:40.622465+00:00,2.2584869
2025-08-07 15:34:53.481432+00:00,2.2584873
2025-08-07 15:35:06.540296+00:00,2.2584874
2025-08-07 15:35:19.448222+00:00,2.2584875
2025-08-07 15:35:32.355894+00:00,2.2584875
2025-08-07 15:35:45.286975+00:00,2.2584877
2025-08-07 15:35:58.016121+00:00,2.258487
2025-08-07 15:36:11.316468+00:00,2.258487
2025-08-07 15:36:24.080644+00:00,2.2584871
2025-08-07 15:36:36.654573+00:00,2.2584874
2025-08-07 15:36:50.903873+00:00,2.2584871
2025-08-07 15:37:02.129920+00:00,2.258487
2025-08-07 15:37:14.569846+00:00,2.2584875
2025-08-07 15:37:27.114000+00:00,2.2584875
2025-08-07 15:37:39.768204+00:00,2.2584875
2025-08-07 15:37:52.536550+00:00,2.2584877
2025-08-07 15:38:06.409893+00:00,2.258487
2025-08-07 15:38:18.528562+00:00,2.2584874
2025-08-07 15:38:31.494581+00:00,2.2584873
2025-08-07 15:38:44.010904+00:00,2.2584877
2025-08-07 15:38:56.845148+00:00,2.2584875
2025-08-07 15:39:09.817875+00:00,2.258488
2025-08-07 15:39:24.097961+00:00,2.2584879
2025-08-07 15:39:35.167901+00:00,2.2584872
2025-08-07 15:39:47.905568+00:00,2.258487
2025-08-07 15:40:01.507950+00:00,2.2584872
2025-08-07 15:40:13.492487+00:00,2.2584876
2025-08-07 15:40:26.998901+00:00,2.2584875
2025-08-07 15:40:39.262718+00:00,2.2584872
2025-08-07 15:40:51.875470+00:00,2.2584867
2025-08-07 15:41:05.732848+00:00,2.2584877
2025-08-07 15:41:17.557092+00:00,2.2584867
2025-08-07 15:41:30.315229+00:00,2.2584871
2025-08-07 15:41:43.368188+00:00,2.2584867
2025-08-07 15:41:55.869781+00:00,2.2584868
2025-08-07 15:42:09.522725+00:00,2.2584874
2025-08-07 15:42:23.594083+00:00,2.2584874
2025-08-07 15:42:34.646127+00:00,2.2584872
2025-08-07 15:42:46.929305+00:00,2.2584875
2025-08-07 15:42:59.683980+00:00,2.2584871
2025-08-07 15:43:12.295398+00:00,2.2584873
2025-08-07 15:43:25.086912+00:00,2.258487
2025-08-07 15:43:37.896963+00:00,2.2584874
2025-08-07 15:43:50.788505+00:00,2.2584881
2025-08-07 15:44:03.563524+00:00,2.2584876
2025-08-07 15:44:16.277093+00:00,2.2584876
2025-08-07 15:44:29.258892+00:00,2.2584874
2025-08-07 15:44:42.163691+00:00,2.2584876
2025-08-07 15:44:55.283778+00:00,2.2584876
2025-08-07 15:45:08.192631+00:00,2.2584874
2025-08-07 15:45:21.332529+00:00,2.258487
2025-08-07 15:45:34.350849+00:00,2.2584878
2025-08-07 15:45:47.878414+00:00,2.2584871
2025-08-07 15:46:00.323418+00:00,2.2584875
2025-08-07 15:46:13.009470+00:00,2.2584872
2025-08-07 15:46:25.464739+00:00,2.2584877
2025-08-07 15:46:38.204881+00:00,2.2584876
2025-08-07 15:46:51.457409+00:00,2.2584869
2025-08-07 15:47:04.132760+00:00,2.2584875
2025-08-07 15:47:16.918052+00:00,2.258488
2025-08-07 15:47:29.649872+00:00,2.2584875
2025-08-07 15:47:42.472328+00:00,2.2584867
2025-08-07 15:47:55.335370+00:00,2.2584874
2025-08-07 15:48:08.086981+00:00,2.258487
2025-08-07 15:48:20.848583+00:00,2.2584875
2025-08-07 15:48:33.213388+00:00,2.2584873
2025-08-07 15:48:45.903918+00:00,2.2584876
2025-08-07 15:48:58.504054+00:00,2.2584873
2025-08-07 15:49:11.157311+00:00,2.2584873
2025-08-07 15:49:24.489411+00:00,2.2584874
2025-08-07 15:49:37.378312+00:00,2.2584873
2025-08-07 15:49:49.772650+00:00,2.2584874
2025-08-07 15:50:03.359196+00:00,2.258487
2025-08-07 15:50:15.255055+00:00,2.2584871
2025-08-07 15:50:28.502802+00:00,2.2584869
2025-08-07 15:50:40.980943+00:00,2.2584871
2025-08-07 15:50:53.774151+00:00,2.2584877
2025-08-07 15:51:06.866321+00:00,2.2584877
2025-08-07 15:51:20.229328+00:00,2.2584873
2025-08-07 15:51:32.330404+00:00,2.2584872
2025-08-07 15:51:44.964930+00:00,2.2584878
2025-08-07 15:51:57.568933+00:00,2.2584876
2025-08-07 15:52:10.434397+00:00,2.2584875
2025-08-07 15:52:23.262330+00:00,2.2584877
2025-08-07 15:52:35.916439+00:00,2.2584872
2025-08-07 15:52:49.094317+00:00,2.2584876
2025-08-07 15:53:01.639406+00:00,2.2584874
2025-08-07 15:53:14.794432+00:00,2.2584872
2025-08-07 15:53:27.283548+00:00,2.2584877
2025-08-07 15:53:40.031931+00:00,2.2584876
2025-08-07 15:53:52.856592+00:00,2.2584868
2025-08-07 15:54:05.953295+00:00,2.2584873
2025-08-07 15:54:19.334336+00:00,2.2584875
2025-08-07 15:54:31.520006+00:00,2.2584868
2025-08-07 15:54:44.624505+00:00,2.2584871
2025-08-07 15:54:57.575658+00:00,2.2584875
2025-08-07 15:55:10.748910+00:00,2.2584872
2025-08-07 15:55:24.505576+00:00,2.2584871
2025-08-07 15:55:37.048654+00:00,2.2584875
2025-08-07 15:55:49.640839+00:00,2.2584877
2025-08-07 15:56:05.249130+00:00,2.2584877
2025-08-07 15:56:15.556725+00:00,2.2584872
2025-08-07 15:56:28.602794+00:00,2.2584876
2025-08-07 15:56:41.872173+00:00,2.258487
2025-08-07 15:56:54.429232+00:00,2.2584876
2025-08-07 15:57:08.398790+00:00,2.2584871
2025-08-07 15:57:20.253639+00:00,2.2584872
2025-08-07 15:57:33.692681+00:00,2.2584876
2025-08-07 15:57:45.804638+00:00,2.2584877
2025-08-07 15:57:59.504987+00:00,2.2584876
2025-08-07 15:58:11.323422+00:00,2.2584875
2025-08-07 15:58:23.977762+00:00,2.258487
2025-08-07 15:58:36.989391+00:00,2.2584877
2025-08-07 15:58:49.201086+00:00,2.258487
2025-08-07 15:59:02.425388+00:00,2.258487
2025-08-07 15:59:14.712155+00:00,2.2584875
2025-08-07 15:59:27.706036+00:00,2.2584871
2025-08-07 15:59:40.477653+00:00,2.2584875
2025-08-07 15:59:53.373689+00:00,2.2584875
2025-08-07 16:00:05.940783+00:00,2.2584873
2025-08-07 16:00:19.310916+00:00,2.2584875
2025-08-07 16:00:31.551575+00:00,2.2584877
2025-08-07 16:00:45.276752+00:00,2.2584872
2025-08-07 16:00:56.947928+00:00,2.2584879
2025-08-07 16:01:11.646783+00:00,2.2584869
2025-08-07 16:01:23.322199+00:00,2.2584877
2025-08-07 16:01:36.027457+00:00,2.258487
2025-08-07 16:01:49.560195+00:00,2.258487
2025-08-07 16:02:01.151185+00:00,2.2584876
2025-08-07 16:02:13.782996+00:00,2.2584878
2025-08-07 16:02:26.310651+00:00,2.2584873
2025-08-07 16:02:39.169305+00:00,2.2584872
2025-08-07 16:02:51.749017+00:00,2.258487
2025-08-07 16:03:04.766471+00:00,2.2584871
2025-08-07 16:03:18.597165+00:00,2.2584866
2025-08-07 16:03:31.221970+00:00,2.2584874
2025-08-07 16:03:42.779826+00:00,2.2584874
2025-08-07 16:03:55.816665+00:00,2.2584872
2025-08-07 16:04:08.856812+00:00,2.2584872
2025-08-07 16:04:22.341315+00:00,2.2584873
2025-08-07 16:04:34.763474+00:00,2.2584869
2025-08-07 16:04:47.089932+00:00,2.2584873
2025-08-07 16:04:59.553501+00:00,2.2584868
2025-08-07 16:05:12.937667+00:00,2.2584868
2025-08-07 16:05:26.039016+00:00,2.2584878
2025-08-07 16:05:37.617188+00:00,2.2584877
2025-08-07 16:05:51.362576+00:00,2.2584874
2025-08-07 16:06:06.251132+00:00,2.2584872
2025-08-07 16:06:16.560576+00:00,2.2584876
2025-08-07 16:06:28.487401+00:00,2.2584873
2025-08-07 16:06:42.346246+00:00,2.2584873
2025-08-07 16:06:54.391711+00:00,2.258487
2025-08-07 16:07:06.954946+00:00,2.2584871
2025-08-07 16:07:19.683681+00:00,2.2584876
2025-08-07 16:07:32.633353+00:00,2.2584874
2025-08-07 16:07:45.458504+00:00,2.2584874
2025-08-07 16:07:58.975248+00:00,2.2584869
2025-08-07 16:08:11.190106+00:00,2.2584877
2025-08-07 16:08:25.894459+00:00,2.2584874
2025-08-07 16:08:37.193643+00:00,2.2584876
2025-08-07 16:08:50.389422+00:00,2.2584872
2025-08-07 16:09:02.987924+00:00,2.2584872
2025-08-07 16:09:15.907099+00:00,2.2584872
2025-08-07 16:09:28.831297+00:00,2.2584876
2025-08-07 16:09:41.856351+00:00,2.2584878
2025-08-07 16:09:54.666515+00:00,2.2584877
2025-08-07 16:10:07.573179+00:00,2.2584875
2025-08-07 16:10:21.496503+00:00,2.2584878
2025-08-07 16:10:33.310248+00:00,2.2584873
2025-08-07 16:10:46.255218+00:00,2.2584868
2025-08-07 16:10:58.746228+00:00,2.2584871
2025-08-07 16:11:11.363976+00:00,2.258487
2025-08-07 16:11:24.986829+00:00,2.2584875
2025-08-07 16:11:37.295948+00:00,2.2584877
2025-08-07 16:11:49.324511+00:00,2.2584875
2025-08-07 16:12:02.690211+00:00,2.258488
2025-08-07 16:12:17.885630+00:00,2.2584875
2025-08-07 16:12:27.514242+00:00,2.2584867
2025-08-07 16:12:40.089434+00:00,2.258487
2025-08-07 16:12:52.835429+00:00,2.2584871
2025-08-07 16:13:05.859828+00:00,2.2584868
2025-08-07 16:13:18.410155+00:00,2.2584873
2025-08-07 16:13:30.817074+00:00,2.2584874
2025-08-07 16:13:44.117654+00:00,2.2584872
2025-08-07 16:13:56.160522+00:00,2.2584875
2025-08-07 16:14:09.524119+00:00,2.2584874
2025-08-07 16:14:21.968071+00:00,2.2584879
2025-08-07 16:14:34.831937+00:00,2.2584878
2025-08-07 16:14:48.626320+00:00,2.2584878
2025-08-07 16:15:00.096712+00:00,2.2584874
2025-08-07 16:15:13.023208+00:00,2.2584873
2025-08-07 16:15:26.021595+00:00,2.2584871
2025-08-07 16:15:38.330025+00:00,2.2584869
2025-08-07 16:15:50.668375+00:00,2.2584871
2025-08-07 16:16:03.448023+00:00,2.258487
2025-08-07 16:16:16.689585+00:00,2.2584878
2025-08-07 16:16:28.757062+00:00,2.2584875
2025-08-07 16:16:41.598545+00:00,2.2584872
2025-08-07 16:16:54.047267+00:00,2.2584871
2025-08-07 16:17:10.451991+00:00,2.2584871
2025-08-07 16:17:19.282636+00:00,2.2584873
2025-08-07 16:17:32.354178+00:00,2.2584874
2025-08-07 16:17:47.305519+00:00,2.2584877
2025-08-07 16:17:58.502356+00:00,2.2584869
2025-08-07 16:18:11.057259+00:00,2.258487
2025-08-07 16:18:24.164118+00:00,2.2584873
2025-08-07 16:18:37.271715+00:00,2.2584866
2025-08-07 16:18:50.294669+00:00,2.258487
2025-08-07 16:19:06.807914+00:00,2.2584868
2025-08-07 16:19:16.095677+00:00,2.2584871
2025-08-07 16:19:28.903332+00:00,2.2584878
2025-08-07 16:19:41.782966+00:00,2.2584877
2025-08-07 16:19:54.829069+00:00,2.2584879
2025-08-07 16:20:07.720225+00:00,2.258488
2025-08-07 16:20:20.463563+00:00,2.2584878
2025-08-07 16:20:33.518829+00:00,2.2584865
2025-08-07 16:20:46.429451+00:00,2.2584872
2025-08-07 16:20:58.743131+00:00,2.2584872
2025-08-07 16:21:11.471014+00:00,2.2584876
2025-08-07 16:21:24.134387+00:00,2.2584873
2025-08-07 16:21:37.163730+00:00,2.2584876
2025-08-07 16:21:49.114437+00:00,2.2584874
2025-08-07 16:22:01.844161+00:00,2.2584878
2025-08-07 16:22:14.471341+00:00,2.2584875
2025-08-07 16:22:27.244596+00:00,2.2584872
2025-08-07 16:22:39.898267+00:00,2.2584871
2025-08-07 16:22:52.715425+00:00,2.2584867
2025-08-07 16:23:05.660655+00:00,2.2584878
2025-08-07 16:23:18.343812+00:00,2.258487
2025-08-07 16:23:32.637677+00:00,2.2584869
2025-08-07 16:23:43.674754+00:00,2.2584873
2025-08-07 16:23:56.796936+00:00,2.2584873
2025-08-07 16:24:09.308840+00:00,2.2584867
2025-08-07 16:24:21.872282+00:00,2.2584874
2025-08-07 16:24:35.929522+00:00,2.258487
2025-08-07 16:24:47.757552+00:00,2.2584877
2025-08-07 16:25:00.673687+00:00,2.2584869
2025-08-07 16:25:12.830681+00:00,2.2584871
2025-08-07 16:25:25.617050+00:00,2.2584876
2025-08-07 16:25:38.419207+00:00,2.2584878
2025-08-07 16:25:51.769704+00:00,2.2584875
2025-08-07 16:26:04.071891+00:00,2.2584878
2025-08-07 16:26:16.385973+00:00,2.258487
2025-08-07 16:26:29.038995+00:00,2.2584874
2025-08-07 16:26:41.870404+00:00,2.2584872
2025-08-07 16:26:54.534956+00:00,2.2584871
2025-08-07 16:27:07.405550+00:00,2.2584874
2025-08-07 16:27:19.983756+00:00,2.2584871
2025-08-07 16:27:33.634393+00:00,2.2584876
2025-08-07 16:27:45.386138+00:00,2.2584874
2025-08-07 16:27:58.045941+00:00,2.2584878
2025-08-07 16:28:11.102926+00:00,2.2584877
2025-08-07 16:28:23.933387+00:00,2.2584873
2025-08-07 16:28:36.924544+00:00,2.2584874
2025-08-07 16:28:49.957634+00:00,2.2584875
2025-08-07 16:29:03.051019+00:00,2.2584871
2025-08-07 16:29:16.168191+00:00,2.2584868
2025-08-07 16:29:29.063450+00:00,2.2584871
2025-08-07 16:29:42.917165+00:00,2.2584867
2025-08-07 16:29:55.646203+00:00,2.2584874
2025-08-07 16:30:08.235139+00:00,2.2584878
2025-08-07 16:30:21.174182+00:00,2.2584879
2025-08-07 16:30:34.256854+00:00,2.2584871
2025-08-07 16:30:47.097272+00:00,2.2584879
2025-08-07 16:31:00.007827+00:00,2.2584869
2025-08-07 16:31:12.913819+00:00,2.2584879
2025-08-07 16:31:25.792161+00:00,2.2584868
2025-08-07 16:31:39.089759+00:00,2.2584869
2025-08-07 16:31:51.640429+00:00,2.2584875
2025-08-07 16:32:04.696159+00:00,2.2584879
2025-08-07 16:32:17.608783+00:00,2.2584873
2025-08-07 16:32:31.838947+00:00,2.2584876
2025-08-07 16:32:43.311298+00:00,2.2584869
2025-08-07 16:32:55.768568+00:00,2.2584874
2025-08-07 16:33:08.619539+00:00,2.2584875
2025-08-07 16:33:21.049885+00:00,2.2584871
2025-08-07 16:33:33.775040+00:00,2.2584866
2025-08-07 16:33:46.760531+00:00,2.2584868
2025-08-07 16:33:59.362900+00:00,2.2584877
2025-08-07 16:34:11.758635+00:00,2.2584874
2025-08-07 16:34:25.331654+00:00,2.2584873
2025-08-07 16:34:37.767907+00:00,2.2584869
2025-08-07 16:34:50.483757+00:00,2.2584875
2025-08-07 16:35:03.265305+00:00,2.258487
2025-08-07 16:35:16.134117+00:00,2.2584871
2025-08-07 16:35:29.092349+00:00,2.2584877
2025-08-07 16:35:41.203030+00:00,2.2584873
2025-08-07 16:35:54.275952+00:00,2.2584876
2025-08-07 16:36:06.632254+00:00,2.2584874
2025-08-07 16:36:19.257668+00:00,2.2584872
2025-08-07 16:36:32.973565+00:00,2.2584873
2025-08-07 16:36:45.241228+00:00,2.2584871
2025-08-07 16:36:58.114665+00:00,2.2584875
2025-08-07 16:37:11.262181+00:00,2.2584876
2025-08-07 16:37:23.859128+00:00,2.2584874
2025-08-07 16:37:36.481162+00:00,2.2584871
2025-08-07 16:37:51.421487+00:00,2.2584872
2025-08-07 16:38:02.060999+00:00,2.2584869
2025-08-07 16:38:14.895534+00:00,2.2584877
2025-08-07 16:38:27.812939+00:00,2.2584869
2025-08-07 16:38:40.661005+00:00,2.2584874
2025-08-07 16:38:53.632220+00:00,2.2584876
2025-08-07 16:39:05.886729+00:00,2.2584875
2025-08-07 16:39:18.602780+00:00,2.2584878
2025-08-07 16:39:31.248463+00:00,2.2584877
2025-08-07 16:39:43.977747+00:00,2.2584875
2025-08-07 16:39:57.059655+00:00,2.2584868
2025-08-07 16:40:09.660863+00:00,2.2584872
2025-08-07 16:40:23.658531+00:00,2.2584874
2025-08-07 16:40:35.358228+00:00,2.2584873
2025-08-07 16:40:48.692520+00:00,2.2584877
2025-08-07 16:41:01.397982+00:00,2.2584871
2025-08-07 16:41:14.350959+00:00,2.2584867
2025-08-07 16:41:27.557834+00:00,2.258488
2025-08-07 16:41:40.485052+00:00,2.2584879
2025-08-07 16:41:53.017498+00:00,2.2584869
2025-08-07 16:42:07.990923+00:00,2.258487
2025-08-07 16:42:18.718061+00:00,2.2584875
2025-08-07 16:42:31.676220+00:00,2.2584868
2025-08-07 16:42:44.613578+00:00,2.2584873
2025-08-07 16:42:57.152835+00:00,2.2584878
2025-08-07 16:43:10.165780+00:00,2.2584876
2025-08-07 16:43:23.072818+00:00,2.2584866
2025-08-07 16:43:35.988138+00:00,2.2584876
2025-08-07 16:43:48.653854+00:00,2.2584871
2025-08-07 16:44:02.235741+00:00,2.258487
2025-08-07 16:44:14.267638+00:00,2.2584879
2025-08-07 16:44:26.577791+00:00,2.2584869
2025-08-07 16:44:39.202815+00:00,2.2584879
2025-08-07 16:44:52.121959+00:00,2.2584872
2025-08-07 16:45:05.491132+00:00,2.2584875
2025-08-07 16:45:17.441511+00:00,2.2584872
2025-08-07 16:45:30.952105+00:00,2.2584871
2025-08-07 16:45:43.270339+00:00,2.2584868
2025-08-07 16:45:56.243144+00:00,2.2584872
2025-08-07 16:46:11.219574+00:00,2.2584872
2025-08-07 16:46:21.794772+00:00,2.2584877
2025-08-07 16:46:34.602369+00:00,2.2584878
2025-08-07 16:46:47.393224+00:00,2.2584876
2025-08-07 16:46:59.992945+00:00,2.2584875
2025-08-07 16:47:13.132537+00:00,2.2584869
2025-08-07 16:47:25.791669+00:00,2.2584868
2025-08-07 16:47:39.128969+00:00,2.2584873
2025-08-07 16:47:52.161932+00:00,2.2584872
2025-08-07 16:48:05.128691+00:00,2.2584871
2025-08-07 16:48:18.697152+00:00,2.2584875
2025-08-07 16:48:29.857576+00:00,2.2584869
2025-08-07 16:48:42.547787+00:00,2.2584878
2025-08-07 16:48:56.881302+00:00,2.2584872
2025-08-07 16:49:07.946900+00:00,2.2584878
2025-08-07 16:49:20.715743+00:00,2.2584874
2025-08-07 16:49:34.434028+00:00,2.2584875
2025-08-07 16:49:46.606170+00:00,2.2584877
2025-08-07 16:49:59.104470+00:00,2.2584874
2025-08-07 16:50:12.283757+00:00,2.2584874
2025-08-07 16:50:24.525275+00:00,2.2584872
2025-08-07 16:50:37.421394+00:00,2.2584871
2025-08-07 16:50:49.951413+00:00,2.2584868
2025-08-07 16:51:03.199307+00:00,2.2584866
2025-08-07 16:51:17.824013+00:00,2.2584871
2025-08-07 16:51:28.942630+00:00,2.2584875
2025-08-07 16:51:42.099969+00:00,2.2584877
2025-08-07 16:51:54.733355+00:00,2.2584873
2025-08-07 16:52:08.105327+00:00,2.2584871
2025-08-07 16:52:20.546550+00:00,2.2584872
2025-08-07 16:52:33.661828+00:00,2.258487
2025-08-07 16:52:46.559212+00:00,2.2584874
2025-08-07 16:52:59.357897+00:00,2.2584865
2025-08-07 16:53:12.291239+00:00,2.2584877
2025-08-07 16:53:25.059467+00:00,2.2584872
2025-08-07 16:53:37.927217+00:00,2.2584876
2025-08-07 16:53:50.711009+00:00,2.2584869
2025-08-07 16:54:03.937565+00:00,2.258487
2025-08-07 16:54:16.562080+00:00,2.2584876
2025-08-07 16:54:29.541954+00:00,2.2584874
2025-08-07 16:54:42.761876+00:00,2.2584869
2025-08-07 16:54:55.297848+00:00,2.2584866
2025-08-07 16:55:08.102588+00:00,2.2584871
2025-08-07 16:55:20.807644+00:00,2.2584872
2025-08-07 16:55:33.397560+00:00,2.2584869
2025-08-07 16:55:45.911538+00:00,2.2584873
2025-08-07 16:55:58.701100+00:00,2.2584871
2025-08-07 16:56:14.419962+00:00,2.2584869
2025-08-07 16:56:24.233648+00:00,2.2584875
2025-08-07 16:56:37.301412+00:00,2.2584873
2025-08-07 16:56:50.083167+00:00,2.2584873
2025-08-07 16:57:03.371375+00:00,2.2584875
2025-08-07 16:57:15.816777+00:00,2.2584873
2025-08-07 16:57:28.483172+00:00,2.2584876
2025-08-07 16:57:41.322260+00:00,2.258487
2025-08-07 16:57:53.938710+00:00,2.2584871
2025-08-07 16:58:06.830546+00:00,2.2584874
2025-08-07 16:58:22.236914+00:00,2.258487
2025-08-07 16:58:33.374206+00:00,2.2584879
2025-08-07 16:58:45.647644+00:00,2.2584873
2025-08-07 16:58:58.123809+00:00,2.2584871
2025-08-07 16:59:11.045450+00:00,2.2584868
2025-08-07 16:59:23.997905+00:00,2.2584874
2025-08-07 16:59:36.660347+00:00,2.2584878
2025-08-07 16:59:49.661884+00:00,2.2584874
2025-08-07 17:00:05.610665+00:00,2.2584878
2025-08-07 17:00:15.081082+00:00,2.2584871
2025-08-07 17:00:28.024464+00:00,2.2584874
2025-08-07 17:00:40.631307+00:00,2.2584869
2025-08-07 17:00:53.391325+00:00,2.2584878
2025-08-07 17:01:06.095829+00:00,2.2584869
2025-08-07 17:01:18.991706+00:00,2.2584875
2025-08-07 17:01:31.866321+00:00,2.2584877
2025-08-07 17:01:44.503339+00:00,2.2584881
2025-08-07 17:01:57.527399+00:00,2.2584872
2025-08-07 17:02:10.948783+00:00,2.2584871
2025-08-07 17:02:23.672519+00:00,2.2584872
2025-08-07 17:02:36.331495+00:00,2.2584873
2025-08-07 17:02:49.333269+00:00,2.2584862
2025-08-07 17:03:02.302776+00:00,2.2584874
2025-08-07 17:03:15.257884+00:00,2.2584875
2025-08-07 17:03:28.198030+00:00,2.2584871
2025-08-07 17:03:40.956736+00:00,2.2584874
2025-08-07 17:03:53.896168+00:00,2.2584874
2025-08-07 17:04:06.825985+00:00,2.258487
2025-08-07 17:04:19.758815+00:00,2.2584877
2025-08-07 17:04:32.997933+00:00,2.2584872
2025-08-07 17:04:45.972497+00:00,2.2584868
2025-08-07 17:04:58.365757+00:00,2.2584877
2025-08-07 17:05:11.581157+00:00,2.2584874
2025-08-07 17:05:24.091044+00:00,2.2584873
2025-08-07 17:05:36.951006+00:00,2.2584876
2025-08-07 17:05:49.535932+00:00,2.2584876
2025-08-07 17:06:02.969059+00:00,2.258487
2025-08-07 17:06:16.621409+00:00,2.2584877
2025-08-07 17:06:27.674889+00:00,2.2584879
2025-08-07 17:06:40.878499+00:00,2.2584873
2025-08-07 17:06:53.811112+00:00,2.2584872
2025-08-07 17:07:06.537980+00:00,2.2584875
2025-08-07 17:07:19.250877+00:00,2.2584876
2025-08-07 17:07:32.317887+00:00,2.2584878
2025-08-07 17:07:45.179182+00:00,2.2584878
2025-08-07 17:07:58.141940+00:00,2.2584869
2025-08-07 17:08:10.877014+00:00,2.2584875
2025-08-07 17:08:23.883390+00:00,2.2584881
2025-08-07 17:08:36.958880+00:00,2.2584871
2025-08-07 17:08:49.701343+00:00,2.2584874
2025-08-07 17:09:02.466279+00:00,2.258487
2025-08-07 17:09:15.576295+00:00,2.2584875
2025-08-07 17:09:28.097950+00:00,2.2584872
2025-08-07 17:09:40.702468+00:00,2.2584879
2025-08-07 17:09:53.620877+00:00,2.2584871
2025-08-07 17:10:06.199710+00:00,2.2584874
2025-08-07 17:10:19.282994+00:00,2.2584876
2025-08-07 17:10:32.155879+00:00,2.2584874
2025-08-07 17:10:44.765214+00:00,2.258487
2025-08-07 17:10:57.425857+00:00,2.2584876
2025-08-07 17:11:10.625327+00:00,2.2584876
2025-08-07 17:11:23.253041+00:00,2.2584871
2025-08-07 17:11:36.460827+00:00,2.2584868
2025-08-07 17:11:49.471168+00:00,2.2584878
2025-08-07 17:12:02.463883+00:00,2.258487
2025-08-07 17:12:15.465993+00:00,2.2584873
2025-08-07 17:12:28.386407+00:00,2.2584878
2025-08-07 17:12:41.495318+00:00,2.2584874
2025-08-07 17:12:55.003740+00:00,2.2584872
2025-08-07 17:13:07.972024+00:00,2.258487
2025-08-07 17:13:21.527989+00:00,2.2584871
2025-08-07 17:13:33.592676+00:00,2.2584876
2025-08-07 17:13:46.902827+00:00,2.2584878
2025-08-07 17:13:59.525259+00:00,2.2584873
2025-08-07 17:14:12.218201+00:00,2.2584869
2025-08-07 17:14:25.636295+00:00,2.2584873
2025-08-07 17:14:37.996363+00:00,2.258487
2025-08-07 17:14:51.425365+00:00,2.2584867
2025-08-07 17:15:04.307680+00:00,2.2584874
2025-08-07 17:15:16.625292+00:00,2.2584872
2025-08-07 17:15:29.488705+00:00,2.2584872
2025-08-07 17:15:42.131554+00:00,2.2584873
2025-08-07 17:15:54.733780+00:00,2.2584872
2025-08-07 17:16:08.004436+00:00,2.2584878
2025-08-07 17:16:20.036084+00:00,2.2584871
2025-08-07 17:16:32.912028+00:00,2.258487
2025-08-07 17:16:46.005805+00:00,2.258487
2025-08-07 17:16:58.613451+00:00,2.2584868
2025-08-07 17:17:12.870221+00:00,2.2584875
2025-08-07 17:17:24.579545+00:00,2.2584874
2025-08-07 17:17:36.979987+00:00,2.2584873
2025-08-07 17:17:49.817533+00:00,2.2584877
2025-08-07 17:18:02.694527+00:00,2.2584875
2025-08-07 17:18:15.576104+00:00,2.2584874
2025-08-07 17:18:28.190983+00:00,2.2584871
2025-08-07 17:18:41.194630+00:00,2.2584869
2025-08-07 17:18:53.768501+00:00,2.258487
2025-08-07 17:19:08.163532+00:00,2.2584875
2025-08-07 17:19:19.676151+00:00,2.2584876
2025-08-07 17:19:32.545047+00:00,2.2584873
2025-08-07 17:19:45.475068+00:00,2.2584874
2025-08-07 17:19:58.031022+00:00,2.2584875
2025-08-07 17:20:12.858448+00:00,2.258487
2025-08-07 17:20:23.558242+00:00,2.2584868
2025-08-07 17:20:36.523658+00:00,2.2584872
2025-08-07 17:20:49.083074+00:00,2.2584877
2025-08-07 17:21:01.922351+00:00,2.258487
2025-08-07 17:21:14.793105+00:00,2.2584873
2025-08-07 17:21:27.237091+00:00,2.2584874
2025-08-07 17:21:40.111249+00:00,2.2584876
2025-08-07 17:21:53.092580+00:00,2.2584871
2025-08-07 17:22:07.212070+00:00,2.2584875
2025-08-07 17:22:19.190956+00:00,2.2584876
2025-08-07 17:22:32.274525+00:00,2.2584869
2025-08-07 17:22:44.923929+00:00,2.2584875
2025-08-07 17:22:57.952675+00:00,2.2584879
2025-08-07 17:23:11.042448+00:00,2.2584876
2025-08-07 17:23:23.976501+00:00,2.2584879
2025-08-07 17:23:36.989503+00:00,2.2584869
2025-08-07 17:23:50.039905+00:00,2.2584871
2025-08-07 17:24:02.931212+00:00,2.2584872
2025-08-07 17:24:15.930837+00:00,2.2584873
2025-08-07 17:24:28.664124+00:00,2.2584876
2025-08-07 17:24:41.614060+00:00,2.2584875
2025-08-07 17:24:54.720502+00:00,2.258487
2025-08-07 17:25:07.326305+00:00,2.258487
2025-08-07 17:25:20.320487+00:00,2.2584872
2025-08-07 17:25:33.374719+00:00,2.2584875
2025-08-07 17:25:46.329137+00:00,2.2584873
2025-08-07 17:25:59.435445+00:00,2.2584872
2025-08-07 17:26:12.829564+00:00,2.258487
2025-08-07 17:26:24.303464+00:00,2.2584871
2025-08-07 17:26:36.274162+00:00,2.2584868
2025-08-07 17:26:49.334685+00:00,2.2584869
2025-08-07 17:27:01.846812+00:00,2.2584876
2025-08-07 17:27:14.430437+00:00,2.2584872
2025-08-07 17:27:27.695247+00:00,2.2584868
2025-08-07 17:27:40.284545+00:00,2.2584875
2025-08-07 17:27:52.862373+00:00,2.2584875
2025-08-07 17:28:08.488070+00:00,2.2584874
2025-08-07 17:28:18.457276+00:00,2.2584879
2025-08-07 17:28:33.403737+00:00,2.2584875
2025-08-07 17:28:44.052254+00:00,2.2584869
2025-08-07 17:28:56.541233+00:00,2.2584876
2025-08-07 17:29:09.593474+00:00,2.258487
2025-08-07 17:29:22.238308+00:00,2.258487
2025-08-07 17:29:35.306557+00:00,2.2584872
2025-08-07 17:29:48.348218+00:00,2.2584871
2025-08-07 17:30:00.580708+00:00,2.2584872
2025-08-07 17:30:13.357026+00:00,2.2584869
2025-08-07 17:30:26.229749+00:00,2.2584877
2025-08-07 17:30:38.749089+00:00,2.2584874
2025-08-07 17:30:51.470577+00:00,2.2584875
2025-08-07 17:31:04.416256+00:00,2.2584877
2025-08-07 17:31:19.021963+00:00,2.2584876
2025-08-07 17:31:30.473806+00:00,2.2584871
2025-08-07 17:31:43.511175+00:00,2.2584873
2025-08-07 17:31:55.179226+00:00,2.2584871
2025-08-07 17:32:07.942292+00:00,2.2584874
2025-08-07 17:32:20.853493+00:00,2.2584874
2025-08-07 17:32:35.177025+00:00,2.2584874
2025-08-07 17:32:46.834853+00:00,2.2584874
2025-08-07 17:33:00.437782+00:00,2.2584876
2025-08-07 17:33:13.294220+00:00,2.2584879
2025-08-07 17:33:25.892036+00:00,2.2584875
2025-08-07 17:33:39.136645+00:00,2.2584878
2025-08-07 17:33:51.796872+00:00,2.2584879
2025-08-07 17:34:05.478302+00:00,2.2584872
2025-08-07 17:34:18.161630+00:00,2.2584873
2025-08-07 17:34:30.626212+00:00,2.2584875
2025-08-07 17:34:43.632860+00:00,2.2584875
2025-08-07 17:34:56.171316+00:00,2.2584878
2025-08-07 17:35:09.419928+00:00,2.258488
2025-08-07 17:35:22.307880+00:00,2.2584877
2025-08-07 17:35:35.290676+00:00,2.2584873
2025-08-07 17:35:48.057775+00:00,2.2584875
2025-08-07 17:36:01.002000+00:00,2.2584872
2025-08-07 17:36:13.484451+00:00,2.2584872
2025-08-07 17:36:27.625911+00:00,2.2584877
2025-08-07 17:36:39.359307+00:00,2.2584878
2025-08-07 17:36:51.768868+00:00,2.2584876
2025-08-07 17:37:04.748049+00:00,2.2584873
2025-08-07 17:37:17.082631+00:00,2.2584873
2025-08-07 17:37:29.627519+00:00,2.258487
2025-08-07 17:37:42.571872+00:00,2.2584878
2025-08-07 17:37:55.472394+00:00,2.2584871
2025-08-07 17:38:08.438944+00:00,2.2584871
2025-08-07 17:38:21.116755+00:00,2.2584876
2025-08-07 17:38:33.846940+00:00,2.2584876
2025-08-07 17:38:48.929867+00:00,2.258487
2025-08-07 17:38:59.505890+00:00,2.2584875
2025-08-07 17:39:12.866852+00:00,2.2584876
2025-08-07 17:39:26.121198+00:00,2.2584874
2025-08-07 17:39:39.454983+00:00,2.2584879
2025-08-07 17:39:50.741761+00:00,2.2584876
2025-08-07 17:40:03.727437+00:00,2.2584871
2025-08-07 17:40:16.994454+00:00,2.2584878
2025-08-07 17:40:29.341796+00:00,2.2584873
2025-08-07 17:40:41.968569+00:00,2.2584879
2025-08-07 17:40:54.903464+00:00,2.2584874
2025-08-07 17:41:07.869720+00:00,2.2584872
2025-08-07 17:41:20.953171+00:00,2.2584871
2025-08-07 17:41:33.420355+00:00,2.2584871
2025-08-07 17:41:46.208580+00:00,2.258488
2025-08-07 17:42:00.958669+00:00,2.2584874
2025-08-07 17:42:12.028832+00:00,2.2584877
2025-08-07 17:42:24.705002+00:00,2.2584875
2025-08-07 17:42:37.763426+00:00,2.258488
2025-08-07 17:42:50.594322+00:00,2.2584879
2025-08-07 17:43:04.894882+00:00,2.2584876
2025-08-07 17:43:17.930866+00:00,2.2584872
2025-08-07 17:43:29.644545+00:00,2.2584878
2025-08-07 17:43:44.164191+00:00,2.2584877
2025-08-07 17:43:55.611247+00:00,2.2584875
2025-08-07 17:44:08.861563+00:00,2.2584876
2025-08-07 17:44:21.553330+00:00,2.2584874
2025-08-07 17:44:34.471810+00:00,2.2584873
2025-08-07 17:44:47.578969+00:00,2.2584875
2025-08-07 17:45:00.528975+00:00,2.2584877
2025-08-07 17:45:13.336124+00:00,2.2584872
2025-08-07 17:45:26.371152+00:00,2.2584867
2025-08-07 17:45:39.963717+00:00,2.2584872
2025-08-07 17:45:52.262240+00:00,2.2584877
2025-08-07 17:46:05.300973+00:00,2.2584877
2025-08-07 17:46:18.935526+00:00,2.2584873
2025-08-07 17:46:31.044738+00:00,2.2584875
2025-08-07 17:46:43.289192+00:00,2.2584874
2025-08-07 17:46:56.045767+00:00,2.2584872
2025-08-07 17:47:08.682853+00:00,2.2584872
2025-08-07 17:47:21.920698+00:00,2.2584878
2025-08-07 17:47:34.234001+00:00,2.2584868
2025-08-07 17:47:47.070756+00:00,2.2584875
2025-08-07 17:47:59.766858+00:00,2.2584868
2025-08-07 17:48:13.013125+00:00,2.2584874
2025-08-07 17:48:25.259475+00:00,2.2584867
2025-08-07 17:48:38.175734+00:00,2.2584877
2025-08-07 17:48:50.891966+00:00,2.2584879
2025-08-07 17:49:04.622304+00:00,2.2584875
2025-08-07 17:49:16.549984+00:00,2.2584879
2025-08-07 17:49:29.013119+00:00,2.2584873
2025-08-07 17:49:42.012857+00:00,2.2584875
2025-08-07 17:49:54.927222+00:00,2.2584878
2025-08-07 17:50:07.490955+00:00,2.2584877
2025-08-07 17:50:20.513690+00:00,2.2584876
2025-08-07 17:50:33.572020+00:00,2.2584875
2025-08-07 17:50:46.238689+00:00,2.2584868
2025-08-07 17:50:58.968424+00:00,2.258488
2025-08-07 17:51:11.759211+00:00,2.2584877
2025-08-07 17:51:25.418108+00:00,2.2584875
2025-08-07 17:51:37.645538+00:00,2.2584867
2025-08-07 17:51:49.896474+00:00,2.2584869
2025-08-07 17:52:03.226867+00:00,2.2584878
2025-08-07 17:52:15.209767+00:00,2.2584879
2025-08-07 17:52:29.035195+00:00,2.2584874
2025-08-07 17:52:40.936540+00:00,2.2584872
2025-08-07 17:52:53.717171+00:00,2.2584876
2025-08-07 17:53:06.429563+00:00,2.258487
2025-08-07 17:53:19.159434+00:00,2.2584869
2025-08-07 17:53:32.124776+00:00,2.2584867
2025-08-07 17:53:45.090364+00:00,2.258487
2025-08-07 17:53:57.921654+00:00,2.2584875
2025-08-07 17:54:11.663304+00:00,2.2584879
2025-08-07 17:54:36.956248+00:00,2.2584873
2025-08-07 17:54:50.010916+00:00,2.2584874
2025-08-07 17:55:03.329635+00:00,2.2584876
2025-08-07 17:55:16.180822+00:00,2.2584878
2025-08-07 17:55:30.499018+00:00,2.2584875
2025-08-07 17:55:42.954978+00:00,2.258487
2025-08-07 17:55:54.598871+00:00,2.2584877
2025-08-07 17:56:08.574177+00:00,2.2584869
2025-08-07 17:56:20.511283+00:00,2.2584872
2025-08-07 17:56:35.236654+00:00,2.2584874
2025-08-07 17:56:46.262571+00:00,2.2584871
2025-08-07 17:56:58.919190+00:00,2.2584877
2025-08-07 17:57:12.303475+00:00,2.2584873
2025-08-07 17:57:24.928058+00:00,2.2584879
2025-08-07 17:57:38.465511+00:00,2.258487
2025-08-07 17:57:50.863086+00:00,2.2584876
2025-08-07 17:58:03.283988+00:00,2.2584871
2025-08-07 17:58:15.458452+00:00,2.2584877
2025-08-07 17:58:28.154703+00:00,2.2584878
2025-08-07 17:58:41.449013+00:00,2.2584869
2025-08-07 17:58:53.658407+00:00,2.2584871
2025-08-07 17:59:06.722072+00:00,2.2584871
2025-08-07 17:59:19.375218+00:00,2.2584874
2025-08-07 17:59:32.182174+00:00,2.2584877
2025-08-07 17:59:44.874815+00:00,2.2584874
2025-08-07 17:59:57.708081+00:00,2.2584879
2025-08-07 18:00:10.605183+00:00,2.2584873
2025-08-07 18:00:24.455858+00:00,2.2584872
2025-08-07 18:00:36.195280+00:00,2.2584878
2025-08-07 18:00:49.073590+00:00,2.2584872
2025-08-07 18:01:05.206202+00:00,2.2584872
2025-08-07 18:01:14.481513+00:00,2.2584876
2025-08-07 18:01:27.246629+00:00,2.2584871
2025-08-07 18:01:39.824911+00:00,2.2584875
2025-08-07 18:01:53.089289+00:00,2.258487
2025-08-07 18:02:05.481386+00:00,2.2584875
2025-08-07 18:02:18.155158+00:00,2.2584872
2025-08-07 18:02:31.180848+00:00,2.2584875
2025-08-07 18:02:43.514347+00:00,2.2584871
2025-08-07 18:02:56.007208+00:00,2.2584874
2025-08-07 18:03:08.909613+00:00,2.2584873
2025-08-07 18:03:21.705890+00:00,2.258488
2025-08-07 18:03:35.039137+00:00,2.2584871
2025-08-07 18:03:47.446634+00:00,2.2584873
2025-08-07 18:04:00.159226+00:00,2.2584871
2025-08-07 18:04:12.917788+00:00,2.2584875
2025-08-07 18:04:25.953989+00:00,2.2584873
2025-08-07 18:04:39.512355+00:00,2.2584878
2025-08-07 18:04:52.161496+00:00,2.2584877
2025-08-07 18:05:05.001578+00:00,2.2584875
2025-08-07 18:05:18.056087+00:00,2.258488
2025-08-07 18:05:31.340597+00:00,2.2584874
2025-08-07 18:05:43.959539+00:00,2.2584872
2025-08-07 18:05:58.517186+00:00,2.2584872
2025-08-07 18:06:09.348281+00:00,2.2584869
2025-08-07 18:06:22.324292+00:00,2.2584879
2025-08-07 18:06:35.086768+00:00,2.258487
2025-08-07 18:06:48.114262+00:00,2.2584881
2025-08-07 18:07:01.382118+00:00,2.2584871
2025-08-07 18:07:15.395039+00:00,2.2584873
2025-08-07 18:07:26.350618+00:00,2.2584883
2025-08-07 18:07:39.608501+00:00,2.2584873
2025-08-07 18:07:52.366333+00:00,2.2584873
2025-08-07 18:08:04.794058+00:00,2.2584873
2025-08-07 18:08:17.348669+00:00,2.2584875
2025-08-07 18:08:31.089448+00:00,2.2584872
2025-08-07 18:08:42.825282+00:00,2.2584871
2025-08-07 18:08:55.757051+00:00,2.2584869
2025-08-07 18:09:09.275380+00:00,2.2584874
2025-08-07 18:09:20.996407+00:00,2.2584882
2025-08-07 18:09:33.707364+00:00,2.2584874
2025-08-07 18:09:46.650142+00:00,2.258487
2025-08-07 18:09:59.405282+00:00,2.2584871
2025-08-07 18:10:12.318446+00:00,2.2584876
2025-08-07 18:10:25.185654+00:00,2.2584877
2025-08-07 18:10:41.725705+00:00,2.2584876
2025-08-07 18:10:50.750048+00:00,2.2584873
2025-08-07 18:11:03.638529+00:00,2.2584866
2025-08-07 18:11:18.799947+00:00,2.2584877
2025-08-07 18:11:29.143500+00:00,2.2584874
2025-08-07 18:11:41.814563+00:00,2.2584877
2025-08-07 18:11:54.974648+00:00,2.2584878
2025-08-07 18:12:07.283892+00:00,2.2584877
2025-08-07 18:12:21.456800+00:00,2.2584874
2025-08-07 18:12:33.070356+00:00,2.2584868
2025-08-07 18:12:45.652979+00:00,2.2584867
2025-08-07 18:12:58.292783+00:00,2.2584876
2025-08-07 18:13:12.434417+00:00,2.2584872
2025-08-07 18:13:24.528220+00:00,2.2584876
2025-08-07 18:13:37.974577+00:00,2.2584872
2025-08-07 18:13:49.066429+00:00,2.2584869
2025-08-07 18:14:01.976412+00:00,2.2584874
2025-08-07 18:14:14.808423+00:00,2.2584879
2025-08-07 18:14:35.061951+00:00,2.2584878
2025-08-07 18:14:40.672953+00:00,2.2584879
2025-08-07 18:14:54.322843+00:00,2.2584871
2025-08-07 18:15:06.647498+00:00,2.2584874
2025-08-07 18:15:19.748759+00:00,2.2584875
2025-08-07 18:15:32.614022+00:00,2.2584875
2025-08-07 18:15:45.683344+00:00,2.2584871
2025-08-07 18:15:58.522830+00:00,2.2584873
2025-08-07 18:16:11.727715+00:00,2.258488
2025-08-07 18:16:24.581470+00:00,2.2584878
2025-08-07 18:16:37.146276+00:00,2.2584873
2025-08-07 18:16:50.163121+00:00,2.2584866
2025-08-07 18:17:02.692528+00:00,2.2584877
2025-08-07 18:17:15.562041+00:00,2.2584878
2025-08-07 18:17:28.623898+00:00,2.2584876
2025-08-07 18:17:41.095462+00:00,2.2584874
2025-08-07 18:17:53.970285+00:00,2.2584878
2025-08-07 18:18:06.927510+00:00,2.2584878
2025-08-07 18:18:19.577464+00:00,2.2584875
2025-08-07 18:18:32.193418+00:00,2.2584872
2025-08-07 18:18:45.159692+00:00,2.2584879
2025-08-07 18:18:57.214051+00:00,2.2584873
2025-08-07 18:19:10.267093+00:00,2.2584874
2025-08-07 18:19:22.635234+00:00,2.2584872
2025-08-07 18:19:35.492659+00:00,2.2584865
2025-08-07 18:19:50.768219+00:00,2.2584872
2025-08-07 18:20:03.565254+00:00,2.2584872
2025-08-07 18:20:14.059915+00:00,2.2584875
2025-08-07 18:20:27.024538+00:00,2.258488
2025-08-07 18:20:39.792027+00:00,2.2584872
2025-08-07 18:20:53.619447+00:00,2.2584874
2025-08-07 18:21:06.041645+00:00,2.2584878
2025-08-07 18:21:18.264454+00:00,2.2584874
2025-08-07 18:21:31.348178+00:00,2.2584873
2025-08-07 18:21:43.892582+00:00,2.2584868
2025-08-07 18:21:56.346622+00:00,2.2584879
2025-08-07 18:22:09.636042+00:00,2.2584876
2025-08-07 18:22:22.298316+00:00,2.2584877
2025-08-07 18:22:34.356003+00:00,2.2584873
2025-08-07 18:22:47.446894+00:00,2.2584873
2025-08-07 18:22:59.915538+00:00,2.2584873
2025-08-07 18:23:12.612462+00:00,2.2584877
2025-08-07 18:23:25.408249+00:00,2.2584871
2025-08-07 18:23:38.887593+00:00,2.2584878
2025-08-07 18:23:50.959620+00:00,2.2584877
2025-08-07 18:24:03.943783+00:00,2.2584875
2025-08-07 18:24:16.855344+00:00,2.2584869
2025-08-07 18:24:29.678951+00:00,2.2584875
2025-08-07 18:24:42.552898+00:00,2.2584872
2025-08-07 18:24:55.335863+00:00,2.2584873
2025-08-07 18:25:08.492846+00:00,2.2584875
2025-08-07 18:25:21.732632+00:00,2.258487
2025-08-07 18:25:34.759596+00:00,2.2584872
2025-08-07 18:25:47.627887+00:00,2.2584871
2025-08-07 18:26:00.588733+00:00,2.2584874
2025-08-07 18:26:13.348788+00:00,2.2584882
2025-08-07 18:26:26.239379+00:00,2.2584876
2025-08-07 18:26:39.149583+00:00,2.2584873
2025-08-07 18:26:52.100723+00:00,2.2584875
2025-08-07 18:27:05.090044+00:00,2.2584867
2025-08-07 18:27:17.838921+00:00,2.2584877
2025-08-07 18:27:32.413860+00:00,2.2584877
2025-08-07 18:27:43.487572+00:00,2.2584871
2025-08-07 18:27:56.221010+00:00,2.2584872
2025-08-07 18:28:11.390569+00:00,2.2584877
2025-08-07 18:28:21.656069+00:00,2.258487
2025-08-07 18:28:34.157399+00:00,2.2584872
2025-08-07 18:28:46.914030+00:00,2.2584877
2025-08-07 18:28:59.431954+00:00,2.2584874
2025-08-07 18:29:12.190981+00:00,2.2584871
2025-08-07 18:29:24.593176+00:00,2.2584877
2025-08-07 18:29:37.243866+00:00,2.2584877
2025-08-07 18:29:50.255213+00:00,2.2584878
2025-08-07 18:30:02.900419+00:00,2.2584875
2025-08-07 18:30:16.791383+00:00,2.258487
2025-08-07 18:30:28.175206+00:00,2.2584872
2025-08-07 18:30:41.137888+00:00,2.258488
2025-08-07 18:30:53.446775+00:00,2.2584881
2025-08-07 18:31:06.239472+00:00,2.2584879
2025-08-07 18:31:20.501817+00:00,2.2584876
2025-08-07 18:31:32.032156+00:00,2.2584879
2025-08-07 18:31:44.912653+00:00,2.258488
2025-08-07 18:31:57.906816+00:00,2.258487
2025-08-07 18:32:10.630930+00:00,2.2584877
2025-08-07 18:32:23.527154+00:00,2.258487
2025-08-07 18:32:36.186190+00:00,2.2584875
2025-08-07 18:32:48.901339+00:00,2.2584871
2025-08-07 18:33:01.880682+00:00,2.2584871
2025-08-07 18:33:14.242777+00:00,2.2584873
2025-08-07 18:33:26.838375+00:00,2.258488
2025-08-07 18:33:39.509399+00:00,2.2584874
2025-08-07 18:33:52.313141+00:00,2.2584878
2025-08-07 18:34:05.403265+00:00,2.258488
2025-08-07 18:34:17.676442+00:00,2.2584879
2025-08-07 18:34:31.208620+00:00,2.2584877
2025-08-07 18:34:43.082661+00:00,2.2584877
2025-08-07 18:34:56.057491+00:00,2.2584876
2025-08-07 18:35:09.620709+00:00,2.258487
2025-08-07 18:35:21.944164+00:00,2.2584879
2025-08-07 18:35:35.709319+00:00,2.2584877
2025-08-07 18:35:47.836932+00:00,2.2584875
2025-08-07 18:36:00.840686+00:00,2.2584872
2025-08-07 18:36:14.151055+00:00,2.2584874
2025-08-07 18:36:26.662140+00:00,2.2584868
2025-08-07 18:36:39.715128+00:00,2.2584873
2025-08-07 18:36:52.472186+00:00,2.2584875
2025-08-07 18:37:05.930850+00:00,2.2584873
2025-08-07 18:37:18.189111+00:00,2.2584876
2025-08-07 18:37:31.043346+00:00,2.2584878
2025-08-07 18:37:44.642451+00:00,2.258488
2025-08-07 18:37:56.763226+00:00,2.2584871
2025-08-07 18:38:09.749597+00:00,2.2584881
2025-08-07 18:38:23.628837+00:00,2.2584874
2025-08-07 18:38:35.556706+00:00,2.2584867
2025-08-07 18:38:48.305349+00:00,2.258488
2025-08-07 18:39:01.070735+00:00,2.2584878
2025-08-07 18:39:14.160622+00:00,2.258488
2025-08-07 18:39:25.983175+00:00,2.2584874
2025-08-07 18:39:38.587478+00:00,2.2584874
2025-08-07 18:39:51.143829+00:00,2.258487
2025-08-07 18:40:05.064288+00:00,2.2584874
2025-08-07 18:40:19.858161+00:00,2.258488
2025-08-07 18:40:30.452996+00:00,2.2584872
2025-08-07 18:40:42.160303+00:00,2.258487
2025-08-07 18:40:54.760743+00:00,2.2584874
2025-08-07 18:41:07.733956+00:00,2.2584866
2025-08-07 18:41:23.233688+00:00,2.258487
2025-08-07 18:41:34.066491+00:00,2.2584873
2025-08-07 18:41:46.525372+00:00,2.258488
2025-08-07 18:41:58.334803+00:00,2.2584874
2025-08-07 18:42:11.207829+00:00,2.258487
2025-08-07 18:42:24.440995+00:00,2.2584871
2025-08-07 18:42:36.390251+00:00,2.2584882
2025-08-07 18:42:49.172542+00:00,2.2584872
2025-08-07 18:43:04.947379+00:00,2.2584877
2025-08-07 18:43:17.479254+00:00,2.2584865
2025-08-07 18:43:27.795428+00:00,2.2584873
2025-08-07 18:43:40.384473+00:00,2.2584879
2025-08-07 18:43:53.691759+00:00,2.2584877
2025-08-07 18:44:06.024486+00:00,2.2584878
2025-08-07 18:44:18.791304+00:00,2.2584869
2025-08-07 18:44:31.416504+00:00,2.2584871
2025-08-07 18:44:44.047694+00:00,2.2584875
2025-08-07 18:44:56.821334+00:00,2.2584881
2025-08-07 18:45:09.719232+00:00,2.2584875
2025-08-07 18:45:24.627685+00:00,2.2584875
2025-08-07 18:45:35.249248+00:00,2.258488
2025-08-07 18:45:48.007102+00:00,2.258487
2025-08-07 18:46:00.750900+00:00,2.2584876
2025-08-07 18:46:13.619693+00:00,2.258488
2025-08-07 18:46:26.436562+00:00,2.2584868
2025-08-07 18:46:40.086816+00:00,2.2584882
2025-08-07 18:46:52.389973+00:00,2.2584874
2025-08-07 18:47:05.769598+00:00,2.2584869
2025-08-07 18:47:18.505227+00:00,2.2584872
2025-08-07 18:47:32.127999+00:00,2.2584879
2025-08-07 18:47:44.492749+00:00,2.2584872
2025-08-07 18:47:57.435671+00:00,2.2584879
2025-08-07 18:48:12.185965+00:00,2.2584876
2025-08-07 18:48:23.226545+00:00,2.2584877
2025-08-07 18:48:36.249061+00:00,2.2584877
2025-08-07 18:48:49.335058+00:00,2.2584874
2025-08-07 18:49:02.307332+00:00,2.2584867
2025-08-07 18:49:15.193173+00:00,2.2584873
2025-08-07 18:49:27.551377+00:00,2.2584876
2025-08-07 18:49:40.643766+00:00,2.2584873
2025-08-07 18:49:53.250833+00:00,2.2584875
2025-08-07 18:50:06.821861+00:00,2.2584875
2025-08-07 18:50:19.051119+00:00,2.2584876
2025-08-07 18:50:32.631103+00:00,2.2584876
2025-08-07 18:50:44.047522+00:00,2.258488
2025-08-07 18:50:56.252837+00:00,2.2584875
2025-08-07 18:51:09.061945+00:00,2.2584876
2025-08-07 18:51:22.365245+00:00,2.2584873
2025-08-07 18:51:34.273460+00:00,2.2584878
2025-08-07 18:51:47.103934+00:00,2.2584875
2025-08-07 18:51:59.794388+00:00,2.2584878
2025-08-07 18:52:12.582468+00:00,2.2584874
2025-08-07 18:52:25.576985+00:00,2.2584871
2025-08-07 18:52:38.820407+00:00,2.258488
2025-08-07 18:52:51.013583+00:00,2.2584873
2025-08-07 18:53:03.895662+00:00,2.2584881
2025-08-07 18:53:19.543707+00:00,2.2584877
2025-08-07 18:53:29.878274+00:00,2.2584879
2025-08-07 18:53:41.914097+00:00,2.2584871
2025-08-07 18:53:55.220189+00:00,2.2584871
2025-08-07 18:54:09.125528+00:00,2.2584866
2025-08-07 18:54:20.753213+00:00,2.2584874
2025-08-07 18:54:33.885008+00:00,2.2584869
2025-08-07 18:54:47.564629+00:00,2.2584867
2025-08-07 18:54:58.530805+00:00,2.2584879
2025-08-07 18:55:11.357551+00:00,2.2584878
2025-08-07 18:55:23.917846+00:00,2.2584874
2025-08-07 18:55:36.564821+00:00,2.2584878
2025-08-07 18:55:49.701343+00:00,2.2584871
2025-08-07 18:56:01.956231+00:00,2.2584878
2025-08-07 18:56:14.709344+00:00,2.2584878
2025-08-07 18:56:27.466241+00:00,2.2584875
2025-08-07 18:56:39.889425+00:00,2.258488
2025-08-07 18:56:52.996586+00:00,2.2584881
2025-08-07 18:57:06.021178+00:00,2.2584865
2025-08-07 18:57:18.467738+00:00,2.2584873
2025-08-07 18:57:31.253733+00:00,2.2584862
2025-08-07 18:57:44.408680+00:00,2.2584864
2025-08-07 18:57:57.570307+00:00,2.2584878
2025-08-07 18:58:10.548874+00:00,2.2584871
2025-08-07 18:58:23.465342+00:00,2.2584867
2025-08-07 18:58:36.562059+00:00,2.2584872
2025-08-07 18:58:49.396522+00:00,2.2584877
2025-08-07 18:59:02.523727+00:00,2.2584875
2025-08-07 18:59:15.256056+00:00,2.2584871
2025-08-07 18:59:28.724208+00:00,2.2584881
2025-08-07 18:59:41.205711+00:00,2.2584874
2025-08-07 18:59:54.162219+00:00,2.2584878
2025-08-07 19:00:10.630936+00:00,2.2584878
2025-08-07 19:00:19.364334+00:00,2.2584876
2025-08-07 19:00:33.422372+00:00,2.2584875
2025-08-07 19:00:45.083098+00:00,2.2584878
2025-08-07 19:00:57.846712+00:00,2.2584877
2025-08-07 19:01:10.746943+00:00,2.2584872
2025-08-07 19:01:23.055667+00:00,2.2584874
2025-08-07 19:01:35.533749+00:00,2.2584876
2025-08-07 19:01:48.667199+00:00,2.2584875
2025-08-07 19:02:01.771380+00:00,2.2584877
2025-08-07 19:02:14.113213+00:00,2.2584873
2025-08-07 19:02:26.270347+00:00,2.2584877
2025-08-07 19:02:38.951319+00:00,2.2584877
2025-08-07 19:02:51.653372+00:00,2.2584876
2025-08-07 19:03:04.543272+00:00,2.2584875
2025-08-07 19:03:17.754212+00:00,2.258487
2025-08-07 19:03:30.043459+00:00,2.2584871
2025-08-07 19:03:43.003898+00:00,2.2584878
2025-08-07 19:03:55.843210+00:00,2.2584874
2025-08-07 19:04:08.776934+00:00,2.2584878
2025-08-07 19:04:21.504777+00:00,2.2584871
2025-08-07 19:04:33.952492+00:00,2.2584869
2025-08-07 19:04:47.424011+00:00,2.2584875
2025-08-07 19:05:00.174111+00:00,2.2584878
2025-08-07 19:05:13.699587+00:00,2.2584881
2025-08-07 19:05:29.249522+00:00,2.2584873
2025-08-07 19:05:37.764686+00:00,2.2584872
2025-08-07 19:05:50.621282+00:00,2.2584875
2025-08-07 19:06:03.624320+00:00,2.2584871
2025-08-07 19:06:16.514350+00:00,2.2584872
2025-08-07 19:06:29.372870+00:00,2.2584876
2025-08-07 19:06:42.174481+00:00,2.2584872
2025-08-07 19:07:07.672510+00:00,2.2584871
2025-08-07 19:07:20.618562+00:00,2.2584875
2025-08-07 19:07:46.087030+00:00,2.2584872
2025-08-07 19:07:58.577050+00:00,2.2584875
2025-08-07 19:08:11.206064+00:00,2.2584872
2025-08-07 19:08:26.280867+00:00,2.2584879
2025-08-07 19:08:49.390347+00:00,2.2584873
2025-08-07 19:09:14.845520+00:00,2.2584871
2025-08-07 19:09:40.761168+00:00,2.2584863
2025-08-07 19:09:53.765556+00:00,2.258487
2025-08-07 19:10:06.617902+00:00,2.2584865
2025-08-07 19:10:33.474654+00:00,2.2584872
2025-08-07 19:10:46.016316+00:00,2.2584865
2025-08-07 19:10:58.757203+00:00,2.2584876
2025-08-07 19:11:11.703118+00:00,2.2584864
2025-08-07 19:11:25.068534+00:00,2.2584879
2025-08-07 19:11:37.991209+00:00,2.2584879
2025-08-07 19:11:50.366883+00:00,2.2584875
2025-08-07 19:12:03.312962+00:00,2.2584884
2025-08-07 19:12:16.191435+00:00,2.2584884
2025-08-07 19:12:29.007887+00:00,2.2584865
2025-08-07 19:12:42.766751+00:00,2.2584869
2025-08-07 19:12:54.758312+00:00,2.2584867
2025-08-07 19:13:07.567397+00:00,2.2584866
2025-08-07 19:13:34.387932+00:00,2.2584866
2025-08-07 19:14:10.864388+00:00,2.2584881
2025-08-07 19:14:23.405440+00:00,2.2584871
2025-08-07 19:15:01.400581+00:00,2.2584878
2025-08-07 19:15:14.284964+00:00,2.2584869
2025-08-07 19:15:39.494345+00:00,2.2584878
2025-08-07 19:16:05.508390+00:00,2.2584868
2025-08-07 19:16:17.759839+00:00,2.2584879
2025-08-07 19:16:43.320641+00:00,2.258488
2025-08-07 19:17:33.852505+00:00,2.2584869
2025-08-07 19:17:59.590787+00:00,2.258487
2025-08-07 19:18:13.171867+00:00,2.2584869
2025-08-07 19:18:37.938864+00:00,2.258488
2025-08-07 19:19:41.819114+00:00,2.2584881
2025-08-07 19:20:45.738135+00:00,2.258487
2025-08-07 19:20:58.336754+00:00,2.2584874
2025-08-07 19:22:28.069763+00:00,2.2584861
2025-08-07 19:23:32.936454+00:00,2.2584862
2025-08-07 19:27:22.899663+00:00,2.2584875
