time,counts_ratio
2025-06-21 07:07:27.908058+00:00,2.2584873
2025-06-21 07:09:46.390204+00:00,2.2584876
2025-06-21 07:11:51.240295+00:00,2.2584872
2025-06-21 07:12:28.753353+00:00,2.2584873
2025-06-21 07:14:26.452227+00:00,2.2584876
2025-06-21 07:14:46.117952+00:00,2.2584867
2025-06-21 07:15:25.851077+00:00,2.2584871
2025-06-21 07:15:47.271259+00:00,2.2584879
2025-06-21 07:16:14.403145+00:00,2.2584878
2025-06-21 07:16:51.879115+00:00,2.2584874
2025-06-21 07:17:08.098001+00:00,2.2584872
2025-06-21 07:17:29.853431+00:00,2.2584872
2025-06-21 07:18:09.287306+00:00,2.2584876
2025-06-21 07:18:20.930075+00:00,2.2584881
2025-06-21 07:19:22.555664+00:00,2.2584875
2025-06-21 07:19:35.121716+00:00,2.2584876
2025-06-21 07:19:47.995769+00:00,2.2584878
2025-06-21 07:20:00.560195+00:00,2.2584874
2025-06-21 07:20:26.402035+00:00,2.2584875
2025-06-21 07:20:40.212449+00:00,2.2584876
2025-06-21 07:20:51.210152+00:00,2.2584866
2025-06-21 07:21:04.592277+00:00,2.2584874
2025-06-21 07:21:21.294799+00:00,2.2584872
2025-06-21 07:21:30.275534+00:00,2.2584874
2025-06-21 07:21:48.557359+00:00,2.2584876
2025-06-21 07:22:13.243388+00:00,2.2584871
2025-06-21 07:22:20.220195+00:00,2.2584875
2025-06-21 07:22:33.040247+00:00,2.2584874
2025-06-21 07:22:46.047595+00:00,2.2584875
2025-06-21 07:22:58.266779+00:00,2.2584877
2025-06-21 07:23:47.821225+00:00,2.2584877
2025-06-21 07:23:49.467668+00:00,2.2584872
2025-06-21 07:24:01.880380+00:00,2.2584883
2025-06-21 07:24:26.320656+00:00,2.2584873
2025-06-21 07:24:39.001286+00:00,2.2584874
2025-06-21 07:24:51.630695+00:00,2.2584875
2025-06-21 07:25:42.446412+00:00,2.2584872
2025-06-21 07:25:54.649250+00:00,2.258487
2025-06-21 07:26:08.509526+00:00,2.2584874
2025-06-21 07:26:19.975815+00:00,2.2584872
2025-06-21 07:26:33.125595+00:00,2.258488
2025-06-21 07:26:45.282532+00:00,2.258488
2025-06-21 07:26:58.006005+00:00,2.2584871
2025-06-21 07:27:10.926044+00:00,2.2584877
2025-06-21 07:27:22.910230+00:00,2.258487
2025-06-21 07:27:35.411979+00:00,2.2584875
2025-06-21 07:28:00.312851+00:00,2.258488
2025-06-21 07:29:50.795828+00:00,2.2584881
2025-06-21 07:29:55.045592+00:00,2.2584876
2025-06-21 07:30:08.004167+00:00,2.2584871
2025-06-21 07:30:21.012885+00:00,2.2584878
2025-06-21 07:30:33.695896+00:00,2.2584874
2025-06-21 07:30:46.346077+00:00,2.2584877
2025-06-21 07:30:58.802736+00:00,2.2584874
2025-06-21 07:31:12.036598+00:00,2.2584874
2025-06-21 07:31:24.584234+00:00,2.258487
2025-06-21 07:31:43.302079+00:00,2.2584876
2025-06-21 07:31:51.585812+00:00,2.2584877
2025-06-21 07:32:02.634174+00:00,2.2584881
2025-06-21 07:32:18.285565+00:00,2.2584878
2025-06-21 07:32:29.380002+00:00,2.2584877
2025-06-21 07:32:43.092895+00:00,2.2584876
2025-06-21 07:33:05.617759+00:00,2.2584874
2025-06-21 07:33:20.833059+00:00,2.2584873
2025-06-21 07:33:43.061364+00:00,2.2584877
2025-06-21 07:33:55.316113+00:00,2.2584872
2025-06-21 07:34:08.339360+00:00,2.2584876
2025-06-21 07:34:20.640494+00:00,2.2584869
2025-06-21 07:34:36.122814+00:00,2.2584872
2025-06-21 07:34:50.741665+00:00,2.2584873
2025-06-21 07:34:58.326096+00:00,2.2584873
2025-06-21 07:35:12.237127+00:00,2.2584876
2025-06-21 07:35:24.250542+00:00,2.2584867
2025-06-21 07:35:40.222208+00:00,2.2584872
2025-06-21 07:35:48.720177+00:00,2.2584869
2025-06-21 07:36:15.296394+00:00,2.2584876
2025-06-21 07:36:39.495133+00:00,2.2584874
2025-06-21 07:37:04.695194+00:00,2.258488
2025-06-21 07:37:16.582536+00:00,2.258487
2025-06-21 07:37:28.816760+00:00,2.2584874
2025-06-21 07:37:41.303418+00:00,2.2584877
2025-06-21 07:37:53.923396+00:00,2.2584871
2025-06-21 07:38:06.545469+00:00,2.2584876
2025-06-21 07:38:19.128526+00:00,2.2584876
2025-06-21 07:38:32.434764+00:00,2.2584877
2025-06-21 07:38:44.111000+00:00,2.2584872
2025-06-21 07:39:08.852755+00:00,2.2584878
2025-06-21 07:39:10.297840+00:00,2.2584879
2025-06-21 07:39:22.709737+00:00,2.2584872
2025-06-21 07:39:36.039592+00:00,2.2584873
2025-06-21 07:39:48.615061+00:00,2.2584868
2025-06-21 07:40:01.483092+00:00,2.2584877
2025-06-21 07:40:15.869054+00:00,2.2584878
2025-06-21 07:40:27.845695+00:00,2.2584881
2025-06-21 07:40:40.842823+00:00,2.2584878
2025-06-21 07:40:52.934479+00:00,2.2584875
2025-06-21 07:41:44.153198+00:00,2.2584876
2025-06-21 07:41:56.051032+00:00,2.2584881
2025-06-21 07:42:09.210559+00:00,2.2584875
2025-06-21 07:42:21.739009+00:00,2.258487
2025-06-21 07:42:34.620424+00:00,2.2584871
2025-06-21 07:42:50.369315+00:00,2.2584879
2025-06-21 07:43:00.134426+00:00,2.2584875
2025-06-21 07:43:24.420226+00:00,2.2584868
2025-06-21 07:43:37.307911+00:00,2.2584876
2025-06-21 07:44:02.858886+00:00,2.258487
2025-06-21 07:44:15.098013+00:00,2.2584878
2025-06-21 07:44:27.263101+00:00,2.2584877
2025-06-21 07:44:39.608590+00:00,2.258487
2025-06-21 07:44:52.595959+00:00,2.2584873
2025-06-21 07:45:05.422776+00:00,2.258487
2025-06-21 07:45:18.138427+00:00,2.2584869
2025-06-21 07:45:30.547104+00:00,2.2584879
2025-06-21 07:45:43.237046+00:00,2.2584875
2025-06-21 07:45:55.569078+00:00,2.2584874
2025-06-21 07:46:08.372117+00:00,2.2584875
2025-06-21 07:46:20.960922+00:00,2.2584876
2025-06-21 07:46:34.336035+00:00,2.2584872
2025-06-21 07:47:04.267777+00:00,2.2584874
2025-06-21 07:47:11.529027+00:00,2.2584873
2025-06-21 07:47:28.869211+00:00,2.2584876
2025-06-21 07:47:36.279550+00:00,2.2584875
2025-06-21 07:47:49.018037+00:00,2.2584874
2025-06-21 07:48:01.384105+00:00,2.258488
2025-06-21 07:48:13.818460+00:00,2.2584878
2025-06-21 07:48:26.325064+00:00,2.2584872
2025-06-21 07:48:38.728747+00:00,2.2584873
2025-06-21 07:48:54.904951+00:00,2.2584872
2025-06-21 07:49:09.598497+00:00,2.2584872
2025-06-21 07:49:16.924916+00:00,2.2584873
2025-06-21 07:49:29.468505+00:00,2.2584878
2025-06-21 07:49:42.201784+00:00,2.2584871
2025-06-21 07:49:58.141061+00:00,2.2584872
2025-06-21 07:50:08.323366+00:00,2.2584876
2025-06-21 07:50:46.505159+00:00,2.258487
2025-06-21 07:50:59.603082+00:00,2.2584878
2025-06-21 07:51:12.103532+00:00,2.2584872
2025-06-21 07:51:24.913898+00:00,2.2584876
2025-06-21 07:51:37.224237+00:00,2.258487
2025-06-21 07:51:49.939170+00:00,2.2584869
2025-06-21 07:52:02.791098+00:00,2.2584876
2025-06-21 07:52:15.462245+00:00,2.2584873
2025-06-21 07:52:44.388439+00:00,2.2584877
2025-06-21 07:52:53.097093+00:00,2.2584877
2025-06-21 07:53:15.909437+00:00,2.258487
2025-06-21 07:53:18.635992+00:00,2.2584875
2025-06-21 07:53:31.251356+00:00,2.2584873
2025-06-21 07:53:47.109130+00:00,2.2584877
2025-06-21 07:53:55.359411+00:00,2.2584877
2025-06-21 07:54:20.886071+00:00,2.2584861
2025-06-21 07:54:32.921527+00:00,2.2584869
2025-06-21 07:54:45.858399+00:00,2.2584878
2025-06-21 07:54:58.398564+00:00,2.2584873
2025-06-21 07:55:10.817253+00:00,2.2584878
2025-06-21 07:55:23.388408+00:00,2.2584876
2025-06-21 07:55:36.398097+00:00,2.2584878
2025-06-21 07:55:48.860167+00:00,2.2584879
2025-06-21 07:56:13.809559+00:00,2.2584876
2025-06-21 07:56:26.092036+00:00,2.2584873
2025-06-21 07:56:38.681124+00:00,2.2584877
2025-06-21 07:56:51.399478+00:00,2.2584871
2025-06-21 07:57:03.975510+00:00,2.2584879
2025-06-21 07:57:16.766879+00:00,2.2584876
2025-06-21 07:57:29.390333+00:00,2.258487
2025-06-21 07:57:41.255478+00:00,2.2584877
2025-06-21 07:57:53.765140+00:00,2.2584875
2025-06-21 07:58:07.130514+00:00,2.258487
2025-06-21 07:58:19.922556+00:00,2.2584868
2025-06-21 07:58:31.903134+00:00,2.2584876
2025-06-21 07:58:44.357589+00:00,2.2584871
2025-06-21 07:58:57.180022+00:00,2.2584871
2025-06-21 07:59:10.386257+00:00,2.2584875
2025-06-21 07:59:22.922372+00:00,2.2584874
2025-06-21 07:59:35.933648+00:00,2.258487
2025-06-21 07:59:50.293064+00:00,2.2584868
2025-06-21 08:00:02.437968+00:00,2.2584874
2025-06-21 08:00:14.548622+00:00,2.2584877
2025-06-21 08:00:27.599065+00:00,2.2584877
2025-06-21 08:00:40.920728+00:00,2.2584873
2025-06-21 08:00:52.514339+00:00,2.2584876
2025-06-21 08:01:05.881008+00:00,2.2584875
2025-06-21 08:01:43.178774+00:00,2.2584878
2025-06-21 08:01:55.883389+00:00,2.2584874
2025-06-21 08:02:09.222421+00:00,2.2584874
2025-06-21 08:02:59.159348+00:00,2.2584877
2025-06-21 08:03:13.424078+00:00,2.2584873
2025-06-21 08:03:24.384493+00:00,2.2584877
2025-06-21 08:03:36.786114+00:00,2.2584872
2025-06-21 08:03:56.652034+00:00,2.2584876
2025-06-21 08:04:01.909757+00:00,2.2584877
2025-06-21 08:04:26.161702+00:00,2.2584872
2025-06-21 08:04:38.962699+00:00,2.2584873
2025-06-21 08:04:51.358243+00:00,2.2584874
2025-06-21 08:05:04.174926+00:00,2.2584874
2025-06-21 08:05:17.487296+00:00,2.2584871
2025-06-21 08:05:29.486471+00:00,2.2584872
2025-06-21 08:05:51.467191+00:00,2.2584876
2025-06-21 08:06:32.092959+00:00,2.2584878
2025-06-21 08:06:47.462385+00:00,2.2584876
2025-06-21 08:07:07.780440+00:00,2.2584869
2025-06-21 08:07:09.697530+00:00,2.2584877
2025-06-21 08:07:21.996109+00:00,2.2584872
2025-06-21 08:07:34.753923+00:00,2.2584871
2025-06-21 08:07:47.537089+00:00,2.2584868
2025-06-21 08:07:59.423456+00:00,2.2584879
2025-06-21 08:08:14.508663+00:00,2.2584876
2025-06-21 08:08:37.212845+00:00,2.2584876
2025-06-21 08:08:49.786301+00:00,2.2584874
2025-06-21 08:09:02.919039+00:00,2.2584876
2025-06-21 08:09:17.254142+00:00,2.2584869
2025-06-21 08:09:28.540420+00:00,2.2584875
2025-06-21 08:09:41.389970+00:00,2.2584871
2025-06-21 08:09:54.076847+00:00,2.2584873
2025-06-21 08:10:07.841656+00:00,2.2584879
2025-06-21 08:10:20.324899+00:00,2.2584876
2025-06-21 08:10:33.312440+00:00,2.2584869
2025-06-21 08:10:46.440570+00:00,2.2584875
2025-06-21 08:11:01.434530+00:00,2.2584876
2025-06-21 08:11:11.666776+00:00,2.2584876
2025-06-21 08:11:26.338291+00:00,2.2584873
2025-06-21 08:11:36.497282+00:00,2.2584871
2025-06-21 08:11:49.263259+00:00,2.2584871
2025-06-21 08:12:03.913150+00:00,2.2584875
2025-06-21 08:12:14.447574+00:00,2.2584876
2025-06-21 08:12:27.069959+00:00,2.2584862
2025-06-21 08:12:41.848072+00:00,2.2584879
2025-06-21 08:12:52.590454+00:00,2.2584873
2025-06-21 08:13:06.219982+00:00,2.2584876
2025-06-21 08:13:18.349956+00:00,2.2584877
2025-06-21 08:13:30.883505+00:00,2.258487
2025-06-21 08:13:43.915295+00:00,2.258487
2025-06-21 08:13:55.796485+00:00,2.2584875
2025-06-21 08:14:08.961732+00:00,2.2584869
2025-06-21 08:14:20.657057+00:00,2.2584873
2025-06-21 08:14:33.264343+00:00,2.2584878
2025-06-21 08:14:47.206260+00:00,2.2584877
2025-06-21 08:14:58.234667+00:00,2.2584877
2025-06-21 08:15:23.685266+00:00,2.2584871
2025-06-21 08:15:36.835980+00:00,2.2584874
2025-06-21 08:15:48.758410+00:00,2.2584877
2025-06-21 08:16:00.937273+00:00,2.2584874
2025-06-21 08:16:14.308535+00:00,2.2584878
2025-06-21 08:16:26.062005+00:00,2.2584876
2025-06-21 08:16:38.887640+00:00,2.2584875
2025-06-21 08:16:51.408164+00:00,2.2584877
2025-06-21 08:17:04.049743+00:00,2.2584874
2025-06-21 08:17:16.541072+00:00,2.2584872
2025-06-21 08:17:28.829847+00:00,2.258487
2025-06-21 08:17:41.301697+00:00,2.2584872
2025-06-21 08:17:54.600200+00:00,2.2584874
2025-06-21 08:18:08.525787+00:00,2.2584876
2025-06-21 08:18:19.992842+00:00,2.2584872
2025-06-21 08:18:32.213123+00:00,2.2584871
2025-06-21 08:18:44.079502+00:00,2.2584871
2025-06-21 08:18:56.769348+00:00,2.2584873
2025-06-21 08:19:09.857759+00:00,2.2584878
2025-06-21 08:19:22.357350+00:00,2.2584867
2025-06-21 08:19:34.808322+00:00,2.2584874
2025-06-21 08:19:47.828522+00:00,2.2584876
2025-06-21 08:20:00.617106+00:00,2.2584877
2025-06-21 08:20:13.244712+00:00,2.2584873
2025-06-21 08:20:26.824851+00:00,2.2584873
2025-06-21 08:20:38.693617+00:00,2.2584877
2025-06-21 08:20:51.441324+00:00,2.2584874
2025-06-21 08:21:04.393676+00:00,2.2584867
2025-06-21 08:21:16.918363+00:00,2.2584875
2025-06-21 08:21:30.013837+00:00,2.2584879
2025-06-21 08:21:42.705670+00:00,2.2584873
2025-06-21 08:21:55.089513+00:00,2.2584871
2025-06-21 08:22:08.858438+00:00,2.2584879
2025-06-21 08:23:25.476252+00:00,2.2584876
2025-06-21 08:24:38.568409+00:00,2.2584871
2025-06-21 08:24:50.698026+00:00,2.258487
2025-06-21 08:25:14.268078+00:00,2.2584871
2025-06-21 08:25:16.430169+00:00,2.2584875
2025-06-21 08:25:34.282948+00:00,2.2584873
2025-06-21 08:25:43.073199+00:00,2.2584875
2025-06-21 08:25:54.236079+00:00,2.2584876
2025-06-21 08:26:07.227738+00:00,2.2584876
2025-06-21 08:26:19.503064+00:00,2.2584878
2025-06-21 08:26:32.293037+00:00,2.258487
2025-06-21 08:26:44.571934+00:00,2.258487
2025-06-21 08:26:57.188429+00:00,2.258487
2025-06-21 08:27:10.191136+00:00,2.2584879
2025-06-21 08:27:24.567728+00:00,2.2584877
2025-06-21 08:27:35.157784+00:00,2.2584873
2025-06-21 08:27:47.872652+00:00,2.2584879
2025-06-21 08:28:00.188954+00:00,2.2584871
2025-06-21 08:28:13.262818+00:00,2.2584878
2025-06-21 08:28:26.035941+00:00,2.2584879
2025-06-21 08:28:38.297426+00:00,2.2584877
2025-06-21 08:28:50.736020+00:00,2.2584877
2025-06-21 08:29:03.572223+00:00,2.258487
2025-06-21 08:29:16.752128+00:00,2.2584877
2025-06-21 08:29:28.329130+00:00,2.2584871
2025-06-21 08:32:09.117243+00:00,2.2584871
2025-06-21 08:32:13.855349+00:00,2.258487
2025-06-21 08:32:39.241186+00:00,2.2584875
2025-06-21 08:32:51.889769+00:00,2.2584877
2025-06-21 08:33:04.816125+00:00,2.2584877
2025-06-21 08:33:42.656915+00:00,2.2584871
2025-06-21 08:33:55.468961+00:00,2.258487
2025-06-21 08:34:08.339747+00:00,2.2584873
2025-06-21 08:34:22.368526+00:00,2.2584871
2025-06-21 08:34:45.190919+00:00,2.2584873
2025-06-21 08:34:59.378522+00:00,2.2584879
2025-06-21 08:35:11.218420+00:00,2.258488
2025-06-21 08:35:23.900312+00:00,2.2584873
2025-06-21 08:35:36.445774+00:00,2.2584871
2025-06-21 08:35:48.828102+00:00,2.2584874
2025-06-21 08:36:01.477372+00:00,2.2584874
2025-06-21 08:36:14.575789+00:00,2.2584877
2025-06-21 08:36:28.409160+00:00,2.2584874
2025-06-21 08:36:39.706483+00:00,2.2584871
2025-06-21 08:36:52.316773+00:00,2.2584869
2025-06-21 08:37:05.685919+00:00,2.2584873
2025-06-21 08:37:19.943655+00:00,2.2584874
2025-06-21 08:37:30.358407+00:00,2.2584875
2025-06-21 08:37:42.864848+00:00,2.2584876
2025-06-21 08:37:56.373806+00:00,2.2584872
2025-06-21 08:38:08.100676+00:00,2.2584877
2025-06-21 08:38:20.689981+00:00,2.2584872
2025-06-21 08:38:41.918707+00:00,2.2584876
2025-06-21 08:38:56.152234+00:00,2.2584871
2025-06-21 08:39:13.243516+00:00,2.2584872
2025-06-21 08:39:22.819535+00:00,2.2584875
2025-06-21 08:39:35.535704+00:00,2.258488
2025-06-21 08:39:52.236588+00:00,2.258487
2025-06-21 08:40:00.926950+00:00,2.2584871
2025-06-21 08:40:13.800936+00:00,2.2584878
2025-06-21 08:40:26.538160+00:00,2.2584874
2025-06-21 08:40:39.328995+00:00,2.2584872
2025-06-21 08:40:53.396692+00:00,2.2584871
2025-06-21 08:41:24.934670+00:00,2.2584877
2025-06-21 08:41:31.052527+00:00,2.2584879
2025-06-21 08:41:46.601275+00:00,2.2584875
2025-06-21 08:41:56.255813+00:00,2.2584876
2025-06-21 08:42:09.026545+00:00,2.258487
2025-06-21 08:42:22.770198+00:00,2.2584878
2025-06-21 08:42:41.880812+00:00,2.2584874
2025-06-21 08:42:47.332250+00:00,2.258487
2025-06-21 08:42:59.885705+00:00,2.2584878
2025-06-21 08:43:12.734462+00:00,2.2584878
2025-06-21 08:43:27.192268+00:00,2.2584872
2025-06-21 08:43:50.647892+00:00,2.2584869
2025-06-21 08:44:05.907907+00:00,2.2584873
2025-06-21 08:44:22.700109+00:00,2.2584878
2025-06-21 08:44:37.115309+00:00,2.2584871
2025-06-21 08:44:40.276769+00:00,2.2584875
2025-06-21 08:44:52.836102+00:00,2.2584869
2025-06-21 08:45:05.418938+00:00,2.258487
2025-06-21 08:45:17.989061+00:00,2.2584879
2025-06-21 08:45:31.155927+00:00,2.2584872
2025-06-21 08:45:43.225585+00:00,2.258487
2025-06-21 08:45:55.971049+00:00,2.2584871
2025-06-21 08:46:08.955081+00:00,2.2584876
2025-06-21 08:46:21.230264+00:00,2.258487
2025-06-21 08:46:34.221710+00:00,2.2584874
2025-06-21 08:46:53.229209+00:00,2.2584869
2025-06-21 08:47:03.569410+00:00,2.2584875
2025-06-21 08:47:12.083519+00:00,2.2584868
2025-06-21 08:47:24.483350+00:00,2.2584874
2025-06-21 08:47:37.762327+00:00,2.2584879
2025-06-21 08:47:52.695966+00:00,2.2584873
2025-06-21 08:48:06.869076+00:00,2.2584871
2025-06-21 08:48:15.094207+00:00,2.2584871
2025-06-21 08:48:40.368352+00:00,2.2584877
2025-06-21 08:48:52.800892+00:00,2.2584868
2025-06-21 08:49:05.349973+00:00,2.258487
2025-06-21 08:49:18.033117+00:00,2.2584876
2025-06-21 08:49:29.927735+00:00,2.2584875
2025-06-21 08:49:42.827298+00:00,2.2584873
2025-06-21 08:49:55.200213+00:00,2.2584873
2025-06-21 08:50:09.697884+00:00,2.2584873
2025-06-21 08:50:20.799497+00:00,2.2584869
2025-06-21 08:50:33.837889+00:00,2.2584868
2025-06-21 08:50:46.248505+00:00,2.2584874
2025-06-21 08:50:58.796390+00:00,2.2584873
2025-06-21 08:51:11.873282+00:00,2.2584875
2025-06-21 08:51:24.583357+00:00,2.2584875
2025-06-21 08:51:37.393574+00:00,2.2584875
2025-06-21 08:51:50.141661+00:00,2.2584872
2025-06-21 08:52:03.036064+00:00,2.2584868
2025-06-21 08:52:15.540775+00:00,2.2584874
2025-06-21 08:52:28.326237+00:00,2.258487
2025-06-21 08:52:41.005819+00:00,2.2584878
2025-06-21 08:52:53.738434+00:00,2.2584871
2025-06-21 08:53:06.799902+00:00,2.2584871
2025-06-21 08:53:19.650035+00:00,2.258487
2025-06-21 08:53:32.359754+00:00,2.2584879
2025-06-21 08:53:51.155251+00:00,2.258488
2025-06-21 08:54:10.666526+00:00,2.258487
2025-06-21 08:54:23.435891+00:00,2.2584878
2025-06-21 08:54:44.085005+00:00,2.2584871
2025-06-21 08:55:12.974318+00:00,2.2584881
2025-06-21 08:55:25.697971+00:00,2.2584868
2025-06-21 08:55:38.448954+00:00,2.2584876
2025-06-21 08:55:50.550390+00:00,2.2584874
2025-06-21 08:56:03.260467+00:00,2.2584872
2025-06-21 08:56:15.871541+00:00,2.2584876
2025-06-21 08:56:28.746794+00:00,2.2584881
2025-06-21 08:56:41.279520+00:00,2.2584875
2025-06-21 08:56:53.848904+00:00,2.2584871
2025-06-21 08:57:19.025414+00:00,2.2584872
2025-06-21 08:57:33.681327+00:00,2.2584877
2025-06-21 08:57:56.560482+00:00,2.2584872
2025-06-21 08:58:13.465360+00:00,2.2584872
2025-06-21 08:58:36.499404+00:00,2.2584874
2025-06-21 08:58:46.673700+00:00,2.2584877
2025-06-21 08:58:59.109279+00:00,2.2584874
2025-06-21 08:59:11.722371+00:00,2.2584877
2025-06-21 08:59:23.988493+00:00,2.2584873
2025-06-21 08:59:43.714134+00:00,2.258487
2025-06-21 08:59:49.370454+00:00,2.2584877
2025-06-21 09:00:02.632044+00:00,2.2584875
2025-06-21 09:00:27.746350+00:00,2.2584877
2025-06-21 09:00:41.184041+00:00,2.2584875
2025-06-21 09:00:53.495566+00:00,2.2584869
2025-06-21 09:01:06.082169+00:00,2.2584878
2025-06-21 09:01:18.731452+00:00,2.2584868
2025-06-21 09:01:31.803011+00:00,2.2584876
2025-06-21 09:01:44.053015+00:00,2.2584873
2025-06-21 09:01:57.035848+00:00,2.2584874
2025-06-21 09:02:10.235507+00:00,2.2584869
2025-06-21 09:02:22.361694+00:00,2.258487
2025-06-21 09:02:34.919488+00:00,2.2584868
2025-06-21 09:02:53.105520+00:00,2.2584873
2025-06-21 09:03:00.962254+00:00,2.2584869
2025-06-21 09:03:13.933226+00:00,2.2584881
2025-06-21 09:03:25.825689+00:00,2.2584876
2025-06-21 09:03:38.426477+00:00,2.258487
2025-06-21 09:03:51.193561+00:00,2.258487
2025-06-21 09:04:11.261990+00:00,2.2584871
2025-06-21 09:04:17.126647+00:00,2.2584878
2025-06-21 09:04:29.390053+00:00,2.2584874
2025-06-21 09:04:49.207856+00:00,2.2584876
2025-06-21 09:05:28.944039+00:00,2.2584876
2025-06-21 09:05:32.265701+00:00,2.2584873
2025-06-21 09:05:44.449428+00:00,2.2584875
2025-06-21 09:05:57.041463+00:00,2.2584874
2025-06-21 09:06:10.078005+00:00,2.2584873
2025-06-21 09:06:22.062965+00:00,2.2584877
2025-06-21 09:06:34.417846+00:00,2.2584876
2025-06-21 09:06:49.611301+00:00,2.2584874
2025-06-21 09:06:59.617758+00:00,2.2584868
2025-06-21 09:07:12.423909+00:00,2.2584877
2025-06-21 09:07:26.398549+00:00,2.2584875
2025-06-21 09:07:37.749137+00:00,2.2584875
2025-06-21 09:07:50.518849+00:00,2.258487
2025-06-21 09:08:02.895127+00:00,2.2584872
2025-06-21 09:08:15.019274+00:00,2.2584872
2025-06-21 09:08:29.288080+00:00,2.2584876
2025-06-21 09:08:40.190189+00:00,2.2584873
2025-06-21 09:08:52.717895+00:00,2.2584873
2025-06-21 09:09:11.318398+00:00,2.2584868
2025-06-21 09:09:19.602874+00:00,2.258487
2025-06-21 09:09:35.751485+00:00,2.2584869
2025-06-21 09:09:44.936656+00:00,2.2584875
2025-06-21 09:09:59.522010+00:00,2.2584874
2025-06-21 09:10:08.508380+00:00,2.2584874
2025-06-21 09:10:24.430909+00:00,2.2584877
2025-06-21 09:10:34.117419+00:00,2.2584878
2025-06-21 09:10:46.333148+00:00,2.258487
2025-06-21 09:10:59.111973+00:00,2.2584875
2025-06-21 09:11:11.797734+00:00,2.2584873
2025-06-21 09:11:25.168649+00:00,2.2584873
2025-06-21 09:12:03.440329+00:00,2.258487
2025-06-21 09:12:28.178270+00:00,2.258488
2025-06-21 09:12:53.671545+00:00,2.2584873
2025-06-21 09:13:13.961720+00:00,2.2584876
2025-06-21 09:13:19.409243+00:00,2.2584873
2025-06-21 09:13:32.246941+00:00,2.2584871
2025-06-21 09:13:44.730891+00:00,2.258487
2025-06-21 09:13:57.108897+00:00,2.2584878
2025-06-21 09:14:12.198151+00:00,2.2584871
2025-06-21 09:14:22.512547+00:00,2.2584873
2025-06-21 09:14:35.291047+00:00,2.2584872
2025-06-21 09:14:48.563326+00:00,2.2584871
2025-06-21 09:15:00.991989+00:00,2.2584872
2025-06-21 09:15:13.579531+00:00,2.2584876
2025-06-21 09:15:38.120813+00:00,2.2584878
2025-06-21 09:15:50.731747+00:00,2.2584874
2025-06-21 09:16:27.804259+00:00,2.2584877
2025-06-21 09:16:40.101381+00:00,2.2584875
2025-06-21 09:17:06.257144+00:00,2.2584876
2025-06-21 09:17:20.609040+00:00,2.2584877
2025-06-21 09:17:31.181410+00:00,2.2584871
2025-06-21 09:17:43.433185+00:00,2.2584868
2025-06-21 09:17:55.909845+00:00,2.2584871
2025-06-21 09:18:09.026047+00:00,2.2584871
2025-06-21 09:18:20.919075+00:00,2.2584873
2025-06-21 09:18:33.491491+00:00,2.2584876
2025-06-21 09:18:51.121039+00:00,2.2584878
2025-06-21 09:18:58.599377+00:00,2.2584871
2025-06-21 09:19:11.193352+00:00,2.2584869
2025-06-21 09:19:23.620595+00:00,2.2584874
2025-06-21 09:19:39.866203+00:00,2.2584871
2025-06-21 09:19:48.825855+00:00,2.2584871
2025-06-21 09:20:01.667878+00:00,2.2584876
2025-06-21 09:20:14.417581+00:00,2.2584873
2025-06-21 09:20:26.621171+00:00,2.2584869
2025-06-21 09:20:39.215562+00:00,2.2584876
2025-06-21 09:20:51.827737+00:00,2.2584871
2025-06-21 09:21:15.832627+00:00,2.2584876
2025-06-21 09:21:23.216424+00:00,2.2584877
2025-06-21 09:21:50.971551+00:00,2.2584875
2025-06-21 09:22:38.144293+00:00,2.2584871
2025-06-21 09:22:49.687014+00:00,2.258487
2025-06-21 09:23:12.056370+00:00,2.2584869
2025-06-21 09:23:25.102580+00:00,2.2584867
2025-06-21 09:23:37.735324+00:00,2.2584877
2025-06-21 09:23:51.233005+00:00,2.2584874
2025-06-21 09:24:04.383490+00:00,2.2584874
2025-06-21 09:24:16.533925+00:00,2.2584871
2025-06-21 09:24:29.120315+00:00,2.2584876
2025-06-21 09:24:40.969369+00:00,2.2584869
2025-06-21 09:24:53.374596+00:00,2.2584875
2025-06-21 09:25:07.236083+00:00,2.2584875
2025-06-21 09:25:19.161001+00:00,2.2584874
2025-06-21 09:25:33.137323+00:00,2.2584877
2025-06-21 09:25:43.560676+00:00,2.2584867
2025-06-21 09:25:57.774727+00:00,2.2584874
2025-06-21 09:26:10.138744+00:00,2.2584874
2025-06-21 09:26:22.268701+00:00,2.2584877
2025-06-21 09:26:34.222414+00:00,2.258487
2025-06-21 09:26:52.775070+00:00,2.2584872
2025-06-21 09:27:00.933596+00:00,2.258487
2025-06-21 09:27:14.640251+00:00,2.2584874
2025-06-21 09:27:24.406757+00:00,2.2584873
2025-06-21 09:27:36.880592+00:00,2.2584873
2025-06-21 09:27:49.549770+00:00,2.2584873
2025-06-21 09:28:02.331687+00:00,2.2584872
2025-06-21 09:28:15.629374+00:00,2.2584873
2025-06-21 09:28:28.282032+00:00,2.2584877
2025-06-21 09:28:41.478085+00:00,2.2584876
2025-06-21 09:28:52.423934+00:00,2.2584872
2025-06-21 09:29:05.455880+00:00,2.258487
2025-06-21 09:29:18.648904+00:00,2.2584869
2025-06-21 09:29:33.945336+00:00,2.2584877
2025-06-21 09:29:42.562231+00:00,2.2584873
2025-06-21 09:29:55.434253+00:00,2.2584867
2025-06-21 09:30:08.052500+00:00,2.2584877
2025-06-21 09:30:21.543535+00:00,2.2584873
2025-06-21 09:30:33.578082+00:00,2.2584873
2025-06-21 09:30:50.828681+00:00,2.2584873
2025-06-21 09:31:11.846488+00:00,2.2584871
2025-06-21 09:31:24.609482+00:00,2.2584873
2025-06-21 09:31:37.251131+00:00,2.2584868
2025-06-21 09:31:50.861594+00:00,2.258488
2025-06-21 09:32:03.582497+00:00,2.2584868
2025-06-21 09:32:15.934259+00:00,2.2584873
2025-06-21 09:32:28.427664+00:00,2.2584875
2025-06-21 09:32:41.710040+00:00,2.2584874
2025-06-21 09:32:54.013389+00:00,2.2584872
2025-06-21 09:33:07.294565+00:00,2.2584879
2025-06-21 09:33:19.643929+00:00,2.2584878
2025-06-21 09:33:32.689851+00:00,2.2584871
2025-06-21 09:33:45.106890+00:00,2.2584876
2025-06-21 09:33:57.860845+00:00,2.2584873
2025-06-21 09:34:10.809337+00:00,2.2584871
2025-06-21 09:34:23.716895+00:00,2.2584874
2025-06-21 09:34:35.881134+00:00,2.2584872
2025-06-21 09:35:00.795371+00:00,2.2584868
2025-06-21 09:35:20.417271+00:00,2.2584873
2025-06-21 09:35:25.824771+00:00,2.2584875
2025-06-21 09:35:38.346868+00:00,2.2584871
2025-06-21 09:35:50.571325+00:00,2.2584877
2025-06-21 09:36:03.559585+00:00,2.258487
2025-06-21 09:36:16.821954+00:00,2.2584871
2025-06-21 09:36:38.845806+00:00,2.2584876
2025-06-21 09:36:41.979945+00:00,2.2584883
2025-06-21 09:37:07.396105+00:00,2.2584873
2025-06-21 09:37:19.621672+00:00,2.2584877
2025-06-21 09:37:32.476048+00:00,2.258487
2025-06-21 09:37:45.467109+00:00,2.258487
2025-06-21 09:37:57.472062+00:00,2.2584875
2025-06-21 09:38:10.204929+00:00,2.258487
2025-06-21 09:38:22.979861+00:00,2.2584879
2025-06-21 09:38:34.962866+00:00,2.2584868
2025-06-21 09:38:59.560671+00:00,2.2584872
2025-06-21 09:39:16.625926+00:00,2.2584876
2025-06-21 09:39:25.370470+00:00,2.2584871
2025-06-21 09:39:38.619797+00:00,2.2584877
2025-06-21 09:39:50.526982+00:00,2.2584875
2025-06-21 09:40:03.005534+00:00,2.2584875
2025-06-21 09:40:15.570108+00:00,2.2584875
2025-06-21 09:40:28.655567+00:00,2.2584873
2025-06-21 09:40:41.019261+00:00,2.2584868
2025-06-21 09:40:54.717753+00:00,2.2584876
2025-06-21 09:41:07.472740+00:00,2.2584874
2025-06-21 09:41:19.737563+00:00,2.2584878
2025-06-21 09:41:32.917894+00:00,2.2584875
2025-06-21 09:41:46.744571+00:00,2.2584874
2025-06-21 09:42:01.865655+00:00,2.2584876
2025-06-21 09:42:20.587373+00:00,2.2584877
2025-06-21 09:42:24.532413+00:00,2.2584879
2025-06-21 09:42:36.407389+00:00,2.2584872
2025-06-21 09:42:49.748626+00:00,2.2584877
2025-06-21 09:43:01.888968+00:00,2.2584876
2025-06-21 09:43:14.485376+00:00,2.2584869
2025-06-21 09:43:27.306227+00:00,2.2584875
2025-06-21 09:43:41.145261+00:00,2.2584875
2025-06-21 09:43:53.003523+00:00,2.2584872
2025-06-21 09:44:07.031331+00:00,2.2584868
2025-06-21 09:44:18.436548+00:00,2.2584872
2025-06-21 09:44:32.731987+00:00,2.2584873
2025-06-21 09:44:43.637864+00:00,2.2584876
2025-06-21 09:44:56.140889+00:00,2.2584873
2025-06-21 09:45:08.972651+00:00,2.258487
2025-06-21 09:45:21.488998+00:00,2.2584872
2025-06-21 09:45:34.163042+00:00,2.2584872
2025-06-21 09:45:46.418206+00:00,2.258487
2025-06-21 09:45:58.527049+00:00,2.2584874
2025-06-21 09:46:45.533736+00:00,2.2584872
2025-06-21 09:47:30.252930+00:00,2.2584876
2025-06-21 09:48:39.599523+00:00,2.2584869
2025-06-21 09:48:44.330875+00:00,2.2584876
2025-06-21 09:49:29.469552+00:00,2.258487
2025-06-21 09:49:45.665255+00:00,2.2584877
2025-06-21 09:49:58.241479+00:00,2.2584872
2025-06-21 09:50:10.685629+00:00,2.2584875
2025-06-21 09:50:23.325390+00:00,2.2584874
2025-06-21 09:50:35.938014+00:00,2.2584875
2025-06-21 09:50:48.312060+00:00,2.2584874
2025-06-21 09:51:00.950481+00:00,2.2584869
2025-06-21 09:51:14.008656+00:00,2.2584872
2025-06-21 09:51:26.604751+00:00,2.2584872
2025-06-21 09:51:39.513845+00:00,2.2584871
2025-06-21 09:52:16.187856+00:00,2.258487
2025-06-21 09:52:18.528172+00:00,2.2584873
2025-06-21 09:52:30.886885+00:00,2.2584874
2025-06-21 09:52:43.555428+00:00,2.2584871
2025-06-21 09:52:56.478636+00:00,2.258487
2025-06-21 09:53:16.935664+00:00,2.2584873
2025-06-21 09:53:22.439918+00:00,2.2584871
2025-06-21 09:53:34.317626+00:00,2.2584874
2025-06-21 09:53:47.261216+00:00,2.2584874
2025-06-21 09:53:59.819090+00:00,2.2584876
2025-06-21 09:54:12.616490+00:00,2.2584875
2025-06-21 09:54:25.006988+00:00,2.2584876
2025-06-21 09:54:37.878187+00:00,2.258487
2025-06-21 09:54:52.085206+00:00,2.2584872
2025-06-21 09:55:03.339589+00:00,2.2584877
2025-06-21 09:55:16.625112+00:00,2.2584872
2025-06-21 09:55:41.450565+00:00,2.2584876
2025-06-21 09:55:53.733158+00:00,2.2584872
2025-06-21 09:56:19.697502+00:00,2.258487
2025-06-21 09:56:31.313760+00:00,2.2584875
2025-06-21 09:56:49.069666+00:00,2.258487
2025-06-21 09:56:56.523397+00:00,2.2584869
2025-06-21 09:57:09.512362+00:00,2.2584875
2025-06-21 09:57:21.854227+00:00,2.2584876
2025-06-21 09:57:34.040388+00:00,2.2584871
2025-06-21 09:57:46.862662+00:00,2.2584869
2025-06-21 09:57:59.247656+00:00,2.2584868
2025-06-21 09:58:12.081434+00:00,2.2584876
2025-06-21 09:58:24.936529+00:00,2.2584876
2025-06-21 09:58:37.114825+00:00,2.2584872
2025-06-21 09:59:02.412628+00:00,2.2584868
2025-06-21 09:59:14.745056+00:00,2.2584875
2025-06-21 09:59:28.192881+00:00,2.2584871
2025-06-21 09:59:39.592283+00:00,2.2584869
2025-06-21 09:59:52.316393+00:00,2.2584868
2025-06-21 10:00:04.907387+00:00,2.2584874
2025-06-21 10:00:17.999314+00:00,2.2584873
2025-06-21 10:00:30.904252+00:00,2.2584873
2025-06-21 10:00:42.327225+00:00,2.2584871
2025-06-21 10:00:54.870319+00:00,2.2584874
2025-06-21 10:01:12.963527+00:00,2.2584876
2025-06-21 10:01:20.540280+00:00,2.2584877
2025-06-21 10:01:33.664353+00:00,2.2584873
2025-06-21 10:01:46.806215+00:00,2.2584869
2025-06-21 10:01:59.091139+00:00,2.2584873
2025-06-21 10:02:12.267566+00:00,2.2584877
2025-06-21 10:02:27.554320+00:00,2.2584872
2025-06-21 10:02:38.260418+00:00,2.2584876
2025-06-21 10:02:49.867084+00:00,2.2584876
2025-06-21 10:03:03.104099+00:00,2.2584874
2025-06-21 10:03:15.567937+00:00,2.2584871
2025-06-21 10:03:28.499046+00:00,2.2584872
2025-06-21 10:03:41.137420+00:00,2.2584872
2025-06-21 10:03:53.943296+00:00,2.2584879
2025-06-21 10:04:07.343968+00:00,2.2584878
2025-06-21 10:04:18.977561+00:00,2.2584871
2025-06-21 10:04:32.373740+00:00,2.2584872
2025-06-21 10:04:44.148194+00:00,2.2584873
2025-06-21 10:04:57.551827+00:00,2.2584875
2025-06-21 10:05:54.819927+00:00,2.2584867
2025-06-21 10:05:59.327400+00:00,2.2584876
2025-06-21 10:06:13.164978+00:00,2.2584871
2025-06-21 10:06:49.965726+00:00,2.2584872
2025-06-21 10:07:03.938048+00:00,2.2584875
2025-06-21 10:07:14.921940+00:00,2.2584877
2025-06-21 10:07:35.272019+00:00,2.2584872
2025-06-21 10:07:40.679360+00:00,2.2584872
2025-06-21 10:07:52.545019+00:00,2.2584872
2025-06-21 10:08:05.622138+00:00,2.2584872
2025-06-21 10:08:18.205935+00:00,2.2584875
2025-06-21 10:08:30.704458+00:00,2.2584871
2025-06-21 10:08:42.704881+00:00,2.2584876
2025-06-21 10:09:11.178060+00:00,2.2584877
2025-06-21 10:09:20.585589+00:00,2.2584877
2025-06-21 10:09:33.972161+00:00,2.258487
2025-06-21 10:09:45.952221+00:00,2.2584866
2025-06-21 10:09:58.420030+00:00,2.2584873
2025-06-21 10:10:10.925357+00:00,2.2584871
2025-06-21 10:10:36.685017+00:00,2.2584873
2025-06-21 10:11:44.142583+00:00,2.258487
2025-06-21 10:12:30.813428+00:00,2.2584877
2025-06-21 10:12:45.347063+00:00,2.2584874
2025-06-21 10:12:56.283725+00:00,2.2584872
2025-06-21 10:13:09.098091+00:00,2.2584874
2025-06-21 10:13:22.410971+00:00,2.2584873
2025-06-21 10:13:34.474308+00:00,2.2584869
2025-06-21 10:13:56.998548+00:00,2.2584868
2025-06-21 10:14:02.669719+00:00,2.258487
2025-06-21 10:14:12.740294+00:00,2.258487
2025-06-21 10:14:28.692071+00:00,2.2584875
2025-06-21 10:15:53.077448+00:00,2.2584876
2025-06-21 10:16:06.133657+00:00,2.2584879
2025-06-21 10:16:18.266618+00:00,2.2584866
2025-06-21 10:16:36.642004+00:00,2.2584871
2025-06-21 10:16:42.961366+00:00,2.2584871
2025-06-21 10:16:55.437495+00:00,2.258487
2025-06-21 10:17:08.591795+00:00,2.2584875
2025-06-21 10:17:20.791344+00:00,2.2584877
2025-06-21 10:17:33.077731+00:00,2.2584878
2025-06-21 10:17:45.806565+00:00,2.2584878
2025-06-21 10:17:58.082449+00:00,2.2584872
2025-06-21 10:18:11.341463+00:00,2.2584868
2025-06-21 10:18:22.950795+00:00,2.2584869
2025-06-21 10:18:36.819401+00:00,2.2584872
2025-06-21 10:18:48.400750+00:00,2.2584869
2025-06-21 10:19:01.561584+00:00,2.2584866
2025-06-21 10:19:13.047557+00:00,2.2584877
2025-06-21 10:20:15.420034+00:00,2.2584875
2025-06-21 10:23:22.911138+00:00,2.2584867
2025-06-21 10:24:20.469119+00:00,2.2584878
2025-06-21 10:24:30.846653+00:00,2.2584871
2025-06-21 10:24:43.426693+00:00,2.2584871
2025-06-21 10:24:55.668811+00:00,2.2584871
2025-06-21 10:25:08.418678+00:00,2.2584874
2025-06-21 10:25:20.736748+00:00,2.2584878
2025-06-21 10:25:34.316769+00:00,2.2584873
2025-06-21 10:25:46.744311+00:00,2.2584869
2025-06-21 10:25:58.656940+00:00,2.2584879
2025-06-21 10:26:11.931876+00:00,2.2584873
2025-06-21 10:26:24.055442+00:00,2.2584876
2025-06-21 10:26:37.035735+00:00,2.2584876
2025-06-21 10:26:51.344491+00:00,2.2584877
2025-06-21 10:27:02.059590+00:00,2.2584874
2025-06-21 10:27:14.899545+00:00,2.2584869
2025-06-21 10:27:27.036626+00:00,2.2584877
2025-06-21 10:27:41.035381+00:00,2.2584868
2025-06-21 10:27:52.261923+00:00,2.2584873
2025-06-21 10:28:05.023477+00:00,2.2584875
2025-06-21 10:28:17.169449+00:00,2.2584873
2025-06-21 10:28:29.879680+00:00,2.2584868
2025-06-21 10:28:42.368244+00:00,2.2584877
2025-06-21 10:28:55.115388+00:00,2.258487
2025-06-21 10:29:10.488192+00:00,2.2584868
2025-06-21 10:29:20.268368+00:00,2.2584871
2025-06-21 10:29:33.046732+00:00,2.2584871
2025-06-21 10:29:45.179644+00:00,2.2584869
2025-06-21 10:30:03.719033+00:00,2.2584872
2025-06-21 10:30:10.829008+00:00,2.2584874
2025-06-21 10:30:23.704595+00:00,2.2584874
2025-06-21 10:30:36.502825+00:00,2.258487
2025-06-21 10:30:49.611006+00:00,2.2584878
2025-06-21 10:31:02.459850+00:00,2.2584877
2025-06-21 10:31:14.746919+00:00,2.2584869
2025-06-21 10:31:27.619112+00:00,2.2584877
2025-06-21 10:31:43.200238+00:00,2.2584877
2025-06-21 10:31:53.533285+00:00,2.2584874
2025-06-21 10:32:06.671721+00:00,2.2584869
2025-06-21 10:32:18.758804+00:00,2.2584869
2025-06-21 10:32:32.198682+00:00,2.2584872
2025-06-21 10:32:49.328375+00:00,2.2584873
2025-06-21 10:32:59.246139+00:00,2.2584876
2025-06-21 10:33:09.632498+00:00,2.2584867
2025-06-21 10:33:22.715254+00:00,2.2584878
2025-06-21 10:33:35.654003+00:00,2.2584869
2025-06-21 10:33:53.103992+00:00,2.2584872
2025-06-21 10:34:00.631697+00:00,2.2584869
2025-06-21 10:34:15.471968+00:00,2.2584878
2025-06-21 10:34:30.743709+00:00,2.2584868
2025-06-21 10:34:38.317874+00:00,2.2584871
2025-06-21 10:34:50.406007+00:00,2.2584874
2025-06-21 10:35:03.469992+00:00,2.2584877
2025-06-21 10:35:15.590319+00:00,2.2584878
2025-06-21 10:35:27.821261+00:00,2.2584874
2025-06-21 10:35:41.258739+00:00,2.258487
2025-06-21 10:35:53.245764+00:00,2.2584868
2025-06-21 10:36:06.045124+00:00,2.2584875
2025-06-21 10:36:18.845288+00:00,2.2584872
2025-06-21 10:36:34.418553+00:00,2.2584871
2025-06-21 10:36:43.269080+00:00,2.2584869
2025-06-21 10:36:55.788231+00:00,2.2584873
2025-06-21 10:37:08.668871+00:00,2.2584872
2025-06-21 10:37:21.086223+00:00,2.2584867
2025-06-21 10:37:46.076319+00:00,2.2584872
2025-06-21 10:37:58.551075+00:00,2.2584875
2025-06-21 10:38:11.157589+00:00,2.2584868
2025-06-21 10:38:23.889530+00:00,2.2584869
2025-06-21 10:38:36.752664+00:00,2.2584873
2025-06-21 10:38:48.975190+00:00,2.2584868
2025-06-21 10:39:02.033478+00:00,2.258488
2025-06-21 10:39:15.130263+00:00,2.258487
2025-06-21 10:39:27.678136+00:00,2.2584871
2025-06-21 10:39:51.833056+00:00,2.2584871
2025-06-21 10:40:05.216842+00:00,2.2584867
2025-06-21 10:40:17.686895+00:00,2.258487
2025-06-21 10:40:30.711967+00:00,2.258487
2025-06-21 10:40:43.343706+00:00,2.2584872
2025-06-21 10:40:56.167296+00:00,2.2584868
2025-06-21 10:41:10.281300+00:00,2.2584877
2025-06-21 10:41:23.874228+00:00,2.2584872
2025-06-21 10:41:34.718148+00:00,2.2584873
2025-06-21 10:41:47.870267+00:00,2.2584873
2025-06-21 10:42:01.155310+00:00,2.2584874
2025-06-21 10:42:13.347077+00:00,2.2584876
2025-06-21 10:42:35.717402+00:00,2.2584877
2025-06-21 10:42:38.664127+00:00,2.2584872
2025-06-21 10:42:50.776645+00:00,2.2584868
2025-06-21 10:43:03.913017+00:00,2.2584873
2025-06-21 10:43:16.847321+00:00,2.2584873
2025-06-21 10:43:29.488077+00:00,2.2584872
2025-06-21 10:43:44.928271+00:00,2.2584873
2025-06-21 10:43:56.258183+00:00,2.2584874
2025-06-21 10:44:07.661368+00:00,2.2584871
2025-06-21 10:44:20.824083+00:00,2.2584873
2025-06-21 10:44:32.083378+00:00,2.2584872
2025-06-21 10:44:44.263621+00:00,2.2584873
2025-06-21 10:44:56.867417+00:00,2.2584873
2025-06-21 10:45:09.845300+00:00,2.2584877
2025-06-21 10:45:22.837712+00:00,2.2584871
2025-06-21 10:45:34.730361+00:00,2.2584869
2025-06-21 10:45:47.510775+00:00,2.2584872
2025-06-21 10:45:59.728907+00:00,2.2584872
2025-06-21 10:46:12.377286+00:00,2.2584879
2025-06-21 10:46:25.560247+00:00,2.2584873
2025-06-21 10:46:47.973862+00:00,2.2584874
2025-06-21 10:46:49.959016+00:00,2.2584869
2025-06-21 10:47:02.769151+00:00,2.2584871
2025-06-21 10:47:15.090452+00:00,2.258487
2025-06-21 10:47:29.781632+00:00,2.258487
2025-06-21 10:47:40.045098+00:00,2.2584869
2025-06-21 10:47:53.000497+00:00,2.2584872
2025-06-21 10:48:06.883727+00:00,2.2584873
2025-06-21 10:49:27.927478+00:00,2.2584875
2025-06-21 10:49:34.299526+00:00,2.2584877
2025-06-21 10:49:45.881742+00:00,2.2584871
2025-06-21 10:50:37.979947+00:00,2.2584868
2025-06-21 10:50:50.269418+00:00,2.2584873
2025-06-21 10:51:02.736333+00:00,2.2584875
2025-06-21 10:51:15.554056+00:00,2.2584872
2025-06-21 10:51:28.087573+00:00,2.2584874
2025-06-21 10:51:41.041819+00:00,2.2584872
2025-06-21 10:51:53.850948+00:00,2.2584871
2025-06-21 10:52:07.093070+00:00,2.2584871
2025-06-21 10:52:19.593341+00:00,2.2584877
2025-06-21 10:52:32.018554+00:00,2.2584869
2025-06-21 10:53:09.647113+00:00,2.2584874
2025-06-21 10:53:22.690902+00:00,2.2584878
2025-06-21 10:53:49.746816+00:00,2.2584869
2025-06-21 10:54:00.999830+00:00,2.2584875
2025-06-21 10:54:13.464966+00:00,2.2584874
2025-06-21 10:54:26.625031+00:00,2.2584872
2025-06-21 10:54:38.456756+00:00,2.2584873
2025-06-21 10:54:50.972546+00:00,2.2584874
2025-06-21 10:55:03.523503+00:00,2.2584873
2025-06-21 10:55:16.162253+00:00,2.2584872
2025-06-21 10:55:28.563992+00:00,2.2584871
2025-06-21 10:55:41.187431+00:00,2.2584873
2025-06-21 10:55:53.546774+00:00,2.2584871
2025-06-21 10:56:08.465879+00:00,2.2584868
2025-06-21 10:57:07.097752+00:00,2.2584872
2025-06-21 10:57:21.854141+00:00,2.2584867
2025-06-21 10:57:50.744848+00:00,2.2584874
2025-06-21 10:57:59.921091+00:00,2.2584874
2025-06-21 10:58:38.401148+00:00,2.2584874
2025-06-21 10:58:49.936720+00:00,2.2584864
2025-06-21 10:59:02.773036+00:00,2.2584868
2025-06-21 10:59:15.930964+00:00,2.2584871
2025-06-21 10:59:27.465291+00:00,2.2584874
2025-06-21 10:59:43.184882+00:00,2.2584873
2025-06-21 11:00:07.340534+00:00,2.2584874
2025-06-21 11:00:18.470732+00:00,2.2584872
2025-06-21 11:00:31.494717+00:00,2.2584871
2025-06-21 11:01:41.606076+00:00,2.2584872
2025-06-21 11:01:48.136910+00:00,2.2584869
2025-06-21 11:02:01.438664+00:00,2.2584872
2025-06-21 11:02:13.328243+00:00,2.2584876
2025-06-21 11:02:26.193056+00:00,2.258487
2025-06-21 11:02:38.686298+00:00,2.2584877
2025-06-21 11:02:51.512954+00:00,2.258487
2025-06-21 11:03:04.976734+00:00,2.2584869
2025-06-21 11:03:17.556562+00:00,2.2584873
2025-06-21 11:03:29.780413+00:00,2.2584872
2025-06-21 11:03:42.447738+00:00,2.2584871
2025-06-21 11:03:55.092370+00:00,2.2584876
2025-06-21 11:04:07.993503+00:00,2.2584872
2025-06-21 11:04:20.344091+00:00,2.2584871
2025-06-21 11:04:33.342313+00:00,2.2584877
2025-06-21 11:04:59.694037+00:00,2.2584874
2025-06-21 11:05:12.965734+00:00,2.2584874
2025-06-21 11:05:22.623966+00:00,2.2584873
2025-06-21 11:05:34.948322+00:00,2.2584877
2025-06-21 11:05:47.740751+00:00,2.2584869
2025-06-21 11:06:07.752776+00:00,2.2584872
2025-06-21 11:06:25.477379+00:00,2.2584871
2025-06-21 11:06:37.910324+00:00,2.2584867
2025-06-21 11:06:50.458829+00:00,2.2584875
2025-06-21 11:07:33.699043+00:00,2.2584872
2025-06-21 11:07:51.689966+00:00,2.2584865
2025-06-21 11:08:05.881136+00:00,2.2584873
2025-06-21 11:08:20.403237+00:00,2.2584875
2025-06-21 11:08:31.960531+00:00,2.2584878
2025-06-21 11:09:46.188468+00:00,2.2584875
2025-06-21 11:09:58.321292+00:00,2.2584874
2025-06-21 11:10:11.639413+00:00,2.2584874
2025-06-21 11:10:23.884286+00:00,2.2584877
2025-06-21 11:10:37.402930+00:00,2.2584871
2025-06-21 11:10:48.987331+00:00,2.2584875
2025-06-21 11:11:01.906837+00:00,2.2584871
2025-06-21 11:11:14.537736+00:00,2.258487
2025-06-21 11:11:27.419167+00:00,2.2584866
2025-06-21 11:11:41.652212+00:00,2.2584871
2025-06-21 11:11:53.050143+00:00,2.258487
2025-06-21 11:12:06.131110+00:00,2.2584872
2025-06-21 11:12:18.725665+00:00,2.2584871
2025-06-21 11:12:31.397562+00:00,2.2584874
2025-06-21 11:12:44.417695+00:00,2.2584877
2025-06-21 11:12:57.593910+00:00,2.2584879
2025-06-21 11:13:09.319723+00:00,2.2584869
2025-06-21 11:13:22.253074+00:00,2.2584871
2025-06-21 11:13:34.796007+00:00,2.2584869
2025-06-21 11:13:48.643180+00:00,2.2584871
2025-06-21 11:14:00.376168+00:00,2.2584868
2025-06-21 11:14:14.609050+00:00,2.2584876
2025-06-21 11:14:27.072374+00:00,2.2584873
2025-06-21 11:14:57.223313+00:00,2.2584871
2025-06-21 11:15:24.368254+00:00,2.2584871
2025-06-21 11:15:29.111406+00:00,2.2584871
2025-06-21 11:15:44.659746+00:00,2.258487
2025-06-21 11:15:53.166807+00:00,2.2584874
2025-06-21 11:16:06.118934+00:00,2.2584868
2025-06-21 11:16:18.783819+00:00,2.2584869
2025-06-21 11:16:31.835848+00:00,2.258487
2025-06-21 11:16:43.912693+00:00,2.2584873
2025-06-21 11:16:58.772234+00:00,2.2584875
2025-06-21 11:17:09.776019+00:00,2.2584874
2025-06-21 11:17:22.047905+00:00,2.2584873
2025-06-21 11:17:34.789586+00:00,2.2584868
2025-06-21 11:17:47.845647+00:00,2.2584867
2025-06-21 11:17:59.606657+00:00,2.2584869
2025-06-21 11:18:22.412648+00:00,2.258487
2025-06-21 11:18:48.052577+00:00,2.2584873
2025-06-21 11:18:57.882061+00:00,2.2584876
2025-06-21 11:19:03.160566+00:00,2.258487
2025-06-21 11:19:28.335416+00:00,2.2584871
2025-06-21 11:19:40.435552+00:00,2.258487
2025-06-21 11:19:52.946454+00:00,2.2584874
2025-06-21 11:20:06.000650+00:00,2.258487
2025-06-21 11:20:18.220741+00:00,2.2584873
2025-06-21 11:20:30.880131+00:00,2.2584876
2025-06-21 11:20:44.461199+00:00,2.2584874
2025-06-21 11:20:55.492576+00:00,2.2584873
2025-06-21 11:21:08.532009+00:00,2.258487
2025-06-21 11:21:21.312763+00:00,2.2584869
2025-06-21 11:21:34.890551+00:00,2.258487
2025-06-21 11:22:06.061947+00:00,2.2584875
2025-06-21 11:22:13.166351+00:00,2.2584874
2025-06-21 11:22:25.588232+00:00,2.2584871
2025-06-21 11:22:38.304941+00:00,2.2584874
2025-06-21 11:22:51.421810+00:00,2.2584871
2025-06-21 11:23:04.064308+00:00,2.2584872
2025-06-21 11:23:40.114026+00:00,2.2584874
2025-06-21 11:23:41.529924+00:00,2.2584879
2025-06-21 11:23:53.981078+00:00,2.2584871
2025-06-21 11:24:20.210195+00:00,2.2584871
2025-06-21 11:24:32.444461+00:00,2.2584869
2025-06-21 11:24:44.724785+00:00,2.2584867
2025-06-21 11:24:57.487468+00:00,2.2584869
2025-06-21 11:25:11.252525+00:00,2.258487
2025-06-21 11:25:23.611809+00:00,2.2584876
2025-06-21 11:25:35.835911+00:00,2.2584876
2025-06-21 11:25:48.249484+00:00,2.258487
2025-06-21 11:26:01.049166+00:00,2.2584875
2025-06-21 11:26:13.300326+00:00,2.2584873
2025-06-21 11:26:25.502636+00:00,2.2584874
2025-06-21 11:26:37.856419+00:00,2.258487
2025-06-21 11:26:50.399267+00:00,2.2584875
2025-06-21 11:27:03.109203+00:00,2.2584877
2025-06-21 11:27:16.004275+00:00,2.2584874
2025-06-21 11:27:28.250918+00:00,2.2584867
2025-06-21 11:27:40.983338+00:00,2.2584874
2025-06-21 11:27:54.267594+00:00,2.2584872
2025-06-21 11:28:09.449250+00:00,2.2584876
2025-06-21 11:28:19.338957+00:00,2.2584876
2025-06-21 11:28:31.639792+00:00,2.2584868
2025-06-21 11:28:44.832260+00:00,2.2584869
2025-06-21 11:28:56.849646+00:00,2.2584869
2025-06-21 11:29:09.704973+00:00,2.2584874
2025-06-21 11:29:21.791178+00:00,2.2584869
2025-06-21 11:30:03.867834+00:00,2.2584867
2025-06-21 11:30:28.577664+00:00,2.2584873
2025-06-21 11:30:37.344457+00:00,2.2584871
2025-06-21 11:30:50.488532+00:00,2.2584872
2025-06-21 11:31:02.467430+00:00,2.2584869
2025-06-21 11:31:14.880580+00:00,2.2584869
2025-06-21 11:31:27.573654+00:00,2.2584868
2025-06-21 11:31:40.730424+00:00,2.2584875
2025-06-21 11:32:03.118090+00:00,2.2584868
2025-06-21 11:32:07.587000+00:00,2.2584875
2025-06-21 11:32:19.651528+00:00,2.2584872
2025-06-21 11:32:31.957774+00:00,2.2584875
2025-06-21 11:32:44.586328+00:00,2.2584873
2025-06-21 11:32:57.423968+00:00,2.2584873
2025-06-21 11:33:10.475841+00:00,2.2584867
2025-06-21 11:33:22.910548+00:00,2.2584867
2025-06-21 11:33:38.335023+00:00,2.2584868
2025-06-21 11:33:48.834736+00:00,2.2584871
2025-06-21 11:34:01.373913+00:00,2.2584869
2025-06-21 11:34:14.467897+00:00,2.2584877
2025-06-21 11:34:26.773894+00:00,2.2584869
2025-06-21 11:34:55.267515+00:00,2.2584869
2025-06-21 11:35:05.952731+00:00,2.2584873
2025-06-21 11:35:17.882732+00:00,2.2584871
2025-06-21 11:35:30.689303+00:00,2.258487
2025-06-21 11:36:19.431158+00:00,2.2584873
2025-06-21 11:36:20.794932+00:00,2.2584869
2025-06-21 11:36:32.950578+00:00,2.2584873
2025-06-21 11:38:07.981192+00:00,2.2584871
2025-06-21 11:38:13.659969+00:00,2.2584876
2025-06-21 11:38:25.762712+00:00,2.258487
2025-06-21 11:38:38.442985+00:00,2.2584874
2025-06-21 11:38:51.547957+00:00,2.2584873
2025-06-21 11:39:03.976742+00:00,2.2584869
2025-06-21 11:39:16.781054+00:00,2.2584876
2025-06-21 11:39:29.526693+00:00,2.2584868
2025-06-21 11:39:41.612398+00:00,2.2584874
2025-06-21 11:39:54.038086+00:00,2.2584869
2025-06-21 11:40:07.039794+00:00,2.2584878
2025-06-21 11:40:19.712204+00:00,2.2584873
2025-06-21 11:40:32.996249+00:00,2.258487
2025-06-21 11:40:44.882218+00:00,2.2584866
2025-06-21 11:40:56.950122+00:00,2.258487
2025-06-21 11:41:09.760462+00:00,2.2584875
2025-06-21 11:41:21.781028+00:00,2.2584871
2025-06-21 11:41:35.337262+00:00,2.2584873
2025-06-21 11:41:48.007486+00:00,2.2584875
2025-06-21 11:41:59.987650+00:00,2.2584868
2025-06-21 11:42:13.608710+00:00,2.2584869
2025-06-21 11:42:26.088673+00:00,2.2584875
2025-06-21 11:42:39.511247+00:00,2.2584873
2025-06-21 11:42:51.153973+00:00,2.2584868
2025-06-21 11:43:04.943203+00:00,2.2584874
2025-06-21 11:43:16.951302+00:00,2.2584874
2025-06-21 11:43:50.680388+00:00,2.258487
2025-06-21 11:43:56.961869+00:00,2.258487
2025-06-21 11:44:19.861929+00:00,2.2584873
2025-06-21 11:44:32.939475+00:00,2.2584871
2025-06-21 11:44:45.289781+00:00,2.2584874
2025-06-21 11:44:57.990813+00:00,2.2584874
2025-06-21 11:45:11.057165+00:00,2.2584872
2025-06-21 11:45:23.748497+00:00,2.258487
2025-06-21 11:45:37.673042+00:00,2.2584868
2025-06-21 11:45:48.955547+00:00,2.2584872
2025-06-21 11:46:01.791428+00:00,2.2584867
2025-06-21 11:46:14.280452+00:00,2.258487
2025-06-21 11:46:26.359665+00:00,2.2584874
2025-06-21 11:46:40.213740+00:00,2.2584872
2025-06-21 11:47:31.577131+00:00,2.2584873
2025-06-21 11:47:41.484295+00:00,2.2584873
2025-06-21 11:47:54.545160+00:00,2.2584878
2025-06-21 11:48:20.620754+00:00,2.2584874
2025-06-21 11:48:32.009363+00:00,2.2584876
2025-06-21 11:48:44.739747+00:00,2.2584876
2025-06-21 11:48:57.131648+00:00,2.2584875
2025-06-21 11:49:09.990715+00:00,2.258487
2025-06-21 11:49:22.289879+00:00,2.2584877
2025-06-21 11:49:34.923064+00:00,2.2584873
2025-06-21 11:49:47.750176+00:00,2.2584872
2025-06-21 11:50:00.100903+00:00,2.2584869
2025-06-21 11:50:13.282417+00:00,2.2584866
2025-06-21 11:50:25.561198+00:00,2.2584875
2025-06-21 11:50:39.756901+00:00,2.2584878
2025-06-21 11:50:50.354589+00:00,2.2584876
2025-06-21 11:51:03.324237+00:00,2.2584868
2025-06-21 11:51:16.844270+00:00,2.2584879
2025-06-21 11:51:40.702409+00:00,2.2584867
2025-06-21 11:51:53.276682+00:00,2.2584869
2025-06-21 11:52:18.771279+00:00,2.2584874
2025-06-21 11:52:39.883592+00:00,2.2584873
2025-06-21 11:52:43.778689+00:00,2.258487
2025-06-21 11:53:42.881554+00:00,2.258487
2025-06-21 11:53:48.490219+00:00,2.2584872
2025-06-21 11:54:02.693008+00:00,2.2584873
2025-06-21 11:54:13.901684+00:00,2.2584875
2025-06-21 11:54:26.510357+00:00,2.258487
2025-06-21 11:54:38.727000+00:00,2.2584874
2025-06-21 11:54:51.644287+00:00,2.258487
2025-06-21 11:55:04.725086+00:00,2.2584869
2025-06-21 11:55:17.350050+00:00,2.2584873
2025-06-21 11:55:30.008520+00:00,2.2584874
2025-06-21 11:55:43.111701+00:00,2.258487
2025-06-21 11:55:55.191653+00:00,2.2584871
2025-06-21 11:56:08.583963+00:00,2.2584865
2025-06-21 11:56:20.838696+00:00,2.2584874
2025-06-21 11:56:33.073076+00:00,2.2584867
2025-06-21 11:56:45.765911+00:00,2.2584879
2025-06-21 11:56:57.835078+00:00,2.2584866
2025-06-21 11:57:10.813458+00:00,2.2584875
2025-06-21 11:57:22.791179+00:00,2.258487
2025-06-21 11:57:35.252707+00:00,2.2584869
2025-06-21 11:57:48.656699+00:00,2.2584875
2025-06-21 11:58:01.195783+00:00,2.2584874
2025-06-21 11:58:13.963201+00:00,2.2584871
2025-06-21 11:58:26.313578+00:00,2.2584878
2025-06-21 11:59:43.011028+00:00,2.2584875
2025-06-21 12:00:07.796201+00:00,2.258487
2025-06-21 12:00:21.962392+00:00,2.2584871
2025-06-21 12:00:32.885294+00:00,2.2584876
2025-06-21 12:00:45.742282+00:00,2.2584872
2025-06-21 12:00:57.530672+00:00,2.2584876
2025-06-21 12:01:10.857409+00:00,2.2584868
2025-06-21 12:01:22.545371+00:00,2.2584869
2025-06-21 12:01:35.023271+00:00,2.2584872
2025-06-21 12:01:53.470892+00:00,2.2584868
2025-06-21 12:02:02.196762+00:00,2.2584875
2025-06-21 12:02:13.356762+00:00,2.2584876
2025-06-21 12:02:42.273526+00:00,2.2584875
2025-06-21 12:03:17.854952+00:00,2.2584876
2025-06-21 12:03:30.246499+00:00,2.2584874
2025-06-21 12:03:43.185329+00:00,2.2584871
2025-06-21 12:04:11.238764+00:00,2.2584875
2025-06-21 12:04:20.950433+00:00,2.2584874
2025-06-21 12:04:36.517882+00:00,2.2584876
2025-06-21 12:04:46.695151+00:00,2.2584872
2025-06-21 12:04:59.229949+00:00,2.2584873
2025-06-21 12:05:15.388038+00:00,2.2584869
2025-06-21 12:05:24.512119+00:00,2.2584869
2025-06-21 12:05:37.975453+00:00,2.2584868
2025-06-21 12:05:50.524267+00:00,2.258487
2025-06-21 12:06:08.969077+00:00,2.2584871
2025-06-21 12:06:15.349325+00:00,2.2584877
2025-06-21 12:06:27.705167+00:00,2.2584866
2025-06-21 12:06:40.243902+00:00,2.2584879
2025-06-21 12:06:52.574846+00:00,2.2584872
2025-06-21 12:07:05.410018+00:00,2.2584871
2025-06-21 12:08:04.500563+00:00,2.2584871
2025-06-21 12:08:17.841906+00:00,2.258487
2025-06-21 12:08:21.165623+00:00,2.2584867
2025-06-21 12:08:33.289173+00:00,2.2584874
2025-06-21 12:08:47.322433+00:00,2.2584868
2025-06-21 12:09:11.581372+00:00,2.258487
2025-06-21 12:09:23.256918+00:00,2.2584869
2025-06-21 12:10:29.686384+00:00,2.2584872
2025-06-21 12:11:03.650251+00:00,2.2584874
2025-06-21 12:11:16.178670+00:00,2.2584866
2025-06-21 12:11:28.616216+00:00,2.2584873
2025-06-21 12:11:54.991401+00:00,2.2584873
2025-06-21 12:12:43.617006+00:00,2.2584867
2025-06-21 12:12:56.584850+00:00,2.2584871
2025-06-21 12:13:12.216803+00:00,2.2584871
2025-06-21 12:13:22.358790+00:00,2.2584875
2025-06-21 12:13:35.492493+00:00,2.2584876
2025-06-21 12:13:48.516099+00:00,2.2584874
2025-06-21 12:14:02.302520+00:00,2.2584873
2025-06-21 12:14:14.422854+00:00,2.2584871
2025-06-21 12:14:38.448564+00:00,2.2584869
2025-06-21 12:15:47.201447+00:00,2.2584871
2025-06-21 12:15:58.705807+00:00,2.2584871
2025-06-21 12:17:26.118717+00:00,2.2584873
2025-06-21 12:17:35.984536+00:00,2.2584876
2025-06-21 12:17:49.143672+00:00,2.2584872
2025-06-21 12:19:05.055785+00:00,2.2584868
2025-06-21 12:19:17.282412+00:00,2.2584877
2025-06-21 12:19:29.097475+00:00,2.2584871
2025-06-21 12:19:41.887941+00:00,2.2584874
2025-06-21 12:19:54.094518+00:00,2.258487
2025-06-21 12:20:07.109498+00:00,2.2584872
2025-06-21 12:20:19.949277+00:00,2.2584871
2025-06-21 12:20:32.105690+00:00,2.2584875
2025-06-21 12:20:44.747130+00:00,2.2584875
2025-06-21 12:20:57.018295+00:00,2.2584872
2025-06-21 12:21:12.397430+00:00,2.2584871
2025-06-21 12:21:22.980663+00:00,2.2584869
2025-06-21 12:21:34.870879+00:00,2.2584871
2025-06-21 12:21:58.408248+00:00,2.2584868
2025-06-21 12:22:02.172287+00:00,2.2584872
2025-06-21 12:22:13.791098+00:00,2.258487
2025-06-21 12:22:26.546564+00:00,2.2584875
2025-06-21 12:22:37.558670+00:00,2.258487
2025-06-21 12:22:50.229646+00:00,2.2584876
2025-06-21 12:23:03.106043+00:00,2.2584868
2025-06-21 12:23:16.410908+00:00,2.2584868
2025-06-21 12:24:18.767153+00:00,2.2584872
2025-06-21 12:24:37.421672+00:00,2.2584874
2025-06-21 12:24:46.823506+00:00,2.2584876
2025-06-21 12:25:12.004426+00:00,2.2584874
2025-06-21 12:25:49.272281+00:00,2.2584871
2025-06-21 12:26:01.714426+00:00,2.2584872
2025-06-21 12:26:14.181770+00:00,2.2584873
2025-06-21 12:26:26.655196+00:00,2.2584875
2025-06-21 12:26:39.349188+00:00,2.2584868
2025-06-21 12:26:51.597106+00:00,2.2584874
2025-06-21 12:27:17.361361+00:00,2.2584869
2025-06-21 12:27:36.230811+00:00,2.2584876
2025-06-21 12:27:42.936869+00:00,2.2584874
2025-06-21 12:27:54.270102+00:00,2.2584871
2025-06-21 12:28:07.268852+00:00,2.2584873
2025-06-21 12:28:19.584533+00:00,2.2584877
2025-06-21 12:28:32.489835+00:00,2.2584867
2025-06-21 12:28:44.968342+00:00,2.2584871
2025-06-21 12:28:57.128488+00:00,2.258487
2025-06-21 12:29:09.948351+00:00,2.2584877
2025-06-21 12:29:34.606100+00:00,2.2584868
2025-06-21 12:29:48.142472+00:00,2.2584865
2025-06-21 12:30:00.525016+00:00,2.2584872
2025-06-21 12:30:13.234291+00:00,2.2584878
2025-06-21 12:30:25.873747+00:00,2.2584876
2025-06-21 12:30:50.974563+00:00,2.2584872
2025-06-21 12:32:24.764001+00:00,2.2584875
2025-06-21 12:32:31.656588+00:00,2.2584875
2025-06-21 12:32:43.690763+00:00,2.2584876
2025-06-21 12:33:34.361839+00:00,2.2584873
2025-06-21 12:33:48.468514+00:00,2.2584876
2025-06-21 12:34:06.243568+00:00,2.2584872
2025-06-21 12:34:51.087380+00:00,2.2584872
2025-06-21 12:36:58.831494+00:00,2.2584865
2025-06-21 12:37:12.957981+00:00,2.2584868
2025-06-21 12:37:34.716421+00:00,2.2584873
2025-06-21 12:37:49.484223+00:00,2.2584874
2025-06-21 12:38:01.655014+00:00,2.2584876
2025-06-21 12:39:05.951842+00:00,2.2584873
2025-06-21 12:39:29.466124+00:00,2.2584874
2025-06-21 12:40:09.432134+00:00,2.2584877
2025-06-21 12:40:19.651486+00:00,2.258487
2025-06-21 12:40:32.218396+00:00,2.2584872
2025-06-21 12:40:50.261743+00:00,2.2584877
2025-06-21 12:40:59.635715+00:00,2.2584872
2025-06-21 12:41:14.355349+00:00,2.2584876
2025-06-21 12:41:36.270510+00:00,2.2584875
2025-06-21 12:41:50.380419+00:00,2.2584874
2025-06-21 12:41:59.396224+00:00,2.2584874
2025-06-21 12:42:12.012134+00:00,2.2584874
2025-06-21 12:42:24.713377+00:00,2.2584875
2025-06-21 12:42:37.375253+00:00,2.2584872
2025-06-21 12:42:49.908170+00:00,2.2584867
2025-06-21 12:43:02.830642+00:00,2.2584876
2025-06-21 12:43:15.730687+00:00,2.2584873
2025-06-21 12:44:08.286653+00:00,2.2584875
2025-06-21 12:44:19.676750+00:00,2.2584874
2025-06-21 12:45:26.133634+00:00,2.2584867
2025-06-21 12:46:18.315007+00:00,2.2584877
2025-06-21 12:46:50.211400+00:00,2.2584874
2025-06-21 12:47:34.772423+00:00,2.2584873
2025-06-21 12:47:42.227946+00:00,2.2584873
2025-06-21 12:47:54.786739+00:00,2.2584871
2025-06-21 12:48:07.271789+00:00,2.2584873
2025-06-21 12:48:19.539625+00:00,2.2584868
2025-06-21 12:48:32.619384+00:00,2.2584868
2025-06-21 12:48:44.674777+00:00,2.2584874
2025-06-21 12:48:56.967008+00:00,2.2584877
2025-06-21 12:49:09.694451+00:00,2.2584873
2025-06-21 12:49:22.438462+00:00,2.2584868
2025-06-21 12:49:35.151090+00:00,2.2584873
2025-06-21 12:50:00.282889+00:00,2.2584868
2025-06-21 12:50:13.352362+00:00,2.2584873
2025-06-21 12:50:26.230806+00:00,2.258487
2025-06-21 12:50:38.311896+00:00,2.2584869
2025-06-21 12:50:50.112874+00:00,2.2584876
2025-06-21 12:51:02.805968+00:00,2.258487
2025-06-21 12:51:15.418292+00:00,2.2584876
2025-06-21 12:51:27.830948+00:00,2.2584876
2025-06-21 12:51:51.623222+00:00,2.2584872
2025-06-21 12:51:52.655149+00:00,2.2584871
2025-06-21 12:52:05.668539+00:00,2.258487
2025-06-21 12:52:19.432644+00:00,2.2584866
2025-06-21 12:52:31.728042+00:00,2.2584871
2025-06-21 12:52:43.113543+00:00,2.2584876
2025-06-21 12:52:55.334631+00:00,2.2584868
2025-06-21 12:53:08.270915+00:00,2.2584873
2025-06-21 12:53:20.937327+00:00,2.2584874
2025-06-21 12:53:38.453861+00:00,2.2584874
2025-06-21 12:53:46.706838+00:00,2.2584873
2025-06-21 12:53:59.036487+00:00,2.2584867
2025-06-21 12:54:12.017851+00:00,2.2584875
2025-06-21 12:54:24.872928+00:00,2.2584875
2025-06-21 12:54:37.593555+00:00,2.2584869
2025-06-21 12:54:52.360718+00:00,2.2584868
2025-06-21 12:55:03.433642+00:00,2.2584872
2025-06-21 12:55:16.564683+00:00,2.2584868
2025-06-21 12:55:29.375001+00:00,2.2584866
2025-06-21 12:55:41.682547+00:00,2.258487
2025-06-21 12:55:54.576917+00:00,2.2584873
2025-06-21 12:56:06.906188+00:00,2.2584867
2025-06-21 12:56:27.216984+00:00,2.2584873
2025-06-21 12:56:32.331082+00:00,2.2584876
2025-06-21 12:56:45.681928+00:00,2.2584877
2025-06-21 12:57:23.418106+00:00,2.2584872
2025-06-21 12:57:34.587700+00:00,2.2584874
2025-06-21 12:57:47.147182+00:00,2.2584873
2025-06-21 12:57:59.539007+00:00,2.2584869
2025-06-21 12:58:12.372286+00:00,2.2584869
2025-06-21 12:58:24.366152+00:00,2.2584872
2025-06-21 12:58:36.963634+00:00,2.258487
2025-06-21 12:58:49.686642+00:00,2.2584875
2025-06-21 12:59:02.903272+00:00,2.2584877
2025-06-21 12:59:14.819551+00:00,2.2584869
2025-06-21 12:59:27.738122+00:00,2.2584874
2025-06-21 12:59:40.446432+00:00,2.2584872
2025-06-21 12:59:52.503249+00:00,2.2584869
2025-06-21 13:00:05.133400+00:00,2.2584874
2025-06-21 13:00:18.063527+00:00,2.2584867
2025-06-21 13:00:30.443331+00:00,2.2584874
2025-06-21 13:00:42.993520+00:00,2.2584872
2025-06-21 13:00:55.533632+00:00,2.2584868
2025-06-21 13:01:19.834622+00:00,2.2584872
2025-06-21 13:01:33.023576+00:00,2.2584872
2025-06-21 13:01:46.749755+00:00,2.2584877
2025-06-21 13:01:59.039740+00:00,2.2584876
2025-06-21 13:02:13.837261+00:00,2.2584871
2025-06-21 13:02:27.163929+00:00,2.258487
2025-06-21 13:02:36.413364+00:00,2.2584875
2025-06-21 13:03:33.940705+00:00,2.258487
2025-06-21 13:03:38.194139+00:00,2.2584878
2025-06-21 13:03:50.916647+00:00,2.2584876
2025-06-21 13:04:03.842761+00:00,2.2584873
2025-06-21 13:04:16.665634+00:00,2.258487
2025-06-21 13:04:38.523883+00:00,2.2584868
2025-06-21 13:05:58.514182+00:00,2.2584869
2025-06-21 13:06:11.271777+00:00,2.2584875
2025-06-21 13:06:23.978107+00:00,2.2584868
2025-06-21 13:06:39.056692+00:00,2.258487
2025-06-21 13:06:49.802377+00:00,2.2584871
2025-06-21 13:07:57.604861+00:00,2.2584879
2025-06-21 13:08:26.827305+00:00,2.2584869
2025-06-21 13:08:29.916430+00:00,2.2584869
2025-06-21 13:08:42.282091+00:00,2.258487
2025-06-21 13:08:54.935755+00:00,2.2584867
2025-06-21 13:09:14.841275+00:00,2.2584872
2025-06-21 13:09:20.612405+00:00,2.2584869
2025-06-21 13:09:33.051170+00:00,2.2584868
2025-06-21 13:09:48.171143+00:00,2.2584875
2025-06-21 13:09:57.694854+00:00,2.2584869
2025-06-21 13:10:11.360490+00:00,2.2584875
2025-06-21 13:10:24.685222+00:00,2.2584871
2025-06-21 13:10:35.955442+00:00,2.2584869
2025-06-21 13:10:48.567594+00:00,2.2584869
2025-06-21 13:11:01.607181+00:00,2.2584875
2025-06-21 13:11:13.499251+00:00,2.2584873
2025-06-21 13:11:26.099807+00:00,2.2584872
2025-06-21 13:11:38.608196+00:00,2.2584879
2025-06-21 13:11:51.216689+00:00,2.2584872
2025-06-21 13:12:04.107111+00:00,2.2584875
2025-06-21 13:12:16.447928+00:00,2.2584874
2025-06-21 13:12:28.585751+00:00,2.2584873
2025-06-21 13:12:41.131950+00:00,2.2584878
2025-06-21 13:12:53.660706+00:00,2.2584872
2025-06-21 13:13:08.221767+00:00,2.2584872
2025-06-21 13:13:19.455017+00:00,2.2584875
2025-06-21 13:13:31.199828+00:00,2.2584867
2025-06-21 13:13:43.762641+00:00,2.2584872
2025-06-21 13:13:56.625003+00:00,2.258487
2025-06-21 13:14:10.025347+00:00,2.2584872
2025-06-21 13:14:22.575768+00:00,2.2584871
2025-06-21 13:14:35.411954+00:00,2.2584874
2025-06-21 13:14:48.845334+00:00,2.258487
2025-06-21 13:15:02.676706+00:00,2.2584872
2025-06-21 13:15:14.431932+00:00,2.2584865
2025-06-21 13:15:27.129491+00:00,2.2584872
2025-06-21 13:16:18.119709+00:00,2.2584874
2025-06-21 13:16:29.957889+00:00,2.2584872
2025-06-21 13:16:42.780096+00:00,2.2584868
2025-06-21 13:17:20.624719+00:00,2.2584872
2025-06-21 13:17:33.465560+00:00,2.2584873
2025-06-21 13:17:47.703869+00:00,2.2584874
2025-06-21 13:17:58.527510+00:00,2.2584876
2025-06-21 13:18:12.103848+00:00,2.2584874
2025-06-21 13:18:23.806091+00:00,2.2584874
2025-06-21 13:18:36.307381+00:00,2.2584869
2025-06-21 13:18:49.263953+00:00,2.2584869
2025-06-21 13:19:00.988646+00:00,2.2584866
2025-06-21 13:19:13.677075+00:00,2.2584872
2025-06-21 13:19:25.939559+00:00,2.2584871
2025-06-21 13:19:38.488548+00:00,2.2584873
2025-06-21 13:19:50.882193+00:00,2.258487
2025-06-21 13:20:03.944721+00:00,2.2584874
2025-06-21 13:20:17.054532+00:00,2.258487
2025-06-21 13:20:29.796048+00:00,2.2584866
2025-06-21 13:20:41.829775+00:00,2.2584872
2025-06-21 13:21:31.791957+00:00,2.2584876
2025-06-21 13:21:49.636421+00:00,2.2584873
2025-06-21 13:21:57.738391+00:00,2.258487
2025-06-21 13:22:09.694447+00:00,2.2584874
2025-06-21 13:22:21.664482+00:00,2.2584875
2025-06-21 13:22:35.808096+00:00,2.2584869
2025-06-21 13:22:49.041911+00:00,2.2584871
2025-06-21 13:22:59.536050+00:00,2.2584875
2025-06-21 13:23:12.562668+00:00,2.2584871
2025-06-21 13:23:25.241088+00:00,2.2584867
2025-06-21 13:23:40.078952+00:00,2.2584877
2025-06-21 13:23:50.809703+00:00,2.2584869
2025-06-21 13:24:03.412521+00:00,2.2584876
2025-06-21 13:24:18.021813+00:00,2.258487
2025-06-21 13:24:28.867503+00:00,2.2584873
2025-06-21 13:24:41.582018+00:00,2.2584874
2025-06-21 13:24:54.346388+00:00,2.2584868
2025-06-21 13:25:07.271522+00:00,2.258487
2025-06-21 13:25:19.962403+00:00,2.2584869
2025-06-21 13:25:32.519942+00:00,2.2584865
2025-06-21 13:25:45.368388+00:00,2.2584871
2025-06-21 13:25:57.730323+00:00,2.258487
2025-06-21 13:26:10.560345+00:00,2.2584869
2025-06-21 13:26:27.288989+00:00,2.2584876
2025-06-21 13:26:35.594382+00:00,2.2584873
2025-06-21 13:26:50.279257+00:00,2.2584876
2025-06-21 13:27:03.451830+00:00,2.2584869
2025-06-21 13:27:14.052302+00:00,2.2584874
2025-06-21 13:27:25.701113+00:00,2.2584872
2025-06-21 13:27:38.145135+00:00,2.2584872
2025-06-21 13:27:50.700444+00:00,2.2584877
2025-06-21 13:28:03.239269+00:00,2.2584873
2025-06-21 13:28:39.557579+00:00,2.2584874
2025-06-21 13:28:52.576314+00:00,2.2584871
2025-06-21 13:29:17.982750+00:00,2.2584873
2025-06-21 13:29:30.541895+00:00,2.2584865
2025-06-21 13:29:43.172803+00:00,2.258487
2025-06-21 13:29:55.432590+00:00,2.2584869
2025-06-21 13:30:08.484304+00:00,2.2584874
2025-06-21 13:30:21.616462+00:00,2.258487
2025-06-21 13:30:33.622882+00:00,2.2584866
2025-06-21 13:30:45.882852+00:00,2.2584874
2025-06-21 13:30:58.198457+00:00,2.2584874
2025-06-21 13:31:11.578806+00:00,2.2584864
2025-06-21 13:31:23.519063+00:00,2.2584871
2025-06-21 13:31:35.817562+00:00,2.2584869
2025-06-21 13:33:37.528798+00:00,2.2584871
2025-06-21 13:33:42.011524+00:00,2.2584871
2025-06-21 13:34:07.172539+00:00,2.258487
2025-06-21 13:34:19.234444+00:00,2.2584871
2025-06-21 13:34:35.928646+00:00,2.2584873
2025-06-21 13:34:44.702247+00:00,2.258487
2025-06-21 13:34:57.777009+00:00,2.2584872
2025-06-21 13:35:10.675057+00:00,2.2584871
2025-06-21 13:35:23.807504+00:00,2.2584871
2025-06-21 13:35:38.092263+00:00,2.258487
2025-06-21 13:35:49.634003+00:00,2.2584874
2025-06-21 13:36:02.097254+00:00,2.2584868
2025-06-21 13:36:14.734917+00:00,2.258487
2025-06-21 13:36:57.861024+00:00,2.258487
2025-06-21 13:37:05.668630+00:00,2.2584872
2025-06-21 13:37:18.759967+00:00,2.2584872
2025-06-21 13:37:30.869803+00:00,2.2584877
2025-06-21 13:37:43.200765+00:00,2.2584872
2025-06-21 13:37:57.122484+00:00,2.258487
2025-06-21 13:38:09.235312+00:00,2.2584874
2025-06-21 13:38:21.309131+00:00,2.2584869
2025-06-21 13:38:33.982035+00:00,2.2584868
2025-06-21 13:38:46.501796+00:00,2.2584871
2025-06-21 13:38:58.871493+00:00,2.2584874
2025-06-21 13:39:51.519556+00:00,2.2584876
2025-06-21 13:40:01.861940+00:00,2.2584872
2025-06-21 13:40:14.941030+00:00,2.2584876
2025-06-21 13:40:27.315315+00:00,2.2584872
2025-06-21 13:40:39.589955+00:00,2.258487
2025-06-21 13:40:52.099923+00:00,2.2584873
2025-06-21 13:41:21.410203+00:00,2.2584872
2025-06-21 13:41:29.718000+00:00,2.2584874
2025-06-21 13:41:42.394110+00:00,2.2584875
2025-06-21 13:41:54.948083+00:00,2.2584872
2025-06-21 13:42:16.326560+00:00,2.2584873
2025-06-21 13:42:20.057243+00:00,2.2584874
2025-06-21 13:42:32.670040+00:00,2.2584871
2025-06-21 13:42:57.600467+00:00,2.2584868
2025-06-21 13:43:11.436157+00:00,2.2584869
2025-06-21 13:43:22.403746+00:00,2.2584868
2025-06-21 13:43:39.598441+00:00,2.2584868
2025-06-21 13:43:47.552579+00:00,2.2584863
2025-06-21 13:44:25.657407+00:00,2.2584873
2025-06-21 13:44:38.619241+00:00,2.2584876
2025-06-21 13:45:13.117124+00:00,2.2584875
2025-06-21 13:45:17.484323+00:00,2.2584878
2025-06-21 13:45:30.372100+00:00,2.2584867
2025-06-21 13:45:42.971832+00:00,2.2584871
2025-06-21 13:46:11.382560+00:00,2.258487
2025-06-21 13:46:20.911883+00:00,2.2584872
2025-06-21 13:46:33.999817+00:00,2.2584875
2025-06-21 13:46:58.887194+00:00,2.2584872
2025-06-21 13:47:11.655791+00:00,2.2584871
2025-06-21 13:47:24.307382+00:00,2.2584876
2025-06-21 13:47:36.964928+00:00,2.2584868
2025-06-21 13:47:49.887060+00:00,2.2584874
2025-06-21 13:48:56.301635+00:00,2.258487
2025-06-21 13:49:17.634266+00:00,2.2584872
2025-06-21 13:49:30.079103+00:00,2.2584869
2025-06-21 13:50:02.050021+00:00,2.2584873
2025-06-21 13:50:07.975515+00:00,2.2584873
2025-06-21 13:50:33.792147+00:00,2.2584876
2025-06-21 13:50:45.999789+00:00,2.2584871
2025-06-21 13:50:57.806867+00:00,2.2584872
2025-06-21 13:51:10.822750+00:00,2.2584875
2025-06-21 13:51:49.690357+00:00,2.2584867
2025-06-21 13:53:05.613655+00:00,2.2584878
2025-06-21 13:53:18.421660+00:00,2.2584874
2025-06-21 13:53:27.983019+00:00,2.2584874
2025-06-21 13:53:40.637816+00:00,2.2584869
2025-06-21 13:53:53.305305+00:00,2.2584876
2025-06-21 13:54:45.936739+00:00,2.2584873
2025-06-21 13:54:56.993690+00:00,2.2584871
2025-06-21 13:55:10.054529+00:00,2.2584873
2025-06-21 13:55:25.053872+00:00,2.2584864
2025-06-21 13:55:35.670733+00:00,2.2584864
2025-06-21 13:55:55.470713+00:00,2.2584877
2025-06-21 13:56:01.609704+00:00,2.2584867
2025-06-21 13:56:13.650419+00:00,2.2584874
2025-06-21 13:56:25.868510+00:00,2.2584868
2025-06-21 13:56:38.799790+00:00,2.2584874
2025-06-21 13:57:16.994506+00:00,2.258487
2025-06-21 13:57:29.342731+00:00,2.2584878
2025-06-21 13:57:46.708293+00:00,2.2584861
2025-06-21 13:58:18.036389+00:00,2.2584874
2025-06-21 13:58:32.742743+00:00,2.2584877
2025-06-21 13:58:45.529416+00:00,2.2584873
2025-06-21 13:58:57.307949+00:00,2.2584876
2025-06-21 13:59:10.412018+00:00,2.2584868
2025-06-21 13:59:35.162149+00:00,2.2584872
2025-06-21 13:59:48.015556+00:00,2.2584874
2025-06-21 14:00:00.814394+00:00,2.2584858
2025-06-21 14:00:13.652565+00:00,2.2584866
2025-06-21 14:00:26.196151+00:00,2.2584869
2025-06-21 14:00:39.078274+00:00,2.2584874
2025-06-21 14:01:16.212911+00:00,2.2584868
2025-06-21 14:02:10.438954+00:00,2.2584874
2025-06-21 14:02:19.058455+00:00,2.2584867
2025-06-21 14:02:31.350480+00:00,2.2584866
2025-06-21 14:02:45.895513+00:00,2.2584877
2025-06-21 14:02:56.611137+00:00,2.2584871
2025-06-21 14:03:10.925236+00:00,2.2584875
2025-06-21 14:03:21.631804+00:00,2.2584869
2025-06-21 14:03:35.463819+00:00,2.2584871
2025-06-21 14:03:56.744904+00:00,2.2584869
2025-06-21 14:04:20.969174+00:00,2.2584875
2025-06-21 14:05:29.753876+00:00,2.2584864
2025-06-21 14:05:42.089413+00:00,2.2584872
2025-06-21 14:05:55.353979+00:00,2.2584872
2025-06-21 14:06:07.671047+00:00,2.2584874
2025-06-21 14:06:20.289767+00:00,2.258487
2025-06-21 14:06:46.536663+00:00,2.2584869
2025-06-21 14:06:59.756546+00:00,2.2584873
2025-06-21 14:07:11.006833+00:00,2.2584874
2025-06-21 14:07:49.072201+00:00,2.2584874
2025-06-21 14:08:01.581738+00:00,2.2584869
2025-06-21 14:08:14.389313+00:00,2.2584872
2025-06-21 14:08:39.229823+00:00,2.2584878
2025-06-21 14:08:52.386896+00:00,2.2584874
2025-06-21 14:09:04.679672+00:00,2.2584866
2025-06-21 14:09:16.858659+00:00,2.2584872
2025-06-21 14:09:29.038252+00:00,2.2584876
2025-06-21 14:09:42.177313+00:00,2.2584875
2025-06-21 14:09:54.163840+00:00,2.2584873
2025-06-21 14:10:11.295006+00:00,2.2584877
2025-06-21 14:10:20.195401+00:00,2.2584868
2025-06-21 14:10:32.496996+00:00,2.2584872
2025-06-21 14:10:45.247919+00:00,2.2584866
2025-06-21 14:10:57.137520+00:00,2.2584867
2025-06-21 14:11:10.270785+00:00,2.2584875
2025-06-21 14:11:22.452017+00:00,2.2584872
2025-06-21 14:11:34.581338+00:00,2.258487
2025-06-21 14:11:59.885124+00:00,2.2584868
2025-06-21 14:13:36.667103+00:00,2.2584866
2025-06-21 14:13:40.487035+00:00,2.2584874
2025-06-21 14:13:53.151914+00:00,2.2584868
2025-06-21 14:14:06.724026+00:00,2.2584875
2025-06-21 14:16:32.540910+00:00,2.2584877
2025-06-21 14:16:39.404918+00:00,2.2584877
2025-06-21 14:16:52.983237+00:00,2.2584875
2025-06-21 14:17:06.147205+00:00,2.2584872
2025-06-21 14:17:17.587273+00:00,2.2584872
2025-06-21 14:17:30.765745+00:00,2.2584869
2025-06-21 14:17:43.075918+00:00,2.2584875
2025-06-21 14:17:55.731716+00:00,2.2584871
2025-06-21 14:18:08.911089+00:00,2.2584874
2025-06-21 14:18:23.343683+00:00,2.2584872
2025-06-21 14:18:38.442804+00:00,2.2584877
2025-06-21 14:18:45.878448+00:00,2.2584871
2025-06-21 14:19:00.743916+00:00,2.2584873
2025-06-21 14:19:19.430272+00:00,2.258487
2025-06-21 14:19:23.247812+00:00,2.2584876
2025-06-21 14:19:36.309387+00:00,2.2584869
2025-06-21 14:19:48.454657+00:00,2.2584868
2025-06-21 14:20:02.483410+00:00,2.2584872
2025-06-21 14:20:14.308401+00:00,2.2584875
2025-06-21 14:20:26.631035+00:00,2.2584872
2025-06-21 14:20:40.034574+00:00,2.2584867
2025-06-21 14:20:51.657746+00:00,2.2584869
2025-06-21 14:22:05.194529+00:00,2.2584876
2025-06-21 14:22:07.163789+00:00,2.2584867
2025-06-21 14:22:29.115392+00:00,2.2584877
2025-06-21 14:22:39.105774+00:00,2.2584872
2025-06-21 14:22:57.372115+00:00,2.2584872
2025-06-21 14:23:11.738781+00:00,2.2584875
2025-06-21 14:23:22.080807+00:00,2.2584872
2025-06-21 14:23:34.552562+00:00,2.2584871
2025-06-21 14:23:47.453939+00:00,2.2584879
2025-06-21 14:23:59.753705+00:00,2.2584867
2025-06-21 14:24:13.665441+00:00,2.2584868
2025-06-21 14:24:25.301925+00:00,2.2584873
2025-06-21 14:24:37.939822+00:00,2.2584875
2025-06-21 14:24:50.820805+00:00,2.2584866
2025-06-21 14:25:03.985891+00:00,2.2584871
2025-06-21 14:25:16.935107+00:00,2.2584873
2025-06-21 14:25:30.395181+00:00,2.2584874
2025-06-21 14:25:43.866112+00:00,2.2584871
2025-06-21 14:25:55.107691+00:00,2.2584871
2025-06-21 14:26:07.895548+00:00,2.2584874
2025-06-21 14:26:20.308129+00:00,2.2584872
2025-06-21 14:26:33.732964+00:00,2.2584867
2025-06-21 14:26:45.848110+00:00,2.2584876
2025-06-21 14:27:05.938677+00:00,2.2584868
2025-06-21 14:27:14.452496+00:00,2.2584875
2025-06-21 14:27:41.774553+00:00,2.2584875
2025-06-21 14:28:02.227682+00:00,2.2584874
2025-06-21 14:28:16.410981+00:00,2.2584874
2025-06-21 14:28:28.041804+00:00,2.2584873
2025-06-21 14:28:40.190871+00:00,2.258487
2025-06-21 14:28:52.578728+00:00,2.2584869
2025-06-21 14:29:05.485670+00:00,2.2584871
2025-06-21 14:29:17.972801+00:00,2.2584869
2025-06-21 14:29:34.194617+00:00,2.2584872
2025-06-21 14:29:55.690742+00:00,2.2584868
2025-06-21 14:30:20.388575+00:00,2.2584869
2025-06-21 14:30:32.862679+00:00,2.2584875
2025-06-21 14:30:45.458677+00:00,2.2584875
2025-06-21 14:30:57.795995+00:00,2.258487
2025-06-21 14:31:10.580545+00:00,2.2584878
2025-06-21 14:31:22.849555+00:00,2.2584877
2025-06-21 14:31:35.622009+00:00,2.2584876
2025-06-21 14:31:48.280025+00:00,2.2584868
2025-06-21 14:32:01.188563+00:00,2.258487
2025-06-21 14:32:20.079051+00:00,2.2584872
2025-06-21 14:32:27.189559+00:00,2.258487
2025-06-21 14:32:38.168598+00:00,2.2584876
2025-06-21 14:32:50.675538+00:00,2.2584866
2025-06-21 14:33:03.620457+00:00,2.2584874
2025-06-21 14:33:29.698947+00:00,2.2584876
2025-06-21 14:33:53.047209+00:00,2.2584873
2025-06-21 14:34:06.076949+00:00,2.2584874
2025-06-21 14:34:18.736085+00:00,2.2584875
2025-06-21 14:34:31.438026+00:00,2.2584876
2025-06-21 14:34:44.560508+00:00,2.2584874
2025-06-21 14:34:57.045653+00:00,2.2584871
2025-06-21 14:35:11.512948+00:00,2.2584874
2025-06-21 14:35:22.951214+00:00,2.2584874
2025-06-21 14:35:36.383284+00:00,2.2584871
2025-06-21 14:35:48.925133+00:00,2.2584875
2025-06-21 14:36:02.086981+00:00,2.2584876
2025-06-21 14:36:15.056363+00:00,2.2584871
2025-06-21 14:36:27.088500+00:00,2.258487
2025-06-21 14:36:39.061678+00:00,2.2584874
2025-06-21 14:36:52.095358+00:00,2.2584871
2025-06-21 14:37:05.082134+00:00,2.2584875
2025-06-21 14:37:19.484466+00:00,2.2584869
2025-06-21 14:37:30.222744+00:00,2.2584869
2025-06-21 14:37:42.480201+00:00,2.258487
2025-06-21 14:37:55.750491+00:00,2.2584872
2025-06-21 14:38:08.046483+00:00,2.2584876
2025-06-21 14:38:20.400108+00:00,2.2584874
2025-06-21 14:38:33.191910+00:00,2.2584868
2025-06-21 14:38:46.158889+00:00,2.2584875
2025-06-21 14:38:58.696578+00:00,2.2584876
2025-06-21 14:40:14.891251+00:00,2.2584869
2025-06-21 14:40:39.309845+00:00,2.2584871
2025-06-21 14:40:51.253733+00:00,2.258487
2025-06-21 14:41:05.150729+00:00,2.2584876
2025-06-21 14:41:19.885785+00:00,2.2584875
2025-06-21 14:41:30.310783+00:00,2.2584875
2025-06-21 14:41:43.096709+00:00,2.2584873
2025-06-21 14:42:06.676588+00:00,2.2584875
2025-06-21 14:42:32.189150+00:00,2.2584874
2025-06-21 14:42:46.484059+00:00,2.2584877
2025-06-21 14:42:56.936291+00:00,2.2584877
2025-06-21 14:43:09.362337+00:00,2.2584873
2025-06-21 14:43:21.818297+00:00,2.2584873
2025-06-21 14:43:35.620000+00:00,2.2584866
2025-06-21 14:43:46.487975+00:00,2.2584866
2025-06-21 14:43:59.010202+00:00,2.2584873
2025-06-21 14:44:12.462103+00:00,2.2584873
2025-06-21 14:44:24.337183+00:00,2.2584874
2025-06-21 14:44:36.942915+00:00,2.258487
2025-06-21 14:44:49.725994+00:00,2.2584865
2025-06-21 14:45:03.126253+00:00,2.2584873
2025-06-21 14:45:17.450398+00:00,2.2584873
2025-06-21 14:45:28.457845+00:00,2.2584868
2025-06-21 14:45:44.515419+00:00,2.2584868
2025-06-21 14:45:54.157320+00:00,2.2584871
2025-06-21 14:46:07.009100+00:00,2.2584869
2025-06-21 14:46:19.424928+00:00,2.2584878
2025-06-21 14:46:44.474567+00:00,2.2584869
2025-06-21 14:47:26.956947+00:00,2.2584868
2025-06-21 14:47:35.947390+00:00,2.2584869
2025-06-21 14:47:49.055815+00:00,2.2584873
2025-06-21 14:48:01.415827+00:00,2.2584872
2025-06-21 14:48:13.886890+00:00,2.258487
2025-06-21 14:48:26.771222+00:00,2.2584873
2025-06-21 14:48:39.859011+00:00,2.2584869
2025-06-21 14:48:57.279944+00:00,2.2584871
2025-06-21 14:49:17.279074+00:00,2.2584873
2025-06-21 14:49:42.721218+00:00,2.2584873
2025-06-21 14:49:54.786072+00:00,2.2584875
2025-06-21 14:50:07.518663+00:00,2.2584874
2025-06-21 14:50:23.419033+00:00,2.2584865
2025-06-21 14:50:39.176901+00:00,2.2584875
2025-06-21 14:50:59.074578+00:00,2.2584873
2025-06-21 14:51:12.484034+00:00,2.2584876
2025-06-21 14:51:23.217442+00:00,2.2584873
2025-06-21 14:51:36.627968+00:00,2.258487
2025-06-21 14:52:21.972936+00:00,2.2584874
2025-06-21 14:52:26.532354+00:00,2.2584871
2025-06-21 14:55:10.684447+00:00,2.258487
2025-06-21 14:55:23.166590+00:00,2.2584866
2025-06-21 14:55:36.076904+00:00,2.2584873
2025-06-21 14:55:49.484523+00:00,2.2584875
2025-06-21 14:56:14.190072+00:00,2.2584874
2025-06-21 14:56:46.669330+00:00,2.2584867
2025-06-21 14:56:53.559754+00:00,2.2584875
2025-06-21 14:57:05.006174+00:00,2.2584873
2025-06-21 14:57:17.948476+00:00,2.2584872
2025-06-21 14:57:29.476660+00:00,2.2584872
2025-06-21 14:57:42.536131+00:00,2.2584874
2025-06-21 14:57:54.944791+00:00,2.2584869
2025-06-21 14:58:18.222592+00:00,2.2584875
2025-06-21 14:58:22.526497+00:00,2.2584871
2025-06-21 14:58:34.766470+00:00,2.258487
2025-06-21 14:58:45.755903+00:00,2.2584874
2025-06-21 14:58:58.127874+00:00,2.2584875
2025-06-21 14:59:11.358894+00:00,2.2584874
2025-06-21 14:59:23.934931+00:00,2.2584877
2025-06-21 14:59:35.450469+00:00,2.2584869
2025-06-21 14:59:48.205480+00:00,2.2584867
2025-06-21 15:00:00.491546+00:00,2.2584874
2025-06-21 15:00:13.326321+00:00,2.2584871
2025-06-21 15:00:26.702373+00:00,2.2584871
2025-06-21 15:00:38.418199+00:00,2.2584877
2025-06-21 15:00:50.486846+00:00,2.2584873
2025-06-21 15:01:03.671298+00:00,2.2584874
2025-06-21 15:01:16.126802+00:00,2.258487
2025-06-21 15:01:29.253560+00:00,2.2584869
2025-06-21 15:01:40.964967+00:00,2.2584876
2025-06-21 15:01:53.647986+00:00,2.2584869
2025-06-21 15:02:06.207696+00:00,2.2584873
2025-06-21 15:02:19.032383+00:00,2.2584872
2025-06-21 15:02:31.523983+00:00,2.2584869
2025-06-21 15:02:43.983674+00:00,2.2584872
2025-06-21 15:02:56.486222+00:00,2.2584873
2025-06-21 15:03:09.083910+00:00,2.2584874
2025-06-21 15:03:21.545853+00:00,2.2584864
2025-06-21 15:04:59.223949+00:00,2.258487
2025-06-21 15:05:03.583466+00:00,2.2584873
2025-06-21 15:05:16.685830+00:00,2.2584872
2025-06-21 15:05:29.301098+00:00,2.2584874
2025-06-21 15:05:42.269276+00:00,2.2584872
2025-06-21 15:06:35.680259+00:00,2.2584874
2025-06-21 15:06:58.552557+00:00,2.2584867
2025-06-21 15:07:11.850348+00:00,2.2584869
2025-06-21 15:07:23.900107+00:00,2.2584873
2025-06-21 15:08:27.605917+00:00,2.2584867
2025-06-21 15:09:24.195668+00:00,2.2584868
2025-06-21 15:09:35.480183+00:00,2.2584873
2025-06-21 15:09:42.788597+00:00,2.2584869
2025-06-21 15:09:55.388571+00:00,2.2584872
2025-06-21 15:10:08.487509+00:00,2.2584871
2025-06-21 15:10:21.126410+00:00,2.2584871
2025-06-21 15:10:33.653292+00:00,2.258487
2025-06-21 15:10:46.418213+00:00,2.2584871
2025-06-21 15:10:58.585493+00:00,2.2584869
2025-06-21 15:11:11.861239+00:00,2.2584866
2025-06-21 15:11:23.577560+00:00,2.2584873
2025-06-21 15:11:36.220022+00:00,2.2584878
2025-06-21 15:11:49.231819+00:00,2.2584872
2025-06-21 15:12:01.708945+00:00,2.2584872
2025-06-21 15:12:13.914104+00:00,2.2584868
2025-06-21 15:12:26.587339+00:00,2.2584874
2025-06-21 15:12:38.903787+00:00,2.2584872
2025-06-21 15:12:51.706688+00:00,2.2584867
2025-06-21 15:13:04.725195+00:00,2.2584866
2025-06-21 15:13:17.115008+00:00,2.2584869
2025-06-21 15:13:29.294796+00:00,2.2584872
2025-06-21 15:13:41.844908+00:00,2.2584872
2025-06-21 15:13:55.300264+00:00,2.2584868
2025-06-21 15:14:11.681338+00:00,2.2584877
2025-06-21 15:14:20.312876+00:00,2.2584873
2025-06-21 15:14:35.140172+00:00,2.2584871
2025-06-21 15:14:52.696478+00:00,2.2584878
2025-06-21 15:14:59.838455+00:00,2.2584871
2025-06-21 15:15:13.713688+00:00,2.2584872
2025-06-21 15:15:24.763701+00:00,2.258487
2025-06-21 15:15:39.693889+00:00,2.2584873
2025-06-21 15:15:51.053474+00:00,2.2584869
2025-06-21 15:16:03.304984+00:00,2.2584869
2025-06-21 15:16:15.752550+00:00,2.2584869
2025-06-21 15:16:28.264290+00:00,2.2584871
2025-06-21 15:16:40.964793+00:00,2.2584874
2025-06-21 15:16:53.868207+00:00,2.2584868
2025-06-21 15:17:09.451854+00:00,2.2584874
2025-06-21 15:17:19.093594+00:00,2.2584871
2025-06-21 15:17:33.048058+00:00,2.2584872
2025-06-21 15:17:44.153390+00:00,2.2584869
2025-06-21 15:17:56.838273+00:00,2.2584873
2025-06-21 15:18:09.516939+00:00,2.2584874
2025-06-21 15:18:21.767766+00:00,2.2584869
2025-06-21 15:18:34.464236+00:00,2.2584871
2025-06-21 15:18:47.441061+00:00,2.2584879
2025-06-21 15:18:59.123810+00:00,2.2584873
2025-06-21 15:19:12.034429+00:00,2.2584865
2025-06-21 15:19:24.174532+00:00,2.258487
2025-06-21 15:19:49.333241+00:00,2.2584871
2025-06-21 15:20:07.009562+00:00,2.2584873
2025-06-21 15:20:15.505305+00:00,2.2584878
2025-06-21 15:20:27.749563+00:00,2.2584872
2025-06-21 15:20:41.889267+00:00,2.2584875
2025-06-21 15:21:05.452739+00:00,2.2584872
2025-06-21 15:21:17.894088+00:00,2.2584879
2025-06-21 15:21:30.002938+00:00,2.2584873
2025-06-21 15:21:42.519057+00:00,2.258487
2025-06-21 15:21:55.513797+00:00,2.2584876
2025-06-21 15:22:07.820684+00:00,2.2584874
2025-06-21 15:22:20.291820+00:00,2.258487
2025-06-21 15:22:33.059676+00:00,2.2584867
2025-06-21 15:22:45.501216+00:00,2.2584868
2025-06-21 15:22:57.892994+00:00,2.2584876
2025-06-21 15:23:10.526714+00:00,2.2584874
2025-06-21 15:23:22.801393+00:00,2.2584865
2025-06-21 15:23:35.721574+00:00,2.2584869
2025-06-21 15:23:49.074433+00:00,2.2584874
2025-06-21 15:24:02.129230+00:00,2.2584872
2025-06-21 15:24:17.330352+00:00,2.2584873
2025-06-21 15:24:27.125851+00:00,2.2584869
2025-06-21 15:24:40.464426+00:00,2.2584871
2025-06-21 15:24:59.373807+00:00,2.2584873
2025-06-21 15:25:05.656183+00:00,2.2584871
2025-06-21 15:25:18.459385+00:00,2.258487
2025-06-21 15:25:34.525938+00:00,2.258487
2025-06-21 15:26:13.118199+00:00,2.2584867
2025-06-21 15:26:47.916524+00:00,2.2584871
2025-06-21 15:27:00.194394+00:00,2.258487
2025-06-21 15:27:18.378266+00:00,2.2584873
2025-06-21 15:27:35.273869+00:00,2.2584874
2025-06-21 15:27:37.723875+00:00,2.2584874
2025-06-21 15:28:03.375869+00:00,2.2584874
2025-06-21 15:28:14.998955+00:00,2.2584869
2025-06-21 15:28:27.437525+00:00,2.2584868
2025-06-21 15:28:40.191933+00:00,2.2584866
2025-06-21 15:28:52.507260+00:00,2.2584873
2025-06-21 15:29:06.142636+00:00,2.2584865
2025-06-21 15:29:43.226213+00:00,2.2584871
2025-06-21 15:29:55.748253+00:00,2.2584879
2025-06-21 15:30:21.037043+00:00,2.2584869
2025-06-21 15:30:33.993193+00:00,2.2584873
2025-06-21 15:30:46.122899+00:00,2.2584877
2025-06-21 15:30:58.357070+00:00,2.2584876
2025-06-21 15:31:23.499107+00:00,2.2584873
2025-06-21 15:31:36.143668+00:00,2.2584862
2025-06-21 15:33:43.233652+00:00,2.2584858
2025-06-21 15:43:23.968883+00:00,2.258486
2025-06-21 15:44:41.066208+00:00,2.2584868
2025-06-21 15:44:53.491090+00:00,2.2584872
2025-06-21 15:45:07.158721+00:00,2.2584867
2025-06-21 15:45:19.510252+00:00,2.2584872
2025-06-21 15:45:44.255407+00:00,2.2584868
2025-06-21 15:46:00.729002+00:00,2.2584875
2025-06-21 15:46:09.987446+00:00,2.2584869
2025-06-21 15:46:23.239930+00:00,2.2584858
2025-06-21 15:46:35.277911+00:00,2.2584873
2025-06-21 15:46:48.036900+00:00,2.2584871
2025-06-21 15:47:00.451947+00:00,2.2584875
2025-06-21 15:47:12.603344+00:00,2.2584871
2025-06-21 15:47:25.006898+00:00,2.2584873
2025-06-21 15:47:37.526228+00:00,2.2584876
2025-06-21 15:47:50.227709+00:00,2.2584872
2025-06-21 15:48:07.979811+00:00,2.2584875
2025-06-21 15:48:15.823580+00:00,2.258487
2025-06-21 15:48:28.228575+00:00,2.258487
2025-06-21 15:48:51.574949+00:00,2.2584875
2025-06-21 15:50:43.836337+00:00,2.2584878
2025-06-21 15:50:59.405133+00:00,2.258487
2025-06-21 15:51:12.287343+00:00,2.2584871
2025-06-21 15:51:25.571178+00:00,2.2584875
2025-06-21 15:51:37.272801+00:00,2.2584873
2025-06-21 15:51:49.822022+00:00,2.2584872
2025-06-21 15:52:02.324231+00:00,2.2584873
2025-06-21 15:52:14.939479+00:00,2.2584868
2025-06-21 15:52:27.773343+00:00,2.2584868
2025-06-21 15:52:40.163372+00:00,2.2584878
2025-06-21 15:52:53.439230+00:00,2.258487
2025-06-21 15:53:44.757805+00:00,2.2584869
2025-06-21 15:54:04.036832+00:00,2.2584866
2025-06-21 15:54:37.048955+00:00,2.2584872
2025-06-21 15:54:48.982057+00:00,2.2584869
2025-06-21 15:55:26.782310+00:00,2.2584874
2025-06-21 15:55:40.469510+00:00,2.2584871
2025-06-21 15:55:52.087348+00:00,2.2584871
2025-06-21 15:56:18.202133+00:00,2.2584878
2025-06-21 15:56:30.361789+00:00,2.2584867
2025-06-21 15:56:42.865990+00:00,2.2584871
2025-06-21 15:56:55.128985+00:00,2.2584867
2025-06-21 15:57:08.891294+00:00,2.2584874
2025-06-21 15:57:20.495257+00:00,2.2584871
2025-06-21 15:58:22.231399+00:00,2.2584873
2025-06-21 15:58:23.462147+00:00,2.2584873
2025-06-21 15:58:37.231067+00:00,2.2584869
2025-06-21 15:58:59.352331+00:00,2.2584865
2025-06-21 15:59:07.015523+00:00,2.258487
2025-06-21 15:59:13.781089+00:00,2.2584869
2025-06-21 15:59:30.368727+00:00,2.2584871
2025-06-21 15:59:38.925893+00:00,2.258487
2025-06-21 15:59:51.439422+00:00,2.2584868
2025-06-21 16:00:04.236827+00:00,2.2584878
2025-06-21 16:00:16.665189+00:00,2.258487
2025-06-21 16:00:29.635773+00:00,2.2584875
2025-06-21 16:00:44.171252+00:00,2.2584875
2025-06-21 16:00:54.171354+00:00,2.2584874
2025-06-21 16:01:19.262858+00:00,2.2584875
2025-06-21 16:01:32.118410+00:00,2.258487
2025-06-21 16:01:44.510984+00:00,2.2584872
2025-06-21 16:01:57.141275+00:00,2.2584867
2025-06-21 16:02:11.152092+00:00,2.2584868
2025-06-21 16:02:22.266049+00:00,2.2584869
2025-06-21 16:02:35.201352+00:00,2.2584871
2025-06-21 16:02:48.664408+00:00,2.2584872
2025-06-21 16:03:00.715161+00:00,2.2584873
2025-06-21 16:03:14.782345+00:00,2.2584877
2025-06-21 16:03:26.143305+00:00,2.2584873
2025-06-21 16:03:39.429843+00:00,2.2584871
2025-06-21 16:03:52.891298+00:00,2.2584876
2025-06-21 16:04:15.114353+00:00,2.2584875
2025-06-21 16:04:17.671286+00:00,2.2584874
2025-06-21 16:04:36.924767+00:00,2.258487
2025-06-21 16:04:42.852414+00:00,2.2584876
2025-06-21 16:04:55.344804+00:00,2.2584877
2025-06-21 16:05:08.408973+00:00,2.2584876
2025-06-21 16:05:20.985107+00:00,2.2584868
2025-06-21 16:05:33.695718+00:00,2.2584872
2025-06-21 16:05:46.711792+00:00,2.2584875
2025-06-21 16:05:58.812397+00:00,2.2584871
2025-06-21 16:06:11.667970+00:00,2.2584872
2025-06-21 16:06:23.714828+00:00,2.2584876
2025-06-21 16:06:36.165402+00:00,2.2584875
2025-06-21 16:06:48.477084+00:00,2.2584871
2025-06-21 16:07:01.334914+00:00,2.2584869
2025-06-21 16:07:13.995756+00:00,2.2584869
2025-06-21 16:07:26.589422+00:00,2.2584871
2025-06-21 16:07:39.252967+00:00,2.2584875
2025-06-21 16:07:51.826050+00:00,2.2584873
2025-06-21 16:08:04.992167+00:00,2.2584868
2025-06-21 16:08:16.876917+00:00,2.2584865
2025-06-21 16:08:29.196827+00:00,2.2584874
2025-06-21 16:08:44.926209+00:00,2.2584876
2025-06-21 16:08:54.824960+00:00,2.2584873
2025-06-21 16:09:07.820789+00:00,2.2584875
2025-06-21 16:09:19.837243+00:00,2.258487
2025-06-21 16:09:33.889055+00:00,2.2584876
2025-06-21 16:09:45.192096+00:00,2.2584875
2025-06-21 16:09:58.448012+00:00,2.2584876
2025-06-21 16:10:10.337723+00:00,2.2584874
2025-06-21 16:10:22.665851+00:00,2.2584871
2025-06-21 16:10:35.279314+00:00,2.258487
2025-06-21 16:10:48.095280+00:00,2.2584872
2025-06-21 16:11:00.365522+00:00,2.2584875
2025-06-21 16:11:12.680076+00:00,2.2584873
2025-06-21 16:11:25.534375+00:00,2.2584873
2025-06-21 16:11:38.163084+00:00,2.2584873
2025-06-21 16:13:08.275896+00:00,2.2584872
2025-06-21 16:13:21.565415+00:00,2.2584877
2025-06-21 16:13:35.127982+00:00,2.2584869
2025-06-21 16:13:46.215150+00:00,2.2584875
2025-06-21 16:13:58.876260+00:00,2.2584872
2025-06-21 16:14:24.131111+00:00,2.258487
2025-06-21 16:14:36.771875+00:00,2.2584875
2025-06-21 16:14:49.393675+00:00,2.2584872
2025-06-21 16:15:02.666283+00:00,2.2584869
2025-06-21 16:15:15.478629+00:00,2.2584873
2025-06-21 16:15:28.005151+00:00,2.2584873
2025-06-21 16:15:39.853574+00:00,2.2584874
2025-06-21 16:15:52.243803+00:00,2.2584871
2025-06-21 16:16:09.894902+00:00,2.2584872
2025-06-21 16:16:26.129709+00:00,2.2584877
2025-06-21 16:17:17.127850+00:00,2.2584875
2025-06-21 16:17:20.251734+00:00,2.2584876
2025-06-21 16:17:34.278740+00:00,2.2584867
2025-06-21 16:17:45.311828+00:00,2.2584871
2025-06-21 16:17:57.584952+00:00,2.2584874
2025-06-21 16:18:11.198929+00:00,2.2584869
2025-06-21 16:18:23.196699+00:00,2.2584873
2025-06-21 16:18:36.138633+00:00,2.2584872
2025-06-21 16:18:48.886858+00:00,2.2584867
2025-06-21 16:19:01.483794+00:00,2.2584868
2025-06-21 16:19:13.790655+00:00,2.2584872
2025-06-21 16:19:26.242639+00:00,2.2584864
2025-06-21 16:19:51.379545+00:00,2.2584876
2025-06-21 16:20:05.857355+00:00,2.2584873
2025-06-21 16:20:16.639952+00:00,2.2584865
2025-06-21 16:20:39.848941+00:00,2.2584868
2025-06-21 16:20:42.161081+00:00,2.2584873
2025-06-21 16:20:54.077059+00:00,2.2584869
2025-06-21 16:21:06.911004+00:00,2.2584868
2025-06-21 16:21:19.423102+00:00,2.2584872
2025-06-21 16:21:32.767576+00:00,2.2584873
2025-06-21 16:21:45.385868+00:00,2.2584868
2025-06-21 16:24:41.533923+00:00,2.2584871
2025-06-21 16:24:49.559315+00:00,2.2584866
2025-06-21 16:25:04.209263+00:00,2.2584867
2025-06-21 16:25:09.350414+00:00,2.2584866
2025-06-21 16:25:22.030542+00:00,2.2584873
2025-06-21 16:25:34.476214+00:00,2.2584871
2025-06-21 16:25:47.119006+00:00,2.2584871
2025-06-21 16:26:36.829399+00:00,2.2584873
2025-06-21 16:26:57.738282+00:00,2.258487
2025-06-21 16:28:18.169334+00:00,2.2584869
2025-06-21 16:28:29.935884+00:00,2.2584871
2025-06-21 16:28:43.912779+00:00,2.2584868
2025-06-21 16:29:07.962180+00:00,2.2584874
2025-06-21 16:29:32.602515+00:00,2.2584874
2025-06-21 16:29:52.119385+00:00,2.2584873
2025-06-21 16:30:24.470773+00:00,2.2584874
2025-06-21 16:30:35.900512+00:00,2.2584869
2025-06-21 16:30:59.168631+00:00,2.2584872
2025-06-21 16:31:01.067784+00:00,2.2584876
2025-06-21 16:31:14.187305+00:00,2.2584869
2025-06-21 16:31:26.318487+00:00,2.2584873
2025-06-21 16:31:38.533859+00:00,2.2584878
2025-06-21 16:31:51.113096+00:00,2.2584872
2025-06-21 16:32:04.527529+00:00,2.258487
2025-06-21 16:32:17.004385+00:00,2.2584866
2025-06-21 16:32:29.763050+00:00,2.2584871
2025-06-21 16:32:42.837032+00:00,2.2584876
2025-06-21 16:32:55.651055+00:00,2.2584875
2025-06-21 16:33:36.791543+00:00,2.2584877
2025-06-21 16:34:00.326571+00:00,2.2584873
2025-06-21 16:34:12.337988+00:00,2.2584869
2025-06-21 16:34:25.057808+00:00,2.2584871
2025-06-21 16:34:37.664947+00:00,2.2584868
2025-06-21 16:34:51.206219+00:00,2.2584876
2025-06-21 16:35:04.874338+00:00,2.2584879
2025-06-21 16:35:16.264193+00:00,2.2584869
2025-06-21 16:35:29.142717+00:00,2.2584871
2025-06-21 16:35:41.500931+00:00,2.2584873
2025-06-21 16:36:01.403737+00:00,2.2584868
2025-06-21 16:36:19.125079+00:00,2.258487
2025-06-21 16:36:31.837927+00:00,2.2584877
2025-06-21 16:36:43.763132+00:00,2.2584872
2025-06-21 16:36:56.446304+00:00,2.2584878
2025-06-21 16:37:08.779644+00:00,2.2584868
2025-06-21 16:37:21.537763+00:00,2.2584875
2025-06-21 16:37:34.235840+00:00,2.2584871
2025-06-21 16:37:47.454266+00:00,2.2584869
2025-06-21 16:37:59.570406+00:00,2.2584872
2025-06-21 16:38:12.269708+00:00,2.2584876
2025-06-21 16:38:37.390180+00:00,2.2584875
2025-06-21 16:38:54.535723+00:00,2.258487
2025-06-21 16:39:02.930314+00:00,2.2584877
2025-06-21 16:39:16.144816+00:00,2.2584874
2025-06-21 16:39:29.837763+00:00,2.2584873
2025-06-21 16:39:44.893116+00:00,2.2584871
2025-06-21 16:40:05.775809+00:00,2.2584867
2025-06-21 16:40:18.340090+00:00,2.2584875
2025-06-21 16:40:30.807845+00:00,2.2584876
2025-06-21 16:40:43.709644+00:00,2.2584871
2025-06-21 16:40:55.648075+00:00,2.2584875
2025-06-21 16:41:26.382169+00:00,2.2584876
2025-06-21 16:41:34.905449+00:00,2.2584871
2025-06-21 16:41:47.527292+00:00,2.2584874
2025-06-21 16:42:02.064801+00:00,2.2584872
2025-06-21 16:42:24.682262+00:00,2.2584874
2025-06-21 16:42:39.842297+00:00,2.2584872
2025-06-21 16:42:51.271505+00:00,2.2584878
2025-06-21 16:43:05.316244+00:00,2.258487
2025-06-21 16:43:18.847747+00:00,2.2584877
2025-06-21 16:43:55.029571+00:00,2.2584863
2025-06-21 16:44:07.902761+00:00,2.2584872
2025-06-21 16:45:02.047347+00:00,2.2584868
2025-06-21 17:02:28.522144+00:00,2.2584863
2025-06-21 17:02:52.056011+00:00,2.2584872
2025-06-21 17:03:04.739015+00:00,2.2584876
2025-06-21 17:03:39.820415+00:00,2.2584875
2025-06-21 17:03:54.773575+00:00,2.2584872
2025-06-21 17:04:07.688537+00:00,2.2584868
2025-06-21 17:04:20.265577+00:00,2.2584873
2025-06-21 17:04:34.011945+00:00,2.2584871
2025-06-21 17:04:45.794347+00:00,2.2584868
2025-06-21 17:04:58.647669+00:00,2.2584873
2025-06-21 17:05:11.110137+00:00,2.2584871
2025-06-21 17:05:28.463985+00:00,2.258487
2025-06-21 17:05:36.130887+00:00,2.2584875
2025-06-21 17:05:49.219509+00:00,2.2584871
2025-06-21 17:06:26.043508+00:00,2.2584869
2025-06-21 17:06:43.784798+00:00,2.2584876
2025-06-21 17:06:50.999089+00:00,2.258487
2025-06-21 17:07:03.311577+00:00,2.2584872
2025-06-21 17:07:15.848842+00:00,2.2584872
2025-06-21 17:07:27.942709+00:00,2.2584869
2025-06-21 17:07:41.581819+00:00,2.2584876
2025-06-21 17:08:18.315372+00:00,2.2584877
2025-06-21 17:08:31.465243+00:00,2.2584867
2025-06-21 17:08:44.482267+00:00,2.2584872
2025-06-21 17:08:55.795640+00:00,2.2584867
2025-06-21 17:09:08.656006+00:00,2.2584876
2025-06-21 17:09:20.769831+00:00,2.2584874
2025-06-21 17:09:33.781301+00:00,2.2584874
2025-06-21 17:09:46.912682+00:00,2.2584868
2025-06-21 17:09:59.172761+00:00,2.2584867
2025-06-21 17:10:13.638390+00:00,2.2584869
2025-06-21 17:10:24.796073+00:00,2.2584867
2025-06-21 17:10:52.868338+00:00,2.2584873
2025-06-21 17:11:09.252785+00:00,2.2584868
2025-06-21 17:11:16.569066+00:00,2.258487
2025-06-21 17:11:34.683824+00:00,2.2584872
2025-06-21 17:11:42.470713+00:00,2.2584874
2025-06-21 17:11:54.406379+00:00,2.2584874
2025-06-21 17:12:07.476049+00:00,2.2584874
2025-06-21 17:12:20.015994+00:00,2.2584873
2025-06-21 17:12:32.392645+00:00,2.2584875
2025-06-21 17:12:44.736642+00:00,2.258487
2025-06-21 17:12:57.336906+00:00,2.2584871
2025-06-21 17:13:14.962580+00:00,2.258487
2025-06-21 17:13:22.935140+00:00,2.2584874
2025-06-21 17:13:36.202537+00:00,2.2584868
2025-06-21 17:13:50.862862+00:00,2.258487
2025-06-21 17:14:01.377900+00:00,2.2584875
2025-06-21 17:14:13.785162+00:00,2.2584868
2025-06-21 17:14:26.227988+00:00,2.2584866
2025-06-21 17:16:06.944429+00:00,2.2584874
2025-06-21 17:16:19.288730+00:00,2.2584869
2025-06-21 17:16:31.917789+00:00,2.2584868
2025-06-21 17:16:44.376682+00:00,2.2584873
2025-06-21 17:16:56.746992+00:00,2.2584875
2025-06-21 17:17:21.652486+00:00,2.2584869
2025-06-21 17:17:34.176491+00:00,2.2584872
2025-06-21 17:17:46.990350+00:00,2.2584867
2025-06-21 17:18:12.239939+00:00,2.2584867
2025-06-21 17:18:25.439629+00:00,2.2584873
2025-06-21 17:18:59.787297+00:00,2.2584871
2025-06-21 17:19:01.920065+00:00,2.2584877
2025-06-21 17:19:41.900567+00:00,2.258487
2025-06-21 17:19:58.875282+00:00,2.2584874
2025-06-21 17:20:44.799554+00:00,2.2584876
2025-06-21 17:20:56.965475+00:00,2.2584871
2025-06-21 17:21:09.933586+00:00,2.2584869
2025-06-21 17:21:22.396348+00:00,2.2584871
2025-06-21 17:21:35.462600+00:00,2.2584876
2025-06-21 17:21:48.118933+00:00,2.2584875
2025-06-21 17:22:01.064293+00:00,2.2584872
2025-06-21 17:22:13.559862+00:00,2.2584879
2025-06-21 17:22:25.857884+00:00,2.2584871
2025-06-21 17:22:40.466915+00:00,2.2584871
2025-06-21 17:22:51.522581+00:00,2.2584869
2025-06-21 17:23:07.583194+00:00,2.2584873
2025-06-21 17:23:17.899682+00:00,2.2584873
2025-06-21 17:23:29.338422+00:00,2.258487
2025-06-21 17:23:41.806038+00:00,2.2584867
2025-06-21 17:23:54.191511+00:00,2.2584877
2025-06-21 17:24:07.492564+00:00,2.2584871
2025-06-21 17:24:19.781058+00:00,2.2584872
2025-06-21 17:24:34.727432+00:00,2.2584876
2025-06-21 17:24:43.724733+00:00,2.2584873
2025-06-21 17:24:56.216031+00:00,2.2584869
2025-06-21 17:25:13.512557+00:00,2.2584874
2025-06-21 17:25:36.363148+00:00,2.2584868
2025-06-21 17:25:46.744767+00:00,2.2584872
2025-06-21 17:25:58.806435+00:00,2.2584876
2025-06-21 17:26:12.871095+00:00,2.2584873
2025-06-21 17:26:23.915958+00:00,2.2584872
2025-06-21 17:26:36.341349+00:00,2.258487
2025-06-21 17:26:49.549825+00:00,2.2584868
2025-06-21 17:27:01.871923+00:00,2.2584876
2025-06-21 17:27:14.319842+00:00,2.258487
2025-06-21 17:27:42.815335+00:00,2.2584876
2025-06-21 17:28:16.924759+00:00,2.258487
2025-06-21 17:28:42.103518+00:00,2.2584869
2025-06-21 17:28:54.513284+00:00,2.258487
2025-06-21 17:29:12.566485+00:00,2.2584871
2025-06-21 17:29:19.395894+00:00,2.2584869
2025-06-21 17:29:33.444448+00:00,2.2584875
2025-06-21 17:29:44.798100+00:00,2.2584867
2025-06-21 17:29:57.656740+00:00,2.2584873
2025-06-21 17:30:10.965715+00:00,2.2584867
2025-06-21 17:30:23.988659+00:00,2.2584873
2025-06-21 17:30:49.598289+00:00,2.2584869
2025-06-21 17:31:16.904399+00:00,2.2584873
2025-06-21 17:31:28.144000+00:00,2.2584872
2025-06-21 17:32:07.265953+00:00,2.2584873
2025-06-21 17:32:18.370486+00:00,2.2584869
2025-06-21 17:32:31.355865+00:00,2.2584872
2025-06-21 17:32:44.578594+00:00,2.2584874
2025-06-21 17:32:56.539983+00:00,2.2584874
2025-06-21 17:33:09.493407+00:00,2.2584869
2025-06-21 17:33:21.829736+00:00,2.2584869
2025-06-21 17:33:34.576673+00:00,2.2584875
2025-06-21 17:33:48.217352+00:00,2.2584877
2025-06-21 17:33:59.579047+00:00,2.2584876
2025-06-21 17:34:23.073297+00:00,2.2584872
2025-06-21 17:34:36.461326+00:00,2.2584872
2025-06-21 17:35:40.154969+00:00,2.2584878
2025-06-21 17:35:53.079954+00:00,2.2584871
2025-06-21 17:36:05.589939+00:00,2.2584877
2025-06-21 17:36:55.627066+00:00,2.2584875
2025-06-21 17:37:23.456104+00:00,2.2584874
2025-06-21 17:37:33.284700+00:00,2.2584877
2025-06-21 17:37:45.732357+00:00,2.2584873
2025-06-21 17:38:18.719759+00:00,2.2584869
2025-06-21 17:38:48.806304+00:00,2.2584869
2025-06-21 17:39:00.725829+00:00,2.2584871
2025-06-21 17:39:13.127509+00:00,2.2584873
2025-06-21 17:39:25.664544+00:00,2.2584871
2025-06-21 17:39:38.192102+00:00,2.2584873
2025-06-21 17:39:51.090465+00:00,2.2584874
2025-06-21 17:40:04.084098+00:00,2.2584876
2025-06-21 17:40:16.376184+00:00,2.2584872
2025-06-21 17:40:44.142054+00:00,2.2584873
2025-06-21 17:40:54.718359+00:00,2.2584868
2025-06-21 17:41:08.407186+00:00,2.2584871
2025-06-21 17:41:20.747938+00:00,2.2584875
2025-06-21 17:41:33.457767+00:00,2.2584876
2025-06-21 17:41:46.240001+00:00,2.2584868
2025-06-21 17:42:01.285111+00:00,2.2584873
2025-06-21 17:42:12.214230+00:00,2.2584873
2025-06-21 17:42:24.670354+00:00,2.2584871
2025-06-21 17:42:37.013583+00:00,2.2584873
2025-06-21 17:42:55.444919+00:00,2.2584874
2025-06-21 17:43:02.797375+00:00,2.258487
2025-06-21 17:43:14.942757+00:00,2.2584876
2025-06-21 17:43:27.854735+00:00,2.2584874
2025-06-21 17:43:40.375044+00:00,2.2584868
2025-06-21 17:43:52.919155+00:00,2.2584872
2025-06-21 17:44:06.085987+00:00,2.2584868
2025-06-21 17:44:18.411874+00:00,2.2584863
2025-06-21 17:44:30.618662+00:00,2.2584875
2025-06-21 17:44:42.818335+00:00,2.2584872
2025-06-21 17:44:55.275722+00:00,2.2584867
2025-06-21 17:45:08.487895+00:00,2.2584865
2025-06-21 17:45:26.693037+00:00,2.2584876
2025-06-21 17:46:09.627900+00:00,2.2584878
2025-06-21 17:46:11.025298+00:00,2.2584875
2025-06-21 17:46:36.223836+00:00,2.258487
2025-06-21 17:46:48.954471+00:00,2.2584874
2025-06-21 17:47:03.806657+00:00,2.2584873
2025-06-21 17:47:13.874379+00:00,2.2584872
2025-06-21 17:47:26.081763+00:00,2.2584873
2025-06-21 17:47:39.047255+00:00,2.258487
2025-06-21 17:47:51.343953+00:00,2.2584873
2025-06-21 17:48:04.250140+00:00,2.2584877
2025-06-21 17:48:16.445740+00:00,2.2584869
2025-06-21 17:48:28.745346+00:00,2.2584877
2025-06-21 17:48:41.527347+00:00,2.2584871
2025-06-21 17:48:54.037513+00:00,2.2584872
2025-06-21 17:49:08.286737+00:00,2.2584867
2025-06-21 17:49:19.283731+00:00,2.2584874
2025-06-21 17:49:32.101969+00:00,2.2584875
2025-06-21 17:49:46.752734+00:00,2.2584873
2025-06-21 17:49:57.129060+00:00,2.2584876
2025-06-21 17:50:23.250784+00:00,2.2584871
2025-06-21 17:50:36.700570+00:00,2.2584876
2025-06-21 17:50:48.916264+00:00,2.2584876
2025-06-21 17:51:02.037953+00:00,2.2584875
2025-06-21 17:51:14.155006+00:00,2.2584874
2025-06-21 17:51:26.893817+00:00,2.2584874
2025-06-21 17:51:39.408380+00:00,2.2584878
2025-06-21 17:51:52.147498+00:00,2.258487
2025-06-21 17:52:05.008397+00:00,2.2584873
2025-06-21 17:52:17.700280+00:00,2.2584871
2025-06-21 17:52:30.321179+00:00,2.2584867
2025-06-21 17:52:43.007643+00:00,2.2584872
2025-06-21 17:52:55.666931+00:00,2.2584874
2025-06-21 17:53:10.740762+00:00,2.2584871
2025-06-21 17:53:20.789964+00:00,2.2584876
2025-06-21 17:53:33.598122+00:00,2.2584875
2025-06-21 17:53:46.388420+00:00,2.2584871
2025-06-21 17:53:58.523429+00:00,2.2584874
2025-06-21 17:54:11.402979+00:00,2.2584874
2025-06-21 17:54:23.665399+00:00,2.2584875
2025-06-21 17:54:35.956450+00:00,2.258487
2025-06-21 17:54:48.763203+00:00,2.2584873
2025-06-21 17:55:03.412065+00:00,2.258487
2025-06-21 17:55:32.228866+00:00,2.2584869
2025-06-21 17:55:39.502005+00:00,2.2584874
2025-06-21 17:55:50.978050+00:00,2.2584872
2025-06-21 17:56:06.864791+00:00,2.2584866
2025-06-21 17:56:16.199064+00:00,2.258487
2025-06-21 17:56:48.871128+00:00,2.2584874
2025-06-21 17:57:31.005284+00:00,2.258487
2025-06-21 17:57:43.243844+00:00,2.2584875
2025-06-21 17:57:55.478346+00:00,2.2584873
2025-06-21 17:58:12.300226+00:00,2.2584875
2025-06-21 17:58:20.437088+00:00,2.258487
2025-06-21 17:58:33.256666+00:00,2.2584873
2025-06-21 17:58:47.400209+00:00,2.2584875
2025-06-21 17:59:12.456589+00:00,2.2584872
2025-06-21 17:59:26.801014+00:00,2.2584866
2025-06-21 17:59:37.184560+00:00,2.2584875
2025-06-21 17:59:59.724479+00:00,2.2584871
2025-06-21 18:00:09.438498+00:00,2.258487
2025-06-21 18:00:19.961573+00:00,2.2584876
2025-06-21 18:00:31.363546+00:00,2.2584875
2025-06-21 18:00:41.864791+00:00,2.2584873
2025-06-21 18:00:54.388347+00:00,2.2584867
2025-06-21 18:01:19.209950+00:00,2.258487
2025-06-21 18:01:31.885550+00:00,2.258487
2025-06-21 18:01:59.347158+00:00,2.2584875
2025-06-21 18:02:12.678739+00:00,2.2584878
2025-06-21 18:02:23.220693+00:00,2.2584872
2025-06-21 18:02:35.093017+00:00,2.2584869
2025-06-21 18:02:48.326911+00:00,2.2584872
2025-06-21 18:03:01.041637+00:00,2.2584872
2025-06-21 18:03:59.005497+00:00,2.2584875
2025-06-21 18:05:05.840195+00:00,2.258487
2025-06-21 18:05:18.454764+00:00,2.2584876
2025-06-21 18:05:30.829353+00:00,2.2584869
2025-06-21 18:05:43.696125+00:00,2.2584879
2025-06-21 18:05:55.572366+00:00,2.2584871
2025-06-21 18:06:08.187317+00:00,2.2584877
2025-06-21 18:06:20.707424+00:00,2.2584871
2025-06-21 18:06:33.212751+00:00,2.2584872
2025-06-21 18:06:47.495449+00:00,2.2584873
2025-06-21 18:07:23.427461+00:00,2.2584875
2025-06-21 18:07:48.298762+00:00,2.2584877
2025-06-21 18:08:00.264519+00:00,2.2584875
2025-06-21 18:08:13.025253+00:00,2.2584875
2025-06-21 18:08:54.509707+00:00,2.2584876
2025-06-21 18:09:03.675005+00:00,2.2584867
2025-06-21 18:09:16.517177+00:00,2.2584876
2025-06-21 18:09:29.405218+00:00,2.2584874
2025-06-21 18:09:41.919772+00:00,2.258487
2025-06-21 18:09:56.353152+00:00,2.2584872
2025-06-21 18:10:17.436263+00:00,2.2584872
2025-06-21 18:10:20.912129+00:00,2.2584867
2025-06-21 18:10:46.089918+00:00,2.2584872
2025-06-21 18:10:58.581721+00:00,2.2584868
2025-06-21 18:11:11.608044+00:00,2.2584871
2025-06-21 18:11:24.055782+00:00,2.2584873
2025-06-21 18:11:49.709101+00:00,2.2584875
2025-06-21 18:12:01.978796+00:00,2.2584869
2025-06-21 18:12:14.671987+00:00,2.2584866
2025-06-21 18:12:27.272506+00:00,2.2584871
2025-06-21 18:12:39.994708+00:00,2.258487
2025-06-21 18:12:52.677390+00:00,2.2584869
2025-06-21 18:13:06.855264+00:00,2.2584875
2025-06-21 18:13:30.990169+00:00,2.2584873
2025-06-21 18:13:42.636952+00:00,2.2584868
2025-06-21 18:13:58.362497+00:00,2.2584875
2025-06-21 18:14:52.662193+00:00,2.2584869
2025-06-21 18:14:57.731564+00:00,2.2584871
2025-06-21 18:15:10.133111+00:00,2.2584866
2025-06-21 18:15:24.590327+00:00,2.258487
2025-06-21 18:15:35.275093+00:00,2.2584867
2025-06-21 18:15:47.523175+00:00,2.2584871
2025-06-21 18:15:59.722924+00:00,2.2584872
2025-06-21 18:16:12.823116+00:00,2.258487
2025-06-21 18:16:57.741168+00:00,2.2584872
2025-06-21 18:17:05.400939+00:00,2.2584871
2025-06-21 18:18:08.529953+00:00,2.2584869
2025-06-21 18:18:17.884208+00:00,2.2584874
2025-06-21 18:18:30.538773+00:00,2.258487
2025-06-21 18:18:43.156034+00:00,2.2584872
2025-06-21 18:18:55.643314+00:00,2.2584872
2025-06-21 18:20:50.157476+00:00,2.258487
2025-06-21 18:21:03.494136+00:00,2.2584872
2025-06-21 18:21:17.058557+00:00,2.2584871
2025-06-21 18:21:29.922375+00:00,2.2584872
2025-06-21 18:21:42.026231+00:00,2.2584876
2025-06-21 18:21:54.061866+00:00,2.2584869
2025-06-21 18:22:07.712481+00:00,2.2584871
2025-06-21 18:22:19.476965+00:00,2.2584874
2025-06-21 18:22:32.072527+00:00,2.2584872
2025-06-21 18:22:44.843686+00:00,2.2584877
2025-06-21 18:23:09.866708+00:00,2.2584875
2025-06-21 18:23:22.299683+00:00,2.2584869
2025-06-21 18:23:34.855905+00:00,2.2584868
2025-06-21 18:23:47.309259+00:00,2.2584875
2025-06-21 18:24:36.657941+00:00,2.2584871
2025-06-21 18:24:49.827329+00:00,2.2584876
2025-06-21 18:25:02.307738+00:00,2.2584873
2025-06-21 18:25:15.227755+00:00,2.2584877
2025-06-21 18:25:27.683419+00:00,2.2584875
2025-06-21 18:25:41.134746+00:00,2.2584867
2025-06-21 18:25:53.393854+00:00,2.258487
2025-06-21 18:26:06.991065+00:00,2.2584869
2025-06-21 18:26:18.269565+00:00,2.2584876
2025-06-21 18:26:30.322999+00:00,2.2584874
2025-06-21 18:26:42.591198+00:00,2.2584862
2025-06-21 18:26:55.373908+00:00,2.2584869
2025-06-21 18:27:08.104451+00:00,2.2584872
2025-06-21 18:27:21.337659+00:00,2.2584869
2025-06-21 18:27:33.163576+00:00,2.2584868
2025-06-21 18:27:50.868061+00:00,2.2584874
2025-06-21 18:28:00.454698+00:00,2.2584877
2025-06-21 18:28:11.942781+00:00,2.2584872
2025-06-21 18:28:48.446107+00:00,2.2584868
2025-06-21 18:29:01.418459+00:00,2.2584867
2025-06-21 18:30:17.110432+00:00,2.2584869
2025-06-21 18:30:38.304320+00:00,2.2584869
2025-06-21 18:30:43.994332+00:00,2.2584871
2025-06-21 18:30:55.409741+00:00,2.2584868
2025-06-21 18:31:08.459231+00:00,2.2584873
2025-06-21 18:31:21.754180+00:00,2.2584868
2025-06-21 18:31:33.931025+00:00,2.2584871
2025-06-21 18:31:46.648808+00:00,2.2584874
2025-06-21 18:31:59.019819+00:00,2.2584868
2025-06-21 18:32:12.720196+00:00,2.2584873
2025-06-21 18:32:32.873124+00:00,2.2584871
2025-06-21 18:32:42.778035+00:00,2.2584871
2025-06-21 18:32:49.642029+00:00,2.2584872
2025-06-21 18:33:02.563809+00:00,2.2584868
2025-06-21 18:33:15.287146+00:00,2.2584875
2025-06-21 18:33:27.874744+00:00,2.2584874
2025-06-21 18:33:40.484191+00:00,2.2584872
2025-06-21 18:34:18.791445+00:00,2.2584878
2025-06-21 18:34:35.957062+00:00,2.2584873
2025-06-21 18:35:19.667580+00:00,2.2584874
2025-06-21 18:35:21.428542+00:00,2.2584871
2025-06-21 18:35:34.309073+00:00,2.2584875
2025-06-21 18:35:46.793697+00:00,2.258487
2025-06-21 18:35:58.997971+00:00,2.2584874
2025-06-21 18:36:13.548296+00:00,2.2584874
2025-06-21 18:36:24.009476+00:00,2.2584869
2025-06-21 18:36:37.380781+00:00,2.2584876
2025-06-21 18:36:49.441592+00:00,2.2584877
2025-06-21 18:37:02.704650+00:00,2.2584873
2025-06-21 18:37:14.280228+00:00,2.2584869
2025-06-21 18:37:26.883046+00:00,2.2584873
2025-06-21 18:37:39.756064+00:00,2.2584875
2025-06-21 18:37:51.837999+00:00,2.2584875
2025-06-21 18:38:04.702730+00:00,2.2584869
2025-06-21 18:38:17.197155+00:00,2.2584873
2025-06-21 18:38:36.303907+00:00,2.2584874
2025-06-21 18:39:09.662080+00:00,2.2584876
2025-06-21 18:39:19.785141+00:00,2.2584876
2025-06-21 18:39:32.887263+00:00,2.2584868
2025-06-21 18:39:45.176530+00:00,2.2584876
2025-06-21 18:39:57.715312+00:00,2.258487
2025-06-21 18:40:11.144740+00:00,2.2584877
2025-06-21 18:40:23.536769+00:00,2.2584874
2025-06-21 18:40:45.185793+00:00,2.2584869
2025-06-21 18:41:14.243343+00:00,2.2584869
2025-06-21 18:41:45.292180+00:00,2.2584872
2025-06-21 18:42:18.731349+00:00,2.2584872
2025-06-21 18:42:31.574277+00:00,2.2584873
2025-06-21 18:42:46.051249+00:00,2.2584865
2025-06-21 18:42:56.863499+00:00,2.2584878
2025-06-21 18:43:12.446547+00:00,2.2584869
2025-06-21 18:43:22.564720+00:00,2.2584871
2025-06-21 18:43:36.005676+00:00,2.2584875
2025-06-21 18:44:51.704525+00:00,2.2584873
2025-06-21 18:45:03.398227+00:00,2.2584869
2025-06-21 18:45:16.177639+00:00,2.2584875
2025-06-21 18:45:45.208933+00:00,2.2584867
2025-06-21 18:45:55.975363+00:00,2.2584872
2025-06-21 18:46:07.524583+00:00,2.2584875
2025-06-21 18:46:31.235229+00:00,2.258487
2025-06-21 18:47:02.957811+00:00,2.2584872
2025-06-21 18:47:13.169254+00:00,2.2584868
2025-06-21 18:47:21.900663+00:00,2.2584867
2025-06-21 18:47:38.435427+00:00,2.258487
2025-06-21 18:47:46.232987+00:00,2.2584876
2025-06-21 18:47:58.991871+00:00,2.2584874
2025-06-21 18:48:11.580931+00:00,2.2584876
2025-06-21 18:48:23.789992+00:00,2.2584875
2025-06-21 18:48:36.348962+00:00,2.2584875
2025-06-21 18:48:49.107153+00:00,2.258487
2025-06-21 18:49:01.324134+00:00,2.2584875
2025-06-21 18:49:13.873393+00:00,2.2584872
2025-06-21 18:49:26.573788+00:00,2.2584869
2025-06-21 18:50:02.595771+00:00,2.2584871
2025-06-21 18:50:08.254295+00:00,2.2584869
2025-06-21 18:51:24.473221+00:00,2.258487
2025-06-21 18:51:51.520117+00:00,2.2584872
2025-06-21 18:52:14.274036+00:00,2.2584872
2025-06-21 18:52:37.786072+00:00,2.2584875
2025-06-21 18:52:51.786143+00:00,2.2584873
2025-06-21 18:53:28.323095+00:00,2.2584876
2025-06-21 18:53:41.802641+00:00,2.2584869
2025-06-21 18:53:53.385663+00:00,2.2584868
2025-06-21 18:54:06.390256+00:00,2.2584872
2025-06-21 18:54:19.485441+00:00,2.2584876
2025-06-21 18:54:31.010231+00:00,2.2584871
2025-06-21 18:54:43.443705+00:00,2.258487
2025-06-21 18:54:55.618947+00:00,2.2584869
2025-06-21 18:55:08.379574+00:00,2.2584867
2025-06-21 18:55:20.819244+00:00,2.2584871
2025-06-21 18:55:33.690210+00:00,2.2584875
2025-06-21 18:55:45.746351+00:00,2.2584872
2025-06-21 18:55:58.098692+00:00,2.2584874
2025-06-21 18:56:11.495855+00:00,2.2584874
2025-06-21 18:56:23.325440+00:00,2.2584875
2025-06-21 18:56:36.153369+00:00,2.2584874
2025-06-21 18:56:49.186716+00:00,2.2584875
2025-06-21 18:57:02.210187+00:00,2.2584877
2025-06-21 18:57:14.105663+00:00,2.258487
2025-06-21 18:57:26.957205+00:00,2.2584876
2025-06-21 18:57:38.991231+00:00,2.2584875
2025-06-21 18:57:53.449303+00:00,2.2584877
2025-06-21 18:58:04.660064+00:00,2.2584876
2025-06-21 18:58:17.196931+00:00,2.258487
2025-06-21 18:58:29.656590+00:00,2.2584878
2025-06-21 18:58:57.220774+00:00,2.2584872
2025-06-21 18:59:10.442829+00:00,2.2584871
2025-06-21 19:00:14.808693+00:00,2.2584869
2025-06-21 19:00:48.127475+00:00,2.2584873
2025-06-21 19:01:01.258468+00:00,2.258487
2025-06-21 19:01:26.668995+00:00,2.2584875
2025-06-21 19:01:39.500184+00:00,2.2584871
2025-06-21 19:01:52.212212+00:00,2.2584871
2025-06-21 19:02:09.139855+00:00,2.2584867
2025-06-21 19:02:18.082236+00:00,2.2584869
2025-06-21 19:02:55.888641+00:00,2.2584872
2025-06-21 19:03:21.407065+00:00,2.2584874
2025-06-21 19:03:59.291993+00:00,2.258487
2025-06-21 19:04:11.922884+00:00,2.2584876
2025-06-21 19:04:24.645120+00:00,2.2584873
2025-06-21 19:04:38.030751+00:00,2.2584871
2025-06-21 19:04:50.106592+00:00,2.258487
2025-06-21 19:05:03.217484+00:00,2.2584869
2025-06-21 19:05:25.851166+00:00,2.2584876
2025-06-21 19:05:28.197873+00:00,2.2584877
2025-06-21 19:05:40.575636+00:00,2.2584871
2025-06-21 19:05:52.867295+00:00,2.2584875
2025-06-21 19:06:05.680461+00:00,2.2584873
2025-06-21 19:06:18.104578+00:00,2.2584868
2025-06-21 19:06:30.465227+00:00,2.2584871
2025-06-21 19:06:43.653394+00:00,2.2584869
2025-06-21 19:06:55.399071+00:00,2.2584874
2025-06-21 19:07:14.133841+00:00,2.2584875
2025-06-21 19:07:33.110077+00:00,2.2584869
2025-06-21 19:07:45.393462+00:00,2.2584875
2025-06-21 19:07:58.164885+00:00,2.2584873
2025-06-21 19:08:11.721723+00:00,2.2584873
2025-06-21 19:08:22.989247+00:00,2.2584873
2025-06-21 19:08:35.639821+00:00,2.2584873
2025-06-21 19:08:49.601716+00:00,2.2584872
2025-06-21 19:09:12.103553+00:00,2.2584872
2025-06-21 19:09:13.207399+00:00,2.2584875
2025-06-21 19:09:26.678539+00:00,2.2584872
2025-06-21 19:09:38.265006+00:00,2.258487
2025-06-21 19:09:51.130797+00:00,2.2584866
2025-06-21 19:10:03.970711+00:00,2.2584875
2025-06-21 19:10:16.697680+00:00,2.2584875
2025-06-21 19:10:29.079683+00:00,2.2584869
2025-06-21 19:10:41.025357+00:00,2.2584871
2025-06-21 19:10:54.347418+00:00,2.2584873
2025-06-21 19:11:06.403079+00:00,2.2584877
2025-06-21 19:11:18.864805+00:00,2.2584872
2025-06-21 19:11:31.854770+00:00,2.2584871
2025-06-21 19:11:44.543275+00:00,2.2584873
2025-06-21 19:11:57.208567+00:00,2.2584875
2025-06-21 19:12:10.743869+00:00,2.2584873
2025-06-21 19:12:23.073567+00:00,2.2584867
2025-06-21 19:12:36.012368+00:00,2.2584874
2025-06-21 19:12:49.005772+00:00,2.258487
2025-06-21 19:13:02.138673+00:00,2.2584871
2025-06-21 19:13:13.937384+00:00,2.2584877
2025-06-21 19:13:26.799855+00:00,2.2584876
2025-06-21 19:13:39.668091+00:00,2.2584875
2025-06-21 19:13:52.156584+00:00,2.2584874
2025-06-21 19:14:05.691537+00:00,2.2584876
2025-06-21 19:14:17.974289+00:00,2.2584873
2025-06-21 19:14:55.873132+00:00,2.2584876
2025-06-21 19:15:08.888698+00:00,2.2584875
2025-06-21 19:15:21.659828+00:00,2.2584873
2025-06-21 19:15:34.561995+00:00,2.2584876
2025-06-21 19:15:46.954570+00:00,2.2584874
2025-06-21 19:15:59.464294+00:00,2.2584871
2025-06-21 19:16:12.612572+00:00,2.2584877
2025-06-21 19:16:24.598122+00:00,2.2584873
2025-06-21 19:16:36.955515+00:00,2.2584872
2025-06-21 19:16:49.116197+00:00,2.2584874
2025-06-21 19:17:02.061890+00:00,2.2584877
2025-06-21 19:17:14.519854+00:00,2.2584871
2025-06-21 19:17:26.522080+00:00,2.258487
2025-06-21 19:17:39.079093+00:00,2.2584873
2025-06-21 19:17:51.952184+00:00,2.2584875
2025-06-21 19:18:04.784429+00:00,2.2584873
2025-06-21 19:18:29.808282+00:00,2.2584877
2025-06-21 19:18:42.336415+00:00,2.2584877
2025-06-21 19:18:55.023448+00:00,2.258487
2025-06-21 19:19:08.165964+00:00,2.2584878
2025-06-21 19:19:20.369440+00:00,2.2584878
2025-06-21 19:19:38.317418+00:00,2.2584876
2025-06-21 19:19:45.941559+00:00,2.2584872
2025-06-21 19:20:41.147279+00:00,2.2584875
2025-06-21 19:21:02.805421+00:00,2.2584872
2025-06-21 19:21:23.418195+00:00,2.2584873
2025-06-21 19:21:40.755278+00:00,2.2584876
2025-06-21 19:22:18.087692+00:00,2.2584872
2025-06-21 19:22:30.244019+00:00,2.258487
2025-06-21 19:22:53.932094+00:00,2.2584873
2025-06-21 19:23:19.428483+00:00,2.258487
2025-06-21 19:23:32.521194+00:00,2.2584876
2025-06-21 19:24:24.443859+00:00,2.2584872
2025-06-21 19:24:54.613069+00:00,2.2584874
2025-06-21 19:25:19.084812+00:00,2.2584869
2025-06-21 19:25:52.649177+00:00,2.2584869
2025-06-21 19:26:04.431468+00:00,2.2584878
2025-06-21 19:26:16.805651+00:00,2.2584872
2025-06-21 19:26:29.142838+00:00,2.2584874
2025-06-21 19:26:54.969133+00:00,2.2584869
2025-06-21 19:27:07.095914+00:00,2.2584873
2025-06-21 19:27:19.249744+00:00,2.2584875
2025-06-21 19:27:36.038914+00:00,2.2584879
2025-06-21 19:27:44.413728+00:00,2.2584877
2025-06-21 19:27:57.025725+00:00,2.2584871
2025-06-21 19:28:09.868330+00:00,2.2584875
2025-06-21 19:28:22.090082+00:00,2.2584877
2025-06-21 19:28:34.622928+00:00,2.2584872
2025-06-21 19:29:05.350403+00:00,2.258488
2025-06-21 19:29:12.096217+00:00,2.2584874
2025-06-21 19:29:24.340261+00:00,2.2584877
2025-06-21 19:29:49.713923+00:00,2.2584877
2025-06-21 19:30:09.932552+00:00,2.2584873
2025-06-21 19:30:46.652383+00:00,2.2584873
2025-06-21 19:30:52.994705+00:00,2.2584875
2025-06-21 19:31:05.244594+00:00,2.258487
2025-06-21 19:32:36.875443+00:00,2.2584879
2025-06-21 19:32:51.307433+00:00,2.2584871
2025-06-21 19:32:58.102675+00:00,2.2584868
2025-06-21 19:33:12.309727+00:00,2.2584877
2025-06-21 19:33:23.679718+00:00,2.258488
2025-06-21 19:33:39.153782+00:00,2.2584876
2025-06-21 19:33:52.085015+00:00,2.2584879
2025-06-21 19:34:05.343753+00:00,2.2584876
2025-06-21 19:34:19.776984+00:00,2.2584875
2025-06-21 19:34:31.885044+00:00,2.2584868
2025-06-21 19:34:40.332063+00:00,2.2584876
2025-06-21 19:34:53.739497+00:00,2.2584876
2025-06-21 19:35:06.366015+00:00,2.2584879
2025-06-21 19:35:18.742176+00:00,2.2584875
2025-06-21 19:35:31.852937+00:00,2.2584873
2025-06-21 19:35:44.057467+00:00,2.2584876
2025-06-21 19:35:56.474397+00:00,2.258487
2025-06-21 19:36:09.398402+00:00,2.2584872
2025-06-21 19:36:22.067017+00:00,2.2584871
2025-06-21 19:36:34.622572+00:00,2.2584871
2025-06-21 19:36:47.155101+00:00,2.2584874
2025-06-21 19:36:59.546546+00:00,2.2584876
2025-06-21 19:37:12.947252+00:00,2.2584878
2025-06-21 19:37:23.994827+00:00,2.2584878
2025-06-21 19:37:37.299734+00:00,2.2584871
2025-06-21 19:38:28.722032+00:00,2.2584875
2025-06-21 19:38:39.683888+00:00,2.2584874
2025-06-21 19:38:51.795862+00:00,2.2584875
2025-06-21 19:39:09.208136+00:00,2.258487
2025-06-21 19:39:19.694481+00:00,2.2584872
2025-06-21 19:39:34.803240+00:00,2.258487
2025-06-21 19:39:42.717770+00:00,2.2584873
2025-06-21 19:39:54.953926+00:00,2.2584877
2025-06-21 19:40:07.468007+00:00,2.2584872
2025-06-21 19:40:24.015414+00:00,2.2584875
2025-06-21 19:40:33.472459+00:00,2.2584874
2025-06-21 19:40:46.490055+00:00,2.2584872
2025-06-21 19:40:57.229188+00:00,2.2584876
2025-06-21 19:41:10.192444+00:00,2.2584873
2025-06-21 19:41:22.295489+00:00,2.2584872
2025-06-21 19:41:34.789939+00:00,2.2584878
2025-06-21 19:41:47.591070+00:00,2.2584877
2025-06-21 19:41:59.851084+00:00,2.2584877
2025-06-21 19:42:12.779575+00:00,2.2584871
2025-06-21 19:42:25.129296+00:00,2.2584872
2025-06-21 19:42:38.768054+00:00,2.258487
2025-06-21 19:42:52.782899+00:00,2.2584873
2025-06-21 19:43:03.609824+00:00,2.2584879
2025-06-21 19:43:16.521663+00:00,2.2584875
2025-06-21 19:43:29.257902+00:00,2.2584876
2025-06-21 19:43:41.910891+00:00,2.2584871
2025-06-21 19:43:54.846209+00:00,2.2584877
2025-06-21 19:44:07.587755+00:00,2.2584871
2025-06-21 19:44:19.962789+00:00,2.2584879
2025-06-21 19:44:33.204294+00:00,2.2584875
2025-06-21 19:44:45.910279+00:00,2.2584878
2025-06-21 19:44:57.959880+00:00,2.2584877
2025-06-21 19:45:11.245558+00:00,2.2584879
2025-06-21 19:45:24.893773+00:00,2.2584876
2025-06-21 19:45:36.327498+00:00,2.2584875
2025-06-21 19:45:48.867483+00:00,2.2584877
2025-06-21 19:46:01.214778+00:00,2.258487
2025-06-21 19:46:14.097363+00:00,2.258487
2025-06-21 19:46:26.694333+00:00,2.2584872
2025-06-21 19:46:38.985942+00:00,2.2584875
2025-06-21 19:46:51.530983+00:00,2.2584874
2025-06-21 19:47:04.150748+00:00,2.2584876
2025-06-21 19:47:16.490274+00:00,2.2584873
2025-06-21 19:47:29.014984+00:00,2.2584869
2025-06-21 19:47:41.618792+00:00,2.2584881
2025-06-21 19:47:54.052004+00:00,2.2584875
2025-06-21 19:48:07.491523+00:00,2.2584869
2025-06-21 19:48:19.632114+00:00,2.2584873
2025-06-21 19:48:32.566952+00:00,2.2584874
2025-06-21 19:48:44.715535+00:00,2.2584877
2025-06-21 19:48:57.534203+00:00,2.2584874
2025-06-21 19:49:10.335862+00:00,2.2584872
2025-06-21 19:49:22.500751+00:00,2.258487
2025-06-21 19:49:35.025410+00:00,2.2584877
2025-06-21 19:49:48.116867+00:00,2.2584869
2025-06-21 19:50:00.050163+00:00,2.2584872
2025-06-21 19:50:13.186443+00:00,2.2584876
2025-06-21 19:50:25.412455+00:00,2.2584871
2025-06-21 19:50:38.598262+00:00,2.2584871
2025-06-21 19:50:50.237114+00:00,2.258487
2025-06-21 19:51:08.301939+00:00,2.2584873
2025-06-21 19:51:35.532070+00:00,2.2584873
2025-06-21 19:51:40.100067+00:00,2.2584874
2025-06-21 19:51:52.594964+00:00,2.2584866
2025-06-21 19:52:10.975204+00:00,2.2584878
2025-06-21 19:52:17.785118+00:00,2.2584874
2025-06-21 19:52:30.715180+00:00,2.258488
2025-06-21 19:52:45.515650+00:00,2.2584873
2025-06-21 19:52:55.738687+00:00,2.2584875
2025-06-21 19:53:10.004443+00:00,2.2584876
2025-06-21 19:53:34.461093+00:00,2.2584873
2025-06-21 19:53:47.787529+00:00,2.2584874
2025-06-21 19:54:00.399918+00:00,2.2584878
2025-06-21 19:54:13.057006+00:00,2.2584872
2025-06-21 19:55:54.161302+00:00,2.2584875
2025-06-21 19:56:07.117281+00:00,2.2584874
2025-06-21 19:56:20.037588+00:00,2.2584874
2025-06-21 19:56:32.261707+00:00,2.2584874
2025-06-21 19:56:46.045677+00:00,2.2584873
2025-06-21 19:56:57.843659+00:00,2.2584881
2025-06-21 19:57:10.341019+00:00,2.2584876
2025-06-21 19:57:23.109363+00:00,2.2584876
2025-06-21 19:57:35.032978+00:00,2.2584871
2025-06-21 19:58:04.934598+00:00,2.258487
2025-06-21 19:58:12.358188+00:00,2.2584877
2025-06-21 19:59:19.779492+00:00,2.2584872
2025-06-21 19:59:41.080830+00:00,2.2584873
2025-06-21 19:59:53.025655+00:00,2.2584877
2025-06-21 20:00:23.058239+00:00,2.2584879
2025-06-21 20:00:31.294070+00:00,2.2584876
2025-06-21 20:00:43.503497+00:00,2.258487
2025-06-21 20:01:00.755012+00:00,2.2584877
2025-06-21 20:01:08.605161+00:00,2.2584871
2025-06-21 20:01:21.237210+00:00,2.2584871
2025-06-21 20:01:34.202631+00:00,2.2584873
2025-06-21 20:01:49.663711+00:00,2.2584872
2025-06-21 20:02:00.402739+00:00,2.2584867
2025-06-21 20:02:11.828939+00:00,2.2584872
2025-06-21 20:02:23.853013+00:00,2.2584878
2025-06-21 20:02:37.290414+00:00,2.2584863
2025-06-21 20:02:49.121905+00:00,2.2584877
2025-06-21 20:03:04.153161+00:00,2.2584869
2025-06-21 20:03:14.868460+00:00,2.2584876
2025-06-21 20:03:27.336719+00:00,2.2584879
2025-06-21 20:03:40.247032+00:00,2.258488
2025-06-21 20:03:52.985916+00:00,2.2584873
2025-06-21 20:04:06.899470+00:00,2.2584869
2025-06-21 20:04:18.753227+00:00,2.2584876
2025-06-21 20:04:33.061244+00:00,2.2584876
2025-06-21 20:04:54.426234+00:00,2.2584874
2025-06-21 20:05:12.765445+00:00,2.2584875
2025-06-21 20:05:22.920488+00:00,2.2584875
2025-06-21 20:05:35.167175+00:00,2.2584876
2025-06-21 20:05:50.024782+00:00,2.2584876
2025-06-21 20:06:01.244568+00:00,2.2584877
2025-06-21 20:06:14.200145+00:00,2.2584869
2025-06-21 20:06:25.815918+00:00,2.2584879
2025-06-21 20:06:37.880460+00:00,2.2584871
2025-06-21 20:06:50.831518+00:00,2.2584877
2025-06-21 20:07:03.602281+00:00,2.2584879
2025-06-21 20:07:16.143224+00:00,2.2584874
2025-06-21 20:07:27.875621+00:00,2.2584874
2025-06-21 20:08:33.554473+00:00,2.2584876
2025-06-21 20:08:42.304440+00:00,2.2584875
2025-06-21 20:08:54.943304+00:00,2.2584873
2025-06-21 20:09:07.887848+00:00,2.2584877
2025-06-21 20:09:20.870985+00:00,2.2584872
2025-06-21 20:09:33.205218+00:00,2.2584876
2025-06-21 20:09:45.450507+00:00,2.2584874
2025-06-21 20:09:57.837861+00:00,2.2584878
2025-06-21 20:10:10.542204+00:00,2.2584873
2025-06-21 20:10:24.074209+00:00,2.2584878
2025-06-21 20:10:35.739851+00:00,2.2584877
2025-06-21 20:10:48.594457+00:00,2.2584878
2025-06-21 20:11:00.865368+00:00,2.2584874
2025-06-21 20:11:13.157791+00:00,2.2584871
2025-06-21 20:11:25.793981+00:00,2.2584879
2025-06-21 20:11:38.358208+00:00,2.2584874
2025-06-21 20:12:17.247317+00:00,2.2584875
2025-06-21 20:12:29.158487+00:00,2.2584874
2025-06-21 20:12:41.895507+00:00,2.2584876
2025-06-21 20:12:56.100871+00:00,2.2584871
2025-06-21 20:13:07.327793+00:00,2.2584871
2025-06-21 20:13:19.963278+00:00,2.258487
2025-06-21 20:13:36.046011+00:00,2.2584869
2025-06-21 20:13:46.561709+00:00,2.258488
2025-06-21 20:13:58.406535+00:00,2.258487
2025-06-21 20:14:23.445356+00:00,2.2584879
2025-06-21 20:14:36.216417+00:00,2.2584872
2025-06-21 20:14:53.976156+00:00,2.258487
2025-06-21 20:15:02.384414+00:00,2.2584876
2025-06-21 20:15:14.523740+00:00,2.2584875
2025-06-21 20:15:34.941837+00:00,2.2584877
2025-06-21 20:15:52.049595+00:00,2.2584874
2025-06-21 20:17:10.424654+00:00,2.2584865
2025-06-21 20:17:32.581468+00:00,2.2584874
2025-06-21 20:17:45.291666+00:00,2.2584874
2025-06-21 20:17:57.550037+00:00,2.2584864
2025-06-21 20:18:10.161518+00:00,2.2584876
2025-06-21 20:19:00.097179+00:00,2.2584873
2025-06-21 20:19:46.284915+00:00,2.2584874
2025-06-21 20:19:50.277848+00:00,2.2584869
2025-06-21 20:20:05.203815+00:00,2.2584879
2025-06-21 20:20:16.101514+00:00,2.2584869
2025-06-21 20:20:28.036313+00:00,2.2584878
2025-06-21 20:20:40.846180+00:00,2.2584876
2025-06-21 20:20:52.649594+00:00,2.2584877
2025-06-21 20:21:05.598792+00:00,2.2584879
2025-06-21 20:21:18.161880+00:00,2.2584871
2025-06-21 20:21:30.682351+00:00,2.2584871
2025-06-21 20:21:52.121678+00:00,2.2584874
2025-06-21 20:21:55.905915+00:00,2.2584877
2025-06-21 20:22:09.016721+00:00,2.2584876
2025-06-21 20:22:21.702814+00:00,2.2584877
2025-06-21 20:22:35.027790+00:00,2.2584872
2025-06-21 20:22:48.272900+00:00,2.2584871
2025-06-21 20:23:00.885397+00:00,2.2584871
2025-06-21 20:23:12.887274+00:00,2.2584866
2025-06-21 20:23:25.547320+00:00,2.2584878
2025-06-21 20:23:40.130673+00:00,2.2584868
2025-06-21 20:23:52.000949+00:00,2.2584874
2025-06-21 20:24:04.060144+00:00,2.2584884
2025-06-21 20:24:17.727917+00:00,2.2584879
2025-06-21 20:24:29.070706+00:00,2.2584878
2025-06-21 20:24:41.912129+00:00,2.2584874
2025-06-21 20:24:54.682206+00:00,2.2584879
2025-06-21 20:25:20.074011+00:00,2.2584878
2025-06-21 20:25:32.977170+00:00,2.2584874
2025-06-21 20:25:44.810172+00:00,2.2584877
2025-06-21 20:25:57.338849+00:00,2.258488
2025-06-21 20:26:10.400373+00:00,2.2584879
2025-06-21 20:26:22.415672+00:00,2.2584879
2025-06-21 20:26:38.275578+00:00,2.2584874
2025-06-21 20:26:59.901333+00:00,2.2584879
2025-06-21 20:27:13.248487+00:00,2.2584873
2025-06-21 20:28:02.672579+00:00,2.2584872
2025-06-21 20:29:05.489788+00:00,2.2584878
2025-06-21 20:29:17.881589+00:00,2.2584874
2025-06-21 20:29:30.400914+00:00,2.2584867
2025-06-21 20:29:43.583516+00:00,2.2584877
2025-06-21 20:29:55.359117+00:00,2.2584876
2025-06-21 20:30:41.666915+00:00,2.2584876
2025-06-21 20:31:48.740598+00:00,2.2584874
2025-06-21 20:32:43.102464+00:00,2.2584873
2025-06-21 20:32:56.681682+00:00,2.2584869
2025-06-21 20:33:20.454273+00:00,2.2584871
2025-06-21 20:33:42.987599+00:00,2.2584876
2025-06-21 20:33:56.415396+00:00,2.2584875
2025-06-21 20:34:08.604571+00:00,2.2584874
2025-06-21 20:34:33.865097+00:00,2.2584876
2025-06-21 20:35:12.577902+00:00,2.2584881
2025-06-21 20:35:25.164651+00:00,2.2584869
2025-06-21 20:35:50.224499+00:00,2.2584878
2025-06-21 20:38:35.082692+00:00,2.2584883
