time,counts_ratio
2025-07-16 00:00:06.758567+00:00,2.2584872
2025-07-16 00:00:17.372028+00:00,2.2584877
2025-07-16 00:00:31.438130+00:00,2.2584878
2025-07-16 00:00:42.409447+00:00,2.2584881
2025-07-16 00:00:54.661368+00:00,2.2584879
2025-07-16 00:01:07.422800+00:00,2.2584879
2025-07-16 00:01:19.463216+00:00,2.2584878
2025-07-16 00:01:32.098362+00:00,2.2584876
2025-07-16 00:01:44.217407+00:00,2.2584873
2025-07-16 00:01:56.280295+00:00,2.2584878
2025-07-16 00:02:09.201312+00:00,2.2584878
2025-07-16 00:02:21.113524+00:00,2.2584877
2025-07-16 00:02:34.520430+00:00,2.2584879
2025-07-16 00:02:47.099415+00:00,2.2584878
2025-07-16 00:02:59.468089+00:00,2.2584882
2025-07-16 00:03:12.333048+00:00,2.2584877
2025-07-16 00:03:23.824960+00:00,2.2584876
2025-07-16 00:03:36.858414+00:00,2.2584879
2025-07-16 00:03:50.668950+00:00,2.2584879
2025-07-16 00:04:02.209269+00:00,2.2584874
2025-07-16 00:04:26.678189+00:00,2.2584877
2025-07-16 00:04:38.838857+00:00,2.2584878
2025-07-16 00:04:51.188426+00:00,2.2584876
2025-07-16 00:05:04.388217+00:00,2.2584879
2025-07-16 00:05:26.434687+00:00,2.2584871
2025-07-16 00:05:29.039649+00:00,2.2584879
2025-07-16 00:05:43.174124+00:00,2.2584876
2025-07-16 00:05:53.782600+00:00,2.2584877
2025-07-16 00:06:06.453463+00:00,2.258488
2025-07-16 00:06:18.989018+00:00,2.2584877
2025-07-16 00:06:32.919275+00:00,2.2584871
2025-07-16 00:06:43.715796+00:00,2.2584877
2025-07-16 00:06:56.351753+00:00,2.2584878
2025-07-16 00:07:09.753396+00:00,2.2584875
2025-07-16 00:07:22.534854+00:00,2.2584876
2025-07-16 00:07:34.539023+00:00,2.2584875
2025-07-16 00:07:50.692256+00:00,2.258488
2025-07-16 00:07:59.817308+00:00,2.2584875
2025-07-16 00:08:12.414321+00:00,2.2584877
2025-07-16 00:08:25.063685+00:00,2.2584878
2025-07-16 00:08:38.642052+00:00,2.2584875
2025-07-16 00:08:50.015988+00:00,2.2584869
2025-07-16 00:09:03.006435+00:00,2.2584881
2025-07-16 00:09:15.375871+00:00,2.2584879
2025-07-16 00:09:27.649829+00:00,2.258488
2025-07-16 00:09:40.685447+00:00,2.2584878
2025-07-16 00:09:52.705140+00:00,2.2584873
2025-07-16 00:10:05.262044+00:00,2.2584881
2025-07-16 00:10:17.730476+00:00,2.2584874
2025-07-16 00:10:31.122231+00:00,2.2584878
2025-07-16 00:10:42.318436+00:00,2.2584867
2025-07-16 00:10:54.434985+00:00,2.2584882
2025-07-16 00:11:08.565687+00:00,2.2584873
2025-07-16 00:11:19.151782+00:00,2.2584875
2025-07-16 00:11:33.196495+00:00,2.2584881
2025-07-16 00:11:44.357008+00:00,2.2584873
2025-07-16 00:11:56.596147+00:00,2.2584872
2025-07-16 00:12:09.375209+00:00,2.2584874
2025-07-16 00:12:21.250818+00:00,2.2584878
2025-07-16 00:12:35.462552+00:00,2.2584875
2025-07-16 00:12:47.832720+00:00,2.2584878
2025-07-16 00:12:58.900147+00:00,2.2584877
2025-07-16 00:13:11.767554+00:00,2.2584872
2025-07-16 00:13:24.090260+00:00,2.2584874
2025-07-16 00:13:37.506202+00:00,2.258488
2025-07-16 00:13:49.069878+00:00,2.2584877
2025-07-16 00:14:01.656220+00:00,2.258488
2025-07-16 00:14:13.860558+00:00,2.2584879
2025-07-16 00:14:26.298468+00:00,2.2584872
2025-07-16 00:14:40.723841+00:00,2.2584876
2025-07-16 00:14:52.855713+00:00,2.2584878
2025-07-16 00:15:03.548851+00:00,2.2584882
2025-07-16 00:15:18.467008+00:00,2.2584875
2025-07-16 00:15:28.566599+00:00,2.258487
2025-07-16 00:15:43.502261+00:00,2.2584881
2025-07-16 00:15:53.639922+00:00,2.2584874
2025-07-16 00:16:07.257584+00:00,2.258488
2025-07-16 00:16:19.004796+00:00,2.2584879
2025-07-16 00:16:33.020567+00:00,2.2584879
2025-07-16 00:16:45.674517+00:00,2.2584881
2025-07-16 00:16:57.101650+00:00,2.2584871
2025-07-16 00:17:11.838223+00:00,2.2584877
2025-07-16 00:17:24.095284+00:00,2.2584872
2025-07-16 00:17:35.710663+00:00,2.2584875
2025-07-16 00:17:48.985595+00:00,2.2584875
2025-07-16 00:18:00.576416+00:00,2.2584873
2025-07-16 00:18:13.026971+00:00,2.2584873
2025-07-16 00:18:25.735013+00:00,2.2584877
2025-07-16 00:18:38.210591+00:00,2.2584869
2025-07-16 00:18:53.181330+00:00,2.2584881
2025-07-16 00:19:03.807817+00:00,2.2584879
2025-07-16 00:19:16.377568+00:00,2.258488
2025-07-16 00:19:28.656278+00:00,2.2584879
2025-07-16 00:19:41.549240+00:00,2.2584873
2025-07-16 00:19:54.715207+00:00,2.2584872
2025-07-16 00:20:06.315076+00:00,2.258488
2025-07-16 00:20:18.550726+00:00,2.2584874
2025-07-16 00:20:33.840884+00:00,2.2584874
2025-07-16 00:20:43.548158+00:00,2.2584875
2025-07-16 00:20:58.473740+00:00,2.2584876
2025-07-16 00:21:09.055151+00:00,2.2584873
2025-07-16 00:21:22.703585+00:00,2.258488
2025-07-16 00:21:46.340931+00:00,2.258488
2025-07-16 00:22:00.180006+00:00,2.2584873
2025-07-16 00:22:11.781881+00:00,2.2584878
2025-07-16 00:22:23.697463+00:00,2.2584874
2025-07-16 00:22:36.680541+00:00,2.2584874
2025-07-16 00:22:52.713764+00:00,2.2584867
2025-07-16 00:23:01.039367+00:00,2.2584871
2025-07-16 00:23:13.310838+00:00,2.2584873
2025-07-16 00:23:27.766716+00:00,2.2584884
2025-07-16 00:23:38.401556+00:00,2.2584881
2025-07-16 00:23:50.562006+00:00,2.2584871
2025-07-16 00:24:05.927956+00:00,2.2584876
2025-07-16 00:24:15.776929+00:00,2.2584865
2025-07-16 00:24:27.779099+00:00,2.2584876
2025-07-16 00:24:40.397294+00:00,2.2584876
2025-07-16 00:24:53.074133+00:00,2.258488
2025-07-16 00:25:06.854582+00:00,2.258488
2025-07-16 00:25:18.826831+00:00,2.2584873
2025-07-16 00:25:31.161174+00:00,2.2584881
2025-07-16 00:25:43.518698+00:00,2.2584877
2025-07-16 00:25:56.303251+00:00,2.2584874
2025-07-16 00:26:10.760615+00:00,2.2584876
2025-07-16 00:26:21.660421+00:00,2.2584875
2025-07-16 00:26:34.409585+00:00,2.2584875
2025-07-16 00:26:47.719334+00:00,2.2584879
2025-07-16 00:26:59.899869+00:00,2.2584871
2025-07-16 00:27:14.039296+00:00,2.2584877
2025-07-16 00:27:25.374528+00:00,2.2584875
2025-07-16 00:27:37.960851+00:00,2.2584875
2025-07-16 00:27:50.579516+00:00,2.2584875
2025-07-16 00:28:05.235593+00:00,2.2584881
2025-07-16 00:28:16.880335+00:00,2.2584882
2025-07-16 00:28:28.823340+00:00,2.2584872
2025-07-16 00:28:41.091215+00:00,2.258488
2025-07-16 00:28:53.756392+00:00,2.2584878
2025-07-16 00:29:07.092241+00:00,2.2584879
2025-07-16 00:29:20.747056+00:00,2.2584878
2025-07-16 00:29:31.393059+00:00,2.2584878
2025-07-16 00:29:43.473109+00:00,2.2584866
2025-07-16 00:29:56.233301+00:00,2.2584873
2025-07-16 00:30:22.198675+00:00,2.2584877
2025-07-16 00:30:33.606781+00:00,2.258487
2025-07-16 00:30:47.114479+00:00,2.2584876
2025-07-16 00:30:58.129918+00:00,2.2584876
2025-07-16 00:31:11.126313+00:00,2.2584881
2025-07-16 00:31:24.764309+00:00,2.2584872
2025-07-16 00:31:36.269275+00:00,2.2584876
2025-07-16 00:31:48.574008+00:00,2.2584882
2025-07-16 00:32:01.430829+00:00,2.258488
2025-07-16 00:32:13.634458+00:00,2.2584879
2025-07-16 00:32:27.123496+00:00,2.2584881
2025-07-16 00:32:38.847397+00:00,2.258488
2025-07-16 00:32:51.108699+00:00,2.2584876
2025-07-16 00:33:03.642268+00:00,2.2584874
2025-07-16 00:33:15.709441+00:00,2.2584873
2025-07-16 00:33:30.943626+00:00,2.2584876
2025-07-16 00:33:43.235041+00:00,2.2584873
2025-07-16 00:33:53.821512+00:00,2.2584877
2025-07-16 00:34:06.428301+00:00,2.2584876
2025-07-16 00:34:19.102829+00:00,2.2584876
2025-07-16 00:34:32.291076+00:00,2.258488
2025-07-16 00:34:43.682006+00:00,2.2584872
2025-07-16 00:34:56.449141+00:00,2.2584878
2025-07-16 00:35:11.273703+00:00,2.2584874
2025-07-16 00:35:23.288925+00:00,2.2584876
2025-07-16 00:35:38.123102+00:00,2.2584873
2025-07-16 00:35:46.365197+00:00,2.2584879
2025-07-16 00:35:59.219296+00:00,2.2584877
2025-07-16 00:36:12.180313+00:00,2.2584868
2025-07-16 00:36:24.952484+00:00,2.2584877
2025-07-16 00:36:38.522267+00:00,2.2584875
2025-07-16 00:36:50.563907+00:00,2.2584881
2025-07-16 00:37:02.567706+00:00,2.2584879
2025-07-16 00:37:15.223278+00:00,2.2584875
2025-07-16 00:37:27.441516+00:00,2.2584867
2025-07-16 00:37:40.790376+00:00,2.2584882
2025-07-16 00:37:53.570433+00:00,2.2584884
2025-07-16 00:38:05.105985+00:00,2.2584879
2025-07-16 00:38:17.806053+00:00,2.2584872
2025-07-16 00:38:31.587340+00:00,2.2584871
2025-07-16 00:38:43.688244+00:00,2.2584878
2025-07-16 00:39:07.360380+00:00,2.2584876
2025-07-16 00:39:19.987162+00:00,2.2584884
2025-07-16 00:39:32.838292+00:00,2.2584873
2025-07-16 00:39:46.327191+00:00,2.258488
2025-07-16 00:39:57.468166+00:00,2.2584881
2025-07-16 00:40:14.752828+00:00,2.2584871
2025-07-16 00:40:22.856977+00:00,2.2584882
2025-07-16 00:40:35.326772+00:00,2.2584878
2025-07-16 00:40:59.992961+00:00,2.258488
2025-07-16 00:41:12.822859+00:00,2.2584876
2025-07-16 00:41:26.726586+00:00,2.2584876
2025-07-16 00:41:37.329385+00:00,2.2584873
2025-07-16 00:42:18.706477+00:00,2.2584872
2025-07-16 00:42:27.109525+00:00,2.2584874
2025-07-16 00:42:39.398740+00:00,2.2584878
2025-07-16 00:43:05.164915+00:00,2.2584882
2025-07-16 00:43:17.348763+00:00,2.2584878
2025-07-16 00:43:29.378813+00:00,2.2584882
2025-07-16 00:43:41.805399+00:00,2.2584876
2025-07-16 00:43:55.321871+00:00,2.2584868
2025-07-16 00:44:11.073152+00:00,2.2584872
2025-07-16 00:44:20.503278+00:00,2.2584875
2025-07-16 00:44:32.869728+00:00,2.2584882
2025-07-16 00:44:45.612897+00:00,2.2584879
2025-07-16 00:44:58.940906+00:00,2.258487
2025-07-16 00:45:10.881652+00:00,2.2584876
2025-07-16 00:45:23.453176+00:00,2.2584875
2025-07-16 00:45:37.468899+00:00,2.2584884
2025-07-16 00:45:50.142301+00:00,2.258487
2025-07-16 00:46:02.085767+00:00,2.2584874
2025-07-16 00:46:14.227555+00:00,2.2584877
2025-07-16 00:46:29.114992+00:00,2.2584878
2025-07-16 00:46:39.366690+00:00,2.2584875
2025-07-16 00:46:52.052427+00:00,2.2584874
2025-07-16 00:47:04.518861+00:00,2.2584879
2025-07-16 00:47:17.900199+00:00,2.258488
2025-07-16 00:47:30.924871+00:00,2.2584872
2025-07-16 00:47:42.565790+00:00,2.2584881
2025-07-16 00:47:54.636951+00:00,2.2584873
2025-07-16 00:48:07.303164+00:00,2.2584881
2025-07-16 00:48:19.385193+00:00,2.2584874
2025-07-16 00:48:32.157345+00:00,2.2584877
2025-07-16 00:48:44.473407+00:00,2.2584876
2025-07-16 00:48:58.382984+00:00,2.2584874
2025-07-16 00:49:09.980724+00:00,2.2584877
2025-07-16 00:49:21.957324+00:00,2.2584866
2025-07-16 00:49:34.563522+00:00,2.2584881
2025-07-16 00:49:50.873979+00:00,2.2584879
2025-07-16 00:49:59.841551+00:00,2.258487
2025-07-16 00:50:25.249304+00:00,2.2584866
2025-07-16 00:50:37.988281+00:00,2.2584877
2025-07-16 00:50:50.255296+00:00,2.2584867
2025-07-16 00:51:03.568354+00:00,2.2584878
2025-07-16 00:51:15.543498+00:00,2.2584881
2025-07-16 00:51:28.637798+00:00,2.2584876
2025-07-16 00:51:40.409102+00:00,2.2584873
2025-07-16 00:51:53.387938+00:00,2.2584875
2025-07-16 00:52:08.483801+00:00,2.2584879
2025-07-16 00:52:18.851523+00:00,2.2584876
2025-07-16 00:52:31.256485+00:00,2.2584875
2025-07-16 00:52:43.572407+00:00,2.2584879
2025-07-16 00:52:57.224150+00:00,2.2584882
2025-07-16 00:53:21.228263+00:00,2.2584875
2025-07-16 00:53:36.489672+00:00,2.2584872
2025-07-16 00:53:46.541426+00:00,2.2584874
2025-07-16 00:53:59.204636+00:00,2.2584876
2025-07-16 00:54:13.944452+00:00,2.2584875
2025-07-16 00:54:24.639639+00:00,2.2584882
2025-07-16 00:54:40.322827+00:00,2.2584879
2025-07-16 00:54:49.804488+00:00,2.2584877
2025-07-16 00:55:03.115451+00:00,2.2584868
2025-07-16 00:55:15.288474+00:00,2.258487
2025-07-16 00:55:27.913928+00:00,2.2584878
2025-07-16 00:55:40.197001+00:00,2.2584878
2025-07-16 00:55:52.829400+00:00,2.2584875
2025-07-16 00:56:05.994302+00:00,2.2584882
2025-07-16 00:56:18.297000+00:00,2.2584882
2025-07-16 00:56:30.560622+00:00,2.2584865
2025-07-16 00:56:43.560754+00:00,2.2584873
2025-07-16 00:56:55.664893+00:00,2.2584878
2025-07-16 00:57:12.069631+00:00,2.2584877
2025-07-16 00:57:20.606859+00:00,2.2584872
2025-07-16 00:57:45.347736+00:00,2.258488
2025-07-16 00:58:10.383827+00:00,2.2584873
2025-07-16 00:58:22.746571+00:00,2.2584877
2025-07-16 00:58:35.728270+00:00,2.2584875
2025-07-16 00:58:47.876019+00:00,2.2584876
2025-07-16 00:59:02.598557+00:00,2.2584882
2025-07-16 00:59:12.995390+00:00,2.2584873
2025-07-16 00:59:25.363260+00:00,2.2584872
2025-07-16 00:59:38.041327+00:00,2.2584875
2025-07-16 01:00:05.570885+00:00,2.2584876
2025-07-16 01:00:16.550784+00:00,2.2584867
2025-07-16 01:00:45.862283+00:00,2.2584872
2025-07-16 01:01:06.623419+00:00,2.2584877
2025-07-16 01:01:19.369254+00:00,2.2584875
2025-07-16 01:01:31.489498+00:00,2.2584872
2025-07-16 01:01:42.651994+00:00,2.2584873
2025-07-16 01:01:55.200268+00:00,2.258487
2025-07-16 01:02:07.843634+00:00,2.2584882
2025-07-16 01:02:22.991125+00:00,2.2584877
2025-07-16 01:02:32.476830+00:00,2.258488
2025-07-16 01:03:01.359469+00:00,2.2584876
2025-07-16 01:03:11.861494+00:00,2.2584877
2025-07-16 01:03:22.540895+00:00,2.2584881
2025-07-16 01:03:35.306024+00:00,2.2584872
2025-07-16 01:03:48.263947+00:00,2.2584876
2025-07-16 01:04:00.815824+00:00,2.258488
2025-07-16 01:04:13.865036+00:00,2.2584876
2025-07-16 01:04:26.222593+00:00,2.2584862
2025-07-16 01:04:39.740270+00:00,2.2584882
2025-07-16 01:04:51.730825+00:00,2.2584877
2025-07-16 01:05:05.222744+00:00,2.2584874
2025-07-16 01:05:16.694356+00:00,2.2584877
2025-07-16 01:05:29.964673+00:00,2.2584876
2025-07-16 01:05:41.606900+00:00,2.2584878
2025-07-16 01:05:54.515775+00:00,2.2584883
2025-07-16 01:06:07.219703+00:00,2.2584875
2025-07-16 01:06:19.675879+00:00,2.2584873
2025-07-16 01:06:32.229356+00:00,2.2584876
2025-07-16 01:06:44.558707+00:00,2.2584877
2025-07-16 01:06:56.484789+00:00,2.2584871
2025-07-16 01:07:09.167106+00:00,2.2584874
2025-07-16 01:07:47.698591+00:00,2.2584874
2025-07-16 01:08:23.575319+00:00,2.2584877
2025-07-16 01:08:39.582295+00:00,2.2584875
2025-07-16 01:08:48.408465+00:00,2.2584873
2025-07-16 01:09:14.096731+00:00,2.2584878
2025-07-16 01:09:25.932656+00:00,2.2584879
2025-07-16 01:09:52.927533+00:00,2.2584875
2025-07-16 01:10:06.086828+00:00,2.2584874
2025-07-16 01:10:16.430836+00:00,2.2584881
2025-07-16 01:10:28.310115+00:00,2.2584876
2025-07-16 01:10:52.766459+00:00,2.2584876
2025-07-16 01:11:06.726873+00:00,2.2584869
2025-07-16 01:11:17.908307+00:00,2.258488
2025-07-16 01:11:30.575295+00:00,2.2584877
2025-07-16 01:11:43.071303+00:00,2.2584876
2025-07-16 01:11:55.237019+00:00,2.2584867
2025-07-16 01:12:20.280151+00:00,2.2584878
2025-07-16 01:12:33.028516+00:00,2.2584872
2025-07-16 01:12:46.077947+00:00,2.2584866
2025-07-16 01:12:58.162798+00:00,2.2584882
2025-07-16 01:13:11.876335+00:00,2.2584872
2025-07-16 01:13:23.829419+00:00,2.2584876
2025-07-16 01:13:36.252216+00:00,2.2584873
2025-07-16 01:13:49.400656+00:00,2.2584873
2025-07-16 01:14:02.301713+00:00,2.2584876
2025-07-16 01:14:16.459644+00:00,2.2584871
2025-07-16 01:14:52.233658+00:00,2.258488
2025-07-16 01:15:06.080153+00:00,2.2584881
2025-07-16 01:15:18.766136+00:00,2.2584874
2025-07-16 01:15:30.516638+00:00,2.2584876
2025-07-16 01:15:42.675518+00:00,2.2584873
2025-07-16 01:15:55.149555+00:00,2.2584878
2025-07-16 01:16:07.639298+00:00,2.2584873
2025-07-16 01:16:32.725328+00:00,2.2584875
2025-07-16 01:16:44.475051+00:00,2.2584876
2025-07-16 01:16:56.871699+00:00,2.258488
2025-07-16 01:17:09.421741+00:00,2.2584871
2025-07-16 01:17:22.478562+00:00,2.2584868
2025-07-16 01:17:47.563331+00:00,2.2584874
2025-07-16 01:17:59.194487+00:00,2.2584877
2025-07-16 01:18:16.199647+00:00,2.2584882
2025-07-16 01:18:25.065170+00:00,2.2584882
2025-07-16 01:18:37.589219+00:00,2.2584882
2025-07-16 01:18:49.486489+00:00,2.2584866
2025-07-16 01:19:15.012678+00:00,2.2584881
2025-07-16 01:19:26.690675+00:00,2.2584874
2025-07-16 01:19:39.820280+00:00,2.2584873
2025-07-16 01:19:51.576530+00:00,2.2584873
2025-07-16 01:20:45.911257+00:00,2.2584876
2025-07-16 01:20:54.703195+00:00,2.2584876
2025-07-16 01:21:07.785800+00:00,2.2584867
2025-07-16 01:21:20.633538+00:00,2.2584878
2025-07-16 01:21:32.934965+00:00,2.2584881
2025-07-16 01:21:46.031139+00:00,2.2584874
2025-07-16 01:22:08.777172+00:00,2.2584878
2025-07-16 01:22:21.245238+00:00,2.2584876
2025-07-16 01:22:35.147328+00:00,2.2584877
2025-07-16 01:22:47.355267+00:00,2.2584868
2025-07-16 01:22:59.796846+00:00,2.2584874
2025-07-16 01:23:12.668427+00:00,2.2584878
2025-07-16 01:23:25.634145+00:00,2.2584875
2025-07-16 01:23:40.711056+00:00,2.2584878
2025-07-16 01:23:50.598263+00:00,2.2584878
2025-07-16 01:24:03.440594+00:00,2.2584884
2025-07-16 01:24:17.385490+00:00,2.2584877
2025-07-16 01:24:30.282598+00:00,2.2584873
2025-07-16 01:24:41.908321+00:00,2.2584882
2025-07-16 01:24:54.011721+00:00,2.2584872
2025-07-16 01:25:06.957009+00:00,2.2584877
2025-07-16 01:25:19.650950+00:00,2.258488
2025-07-16 01:25:46.650228+00:00,2.2584879
2025-07-16 01:25:56.766721+00:00,2.2584873
2025-07-16 01:26:10.033578+00:00,2.2584876
2025-07-16 01:26:35.544570+00:00,2.2584875
2025-07-16 01:26:46.769084+00:00,2.2584878
2025-07-16 01:27:11.889329+00:00,2.2584876
2025-07-16 01:27:23.222730+00:00,2.2584869
2025-07-16 01:27:35.668716+00:00,2.2584882
2025-07-16 01:27:51.943642+00:00,2.2584882
2025-07-16 01:28:01.105629+00:00,2.2584868
2025-07-16 01:28:17.911988+00:00,2.2584875
2025-07-16 01:28:27.765563+00:00,2.2584876
2025-07-16 01:28:38.443458+00:00,2.2584874
2025-07-16 01:28:53.841192+00:00,2.2584864
2025-07-16 01:29:05.819326+00:00,2.2584875
2025-07-16 01:29:16.636634+00:00,2.2584875
2025-07-16 01:29:28.423819+00:00,2.2584879
2025-07-16 01:29:53.850613+00:00,2.2584879
2025-07-16 01:30:05.989236+00:00,2.2584877
2025-07-16 01:30:19.876933+00:00,2.2584876
2025-07-16 01:30:34.942039+00:00,2.2584876
2025-07-16 01:30:56.347751+00:00,2.2584878
2025-07-16 01:31:08.633703+00:00,2.2584873
2025-07-16 01:31:20.990182+00:00,2.2584883
2025-07-16 01:31:33.724170+00:00,2.2584878
2025-07-16 01:31:46.128000+00:00,2.2584879
2025-07-16 01:31:59.736469+00:00,2.258488
2025-07-16 01:32:11.079795+00:00,2.2584871
2025-07-16 01:32:23.777881+00:00,2.2584873
2025-07-16 01:32:36.499063+00:00,2.2584878
2025-07-16 01:32:49.386845+00:00,2.2584875
2025-07-16 01:33:03.371068+00:00,2.2584874
2025-07-16 01:33:15.453778+00:00,2.2584866
2025-07-16 01:33:27.960535+00:00,2.2584874
2025-07-16 01:33:40.486732+00:00,2.2584876
2025-07-16 01:33:54.679506+00:00,2.2584879
2025-07-16 01:34:06.436501+00:00,2.2584877
2025-07-16 01:34:19.282658+00:00,2.2584881
2025-07-16 01:34:31.136216+00:00,2.2584869
2025-07-16 01:34:55.803706+00:00,2.2584874
2025-07-16 01:35:24.518485+00:00,2.2584879
2025-07-16 01:35:33.833921+00:00,2.2584876
2025-07-16 01:35:46.818807+00:00,2.2584875
2025-07-16 01:35:58.930570+00:00,2.2584867
2025-07-16 01:36:12.557869+00:00,2.2584871
2025-07-16 01:36:24.244555+00:00,2.2584873
2025-07-16 01:36:36.505191+00:00,2.2584879
2025-07-16 01:36:49.340222+00:00,2.2584875
2025-07-16 01:37:26.320361+00:00,2.258488
2025-07-16 01:37:40.613254+00:00,2.258487
2025-07-16 01:37:51.754566+00:00,2.258487
2025-07-16 01:38:04.695597+00:00,2.2584875
2025-07-16 01:38:17.629900+00:00,2.2584873
2025-07-16 01:38:29.678845+00:00,2.2584871
2025-07-16 01:38:42.040469+00:00,2.2584869
2025-07-16 01:38:56.707630+00:00,2.2584868
2025-07-16 01:39:08.055364+00:00,2.2584878
2025-07-16 01:39:32.712696+00:00,2.2584877
2025-07-16 01:39:44.983771+00:00,2.258488
2025-07-16 01:39:58.007812+00:00,2.2584875
2025-07-16 01:40:10.603267+00:00,2.2584872
2025-07-16 01:40:25.669511+00:00,2.2584873
2025-07-16 01:40:35.315295+00:00,2.2584882
2025-07-16 01:40:48.926987+00:00,2.2584872
2025-07-16 01:41:12.135106+00:00,2.2584876
2025-07-16 01:41:36.801450+00:00,2.2584873
2025-07-16 01:41:49.448657+00:00,2.2584877
2025-07-16 01:42:02.337526+00:00,2.2584871
2025-07-16 01:42:15.040415+00:00,2.258487
2025-07-16 01:42:33.931734+00:00,2.2584872
2025-07-16 01:42:40.431375+00:00,2.2584875
2025-07-16 01:42:53.486731+00:00,2.2584875
2025-07-16 01:43:19.514288+00:00,2.2584862
2025-07-16 01:43:32.957383+00:00,2.2584875
2025-07-16 01:43:44.331952+00:00,2.2584881
2025-07-16 01:43:56.183076+00:00,2.2584876
2025-07-16 01:44:08.964673+00:00,2.2584873
2025-07-16 01:44:21.368923+00:00,2.2584881
2025-07-16 01:44:46.387349+00:00,2.2584874
2025-07-16 01:45:11.506499+00:00,2.2584877
2025-07-16 01:45:48.758026+00:00,2.2584879
2025-07-16 01:46:00.792516+00:00,2.2584875
2025-07-16 01:46:13.561855+00:00,2.2584881
2025-07-16 01:46:25.756981+00:00,2.2584867
2025-07-16 01:46:38.371054+00:00,2.2584876
2025-07-16 01:46:50.642949+00:00,2.2584876
2025-07-16 01:47:03.660043+00:00,2.2584869
2025-07-16 01:47:28.099495+00:00,2.2584884
2025-07-16 01:47:40.991350+00:00,2.2584868
2025-07-16 01:47:52.987791+00:00,2.2584876
2025-07-16 01:48:07.658502+00:00,2.2584877
2025-07-16 01:48:18.533985+00:00,2.2584877
2025-07-16 01:48:31.182957+00:00,2.2584883
2025-07-16 01:48:44.229308+00:00,2.2584877
2025-07-16 01:48:56.703314+00:00,2.2584876
2025-07-16 01:49:08.364526+00:00,2.2584879
2025-07-16 01:49:20.991269+00:00,2.2584876
2025-07-16 01:49:48.062916+00:00,2.2584875
2025-07-16 01:49:58.405448+00:00,2.2584869
2025-07-16 01:50:11.269837+00:00,2.2584874
2025-07-16 01:50:36.310242+00:00,2.2584865
2025-07-16 01:51:03.096287+00:00,2.2584873
2025-07-16 01:51:13.621347+00:00,2.2584879
2025-07-16 01:51:52.449503+00:00,2.2584874
2025-07-16 01:52:04.275100+00:00,2.2584878
2025-07-16 01:52:17.300292+00:00,2.2584877
2025-07-16 01:52:29.647595+00:00,2.2584883
2025-07-16 01:52:42.795181+00:00,2.2584875
2025-07-16 01:52:55.480517+00:00,2.2584874
2025-07-16 01:53:09.042439+00:00,2.2584864
2025-07-16 01:53:20.869046+00:00,2.2584873
2025-07-16 01:53:34.051534+00:00,2.2584873
2025-07-16 01:53:47.831322+00:00,2.2584877
2025-07-16 01:54:01.734686+00:00,2.2584872
2025-07-16 01:54:11.170156+00:00,2.2584882
2025-07-16 01:54:23.306784+00:00,2.2584883
2025-07-16 01:54:36.144185+00:00,2.2584863
2025-07-16 01:55:13.571112+00:00,2.2584875
2025-07-16 01:56:03.309177+00:00,2.2584876
2025-07-16 01:56:16.383054+00:00,2.2584872
2025-07-16 01:56:40.128839+00:00,2.2584876
2025-07-16 01:56:55.765095+00:00,2.2584877
2025-07-16 01:57:05.239430+00:00,2.2584877
2025-07-16 01:57:55.766739+00:00,2.2584864
2025-07-16 01:58:20.092519+00:00,2.2584883
2025-07-16 01:58:35.408852+00:00,2.258487
2025-07-16 01:58:45.484235+00:00,2.2584878
2025-07-16 01:58:58.048570+00:00,2.2584873
2025-07-16 01:59:48.381332+00:00,2.2584871
2025-07-16 02:00:37.954008+00:00,2.2584882
2025-07-16 02:01:54.755546+00:00,2.2584868
2025-07-16 02:02:05.722575+00:00,2.258488
2025-07-16 02:02:31.517990+00:00,2.2584879
2025-07-16 02:02:43.340182+00:00,2.2584874
2025-07-16 02:02:55.907712+00:00,2.2584877
2025-07-16 02:03:25.822856+00:00,2.2584871
2025-07-16 02:03:34.781829+00:00,2.2584879
2025-07-16 02:03:46.798435+00:00,2.2584875
2025-07-16 02:04:11.973751+00:00,2.2584879
2025-07-16 02:04:37.034425+00:00,2.2584872
2025-07-16 02:04:50.777546+00:00,2.2584874
2025-07-16 02:05:03.159976+00:00,2.258488
2025-07-16 02:05:40.030983+00:00,2.2584881
2025-07-16 02:06:28.252053+00:00,2.258488
2025-07-16 02:06:41.310453+00:00,2.2584878
2025-07-16 02:06:53.581050+00:00,2.2584876
2025-07-16 02:07:06.090097+00:00,2.2584877
2025-07-16 02:07:31.033118+00:00,2.258487
2025-07-16 02:07:43.299743+00:00,2.2584874
2025-07-16 02:07:57.314515+00:00,2.2584868
2025-07-16 02:08:09.083711+00:00,2.258488
2025-07-16 02:08:35.179983+00:00,2.2584882
2025-07-16 02:08:59.323993+00:00,2.2584875
2025-07-16 02:09:23.996746+00:00,2.2584872
2025-07-16 02:09:49.890146+00:00,2.2584881
2025-07-16 02:10:50.948367+00:00,2.258488
2025-07-16 02:11:16.578989+00:00,2.2584881
2025-07-16 02:11:40.635542+00:00,2.2584876
2025-07-16 02:11:53.208308+00:00,2.2584878
2025-07-16 02:12:11.087248+00:00,2.2584878
2025-07-16 02:12:20.736073+00:00,2.2584873
2025-07-16 02:12:31.777897+00:00,2.2584869
2025-07-16 02:12:44.297041+00:00,2.2584877
2025-07-16 02:12:56.853046+00:00,2.2584867
2025-07-16 02:13:09.615862+00:00,2.2584865
2025-07-16 02:13:22.218558+00:00,2.258487
2025-07-16 02:13:55.077030+00:00,2.2584868
2025-07-16 02:14:00.882068+00:00,2.258488
2025-07-16 02:14:13.248986+00:00,2.2584884
2025-07-16 02:14:37.667649+00:00,2.2584884
2025-07-16 02:14:50.395000+00:00,2.258487
2025-07-16 02:15:51.828940+00:00,2.2584871
2025-07-16 02:16:16.972547+00:00,2.2584873
2025-07-16 02:16:28.873519+00:00,2.2584878
2025-07-16 02:17:09.516350+00:00,2.2584872
2025-07-16 02:17:43.546230+00:00,2.2584873
2025-07-16 02:17:56.300443+00:00,2.2584875
2025-07-16 02:18:23.014526+00:00,2.258488
2025-07-16 02:18:34.361368+00:00,2.2584876
2025-07-16 02:18:48.478528+00:00,2.2584879
2025-07-16 02:18:59.042357+00:00,2.2584876
2025-07-16 02:19:36.612774+00:00,2.258488
2025-07-16 02:20:04.355296+00:00,2.2584865
2025-07-16 02:20:14.714870+00:00,2.2584877
2025-07-16 02:20:27.060302+00:00,2.2584873
2025-07-16 02:20:39.736923+00:00,2.2584877
2025-07-16 02:21:42.679262+00:00,2.2584864
2025-07-16 02:21:56.391420+00:00,2.2584872
2025-07-16 02:22:33.887156+00:00,2.2584868
2025-07-16 02:22:46.929270+00:00,2.2584876
2025-07-16 02:23:11.845624+00:00,2.2584878
2025-07-16 02:23:37.011101+00:00,2.2584874
2025-07-16 02:24:02.285508+00:00,2.258487
2025-07-16 02:24:15.240973+00:00,2.2584878
2025-07-16 02:24:40.932150+00:00,2.258487
2025-07-16 02:24:52.118676+00:00,2.2584878
2025-07-16 02:26:19.308754+00:00,2.2584879
2025-07-16 02:26:32.481922+00:00,2.2584881
2025-07-16 02:26:44.450129+00:00,2.2584877
2025-07-16 02:27:21.699396+00:00,2.2584874
2025-07-16 02:27:52.324386+00:00,2.2584879
2025-07-16 02:28:12.440516+00:00,2.2584875
2025-07-16 02:29:51.232362+00:00,2.2584876
2025-07-16 02:30:16.556914+00:00,2.2584882
2025-07-16 02:31:06.069950+00:00,2.2584872
2025-07-16 02:31:19.209920+00:00,2.2584859
2025-07-16 02:31:44.075985+00:00,2.2584872
2025-07-16 02:31:56.731911+00:00,2.2584869
2025-07-16 02:32:10.475200+00:00,2.2584865
2025-07-16 02:32:35.176595+00:00,2.2584872
2025-07-16 02:32:51.985749+00:00,2.2584868
2025-07-16 02:33:25.799311+00:00,2.2584878
2025-07-16 02:33:52.519864+00:00,2.2584873
2025-07-16 02:34:04.222903+00:00,2.2584879
2025-07-16 02:34:16.707342+00:00,2.2584874
2025-07-16 02:34:29.523707+00:00,2.2584882
2025-07-16 02:34:41.924110+00:00,2.2584869
2025-07-16 02:36:08.686020+00:00,2.2584873
2025-07-16 02:36:46.440988+00:00,2.2584879
2025-07-16 02:38:15.201229+00:00,2.2584869
2025-07-16 02:38:26.419828+00:00,2.2584874
2025-07-16 02:39:04.635404+00:00,2.2584874
2025-07-16 02:40:19.438292+00:00,2.258488
2025-07-16 02:40:45.899785+00:00,2.2584881
2025-07-16 02:41:23.151340+00:00,2.258488
2025-07-16 02:41:35.414256+00:00,2.2584865
2025-07-16 02:42:24.998486+00:00,2.2584882
2025-07-16 02:42:38.323662+00:00,2.2584871
2025-07-16 02:42:50.481748+00:00,2.2584874
2025-07-16 02:43:04.872034+00:00,2.2584878
2025-07-16 02:43:17.203546+00:00,2.2584881
2025-07-16 02:43:41.231414+00:00,2.2584876
2025-07-16 02:43:53.862101+00:00,2.2584877
2025-07-16 02:44:08.362715+00:00,2.2584884
2025-07-16 02:44:31.561187+00:00,2.2584871
2025-07-16 02:48:42.037599+00:00,2.2584875
2025-07-16 02:49:55.531795+00:00,2.2584881
2025-07-16 02:50:20.962093+00:00,2.2584877
2025-07-16 02:50:46.542773+00:00,2.2584876
2025-07-16 02:50:58.830200+00:00,2.2584882
2025-07-16 02:51:39.959883+00:00,2.2584876
2025-07-16 02:51:53.783209+00:00,2.2584865
2025-07-16 02:52:02.983550+00:00,2.2584872
2025-07-16 02:52:27.813693+00:00,2.2584876
2025-07-16 02:53:44.028435+00:00,2.2584884
2025-07-16 02:56:25.436591+00:00,2.2584859
2025-07-16 02:58:44.267008+00:00,2.2584869
2025-07-16 02:59:21.344871+00:00,2.2584874
2025-07-16 02:59:35.158728+00:00,2.2584869
2025-07-16 03:00:12.429651+00:00,2.2584865
2025-07-16 03:01:15.844042+00:00,2.258487
2025-07-16 03:02:32.202829+00:00,2.2584883
2025-07-16 03:05:30.919980+00:00,2.258487
2025-07-16 03:10:53.656754+00:00,2.2584878
2025-07-16 03:11:06.489108+00:00,2.2584879
2025-07-16 03:13:49.375243+00:00,2.2584876
2025-07-16 03:16:33.556180+00:00,2.2584876
2025-07-16 03:17:22.441974+00:00,2.2584881
2025-07-16 03:18:00.406185+00:00,2.2584866
2025-07-16 03:18:51.504359+00:00,2.2584876
2025-07-16 03:19:04.133106+00:00,2.258488
2025-07-16 03:19:18.336080+00:00,2.2584865
2025-07-16 03:20:35.677994+00:00,2.2584873
2025-07-16 03:23:03.393857+00:00,2.2584875
2025-07-16 03:23:39.955503+00:00,2.2584878
2025-07-16 03:27:51.608284+00:00,2.2584872
2025-07-16 03:28:17.437077+00:00,2.2584879
2025-07-16 03:34:09.668618+00:00,2.2584871
2025-07-16 03:35:59.542048+00:00,2.2584877
2025-07-16 03:38:31.680913+00:00,2.2584873
2025-07-16 03:38:57.121889+00:00,2.2584877
2025-07-16 03:40:12.869539+00:00,2.2584865
2025-07-16 03:43:32.860316+00:00,2.2584871
2025-07-16 03:43:45.102450+00:00,2.2584884
2025-07-16 03:48:21.108781+00:00,2.2584872
2025-07-16 04:18:18.757636+00:00,2.2584882
2025-07-16 04:31:38.180262+00:00,2.2584871
2025-07-16 04:40:37.694481+00:00,2.258488
2025-07-16 04:44:24.412974+00:00,2.2584872
2025-07-16 04:44:50.701877+00:00,2.258488
2025-07-16 04:49:13.592772+00:00,2.2584872
2025-07-16 04:49:40.890937+00:00,2.2584862
2025-07-16 04:54:02.654904+00:00,2.2584865
2025-07-16 04:56:21.492758+00:00,2.2584876
2025-07-16 04:56:34.230377+00:00,2.258487
2025-07-16 05:06:20.913755+00:00,2.2584859
2025-07-16 05:06:34.341106+00:00,2.2584873
2025-07-16 05:07:37.640031+00:00,2.258488
2025-07-16 05:08:14.646070+00:00,2.2584875
2025-07-16 05:09:05.799749+00:00,2.2584861
2025-07-16 05:09:18.073004+00:00,2.2584875
2025-07-16 05:14:30.805815+00:00,2.2584871
2025-07-16 05:15:10.783222+00:00,2.2584872
2025-07-16 05:16:10.898833+00:00,2.258487
2025-07-16 05:16:23.146705+00:00,2.2584863
2025-07-16 05:16:36.458506+00:00,2.2584875
2025-07-16 05:17:13.973235+00:00,2.2584873
2025-07-16 05:17:40.714040+00:00,2.2584873
2025-07-16 05:18:04.467636+00:00,2.2584869
2025-07-16 05:18:20.084454+00:00,2.2584866
2025-07-16 05:18:29.749355+00:00,2.2584869
2025-07-16 05:19:20.859631+00:00,2.2584861
2025-07-16 05:19:56.917443+00:00,2.2584874
2025-07-16 05:20:09.776339+00:00,2.2584869
2025-07-16 05:20:22.682746+00:00,2.2584881
2025-07-16 05:20:48.626031+00:00,2.2584875
2025-07-16 05:21:00.707918+00:00,2.2584877
2025-07-16 05:23:04.750525+00:00,2.2584869
2025-07-16 05:23:17.313786+00:00,2.2584867
2025-07-16 05:23:29.765497+00:00,2.2584884
2025-07-16 05:23:42.462970+00:00,2.2584864
2025-07-16 05:24:08.543975+00:00,2.2584874
2025-07-16 05:24:20.753577+00:00,2.2584873
2025-07-16 05:24:34.058120+00:00,2.2584878
2025-07-16 05:24:51.162864+00:00,2.258487
2025-07-16 05:24:59.203422+00:00,2.2584865
2025-07-16 05:25:28.311321+00:00,2.2584875
2025-07-16 05:26:14.643170+00:00,2.258488
2025-07-16 05:26:27.360444+00:00,2.258487
2025-07-16 05:26:52.800923+00:00,2.258488
2025-07-16 05:27:31.474051+00:00,2.2584865
2025-07-16 05:28:19.240491+00:00,2.2584875
2025-07-16 05:28:32.732389+00:00,2.2584877
2025-07-16 05:28:43.883086+00:00,2.2584877
2025-07-16 05:29:12.202501+00:00,2.2584877
2025-07-16 05:29:59.248863+00:00,2.2584868
2025-07-16 05:31:14.610835+00:00,2.2584871
2025-07-16 05:31:29.368455+00:00,2.2584878
2025-07-16 05:31:40.879391+00:00,2.2584875
2025-07-16 05:32:09.515248+00:00,2.2584877
2025-07-16 05:32:18.835489+00:00,2.2584875
2025-07-16 05:32:28.865341+00:00,2.2584876
2025-07-16 05:33:07.060704+00:00,2.2584877
2025-07-16 05:34:58.675283+00:00,2.2584874
2025-07-16 05:35:48.697045+00:00,2.2584878
2025-07-16 05:36:26.467815+00:00,2.2584873
2025-07-16 05:37:04.238488+00:00,2.2584868
2025-07-16 05:37:18.120765+00:00,2.2584874
2025-07-16 05:37:29.594126+00:00,2.2584862
2025-07-16 05:37:43.862017+00:00,2.2584882
2025-07-16 05:37:54.911699+00:00,2.2584869
2025-07-16 05:38:09.990945+00:00,2.2584883
2025-07-16 05:38:20.204925+00:00,2.258487
2025-07-16 05:38:33.273163+00:00,2.2584872
2025-07-16 05:38:58.396270+00:00,2.2584873
2025-07-16 05:39:12.127130+00:00,2.2584873
2025-07-16 05:39:36.343686+00:00,2.2584873
2025-07-16 05:39:51.142469+00:00,2.2584875
2025-07-16 05:40:14.480488+00:00,2.2584869
2025-07-16 05:40:31.467957+00:00,2.2584868
2025-07-16 05:40:51.407175+00:00,2.2584875
2025-07-16 05:41:54.692487+00:00,2.2584882
2025-07-16 05:42:07.466387+00:00,2.2584874
2025-07-16 05:42:19.897854+00:00,2.2584878
2025-07-16 05:42:31.035364+00:00,2.258488
2025-07-16 05:42:43.141452+00:00,2.2584872
2025-07-16 05:43:10.822667+00:00,2.258488
2025-07-16 05:44:01.713547+00:00,2.2584879
2025-07-16 05:44:36.258092+00:00,2.2584879
2025-07-16 05:44:48.914454+00:00,2.2584879
2025-07-16 05:45:14.579227+00:00,2.2584882
2025-07-16 05:45:26.054412+00:00,2.2584877
2025-07-16 05:45:38.704001+00:00,2.2584876
2025-07-16 05:45:51.358393+00:00,2.2584873
2025-07-16 05:46:05.367732+00:00,2.2584871
2025-07-16 05:46:16.393839+00:00,2.2584882
2025-07-16 05:46:35.119849+00:00,2.2584867
2025-07-16 05:46:42.604839+00:00,2.2584877
2025-07-16 05:46:54.649027+00:00,2.2584869
2025-07-16 05:47:07.805046+00:00,2.2584879
2025-07-16 05:47:19.907831+00:00,2.2584879
2025-07-16 05:47:33.271972+00:00,2.2584879
2025-07-16 05:47:45.335719+00:00,2.2584876
2025-07-16 05:47:57.720237+00:00,2.2584878
2025-07-16 05:48:10.853443+00:00,2.258487
2025-07-16 05:48:37.678110+00:00,2.2584881
2025-07-16 05:48:48.910546+00:00,2.2584874
2025-07-16 05:49:01.328358+00:00,2.2584877
2025-07-16 05:49:14.042691+00:00,2.2584879
2025-07-16 05:49:38.639443+00:00,2.2584879
2025-07-16 05:49:51.433356+00:00,2.2584868
2025-07-16 05:50:16.044277+00:00,2.2584874
2025-07-16 05:50:41.926026+00:00,2.2584872
2025-07-16 05:51:05.493062+00:00,2.258487
2025-07-16 05:51:30.417948+00:00,2.2584872
2025-07-16 05:51:56.937785+00:00,2.2584883
2025-07-16 05:52:21.297865+00:00,2.2584874
2025-07-16 05:52:46.121537+00:00,2.2584873
2025-07-16 05:52:58.112651+00:00,2.2584878
2025-07-16 05:53:35.504787+00:00,2.2584879
2025-07-16 05:53:48.430107+00:00,2.2584879
2025-07-16 05:54:01.280818+00:00,2.2584873
2025-07-16 05:54:14.006192+00:00,2.2584874
2025-07-16 05:54:26.238771+00:00,2.258488
2025-07-16 05:54:38.962682+00:00,2.2584876
2025-07-16 05:54:52.832755+00:00,2.2584871
2025-07-16 05:55:04.093336+00:00,2.2584876
2025-07-16 05:55:18.334202+00:00,2.2584872
2025-07-16 05:55:28.905874+00:00,2.2584875
2025-07-16 05:55:41.252868+00:00,2.2584881
2025-07-16 05:55:54.163911+00:00,2.2584868
2025-07-16 05:56:07.053026+00:00,2.2584863
2025-07-16 05:56:32.346845+00:00,2.2584881
2025-07-16 05:56:44.909438+00:00,2.2584878
2025-07-16 05:56:57.299563+00:00,2.2584871
2025-07-16 05:57:10.506474+00:00,2.2584877
2025-07-16 05:57:22.616785+00:00,2.258488
2025-07-16 05:57:35.123110+00:00,2.2584883
2025-07-16 05:57:48.041659+00:00,2.2584874
2025-07-16 05:58:13.201939+00:00,2.2584875
2025-07-16 05:58:26.199452+00:00,2.2584884
2025-07-16 05:58:38.214927+00:00,2.2584876
2025-07-16 05:58:51.216405+00:00,2.2584882
2025-07-16 05:59:03.690859+00:00,2.2584875
2025-07-16 05:59:15.984171+00:00,2.2584879
2025-07-16 05:59:28.107110+00:00,2.2584876
2025-07-16 05:59:40.096622+00:00,2.2584875
2025-07-16 05:59:52.832101+00:00,2.258487
2025-07-16 06:00:06.288427+00:00,2.2584875
2025-07-16 06:00:18.171593+00:00,2.2584874
2025-07-16 06:00:30.201156+00:00,2.2584871
2025-07-16 06:00:42.488060+00:00,2.2584872
2025-07-16 06:00:54.904984+00:00,2.2584877
2025-07-16 06:01:36.269989+00:00,2.2584874
2025-07-16 06:01:45.260731+00:00,2.2584879
2025-07-16 06:01:57.583896+00:00,2.2584883
2025-07-16 06:02:10.510477+00:00,2.2584881
2025-07-16 06:02:22.709504+00:00,2.2584871
2025-07-16 06:02:35.069655+00:00,2.2584867
2025-07-16 06:02:47.984544+00:00,2.2584881
2025-07-16 06:03:00.374106+00:00,2.2584876
2025-07-16 06:03:12.917654+00:00,2.2584872
2025-07-16 06:03:25.425042+00:00,2.2584876
2025-07-16 06:03:37.942912+00:00,2.2584871
2025-07-16 06:03:51.985557+00:00,2.2584882
2025-07-16 06:04:05.266658+00:00,2.2584873
2025-07-16 06:04:18.271774+00:00,2.2584877
2025-07-16 06:04:40.149938+00:00,2.2584864
2025-07-16 06:04:54.615298+00:00,2.2584874
2025-07-16 06:05:17.581957+00:00,2.2584876
2025-07-16 06:05:31.389494+00:00,2.2584868
2025-07-16 06:05:56.298962+00:00,2.2584877
2025-07-16 06:06:09.337341+00:00,2.2584875
2025-07-16 06:06:21.789201+00:00,2.2584874
2025-07-16 06:06:36.601064+00:00,2.2584871
2025-07-16 06:06:47.327891+00:00,2.2584874
2025-07-16 06:07:01.461641+00:00,2.2584879
2025-07-16 06:07:13.027663+00:00,2.258488
2025-07-16 06:07:25.178773+00:00,2.2584881
2025-07-16 06:07:37.877791+00:00,2.2584875
2025-07-16 06:07:50.455484+00:00,2.2584876
2025-07-16 06:08:05.151012+00:00,2.2584868
2025-07-16 06:08:16.819344+00:00,2.2584869
2025-07-16 06:08:28.483592+00:00,2.2584876
2025-07-16 06:08:40.399179+00:00,2.2584876
2025-07-16 06:08:54.544566+00:00,2.2584875
2025-07-16 06:09:05.253049+00:00,2.2584877
2025-07-16 06:09:17.517669+00:00,2.2584872
2025-07-16 06:09:29.659678+00:00,2.2584879
2025-07-16 06:09:42.600909+00:00,2.2584877
2025-07-16 06:09:54.754076+00:00,2.2584875
2025-07-16 06:10:07.567752+00:00,2.2584876
2025-07-16 06:10:20.231591+00:00,2.2584874
2025-07-16 06:10:32.350104+00:00,2.2584872
2025-07-16 06:10:44.163853+00:00,2.2584871
2025-07-16 06:10:56.664068+00:00,2.2584868
2025-07-16 06:11:09.405874+00:00,2.2584875
2025-07-16 06:11:22.534035+00:00,2.2584876
2025-07-16 06:11:34.376897+00:00,2.2584874
2025-07-16 06:11:47.291660+00:00,2.2584876
2025-07-16 06:11:59.521195+00:00,2.2584874
2025-07-16 06:12:13.506068+00:00,2.2584875
2025-07-16 06:12:24.751441+00:00,2.2584872
2025-07-16 06:12:37.458329+00:00,2.258487
2025-07-16 06:12:49.422149+00:00,2.2584877
2025-07-16 06:13:04.095664+00:00,2.2584876
2025-07-16 06:13:17.209545+00:00,2.2584869
2025-07-16 06:13:27.431842+00:00,2.258488
2025-07-16 06:13:39.985474+00:00,2.2584872
2025-07-16 06:13:51.954291+00:00,2.2584873
2025-07-16 06:14:04.665035+00:00,2.2584867
2025-07-16 06:14:17.478930+00:00,2.2584871
2025-07-16 06:14:29.723910+00:00,2.2584873
2025-07-16 06:14:54.813595+00:00,2.2584876
2025-07-16 06:15:08.106835+00:00,2.258487
2025-07-16 06:15:21.741769+00:00,2.2584876
2025-07-16 06:15:33.793597+00:00,2.2584878
2025-07-16 06:15:46.233783+00:00,2.2584877
2025-07-16 06:15:58.519737+00:00,2.2584876
2025-07-16 06:16:12.038377+00:00,2.2584874
2025-07-16 06:16:24.257208+00:00,2.2584879
2025-07-16 06:16:36.828072+00:00,2.2584882
2025-07-16 06:16:49.568577+00:00,2.2584873
2025-07-16 06:17:02.711763+00:00,2.2584874
2025-07-16 06:17:17.199175+00:00,2.2584878
2025-07-16 06:17:27.418043+00:00,2.2584875
2025-07-16 06:17:39.989355+00:00,2.2584878
2025-07-16 06:17:53.379296+00:00,2.2584875
2025-07-16 06:18:05.232592+00:00,2.2584878
2025-07-16 06:18:30.291042+00:00,2.2584878
2025-07-16 06:18:42.693827+00:00,2.2584881
2025-07-16 06:18:55.755358+00:00,2.2584879
2025-07-16 06:19:07.599287+00:00,2.2584873
2025-07-16 06:19:20.319757+00:00,2.2584879
2025-07-16 06:19:32.810453+00:00,2.258488
2025-07-16 06:19:44.967016+00:00,2.2584873
2025-07-16 06:19:57.483684+00:00,2.2584882
2025-07-16 06:20:10.941434+00:00,2.2584881
2025-07-16 06:20:24.397357+00:00,2.2584872
2025-07-16 06:20:35.104709+00:00,2.2584875
2025-07-16 06:20:47.931002+00:00,2.258488
2025-07-16 06:21:00.207668+00:00,2.2584871
2025-07-16 06:21:13.328033+00:00,2.2584884
2025-07-16 06:21:25.732046+00:00,2.2584876
2025-07-16 06:21:38.258954+00:00,2.2584878
2025-07-16 06:21:51.555511+00:00,2.258487
2025-07-16 06:22:03.405739+00:00,2.2584879
2025-07-16 06:22:16.396083+00:00,2.2584878
2025-07-16 06:22:34.298551+00:00,2.2584878
2025-07-16 06:22:41.437208+00:00,2.2584879
2025-07-16 06:22:53.490972+00:00,2.2584882
2025-07-16 06:23:05.995588+00:00,2.2584875
2025-07-16 06:23:18.828980+00:00,2.258488
2025-07-16 06:23:32.363116+00:00,2.2584878
2025-07-16 06:23:43.446577+00:00,2.2584875
2025-07-16 06:23:56.289647+00:00,2.2584876
2025-07-16 06:24:09.094214+00:00,2.2584882
2025-07-16 06:24:23.007891+00:00,2.2584871
2025-07-16 06:24:35.202255+00:00,2.2584864
2025-07-16 06:24:47.775927+00:00,2.2584874
2025-07-16 06:25:00.198147+00:00,2.2584873
2025-07-16 06:25:14.819769+00:00,2.2584878
2025-07-16 06:25:26.006254+00:00,2.2584875
2025-07-16 06:25:39.392416+00:00,2.258488
2025-07-16 06:25:54.037543+00:00,2.2584882
2025-07-16 06:26:04.838920+00:00,2.2584877
2025-07-16 06:26:16.396902+00:00,2.2584877
2025-07-16 06:26:28.865244+00:00,2.2584876
2025-07-16 06:26:42.077663+00:00,2.2584872
2025-07-16 06:26:54.059239+00:00,2.2584872
2025-07-16 06:27:07.173807+00:00,2.258488
2025-07-16 06:27:18.880434+00:00,2.2584881
2025-07-16 06:27:32.490986+00:00,2.2584874
2025-07-16 06:27:44.280423+00:00,2.2584873
2025-07-16 06:27:56.606050+00:00,2.2584881
2025-07-16 06:28:09.722848+00:00,2.2584878
2025-07-16 06:28:22.107109+00:00,2.258488
2025-07-16 06:28:35.748881+00:00,2.2584874
2025-07-16 06:28:51.399123+00:00,2.2584875
2025-07-16 06:28:59.589122+00:00,2.2584877
2025-07-16 06:29:11.837018+00:00,2.2584878
2025-07-16 06:29:24.355076+00:00,2.2584875
2025-07-16 06:29:37.201805+00:00,2.2584879
2025-07-16 06:29:52.353532+00:00,2.2584875
2025-07-16 06:30:04.835712+00:00,2.258487
2025-07-16 06:30:15.559750+00:00,2.2584876
2025-07-16 06:30:27.639178+00:00,2.2584873
2025-07-16 06:30:39.854735+00:00,2.258488
2025-07-16 06:30:52.785063+00:00,2.2584877
2025-07-16 06:31:09.025626+00:00,2.2584875
2025-07-16 06:31:19.590803+00:00,2.2584876
2025-07-16 06:31:30.140802+00:00,2.2584876
2025-07-16 06:31:42.235537+00:00,2.2584877
2025-07-16 06:31:55.117944+00:00,2.258488
2025-07-16 06:32:07.916526+00:00,2.2584881
2025-07-16 06:32:19.941343+00:00,2.2584879
2025-07-16 06:32:32.632582+00:00,2.258488
2025-07-16 06:32:45.010739+00:00,2.2584877
2025-07-16 06:32:59.011262+00:00,2.258488
2025-07-16 06:33:11.006365+00:00,2.2584881
2025-07-16 06:33:24.102036+00:00,2.258488
2025-07-16 06:33:36.306830+00:00,2.2584879
2025-07-16 06:33:49.379983+00:00,2.2584878
2025-07-16 06:34:05.155142+00:00,2.2584878
2025-07-16 06:34:15.230946+00:00,2.2584879
2025-07-16 06:34:27.405338+00:00,2.2584876
2025-07-16 06:34:41.199629+00:00,2.2584876
2025-07-16 06:34:52.921372+00:00,2.2584877
2025-07-16 06:35:06.935543+00:00,2.2584881
2025-07-16 06:35:24.002512+00:00,2.2584877
2025-07-16 06:35:31.527441+00:00,2.2584878
2025-07-16 06:35:44.100718+00:00,2.2584868
2025-07-16 06:35:56.287621+00:00,2.258488
2025-07-16 06:36:09.722080+00:00,2.2584878
2025-07-16 06:36:21.478652+00:00,2.2584883
2025-07-16 06:36:34.767058+00:00,2.2584881
2025-07-16 06:36:46.948089+00:00,2.2584878
2025-07-16 06:36:58.535165+00:00,2.2584878
2025-07-16 06:37:11.971336+00:00,2.2584876
2025-07-16 06:37:25.228547+00:00,2.2584878
2025-07-16 06:37:35.996728+00:00,2.258488
2025-07-16 06:37:48.332547+00:00,2.2584871
2025-07-16 06:38:00.664252+00:00,2.2584872
2025-07-16 06:38:14.847774+00:00,2.258488
2025-07-16 06:38:25.643588+00:00,2.2584878
2025-07-16 06:38:38.383476+00:00,2.2584872
2025-07-16 06:38:51.019983+00:00,2.2584874
2025-07-16 06:39:03.567904+00:00,2.2584876
2025-07-16 06:39:16.417079+00:00,2.2584875
2025-07-16 06:39:28.447164+00:00,2.2584874
2025-07-16 06:39:40.975314+00:00,2.2584871
2025-07-16 06:39:55.837821+00:00,2.2584871
2025-07-16 06:40:08.430082+00:00,2.2584867
2025-07-16 06:40:21.451976+00:00,2.2584868
2025-07-16 06:40:32.444706+00:00,2.2584874
2025-07-16 06:40:44.822945+00:00,2.2584878
2025-07-16 06:40:56.239574+00:00,2.2584881
2025-07-16 06:41:24.238392+00:00,2.2584874
2025-07-16 06:41:33.893039+00:00,2.2584877
2025-07-16 06:41:46.417288+00:00,2.2584876
2025-07-16 06:42:00.635091+00:00,2.2584882
2025-07-16 06:42:11.651143+00:00,2.258488
2025-07-16 06:42:24.392940+00:00,2.2584877
2025-07-16 06:42:36.430681+00:00,2.2584878
2025-07-16 06:42:49.206048+00:00,2.2584877
2025-07-16 06:43:04.674123+00:00,2.2584876
2025-07-16 06:43:14.660593+00:00,2.2584873
2025-07-16 06:43:28.170021+00:00,2.2584883
2025-07-16 06:43:41.603009+00:00,2.258488
2025-07-16 06:43:53.381448+00:00,2.2584873
2025-07-16 06:44:07.596895+00:00,2.2584876
2025-07-16 06:44:18.863206+00:00,2.258487
2025-07-16 06:44:34.207123+00:00,2.2584875
2025-07-16 06:44:44.531845+00:00,2.2584873
2025-07-16 06:44:57.091871+00:00,2.2584875
2025-07-16 06:45:09.754076+00:00,2.258488
2025-07-16 06:45:27.755497+00:00,2.258487
2025-07-16 06:45:37.470635+00:00,2.2584875
2025-07-16 06:45:47.910716+00:00,2.2584876
2025-07-16 06:46:00.278464+00:00,2.2584874
2025-07-16 06:46:13.021108+00:00,2.2584881
2025-07-16 06:46:25.828948+00:00,2.2584873
2025-07-16 06:46:37.855156+00:00,2.2584874
2025-07-16 06:46:50.354127+00:00,2.258488
2025-07-16 06:47:03.125626+00:00,2.2584875
2025-07-16 06:47:15.018713+00:00,2.2584881
2025-07-16 06:47:27.374533+00:00,2.2584871
2025-07-16 06:47:40.117483+00:00,2.2584863
2025-07-16 06:47:52.777903+00:00,2.2584883
2025-07-16 06:48:05.175797+00:00,2.2584874
2025-07-16 06:48:18.735866+00:00,2.2584879
2025-07-16 06:48:29.951746+00:00,2.2584875
2025-07-16 06:48:42.642562+00:00,2.2584879
2025-07-16 06:48:55.358156+00:00,2.2584875
2025-07-16 06:49:08.301072+00:00,2.2584878
2025-07-16 06:49:20.534346+00:00,2.2584879
2025-07-16 06:49:33.451199+00:00,2.2584875
2025-07-16 06:49:46.870547+00:00,2.2584881
2025-07-16 06:49:59.039324+00:00,2.2584871
2025-07-16 06:50:12.089811+00:00,2.2584877
2025-07-16 06:50:24.437056+00:00,2.258488
2025-07-16 06:50:36.819294+00:00,2.2584877
2025-07-16 06:50:49.166523+00:00,2.2584879
2025-07-16 06:51:01.675433+00:00,2.2584878
2025-07-16 06:51:14.879702+00:00,2.2584878
2025-07-16 06:51:26.437358+00:00,2.2584876
2025-07-16 06:51:43.375892+00:00,2.2584873
2025-07-16 06:51:52.493495+00:00,2.2584871
2025-07-16 06:52:04.466984+00:00,2.2584877
2025-07-16 06:52:16.758315+00:00,2.2584878
2025-07-16 06:52:28.947152+00:00,2.2584881
2025-07-16 06:52:41.494596+00:00,2.2584876
2025-07-16 06:52:54.387127+00:00,2.258488
2025-07-16 06:53:07.190902+00:00,2.2584875
2025-07-16 06:53:20.116143+00:00,2.2584874
2025-07-16 06:53:32.619648+00:00,2.2584875
2025-07-16 06:53:47.061379+00:00,2.2584872
2025-07-16 06:53:57.952538+00:00,2.2584877
2025-07-16 06:54:10.682589+00:00,2.2584878
2025-07-16 06:54:23.260306+00:00,2.258488
2025-07-16 06:54:36.480724+00:00,2.2584882
2025-07-16 06:54:49.290912+00:00,2.2584878
2025-07-16 06:55:01.832485+00:00,2.2584871
2025-07-16 06:55:14.575771+00:00,2.2584875
2025-07-16 06:55:33.829742+00:00,2.2584872
2025-07-16 06:55:39.200109+00:00,2.2584876
2025-07-16 06:55:51.513565+00:00,2.2584881
2025-07-16 06:56:04.423742+00:00,2.2584869
2025-07-16 06:56:17.724258+00:00,2.2584879
2025-07-16 06:56:29.675126+00:00,2.2584879
2025-07-16 06:56:41.994961+00:00,2.2584877
2025-07-16 06:56:54.533925+00:00,2.258488
2025-07-16 06:57:07.168909+00:00,2.2584874
2025-07-16 06:57:19.146906+00:00,2.2584875
2025-07-16 06:57:31.751326+00:00,2.2584879
2025-07-16 06:57:44.222388+00:00,2.2584878
2025-07-16 06:57:57.874688+00:00,2.2584878
2025-07-16 06:58:09.742005+00:00,2.2584879
2025-07-16 06:58:25.006240+00:00,2.2584874
2025-07-16 06:58:34.521406+00:00,2.2584871
2025-07-16 06:58:48.518531+00:00,2.2584873
2025-07-16 06:58:59.671763+00:00,2.2584881
2025-07-16 06:59:12.652270+00:00,2.2584874
2025-07-16 06:59:25.772038+00:00,2.2584879
2025-07-16 06:59:38.751669+00:00,2.2584881
2025-07-16 06:59:51.526556+00:00,2.2584879
2025-07-16 07:00:03.568598+00:00,2.2584868
2025-07-16 07:00:15.887725+00:00,2.2584871
2025-07-16 07:00:29.388179+00:00,2.2584881
2025-07-16 07:00:40.658982+00:00,2.258488
2025-07-16 07:00:53.759256+00:00,2.2584881
2025-07-16 07:01:06.353721+00:00,2.2584872
2025-07-16 07:01:18.847517+00:00,2.2584875
2025-07-16 07:01:31.348656+00:00,2.2584878
2025-07-16 07:01:43.532960+00:00,2.2584883
2025-07-16 07:01:55.867598+00:00,2.2584876
2025-07-16 07:02:09.213741+00:00,2.2584875
2025-07-16 07:02:20.621028+00:00,2.2584878
2025-07-16 07:02:34.347845+00:00,2.258488
2025-07-16 07:02:46.571862+00:00,2.2584876
2025-07-16 07:02:57.999107+00:00,2.258488
2025-07-16 07:03:10.747578+00:00,2.2584876
2025-07-16 07:03:23.168380+00:00,2.2584877
2025-07-16 07:03:35.557641+00:00,2.2584879
2025-07-16 07:03:48.673302+00:00,2.2584872
2025-07-16 07:04:00.947560+00:00,2.2584875
2025-07-16 07:04:13.529326+00:00,2.2584873
2025-07-16 07:04:28.244318+00:00,2.2584877
2025-07-16 07:04:39.829849+00:00,2.2584876
2025-07-16 07:04:51.722688+00:00,2.258488
2025-07-16 07:05:07.506215+00:00,2.2584879
2025-07-16 07:05:22.305328+00:00,2.2584877
2025-07-16 07:05:36.838414+00:00,2.2584882
2025-07-16 07:05:43.426511+00:00,2.2584875
2025-07-16 07:05:55.319972+00:00,2.258488
2025-07-16 07:06:08.630242+00:00,2.2584879
2025-07-16 07:06:21.350393+00:00,2.2584878
2025-07-16 07:06:33.503337+00:00,2.2584874
2025-07-16 07:06:46.139674+00:00,2.2584878
2025-07-16 07:06:59.310469+00:00,2.2584877
2025-07-16 07:07:11.488821+00:00,2.2584873
2025-07-16 07:07:25.838951+00:00,2.258487
2025-07-16 07:07:36.649485+00:00,2.2584881
2025-07-16 07:07:49.202122+00:00,2.2584877
2025-07-16 07:08:01.805682+00:00,2.2584879
2025-07-16 07:08:13.792133+00:00,2.2584874
2025-07-16 07:08:26.514521+00:00,2.2584878
2025-07-16 07:08:38.725800+00:00,2.2584869
2025-07-16 07:08:51.065662+00:00,2.258488
2025-07-16 07:09:03.808335+00:00,2.2584876
2025-07-16 07:09:18.373734+00:00,2.2584879
2025-07-16 07:09:29.301883+00:00,2.2584879
2025-07-16 07:09:42.900460+00:00,2.2584875
2025-07-16 07:09:53.697950+00:00,2.2584876
2025-07-16 07:10:14.922515+00:00,2.2584874
2025-07-16 07:10:19.905477+00:00,2.2584876
2025-07-16 07:10:32.297232+00:00,2.2584875
2025-07-16 07:10:44.238427+00:00,2.2584874
2025-07-16 07:10:56.980227+00:00,2.2584869
2025-07-16 07:11:11.432923+00:00,2.2584871
2025-07-16 07:11:21.798522+00:00,2.2584865
2025-07-16 07:11:34.788968+00:00,2.2584872
2025-07-16 07:11:48.104315+00:00,2.2584865
2025-07-16 07:11:59.497539+00:00,2.2584866
2025-07-16 07:12:12.058539+00:00,2.2584866
2025-07-16 07:12:24.667542+00:00,2.258487
2025-07-16 07:12:37.606558+00:00,2.2584869
2025-07-16 07:12:49.471238+00:00,2.2584875
2025-07-16 07:13:05.036860+00:00,2.2584875
2025-07-16 07:13:14.592511+00:00,2.2584872
2025-07-16 07:13:27.039592+00:00,2.2584868
2025-07-16 07:13:40.471699+00:00,2.2584869
2025-07-16 07:13:54.508095+00:00,2.2584876
2025-07-16 07:14:17.795165+00:00,2.2584866
2025-07-16 07:14:30.694047+00:00,2.2584861
2025-07-16 07:14:43.941100+00:00,2.2584873
2025-07-16 07:14:55.856864+00:00,2.258487
2025-07-16 07:15:08.866771+00:00,2.2584876
2025-07-16 07:15:21.790224+00:00,2.2584865
2025-07-16 07:15:34.098885+00:00,2.2584875
2025-07-16 07:15:46.915771+00:00,2.2584868
2025-07-16 07:15:59.816878+00:00,2.2584867
2025-07-16 07:16:12.008413+00:00,2.2584877
2025-07-16 07:16:24.648722+00:00,2.2584868
2025-07-16 07:16:37.941854+00:00,2.2584872
2025-07-16 07:16:50.666175+00:00,2.2584875
2025-07-16 07:17:02.697630+00:00,2.2584871
2025-07-16 07:17:14.658997+00:00,2.2584869
2025-07-16 07:17:26.999788+00:00,2.2584871
2025-07-16 07:17:39.079895+00:00,2.258487
2025-07-16 07:17:52.210327+00:00,2.2584871
2025-07-16 07:18:04.046908+00:00,2.2584866
2025-07-16 07:18:16.746994+00:00,2.2584874
2025-07-16 07:18:28.683974+00:00,2.2584872
2025-07-16 07:18:41.768052+00:00,2.2584861
2025-07-16 07:18:54.363389+00:00,2.2584872
2025-07-16 07:19:06.859927+00:00,2.2584866
2025-07-16 07:19:23.381650+00:00,2.2584872
2025-07-16 07:19:33.656405+00:00,2.2584875
2025-07-16 07:19:44.036578+00:00,2.2584871
2025-07-16 07:19:56.743280+00:00,2.2584869
2025-07-16 07:20:10.053155+00:00,2.2584874
2025-07-16 07:20:22.218585+00:00,2.2584869
2025-07-16 07:20:35.414180+00:00,2.2584866
2025-07-16 07:20:48.787359+00:00,2.2584872
2025-07-16 07:20:59.879447+00:00,2.258487
2025-07-16 07:21:14.824800+00:00,2.2584868
2025-07-16 07:21:25.119079+00:00,2.2584873
2025-07-16 07:21:38.480886+00:00,2.2584871
2025-07-16 07:21:50.085109+00:00,2.2584868
2025-07-16 07:22:06.208549+00:00,2.258487
2025-07-16 07:22:15.220161+00:00,2.2584867
2025-07-16 07:22:30.027061+00:00,2.2584873
2025-07-16 07:22:39.817201+00:00,2.2584873
2025-07-16 07:22:52.329967+00:00,2.2584876
2025-07-16 07:23:05.203260+00:00,2.2584874
2025-07-16 07:23:18.144795+00:00,2.2584871
2025-07-16 07:23:31.036429+00:00,2.2584872
2025-07-16 07:23:42.682910+00:00,2.2584872
2025-07-16 07:23:56.685392+00:00,2.2584873
2025-07-16 07:24:08.446405+00:00,2.2584875
2025-07-16 07:24:20.790731+00:00,2.2584869
2025-07-16 07:24:33.651972+00:00,2.2584867
2025-07-16 07:24:47.222842+00:00,2.2584867
2025-07-16 07:24:59.136909+00:00,2.258487
2025-07-16 07:25:12.106976+00:00,2.2584867
2025-07-16 07:25:24.767855+00:00,2.2584868
2025-07-16 07:25:40.908073+00:00,2.2584873
2025-07-16 07:25:51.012807+00:00,2.2584869
2025-07-16 07:26:02.802291+00:00,2.2584868
2025-07-16 07:26:15.431556+00:00,2.2584867
2025-07-16 07:26:29.180491+00:00,2.2584873
2025-07-16 07:26:40.444867+00:00,2.2584873
2025-07-16 07:26:53.886524+00:00,2.2584863
2025-07-16 07:27:05.865313+00:00,2.2584868
2025-07-16 07:27:19.258256+00:00,2.258487
2025-07-16 07:27:31.180128+00:00,2.2584874
2025-07-16 07:27:42.800991+00:00,2.2584873
2025-07-16 07:27:55.217828+00:00,2.2584868
2025-07-16 07:28:07.830925+00:00,2.258487
2025-07-16 07:28:20.226448+00:00,2.2584875
2025-07-16 07:28:32.831789+00:00,2.2584871
2025-07-16 07:28:45.728830+00:00,2.2584877
2025-07-16 07:28:57.628380+00:00,2.2584868
2025-07-16 07:29:10.664626+00:00,2.2584871
2025-07-16 07:29:23.286217+00:00,2.258487
2025-07-16 07:29:35.501320+00:00,2.2584875
2025-07-16 07:29:47.863527+00:00,2.258487
2025-07-16 07:30:00.499175+00:00,2.2584868
2025-07-16 07:30:12.816985+00:00,2.2584873
2025-07-16 07:30:25.093555+00:00,2.2584867
2025-07-16 07:30:37.842517+00:00,2.2584869
2025-07-16 07:30:50.156036+00:00,2.2584875
2025-07-16 07:31:02.709134+00:00,2.2584875
2025-07-16 07:31:14.810374+00:00,2.2584869
2025-07-16 07:31:27.337961+00:00,2.2584872
2025-07-16 07:31:39.702999+00:00,2.2584869
2025-07-16 07:31:52.366249+00:00,2.2584872
2025-07-16 07:32:05.414834+00:00,2.2584867
2025-07-16 07:32:17.371616+00:00,2.2584876
2025-07-16 07:32:29.443935+00:00,2.258487
2025-07-16 07:32:42.258382+00:00,2.2584871
2025-07-16 07:32:54.913465+00:00,2.2584875
2025-07-16 07:33:13.499353+00:00,2.2584869
2025-07-16 07:33:21.334154+00:00,2.2584878
2025-07-16 07:33:33.971031+00:00,2.2584873
2025-07-16 07:33:46.038390+00:00,2.2584869
2025-07-16 07:33:59.328774+00:00,2.2584872
2025-07-16 07:34:12.160383+00:00,2.2584865
2025-07-16 07:34:24.629216+00:00,2.2584868
2025-07-16 07:34:36.935681+00:00,2.2584879
2025-07-16 07:34:49.535012+00:00,2.2584872
2025-07-16 07:35:02.041685+00:00,2.2584869
2025-07-16 07:35:14.908629+00:00,2.258487
2025-07-16 07:35:35.401578+00:00,2.2584874
2025-07-16 07:35:40.286568+00:00,2.2584875
2025-07-16 07:35:52.511653+00:00,2.2584866
2025-07-16 07:36:05.134845+00:00,2.2584868
2025-07-16 07:36:18.224288+00:00,2.258487
2025-07-16 07:36:29.957557+00:00,2.2584875
2025-07-16 07:36:42.627037+00:00,2.2584868
2025-07-16 07:36:55.202174+00:00,2.2584866
2025-07-16 07:37:12.099562+00:00,2.2584875
2025-07-16 07:37:19.961895+00:00,2.2584868
2025-07-16 07:37:32.174123+00:00,2.2584871
2025-07-16 07:37:44.201157+00:00,2.2584868
2025-07-16 07:37:56.580149+00:00,2.2584876
2025-07-16 07:38:10.246729+00:00,2.2584868
2025-07-16 07:38:21.792733+00:00,2.2584868
2025-07-16 07:38:34.581981+00:00,2.2584866
2025-07-16 07:38:48.679959+00:00,2.2584873
2025-07-16 07:38:59.239172+00:00,2.2584867
2025-07-16 07:39:13.782199+00:00,2.2584871
2025-07-16 07:39:24.204460+00:00,2.2584868
2025-07-16 07:39:36.819958+00:00,2.258487
2025-07-16 07:40:01.826548+00:00,2.2584873
2025-07-16 07:40:14.178025+00:00,2.2584867
2025-07-16 07:40:27.051990+00:00,2.2584875
2025-07-16 07:40:39.525031+00:00,2.2584868
2025-07-16 07:40:51.593678+00:00,2.2584871
2025-07-16 07:41:04.624954+00:00,2.2584872
2025-07-16 07:41:18.588817+00:00,2.2584867
2025-07-16 07:43:10.490758+00:00,2.258487
2025-07-16 07:43:22.993031+00:00,2.2584864
2025-07-16 07:43:48.079240+00:00,2.2584877
2025-07-16 07:44:25.551119+00:00,2.2584869
2025-07-16 07:44:41.070272+00:00,2.2584874
2025-07-16 07:44:50.616261+00:00,2.258487
2025-07-16 07:45:04.024022+00:00,2.2584877
2025-07-16 07:45:15.796044+00:00,2.2584863
2025-07-16 07:45:35.643758+00:00,2.258486
2025-07-16 07:45:54.539350+00:00,2.2584867
2025-07-16 07:47:48.014411+00:00,2.2584875
2025-07-16 07:48:00.468058+00:00,2.2584872
2025-07-16 07:48:14.346234+00:00,2.2584859
2025-07-16 07:48:37.333069+00:00,2.2584863
2025-07-16 07:48:49.670757+00:00,2.2584877
2025-07-16 07:50:05.351540+00:00,2.2584863
2025-07-16 07:50:55.319583+00:00,2.2584876
2025-07-16 07:51:19.862342+00:00,2.2584883
2025-07-16 07:51:32.525425+00:00,2.2584863
2025-07-16 07:51:46.088963+00:00,2.2584873
2025-07-16 07:52:09.907411+00:00,2.2584858
2025-07-16 07:52:22.666117+00:00,2.2584859
2025-07-16 07:56:21.133312+00:00,2.2584863
2025-07-16 07:56:46.726901+00:00,2.2584861
2025-07-16 07:57:50.009306+00:00,2.2584876
2025-07-16 07:58:02.975940+00:00,2.2584879
2025-07-16 07:58:16.922012+00:00,2.2584873
2025-07-16 07:58:28.071918+00:00,2.2584869
2025-07-16 07:58:40.624347+00:00,2.258487
2025-07-16 07:58:53.697079+00:00,2.2584867
2025-07-16 07:59:06.213281+00:00,2.2584865
2025-07-16 07:59:18.731399+00:00,2.2584869
2025-07-16 07:59:32.313618+00:00,2.2584872
2025-07-16 07:59:43.708569+00:00,2.258487
2025-07-16 07:59:56.620882+00:00,2.258487
2025-07-16 08:00:09.069309+00:00,2.2584869
2025-07-16 08:00:21.489443+00:00,2.2584869
2025-07-16 08:00:34.244836+00:00,2.2584872
2025-07-16 08:00:49.254736+00:00,2.2584865
2025-07-16 08:01:01.296422+00:00,2.2584864
2025-07-16 08:01:11.524509+00:00,2.2584868
2025-07-16 08:01:28.031514+00:00,2.2584877
2025-07-16 08:01:37.520262+00:00,2.2584865
2025-07-16 08:01:50.288451+00:00,2.2584872
2025-07-16 08:02:01.885415+00:00,2.2584869
2025-07-16 08:02:14.171815+00:00,2.2584868
2025-07-16 08:02:27.387675+00:00,2.2584868
2025-07-16 08:02:39.881531+00:00,2.2584864
2025-07-16 08:02:53.061066+00:00,2.2584869
2025-07-16 08:03:05.043216+00:00,2.2584876
2025-07-16 08:03:17.471845+00:00,2.2584871
2025-07-16 08:03:29.286089+00:00,2.2584866
2025-07-16 08:03:42.056161+00:00,2.2584866
2025-07-16 08:03:53.837932+00:00,2.2584869
2025-07-16 08:04:09.885845+00:00,2.258487
2025-07-16 08:04:18.965182+00:00,2.2584879
2025-07-16 08:04:31.714998+00:00,2.2584864
2025-07-16 08:04:43.758863+00:00,2.2584878
2025-07-16 08:04:55.902054+00:00,2.2584868
2025-07-16 08:05:08.717135+00:00,2.2584865
2025-07-16 08:05:21.337677+00:00,2.2584869
2025-07-16 08:05:33.917349+00:00,2.258488
2025-07-16 08:05:59.403514+00:00,2.2584874
2025-07-16 08:06:12.933521+00:00,2.2584866
2025-07-16 08:06:25.523555+00:00,2.2584861
2025-07-16 08:06:37.519238+00:00,2.2584875
2025-07-16 08:06:50.496453+00:00,2.2584874
2025-07-16 08:07:02.919305+00:00,2.2584872
2025-07-16 08:07:15.492338+00:00,2.2584866
2025-07-16 08:07:28.066837+00:00,2.2584862
2025-07-16 08:07:54.057663+00:00,2.2584867
2025-07-16 08:08:05.945430+00:00,2.2584861
2025-07-16 08:25:26.725205+00:00,2.258488
2025-07-16 08:25:38.929540+00:00,2.2584873
2025-07-16 08:25:55.042858+00:00,2.2584873
2025-07-16 08:26:03.488629+00:00,2.2584876
2025-07-16 08:26:15.973507+00:00,2.2584871
2025-07-16 08:26:28.592540+00:00,2.258487
2025-07-16 08:26:41.309150+00:00,2.2584875
2025-07-16 08:26:54.258448+00:00,2.2584873
2025-07-16 08:27:07.094894+00:00,2.2584872
2025-07-16 08:27:20.764806+00:00,2.258487
2025-07-16 08:27:34.649686+00:00,2.2584874
2025-07-16 08:27:45.656872+00:00,2.2584877
2025-07-16 08:27:58.616754+00:00,2.2584874
2025-07-16 08:28:11.579330+00:00,2.2584875
2025-07-16 08:28:23.321859+00:00,2.2584873
2025-07-16 08:28:36.213971+00:00,2.2584881
2025-07-16 08:28:48.915016+00:00,2.2584879
2025-07-16 08:29:01.472122+00:00,2.258487
2025-07-16 08:29:13.919778+00:00,2.2584873
2025-07-16 08:29:26.655020+00:00,2.2584879
2025-07-16 08:29:39.245120+00:00,2.2584881
2025-07-16 08:29:51.749718+00:00,2.2584873
2025-07-16 08:30:08.440955+00:00,2.2584872
2025-07-16 08:30:17.098800+00:00,2.2584873
2025-07-16 08:30:29.878040+00:00,2.2584871
2025-07-16 08:30:41.710085+00:00,2.258488
2025-07-16 08:30:54.027688+00:00,2.2584877
2025-07-16 08:31:18.752785+00:00,2.2584876
2025-07-16 08:31:31.613941+00:00,2.2584873
2025-07-16 08:31:43.593708+00:00,2.2584873
2025-07-16 08:31:56.273461+00:00,2.2584877
2025-07-16 08:32:09.822966+00:00,2.2584873
2025-07-16 08:32:22.024774+00:00,2.2584872
2025-07-16 08:32:34.547586+00:00,2.2584873
2025-07-16 08:32:47.102424+00:00,2.2584872
2025-07-16 08:32:59.538087+00:00,2.2584874
2025-07-16 08:33:12.084095+00:00,2.2584873
2025-07-16 08:33:24.434771+00:00,2.2584876
2025-07-16 08:33:36.598459+00:00,2.2584875
2025-07-16 08:33:49.023095+00:00,2.2584876
2025-07-16 08:34:01.837099+00:00,2.2584881
2025-07-16 08:34:14.005496+00:00,2.2584873
2025-07-16 08:34:26.932781+00:00,2.2584876
2025-07-16 08:34:38.908065+00:00,2.2584877
2025-07-16 08:34:51.999480+00:00,2.2584878
2025-07-16 08:35:04.015135+00:00,2.258488
2025-07-16 08:35:16.412054+00:00,2.2584873
2025-07-16 08:35:29.172780+00:00,2.2584877
2025-07-16 08:35:41.481083+00:00,2.2584876
2025-07-16 08:35:56.705297+00:00,2.258487
2025-07-16 08:36:07.344146+00:00,2.2584876
2025-07-16 08:36:20.042877+00:00,2.2584877
2025-07-16 08:36:33.679403+00:00,2.258487
2025-07-16 08:36:46.007635+00:00,2.2584872
2025-07-16 08:36:58.555168+00:00,2.2584872
2025-07-16 08:37:26.449101+00:00,2.2584871
2025-07-16 08:37:37.530971+00:00,2.2584873
2025-07-16 08:37:52.402885+00:00,2.2584872
2025-07-16 08:38:02.280869+00:00,2.2584879
2025-07-16 08:38:14.478865+00:00,2.2584873
2025-07-16 08:38:28.223493+00:00,2.2584879
2025-07-16 08:38:40.120460+00:00,2.258487
2025-07-16 08:38:52.875339+00:00,2.2584871
2025-07-16 08:39:05.815461+00:00,2.2584873
2025-07-16 08:39:18.200993+00:00,2.2584875
2025-07-16 08:39:30.601928+00:00,2.2584879
2025-07-16 08:39:43.768379+00:00,2.2584881
2025-07-16 08:39:55.502795+00:00,2.2584879
2025-07-16 08:40:08.326719+00:00,2.2584872
2025-07-16 08:40:21.677717+00:00,2.2584879
2025-07-16 08:40:32.891560+00:00,2.2584877
2025-07-16 08:40:45.088557+00:00,2.2584867
2025-07-16 08:40:57.588139+00:00,2.2584874
2025-07-16 08:41:10.706193+00:00,2.2584875
2025-07-16 08:41:23.395879+00:00,2.2584873
2025-07-16 08:41:35.212186+00:00,2.2584876
2025-07-16 08:41:47.969037+00:00,2.2584876
2025-07-16 08:42:00.580343+00:00,2.2584869
2025-07-16 08:42:14.780264+00:00,2.2584872
2025-07-16 08:42:25.211885+00:00,2.2584879
2025-07-16 08:42:37.571437+00:00,2.2584877
2025-07-16 08:42:50.202698+00:00,2.2584875
2025-07-16 08:43:03.056009+00:00,2.2584873
2025-07-16 08:43:17.081775+00:00,2.2584877
2025-07-16 08:43:28.590756+00:00,2.2584873
2025-07-16 08:43:40.641380+00:00,2.2584876
2025-07-16 08:43:54.125983+00:00,2.2584876
2025-07-16 08:44:06.488921+00:00,2.2584877
2025-07-16 08:44:18.971263+00:00,2.2584871
2025-07-16 08:44:31.013165+00:00,2.2584878
2025-07-16 08:44:43.449886+00:00,2.2584877
2025-07-16 08:44:55.843487+00:00,2.2584866
2025-07-16 08:45:08.677672+00:00,2.2584875
2025-07-16 08:45:20.903033+00:00,2.2584875
2025-07-16 08:45:33.417378+00:00,2.2584871
2025-07-16 08:45:45.743588+00:00,2.2584872
2025-07-16 08:45:58.512091+00:00,2.2584872
2025-07-16 08:46:11.102242+00:00,2.2584878
2025-07-16 08:46:23.342460+00:00,2.258487
2025-07-16 08:46:36.166750+00:00,2.2584877
2025-07-16 08:46:48.897546+00:00,2.2584873
2025-07-16 08:47:02.109562+00:00,2.2584873
2025-07-16 08:47:14.600810+00:00,2.2584875
2025-07-16 08:47:27.662987+00:00,2.2584875
2025-07-16 08:47:40.142691+00:00,2.2584872
2025-07-16 08:47:57.638094+00:00,2.2584877
2025-07-16 08:48:05.901872+00:00,2.2584869
2025-07-16 08:48:18.544022+00:00,2.2584873
2025-07-16 08:48:32.741902+00:00,2.2584873
2025-07-16 08:48:45.170339+00:00,2.2584874
2025-07-16 08:48:57.690570+00:00,2.2584877
2025-07-16 08:49:09.264910+00:00,2.2584876
2025-07-16 08:49:21.486934+00:00,2.2584877
2025-07-16 08:49:37.986719+00:00,2.2584871
2025-07-16 08:49:46.734792+00:00,2.2584874
2025-07-16 08:49:59.308262+00:00,2.2584875
2025-07-16 08:50:12.219271+00:00,2.2584874
2025-07-16 08:50:24.804667+00:00,2.2584874
2025-07-16 08:50:37.154565+00:00,2.2584875
2025-07-16 08:50:48.888204+00:00,2.2584873
2025-07-16 08:51:02.144413+00:00,2.258487
2025-07-16 08:51:13.954725+00:00,2.2584878
2025-07-16 08:51:26.590702+00:00,2.258487
2025-07-16 08:51:42.261141+00:00,2.2584872
2025-07-16 08:51:51.486894+00:00,2.2584879
2025-07-16 08:52:04.098120+00:00,2.2584868
2025-07-16 08:52:16.730144+00:00,2.2584874
2025-07-16 08:52:28.812144+00:00,2.2584872
2025-07-16 08:52:43.786394+00:00,2.2584877
2025-07-16 08:52:53.875651+00:00,2.2584872
2025-07-16 08:53:08.204792+00:00,2.258487
2025-07-16 08:53:19.043083+00:00,2.2584874
2025-07-16 08:53:31.446749+00:00,2.2584878
2025-07-16 08:53:43.695030+00:00,2.2584874
2025-07-16 08:53:57.574542+00:00,2.2584868
2025-07-16 08:54:09.056261+00:00,2.2584873
2025-07-16 08:54:20.535046+00:00,2.2584872
2025-07-16 08:54:33.245452+00:00,2.2584878
2025-07-16 08:54:46.058096+00:00,2.2584877
2025-07-16 08:54:57.963647+00:00,2.2584871
2025-07-16 08:55:10.630265+00:00,2.2584873
2025-07-16 08:55:23.005179+00:00,2.258488
2025-07-16 08:55:36.474397+00:00,2.2584871
2025-07-16 08:55:48.224555+00:00,2.2584871
2025-07-16 08:56:01.620003+00:00,2.2584869
2025-07-16 08:56:13.156547+00:00,2.2584877
2025-07-16 08:56:26.783562+00:00,2.258487
2025-07-16 08:56:39.249389+00:00,2.2584879
2025-07-16 08:56:53.351660+00:00,2.2584872
2025-07-16 08:57:04.199799+00:00,2.2584871
2025-07-16 08:57:19.322089+00:00,2.2584879
2025-07-16 08:57:29.629914+00:00,2.2584876
2025-07-16 08:57:42.813029+00:00,2.2584869
2025-07-16 08:57:56.039535+00:00,2.2584873
2025-07-16 08:58:08.449877+00:00,2.2584875
2025-07-16 08:58:21.855533+00:00,2.258487
2025-07-16 08:58:33.376737+00:00,2.2584877
2025-07-16 08:58:48.863070+00:00,2.2584879
2025-07-16 08:58:58.896114+00:00,2.2584873
2025-07-16 08:59:11.418546+00:00,2.2584872
2025-07-16 08:59:24.462423+00:00,2.2584871
2025-07-16 08:59:36.095080+00:00,2.2584872
2025-07-16 08:59:48.853559+00:00,2.2584876
2025-07-16 09:00:01.408526+00:00,2.2584874
2025-07-16 09:00:13.782488+00:00,2.2584876
2025-07-16 09:00:25.704977+00:00,2.2584871
2025-07-16 09:00:38.647363+00:00,2.2584879
2025-07-16 09:00:50.293776+00:00,2.2584873
2025-07-16 09:01:03.635031+00:00,2.2584876
2025-07-16 09:01:15.949829+00:00,2.2584874
2025-07-16 09:01:28.129799+00:00,2.2584879
2025-07-16 09:01:40.705766+00:00,2.2584869
2025-07-16 09:01:54.435030+00:00,2.258488
2025-07-16 09:02:06.738584+00:00,2.2584871
2025-07-16 09:02:18.586033+00:00,2.2584874
2025-07-16 09:02:34.886411+00:00,2.2584873
2025-07-16 09:02:49.881787+00:00,2.2584877
2025-07-16 09:02:56.358952+00:00,2.2584876
2025-07-16 09:03:14.516459+00:00,2.2584877
2025-07-16 09:03:21.315408+00:00,2.2584859
2025-07-16 09:03:33.706405+00:00,2.2584872
2025-07-16 09:03:46.215245+00:00,2.2584875
2025-07-16 09:03:58.798505+00:00,2.2584879
2025-07-16 09:04:12.202932+00:00,2.2584877
2025-07-16 09:04:25.285310+00:00,2.2584875
2025-07-16 09:04:36.200143+00:00,2.2584867
2025-07-16 09:04:48.847293+00:00,2.2584874
2025-07-16 09:05:15.051778+00:00,2.2584877
2025-07-16 09:05:26.440684+00:00,2.2584876
2025-07-16 09:05:52.686770+00:00,2.2584871
2025-07-16 09:06:03.877332+00:00,2.2584874
2025-07-16 09:06:41.324808+00:00,2.2584865
2025-07-16 09:06:54.229821+00:00,2.258487
2025-07-16 09:07:10.411984+00:00,2.258487
2025-07-16 09:07:20.882983+00:00,2.2584869
2025-07-16 09:07:31.753861+00:00,2.2584875
2025-07-16 09:07:44.533635+00:00,2.2584874
2025-07-16 09:07:57.226196+00:00,2.2584873
2025-07-16 09:08:09.927991+00:00,2.2584876
2025-07-16 09:08:23.300592+00:00,2.2584878
2025-07-16 09:08:35.872322+00:00,2.2584873
2025-07-16 09:08:49.292900+00:00,2.2584879
2025-07-16 09:09:01.338898+00:00,2.2584874
2025-07-16 09:09:13.742839+00:00,2.2584875
2025-07-16 09:09:26.291360+00:00,2.2584871
2025-07-16 09:09:39.892090+00:00,2.2584874
2025-07-16 09:09:52.209705+00:00,2.2584869
2025-07-16 09:10:06.139726+00:00,2.2584874
2025-07-16 09:10:22.182354+00:00,2.2584876
2025-07-16 09:10:30.005441+00:00,2.258487
2025-07-16 09:10:42.220316+00:00,2.2584878
2025-07-16 09:10:54.818459+00:00,2.2584869
2025-07-16 09:11:07.239133+00:00,2.2584879
2025-07-16 09:11:19.943587+00:00,2.2584872
2025-07-16 09:11:32.636385+00:00,2.2584872
2025-07-16 09:11:44.691664+00:00,2.2584868
2025-07-16 09:11:56.376813+00:00,2.2584874
2025-07-16 09:12:09.447731+00:00,2.2584876
2025-07-16 09:12:21.304708+00:00,2.2584871
2025-07-16 09:12:34.542528+00:00,2.2584874
2025-07-16 09:12:47.114802+00:00,2.2584875
2025-07-16 09:12:59.511149+00:00,2.2584871
2025-07-16 09:13:13.021366+00:00,2.2584869
2025-07-16 09:13:25.097744+00:00,2.2584876
2025-07-16 09:13:37.363164+00:00,2.2584867
2025-07-16 09:13:49.551846+00:00,2.2584875
2025-07-16 09:14:04.701819+00:00,2.2584872
2025-07-16 09:14:19.533698+00:00,2.2584876
2025-07-16 09:14:27.553854+00:00,2.2584872
2025-07-16 09:14:41.277457+00:00,2.2584869
2025-07-16 09:14:52.552185+00:00,2.2584877
2025-07-16 09:15:05.273324+00:00,2.2584868
2025-07-16 09:15:18.525555+00:00,2.2584878
2025-07-16 09:15:30.516254+00:00,2.2584876
2025-07-16 09:15:42.968795+00:00,2.258487
2025-07-16 09:15:55.334297+00:00,2.2584873
2025-07-16 09:16:08.057052+00:00,2.2584871
2025-07-16 09:16:20.221631+00:00,2.2584871
2025-07-16 09:16:32.671623+00:00,2.2584869
2025-07-16 09:16:48.573446+00:00,2.2584874
2025-07-16 09:16:59.092896+00:00,2.2584876
2025-07-16 09:17:10.708283+00:00,2.258487
2025-07-16 09:17:26.290363+00:00,2.2584877
2025-07-16 09:17:35.618006+00:00,2.2584874
2025-07-16 09:17:48.744312+00:00,2.2584867
2025-07-16 09:18:01.444595+00:00,2.2584872
2025-07-16 09:18:13.797953+00:00,2.2584873
2025-07-16 09:18:27.098824+00:00,2.2584875
2025-07-16 09:18:40.132913+00:00,2.2584869
2025-07-16 09:18:53.721179+00:00,2.2584875
2025-07-16 09:19:08.113147+00:00,2.2584874
2025-07-16 09:19:18.535055+00:00,2.2584872
2025-07-16 09:19:31.111748+00:00,2.2584872
2025-07-16 09:19:43.748510+00:00,2.2584878
2025-07-16 09:19:56.349034+00:00,2.2584868
2025-07-16 09:20:10.093061+00:00,2.2584873
2025-07-16 09:20:22.024326+00:00,2.258487
2025-07-16 09:20:37.741657+00:00,2.2584871
2025-07-16 09:20:47.528655+00:00,2.2584873
2025-07-16 09:21:00.151351+00:00,2.2584875
2025-07-16 09:21:13.202425+00:00,2.2584873
2025-07-16 09:21:26.642736+00:00,2.258487
2025-07-16 09:21:37.445788+00:00,2.2584876
2025-07-16 09:21:51.652246+00:00,2.2584868
2025-07-16 09:22:02.676057+00:00,2.2584876
2025-07-16 09:22:15.230662+00:00,2.2584869
2025-07-16 09:22:27.852712+00:00,2.2584875
2025-07-16 09:22:40.376979+00:00,2.2584872
2025-07-16 09:22:53.756378+00:00,2.2584875
2025-07-16 09:23:06.443647+00:00,2.2584877
2025-07-16 09:23:18.434020+00:00,2.2584877
2025-07-16 09:23:31.077263+00:00,2.2584877
2025-07-16 09:23:44.616733+00:00,2.2584875
2025-07-16 09:23:56.101300+00:00,2.2584875
2025-07-16 09:24:14.006484+00:00,2.258488
2025-07-16 09:24:21.225013+00:00,2.258487
2025-07-16 09:24:33.793270+00:00,2.2584873
2025-07-16 09:24:46.184537+00:00,2.2584876
2025-07-16 09:24:58.768356+00:00,2.2584871
2025-07-16 09:25:11.431197+00:00,2.258487
2025-07-16 09:25:23.542014+00:00,2.2584868
2025-07-16 09:25:42.197098+00:00,2.2584871
2025-07-16 09:25:49.429802+00:00,2.2584872
2025-07-16 09:26:01.638462+00:00,2.2584878
2025-07-16 09:26:13.764682+00:00,2.2584869
2025-07-16 09:26:26.356777+00:00,2.2584871
2025-07-16 09:26:39.112289+00:00,2.2584871
2025-07-16 09:26:52.613369+00:00,2.2584869
2025-07-16 09:27:04.543616+00:00,2.2584877
2025-07-16 09:27:30.255857+00:00,2.258487
2025-07-16 09:27:42.557953+00:00,2.2584873
2025-07-16 09:27:55.708271+00:00,2.2584871
2025-07-16 09:28:08.860057+00:00,2.2584875
2025-07-16 09:28:21.060723+00:00,2.2584867
2025-07-16 09:28:34.066737+00:00,2.2584874
2025-07-16 09:28:50.670585+00:00,2.2584877
2025-07-16 09:28:58.941376+00:00,2.2584873
2025-07-16 09:29:17.549494+00:00,2.2584868
2025-07-16 09:29:24.252398+00:00,2.2584872
2025-07-16 09:29:36.909759+00:00,2.2584876
2025-07-16 09:29:49.587584+00:00,2.2584871
2025-07-16 09:30:02.878264+00:00,2.2584876
2025-07-16 09:30:16.987120+00:00,2.2584875
2025-07-16 09:30:32.190565+00:00,2.2584871
2025-07-16 09:30:40.206233+00:00,2.2584876
2025-07-16 09:30:52.475658+00:00,2.2584877
2025-07-16 09:31:13.869214+00:00,2.2584874
2025-07-16 09:31:17.763520+00:00,2.2584874
2025-07-16 09:31:30.229314+00:00,2.2584876
2025-07-16 09:31:42.884526+00:00,2.2584874
2025-07-16 09:31:55.274843+00:00,2.2584879
2025-07-16 09:32:08.230589+00:00,2.2584876
2025-07-16 09:32:21.331814+00:00,2.2584869
2025-07-16 09:32:33.305013+00:00,2.2584875
2025-07-16 09:32:46.565270+00:00,2.2584868
2025-07-16 09:32:58.617832+00:00,2.2584868
2025-07-16 09:33:11.444355+00:00,2.2584872
2025-07-16 09:33:24.204058+00:00,2.258488
2025-07-16 09:33:38.074068+00:00,2.258487
2025-07-16 09:33:48.430764+00:00,2.2584866
2025-07-16 09:34:03.528729+00:00,2.2584866
2025-07-16 09:34:13.677037+00:00,2.2584872
2025-07-16 09:34:26.721114+00:00,2.2584871
2025-07-16 09:34:38.634425+00:00,2.258487
2025-07-16 09:34:52.635906+00:00,2.2584876
2025-07-16 09:35:04.501540+00:00,2.2584878
2025-07-16 09:35:16.420443+00:00,2.2584871
2025-07-16 09:35:29.463702+00:00,2.2584878
2025-07-16 09:35:41.856907+00:00,2.2584873
2025-07-16 09:35:53.851921+00:00,2.2584866
2025-07-16 09:36:07.105460+00:00,2.258487
2025-07-16 09:36:19.608549+00:00,2.2584876
2025-07-16 09:36:37.317915+00:00,2.2584872
2025-07-16 09:36:45.542700+00:00,2.2584872
2025-07-16 09:36:59.342734+00:00,2.2584876
2025-07-16 09:37:12.108191+00:00,2.2584876
2025-07-16 09:37:24.217682+00:00,2.2584876
2025-07-16 09:37:37.203439+00:00,2.2584874
2025-07-16 09:37:49.277554+00:00,2.2584873
2025-07-16 09:38:02.248500+00:00,2.258487
2025-07-16 09:38:14.552654+00:00,2.258487
2025-07-16 09:38:27.163456+00:00,2.2584867
2025-07-16 09:38:40.384925+00:00,2.2584869
2025-07-16 09:38:54.053280+00:00,2.2584877
2025-07-16 09:39:05.521412+00:00,2.2584874
2025-07-16 09:39:19.488448+00:00,2.2584872
2025-07-16 09:39:30.014663+00:00,2.2584873
2025-07-16 09:39:42.898428+00:00,2.2584874
2025-07-16 09:39:54.995148+00:00,2.2584871
2025-07-16 09:40:07.646841+00:00,2.2584866
2025-07-16 09:40:20.639083+00:00,2.2584874
2025-07-16 09:40:33.728868+00:00,2.2584872
2025-07-16 09:40:49.823160+00:00,2.2584872
2025-07-16 09:40:57.557437+00:00,2.2584871
2025-07-16 09:41:10.304503+00:00,2.2584872
2025-07-16 09:41:24.813025+00:00,2.2584873
2025-07-16 09:41:35.243250+00:00,2.2584877
2025-07-16 09:41:49.108941+00:00,2.2584874
2025-07-16 09:42:00.675697+00:00,2.2584873
2025-07-16 09:42:13.403347+00:00,2.2584874
2025-07-16 09:42:25.655128+00:00,2.2584871
2025-07-16 09:42:38.347278+00:00,2.2584877
2025-07-16 09:42:51.584116+00:00,2.258488
2025-07-16 09:43:03.796826+00:00,2.2584866
2025-07-16 09:43:16.006376+00:00,2.2584867
2025-07-16 09:43:28.952239+00:00,2.2584866
2025-07-16 09:43:40.934638+00:00,2.2584875
2025-07-16 09:43:53.633102+00:00,2.2584878
2025-07-16 09:44:06.172145+00:00,2.2584872
2025-07-16 09:44:18.627109+00:00,2.2584868
2025-07-16 09:44:31.379195+00:00,2.2584874
2025-07-16 09:44:43.667510+00:00,2.2584873
2025-07-16 09:44:56.403767+00:00,2.258487
2025-07-16 09:45:08.987077+00:00,2.2584869
2025-07-16 09:45:22.147924+00:00,2.2584872
2025-07-16 09:45:34.202718+00:00,2.258487
2025-07-16 09:45:46.911225+00:00,2.258487
2025-07-16 09:45:59.273900+00:00,2.2584869
2025-07-16 09:46:13.071224+00:00,2.2584867
2025-07-16 09:46:24.924576+00:00,2.2584866
2025-07-16 09:46:38.050169+00:00,2.2584877
2025-07-16 09:46:50.629187+00:00,2.2584872
2025-07-16 09:47:03.679279+00:00,2.2584875
2025-07-16 09:47:16.533585+00:00,2.2584867
2025-07-16 09:47:29.174295+00:00,2.258487
2025-07-16 09:47:42.225068+00:00,2.2584875
2025-07-16 09:47:54.930328+00:00,2.2584871
2025-07-16 09:48:08.248567+00:00,2.2584869
2025-07-16 09:48:20.865067+00:00,2.2584869
2025-07-16 09:48:32.991380+00:00,2.2584875
2025-07-16 09:48:44.855576+00:00,2.2584875
2025-07-16 09:48:57.404993+00:00,2.2584869
2025-07-16 09:49:11.926461+00:00,2.2584878
2025-07-16 09:49:23.406467+00:00,2.2584872
2025-07-16 09:49:36.218825+00:00,2.2584873
2025-07-16 09:49:48.633973+00:00,2.2584875
2025-07-16 09:50:01.022251+00:00,2.2584871
2025-07-16 09:50:13.454636+00:00,2.2584877
2025-07-16 09:50:25.971368+00:00,2.2584869
2025-07-16 09:50:37.999120+00:00,2.258488
2025-07-16 09:50:50.917740+00:00,2.2584873
2025-07-16 09:51:04.970316+00:00,2.2584875
2025-07-16 09:51:15.649690+00:00,2.258487
2025-07-16 09:51:27.611648+00:00,2.258487
2025-07-16 09:51:41.675978+00:00,2.2584876
2025-07-16 09:51:53.472351+00:00,2.2584873
2025-07-16 09:52:05.587916+00:00,2.258487
2025-07-16 09:52:18.064404+00:00,2.2584876
2025-07-16 09:52:29.924084+00:00,2.2584871
2025-07-16 09:52:42.690889+00:00,2.2584875
2025-07-16 09:52:55.297109+00:00,2.2584871
2025-07-16 09:53:08.334210+00:00,2.2584874
2025-07-16 09:53:20.807122+00:00,2.2584866
2025-07-16 09:53:33.665923+00:00,2.2584872
2025-07-16 09:53:46.275246+00:00,2.2584871
2025-07-16 09:54:00.584589+00:00,2.2584877
2025-07-16 09:54:13.517821+00:00,2.2584874
2025-07-16 09:54:23.942104+00:00,2.2584869
2025-07-16 09:54:41.716248+00:00,2.2584874
2025-07-16 09:54:49.588525+00:00,2.2584876
2025-07-16 09:55:02.822381+00:00,2.2584873
2025-07-16 09:55:14.225556+00:00,2.2584876
2025-07-16 09:55:26.821593+00:00,2.258487
2025-07-16 09:55:40.062941+00:00,2.2584875
2025-07-16 09:55:51.569632+00:00,2.2584873
2025-07-16 09:56:04.237664+00:00,2.2584871
2025-07-16 09:56:18.395313+00:00,2.2584875
2025-07-16 09:56:29.658164+00:00,2.2584874
2025-07-16 09:56:41.341533+00:00,2.2584875
2025-07-16 09:56:54.477086+00:00,2.258487
2025-07-16 09:57:28.717969+00:00,2.2584871
2025-07-16 09:57:32.853366+00:00,2.2584869
2025-07-16 09:57:46.370481+00:00,2.2584868
2025-07-16 09:57:58.893644+00:00,2.2584867
2025-07-16 09:58:11.549666+00:00,2.258487
2025-07-16 09:58:24.467341+00:00,2.2584868
2025-07-16 09:58:37.890682+00:00,2.2584872
2025-07-16 09:58:49.701403+00:00,2.2584869
2025-07-16 09:59:02.466445+00:00,2.2584873
2025-07-16 09:59:15.391964+00:00,2.2584867
2025-07-16 09:59:28.167755+00:00,2.2584869
2025-07-16 09:59:40.724359+00:00,2.2584877
2025-07-16 09:59:53.270021+00:00,2.258487
2025-07-16 10:00:06.113700+00:00,2.2584869
2025-07-16 10:00:19.183395+00:00,2.2584869
2025-07-16 10:00:32.338749+00:00,2.2584874
2025-07-16 10:00:44.365488+00:00,2.2584876
2025-07-16 10:00:55.784170+00:00,2.2584867
2025-07-16 10:01:09.125909+00:00,2.2584868
2025-07-16 10:01:21.405197+00:00,2.2584866
2025-07-16 10:01:35.047368+00:00,2.2584867
2025-07-16 10:01:46.913310+00:00,2.2584872
2025-07-16 10:01:59.521223+00:00,2.2584869
2025-07-16 10:02:16.756391+00:00,2.2584871
2025-07-16 10:02:24.496817+00:00,2.2584873
2025-07-16 10:02:37.152722+00:00,2.2584868
2025-07-16 10:02:49.770631+00:00,2.2584872
2025-07-16 10:03:04.243256+00:00,2.2584875
2025-07-16 10:03:14.863344+00:00,2.2584868
2025-07-16 10:03:32.050265+00:00,2.258487
2025-07-16 10:03:41.938983+00:00,2.2584879
2025-07-16 10:03:52.627815+00:00,2.2584873
2025-07-16 10:04:05.232885+00:00,2.2584867
2025-07-16 10:04:17.972699+00:00,2.2584877
2025-07-16 10:04:30.917178+00:00,2.2584876
2025-07-16 10:04:42.878308+00:00,2.2584869
2025-07-16 10:04:56.311769+00:00,2.258487
2025-07-16 10:05:08.574377+00:00,2.2584875
2025-07-16 10:05:21.533009+00:00,2.2584875
2025-07-16 10:05:47.564292+00:00,2.2584874
2025-07-16 10:06:01.534967+00:00,2.2584871
2025-07-16 10:06:12.650974+00:00,2.2584871
2025-07-16 10:06:24.233894+00:00,2.2584871
2025-07-16 10:06:38.752184+00:00,2.2584865
2025-07-16 10:06:50.006942+00:00,2.2584877
2025-07-16 10:07:01.980861+00:00,2.2584876
2025-07-16 10:07:15.671417+00:00,2.258487
2025-07-16 10:07:27.564638+00:00,2.2584867
2025-07-16 10:07:40.342565+00:00,2.258487
2025-07-16 10:07:55.362130+00:00,2.258487
2025-07-16 10:08:10.018311+00:00,2.2584869
2025-07-16 10:08:19.562642+00:00,2.2584872
2025-07-16 10:08:31.678939+00:00,2.258487
2025-07-16 10:08:44.013058+00:00,2.2584872
2025-07-16 10:08:57.180300+00:00,2.2584876
2025-07-16 10:09:09.552649+00:00,2.2584875
2025-07-16 10:09:21.848501+00:00,2.2584877
2025-07-16 10:09:34.608459+00:00,2.2584871
2025-07-16 10:09:49.142429+00:00,2.2584868
2025-07-16 10:10:00.169542+00:00,2.258487
2025-07-16 10:10:13.703500+00:00,2.2584877
2025-07-16 10:10:26.116118+00:00,2.258487
2025-07-16 10:10:38.749468+00:00,2.2584873
2025-07-16 10:10:49.985054+00:00,2.2584871
2025-07-16 10:11:15.461993+00:00,2.2584875
2025-07-16 10:11:31.125154+00:00,2.2584876
2025-07-16 10:11:40.330176+00:00,2.2584866
2025-07-16 10:11:56.259769+00:00,2.2584869
2025-07-16 10:12:06.517154+00:00,2.2584867
2025-07-16 10:12:19.976991+00:00,2.258487
2025-07-16 10:12:32.312072+00:00,2.2584874
2025-07-16 10:12:43.357722+00:00,2.2584871
2025-07-16 10:12:55.757174+00:00,2.2584873
2025-07-16 10:13:08.969731+00:00,2.2584875
2025-07-16 10:13:21.175285+00:00,2.258487
2025-07-16 10:13:34.253673+00:00,2.2584866
2025-07-16 10:13:46.801505+00:00,2.258487
2025-07-16 10:14:00.475522+00:00,2.2584874
2025-07-16 10:14:12.724477+00:00,2.2584874
2025-07-16 10:14:25.016861+00:00,2.258487
2025-07-16 10:14:36.800071+00:00,2.2584869
2025-07-16 10:14:49.426668+00:00,2.2584873
2025-07-16 10:15:05.607185+00:00,2.2584869
2025-07-16 10:15:15.439844+00:00,2.2584867
2025-07-16 10:15:28.002305+00:00,2.2584866
2025-07-16 10:15:40.032936+00:00,2.2584871
2025-07-16 10:15:53.446525+00:00,2.2584873
2025-07-16 10:16:09.322660+00:00,2.2584874
2025-07-16 10:16:18.170589+00:00,2.2584873
2025-07-16 10:16:30.945106+00:00,2.2584876
2025-07-16 10:16:43.470133+00:00,2.2584877
2025-07-16 10:16:56.279575+00:00,2.2584873
2025-07-16 10:17:14.104164+00:00,2.2584878
2025-07-16 10:17:22.260582+00:00,2.2584869
2025-07-16 10:17:37.334116+00:00,2.258487
2025-07-16 10:17:49.088642+00:00,2.2584869
2025-07-16 10:18:01.578244+00:00,2.2584874
2025-07-16 10:18:25.877708+00:00,2.2584874
2025-07-16 10:18:38.066196+00:00,2.2584874
2025-07-16 10:18:50.907247+00:00,2.2584876
2025-07-16 10:19:03.629077+00:00,2.258487
2025-07-16 10:19:16.380790+00:00,2.2584866
2025-07-16 10:19:28.726823+00:00,2.2584868
2025-07-16 10:19:41.233225+00:00,2.2584874
2025-07-16 10:19:53.736919+00:00,2.2584868
2025-07-16 10:20:08.715439+00:00,2.2584867
2025-07-16 10:20:19.366444+00:00,2.2584866
2025-07-16 10:20:31.566689+00:00,2.2584876
2025-07-16 10:20:43.630498+00:00,2.2584875
2025-07-16 10:21:08.716899+00:00,2.2584873
2025-07-16 10:21:20.964676+00:00,2.258487
2025-07-16 10:21:34.674557+00:00,2.2584869
2025-07-16 10:21:46.182325+00:00,2.2584871
2025-07-16 10:21:58.492863+00:00,2.2584876
2025-07-16 10:22:11.457084+00:00,2.2584869
2025-07-16 10:22:24.239578+00:00,2.2584871
2025-07-16 10:22:35.964571+00:00,2.2584872
2025-07-16 10:22:48.960983+00:00,2.2584874
2025-07-16 10:23:01.762590+00:00,2.2584875
2025-07-16 10:23:14.150467+00:00,2.2584869
2025-07-16 10:23:26.697687+00:00,2.2584869
2025-07-16 10:23:40.862432+00:00,2.2584869
2025-07-16 10:23:52.521600+00:00,2.2584869
2025-07-16 10:24:05.736394+00:00,2.258487
2025-07-16 10:24:20.810698+00:00,2.2584869
2025-07-16 10:24:29.845021+00:00,2.2584876
2025-07-16 10:24:42.200971+00:00,2.2584874
2025-07-16 10:24:55.773008+00:00,2.2584877
2025-07-16 10:25:08.925947+00:00,2.2584873
2025-07-16 10:25:20.227545+00:00,2.2584867
2025-07-16 10:25:32.842786+00:00,2.2584863
2025-07-16 10:25:46.004279+00:00,2.258487
2025-07-16 10:25:58.077719+00:00,2.2584873
2025-07-16 10:26:23.043153+00:00,2.2584876
2025-07-16 10:26:36.593111+00:00,2.2584873
2025-07-16 10:26:48.801523+00:00,2.2584869
2025-07-16 10:27:01.102416+00:00,2.2584875
2025-07-16 10:27:14.109031+00:00,2.2584868
2025-07-16 10:27:26.798561+00:00,2.2584877
2025-07-16 10:27:39.516556+00:00,2.2584875
2025-07-16 10:27:52.298814+00:00,2.258487
2025-07-16 10:28:05.857376+00:00,2.2584874
2025-07-16 10:28:18.579270+00:00,2.2584866
2025-07-16 10:28:31.088639+00:00,2.2584872
2025-07-16 10:28:43.739040+00:00,2.2584875
2025-07-16 10:28:59.091973+00:00,2.2584867
2025-07-16 10:29:09.388473+00:00,2.2584871
2025-07-16 10:29:21.906066+00:00,2.2584874
2025-07-16 10:29:34.456763+00:00,2.2584873
2025-07-16 10:29:47.497863+00:00,2.258487
2025-07-16 10:29:59.704059+00:00,2.2584877
2025-07-16 10:30:14.910773+00:00,2.2584872
2025-07-16 10:30:25.018619+00:00,2.2584861
2025-07-16 10:30:37.910784+00:00,2.2584871
2025-07-16 10:30:50.435624+00:00,2.2584871
2025-07-16 10:31:14.962413+00:00,2.2584873
2025-07-16 10:31:39.947542+00:00,2.2584875
2025-07-16 10:32:29.641502+00:00,2.2584873
2025-07-16 10:32:46.908650+00:00,2.2584872
2025-07-16 10:33:20.160865+00:00,2.2584867
2025-07-16 10:33:45.262406+00:00,2.2584868
2025-07-16 10:33:58.130494+00:00,2.2584873
2025-07-16 10:34:11.063348+00:00,2.2584868
2025-07-16 10:34:23.657170+00:00,2.258487
2025-07-16 10:34:48.459185+00:00,2.2584868
2025-07-16 10:35:01.322839+00:00,2.258487
2025-07-16 10:35:28.002555+00:00,2.2584874
2025-07-16 10:35:39.943665+00:00,2.2584859
2025-07-16 10:35:51.863007+00:00,2.2584869
2025-07-16 10:36:17.076253+00:00,2.2584877
2025-07-16 10:37:19.915705+00:00,2.2584876
2025-07-16 10:37:33.679469+00:00,2.2584877
2025-07-16 10:37:59.934179+00:00,2.2584863
2025-07-16 10:38:24.125157+00:00,2.258487
2025-07-16 10:38:50.060449+00:00,2.258487
2025-07-16 10:39:02.952808+00:00,2.2584872
2025-07-16 10:39:28.261101+00:00,2.258486
2025-07-16 10:42:50.288847+00:00,2.2584869
2025-07-16 14:07:24.121637+00:00,2.2584877
2025-07-16 14:07:36.659682+00:00,2.258488
2025-07-16 14:07:49.625728+00:00,2.2584877
2025-07-16 14:08:00.959574+00:00,2.2584882
2025-07-16 14:08:14.034515+00:00,2.2584874
2025-07-16 14:08:27.787282+00:00,2.2584875
2025-07-16 14:08:38.672470+00:00,2.2584877
2025-07-16 14:08:51.379501+00:00,2.2584874
2025-07-16 14:09:04.550580+00:00,2.2584881
2025-07-16 14:09:17.032084+00:00,2.2584877
2025-07-16 14:09:29.605962+00:00,2.2584879
2025-07-16 14:09:42.685663+00:00,2.2584882
2025-07-16 14:09:54.890179+00:00,2.2584878
2025-07-16 14:10:10.323254+00:00,2.2584874
2025-07-16 14:10:20.507209+00:00,2.2584884
2025-07-16 14:10:34.666042+00:00,2.2584878
2025-07-16 14:10:45.624498+00:00,2.2584876
2025-07-16 14:10:58.036225+00:00,2.2584878
2025-07-16 14:11:16.971152+00:00,2.2584877
2025-07-16 14:11:23.082518+00:00,2.2584877
2025-07-16 14:11:35.662050+00:00,2.2584878
2025-07-16 14:11:48.444192+00:00,2.258488
2025-07-16 14:12:02.583336+00:00,2.2584883
2025-07-16 14:12:13.623548+00:00,2.2584881
2025-07-16 14:12:25.325172+00:00,2.2584875
2025-07-16 14:12:38.223807+00:00,2.2584875
2025-07-16 14:12:50.529467+00:00,2.2584874
2025-07-16 14:13:03.428262+00:00,2.258488
2025-07-16 14:13:17.061534+00:00,2.2584879
2025-07-16 14:13:28.878789+00:00,2.2584873
2025-07-16 14:13:41.133845+00:00,2.2584879
2025-07-16 14:13:55.633429+00:00,2.2584875
2025-07-16 14:14:07.159228+00:00,2.258488
2025-07-16 14:14:19.436732+00:00,2.2584878
2025-07-16 14:14:39.491285+00:00,2.2584877
2025-07-16 14:14:43.600015+00:00,2.2584878
2025-07-16 14:14:55.985536+00:00,2.2584882
2025-07-16 14:15:15.450667+00:00,2.2584877
2025-07-16 14:15:20.998735+00:00,2.2584874
2025-07-16 14:15:33.530518+00:00,2.2584874
2025-07-16 14:15:46.540247+00:00,2.2584878
2025-07-16 14:15:58.191398+00:00,2.2584884
2025-07-16 14:16:11.147775+00:00,2.2584879
2025-07-16 14:16:23.137370+00:00,2.2584877
2025-07-16 14:16:36.168111+00:00,2.2584879
2025-07-16 14:16:48.913466+00:00,2.2584881
2025-07-16 14:17:01.527615+00:00,2.2584879
2025-07-16 14:17:14.209668+00:00,2.2584872
2025-07-16 14:17:26.915811+00:00,2.2584879
2025-07-16 14:17:39.452052+00:00,2.2584874
2025-07-16 14:17:52.216427+00:00,2.2584872
2025-07-16 14:18:06.163153+00:00,2.2584873
2025-07-16 14:18:18.753084+00:00,2.2584872
2025-07-16 14:18:30.427595+00:00,2.2584873
2025-07-16 14:18:42.794590+00:00,2.2584877
2025-07-16 14:18:55.670765+00:00,2.2584876
2025-07-16 14:19:12.334784+00:00,2.2584879
2025-07-16 14:19:21.260866+00:00,2.2584876
2025-07-16 14:19:34.113056+00:00,2.2584877
2025-07-16 14:19:47.822641+00:00,2.2584875
2025-07-16 14:19:59.922511+00:00,2.2584875
2025-07-16 14:20:11.999253+00:00,2.2584873
2025-07-16 14:20:27.243217+00:00,2.2584874
2025-07-16 14:20:37.633885+00:00,2.2584882
2025-07-16 14:20:49.966933+00:00,2.2584878
2025-07-16 14:21:02.024142+00:00,2.2584875
2025-07-16 14:21:14.160327+00:00,2.258488
2025-07-16 14:21:27.010050+00:00,2.2584875
2025-07-16 14:21:39.108094+00:00,2.2584873
2025-07-16 14:21:51.812249+00:00,2.2584879
2025-07-16 14:22:04.855046+00:00,2.2584875
2025-07-16 14:22:19.781475+00:00,2.258488
2025-07-16 14:22:29.684039+00:00,2.2584875
2025-07-16 14:22:42.149958+00:00,2.2584882
2025-07-16 14:22:55.093427+00:00,2.2584871
2025-07-16 14:23:07.910771+00:00,2.2584874
2025-07-16 14:23:20.031277+00:00,2.2584878
2025-07-16 14:23:34.476523+00:00,2.2584877
2025-07-16 14:23:44.912746+00:00,2.2584878
2025-07-16 14:23:59.594000+00:00,2.2584882
2025-07-16 14:24:10.203555+00:00,2.2584878
2025-07-16 14:24:22.404657+00:00,2.258488
2025-07-16 14:24:35.872866+00:00,2.2584876
2025-07-16 14:24:48.542760+00:00,2.258488
2025-07-16 14:25:00.561580+00:00,2.2584878
2025-07-16 14:25:13.934236+00:00,2.2584882
2025-07-16 14:25:28.792833+00:00,2.258488
2025-07-16 14:25:39.142019+00:00,2.2584876
2025-07-16 14:25:50.156140+00:00,2.2584877
2025-07-16 14:26:02.696938+00:00,2.2584881
2025-07-16 14:26:15.357060+00:00,2.2584883
2025-07-16 14:26:28.647673+00:00,2.2584881
2025-07-16 14:26:42.702795+00:00,2.258488
2025-07-16 14:26:54.104552+00:00,2.2584874
2025-07-16 14:27:07.047593+00:00,2.2584883
2025-07-16 14:27:19.208300+00:00,2.2584882
2025-07-16 14:27:32.143434+00:00,2.2584876
2025-07-16 14:27:46.025120+00:00,2.258488
2025-07-16 14:27:58.081903+00:00,2.2584879
2025-07-16 14:28:13.134455+00:00,2.2584878
2025-07-16 14:28:22.841730+00:00,2.2584874
2025-07-16 14:28:35.695156+00:00,2.2584878
2025-07-16 14:28:49.444540+00:00,2.2584882
2025-07-16 14:29:01.750362+00:00,2.2584881
2025-07-16 14:29:14.202819+00:00,2.2584877
2025-07-16 14:29:26.170203+00:00,2.2584878
2025-07-16 14:29:40.609183+00:00,2.2584876
2025-07-16 14:29:51.657914+00:00,2.2584879
2025-07-16 14:30:04.759021+00:00,2.2584872
2025-07-16 14:30:17.043560+00:00,2.2584875
2025-07-16 14:30:29.350076+00:00,2.2584875
2025-07-16 14:30:41.899446+00:00,2.2584874
2025-07-16 14:30:53.860851+00:00,2.258488
2025-07-16 14:31:07.260272+00:00,2.2584882
2025-07-16 14:31:19.433522+00:00,2.2584883
2025-07-16 14:31:31.540492+00:00,2.2584878
2025-07-16 14:31:43.705979+00:00,2.2584881
2025-07-16 14:31:56.436851+00:00,2.2584877
2025-07-16 14:32:10.046881+00:00,2.2584873
2025-07-16 14:32:21.871472+00:00,2.2584881
2025-07-16 14:32:36.045786+00:00,2.258488
2025-07-16 14:32:46.954872+00:00,2.2584878
2025-07-16 14:32:59.309299+00:00,2.2584872
2025-07-16 14:33:13.942380+00:00,2.2584882
2025-07-16 14:33:24.936778+00:00,2.2584879
2025-07-16 14:33:36.119499+00:00,2.2584882
2025-07-16 14:33:49.848180+00:00,2.2584873
2025-07-16 14:34:03.426644+00:00,2.2584875
2025-07-16 14:34:13.658495+00:00,2.2584876
2025-07-16 14:34:25.733863+00:00,2.2584879
2025-07-16 14:34:38.332482+00:00,2.2584884
2025-07-16 14:34:50.917017+00:00,2.2584882
2025-07-16 14:35:03.931175+00:00,2.2584883
2025-07-16 14:35:16.502743+00:00,2.2584873
2025-07-16 14:35:28.863078+00:00,2.2584873
2025-07-16 14:35:43.201319+00:00,2.2584882
2025-07-16 14:35:55.284385+00:00,2.2584878
2025-07-16 14:36:07.644662+00:00,2.2584879
2025-07-16 14:36:19.908067+00:00,2.258488
2025-07-16 14:36:33.449484+00:00,2.2584878
2025-07-16 14:36:45.663769+00:00,2.2584883
2025-07-16 14:36:59.672433+00:00,2.2584878
2025-07-16 14:37:11.456999+00:00,2.2584879
2025-07-16 14:37:23.577094+00:00,2.2584874
2025-07-16 14:37:36.296909+00:00,2.2584877
2025-07-16 14:37:49.274039+00:00,2.2584878
2025-07-16 14:38:02.927351+00:00,2.2584877
2025-07-16 14:38:14.330713+00:00,2.2584877
2025-07-16 14:38:26.814975+00:00,2.2584876
2025-07-16 14:38:39.591143+00:00,2.2584875
2025-07-16 14:38:51.997453+00:00,2.2584873
2025-07-16 14:39:08.470039+00:00,2.2584873
2025-07-16 14:39:20.953729+00:00,2.2584879
2025-07-16 14:39:29.820286+00:00,2.2584879
2025-07-16 14:39:43.667382+00:00,2.2584877
2025-07-16 14:39:54.361915+00:00,2.258488
2025-07-16 14:40:07.660449+00:00,2.2584881
2025-07-16 14:40:20.094380+00:00,2.2584877
2025-07-16 14:40:33.993515+00:00,2.2584878
2025-07-16 14:40:45.692323+00:00,2.2584878
2025-07-16 14:40:57.788107+00:00,2.2584878
2025-07-16 14:41:10.315015+00:00,2.2584876
2025-07-16 14:41:36.627764+00:00,2.2584873
2025-07-16 14:41:48.535148+00:00,2.2584878
2025-07-16 14:41:59.871303+00:00,2.2584881
2025-07-16 14:42:12.787475+00:00,2.2584874
2025-07-16 14:42:24.806355+00:00,2.2584872
2025-07-16 14:42:37.318934+00:00,2.2584876
2025-07-16 14:42:49.857742+00:00,2.2584873
2025-07-16 14:43:02.953183+00:00,2.2584878
2025-07-16 14:43:14.773229+00:00,2.258488
2025-07-16 14:43:27.286666+00:00,2.2584878
2025-07-16 14:43:40.565506+00:00,2.258488
2025-07-16 14:43:52.395017+00:00,2.2584877
2025-07-16 14:44:05.286149+00:00,2.2584873
2025-07-16 14:44:19.006584+00:00,2.2584882
2025-07-16 14:44:30.837425+00:00,2.2584879
2025-07-16 14:44:43.650104+00:00,2.2584876
2025-07-16 14:44:56.141735+00:00,2.2584872
2025-07-16 14:45:09.846011+00:00,2.2584877
2025-07-16 14:45:21.754258+00:00,2.2584881
2025-07-16 14:45:34.662633+00:00,2.2584876
2025-07-16 14:45:49.083222+00:00,2.2584878
2025-07-16 14:46:02.126737+00:00,2.258488
2025-07-16 14:46:12.901493+00:00,2.2584876
2025-07-16 14:46:24.799596+00:00,2.2584881
2025-07-16 14:46:37.832315+00:00,2.258487
2025-07-16 14:46:58.202692+00:00,2.2584878
2025-07-16 14:47:03.443495+00:00,2.2584875
2025-07-16 14:47:15.847142+00:00,2.2584877
2025-07-16 14:47:28.899864+00:00,2.2584874
2025-07-16 14:47:41.472583+00:00,2.2584876
2025-07-16 14:47:53.898689+00:00,2.2584879
2025-07-16 14:48:05.931244+00:00,2.2584879
2025-07-16 14:48:20.140073+00:00,2.2584882
2025-07-16 14:48:30.716254+00:00,2.2584875
2025-07-16 14:48:42.794132+00:00,2.2584875
2025-07-16 14:48:55.471901+00:00,2.2584878
2025-07-16 14:49:08.333437+00:00,2.258488
2025-07-16 14:49:20.232830+00:00,2.2584881
2025-07-16 14:49:32.933136+00:00,2.2584882
2025-07-16 14:49:50.907499+00:00,2.258488
2025-07-16 14:49:58.139835+00:00,2.2584881
2025-07-16 14:50:11.020557+00:00,2.2584879
2025-07-16 14:50:23.561291+00:00,2.2584875
2025-07-16 14:50:40.190118+00:00,2.2584882
2025-07-16 14:50:52.447002+00:00,2.2584877
2025-07-16 14:51:01.049470+00:00,2.2584875
2025-07-16 14:51:14.860717+00:00,2.2584878
2025-07-16 14:51:28.558598+00:00,2.2584878
2025-07-16 14:51:38.173744+00:00,2.2584883
2025-07-16 14:51:50.636356+00:00,2.2584878
2025-07-16 14:52:03.651549+00:00,2.2584879
2025-07-16 14:52:16.725591+00:00,2.2584877
2025-07-16 14:52:33.756066+00:00,2.2584878
2025-07-16 14:52:40.736716+00:00,2.2584877
2025-07-16 14:52:52.840397+00:00,2.2584878
2025-07-16 14:53:05.874286+00:00,2.2584882
2025-07-16 14:53:18.483744+00:00,2.2584874
2025-07-16 14:53:30.581829+00:00,2.2584876
2025-07-16 14:53:43.354632+00:00,2.2584873
2025-07-16 14:54:00.222760+00:00,2.2584879
2025-07-16 14:54:09.389323+00:00,2.2584874
2025-07-16 14:54:21.877460+00:00,2.2584879
2025-07-16 14:54:34.692183+00:00,2.258488
2025-07-16 14:54:47.247734+00:00,2.2584879
2025-07-16 14:54:59.746621+00:00,2.2584881
2025-07-16 14:55:13.053685+00:00,2.2584877
2025-07-16 14:55:25.582281+00:00,2.2584877
2025-07-16 14:55:37.978998+00:00,2.258488
2025-07-16 14:55:50.315928+00:00,2.2584881
2025-07-16 14:56:04.636428+00:00,2.258488
2025-07-16 14:56:16.333689+00:00,2.2584871
2025-07-16 14:56:28.217664+00:00,2.2584878
2025-07-16 14:56:42.762309+00:00,2.2584877
2025-07-16 14:56:53.876408+00:00,2.2584878
2025-07-16 14:57:10.062819+00:00,2.258488
2025-07-16 14:57:19.284327+00:00,2.2584874
2025-07-16 14:57:36.872480+00:00,2.2584873
2025-07-16 14:57:45.901547+00:00,2.2584872
2025-07-16 14:57:57.014926+00:00,2.258488
2025-07-16 14:58:08.766775+00:00,2.2584876
2025-07-16 14:58:21.257050+00:00,2.2584873
2025-07-16 14:58:34.008920+00:00,2.258488
2025-07-16 14:58:46.270707+00:00,2.2584878
2025-07-16 14:58:58.170983+00:00,2.2584875
2025-07-16 14:59:10.964912+00:00,2.2584874
2025-07-16 14:59:24.358702+00:00,2.2584878
2025-07-16 14:59:35.869723+00:00,2.2584881
2025-07-16 14:59:48.455036+00:00,2.2584879
2025-07-16 15:00:00.897525+00:00,2.2584879
2025-07-16 15:00:13.747074+00:00,2.2584882
2025-07-16 15:00:26.591456+00:00,2.2584878
2025-07-16 15:00:38.813035+00:00,2.2584871
2025-07-16 15:00:51.581706+00:00,2.2584877
2025-07-16 15:01:04.454030+00:00,2.2584874
2025-07-16 15:01:16.927544+00:00,2.2584882
2025-07-16 15:01:29.471356+00:00,2.2584872
2025-07-16 15:01:41.160402+00:00,2.2584881
2025-07-16 15:01:53.802142+00:00,2.2584878
2025-07-16 15:02:12.111358+00:00,2.2584877
2025-07-16 15:02:19.299916+00:00,2.2584877
2025-07-16 15:02:36.651339+00:00,2.2584878
2025-07-16 15:02:44.354035+00:00,2.2584879
2025-07-16 15:02:56.522546+00:00,2.2584875
2025-07-16 15:03:14.701761+00:00,2.2584877
2025-07-16 15:03:21.662201+00:00,2.2584883
2025-07-16 15:03:34.607929+00:00,2.2584882
2025-07-16 15:03:47.441099+00:00,2.2584879
2025-07-16 15:03:59.724216+00:00,2.2584871
2025-07-16 15:04:26.936000+00:00,2.258488
2025-07-16 15:04:39.364579+00:00,2.2584881
2025-07-16 15:04:51.250643+00:00,2.2584869
2025-07-16 15:05:05.139912+00:00,2.2584876
2025-07-16 15:05:29.555188+00:00,2.2584874
2025-07-16 15:05:44.977320+00:00,2.2584876
2025-07-16 15:05:56.220917+00:00,2.2584877
2025-07-16 15:06:10.728156+00:00,2.2584883
2025-07-16 15:06:22.140101+00:00,2.2584876
2025-07-16 15:06:32.637926+00:00,2.2584875
2025-07-16 15:06:46.359665+00:00,2.2584872
2025-07-16 15:06:57.763153+00:00,2.2584878
2025-07-16 15:07:10.340088+00:00,2.2584878
2025-07-16 15:07:23.506173+00:00,2.2584879
2025-07-16 15:07:35.540816+00:00,2.2584875
2025-07-16 15:07:51.280442+00:00,2.2584879
2025-07-16 15:08:00.767548+00:00,2.2584874
2025-07-16 15:08:14.112773+00:00,2.2584875
2025-07-16 15:08:25.448085+00:00,2.2584875
2025-07-16 15:08:38.129540+00:00,2.258488
2025-07-16 15:08:52.676572+00:00,2.2584881
2025-07-16 15:09:03.444923+00:00,2.2584879
2025-07-16 15:09:16.163633+00:00,2.2584883
2025-07-16 15:09:29.455315+00:00,2.258488
2025-07-16 15:09:41.568088+00:00,2.2584876
2025-07-16 15:09:54.869132+00:00,2.2584879
2025-07-16 15:10:08.591563+00:00,2.2584881
2025-07-16 15:10:19.297245+00:00,2.2584874
2025-07-16 15:10:31.703780+00:00,2.2584876
2025-07-16 15:10:47.976348+00:00,2.2584872
2025-07-16 15:10:57.869122+00:00,2.2584876
2025-07-16 15:11:18.322946+00:00,2.2584879
2025-07-16 15:11:21.580649+00:00,2.2584874
2025-07-16 15:11:35.421762+00:00,2.2584878
2025-07-16 15:11:47.880146+00:00,2.2584879
2025-07-16 15:12:00.835234+00:00,2.2584875
2025-07-16 15:12:12.656544+00:00,2.2584872
2025-07-16 15:12:25.643235+00:00,2.2584873
2025-07-16 15:12:37.981536+00:00,2.2584877
2025-07-16 15:12:50.065489+00:00,2.2584881
2025-07-16 15:13:09.235768+00:00,2.2584878
2025-07-16 15:13:16.325345+00:00,2.2584876
2025-07-16 15:13:29.146560+00:00,2.2584881
2025-07-16 15:13:41.996854+00:00,2.2584872
2025-07-16 15:13:54.218433+00:00,2.2584873
2025-07-16 15:14:07.644647+00:00,2.258488
2025-07-16 15:14:19.565388+00:00,2.2584874
2025-07-16 15:14:33.406385+00:00,2.2584881
2025-07-16 15:14:44.453704+00:00,2.2584878
2025-07-16 15:14:57.109475+00:00,2.2584875
2025-07-16 15:15:10.631741+00:00,2.2584879
2025-07-16 15:15:22.481278+00:00,2.2584872
2025-07-16 15:15:35.198869+00:00,2.2584879
2025-07-16 15:15:47.808363+00:00,2.2584876
2025-07-16 15:16:01.446361+00:00,2.2584874
2025-07-16 15:16:13.312895+00:00,2.2584874
2025-07-16 15:16:26.826165+00:00,2.2584876
2025-07-16 15:16:37.719740+00:00,2.2584875
2025-07-16 15:16:49.832111+00:00,2.2584879
2025-07-16 15:17:04.429407+00:00,2.2584871
2025-07-16 15:17:18.867992+00:00,2.2584878
2025-07-16 15:17:27.423784+00:00,2.2584881
2025-07-16 15:17:39.801957+00:00,2.2584881
2025-07-16 15:17:54.215896+00:00,2.2584877
2025-07-16 15:18:06.327092+00:00,2.2584874
2025-07-16 15:18:18.635779+00:00,2.2584881
2025-07-16 15:18:30.461064+00:00,2.2584875
2025-07-16 15:18:46.894181+00:00,2.2584877
2025-07-16 15:18:55.003920+00:00,2.2584877
2025-07-16 15:19:08.665228+00:00,2.2584876
2025-07-16 15:19:20.944276+00:00,2.2584881
2025-07-16 15:19:33.033662+00:00,2.2584879
2025-07-16 15:19:46.108249+00:00,2.2584876
2025-07-16 15:19:58.119565+00:00,2.2584873
2025-07-16 15:20:11.407270+00:00,2.2584883
2025-07-16 15:20:23.974444+00:00,2.258488
2025-07-16 15:20:37.552065+00:00,2.2584876
2025-07-16 15:20:48.666850+00:00,2.2584883
2025-07-16 15:21:03.230481+00:00,2.2584878
2025-07-16 15:21:13.575838+00:00,2.2584878
2025-07-16 15:21:26.429116+00:00,2.2584877
2025-07-16 15:21:39.140748+00:00,2.258488
2025-07-16 15:21:51.580198+00:00,2.2584881
2025-07-16 15:22:04.198193+00:00,2.2584875
2025-07-16 15:22:16.101233+00:00,2.258488
2025-07-16 15:22:29.860898+00:00,2.2584875
2025-07-16 15:22:41.065687+00:00,2.2584882
2025-07-16 15:22:53.637162+00:00,2.2584884
2025-07-16 15:23:06.528849+00:00,2.2584881
2025-07-16 15:23:18.661644+00:00,2.2584881
2025-07-16 15:23:34.681389+00:00,2.2584876
2025-07-16 15:23:43.746968+00:00,2.2584881
2025-07-16 15:23:55.888807+00:00,2.2584876
2025-07-16 15:24:08.610980+00:00,2.2584877
2025-07-16 15:24:19.905375+00:00,2.258488
2025-07-16 15:24:35.738033+00:00,2.2584877
2025-07-16 15:24:44.655198+00:00,2.2584879
2025-07-16 15:24:57.462067+00:00,2.2584878
2025-07-16 15:25:10.826094+00:00,2.2584883
2025-07-16 15:25:22.845810+00:00,2.2584878
2025-07-16 15:25:36.232677+00:00,2.2584882
2025-07-16 15:25:48.922479+00:00,2.2584873
2025-07-16 15:26:01.346143+00:00,2.2584881
2025-07-16 15:26:13.774363+00:00,2.2584879
2025-07-16 15:26:29.572099+00:00,2.2584875
2025-07-16 15:26:39.303031+00:00,2.2584874
2025-07-16 15:26:52.131781+00:00,2.2584876
2025-07-16 15:27:04.580327+00:00,2.2584873
2025-07-16 15:27:17.388057+00:00,2.2584882
2025-07-16 15:27:29.630389+00:00,2.2584883
2025-07-16 15:27:42.485561+00:00,2.2584882
2025-07-16 15:27:54.775367+00:00,2.2584881
2025-07-16 15:28:11.278775+00:00,2.2584879
2025-07-16 15:28:20.417150+00:00,2.2584881
2025-07-16 15:28:33.164960+00:00,2.2584876
2025-07-16 15:28:46.075306+00:00,2.2584874
2025-07-16 15:28:57.263929+00:00,2.2584876
2025-07-16 15:29:10.186667+00:00,2.2584876
2025-07-16 15:29:23.122540+00:00,2.2584876
2025-07-16 15:29:35.183589+00:00,2.2584881
2025-07-16 15:29:48.381650+00:00,2.258488
2025-07-16 15:30:01.574039+00:00,2.2584879
2025-07-16 15:30:13.434035+00:00,2.2584873
2025-07-16 15:30:26.117202+00:00,2.2584876
2025-07-16 15:30:39.704256+00:00,2.2584879
2025-07-16 15:30:52.417510+00:00,2.2584871
2025-07-16 15:31:04.314658+00:00,2.2584878
2025-07-16 15:31:16.706710+00:00,2.258488
2025-07-16 15:31:28.863511+00:00,2.2584874
2025-07-16 15:31:41.244103+00:00,2.2584874
2025-07-16 15:31:54.118902+00:00,2.2584875
2025-07-16 15:32:06.243857+00:00,2.2584876
2025-07-16 15:32:18.888809+00:00,2.2584882
2025-07-16 15:32:33.495401+00:00,2.2584873
2025-07-16 15:32:43.036981+00:00,2.2584875
2025-07-16 15:32:56.207921+00:00,2.2584876
2025-07-16 15:33:08.746565+00:00,2.2584879
2025-07-16 15:33:20.873847+00:00,2.258488
2025-07-16 15:33:33.967300+00:00,2.2584878
2025-07-16 15:33:46.714715+00:00,2.2584879
2025-07-16 15:33:59.210418+00:00,2.2584871
2025-07-16 15:34:12.053284+00:00,2.2584875
2025-07-16 15:34:24.304986+00:00,2.2584874
2025-07-16 15:34:37.069148+00:00,2.2584873
2025-07-16 15:34:50.026240+00:00,2.2584874
2025-07-16 15:35:03.338033+00:00,2.2584882
2025-07-16 15:35:31.142947+00:00,2.2584881
2025-07-16 15:35:40.759321+00:00,2.2584873
2025-07-16 15:35:54.417862+00:00,2.2584877
2025-07-16 15:36:10.742041+00:00,2.2584884
2025-07-16 15:36:19.205142+00:00,2.2584874
2025-07-16 15:36:31.603456+00:00,2.2584876
2025-07-16 15:46:40.731123+00:00,2.258488
2025-07-16 15:46:48.875717+00:00,2.2584873
2025-07-16 18:40:38.392017+00:00,2.258488
2025-07-16 18:40:42.922300+00:00,2.2584876
2025-07-16 18:41:04.976327+00:00,2.2584874
2025-07-16 18:41:18.926981+00:00,2.2584877
2025-07-16 18:41:30.158057+00:00,2.258487
2025-07-16 18:41:43.641109+00:00,2.2584865
2025-07-16 18:41:55.208105+00:00,2.2584873
2025-07-16 18:42:08.204764+00:00,2.2584871
2025-07-16 18:42:20.906829+00:00,2.2584871
2025-07-16 18:42:33.747271+00:00,2.2584872
2025-07-16 18:42:46.352910+00:00,2.2584869
2025-07-16 18:42:59.039203+00:00,2.2584867
2025-07-16 18:43:19.722071+00:00,2.2584872
2025-07-16 18:43:25.700741+00:00,2.2584875
2025-07-16 18:43:37.246936+00:00,2.2584872
2025-07-16 18:43:49.880526+00:00,2.2584865
2025-07-16 18:44:02.745892+00:00,2.2584867
2025-07-16 18:44:16.203303+00:00,2.2584866
2025-07-16 18:44:28.079407+00:00,2.2584874
2025-07-16 18:44:45.012767+00:00,2.2584872
2025-07-16 18:44:53.351208+00:00,2.2584874
2025-07-16 18:45:06.252237+00:00,2.2584876
2025-07-16 18:45:18.137542+00:00,2.2584872
2025-07-16 18:45:31.138901+00:00,2.2584877
2025-07-16 18:45:42.843341+00:00,2.2584869
2025-07-16 18:45:55.517301+00:00,2.2584872
2025-07-16 18:46:08.468201+00:00,2.258487
2025-07-16 18:46:20.501779+00:00,2.2584874
2025-07-16 18:46:33.610299+00:00,2.2584871
2025-07-16 18:46:45.565817+00:00,2.2584875
2025-07-16 18:47:00.959443+00:00,2.258487
2025-07-16 18:47:11.264343+00:00,2.2584874
2025-07-16 18:47:23.392268+00:00,2.2584877
2025-07-16 18:47:36.001280+00:00,2.2584872
2025-07-16 18:47:48.364257+00:00,2.2584876
2025-07-16 18:48:01.631705+00:00,2.2584874
2025-07-16 18:48:13.107122+00:00,2.2584871
2025-07-16 18:48:25.600894+00:00,2.2584877
2025-07-16 18:48:38.105883+00:00,2.2584871
2025-07-16 18:48:50.839361+00:00,2.2584871
2025-07-16 18:49:04.841543+00:00,2.258487
2025-07-16 18:49:15.472299+00:00,2.258487
2025-07-16 18:49:27.991041+00:00,2.258487
2025-07-16 18:49:40.630226+00:00,2.2584871
2025-07-16 18:49:54.513981+00:00,2.2584867
2025-07-16 18:50:06.817025+00:00,2.2584873
2025-07-16 18:50:20.423344+00:00,2.2584867
2025-07-16 18:50:31.220355+00:00,2.2584871
2025-07-16 18:50:43.346840+00:00,2.2584868
2025-07-16 18:50:55.931398+00:00,2.2584873
2025-07-16 18:51:08.937166+00:00,2.2584864
2025-07-16 18:51:21.861625+00:00,2.258487
2025-07-16 18:51:34.786691+00:00,2.2584875
2025-07-16 18:51:48.430934+00:00,2.2584875
2025-07-16 18:51:59.524961+00:00,2.2584871
2025-07-16 18:52:12.236122+00:00,2.2584874
2025-07-16 18:52:25.235215+00:00,2.2584872
2025-07-16 18:52:37.578822+00:00,2.2584874
2025-07-16 18:52:51.338218+00:00,2.2584869
2025-07-16 18:53:03.017575+00:00,2.2584867
2025-07-16 18:53:17.149446+00:00,2.2584871
2025-07-16 18:53:28.169555+00:00,2.2584868
2025-07-16 18:53:40.258253+00:00,2.2584872
2025-07-16 18:53:53.634205+00:00,2.2584868
2025-07-16 18:54:06.807860+00:00,2.2584873
2025-07-16 18:54:18.988264+00:00,2.2584869
2025-07-16 18:54:29.674566+00:00,2.2584867
2025-07-16 18:54:42.157000+00:00,2.258487
2025-07-16 18:54:56.998473+00:00,2.2584873
2025-07-16 18:55:06.905246+00:00,2.2584865
2025-07-16 18:55:20.312886+00:00,2.2584871
2025-07-16 18:55:33.237075+00:00,2.2584874
2025-07-16 18:55:44.103907+00:00,2.2584876
2025-07-16 18:55:56.994118+00:00,2.2584875
2025-07-16 18:56:09.528963+00:00,2.2584874
2025-07-16 18:56:21.746658+00:00,2.2584874
2025-07-16 18:56:35.697176+00:00,2.2584871
2025-07-16 18:56:47.163122+00:00,2.258487
2025-07-16 18:57:00.099017+00:00,2.2584866
2025-07-16 18:57:12.035450+00:00,2.2584868
2025-07-16 18:57:24.653480+00:00,2.2584869
2025-07-16 18:57:36.295766+00:00,2.2584867
2025-07-16 18:57:48.705850+00:00,2.2584875
2025-07-16 18:58:02.136456+00:00,2.2584871
2025-07-16 18:58:13.637241+00:00,2.258487
2025-07-16 18:58:26.267907+00:00,2.2584867
2025-07-16 18:58:38.785372+00:00,2.2584872
2025-07-16 18:58:53.342044+00:00,2.2584875
2025-07-16 18:59:04.557295+00:00,2.2584869
2025-07-16 18:59:16.905527+00:00,2.2584866
2025-07-16 18:59:31.093632+00:00,2.2584869
2025-07-16 18:59:41.635876+00:00,2.2584875
2025-07-16 18:59:58.641442+00:00,2.2584872
2025-07-16 19:00:07.418823+00:00,2.2584872
2025-07-16 19:00:19.240597+00:00,2.2584869
2025-07-16 19:00:32.468060+00:00,2.2584877
2025-07-16 19:00:44.797465+00:00,2.258487
2025-07-16 19:00:57.358637+00:00,2.2584877
2025-07-16 19:01:13.727967+00:00,2.2584869
2025-07-16 19:01:22.723709+00:00,2.2584868
2025-07-16 19:01:48.371424+00:00,2.2584869
2025-07-16 19:01:59.564016+00:00,2.2584874
2025-07-16 19:02:12.595337+00:00,2.2584874
2025-07-16 19:02:24.595349+00:00,2.258487
2025-07-16 19:02:37.218010+00:00,2.2584869
2025-07-16 19:02:49.362910+00:00,2.2584875
2025-07-16 19:03:02.526147+00:00,2.2584868
2025-07-16 19:03:15.135809+00:00,2.2584868
2025-07-16 19:03:27.612592+00:00,2.2584868
2025-07-16 19:03:39.619968+00:00,2.2584868
2025-07-16 19:03:52.551309+00:00,2.2584871
2025-07-16 19:04:05.374840+00:00,2.2584876
2025-07-16 19:04:17.955841+00:00,2.2584873
2025-07-16 19:04:29.742903+00:00,2.2584874
2025-07-16 19:04:42.824114+00:00,2.2584875
2025-07-16 19:04:58.069649+00:00,2.2584875
2025-07-16 19:05:08.074078+00:00,2.2584871
2025-07-16 19:05:19.239745+00:00,2.2584872
2025-07-16 19:05:33.382414+00:00,2.2584868
2025-07-16 19:05:44.320046+00:00,2.258487
2025-07-16 19:05:56.719232+00:00,2.2584874
2025-07-16 19:06:11.591984+00:00,2.2584866
2025-07-16 19:06:21.075106+00:00,2.2584869
2025-07-16 19:06:33.925504+00:00,2.2584869
2025-07-16 19:06:46.200779+00:00,2.2584875
2025-07-16 19:07:00.987560+00:00,2.258487
2025-07-16 19:07:11.545507+00:00,2.2584874
2025-07-16 19:07:24.077024+00:00,2.258487
2025-07-16 19:07:36.023522+00:00,2.2584872
2025-07-16 19:07:48.619284+00:00,2.2584872
2025-07-16 19:08:01.169268+00:00,2.258487
2025-07-16 19:08:13.059722+00:00,2.2584877
2025-07-16 19:08:25.623520+00:00,2.2584873
2025-07-16 19:08:37.782654+00:00,2.2584877
2025-07-16 19:08:50.352237+00:00,2.2584873
2025-07-16 19:09:03.014750+00:00,2.2584866
2025-07-16 19:09:16.141268+00:00,2.258487
2025-07-16 19:09:28.638084+00:00,2.2584869
2025-07-16 19:09:40.404067+00:00,2.258487
2025-07-16 19:09:53.030017+00:00,2.2584875
2025-07-16 19:10:05.824563+00:00,2.2584867
2025-07-16 19:10:20.733704+00:00,2.2584871
2025-07-16 19:10:31.474111+00:00,2.2584867
2025-07-16 19:10:43.699202+00:00,2.2584871
2025-07-16 19:10:57.537520+00:00,2.2584872
2025-07-16 19:11:09.498891+00:00,2.2584875
2025-07-16 19:11:22.134683+00:00,2.258487
2025-07-16 19:11:37.244596+00:00,2.2584866
2025-07-16 19:11:49.486187+00:00,2.2584873
2025-07-16 19:12:01.621358+00:00,2.2584872
2025-07-16 19:12:15.451191+00:00,2.2584877
2025-07-16 19:12:25.576749+00:00,2.2584874
2025-07-16 19:12:39.671918+00:00,2.2584871
2025-07-16 19:12:51.155780+00:00,2.2584877
2025-07-16 19:13:04.253344+00:00,2.2584868
2025-07-16 19:13:17.218762+00:00,2.2584876
2025-07-16 19:13:29.317578+00:00,2.2584873
2025-07-16 19:13:42.302097+00:00,2.2584871
2025-07-16 19:13:54.072282+00:00,2.2584873
2025-07-16 19:14:06.826728+00:00,2.2584874
2025-07-16 19:14:18.773364+00:00,2.2584879
2025-07-16 19:14:35.896107+00:00,2.2584873
2025-07-16 19:14:43.717270+00:00,2.2584867
2025-07-16 19:14:56.180922+00:00,2.2584871
2025-07-16 19:15:09.173354+00:00,2.2584866
2025-07-16 19:15:22.157680+00:00,2.2584874
2025-07-16 19:15:33.025800+00:00,2.2584869
2025-07-16 19:15:48.624267+00:00,2.2584871
2025-07-16 19:15:58.139318+00:00,2.2584869
2025-07-16 19:16:14.621357+00:00,2.2584871
2025-07-16 19:16:23.261466+00:00,2.2584873
2025-07-16 19:16:35.570982+00:00,2.2584869
2025-07-16 19:16:50.884210+00:00,2.2584874
2025-07-16 19:17:00.980312+00:00,2.2584871
2025-07-16 19:17:13.277625+00:00,2.2584873
2025-07-16 19:17:25.690759+00:00,2.2584868
2025-07-16 19:17:38.427263+00:00,2.2584876
2025-07-16 19:17:51.010474+00:00,2.2584869
2025-07-16 19:18:03.536449+00:00,2.2584874
2025-07-16 19:18:16.553904+00:00,2.2584878
2025-07-16 19:18:28.902805+00:00,2.2584873
2025-07-16 19:18:40.998949+00:00,2.2584878
2025-07-16 19:18:54.527639+00:00,2.258487
2025-07-16 19:19:06.821907+00:00,2.258487
2025-07-16 19:19:18.843178+00:00,2.2584877
2025-07-16 19:19:31.439360+00:00,2.2584869
2025-07-16 19:19:43.499268+00:00,2.2584868
2025-07-16 19:19:58.132995+00:00,2.2584874
2025-07-16 19:20:10.916327+00:00,2.2584871
2025-07-16 19:20:27.624220+00:00,2.2584867
2025-07-16 19:20:33.456556+00:00,2.2584877
2025-07-16 19:20:48.382909+00:00,2.2584871
2025-07-16 19:20:58.200495+00:00,2.2584874
2025-07-16 19:21:11.614683+00:00,2.2584873
2025-07-16 19:21:23.473131+00:00,2.2584872
2025-07-16 19:21:35.973376+00:00,2.2584866
2025-07-16 19:21:48.954387+00:00,2.2584877
2025-07-16 19:22:03.213197+00:00,2.2584873
2025-07-16 19:22:14.639297+00:00,2.2584873
2025-07-16 19:22:26.709568+00:00,2.2584867
2025-07-16 19:22:39.790871+00:00,2.2584868
2025-07-16 19:22:52.261177+00:00,2.2584871
2025-07-16 19:23:05.210453+00:00,2.2584868
2025-07-16 19:23:17.758938+00:00,2.2584872
2025-07-16 19:23:30.429169+00:00,2.2584878
2025-07-16 19:23:42.836270+00:00,2.2584869
2025-07-16 19:23:55.224214+00:00,2.2584869
2025-07-16 19:24:08.403492+00:00,2.258487
2025-07-16 19:24:21.448927+00:00,2.2584873
2025-07-16 19:24:33.318964+00:00,2.258487
2025-07-16 19:24:46.909933+00:00,2.2584872
2025-07-16 19:24:58.664809+00:00,2.258487
2025-07-16 19:25:11.667782+00:00,2.2584871
2025-07-16 19:25:23.951074+00:00,2.2584876
2025-07-16 19:25:36.126054+00:00,2.2584876
2025-07-16 19:25:52.123147+00:00,2.2584873
2025-07-16 19:26:01.477012+00:00,2.2584871
2025-07-16 19:26:13.222939+00:00,2.2584876
2025-07-16 19:26:25.558470+00:00,2.2584869
2025-07-16 19:26:38.935828+00:00,2.2584873
2025-07-16 19:26:50.599541+00:00,2.2584868
2025-07-16 19:27:03.581406+00:00,2.2584874
2025-07-16 19:27:16.031176+00:00,2.2584865
2025-07-16 19:27:28.670283+00:00,2.2584862
2025-07-16 19:27:41.138013+00:00,2.2584869
2025-07-16 19:27:53.999385+00:00,2.2584869
2025-07-16 19:28:06.670735+00:00,2.2584869
2025-07-16 19:28:19.954679+00:00,2.2584873
2025-07-16 19:28:31.478696+00:00,2.258487
2025-07-16 19:28:43.449204+00:00,2.2584869
2025-07-16 19:28:55.897043+00:00,2.2584878
2025-07-16 19:29:08.643824+00:00,2.2584874
2025-07-16 19:29:20.803889+00:00,2.2584877
2025-07-16 19:29:33.854377+00:00,2.2584873
2025-07-16 19:29:46.449938+00:00,2.2584874
2025-07-16 19:29:59.519572+00:00,2.2584878
2025-07-16 19:30:12.264699+00:00,2.2584876
2025-07-16 19:30:24.175711+00:00,2.2584872
2025-07-16 19:30:37.110892+00:00,2.2584869
2025-07-16 19:30:49.530575+00:00,2.2584876
2025-07-16 19:31:02.183060+00:00,2.2584874
2025-07-16 19:31:14.751759+00:00,2.2584874
2025-07-16 19:31:27.398117+00:00,2.2584873
2025-07-16 19:31:40.453425+00:00,2.2584873
2025-07-16 19:31:53.150177+00:00,2.2584876
2025-07-16 19:32:06.067715+00:00,2.2584872
2025-07-16 19:32:18.942985+00:00,2.258487
2025-07-16 19:32:31.296683+00:00,2.2584873
2025-07-16 19:32:43.633567+00:00,2.2584876
2025-07-16 19:32:56.408295+00:00,2.258487
2025-07-16 19:33:09.611071+00:00,2.2584872
2025-07-16 19:33:22.179929+00:00,2.2584874
2025-07-16 19:33:34.217029+00:00,2.2584876
2025-07-16 19:33:47.096875+00:00,2.2584877
2025-07-16 19:33:59.455467+00:00,2.2584875
2025-07-16 19:34:11.973650+00:00,2.2584873
2025-07-16 19:34:24.674346+00:00,2.2584866
2025-07-16 19:34:36.914044+00:00,2.2584878
2025-07-16 19:34:49.327227+00:00,2.258487
2025-07-16 19:35:02.113270+00:00,2.2584876
2025-07-16 19:35:19.104962+00:00,2.2584875
2025-07-16 19:35:27.816831+00:00,2.258488
2025-07-16 19:35:39.487654+00:00,2.2584878
2025-07-16 19:35:51.829357+00:00,2.2584872
2025-07-16 19:36:05.625462+00:00,2.2584876
2025-07-16 19:36:17.428266+00:00,2.2584874
2025-07-16 19:36:30.005872+00:00,2.2584873
2025-07-16 19:36:42.221042+00:00,2.2584867
2025-07-16 19:36:55.245213+00:00,2.2584877
2025-07-16 19:37:08.065915+00:00,2.2584871
2025-07-16 19:37:21.519824+00:00,2.2584873
2025-07-16 19:37:33.481477+00:00,2.2584868
2025-07-16 19:37:45.331107+00:00,2.2584874
2025-07-16 19:37:57.759881+00:00,2.2584877
2025-07-16 19:38:13.559248+00:00,2.2584876
2025-07-16 19:38:23.142950+00:00,2.2584874
2025-07-16 19:38:35.153087+00:00,2.2584877
2025-07-16 19:38:49.703473+00:00,2.2584874
2025-07-16 19:38:59.933949+00:00,2.2584876
2025-07-16 19:39:13.919849+00:00,2.2584876
2025-07-16 19:39:24.920780+00:00,2.2584873
2025-07-16 19:39:39.730538+00:00,2.2584875
2025-07-16 19:39:50.202340+00:00,2.2584873
2025-07-16 19:40:03.688950+00:00,2.2584875
2025-07-16 19:40:15.237487+00:00,2.2584876
2025-07-16 19:40:27.974664+00:00,2.2584875
2025-07-16 19:40:39.679354+00:00,2.2584876
2025-07-16 19:40:51.927131+00:00,2.2584874
2025-07-16 19:41:04.943229+00:00,2.2584874
2025-07-16 19:41:16.967710+00:00,2.2584876
2025-07-16 19:41:29.691277+00:00,2.2584874
2025-07-16 19:41:41.671047+00:00,2.2584874
2025-07-16 19:41:55.898958+00:00,2.2584873
2025-07-16 19:42:06.889099+00:00,2.2584868
2025-07-16 19:42:19.033236+00:00,2.2584869
2025-07-16 19:42:31.676648+00:00,2.2584871
2025-07-16 19:42:45.241207+00:00,2.2584871
2025-07-16 19:42:56.773478+00:00,2.2584872
2025-07-16 19:43:10.629271+00:00,2.2584873
2025-07-16 19:43:21.868805+00:00,2.2584872
2025-07-16 19:43:34.452563+00:00,2.2584874
2025-07-16 19:43:47.705401+00:00,2.2584877
2025-07-16 19:43:59.947553+00:00,2.2584877
2025-07-16 19:44:12.841531+00:00,2.2584871
2025-07-16 19:44:25.307276+00:00,2.2584875
2025-07-16 19:44:38.413026+00:00,2.2584879
2025-07-16 19:44:52.962076+00:00,2.2584873
2025-07-16 19:45:03.797103+00:00,2.2584871
2025-07-16 19:45:16.593954+00:00,2.2584874
2025-07-16 19:45:29.771956+00:00,2.2584877
2025-07-16 19:45:41.250963+00:00,2.2584877
2025-07-16 19:46:07.423401+00:00,2.2584876
2025-07-16 19:46:19.222021+00:00,2.2584872
2025-07-16 19:46:35.435127+00:00,2.2584871
2025-07-16 19:46:44.629045+00:00,2.2584874
2025-07-16 19:46:56.864448+00:00,2.2584875
2025-07-16 19:47:09.617358+00:00,2.2584874
2025-07-16 19:47:22.704080+00:00,2.2584875
2025-07-16 19:47:33.799041+00:00,2.258487
2025-07-16 19:47:48.579370+00:00,2.2584875
2025-07-16 19:47:58.951598+00:00,2.2584871
2025-07-16 19:48:12.159418+00:00,2.2584875
2025-07-16 19:48:24.247346+00:00,2.2584871
2025-07-16 19:48:36.024043+00:00,2.2584873
2025-07-16 19:48:48.506747+00:00,2.2584871
2025-07-16 19:49:01.602648+00:00,2.2584875
2025-07-16 19:49:14.633035+00:00,2.2584873
2025-07-16 19:49:26.185560+00:00,2.2584869
2025-07-16 19:49:38.782796+00:00,2.2584876
2025-07-16 19:49:51.335928+00:00,2.2584872
2025-07-16 19:50:04.649184+00:00,2.2584873
2025-07-16 19:50:16.686671+00:00,2.2584873
2025-07-16 19:50:29.702915+00:00,2.2584876
2025-07-16 19:50:41.773839+00:00,2.2584875
2025-07-16 19:50:53.886547+00:00,2.2584875
2025-07-16 19:51:08.156672+00:00,2.2584877
2025-07-16 19:51:20.646285+00:00,2.2584869
2025-07-16 19:51:31.686573+00:00,2.2584874
2025-07-16 19:51:44.121193+00:00,2.2584873
2025-07-16 19:51:56.718982+00:00,2.2584869
2025-07-16 19:52:13.113480+00:00,2.2584872
2025-07-16 19:52:23.168379+00:00,2.258488
2025-07-16 19:52:34.070903+00:00,2.258487
2025-07-16 19:52:47.186506+00:00,2.2584875
2025-07-16 19:52:59.601565+00:00,2.2584876
2025-07-16 19:53:14.425510+00:00,2.2584871
2025-07-16 19:53:25.934943+00:00,2.2584872
2025-07-16 19:53:37.947536+00:00,2.2584867
2025-07-16 19:53:50.862810+00:00,2.2584869
2025-07-16 19:54:03.956106+00:00,2.2584875
2025-07-16 19:54:29.569168+00:00,2.2584881
2025-07-16 19:54:42.041293+00:00,2.258487
2025-07-16 19:54:54.379981+00:00,2.2584879
2025-07-16 19:55:08.150285+00:00,2.2584873
2025-07-16 19:55:21.871348+00:00,2.2584874
2025-07-16 19:55:33.440651+00:00,2.2584873
2025-07-16 19:55:45.264657+00:00,2.2584878
2025-07-16 19:55:57.865944+00:00,2.258488
2025-07-16 19:56:11.447324+00:00,2.2584876
2025-07-16 19:56:23.597928+00:00,2.258487
2025-07-16 19:56:35.744273+00:00,2.2584866
2025-07-16 19:56:50.741176+00:00,2.2584871
2025-07-16 19:57:00.885188+00:00,2.258487
2025-07-16 19:57:12.962864+00:00,2.2584872
2025-07-16 19:57:25.741084+00:00,2.2584873
2025-07-16 19:57:38.079390+00:00,2.2584874
2025-07-16 19:57:50.248034+00:00,2.2584873
2025-07-16 19:58:03.040187+00:00,2.2584869
2025-07-16 19:58:18.683372+00:00,2.2584878
2025-07-16 19:58:28.039356+00:00,2.2584877
2025-07-16 19:58:40.254130+00:00,2.2584875
2025-07-16 19:58:53.888461+00:00,2.2584877
2025-07-16 19:59:05.817941+00:00,2.258487
2025-07-16 19:59:18.441038+00:00,2.2584875
2025-07-16 19:59:31.007162+00:00,2.2584875
2025-07-16 19:59:42.723662+00:00,2.2584869
2025-07-16 19:59:58.793478+00:00,2.2584878
2025-07-16 20:00:08.143353+00:00,2.2584877
2025-07-16 20:00:20.201514+00:00,2.2584878
2025-07-16 20:00:33.300560+00:00,2.2584878
2025-07-16 20:00:45.059249+00:00,2.2584872
2025-07-16 20:00:57.286316+00:00,2.2584873
2025-07-16 20:01:09.844171+00:00,2.2584875
2025-07-16 20:01:22.398519+00:00,2.2584872
2025-07-16 20:01:36.166693+00:00,2.2584874
2025-07-16 20:01:48.535976+00:00,2.2584877
2025-07-16 20:02:00.294939+00:00,2.2584875
2025-07-16 20:02:13.474211+00:00,2.2584873
2025-07-16 20:02:25.158542+00:00,2.2584872
2025-07-16 20:02:37.957654+00:00,2.2584872
2025-07-16 20:02:50.198586+00:00,2.2584874
2025-07-16 20:03:03.797043+00:00,2.258487
2025-07-16 20:03:16.642763+00:00,2.2584878
2025-07-16 20:03:27.955324+00:00,2.2584869
2025-07-16 20:03:40.839877+00:00,2.2584879
2025-07-16 20:03:53.288738+00:00,2.2584875
2025-07-16 20:04:06.158054+00:00,2.2584872
2025-07-16 20:04:18.699276+00:00,2.258488
2025-07-16 20:04:33.754027+00:00,2.2584868
2025-07-16 20:04:45.274295+00:00,2.2584876
2025-07-16 20:04:56.754291+00:00,2.2584875
2025-07-16 20:05:09.217056+00:00,2.2584871
2025-07-16 20:05:21.665210+00:00,2.2584872
2025-07-16 20:05:38.928383+00:00,2.2584874
2025-07-16 20:05:46.629891+00:00,2.258488
2025-07-16 20:05:58.918630+00:00,2.2584875
2025-07-16 20:06:11.963324+00:00,2.258487
2025-07-16 20:06:23.819677+00:00,2.2584873
2025-07-16 20:06:37.552791+00:00,2.2584875
2025-07-16 20:06:50.265297+00:00,2.2584874
2025-07-16 20:07:01.234748+00:00,2.2584874
2025-07-16 20:07:13.184283+00:00,2.2584874
2025-07-16 20:07:25.638774+00:00,2.2584873
2025-07-16 20:07:38.189101+00:00,2.2584876
2025-07-16 20:07:51.130093+00:00,2.2584877
2025-07-16 20:08:03.568144+00:00,2.2584878
2025-07-16 20:08:16.281094+00:00,2.2584881
2025-07-16 20:08:28.325443+00:00,2.2584878
2025-07-16 20:08:40.949957+00:00,2.2584877
2025-07-16 20:08:53.783377+00:00,2.2584874
2025-07-16 20:09:07.365752+00:00,2.2584874
2025-07-16 20:09:18.894531+00:00,2.2584879
2025-07-16 20:09:30.991422+00:00,2.2584876
2025-07-16 20:09:43.241825+00:00,2.2584874
2025-07-16 20:09:56.441483+00:00,2.2584879
2025-07-16 20:10:08.507724+00:00,2.2584871
2025-07-16 20:10:21.047881+00:00,2.2584875
2025-07-16 20:10:34.338855+00:00,2.2584874
2025-07-16 20:10:48.225960+00:00,2.2584871
2025-07-16 20:11:00.889725+00:00,2.2584869
2025-07-16 20:11:13.899184+00:00,2.2584878
2025-07-16 20:11:24.287908+00:00,2.2584873
2025-07-16 20:11:37.602193+00:00,2.2584879
2025-07-16 20:11:50.129691+00:00,2.2584878
2025-07-16 20:12:02.971928+00:00,2.2584875
2025-07-16 20:12:15.953416+00:00,2.2584871
2025-07-16 20:12:28.287770+00:00,2.2584876
2025-07-16 20:12:41.169576+00:00,2.2584875
2025-07-16 20:12:55.328747+00:00,2.2584874
2025-07-16 20:13:11.028006+00:00,2.2584873
2025-07-16 20:13:18.938959+00:00,2.2584877
2025-07-16 20:13:31.835046+00:00,2.2584876
2025-07-16 20:13:44.170663+00:00,2.2584872
2025-07-16 20:13:56.767811+00:00,2.2584876
2025-07-16 20:14:13.385686+00:00,2.2584877
2025-07-16 20:14:21.999436+00:00,2.2584878
2025-07-16 20:14:34.619655+00:00,2.2584874
2025-07-16 20:14:47.420179+00:00,2.2584871
2025-07-16 20:14:59.561308+00:00,2.2584875
2025-07-16 20:15:12.350690+00:00,2.2584871
2025-07-16 20:15:26.557428+00:00,2.2584877
2025-07-16 20:15:37.491954+00:00,2.2584874
2025-07-16 20:15:49.442851+00:00,2.2584875
2025-07-16 20:16:02.479541+00:00,2.2584871
2025-07-16 20:16:14.575901+00:00,2.2584876
2025-07-16 20:16:26.382128+00:00,2.2584874
2025-07-16 20:16:38.658494+00:00,2.2584876
2025-07-16 20:16:51.383206+00:00,2.2584875
2025-07-16 20:17:04.121572+00:00,2.2584871
2025-07-16 20:17:19.142130+00:00,2.2584865
2025-07-16 20:17:28.433796+00:00,2.2584875
2025-07-16 20:17:42.483382+00:00,2.2584874
2025-07-16 20:17:53.290936+00:00,2.2584877
2025-07-16 20:18:07.912737+00:00,2.2584879
2025-07-16 20:18:18.597593+00:00,2.2584877
2025-07-16 20:18:31.472008+00:00,2.2584877
2025-07-16 20:18:43.344954+00:00,2.2584877
2025-07-16 20:18:55.892073+00:00,2.2584868
2025-07-16 20:19:11.446132+00:00,2.2584874
2025-07-16 20:19:20.926758+00:00,2.2584871
2025-07-16 20:19:33.708960+00:00,2.2584878
2025-07-16 20:19:46.100296+00:00,2.2584875
2025-07-16 20:20:03.130282+00:00,2.2584876
2025-07-16 20:20:11.299499+00:00,2.2584877
2025-07-16 20:20:37.431938+00:00,2.2584877
2025-07-16 20:20:48.970268+00:00,2.2584871
2025-07-16 20:21:01.280780+00:00,2.2584878
2025-07-16 20:21:13.951215+00:00,2.2584875
2025-07-16 20:21:26.545078+00:00,2.2584877
2025-07-16 20:21:38.318780+00:00,2.2584878
2025-07-16 20:21:50.670055+00:00,2.2584876
2025-07-16 20:22:08.593662+00:00,2.2584877
2025-07-16 20:22:18.365561+00:00,2.258487
2025-07-16 20:22:28.935683+00:00,2.2584872
2025-07-16 20:22:41.217817+00:00,2.2584875
2025-07-16 20:22:54.793788+00:00,2.2584873
2025-07-16 20:23:06.992011+00:00,2.2584875
2025-07-16 20:23:20.025462+00:00,2.2584879
2025-07-16 20:23:33.619031+00:00,2.2584876
2025-07-16 20:23:44.947666+00:00,2.2584874
2025-07-16 20:23:57.616321+00:00,2.2584876
2025-07-16 20:24:10.875409+00:00,2.2584876
2025-07-16 20:24:23.434562+00:00,2.258488
2025-07-16 20:24:36.392774+00:00,2.2584876
2025-07-16 20:24:49.105679+00:00,2.2584875
2025-07-16 20:25:01.766085+00:00,2.2584874
2025-07-16 20:25:14.442662+00:00,2.2584874
2025-07-16 20:25:26.573370+00:00,2.2584873
2025-07-16 20:25:38.917584+00:00,2.2584873
2025-07-16 20:25:50.916232+00:00,2.2584877
2025-07-16 20:26:03.923855+00:00,2.2584873
2025-07-16 20:26:15.847309+00:00,2.2584874
2025-07-16 20:26:27.730390+00:00,2.2584877
2025-07-16 20:26:40.345712+00:00,2.258487
2025-07-16 20:26:52.660096+00:00,2.2584872
2025-07-16 20:27:06.003263+00:00,2.2584864
2025-07-16 20:27:18.796485+00:00,2.258487
2025-07-16 20:27:31.201505+00:00,2.2584874
2025-07-16 20:27:42.744963+00:00,2.2584875
2025-07-16 20:27:55.112592+00:00,2.2584875
2025-07-16 20:28:08.036892+00:00,2.2584871
2025-07-16 20:28:20.613821+00:00,2.2584877
2025-07-16 20:28:32.955986+00:00,2.2584876
2025-07-16 20:28:44.951876+00:00,2.2584873
2025-07-16 20:28:57.751361+00:00,2.2584877
2025-07-16 20:29:10.803576+00:00,2.2584873
2025-07-16 20:29:22.378960+00:00,2.2584876
2025-07-16 20:29:34.973421+00:00,2.2584876
2025-07-16 20:29:48.357131+00:00,2.2584869
2025-07-16 20:29:59.849942+00:00,2.2584875
2025-07-16 20:30:13.084878+00:00,2.2584878
2025-07-16 20:30:25.459455+00:00,2.2584869
2025-07-16 20:30:37.971118+00:00,2.2584881
2025-07-16 20:30:50.361616+00:00,2.2584874
2025-07-16 20:31:03.458953+00:00,2.2584878
2025-07-16 20:31:15.907030+00:00,2.2584868
2025-07-16 20:31:28.315656+00:00,2.2584876
2025-07-16 20:31:40.989582+00:00,2.2584875
2025-07-16 20:31:53.572928+00:00,2.2584873
2025-07-16 20:32:06.507048+00:00,2.2584874
2025-07-16 20:32:18.973583+00:00,2.258488
2025-07-16 20:32:30.913177+00:00,2.2584872
2025-07-16 20:32:48.388306+00:00,2.2584875
2025-07-16 20:32:57.529966+00:00,2.2584869
2025-07-16 20:33:08.861809+00:00,2.2584873
2025-07-16 20:33:20.445073+00:00,2.2584873
2025-07-16 20:33:33.078101+00:00,2.2584874
2025-07-16 20:33:46.020801+00:00,2.2584873
2025-07-16 20:33:57.996945+00:00,2.2584875
2025-07-16 20:34:10.996679+00:00,2.2584872
2025-07-16 20:34:23.537851+00:00,2.2584872
2025-07-16 20:34:35.911412+00:00,2.2584878
2025-07-16 20:34:49.061757+00:00,2.2584878
2025-07-16 20:35:01.476316+00:00,2.2584878
2025-07-16 20:35:15.261264+00:00,2.2584874
2025-07-16 20:35:27.018074+00:00,2.2584875
2025-07-16 20:35:39.568698+00:00,2.258488
2025-07-16 20:36:04.725235+00:00,2.2584874
2025-07-16 20:36:17.542247+00:00,2.2584874
2025-07-16 20:36:29.747204+00:00,2.2584869
2025-07-16 20:36:42.335437+00:00,2.2584874
2025-07-16 20:36:55.641579+00:00,2.2584882
2025-07-16 20:37:08.007470+00:00,2.258487
2025-07-16 20:37:20.430944+00:00,2.2584872
2025-07-16 20:37:33.488178+00:00,2.2584874
2025-07-16 20:37:46.481031+00:00,2.2584876
2025-07-16 20:37:57.891625+00:00,2.258488
2025-07-16 20:38:17.871851+00:00,2.2584876
2025-07-16 20:38:22.990677+00:00,2.2584877
2025-07-16 20:38:35.379437+00:00,2.2584873
2025-07-16 20:38:47.698901+00:00,2.2584869
2025-07-16 20:38:59.789251+00:00,2.2584876
2025-07-16 20:39:14.893299+00:00,2.2584876
2025-07-16 20:39:24.606836+00:00,2.2584875
2025-07-16 20:39:36.810538+00:00,2.2584879
2025-07-16 20:39:49.196994+00:00,2.258487
2025-07-16 20:40:02.177647+00:00,2.258488
2025-07-16 20:40:16.413146+00:00,2.2584873
2025-07-16 20:40:31.085849+00:00,2.2584873
2025-07-16 20:40:40.542641+00:00,2.2584871
2025-07-16 20:40:53.073569+00:00,2.2584879
2025-07-16 20:41:05.643821+00:00,2.2584876
2025-07-16 20:41:17.497659+00:00,2.2584876
2025-07-16 20:41:29.426297+00:00,2.2584871
2025-07-16 20:41:41.861562+00:00,2.2584878
2025-07-16 20:41:54.537132+00:00,2.2584877
2025-07-16 20:42:08.499849+00:00,2.258488
2025-07-16 20:42:19.174656+00:00,2.2584876
2025-07-16 20:42:31.782787+00:00,2.2584871
2025-07-16 20:42:44.302952+00:00,2.2584876
2025-07-16 20:42:56.829320+00:00,2.2584881
2025-07-16 20:43:22.457294+00:00,2.2584879
2025-07-16 20:43:35.727078+00:00,2.2584875
2025-07-16 20:43:50.005310+00:00,2.2584877
2025-07-16 20:43:59.716402+00:00,2.2584877
2025-07-16 20:44:13.376358+00:00,2.2584876
2025-07-16 20:44:24.867366+00:00,2.2584873
2025-07-16 20:44:37.323717+00:00,2.2584879
2025-07-16 20:44:49.881875+00:00,2.2584869
2025-07-16 20:45:02.607696+00:00,2.2584874
2025-07-16 20:45:14.689689+00:00,2.2584873
2025-07-16 20:45:27.555403+00:00,2.258487
2025-07-16 20:45:41.252892+00:00,2.2584876
2025-07-16 20:45:51.603043+00:00,2.258487
2025-07-16 20:46:04.627076+00:00,2.2584874
2025-07-16 20:46:17.313038+00:00,2.2584875
2025-07-16 20:46:29.373965+00:00,2.2584876
2025-07-16 20:46:42.055779+00:00,2.258487
2025-07-16 20:46:55.047058+00:00,2.2584877
2025-07-16 20:47:08.220528+00:00,2.2584866
2025-07-16 20:47:22.246563+00:00,2.2584875
2025-07-16 20:47:34.196112+00:00,2.2584874
2025-07-16 20:47:59.219980+00:00,2.2584872
2025-07-16 20:48:25.218473+00:00,2.2584879
2025-07-16 20:48:37.204047+00:00,2.2584871
2025-07-16 20:48:50.887672+00:00,2.2584874
2025-07-16 20:49:02.574765+00:00,2.2584872
2025-07-16 20:49:14.957101+00:00,2.258487
2025-07-16 20:49:29.752684+00:00,2.2584877
2025-07-16 20:49:40.227146+00:00,2.2584877
2025-07-16 20:49:52.927066+00:00,2.2584877
2025-07-16 20:50:06.104568+00:00,2.2584876
2025-07-16 20:50:18.308138+00:00,2.2584879
2025-07-16 20:50:31.135227+00:00,2.2584874
2025-07-16 20:50:43.141445+00:00,2.258487
2025-07-16 20:50:55.144909+00:00,2.2584881
2025-07-16 20:51:08.193658+00:00,2.2584875
2025-07-16 20:51:21.239040+00:00,2.2584874
2025-07-16 20:51:32.912144+00:00,2.2584875
2025-07-16 20:51:44.940854+00:00,2.2584868
2025-07-16 20:51:57.583594+00:00,2.2584871
2025-07-16 20:52:11.168036+00:00,2.2584881
2025-07-16 20:52:23.614821+00:00,2.2584877
2025-07-16 20:52:36.714807+00:00,2.2584874
2025-07-16 20:52:47.955239+00:00,2.2584877
2025-07-16 20:53:00.505210+00:00,2.258487
2025-07-16 20:53:12.898825+00:00,2.2584872
2025-07-16 20:53:25.410017+00:00,2.2584879
2025-07-16 20:53:37.822395+00:00,2.2584877
2025-07-16 20:53:50.347705+00:00,2.2584877
2025-07-16 20:54:03.011009+00:00,2.2584872
2025-07-16 20:54:15.264356+00:00,2.258487
2025-07-16 20:54:27.759478+00:00,2.258487
2025-07-16 20:54:40.302415+00:00,2.2584877
2025-07-16 20:54:52.962973+00:00,2.2584881
2025-07-16 20:55:05.693358+00:00,2.2584879
2025-07-16 20:55:18.449859+00:00,2.2584876
2025-07-16 20:55:32.746199+00:00,2.2584872
2025-07-16 20:55:43.443041+00:00,2.258487
2025-07-16 20:55:55.876165+00:00,2.2584882
2025-07-16 20:56:11.415943+00:00,2.2584872
2025-07-16 20:56:20.051966+00:00,2.2584878
2025-07-16 20:56:34.197837+00:00,2.2584874
2025-07-16 20:56:44.571156+00:00,2.2584876
2025-07-16 20:56:58.118512+00:00,2.2584879
2025-07-16 20:57:10.038312+00:00,2.2584869
2025-07-16 20:57:22.198862+00:00,2.258487
2025-07-16 20:57:34.881258+00:00,2.2584879
2025-07-16 20:57:48.442497+00:00,2.2584877
2025-07-16 20:58:03.342475+00:00,2.2584874
2025-07-16 20:58:12.813776+00:00,2.2584877
2025-07-16 20:58:25.403553+00:00,2.2584878
2025-07-16 20:58:38.290118+00:00,2.2584876
2025-07-16 20:58:54.293137+00:00,2.2584872
2025-07-16 20:59:04.290094+00:00,2.2584879
2025-07-16 20:59:21.282636+00:00,2.258488
2025-07-16 20:59:28.012266+00:00,2.2584876
2025-07-16 20:59:40.625168+00:00,2.2584869
2025-07-16 20:59:52.585301+00:00,2.2584871
2025-07-16 21:00:08.081687+00:00,2.2584878
2025-07-16 21:00:17.673136+00:00,2.2584877
2025-07-16 21:00:30.684162+00:00,2.2584877
2025-07-16 21:00:42.066209+00:00,2.2584875
2025-07-16 21:00:54.834423+00:00,2.2584875
2025-07-16 21:01:08.513962+00:00,2.2584873
2025-07-16 21:01:19.758481+00:00,2.2584879
2025-07-16 21:01:33.428370+00:00,2.2584878
2025-07-16 21:01:46.870508+00:00,2.258487
2025-07-16 21:01:59.615034+00:00,2.2584872
2025-07-16 21:02:11.679853+00:00,2.2584872
2025-07-16 21:02:24.244920+00:00,2.2584873
2025-07-16 21:02:37.495551+00:00,2.2584873
2025-07-16 21:02:49.804920+00:00,2.2584872
2025-07-16 21:03:03.869990+00:00,2.2584871
2025-07-16 21:03:15.198573+00:00,2.2584866
2025-07-16 21:03:27.509468+00:00,2.2584874
2025-07-16 21:03:41.644051+00:00,2.2584878
2025-07-16 21:03:52.690121+00:00,2.2584871
2025-07-16 21:04:06.265545+00:00,2.2584872
2025-07-16 21:04:18.512894+00:00,2.2584877
2025-07-16 21:04:30.917997+00:00,2.2584869
2025-07-16 21:04:45.798566+00:00,2.2584875
2025-07-16 21:04:56.314568+00:00,2.2584867
2025-07-16 21:05:08.707453+00:00,2.2584875
2025-07-16 21:05:23.625379+00:00,2.2584875
2025-07-16 21:05:36.848833+00:00,2.2584871
2025-07-16 21:05:45.806438+00:00,2.2584879
2025-07-16 21:05:57.981955+00:00,2.2584869
2025-07-16 21:06:10.863776+00:00,2.2584873
2025-07-16 21:06:22.612108+00:00,2.2584867
2025-07-16 21:06:34.859992+00:00,2.2584876
2025-07-16 21:06:47.857890+00:00,2.258487
2025-07-16 21:06:59.988668+00:00,2.2584872
2025-07-16 21:07:12.463849+00:00,2.2584877
2025-07-16 21:07:25.206632+00:00,2.2584874
2025-07-16 21:07:37.429669+00:00,2.2584873
2025-07-16 21:07:49.698978+00:00,2.2584873
2025-07-16 21:08:04.813885+00:00,2.2584874
2025-07-16 21:08:14.713260+00:00,2.2584876
2025-07-16 21:08:27.289218+00:00,2.2584872
2025-07-16 21:08:43.825931+00:00,2.258487
2025-07-16 21:08:52.005386+00:00,2.2584874
2025-07-16 21:09:04.720861+00:00,2.2584877
2025-07-16 21:09:16.782399+00:00,2.2584878
2025-07-16 21:09:31.226889+00:00,2.2584877
2025-07-16 21:09:42.042764+00:00,2.2584871
2025-07-16 21:09:53.998016+00:00,2.2584873
2025-07-16 21:10:07.041416+00:00,2.2584879
2025-07-16 21:10:19.319545+00:00,2.2584876
2025-07-16 21:10:44.489328+00:00,2.2584872
2025-07-16 21:10:56.754991+00:00,2.2584873
2025-07-16 21:11:11.309386+00:00,2.2584877
2025-07-16 21:11:22.029255+00:00,2.2584874
2025-07-16 21:11:34.810694+00:00,2.2584878
2025-07-16 21:11:47.501649+00:00,2.2584877
2025-07-16 21:11:59.564845+00:00,2.2584879
2025-07-16 21:12:12.384848+00:00,2.2584875
2025-07-16 21:12:29.139083+00:00,2.2584869
2025-07-16 21:12:37.228598+00:00,2.2584876
2025-07-16 21:12:49.991979+00:00,2.2584869
2025-07-16 21:13:02.408260+00:00,2.2584874
2025-07-16 21:13:14.697102+00:00,2.2584875
2025-07-16 21:13:27.329702+00:00,2.258487
2025-07-16 21:13:39.981232+00:00,2.2584878
2025-07-16 21:13:55.721841+00:00,2.2584876
2025-07-16 21:14:04.907841+00:00,2.2584867
2025-07-16 21:14:18.781203+00:00,2.2584878
2025-07-16 21:14:31.153260+00:00,2.2584872
2025-07-16 21:14:43.221458+00:00,2.2584873
2025-07-16 21:14:57.038391+00:00,2.2584863
2025-07-16 21:15:11.826129+00:00,2.258487
2025-07-16 21:15:21.683403+00:00,2.2584875
2025-07-16 21:15:36.925572+00:00,2.2584867
2025-07-16 21:15:46.908783+00:00,2.2584878
2025-07-16 21:15:59.319138+00:00,2.2584877
2025-07-16 21:16:11.876069+00:00,2.258487
2025-07-16 21:16:26.039833+00:00,2.2584873
2025-07-16 21:16:37.251379+00:00,2.2584871
2025-07-16 21:16:50.199568+00:00,2.2584873
2025-07-16 21:17:02.510774+00:00,2.2584871
2025-07-16 21:17:15.272222+00:00,2.2584872
2025-07-16 21:17:27.834786+00:00,2.2584872
2025-07-16 21:17:40.735533+00:00,2.2584869
2025-07-16 21:17:53.299896+00:00,2.258488
2025-07-16 21:18:06.205522+00:00,2.2584876
2025-07-16 21:18:18.384701+00:00,2.2584869
2025-07-16 21:18:30.621518+00:00,2.2584873
2025-07-16 21:18:42.991598+00:00,2.258487
2025-07-16 21:18:55.632065+00:00,2.2584874
2025-07-16 21:19:07.732194+00:00,2.2584877
2025-07-16 21:19:19.761752+00:00,2.2584872
2025-07-16 21:19:32.994995+00:00,2.2584872
2025-07-16 21:19:44.718484+00:00,2.2584873
2025-07-16 21:20:01.675157+00:00,2.2584871
2025-07-16 21:20:11.022976+00:00,2.2584876
2025-07-16 21:20:23.007224+00:00,2.2584877
2025-07-16 21:20:35.334244+00:00,2.2584878
2025-07-16 21:20:48.280090+00:00,2.2584872
2025-07-16 21:21:01.172125+00:00,2.2584877
2025-07-16 21:21:13.115442+00:00,2.2584874
2025-07-16 21:21:25.838950+00:00,2.2584876
2025-07-16 21:21:38.336507+00:00,2.2584879
2025-07-16 21:21:52.947317+00:00,2.2584871
2025-07-16 21:22:03.498788+00:00,2.2584872
2025-07-16 21:22:15.984510+00:00,2.2584875
2025-07-16 21:22:28.657250+00:00,2.2584872
2025-07-16 21:22:40.486907+00:00,2.2584879
2025-07-16 21:22:53.196308+00:00,2.2584873
2025-07-16 21:23:05.744906+00:00,2.258487
2025-07-16 21:23:18.224919+00:00,2.2584874
2025-07-16 21:23:30.887846+00:00,2.2584877
2025-07-16 21:23:43.111033+00:00,2.2584873
2025-07-16 21:23:55.618225+00:00,2.2584882
2025-07-16 21:24:08.162296+00:00,2.2584877
2025-07-16 21:24:21.068723+00:00,2.2584872
2025-07-16 21:24:33.809287+00:00,2.2584876
2025-07-16 21:24:46.833590+00:00,2.2584879
2025-07-16 21:24:59.325951+00:00,2.2584872
2025-07-16 21:25:11.911306+00:00,2.2584876
2025-07-16 21:25:24.365782+00:00,2.2584872
2025-07-16 21:25:37.333418+00:00,2.2584872
2025-07-16 21:25:48.810379+00:00,2.2584874
2025-07-16 21:26:02.209768+00:00,2.258488
2025-07-16 21:26:16.799791+00:00,2.2584877
2025-07-16 21:26:26.489918+00:00,2.258487
2025-07-16 21:26:39.171496+00:00,2.2584879
2025-07-16 21:26:51.502533+00:00,2.2584876
2025-07-16 21:27:05.818544+00:00,2.2584874
2025-07-16 21:27:18.040260+00:00,2.2584872
2025-07-16 21:27:29.669958+00:00,2.2584874
2025-07-16 21:27:42.377869+00:00,2.258488
2025-07-16 21:27:56.202020+00:00,2.258488
2025-07-16 21:28:08.272049+00:00,2.258488
2025-07-16 21:28:20.488402+00:00,2.2584875
2025-07-16 21:28:32.994362+00:00,2.2584872
2025-07-16 21:28:45.737145+00:00,2.2584877
2025-07-16 21:28:58.587926+00:00,2.2584868
2025-07-16 21:29:11.243467+00:00,2.2584871
2025-07-16 21:29:23.910562+00:00,2.2584876
2025-07-16 21:29:36.701673+00:00,2.2584879
2025-07-16 21:29:49.151347+00:00,2.2584878
2025-07-16 21:30:02.000002+00:00,2.2584872
2025-07-16 21:30:15.141479+00:00,2.2584875
2025-07-16 21:30:27.753488+00:00,2.2584873
2025-07-16 21:30:40.128199+00:00,2.2584876
2025-07-16 21:30:55.666758+00:00,2.2584873
2025-07-16 21:31:05.940439+00:00,2.2584878
2025-07-16 21:31:18.589826+00:00,2.2584869
2025-07-16 21:31:31.667264+00:00,2.2584876
2025-07-16 21:31:43.500790+00:00,2.2584878
2025-07-16 21:31:55.546732+00:00,2.2584877
2025-07-16 21:32:07.930551+00:00,2.2584871
2025-07-16 21:32:20.532373+00:00,2.2584872
2025-07-16 21:32:32.772975+00:00,2.2584876
2025-07-16 21:32:45.138026+00:00,2.258487
2025-07-16 21:32:57.692703+00:00,2.2584878
2025-07-16 21:33:11.747993+00:00,2.2584877
2025-07-16 21:33:22.437233+00:00,2.2584871
2025-07-16 21:33:34.798348+00:00,2.2584878
2025-07-16 21:33:47.161162+00:00,2.2584872
2025-07-16 21:33:59.537152+00:00,2.2584876
2025-07-16 21:34:12.113129+00:00,2.2584872
2025-07-16 21:34:24.463910+00:00,2.2584879
2025-07-16 21:34:36.728563+00:00,2.2584879
2025-07-16 21:34:50.338910+00:00,2.2584871
2025-07-16 21:35:03.806578+00:00,2.2584878
2025-07-16 21:35:16.811264+00:00,2.2584866
2025-07-16 21:35:26.739042+00:00,2.258487
2025-07-16 21:35:39.037876+00:00,2.2584873
2025-07-16 21:35:51.897327+00:00,2.2584873
2025-07-16 21:36:04.260472+00:00,2.2584876
2025-07-16 21:36:16.952493+00:00,2.2584865
2025-07-16 21:36:30.620638+00:00,2.2584882
2025-07-16 21:36:41.495997+00:00,2.2584871
2025-07-16 21:36:56.584933+00:00,2.2584879
2025-07-16 21:37:06.859044+00:00,2.2584865
2025-07-16 21:37:19.034030+00:00,2.2584881
2025-07-16 21:37:31.827306+00:00,2.2584874
2025-07-16 21:37:43.911423+00:00,2.2584878
2025-07-16 21:37:56.349919+00:00,2.258487
2025-07-16 21:38:09.117698+00:00,2.2584879
2025-07-16 21:38:21.325831+00:00,2.2584878
2025-07-16 21:38:33.390922+00:00,2.2584873
2025-07-16 21:38:45.942477+00:00,2.2584878
2025-07-16 21:38:57.658454+00:00,2.2584875
2025-07-16 21:39:10.551375+00:00,2.2584878
2025-07-16 21:39:25.329187+00:00,2.2584877
2025-07-16 21:39:35.914021+00:00,2.2584874
2025-07-16 21:39:49.067332+00:00,2.258488
2025-07-16 21:40:01.017483+00:00,2.2584879
2025-07-16 21:40:14.101873+00:00,2.2584872
2025-07-16 21:40:27.439676+00:00,2.2584875
2025-07-16 21:40:38.317311+00:00,2.2584877
2025-07-16 21:40:50.674761+00:00,2.2584874
2025-07-16 21:41:04.264835+00:00,2.2584875
2025-07-16 21:41:21.613174+00:00,2.2584876
2025-07-16 21:41:28.302484+00:00,2.2584875
2025-07-16 21:41:40.754792+00:00,2.2584876
2025-07-16 21:41:53.429208+00:00,2.2584873
2025-07-16 21:42:06.332407+00:00,2.2584875
2025-07-16 21:42:18.642584+00:00,2.2584877
2025-07-16 21:42:31.244409+00:00,2.258487
2025-07-16 21:42:45.937813+00:00,2.2584875
2025-07-16 21:42:56.160561+00:00,2.2584871
2025-07-16 21:43:09.809520+00:00,2.2584876
2025-07-16 21:43:22.196766+00:00,2.2584879
2025-07-16 21:43:34.413652+00:00,2.2584866
2025-07-16 21:43:47.787495+00:00,2.2584876
2025-07-16 21:44:00.732373+00:00,2.2584876
2025-07-16 21:44:12.834987+00:00,2.2584877
2025-07-16 21:44:25.661053+00:00,2.258487
2025-07-16 21:44:37.935570+00:00,2.2584875
2025-07-16 21:44:50.577076+00:00,2.2584878
2025-07-16 21:45:03.354479+00:00,2.2584874
2025-07-16 21:45:16.266675+00:00,2.2584881
2025-07-16 21:45:29.655520+00:00,2.2584876
2025-07-16 21:45:41.649113+00:00,2.2584872
2025-07-16 21:45:55.652289+00:00,2.2584873
2025-07-16 21:46:06.646977+00:00,2.2584872
2025-07-16 21:46:18.727923+00:00,2.258488
2025-07-16 21:46:31.761577+00:00,2.2584876
2025-07-16 21:46:43.724250+00:00,2.2584872
2025-07-16 21:46:55.864686+00:00,2.2584871
2025-07-16 21:47:08.835920+00:00,2.2584871
2025-07-16 21:47:21.698106+00:00,2.2584875
2025-07-16 21:47:33.718955+00:00,2.2584878
2025-07-16 21:47:46.302359+00:00,2.2584869
2025-07-16 21:47:59.716346+00:00,2.2584866
2025-07-16 21:48:11.754757+00:00,2.2584878
2025-07-16 21:48:24.163479+00:00,2.2584869
2025-07-16 21:48:37.139140+00:00,2.2584874
2025-07-16 21:48:52.967813+00:00,2.2584876
2025-07-16 21:49:02.102068+00:00,2.2584876
2025-07-16 21:49:14.820720+00:00,2.2584876
2025-07-16 21:49:26.481705+00:00,2.2584875
2025-07-16 21:49:39.557239+00:00,2.2584874
2025-07-16 21:49:52.761127+00:00,2.258488
2025-07-16 21:50:04.219013+00:00,2.2584878
2025-07-16 21:50:16.456050+00:00,2.2584879
2025-07-16 21:50:29.630756+00:00,2.2584876
2025-07-16 21:50:40.849338+00:00,2.2584872
2025-07-16 21:50:53.674006+00:00,2.258488
2025-07-16 21:51:07.455893+00:00,2.2584873
2025-07-16 21:51:18.477900+00:00,2.2584871
2025-07-16 21:51:31.310984+00:00,2.2584871
2025-07-16 21:51:44.326168+00:00,2.2584873
2025-07-16 21:51:57.648593+00:00,2.2584874
2025-07-16 21:52:09.779755+00:00,2.2584879
2025-07-16 21:52:22.251925+00:00,2.2584872
2025-07-16 21:52:36.264869+00:00,2.2584874
2025-07-16 21:52:48.260082+00:00,2.2584878
2025-07-16 21:53:01.541282+00:00,2.2584874
2025-07-16 21:53:13.256167+00:00,2.2584876
2025-07-16 21:53:25.498405+00:00,2.2584879
2025-07-16 21:53:38.431798+00:00,2.2584881
2025-07-16 21:53:50.931564+00:00,2.2584874
2025-07-16 21:54:04.831114+00:00,2.2584875
2025-07-16 21:54:16.232278+00:00,2.2584879
2025-07-16 21:54:29.610945+00:00,2.2584877
2025-07-16 21:54:41.642109+00:00,2.2584876
2025-07-16 21:54:53.790216+00:00,2.2584874
2025-07-16 21:55:07.240064+00:00,2.258488
2025-07-16 21:55:18.823599+00:00,2.2584876
2025-07-16 21:55:31.391371+00:00,2.2584873
2025-07-16 21:56:10.964819+00:00,2.2584872
2025-07-16 21:56:19.912558+00:00,2.2584872
2025-07-16 21:56:32.699081+00:00,2.2584879
2025-07-16 21:56:45.704420+00:00,2.2584881
2025-07-16 21:56:58.560439+00:00,2.2584875
2025-07-16 21:57:12.810965+00:00,2.2584871
2025-07-16 21:57:22.438146+00:00,2.2584877
2025-07-16 21:57:35.068413+00:00,2.2584871
2025-07-16 21:57:47.695074+00:00,2.2584874
2025-07-16 21:58:00.109544+00:00,2.2584877
2025-07-16 21:58:13.689166+00:00,2.2584878
2025-07-16 21:58:26.731842+00:00,2.2584869
2025-07-16 21:58:38.320775+00:00,2.2584872
2025-07-16 21:58:51.385117+00:00,2.2584874
2025-07-16 21:59:03.801350+00:00,2.2584876
2025-07-16 21:59:17.200893+00:00,2.2584875
2025-07-16 21:59:29.044869+00:00,2.2584875
2025-07-16 21:59:40.573476+00:00,2.2584876
2025-07-16 21:59:53.264367+00:00,2.2584874
2025-07-16 22:00:06.047287+00:00,2.2584872
2025-07-16 22:00:23.807458+00:00,2.2584872
2025-07-16 22:00:31.172206+00:00,2.2584869
2025-07-16 22:00:42.981258+00:00,2.2584871
2025-07-16 22:00:55.619402+00:00,2.258488
2025-07-16 22:01:12.562891+00:00,2.258487
2025-07-16 22:01:21.849641+00:00,2.2584876
2025-07-16 22:01:34.230416+00:00,2.2584875
2025-07-16 22:01:47.724721+00:00,2.2584869
2025-07-16 22:01:58.555006+00:00,2.2584877
2025-07-16 22:02:12.279974+00:00,2.2584879
2025-07-16 22:02:25.595681+00:00,2.2584874
2025-07-16 22:02:36.798046+00:00,2.2584873
2025-07-16 22:02:49.721684+00:00,2.2584876
2025-07-16 22:03:03.541235+00:00,2.258487
2025-07-16 22:03:18.961937+00:00,2.2584873
2025-07-16 22:03:29.064850+00:00,2.2584873
2025-07-16 22:03:42.124371+00:00,2.2584875
2025-07-16 22:03:53.410007+00:00,2.2584873
2025-07-16 22:04:08.078166+00:00,2.2584878
2025-07-16 22:04:18.451941+00:00,2.2584873
2025-07-16 22:04:31.050451+00:00,2.2584868
2025-07-16 22:04:43.527976+00:00,2.2584876
2025-07-16 22:04:56.021826+00:00,2.2584871
2025-07-16 22:05:08.876435+00:00,2.2584877
2025-07-16 22:05:21.395437+00:00,2.2584867
2025-07-16 22:05:34.583904+00:00,2.258487
2025-07-16 22:05:46.146291+00:00,2.2584877
2025-07-16 22:05:58.396749+00:00,2.2584873
2025-07-16 22:06:12.788747+00:00,2.2584877
2025-07-16 22:06:23.724628+00:00,2.2584872
2025-07-16 22:06:35.998694+00:00,2.2584877
2025-07-16 22:06:48.888358+00:00,2.2584875
2025-07-16 22:07:04.064849+00:00,2.2584868
2025-07-16 22:07:13.316933+00:00,2.2584878
2025-07-16 22:07:25.697787+00:00,2.2584874
2025-07-16 22:07:37.735337+00:00,2.2584879
2025-07-16 22:07:50.771547+00:00,2.2584876
2025-07-16 22:08:03.493497+00:00,2.2584871
2025-07-16 22:08:16.422742+00:00,2.2584865
2025-07-16 22:08:29.876908+00:00,2.2584876
2025-07-16 22:08:40.754460+00:00,2.2584876
2025-07-16 22:08:53.309386+00:00,2.2584874
2025-07-16 22:09:06.502191+00:00,2.2584876
2025-07-16 22:09:19.018266+00:00,2.2584877
2025-07-16 22:09:31.001271+00:00,2.2584871
2025-07-16 22:09:43.196801+00:00,2.2584876
2025-07-16 22:09:56.198420+00:00,2.258487
2025-07-16 22:10:09.574755+00:00,2.2584881
2025-07-16 22:10:22.749991+00:00,2.2584875
2025-07-16 22:10:36.424498+00:00,2.2584868
2025-07-16 22:10:47.015186+00:00,2.2584875
2025-07-16 22:10:58.529510+00:00,2.2584878
2025-07-16 22:11:11.985583+00:00,2.2584878
2025-07-16 22:11:23.932297+00:00,2.2584877
2025-07-16 22:11:36.853291+00:00,2.2584879
2025-07-16 22:11:49.857787+00:00,2.2584874
2025-07-16 22:12:02.076526+00:00,2.258488
2025-07-16 22:12:14.558085+00:00,2.2584878
2025-07-16 22:12:27.122169+00:00,2.2584875
2025-07-16 22:12:40.656753+00:00,2.2584876
2025-07-16 22:12:52.583726+00:00,2.2584879
2025-07-16 22:13:05.659109+00:00,2.2584875
2025-07-16 22:13:17.811803+00:00,2.2584876
2025-07-16 22:13:33.018851+00:00,2.2584879
2025-07-16 22:13:42.644163+00:00,2.2584875
2025-07-16 22:13:55.124021+00:00,2.2584875
2025-07-16 22:14:08.150323+00:00,2.2584877
2025-07-16 22:14:20.369791+00:00,2.2584877
2025-07-16 22:14:33.169721+00:00,2.2584879
2025-07-16 22:14:48.314435+00:00,2.2584875
2025-07-16 22:14:58.254680+00:00,2.2584873
2025-07-16 22:15:13.488237+00:00,2.2584869
2025-07-16 22:15:22.971367+00:00,2.2584877
2025-07-16 22:15:35.115580+00:00,2.2584874
2025-07-16 22:15:50.130419+00:00,2.2584871
2025-07-16 22:15:59.544877+00:00,2.2584864
2025-07-16 22:16:12.752584+00:00,2.2584876
2025-07-16 22:16:24.731149+00:00,2.2584867
2025-07-16 22:16:37.003236+00:00,2.2584879
2025-07-16 22:16:49.817807+00:00,2.2584876
2025-07-16 22:17:03.684311+00:00,2.2584876
2025-07-16 22:17:15.009372+00:00,2.2584876
2025-07-16 22:17:27.450467+00:00,2.2584872
2025-07-16 22:17:40.219126+00:00,2.2584879
2025-07-16 22:17:52.111035+00:00,2.2584876
2025-07-16 22:18:05.171554+00:00,2.2584872
2025-07-16 22:18:17.596942+00:00,2.2584878
2025-07-16 22:18:30.952875+00:00,2.2584872
2025-07-16 22:18:44.015076+00:00,2.2584871
2025-07-16 22:18:54.594680+00:00,2.2584875
2025-07-16 22:19:07.025001+00:00,2.2584877
2025-07-16 22:19:19.199165+00:00,2.2584872
2025-07-16 22:19:32.072336+00:00,2.2584879
2025-07-16 22:19:44.302842+00:00,2.2584879
2025-07-16 22:19:57.510752+00:00,2.2584872
2025-07-16 22:20:09.588070+00:00,2.2584871
2025-07-16 22:20:26.579326+00:00,2.2584872
2025-07-16 22:20:35.199357+00:00,2.2584879
2025-07-16 22:20:46.968819+00:00,2.2584868
2025-07-16 22:20:59.229299+00:00,2.2584875
2025-07-16 22:21:12.250366+00:00,2.2584881
2025-07-16 22:21:26.132143+00:00,2.2584877
2025-07-16 22:21:36.791498+00:00,2.2584875
2025-07-16 22:21:49.510058+00:00,2.2584878
2025-07-16 22:22:02.023703+00:00,2.2584877
2025-07-16 22:22:14.495082+00:00,2.2584872
2025-07-16 22:22:26.580195+00:00,2.2584878
2025-07-16 22:22:39.519380+00:00,2.258487
2025-07-16 22:22:51.462782+00:00,2.258487
2025-07-16 22:23:05.780972+00:00,2.2584874
2025-07-16 22:23:16.967197+00:00,2.2584873
2025-07-16 22:23:32.932774+00:00,2.2584878
2025-07-16 22:23:41.997259+00:00,2.2584875
2025-07-16 22:23:57.522240+00:00,2.2584868
2025-07-16 22:24:08.047245+00:00,2.2584879
2025-07-16 22:24:33.539012+00:00,2.2584873
2025-07-16 22:24:52.154932+00:00,2.2584877
2025-07-16 22:24:58.313494+00:00,2.2584878
2025-07-16 22:25:11.361899+00:00,2.2584874
2025-07-16 22:25:23.790091+00:00,2.2584878
2025-07-16 22:25:38.286948+00:00,2.2584869
2025-07-16 22:25:48.706272+00:00,2.2584875
2025-07-16 22:26:01.540836+00:00,2.2584876
2025-07-16 22:26:13.832117+00:00,2.2584877
2025-07-16 22:26:26.539546+00:00,2.258488
2025-07-16 22:26:39.330143+00:00,2.2584874
2025-07-16 22:26:51.288469+00:00,2.2584876
2025-07-16 22:27:06.562672+00:00,2.2584875
2025-07-16 22:27:16.853843+00:00,2.2584868
2025-07-16 22:27:29.278062+00:00,2.2584877
2025-07-16 22:27:42.328932+00:00,2.258488
2025-07-16 22:27:53.933736+00:00,2.2584878
2025-07-16 22:28:06.798218+00:00,2.2584877
2025-07-16 22:28:18.935992+00:00,2.2584873
2025-07-16 22:28:31.553786+00:00,2.2584873
2025-07-16 22:28:43.878740+00:00,2.2584876
2025-07-16 22:28:56.986216+00:00,2.2584876
2025-07-16 22:29:09.565994+00:00,2.2584878
2025-07-16 22:29:21.195190+00:00,2.2584876
2025-07-16 22:29:33.958417+00:00,2.2584872
2025-07-16 22:29:46.611876+00:00,2.2584878
2025-07-16 22:29:58.940291+00:00,2.2584873
2025-07-16 22:30:12.277481+00:00,2.2584877
2025-07-16 22:30:27.611235+00:00,2.2584873
2025-07-16 22:30:38.773265+00:00,2.2584872
2025-07-16 22:30:49.873824+00:00,2.2584874
2025-07-16 22:31:02.243139+00:00,2.258487
2025-07-16 22:31:14.782642+00:00,2.2584879
2025-07-16 22:31:28.290448+00:00,2.2584873
2025-07-16 22:31:39.223912+00:00,2.2584875
2025-07-16 22:31:54.007752+00:00,2.2584878
2025-07-16 22:32:04.534402+00:00,2.258487
2025-07-16 22:32:16.891321+00:00,2.2584878
2025-07-16 22:32:28.903229+00:00,2.2584867
2025-07-16 22:32:42.487039+00:00,2.2584878
2025-07-16 22:32:54.138175+00:00,2.2584872
2025-07-16 22:33:09.537113+00:00,2.258488
2025-07-16 22:33:18.869354+00:00,2.2584874
2025-07-16 22:33:31.342807+00:00,2.2584874
2025-07-16 22:33:43.730343+00:00,2.2584875
2025-07-16 22:33:57.139997+00:00,2.2584872
2025-07-16 22:34:09.409401+00:00,2.2584875
2025-07-16 22:34:21.610485+00:00,2.2584873
2025-07-16 22:34:34.378422+00:00,2.2584869
2025-07-16 22:34:46.979738+00:00,2.2584874
2025-07-16 22:34:59.661457+00:00,2.2584877
2025-07-16 22:35:13.250026+00:00,2.2584873
2025-07-16 22:35:25.095159+00:00,2.2584873
2025-07-16 22:35:38.020503+00:00,2.2584878
2025-07-16 22:35:49.883006+00:00,2.2584878
2025-07-16 22:36:02.834344+00:00,2.2584873
2025-07-16 22:36:15.118494+00:00,2.2584879
2025-07-16 22:36:28.000369+00:00,2.258488
2025-07-16 22:36:40.437093+00:00,2.2584871
2025-07-16 22:36:53.799265+00:00,2.2584866
2025-07-16 22:37:06.749801+00:00,2.258487
2025-07-16 22:37:18.783315+00:00,2.258488
2025-07-16 22:37:30.223656+00:00,2.2584879
2025-07-16 22:37:42.153531+00:00,2.2584868
2025-07-16 22:37:54.748567+00:00,2.2584879
2025-07-16 22:38:07.445540+00:00,2.2584878
2025-07-16 22:38:19.632594+00:00,2.2584877
2025-07-16 22:38:33.184051+00:00,2.258487
2025-07-16 22:38:45.356362+00:00,2.2584874
2025-07-16 22:38:57.465187+00:00,2.2584876
2025-07-16 22:39:10.320190+00:00,2.2584872
2025-07-16 22:39:22.358236+00:00,2.2584873
2025-07-16 22:39:36.887536+00:00,2.258488
2025-07-16 22:39:50.899886+00:00,2.2584871
2025-07-16 22:39:59.296030+00:00,2.2584879
2025-07-16 22:40:13.489498+00:00,2.2584879
2025-07-16 22:40:26.918219+00:00,2.2584871
2025-07-16 22:40:37.381209+00:00,2.2584873
2025-07-16 22:40:49.324977+00:00,2.2584879
2025-07-16 22:41:02.703368+00:00,2.258487
2025-07-16 22:41:15.600280+00:00,2.2584878
2025-07-16 22:41:26.615630+00:00,2.2584879
2025-07-16 22:41:39.470733+00:00,2.2584877
2025-07-16 22:41:52.429933+00:00,2.2584871
2025-07-16 22:42:04.503138+00:00,2.2584879
2025-07-16 22:42:17.752686+00:00,2.2584874
2025-07-16 22:42:29.560941+00:00,2.2584874
2025-07-16 22:42:42.151576+00:00,2.2584875
2025-07-16 22:42:53.990087+00:00,2.2584877
2025-07-16 22:43:06.850785+00:00,2.2584875
2025-07-16 22:43:18.725631+00:00,2.2584879
2025-07-16 22:43:31.624101+00:00,2.2584878
2025-07-16 22:43:43.695876+00:00,2.2584877
2025-07-16 22:43:56.875100+00:00,2.2584875
2025-07-16 22:44:08.715879+00:00,2.2584875
2025-07-16 22:44:23.975963+00:00,2.2584874
2025-07-16 22:44:33.265878+00:00,2.2584876
2025-07-16 22:44:45.859559+00:00,2.2584877
2025-07-16 22:44:57.803055+00:00,2.2584876
2025-07-16 22:45:11.313696+00:00,2.2584873
2025-07-16 22:45:22.957167+00:00,2.2584876
2025-07-16 22:45:36.525088+00:00,2.2584877
2025-07-16 22:45:48.259725+00:00,2.2584873
2025-07-16 22:46:01.195288+00:00,2.2584874
2025-07-16 22:46:15.673793+00:00,2.2584878
2025-07-16 22:46:27.036824+00:00,2.2584882
2025-07-16 22:46:39.680709+00:00,2.2584872
2025-07-16 22:46:52.050374+00:00,2.2584866
2025-07-16 22:47:05.654843+00:00,2.2584872
2025-07-16 22:47:19.504072+00:00,2.2584874
2025-07-16 22:47:34.728585+00:00,2.2584866
2025-07-16 22:47:43.105714+00:00,2.258488
2025-07-16 22:47:55.836282+00:00,2.258487
2025-07-16 22:48:20.615154+00:00,2.2584876
2025-07-16 22:48:33.467434+00:00,2.258488
2025-07-16 22:48:45.909883+00:00,2.2584872
2025-07-16 22:48:58.628380+00:00,2.2584873
2025-07-16 22:49:13.019253+00:00,2.258487
2025-07-16 22:49:23.376773+00:00,2.2584871
2025-07-16 22:49:36.211860+00:00,2.258488
2025-07-16 22:49:48.332246+00:00,2.2584873
2025-07-16 22:50:00.639502+00:00,2.2584868
2025-07-16 22:50:13.259820+00:00,2.2584873
2025-07-16 22:50:28.150186+00:00,2.258487
2025-07-16 22:50:38.030952+00:00,2.2584876
2025-07-16 22:50:50.235853+00:00,2.2584875
2025-07-16 22:51:03.105968+00:00,2.2584875
2025-07-16 22:51:15.513027+00:00,2.2584871
2025-07-16 22:51:28.203526+00:00,2.2584881
2025-07-16 22:51:40.609095+00:00,2.2584877
2025-07-16 22:51:53.049828+00:00,2.2584874
2025-07-16 22:52:06.701863+00:00,2.258487
2025-07-16 22:52:18.062810+00:00,2.2584874
2025-07-16 22:52:30.307444+00:00,2.2584879
2025-07-16 22:52:42.583377+00:00,2.2584872
2025-07-16 22:52:55.066223+00:00,2.2584872
2025-07-16 22:53:07.952787+00:00,2.2584875
2025-07-16 22:53:19.863502+00:00,2.2584875
2025-07-16 22:53:32.351214+00:00,2.2584867
2025-07-16 22:53:44.639055+00:00,2.2584867
2025-07-16 22:53:57.131510+00:00,2.2584868
2025-07-16 22:54:11.396384+00:00,2.2584877
2025-07-16 22:54:22.073318+00:00,2.2584875
2025-07-16 22:54:34.292566+00:00,2.2584877
2025-07-16 22:54:47.026818+00:00,2.258487
2025-07-16 22:54:59.307490+00:00,2.2584872
2025-07-16 22:55:12.275214+00:00,2.2584874
2025-07-16 22:55:24.658815+00:00,2.2584879
2025-07-16 22:55:37.470316+00:00,2.2584869
2025-07-16 22:55:49.472141+00:00,2.2584876
2025-07-16 22:56:02.603291+00:00,2.2584871
2025-07-16 22:56:15.937671+00:00,2.2584872
2025-07-16 22:56:27.350802+00:00,2.2584873
2025-07-16 22:56:40.103125+00:00,2.2584876
2025-07-16 22:56:52.375041+00:00,2.2584874
2025-07-16 22:57:04.931436+00:00,2.2584872
2025-07-16 22:57:19.140866+00:00,2.258488
2025-07-16 22:57:29.366345+00:00,2.2584879
2025-07-16 22:57:41.836636+00:00,2.2584875
2025-07-16 22:57:54.157305+00:00,2.2584872
2025-07-16 22:58:13.335144+00:00,2.2584872
2025-07-16 22:58:19.025819+00:00,2.2584871
2025-07-16 22:58:31.578398+00:00,2.2584876
2025-07-16 22:58:44.401147+00:00,2.2584877
2025-07-16 22:58:56.841476+00:00,2.2584873
2025-07-16 22:59:11.417872+00:00,2.2584877
2025-07-16 22:59:22.657515+00:00,2.258487
2025-07-16 22:59:35.277857+00:00,2.2584874
2025-07-16 22:59:47.847772+00:00,2.2584872
2025-07-16 23:00:01.716820+00:00,2.2584871
2025-07-16 23:00:13.509475+00:00,2.2584874
2025-07-16 23:00:26.447847+00:00,2.2584873
2025-07-16 23:00:38.972767+00:00,2.2584874
2025-07-16 23:00:51.495503+00:00,2.2584871
2025-07-16 23:01:06.465247+00:00,2.2584867
2025-07-16 23:01:18.605909+00:00,2.2584874
2025-07-16 23:01:29.379067+00:00,2.2584877
2025-07-16 23:01:42.352955+00:00,2.2584877
2025-07-16 23:01:54.559239+00:00,2.2584874
2025-07-16 23:02:07.748970+00:00,2.2584875
2025-07-16 23:02:19.994435+00:00,2.2584874
2025-07-16 23:02:32.988775+00:00,2.2584876
2025-07-16 23:02:49.470892+00:00,2.2584873
2025-07-16 23:02:57.962173+00:00,2.2584872
2025-07-16 23:03:11.071148+00:00,2.258487
2025-07-16 23:03:23.618478+00:00,2.258487
2025-07-16 23:03:35.218924+00:00,2.2584875
2025-07-16 23:03:48.160868+00:00,2.258487
2025-07-16 23:04:00.336569+00:00,2.2584878
2025-07-16 23:04:14.280742+00:00,2.2584874
2025-07-16 23:04:25.144287+00:00,2.2584874
2025-07-16 23:04:38.887868+00:00,2.258487
2025-07-16 23:04:51.841314+00:00,2.2584879
2025-07-16 23:05:03.822349+00:00,2.2584872
2025-07-16 23:05:15.367008+00:00,2.2584878
2025-07-16 23:05:27.724267+00:00,2.2584873
2025-07-16 23:05:40.200243+00:00,2.2584872
2025-07-16 23:05:54.549081+00:00,2.2584874
2025-07-16 23:06:05.688955+00:00,2.2584873
2025-07-16 23:06:18.364105+00:00,2.2584876
2025-07-16 23:06:30.765818+00:00,2.2584878
2025-07-16 23:06:42.609366+00:00,2.2584866
2025-07-16 23:06:56.058413+00:00,2.2584872
2025-07-16 23:07:07.564372+00:00,2.2584872
2025-07-16 23:07:19.950033+00:00,2.2584875
2025-07-16 23:07:32.907548+00:00,2.2584873
2025-07-16 23:07:45.399050+00:00,2.2584869
2025-07-16 23:07:58.425566+00:00,2.2584881
2025-07-16 23:08:11.023574+00:00,2.2584879
2025-07-16 23:08:22.663980+00:00,2.2584873
2025-07-16 23:08:35.004331+00:00,2.2584877
2025-07-16 23:08:47.637822+00:00,2.2584872
2025-07-16 23:08:59.781554+00:00,2.2584865
2025-07-16 23:09:12.370396+00:00,2.2584872
2025-07-16 23:09:24.924911+00:00,2.258488
2025-07-16 23:09:37.749384+00:00,2.2584879
2025-07-16 23:09:51.918726+00:00,2.2584873
2025-07-16 23:10:03.843557+00:00,2.2584879
2025-07-16 23:10:16.163245+00:00,2.2584871
2025-07-16 23:10:28.578846+00:00,2.2584873
2025-07-16 23:10:39.507527+00:00,2.2584881
2025-07-16 23:10:52.260557+00:00,2.2584874
2025-07-16 23:11:05.094185+00:00,2.2584873
2025-07-16 23:11:18.085909+00:00,2.2584875
2025-07-16 23:11:29.409869+00:00,2.2584868
2025-07-16 23:11:41.766891+00:00,2.2584873
2025-07-16 23:11:54.626074+00:00,2.2584872
2025-07-16 23:12:07.225482+00:00,2.2584866
2025-07-16 23:12:19.485187+00:00,2.2584877
2025-07-16 23:12:32.084443+00:00,2.2584874
2025-07-16 23:12:44.900048+00:00,2.2584875
2025-07-16 23:12:57.457185+00:00,2.2584872
2025-07-16 23:13:12.374777+00:00,2.2584869
2025-07-16 23:13:23.410243+00:00,2.2584873
2025-07-16 23:13:35.380380+00:00,2.258487
2025-07-16 23:13:48.438366+00:00,2.2584876
2025-07-16 23:14:00.421403+00:00,2.2584873
2025-07-16 23:14:13.771643+00:00,2.2584881
2025-07-16 23:14:24.933011+00:00,2.2584873
2025-07-16 23:14:37.507922+00:00,2.2584874
2025-07-16 23:14:51.444490+00:00,2.2584875
2025-07-16 23:15:02.936105+00:00,2.2584871
2025-07-16 23:15:19.486560+00:00,2.2584875
2025-07-16 23:15:27.778475+00:00,2.2584877
2025-07-16 23:15:41.120373+00:00,2.2584873
2025-07-16 23:15:52.413413+00:00,2.2584876
2025-07-16 23:16:06.097498+00:00,2.2584878
2025-07-16 23:16:18.851839+00:00,2.2584876
2025-07-16 23:16:30.650578+00:00,2.2584875
2025-07-16 23:16:43.860774+00:00,2.258488
2025-07-16 23:16:55.602009+00:00,2.2584864
2025-07-16 23:17:10.887001+00:00,2.2584866
2025-07-16 23:17:21.108365+00:00,2.258487
2025-07-16 23:17:33.824168+00:00,2.2584871
2025-07-16 23:17:47.077154+00:00,2.2584879
2025-07-16 23:17:59.282862+00:00,2.2584875
2025-07-16 23:18:11.700057+00:00,2.2584872
2025-07-16 23:18:24.017029+00:00,2.2584879
2025-07-16 23:18:37.000919+00:00,2.258488
2025-07-16 23:18:49.290425+00:00,2.2584867
2025-07-16 23:19:03.989856+00:00,2.258488
2025-07-16 23:19:14.387410+00:00,2.2584874
2025-07-16 23:19:27.173403+00:00,2.258487
2025-07-16 23:19:39.646895+00:00,2.2584868
2025-07-16 23:19:52.662693+00:00,2.2584873
2025-07-16 23:20:05.321346+00:00,2.2584876
2025-07-16 23:20:17.938584+00:00,2.2584877
2025-07-16 23:20:30.343806+00:00,2.2584879
2025-07-16 23:20:43.055269+00:00,2.2584876
2025-07-16 23:20:54.378688+00:00,2.258488
2025-07-16 23:21:07.036024+00:00,2.2584877
2025-07-16 23:21:19.200818+00:00,2.2584876
2025-07-16 23:21:31.923825+00:00,2.2584876
2025-07-16 23:21:44.521300+00:00,2.2584879
2025-07-16 23:21:56.969565+00:00,2.2584875
2025-07-16 23:22:09.319918+00:00,2.2584879
2025-07-16 23:22:21.723526+00:00,2.2584874
2025-07-16 23:22:34.369608+00:00,2.2584874
2025-07-16 23:22:48.033698+00:00,2.2584878
2025-07-16 23:22:59.766806+00:00,2.2584877
2025-07-16 23:23:13.938357+00:00,2.2584877
2025-07-16 23:23:25.240351+00:00,2.2584872
2025-07-16 23:23:37.391125+00:00,2.258487
2025-07-16 23:23:49.732808+00:00,2.2584872
2025-07-16 23:24:02.336342+00:00,2.2584873
2025-07-16 23:24:14.663752+00:00,2.2584877
2025-07-16 23:24:27.361424+00:00,2.2584879
2025-07-16 23:24:40.162114+00:00,2.2584876
2025-07-16 23:24:52.201935+00:00,2.258488
2025-07-16 23:25:08.482133+00:00,2.2584878
2025-07-16 23:25:17.231490+00:00,2.2584873
2025-07-16 23:25:30.156475+00:00,2.2584873
2025-07-16 23:25:42.343003+00:00,2.258488
2025-07-16 23:25:54.646655+00:00,2.2584878
2025-07-16 23:26:07.838589+00:00,2.2584872
2025-07-16 23:26:19.872701+00:00,2.2584878
2025-07-16 23:26:32.685338+00:00,2.2584871
2025-07-16 23:26:45.014821+00:00,2.2584879
2025-07-16 23:26:57.550120+00:00,2.2584871
2025-07-16 23:27:10.657034+00:00,2.2584878
2025-07-16 23:27:23.557670+00:00,2.2584879
2025-07-16 23:27:37.078542+00:00,2.258488
2025-07-16 23:27:48.963775+00:00,2.2584866
2025-07-16 23:28:01.349368+00:00,2.2584874
2025-07-16 23:28:13.589700+00:00,2.2584874
2025-07-16 23:28:26.104638+00:00,2.2584876
2025-07-16 23:28:38.454361+00:00,2.2584879
2025-07-16 23:28:51.520057+00:00,2.2584872
2025-07-16 23:29:06.483334+00:00,2.2584882
2025-07-16 23:29:16.465072+00:00,2.2584876
2025-07-16 23:29:29.030421+00:00,2.2584882
2025-07-16 23:29:41.744146+00:00,2.2584877
2025-07-16 23:29:54.174999+00:00,2.2584879
2025-07-16 23:30:06.537289+00:00,2.2584875
2025-07-16 23:30:19.997200+00:00,2.2584867
2025-07-16 23:30:31.477763+00:00,2.2584873
2025-07-16 23:30:43.048348+00:00,2.258487
2025-07-16 23:30:55.593881+00:00,2.2584874
2025-07-16 23:31:07.731731+00:00,2.2584872
2025-07-16 23:31:20.184699+00:00,2.2584881
2025-07-16 23:31:33.808002+00:00,2.2584874
2025-07-16 23:31:46.202365+00:00,2.2584873
2025-07-16 23:31:57.524828+00:00,2.2584877
2025-07-16 23:32:10.206311+00:00,2.2584875
2025-07-16 23:32:36.626388+00:00,2.2584877
2025-07-16 23:32:48.665077+00:00,2.2584878
2025-07-16 23:33:00.434428+00:00,2.2584872
2025-07-16 23:33:14.201269+00:00,2.2584876
2025-07-16 23:33:25.564827+00:00,2.2584877
2025-07-16 23:33:39.052727+00:00,2.2584881
2025-07-16 23:33:50.424351+00:00,2.2584872
2025-07-16 23:34:03.055267+00:00,2.2584878
2025-07-16 23:34:15.015029+00:00,2.2584878
2025-07-16 23:34:27.638242+00:00,2.2584871
2025-07-16 23:34:40.120941+00:00,2.2584875
2025-07-16 23:34:54.488825+00:00,2.2584871
2025-07-16 23:35:05.345728+00:00,2.2584874
2025-07-16 23:35:17.961160+00:00,2.2584875
2025-07-16 23:35:30.353563+00:00,2.2584874
2025-07-16 23:35:42.600122+00:00,2.2584878
2025-07-16 23:35:55.396793+00:00,2.2584876
2025-07-16 23:36:10.735711+00:00,2.2584876
2025-07-16 23:36:20.450288+00:00,2.2584873
2025-07-16 23:36:32.865895+00:00,2.2584872
2025-07-16 23:36:45.482442+00:00,2.2584878
2025-07-16 23:36:58.315137+00:00,2.2584876
2025-07-16 23:37:12.444705+00:00,2.2584875
2025-07-16 23:37:23.048338+00:00,2.2584874
2025-07-16 23:37:36.008645+00:00,2.2584871
2025-07-16 23:37:49.393133+00:00,2.2584877
2025-07-16 23:38:04.950109+00:00,2.2584871
2025-07-16 23:38:13.960991+00:00,2.2584879
2025-07-16 23:38:26.732644+00:00,2.2584876
2025-07-16 23:38:39.831036+00:00,2.2584873
2025-07-16 23:38:52.176179+00:00,2.2584879
2025-07-16 23:39:06.178693+00:00,2.2584878
2025-07-16 23:39:17.709037+00:00,2.2584878
2025-07-16 23:39:29.921552+00:00,2.2584873
2025-07-16 23:39:42.481278+00:00,2.2584874
2025-07-16 23:39:55.081032+00:00,2.258488
2025-07-16 23:40:08.160188+00:00,2.2584874
2025-07-16 23:40:20.221269+00:00,2.2584876
2025-07-16 23:40:32.700161+00:00,2.258487
2025-07-16 23:40:44.938562+00:00,2.258488
2025-07-16 23:40:57.211217+00:00,2.2584871
2025-07-16 23:41:17.980835+00:00,2.2584876
2025-07-16 23:41:21.655526+00:00,2.2584874
2025-07-16 23:41:34.204261+00:00,2.2584867
2025-07-16 23:41:46.869406+00:00,2.258487
2025-07-16 23:41:58.818194+00:00,2.2584874
2025-07-16 23:42:11.877744+00:00,2.2584873
2025-07-16 23:42:23.860771+00:00,2.2584874
2025-07-16 23:42:36.592965+00:00,2.2584878
2025-07-16 23:42:49.056478+00:00,2.2584875
2025-07-16 23:43:07.963691+00:00,2.2584878
2025-07-16 23:43:13.833343+00:00,2.2584871
2025-07-16 23:43:26.042660+00:00,2.2584875
2025-07-16 23:43:38.643142+00:00,2.2584869
2025-07-16 23:43:50.904182+00:00,2.2584877
2025-07-16 23:44:03.766323+00:00,2.2584879
2025-07-16 23:44:16.749736+00:00,2.2584872
2025-07-16 23:44:28.419181+00:00,2.2584875
2025-07-16 23:44:41.354474+00:00,2.2584879
2025-07-16 23:44:53.626644+00:00,2.2584878
2025-07-16 23:45:06.881541+00:00,2.2584874
2025-07-16 23:45:18.720978+00:00,2.258487
2025-07-16 23:45:43.632340+00:00,2.2584878
2025-07-16 23:45:56.448358+00:00,2.258487
2025-07-16 23:46:09.155933+00:00,2.2584869
2025-07-16 23:46:33.681087+00:00,2.2584871
2025-07-16 23:46:47.714027+00:00,2.2584878
2025-07-16 23:46:58.779536+00:00,2.2584879
2025-07-16 23:47:11.903905+00:00,2.2584873
2025-07-16 23:47:24.400438+00:00,2.2584878
2025-07-16 23:47:36.713062+00:00,2.258488
2025-07-16 23:47:49.109271+00:00,2.2584878
2025-07-16 23:48:02.654785+00:00,2.2584873
2025-07-16 23:48:14.365858+00:00,2.258487
2025-07-16 23:48:27.611237+00:00,2.2584875
2025-07-16 23:48:40.518383+00:00,2.2584883
2025-07-16 23:48:52.811385+00:00,2.2584876
2025-07-16 23:49:05.744481+00:00,2.2584876
2025-07-16 23:49:18.032836+00:00,2.2584875
2025-07-16 23:49:31.417867+00:00,2.2584879
2025-07-16 23:49:43.367112+00:00,2.2584872
2025-07-16 23:49:57.577279+00:00,2.2584878
2025-07-16 23:50:08.623492+00:00,2.2584874
2025-07-16 23:50:21.348353+00:00,2.2584879
2025-07-16 23:50:34.938984+00:00,2.2584877
2025-07-16 23:50:46.756223+00:00,2.2584872
2025-07-16 23:50:58.796582+00:00,2.2584877
2025-07-16 23:51:12.264037+00:00,2.2584878
2025-07-16 23:51:25.024080+00:00,2.258488
2025-07-16 23:51:36.323010+00:00,2.2584876
2025-07-16 23:51:48.771735+00:00,2.2584878
2025-07-16 23:52:01.196123+00:00,2.2584872
2025-07-16 23:52:13.248890+00:00,2.2584882
2025-07-16 23:52:26.942323+00:00,2.258487
2025-07-16 23:52:38.243379+00:00,2.2584871
2025-07-16 23:52:51.418551+00:00,2.2584872
2025-07-16 23:53:05.683415+00:00,2.258487
2025-07-16 23:53:16.836730+00:00,2.2584879
2025-07-16 23:53:28.397309+00:00,2.258488
2025-07-16 23:53:41.494732+00:00,2.2584877
2025-07-16 23:53:53.686793+00:00,2.2584876
2025-07-16 23:54:09.411064+00:00,2.2584874
2025-07-16 23:54:18.372648+00:00,2.2584873
2025-07-16 23:54:30.907394+00:00,2.2584873
2025-07-16 23:54:43.976946+00:00,2.2584878
2025-07-16 23:54:55.899702+00:00,2.258487
2025-07-16 23:55:08.491605+00:00,2.2584878
2025-07-16 23:55:22.143711+00:00,2.2584877
2025-07-16 23:55:38.545025+00:00,2.2584878
2025-07-16 23:55:46.357532+00:00,2.2584876
2025-07-16 23:55:58.535022+00:00,2.2584878
2025-07-16 23:56:11.078312+00:00,2.258488
2025-07-16 23:56:23.223778+00:00,2.258487
2025-07-16 23:56:37.969215+00:00,2.2584869
2025-07-16 23:56:49.699271+00:00,2.2584874
2025-07-16 23:57:01.163958+00:00,2.258487
2025-07-16 23:57:13.635992+00:00,2.2584875
2025-07-16 23:57:26.417045+00:00,2.2584873
2025-07-16 23:57:39.340946+00:00,2.2584875
2025-07-16 23:57:52.667450+00:00,2.2584882
2025-07-16 23:58:04.032100+00:00,2.2584881
2025-07-16 23:58:16.707887+00:00,2.2584874
2025-07-16 23:58:28.908185+00:00,2.2584877
2025-07-16 23:58:42.118390+00:00,2.258488
2025-07-16 23:58:54.497470+00:00,2.2584873
2025-07-16 23:59:07.119140+00:00,2.2584877
2025-07-16 23:59:19.610996+00:00,2.258487
2025-07-16 23:59:32.516493+00:00,2.2584877
2025-07-16 23:59:48.721780+00:00,2.2584878
2025-07-16 23:59:58.443852+00:00,2.2584874
