time,counts_ratio
2025-07-14 07:39:45.296162+00:00,2.2584873
2025-07-14 07:40:23.878182+00:00,2.2584878
2025-07-14 07:40:37.011076+00:00,2.2584876
2025-07-14 07:40:49.266216+00:00,2.2584877
2025-07-14 07:41:02.553371+00:00,2.2584878
2025-07-14 07:41:15.318435+00:00,2.2584874
2025-07-14 07:41:27.649472+00:00,2.2584874
2025-07-14 07:41:40.791051+00:00,2.2584879
2025-07-14 07:41:52.522023+00:00,2.2584876
2025-07-14 07:42:06.539008+00:00,2.258488
2025-07-14 07:42:17.975533+00:00,2.2584875
2025-07-14 07:42:30.239429+00:00,2.258487
2025-07-14 07:42:43.639919+00:00,2.2584879
2025-07-14 07:42:54.722166+00:00,2.2584881
2025-07-14 07:43:08.093343+00:00,2.2584881
2025-07-14 07:43:21.128567+00:00,2.2584874
2025-07-14 07:43:32.669895+00:00,2.258487
2025-07-14 07:43:45.080503+00:00,2.2584879
2025-07-14 07:43:57.317646+00:00,2.2584872
2025-07-14 07:44:14.553412+00:00,2.2584873
2025-07-14 07:44:22.865270+00:00,2.2584873
2025-07-14 07:44:35.587617+00:00,2.2584877
2025-07-14 07:44:48.770957+00:00,2.2584875
2025-07-14 07:45:03.194043+00:00,2.2584874
2025-07-14 07:45:14.153467+00:00,2.2584881
2025-07-14 07:45:29.395772+00:00,2.2584874
2025-07-14 07:45:40.604818+00:00,2.2584879
2025-07-14 07:45:51.361996+00:00,2.2584874
2025-07-14 07:46:04.358769+00:00,2.2584876
2025-07-14 07:46:17.297537+00:00,2.2584871
2025-07-14 07:46:31.024209+00:00,2.2584877
2025-07-14 07:46:40.717954+00:00,2.2584873
2025-07-14 07:46:53.383694+00:00,2.2584881
2025-07-14 07:47:05.915562+00:00,2.2584873
2025-07-14 07:47:19.349058+00:00,2.2584875
2025-07-14 07:47:31.141942+00:00,2.2584875
2025-07-14 07:47:43.388896+00:00,2.2584875
2025-07-14 07:47:56.807436+00:00,2.2584881
2025-07-14 07:48:09.293338+00:00,2.2584875
2025-07-14 07:48:22.002666+00:00,2.2584876
2025-07-14 07:48:34.478994+00:00,2.2584871
2025-07-14 07:48:47.024189+00:00,2.2584874
2025-07-14 07:48:59.652351+00:00,2.2584875
2025-07-14 07:49:12.590514+00:00,2.2584874
2025-07-14 07:49:25.107900+00:00,2.2584873
2025-07-14 07:49:37.859579+00:00,2.2584878
2025-07-14 07:49:50.328208+00:00,2.2584876
2025-07-14 07:50:04.287625+00:00,2.2584878
2025-07-14 07:50:15.763519+00:00,2.2584876
2025-07-14 07:50:28.838851+00:00,2.258488
2025-07-14 07:50:41.894390+00:00,2.2584877
2025-07-14 07:50:53.469421+00:00,2.2584871
2025-07-14 07:51:06.104426+00:00,2.2584872
2025-07-14 07:51:18.419890+00:00,2.2584874
2025-07-14 07:51:30.947809+00:00,2.2584873
2025-07-14 07:51:43.104657+00:00,2.2584872
2025-07-14 07:51:55.578655+00:00,2.2584876
2025-07-14 07:52:08.349451+00:00,2.2584873
2025-07-14 07:52:20.469836+00:00,2.258488
2025-07-14 07:52:33.228873+00:00,2.2584874
2025-07-14 07:52:45.277594+00:00,2.2584873
2025-07-14 07:52:59.251825+00:00,2.2584882
2025-07-14 07:53:10.397322+00:00,2.2584874
2025-07-14 07:53:22.858120+00:00,2.2584871
2025-07-14 07:53:35.909120+00:00,2.2584876
2025-07-14 07:53:48.148256+00:00,2.2584871
2025-07-14 07:54:00.823535+00:00,2.2584877
2025-07-14 07:54:38.144985+00:00,2.2584878
2025-07-14 07:54:50.034284+00:00,2.2584873
2025-07-14 07:55:02.921913+00:00,2.258488
2025-07-14 07:55:15.086823+00:00,2.2584872
2025-07-14 07:55:27.756796+00:00,2.2584873
2025-07-14 07:55:40.402470+00:00,2.2584882
2025-07-14 07:55:52.879769+00:00,2.2584881
2025-07-14 07:56:04.795617+00:00,2.2584874
2025-07-14 07:56:17.521177+00:00,2.2584881
2025-07-14 07:56:29.811498+00:00,2.2584878
2025-07-14 07:56:43.368416+00:00,2.2584874
2025-07-14 07:56:56.831924+00:00,2.2584875
2025-07-14 07:57:08.737253+00:00,2.258487
2025-07-14 07:57:22.440886+00:00,2.2584877
2025-07-14 07:57:34.089991+00:00,2.2584876
2025-07-14 07:57:47.627198+00:00,2.2584874
2025-07-14 07:57:59.122708+00:00,2.2584872
2025-07-14 07:58:13.881993+00:00,2.2584875
2025-07-14 07:58:25.167555+00:00,2.2584875
2025-07-14 07:58:37.073670+00:00,2.258488
2025-07-14 07:58:50.529598+00:00,2.2584871
2025-07-14 07:59:02.482923+00:00,2.2584875
2025-07-14 07:59:15.489915+00:00,2.258488
2025-07-14 07:59:28.389209+00:00,2.2584874
2025-07-14 07:59:39.905158+00:00,2.2584872
2025-07-14 07:59:53.610484+00:00,2.2584873
2025-07-14 08:00:05.588516+00:00,2.2584871
2025-07-14 08:00:25.826054+00:00,2.2584873
2025-07-14 08:00:31.182215+00:00,2.2584874
2025-07-14 08:00:43.255063+00:00,2.2584873
2025-07-14 08:00:55.136683+00:00,2.2584872
2025-07-14 08:01:07.564153+00:00,2.2584875
2025-07-14 08:01:20.547965+00:00,2.258488
2025-07-14 08:01:33.304235+00:00,2.2584873
2025-07-14 08:01:44.899057+00:00,2.2584874
2025-07-14 08:01:57.419306+00:00,2.2584875
2025-07-14 08:02:11.487628+00:00,2.2584876
2025-07-14 08:02:34.634876+00:00,2.2584874
2025-07-14 08:02:48.145780+00:00,2.2584875
2025-07-14 08:02:59.449161+00:00,2.2584873
2025-07-14 08:03:12.228243+00:00,2.2584877
2025-07-14 08:03:31.535638+00:00,2.258488
2025-07-14 08:03:38.602541+00:00,2.2584882
2025-07-14 08:03:49.157446+00:00,2.2584881
2025-07-14 08:04:03.050388+00:00,2.2584875
2025-07-14 08:04:14.344466+00:00,2.2584877
2025-07-14 08:04:26.632478+00:00,2.2584874
2025-07-14 08:04:39.333045+00:00,2.2584871
2025-07-14 08:04:51.664282+00:00,2.258487
2025-07-14 08:05:08.231867+00:00,2.2584874
2025-07-14 08:05:19.018080+00:00,2.2584875
2025-07-14 08:05:29.423664+00:00,2.2584875
2025-07-14 08:05:42.039910+00:00,2.2584878
2025-07-14 08:05:54.078816+00:00,2.2584879
2025-07-14 08:06:09.122973+00:00,2.258488
2025-07-14 08:06:19.388723+00:00,2.2584876
2025-07-14 08:06:31.885511+00:00,2.2584872
2025-07-14 08:06:43.474295+00:00,2.2584874
2025-07-14 08:06:56.132137+00:00,2.2584876
2025-07-14 08:07:21.463115+00:00,2.2584873
2025-07-14 08:07:34.463187+00:00,2.2584871
2025-07-14 08:07:46.580121+00:00,2.2584881
2025-07-14 08:07:59.204696+00:00,2.2584876
2025-07-14 08:08:23.764439+00:00,2.2584874
2025-07-14 08:08:36.891480+00:00,2.2584879
2025-07-14 08:08:51.426707+00:00,2.2584874
2025-07-14 08:09:01.786279+00:00,2.2584875
2025-07-14 08:09:15.216406+00:00,2.2584876
2025-07-14 08:09:26.977753+00:00,2.2584882
2025-07-14 08:09:40.746178+00:00,2.2584878
2025-07-14 08:09:52.459978+00:00,2.2584873
2025-07-14 08:10:05.254596+00:00,2.2584875
2025-07-14 08:10:20.785493+00:00,2.2584874
2025-07-14 08:10:30.223519+00:00,2.2584878
2025-07-14 08:10:43.207519+00:00,2.2584872
2025-07-14 08:10:55.220185+00:00,2.2584873
2025-07-14 08:11:08.237714+00:00,2.2584879
2025-07-14 08:11:20.476132+00:00,2.2584879
2025-07-14 08:11:33.022969+00:00,2.2584872
2025-07-14 08:11:45.590536+00:00,2.2584876
2025-07-14 08:11:59.043082+00:00,2.2584879
2025-07-14 08:12:11.014681+00:00,2.2584881
2025-07-14 08:12:23.029580+00:00,2.2584871
2025-07-14 08:12:35.261031+00:00,2.2584873
2025-07-14 08:12:47.885836+00:00,2.2584876
2025-07-14 08:12:59.872495+00:00,2.2584877
2025-07-14 08:13:15.237375+00:00,2.2584881
2025-07-14 08:13:25.155642+00:00,2.2584874
2025-07-14 08:13:37.707855+00:00,2.2584874
2025-07-14 08:13:50.214940+00:00,2.2584881
2025-07-14 08:14:05.911921+00:00,2.2584876
2025-07-14 08:14:16.685430+00:00,2.2584873
2025-07-14 08:14:29.780723+00:00,2.2584877
2025-07-14 08:14:43.006431+00:00,2.2584873
2025-07-14 08:14:53.750893+00:00,2.2584873
2025-07-14 08:15:05.909455+00:00,2.2584875
2025-07-14 08:15:19.227424+00:00,2.2584882
2025-07-14 08:15:36.172483+00:00,2.2584869
2025-07-14 08:15:43.081328+00:00,2.2584878
2025-07-14 08:15:57.625634+00:00,2.2584874
2025-07-14 08:16:07.984384+00:00,2.2584875
2025-07-14 08:16:20.023847+00:00,2.2584873
2025-07-14 08:16:33.070952+00:00,2.2584876
2025-07-14 08:16:44.623728+00:00,2.2584875
2025-07-14 08:16:57.324210+00:00,2.2584877
2025-07-14 08:17:10.165806+00:00,2.2584876
2025-07-14 08:17:22.483120+00:00,2.2584875
2025-07-14 08:17:38.203666+00:00,2.2584879
2025-07-14 08:18:01.137664+00:00,2.2584877
2025-07-14 08:18:13.780246+00:00,2.2584881
2025-07-14 08:18:27.586474+00:00,2.2584874
2025-07-14 08:18:44.478211+00:00,2.2584881
2025-07-14 08:18:51.865266+00:00,2.2584882
2025-07-14 08:19:05.167196+00:00,2.2584871
2025-07-14 08:19:18.303168+00:00,2.2584874
2025-07-14 08:19:29.967893+00:00,2.2584874
2025-07-14 08:19:45.177174+00:00,2.2584874
2025-07-14 08:19:55.756529+00:00,2.2584881
2025-07-14 08:20:08.111743+00:00,2.2584877
2025-07-14 08:20:22.937023+00:00,2.2584881
2025-07-14 08:20:33.135686+00:00,2.2584878
2025-07-14 08:20:46.089207+00:00,2.2584871
2025-07-14 08:20:57.680834+00:00,2.2584875
2025-07-14 08:21:10.341874+00:00,2.2584882
2025-07-14 08:21:22.533489+00:00,2.2584876
2025-07-14 08:21:34.758141+00:00,2.2584873
2025-07-14 08:21:51.931181+00:00,2.2584875
2025-07-14 08:21:59.551700+00:00,2.2584877
2025-07-14 08:22:13.173365+00:00,2.2584879
2025-07-14 08:22:24.418258+00:00,2.2584879
2025-07-14 08:22:36.822986+00:00,2.258488
2025-07-14 08:22:51.960910+00:00,2.2584875
2025-07-14 08:23:02.714157+00:00,2.2584873
2025-07-14 08:23:14.565169+00:00,2.2584878
2025-07-14 08:23:34.681107+00:00,2.2584876
2025-07-14 08:23:41.673859+00:00,2.2584875
2025-07-14 08:23:54.656284+00:00,2.2584873
2025-07-14 08:24:05.035587+00:00,2.2584882
2025-07-14 08:24:17.434348+00:00,2.2584879
2025-07-14 08:24:29.826747+00:00,2.2584877
2025-07-14 08:24:42.595564+00:00,2.2584876
2025-07-14 08:24:55.919724+00:00,2.2584878
2025-07-14 08:25:08.470292+00:00,2.258487
2025-07-14 08:25:21.011059+00:00,2.2584877
2025-07-14 08:25:33.067782+00:00,2.2584873
2025-07-14 08:25:45.359681+00:00,2.258488
2025-07-14 08:26:01.426952+00:00,2.258488
2025-07-14 08:26:10.758213+00:00,2.2584879
2025-07-14 08:26:22.536518+00:00,2.2584879
2025-07-14 08:26:35.011288+00:00,2.2584876
2025-07-14 08:26:49.354749+00:00,2.2584882
2025-07-14 08:27:01.124632+00:00,2.2584874
2025-07-14 08:27:13.402440+00:00,2.2584875
2025-07-14 08:27:25.911673+00:00,2.2584882
2025-07-14 08:27:40.369130+00:00,2.2584868
2025-07-14 08:27:51.159241+00:00,2.2584875
2025-07-14 08:28:05.028881+00:00,2.2584877
2025-07-14 08:28:17.072396+00:00,2.2584877
2025-07-14 08:28:29.272937+00:00,2.2584873
2025-07-14 08:28:42.149199+00:00,2.2584879
2025-07-14 08:28:55.129526+00:00,2.258487
2025-07-14 08:29:08.340481+00:00,2.2584878
2025-07-14 08:29:19.982134+00:00,2.258488
2025-07-14 08:29:35.646919+00:00,2.2584878
2025-07-14 08:29:45.336643+00:00,2.2584881
2025-07-14 08:29:57.393391+00:00,2.2584872
2025-07-14 08:30:13.301789+00:00,2.2584876
2025-07-14 08:30:23.543979+00:00,2.2584873
2025-07-14 08:30:36.493193+00:00,2.2584877
2025-07-14 08:30:47.710130+00:00,2.2584872
2025-07-14 08:31:00.667956+00:00,2.2584876
2025-07-14 08:31:14.050916+00:00,2.2584875
2025-07-14 08:31:24.856806+00:00,2.2584879
2025-07-14 08:31:36.865412+00:00,2.2584874
2025-07-14 08:31:49.107277+00:00,2.2584872
2025-07-14 08:32:01.816299+00:00,2.2584881
2025-07-14 08:32:14.773807+00:00,2.2584884
2025-07-14 08:32:27.094411+00:00,2.2584874
2025-07-14 08:32:39.419471+00:00,2.2584873
2025-07-14 08:32:52.104263+00:00,2.2584882
2025-07-14 08:33:07.873589+00:00,2.2584879
2025-07-14 08:33:17.569522+00:00,2.258488
2025-07-14 08:33:29.866690+00:00,2.258488
2025-07-14 08:33:42.048328+00:00,2.258488
2025-07-14 08:33:54.776257+00:00,2.258488
2025-07-14 08:34:08.039282+00:00,2.2584878
2025-07-14 08:34:20.085356+00:00,2.2584878
2025-07-14 08:34:32.337702+00:00,2.2584874
2025-07-14 08:34:44.726357+00:00,2.2584875
2025-07-14 08:34:58.486656+00:00,2.2584873
2025-07-14 08:35:16.004295+00:00,2.2584878
2025-07-14 08:35:24.628589+00:00,2.2584875
2025-07-14 08:35:35.811824+00:00,2.2584877
2025-07-14 08:35:48.028373+00:00,2.258488
2025-07-14 08:36:00.685955+00:00,2.2584881
2025-07-14 08:36:11.922302+00:00,2.2584872
2025-07-14 08:36:24.350532+00:00,2.2584874
2025-07-14 08:36:37.994391+00:00,2.2584876
2025-07-14 08:36:49.474209+00:00,2.2584875
2025-07-14 08:37:02.405595+00:00,2.2584875
2025-07-14 08:37:14.581200+00:00,2.2584875
2025-07-14 08:37:27.659498+00:00,2.2584877
2025-07-14 08:37:40.724581+00:00,2.2584881
2025-07-14 08:37:53.181289+00:00,2.2584876
2025-07-14 08:38:07.380517+00:00,2.2584874
2025-07-14 08:38:18.740307+00:00,2.258488
2025-07-14 08:38:31.569555+00:00,2.2584874
2025-07-14 08:38:44.551499+00:00,2.2584871
2025-07-14 08:38:57.377174+00:00,2.2584875
2025-07-14 08:39:13.305023+00:00,2.258488
2025-07-14 08:39:22.755965+00:00,2.258488
2025-07-14 08:39:34.772080+00:00,2.2584883
2025-07-14 08:39:47.338299+00:00,2.2584881
2025-07-14 08:39:58.723768+00:00,2.2584877
2025-07-14 08:40:11.760339+00:00,2.2584879
2025-07-14 08:40:23.803854+00:00,2.2584878
2025-07-14 08:40:39.922857+00:00,2.2584872
2025-07-14 08:40:48.826440+00:00,2.2584875
2025-07-14 08:41:02.443653+00:00,2.2584878
2025-07-14 08:41:13.879683+00:00,2.2584878
2025-07-14 08:41:25.994008+00:00,2.2584883
2025-07-14 08:41:39.019526+00:00,2.2584873
2025-07-14 08:41:50.915473+00:00,2.2584875
2025-07-14 08:42:05.359467+00:00,2.2584873
2025-07-14 08:42:16.499155+00:00,2.258488
2025-07-14 08:42:28.736961+00:00,2.2584877
2025-07-14 08:42:41.650086+00:00,2.2584879
2025-07-14 08:42:53.931729+00:00,2.2584876
2025-07-14 08:43:06.688740+00:00,2.2584879
2025-07-14 08:43:18.942454+00:00,2.2584877
2025-07-14 08:43:31.546451+00:00,2.2584875
2025-07-14 08:43:45.056859+00:00,2.2584878
2025-07-14 08:43:56.316986+00:00,2.2584876
2025-07-14 08:44:09.405804+00:00,2.2584877
2025-07-14 08:44:21.873119+00:00,2.258488
2025-07-14 08:44:33.786202+00:00,2.2584878
2025-07-14 08:44:46.613166+00:00,2.2584875
2025-07-14 08:44:58.475906+00:00,2.2584881
2025-07-14 08:45:11.220137+00:00,2.2584875
2025-07-14 08:45:24.543700+00:00,2.2584873
2025-07-14 08:45:37.026712+00:00,2.2584877
2025-07-14 08:45:49.223490+00:00,2.2584878
2025-07-14 08:46:02.010060+00:00,2.2584873
2025-07-14 08:46:14.312267+00:00,2.2584876
2025-07-14 08:46:28.855871+00:00,2.2584881
2025-07-14 08:46:39.751813+00:00,2.2584879
2025-07-14 08:46:53.116691+00:00,2.2584874
2025-07-14 08:47:05.105079+00:00,2.2584862
2025-07-14 08:47:18.949621+00:00,2.2584869
2025-07-14 08:47:30.665737+00:00,2.258488
2025-07-14 08:47:42.985855+00:00,2.2584877
2025-07-14 08:47:55.741518+00:00,2.2584872
2025-07-14 08:48:08.294775+00:00,2.2584875
2025-07-14 10:39:20.841954+00:00,2.2584877
2025-07-14 11:20:34.365647+00:00,2.2584879
2025-07-14 11:20:47.652511+00:00,2.2584877
2025-07-14 11:20:59.526457+00:00,2.258488
2025-07-14 11:21:14.641671+00:00,2.2584871
2025-07-14 11:21:24.433983+00:00,2.2584877
2025-07-14 11:21:37.261178+00:00,2.2584872
2025-07-14 11:21:50.983066+00:00,2.2584877
2025-07-14 11:22:05.991121+00:00,2.258487
2025-07-14 11:22:14.916401+00:00,2.2584875
2025-07-14 11:22:27.138356+00:00,2.2584868
2025-07-14 11:22:39.887890+00:00,2.2584873
2025-07-14 11:22:54.376132+00:00,2.2584878
2025-07-14 11:23:06.065316+00:00,2.2584876
2025-07-14 11:23:18.114865+00:00,2.2584872
2025-07-14 11:23:31.463857+00:00,2.2584874
2025-07-14 11:23:43.058597+00:00,2.2584877
2025-07-14 11:23:57.400927+00:00,2.2584867
2025-07-14 11:24:09.066596+00:00,2.2584876
2025-07-14 11:24:21.630403+00:00,2.2584874
2025-07-14 11:24:34.768636+00:00,2.2584877
2025-07-14 11:24:59.520776+00:00,2.2584876
2025-07-14 11:25:12.552577+00:00,2.2584869
2025-07-14 11:25:26.442941+00:00,2.2584872
2025-07-14 11:25:37.993214+00:00,2.2584871
2025-07-14 11:25:50.534397+00:00,2.2584872
2025-07-14 11:26:03.851360+00:00,2.2584877
2025-07-14 11:26:28.438524+00:00,2.2584877
2025-07-14 11:26:40.834470+00:00,2.258487
2025-07-14 11:26:53.365033+00:00,2.2584874
2025-07-14 11:27:06.844873+00:00,2.258487
2025-07-14 11:27:18.647240+00:00,2.2584879
2025-07-14 11:27:31.301262+00:00,2.2584873
2025-07-14 11:27:43.376300+00:00,2.2584875
2025-07-14 11:27:55.532712+00:00,2.2584876
2025-07-14 11:28:09.769354+00:00,2.2584875
2025-07-14 11:28:21.812000+00:00,2.258487
2025-07-14 11:28:32.932398+00:00,2.2584871
2025-07-14 11:28:48.772900+00:00,2.2584878
2025-07-14 11:28:58.702937+00:00,2.2584872
2025-07-14 11:29:14.796861+00:00,2.2584873
2025-07-14 11:29:23.645759+00:00,2.2584868
2025-07-14 11:29:36.357583+00:00,2.2584875
2025-07-14 11:29:49.797311+00:00,2.258487
2025-07-14 11:30:01.361402+00:00,2.2584871
2025-07-14 11:30:13.785231+00:00,2.2584872
2025-07-14 11:30:31.211184+00:00,2.2584871
2025-07-14 11:30:38.752912+00:00,2.258487
2025-07-14 11:30:51.146516+00:00,2.2584875
2025-07-14 11:31:03.742056+00:00,2.2584867
2025-07-14 11:31:17.141918+00:00,2.2584879
2025-07-14 11:31:28.854935+00:00,2.2584878
2025-07-14 11:31:41.767056+00:00,2.2584873
2025-07-14 11:31:54.238797+00:00,2.2584877
2025-07-14 11:32:10.341791+00:00,2.2584876
2025-07-14 11:32:20.537775+00:00,2.2584874
2025-07-14 11:32:33.750873+00:00,2.2584871
2025-07-14 11:32:44.861865+00:00,2.2584877
2025-07-14 11:32:57.760814+00:00,2.2584872
2025-07-14 11:33:10.622509+00:00,2.2584871
2025-07-14 11:33:24.319651+00:00,2.2584877
2025-07-14 11:33:35.541485+00:00,2.2584874
2025-07-14 11:33:48.404118+00:00,2.2584877
2025-07-14 11:34:05.293403+00:00,2.2584871
2025-07-14 11:34:14.734563+00:00,2.2584873
2025-07-14 11:34:27.273576+00:00,2.2584869
2025-07-14 11:34:39.293826+00:00,2.2584878
2025-07-14 11:34:52.225200+00:00,2.2584879
2025-07-14 11:35:04.866407+00:00,2.258487
2025-07-14 11:35:17.310659+00:00,2.2584879
2025-07-14 11:35:31.669354+00:00,2.258487
2025-07-14 11:35:42.357003+00:00,2.2584878
2025-07-14 11:35:55.577450+00:00,2.2584875
2025-07-14 11:36:08.038824+00:00,2.2584875
2025-07-14 11:36:22.333562+00:00,2.2584872
2025-07-14 11:36:32.491417+00:00,2.2584872
2025-07-14 11:36:44.086442+00:00,2.2584876
2025-07-14 11:36:58.263129+00:00,2.2584873
2025-07-14 11:37:09.194148+00:00,2.2584872
2025-07-14 11:37:21.799399+00:00,2.2584869
2025-07-14 11:37:34.950451+00:00,2.2584874
2025-07-14 11:37:46.650231+00:00,2.2584877
2025-07-14 11:37:58.979050+00:00,2.2584875
2025-07-14 11:38:14.388376+00:00,2.2584873
2025-07-14 11:38:24.146810+00:00,2.2584873
2025-07-14 11:38:36.984949+00:00,2.2584876
2025-07-14 11:38:49.726529+00:00,2.258488
2025-07-14 11:39:01.939350+00:00,2.2584876
2025-07-14 11:39:14.251311+00:00,2.2584877
2025-07-14 11:39:26.892391+00:00,2.2584872
2025-07-14 11:39:40.202525+00:00,2.2584875
2025-07-14 11:39:53.759197+00:00,2.2584872
2025-07-14 11:40:05.803699+00:00,2.2584878
2025-07-14 11:40:16.767359+00:00,2.2584872
2025-07-14 11:40:28.679042+00:00,2.2584874
2025-07-14 11:40:43.214610+00:00,2.258488
2025-07-14 11:40:54.697725+00:00,2.2584872
2025-07-14 11:41:06.734953+00:00,2.2584867
2025-07-14 11:41:19.282256+00:00,2.2584873
2025-07-14 11:41:31.944209+00:00,2.2584878
2025-07-14 11:41:44.493111+00:00,2.2584871
2025-07-14 11:41:56.722459+00:00,2.2584877
2025-07-14 11:42:13.238851+00:00,2.2584875
2025-07-14 11:42:23.576290+00:00,2.258487
2025-07-14 11:42:36.005718+00:00,2.2584877
2025-07-14 11:42:49.879291+00:00,2.2584871
2025-07-14 11:43:00.849160+00:00,2.2584869
2025-07-14 11:43:13.639743+00:00,2.2584878
2025-07-14 11:43:25.723037+00:00,2.2584876
2025-07-14 11:43:38.314579+00:00,2.2584876
2025-07-14 11:43:52.268941+00:00,2.2584874
2025-07-14 11:44:05.364863+00:00,2.2584871
2025-07-14 11:44:17.088666+00:00,2.2584869
2025-07-14 11:44:29.079918+00:00,2.258488
2025-07-14 11:44:41.263122+00:00,2.2584866
2025-07-14 11:44:54.592009+00:00,2.2584875
2025-07-14 11:45:06.527258+00:00,2.2584876
2025-07-14 11:45:20.298705+00:00,2.2584875
2025-07-14 11:45:31.626314+00:00,2.2584869
2025-07-14 11:45:43.554861+00:00,2.2584871
2025-07-14 11:45:57.130523+00:00,2.2584869
2025-07-14 11:46:07.945093+00:00,2.2584871
2025-07-14 11:46:19.996767+00:00,2.2584875
2025-07-14 11:46:32.702671+00:00,2.2584876
2025-07-14 11:46:45.777731+00:00,2.2584873
2025-07-14 11:46:57.109916+00:00,2.258487
2025-07-14 11:47:09.659389+00:00,2.2584874
2025-07-14 11:47:21.911031+00:00,2.258487
2025-07-14 11:47:34.631270+00:00,2.2584875
2025-07-14 11:47:47.593521+00:00,2.2584876
2025-07-14 11:48:00.217883+00:00,2.2584879
2025-07-14 11:48:13.916415+00:00,2.2584879
2025-07-14 11:48:24.917462+00:00,2.2584873
2025-07-14 11:48:37.393300+00:00,2.258487
2025-07-14 12:12:36.530410+00:00,2.2584875
2025-07-14 12:27:28.667099+00:00,2.2584866
2025-07-14 12:30:14.394235+00:00,2.258486
2025-07-14 12:31:03.567836+00:00,2.2584872
2025-07-14 12:31:29.091719+00:00,2.2584859
2025-07-14 12:32:19.036210+00:00,2.2584873
2025-07-14 12:33:36.543380+00:00,2.2584868
2025-07-14 12:34:37.267274+00:00,2.2584875
2025-07-14 12:34:49.625988+00:00,2.2584865
2025-07-14 12:35:02.520984+00:00,2.258487
2025-07-14 12:35:40.564698+00:00,2.2584879
2025-07-14 12:35:53.207033+00:00,2.2584876
2025-07-14 12:36:05.528028+00:00,2.2584875
2025-07-14 12:36:18.170115+00:00,2.2584876
2025-07-14 12:36:31.609351+00:00,2.2584878
2025-07-14 12:36:45.134692+00:00,2.2584877
2025-07-14 12:36:56.182856+00:00,2.2584875
2025-07-14 12:37:13.956030+00:00,2.2584876
2025-07-14 12:37:21.896857+00:00,2.2584869
2025-07-14 12:37:35.583520+00:00,2.2584862
2025-07-14 12:38:13.547665+00:00,2.2584868
2025-07-14 12:38:24.527911+00:00,2.258487
2025-07-14 12:38:39.087786+00:00,2.2584871
2025-07-14 12:39:17.731043+00:00,2.2584861
2025-07-14 12:39:53.453171+00:00,2.2584864
2025-07-14 12:40:07.503702+00:00,2.2584868
2025-07-14 12:41:08.209859+00:00,2.2584869
2025-07-14 12:41:20.719513+00:00,2.2584872
2025-07-14 12:41:46.026953+00:00,2.2584864
2025-07-14 12:42:36.800831+00:00,2.2584875
2025-07-14 12:43:13.662244+00:00,2.2584865
2025-07-14 12:43:29.083505+00:00,2.2584861
2025-07-14 12:43:49.818348+00:00,2.2584861
2025-07-14 12:45:43.855147+00:00,2.2584866
2025-07-14 12:45:55.827930+00:00,2.2584874
2025-07-14 12:46:09.276509+00:00,2.258487
2025-07-14 12:46:21.746159+00:00,2.2584859
2025-07-14 12:46:47.782217+00:00,2.2584875
2025-07-14 12:47:00.952371+00:00,2.2584877
2025-07-14 12:47:14.000715+00:00,2.2584872
2025-07-14 12:47:24.367508+00:00,2.258488
2025-07-14 12:47:50.492369+00:00,2.2584872
2025-07-14 12:48:14.902880+00:00,2.2584873
2025-07-14 12:49:41.449584+00:00,2.2584869
2025-07-14 12:50:56.286799+00:00,2.2584873
2025-07-14 12:53:38.826877+00:00,2.2584873
2025-07-14 12:54:03.841024+00:00,2.2584874
2025-07-14 12:54:16.599953+00:00,2.2584864
2025-07-14 13:06:00.885719+00:00,2.2584877
2025-07-14 13:06:39.394290+00:00,2.2584865
2025-07-14 13:07:04.706206+00:00,2.258486
2025-07-14 13:30:51.475026+00:00,2.2584875
2025-07-14 13:35:57.480378+00:00,2.2584874
2025-07-14 13:39:05.701155+00:00,2.2584867
2025-07-14 15:07:08.473477+00:00,2.2584872
2025-07-14 15:07:49.505858+00:00,2.2584866
2025-07-14 15:07:59.526405+00:00,2.2584872
2025-07-14 15:08:25.077699+00:00,2.2584871
2025-07-14 15:08:37.587459+00:00,2.2584878
2025-07-14 15:08:52.271575+00:00,2.2584872
2025-07-14 15:09:03.561229+00:00,2.2584873
2025-07-14 15:09:17.447118+00:00,2.2584871
2025-07-14 15:09:28.333834+00:00,2.2584869
2025-07-14 15:09:41.253232+00:00,2.258487
2025-07-14 15:09:53.735336+00:00,2.2584872
2025-07-14 15:10:06.490031+00:00,2.2584874
2025-07-14 15:10:20.983569+00:00,2.2584868
2025-07-14 15:10:43.425653+00:00,2.2584876
2025-07-14 15:11:08.855665+00:00,2.2584866
2025-07-14 15:11:21.421560+00:00,2.2584877
2025-07-14 15:11:34.147697+00:00,2.2584874
2025-07-14 15:11:47.090246+00:00,2.2584867
2025-07-14 15:11:59.474013+00:00,2.2584872
2025-07-14 15:12:13.039526+00:00,2.2584863
2025-07-14 15:12:25.349131+00:00,2.2584868
2025-07-14 15:12:36.913977+00:00,2.2584866
2025-07-14 15:12:49.281230+00:00,2.2584876
2025-07-14 15:13:02.496400+00:00,2.2584863
2025-07-14 15:13:26.504386+00:00,2.2584868
2025-07-14 15:13:39.736999+00:00,2.2584868
2025-07-14 15:14:05.584248+00:00,2.2584873
2025-07-14 15:14:18.589546+00:00,2.2584876
2025-07-14 15:14:31.231065+00:00,2.2584872
2025-07-14 15:14:42.374834+00:00,2.258487
2025-07-14 15:14:54.737762+00:00,2.2584879
2025-07-14 15:15:12.817447+00:00,2.2584877
2025-07-14 15:15:20.580710+00:00,2.2584875
2025-07-14 15:15:32.968581+00:00,2.2584869
2025-07-14 15:15:46.366387+00:00,2.2584873
2025-07-14 15:15:59.109826+00:00,2.258487
2025-07-14 15:16:12.202401+00:00,2.2584872
2025-07-14 15:16:24.739784+00:00,2.2584868
2025-07-14 15:16:38.215682+00:00,2.2584868
2025-07-14 15:16:49.909005+00:00,2.2584877
2025-07-14 15:17:03.226127+00:00,2.2584873
2025-07-14 15:17:16.071323+00:00,2.258487
2025-07-14 15:17:27.942202+00:00,2.2584866
2025-07-14 15:17:40.459580+00:00,2.2584868
2025-07-14 15:17:53.274566+00:00,2.2584874
2025-07-14 15:18:09.505458+00:00,2.258487
2025-07-14 15:18:21.725135+00:00,2.2584869
2025-07-14 15:18:32.004568+00:00,2.2584869
2025-07-14 15:18:43.625489+00:00,2.2584869
2025-07-14 15:18:56.333441+00:00,2.2584872
2025-07-14 15:19:09.236600+00:00,2.2584872
2025-07-14 15:19:22.127067+00:00,2.2584873
2025-07-14 15:19:33.960535+00:00,2.2584871
2025-07-14 15:19:46.383541+00:00,2.2584871
2025-07-14 15:19:58.604951+00:00,2.2584873
2025-07-14 15:20:18.802874+00:00,2.2584873
2025-07-14 15:20:24.736114+00:00,2.2584877
2025-07-14 15:20:36.685781+00:00,2.258487
2025-07-14 15:20:48.988937+00:00,2.2584874
2025-07-14 15:21:01.908592+00:00,2.2584874
2025-07-14 15:21:14.304677+00:00,2.2584876
2025-07-14 15:21:27.210709+00:00,2.2584869
2025-07-14 15:21:51.455309+00:00,2.2584868
2025-07-14 15:22:10.251636+00:00,2.258487
2025-07-14 15:22:29.677294+00:00,2.2584875
2025-07-14 15:22:41.514419+00:00,2.258487
2025-07-14 15:22:54.063489+00:00,2.2584871
2025-07-14 15:23:06.997837+00:00,2.258487
2025-07-14 15:23:19.616531+00:00,2.2584867
2025-07-14 15:23:32.732500+00:00,2.2584869
2025-07-14 15:23:45.567697+00:00,2.2584874
2025-07-14 15:23:57.652477+00:00,2.2584871
2025-07-14 15:24:11.030931+00:00,2.2584875
2025-07-14 15:24:23.694514+00:00,2.2584868
2025-07-14 15:24:39.144350+00:00,2.2584871
2025-07-14 15:24:51.597264+00:00,2.258487
2025-07-14 15:25:01.911208+00:00,2.2584869
2025-07-14 15:25:14.085145+00:00,2.2584876
2025-07-14 15:25:27.057782+00:00,2.2584872
2025-07-14 15:25:39.317850+00:00,2.2584877
2025-07-14 15:25:51.796879+00:00,2.2584873
2025-07-14 15:26:04.252932+00:00,2.2584874
2025-07-14 15:26:17.373947+00:00,2.2584874
2025-07-14 15:26:29.262179+00:00,2.2584867
2025-07-14 15:27:34.066773+00:00,2.2584864
2025-07-14 15:27:56.159290+00:00,2.2584871
2025-07-14 15:28:09.109121+00:00,2.2584866
2025-07-14 15:28:22.807482+00:00,2.2584875
2025-07-14 15:28:34.740725+00:00,2.2584869
2025-07-14 15:30:02.712517+00:00,2.2584861
2025-07-14 15:30:27.053162+00:00,2.2584872
2025-07-14 15:30:56.808726+00:00,2.2584879
2025-07-14 15:31:05.070139+00:00,2.2584879
2025-07-14 15:31:43.061353+00:00,2.2584868
2025-07-14 15:32:09.422849+00:00,2.2584873
2025-07-14 15:32:23.244387+00:00,2.2584859
2025-07-14 15:32:46.805718+00:00,2.258486
2025-07-14 15:32:59.292696+00:00,2.2584872
2025-07-14 15:33:12.806128+00:00,2.2584876
2025-07-14 15:33:24.861226+00:00,2.2584869
2025-07-14 15:33:37.634087+00:00,2.2584877
2025-07-14 15:34:03.915705+00:00,2.2584861
2025-07-14 15:34:15.965370+00:00,2.2584876
2025-07-14 15:35:55.524207+00:00,2.258486
2025-07-14 16:32:45.976685+00:00,2.2584874
2025-07-14 16:33:20.713188+00:00,2.2584859
2025-07-14 16:33:50.814451+00:00,2.2584866
2025-07-14 16:34:35.429013+00:00,2.2584874
2025-07-14 16:34:48.864828+00:00,2.2584868
2025-07-14 16:35:13.579718+00:00,2.2584873
2025-07-14 16:35:26.387639+00:00,2.2584876
2025-07-14 16:35:41.998628+00:00,2.2584876
2025-07-14 16:35:51.902511+00:00,2.2584861
2025-07-14 16:36:17.470221+00:00,2.2584869
2025-07-14 16:36:32.442545+00:00,2.2584875
2025-07-14 16:37:08.402861+00:00,2.2584878
2025-07-14 16:37:20.656122+00:00,2.2584879
2025-07-14 16:37:34.223369+00:00,2.2584868
2025-07-14 16:37:58.909474+00:00,2.2584869
2025-07-14 16:38:11.902064+00:00,2.2584866
2025-07-14 16:38:24.053866+00:00,2.2584877
2025-07-14 16:38:37.332864+00:00,2.2584877
2025-07-14 16:39:08.529941+00:00,2.2584862
2025-07-14 16:40:05.660111+00:00,2.2584866
2025-07-14 16:40:41.771053+00:00,2.2584869
2025-07-14 16:41:20.642079+00:00,2.2584875
2025-07-14 16:41:44.801292+00:00,2.2584873
2025-07-14 16:41:57.389568+00:00,2.2584868
2025-07-14 16:42:34.770995+00:00,2.2584871
2025-07-14 16:43:12.568438+00:00,2.2584862
2025-07-14 16:43:37.541341+00:00,2.2584874
2025-07-14 16:44:04.035868+00:00,2.2584874
2025-07-14 16:44:27.691022+00:00,2.2584882
2025-07-14 16:44:40.465418+00:00,2.2584874
2025-07-14 16:44:52.999811+00:00,2.258487
2025-07-14 16:45:05.954039+00:00,2.2584876
2025-07-14 16:45:18.590928+00:00,2.2584875
2025-07-14 16:45:32.115183+00:00,2.2584876
2025-07-14 16:45:44.292044+00:00,2.2584872
2025-07-14 16:45:56.496228+00:00,2.2584858
2025-07-14 16:46:09.205641+00:00,2.2584877
2025-07-14 16:46:23.176198+00:00,2.2584873
2025-07-14 16:46:34.442459+00:00,2.2584866
2025-07-14 16:46:59.452849+00:00,2.2584874
2025-07-14 16:47:12.310944+00:00,2.2584871
2025-07-14 16:47:50.304398+00:00,2.2584865
2025-07-14 16:48:16.392858+00:00,2.258487
2025-07-14 16:48:27.436963+00:00,2.2584872
2025-07-14 16:48:41.172006+00:00,2.2584875
2025-07-14 16:48:52.599124+00:00,2.2584869
2025-07-14 16:49:05.389270+00:00,2.2584861
2025-07-14 16:49:18.070557+00:00,2.2584874
2025-07-14 16:49:56.954060+00:00,2.258486
2025-07-14 16:51:10.065494+00:00,2.2584866
2025-07-14 16:51:34.917912+00:00,2.2584862
2025-07-14 16:52:12.631484+00:00,2.2584868
2025-07-14 16:53:30.199464+00:00,2.2584866
2025-07-14 16:53:41.066394+00:00,2.2584869
2025-07-14 16:54:09.585092+00:00,2.2584869
2025-07-14 16:54:32.110260+00:00,2.2584864
2025-07-14 16:54:46.844958+00:00,2.2584876
2025-07-14 16:55:09.476957+00:00,2.2584875
2025-07-14 16:57:42.061178+00:00,2.2584877
2025-07-14 16:58:17.202828+00:00,2.2584875
2025-07-14 16:58:29.504250+00:00,2.2584875
2025-07-14 16:58:42.819367+00:00,2.2584874
2025-07-14 16:58:56.411339+00:00,2.258487
2025-07-14 16:59:20.933274+00:00,2.258487
2025-07-14 16:59:59.853556+00:00,2.2584874
2025-07-14 17:00:13.059755+00:00,2.2584866
2025-07-14 17:00:36.485111+00:00,2.2584878
2025-07-14 17:00:48.001544+00:00,2.2584868
2025-07-14 17:01:03.312109+00:00,2.2584878
2025-07-14 17:01:13.235274+00:00,2.2584877
2025-07-14 17:01:25.319318+00:00,2.2584881
2025-07-14 17:01:37.976941+00:00,2.2584878
2025-07-14 17:01:50.968784+00:00,2.258487
2025-07-14 17:02:03.778714+00:00,2.2584877
2025-07-14 17:02:16.829884+00:00,2.2584877
2025-07-14 17:02:30.036238+00:00,2.2584867
2025-07-14 17:02:41.678036+00:00,2.2584872
2025-07-14 17:02:56.232075+00:00,2.2584876
2025-07-14 17:03:19.991136+00:00,2.2584876
2025-07-14 17:03:36.248806+00:00,2.2584874
2025-07-14 17:03:46.754812+00:00,2.2584873
2025-07-14 17:03:58.526639+00:00,2.258487
2025-07-14 17:04:10.762506+00:00,2.2584875
2025-07-14 17:04:22.804348+00:00,2.2584868
2025-07-14 17:04:35.587645+00:00,2.2584878
2025-07-14 17:04:48.794715+00:00,2.2584878
2025-07-14 17:05:01.511624+00:00,2.2584877
2025-07-14 17:05:13.612447+00:00,2.258487
2025-07-14 17:05:28.111437+00:00,2.2584875
2025-07-14 17:05:38.428031+00:00,2.2584877
2025-07-14 17:05:50.361061+00:00,2.2584876
2025-07-14 17:06:14.976020+00:00,2.2584875
2025-07-14 17:06:27.569205+00:00,2.2584867
2025-07-14 17:06:40.384389+00:00,2.2584875
2025-07-14 17:06:52.752624+00:00,2.2584878
2025-07-14 17:07:06.000379+00:00,2.2584875
2025-07-14 17:07:18.001065+00:00,2.2584874
2025-07-14 17:07:30.666468+00:00,2.2584878
2025-07-14 17:07:42.984459+00:00,2.2584871
2025-07-14 17:07:55.457361+00:00,2.2584874
2025-07-14 17:08:09.422473+00:00,2.258487
2025-07-14 17:08:22.009196+00:00,2.2584871
2025-07-14 17:08:34.138143+00:00,2.258487
2025-07-14 17:08:46.213984+00:00,2.2584877
2025-07-14 17:08:58.658699+00:00,2.2584877
2025-07-14 17:09:11.266083+00:00,2.2584872
2025-07-14 17:09:23.602709+00:00,2.2584877
2025-07-14 17:09:35.758121+00:00,2.2584873
2025-07-14 17:10:01.031129+00:00,2.2584872
2025-07-14 17:10:14.120188+00:00,2.2584874
2025-07-14 17:10:28.364931+00:00,2.2584876
2025-07-14 17:10:38.918891+00:00,2.2584875
2025-07-14 17:10:51.206339+00:00,2.2584873
2025-07-14 17:11:04.092818+00:00,2.2584874
2025-07-14 17:11:17.048069+00:00,2.2584874
2025-07-14 17:11:29.476209+00:00,2.2584876
2025-07-14 17:11:43.201963+00:00,2.2584871
2025-07-14 17:11:55.037912+00:00,2.2584875
2025-07-14 17:12:07.957750+00:00,2.2584878
2025-07-14 17:12:20.455713+00:00,2.2584877
2025-07-14 17:12:37.162424+00:00,2.2584877
2025-07-14 17:12:46.248571+00:00,2.2584871
2025-07-14 17:12:58.052820+00:00,2.2584874
2025-07-14 17:13:11.161265+00:00,2.2584872
2025-07-14 17:13:23.327183+00:00,2.2584876
2025-07-14 17:13:36.032160+00:00,2.2584874
2025-07-14 17:13:48.793515+00:00,2.2584873
2025-07-14 17:14:01.864152+00:00,2.2584872
2025-07-14 17:14:15.346335+00:00,2.2584874
2025-07-14 17:14:26.354210+00:00,2.2584875
2025-07-14 17:14:38.718507+00:00,2.2584876
2025-07-14 17:14:51.086957+00:00,2.2584874
2025-07-14 17:15:03.200353+00:00,2.2584882
2025-07-14 17:15:17.225695+00:00,2.2584872
2025-07-14 17:15:30.794125+00:00,2.2584874
2025-07-14 17:15:40.568059+00:00,2.258488
2025-07-14 17:15:52.786028+00:00,2.2584871
2025-07-14 17:16:05.368450+00:00,2.2584873
2025-07-14 17:16:17.669282+00:00,2.2584873
2025-07-14 17:16:30.476476+00:00,2.2584873
2025-07-14 17:16:43.741941+00:00,2.2584881
2025-07-14 17:16:55.914938+00:00,2.2584877
2025-07-14 17:17:11.573547+00:00,2.2584879
2025-07-14 17:17:20.605105+00:00,2.2584873
2025-07-14 17:17:33.818806+00:00,2.2584876
2025-07-14 17:17:46.054790+00:00,2.2584873
2025-07-14 17:17:58.197913+00:00,2.2584875
2025-07-14 17:18:11.032108+00:00,2.2584872
2025-07-14 17:18:23.617167+00:00,2.2584878
2025-07-14 17:18:38.122887+00:00,2.2584871
2025-07-14 17:18:49.517565+00:00,2.2584879
2025-07-14 17:19:01.875562+00:00,2.2584869
2025-07-14 17:19:14.011552+00:00,2.2584871
2025-07-14 17:19:25.726170+00:00,2.2584878
2025-07-14 17:19:40.002132+00:00,2.2584878
2025-07-14 17:19:50.917090+00:00,2.2584876
2025-07-14 17:20:03.903812+00:00,2.2584872
2025-07-14 17:20:16.480690+00:00,2.2584874
2025-07-14 17:20:28.700188+00:00,2.2584872
2025-07-14 17:20:43.661453+00:00,2.2584874
2025-07-14 17:20:53.872180+00:00,2.2584873
2025-07-14 17:21:06.728307+00:00,2.2584874
2025-07-14 17:21:19.412242+00:00,2.2584877
2025-07-14 17:21:34.348389+00:00,2.2584875
2025-07-14 17:21:44.941508+00:00,2.2584873
2025-07-14 17:22:07.072171+00:00,2.2584875
2025-07-14 17:22:10.833495+00:00,2.2584879
2025-07-14 17:22:23.291141+00:00,2.2584877
2025-07-14 17:22:35.882376+00:00,2.258487
2025-07-14 17:22:49.134837+00:00,2.2584878
2025-07-14 17:23:01.842149+00:00,2.2584872
2025-07-14 17:23:13.855122+00:00,2.2584871
2025-07-14 17:23:26.336513+00:00,2.2584875
2025-07-14 17:23:38.906175+00:00,2.2584871
2025-07-14 17:23:52.166946+00:00,2.2584877
2025-07-14 17:24:04.239110+00:00,2.2584873
2025-07-14 17:24:17.231317+00:00,2.2584877
2025-07-14 17:24:29.174865+00:00,2.2584877
2025-07-14 17:24:42.084448+00:00,2.2584877
2025-07-14 17:24:55.556353+00:00,2.2584876
2025-07-14 17:25:06.926438+00:00,2.2584871
2025-07-14 17:25:19.328822+00:00,2.2584878
2025-07-14 17:25:31.602833+00:00,2.2584873
2025-07-14 17:25:43.666376+00:00,2.2584869
2025-07-14 17:25:57.575882+00:00,2.2584878
2025-07-14 17:26:09.585579+00:00,2.2584873
2025-07-14 17:26:21.345809+00:00,2.2584874
2025-07-14 17:26:34.030124+00:00,2.2584874
2025-07-14 17:26:47.054810+00:00,2.2584876
2025-07-14 17:27:02.512034+00:00,2.2584872
2025-07-14 17:27:12.055920+00:00,2.2584879
2025-07-14 17:27:24.268745+00:00,2.2584875
2025-07-14 17:27:36.845207+00:00,2.2584871
2025-07-14 17:27:50.945706+00:00,2.258487
2025-07-14 17:28:06.348833+00:00,2.2584879
2025-07-14 17:28:18.757627+00:00,2.2584877
2025-07-14 17:28:27.569648+00:00,2.2584876
2025-07-14 17:28:39.426252+00:00,2.2584874
2025-07-14 17:28:52.492380+00:00,2.2584879
2025-07-14 17:29:06.213858+00:00,2.2584874
2025-07-14 17:29:17.235001+00:00,2.2584881
2025-07-14 17:29:30.042396+00:00,2.2584875
2025-07-14 17:29:42.272202+00:00,2.2584873
2025-07-14 17:29:55.355269+00:00,2.2584877
2025-07-14 17:30:09.063243+00:00,2.2584878
2025-07-14 17:30:21.380935+00:00,2.2584873
2025-07-14 17:30:33.843025+00:00,2.2584875
2025-07-14 17:30:47.837432+00:00,2.2584877
2025-07-14 17:30:59.053586+00:00,2.2584874
2025-07-14 17:31:14.213509+00:00,2.2584871
2025-07-14 17:31:24.172546+00:00,2.2584874
2025-07-14 17:31:37.125446+00:00,2.2584873
2025-07-14 17:31:49.769812+00:00,2.2584869
2025-07-14 17:32:04.353507+00:00,2.2584873
2025-07-14 17:32:15.610010+00:00,2.2584874
2025-07-14 17:32:27.838464+00:00,2.2584871
2025-07-14 17:32:40.673965+00:00,2.2584876
2025-07-14 17:32:52.695281+00:00,2.2584873
2025-07-14 17:33:11.392843+00:00,2.2584877
2025-07-14 17:33:17.819964+00:00,2.2584872
2025-07-14 17:33:31.076143+00:00,2.2584872
2025-07-14 17:33:42.762778+00:00,2.2584875
2025-07-14 17:34:01.825743+00:00,2.2584881
2025-07-14 17:34:08.701063+00:00,2.2584876
2025-07-14 17:34:20.581585+00:00,2.2584874
2025-07-14 17:34:33.481194+00:00,2.2584877
2025-07-14 17:34:46.042706+00:00,2.2584872
2025-07-14 17:34:57.459057+00:00,2.2584876
2025-07-14 17:35:10.773826+00:00,2.2584878
2025-07-14 17:35:23.748367+00:00,2.2584873
2025-07-14 17:35:40.661009+00:00,2.2584878
2025-07-14 17:35:48.122658+00:00,2.2584875
2025-07-14 17:36:00.662676+00:00,2.2584874
2025-07-14 17:36:14.599506+00:00,2.2584872
2025-07-14 17:36:25.201847+00:00,2.2584872
2025-07-14 17:36:38.315343+00:00,2.2584871
2025-07-14 17:36:51.734023+00:00,2.2584873
2025-07-14 17:37:03.326711+00:00,2.2584876
2025-07-14 17:37:16.528294+00:00,2.2584875
2025-07-14 17:37:28.377374+00:00,2.2584872
2025-07-14 17:37:40.987455+00:00,2.2584875
2025-07-14 17:37:54.081861+00:00,2.2584874
2025-07-14 17:38:07.485232+00:00,2.2584872
2025-07-14 17:38:20.429646+00:00,2.2584872
2025-07-14 17:38:34.080670+00:00,2.2584871
2025-07-14 17:38:44.669471+00:00,2.2584873
2025-07-14 17:38:57.966580+00:00,2.2584879
2025-07-14 17:39:10.947077+00:00,2.2584874
2025-07-14 17:39:22.689362+00:00,2.2584871
2025-07-14 17:39:35.260978+00:00,2.2584869
2025-07-14 17:39:48.779461+00:00,2.2584879
2025-07-14 17:40:00.812907+00:00,2.2584876
2025-07-14 17:40:13.595306+00:00,2.2584877
2025-07-14 17:40:26.641038+00:00,2.2584876
2025-07-14 17:40:40.164249+00:00,2.2584871
2025-07-14 17:40:50.972049+00:00,2.2584878
2025-07-14 17:41:04.012271+00:00,2.258488
2025-07-14 17:41:16.759168+00:00,2.2584873
2025-07-14 17:41:28.352698+00:00,2.2584879
2025-07-14 17:41:40.719298+00:00,2.2584873
2025-07-14 17:41:53.111998+00:00,2.2584876
2025-07-14 17:42:08.422231+00:00,2.2584875
2025-07-14 17:42:18.776630+00:00,2.258488
2025-07-14 17:42:31.502681+00:00,2.2584881
2025-07-14 17:42:43.841271+00:00,2.2584872
2025-07-14 17:42:56.084285+00:00,2.2584879
2025-07-14 17:43:08.792248+00:00,2.2584874
2025-07-14 17:43:21.375654+00:00,2.2584873
2025-07-14 17:43:33.796211+00:00,2.258488
2025-07-14 17:43:46.750782+00:00,2.2584871
2025-07-14 17:43:58.874009+00:00,2.258488
2025-07-14 17:44:12.724876+00:00,2.2584874
2025-07-14 17:44:24.175740+00:00,2.2584873
2025-07-14 17:44:36.551095+00:00,2.2584876
2025-07-14 17:44:48.830773+00:00,2.258487
2025-07-14 17:45:01.739488+00:00,2.2584878
2025-07-14 17:45:14.774689+00:00,2.2584873
2025-07-14 17:45:26.610952+00:00,2.2584875
2025-07-14 17:45:39.146846+00:00,2.258487
2025-07-14 17:45:51.747730+00:00,2.2584878
2025-07-14 17:46:04.093676+00:00,2.2584876
2025-07-14 17:46:16.963821+00:00,2.2584877
2025-07-14 17:46:33.852222+00:00,2.2584873
2025-07-14 17:46:41.868130+00:00,2.2584876
2025-07-14 17:46:54.079389+00:00,2.2584874
2025-07-14 17:47:07.431308+00:00,2.2584874
2025-07-14 17:47:19.621231+00:00,2.2584878
2025-07-14 17:47:32.645941+00:00,2.2584871
2025-07-14 17:47:45.136287+00:00,2.2584875
2025-07-14 17:47:59.993503+00:00,2.2584875
2025-07-14 17:48:11.178049+00:00,2.2584873
2025-07-14 17:48:23.331282+00:00,2.2584875
2025-07-14 17:48:35.927728+00:00,2.2584876
2025-07-14 17:48:48.996371+00:00,2.2584877
2025-07-14 17:49:01.110448+00:00,2.2584874
2025-07-14 17:49:13.578924+00:00,2.2584873
2025-07-14 17:49:26.080156+00:00,2.258487
2025-07-14 17:49:38.515478+00:00,2.2584874
2025-07-14 17:49:54.550341+00:00,2.2584875
2025-07-14 17:50:03.842057+00:00,2.2584869
2025-07-14 17:50:16.025557+00:00,2.2584873
2025-07-14 17:50:28.909225+00:00,2.2584873
2025-07-14 17:50:40.939703+00:00,2.2584878
2025-07-14 17:50:52.998206+00:00,2.2584871
2025-07-14 17:51:07.405656+00:00,2.2584872
2025-07-14 17:51:18.387803+00:00,2.2584874
2025-07-14 17:51:30.515033+00:00,2.2584878
2025-07-14 17:51:43.948439+00:00,2.2584876
2025-07-14 17:51:55.672406+00:00,2.2584875
2025-07-14 17:52:08.497969+00:00,2.2584878
2025-07-14 17:52:20.502731+00:00,2.2584876
2025-07-14 17:52:34.444781+00:00,2.2584877
2025-07-14 17:52:45.769308+00:00,2.2584881
2025-07-14 17:53:01.738173+00:00,2.2584881
2025-07-14 17:53:11.080571+00:00,2.2584874
2025-07-14 17:53:23.791565+00:00,2.2584877
2025-07-14 17:53:35.893648+00:00,2.2584871
2025-07-14 17:53:49.296899+00:00,2.2584879
2025-07-14 17:54:01.260635+00:00,2.2584879
2025-07-14 17:54:14.385233+00:00,2.2584877
2025-07-14 17:54:27.504983+00:00,2.2584877
2025-07-14 17:54:38.962421+00:00,2.2584875
2025-07-14 17:54:51.796163+00:00,2.2584877
2025-07-14 17:55:04.759619+00:00,2.2584871
2025-07-14 17:55:16.808931+00:00,2.2584872
2025-07-14 17:55:38.242496+00:00,2.2584875
2025-07-14 17:55:42.066350+00:00,2.2584878
2025-07-14 17:55:54.136570+00:00,2.2584871
2025-07-14 17:56:09.247260+00:00,2.2584873
2025-07-14 17:56:20.417884+00:00,2.2584875
2025-07-14 17:56:32.493076+00:00,2.2584875
2025-07-14 17:56:45.495576+00:00,2.2584872
2025-07-14 17:56:58.586175+00:00,2.258487
2025-07-14 17:57:10.802451+00:00,2.2584866
2025-07-14 17:57:23.062661+00:00,2.2584874
2025-07-14 17:57:35.800900+00:00,2.2584875
2025-07-14 17:57:48.488694+00:00,2.2584879
2025-07-14 17:58:01.971162+00:00,2.2584878
2025-07-14 17:58:13.829226+00:00,2.2584873
2025-07-14 17:58:26.842418+00:00,2.2584875
2025-07-14 17:58:38.734945+00:00,2.2584872
2025-07-14 17:58:51.662244+00:00,2.2584874
2025-07-14 17:59:04.010132+00:00,2.2584874
2025-07-14 17:59:17.019386+00:00,2.2584875
2025-07-14 17:59:28.779179+00:00,2.2584879
2025-07-14 17:59:40.840565+00:00,2.2584872
2025-07-14 17:59:53.374953+00:00,2.2584875
2025-07-14 18:00:09.996891+00:00,2.2584874
2025-07-14 18:00:18.233902+00:00,2.258487
2025-07-14 18:00:30.651044+00:00,2.2584876
2025-07-14 18:00:42.875751+00:00,2.258488
2025-07-14 18:00:56.412490+00:00,2.2584871
2025-07-14 18:01:08.025914+00:00,2.2584872
2025-07-14 18:01:20.728496+00:00,2.2584871
2025-07-14 18:01:32.607992+00:00,2.2584877
2025-07-14 18:01:44.927516+00:00,2.2584875
2025-07-14 18:01:58.752056+00:00,2.2584877
2025-07-14 18:02:10.306313+00:00,2.2584873
2025-07-14 18:02:23.203649+00:00,2.2584876
2025-07-14 18:02:36.319237+00:00,2.2584869
2025-07-14 18:02:48.429361+00:00,2.2584873
2025-07-14 18:03:03.573422+00:00,2.258487
2025-07-14 18:03:13.895765+00:00,2.2584875
2025-07-14 18:03:29.216687+00:00,2.2584876
2025-07-14 18:03:38.052068+00:00,2.2584874
2025-07-14 18:03:50.801365+00:00,2.2584877
2025-07-14 18:04:08.120293+00:00,2.2584871
2025-07-14 18:04:17.211261+00:00,2.2584876
2025-07-14 18:04:29.419505+00:00,2.2584873
2025-07-14 18:04:40.996061+00:00,2.2584876
2025-07-14 18:04:52.891894+00:00,2.2584878
2025-07-14 18:05:05.752161+00:00,2.2584876
2025-07-14 18:05:17.923728+00:00,2.2584875
2025-07-14 18:05:32.601923+00:00,2.2584877
2025-07-14 18:05:42.791285+00:00,2.2584876
2025-07-14 18:05:55.526512+00:00,2.2584877
2025-07-14 18:06:08.676818+00:00,2.2584878
2025-07-14 18:06:21.764022+00:00,2.2584874
2025-07-14 18:06:35.537704+00:00,2.2584877
2025-07-14 18:06:46.756127+00:00,2.2584873
2025-07-14 18:06:59.333417+00:00,2.2584876
2025-07-14 18:07:12.732684+00:00,2.2584873
2025-07-14 18:07:24.756416+00:00,2.2584877
2025-07-14 18:07:38.083593+00:00,2.2584876
2025-07-14 18:07:50.123138+00:00,2.2584869
2025-07-14 18:08:02.822931+00:00,2.2584872
2025-07-14 18:08:15.330279+00:00,2.2584874
2025-07-14 18:08:27.887144+00:00,2.2584868
2025-07-14 18:08:53.666171+00:00,2.2584876
2025-07-14 18:09:05.951164+00:00,2.258487
2025-07-14 18:09:18.273874+00:00,2.2584876
2025-07-14 18:09:30.613536+00:00,2.2584883
2025-07-14 18:09:44.464150+00:00,2.2584874
2025-07-14 18:09:55.284420+00:00,2.2584879
2025-07-14 18:10:07.902953+00:00,2.2584876
2025-07-14 18:10:20.478365+00:00,2.2584876
2025-07-14 18:10:48.002570+00:00,2.2584872
2025-07-14 18:10:57.857727+00:00,2.2584868
2025-07-14 18:11:10.748788+00:00,2.2584878
2025-07-14 18:11:23.594374+00:00,2.2584873
2025-07-14 18:11:35.541057+00:00,2.2584876
2025-07-14 18:11:52.652337+00:00,2.2584874
2025-07-14 18:12:00.602650+00:00,2.2584878
2025-07-14 18:12:27.918531+00:00,2.2584879
2025-07-14 18:12:38.532695+00:00,2.2584876
2025-07-14 18:12:52.297567+00:00,2.2584867
2025-07-14 18:13:03.707130+00:00,2.2584875
2025-07-14 18:13:28.457929+00:00,2.2584874
2025-07-14 18:13:40.707927+00:00,2.2584873
2025-07-14 18:13:54.148919+00:00,2.2584876
2025-07-14 18:14:18.145430+00:00,2.2584878
2025-07-14 18:14:30.855747+00:00,2.2584875
2025-07-14 18:14:56.856046+00:00,2.2584871
2025-07-14 18:15:08.145504+00:00,2.2584872
2025-07-14 18:15:21.737163+00:00,2.2584874
2025-07-14 18:15:34.406324+00:00,2.2584874
2025-07-14 18:15:46.252030+00:00,2.2584879
2025-07-14 18:15:59.204431+00:00,2.2584877
2025-07-14 18:16:12.358344+00:00,2.2584877
2025-07-14 18:16:24.643313+00:00,2.2584873
2025-07-14 18:16:36.967189+00:00,2.258487
2025-07-14 18:16:49.937766+00:00,2.2584878
2025-07-14 18:17:02.689682+00:00,2.2584873
2025-07-14 18:17:14.991044+00:00,2.2584874
2025-07-14 18:17:27.679067+00:00,2.2584879
2025-07-14 18:17:40.307109+00:00,2.2584878
2025-07-14 18:17:52.733175+00:00,2.2584879
2025-07-14 18:18:06.182577+00:00,2.2584877
2025-07-14 18:18:18.530631+00:00,2.2584878
2025-07-14 18:18:31.390918+00:00,2.2584879
2025-07-14 18:18:43.322538+00:00,2.2584874
2025-07-14 18:19:08.470064+00:00,2.2584877
2025-07-14 18:19:20.354446+00:00,2.2584876
2025-07-14 18:19:32.681949+00:00,2.2584875
2025-07-14 18:19:57.111149+00:00,2.2584872
2025-07-14 18:20:14.330094+00:00,2.2584876
2025-07-14 18:20:22.580171+00:00,2.2584879
2025-07-14 18:20:35.120065+00:00,2.2584877
2025-07-14 18:20:47.897162+00:00,2.2584875
2025-07-14 18:21:01.362771+00:00,2.2584878
2025-07-14 18:21:13.268001+00:00,2.2584877
2025-07-14 18:21:25.463563+00:00,2.2584873
2025-07-14 18:21:37.118515+00:00,2.2584872
2025-07-14 18:21:49.652859+00:00,2.2584875
2025-07-14 18:22:02.592655+00:00,2.2584877
2025-07-14 18:22:15.450140+00:00,2.2584875
2025-07-14 18:22:27.512707+00:00,2.258488
2025-07-14 18:22:40.331322+00:00,2.2584869
2025-07-14 18:22:53.592991+00:00,2.2584874
2025-07-14 18:23:08.499992+00:00,2.2584872
2025-07-14 18:23:20.330516+00:00,2.2584878
2025-07-14 18:23:30.669061+00:00,2.2584877
2025-07-14 18:23:43.638122+00:00,2.2584873
2025-07-14 18:23:54.474295+00:00,2.2584872
2025-07-14 18:24:10.728142+00:00,2.2584873
2025-07-14 18:24:20.983469+00:00,2.2584878
2025-07-14 18:24:32.275193+00:00,2.2584872
2025-07-14 18:24:47.316806+00:00,2.2584876
2025-07-14 18:24:57.372045+00:00,2.2584872
2025-07-14 18:25:12.984419+00:00,2.2584878
2025-07-14 18:25:23.581689+00:00,2.2584879
2025-07-14 18:25:36.061881+00:00,2.2584872
2025-07-14 18:25:48.520474+00:00,2.2584874
2025-07-14 18:26:01.977366+00:00,2.258488
2025-07-14 18:26:14.091587+00:00,2.2584876
2025-07-14 18:26:26.859227+00:00,2.2584874
2025-07-14 18:26:38.878073+00:00,2.258488
2025-07-14 18:26:52.731956+00:00,2.2584873
2025-07-14 18:27:08.915719+00:00,2.2584871
2025-07-14 18:27:17.382735+00:00,2.2584882
2025-07-14 18:27:33.374809+00:00,2.258488
2025-07-14 18:27:41.803200+00:00,2.2584876
2025-07-14 18:27:54.409766+00:00,2.2584878
2025-07-14 18:28:08.885406+00:00,2.2584876
2025-07-14 18:28:19.718227+00:00,2.2584877
2025-07-14 18:28:33.198018+00:00,2.2584875
2025-07-14 18:28:45.741074+00:00,2.2584872
2025-07-14 18:28:57.242129+00:00,2.2584875
2025-07-14 18:29:09.994909+00:00,2.2584873
2025-07-14 18:29:22.147039+00:00,2.2584875
2025-07-14 18:29:34.779080+00:00,2.2584873
2025-07-14 18:29:47.914987+00:00,2.2584884
2025-07-14 18:29:59.326208+00:00,2.2584876
2025-07-14 18:30:30.356568+00:00,2.2584873
2025-07-14 18:30:37.164424+00:00,2.2584871
2025-07-14 18:30:49.987919+00:00,2.2584871
2025-07-14 18:31:02.363253+00:00,2.2584873
2025-07-14 18:31:14.970712+00:00,2.258488
2025-07-14 18:31:27.056129+00:00,2.2584876
2025-07-14 18:31:40.021996+00:00,2.2584876
2025-07-14 18:31:52.009311+00:00,2.2584876
2025-07-14 18:32:05.049810+00:00,2.2584877
2025-07-14 18:32:18.906764+00:00,2.2584875
2025-07-14 18:32:37.596703+00:00,2.2584873
2025-07-14 18:32:41.903757+00:00,2.2584871
2025-07-14 18:32:54.976214+00:00,2.2584874
2025-07-14 18:33:07.342985+00:00,2.2584872
2025-07-14 18:33:19.786396+00:00,2.2584871
2025-07-14 18:33:32.636944+00:00,2.2584877
2025-07-14 18:33:46.440482+00:00,2.2584874
2025-07-14 18:33:57.249451+00:00,2.2584878
2025-07-14 18:34:14.183981+00:00,2.2584872
2025-07-14 18:34:22.694864+00:00,2.2584872
2025-07-14 18:34:35.099298+00:00,2.2584869
2025-07-14 18:34:49.036833+00:00,2.2584873
2025-07-14 18:35:01.355358+00:00,2.258488
2025-07-14 18:35:13.748793+00:00,2.2584872
2025-07-14 18:35:26.665356+00:00,2.2584874
2025-07-14 18:35:39.858432+00:00,2.2584871
2025-07-14 18:35:53.471441+00:00,2.258488
2025-07-14 18:36:04.630452+00:00,2.258488
2025-07-14 18:36:19.338549+00:00,2.2584878
2025-07-14 18:36:29.572883+00:00,2.2584871
2025-07-14 18:36:42.145591+00:00,2.2584871
2025-07-14 18:36:58.440477+00:00,2.2584874
2025-07-14 18:37:13.864931+00:00,2.2584877
2025-07-14 18:37:20.203360+00:00,2.2584875
2025-07-14 18:37:32.963402+00:00,2.2584878
2025-07-14 18:37:46.886119+00:00,2.258487
2025-07-14 18:37:58.849696+00:00,2.2584879
2025-07-14 18:38:14.470445+00:00,2.258487
2025-07-14 18:38:22.902785+00:00,2.2584879
2025-07-14 18:38:34.811651+00:00,2.2584871
2025-07-14 18:38:47.184788+00:00,2.2584874
2025-07-14 18:39:00.408671+00:00,2.2584875
2025-07-14 18:39:11.691669+00:00,2.2584878
2025-07-14 18:39:24.534102+00:00,2.2584874
2025-07-14 18:39:36.418518+00:00,2.2584872
2025-07-14 18:39:49.925980+00:00,2.2584873
2025-07-14 18:40:03.698250+00:00,2.2584875
2025-07-14 18:40:15.450176+00:00,2.2584873
2025-07-14 18:40:27.763030+00:00,2.2584877
2025-07-14 18:40:39.690600+00:00,2.258488
2025-07-14 18:40:56.662597+00:00,2.2584879
2025-07-14 18:41:04.122095+00:00,2.2584874
2025-07-14 18:41:19.906263+00:00,2.2584875
2025-07-14 18:41:28.537596+00:00,2.2584876
2025-07-14 18:41:43.758663+00:00,2.2584871
2025-07-14 18:42:06.438485+00:00,2.2584876
2025-07-14 18:42:18.619337+00:00,2.2584882
2025-07-14 18:42:30.968458+00:00,2.258488
2025-07-14 18:42:43.238388+00:00,2.2584871
2025-07-14 18:42:55.608157+00:00,2.2584873
2025-07-14 18:43:09.297578+00:00,2.2584879
2025-07-14 18:43:20.316267+00:00,2.2584878
2025-07-14 18:43:33.085091+00:00,2.2584877
2025-07-14 18:43:45.575095+00:00,2.2584872
2025-07-14 18:43:57.783375+00:00,2.2584874
2025-07-14 18:44:10.913622+00:00,2.2584877
2025-07-14 18:44:22.652281+00:00,2.2584878
2025-07-14 18:44:35.300263+00:00,2.2584874
2025-07-14 18:44:48.408718+00:00,2.2584877
2025-07-14 18:45:00.822888+00:00,2.2584873
2025-07-14 18:45:13.624838+00:00,2.2584877
2025-07-14 18:45:26.358529+00:00,2.2584873
2025-07-14 18:45:39.376574+00:00,2.2584877
2025-07-14 18:45:52.021869+00:00,2.2584878
2025-07-14 18:46:04.878868+00:00,2.2584873
2025-07-14 18:46:17.677426+00:00,2.2584875
2025-07-14 18:46:29.780784+00:00,2.2584876
2025-07-14 18:46:42.758872+00:00,2.2584878
2025-07-14 18:46:55.391556+00:00,2.2584877
2025-07-14 18:47:08.207292+00:00,2.2584879
2025-07-14 18:47:22.436979+00:00,2.2584879
2025-07-14 18:47:34.404121+00:00,2.258488
2025-07-14 18:47:47.525740+00:00,2.2584872
2025-07-14 18:47:58.267061+00:00,2.2584873
2025-07-14 18:48:13.844980+00:00,2.2584878
2025-07-14 18:48:23.598563+00:00,2.2584881
2025-07-14 18:48:35.753509+00:00,2.2584879
2025-07-14 18:48:50.691648+00:00,2.258487
2025-07-14 18:49:01.694415+00:00,2.2584874
2025-07-14 18:49:13.726279+00:00,2.2584873
2025-07-14 18:49:25.756476+00:00,2.2584879
2025-07-14 18:49:38.530915+00:00,2.2584876
2025-07-14 18:49:50.345127+00:00,2.2584873
2025-07-14 18:50:04.795307+00:00,2.2584872
2025-07-14 18:50:19.674375+00:00,2.2584879
2025-07-14 18:50:31.500437+00:00,2.2584875
2025-07-14 18:50:40.343990+00:00,2.2584877
2025-07-14 18:50:53.599015+00:00,2.2584876
2025-07-14 18:51:04.923705+00:00,2.2584872
2025-07-14 18:51:18.682688+00:00,2.2584874
2025-07-14 18:51:29.478188+00:00,2.2584874
2025-07-14 18:51:42.588564+00:00,2.2584875
2025-07-14 18:51:54.228812+00:00,2.2584873
2025-07-14 18:52:07.140964+00:00,2.2584878
2025-07-14 18:52:19.062846+00:00,2.2584876
2025-07-14 18:52:31.763655+00:00,2.2584878
2025-07-14 18:52:44.056891+00:00,2.2584877
2025-07-14 18:52:56.696005+00:00,2.2584873
2025-07-14 18:53:09.547968+00:00,2.2584877
2025-07-14 18:53:21.628846+00:00,2.2584872
2025-07-14 18:53:47.153224+00:00,2.258488
2025-07-14 18:54:00.015950+00:00,2.2584878
2025-07-14 18:54:13.448785+00:00,2.2584876
2025-07-14 18:54:27.977507+00:00,2.258488
2025-07-14 18:54:43.611764+00:00,2.2584875
2025-07-14 18:54:51.400286+00:00,2.2584872
2025-07-14 18:55:03.866239+00:00,2.2584872
2025-07-14 18:55:16.293066+00:00,2.2584877
2025-07-14 18:55:29.484978+00:00,2.2584881
2025-07-14 18:55:43.269078+00:00,2.2584872
2025-07-14 18:55:53.918898+00:00,2.2584877
2025-07-14 18:56:07.740648+00:00,2.2584876
2025-07-14 18:56:19.650658+00:00,2.2584872
2025-07-14 18:56:32.073800+00:00,2.2584876
2025-07-14 18:56:47.964146+00:00,2.2584876
2025-07-14 18:56:56.919538+00:00,2.2584878
2025-07-14 18:57:09.756496+00:00,2.2584875
2025-07-14 18:57:25.423200+00:00,2.2584878
2025-07-14 18:57:34.926841+00:00,2.2584877
2025-07-14 18:57:47.621440+00:00,2.2584876
2025-07-14 18:57:59.585255+00:00,2.2584872
2025-07-14 18:58:12.093753+00:00,2.2584873
2025-07-14 18:58:24.082491+00:00,2.2584882
2025-07-14 18:58:36.240330+00:00,2.2584878
2025-07-14 18:58:49.124854+00:00,2.2584872
2025-07-14 18:59:01.592078+00:00,2.2584881
2025-07-14 18:59:14.103857+00:00,2.2584881
2025-07-14 18:59:26.412705+00:00,2.2584879
2025-07-14 18:59:40.050340+00:00,2.2584879
2025-07-14 18:59:51.472413+00:00,2.2584877
2025-07-14 19:00:04.067240+00:00,2.2584874
2025-07-14 19:00:18.489290+00:00,2.2584876
2025-07-14 19:00:29.299061+00:00,2.2584877
2025-07-14 19:00:43.408500+00:00,2.2584878
2025-07-14 19:00:54.043677+00:00,2.2584873
2025-07-14 19:01:07.442619+00:00,2.2584872
2025-07-14 19:01:19.286402+00:00,2.2584882
2025-07-14 19:01:31.956171+00:00,2.2584877
2025-07-14 19:01:44.477501+00:00,2.2584871
2025-07-14 19:01:58.008486+00:00,2.2584875
2025-07-14 19:02:09.510731+00:00,2.2584872
2025-07-14 19:02:21.351197+00:00,2.258488
2025-07-14 19:02:34.093384+00:00,2.2584878
2025-07-14 19:02:47.509938+00:00,2.2584878
2025-07-14 19:02:58.823844+00:00,2.2584875
2025-07-14 19:03:13.971455+00:00,2.2584881
2025-07-14 19:03:24.037285+00:00,2.2584874
2025-07-14 19:03:37.304424+00:00,2.2584876
2025-07-14 19:03:49.957163+00:00,2.2584877
2025-07-14 19:04:01.809338+00:00,2.258488
2025-07-14 19:04:14.786216+00:00,2.2584875
2025-07-14 19:04:26.790026+00:00,2.2584873
2025-07-14 19:04:39.375747+00:00,2.2584874
2025-07-14 19:04:52.041672+00:00,2.2584878
2025-07-14 19:05:05.678967+00:00,2.2584875
2025-07-14 19:05:17.915443+00:00,2.258488
2025-07-14 19:05:31.122342+00:00,2.2584876
2025-07-14 19:05:56.697253+00:00,2.2584875
2025-07-14 19:06:08.923220+00:00,2.2584873
2025-07-14 19:06:21.347840+00:00,2.2584874
2025-07-14 19:06:34.213575+00:00,2.2584876
2025-07-14 19:06:46.903939+00:00,2.2584875
2025-07-14 19:06:59.835540+00:00,2.2584878
2025-07-14 19:07:15.349550+00:00,2.2584871
2025-07-14 19:07:24.846332+00:00,2.2584877
2025-07-14 19:07:36.994825+00:00,2.2584872
2025-07-14 19:07:49.471711+00:00,2.2584873
2025-07-14 19:08:03.504365+00:00,2.258488
2025-07-14 19:08:14.418924+00:00,2.2584882
2025-07-14 19:08:26.752761+00:00,2.2584877
2025-07-14 19:08:39.112286+00:00,2.2584882
2025-07-14 19:08:51.382221+00:00,2.2584878
2025-07-14 19:09:04.704292+00:00,2.2584881
2025-07-14 19:09:16.436064+00:00,2.2584873
2025-07-14 19:09:28.747847+00:00,2.2584874
2025-07-14 19:09:41.403963+00:00,2.2584875
2025-07-14 19:09:53.984766+00:00,2.258487
2025-07-14 19:10:08.705084+00:00,2.2584874
2025-07-14 19:10:24.010400+00:00,2.2584872
2025-07-14 19:10:32.394156+00:00,2.2584874
2025-07-14 19:10:44.588825+00:00,2.2584874
2025-07-14 19:10:56.585741+00:00,2.2584875
2025-07-14 19:11:09.185240+00:00,2.2584873
2025-07-14 19:11:21.309428+00:00,2.258488
2025-07-14 19:11:34.474966+00:00,2.2584875
2025-07-14 19:11:46.775707+00:00,2.2584876
2025-07-14 19:11:59.467973+00:00,2.2584875
2025-07-14 19:12:14.380239+00:00,2.2584879
2025-07-14 19:12:23.951319+00:00,2.2584882
2025-07-14 19:12:36.271815+00:00,2.2584875
2025-07-14 19:12:49.131022+00:00,2.2584878
2025-07-14 19:13:01.780716+00:00,2.258488
2025-07-14 19:13:13.871806+00:00,2.2584876
2025-07-14 19:13:26.479173+00:00,2.2584875
2025-07-14 19:13:39.868449+00:00,2.2584868
2025-07-14 19:13:51.839923+00:00,2.2584873
2025-07-14 19:14:05.648651+00:00,2.2584874
2025-07-14 19:14:20.472241+00:00,2.2584872
2025-07-14 19:14:30.512109+00:00,2.2584875
2025-07-14 19:14:45.465800+00:00,2.2584879
2025-07-14 19:14:55.677412+00:00,2.2584873
2025-07-14 19:15:09.374575+00:00,2.2584871
2025-07-14 19:15:21.393940+00:00,2.2584877
2025-07-14 19:15:34.752002+00:00,2.2584874
2025-07-14 19:15:52.554870+00:00,2.2584876
2025-07-14 19:15:59.215837+00:00,2.2584873
2025-07-14 19:16:13.295535+00:00,2.2584873
2025-07-14 19:16:24.236298+00:00,2.2584874
2025-07-14 19:16:36.954939+00:00,2.2584872
2025-07-14 19:16:49.536428+00:00,2.2584877
2025-07-14 19:17:02.403675+00:00,2.2584873
2025-07-14 19:17:19.625244+00:00,2.2584877
2025-07-14 19:17:27.410531+00:00,2.258488
2025-07-14 19:17:39.510572+00:00,2.258487
2025-07-14 19:17:51.720303+00:00,2.2584882
2025-07-14 19:18:04.355055+00:00,2.2584871
2025-07-14 19:18:16.992718+00:00,2.2584878
2025-07-14 19:18:41.561982+00:00,2.2584874
2025-07-14 19:18:55.918463+00:00,2.2584869
2025-07-14 19:19:07.004292+00:00,2.2584876
2025-07-14 19:19:20.752036+00:00,2.2584875
2025-07-14 19:19:31.647688+00:00,2.2584871
2025-07-14 19:19:44.248801+00:00,2.2584877
2025-07-14 19:19:56.943470+00:00,2.258488
2025-07-14 19:20:09.645217+00:00,2.258488
2025-07-14 19:20:22.460292+00:00,2.2584878
2025-07-14 19:20:39.094532+00:00,2.2584875
2025-07-14 19:20:46.994929+00:00,2.2584875
2025-07-14 19:20:58.972747+00:00,2.2584881
2025-07-14 19:21:12.032151+00:00,2.2584878
2025-07-14 19:21:23.849760+00:00,2.2584874
2025-07-14 19:21:36.389194+00:00,2.2584875
2025-07-14 19:21:49.366369+00:00,2.2584872
2025-07-14 19:22:02.275704+00:00,2.2584874
2025-07-14 19:22:14.354133+00:00,2.2584878
2025-07-14 19:22:26.569672+00:00,2.2584876
2025-07-14 19:22:39.351901+00:00,2.2584879
2025-07-14 19:22:51.904808+00:00,2.2584873
2025-07-14 19:23:06.082740+00:00,2.2584876
2025-07-14 19:23:17.538710+00:00,2.2584879
2025-07-14 19:23:30.441101+00:00,2.2584878
2025-07-14 19:23:43.689491+00:00,2.2584872
2025-07-14 19:23:55.879407+00:00,2.258488
2025-07-14 19:24:13.815348+00:00,2.258488
2025-07-14 19:24:21.756411+00:00,2.2584872
2025-07-14 19:24:34.487229+00:00,2.2584874
2025-07-14 19:24:47.780795+00:00,2.2584876
2025-07-14 19:24:59.378765+00:00,2.2584878
2025-07-14 19:25:14.728876+00:00,2.2584874
2025-07-14 19:25:25.180525+00:00,2.2584879
2025-07-14 19:25:37.939654+00:00,2.2584878
2025-07-14 19:25:55.353216+00:00,2.2584873
2025-07-14 19:26:02.984740+00:00,2.2584873
2025-07-14 19:26:15.169164+00:00,2.2584878
2025-07-14 19:26:27.676209+00:00,2.2584876
2025-07-14 19:26:40.042191+00:00,2.2584873
2025-07-14 19:26:52.335181+00:00,2.2584877
2025-07-14 19:27:05.093162+00:00,2.2584875
2025-07-14 19:27:17.529794+00:00,2.258488
2025-07-14 19:27:33.155879+00:00,2.2584878
2025-07-14 19:27:41.920153+00:00,2.2584873
2025-07-14 19:27:54.449174+00:00,2.2584877
2025-07-14 19:28:09.013101+00:00,2.258488
2025-07-14 19:28:19.538063+00:00,2.2584873
2025-07-14 19:28:31.656778+00:00,2.2584875
2025-07-14 19:28:44.259867+00:00,2.2584876
2025-07-14 19:28:56.654864+00:00,2.2584877
2025-07-14 19:29:09.185001+00:00,2.2584877
2025-07-14 19:29:21.370817+00:00,2.2584872
2025-07-14 19:29:34.007255+00:00,2.2584881
2025-07-14 19:29:48.267172+00:00,2.2584878
2025-07-14 19:29:59.095140+00:00,2.2584877
2025-07-14 19:30:11.797759+00:00,2.2584876
2025-07-14 19:30:25.530954+00:00,2.2584873
2025-07-14 19:30:36.628719+00:00,2.2584882
2025-07-14 19:30:49.368836+00:00,2.2584875
2025-07-14 19:31:01.629144+00:00,2.2584874
2025-07-14 19:31:13.913694+00:00,2.258488
2025-07-14 19:31:26.158066+00:00,2.2584881
2025-07-14 19:31:38.288664+00:00,2.2584881
2025-07-14 19:31:50.746560+00:00,2.2584876
2025-07-14 19:32:03.569821+00:00,2.2584871
2025-07-14 19:32:17.514629+00:00,2.2584874
2025-07-14 19:32:31.435092+00:00,2.2584879
2025-07-14 19:32:40.578472+00:00,2.258488
2025-07-14 19:32:53.111712+00:00,2.2584883
2025-07-14 19:33:05.881349+00:00,2.2584873
2025-07-14 19:33:19.756642+00:00,2.2584874
2025-07-14 19:33:32.099733+00:00,2.2584878
2025-07-14 19:33:43.419697+00:00,2.2584882
2025-07-14 19:33:56.243247+00:00,2.2584875
2025-07-14 19:34:09.344494+00:00,2.2584879
2025-07-14 19:34:23.193493+00:00,2.2584869
2025-07-14 19:34:35.107800+00:00,2.2584874
2025-07-14 19:34:47.070491+00:00,2.2584881
2025-07-14 19:34:59.649142+00:00,2.2584875
2025-07-14 19:35:15.115069+00:00,2.2584876
2025-07-14 19:35:25.646165+00:00,2.2584876
2025-07-14 19:35:39.786870+00:00,2.2584873
2025-07-14 19:35:51.319953+00:00,2.258488
2025-07-14 19:36:04.336366+00:00,2.2584873
2025-07-14 19:36:15.570736+00:00,2.2584876
2025-07-14 19:36:28.039147+00:00,2.2584875
2025-07-14 19:36:40.867813+00:00,2.258488
2025-07-14 19:36:53.824072+00:00,2.2584879
2025-07-14 19:37:05.961922+00:00,2.2584876
2025-07-14 19:37:20.226528+00:00,2.2584875
2025-07-14 19:37:29.893845+00:00,2.2584878
2025-07-14 19:37:42.606745+00:00,2.2584881
2025-07-14 19:37:55.145701+00:00,2.2584879
2025-07-14 19:38:32.269871+00:00,2.2584872
2025-07-14 19:38:51.279722+00:00,2.2584874
2025-07-14 19:38:56.672584+00:00,2.2584872
2025-07-14 19:39:10.171045+00:00,2.2584879
2025-07-14 19:39:21.609538+00:00,2.2584881
2025-07-14 19:39:40.544047+00:00,2.2584878
2025-07-14 19:39:48.649932+00:00,2.2584878
2025-07-14 19:40:01.642909+00:00,2.258488
2025-07-14 19:40:11.972316+00:00,2.2584877
2025-07-14 19:40:24.948436+00:00,2.2584878
2025-07-14 19:40:36.998045+00:00,2.2584882
2025-07-14 19:40:50.850833+00:00,2.2584877
2025-07-14 19:41:01.695887+00:00,2.2584876
2025-07-14 19:41:14.173516+00:00,2.2584875
2025-07-14 19:41:26.592825+00:00,2.258487
2025-07-14 19:41:39.061353+00:00,2.2584874
2025-07-14 19:41:51.760586+00:00,2.2584879
2025-07-14 19:42:04.370509+00:00,2.2584876
2025-07-14 19:42:17.026353+00:00,2.2584878
2025-07-14 19:42:29.553165+00:00,2.2584872
2025-07-14 19:42:41.529205+00:00,2.2584874
2025-07-14 19:42:56.212043+00:00,2.258488
2025-07-14 19:43:07.535894+00:00,2.2584878
2025-07-14 19:43:22.390064+00:00,2.258488
2025-07-14 19:43:33.109797+00:00,2.2584878
2025-07-14 19:43:45.183900+00:00,2.2584881
2025-07-14 19:43:59.399044+00:00,2.258488
2025-07-14 19:44:11.949472+00:00,2.2584879
2025-07-14 19:44:23.204036+00:00,2.2584874
2025-07-14 19:44:35.310869+00:00,2.2584875
2025-07-14 19:44:49.833051+00:00,2.2584876
2025-07-14 19:45:03.015510+00:00,2.2584878
2025-07-14 19:45:14.385064+00:00,2.258488
2025-07-14 19:45:27.216726+00:00,2.2584876
2025-07-14 19:45:39.090471+00:00,2.2584878
2025-07-14 19:45:50.806373+00:00,2.2584878
2025-07-14 19:46:04.405711+00:00,2.2584872
2025-07-14 19:46:15.594368+00:00,2.2584881
2025-07-14 19:46:28.933516+00:00,2.2584881
2025-07-14 19:46:40.255428+00:00,2.2584881
2025-07-14 19:46:52.391434+00:00,2.2584873
2025-07-14 19:47:05.953534+00:00,2.258488
2025-07-14 19:47:18.060014+00:00,2.2584876
2025-07-14 19:47:29.918646+00:00,2.2584875
2025-07-14 19:47:42.458948+00:00,2.2584877
2025-07-14 19:47:55.222149+00:00,2.2584875
2025-07-14 19:48:10.004033+00:00,2.2584881
2025-07-14 19:48:22.081367+00:00,2.2584876
2025-07-14 19:48:33.784283+00:00,2.2584878
2025-07-14 19:48:45.137284+00:00,2.2584884
2025-07-14 19:48:57.527033+00:00,2.2584882
2025-07-14 19:49:10.720373+00:00,2.2584878
2025-07-14 19:49:22.462147+00:00,2.258488
2025-07-14 19:49:35.952410+00:00,2.2584875
2025-07-14 19:49:47.698675+00:00,2.2584876
2025-07-14 19:49:59.845500+00:00,2.2584875
2025-07-14 19:50:19.522999+00:00,2.2584874
2025-07-14 19:50:25.027727+00:00,2.2584874
2025-07-14 19:50:37.684935+00:00,2.258488
2025-07-14 19:50:50.267130+00:00,2.2584881
2025-07-14 19:51:06.127091+00:00,2.2584876
2025-07-14 19:51:19.282728+00:00,2.2584876
2025-07-14 19:51:28.282408+00:00,2.258488
2025-07-14 19:51:41.333492+00:00,2.2584883
2025-07-14 19:51:53.620861+00:00,2.2584876
2025-07-14 19:52:07.875728+00:00,2.2584877
2025-07-14 19:52:19.700025+00:00,2.2584875
2025-07-14 19:52:33.114087+00:00,2.2584879
2025-07-14 19:52:44.559587+00:00,2.2584877
2025-07-14 19:52:56.622829+00:00,2.2584873
2025-07-14 19:53:10.116749+00:00,2.2584876
2025-07-14 19:53:22.095008+00:00,2.2584879
2025-07-14 19:53:35.564064+00:00,2.2584881
2025-07-14 19:53:47.164345+00:00,2.2584879
2025-07-14 19:53:59.463856+00:00,2.2584877
2025-07-14 19:54:12.308337+00:00,2.2584881
2025-07-14 19:54:25.149736+00:00,2.2584881
2025-07-14 19:54:36.990382+00:00,2.2584879
2025-07-14 19:54:49.372416+00:00,2.2584881
2025-07-14 19:55:06.957559+00:00,2.2584878
2025-07-14 19:55:14.245667+00:00,2.2584876
2025-07-14 19:55:27.029821+00:00,2.2584878
2025-07-14 19:55:41.430958+00:00,2.2584878
2025-07-14 19:55:52.698725+00:00,2.2584877
2025-07-14 19:56:03.648024+00:00,2.2584877
2025-07-14 19:56:16.646760+00:00,2.2584882
2025-07-14 19:56:28.665243+00:00,2.2584876
2025-07-14 19:56:40.820199+00:00,2.2584877
2025-07-14 19:56:53.188711+00:00,2.2584876
2025-07-14 19:57:17.957140+00:00,2.2584877
2025-07-14 19:57:34.997528+00:00,2.2584874
2025-07-14 19:57:46.857155+00:00,2.2584882
2025-07-14 19:57:55.310081+00:00,2.2584883
2025-07-14 19:58:08.168598+00:00,2.2584874
2025-07-14 19:58:20.346261+00:00,2.2584875
2025-07-14 19:58:33.462584+00:00,2.2584878
2025-07-14 19:58:45.049108+00:00,2.2584877
2025-07-14 19:58:57.933034+00:00,2.2584884
2025-07-14 19:59:10.402794+00:00,2.258488
2025-07-14 19:59:22.180269+00:00,2.2584878
2025-07-14 19:59:34.604430+00:00,2.2584879
2025-07-14 19:59:48.352906+00:00,2.2584882
2025-07-14 20:00:00.063977+00:00,2.2584876
2025-07-14 20:00:16.798963+00:00,2.258488
2025-07-14 20:00:24.275428+00:00,2.2584877
2025-07-14 20:00:50.864533+00:00,2.2584877
2025-07-14 20:01:03.649389+00:00,2.2584882
2025-07-14 20:01:13.973433+00:00,2.2584875
2025-07-14 20:01:26.955978+00:00,2.2584876
2025-07-14 20:01:39.817136+00:00,2.2584881
2025-07-14 20:02:05.247936+00:00,2.2584881
2025-07-14 20:02:18.923810+00:00,2.2584871
2025-07-14 20:02:30.789596+00:00,2.2584874
2025-07-14 20:02:43.234183+00:00,2.2584876
2025-07-14 20:02:56.111890+00:00,2.2584877
2025-07-14 20:03:08.937394+00:00,2.2584878
2025-07-14 20:03:21.419192+00:00,2.2584875
2025-07-14 20:03:34.528230+00:00,2.2584873
2025-07-14 20:03:47.669038+00:00,2.2584878
2025-07-14 20:04:14.021241+00:00,2.2584882
2025-07-14 20:04:24.295593+00:00,2.2584878
2025-07-14 20:04:50.103472+00:00,2.2584864
2025-07-14 20:05:04.364441+00:00,2.2584864
2025-07-14 20:05:16.266362+00:00,2.258488
2025-07-14 20:05:27.451420+00:00,2.2584865
2025-07-14 20:05:41.442784+00:00,2.2584877
2025-07-14 20:05:51.927639+00:00,2.258488
2025-07-14 20:06:16.940696+00:00,2.2584879
2025-07-14 20:06:28.918689+00:00,2.2584877
2025-07-14 20:06:42.016553+00:00,2.2584866
2025-07-14 20:06:53.995117+00:00,2.2584858
2025-07-14 20:07:06.943118+00:00,2.2584874
2025-07-14 20:07:31.366349+00:00,2.2584871
2025-07-14 20:08:09.421424+00:00,2.2584877
2025-07-14 20:08:37.099425+00:00,2.2584875
2025-07-14 20:22:28.026561+00:00,2.2584875
2025-07-14 20:22:51.933188+00:00,2.2584869
2025-07-14 20:22:59.919040+00:00,2.258487
2025-07-14 20:23:13.338976+00:00,2.2584877
2025-07-14 20:23:24.617038+00:00,2.2584874
2025-07-14 20:23:38.332683+00:00,2.2584872
2025-07-14 20:23:50.052050+00:00,2.258488
2025-07-14 20:24:04.304119+00:00,2.2584878
2025-07-14 20:24:15.180017+00:00,2.2584881
2025-07-14 20:24:27.308341+00:00,2.2584876
2025-07-14 20:24:40.143241+00:00,2.2584876
2025-07-14 20:24:52.289018+00:00,2.2584876
2025-07-14 20:25:05.128578+00:00,2.2584877
2025-07-14 20:25:18.260492+00:00,2.2584874
2025-07-14 20:25:30.004004+00:00,2.258488
2025-07-14 20:25:43.103046+00:00,2.2584878
2025-07-14 20:25:54.160432+00:00,2.2584873
2025-07-14 20:26:06.724712+00:00,2.2584876
2025-07-14 20:26:19.305647+00:00,2.2584875
2025-07-14 20:26:31.808917+00:00,2.2584876
2025-07-14 20:26:44.745437+00:00,2.2584873
2025-07-14 20:26:56.337570+00:00,2.2584876
2025-07-14 20:27:09.059559+00:00,2.2584875
2025-07-14 20:27:21.228133+00:00,2.2584877
2025-07-14 20:27:34.405600+00:00,2.2584877
2025-07-14 20:27:47.923570+00:00,2.2584875
2025-07-14 20:27:59.283436+00:00,2.2584879
2025-07-14 20:28:12.212965+00:00,2.2584876
2025-07-14 20:28:24.328372+00:00,2.2584874
2025-07-14 20:28:36.896030+00:00,2.258487
2025-07-14 20:28:51.474369+00:00,2.258487
2025-07-14 20:29:02.306270+00:00,2.2584875
2025-07-14 20:29:14.577708+00:00,2.258487
2025-07-14 20:29:27.318252+00:00,2.258487
2025-07-14 20:29:39.437287+00:00,2.2584872
2025-07-14 20:29:51.890012+00:00,2.2584875
2025-07-14 20:30:07.421695+00:00,2.2584873
2025-07-14 20:30:18.020939+00:00,2.2584874
2025-07-14 20:30:30.058921+00:00,2.258487
2025-07-14 20:30:42.683941+00:00,2.2584881
2025-07-14 20:30:55.127177+00:00,2.2584876
2025-07-14 20:31:08.095710+00:00,2.2584878
2025-07-14 20:31:19.797727+00:00,2.2584878
2025-07-14 20:31:36.858748+00:00,2.2584874
2025-07-14 20:31:46.019060+00:00,2.2584872
2025-07-14 20:31:57.969189+00:00,2.2584871
2025-07-14 20:32:10.665193+00:00,2.2584879
2025-07-14 20:32:23.042181+00:00,2.2584876
2025-07-14 20:32:35.731710+00:00,2.2584876
2025-07-14 20:32:49.633803+00:00,2.2584876
2025-07-14 20:33:01.514900+00:00,2.2584876
2025-07-14 20:33:16.380141+00:00,2.2584881
2025-07-14 20:33:26.405837+00:00,2.2584878
2025-07-14 20:33:38.751480+00:00,2.2584873
2025-07-14 20:33:51.531068+00:00,2.2584873
2025-07-14 20:34:04.211942+00:00,2.2584866
2025-07-14 20:34:28.839050+00:00,2.2584881
2025-07-14 20:34:41.418468+00:00,2.2584881
2025-07-14 20:34:56.558218+00:00,2.2584872
2025-07-14 20:35:07.153108+00:00,2.2584878
2025-07-14 20:35:20.135381+00:00,2.2584878
2025-07-14 20:35:32.379699+00:00,2.2584874
2025-07-14 20:35:44.812349+00:00,2.2584875
2025-07-14 20:35:57.985860+00:00,2.2584872
2025-07-14 20:36:09.545774+00:00,2.2584874
2025-07-14 20:36:22.545659+00:00,2.2584873
2025-07-14 20:36:34.157341+00:00,2.2584878
2025-07-14 20:36:47.335892+00:00,2.2584872
2025-07-14 20:37:02.150088+00:00,2.2584875
2025-07-14 20:37:12.192104+00:00,2.2584873
2025-07-14 20:37:25.031326+00:00,2.2584874
2025-07-14 20:37:36.517884+00:00,2.258487
2025-07-14 20:37:49.233985+00:00,2.2584875
2025-07-14 20:38:01.667562+00:00,2.2584876
2025-07-14 20:38:14.186741+00:00,2.258487
2025-07-14 20:38:27.243413+00:00,2.2584873
2025-07-14 20:38:40.585053+00:00,2.2584875
2025-07-14 20:38:52.152216+00:00,2.2584876
2025-07-14 20:39:04.938217+00:00,2.2584879
2025-07-14 20:39:19.959895+00:00,2.258487
2025-07-14 20:39:31.278372+00:00,2.2584875
2025-07-14 20:39:43.958970+00:00,2.2584876
2025-07-14 20:39:55.652126+00:00,2.258487
2025-07-14 20:40:08.865217+00:00,2.2584871
2025-07-14 20:40:21.986123+00:00,2.2584869
2025-07-14 20:40:35.435323+00:00,2.2584874
2025-07-14 20:40:47.231232+00:00,2.2584875
2025-07-14 20:41:01.313243+00:00,2.2584871
2025-07-14 20:41:12.482238+00:00,2.2584878
2025-07-14 20:41:25.262716+00:00,2.2584874
2025-07-14 20:41:36.973207+00:00,2.2584872
2025-07-14 20:41:49.597007+00:00,2.2584873
2025-07-14 20:42:02.572767+00:00,2.2584872
2025-07-14 20:42:16.766677+00:00,2.2584874
2025-07-14 20:42:27.081294+00:00,2.2584878
2025-07-14 20:42:39.950879+00:00,2.258487
2025-07-14 20:42:54.940293+00:00,2.2584877
2025-07-14 20:43:04.569390+00:00,2.2584877
2025-07-14 20:43:17.324004+00:00,2.2584876
2025-07-14 20:43:29.456275+00:00,2.2584874
2025-07-14 20:43:41.713887+00:00,2.2584874
2025-07-14 20:43:54.644644+00:00,2.2584871
2025-07-14 20:44:07.038399+00:00,2.2584875
2025-07-14 20:44:20.382687+00:00,2.2584875
2025-07-14 20:44:31.673205+00:00,2.258488
2025-07-14 20:44:47.988142+00:00,2.2584874
2025-07-14 20:44:56.267043+00:00,2.2584877
2025-07-14 20:45:08.999484+00:00,2.2584877
2025-07-14 20:45:22.774248+00:00,2.2584877
2025-07-14 20:45:34.523300+00:00,2.2584872
2025-07-14 20:45:47.643488+00:00,2.2584874
2025-07-14 20:45:58.552163+00:00,2.2584873
2025-07-14 20:46:11.571078+00:00,2.258488
2025-07-14 20:46:23.582555+00:00,2.2584878
2025-07-14 20:46:35.736356+00:00,2.2584876
2025-07-14 20:46:48.574671+00:00,2.2584876
2025-07-14 20:47:01.110681+00:00,2.2584876
2025-07-14 20:47:13.436685+00:00,2.2584878
2025-07-14 20:47:25.535532+00:00,2.2584881
2025-07-14 20:47:38.175928+00:00,2.2584873
2025-07-14 20:47:51.171847+00:00,2.258487
2025-07-14 20:48:05.112356+00:00,2.2584879
2025-07-14 20:48:16.436540+00:00,2.2584874
2025-07-14 20:48:28.577262+00:00,2.2584876
2025-07-14 20:48:41.019459+00:00,2.2584871
2025-07-14 20:48:53.879922+00:00,2.2584875
2025-07-14 20:49:06.958552+00:00,2.2584871
2025-07-14 20:49:19.271104+00:00,2.2584877
2025-07-14 20:49:34.571305+00:00,2.2584881
2025-07-14 20:49:44.757946+00:00,2.2584873
2025-07-14 20:49:58.481337+00:00,2.258488
2025-07-14 20:50:10.591848+00:00,2.258487
2025-07-14 20:50:23.415830+00:00,2.2584873
2025-07-14 20:50:36.074947+00:00,2.2584875
2025-07-14 20:50:48.752205+00:00,2.2584881
2025-07-14 20:51:03.981843+00:00,2.2584875
2025-07-14 20:51:13.627635+00:00,2.258487
2025-07-14 20:51:29.030094+00:00,2.2584872
2025-07-14 20:51:39.192599+00:00,2.2584872
2025-07-14 20:51:51.252830+00:00,2.2584879
2025-07-14 20:52:08.969864+00:00,2.2584878
2025-07-14 20:52:16.654211+00:00,2.2584872
2025-07-14 20:52:29.279836+00:00,2.2584874
2025-07-14 20:52:41.703361+00:00,2.2584872
2025-07-14 20:52:54.603643+00:00,2.2584871
2025-07-14 20:53:06.746542+00:00,2.2584875
2025-07-14 20:53:19.245736+00:00,2.2584872
2025-07-14 20:53:31.578409+00:00,2.258488
2025-07-14 20:53:43.770934+00:00,2.2584875
2025-07-14 20:53:56.418349+00:00,2.2584874
2025-07-14 20:54:13.006929+00:00,2.2584876
2025-07-14 20:54:21.017668+00:00,2.2584872
2025-07-14 20:54:34.186916+00:00,2.2584869
2025-07-14 20:54:51.402898+00:00,2.2584876
2025-07-14 20:54:58.571011+00:00,2.2584877
2025-07-14 20:55:13.614905+00:00,2.2584874
2025-07-14 20:55:23.326991+00:00,2.2584872
2025-07-14 20:55:35.893027+00:00,2.2584878
2025-07-14 20:55:50.550078+00:00,2.2584874
2025-07-14 20:56:00.841385+00:00,2.2584876
2025-07-14 20:56:15.712859+00:00,2.2584876
2025-07-14 20:56:26.673302+00:00,2.2584876
2025-07-14 20:56:38.799876+00:00,2.258487
2025-07-14 20:56:51.491315+00:00,2.2584879
2025-07-14 20:57:06.201441+00:00,2.2584869
2025-07-14 20:57:17.126476+00:00,2.2584876
2025-07-14 20:57:29.201737+00:00,2.2584873
2025-07-14 20:57:41.491366+00:00,2.2584869
2025-07-14 20:57:53.681386+00:00,2.2584872
2025-07-14 20:58:06.786448+00:00,2.2584879
2025-07-14 20:58:19.572765+00:00,2.2584872
2025-07-14 20:58:31.753230+00:00,2.2584877
2025-07-14 20:58:43.538208+00:00,2.2584874
2025-07-14 20:58:56.106077+00:00,2.2584874
2025-07-14 20:59:10.558543+00:00,2.2584877
2025-07-14 20:59:22.112893+00:00,2.2584876
2025-07-14 20:59:34.156308+00:00,2.258488
2025-07-14 20:59:48.089143+00:00,2.2584872
2025-07-14 20:59:59.542541+00:00,2.2584877
2025-07-14 21:00:15.243922+00:00,2.258488
2025-07-14 21:00:27.211684+00:00,2.258487
2025-07-14 21:00:50.054395+00:00,2.2584877
2025-07-14 21:01:02.894096+00:00,2.2584871
2025-07-14 21:01:15.201628+00:00,2.2584878
2025-07-14 21:01:27.843133+00:00,2.2584875
2025-07-14 21:01:41.538029+00:00,2.2584872
2025-07-14 21:01:53.234712+00:00,2.2584872
2025-07-14 21:02:06.301268+00:00,2.2584878
2025-07-14 21:02:19.323951+00:00,2.2584876
2025-07-14 21:02:32.758073+00:00,2.2584876
2025-07-14 21:02:44.301184+00:00,2.2584879
2025-07-14 21:02:57.856475+00:00,2.2584872
2025-07-14 21:03:08.698905+00:00,2.2584873
2025-07-14 21:03:20.815368+00:00,2.2584875
2025-07-14 21:03:35.567038+00:00,2.2584876
2025-07-14 21:03:45.489523+00:00,2.2584876
2025-07-14 21:04:02.821598+00:00,2.2584866
2025-07-14 21:04:10.201989+00:00,2.2584877
2025-07-14 21:04:22.404927+00:00,2.2584875
2025-07-14 21:04:35.393802+00:00,2.2584872
2025-07-14 21:04:47.538646+00:00,2.2584878
2025-07-14 21:04:59.797511+00:00,2.2584879
2025-07-14 21:05:13.128737+00:00,2.2584873
2025-07-14 21:05:26.046088+00:00,2.2584872
2025-07-14 21:05:38.728790+00:00,2.2584874
2025-07-14 21:05:50.546178+00:00,2.2584869
2025-07-14 21:06:03.347285+00:00,2.2584871
2025-07-14 21:06:16.876192+00:00,2.2584879
2025-07-14 21:06:27.937549+00:00,2.2584878
2025-07-14 21:06:40.253564+00:00,2.2584875
2025-07-14 21:06:52.707869+00:00,2.2584877
2025-07-14 21:07:05.454160+00:00,2.2584874
2025-07-14 21:07:18.072308+00:00,2.2584881
2025-07-14 21:07:30.335845+00:00,2.2584876
2025-07-14 21:07:42.979117+00:00,2.2584873
2025-07-14 21:07:54.724806+00:00,2.2584873
2025-07-14 21:08:09.415297+00:00,2.2584869
2025-07-14 21:08:19.598644+00:00,2.2584868
2025-07-14 21:08:32.473569+00:00,2.2584882
2025-07-14 21:08:45.256300+00:00,2.2584876
2025-07-14 21:08:57.188056+00:00,2.2584879
2025-07-14 21:09:10.355150+00:00,2.2584871
2025-07-14 21:09:22.736438+00:00,2.2584874
2025-07-14 21:09:35.722709+00:00,2.2584873
2025-07-14 21:09:48.621987+00:00,2.2584872
2025-07-14 21:10:01.234464+00:00,2.2584877
2025-07-14 21:10:15.460399+00:00,2.2584879
2025-07-14 21:10:26.970797+00:00,2.2584875
2025-07-14 21:10:39.521505+00:00,2.2584872
2025-07-14 21:10:51.674681+00:00,2.2584874
2025-07-14 21:11:09.586473+00:00,2.2584878
2025-07-14 21:11:17.572406+00:00,2.2584876
2025-07-14 21:11:29.598672+00:00,2.2584878
2025-07-14 21:11:42.033541+00:00,2.2584873
2025-07-14 21:11:54.713196+00:00,2.2584876
2025-07-14 21:12:14.326792+00:00,2.2584874
2025-07-14 21:12:19.974052+00:00,2.2584872
2025-07-14 21:12:33.236003+00:00,2.2584876
2025-07-14 21:12:45.012419+00:00,2.2584872
2025-07-14 21:12:58.482280+00:00,2.2584879
2025-07-14 21:13:12.616036+00:00,2.2584873
2025-07-14 21:13:22.682671+00:00,2.2584875
2025-07-14 21:13:34.374736+00:00,2.2584875
2025-07-14 21:13:47.012536+00:00,2.2584875
2025-07-14 21:13:59.471100+00:00,2.2584873
2025-07-14 21:14:14.522480+00:00,2.2584876
2025-07-14 21:14:24.411676+00:00,2.2584875
2025-07-14 21:14:36.821117+00:00,2.2584869
2025-07-14 21:14:49.311096+00:00,2.2584876
2025-07-14 21:15:02.070113+00:00,2.258487
2025-07-14 21:15:17.905342+00:00,2.2584881
2025-07-14 21:15:27.920973+00:00,2.2584876
2025-07-14 21:15:39.351970+00:00,2.2584876
2025-07-14 21:15:52.219543+00:00,2.2584876
2025-07-14 21:16:10.411156+00:00,2.2584877
2025-07-14 21:16:18.819753+00:00,2.258486
2025-07-14 21:16:29.769302+00:00,2.2584875
2025-07-14 21:16:46.619316+00:00,2.2584868
2025-07-14 21:16:54.519537+00:00,2.258488
2025-07-14 21:17:08.203861+00:00,2.2584873
2025-07-14 21:17:23.387259+00:00,2.2584873
2025-07-14 21:17:36.032915+00:00,2.2584883
2025-07-14 21:17:44.409410+00:00,2.2584881
2025-07-14 21:17:56.768341+00:00,2.2584881
2025-07-14 21:18:11.707228+00:00,2.2584873
2025-07-14 21:18:35.713884+00:00,2.2584878
2025-07-14 21:18:47.549514+00:00,2.2584871
2025-07-14 21:19:00.202396+00:00,2.258488
2025-07-14 21:19:16.157710+00:00,2.2584879
2025-07-14 21:19:25.651786+00:00,2.2584876
2025-07-14 21:19:38.105719+00:00,2.2584876
2025-07-14 21:19:50.747064+00:00,2.2584875
2025-07-14 21:20:04.621161+00:00,2.2584879
2025-07-14 21:20:16.697472+00:00,2.258487
2025-07-14 21:20:29.088459+00:00,2.258487
2025-07-14 21:20:41.929552+00:00,2.2584872
2025-07-14 21:20:54.075942+00:00,2.2584874
2025-07-14 21:21:07.368402+00:00,2.2584876
2025-07-14 21:21:31.836110+00:00,2.258487
2025-07-14 21:22:11.555090+00:00,2.2584868
2025-07-14 21:22:23.801409+00:00,2.2584882
2025-07-14 21:22:34.267478+00:00,2.2584878
2025-07-14 21:22:48.288695+00:00,2.2584879
2025-07-14 21:22:59.962498+00:00,2.2584869
2025-07-14 21:23:11.912369+00:00,2.2584872
2025-07-14 21:23:26.492326+00:00,2.2584878
2025-07-14 21:23:37.220453+00:00,2.2584864
2025-07-14 21:23:49.641725+00:00,2.2584871
2025-07-14 21:24:02.415404+00:00,2.258488
2025-07-14 21:24:16.086870+00:00,2.2584874
2025-07-14 21:24:39.076322+00:00,2.2584871
2025-07-14 21:24:51.807281+00:00,2.2584876
2025-07-14 21:25:04.687560+00:00,2.2584867
2025-07-14 21:25:30.541303+00:00,2.2584873
2025-07-14 21:25:42.027422+00:00,2.2584876
2025-07-14 21:25:54.334045+00:00,2.2584877
2025-07-14 21:26:11.284974+00:00,2.2584879
2025-07-14 21:26:23.580153+00:00,2.2584868
2025-07-14 21:26:32.828197+00:00,2.2584873
2025-07-14 21:26:44.387489+00:00,2.2584876
2025-07-14 21:26:57.203473+00:00,2.2584872
2025-07-14 21:27:10.303217+00:00,2.2584875
2025-07-14 21:27:22.750008+00:00,2.2584871
2025-07-14 21:27:35.910759+00:00,2.2584874
2025-07-14 21:27:48.609555+00:00,2.2584873
2025-07-14 21:28:01.197695+00:00,2.2584875
2025-07-14 21:28:13.989061+00:00,2.258488
2025-07-14 21:28:26.349737+00:00,2.2584878
2025-07-14 21:28:39.430940+00:00,2.2584873
2025-07-14 21:28:51.796164+00:00,2.258488
2025-07-14 21:29:04.574680+00:00,2.2584871
2025-07-14 21:29:17.166596+00:00,2.2584865
2025-07-14 21:29:29.826672+00:00,2.2584878
2025-07-14 21:29:41.944058+00:00,2.2584879
2025-07-14 21:29:54.520040+00:00,2.258486
2025-07-14 21:30:07.205683+00:00,2.2584873
2025-07-14 21:30:19.922200+00:00,2.2584876
2025-07-14 21:30:34.827259+00:00,2.2584872
2025-07-14 21:30:45.999758+00:00,2.2584874
2025-07-14 21:30:57.203934+00:00,2.258487
2025-07-14 21:31:09.880985+00:00,2.2584874
2025-07-14 21:31:22.975851+00:00,2.2584881
2025-07-14 21:31:34.364169+00:00,2.2584878
2025-07-14 21:31:47.820807+00:00,2.2584875
2025-07-14 21:31:59.093995+00:00,2.2584873
2025-07-14 21:32:12.384799+00:00,2.2584877
2025-07-14 21:32:29.688281+00:00,2.2584877
2025-07-14 21:32:36.676380+00:00,2.2584882
2025-07-14 21:32:50.027409+00:00,2.258488
2025-07-14 21:33:01.776368+00:00,2.2584875
2025-07-14 21:33:14.340564+00:00,2.2584879
2025-07-14 21:33:27.140913+00:00,2.2584879
2025-07-14 21:33:39.428526+00:00,2.2584865
2025-07-14 21:33:52.999303+00:00,2.2584872
2025-07-14 21:34:06.893699+00:00,2.2584878
2025-07-14 21:34:17.353384+00:00,2.258488
2025-07-14 21:34:41.826565+00:00,2.258487
2025-07-14 21:34:54.559883+00:00,2.2584871
2025-07-14 21:35:11.890553+00:00,2.2584871
2025-07-14 21:35:32.115203+00:00,2.2584875
2025-07-14 21:35:44.499495+00:00,2.2584872
2025-07-14 21:36:02.235530+00:00,2.2584878
2025-07-14 21:36:12.439675+00:00,2.2584875
2025-07-14 21:36:22.053343+00:00,2.2584877
2025-07-14 21:36:34.777737+00:00,2.2584873
2025-07-14 21:36:47.412504+00:00,2.2584873
2025-07-14 21:37:06.262855+00:00,2.2584873
2025-07-14 21:37:13.029349+00:00,2.2584873
2025-07-14 21:37:25.290434+00:00,2.2584876
2025-07-14 21:37:38.177668+00:00,2.2584876
2025-07-14 21:37:50.699734+00:00,2.2584874
2025-07-14 21:38:17.692570+00:00,2.2584876
2025-07-14 21:38:28.711555+00:00,2.2584863
2025-07-14 21:38:43.092474+00:00,2.2584873
2025-07-14 21:38:54.468891+00:00,2.2584875
2025-07-14 21:39:07.217002+00:00,2.2584873
2025-07-14 21:39:19.109788+00:00,2.2584879
2025-07-14 21:39:57.210491+00:00,2.2584861
2025-07-14 21:40:13.574501+00:00,2.2584867
2025-07-14 21:40:26.719049+00:00,2.2584873
2025-07-14 21:41:14.738617+00:00,2.2584872
2025-07-14 21:41:33.390038+00:00,2.2584877
2025-07-14 21:41:35.673338+00:00,2.2584859
2025-07-14 21:41:48.156322+00:00,2.2584873
2025-07-14 21:42:13.352344+00:00,2.2584879
2025-07-14 21:42:25.622416+00:00,2.2584878
2025-07-14 21:42:50.855457+00:00,2.2584874
2025-07-14 21:43:03.511893+00:00,2.258488
2025-07-14 21:43:16.646033+00:00,2.2584859
2025-07-14 21:43:40.896296+00:00,2.2584876
2025-07-14 21:43:53.119320+00:00,2.2584865
2025-07-14 21:44:07.017921+00:00,2.2584881
2025-07-14 21:44:32.251343+00:00,2.2584875
2025-07-14 21:44:42.654514+00:00,2.258488
2025-07-14 21:44:55.777947+00:00,2.2584862
2025-07-14 21:45:07.623963+00:00,2.2584872
2025-07-14 21:45:21.787489+00:00,2.2584878
2025-07-14 21:45:33.090757+00:00,2.2584878
2025-07-14 21:45:48.565473+00:00,2.2584877
2025-07-14 21:45:58.735257+00:00,2.2584873
2025-07-14 21:46:11.014775+00:00,2.2584874
2025-07-14 21:46:28.111085+00:00,2.2584875
2025-07-14 21:46:39.374372+00:00,2.2584876
2025-07-14 21:46:49.199795+00:00,2.2584873
2025-07-14 21:47:02.737849+00:00,2.258488
2025-07-14 21:47:14.258378+00:00,2.2584881
2025-07-14 21:47:27.177412+00:00,2.258487
2025-07-14 21:47:52.528451+00:00,2.2584878
2025-07-14 21:48:05.021935+00:00,2.2584877
2025-07-14 21:48:17.965261+00:00,2.2584876
2025-07-14 21:48:31.981663+00:00,2.2584875
2025-07-14 21:48:43.616003+00:00,2.2584877
2025-07-14 21:48:55.141641+00:00,2.2584877
2025-07-14 21:49:13.699238+00:00,2.2584874
2025-07-14 21:49:22.439370+00:00,2.2584872
2025-07-14 21:49:38.386870+00:00,2.258487
2025-07-14 21:49:44.679566+00:00,2.258487
2025-07-14 21:49:57.111781+00:00,2.2584876
2025-07-14 21:50:10.327485+00:00,2.2584871
2025-07-14 21:50:22.234899+00:00,2.258488
2025-07-14 21:50:34.836834+00:00,2.2584874
2025-07-14 21:50:47.999864+00:00,2.2584877
2025-07-14 21:50:59.492778+00:00,2.2584874
2025-07-14 21:51:12.129140+00:00,2.2584873
2025-07-14 21:51:24.685670+00:00,2.2584871
2025-07-14 21:51:38.858305+00:00,2.2584875
2025-07-14 21:51:49.682492+00:00,2.258487
2025-07-14 21:52:02.473177+00:00,2.2584876
2025-07-14 21:52:14.483152+00:00,2.2584863
2025-07-14 21:52:27.118077+00:00,2.2584878
2025-07-14 21:52:40.231874+00:00,2.2584872
2025-07-14 21:52:53.696881+00:00,2.2584876
2025-07-14 21:53:04.679083+00:00,2.2584876
2025-07-14 21:53:29.292673+00:00,2.2584873
2025-07-14 21:53:44.733768+00:00,2.2584877
2025-07-14 21:53:54.126448+00:00,2.2584876
2025-07-14 21:54:06.987303+00:00,2.2584878
2025-07-14 21:54:21.246076+00:00,2.2584876
2025-07-14 21:54:32.774737+00:00,2.2584866
2025-07-14 21:54:45.780101+00:00,2.2584882
2025-07-14 21:54:57.801142+00:00,2.2584881
2025-07-14 21:55:11.525478+00:00,2.2584878
2025-07-14 21:55:32.641519+00:00,2.2584879
2025-07-14 21:55:37.246294+00:00,2.2584877
2025-07-14 21:55:49.439239+00:00,2.2584875
2025-07-14 21:56:01.412185+00:00,2.2584878
2025-07-14 21:56:15.108287+00:00,2.2584879
2025-07-14 21:56:26.392473+00:00,2.2584883
2025-07-14 21:56:39.035985+00:00,2.2584876
2025-07-14 21:56:51.742026+00:00,2.2584878
2025-07-14 21:57:04.161308+00:00,2.2584877
2025-07-14 21:57:16.639131+00:00,2.258488
2025-07-14 21:57:29.104822+00:00,2.2584863
2025-07-14 21:57:41.913115+00:00,2.2584874
2025-07-14 21:57:54.662888+00:00,2.2584876
2025-07-14 21:58:19.107514+00:00,2.2584871
2025-07-14 21:58:43.761345+00:00,2.2584875
2025-07-14 21:58:56.243365+00:00,2.2584874
2025-07-14 21:59:09.003467+00:00,2.2584871
2025-07-14 21:59:20.945514+00:00,2.2584859
2025-07-14 21:59:35.851952+00:00,2.2584871
2025-07-14 21:59:45.931497+00:00,2.2584873
2025-07-14 21:59:59.149423+00:00,2.2584876
2025-07-14 22:00:11.572398+00:00,2.2584877
2025-07-14 22:00:23.892270+00:00,2.258487
2025-07-14 22:00:48.992702+00:00,2.2584864
2025-07-14 22:01:02.405549+00:00,2.258488
2025-07-14 22:01:13.942187+00:00,2.2584876
2025-07-14 22:01:26.456742+00:00,2.2584873
2025-07-14 22:01:39.067792+00:00,2.2584872
2025-07-14 22:01:53.850501+00:00,2.2584869
2025-07-14 22:02:04.681072+00:00,2.2584876
2025-07-14 22:02:16.603524+00:00,2.2584864
2025-07-14 22:02:28.830849+00:00,2.2584872
2025-07-14 22:02:42.606206+00:00,2.2584875
2025-07-14 22:02:54.822878+00:00,2.2584874
2025-07-14 22:03:11.150069+00:00,2.2584878
2025-07-14 22:03:19.382600+00:00,2.2584879
2025-07-14 22:03:44.147733+00:00,2.2584873
2025-07-14 22:03:56.947647+00:00,2.2584873
2025-07-14 22:04:09.679959+00:00,2.2584874
2025-07-14 22:04:22.405590+00:00,2.2584879
2025-07-14 22:04:47.521562+00:00,2.2584878
2025-07-14 22:05:01.076390+00:00,2.2584869
2025-07-14 22:05:13.214571+00:00,2.2584876
2025-07-14 22:05:26.302359+00:00,2.2584872
2025-07-14 22:05:38.007478+00:00,2.258487
2025-07-14 22:05:50.265013+00:00,2.2584877
2025-07-14 22:06:03.149589+00:00,2.2584876
2025-07-14 22:06:15.802492+00:00,2.2584882
2025-07-14 22:06:30.259111+00:00,2.2584877
2025-07-14 22:06:40.987755+00:00,2.2584879
2025-07-14 22:06:53.328417+00:00,2.2584875
2025-07-14 22:07:06.537736+00:00,2.2584877
2025-07-14 22:07:21.201779+00:00,2.2584872
2025-07-14 22:07:30.852987+00:00,2.2584872
2025-07-14 22:07:42.854731+00:00,2.2584878
2025-07-14 22:07:55.752523+00:00,2.2584874
2025-07-14 22:08:09.847954+00:00,2.2584873
2025-07-14 22:08:20.740588+00:00,2.2584875
2025-07-14 22:08:33.506836+00:00,2.2584879
2025-07-14 22:08:45.682290+00:00,2.2584872
2025-07-14 22:08:58.347414+00:00,2.258488
2025-07-14 22:09:10.934488+00:00,2.2584876
2025-07-14 22:09:23.442087+00:00,2.2584873
2025-07-14 22:09:35.820269+00:00,2.2584873
2025-07-14 22:09:48.462818+00:00,2.2584873
2025-07-14 22:10:01.539889+00:00,2.2584876
2025-07-14 22:10:14.818279+00:00,2.2584879
2025-07-14 22:10:27.192023+00:00,2.2584879
2025-07-14 22:10:38.669165+00:00,2.2584871
2025-07-14 22:10:50.571591+00:00,2.258487
2025-07-14 22:11:03.731127+00:00,2.2584871
2025-07-14 22:11:15.799430+00:00,2.2584875
2025-07-14 22:11:28.491644+00:00,2.2584871
2025-07-14 22:11:42.005861+00:00,2.2584879
2025-07-14 22:11:53.078474+00:00,2.258488
2025-07-14 22:12:06.275841+00:00,2.2584871
2025-07-14 22:12:18.815159+00:00,2.2584872
2025-07-14 22:12:31.133240+00:00,2.2584873
2025-07-14 22:12:44.385735+00:00,2.2584878
2025-07-14 22:12:56.901794+00:00,2.2584871
2025-07-14 22:13:08.887983+00:00,2.258488
2025-07-14 22:13:23.879263+00:00,2.2584875
2025-07-14 22:13:34.770263+00:00,2.258488
2025-07-14 22:13:47.198876+00:00,2.2584876
2025-07-14 22:13:59.425693+00:00,2.2584879
2025-07-14 22:14:12.572934+00:00,2.2584873
2025-07-14 22:14:25.288915+00:00,2.258488
2025-07-14 22:14:38.368416+00:00,2.2584878
2025-07-14 22:14:50.491887+00:00,2.2584878
2025-07-14 22:15:06.933291+00:00,2.2584874
2025-07-14 22:15:15.636841+00:00,2.2584872
2025-07-14 22:15:27.653239+00:00,2.2584875
2025-07-14 22:15:40.843795+00:00,2.2584869
2025-07-14 22:15:53.166508+00:00,2.258488
2025-07-14 22:16:05.468751+00:00,2.2584878
2025-07-14 22:16:17.917903+00:00,2.2584872
2025-07-14 22:16:34.448858+00:00,2.258488
2025-07-14 22:16:43.278765+00:00,2.2584873
2025-07-14 22:16:55.373004+00:00,2.2584874
2025-07-14 22:17:08.174260+00:00,2.258488
2025-07-14 22:17:20.705035+00:00,2.2584879
2025-07-14 22:17:34.307643+00:00,2.2584875
2025-07-14 22:17:46.258235+00:00,2.2584878
2025-07-14 22:18:04.037633+00:00,2.2584879
2025-07-14 22:18:11.241652+00:00,2.2584877
2025-07-14 22:18:23.428718+00:00,2.2584871
2025-07-14 22:18:35.776428+00:00,2.2584874
2025-07-14 22:18:48.979048+00:00,2.2584874
2025-07-14 22:19:01.289223+00:00,2.2584872
2025-07-14 22:19:14.128960+00:00,2.2584874
2025-07-14 22:19:26.426319+00:00,2.2584877
2025-07-14 22:19:38.656203+00:00,2.2584878
2025-07-14 22:19:50.841522+00:00,2.2584874
2025-07-14 22:20:03.733407+00:00,2.2584879
2025-07-14 22:20:16.390331+00:00,2.2584873
2025-07-14 22:20:28.863206+00:00,2.2584873
2025-07-14 22:20:45.728789+00:00,2.2584874
2025-07-14 22:20:54.034516+00:00,2.2584879
2025-07-14 22:21:05.760776+00:00,2.2584876
2025-07-14 22:21:18.964854+00:00,2.2584872
2025-07-14 22:21:31.446366+00:00,2.2584877
2025-07-14 22:21:43.960394+00:00,2.2584875
2025-07-14 22:21:57.765987+00:00,2.2584878
2025-07-14 22:22:09.831697+00:00,2.2584875
2025-07-14 22:22:22.435464+00:00,2.2584876
2025-07-14 22:22:39.543546+00:00,2.2584881
2025-07-14 22:22:50.716270+00:00,2.2584875
2025-07-14 22:23:00.141444+00:00,2.2584881
2025-07-14 22:23:13.977686+00:00,2.2584876
2025-07-14 22:23:25.484427+00:00,2.2584875
2025-07-14 22:23:37.867890+00:00,2.258488
2025-07-14 22:23:50.181671+00:00,2.2584878
2025-07-14 22:24:03.874195+00:00,2.2584878
2025-07-14 22:24:15.926110+00:00,2.2584875
2025-07-14 22:24:35.031261+00:00,2.2584875
2025-07-14 22:24:40.563176+00:00,2.2584881
2025-07-14 22:24:53.341752+00:00,2.2584881
2025-07-14 22:25:05.889256+00:00,2.2584877
2025-07-14 22:25:18.396117+00:00,2.2584873
2025-07-14 22:25:31.751540+00:00,2.2584879
2025-07-14 22:25:54.900275+00:00,2.2584877
2025-07-14 22:26:13.101262+00:00,2.2584874
2025-07-14 22:26:19.726535+00:00,2.2584874
2025-07-14 22:26:32.504361+00:00,2.2584877
2025-07-14 22:26:45.691922+00:00,2.2584871
2025-07-14 22:26:57.201945+00:00,2.2584877
2025-07-14 22:27:12.284942+00:00,2.2584878
2025-07-14 22:27:22.764478+00:00,2.2584875
2025-07-14 22:27:34.876173+00:00,2.2584878
2025-07-14 22:27:49.053245+00:00,2.2584873
2025-07-14 22:28:00.685398+00:00,2.2584873
2025-07-14 22:28:15.291430+00:00,2.2584878
2025-07-14 22:28:26.351161+00:00,2.2584877
2025-07-14 22:28:39.071496+00:00,2.2584879
2025-07-14 22:28:50.948922+00:00,2.2584874
2025-07-14 22:29:03.186366+00:00,2.2584873
2025-07-14 22:29:16.391599+00:00,2.2584873
2025-07-14 22:29:28.078436+00:00,2.258488
2025-07-14 22:29:40.958536+00:00,2.2584879
2025-07-14 22:29:53.298579+00:00,2.258488
2025-07-14 22:30:05.884367+00:00,2.2584876
2025-07-14 22:30:19.615094+00:00,2.2584874
2025-07-14 22:30:32.505732+00:00,2.2584872
2025-07-14 22:30:43.645983+00:00,2.2584873
2025-07-14 22:31:08.819719+00:00,2.2584877
2025-07-14 22:31:21.897826+00:00,2.2584875
2025-07-14 22:31:34.003514+00:00,2.2584878
2025-07-14 22:31:47.088225+00:00,2.2584879
2025-07-14 22:31:59.310372+00:00,2.2584875
2025-07-14 22:32:12.344041+00:00,2.2584874
2025-07-14 22:32:24.519971+00:00,2.2584882
2025-07-14 22:32:37.385084+00:00,2.2584883
2025-07-14 22:32:49.630911+00:00,2.2584875
2025-07-14 22:33:02.392647+00:00,2.2584881
2025-07-14 22:33:14.953289+00:00,2.2584875
2025-07-14 22:33:27.794889+00:00,2.2584872
2025-07-14 22:33:42.327895+00:00,2.2584877
2025-07-14 22:33:52.431956+00:00,2.2584881
2025-07-14 22:34:05.135863+00:00,2.2584874
2025-07-14 22:34:18.099981+00:00,2.2584882
2025-07-14 22:34:36.551116+00:00,2.2584879
2025-07-14 22:34:42.589111+00:00,2.2584874
2025-07-14 22:34:55.162084+00:00,2.2584881
2025-07-14 22:35:07.854505+00:00,2.2584874
2025-07-14 22:35:19.423507+00:00,2.258487
2025-07-14 22:35:32.165659+00:00,2.2584883
2025-07-14 22:35:44.472175+00:00,2.2584882
2025-07-14 22:35:56.384159+00:00,2.2584878
2025-07-14 22:36:08.957226+00:00,2.2584877
2025-07-14 22:36:21.394099+00:00,2.2584883
2025-07-14 22:36:36.896329+00:00,2.2584872
2025-07-14 22:36:46.528288+00:00,2.2584875
2025-07-14 22:36:58.834786+00:00,2.2584877
2025-07-14 22:37:11.154795+00:00,2.2584878
2025-07-14 22:37:23.434387+00:00,2.2584879
2025-07-14 22:37:35.988794+00:00,2.2584877
2025-07-14 22:37:48.745052+00:00,2.2584875
2025-07-14 22:38:01.738028+00:00,2.258488
2025-07-14 22:38:13.632337+00:00,2.2584879
2025-07-14 22:38:26.196197+00:00,2.2584873
2025-07-14 22:38:39.032019+00:00,2.2584874
2025-07-14 22:38:51.880097+00:00,2.2584874
2025-07-14 22:39:03.692278+00:00,2.2584874
2025-07-14 22:39:16.281741+00:00,2.2584879
2025-07-14 22:39:28.172025+00:00,2.2584878
2025-07-14 22:39:41.062656+00:00,2.2584875
2025-07-14 22:39:53.093068+00:00,2.2584876
2025-07-14 22:40:08.115419+00:00,2.2584876
2025-07-14 22:40:18.550206+00:00,2.2584876
2025-07-14 22:40:31.112774+00:00,2.2584872
2025-07-14 22:40:44.201210+00:00,2.2584874
2025-07-14 22:40:56.531548+00:00,2.258488
2025-07-14 22:41:09.147663+00:00,2.2584881
2025-07-14 22:41:21.322763+00:00,2.2584875
2025-07-14 22:41:36.237026+00:00,2.258488
2025-07-14 22:41:47.613375+00:00,2.2584873
2025-07-14 22:41:59.441681+00:00,2.2584872
2025-07-14 22:42:12.772164+00:00,2.2584877
2025-07-14 22:42:25.028693+00:00,2.2584879
2025-07-14 22:42:37.738112+00:00,2.2584878
2025-07-14 22:42:50.537895+00:00,2.2584871
2025-07-14 22:43:03.327572+00:00,2.258488
2025-07-14 22:43:19.517941+00:00,2.2584877
2025-07-14 22:43:27.821433+00:00,2.2584874
2025-07-14 22:43:40.776499+00:00,2.2584875
2025-07-14 22:43:53.535270+00:00,2.2584877
2025-07-14 22:44:06.227395+00:00,2.2584874
2025-07-14 22:44:19.338275+00:00,2.2584874
2025-07-14 22:44:31.375732+00:00,2.2584872
2025-07-14 22:44:43.224650+00:00,2.2584878
2025-07-14 22:44:55.783246+00:00,2.258487
2025-07-14 22:45:08.207495+00:00,2.2584878
2025-07-14 22:45:20.320309+00:00,2.2584873
2025-07-14 22:45:33.494172+00:00,2.2584876
2025-07-14 22:45:44.773012+00:00,2.2584879
2025-07-14 22:45:57.610723+00:00,2.2584875
2025-07-14 22:46:10.123561+00:00,2.2584872
2025-07-14 22:46:22.354392+00:00,2.2584873
2025-07-14 22:46:34.847275+00:00,2.258488
2025-07-14 22:46:51.541108+00:00,2.2584876
2025-07-14 22:47:03.446548+00:00,2.2584875
2025-07-14 22:47:12.757060+00:00,2.2584872
2025-07-14 22:47:24.755360+00:00,2.2584878
2025-07-14 22:47:37.358976+00:00,2.2584878
2025-07-14 22:47:50.067134+00:00,2.2584879
2025-07-14 22:48:08.361328+00:00,2.2584874
2025-07-14 22:48:15.392971+00:00,2.2584871
2025-07-14 22:48:27.256629+00:00,2.2584879
2025-07-14 22:48:39.833837+00:00,2.258487
2025-07-14 22:48:52.828077+00:00,2.2584874
2025-07-14 22:49:09.173691+00:00,2.2584876
2025-07-14 22:49:19.927527+00:00,2.2584876
2025-07-14 22:49:29.903562+00:00,2.2584881
2025-07-14 22:49:42.360158+00:00,2.2584875
2025-07-14 22:49:54.760428+00:00,2.2584877
2025-07-14 22:50:07.632540+00:00,2.2584878
2025-07-14 22:50:19.600017+00:00,2.258488
2025-07-14 22:50:35.393980+00:00,2.2584874
2025-07-14 22:50:45.206458+00:00,2.2584878
2025-07-14 22:50:57.576487+00:00,2.258487
2025-07-14 22:51:10.546780+00:00,2.2584874
2025-07-14 22:51:22.848133+00:00,2.2584876
2025-07-14 22:51:35.992878+00:00,2.2584869
2025-07-14 22:51:49.145500+00:00,2.2584872
2025-07-14 22:52:01.430739+00:00,2.2584877
2025-07-14 22:52:14.325359+00:00,2.2584872
2025-07-14 22:52:26.643350+00:00,2.2584879
2025-07-14 22:52:39.370026+00:00,2.2584875
2025-07-14 22:52:51.845477+00:00,2.258488
2025-07-14 22:53:04.546946+00:00,2.2584875
2025-07-14 22:53:18.254202+00:00,2.2584875
2025-07-14 22:53:31.416765+00:00,2.2584875
2025-07-14 22:53:42.300101+00:00,2.2584878
2025-07-14 22:53:54.717067+00:00,2.2584882
2025-07-14 22:54:07.701839+00:00,2.2584874
2025-07-14 22:54:23.224132+00:00,2.2584878
2025-07-14 22:54:33.244504+00:00,2.2584874
2025-07-14 22:54:44.520262+00:00,2.2584877
2025-07-14 22:55:27.916998+00:00,2.2584874
2025-07-14 22:55:34.274547+00:00,2.2584874
2025-07-14 22:55:46.348833+00:00,2.2584879
2025-07-14 22:56:02.338229+00:00,2.2584878
2025-07-14 22:56:11.329331+00:00,2.2584873
2025-07-14 22:56:23.316584+00:00,2.2584882
2025-07-14 22:56:35.748582+00:00,2.2584882
2025-07-14 22:56:48.573366+00:00,2.2584875
2025-07-14 22:57:01.064040+00:00,2.258488
2025-07-14 22:57:14.041040+00:00,2.2584878
2025-07-14 22:57:26.920320+00:00,2.2584881
2025-07-14 22:57:38.121990+00:00,2.2584872
2025-07-14 22:57:51.284410+00:00,2.258487
2025-07-14 22:58:03.628703+00:00,2.258487
2025-07-14 22:58:16.696643+00:00,2.2584878
2025-07-14 22:58:28.915688+00:00,2.2584872
2025-07-14 22:58:41.726392+00:00,2.2584873
2025-07-14 22:58:53.958570+00:00,2.2584875
2025-07-14 22:59:07.069220+00:00,2.2584874
2025-07-14 22:59:19.007953+00:00,2.2584873
2025-07-14 22:59:32.152869+00:00,2.2584877
2025-07-14 22:59:43.547623+00:00,2.2584874
2025-07-14 22:59:56.174728+00:00,2.2584878
2025-07-14 23:00:10.682545+00:00,2.2584874
2025-07-14 23:00:21.426298+00:00,2.2584876
2025-07-14 23:00:33.743696+00:00,2.2584876
2025-07-14 23:00:45.931888+00:00,2.2584879
2025-07-14 23:00:58.361697+00:00,2.2584877
2025-07-14 23:01:10.973201+00:00,2.2584881
2025-07-14 23:01:23.206340+00:00,2.2584874
2025-07-14 23:01:38.932317+00:00,2.2584881
2025-07-14 23:01:48.953284+00:00,2.2584873
2025-07-14 23:02:01.897623+00:00,2.2584872
2025-07-14 23:02:14.092258+00:00,2.2584879
2025-07-14 23:02:27.021698+00:00,2.258488
2025-07-14 23:02:39.736768+00:00,2.2584878
2025-07-14 23:02:52.245729+00:00,2.2584878
2025-07-14 23:03:06.947329+00:00,2.2584881
2025-07-14 23:03:17.845327+00:00,2.2584877
2025-07-14 23:03:35.597647+00:00,2.2584875
2025-07-14 23:03:42.679563+00:00,2.2584877
2025-07-14 23:03:55.970665+00:00,2.2584874
2025-07-14 23:04:08.625623+00:00,2.2584872
2025-07-14 23:04:20.758528+00:00,2.2584874
2025-07-14 23:04:34.379479+00:00,2.2584874
2025-07-14 23:04:46.284730+00:00,2.2584881
2025-07-14 23:04:58.098927+00:00,2.2584874
2025-07-14 23:05:11.851618+00:00,2.2584881
2025-07-14 23:05:23.833629+00:00,2.258488
2025-07-14 23:05:39.042050+00:00,2.2584875
2025-07-14 23:05:47.372010+00:00,2.2584878
2025-07-14 23:06:03.085631+00:00,2.2584879
2025-07-14 23:06:12.717200+00:00,2.2584873
2025-07-14 23:06:24.330443+00:00,2.2584881
2025-07-14 23:06:36.534218+00:00,2.2584876
2025-07-14 23:06:49.222166+00:00,2.2584879
2025-07-14 23:07:01.719023+00:00,2.2584881
2025-07-14 23:07:13.757250+00:00,2.2584873
2025-07-14 23:07:26.117121+00:00,2.2584874
2025-07-14 23:07:39.030112+00:00,2.2584878
2025-07-14 23:07:51.982747+00:00,2.2584872
2025-07-14 23:08:04.948464+00:00,2.2584877
2025-07-14 23:08:16.926536+00:00,2.2584874
2025-07-14 23:08:28.967408+00:00,2.2584876
2025-07-14 23:08:42.630358+00:00,2.2584881
2025-07-14 23:09:02.111681+00:00,2.2584875
2025-07-14 23:09:06.962387+00:00,2.258488
2025-07-14 23:09:20.096559+00:00,2.2584878
2025-07-14 23:09:35.864822+00:00,2.2584881
2025-07-14 23:09:44.440379+00:00,2.2584879
2025-07-14 23:09:57.297272+00:00,2.2584881
2025-07-14 23:10:10.610987+00:00,2.2584879
2025-07-14 23:10:23.203763+00:00,2.2584875
2025-07-14 23:10:35.794062+00:00,2.2584874
2025-07-14 23:10:47.675749+00:00,2.2584873
2025-07-14 23:10:59.652521+00:00,2.2584873
2025-07-14 23:11:13.050295+00:00,2.2584881
2025-07-14 23:11:25.247762+00:00,2.2584871
2025-07-14 23:11:38.454876+00:00,2.2584876
2025-07-14 23:12:03.873164+00:00,2.2584884
2025-07-14 23:12:16.642083+00:00,2.2584879
2025-07-14 23:12:29.319771+00:00,2.2584882
2025-07-14 23:12:41.760529+00:00,2.258488
2025-07-14 23:12:55.221100+00:00,2.2584878
2025-07-14 23:13:08.618253+00:00,2.2584882
2025-07-14 23:13:19.865984+00:00,2.2584874
2025-07-14 23:13:33.330215+00:00,2.2584879
2025-07-14 23:13:45.304375+00:00,2.2584876
2025-07-14 23:13:57.825857+00:00,2.258488
2025-07-14 23:14:11.808430+00:00,2.2584875
2025-07-14 23:14:23.750455+00:00,2.2584872
2025-07-14 23:14:36.843797+00:00,2.2584877
2025-07-14 23:14:48.852284+00:00,2.2584879
2025-07-14 23:15:00.985639+00:00,2.2584876
2025-07-14 23:15:15.981277+00:00,2.258488
2025-07-14 23:15:26.653221+00:00,2.2584873
2025-07-14 23:15:38.143711+00:00,2.2584874
2025-07-14 23:15:50.368490+00:00,2.2584878
2025-07-14 23:16:03.049400+00:00,2.258488
2025-07-14 23:16:24.164104+00:00,2.2584874
2025-07-14 23:16:29.674749+00:00,2.2584881
2025-07-14 23:16:39.991088+00:00,2.2584876
2025-07-14 23:16:52.530061+00:00,2.2584877
2025-07-14 23:17:05.149853+00:00,2.2584874
2025-07-14 23:17:18.134502+00:00,2.2584872
2025-07-14 23:17:31.029816+00:00,2.2584876
2025-07-14 23:17:43.355228+00:00,2.2584875
2025-07-14 23:17:56.063393+00:00,2.2584879
2025-07-14 23:18:08.831026+00:00,2.2584877
2025-07-14 23:18:21.017959+00:00,2.258488
2025-07-14 23:18:36.380103+00:00,2.2584874
2025-07-14 23:18:46.198565+00:00,2.258488
2025-07-14 23:18:58.242165+00:00,2.2584873
2025-07-14 23:19:11.290936+00:00,2.2584879
2025-07-14 23:19:23.487357+00:00,2.2584878
2025-07-14 23:19:36.405455+00:00,2.2584875
2025-07-14 23:19:48.662756+00:00,2.2584877
2025-07-14 23:20:01.210519+00:00,2.258488
2025-07-14 23:20:14.068065+00:00,2.2584876
2025-07-14 23:20:30.800689+00:00,2.258488
2025-07-14 23:20:38.970369+00:00,2.2584881
2025-07-14 23:20:52.499219+00:00,2.2584871
2025-07-14 23:21:04.479425+00:00,2.2584881
2025-07-14 23:21:18.745016+00:00,2.2584875
2025-07-14 23:21:29.533129+00:00,2.2584876
2025-07-14 23:21:42.570448+00:00,2.2584883
2025-07-14 23:21:54.869564+00:00,2.2584873
2025-07-14 23:22:08.135292+00:00,2.2584879
2025-07-14 23:22:20.684156+00:00,2.2584877
2025-07-14 23:22:33.315903+00:00,2.2584876
2025-07-14 23:22:45.864238+00:00,2.2584878
2025-07-14 23:22:58.537797+00:00,2.2584882
2025-07-14 23:23:13.100261+00:00,2.2584877
2025-07-14 23:23:23.115690+00:00,2.2584879
2025-07-14 23:23:36.172503+00:00,2.2584874
2025-07-14 23:23:49.771050+00:00,2.2584881
2025-07-14 23:24:01.120593+00:00,2.2584876
2025-07-14 23:24:18.978198+00:00,2.258488
2025-07-14 23:24:26.644437+00:00,2.2584876
2025-07-14 23:24:38.693497+00:00,2.2584877
2025-07-14 23:24:50.736826+00:00,2.2584879
2025-07-14 23:25:03.403048+00:00,2.2584874
2025-07-14 23:25:16.068144+00:00,2.2584877
2025-07-14 23:25:27.947836+00:00,2.2584874
2025-07-14 23:25:39.970228+00:00,2.2584874
2025-07-14 23:25:52.074234+00:00,2.2584872
2025-07-14 23:26:04.868979+00:00,2.2584879
2025-07-14 23:26:17.344192+00:00,2.2584874
2025-07-14 23:26:29.526707+00:00,2.2584879
2025-07-14 23:26:41.886588+00:00,2.2584876
2025-07-14 23:26:56.496897+00:00,2.2584881
2025-07-14 23:27:07.273479+00:00,2.2584876
2025-07-14 23:27:19.941830+00:00,2.2584872
2025-07-14 23:27:36.501600+00:00,2.2584875
2025-07-14 23:27:44.821098+00:00,2.2584875
2025-07-14 23:27:58.990409+00:00,2.2584877
2025-07-14 23:28:12.848209+00:00,2.2584874
2025-07-14 23:28:23.820388+00:00,2.2584876
2025-07-14 23:28:35.243599+00:00,2.2584878
2025-07-14 23:28:47.799417+00:00,2.2584874
2025-07-14 23:29:00.161976+00:00,2.2584875
2025-07-14 23:29:13.167556+00:00,2.2584876
2025-07-14 23:29:25.248207+00:00,2.2584876
2025-07-14 23:29:37.147293+00:00,2.2584877
2025-07-14 23:29:49.519318+00:00,2.2584875
2025-07-14 23:30:02.553764+00:00,2.2584874
2025-07-14 23:30:15.272451+00:00,2.2584877
2025-07-14 23:30:26.855502+00:00,2.258488
2025-07-14 23:30:40.029254+00:00,2.2584874
2025-07-14 23:30:54.474701+00:00,2.2584878
2025-07-14 23:31:04.678588+00:00,2.258488
2025-07-14 23:31:18.011153+00:00,2.2584877
2025-07-14 23:31:30.328875+00:00,2.2584876
2025-07-14 23:31:42.927320+00:00,2.2584875
2025-07-14 23:31:55.824704+00:00,2.2584874
2025-07-14 23:32:09.027200+00:00,2.2584874
2025-07-14 23:32:21.284632+00:00,2.258488
2025-07-14 23:32:34.435178+00:00,2.2584877
2025-07-14 23:32:46.852128+00:00,2.2584877
2025-07-14 23:32:59.593659+00:00,2.2584876
2025-07-14 23:33:13.238233+00:00,2.2584872
2025-07-14 23:33:25.930076+00:00,2.258488
2025-07-14 23:33:37.298157+00:00,2.2584877
2025-07-14 23:33:50.015649+00:00,2.258488
2025-07-14 23:34:06.244444+00:00,2.2584881
2025-07-14 23:34:15.215057+00:00,2.2584874
2025-07-14 23:34:27.431052+00:00,2.2584878
2025-07-14 23:34:40.096000+00:00,2.2584879
2025-07-14 23:34:52.543251+00:00,2.2584883
2025-07-14 23:35:06.018543+00:00,2.2584877
2025-07-14 23:35:17.997596+00:00,2.258487
2025-07-14 23:35:30.574119+00:00,2.258488
2025-07-14 23:35:42.028731+00:00,2.2584877
2025-07-14 23:35:55.455767+00:00,2.2584876
2025-07-14 23:36:07.047832+00:00,2.2584872
2025-07-14 23:36:19.967442+00:00,2.2584879
2025-07-14 23:36:34.211177+00:00,2.2584873
2025-07-14 23:36:43.960774+00:00,2.2584875
2025-07-14 23:36:56.351359+00:00,2.2584873
2025-07-14 23:37:09.409819+00:00,2.2584879
2025-07-14 23:37:21.610701+00:00,2.2584873
2025-07-14 23:37:34.204219+00:00,2.2584883
2025-07-14 23:37:47.267376+00:00,2.2584873
2025-07-14 23:38:00.502258+00:00,2.2584882
2025-07-14 23:38:12.551925+00:00,2.2584877
2025-07-14 23:38:24.710517+00:00,2.2584881
2025-07-14 23:38:37.215571+00:00,2.2584875
2025-07-14 23:38:49.990337+00:00,2.2584874
2025-07-14 23:39:03.133439+00:00,2.2584881
2025-07-14 23:39:14.759502+00:00,2.2584868
2025-07-14 23:39:27.569091+00:00,2.2584878
2025-07-14 23:39:39.692479+00:00,2.2584879
2025-07-14 23:39:56.199987+00:00,2.2584879
2025-07-14 23:40:05.457015+00:00,2.2584877
2025-07-14 23:40:17.641640+00:00,2.258488
2025-07-14 23:40:29.840986+00:00,2.2584877
2025-07-14 23:40:42.475924+00:00,2.2584874
2025-07-14 23:40:55.218372+00:00,2.2584879
2025-07-14 23:41:10.347324+00:00,2.2584878
2025-07-14 23:41:20.386596+00:00,2.2584876
2025-07-14 23:41:32.598184+00:00,2.2584881
2025-07-14 23:41:44.948025+00:00,2.2584879
2025-07-14 23:41:57.797364+00:00,2.2584876
2025-07-14 23:42:11.221576+00:00,2.2584876
2025-07-14 23:42:24.839260+00:00,2.2584877
2025-07-14 23:42:36.261672+00:00,2.2584875
2025-07-14 23:42:53.008756+00:00,2.2584879
2025-07-14 23:43:01.927925+00:00,2.2584879
2025-07-14 23:43:26.982645+00:00,2.2584877
2025-07-14 23:43:40.370596+00:00,2.2584874
2025-07-14 23:43:52.768506+00:00,2.2584882
2025-07-14 23:44:05.799795+00:00,2.2584875
2025-07-14 23:44:18.475478+00:00,2.2584877
2025-07-14 23:44:30.748542+00:00,2.2584878
2025-07-14 23:44:43.097900+00:00,2.2584876
2025-07-14 23:44:55.843829+00:00,2.2584877
2025-07-14 23:45:08.932672+00:00,2.2584874
2025-07-14 23:45:21.380036+00:00,2.2584879
2025-07-14 23:45:33.597328+00:00,2.2584877
2025-07-14 23:45:47.211098+00:00,2.2584879
2025-07-14 23:45:57.767748+00:00,2.2584881
2025-07-14 23:46:10.437287+00:00,2.2584874
2025-07-14 23:46:22.593125+00:00,2.258488
2025-07-14 23:46:35.022961+00:00,2.2584876
2025-07-14 23:46:53.793941+00:00,2.2584881
2025-07-14 23:47:01.907993+00:00,2.2584877
2025-07-14 23:47:12.815246+00:00,2.2584875
2025-07-14 23:47:24.966817+00:00,2.2584877
2025-07-14 23:47:39.588236+00:00,2.2584876
2025-07-14 23:47:50.150556+00:00,2.258487
2025-07-14 23:48:02.819371+00:00,2.2584873
2025-07-14 23:48:14.390214+00:00,2.2584881
2025-07-14 23:48:26.996852+00:00,2.2584875
2025-07-14 23:48:39.390880+00:00,2.2584876
2025-07-14 23:48:51.880030+00:00,2.258488
2025-07-14 23:49:04.816263+00:00,2.2584881
2025-07-14 23:49:16.844843+00:00,2.2584872
2025-07-14 23:49:29.164494+00:00,2.258488
2025-07-14 23:49:46.209976+00:00,2.2584883
2025-07-14 23:49:54.028707+00:00,2.2584872
2025-07-14 23:50:07.010408+00:00,2.2584878
2025-07-14 23:50:21.209292+00:00,2.2584875
2025-07-14 23:50:32.298786+00:00,2.2584881
2025-07-14 23:50:44.924666+00:00,2.2584883
2025-07-14 23:50:57.328906+00:00,2.2584877
2025-07-14 23:51:11.482135+00:00,2.2584871
2025-07-14 23:51:23.042100+00:00,2.2584876
2025-07-14 23:51:37.817892+00:00,2.2584878
2025-07-14 23:51:49.306420+00:00,2.2584872
2025-07-14 23:52:03.040191+00:00,2.2584876
2025-07-14 23:52:14.210820+00:00,2.2584872
2025-07-14 23:52:27.911866+00:00,2.2584875
2025-07-14 23:52:40.720595+00:00,2.2584882
2025-07-14 23:52:52.845818+00:00,2.2584877
2025-07-14 23:53:05.958249+00:00,2.2584874
2025-07-14 23:53:18.811886+00:00,2.2584869
2025-07-14 23:53:31.333735+00:00,2.2584872
2025-07-14 23:53:43.064475+00:00,2.2584876
2025-07-14 23:53:56.689841+00:00,2.2584874
2025-07-14 23:54:08.552583+00:00,2.2584875
2025-07-14 23:54:20.917006+00:00,2.2584877
2025-07-14 23:54:34.169062+00:00,2.2584876
2025-07-14 23:54:46.205307+00:00,2.2584868
2025-07-14 23:54:58.944451+00:00,2.2584877
2025-07-14 23:55:11.501518+00:00,2.258488
2025-07-14 23:55:36.669416+00:00,2.258488
2025-07-14 23:55:50.857651+00:00,2.2584877
2025-07-14 23:56:02.365632+00:00,2.2584876
2025-07-14 23:56:14.235031+00:00,2.2584883
2025-07-14 23:56:25.850378+00:00,2.2584879
2025-07-14 23:56:38.416497+00:00,2.2584881
2025-07-14 23:56:52.208036+00:00,2.258488
2025-07-14 23:57:04.044769+00:00,2.2584874
2025-07-14 23:57:28.748487+00:00,2.2584878
2025-07-14 23:57:42.673355+00:00,2.2584881
2025-07-14 23:57:53.778900+00:00,2.2584876
2025-07-14 23:58:06.752595+00:00,2.2584879
2025-07-14 23:58:19.126137+00:00,2.2584879
2025-07-14 23:58:33.529991+00:00,2.258488
2025-07-14 23:58:43.512949+00:00,2.2584875
2025-07-14 23:58:55.847840+00:00,2.2584876
2025-07-14 23:59:08.621242+00:00,2.2584872
2025-07-14 23:59:21.337107+00:00,2.258488
2025-07-14 23:59:33.905218+00:00,2.2584879
2025-07-14 23:59:54.311218+00:00,2.258488
2025-07-14 23:59:58.511198+00:00,2.2584881
