time,counts_ratio
2025-01-09 00:00:06.007435+00:00,2.2584878
2025-01-09 00:00:16.504697+00:00,2.2584877
2025-01-09 00:00:42.741987+00:00,2.2584882
2025-01-09 00:01:06.640283+00:00,2.2584875
2025-01-09 00:01:19.081764+00:00,2.2584872
2025-01-09 00:01:31.991671+00:00,2.2584881
2025-01-09 00:01:59.093408+00:00,2.2584878
2025-01-09 00:02:11.913280+00:00,2.2584883
2025-01-09 00:02:23.123778+00:00,2.2584883
2025-01-09 00:03:15.628557+00:00,2.2584876
2025-01-09 00:03:27.827985+00:00,2.2584881
2025-01-09 00:03:40.829172+00:00,2.2584874
2025-01-09 00:03:53.350661+00:00,2.2584876
2025-01-09 00:04:09.770895+00:00,2.258488
2025-01-09 00:04:19.063647+00:00,2.2584878
2025-01-09 00:04:34.340818+00:00,2.2584874
2025-01-09 00:04:44.268747+00:00,2.2584872
2025-01-09 00:04:57.307188+00:00,2.2584871
2025-01-09 00:05:11.259784+00:00,2.2584876
2025-01-09 00:05:22.611887+00:00,2.2584878
2025-01-09 00:05:35.276582+00:00,2.258488
2025-01-09 00:06:00.698667+00:00,2.2584881
2025-01-09 00:06:13.459040+00:00,2.2584877
2025-01-09 00:06:25.868166+00:00,2.2584878
2025-01-09 00:06:38.651715+00:00,2.258488
2025-01-09 00:06:51.998712+00:00,2.2584877
2025-01-09 00:07:04.525493+00:00,2.2584876
2025-01-09 00:07:29.708037+00:00,2.2584878
2025-01-09 00:07:43.287173+00:00,2.2584873
2025-01-09 00:07:55.661241+00:00,2.2584871
2025-01-09 00:08:22.888418+00:00,2.2584875
2025-01-09 00:08:35.529735+00:00,2.2584879
2025-01-09 00:08:50.209623+00:00,2.2584878
2025-01-09 00:08:58.965208+00:00,2.2584877
2025-01-09 00:09:11.892977+00:00,2.2584878
2025-01-09 00:09:24.001154+00:00,2.2584878
2025-01-09 00:09:37.691526+00:00,2.258488
2025-01-09 00:09:50.552850+00:00,2.2584873
2025-01-09 00:10:02.405819+00:00,2.2584873
2025-01-09 00:10:15.136475+00:00,2.2584879
2025-01-09 00:10:40.088835+00:00,2.2584883
2025-01-09 00:11:05.044151+00:00,2.2584871
2025-01-09 00:11:19.729286+00:00,2.2584879
2025-01-09 00:11:30.720952+00:00,2.2584883
2025-01-09 00:11:43.236133+00:00,2.2584879
2025-01-09 00:11:55.251363+00:00,2.2584879
2025-01-09 00:12:34.140924+00:00,2.2584877
2025-01-09 00:12:46.919997+00:00,2.2584882
2025-01-09 00:13:00.349869+00:00,2.2584876
2025-01-09 00:13:13.974323+00:00,2.2584882
2025-01-09 00:13:38.652712+00:00,2.2584875
2025-01-09 00:13:52.594837+00:00,2.258488
2025-01-09 00:14:20.227542+00:00,2.2584877
2025-01-09 00:14:30.342138+00:00,2.2584881
2025-01-09 00:14:56.081318+00:00,2.2584876
2025-01-09 00:15:08.203893+00:00,2.2584875
2025-01-09 00:15:21.895817+00:00,2.2584877
2025-01-09 00:15:33.716388+00:00,2.2584878
2025-01-09 00:16:02.865129+00:00,2.2584879
2025-01-09 00:16:11.014299+00:00,2.2584882
2025-01-09 00:16:24.148389+00:00,2.2584879
2025-01-09 00:16:49.080690+00:00,2.2584878
2025-01-09 00:17:02.262276+00:00,2.2584882
2025-01-09 00:17:26.975694+00:00,2.2584882
2025-01-09 00:17:40.054534+00:00,2.2584881
2025-01-09 00:18:06.287866+00:00,2.2584877
2025-01-09 00:18:18.501544+00:00,2.258488
2025-01-09 00:18:31.899841+00:00,2.2584879
2025-01-09 00:18:43.981584+00:00,2.258488
2025-01-09 00:18:56.243652+00:00,2.2584884
2025-01-09 00:19:34.731938+00:00,2.2584873
2025-01-09 00:20:15.591731+00:00,2.2584884
2025-01-09 00:20:25.282429+00:00,2.2584881
2025-01-09 00:20:38.994768+00:00,2.2584876
2025-01-09 00:20:50.853927+00:00,2.258488
2025-01-09 00:21:04.382729+00:00,2.258488
2025-01-09 00:21:16.040350+00:00,2.2584878
2025-01-09 00:21:29.165247+00:00,2.2584875
2025-01-09 00:21:40.885313+00:00,2.2584876
2025-01-09 00:22:07.678088+00:00,2.2584877
2025-01-09 00:22:19.325399+00:00,2.2584883
2025-01-09 00:22:32.130448+00:00,2.2584877
2025-01-09 00:22:44.663222+00:00,2.2584874
2025-01-09 00:22:57.716967+00:00,2.2584879
2025-01-09 00:23:10.553378+00:00,2.2584883
2025-01-09 00:24:27.926499+00:00,2.258488
2025-01-09 00:24:53.844261+00:00,2.2584881
2025-01-09 00:25:21.293001+00:00,2.258488
2025-01-09 00:26:14.544888+00:00,2.2584881
2025-01-09 00:26:22.245030+00:00,2.2584876
2025-01-09 00:26:35.153309+00:00,2.2584881
2025-01-09 00:27:01.057400+00:00,2.2584883
2025-01-09 00:27:14.791011+00:00,2.2584884
2025-01-09 00:27:26.533696+00:00,2.2584884
2025-01-09 00:27:38.826756+00:00,2.2584875
2025-01-09 00:27:51.142828+00:00,2.2584884
2025-01-09 00:28:04.467283+00:00,2.2584874
2025-01-09 00:28:16.837539+00:00,2.2584877
2025-01-09 00:28:54.870432+00:00,2.2584884
2025-01-09 00:29:33.924596+00:00,2.2584883
2025-01-09 00:29:58.905583+00:00,2.258488
2025-01-09 00:30:12.309801+00:00,2.2584884
2025-01-09 00:30:50.695708+00:00,2.2584879
2025-01-09 00:31:02.410743+00:00,2.2584881
2025-01-09 00:31:27.669336+00:00,2.2584877
2025-01-09 00:31:40.142945+00:00,2.2584879
2025-01-09 00:31:52.666198+00:00,2.2584882
2025-01-09 00:32:05.464145+00:00,2.2584882
2025-01-09 00:32:19.519720+00:00,2.2584876
2025-01-09 00:32:31.380304+00:00,2.2584876
2025-01-09 00:33:08.494180+00:00,2.2584882
2025-01-09 00:34:13.142958+00:00,2.2584884
2025-01-09 00:35:17.909285+00:00,2.258488
2025-01-09 00:35:32.380533+00:00,2.2584876
2025-01-09 00:35:43.926150+00:00,2.2584876
2025-01-09 00:35:57.167587+00:00,2.2584879
2025-01-09 00:36:09.122836+00:00,2.2584882
2025-01-09 00:36:22.023581+00:00,2.2584875
2025-01-09 00:36:46.659727+00:00,2.2584877
2025-01-09 00:37:00.072404+00:00,2.2584878
2025-01-09 00:37:24.724013+00:00,2.2584881
2025-01-09 00:37:50.245397+00:00,2.2584874
2025-01-09 00:38:16.593104+00:00,2.2584883
2025-01-09 00:38:42.034643+00:00,2.2584878
2025-01-09 00:38:54.538517+00:00,2.2584883
2025-01-09 00:39:10.204761+00:00,2.2584884
2025-01-09 00:39:21.039059+00:00,2.2584877
2025-01-09 00:39:45.374535+00:00,2.2584881
2025-01-09 00:39:58.148521+00:00,2.2584875
2025-01-09 00:40:11.585013+00:00,2.2584882
2025-01-09 00:40:23.775304+00:00,2.2584878
2025-01-09 00:40:36.753588+00:00,2.2584876
2025-01-09 00:40:49.310445+00:00,2.2584876
2025-01-09 00:41:02.526481+00:00,2.2584879
2025-01-09 00:41:14.213558+00:00,2.258488
2025-01-09 00:41:40.250448+00:00,2.2584878
2025-01-09 00:41:53.626432+00:00,2.2584881
2025-01-09 00:42:07.277342+00:00,2.2584882
2025-01-09 00:42:18.109398+00:00,2.2584873
2025-01-09 00:42:30.441245+00:00,2.2584874
2025-01-09 00:42:55.190258+00:00,2.2584879
2025-01-09 00:43:08.058760+00:00,2.2584883
2025-01-09 00:43:34.632218+00:00,2.2584881
2025-01-09 00:43:48.368704+00:00,2.2584877
2025-01-09 00:44:51.733234+00:00,2.2584881
2025-01-09 00:45:05.239526+00:00,2.2584884
2025-01-09 00:45:17.314672+00:00,2.2584875
2025-01-09 00:45:30.229578+00:00,2.2584873
2025-01-09 00:45:55.349191+00:00,2.2584882
2025-01-09 00:46:21.035362+00:00,2.258488
2025-01-09 00:46:51.129523+00:00,2.2584878
2025-01-09 00:46:59.211206+00:00,2.258488
2025-01-09 00:47:12.086959+00:00,2.2584872
2025-01-09 00:47:49.906455+00:00,2.258488
2025-01-09 00:48:02.940863+00:00,2.2584875
2025-01-09 00:48:20.532330+00:00,2.2584875
2025-01-09 00:48:28.297475+00:00,2.2584879
2025-01-09 00:48:53.965350+00:00,2.258488
2025-01-09 00:49:06.387043+00:00,2.2584876
2025-01-09 00:49:19.220113+00:00,2.2584882
2025-01-09 00:49:31.939410+00:00,2.2584882
2025-01-09 00:50:10.130060+00:00,2.2584875
2025-01-09 00:50:22.865345+00:00,2.2584873
2025-01-09 00:50:37.465246+00:00,2.258488
2025-01-09 00:51:00.633677+00:00,2.2584874
2025-01-09 00:51:13.334074+00:00,2.258488
2025-01-09 00:51:50.719589+00:00,2.2584884
2025-01-09 00:52:05.613015+00:00,2.2584883
2025-01-09 00:52:15.774379+00:00,2.2584879
2025-01-09 00:52:29.058654+00:00,2.2584877
2025-01-09 00:52:53.637345+00:00,2.2584884
2025-01-09 00:55:03.423430+00:00,2.2584878
2025-01-09 00:55:16.634291+00:00,2.258488
2025-01-09 00:55:28.727413+00:00,2.258488
2025-01-09 00:55:41.659082+00:00,2.2584883
2025-01-09 00:56:07.396577+00:00,2.2584874
2025-01-09 00:56:19.649165+00:00,2.2584882
2025-01-09 00:56:44.589133+00:00,2.258488
2025-01-09 00:57:12.758700+00:00,2.2584876
2025-01-09 00:57:37.456199+00:00,2.2584881
2025-01-09 00:57:48.463794+00:00,2.2584875
2025-01-09 00:58:01.147390+00:00,2.2584881
2025-01-09 00:58:13.414546+00:00,2.2584875
2025-01-09 00:58:38.820116+00:00,2.2584873
2025-01-09 00:59:55.537640+00:00,2.2584883
2025-01-09 01:00:20.861402+00:00,2.2584883
2025-01-09 01:00:33.875894+00:00,2.258488
2025-01-09 01:00:46.248561+00:00,2.2584883
2025-01-09 01:00:58.430490+00:00,2.2584877
2025-01-09 01:01:11.638930+00:00,2.2584878
2025-01-09 01:01:48.983681+00:00,2.2584878
2025-01-09 01:02:13.863945+00:00,2.2584879
2025-01-09 01:02:26.483643+00:00,2.2584884
2025-01-09 01:02:39.007268+00:00,2.2584879
2025-01-09 01:03:04.461431+00:00,2.2584882
2025-01-09 01:03:17.398169+00:00,2.2584882
2025-01-09 01:05:26.888032+00:00,2.2584881
2025-01-09 01:06:05.025333+00:00,2.2584881
2025-01-09 01:06:31.918363+00:00,2.2584884
2025-01-09 01:06:45.861966+00:00,2.2584875
2025-01-09 01:07:09.052989+00:00,2.2584876
2025-01-09 01:07:20.864644+00:00,2.2584876
2025-01-09 01:07:33.801421+00:00,2.2584884
2025-01-09 01:07:51.145012+00:00,2.2584883
2025-01-09 01:07:58.874925+00:00,2.2584876
2025-01-09 01:08:11.885069+00:00,2.2584877
2025-01-09 01:08:37.283448+00:00,2.2584875
2025-01-09 01:09:06.814114+00:00,2.2584878
2025-01-09 01:09:15.129202+00:00,2.2584875
2025-01-09 01:09:40.961811+00:00,2.258488
2025-01-09 01:10:06.284464+00:00,2.258488
2025-01-09 01:10:18.876093+00:00,2.2584878
2025-01-09 01:10:44.377465+00:00,2.2584882
2025-01-09 01:11:09.805832+00:00,2.2584877
2025-01-09 01:12:00.290667+00:00,2.258488
2025-01-09 01:12:13.540882+00:00,2.258488
2025-01-09 01:12:25.440244+00:00,2.2584881
2025-01-09 01:12:38.813185+00:00,2.2584884
2025-01-09 01:12:50.483118+00:00,2.2584881
2025-01-09 01:13:08.407664+00:00,2.2584881
2025-01-09 01:14:13.329781+00:00,2.258488
2025-01-09 01:14:20.975053+00:00,2.2584878
2025-01-09 01:14:33.057077+00:00,2.2584876
2025-01-09 01:14:58.363449+00:00,2.2584882
2025-01-09 01:15:50.575666+00:00,2.2584878
2025-01-09 01:16:16.180774+00:00,2.2584877
2025-01-09 01:16:28.503404+00:00,2.2584873
2025-01-09 01:16:43.342539+00:00,2.2584872
2025-01-09 01:16:53.963695+00:00,2.2584877
2025-01-09 01:17:31.699721+00:00,2.2584876
2025-01-09 01:17:44.518550+00:00,2.2584884
2025-01-09 01:17:58.029473+00:00,2.2584883
2025-01-09 01:18:10.366306+00:00,2.2584883
2025-01-09 01:18:22.207534+00:00,2.2584878
2025-01-09 01:18:35.276458+00:00,2.2584879
2025-01-09 01:18:49.451365+00:00,2.2584882
2025-01-09 01:19:00.572183+00:00,2.2584876
2025-01-09 01:19:13.546454+00:00,2.258488
2025-01-09 01:19:26.107855+00:00,2.2584873
2025-01-09 01:19:38.436518+00:00,2.2584879
2025-01-09 01:19:51.152030+00:00,2.2584881
2025-01-09 01:20:07.951400+00:00,2.2584876
2025-01-09 01:20:31.047028+00:00,2.2584874
2025-01-09 01:20:42.608401+00:00,2.2584882
2025-01-09 01:20:54.820627+00:00,2.2584878
2025-01-09 01:21:20.734244+00:00,2.2584884
2025-01-09 01:21:34.103765+00:00,2.2584881
2025-01-09 01:21:46.480210+00:00,2.2584878
2025-01-09 01:22:36.830894+00:00,2.2584879
2025-01-09 01:22:49.613282+00:00,2.2584881
2025-01-09 01:23:02.450523+00:00,2.2584877
2025-01-09 01:23:15.775389+00:00,2.2584881
2025-01-09 01:23:27.384925+00:00,2.2584882
2025-01-09 01:23:51.875931+00:00,2.2584877
2025-01-09 01:24:05.276275+00:00,2.2584881
2025-01-09 01:24:17.960337+00:00,2.2584879
2025-01-09 01:24:30.773445+00:00,2.2584876
2025-01-09 01:24:43.177229+00:00,2.2584879
2025-01-09 01:26:01.448444+00:00,2.2584877
2025-01-09 01:26:14.785429+00:00,2.2584878
2025-01-09 01:26:39.901339+00:00,2.258488
2025-01-09 01:26:52.403945+00:00,2.2584881
2025-01-09 01:27:17.977662+00:00,2.2584879
2025-01-09 01:28:08.823508+00:00,2.2584878
2025-01-09 01:28:34.692184+00:00,2.258488
2025-01-09 01:28:46.878774+00:00,2.2584875
2025-01-09 01:28:59.435459+00:00,2.2584881
2025-01-09 01:29:12.464940+00:00,2.2584874
2025-01-09 01:29:50.334652+00:00,2.2584877
2025-01-09 01:30:04.137357+00:00,2.2584882
2025-01-09 01:30:15.750402+00:00,2.2584879
2025-01-09 01:30:41.597196+00:00,2.2584879
2025-01-09 01:30:53.971594+00:00,2.2584883
2025-01-09 01:31:06.938789+00:00,2.2584877
2025-01-09 01:31:33.283709+00:00,2.2584878
2025-01-09 01:31:46.016015+00:00,2.2584882
2025-01-09 01:31:57.918284+00:00,2.2584883
2025-01-09 01:32:35.633585+00:00,2.2584881
2025-01-09 01:32:49.355161+00:00,2.2584881
2025-01-09 01:33:01.252187+00:00,2.2584882
2025-01-09 01:34:16.425889+00:00,2.2584878
2025-01-09 01:37:04.190963+00:00,2.2584883
2025-01-09 01:37:20.484546+00:00,2.2584881
2025-01-09 01:37:29.700350+00:00,2.2584881
2025-01-09 01:37:42.048277+00:00,2.2584876
2025-01-09 01:37:54.960425+00:00,2.2584879
2025-01-09 01:38:07.965872+00:00,2.2584883
2025-01-09 01:38:20.167994+00:00,2.2584877
2025-01-09 01:38:32.579396+00:00,2.258488
2025-01-09 01:39:11.577059+00:00,2.2584884
2025-01-09 01:39:23.205431+00:00,2.2584883
2025-01-09 01:40:27.055670+00:00,2.258488
2025-01-09 01:41:10.427657+00:00,2.2584883
2025-01-09 01:41:20.174320+00:00,2.2584882
2025-01-09 01:41:30.901523+00:00,2.2584882
2025-01-09 01:41:43.435696+00:00,2.2584878
2025-01-09 01:41:56.335341+00:00,2.2584883
2025-01-09 01:42:08.659227+00:00,2.2584874
2025-01-09 01:42:22.656437+00:00,2.2584875
2025-01-09 01:42:46.766417+00:00,2.2584875
2025-01-09 01:42:59.342160+00:00,2.2584882
2025-01-09 01:43:12.240054+00:00,2.258488
2025-01-09 01:43:25.917135+00:00,2.2584878
2025-01-09 01:43:37.158037+00:00,2.2584878
2025-01-09 01:44:02.160283+00:00,2.2584882
2025-01-09 01:44:17.315098+00:00,2.2584882
2025-01-09 01:44:53.413392+00:00,2.2584881
2025-01-09 01:45:45.786500+00:00,2.258488
2025-01-09 01:45:58.183141+00:00,2.2584882
2025-01-09 01:46:23.627577+00:00,2.2584877
2025-01-09 01:46:36.349901+00:00,2.2584874
2025-01-09 01:46:49.309436+00:00,2.2584883
2025-01-09 01:47:17.944331+00:00,2.2584875
2025-01-09 01:47:27.766388+00:00,2.258488
2025-01-09 01:47:39.694507+00:00,2.2584877
2025-01-09 01:47:52.781187+00:00,2.2584874
2025-01-09 01:48:05.365536+00:00,2.2584883
2025-01-09 01:48:30.691173+00:00,2.2584877
2025-01-09 01:48:55.737473+00:00,2.2584872
2025-01-09 01:49:11.041147+00:00,2.2584878
2025-01-09 01:49:21.106195+00:00,2.2584877
2025-01-09 01:49:34.303942+00:00,2.2584882
2025-01-09 01:49:47.025694+00:00,2.2584868
2025-01-09 01:49:59.312279+00:00,2.2584882
2025-01-09 01:50:52.999309+00:00,2.2584874
2025-01-09 01:51:16.339784+00:00,2.2584878
2025-01-09 01:51:29.465979+00:00,2.2584882
2025-01-09 01:51:41.893903+00:00,2.2584876
2025-01-09 01:52:20.003203+00:00,2.2584876
2025-01-09 01:52:32.499515+00:00,2.258488
2025-01-09 01:52:45.378187+00:00,2.2584872
2025-01-09 01:52:57.738590+00:00,2.2584876
2025-01-09 01:53:12.884958+00:00,2.2584882
2025-01-09 01:53:22.708945+00:00,2.2584878
2025-01-09 01:53:35.333342+00:00,2.2584884
2025-01-09 01:54:13.181376+00:00,2.2584876
2025-01-09 01:54:26.445219+00:00,2.2584881
2025-01-09 01:54:39.233681+00:00,2.2584871
2025-01-09 01:54:55.146252+00:00,2.2584875
2025-01-09 01:55:06.010244+00:00,2.2584877
2025-01-09 01:55:17.552958+00:00,2.2584881
2025-01-09 01:55:30.780132+00:00,2.2584875
2025-01-09 01:56:35.198854+00:00,2.2584881
2025-01-09 01:56:48.984313+00:00,2.2584883
2025-01-09 01:57:01.008305+00:00,2.2584879
2025-01-09 01:57:13.869274+00:00,2.2584879
2025-01-09 01:57:26.341845+00:00,2.2584882
2025-01-09 01:57:39.568400+00:00,2.2584877
2025-01-09 01:57:51.720173+00:00,2.2584874
2025-01-09 01:58:04.687955+00:00,2.2584877
2025-01-09 01:58:16.937370+00:00,2.2584881
2025-01-09 01:58:29.563198+00:00,2.258488
2025-01-09 01:58:55.194536+00:00,2.2584878
2025-01-09 01:59:21.672119+00:00,2.2584875
2025-01-09 01:59:33.255567+00:00,2.2584874
2025-01-09 01:59:58.662748+00:00,2.2584883
2025-01-09 02:00:14.003528+00:00,2.2584872
2025-01-09 02:00:23.622115+00:00,2.2584878
2025-01-09 02:00:49.126725+00:00,2.2584875
2025-01-09 02:01:02.181812+00:00,2.2584877
2025-01-09 02:01:14.936787+00:00,2.2584878
2025-01-09 02:01:27.159042+00:00,2.2584871
2025-01-09 02:01:39.927475+00:00,2.2584878
2025-01-09 02:01:52.826705+00:00,2.2584883
2025-01-09 02:02:18.579758+00:00,2.2584881
2025-01-09 02:02:31.125190+00:00,2.2584873
2025-01-09 02:02:44.418587+00:00,2.2584881
2025-01-09 02:02:56.243867+00:00,2.2584877
2025-01-09 02:03:09.387722+00:00,2.2584881
2025-01-09 02:03:21.280157+00:00,2.2584875
2025-01-09 02:03:33.790469+00:00,2.258488
2025-01-09 02:03:47.034691+00:00,2.2584874
2025-01-09 02:04:11.976392+00:00,2.2584874
2025-01-09 02:04:37.036638+00:00,2.2584877
2025-01-09 02:05:02.574731+00:00,2.258488
2025-01-09 02:05:27.959195+00:00,2.2584878
2025-01-09 02:05:40.590902+00:00,2.2584878
2025-01-09 02:06:06.582475+00:00,2.2584879
2025-01-09 02:06:32.549691+00:00,2.2584877
2025-01-09 02:06:58.205385+00:00,2.2584879
2025-01-09 02:07:11.453373+00:00,2.2584877
2025-01-09 02:07:25.897560+00:00,2.2584882
2025-01-09 02:07:49.656275+00:00,2.2584873
2025-01-09 02:08:03.710148+00:00,2.2584875
2025-01-09 02:08:14.721633+00:00,2.2584879
2025-01-09 02:08:28.051567+00:00,2.2584874
2025-01-09 02:08:54.922370+00:00,2.2584878
2025-01-09 02:09:05.236307+00:00,2.2584875
2025-01-09 02:09:17.697325+00:00,2.2584878
2025-01-09 02:09:43.719692+00:00,2.2584874
2025-01-09 02:09:55.641798+00:00,2.2584876
2025-01-09 02:10:24.148984+00:00,2.258488
2025-01-09 02:10:35.577349+00:00,2.258488
2025-01-09 02:10:46.550750+00:00,2.2584883
2025-01-09 02:10:59.130886+00:00,2.258488
2025-01-09 02:11:38.859193+00:00,2.2584871
2025-01-09 02:11:50.003395+00:00,2.258488
2025-01-09 02:12:32.808387+00:00,2.2584879
2025-01-09 02:12:41.428505+00:00,2.2584879
2025-01-09 02:12:53.503007+00:00,2.2584879
2025-01-09 02:13:06.576003+00:00,2.2584873
2025-01-09 02:13:19.624907+00:00,2.2584877
2025-01-09 02:13:31.549163+00:00,2.2584883
2025-01-09 02:13:44.089837+00:00,2.2584884
2025-01-09 02:15:00.452239+00:00,2.2584876
2025-01-09 02:15:12.976328+00:00,2.2584879
2025-01-09 02:15:25.391682+00:00,2.2584883
2025-01-09 02:15:50.479789+00:00,2.2584884
2025-01-09 02:16:17.722938+00:00,2.2584881
2025-01-09 02:17:34.293327+00:00,2.2584877
2025-01-09 02:17:47.456717+00:00,2.2584875
2025-01-09 02:19:03.395972+00:00,2.2584874
2025-01-09 02:19:15.701522+00:00,2.2584878
2025-01-09 02:19:28.292852+00:00,2.2584872
2025-01-09 02:19:41.499554+00:00,2.2584884
2025-01-09 02:19:54.136988+00:00,2.2584883
2025-01-09 02:20:06.632124+00:00,2.2584881
2025-01-09 02:20:19.249584+00:00,2.2584884
2025-01-09 02:20:32.067466+00:00,2.2584882
2025-01-09 02:20:57.446235+00:00,2.2584879
2025-01-09 02:21:22.933885+00:00,2.2584883
2025-01-09 02:21:35.372205+00:00,2.2584884
2025-01-09 02:22:02.291313+00:00,2.2584881
2025-01-09 02:22:14.861305+00:00,2.2584876
2025-01-09 02:22:54.116452+00:00,2.2584881
2025-01-09 02:23:06.152227+00:00,2.2584883
2025-01-09 02:23:17.257188+00:00,2.2584884
2025-01-09 02:23:42.515917+00:00,2.2584881
2025-01-09 02:23:55.433627+00:00,2.2584883
2025-01-09 02:24:08.171286+00:00,2.2584872
2025-01-09 02:24:20.167311+00:00,2.2584877
2025-01-09 02:24:34.002177+00:00,2.2584883
2025-01-09 02:24:45.820734+00:00,2.2584876
2025-01-09 02:24:57.908446+00:00,2.2584878
2025-01-09 02:25:23.448548+00:00,2.2584881
2025-01-09 02:25:36.048558+00:00,2.2584872
2025-01-09 02:25:49.069883+00:00,2.2584881
2025-01-09 02:26:02.037300+00:00,2.2584877
2025-01-09 02:26:14.517005+00:00,2.2584878
2025-01-09 02:26:27.379187+00:00,2.2584875
2025-01-09 02:27:32.317789+00:00,2.2584882
2025-01-09 02:27:46.258210+00:00,2.2584873
2025-01-09 02:27:57.586278+00:00,2.2584881
2025-01-09 02:28:10.707396+00:00,2.2584881
2025-01-09 02:28:36.282312+00:00,2.2584882
2025-01-09 02:28:48.598532+00:00,2.258488
2025-01-09 02:29:03.423223+00:00,2.2584872
2025-01-09 02:29:13.828769+00:00,2.2584874
2025-01-09 02:29:26.600082+00:00,2.2584876
2025-01-09 02:29:39.980584+00:00,2.2584877
2025-01-09 02:29:52.105199+00:00,2.2584875
2025-01-09 02:30:04.924535+00:00,2.2584876
2025-01-09 02:30:17.773151+00:00,2.2584875
2025-01-09 02:30:44.090530+00:00,2.2584879
2025-01-09 02:30:55.683748+00:00,2.2584878
2025-01-09 02:31:08.481899+00:00,2.2584882
2025-01-09 02:31:20.727304+00:00,2.2584875
2025-01-09 02:31:34.632192+00:00,2.2584876
2025-01-09 02:31:46.939003+00:00,2.258488
2025-01-09 02:31:59.295747+00:00,2.2584873
2025-01-09 02:32:24.409986+00:00,2.2584882
2025-01-09 02:32:50.070553+00:00,2.2584874
2025-01-09 02:33:09.514155+00:00,2.2584882
2025-01-09 02:33:16.198546+00:00,2.2584873
2025-01-09 02:33:29.614459+00:00,2.258488
2025-01-09 02:33:40.562910+00:00,2.2584881
2025-01-09 02:33:53.051340+00:00,2.2584883
2025-01-09 02:34:06.360152+00:00,2.2584878
2025-01-09 02:34:19.920701+00:00,2.2584875
2025-01-09 02:34:33.450562+00:00,2.2584879
2025-01-09 02:34:43.613189+00:00,2.2584876
2025-01-09 02:34:56.290914+00:00,2.2584881
2025-01-09 02:35:08.917581+00:00,2.2584875
2025-01-09 02:35:21.473788+00:00,2.2584875
2025-01-09 02:35:35.032315+00:00,2.2584868
2025-01-09 02:36:00.206823+00:00,2.2584882
2025-01-09 02:36:12.593161+00:00,2.2584883
2025-01-09 02:36:25.414093+00:00,2.2584875
2025-01-09 02:36:40.036483+00:00,2.2584882
2025-01-09 02:36:52.826458+00:00,2.258488
2025-01-09 02:37:17.931990+00:00,2.258488
2025-01-09 02:37:30.797319+00:00,2.2584874
2025-01-09 02:37:43.268894+00:00,2.2584877
2025-01-09 02:37:56.209878+00:00,2.2584882
2025-01-09 02:38:09.221231+00:00,2.2584884
2025-01-09 02:38:34.348901+00:00,2.2584877
2025-01-09 02:38:47.467981+00:00,2.2584872
2025-01-09 02:38:59.677533+00:00,2.2584867
2025-01-09 02:39:12.616563+00:00,2.2584871
2025-01-09 02:39:25.258414+00:00,2.2584869
2025-01-09 02:39:37.859166+00:00,2.2584869
2025-01-09 02:39:50.581731+00:00,2.2584882
2025-01-09 02:40:05.226121+00:00,2.2584875
2025-01-09 02:40:15.824126+00:00,2.2584879
2025-01-09 02:40:29.862323+00:00,2.2584869
2025-01-09 02:40:41.476872+00:00,2.2584873
2025-01-09 02:40:53.774414+00:00,2.2584868
2025-01-09 02:41:06.462492+00:00,2.258487
2025-01-09 02:41:18.998060+00:00,2.2584867
2025-01-09 02:41:32.121014+00:00,2.2584869
2025-01-09 02:41:44.320094+00:00,2.2584879
2025-01-09 02:41:58.402688+00:00,2.2584878
2025-01-09 02:42:10.037017+00:00,2.2584872
2025-01-09 02:42:22.724158+00:00,2.2584873
2025-01-09 02:42:35.784685+00:00,2.2584878
2025-01-09 02:43:01.158108+00:00,2.2584875
2025-01-09 02:43:14.673482+00:00,2.2584881
2025-01-09 02:43:29.685376+00:00,2.2584863
2025-01-09 02:43:39.161986+00:00,2.2584869
2025-01-09 02:43:51.470255+00:00,2.2584871
2025-01-09 02:44:04.446747+00:00,2.2584876
2025-01-09 02:44:20.358145+00:00,2.2584875
2025-01-09 02:44:29.607935+00:00,2.2584875
2025-01-09 02:44:44.985336+00:00,2.2584867
2025-01-09 02:44:54.638249+00:00,2.2584872
2025-01-09 02:45:07.820289+00:00,2.2584883
2025-01-09 02:45:20.524526+00:00,2.2584881
2025-01-09 02:45:33.926011+00:00,2.258487
2025-01-09 02:45:46.408869+00:00,2.2584881
2025-01-09 02:45:58.399446+00:00,2.2584871
2025-01-09 02:46:10.605596+00:00,2.2584864
2025-01-09 02:46:23.176654+00:00,2.2584879
2025-01-09 02:46:49.029375+00:00,2.2584871
2025-01-09 02:47:02.189884+00:00,2.2584876
2025-01-09 02:47:14.865832+00:00,2.2584876
2025-01-09 02:47:40.923518+00:00,2.258488
2025-01-09 02:47:53.987723+00:00,2.2584882
2025-01-09 02:48:20.193495+00:00,2.2584876
2025-01-09 02:48:32.937703+00:00,2.2584862
2025-01-09 02:48:45.888179+00:00,2.2584872
2025-01-09 02:48:59.126046+00:00,2.2584878
2025-01-09 02:49:11.710806+00:00,2.2584864
2025-01-09 02:49:23.320398+00:00,2.2584875
2025-01-09 02:49:36.258591+00:00,2.2584874
2025-01-09 02:49:49.296531+00:00,2.2584866
2025-01-09 02:50:01.738763+00:00,2.2584873
2025-01-09 02:50:14.896213+00:00,2.2584869
2025-01-09 02:50:27.425059+00:00,2.2584875
2025-01-09 02:50:39.792689+00:00,2.2584871
2025-01-09 02:50:52.301280+00:00,2.2584875
2025-01-09 02:51:04.963354+00:00,2.2584879
2025-01-09 02:51:19.193044+00:00,2.2584869
2025-01-09 02:51:32.817167+00:00,2.2584867
2025-01-09 02:51:43.353777+00:00,2.2584875
2025-01-09 02:51:55.971722+00:00,2.2584879
2025-01-09 02:52:08.909670+00:00,2.2584873
2025-01-09 02:52:21.414321+00:00,2.2584873
2025-01-09 02:52:35.265932+00:00,2.2584875
2025-01-09 02:52:47.441819+00:00,2.258488
2025-01-09 02:53:12.423308+00:00,2.2584867
2025-01-09 02:53:24.928049+00:00,2.258488
2025-01-09 02:53:37.851219+00:00,2.2584866
2025-01-09 02:53:50.190380+00:00,2.2584872
2025-01-09 02:54:05.263272+00:00,2.258487
2025-01-09 02:54:15.770704+00:00,2.2584869
2025-01-09 02:54:27.970175+00:00,2.2584868
2025-01-09 02:54:40.681280+00:00,2.2584869
2025-01-09 02:54:53.522095+00:00,2.2584873
2025-01-09 02:55:06.279143+00:00,2.258488
2025-01-09 02:55:18.761375+00:00,2.2584864
2025-01-09 02:55:31.543528+00:00,2.2584869
2025-01-09 02:55:45.481661+00:00,2.2584865
2025-01-09 02:55:57.079317+00:00,2.2584878
2025-01-09 02:56:22.275814+00:00,2.2584875
2025-01-09 02:56:35.311709+00:00,2.2584869
2025-01-09 02:56:52.432283+00:00,2.2584881
2025-01-09 02:57:14.167548+00:00,2.2584872
2025-01-09 02:57:26.969318+00:00,2.2584879
2025-01-09 02:57:39.809637+00:00,2.2584868
2025-01-09 02:57:52.819312+00:00,2.2584875
2025-01-09 02:58:18.348810+00:00,2.2584871
2025-01-09 02:58:31.158275+00:00,2.2584871
2025-01-09 02:58:43.537487+00:00,2.2584867
2025-01-09 02:58:56.534782+00:00,2.258488
2025-01-09 02:59:21.895292+00:00,2.2584873
2025-01-09 02:59:36.878975+00:00,2.2584867
2025-01-09 02:59:47.986240+00:00,2.2584868
2025-01-09 02:59:59.753423+00:00,2.2584884
2025-01-09 03:00:12.782449+00:00,2.2584861
2025-01-09 03:00:25.268801+00:00,2.2584871
2025-01-09 03:00:38.789304+00:00,2.258487
2025-01-09 03:00:50.588147+00:00,2.2584865
2025-01-09 03:01:09.668834+00:00,2.2584862
2025-01-09 03:01:16.625807+00:00,2.258487
2025-01-09 03:01:28.890005+00:00,2.2584863
2025-01-09 03:01:43.564666+00:00,2.258487
2025-01-09 03:01:55.842290+00:00,2.2584878
2025-01-09 03:02:08.978029+00:00,2.2584871
2025-01-09 03:02:19.670386+00:00,2.2584867
2025-01-09 03:02:32.691715+00:00,2.2584869
2025-01-09 03:02:45.654351+00:00,2.2584871
2025-01-09 03:02:57.622852+00:00,2.2584864
2025-01-09 03:03:10.897385+00:00,2.2584873
2025-01-09 03:03:22.692473+00:00,2.2584869
2025-01-09 03:03:36.143804+00:00,2.2584864
2025-01-09 03:03:48.933174+00:00,2.2584877
2025-01-09 03:04:03.252186+00:00,2.2584866
2025-01-09 03:04:13.442911+00:00,2.2584869
2025-01-09 03:04:26.268237+00:00,2.2584862
2025-01-09 03:04:38.791126+00:00,2.2584862
2025-01-09 03:04:51.116760+00:00,2.2584876
2025-01-09 03:05:04.154034+00:00,2.2584868
2025-01-09 03:05:17.025395+00:00,2.2584876
2025-01-09 03:05:29.773776+00:00,2.258488
2025-01-09 03:05:45.145395+00:00,2.2584867
2025-01-09 03:05:55.320042+00:00,2.2584867
2025-01-09 03:06:10.136825+00:00,2.258488
2025-01-09 03:06:34.428251+00:00,2.2584869
2025-01-09 03:06:47.566502+00:00,2.2584875
2025-01-09 03:07:01.333808+00:00,2.2584871
2025-01-09 03:07:13.452168+00:00,2.2584864
2025-01-09 03:07:44.580568+00:00,2.2584872
2025-01-09 03:07:51.201719+00:00,2.2584866
2025-01-09 03:08:04.534891+00:00,2.258486
2025-01-09 03:08:16.869807+00:00,2.2584875
2025-01-09 03:08:29.390826+00:00,2.2584862
2025-01-09 03:08:41.951147+00:00,2.2584861
2025-01-09 03:08:59.017031+00:00,2.2584876
2025-01-09 03:09:07.772107+00:00,2.258486
2025-01-09 03:09:21.404596+00:00,2.2584865
2025-01-09 03:09:33.145700+00:00,2.2584867
2025-01-09 03:09:46.323280+00:00,2.2584867
2025-01-09 03:09:59.092824+00:00,2.2584864
2025-01-09 03:10:11.446414+00:00,2.258488
2025-01-09 03:10:26.575285+00:00,2.2584863
2025-01-09 03:10:40.409347+00:00,2.2584867
2025-01-09 03:10:52.715501+00:00,2.2584865
2025-01-09 03:11:03.822136+00:00,2.258487
2025-01-09 03:11:20.367263+00:00,2.2584872
2025-01-09 03:11:27.361539+00:00,2.2584865
2025-01-09 03:11:40.603348+00:00,2.2584871
2025-01-09 03:12:06.761268+00:00,2.2584871
2025-01-09 03:12:20.660698+00:00,2.2584865
2025-01-09 03:12:31.171999+00:00,2.2584864
2025-01-09 03:12:43.536193+00:00,2.2584864
2025-01-09 03:12:56.307083+00:00,2.2584869
2025-01-09 03:13:09.482898+00:00,2.258487
2025-01-09 03:13:21.441079+00:00,2.2584865
2025-01-09 03:13:34.786566+00:00,2.258486
2025-01-09 03:13:51.312006+00:00,2.258487
2025-01-09 03:13:59.652438+00:00,2.2584865
2025-01-09 03:14:13.111011+00:00,2.2584864
2025-01-09 03:14:24.464028+00:00,2.2584867
2025-01-09 03:14:37.354580+00:00,2.2584866
2025-01-09 03:14:49.581214+00:00,2.2584871
2025-01-09 03:15:02.294824+00:00,2.2584879
2025-01-09 03:15:18.227156+00:00,2.2584868
2025-01-09 03:15:41.045899+00:00,2.2584876
2025-01-09 03:15:53.403426+00:00,2.2584875
2025-01-09 03:16:21.073698+00:00,2.2584883
2025-01-09 03:16:32.772793+00:00,2.2584882
2025-01-09 03:16:45.612723+00:00,2.2584879
2025-01-09 03:16:58.335725+00:00,2.2584861
2025-01-09 03:17:11.574531+00:00,2.2584877
2025-01-09 03:17:24.952560+00:00,2.2584878
2025-01-09 03:17:39.368425+00:00,2.258488
2025-01-09 03:17:50.610515+00:00,2.2584866
2025-01-09 03:18:02.675583+00:00,2.2584866
2025-01-09 03:18:15.000431+00:00,2.2584866
2025-01-09 03:18:27.632967+00:00,2.2584863
2025-01-09 03:18:40.896299+00:00,2.2584875
2025-01-09 03:18:53.372687+00:00,2.2584863
2025-01-09 03:19:06.179571+00:00,2.2584875
2025-01-09 03:19:19.357067+00:00,2.2584883
2025-01-09 03:19:31.456736+00:00,2.2584867
2025-01-09 03:19:45.279891+00:00,2.2584872
2025-01-09 03:19:56.217535+00:00,2.2584862
2025-01-09 03:20:21.780307+00:00,2.2584866
2025-01-09 03:20:35.360173+00:00,2.2584858
2025-01-09 03:20:46.918150+00:00,2.2584883
2025-01-09 03:21:00.610590+00:00,2.2584876
2025-01-09 03:21:12.800294+00:00,2.2584881
2025-01-09 03:21:25.646435+00:00,2.2584868
2025-01-09 03:21:37.891105+00:00,2.2584872
2025-01-09 03:21:50.489997+00:00,2.258487
2025-01-09 03:22:03.844887+00:00,2.2584873
2025-01-09 03:22:16.651168+00:00,2.2584873
2025-01-09 03:22:28.997122+00:00,2.2584866
2025-01-09 03:22:41.610621+00:00,2.258487
2025-01-09 03:22:54.450401+00:00,2.2584876
2025-01-09 03:23:07.576065+00:00,2.2584876
2025-01-09 03:23:33.512794+00:00,2.2584875
2025-01-09 03:23:44.678380+00:00,2.2584872
2025-01-09 03:23:57.415255+00:00,2.2584872
2025-01-09 03:24:22.664409+00:00,2.2584866
2025-01-09 03:24:35.627883+00:00,2.2584874
2025-01-09 03:24:48.352722+00:00,2.2584873
2025-01-09 03:25:01.042391+00:00,2.2584869
2025-01-09 03:25:13.795757+00:00,2.2584881
2025-01-09 03:25:26.897777+00:00,2.2584875
2025-01-09 03:25:40.088445+00:00,2.2584878
2025-01-09 03:25:52.021882+00:00,2.2584882
2025-01-09 03:26:31.121446+00:00,2.2584872
2025-01-09 03:26:44.780289+00:00,2.2584881
2025-01-09 03:26:57.049523+00:00,2.258488
2025-01-09 03:27:22.841911+00:00,2.2584866
2025-01-09 03:27:35.832537+00:00,2.2584875
2025-01-09 03:27:49.776054+00:00,2.2584861
2025-01-09 03:28:02.636074+00:00,2.2584867
2025-01-09 03:28:14.073520+00:00,2.2584875
2025-01-09 03:28:26.519063+00:00,2.258487
2025-01-09 03:28:51.992891+00:00,2.2584864
2025-01-09 03:29:05.856432+00:00,2.2584869
2025-01-09 03:29:17.555710+00:00,2.2584876
2025-01-09 03:29:29.899823+00:00,2.258487
2025-01-09 03:29:42.471379+00:00,2.2584884
2025-01-09 03:30:08.610747+00:00,2.2584872
2025-01-09 03:30:21.165709+00:00,2.2584859
2025-01-09 03:30:36.309175+00:00,2.2584865
2025-01-09 03:30:46.296523+00:00,2.258488
2025-01-09 03:30:58.991470+00:00,2.2584866
2025-01-09 03:31:11.751827+00:00,2.258487
2025-01-09 03:31:25.114433+00:00,2.2584866
2025-01-09 03:31:37.418085+00:00,2.2584868
2025-01-09 03:31:49.981204+00:00,2.2584861
2025-01-09 03:32:02.745344+00:00,2.2584874
2025-01-09 03:32:15.651589+00:00,2.2584869
2025-01-09 03:32:28.652341+00:00,2.2584869
2025-01-09 03:32:40.694086+00:00,2.2584869
2025-01-09 03:32:53.654050+00:00,2.2584864
2025-01-09 03:33:18.882148+00:00,2.2584869
2025-01-09 03:33:35.335025+00:00,2.2584863
2025-01-09 03:33:43.737628+00:00,2.2584863
2025-01-09 03:33:57.508297+00:00,2.2584867
2025-01-09 03:34:09.110487+00:00,2.2584869
2025-01-09 03:34:22.134043+00:00,2.2584871
2025-01-09 03:34:34.302882+00:00,2.2584859
2025-01-09 03:34:47.658112+00:00,2.258487
2025-01-09 03:34:59.470243+00:00,2.2584869
2025-01-09 03:35:12.610214+00:00,2.2584868
2025-01-09 03:35:25.616843+00:00,2.2584873
2025-01-09 03:35:50.610240+00:00,2.258487
2025-01-09 03:36:07.671189+00:00,2.258488
2025-01-09 03:36:42.635413+00:00,2.2584865
2025-01-09 03:36:55.557648+00:00,2.2584873
2025-01-09 03:37:09.178061+00:00,2.2584873
2025-01-09 03:37:34.315550+00:00,2.2584882
2025-01-09 03:37:59.644252+00:00,2.2584877
2025-01-09 03:38:25.207392+00:00,2.2584871
2025-01-09 03:38:37.700695+00:00,2.2584874
2025-01-09 03:38:51.822124+00:00,2.2584872
2025-01-09 03:39:04.149450+00:00,2.2584873
2025-01-09 03:39:16.979563+00:00,2.2584879
2025-01-09 03:39:29.384491+00:00,2.2584873
2025-01-09 03:39:41.614475+00:00,2.2584863
2025-01-09 03:40:00.737179+00:00,2.2584859
2025-01-09 03:40:08.067706+00:00,2.2584869
2025-01-09 03:40:19.940868+00:00,2.2584859
2025-01-09 03:40:32.406387+00:00,2.2584883
2025-01-09 03:40:59.529888+00:00,2.2584873
2025-01-09 03:41:10.484990+00:00,2.2584867
2025-01-09 03:41:24.357136+00:00,2.258487
2025-01-09 03:41:36.383921+00:00,2.2584867
2025-01-09 03:41:48.978329+00:00,2.2584871
2025-01-09 03:42:05.104775+00:00,2.2584884
2025-01-09 03:42:13.925223+00:00,2.2584862
2025-01-09 03:42:28.077507+00:00,2.2584869
2025-01-09 03:42:43.636789+00:00,2.2584867
2025-01-09 03:42:52.660316+00:00,2.2584868
2025-01-09 03:43:04.940537+00:00,2.2584862
2025-01-09 03:43:17.674380+00:00,2.2584868
2025-01-09 03:43:31.474090+00:00,2.2584862
2025-01-09 03:43:42.533739+00:00,2.2584878
2025-01-09 03:43:55.084761+00:00,2.2584882
2025-01-09 03:44:07.912119+00:00,2.2584859
2025-01-09 03:44:21.110680+00:00,2.2584864
2025-01-09 03:44:33.336889+00:00,2.2584869
2025-01-09 03:44:45.709243+00:00,2.2584868
2025-01-09 03:44:58.149916+00:00,2.2584864
2025-01-09 03:45:23.473581+00:00,2.2584866
2025-01-09 03:45:36.233288+00:00,2.2584871
2025-01-09 03:45:53.649589+00:00,2.2584869
2025-01-09 03:46:14.877063+00:00,2.2584871
2025-01-09 03:46:27.864088+00:00,2.258487
2025-01-09 03:46:40.932800+00:00,2.2584875
2025-01-09 03:46:53.805456+00:00,2.2584859
2025-01-09 03:47:07.434943+00:00,2.2584878
2025-01-09 03:47:20.868249+00:00,2.2584867
2025-01-09 03:47:47.169284+00:00,2.2584869
2025-01-09 03:47:58.408186+00:00,2.2584866
2025-01-09 03:48:11.256218+00:00,2.2584862
2025-01-09 03:48:24.834326+00:00,2.2584862
2025-01-09 03:48:36.674358+00:00,2.2584875
2025-01-09 03:48:49.240457+00:00,2.2584866
2025-01-09 03:49:14.418312+00:00,2.2584867
2025-01-09 03:49:26.890975+00:00,2.2584858
2025-01-09 03:49:39.882440+00:00,2.2584877
2025-01-09 03:49:52.010593+00:00,2.2584867
2025-01-09 03:50:04.811777+00:00,2.2584862
2025-01-09 03:50:17.763076+00:00,2.2584865
2025-01-09 03:50:30.378566+00:00,2.2584865
2025-01-09 03:50:43.500964+00:00,2.2584859
2025-01-09 03:50:57.162988+00:00,2.2584861
2025-01-09 03:51:08.295260+00:00,2.2584864
2025-01-09 03:51:33.718276+00:00,2.2584871
2025-01-09 03:51:48.897397+00:00,2.2584869
2025-01-09 03:52:03.051684+00:00,2.258487
2025-01-09 03:52:12.082527+00:00,2.258486
2025-01-09 03:52:24.682546+00:00,2.2584861
2025-01-09 03:52:37.121470+00:00,2.2584858
2025-01-09 03:52:51.245094+00:00,2.2584866
2025-01-09 03:53:02.940851+00:00,2.2584872
2025-01-09 03:53:16.075120+00:00,2.2584879
2025-01-09 03:53:29.452967+00:00,2.2584874
2025-01-09 03:53:41.079152+00:00,2.2584863
2025-01-09 03:53:53.810850+00:00,2.2584861
2025-01-09 03:54:07.248420+00:00,2.2584862
2025-01-09 03:54:19.855246+00:00,2.2584863
2025-01-09 03:54:32.012954+00:00,2.2584864
2025-01-09 03:54:44.329853+00:00,2.2584865
2025-01-09 03:54:57.320586+00:00,2.2584862
2025-01-09 03:55:09.922128+00:00,2.2584863
2025-01-09 03:55:22.786844+00:00,2.2584868
2025-01-09 03:55:35.173555+00:00,2.2584861
2025-01-09 03:55:48.588011+00:00,2.2584862
2025-01-09 03:56:00.140150+00:00,2.2584875
2025-01-09 03:56:12.746367+00:00,2.2584872
2025-01-09 03:56:38.714964+00:00,2.2584874
2025-01-09 03:56:50.788838+00:00,2.2584876
2025-01-09 03:57:04.457664+00:00,2.2584882
2025-01-09 03:57:17.051208+00:00,2.2584875
2025-01-09 03:57:29.680942+00:00,2.2584872
2025-01-09 03:57:42.679813+00:00,2.2584867
2025-01-09 03:57:56.063486+00:00,2.2584883
2025-01-09 03:58:34.488203+00:00,2.258487
2025-01-09 03:58:47.654226+00:00,2.2584875
2025-01-09 03:59:00.857794+00:00,2.2584871
2025-01-09 03:59:13.218716+00:00,2.2584874
2025-01-09 03:59:38.557805+00:00,2.2584862
2025-01-09 03:59:51.152760+00:00,2.2584881
2025-01-09 04:00:05.331893+00:00,2.2584866
2025-01-09 04:00:17.039638+00:00,2.2584865
2025-01-09 04:00:30.036804+00:00,2.2584865
2025-01-09 04:00:42.133254+00:00,2.2584864
2025-01-09 04:00:56.658383+00:00,2.2584865
2025-01-09 04:01:07.613802+00:00,2.2584864
2025-01-09 04:01:20.101208+00:00,2.2584868
2025-01-09 04:01:32.566555+00:00,2.2584868
2025-01-09 04:01:45.721042+00:00,2.2584867
2025-01-09 04:01:57.747317+00:00,2.2584866
2025-01-09 04:02:11.118695+00:00,2.2584877
2025-01-09 04:02:24.621042+00:00,2.2584869
2025-01-09 04:02:35.899089+00:00,2.2584878
2025-01-09 04:02:48.877060+00:00,2.2584868
2025-01-09 04:03:01.810360+00:00,2.2584871
2025-01-09 04:03:15.285687+00:00,2.2584881
2025-01-09 04:03:26.752548+00:00,2.2584862
2025-01-09 04:03:39.833785+00:00,2.2584878
2025-01-09 04:03:54.156234+00:00,2.2584876
2025-01-09 04:04:05.273360+00:00,2.2584867
2025-01-09 04:04:18.893290+00:00,2.2584864
2025-01-09 04:04:30.624212+00:00,2.2584869
2025-01-09 04:04:43.000263+00:00,2.2584862
2025-01-09 04:04:56.657530+00:00,2.2584872
2025-01-09 04:05:08.441468+00:00,2.2584875
2025-01-09 04:05:22.528666+00:00,2.2584872
2025-01-09 04:05:46.381768+00:00,2.2584858
2025-01-09 04:05:58.826146+00:00,2.2584878
2025-01-09 04:06:11.752554+00:00,2.2584881
2025-01-09 04:06:25.367767+00:00,2.2584869
2025-01-09 04:07:02.480235+00:00,2.2584868
2025-01-09 04:07:15.305223+00:00,2.2584879
2025-01-09 04:08:20.045400+00:00,2.2584881
2025-01-09 04:08:50.212840+00:00,2.2584881
2025-01-09 04:08:59.136805+00:00,2.2584874
2025-01-09 04:09:12.205713+00:00,2.2584866
2025-01-09 04:09:25.985041+00:00,2.2584876
2025-01-09 04:09:37.466671+00:00,2.2584869
2025-01-09 04:09:50.199554+00:00,2.2584883
2025-01-09 04:10:03.819078+00:00,2.2584866
2025-01-09 04:10:17.143503+00:00,2.2584863
2025-01-09 04:10:29.016464+00:00,2.2584863
2025-01-09 04:10:41.144936+00:00,2.2584875
2025-01-09 04:10:54.519197+00:00,2.2584866
2025-01-09 04:11:08.071366+00:00,2.2584881
2025-01-09 04:11:32.299155+00:00,2.2584867
2025-01-09 04:11:44.473248+00:00,2.2584867
2025-01-09 04:11:57.044344+00:00,2.258488
2025-01-09 04:12:10.617340+00:00,2.2584871
2025-01-09 04:12:22.585705+00:00,2.2584861
2025-01-09 04:12:35.702190+00:00,2.2584867
2025-01-09 04:12:48.544056+00:00,2.2584859
2025-01-09 04:13:01.102208+00:00,2.2584861
2025-01-09 04:13:14.363212+00:00,2.2584872
2025-01-09 04:13:26.452559+00:00,2.2584868
2025-01-09 04:13:40.511561+00:00,2.2584861
2025-01-09 04:13:52.025086+00:00,2.2584876
2025-01-09 04:14:05.537878+00:00,2.2584866
2025-01-09 04:14:17.710680+00:00,2.2584862
2025-01-09 04:14:30.460769+00:00,2.258486
2025-01-09 04:14:43.932635+00:00,2.2584864
2025-01-09 04:14:55.339690+00:00,2.2584858
2025-01-09 04:15:08.306846+00:00,2.2584866
2025-01-09 04:15:21.198877+00:00,2.2584859
2025-01-09 04:15:34.124031+00:00,2.2584868
2025-01-09 04:15:46.482543+00:00,2.2584863
2025-01-09 04:15:58.492526+00:00,2.258486
2025-01-09 04:16:11.268816+00:00,2.2584859
2025-01-09 04:16:37.119889+00:00,2.2584884
2025-01-09 04:16:50.382716+00:00,2.2584883
2025-01-09 04:17:02.503293+00:00,2.2584881
2025-01-09 04:17:15.563560+00:00,2.2584868
2025-01-09 04:17:28.349562+00:00,2.2584869
2025-01-09 04:17:41.718650+00:00,2.2584869
2025-01-09 04:17:54.386489+00:00,2.2584878
2025-01-09 04:18:07.390315+00:00,2.2584874
2025-01-09 04:18:20.433020+00:00,2.2584876
2025-01-09 04:18:46.822154+00:00,2.2584871
2025-01-09 04:18:58.999557+00:00,2.2584864
2025-01-09 04:19:11.732509+00:00,2.2584866
2025-01-09 04:19:24.457407+00:00,2.2584858
2025-01-09 04:19:37.544404+00:00,2.258487
2025-01-09 04:19:49.932261+00:00,2.2584858
2025-01-09 04:20:17.025253+00:00,2.2584865
2025-01-09 04:20:28.037558+00:00,2.2584863
2025-01-09 04:20:42.395454+00:00,2.258487
2025-01-09 04:20:53.735436+00:00,2.2584859
2025-01-09 04:21:06.547734+00:00,2.2584864
2025-01-09 04:21:18.971956+00:00,2.2584862
2025-01-09 04:21:31.721658+00:00,2.2584858
2025-01-09 04:21:43.972161+00:00,2.258486
2025-01-09 04:21:57.182041+00:00,2.2584865
2025-01-09 04:22:09.759207+00:00,2.2584866
2025-01-09 04:22:22.104227+00:00,2.2584875
2025-01-09 04:22:34.726741+00:00,2.2584866
2025-01-09 04:22:48.238145+00:00,2.2584869
2025-01-09 04:23:13.598097+00:00,2.2584861
2025-01-09 04:23:25.586515+00:00,2.258486
2025-01-09 04:23:40.657083+00:00,2.2584866
2025-01-09 04:24:05.460020+00:00,2.2584869
2025-01-09 04:24:17.206709+00:00,2.2584865
2025-01-09 04:24:30.290670+00:00,2.2584869
2025-01-09 04:24:42.418904+00:00,2.2584865
2025-01-09 04:24:54.990036+00:00,2.2584861
2025-01-09 04:25:08.375054+00:00,2.2584865
2025-01-09 04:25:20.068766+00:00,2.2584859
2025-01-09 04:25:33.755890+00:00,2.2584863
2025-01-09 04:25:45.293686+00:00,2.2584861
2025-01-09 04:25:57.734760+00:00,2.2584861
2025-01-09 04:26:11.128401+00:00,2.2584864
2025-01-09 04:26:23.059670+00:00,2.2584864
2025-01-09 04:26:35.609076+00:00,2.258486
2025-01-09 04:26:48.348223+00:00,2.2584867
2025-01-09 04:27:00.983013+00:00,2.2584876
2025-01-09 04:27:15.584176+00:00,2.2584877
2025-01-09 04:27:41.001302+00:00,2.258487
2025-01-09 04:27:52.779738+00:00,2.2584874
2025-01-09 04:28:08.913830+00:00,2.2584879
2025-01-09 04:28:20.117674+00:00,2.2584877
2025-01-09 04:28:32.153859+00:00,2.2584878
2025-01-09 04:28:45.236761+00:00,2.2584864
2025-01-09 04:28:57.710743+00:00,2.2584869
2025-01-09 04:29:11.345542+00:00,2.2584866
2025-01-09 04:29:23.774278+00:00,2.2584862
2025-01-09 04:29:36.093044+00:00,2.2584877
2025-01-09 04:29:49.060751+00:00,2.2584878
2025-01-09 04:30:02.445401+00:00,2.2584864
2025-01-09 04:30:23.229502+00:00,2.258486
2025-01-09 04:30:27.654954+00:00,2.2584868
2025-01-09 04:30:40.034891+00:00,2.2584861
2025-01-09 04:30:52.633902+00:00,2.2584865
2025-01-09 04:31:06.429217+00:00,2.2584865
2025-01-09 04:31:18.654479+00:00,2.2584862
2025-01-09 04:31:44.134486+00:00,2.2584868
2025-01-09 04:31:56.350505+00:00,2.258486
2025-01-09 04:32:09.307515+00:00,2.2584868
2025-01-09 04:32:21.568171+00:00,2.2584866
2025-01-09 04:32:34.336654+00:00,2.2584865
2025-01-09 04:32:47.274835+00:00,2.2584864
2025-01-09 04:33:02.975722+00:00,2.2584864
2025-01-09 04:33:13.637310+00:00,2.2584865
2025-01-09 04:33:26.700584+00:00,2.2584883
2025-01-09 04:33:38.082018+00:00,2.2584866
2025-01-09 04:33:50.981824+00:00,2.2584867
2025-01-09 04:34:04.758331+00:00,2.2584868
2025-01-09 04:34:16.690559+00:00,2.2584866
2025-01-09 04:34:32.054508+00:00,2.2584866
2025-01-09 04:34:54.853826+00:00,2.2584873
2025-01-09 04:35:07.598326+00:00,2.2584863
2025-01-09 04:35:24.902627+00:00,2.258486
2025-01-09 04:35:44.219002+00:00,2.2584866
2025-01-09 04:35:45.855398+00:00,2.2584868
2025-01-09 04:35:57.805003+00:00,2.2584863
2025-01-09 04:36:10.709667+00:00,2.2584874
2025-01-09 04:36:37.694171+00:00,2.2584868
2025-01-09 04:37:02.878074+00:00,2.2584864
2025-01-09 04:37:13.796561+00:00,2.2584868
2025-01-09 04:37:39.486673+00:00,2.2584862
2025-01-09 04:38:18.092782+00:00,2.258487
2025-01-09 04:38:30.614671+00:00,2.2584881
2025-01-09 04:39:22.631822+00:00,2.2584859
2025-01-09 04:40:01.470122+00:00,2.2584868
2025-01-09 04:40:15.146708+00:00,2.2584863
2025-01-09 04:40:26.772105+00:00,2.2584864
2025-01-09 04:40:39.760305+00:00,2.2584859
2025-01-09 04:41:10.326495+00:00,2.2584863
2025-01-09 04:41:19.907090+00:00,2.2584866
2025-01-09 04:41:30.712945+00:00,2.2584865
2025-01-09 04:41:43.694476+00:00,2.2584868
2025-01-09 04:41:56.143308+00:00,2.2584863
2025-01-09 04:42:09.020296+00:00,2.258487
2025-01-09 04:42:21.316169+00:00,2.2584882
2025-01-09 04:42:34.114251+00:00,2.2584862
2025-01-09 04:42:59.507101+00:00,2.2584859
2025-01-09 04:43:12.281472+00:00,2.2584873
2025-01-09 04:43:26.326962+00:00,2.2584871
2025-01-09 04:43:38.971858+00:00,2.2584867
2025-01-09 04:43:50.794596+00:00,2.258486
2025-01-09 04:44:03.616234+00:00,2.2584863
2025-01-09 04:44:16.399570+00:00,2.2584859
2025-01-09 04:44:28.850063+00:00,2.2584872
2025-01-09 04:44:41.622393+00:00,2.2584872
2025-01-09 04:44:54.903325+00:00,2.2584879
2025-01-09 04:45:07.432266+00:00,2.2584864
2025-01-09 04:45:20.229809+00:00,2.2584865
2025-01-09 04:45:35.866755+00:00,2.2584859
2025-01-09 04:45:45.643795+00:00,2.2584868
2025-01-09 04:45:58.125358+00:00,2.2584862
2025-01-09 04:46:11.083170+00:00,2.2584866
2025-01-09 04:46:23.340096+00:00,2.2584865
2025-01-09 04:46:36.334579+00:00,2.2584863
2025-01-09 04:46:48.725278+00:00,2.2584873
2025-01-09 04:47:01.446835+00:00,2.2584868
2025-01-09 04:47:13.844253+00:00,2.2584867
2025-01-09 04:47:26.419135+00:00,2.2584859
2025-01-09 04:47:39.298488+00:00,2.2584861
2025-01-09 04:47:51.716661+00:00,2.2584861
2025-01-09 04:48:04.642265+00:00,2.258486
2025-01-09 04:48:29.865996+00:00,2.2584862
2025-01-09 04:48:42.461793+00:00,2.2584884
2025-01-09 04:48:57.387316+00:00,2.2584859
2025-01-09 04:49:08.611411+00:00,2.2584868
2025-01-09 04:49:21.712675+00:00,2.2584869
2025-01-09 04:49:34.524556+00:00,2.2584882
2025-01-09 04:50:00.513416+00:00,2.2584883
2025-01-09 04:50:15.262632+00:00,2.2584884
2025-01-09 04:50:26.465004+00:00,2.2584878
2025-01-09 04:50:52.228758+00:00,2.2584863
2025-01-09 04:51:06.965426+00:00,2.2584865
2025-01-09 04:51:18.302202+00:00,2.2584863
2025-01-09 04:51:33.062382+00:00,2.258486
2025-01-09 04:51:43.444795+00:00,2.2584864
2025-01-09 04:51:56.022959+00:00,2.258486
2025-01-09 04:52:10.333190+00:00,2.2584858
2025-01-09 04:52:21.333518+00:00,2.2584863
2025-01-09 04:52:34.339979+00:00,2.2584864
2025-01-09 04:52:47.231524+00:00,2.2584869
2025-01-09 04:52:59.583097+00:00,2.2584866
2025-01-09 04:53:12.455666+00:00,2.2584861
2025-01-09 04:53:38.303301+00:00,2.2584858
2025-01-09 04:53:50.405106+00:00,2.2584865
2025-01-09 04:54:03.158269+00:00,2.258486
2025-01-09 04:54:16.552487+00:00,2.258487
2025-01-09 04:54:28.803259+00:00,2.2584861
2025-01-09 04:54:41.346191+00:00,2.2584863
2025-01-09 04:54:54.020397+00:00,2.258486
2025-01-09 04:55:07.335242+00:00,2.2584863
2025-01-09 04:55:20.253251+00:00,2.2584866
2025-01-09 04:55:32.627909+00:00,2.2584865
2025-01-09 04:55:44.924580+00:00,2.2584859
2025-01-09 04:55:57.947823+00:00,2.2584858
2025-01-09 04:56:10.747322+00:00,2.258487
2025-01-09 04:56:23.358519+00:00,2.258486
2025-01-09 04:56:35.910854+00:00,2.258486
2025-01-09 04:56:48.514938+00:00,2.2584866
2025-01-09 04:57:01.241157+00:00,2.2584867
2025-01-09 04:57:14.707806+00:00,2.2584867
2025-01-09 04:57:26.433394+00:00,2.2584869
2025-01-09 04:57:39.058458+00:00,2.2584863
2025-01-09 04:57:51.961362+00:00,2.2584866
2025-01-09 04:58:04.746681+00:00,2.258486
2025-01-09 04:58:17.191952+00:00,2.2584863
2025-01-09 04:58:42.411323+00:00,2.2584861
2025-01-09 04:58:55.445481+00:00,2.258487
2025-01-09 04:59:09.143497+00:00,2.2584863
2025-01-09 04:59:21.125452+00:00,2.2584859
2025-01-09 04:59:34.178562+00:00,2.2584865
2025-01-09 04:59:47.658140+00:00,2.2584874
2025-01-09 05:00:00.154143+00:00,2.2584874
2025-01-09 05:00:15.809564+00:00,2.2584862
2025-01-09 05:00:25.910942+00:00,2.2584874
2025-01-09 05:00:39.627584+00:00,2.2584882
2025-01-09 05:00:51.920241+00:00,2.2584871
2025-01-09 05:01:04.876010+00:00,2.2584864
2025-01-09 05:01:17.913460+00:00,2.2584858
2025-01-09 05:01:29.948398+00:00,2.2584874
2025-01-09 05:01:42.846213+00:00,2.2584867
2025-01-09 05:01:55.408868+00:00,2.2584858
2025-01-09 05:02:08.583001+00:00,2.2584861
2025-01-09 05:02:20.914499+00:00,2.2584859
2025-01-09 05:02:35.814595+00:00,2.2584859
2025-01-09 05:02:46.925428+00:00,2.2584863
2025-01-09 05:02:59.416585+00:00,2.2584871
2025-01-09 05:03:12.489436+00:00,2.258486
2025-01-09 05:03:24.832734+00:00,2.2584875
2025-01-09 05:03:37.744680+00:00,2.2584863
2025-01-09 05:03:50.215220+00:00,2.2584859
2025-01-09 05:04:05.247091+00:00,2.2584863
2025-01-09 05:04:15.951294+00:00,2.2584861
2025-01-09 05:04:28.162395+00:00,2.2584868
2025-01-09 05:04:41.297704+00:00,2.2584872
2025-01-09 05:04:53.533256+00:00,2.2584872
2025-01-09 05:05:22.064769+00:00,2.2584864
2025-01-09 05:05:32.945322+00:00,2.2584871
2025-01-09 05:05:45.446890+00:00,2.2584861
2025-01-09 05:05:57.599044+00:00,2.2584868
2025-01-09 05:06:10.247511+00:00,2.2584861
2025-01-09 05:06:22.769467+00:00,2.2584868
2025-01-09 05:07:00.999897+00:00,2.2584871
2025-01-09 05:07:13.259576+00:00,2.2584866
2025-01-09 05:07:26.024276+00:00,2.2584862
2025-01-09 05:07:38.475369+00:00,2.2584859
2025-01-09 05:08:04.167859+00:00,2.2584871
2025-01-09 05:08:17.235844+00:00,2.2584863
2025-01-09 05:08:29.193562+00:00,2.2584861
2025-01-09 05:08:41.844539+00:00,2.2584866
2025-01-09 05:09:08.500981+00:00,2.2584875
2025-01-09 05:09:20.766753+00:00,2.2584868
2025-01-09 05:09:48.697077+00:00,2.2584879
2025-01-09 05:10:14.761895+00:00,2.258488
2025-01-09 05:10:25.961377+00:00,2.2584883
2025-01-09 05:10:38.887053+00:00,2.2584873
2025-01-09 05:10:51.529023+00:00,2.2584873
2025-01-09 05:11:04.338371+00:00,2.2584868
2025-01-09 05:11:42.398590+00:00,2.2584858
2025-01-09 05:11:55.027907+00:00,2.2584863
2025-01-09 05:12:08.143363+00:00,2.2584876
2025-01-09 05:12:22.018900+00:00,2.2584869
2025-01-09 05:12:35.155419+00:00,2.258486
2025-01-09 05:12:49.467845+00:00,2.258486
2025-01-09 05:12:59.106291+00:00,2.2584864
2025-01-09 05:13:11.665752+00:00,2.2584863
2025-01-09 05:13:36.824815+00:00,2.2584866
2025-01-09 05:13:49.724950+00:00,2.2584871
2025-01-09 05:14:03.747702+00:00,2.2584869
2025-01-09 05:14:15.790314+00:00,2.2584861
2025-01-09 05:14:27.871557+00:00,2.2584859
2025-01-09 05:15:07.048582+00:00,2.2584859
2025-01-09 05:15:44.200979+00:00,2.2584868
2025-01-09 05:15:56.939951+00:00,2.2584863
2025-01-09 05:16:10.678596+00:00,2.2584877
2025-01-09 05:16:22.596936+00:00,2.2584867
2025-01-09 05:16:35.685867+00:00,2.258487
2025-01-09 05:17:00.697510+00:00,2.258486
2025-01-09 05:17:25.789279+00:00,2.2584867
2025-01-09 05:17:38.976767+00:00,2.2584861
2025-01-09 05:17:51.583750+00:00,2.2584861
2025-01-09 05:18:04.063106+00:00,2.258487
2025-01-09 05:18:41.918174+00:00,2.2584872
2025-01-09 05:19:20.649394+00:00,2.258486
2025-01-09 05:19:58.635014+00:00,2.258488
2025-01-09 05:20:11.840140+00:00,2.258487
2025-01-09 05:20:26.441355+00:00,2.2584877
2025-01-09 05:20:52.284333+00:00,2.2584877
2025-01-09 05:21:17.534297+00:00,2.2584866
2025-01-09 05:21:29.434313+00:00,2.2584859
2025-01-09 05:21:42.385429+00:00,2.2584863
2025-01-09 05:21:55.105698+00:00,2.2584869
2025-01-09 05:22:08.065519+00:00,2.2584884
2025-01-09 05:22:20.891102+00:00,2.2584867
2025-01-09 05:22:33.722658+00:00,2.2584863
2025-01-09 05:22:46.423350+00:00,2.2584866
2025-01-09 05:23:12.875109+00:00,2.2584867
2025-01-09 05:23:24.571810+00:00,2.2584859
2025-01-09 05:23:36.919827+00:00,2.2584869
2025-01-09 05:23:49.597428+00:00,2.2584867
2025-01-09 05:24:02.967857+00:00,2.2584861
2025-01-09 05:24:15.445021+00:00,2.2584862
2025-01-09 05:24:36.296024+00:00,2.2584863
2025-01-09 05:24:40.326789+00:00,2.2584866
2025-01-09 05:24:53.272349+00:00,2.2584858
2025-01-09 05:25:06.340563+00:00,2.2584884
2025-01-09 05:25:21.519046+00:00,2.2584859
2025-01-09 05:25:32.204278+00:00,2.2584865
2025-01-09 05:25:44.636969+00:00,2.2584862
2025-01-09 05:25:56.869929+00:00,2.2584859
2025-01-09 05:26:10.264564+00:00,2.2584875
2025-01-09 05:26:22.750091+00:00,2.2584863
2025-01-09 05:26:35.700829+00:00,2.2584866
2025-01-09 05:26:48.083422+00:00,2.2584862
2025-01-09 05:27:01.966869+00:00,2.2584866
2025-01-09 05:27:16.879901+00:00,2.258486
2025-01-09 05:27:27.144361+00:00,2.2584862
2025-01-09 05:27:39.459289+00:00,2.2584862
2025-01-09 05:28:04.455383+00:00,2.2584859
2025-01-09 05:28:41.899812+00:00,2.2584862
2025-01-09 05:29:07.609261+00:00,2.2584862
2025-01-09 05:29:33.749313+00:00,2.258486
2025-01-09 05:29:46.752032+00:00,2.2584875
2025-01-09 05:29:58.709898+00:00,2.2584871
2025-01-09 05:30:38.069517+00:00,2.258488
2025-01-09 05:30:50.632750+00:00,2.2584882
2025-01-09 05:31:17.081889+00:00,2.2584864
2025-01-09 05:31:55.216226+00:00,2.2584862
2025-01-09 05:32:08.386212+00:00,2.2584866
2025-01-09 05:32:21.084105+00:00,2.2584861
2025-01-09 05:32:34.104426+00:00,2.2584861
2025-01-09 05:32:46.542074+00:00,2.258486
2025-01-09 05:32:59.759991+00:00,2.2584864
2025-01-09 05:33:12.002968+00:00,2.2584863
2025-01-09 05:33:24.450577+00:00,2.258486
2025-01-09 05:33:37.066121+00:00,2.258486
2025-01-09 05:33:50.554237+00:00,2.2584862
2025-01-09 05:34:17.004938+00:00,2.2584866
2025-01-09 05:34:28.246269+00:00,2.2584863
2025-01-09 05:34:54.728297+00:00,2.2584861
2025-01-09 05:35:19.310061+00:00,2.2584883
2025-01-09 05:35:31.946324+00:00,2.2584861
2025-01-09 05:35:44.525542+00:00,2.2584865
2025-01-09 05:35:57.504378+00:00,2.2584873
2025-01-09 05:36:10.721235+00:00,2.2584864
2025-01-09 05:36:23.226638+00:00,2.2584866
2025-01-09 05:36:35.814778+00:00,2.2584862
2025-01-09 05:36:48.801209+00:00,2.2584859
2025-01-09 05:37:02.070097+00:00,2.258486
2025-01-09 05:37:14.168218+00:00,2.2584868
2025-01-09 05:37:27.266672+00:00,2.258486
2025-01-09 05:37:39.342340+00:00,2.2584861
2025-01-09 05:38:30.039401+00:00,2.2584858
2025-01-09 05:38:42.965883+00:00,2.258487
2025-01-09 05:38:55.131201+00:00,2.2584862
2025-01-09 05:39:11.390837+00:00,2.2584864
2025-01-09 05:39:20.599749+00:00,2.2584858
2025-01-09 05:39:45.856161+00:00,2.2584858
2025-01-09 05:39:58.209291+00:00,2.2584874
2025-01-09 05:40:11.164691+00:00,2.258486
2025-01-09 05:40:23.739703+00:00,2.2584866
2025-01-09 05:40:36.928735+00:00,2.2584875
2025-01-09 05:42:33.771715+00:00,2.2584864
2025-01-09 05:42:46.875673+00:00,2.2584882
2025-01-09 05:42:59.747999+00:00,2.2584866
2025-01-09 05:43:14.892168+00:00,2.2584864
2025-01-09 05:43:24.954385+00:00,2.2584859
2025-01-09 05:43:37.802596+00:00,2.2584863
2025-01-09 05:43:50.389246+00:00,2.2584876
2025-01-09 05:44:03.522092+00:00,2.258486
2025-01-09 05:44:17.040973+00:00,2.2584884
2025-01-09 05:44:29.417373+00:00,2.2584861
2025-01-09 05:44:41.689845+00:00,2.2584875
2025-01-09 05:44:53.904431+00:00,2.2584868
2025-01-09 05:45:06.671067+00:00,2.258486
2025-01-09 05:45:32.249294+00:00,2.2584862
2025-01-09 05:45:48.317583+00:00,2.2584875
2025-01-09 05:45:57.621270+00:00,2.2584863
2025-01-09 05:46:23.134580+00:00,2.2584873
2025-01-09 05:46:35.909945+00:00,2.2584868
2025-01-09 05:46:48.606404+00:00,2.2584858
2025-01-09 05:47:01.347939+00:00,2.258487
2025-01-09 05:47:13.904795+00:00,2.258487
2025-01-09 05:47:43.562433+00:00,2.2584874
2025-01-09 05:47:52.121993+00:00,2.2584878
2025-01-09 05:48:04.995920+00:00,2.2584872
2025-01-09 05:48:17.997310+00:00,2.2584859
2025-01-09 05:48:30.562236+00:00,2.2584864
2025-01-09 05:48:42.945249+00:00,2.2584858
2025-01-09 05:48:56.727990+00:00,2.2584866
2025-01-09 05:49:09.641353+00:00,2.2584872
2025-01-09 05:49:21.157190+00:00,2.2584875
2025-01-09 05:49:33.661203+00:00,2.2584872
2025-01-09 05:49:46.553126+00:00,2.2584858
2025-01-09 05:50:12.102140+00:00,2.258486
2025-01-09 05:50:24.372735+00:00,2.2584873
2025-01-09 05:50:50.724097+00:00,2.2584865
2025-01-09 05:51:03.124313+00:00,2.2584868
2025-01-09 05:51:15.549070+00:00,2.2584863
2025-01-09 05:51:28.047657+00:00,2.2584858
2025-01-09 05:51:40.469702+00:00,2.2584872
2025-01-09 05:51:54.360840+00:00,2.2584872
2025-01-09 05:52:07.412151+00:00,2.2584872
2025-01-09 05:52:32.852194+00:00,2.2584858
2025-01-09 05:53:12.258588+00:00,2.2584879
2025-01-09 05:53:24.431208+00:00,2.2584872
2025-01-09 05:53:39.036683+00:00,2.258486
2025-01-09 05:53:49.727375+00:00,2.2584863
2025-01-09 05:54:03.300374+00:00,2.2584858
2025-01-09 05:54:15.723488+00:00,2.2584864
2025-01-09 05:54:28.154291+00:00,2.258486
2025-01-09 05:54:42.173336+00:00,2.2584863
2025-01-09 05:54:53.698541+00:00,2.2584859
2025-01-09 05:55:06.593964+00:00,2.2584876
2025-01-09 05:55:19.711211+00:00,2.2584869
2025-01-09 05:55:32.774108+00:00,2.258486
2025-01-09 05:55:44.778680+00:00,2.2584859
2025-01-09 05:55:57.359575+00:00,2.258487
2025-01-09 05:56:10.479095+00:00,2.2584876
2025-01-09 05:56:23.697747+00:00,2.2584861
2025-01-09 05:56:49.400867+00:00,2.258487
2025-01-09 05:57:01.115756+00:00,2.2584868
2025-01-09 05:57:13.482346+00:00,2.258487
2025-01-09 05:57:26.375556+00:00,2.258486
2025-01-09 05:57:39.037011+00:00,2.2584861
2025-01-09 05:58:04.833060+00:00,2.2584863
2025-01-09 05:58:17.948724+00:00,2.2584861
2025-01-09 05:58:30.535992+00:00,2.2584861
2025-01-09 05:58:43.164511+00:00,2.2584864
2025-01-09 05:59:08.663857+00:00,2.2584864
2025-01-09 05:59:33.821265+00:00,2.2584861
2025-01-09 05:59:46.609503+00:00,2.2584867
2025-01-09 05:59:58.937183+00:00,2.2584875
2025-01-09 06:00:12.579455+00:00,2.258486
2025-01-09 06:00:24.461991+00:00,2.2584858
2025-01-09 06:00:50.761513+00:00,2.2584865
2025-01-09 06:01:15.205818+00:00,2.2584866
2025-01-09 06:01:27.864273+00:00,2.2584866
2025-01-09 06:01:40.625496+00:00,2.258486
2025-01-09 06:01:53.852707+00:00,2.2584858
2025-01-09 06:02:06.763798+00:00,2.2584861
2025-01-09 06:02:19.560833+00:00,2.2584859
2025-01-09 06:02:44.848131+00:00,2.2584864
2025-01-09 06:02:59.057773+00:00,2.2584878
2025-01-09 06:03:13.275634+00:00,2.2584867
2025-01-09 06:03:37.152966+00:00,2.2584872
2025-01-09 06:03:50.623192+00:00,2.258486
2025-01-09 06:04:03.972253+00:00,2.2584863
2025-01-09 06:04:15.858647+00:00,2.2584859
2025-01-09 06:04:55.442725+00:00,2.2584859
2025-01-09 06:05:07.189841+00:00,2.2584864
2025-01-09 06:05:19.840487+00:00,2.2584865
2025-01-09 06:05:32.527690+00:00,2.2584861
2025-01-09 06:05:45.418374+00:00,2.2584858
2025-01-09 06:05:57.939283+00:00,2.2584882
2025-01-09 06:06:24.606573+00:00,2.2584858
2025-01-09 06:06:36.057005+00:00,2.2584858
2025-01-09 06:07:14.354016+00:00,2.2584861
2025-01-09 06:07:39.441856+00:00,2.2584862
2025-01-09 06:07:52.069556+00:00,2.2584859
2025-01-09 06:08:08.898213+00:00,2.2584858
2025-01-09 06:08:31.722457+00:00,2.2584865
2025-01-09 06:09:09.340169+00:00,2.2584858
2025-01-09 06:10:12.369696+00:00,2.2584862
2025-01-09 06:10:25.203741+00:00,2.2584859
2025-01-09 06:10:38.353340+00:00,2.2584858
2025-01-09 06:10:50.128346+00:00,2.2584866
2025-01-09 06:11:08.269953+00:00,2.258486
2025-01-09 06:11:15.692466+00:00,2.2584862
2025-01-09 06:11:27.945969+00:00,2.2584862
2025-01-09 06:11:42.653699+00:00,2.2584863
2025-01-09 06:11:56.577691+00:00,2.258486
2025-01-09 06:12:06.365563+00:00,2.2584862
2025-01-09 06:13:01.494500+00:00,2.2584859
2025-01-09 06:13:10.229388+00:00,2.2584862
2025-01-09 06:13:23.057454+00:00,2.2584861
2025-01-09 06:13:36.560876+00:00,2.2584869
2025-01-09 06:13:49.202243+00:00,2.2584869
2025-01-09 06:14:19.839278+00:00,2.2584879
2025-01-09 06:14:28.206246+00:00,2.2584861
2025-01-09 06:14:40.860868+00:00,2.2584861
2025-01-09 06:14:54.048275+00:00,2.2584863
2025-01-09 06:15:19.449410+00:00,2.258486
2025-01-09 06:15:32.294455+00:00,2.2584863
2025-01-09 06:15:44.640172+00:00,2.2584859
2025-01-09 06:15:57.480025+00:00,2.2584864
2025-01-09 06:16:10.574253+00:00,2.2584862
2025-01-09 06:16:22.848542+00:00,2.258486
2025-01-09 06:16:35.569802+00:00,2.2584867
2025-01-09 06:16:48.614133+00:00,2.2584867
2025-01-09 06:17:01.213455+00:00,2.2584879
2025-01-09 06:17:13.666352+00:00,2.2584863
2025-01-09 06:17:26.566577+00:00,2.2584866
2025-01-09 06:17:39.124570+00:00,2.2584871
2025-01-09 06:17:51.920815+00:00,2.2584865
2025-01-09 06:18:07.453742+00:00,2.2584871
2025-01-09 06:18:18.306515+00:00,2.2584863
2025-01-09 06:18:43.173635+00:00,2.2584859
2025-01-09 06:18:55.652057+00:00,2.2584866
2025-01-09 06:19:08.561521+00:00,2.2584859
2025-01-09 06:19:21.184998+00:00,2.2584866
2025-01-09 06:19:34.961304+00:00,2.2584874
2025-01-09 06:19:48.852167+00:00,2.2584867
2025-01-09 06:19:59.382449+00:00,2.2584865
2025-01-09 06:20:12.234494+00:00,2.2584858
2025-01-09 06:20:25.804927+00:00,2.2584862
2025-01-09 06:20:37.801614+00:00,2.2584863
2025-01-09 06:20:49.878180+00:00,2.2584862
2025-01-09 06:21:04.165778+00:00,2.2584871
2025-01-09 06:21:15.751658+00:00,2.2584861
2025-01-09 06:21:33.989460+00:00,2.2584866
2025-01-09 06:21:42.924411+00:00,2.2584866
2025-01-09 06:21:53.086863+00:00,2.2584869
2025-01-09 06:22:06.614178+00:00,2.2584868
2025-01-09 06:22:18.716303+00:00,2.2584866
2025-01-09 06:22:32.189632+00:00,2.258487
2025-01-09 06:22:44.224494+00:00,2.2584858
2025-01-09 06:22:56.679264+00:00,2.2584865
2025-01-09 06:23:09.151552+00:00,2.2584862
2025-01-09 06:23:23.441072+00:00,2.2584874
2025-01-09 06:23:48.094944+00:00,2.2584884
2025-01-09 06:24:00.525483+00:00,2.2584882
2025-01-09 06:24:27.922590+00:00,2.2584884
2025-01-09 06:25:18.880343+00:00,2.2584884
2025-01-09 06:25:31.608771+00:00,2.2584861
2025-01-09 06:25:44.028844+00:00,2.2584866
2025-01-09 06:25:56.879573+00:00,2.2584877
2025-01-09 06:26:11.389189+00:00,2.2584861
2025-01-09 06:26:22.553736+00:00,2.2584868
2025-01-09 06:26:37.109953+00:00,2.2584879
2025-01-09 06:26:48.457271+00:00,2.2584867
2025-01-09 06:27:01.191208+00:00,2.2584879
2025-01-09 06:27:26.432808+00:00,2.2584866
2025-01-09 06:27:52.708467+00:00,2.2584865
2025-01-09 06:28:04.885860+00:00,2.2584862
2025-01-09 06:28:18.067003+00:00,2.2584859
2025-01-09 06:28:32.006595+00:00,2.2584861
2025-01-09 06:28:43.073866+00:00,2.2584858
2025-01-09 06:28:57.812283+00:00,2.2584861
2025-01-09 06:29:08.502171+00:00,2.2584862
2025-01-09 06:29:20.839509+00:00,2.2584863
2025-01-09 06:29:39.069431+00:00,2.2584875
2025-01-09 06:29:46.637918+00:00,2.2584871
2025-01-09 06:29:59.084539+00:00,2.2584864
2025-01-09 06:30:12.924895+00:00,2.2584863
2025-01-09 06:30:24.999223+00:00,2.2584869
2025-01-09 06:30:37.710062+00:00,2.2584868
2025-01-09 06:30:49.952202+00:00,2.2584865
2025-01-09 06:31:03.049704+00:00,2.2584866
2025-01-09 06:31:17.537139+00:00,2.258486
2025-01-09 06:31:28.273703+00:00,2.2584865
2025-01-09 06:31:41.240370+00:00,2.2584871
2025-01-09 06:31:53.855878+00:00,2.2584859
2025-01-09 06:32:06.463572+00:00,2.2584873
2025-01-09 06:32:23.779512+00:00,2.2584875
2025-01-09 06:32:57.071635+00:00,2.2584881
2025-01-09 06:33:09.998523+00:00,2.2584859
2025-01-09 06:33:21.964832+00:00,2.2584869
2025-01-09 06:33:35.081664+00:00,2.258487
2025-01-09 06:33:47.819280+00:00,2.2584868
2025-01-09 06:34:00.388486+00:00,2.2584868
2025-01-09 06:34:12.921321+00:00,2.2584864
2025-01-09 06:34:52.444160+00:00,2.2584869
2025-01-09 06:35:18.523261+00:00,2.2584864
2025-01-09 06:36:09.574375+00:00,2.2584859
2025-01-09 06:36:23.285225+00:00,2.2584861
2025-01-09 06:36:35.518961+00:00,2.2584864
2025-01-09 06:37:13.723598+00:00,2.2584859
2025-01-09 06:37:26.431956+00:00,2.2584872
2025-01-09 06:37:39.124124+00:00,2.2584868
2025-01-09 06:38:18.598600+00:00,2.2584866
2025-01-09 06:38:42.888475+00:00,2.2584872
2025-01-09 06:38:55.519374+00:00,2.2584864
2025-01-09 06:39:08.140447+00:00,2.2584862
2025-01-09 06:39:20.950423+00:00,2.2584859
2025-01-09 06:39:46.422044+00:00,2.258487
2025-01-09 06:40:11.492672+00:00,2.2584867
2025-01-09 06:40:24.371122+00:00,2.2584868
2025-01-09 06:40:41.313598+00:00,2.2584863
2025-01-09 06:40:49.844936+00:00,2.2584869
2025-01-09 06:41:06.964586+00:00,2.258486
2025-01-09 06:41:15.761538+00:00,2.258486
2025-01-09 06:41:41.061775+00:00,2.2584867
2025-01-09 06:41:53.896905+00:00,2.2584862
2025-01-09 06:42:32.345854+00:00,2.2584859
2025-01-09 06:42:57.132007+00:00,2.2584859
2025-01-09 06:43:22.493691+00:00,2.2584859
2025-01-09 06:43:35.044517+00:00,2.2584864
2025-01-09 06:44:00.445998+00:00,2.2584865
2025-01-09 06:44:12.993200+00:00,2.2584861
2025-01-09 06:44:38.820906+00:00,2.2584862
2025-01-09 06:45:17.269900+00:00,2.2584866
2025-01-09 06:45:30.490304+00:00,2.2584878
2025-01-09 06:45:43.444881+00:00,2.2584867
2025-01-09 06:45:55.697878+00:00,2.258487
2025-01-09 06:46:09.584455+00:00,2.258488
2025-01-09 06:46:34.745506+00:00,2.2584883
2025-01-09 06:46:48.566273+00:00,2.2584871
2025-01-09 06:47:27.643081+00:00,2.2584873
2025-01-09 06:47:39.123135+00:00,2.258486
2025-01-09 06:47:51.695353+00:00,2.2584859
2025-01-09 06:48:17.259284+00:00,2.2584866
2025-01-09 06:48:30.043424+00:00,2.2584867
2025-01-09 06:48:55.834818+00:00,2.2584859
2025-01-09 06:49:08.508239+00:00,2.258486
2025-01-09 06:49:20.929861+00:00,2.2584866
2025-01-09 06:49:35.163564+00:00,2.2584864
2025-01-09 06:49:46.688118+00:00,2.2584868
2025-01-09 06:49:59.824510+00:00,2.2584863
2025-01-09 06:50:14.208793+00:00,2.2584865
2025-01-09 06:50:25.127552+00:00,2.2584862
2025-01-09 06:51:03.198297+00:00,2.2584864
2025-01-09 06:51:17.733570+00:00,2.2584877
2025-01-09 06:51:28.488645+00:00,2.2584862
2025-01-09 06:51:41.526815+00:00,2.2584866
2025-01-09 06:51:53.843098+00:00,2.2584868
2025-01-09 06:52:20.815478+00:00,2.2584867
2025-01-09 06:52:32.317971+00:00,2.2584867
2025-01-09 06:52:44.925325+00:00,2.2584865
2025-01-09 06:52:57.630242+00:00,2.2584861
2025-01-09 06:53:10.027788+00:00,2.2584858
2025-01-09 06:53:22.548008+00:00,2.2584864
2025-01-09 06:53:35.203543+00:00,2.2584864
2025-01-09 06:53:48.978049+00:00,2.2584863
2025-01-09 06:54:13.329833+00:00,2.2584873
2025-01-09 06:54:25.859535+00:00,2.2584865
2025-01-09 06:54:38.441062+00:00,2.2584866
2025-01-09 06:54:51.132278+00:00,2.2584875
2025-01-09 06:55:04.349230+00:00,2.2584861
2025-01-09 06:55:29.238128+00:00,2.258486
2025-01-09 06:55:42.683413+00:00,2.258488
2025-01-09 06:55:54.604540+00:00,2.2584858
2025-01-09 06:56:08.038454+00:00,2.2584877
2025-01-09 06:56:33.958161+00:00,2.2584876
2025-01-09 06:56:46.651444+00:00,2.2584878
2025-01-09 06:58:04.770423+00:00,2.2584883
2025-01-09 06:58:21.660669+00:00,2.2584879
2025-01-09 06:58:31.102964+00:00,2.2584863
2025-01-09 06:58:43.697263+00:00,2.2584862
2025-01-09 06:58:56.695469+00:00,2.2584867
2025-01-09 06:59:09.341428+00:00,2.2584869
2025-01-09 06:59:34.754958+00:00,2.2584864
2025-01-09 06:59:48.809909+00:00,2.2584873
2025-01-09 06:59:59.809854+00:00,2.2584858
2025-01-09 07:00:12.843484+00:00,2.2584868
2025-01-09 07:00:26.675157+00:00,2.2584863
2025-01-09 07:00:39.655026+00:00,2.2584858
2025-01-09 07:00:51.942405+00:00,2.2584861
2025-01-09 07:01:03.940031+00:00,2.2584868
2025-01-09 07:01:28.886243+00:00,2.258487
2025-01-09 07:01:41.265687+00:00,2.2584862
2025-01-09 07:02:07.889353+00:00,2.2584862
2025-01-09 07:02:19.559087+00:00,2.2584861
2025-01-09 07:02:32.295802+00:00,2.2584861
2025-01-09 07:02:46.014426+00:00,2.2584859
2025-01-09 07:02:57.499976+00:00,2.2584881
2025-01-09 07:03:11.011527+00:00,2.2584858
2025-01-09 07:03:25.976345+00:00,2.258486
2025-01-09 07:03:35.703125+00:00,2.2584861
2025-01-09 07:03:49.697772+00:00,2.2584867
2025-01-09 07:04:13.857956+00:00,2.2584858
2025-01-09 07:04:39.886277+00:00,2.2584868
2025-01-09 07:04:52.455731+00:00,2.2584858
2025-01-09 07:05:30.188326+00:00,2.2584864
2025-01-09 07:05:42.362353+00:00,2.2584863
2025-01-09 07:05:55.022106+00:00,2.2584862
2025-01-09 07:06:07.779592+00:00,2.258487
2025-01-09 07:06:20.229044+00:00,2.2584861
2025-01-09 07:06:33.771513+00:00,2.2584866
2025-01-09 07:06:46.080740+00:00,2.2584869
2025-01-09 07:06:58.338506+00:00,2.2584871
2025-01-09 07:07:12.690499+00:00,2.2584861
2025-01-09 07:07:28.410796+00:00,2.2584869
2025-01-09 07:07:37.550021+00:00,2.2584859
2025-01-09 07:07:49.423064+00:00,2.2584869
2025-01-09 07:08:02.555400+00:00,2.2584868
2025-01-09 07:08:15.695320+00:00,2.2584859
2025-01-09 07:08:28.379324+00:00,2.2584861
2025-01-09 07:08:42.179526+00:00,2.2584868
2025-01-09 07:09:33.854561+00:00,2.2584859
2025-01-09 07:09:46.909776+00:00,2.2584871
2025-01-09 07:11:03.212789+00:00,2.2584863
2025-01-09 07:11:15.941692+00:00,2.258486
2025-01-09 07:11:28.561583+00:00,2.2584863
2025-01-09 07:11:53.918988+00:00,2.2584859
2025-01-09 07:12:06.854344+00:00,2.258486
2025-01-09 07:12:20.329825+00:00,2.2584858
2025-01-09 07:12:32.690882+00:00,2.2584871
2025-01-09 07:12:45.378265+00:00,2.258486
2025-01-09 07:12:57.239465+00:00,2.2584861
2025-01-09 07:13:23.087047+00:00,2.2584859
2025-01-09 07:13:35.290033+00:00,2.258486
2025-01-09 07:13:48.314129+00:00,2.2584865
2025-01-09 07:14:26.465960+00:00,2.2584862
2025-01-09 07:14:52.374593+00:00,2.2584864
2025-01-09 07:15:18.821773+00:00,2.2584864
2025-01-09 07:15:42.638332+00:00,2.2584858
2025-01-09 07:15:57.478559+00:00,2.2584866
2025-01-09 07:16:08.133460+00:00,2.2584868
2025-01-09 07:16:20.760877+00:00,2.2584872
2025-01-09 07:16:33.301351+00:00,2.258486
2025-01-09 07:16:48.634147+00:00,2.2584866
2025-01-09 07:16:58.727169+00:00,2.2584863
2025-01-09 07:18:01.576205+00:00,2.2584858
2025-01-09 07:18:14.077178+00:00,2.2584861
2025-01-09 07:18:52.329671+00:00,2.258486
2025-01-09 07:19:05.622180+00:00,2.2584873
2025-01-09 07:19:18.916298+00:00,2.2584868
2025-01-09 07:19:31.583545+00:00,2.258486
2025-01-09 07:19:46.865293+00:00,2.2584875
2025-01-09 07:20:10.794590+00:00,2.2584875
2025-01-09 07:20:23.719859+00:00,2.2584874
2025-01-09 07:20:37.830666+00:00,2.2584867
2025-01-09 07:20:50.669938+00:00,2.258486
2025-01-09 07:21:06.410547+00:00,2.2584871
2025-01-09 07:21:14.998872+00:00,2.2584861
2025-01-09 07:21:28.249511+00:00,2.2584864
2025-01-09 07:21:40.711378+00:00,2.2584867
2025-01-09 07:21:53.337511+00:00,2.2584862
2025-01-09 07:22:07.042864+00:00,2.2584861
2025-01-09 07:22:46.824229+00:00,2.258486
2025-01-09 07:22:57.159630+00:00,2.258487
2025-01-09 07:23:22.712398+00:00,2.2584858
2025-01-09 07:23:35.661230+00:00,2.2584861
2025-01-09 07:23:48.322843+00:00,2.2584859
2025-01-09 07:24:27.621221+00:00,2.2584874
2025-01-09 07:24:39.066786+00:00,2.2584867
2025-01-09 07:24:51.684382+00:00,2.2584859
2025-01-09 07:25:30.228443+00:00,2.258487
2025-01-09 07:25:42.556389+00:00,2.2584869
2025-01-09 07:25:55.275433+00:00,2.258487
2025-01-09 07:26:08.689892+00:00,2.2584859
2025-01-09 07:26:33.805657+00:00,2.2584866
2025-01-09 07:26:46.659457+00:00,2.2584867
2025-01-09 07:26:59.092940+00:00,2.258486
2025-01-09 07:27:13.612636+00:00,2.2584859
2025-01-09 07:27:24.729594+00:00,2.2584858
2025-01-09 07:27:49.899890+00:00,2.258487
2025-01-09 07:28:02.567835+00:00,2.2584859
2025-01-09 07:28:17.142855+00:00,2.2584863
2025-01-09 07:28:28.747691+00:00,2.2584873
2025-01-09 07:28:40.253327+00:00,2.2584869
2025-01-09 07:28:52.990782+00:00,2.2584876
2025-01-09 07:29:18.655416+00:00,2.2584859
2025-01-09 07:29:31.197997+00:00,2.2584876
2025-01-09 07:29:43.536753+00:00,2.2584869
2025-01-09 07:29:56.116190+00:00,2.2584875
2025-01-09 07:30:09.198897+00:00,2.2584884
2025-01-09 07:30:21.883233+00:00,2.2584862
2025-01-09 07:30:35.121671+00:00,2.258488
2025-01-09 07:31:39.849033+00:00,2.2584865
2025-01-09 07:32:06.880797+00:00,2.2584861
2025-01-09 07:32:18.871567+00:00,2.2584873
2025-01-09 07:32:31.294441+00:00,2.2584862
2025-01-09 07:32:43.723583+00:00,2.2584859
2025-01-09 07:32:56.605422+00:00,2.2584864
2025-01-09 07:33:09.451575+00:00,2.2584869
2025-01-09 07:33:21.984373+00:00,2.2584869
2025-01-09 07:33:34.949132+00:00,2.2584865
2025-01-09 07:33:49.351163+00:00,2.258487
2025-01-09 07:34:01.890277+00:00,2.2584873
2025-01-09 07:34:17.416581+00:00,2.2584877
2025-01-09 07:34:25.346764+00:00,2.2584863
2025-01-09 07:34:38.311740+00:00,2.2584868
2025-01-09 07:35:17.119214+00:00,2.2584858
2025-01-09 07:35:29.544965+00:00,2.2584874
2025-01-09 07:35:42.150435+00:00,2.2584869
2025-01-09 07:35:54.289676+00:00,2.258486
2025-01-09 07:36:07.508720+00:00,2.2584882
2025-01-09 07:36:20.189479+00:00,2.2584867
2025-01-09 07:36:33.115584+00:00,2.258486
2025-01-09 07:36:45.833032+00:00,2.2584875
2025-01-09 07:36:58.498580+00:00,2.2584874
2025-01-09 07:37:11.361906+00:00,2.2584869
2025-01-09 07:37:23.989311+00:00,2.2584881
2025-01-09 07:37:37.618830+00:00,2.2584876
2025-01-09 07:37:50.202082+00:00,2.2584865
2025-01-09 07:38:01.904151+00:00,2.2584865
2025-01-09 07:38:14.477375+00:00,2.2584858
2025-01-09 07:38:27.885532+00:00,2.2584882
2025-01-09 07:38:41.082082+00:00,2.2584866
2025-01-09 07:38:52.464892+00:00,2.258486
2025-01-09 07:39:05.802104+00:00,2.2584871
2025-01-09 07:39:30.696186+00:00,2.2584882
2025-01-09 07:39:55.946778+00:00,2.2584874
2025-01-09 07:40:08.870305+00:00,2.2584867
2025-01-09 07:40:21.358347+00:00,2.2584875
2025-01-09 07:40:34.567731+00:00,2.2584878
2025-01-09 07:40:47.553472+00:00,2.2584875
2025-01-09 07:41:00.149906+00:00,2.2584873
2025-01-09 07:42:18.682222+00:00,2.2584871
2025-01-09 07:42:32.476424+00:00,2.258486
2025-01-09 07:42:44.014983+00:00,2.2584872
2025-01-09 07:42:57.290345+00:00,2.2584859
2025-01-09 07:43:10.125290+00:00,2.2584859
2025-01-09 07:43:47.989816+00:00,2.2584866
2025-01-09 07:44:01.432397+00:00,2.2584873
2025-01-09 07:44:13.421429+00:00,2.2584864
2025-01-09 07:44:26.522305+00:00,2.2584866
2025-01-09 07:45:04.995204+00:00,2.2584864
2025-01-09 07:45:17.219677+00:00,2.258486
2025-01-09 07:45:42.719468+00:00,2.2584867
2025-01-09 07:45:55.494246+00:00,2.2584863
2025-01-09 07:46:08.085107+00:00,2.2584862
2025-01-09 07:46:20.502137+00:00,2.2584879
2025-01-09 07:46:34.837796+00:00,2.2584859
2025-01-09 07:46:47.154190+00:00,2.2584869
2025-01-09 07:47:13.136388+00:00,2.2584863
2025-01-09 07:47:25.459047+00:00,2.2584867
2025-01-09 07:47:37.271594+00:00,2.2584859
2025-01-09 07:48:04.459411+00:00,2.258486
2025-01-09 07:48:14.821324+00:00,2.2584859
2025-01-09 07:48:28.782053+00:00,2.2584859
2025-01-09 07:48:40.317463+00:00,2.258486
2025-01-09 07:49:08.549079+00:00,2.2584859
2025-01-09 07:49:18.640145+00:00,2.2584859
2025-01-09 07:49:30.970955+00:00,2.2584859
2025-01-09 07:49:43.501902+00:00,2.2584862
2025-01-09 07:50:34.176715+00:00,2.258487
2025-01-09 07:50:47.008593+00:00,2.2584864
2025-01-09 07:50:59.635887+00:00,2.2584865
2025-01-09 07:51:12.968154+00:00,2.2584865
2025-01-09 07:51:26.254438+00:00,2.2584866
2025-01-09 07:51:38.341986+00:00,2.2584874
2025-01-09 07:51:51.878503+00:00,2.2584868
2025-01-09 07:52:04.607000+00:00,2.2584883
2025-01-09 07:52:30.758155+00:00,2.2584876
2025-01-09 07:53:35.103122+00:00,2.2584859
2025-01-09 07:53:48.008841+00:00,2.2584862
2025-01-09 07:54:26.448896+00:00,2.2584862
2025-01-09 07:54:38.675433+00:00,2.2584862
2025-01-09 07:54:51.881203+00:00,2.2584859
2025-01-09 07:55:05.451133+00:00,2.2584868
2025-01-09 07:55:17.033129+00:00,2.258486
2025-01-09 07:56:39.342368+00:00,2.2584861
2025-01-09 07:56:58.619004+00:00,2.2584861
2025-01-09 07:57:24.905267+00:00,2.2584866
2025-01-09 07:57:37.107206+00:00,2.2584859
2025-01-09 07:57:49.717422+00:00,2.2584876
2025-01-09 07:58:02.969839+00:00,2.2584861
2025-01-09 07:58:15.218240+00:00,2.2584869
2025-01-09 07:58:27.784022+00:00,2.2584868
2025-01-09 07:59:06.334248+00:00,2.2584877
2025-01-09 07:59:18.927405+00:00,2.2584868
2025-01-09 07:59:45.750859+00:00,2.2584875
2025-01-09 07:59:56.650271+00:00,2.2584859
2025-01-09 08:00:12.470664+00:00,2.2584864
2025-01-09 08:00:22.004302+00:00,2.2584864
2025-01-09 08:00:34.573927+00:00,2.2584872
2025-01-09 08:00:47.384811+00:00,2.2584861
2025-01-09 08:00:59.870996+00:00,2.2584866
2025-01-09 08:01:25.348002+00:00,2.2584862
2025-01-09 08:01:38.603023+00:00,2.2584875
2025-01-09 08:03:22.553697+00:00,2.2584884
2025-01-09 08:03:35.388750+00:00,2.258487
2025-01-09 08:03:48.730761+00:00,2.2584878
2025-01-09 08:04:01.128107+00:00,2.2584868
2025-01-09 08:04:13.985975+00:00,2.258487
2025-01-09 08:04:26.607478+00:00,2.2584875
2025-01-09 08:04:39.075026+00:00,2.2584877
2025-01-09 08:04:53.290215+00:00,2.2584882
2025-01-09 08:05:17.651618+00:00,2.258487
2025-01-09 08:05:44.024947+00:00,2.2584873
2025-01-09 08:06:10.005298+00:00,2.2584872
2025-01-09 08:06:22.598782+00:00,2.2584881
2025-01-09 08:06:33.895244+00:00,2.2584872
2025-01-09 08:06:50.569427+00:00,2.258488
2025-01-09 08:07:00.305160+00:00,2.2584867
2025-01-09 08:07:12.230027+00:00,2.2584878
2025-01-09 08:07:25.199838+00:00,2.2584874
2025-01-09 08:07:50.736644+00:00,2.2584864
2025-01-09 08:08:03.605215+00:00,2.2584873
2025-01-09 08:08:16.247862+00:00,2.2584877
2025-01-09 08:08:42.297226+00:00,2.2584871
2025-01-09 08:08:54.132746+00:00,2.2584874
2025-01-09 08:09:07.035151+00:00,2.2584869
2025-01-09 08:09:19.522159+00:00,2.2584871
2025-01-09 08:09:35.943438+00:00,2.2584884
2025-01-09 08:09:50.226405+00:00,2.2584877
2025-01-09 08:09:57.426304+00:00,2.2584872
2025-01-09 08:10:11.648655+00:00,2.2584869
2025-01-09 08:10:23.045713+00:00,2.2584867
2025-01-09 08:10:48.917932+00:00,2.2584874
2025-01-09 08:11:01.255242+00:00,2.258487
2025-01-09 08:11:13.791542+00:00,2.2584875
2025-01-09 08:11:26.208853+00:00,2.2584875
2025-01-09 08:11:40.470913+00:00,2.2584859
2025-01-09 08:11:51.500569+00:00,2.2584872
2025-01-09 08:12:17.324902+00:00,2.2584876
2025-01-09 08:14:03.772093+00:00,2.2584875
2025-01-09 08:14:14.967039+00:00,2.2584873
2025-01-09 08:14:26.913227+00:00,2.2584869
2025-01-09 08:14:39.300837+00:00,2.2584873
2025-01-09 08:14:52.116194+00:00,2.2584866
2025-01-09 08:15:18.638992+00:00,2.2584879
2025-01-09 08:15:30.877358+00:00,2.258487
2025-01-09 08:15:56.101516+00:00,2.2584874
2025-01-09 08:16:22.166970+00:00,2.2584867
2025-01-09 08:16:34.552806+00:00,2.2584862
2025-01-09 08:16:48.846424+00:00,2.2584874
2025-01-09 08:17:00.007043+00:00,2.2584871
2025-01-09 08:17:38.170629+00:00,2.258488
2025-01-09 08:17:52.097014+00:00,2.2584874
2025-01-09 08:18:05.865312+00:00,2.258486
2025-01-09 08:18:18.463938+00:00,2.2584861
2025-01-09 08:18:55.034202+00:00,2.2584864
2025-01-09 08:19:08.738189+00:00,2.2584862
2025-01-09 08:19:22.091233+00:00,2.2584871
2025-01-09 08:19:48.108581+00:00,2.2584861
2025-01-09 08:19:58.629055+00:00,2.2584867
2025-01-09 08:20:11.772418+00:00,2.2584873
2025-01-09 08:20:24.296429+00:00,2.2584873
2025-01-09 08:21:14.757302+00:00,2.2584873
2025-01-09 08:21:39.935111+00:00,2.2584858
2025-01-09 08:22:05.654079+00:00,2.2584862
2025-01-09 08:22:18.358306+00:00,2.2584865
2025-01-09 08:22:56.808799+00:00,2.2584872
2025-01-09 08:23:10.034261+00:00,2.2584879
2025-01-09 08:23:22.672835+00:00,2.2584874
2025-01-09 08:23:49.148258+00:00,2.2584876
2025-01-09 08:24:03.838732+00:00,2.2584862
2025-01-09 08:24:40.484207+00:00,2.2584858
2025-01-09 08:24:53.329770+00:00,2.2584861
2025-01-09 08:25:06.147504+00:00,2.2584865
2025-01-09 08:25:19.015029+00:00,2.2584859
2025-01-09 08:26:49.596004+00:00,2.2584876
2025-01-09 08:27:02.653993+00:00,2.2584865
2025-01-09 08:27:26.364070+00:00,2.2584864
2025-01-09 08:27:38.822189+00:00,2.2584866
2025-01-09 08:27:51.699395+00:00,2.2584859
2025-01-09 08:28:06.590579+00:00,2.2584861
2025-01-09 08:28:30.224489+00:00,2.2584866
2025-01-09 08:28:42.677879+00:00,2.2584863
2025-01-09 08:28:56.712422+00:00,2.2584862
2025-01-09 08:29:10.145239+00:00,2.2584858
2025-01-09 08:29:22.087655+00:00,2.2584861
2025-01-09 08:29:47.292210+00:00,2.2584862
2025-01-09 08:29:59.052049+00:00,2.2584861
2025-01-09 08:30:11.864478+00:00,2.258486
2025-01-09 08:30:37.390683+00:00,2.2584859
2025-01-09 08:31:19.021768+00:00,2.2584867
2025-01-09 08:31:52.977538+00:00,2.2584873
2025-01-09 08:32:19.326663+00:00,2.2584882
2025-01-09 08:33:49.897376+00:00,2.258488
2025-01-09 08:34:03.327910+00:00,2.2584879
2025-01-09 08:34:17.137283+00:00,2.2584858
2025-01-09 08:34:28.477930+00:00,2.2584862
2025-01-09 08:34:41.192268+00:00,2.2584872
2025-01-09 08:35:06.984099+00:00,2.2584884
2025-01-09 08:35:19.952264+00:00,2.2584875
2025-01-09 08:35:32.770283+00:00,2.2584868
2025-01-09 08:35:45.623750+00:00,2.258487
2025-01-09 08:35:58.780722+00:00,2.2584862
2025-01-09 08:36:11.334096+00:00,2.2584872
2025-01-09 08:36:24.534283+00:00,2.2584865
2025-01-09 08:36:36.772512+00:00,2.2584872
2025-01-09 08:36:49.383665+00:00,2.2584865
2025-01-09 08:37:02.223040+00:00,2.2584868
2025-01-09 08:37:14.960318+00:00,2.2584873
2025-01-09 08:37:52.798651+00:00,2.2584877
2025-01-09 08:38:18.869021+00:00,2.2584867
2025-01-09 08:38:31.375926+00:00,2.2584874
2025-01-09 08:38:44.151106+00:00,2.2584865
2025-01-09 08:38:57.364364+00:00,2.258487
2025-01-09 08:39:09.826045+00:00,2.2584881
2025-01-09 08:39:22.576440+00:00,2.2584876
2025-01-09 08:39:47.904756+00:00,2.2584881
2025-01-09 08:40:00.275562+00:00,2.2584875
2025-01-09 08:40:20.155985+00:00,2.258488
2025-01-09 08:40:25.922649+00:00,2.258487
2025-01-09 08:40:50.914308+00:00,2.2584879
2025-01-09 08:41:03.442702+00:00,2.2584875
2025-01-09 08:41:21.729946+00:00,2.2584873
2025-01-09 08:41:28.732526+00:00,2.2584865
2025-01-09 08:41:41.588545+00:00,2.2584862
2025-01-09 08:41:53.894215+00:00,2.2584868
2025-01-09 08:42:09.454638+00:00,2.2584865
2025-01-09 08:42:20.150990+00:00,2.2584876
2025-01-09 08:42:32.654595+00:00,2.2584864
2025-01-09 08:47:28.424033+00:00,2.2584883
2025-01-09 08:48:31.714624+00:00,2.2584882
2025-01-09 08:48:57.347257+00:00,2.2584882
2025-01-09 08:50:01.368033+00:00,2.2584878
2025-01-09 08:50:14.054148+00:00,2.2584871
2025-01-09 08:50:27.092199+00:00,2.2584879
2025-01-09 08:50:41.744175+00:00,2.2584882
2025-01-09 08:50:51.833644+00:00,2.2584881
2025-01-09 08:51:04.675049+00:00,2.2584881
2025-01-09 08:51:17.747014+00:00,2.2584877
2025-01-09 08:51:44.473904+00:00,2.2584876
2025-01-09 08:51:55.513000+00:00,2.2584876
2025-01-09 08:52:08.267585+00:00,2.2584876
2025-01-09 08:52:20.628693+00:00,2.2584882
2025-01-09 08:52:59.595810+00:00,2.2584883
2025-01-09 08:53:12.371803+00:00,2.2584881
2025-01-09 08:54:56.370066+00:00,2.2584875
2025-01-09 08:55:22.321349+00:00,2.2584882
2025-01-09 08:55:35.192524+00:00,2.2584882
2025-01-09 08:55:47.744886+00:00,2.2584877
2025-01-09 08:56:13.296198+00:00,2.258488
2025-01-09 08:56:25.814756+00:00,2.2584876
2025-01-09 08:57:04.242839+00:00,2.2584877
2025-01-09 08:57:16.964151+00:00,2.2584878
2025-01-09 08:58:20.971265+00:00,2.2584878
2025-01-09 08:58:46.417386+00:00,2.258488
2025-01-09 08:58:59.347049+00:00,2.2584872
2025-01-09 08:59:12.122930+00:00,2.2584874
2025-01-09 08:59:50.317685+00:00,2.2584878
2025-01-09 09:00:41.415448+00:00,2.2584881
2025-01-09 09:00:54.598547+00:00,2.258487
2025-01-09 09:01:07.472531+00:00,2.258488
2025-01-09 09:01:19.875951+00:00,2.2584879
2025-01-09 09:01:33.020321+00:00,2.2584871
2025-01-09 09:01:45.209539+00:00,2.258488
2025-01-09 09:01:57.774063+00:00,2.2584878
2025-01-09 09:02:12.977760+00:00,2.2584873
2025-01-09 09:02:23.113013+00:00,2.2584884
2025-01-09 09:02:35.963273+00:00,2.258487
2025-01-09 09:02:48.759954+00:00,2.2584879
2025-01-09 09:03:01.458262+00:00,2.2584881
2025-01-09 09:03:26.559934+00:00,2.258488
2025-01-09 09:03:39.212243+00:00,2.258488
2025-01-09 09:03:52.470972+00:00,2.2584878
2025-01-09 09:04:05.064520+00:00,2.2584884
2025-01-09 09:04:17.697922+00:00,2.258488
2025-01-09 09:04:32.330411+00:00,2.2584877
2025-01-09 09:06:41.273517+00:00,2.2584878
2025-01-09 09:06:52.882671+00:00,2.2584883
2025-01-09 09:07:31.253823+00:00,2.2584877
2025-01-09 09:07:46.817667+00:00,2.2584872
2025-01-09 09:07:56.579301+00:00,2.2584878
2025-01-09 09:08:47.622287+00:00,2.2584879
2025-01-09 09:09:26.199725+00:00,2.2584875
2025-01-09 09:09:39.821692+00:00,2.2584883
2025-01-09 09:10:30.605470+00:00,2.2584884
2025-01-09 09:11:21.557175+00:00,2.2584883
2025-01-09 09:13:40.938153+00:00,2.2584879
2025-01-09 09:15:10.259904+00:00,2.2584881
2025-01-09 09:20:44.268920+00:00,2.2584882
2025-01-09 09:24:21.018826+00:00,2.2584878
2025-01-09 09:24:33.730991+00:00,2.2584876
2025-01-09 09:24:59.387705+00:00,2.2584874
2025-01-09 09:25:25.159260+00:00,2.2584879
2025-01-09 09:25:49.670885+00:00,2.2584876
2025-01-09 09:26:02.758130+00:00,2.258488
2025-01-09 09:27:50.408957+00:00,2.2584883
2025-01-09 09:27:59.305706+00:00,2.2584877
2025-01-09 09:28:24.888319+00:00,2.2584874
2025-01-09 09:28:37.724421+00:00,2.2584876
2025-01-09 09:28:50.604069+00:00,2.2584877
2025-01-09 09:29:03.595720+00:00,2.2584883
2025-01-09 09:29:29.888161+00:00,2.258488
2025-01-09 09:29:41.641204+00:00,2.2584874
2025-01-09 09:29:54.523839+00:00,2.2584884
2025-01-09 09:30:08.852005+00:00,2.2584878
2025-01-09 09:30:20.120858+00:00,2.2584883
2025-01-09 09:30:45.703872+00:00,2.2584874
2025-01-09 09:30:58.163886+00:00,2.2584874
2025-01-09 09:31:23.784712+00:00,2.2584884
2025-01-09 09:31:49.387002+00:00,2.258488
2025-01-09 09:32:02.342942+00:00,2.2584878
2025-01-09 09:32:40.749424+00:00,2.2584876
2025-01-09 09:32:53.426202+00:00,2.2584879
2025-01-09 09:33:07.067577+00:00,2.2584883
2025-01-09 09:33:19.565502+00:00,2.2584876
2025-01-09 09:33:44.853675+00:00,2.2584875
2025-01-09 09:34:10.230773+00:00,2.258488
2025-01-09 09:34:35.240252+00:00,2.2584884
2025-01-09 09:34:48.496169+00:00,2.258488
2025-01-09 09:35:01.863384+00:00,2.2584875
2025-01-09 09:35:26.857372+00:00,2.2584873
2025-01-09 09:35:39.100510+00:00,2.2584879
2025-01-09 09:35:51.349542+00:00,2.2584875
2025-01-09 09:36:04.333332+00:00,2.2584881
2025-01-09 09:36:30.460351+00:00,2.258488
2025-01-09 09:36:42.200702+00:00,2.2584882
2025-01-09 09:38:39.811025+00:00,2.2584883
2025-01-09 09:39:07.775659+00:00,2.258488
2025-01-09 09:39:18.567505+00:00,2.2584873
2025-01-09 09:39:57.053253+00:00,2.2584881
2025-01-09 09:40:23.051599+00:00,2.2584879
2025-01-09 09:40:46.486225+00:00,2.2584882
2025-01-09 09:40:47.901239+00:00,2.2584877
2025-01-09 09:40:59.860196+00:00,2.2584876
2025-01-09 09:41:26.675255+00:00,2.2584879
2025-01-09 09:41:38.118505+00:00,2.258488
2025-01-09 09:41:50.913773+00:00,2.2584879
2025-01-09 09:42:43.300298+00:00,2.2584882
2025-01-09 09:43:20.691863+00:00,2.2584884
2025-01-09 09:43:59.192484+00:00,2.2584882
2025-01-09 09:44:11.991930+00:00,2.258488
2025-01-09 09:44:37.616453+00:00,2.2584883
2025-01-09 09:45:31.474329+00:00,2.2584882
2025-01-09 09:45:43.818795+00:00,2.2584881
2025-01-09 09:46:08.320117+00:00,2.2584877
2025-01-09 09:46:33.156428+00:00,2.2584882
2025-01-09 09:47:23.958103+00:00,2.2584883
2025-01-09 09:47:36.619076+00:00,2.2584881
2025-01-09 09:47:49.516930+00:00,2.2584882
2025-01-09 09:48:02.695848+00:00,2.2584882
2025-01-09 09:54:02.835110+00:00,2.2584879
2025-01-09 09:57:00.631799+00:00,2.2584877
2025-01-09 09:58:16.587031+00:00,2.2584884
2025-01-09 10:00:52.255027+00:00,2.258488
2025-01-09 10:02:21.695941+00:00,2.2584872
2025-01-09 10:03:28.049172+00:00,2.2584879
2025-01-09 10:05:22.561268+00:00,2.2584875
2025-01-09 10:05:36.422860+00:00,2.2584877
2025-01-09 10:05:47.523571+00:00,2.2584879
2025-01-09 10:06:00.370407+00:00,2.258488
2025-01-09 10:06:25.657742+00:00,2.2584874
2025-01-09 10:06:39.462024+00:00,2.258487
2025-01-09 10:06:50.712473+00:00,2.2584878
2025-01-09 10:07:03.550135+00:00,2.2584882
2025-01-09 10:07:54.505417+00:00,2.2584883
2025-01-09 10:08:06.782135+00:00,2.2584878
2025-01-09 10:08:57.807106+00:00,2.2584881
2025-01-09 10:09:11.523979+00:00,2.2584882
2025-01-09 10:09:23.484032+00:00,2.2584879
2025-01-09 10:10:29.352156+00:00,2.2584883
2025-01-09 10:10:54.974560+00:00,2.2584876
2025-01-09 10:11:07.458391+00:00,2.2584879
2025-01-09 10:11:20.197272+00:00,2.2584872
2025-01-09 10:11:32.981751+00:00,2.2584883
2025-01-09 10:11:58.296355+00:00,2.2584882
2025-01-09 10:12:24.015679+00:00,2.2584879
2025-01-09 10:12:36.806988+00:00,2.2584881
2025-01-09 10:17:44.757233+00:00,2.2584876
2025-01-09 10:18:13.645029+00:00,2.2584879
2025-01-09 10:25:26.538358+00:00,2.2584884
2025-01-09 10:31:51.031013+00:00,2.2584883
2025-01-09 10:36:19.205148+00:00,2.2584881
2025-01-09 10:40:12.949161+00:00,2.2584882
2025-01-09 10:41:03.055862+00:00,2.2584878
2025-01-09 10:41:28.440302+00:00,2.2584881
2025-01-09 10:45:56.678803+00:00,2.2584884
2025-01-09 11:12:13.801382+00:00,2.2584883
2025-01-09 11:12:26.677776+00:00,2.2584875
2025-01-09 11:15:39.247868+00:00,2.2584879
2025-01-09 11:15:52.929131+00:00,2.2584884
2025-01-09 11:16:05.880739+00:00,2.2584884
2025-01-09 11:16:42.064392+00:00,2.2584884
2025-01-09 11:17:33.759414+00:00,2.2584878
2025-01-09 11:17:58.546487+00:00,2.2584884
2025-01-09 11:18:11.734834+00:00,2.2584883
2025-01-09 11:20:34.680830+00:00,2.2584879
2025-01-09 11:21:37.623833+00:00,2.2584881
2025-01-09 11:51:06.820539+00:00,2.2584882
2025-01-09 11:51:58.352884+00:00,2.2584882
2025-01-09 12:00:33.207213+00:00,2.2584881
2025-01-09 12:24:13.860092+00:00,2.2584884
2025-01-09 12:26:08.724242+00:00,2.2584877
2025-01-09 15:03:24.618935+00:00,2.2584883
2025-01-09 15:13:28.582895+00:00,2.2584882
2025-01-09 17:31:24.421981+00:00,2.2584884
2025-01-09 17:31:50.300208+00:00,2.2584879
2025-01-09 17:32:44.559859+00:00,2.2584884
2025-01-09 17:36:12.543789+00:00,2.2584881
2025-01-09 17:36:18.201536+00:00,2.2584884
2025-01-09 17:43:09.087303+00:00,2.2584884
2025-01-09 17:45:17.030712+00:00,2.2584884
2025-01-09 18:06:48.025330+00:00,2.2584882
2025-01-09 18:07:25.538330+00:00,2.2584876
2025-01-09 18:11:44.398752+00:00,2.2584876
2025-01-09 18:11:57.757066+00:00,2.2584881
2025-01-09 18:12:23.221126+00:00,2.258488
2025-01-09 18:12:49.926847+00:00,2.2584874
2025-01-09 18:13:39.473045+00:00,2.2584883
2025-01-09 18:14:17.862789+00:00,2.2584877
2025-01-09 18:14:58.056381+00:00,2.2584883
2025-01-09 18:15:21.847768+00:00,2.2584877
2025-01-09 18:15:35.755404+00:00,2.2584879
2025-01-09 18:15:47.297448+00:00,2.2584884
2025-01-09 18:16:01.771607+00:00,2.2584879
2025-01-09 18:16:12.704218+00:00,2.2584876
2025-01-09 18:16:25.271456+00:00,2.2584878
2025-01-09 18:16:37.477783+00:00,2.2584879
2025-01-09 18:16:50.122951+00:00,2.2584872
2025-01-09 18:17:03.301117+00:00,2.2584876
2025-01-09 18:17:17.016555+00:00,2.2584881
2025-01-09 18:17:40.989886+00:00,2.2584882
2025-01-09 18:17:53.601698+00:00,2.2584884
2025-01-09 18:18:07.659185+00:00,2.2584882
2025-01-09 18:20:30.053540+00:00,2.258488
2025-01-09 18:20:42.950576+00:00,2.2584879
2025-01-09 18:21:08.699083+00:00,2.2584884
2025-01-09 18:21:20.699012+00:00,2.2584883
2025-01-09 18:21:46.010826+00:00,2.2584883
2025-01-09 18:22:11.597041+00:00,2.2584881
2025-01-09 18:22:49.856725+00:00,2.2584881
2025-01-09 18:23:40.717300+00:00,2.2584879
2025-01-09 18:23:53.878004+00:00,2.258488
2025-01-09 18:24:31.953088+00:00,2.2584873
2025-01-09 18:25:48.879508+00:00,2.2584883
2025-01-09 18:26:02.042873+00:00,2.2584879
2025-01-09 18:26:53.758211+00:00,2.2584883
2025-01-09 18:27:19.020478+00:00,2.2584884
2025-01-09 18:28:33.792322+00:00,2.2584882
2025-01-09 18:35:37.766259+00:00,2.2584883
2025-01-09 18:36:03.824664+00:00,2.2584878
2025-01-09 18:36:15.515578+00:00,2.2584881
2025-01-09 18:36:40.755479+00:00,2.2584884
2025-01-09 18:36:53.188019+00:00,2.2584871
2025-01-09 18:37:06.182364+00:00,2.2584884
2025-01-09 18:40:06.259343+00:00,2.2584881
2025-01-09 18:40:57.071852+00:00,2.258488
2025-01-09 18:41:24.499314+00:00,2.2584878
2025-01-09 18:41:34.982172+00:00,2.2584876
2025-01-09 18:42:01.873987+00:00,2.2584884
2025-01-09 18:42:26.229500+00:00,2.2584881
2025-01-09 18:42:38.938085+00:00,2.258488
2025-01-09 18:42:52.225767+00:00,2.2584879
2025-01-09 18:43:04.580487+00:00,2.2584877
2025-01-09 18:43:42.377339+00:00,2.2584882
2025-01-09 18:44:08.703664+00:00,2.2584878
2025-01-09 18:44:20.673258+00:00,2.2584882
2025-01-09 18:45:12.162297+00:00,2.2584876
2025-01-09 18:45:24.820812+00:00,2.2584878
2025-01-09 18:45:38.159106+00:00,2.2584884
2025-01-09 18:45:50.169498+00:00,2.2584875
2025-01-09 18:46:40.907735+00:00,2.2584884
2025-01-09 18:46:52.809962+00:00,2.2584873
2025-01-09 18:47:06.413271+00:00,2.2584873
2025-01-09 18:47:18.873994+00:00,2.2584872
2025-01-09 18:47:31.363865+00:00,2.258488
2025-01-09 18:47:43.597162+00:00,2.2584871
2025-01-09 18:47:56.337433+00:00,2.2584877
2025-01-09 18:48:14.541054+00:00,2.2584876
2025-01-09 18:48:22.676831+00:00,2.2584882
2025-01-09 18:50:10.331489+00:00,2.2584877
2025-01-09 18:50:19.041441+00:00,2.2584879
2025-01-09 18:50:32.464306+00:00,2.2584883
2025-01-09 18:50:44.714260+00:00,2.2584875
2025-01-09 18:50:57.672980+00:00,2.2584878
2025-01-09 18:51:10.318244+00:00,2.2584878
2025-01-09 18:51:22.906018+00:00,2.2584878
2025-01-09 18:51:35.608211+00:00,2.2584881
2025-01-09 18:51:49.050082+00:00,2.2584875
2025-01-09 18:52:02.476244+00:00,2.2584879
2025-01-09 18:52:19.872986+00:00,2.2584871
2025-01-09 18:52:29.778088+00:00,2.2584884
2025-01-09 18:52:40.616466+00:00,2.2584881
2025-01-09 18:52:52.198261+00:00,2.2584876
2025-01-09 18:53:05.631959+00:00,2.2584871
2025-01-09 18:53:21.207260+00:00,2.2584882
2025-01-09 18:53:31.629908+00:00,2.258488
2025-01-09 18:53:55.833203+00:00,2.2584879
2025-01-09 18:54:13.076193+00:00,2.2584884
2025-01-09 18:54:24.254856+00:00,2.2584876
2025-01-09 18:54:34.196997+00:00,2.2584881
2025-01-09 18:54:47.015037+00:00,2.2584883
2025-01-09 18:54:59.903272+00:00,2.2584876
2025-01-09 18:55:50.577506+00:00,2.2584879
2025-01-09 18:56:03.536367+00:00,2.2584874
2025-01-09 18:56:16.494148+00:00,2.2584871
2025-01-09 18:56:28.644243+00:00,2.2584881
2025-01-09 18:57:07.011872+00:00,2.2584874
2025-01-09 18:57:31.956758+00:00,2.2584876
2025-01-09 18:57:44.623762+00:00,2.2584879
2025-01-09 18:57:56.893258+00:00,2.2584884
2025-01-09 18:58:09.514212+00:00,2.258488
2025-01-09 19:00:33.720456+00:00,2.2584878
2025-01-09 19:00:45.129423+00:00,2.2584881
2025-01-09 19:01:12.998761+00:00,2.258487
2025-01-09 19:01:23.655907+00:00,2.2584884
2025-01-09 19:01:48.925234+00:00,2.2584881
2025-01-09 19:02:19.506781+00:00,2.258488
2025-01-09 19:02:39.796651+00:00,2.258488
2025-01-09 19:02:52.879697+00:00,2.2584884
2025-01-09 19:03:06.080910+00:00,2.2584881
2025-01-09 19:03:18.684864+00:00,2.2584881
2025-01-09 19:03:30.975475+00:00,2.2584876
2025-01-09 19:03:56.286549+00:00,2.2584881
2025-01-09 19:04:08.983155+00:00,2.2584877
2025-01-09 19:04:21.602476+00:00,2.2584878
2025-01-09 19:04:59.923303+00:00,2.2584882
2025-01-09 19:05:38.822843+00:00,2.2584878
2025-01-09 19:05:51.006960+00:00,2.2584879
2025-01-09 19:06:04.051358+00:00,2.2584883
2025-01-09 19:07:10.064465+00:00,2.258488
2025-01-09 19:07:33.178265+00:00,2.2584877
2025-01-09 19:07:57.838396+00:00,2.2584881
2025-01-09 19:08:13.028382+00:00,2.2584884
2025-01-09 19:08:22.854991+00:00,2.2584872
2025-01-09 19:08:35.769900+00:00,2.2584876
2025-01-09 19:08:49.732037+00:00,2.2584872
2025-01-09 19:11:25.279185+00:00,2.2584884
2025-01-09 19:11:49.111338+00:00,2.2584882
2025-01-09 19:12:14.594658+00:00,2.2584882
2025-01-09 19:12:52.600782+00:00,2.2584878
2025-01-09 19:14:09.270852+00:00,2.258488
2025-01-09 19:14:23.677455+00:00,2.2584884
2025-01-09 19:14:34.924850+00:00,2.2584883
2025-01-09 19:15:00.590405+00:00,2.2584878
2025-01-09 19:15:17.310040+00:00,2.2584882
2025-01-09 19:15:26.358656+00:00,2.2584883
2025-01-09 19:15:38.407581+00:00,2.2584879
2025-01-09 19:15:51.670474+00:00,2.2584884
2025-01-09 19:16:03.952380+00:00,2.2584883
2025-01-09 19:16:19.822262+00:00,2.2584875
2025-01-09 19:17:07.828460+00:00,2.2584882
2025-01-09 19:17:46.592425+00:00,2.2584876
2025-01-09 19:17:58.133639+00:00,2.2584884
2025-01-09 19:18:24.755895+00:00,2.2584884
2025-01-09 19:18:38.633865+00:00,2.2584879
2025-01-09 19:19:01.478353+00:00,2.2584874
2025-01-09 19:19:39.325907+00:00,2.2584879
2025-01-09 19:19:51.923472+00:00,2.2584882
2025-01-09 19:20:17.405787+00:00,2.2584878
2025-01-09 19:22:27.323109+00:00,2.2584876
2025-01-09 19:22:40.046346+00:00,2.2584876
2025-01-09 19:23:05.811449+00:00,2.258488
2025-01-09 19:23:31.297739+00:00,2.2584877
2025-01-09 19:23:43.388146+00:00,2.2584872
2025-01-09 19:23:56.379886+00:00,2.2584878
2025-01-09 19:24:09.238226+00:00,2.2584869
2025-01-09 19:24:21.455162+00:00,2.2584871
2025-01-09 19:24:35.256830+00:00,2.2584875
2025-01-09 19:24:47.104494+00:00,2.2584884
2025-01-09 19:25:14.068875+00:00,2.2584883
2025-01-09 19:25:25.268408+00:00,2.2584878
2025-01-09 19:25:38.684373+00:00,2.2584881
2025-01-09 19:26:03.776197+00:00,2.2584882
2025-01-09 19:26:16.209680+00:00,2.2584877
2025-01-09 19:26:43.818096+00:00,2.258488
2025-01-09 19:26:59.924980+00:00,2.258488
2025-01-09 19:27:20.069021+00:00,2.2584877
2025-01-09 19:27:33.094015+00:00,2.2584875
2025-01-09 19:27:46.255072+00:00,2.2584874
2025-01-09 19:27:58.521462+00:00,2.2584884
2025-01-09 19:28:11.162594+00:00,2.2584883
2025-01-09 19:28:48.941954+00:00,2.2584876
2025-01-09 19:29:01.641288+00:00,2.2584882
2025-01-09 19:29:13.769280+00:00,2.2584872
2025-01-09 19:29:29.434188+00:00,2.2584879
2025-01-09 19:30:07.026991+00:00,2.2584879
2025-01-09 19:30:17.520372+00:00,2.2584882
2025-01-09 19:30:29.632814+00:00,2.2584876
2025-01-09 19:30:42.414269+00:00,2.2584882
2025-01-09 19:30:55.364313+00:00,2.2584883
2025-01-09 19:31:09.286749+00:00,2.2584878
2025-01-09 19:32:03.765944+00:00,2.2584882
2025-01-09 19:32:14.102859+00:00,2.258488
2025-01-09 19:32:52.413268+00:00,2.258488
2025-01-09 19:33:04.770134+00:00,2.2584871
2025-01-09 19:33:19.684576+00:00,2.258488
2025-01-09 19:33:33.633835+00:00,2.2584879
2025-01-09 19:33:43.903885+00:00,2.2584877
2025-01-09 19:33:55.561559+00:00,2.2584877
2025-01-09 19:34:09.156807+00:00,2.2584874
2025-01-09 19:34:21.452516+00:00,2.258488
2025-01-09 19:34:33.679717+00:00,2.2584871
2025-01-09 19:35:12.085453+00:00,2.2584877
2025-01-09 19:35:25.832876+00:00,2.2584879
2025-01-09 19:35:37.367153+00:00,2.2584877
2025-01-09 19:35:50.202204+00:00,2.2584876
2025-01-09 19:36:03.142160+00:00,2.2584883
2025-01-09 19:36:16.026519+00:00,2.258488
2025-01-09 19:36:55.041094+00:00,2.2584879
2025-01-09 19:37:07.117383+00:00,2.2584883
2025-01-09 19:37:32.961842+00:00,2.2584875
2025-01-09 19:37:45.054369+00:00,2.2584876
2025-01-09 19:37:58.766355+00:00,2.2584876
2025-01-09 19:38:11.462368+00:00,2.2584878
2025-01-09 19:38:35.565100+00:00,2.2584882
2025-01-09 19:38:49.115411+00:00,2.2584881
2025-01-09 19:39:01.081964+00:00,2.2584876
2025-01-09 19:39:15.087578+00:00,2.2584881
2025-01-09 19:39:26.847936+00:00,2.2584876
2025-01-09 19:39:38.797234+00:00,2.258487
2025-01-09 19:39:51.411533+00:00,2.2584875
2025-01-09 19:40:04.429695+00:00,2.2584882
2025-01-09 19:42:02.294916+00:00,2.2584884
2025-01-09 19:42:40.138563+00:00,2.2584878
2025-01-09 19:42:52.967341+00:00,2.2584871
2025-01-09 19:43:43.516183+00:00,2.2584879
2025-01-09 19:43:56.285172+00:00,2.2584882
2025-01-09 19:44:10.251048+00:00,2.2584882
2025-01-09 19:44:23.643386+00:00,2.2584883
2025-01-09 19:44:34.513576+00:00,2.2584878
2025-01-09 19:45:00.042062+00:00,2.258488
2025-01-09 19:45:25.913527+00:00,2.2584881
2025-01-09 19:46:04.139133+00:00,2.2584876
2025-01-09 19:46:16.872108+00:00,2.2584881
2025-01-09 19:47:46.514168+00:00,2.2584878
2025-01-09 19:48:00.082689+00:00,2.2584883
2025-01-09 19:48:11.430120+00:00,2.2584874
2025-01-09 19:48:23.402942+00:00,2.2584876
2025-01-09 19:48:36.318156+00:00,2.2584878
2025-01-09 19:48:49.241925+00:00,2.2584875
2025-01-09 19:49:01.751321+00:00,2.258488
2025-01-09 19:49:14.418102+00:00,2.258488
2025-01-09 19:49:52.223835+00:00,2.2584876
2025-01-09 19:52:16.029383+00:00,2.2584882
2025-01-09 19:53:06.776475+00:00,2.2584869
2025-01-09 19:53:32.417250+00:00,2.2584882
2025-01-09 19:53:58.313136+00:00,2.2584876
2025-01-09 19:54:10.855198+00:00,2.2584881
2025-01-09 19:54:23.224562+00:00,2.2584876
2025-01-09 19:54:36.139343+00:00,2.2584875
2025-01-09 19:55:01.455244+00:00,2.2584875
2025-01-09 19:55:14.022940+00:00,2.2584883
2025-01-09 19:55:52.854844+00:00,2.2584875
2025-01-09 19:56:07.806008+00:00,2.2584874
2025-01-09 19:56:18.883856+00:00,2.2584877
2025-01-09 19:56:56.202613+00:00,2.2584879
2025-01-09 19:57:12.383119+00:00,2.2584872
2025-01-09 19:57:23.260171+00:00,2.2584881
2025-01-09 19:57:34.000582+00:00,2.258488
2025-01-09 19:57:47.547293+00:00,2.2584877
2025-01-09 19:58:02.708948+00:00,2.2584875
2025-01-09 19:58:12.188780+00:00,2.2584884
2025-01-09 19:58:24.680027+00:00,2.2584881
2025-01-09 19:58:37.258127+00:00,2.2584881
2025-01-09 19:58:50.077095+00:00,2.2584876
2025-01-09 19:59:04.471170+00:00,2.2584879
2025-01-09 19:59:15.019507+00:00,2.2584879
2025-01-09 19:59:31.041415+00:00,2.2584874
2025-01-09 19:59:40.490455+00:00,2.2584877
2025-01-09 19:59:53.206702+00:00,2.2584882
2025-01-09 20:00:07.646422+00:00,2.2584873
2025-01-09 20:00:19.704410+00:00,2.2584883
2025-01-09 20:01:51.032486+00:00,2.2584883
2025-01-09 20:02:04.479240+00:00,2.2584873
2025-01-09 20:02:29.783198+00:00,2.2584873
2025-01-09 20:02:44.000657+00:00,2.2584878
2025-01-09 20:02:55.036619+00:00,2.2584881
2025-01-09 20:03:08.156395+00:00,2.2584877
2025-01-09 20:03:33.709352+00:00,2.2584867
2025-01-09 20:03:46.314206+00:00,2.2584876
2025-01-09 20:03:58.819029+00:00,2.2584875
2025-01-09 20:04:13.122498+00:00,2.2584871
2025-01-09 20:04:24.680260+00:00,2.2584874
2025-01-09 20:04:37.088153+00:00,2.2584874
2025-01-09 20:04:49.933661+00:00,2.2584874
2025-01-09 20:05:02.639454+00:00,2.2584868
2025-01-09 20:05:16.703287+00:00,2.2584875
2025-01-09 20:05:28.749424+00:00,2.2584877
2025-01-09 20:05:41.254578+00:00,2.2584872
2025-01-09 20:05:53.680463+00:00,2.2584871
2025-01-09 20:06:06.845383+00:00,2.2584876
2025-01-09 20:06:19.232154+00:00,2.2584878
2025-01-09 20:06:32.237294+00:00,2.2584874
2025-01-09 20:06:45.375160+00:00,2.2584877
2025-01-09 20:06:57.541394+00:00,2.2584874
2025-01-09 20:07:10.417093+00:00,2.2584882
2025-01-09 20:07:24.094517+00:00,2.258488
2025-01-09 20:07:35.824208+00:00,2.2584871
2025-01-09 20:07:48.555032+00:00,2.258488
2025-01-09 20:08:01.493489+00:00,2.2584881
2025-01-09 20:08:13.647678+00:00,2.2584873
2025-01-09 20:08:26.042701+00:00,2.2584877
2025-01-09 20:08:39.689997+00:00,2.2584874
2025-01-09 20:08:51.407303+00:00,2.2584875
2025-01-09 20:09:12.706141+00:00,2.2584881
2025-01-09 20:09:29.556154+00:00,2.2584877
2025-01-09 20:09:55.068378+00:00,2.2584873
2025-01-09 20:10:08.699138+00:00,2.2584878
2025-01-09 20:10:59.845656+00:00,2.2584879
2025-01-09 20:12:08.860758+00:00,2.258488
2025-01-09 20:12:45.966934+00:00,2.2584881
2025-01-09 20:16:46.320025+00:00,2.2584883
2025-01-09 20:16:58.600089+00:00,2.2584883
2025-01-09 20:18:02.638108+00:00,2.2584877
2025-01-09 20:18:15.770543+00:00,2.2584884
2025-01-09 20:18:52.943142+00:00,2.2584879
2025-01-09 20:19:05.919536+00:00,2.2584874
2025-01-09 20:19:18.671936+00:00,2.2584883
2025-01-09 20:19:35.905888+00:00,2.2584879
2025-01-09 20:19:43.567994+00:00,2.2584884
2025-01-09 20:20:11.648092+00:00,2.258488
2025-01-09 20:20:37.479068+00:00,2.2584876
2025-01-09 20:20:46.945713+00:00,2.2584882
2025-01-09 20:20:59.458117+00:00,2.2584883
2025-01-09 20:23:10.239293+00:00,2.2584869
2025-01-09 20:23:23.269008+00:00,2.2584883
2025-01-09 20:23:36.204231+00:00,2.2584873
2025-01-09 20:25:05.962592+00:00,2.2584875
2025-01-09 20:25:17.999035+00:00,2.2584878
2025-01-09 20:25:30.850688+00:00,2.2584881
2025-01-09 20:25:43.568408+00:00,2.2584876
2025-01-09 20:26:12.846728+00:00,2.2584882
2025-01-09 20:26:59.909923+00:00,2.2584877
2025-01-09 20:27:25.926700+00:00,2.2584884
2025-01-09 20:27:38.152932+00:00,2.2584881
2025-01-09 20:28:18.792443+00:00,2.2584883
2025-01-09 20:28:28.852409+00:00,2.2584878
2025-01-09 20:28:42.612546+00:00,2.2584871
2025-01-09 20:28:54.396841+00:00,2.2584882
2025-01-09 20:29:07.029640+00:00,2.258488
2025-01-09 20:29:19.552663+00:00,2.2584875
2025-01-09 20:29:33.144209+00:00,2.2584879
2025-01-09 20:29:45.319134+00:00,2.2584882
2025-01-09 20:30:10.554537+00:00,2.2584883
2025-01-09 20:30:36.040864+00:00,2.2584883
2025-01-09 20:32:47.836287+00:00,2.2584883
2025-01-09 20:33:13.223238+00:00,2.258488
2025-01-09 20:33:25.398319+00:00,2.2584877
2025-01-09 20:33:38.306125+00:00,2.258488
2025-01-09 20:33:51.635161+00:00,2.2584878
2025-01-09 20:34:04.129193+00:00,2.2584879
2025-01-09 20:34:41.856920+00:00,2.2584876
2025-01-09 20:35:08.514465+00:00,2.258488
2025-01-09 20:35:21.838475+00:00,2.2584876
2025-01-09 20:35:35.822140+00:00,2.2584882
2025-01-09 20:35:46.073725+00:00,2.2584873
2025-01-09 20:36:11.530490+00:00,2.2584878
2025-01-09 20:36:24.336720+00:00,2.2584884
2025-01-09 20:36:37.119356+00:00,2.2584877
2025-01-09 20:36:51.046856+00:00,2.2584879
2025-01-09 20:37:16.202051+00:00,2.2584874
2025-01-09 20:37:28.349285+00:00,2.2584883
2025-01-09 20:38:06.828750+00:00,2.2584882
2025-01-09 20:38:19.971805+00:00,2.2584875
2025-01-09 20:38:32.256884+00:00,2.2584878
2025-01-09 20:38:44.436240+00:00,2.2584881
2025-01-09 20:38:57.968141+00:00,2.2584875
2025-01-09 20:39:09.819355+00:00,2.2584872
2025-01-09 20:39:22.751741+00:00,2.2584881
2025-01-09 20:39:35.388032+00:00,2.2584876
2025-01-09 20:39:47.890687+00:00,2.258487
2025-01-09 20:40:02.073710+00:00,2.2584876
2025-01-09 20:41:57.524931+00:00,2.258488
2025-01-09 20:42:24.090635+00:00,2.2584878
2025-01-09 20:42:36.236902+00:00,2.2584878
2025-01-09 20:43:08.691941+00:00,2.2584876
2025-01-09 20:43:17.116165+00:00,2.2584877
2025-01-09 20:43:28.210343+00:00,2.2584873
2025-01-09 20:43:41.084269+00:00,2.2584876
2025-01-09 20:43:53.770436+00:00,2.2584878
2025-01-09 20:44:05.882196+00:00,2.2584874
2025-01-09 20:44:18.604442+00:00,2.2584875
2025-01-09 20:44:32.677334+00:00,2.2584883
2025-01-09 20:44:44.822419+00:00,2.2584881
2025-01-09 20:44:56.316942+00:00,2.2584873
2025-01-09 20:45:09.380638+00:00,2.2584876
2025-01-09 20:45:34.844485+00:00,2.2584874
2025-01-09 20:46:00.177451+00:00,2.2584868
2025-01-09 20:46:25.792138+00:00,2.2584873
2025-01-09 20:46:51.886241+00:00,2.2584879
2025-01-09 20:47:04.570787+00:00,2.2584874
2025-01-09 20:47:42.136070+00:00,2.2584874
2025-01-09 20:47:55.430825+00:00,2.2584878
2025-01-09 20:48:07.978249+00:00,2.2584881
2025-01-09 20:48:47.765133+00:00,2.2584879
2025-01-09 20:49:11.820256+00:00,2.2584876
2025-01-09 20:49:24.380228+00:00,2.2584884
2025-01-09 20:49:37.936719+00:00,2.2584873
2025-01-09 20:49:49.763199+00:00,2.2584877
2025-01-09 20:50:20.340036+00:00,2.2584873
2025-01-09 20:50:27.432336+00:00,2.2584876
2025-01-09 20:50:40.039963+00:00,2.2584876
2025-01-09 20:50:52.635263+00:00,2.2584878
2025-01-09 20:51:06.053734+00:00,2.2584875
2025-01-09 20:51:17.997972+00:00,2.2584882
2025-01-09 20:51:31.324486+00:00,2.2584873
2025-01-09 20:51:43.156693+00:00,2.2584877
2025-01-09 20:51:56.053086+00:00,2.2584876
2025-01-09 20:52:08.991662+00:00,2.2584873
2025-01-09 20:54:19.609776+00:00,2.258488
2025-01-09 20:54:45.184907+00:00,2.2584883
2025-01-09 20:54:57.806940+00:00,2.2584883
2025-01-09 20:55:11.260573+00:00,2.2584878
2025-01-09 20:55:23.741012+00:00,2.2584879
2025-01-09 20:55:36.227245+00:00,2.2584879
2025-01-09 20:55:52.034260+00:00,2.2584879
2025-01-09 20:56:02.245419+00:00,2.2584878
2025-01-09 20:56:15.165302+00:00,2.2584883
2025-01-09 20:56:27.266411+00:00,2.2584878
2025-01-09 20:56:53.120001+00:00,2.2584878
2025-01-09 20:57:44.025878+00:00,2.258487
2025-01-09 20:57:56.946782+00:00,2.2584883
2025-01-09 20:58:09.503907+00:00,2.2584882
2025-01-09 20:58:35.038673+00:00,2.2584882
2025-01-09 20:58:48.262929+00:00,2.2584875
2025-01-09 20:59:15.885039+00:00,2.2584873
2025-01-09 20:59:25.945762+00:00,2.2584876
2025-01-09 20:59:39.020663+00:00,2.2584882
2025-01-09 20:59:51.433584+00:00,2.2584882
2025-01-09 21:00:04.203230+00:00,2.2584874
2025-01-09 21:00:18.642531+00:00,2.2584877
2025-01-09 21:00:29.641993+00:00,2.2584881
2025-01-09 21:00:42.842341+00:00,2.2584876
2025-01-09 21:00:55.238306+00:00,2.2584882
2025-01-09 21:01:07.557710+00:00,2.258487
2025-01-09 21:01:33.212802+00:00,2.2584877
2025-01-09 21:01:44.869967+00:00,2.2584876
2025-01-09 21:01:57.742944+00:00,2.2584878
2025-01-09 21:02:10.806951+00:00,2.2584882
2025-01-09 21:02:22.726104+00:00,2.258487
2025-01-09 21:03:01.775809+00:00,2.2584882
2025-01-09 21:04:58.946868+00:00,2.2584883
2025-01-09 21:05:12.435309+00:00,2.258488
2025-01-09 21:05:24.801027+00:00,2.2584876
2025-01-09 21:05:37.158223+00:00,2.2584882
2025-01-09 21:05:50.017938+00:00,2.2584876
2025-01-09 21:06:02.330454+00:00,2.2584879
2025-01-09 21:06:27.569555+00:00,2.2584878
2025-01-09 21:06:40.788455+00:00,2.258488
2025-01-09 21:06:53.413881+00:00,2.2584872
2025-01-09 21:07:31.649406+00:00,2.2584876
2025-01-09 21:07:46.833497+00:00,2.2584883
2025-01-09 21:07:56.999247+00:00,2.258487
2025-01-09 21:08:11.837538+00:00,2.2584882
2025-01-09 21:08:22.827636+00:00,2.2584876
2025-01-09 21:08:48.738110+00:00,2.2584881
2025-01-09 21:09:02.245294+00:00,2.2584878
2025-01-09 21:09:26.453348+00:00,2.2584879
2025-01-09 21:09:39.222187+00:00,2.2584877
2025-01-09 21:09:51.609844+00:00,2.2584871
2025-01-09 21:10:04.472093+00:00,2.2584869
2025-01-09 21:10:17.447986+00:00,2.2584876
2025-01-09 21:10:29.986189+00:00,2.2584876
2025-01-09 21:10:42.419886+00:00,2.2584881
2025-01-09 21:11:11.468277+00:00,2.2584869
2025-01-09 21:11:19.923754+00:00,2.2584875
2025-01-09 21:11:33.010977+00:00,2.2584876
2025-01-09 21:11:48.286131+00:00,2.258488
2025-01-09 21:11:59.192499+00:00,2.258488
2025-01-09 21:12:11.520026+00:00,2.2584882
2025-01-09 21:12:24.394548+00:00,2.2584876
2025-01-09 21:13:42.771797+00:00,2.2584882
2025-01-09 21:13:56.395708+00:00,2.2584883
2025-01-09 21:14:08.973238+00:00,2.2584871
2025-01-09 21:14:23.507573+00:00,2.2584876
2025-01-09 21:14:35.113087+00:00,2.2584879
2025-01-09 21:14:47.681934+00:00,2.2584881
2025-01-09 21:14:59.786646+00:00,2.2584872
2025-01-09 21:15:14.202054+00:00,2.2584874
2025-01-09 21:15:28.394935+00:00,2.258487
2025-01-09 21:15:50.494056+00:00,2.258488
2025-01-09 21:16:03.939022+00:00,2.2584879
2025-01-09 21:16:29.271001+00:00,2.2584882
2025-01-09 21:16:44.877361+00:00,2.2584875
2025-01-09 21:16:54.844900+00:00,2.2584874
2025-01-09 21:17:07.955183+00:00,2.2584873
2025-01-09 21:17:20.036690+00:00,2.2584878
2025-01-09 21:17:37.595801+00:00,2.2584876
2025-01-09 21:17:46.846074+00:00,2.2584879
2025-01-09 21:17:58.233671+00:00,2.2584875
2025-01-09 21:18:11.103515+00:00,2.2584876
2025-01-09 21:18:25.395423+00:00,2.2584874
2025-01-09 21:18:36.877486+00:00,2.2584875
2025-01-09 21:18:50.358987+00:00,2.2584877
2025-01-09 21:19:04.259525+00:00,2.2584881
2025-01-09 21:19:15.820443+00:00,2.2584878
2025-01-09 21:19:27.755660+00:00,2.2584876
2025-01-09 21:19:40.832895+00:00,2.2584872
2025-01-09 21:19:53.224089+00:00,2.2584878
2025-01-09 21:20:06.666193+00:00,2.258488
2025-01-09 21:20:19.778095+00:00,2.2584873
2025-01-09 21:20:32.953552+00:00,2.2584872
2025-01-09 21:20:44.266907+00:00,2.2584882
2025-01-09 21:20:56.618001+00:00,2.2584882
2025-01-09 21:21:08.591249+00:00,2.2584879
2025-01-09 21:21:23.697805+00:00,2.2584882
2025-01-09 21:21:59.581167+00:00,2.2584871
2025-01-09 21:22:14.842315+00:00,2.2584879
2025-01-09 21:23:30.614933+00:00,2.258488
2025-01-09 21:23:43.269578+00:00,2.2584874
2025-01-09 21:23:56.508171+00:00,2.2584882
2025-01-09 21:24:09.628787+00:00,2.2584879
2025-01-09 21:24:21.839119+00:00,2.2584877
2025-01-09 21:24:35.039302+00:00,2.2584883
2025-01-09 21:24:47.744265+00:00,2.2584882
2025-01-09 21:25:01.134227+00:00,2.258488
2025-01-09 21:25:13.357481+00:00,2.2584876
2025-01-09 21:25:26.017768+00:00,2.2584876
2025-01-09 21:26:20.053241+00:00,2.2584883
2025-01-09 21:26:29.142539+00:00,2.2584881
2025-01-09 21:26:42.164447+00:00,2.2584881
2025-01-09 21:28:14.190498+00:00,2.2584881
2025-01-09 21:29:04.351669+00:00,2.2584879
2025-01-09 21:29:17.546118+00:00,2.258488
2025-01-09 21:29:29.251533+00:00,2.2584877
2025-01-09 21:29:41.918965+00:00,2.2584882
2025-01-09 21:29:54.684444+00:00,2.2584874
2025-01-09 21:30:07.524560+00:00,2.2584875
2025-01-09 21:30:20.791386+00:00,2.2584883
2025-01-09 21:30:32.999649+00:00,2.2584876
2025-01-09 21:30:45.381798+00:00,2.2584877
2025-01-09 21:30:57.581144+00:00,2.2584873
2025-01-09 21:31:10.338356+00:00,2.2584884
2025-01-09 21:31:22.860903+00:00,2.2584884
2025-01-09 21:34:14.210333+00:00,2.2584883
2025-01-09 21:34:27.228396+00:00,2.2584876
2025-01-09 21:34:40.056816+00:00,2.2584875
2025-01-09 21:34:52.920161+00:00,2.2584881
2025-01-09 21:35:05.717410+00:00,2.258488
2025-01-09 21:35:31.426266+00:00,2.2584882
2025-01-09 21:36:09.827501+00:00,2.2584871
2025-01-09 21:36:22.773711+00:00,2.2584877
2025-01-09 21:36:36.339018+00:00,2.2584879
2025-01-09 21:36:48.528838+00:00,2.2584872
2025-01-09 21:37:26.086991+00:00,2.258488
2025-01-09 21:37:39.039212+00:00,2.2584871
2025-01-09 21:37:51.663773+00:00,2.2584877
2025-01-09 21:38:17.495215+00:00,2.2584874
2025-01-09 21:38:34.025593+00:00,2.2584879
2025-01-09 21:38:55.692678+00:00,2.2584871
2025-01-09 21:39:21.271013+00:00,2.2584879
2025-01-09 21:39:34.139021+00:00,2.2584881
2025-01-09 21:39:47.487405+00:00,2.258488
2025-01-09 21:39:59.640152+00:00,2.2584877
2025-01-09 21:40:13.240552+00:00,2.2584883
2025-01-09 21:40:25.244150+00:00,2.2584874
2025-01-09 21:40:37.834940+00:00,2.2584876
2025-01-09 21:40:50.849822+00:00,2.2584874
2025-01-09 21:41:04.604898+00:00,2.2584871
2025-01-09 21:41:16.293997+00:00,2.2584874
2025-01-09 21:41:29.039754+00:00,2.258488
2025-01-09 21:41:40.789763+00:00,2.2584884
2025-01-09 21:41:54.074565+00:00,2.258488
2025-01-09 21:44:32.683402+00:00,2.2584875
2025-01-09 21:44:58.178150+00:00,2.2584884
2025-01-09 21:45:11.486448+00:00,2.258488
2025-01-09 21:45:24.814277+00:00,2.2584881
2025-01-09 21:45:51.891406+00:00,2.2584878
2025-01-09 21:46:03.361884+00:00,2.2584877
2025-01-09 21:46:15.558131+00:00,2.2584878
2025-01-09 21:46:29.066966+00:00,2.2584877
2025-01-09 21:46:40.870371+00:00,2.2584876
2025-01-09 21:46:53.728370+00:00,2.2584877
2025-01-09 21:47:19.092970+00:00,2.258488
2025-01-09 21:47:32.525252+00:00,2.2584878
2025-01-09 21:47:45.022011+00:00,2.2584883
2025-01-09 21:47:58.061888+00:00,2.258488
2025-01-09 21:48:10.968950+00:00,2.2584879
2025-01-09 21:48:23.319327+00:00,2.2584883
2025-01-09 21:48:36.171357+00:00,2.2584875
2025-01-09 21:48:49.065294+00:00,2.2584873
2025-01-09 21:49:01.910286+00:00,2.258488
2025-01-09 21:49:16.045767+00:00,2.2584875
2025-01-09 21:49:27.380704+00:00,2.2584873
2025-01-09 21:49:39.767044+00:00,2.2584881
2025-01-09 21:49:52.115277+00:00,2.2584873
2025-01-09 21:50:08.262034+00:00,2.258488
2025-01-09 21:50:55.481999+00:00,2.258488
2025-01-09 21:51:20.789955+00:00,2.2584882
2025-01-09 21:54:25.426011+00:00,2.258488
2025-01-09 21:54:38.097804+00:00,2.258488
2025-01-09 21:54:51.200503+00:00,2.2584882
2025-01-09 21:56:08.779169+00:00,2.2584874
2025-01-09 21:56:21.152692+00:00,2.2584879
2025-01-09 21:56:33.742497+00:00,2.2584883
2025-01-09 21:56:47.656307+00:00,2.2584881
2025-01-09 21:56:59.470967+00:00,2.258488
2025-01-09 21:57:12.806334+00:00,2.2584874
2025-01-09 21:57:26.558041+00:00,2.2584883
2025-01-09 21:57:37.700623+00:00,2.2584874
2025-01-09 21:57:50.510113+00:00,2.2584882
2025-01-09 21:58:03.654395+00:00,2.2584876
2025-01-09 21:58:16.921986+00:00,2.2584881
2025-01-09 21:58:29.181005+00:00,2.2584876
2025-01-09 21:58:42.141515+00:00,2.2584881
2025-01-09 21:59:08.069574+00:00,2.2584884
2025-01-09 21:59:21.610267+00:00,2.2584873
2025-01-09 21:59:33.511194+00:00,2.2584879
2025-01-09 21:59:46.456109+00:00,2.2584877
2025-01-09 21:59:58.679419+00:00,2.2584874
2025-01-09 22:00:11.628733+00:00,2.2584883
2025-01-09 22:00:24.876089+00:00,2.2584878
2025-01-09 22:00:40.101664+00:00,2.2584878
2025-01-09 22:00:49.429154+00:00,2.2584878
2025-01-09 22:01:14.625483+00:00,2.2584878
2025-01-09 22:01:40.836481+00:00,2.2584879
2025-01-09 22:04:20.050766+00:00,2.2584884
2025-01-09 22:04:46.836109+00:00,2.2584882
2025-01-09 22:04:58.701121+00:00,2.2584875
2025-01-09 22:05:11.075697+00:00,2.2584881
2025-01-09 22:05:23.936416+00:00,2.2584875
2025-01-09 22:05:36.511022+00:00,2.2584884
2025-01-09 22:05:49.568780+00:00,2.2584882
2025-01-09 22:06:02.114959+00:00,2.2584881
2025-01-09 22:06:17.639452+00:00,2.2584882
2025-01-09 22:06:27.784172+00:00,2.2584881
2025-01-09 22:06:40.489754+00:00,2.2584882
2025-01-09 22:07:06.102473+00:00,2.2584883
2025-01-09 22:07:18.871586+00:00,2.2584874
2025-01-09 22:07:33.690254+00:00,2.2584879
2025-01-09 22:07:44.335088+00:00,2.2584878
2025-01-09 22:08:10.119926+00:00,2.2584876
2025-01-09 22:08:22.664941+00:00,2.2584883
2025-01-09 22:08:49.512530+00:00,2.2584881
2025-01-09 22:09:05.527597+00:00,2.2584882
2025-01-09 22:09:14.910903+00:00,2.2584873
2025-01-09 22:09:39.317694+00:00,2.2584874
2025-01-09 22:09:51.778348+00:00,2.2584881
2025-01-09 22:10:04.710861+00:00,2.2584882
2025-01-09 22:10:17.422976+00:00,2.2584874
2025-01-09 22:10:32.862233+00:00,2.2584882
2025-01-09 22:10:42.702886+00:00,2.2584875
2025-01-09 22:10:55.513530+00:00,2.258488
2025-01-09 22:11:08.207356+00:00,2.2584878
2025-01-09 22:11:21.398300+00:00,2.2584875
2025-01-09 22:12:00.661592+00:00,2.2584883
2025-01-09 22:14:26.878109+00:00,2.2584878
2025-01-09 22:14:37.572648+00:00,2.2584881
2025-01-09 22:14:50.328157+00:00,2.2584881
2025-01-09 22:15:11.960131+00:00,2.2584884
2025-01-09 22:15:16.011755+00:00,2.2584878
2025-01-09 22:15:30.526187+00:00,2.2584881
2025-01-09 22:15:42.263069+00:00,2.2584878
2025-01-09 22:15:54.268182+00:00,2.258488
2025-01-09 22:16:07.871881+00:00,2.2584874
2025-01-09 22:16:19.793998+00:00,2.2584877
2025-01-09 22:16:33.156975+00:00,2.2584875
2025-01-09 22:16:48.265729+00:00,2.2584877
2025-01-09 22:16:58.217848+00:00,2.2584878
2025-01-09 22:17:13.087103+00:00,2.2584875
2025-01-09 22:17:24.608102+00:00,2.2584875
2025-01-09 22:17:37.348837+00:00,2.2584877
2025-01-09 22:17:49.443756+00:00,2.2584874
2025-01-09 22:18:16.284726+00:00,2.258488
2025-01-09 22:18:33.823696+00:00,2.2584884
2025-01-09 22:18:40.945855+00:00,2.2584877
2025-01-09 22:18:53.528211+00:00,2.2584876
2025-01-09 22:19:06.495220+00:00,2.2584876
2025-01-09 22:19:19.773218+00:00,2.2584872
2025-01-09 22:19:32.391802+00:00,2.2584881
2025-01-09 22:19:45.320517+00:00,2.2584872
2025-01-09 22:19:56.485681+00:00,2.2584874
2025-01-09 22:20:09.765878+00:00,2.2584872
2025-01-09 22:20:22.586960+00:00,2.258487
2025-01-09 22:20:35.127314+00:00,2.2584877
2025-01-09 22:20:47.662913+00:00,2.2584881
2025-01-09 22:21:03.026123+00:00,2.2584876
2025-01-09 22:21:17.438155+00:00,2.2584881
2025-01-09 22:23:39.252898+00:00,2.2584878
2025-01-09 22:24:09.200412+00:00,2.2584883
2025-01-09 22:24:18.260474+00:00,2.2584868
2025-01-09 22:24:43.394823+00:00,2.258488
2025-01-09 22:24:56.337716+00:00,2.258488
2025-01-09 22:25:10.043891+00:00,2.2584878
2025-01-09 22:25:21.926555+00:00,2.2584875
2025-01-09 22:25:38.138226+00:00,2.2584882
2025-01-09 22:25:47.740427+00:00,2.2584871
2025-01-09 22:26:00.313842+00:00,2.258488
2025-01-09 22:26:13.059648+00:00,2.2584873
2025-01-09 22:26:26.577817+00:00,2.2584875
2025-01-09 22:26:38.513520+00:00,2.2584881
2025-01-09 22:26:51.999999+00:00,2.2584874
2025-01-09 22:27:09.600099+00:00,2.2584875
2025-01-09 22:27:17.956116+00:00,2.2584877
2025-01-09 22:27:29.626067+00:00,2.2584879
2025-01-09 22:27:42.347080+00:00,2.2584882
2025-01-09 22:28:20.847702+00:00,2.2584873
2025-01-09 22:28:33.523910+00:00,2.2584872
2025-01-09 22:28:46.534903+00:00,2.2584884
2025-01-09 22:28:59.240773+00:00,2.2584872
2025-01-09 22:29:25.352660+00:00,2.2584879
2025-01-09 22:29:37.397714+00:00,2.2584876
2025-01-09 22:29:50.435153+00:00,2.2584873
2025-01-09 22:30:03.098018+00:00,2.2584874
2025-01-09 22:30:17.807355+00:00,2.2584869
2025-01-09 22:30:40.690298+00:00,2.2584869
2025-01-09 22:31:06.705028+00:00,2.2584873
2025-01-09 22:31:19.198283+00:00,2.258487
2025-01-09 22:31:32.298952+00:00,2.2584879
2025-01-09 22:31:44.927970+00:00,2.2584879
2025-01-09 22:31:57.470236+00:00,2.2584876
2025-01-09 22:34:23.802012+00:00,2.2584877
2025-01-09 22:34:35.625514+00:00,2.2584879
2025-01-09 22:34:48.565156+00:00,2.2584877
2025-01-09 22:35:02.026066+00:00,2.2584879
2025-01-09 22:35:14.302283+00:00,2.2584873
2025-01-09 22:35:26.945560+00:00,2.258488
2025-01-09 22:35:39.832452+00:00,2.2584879
2025-01-09 22:35:53.080313+00:00,2.2584873
2025-01-09 22:36:05.545094+00:00,2.2584881
2025-01-09 22:36:18.269532+00:00,2.2584884
2025-01-09 22:36:31.180885+00:00,2.2584877
2025-01-09 22:36:43.554640+00:00,2.2584874
2025-01-09 22:36:56.445034+00:00,2.2584878
2025-01-09 22:37:09.401443+00:00,2.2584881
2025-01-09 22:37:22.106734+00:00,2.2584883
2025-01-09 22:38:06.312378+00:00,2.2584878
2025-01-09 22:38:27.966948+00:00,2.2584877
2025-01-09 22:38:39.694514+00:00,2.2584881
2025-01-09 22:38:52.137536+00:00,2.2584873
2025-01-09 22:39:04.945827+00:00,2.2584877
2025-01-09 22:39:19.025554+00:00,2.2584876
2025-01-09 22:39:29.921026+00:00,2.2584869
2025-01-09 22:39:43.901654+00:00,2.258488
2025-01-09 22:39:55.317760+00:00,2.2584877
2025-01-09 22:40:08.327944+00:00,2.2584877
2025-01-09 22:40:22.028007+00:00,2.258488
2025-01-09 22:40:34.981432+00:00,2.2584873
2025-01-09 22:40:47.450926+00:00,2.258488
2025-01-09 22:41:06.364080+00:00,2.2584873
2025-01-09 22:44:03.496031+00:00,2.2584882
2025-01-09 22:44:20.581842+00:00,2.2584876
2025-01-09 22:44:42.208681+00:00,2.2584874
2025-01-09 22:45:08.042578+00:00,2.2584884
2025-01-09 22:45:28.159225+00:00,2.2584883
2025-01-09 22:45:34.161785+00:00,2.2584882
2025-01-09 22:45:59.236453+00:00,2.2584882
2025-01-09 22:46:37.845516+00:00,2.2584882
2025-01-09 22:46:50.616844+00:00,2.258488
2025-01-09 22:47:16.197723+00:00,2.2584882
2025-01-09 22:47:29.851134+00:00,2.2584879
2025-01-09 22:47:41.617316+00:00,2.258488
2025-01-09 22:47:54.637312+00:00,2.2584883
2025-01-09 22:48:34.342159+00:00,2.258488
2025-01-09 22:48:58.709676+00:00,2.2584883
2025-01-09 22:49:23.969946+00:00,2.2584873
2025-01-09 22:49:52.940450+00:00,2.2584878
2025-01-09 22:50:15.091695+00:00,2.2584877
2025-01-09 22:50:27.373290+00:00,2.2584877
2025-01-09 22:50:43.992797+00:00,2.258487
2025-01-09 22:50:52.473496+00:00,2.2584874
2025-01-09 22:51:05.896002+00:00,2.2584881
2025-01-09 22:51:18.187218+00:00,2.2584876
2025-01-09 22:53:30.179219+00:00,2.2584881
2025-01-09 22:53:44.264342+00:00,2.2584879
2025-01-09 22:54:23.885536+00:00,2.2584872
2025-01-09 22:54:35.080509+00:00,2.2584874
2025-01-09 22:55:13.415673+00:00,2.2584876
2025-01-09 22:55:26.434903+00:00,2.2584874
2025-01-09 22:55:39.685480+00:00,2.2584881
2025-01-09 22:55:51.826907+00:00,2.2584873
2025-01-09 22:56:04.602037+00:00,2.2584878
2025-01-09 22:56:17.560695+00:00,2.2584877
2025-01-09 22:56:29.818650+00:00,2.2584879
2025-01-09 22:56:43.052451+00:00,2.2584868
2025-01-09 22:56:56.726261+00:00,2.2584871
2025-01-09 22:57:09.201490+00:00,2.2584878
2025-01-09 22:57:21.007056+00:00,2.2584871
2025-01-09 22:58:00.734826+00:00,2.2584882
2025-01-09 22:58:13.509201+00:00,2.2584883
2025-01-09 22:58:26.856274+00:00,2.2584873
2025-01-09 22:58:46.504129+00:00,2.2584874
2025-01-09 22:58:50.631111+00:00,2.2584877
2025-01-09 22:59:07.010160+00:00,2.2584873
2025-01-09 22:59:15.745956+00:00,2.2584878
2025-01-09 22:59:28.088438+00:00,2.2584876
2025-01-09 22:59:40.687795+00:00,2.2584873
2025-01-09 22:59:54.553461+00:00,2.2584879
2025-01-09 23:00:11.077177+00:00,2.2584873
2025-01-09 23:00:19.329740+00:00,2.2584877
2025-01-09 23:00:31.828674+00:00,2.2584877
2025-01-09 23:00:57.608778+00:00,2.2584883
2025-01-09 23:03:23.157415+00:00,2.2584884
2025-01-09 23:03:36.652842+00:00,2.2584884
2025-01-09 23:03:48.974578+00:00,2.2584873
2025-01-09 23:04:02.029203+00:00,2.2584879
2025-01-09 23:04:26.873886+00:00,2.2584881
2025-01-09 23:04:39.858462+00:00,2.2584874
2025-01-09 23:04:52.675312+00:00,2.2584876
2025-01-09 23:05:05.574792+00:00,2.2584874
2025-01-09 23:05:31.237784+00:00,2.2584869
2025-01-09 23:05:43.664737+00:00,2.2584877
2025-01-09 23:05:56.507162+00:00,2.2584879
2025-01-09 23:06:35.198258+00:00,2.2584876
2025-01-09 23:06:47.737306+00:00,2.2584873
2025-01-09 23:07:00.774139+00:00,2.258488
2025-01-09 23:07:13.573180+00:00,2.2584879
2025-01-09 23:07:26.954556+00:00,2.2584879
2025-01-09 23:07:39.409986+00:00,2.2584877
2025-01-09 23:07:51.738297+00:00,2.2584873
2025-01-09 23:08:05.158144+00:00,2.2584882
2025-01-09 23:08:17.709401+00:00,2.258488
2025-01-09 23:08:30.807217+00:00,2.2584868
2025-01-09 23:08:42.599028+00:00,2.2584876
2025-01-09 23:08:55.340253+00:00,2.2584877
2025-01-09 23:09:08.234994+00:00,2.2584877
2025-01-09 23:09:20.589882+00:00,2.2584873
2025-01-09 23:09:33.537488+00:00,2.2584879
2025-01-09 23:09:45.886145+00:00,2.2584875
2025-01-09 23:09:58.764395+00:00,2.2584877
2025-01-09 23:10:11.426911+00:00,2.2584881
2025-01-09 23:10:28.637004+00:00,2.2584876
2025-01-09 23:10:50.105323+00:00,2.2584878
2025-01-09 23:13:28.746846+00:00,2.2584879
2025-01-09 23:13:54.267264+00:00,2.2584882
2025-01-09 23:14:07.169211+00:00,2.2584882
2025-01-09 23:14:19.811177+00:00,2.2584884
2025-01-09 23:14:32.689064+00:00,2.2584883
2025-01-09 23:14:45.689825+00:00,2.2584872
2025-01-09 23:15:12.741183+00:00,2.2584876
2025-01-09 23:15:36.902753+00:00,2.2584882
2025-01-09 23:15:49.691039+00:00,2.2584878
2025-01-09 23:16:19.350134+00:00,2.2584877
2025-01-09 23:16:27.892633+00:00,2.2584883
2025-01-09 23:16:40.851779+00:00,2.2584878
2025-01-09 23:17:07.192655+00:00,2.2584879
2025-01-09 23:17:19.037085+00:00,2.2584877
2025-01-09 23:17:32.072817+00:00,2.2584879
2025-01-09 23:17:44.625139+00:00,2.2584881
2025-01-09 23:18:10.243169+00:00,2.2584875
2025-01-09 23:18:22.949839+00:00,2.2584876
2025-01-09 23:18:35.562843+00:00,2.2584881
2025-01-09 23:18:48.472057+00:00,2.2584877
2025-01-09 23:19:26.265884+00:00,2.2584876
2025-01-09 23:19:39.276199+00:00,2.2584878
2025-01-09 23:20:04.233535+00:00,2.2584871
2025-01-09 23:20:31.176510+00:00,2.2584881
2025-01-09 23:23:21.140457+00:00,2.2584882
2025-01-09 23:23:33.931310+00:00,2.2584882
2025-01-09 23:24:00.131019+00:00,2.2584881
2025-01-09 23:24:13.008799+00:00,2.2584875
2025-01-09 23:24:25.524885+00:00,2.2584881
2025-01-09 23:24:38.213887+00:00,2.2584877
2025-01-09 23:24:51.127347+00:00,2.258488
2025-01-09 23:25:20.319641+00:00,2.2584878
2025-01-09 23:25:43.653072+00:00,2.2584874
2025-01-09 23:25:55.249455+00:00,2.2584881
2025-01-09 23:26:08.105951+00:00,2.2584879
2025-01-09 23:26:46.843183+00:00,2.2584884
2025-01-09 23:26:59.262072+00:00,2.2584876
2025-01-09 23:27:17.105751+00:00,2.2584878
2025-01-09 23:27:24.694305+00:00,2.2584878
2025-01-09 23:28:03.329518+00:00,2.2584878
2025-01-09 23:28:21.397722+00:00,2.2584878
2025-01-09 23:28:28.778524+00:00,2.2584876
2025-01-09 23:28:54.109273+00:00,2.2584875
2025-01-09 23:29:07.075468+00:00,2.2584876
2025-01-09 23:29:23.862989+00:00,2.2584882
2025-01-09 23:29:32.939577+00:00,2.2584881
2025-01-09 23:29:45.561097+00:00,2.2584874
2025-01-09 23:30:10.262703+00:00,2.2584881
2025-01-09 23:30:24.019482+00:00,2.2584883
2025-01-09 23:33:40.717159+00:00,2.258488
2025-01-09 23:33:52.794299+00:00,2.2584874
2025-01-09 23:34:06.199464+00:00,2.2584873
2025-01-09 23:34:32.356809+00:00,2.258488
2025-01-09 23:34:44.290111+00:00,2.2584878
2025-01-09 23:34:57.536304+00:00,2.2584881
2025-01-09 23:35:23.647726+00:00,2.258488
2025-01-09 23:35:35.591440+00:00,2.2584877
2025-01-09 23:35:48.927398+00:00,2.258488
2025-01-09 23:36:14.084694+00:00,2.2584877
2025-01-09 23:36:28.777274+00:00,2.2584876
2025-01-09 23:36:40.303232+00:00,2.2584883
2025-01-09 23:36:52.968301+00:00,2.2584883
2025-01-09 23:37:11.516801+00:00,2.258488
2025-01-09 23:37:21.551105+00:00,2.2584879
2025-01-09 23:37:30.547114+00:00,2.2584874
2025-01-09 23:37:42.939528+00:00,2.2584879
2025-01-09 23:37:55.727490+00:00,2.258487
2025-01-09 23:38:09.006830+00:00,2.2584876
2025-01-09 23:38:20.948559+00:00,2.2584875
2025-01-09 23:38:33.966088+00:00,2.2584871
2025-01-09 23:38:46.371514+00:00,2.2584874
2025-01-09 23:38:59.261473+00:00,2.2584882
2025-01-09 23:39:12.043404+00:00,2.258488
2025-01-09 23:39:24.725270+00:00,2.2584872
2025-01-09 23:39:37.456554+00:00,2.2584884
2025-01-09 23:39:50.695583+00:00,2.2584876
2025-01-09 23:42:16.801691+00:00,2.2584877
2025-01-09 23:42:29.447964+00:00,2.2584879
2025-01-09 23:42:43.011661+00:00,2.2584874
2025-01-09 23:42:55.269209+00:00,2.2584871
2025-01-09 23:43:09.624775+00:00,2.2584875
2025-01-09 23:43:33.845970+00:00,2.2584875
2025-01-09 23:43:46.199678+00:00,2.2584876
2025-01-09 23:43:59.009433+00:00,2.2584876
2025-01-09 23:44:13.487417+00:00,2.2584875
2025-01-09 23:44:24.558528+00:00,2.2584874
2025-01-09 23:44:38.343403+00:00,2.2584881
2025-01-09 23:44:50.762031+00:00,2.2584872
2025-01-09 23:45:04.016822+00:00,2.2584882
2025-01-09 23:45:16.765825+00:00,2.2584875
2025-01-09 23:45:28.520717+00:00,2.2584875
2025-01-09 23:45:41.476000+00:00,2.258488
2025-01-09 23:46:19.689182+00:00,2.2584877
2025-01-09 23:46:32.642891+00:00,2.2584879
2025-01-09 23:46:45.485986+00:00,2.2584877
2025-01-09 23:46:58.183543+00:00,2.2584877
2025-01-09 23:47:11.183824+00:00,2.2584879
2025-01-09 23:47:24.886493+00:00,2.2584884
2025-01-09 23:47:36.463917+00:00,2.2584871
2025-01-09 23:47:49.040857+00:00,2.2584871
2025-01-09 23:48:01.951920+00:00,2.258488
2025-01-09 23:48:14.197330+00:00,2.2584873
2025-01-09 23:48:26.893311+00:00,2.2584883
2025-01-09 23:48:40.912949+00:00,2.2584878
2025-01-09 23:48:52.047137+00:00,2.2584874
2025-01-09 23:49:05.373270+00:00,2.2584879
2025-01-09 23:49:44.206971+00:00,2.2584875
2025-01-09 23:52:35.854260+00:00,2.2584876
2025-01-09 23:52:48.508938+00:00,2.2584872
2025-01-09 23:53:01.095162+00:00,2.2584873
2025-01-09 23:53:13.546972+00:00,2.2584879
2025-01-09 23:53:27.203534+00:00,2.2584878
2025-01-09 23:53:40.577586+00:00,2.2584883
2025-01-09 23:53:53.026820+00:00,2.258488
2025-01-09 23:54:04.841337+00:00,2.2584881
2025-01-09 23:54:17.838173+00:00,2.2584881
2025-01-09 23:54:30.220368+00:00,2.2584883
2025-01-09 23:54:55.932901+00:00,2.2584881
2025-01-09 23:55:09.120015+00:00,2.2584875
2025-01-09 23:55:34.325123+00:00,2.2584878
2025-01-09 23:55:47.179047+00:00,2.2584881
2025-01-09 23:56:01.050599+00:00,2.2584874
2025-01-09 23:56:12.618898+00:00,2.2584873
2025-01-09 23:56:26.588252+00:00,2.258488
2025-01-09 23:56:51.940639+00:00,2.2584883
2025-01-09 23:57:04.172614+00:00,2.2584876
2025-01-09 23:57:29.683346+00:00,2.2584874
2025-01-09 23:57:42.479584+00:00,2.2584877
2025-01-09 23:57:54.551496+00:00,2.2584884
2025-01-09 23:58:07.535674+00:00,2.2584877
2025-01-09 23:58:24.090840+00:00,2.2584882
2025-01-09 23:58:34.671738+00:00,2.2584873
2025-01-09 23:58:45.311573+00:00,2.2584873
2025-01-09 23:59:10.844136+00:00,2.2584881
2025-01-09 23:59:23.155599+00:00,2.2584879
2025-01-09 23:59:36.282111+00:00,2.2584879
2025-01-09 23:59:48.676224+00:00,2.2584881
