time,counts_ratio
2025-07-10 00:00:40.705642+00:00,2.2584875
2025-07-10 00:01:06.925649+00:00,2.2584867
2025-07-10 00:01:20.962257+00:00,2.2584872
2025-07-10 00:01:33.937123+00:00,2.2584881
2025-07-10 00:01:45.884319+00:00,2.2584884
2025-07-10 00:02:21.568017+00:00,2.2584869
2025-07-10 00:02:24.283763+00:00,2.2584875
2025-07-10 00:02:37.265785+00:00,2.2584877
2025-07-10 00:02:50.167051+00:00,2.2584878
2025-07-10 00:03:08.350818+00:00,2.2584877
2025-07-10 00:03:53.339147+00:00,2.2584878
2025-07-10 00:04:06.819540+00:00,2.2584873
2025-07-10 00:04:17.793970+00:00,2.2584881
2025-07-10 00:04:30.119306+00:00,2.2584877
2025-07-10 00:04:42.454987+00:00,2.2584876
2025-07-10 00:04:55.091328+00:00,2.2584867
2025-07-10 00:05:11.004182+00:00,2.2584879
2025-07-10 00:05:20.410358+00:00,2.2584874
2025-07-10 00:05:32.969704+00:00,2.2584874
2025-07-10 00:05:45.461907+00:00,2.2584883
2025-07-10 00:05:57.795641+00:00,2.2584869
2025-07-10 00:06:11.496105+00:00,2.258488
2025-07-10 00:06:23.620673+00:00,2.2584875
2025-07-10 00:06:36.676575+00:00,2.2584869
2025-07-10 00:06:49.378994+00:00,2.2584877
2025-07-10 00:07:09.070223+00:00,2.2584877
2025-07-10 00:07:26.583521+00:00,2.2584873
2025-07-10 00:07:39.015858+00:00,2.2584875
2025-07-10 00:08:28.881585+00:00,2.258487
2025-07-10 00:08:41.650734+00:00,2.2584883
2025-07-10 00:08:54.119390+00:00,2.2584875
2025-07-10 00:09:07.136577+00:00,2.2584883
2025-07-10 00:09:20.919837+00:00,2.2584879
2025-07-10 00:09:33.478686+00:00,2.2584879
2025-07-10 00:10:37.843026+00:00,2.2584876
2025-07-10 00:10:50.633358+00:00,2.2584874
2025-07-10 00:11:25.062440+00:00,2.2584873
2025-07-10 00:11:55.119664+00:00,2.2584872
2025-07-10 00:12:08.323727+00:00,2.2584876
2025-07-10 00:12:20.677519+00:00,2.258488
2025-07-10 00:12:44.569332+00:00,2.2584881
2025-07-10 00:12:52.729114+00:00,2.258488
2025-07-10 00:12:58.722745+00:00,2.2584876
2025-07-10 00:13:11.395685+00:00,2.2584875
2025-07-10 00:13:28.742370+00:00,2.2584873
2025-07-10 00:13:35.905720+00:00,2.2584879
2025-07-10 00:13:48.472947+00:00,2.2584882
2025-07-10 00:14:01.028116+00:00,2.2584881
2025-07-10 00:14:13.931892+00:00,2.2584874
2025-07-10 00:16:06.566627+00:00,2.2584882
2025-07-10 00:16:19.023478+00:00,2.2584883
2025-07-10 00:16:31.958066+00:00,2.2584873
2025-07-10 00:16:44.715342+00:00,2.2584876
2025-07-10 00:16:56.503526+00:00,2.2584876
2025-07-10 00:17:21.606505+00:00,2.2584876
2025-07-10 00:17:46.480462+00:00,2.2584876
2025-07-10 00:18:14.576974+00:00,2.2584879
2025-07-10 00:18:26.660894+00:00,2.2584877
2025-07-10 00:18:36.512747+00:00,2.2584864
2025-07-10 00:18:49.289240+00:00,2.2584878
2025-07-10 00:19:01.845294+00:00,2.2584877
2025-07-10 00:19:26.836528+00:00,2.2584871
2025-07-10 00:20:07.410463+00:00,2.2584882
2025-07-10 00:20:22.786111+00:00,2.2584877
2025-07-10 00:20:32.860410+00:00,2.2584875
2025-07-10 00:20:46.024333+00:00,2.2584877
2025-07-10 00:20:58.456804+00:00,2.2584878
2025-07-10 00:21:11.728666+00:00,2.2584879
2025-07-10 00:21:24.251234+00:00,2.2584867
2025-07-10 00:21:37.125478+00:00,2.2584866
2025-07-10 00:21:50.236371+00:00,2.2584874
2025-07-10 00:22:02.687891+00:00,2.2584882
2025-07-10 00:22:19.782264+00:00,2.2584872
2025-07-10 00:22:56.603476+00:00,2.2584879
2025-07-10 00:23:05.432073+00:00,2.2584883
2025-07-10 00:23:18.009062+00:00,2.2584875
2025-07-10 00:23:29.994082+00:00,2.2584865
2025-07-10 00:23:42.470090+00:00,2.2584873
2025-07-10 00:23:55.832174+00:00,2.2584879
2025-07-10 00:24:07.695295+00:00,2.2584876
2025-07-10 00:24:19.991980+00:00,2.2584876
2025-07-10 00:24:32.446360+00:00,2.2584868
2025-07-10 00:24:46.254366+00:00,2.2584875
2025-07-10 00:25:15.425909+00:00,2.2584871
2025-07-10 00:25:23.451133+00:00,2.2584872
2025-07-10 00:25:35.605822+00:00,2.2584876
2025-07-10 00:25:53.499763+00:00,2.258488
2025-07-10 00:26:13.036299+00:00,2.2584875
2025-07-10 00:28:06.730028+00:00,2.258487
2025-07-10 00:28:18.882365+00:00,2.2584878
2025-07-10 00:28:31.163448+00:00,2.2584868
2025-07-10 00:28:44.171893+00:00,2.2584872
2025-07-10 00:28:57.183469+00:00,2.2584873
2025-07-10 00:29:10.159725+00:00,2.2584861
2025-07-10 00:29:23.007472+00:00,2.2584875
2025-07-10 00:29:36.068007+00:00,2.258488
2025-07-10 00:29:49.164558+00:00,2.2584878
2025-07-10 00:30:02.387304+00:00,2.2584871
2025-07-10 00:30:15.619537+00:00,2.2584871
2025-07-10 00:30:43.305819+00:00,2.2584879
2025-07-10 00:30:53.114620+00:00,2.2584881
2025-07-10 00:31:07.737181+00:00,2.2584869
2025-07-10 00:31:31.702215+00:00,2.2584874
2025-07-10 00:31:43.824344+00:00,2.2584874
2025-07-10 00:31:56.266860+00:00,2.2584873
2025-07-10 00:32:21.039850+00:00,2.2584881
2025-07-10 00:32:33.837749+00:00,2.2584881
2025-07-10 00:32:49.078179+00:00,2.2584878
2025-07-10 00:33:12.559219+00:00,2.2584877
2025-07-10 00:33:37.924255+00:00,2.2584861
2025-07-10 00:33:49.777093+00:00,2.2584881
2025-07-10 00:34:01.004429+00:00,2.258488
2025-07-10 00:34:26.022329+00:00,2.2584871
2025-07-10 00:34:38.766547+00:00,2.2584872
2025-07-10 00:35:04.305543+00:00,2.2584879
2025-07-10 00:35:16.927235+00:00,2.2584878
2025-07-10 00:35:29.104101+00:00,2.2584884
2025-07-10 00:35:53.793303+00:00,2.2584872
2025-07-10 00:36:06.796284+00:00,2.2584871
2025-07-10 00:36:18.976660+00:00,2.2584876
2025-07-10 00:36:31.536538+00:00,2.2584873
2025-07-10 00:36:56.318223+00:00,2.2584875
2025-07-10 00:37:09.377138+00:00,2.2584868
2025-07-10 00:37:34.408258+00:00,2.2584881
2025-07-10 00:37:47.234394+00:00,2.2584874
2025-07-10 00:38:06.132017+00:00,2.2584869
2025-07-10 00:38:13.361178+00:00,2.2584875
2025-07-10 00:38:25.775417+00:00,2.2584882
2025-07-10 00:38:38.699845+00:00,2.2584876
2025-07-10 00:38:51.499375+00:00,2.2584884
2025-07-10 00:39:04.711917+00:00,2.2584875
2025-07-10 00:39:17.564742+00:00,2.2584868
2025-07-10 00:39:35.613046+00:00,2.2584872
2025-07-10 00:39:42.667540+00:00,2.2584884
2025-07-10 00:39:55.341071+00:00,2.2584879
2025-07-10 00:40:08.722848+00:00,2.258488
2025-07-10 00:40:21.275800+00:00,2.2584879
2025-07-10 00:40:46.504480+00:00,2.2584877
2025-07-10 00:40:58.810376+00:00,2.2584871
2025-07-10 00:41:23.689020+00:00,2.2584874
2025-07-10 00:42:01.172760+00:00,2.2584872
2025-07-10 00:42:13.404680+00:00,2.2584884
2025-07-10 00:42:39.224382+00:00,2.258488
2025-07-10 00:42:50.837986+00:00,2.2584881
2025-07-10 00:43:03.700152+00:00,2.2584878
2025-07-10 00:43:29.030452+00:00,2.2584876
2025-07-10 00:43:42.125579+00:00,2.2584878
2025-07-10 00:43:53.637528+00:00,2.2584876
2025-07-10 00:45:21.785073+00:00,2.258488
2025-07-10 00:46:23.458100+00:00,2.2584868
2025-07-10 00:46:36.059658+00:00,2.2584879
2025-07-10 00:47:02.038805+00:00,2.2584871
2025-07-10 00:47:14.415521+00:00,2.2584869
2025-07-10 00:47:27.635801+00:00,2.2584865
2025-07-10 00:47:53.805595+00:00,2.2584865
2025-07-10 00:48:07.216011+00:00,2.2584879
2025-07-10 00:48:19.650544+00:00,2.2584869
2025-07-10 00:48:32.793342+00:00,2.2584878
2025-07-10 00:48:45.668477+00:00,2.2584876
2025-07-10 00:48:58.621513+00:00,2.2584876
2025-07-10 00:49:11.940564+00:00,2.2584879
2025-07-10 00:49:24.005836+00:00,2.2584862
2025-07-10 00:49:36.828579+00:00,2.2584868
2025-07-10 00:52:57.057250+00:00,2.2584871
2025-07-10 00:56:07.498208+00:00,2.2584871
2025-07-10 00:56:25.609134+00:00,2.2584859
2025-07-10 00:56:36.991579+00:00,2.2584864
2025-07-10 00:57:09.818962+00:00,2.2584871
2025-07-10 00:57:23.307822+00:00,2.2584868
2025-07-10 00:57:35.750477+00:00,2.2584868
2025-07-10 00:57:50.217099+00:00,2.2584881
2025-07-10 00:58:01.938660+00:00,2.2584881
2025-07-10 00:58:14.511676+00:00,2.2584877
2025-07-10 00:58:27.072942+00:00,2.2584872
2025-07-10 00:58:39.788838+00:00,2.2584878
2025-07-10 01:02:25.564132+00:00,2.258487
2025-07-10 01:02:51.033216+00:00,2.2584866
2025-07-10 01:04:31.311282+00:00,2.2584874
2025-07-10 01:05:46.334235+00:00,2.2584869
2025-07-10 01:06:14.326996+00:00,2.2584873
2025-07-10 01:06:37.780836+00:00,2.2584877
2025-07-10 01:06:50.392573+00:00,2.2584862
2025-07-10 01:07:08.633015+00:00,2.2584867
2025-07-10 01:07:17.298963+00:00,2.2584863
2025-07-10 01:07:29.465538+00:00,2.2584871
2025-07-10 01:08:08.306209+00:00,2.2584872
2025-07-10 01:10:38.277528+00:00,2.2584884
2025-07-10 01:12:18.673521+00:00,2.258488
2025-07-10 01:14:06.650018+00:00,2.2584865
2025-07-10 01:15:40.025550+00:00,2.2584863
2025-07-10 01:15:52.308127+00:00,2.2584863
2025-07-10 01:16:31.972729+00:00,2.2584872
2025-07-10 01:16:44.897207+00:00,2.2584865
2025-07-10 01:16:57.503828+00:00,2.2584872
2025-07-10 01:17:23.897169+00:00,2.2584865
2025-07-10 01:18:24.581623+00:00,2.2584878
2025-07-10 01:25:22.957275+00:00,2.2584866
2025-07-10 01:34:52.424371+00:00,2.2584883
2025-07-10 04:35:41.062149+00:00,2.2584881
2025-07-10 04:40:29.799775+00:00,2.2584874
2025-07-10 04:40:42.804028+00:00,2.2584859
2025-07-10 04:40:55.438220+00:00,2.2584861
2025-07-10 04:41:21.246188+00:00,2.258487
2025-07-10 04:41:59.637392+00:00,2.2584884
2025-07-10 04:42:12.643865+00:00,2.2584876
2025-07-10 04:44:44.817255+00:00,2.2584872
2025-07-10 04:46:23.773385+00:00,2.2584877
2025-07-10 04:46:36.706674+00:00,2.2584872
2025-07-10 04:46:49.472551+00:00,2.2584868
2025-07-10 04:47:39.574532+00:00,2.2584861
2025-07-10 04:48:05.763351+00:00,2.2584877
2025-07-10 04:48:42.502668+00:00,2.2584864
2025-07-10 04:49:20.692071+00:00,2.2584868
2025-07-10 04:49:33.048244+00:00,2.2584873
2025-07-10 04:49:45.753236+00:00,2.2584869
2025-07-10 04:49:58.660820+00:00,2.2584873
2025-07-10 04:50:12.397108+00:00,2.2584877
2025-07-10 04:50:25.420631+00:00,2.2584864
2025-07-10 04:50:38.072408+00:00,2.2584877
2025-07-10 04:51:04.213104+00:00,2.2584869
2025-07-10 04:51:42.172117+00:00,2.2584862
2025-07-10 04:51:55.045284+00:00,2.2584873
2025-07-10 04:52:08.362535+00:00,2.2584866
2025-07-10 04:52:21.064359+00:00,2.2584866
2025-07-10 04:52:46.110652+00:00,2.2584879
2025-07-10 04:53:11.626129+00:00,2.2584878
2025-07-10 04:54:15.414749+00:00,2.2584866
2025-07-10 04:54:39.225148+00:00,2.2584881
2025-07-10 04:54:57.956821+00:00,2.2584874
2025-07-10 04:55:04.360164+00:00,2.2584879
2025-07-10 04:55:17.067820+00:00,2.2584874
2025-07-10 04:55:42.822596+00:00,2.2584881
2025-07-10 04:55:55.149270+00:00,2.2584875
2025-07-10 04:56:08.195184+00:00,2.2584873
2025-07-10 04:56:20.687952+00:00,2.2584872
2025-07-10 04:56:32.903832+00:00,2.2584877
2025-07-10 04:56:57.870886+00:00,2.2584873
2025-07-10 04:57:11.020291+00:00,2.2584873
2025-07-10 04:57:23.228596+00:00,2.2584866
2025-07-10 05:01:01.287888+00:00,2.2584876
2025-07-10 05:01:27.203149+00:00,2.2584879
2025-07-10 05:01:39.064473+00:00,2.2584878
2025-07-10 05:01:54.800229+00:00,2.2584881
2025-07-10 05:02:04.420838+00:00,2.2584871
2025-07-10 05:02:18.261489+00:00,2.2584874
2025-07-10 05:02:29.222113+00:00,2.2584875
2025-07-10 05:02:51.458006+00:00,2.2584883
2025-07-10 05:03:21.204054+00:00,2.2584873
2025-07-10 05:03:34.172550+00:00,2.2584875
2025-07-10 05:03:52.091357+00:00,2.2584868
2025-07-10 05:03:58.979389+00:00,2.2584875
2025-07-10 05:04:13.108542+00:00,2.258488
2025-07-10 05:04:22.950138+00:00,2.2584874
2025-07-10 05:04:35.632377+00:00,2.2584875
2025-07-10 05:04:57.499010+00:00,2.2584879
2025-07-10 05:05:26.258357+00:00,2.2584875
2025-07-10 05:05:40.421372+00:00,2.2584874
2025-07-10 05:06:07.977436+00:00,2.2584872
2025-07-10 05:06:28.658061+00:00,2.2584877
2025-07-10 05:07:18.570344+00:00,2.258488
2025-07-10 05:07:31.119150+00:00,2.2584873
2025-07-10 05:07:43.713455+00:00,2.258488
2025-07-10 05:07:59.908447+00:00,2.2584882
2025-07-10 05:08:09.710358+00:00,2.2584875
2025-07-10 05:08:41.632936+00:00,2.2584875
2025-07-10 05:08:49.082465+00:00,2.2584875
2025-07-10 05:09:46.749962+00:00,2.2584871
2025-07-10 05:10:32.332734+00:00,2.2584872
2025-07-10 05:10:44.549243+00:00,2.2584876
2025-07-10 05:10:58.192924+00:00,2.2584883
2025-07-10 05:11:10.445039+00:00,2.2584876
2025-07-10 05:11:22.839345+00:00,2.2584875
2025-07-10 05:11:36.557002+00:00,2.2584875
2025-07-10 05:11:49.904726+00:00,2.2584879
2025-07-10 05:12:00.579223+00:00,2.2584881
2025-07-10 05:12:12.907977+00:00,2.258488
2025-07-10 05:12:24.911765+00:00,2.2584877
2025-07-10 05:12:37.829980+00:00,2.2584881
2025-07-10 05:12:50.371530+00:00,2.2584873
2025-07-10 05:13:03.630230+00:00,2.2584874
2025-07-10 05:13:16.353558+00:00,2.2584879
2025-07-10 05:13:27.888866+00:00,2.2584878
2025-07-10 05:13:41.212664+00:00,2.2584881
2025-07-10 05:13:53.292446+00:00,2.2584884
2025-07-10 05:14:06.544153+00:00,2.2584878
2025-07-10 05:14:19.193409+00:00,2.2584877
2025-07-10 05:14:31.576374+00:00,2.2584878
2025-07-10 05:14:44.761990+00:00,2.2584878
2025-07-10 05:14:56.751176+00:00,2.2584873
2025-07-10 05:15:12.068392+00:00,2.2584879
2025-07-10 05:15:22.659510+00:00,2.2584875
2025-07-10 05:15:35.205285+00:00,2.2584874
2025-07-10 05:15:47.848812+00:00,2.2584882
2025-07-10 05:15:59.679666+00:00,2.2584874
2025-07-10 05:16:12.543002+00:00,2.258488
2025-07-10 05:16:24.354773+00:00,2.2584881
2025-07-10 05:16:36.915404+00:00,2.2584874
2025-07-10 05:16:49.678772+00:00,2.2584873
2025-07-10 05:17:02.388905+00:00,2.2584877
2025-07-10 05:17:14.571436+00:00,2.2584862
2025-07-10 05:17:27.266048+00:00,2.2584875
2025-07-10 05:17:39.524259+00:00,2.258488
2025-07-10 05:17:52.897854+00:00,2.2584875
2025-07-10 05:18:05.846923+00:00,2.2584879
2025-07-10 05:18:20.072812+00:00,2.2584879
2025-07-10 05:18:36.609114+00:00,2.2584869
2025-07-10 05:18:44.489656+00:00,2.2584882
2025-07-10 05:18:57.930253+00:00,2.2584879
2025-07-10 05:19:11.566802+00:00,2.2584875
2025-07-10 05:19:24.226827+00:00,2.2584882
2025-07-10 05:19:37.635168+00:00,2.2584879
2025-07-10 05:19:49.711753+00:00,2.2584877
2025-07-10 05:20:08.084880+00:00,2.2584874
2025-07-10 05:20:15.651581+00:00,2.2584874
2025-07-10 05:20:28.573815+00:00,2.258488
2025-07-10 05:20:52.987777+00:00,2.2584876
2025-07-10 05:21:06.780254+00:00,2.2584872
2025-07-10 05:21:32.135043+00:00,2.2584877
2025-07-10 05:21:44.093092+00:00,2.2584872
2025-07-10 05:21:56.456966+00:00,2.2584878
2025-07-10 05:22:10.873659+00:00,2.258488
2025-07-10 05:22:21.943688+00:00,2.2584882
2025-07-10 05:22:34.757098+00:00,2.2584879
2025-07-10 05:22:46.873313+00:00,2.2584882
2025-07-10 05:22:58.906912+00:00,2.2584876
2025-07-10 05:23:11.646754+00:00,2.2584876
2025-07-10 05:23:23.857316+00:00,2.2584875
2025-07-10 05:23:36.549054+00:00,2.2584872
2025-07-10 05:23:49.466907+00:00,2.2584872
2025-07-10 05:24:01.949108+00:00,2.2584877
2025-07-10 05:24:14.791526+00:00,2.2584867
2025-07-10 05:24:27.475839+00:00,2.2584873
2025-07-10 05:24:40.312898+00:00,2.2584875
2025-07-10 05:24:57.832434+00:00,2.2584874
2025-07-10 05:25:33.335949+00:00,2.2584878
2025-07-10 05:26:08.427401+00:00,2.2584873
2025-07-10 05:26:20.463940+00:00,2.2584875
2025-07-10 05:26:33.774946+00:00,2.2584875
2025-07-10 05:26:46.399876+00:00,2.2584874
2025-07-10 05:26:58.165509+00:00,2.2584878
2025-07-10 05:27:11.240894+00:00,2.2584881
2025-07-10 05:27:23.778239+00:00,2.2584879
2025-07-10 05:27:36.372207+00:00,2.2584874
2025-07-10 05:27:50.422245+00:00,2.2584874
2025-07-10 05:28:02.630158+00:00,2.2584878
2025-07-10 05:28:15.989332+00:00,2.2584876
2025-07-10 05:28:28.424665+00:00,2.2584874
2025-07-10 05:29:07.745775+00:00,2.2584873
2025-07-10 05:29:20.350831+00:00,2.2584882
2025-07-10 05:29:33.446433+00:00,2.2584873
2025-07-10 05:29:46.979537+00:00,2.2584883
2025-07-10 05:30:01.515345+00:00,2.2584873
2025-07-10 05:30:16.610254+00:00,2.258488
2025-07-10 05:30:38.124709+00:00,2.2584882
2025-07-10 05:30:50.357107+00:00,2.2584878
2025-07-10 05:31:03.787825+00:00,2.2584878
2025-07-10 05:31:16.426821+00:00,2.2584875
2025-07-10 05:31:33.088492+00:00,2.258488
2025-07-10 05:31:40.678652+00:00,2.2584874
2025-07-10 05:31:52.964016+00:00,2.2584873
2025-07-10 05:32:06.105852+00:00,2.2584871
2025-07-10 05:32:18.314676+00:00,2.2584881
2025-07-10 05:32:33.024623+00:00,2.2584876
2025-07-10 05:32:47.782173+00:00,2.2584872
2025-07-10 05:32:55.423052+00:00,2.2584876
2025-07-10 05:33:11.303874+00:00,2.2584873
2025-07-10 05:33:20.829142+00:00,2.2584879
2025-07-10 05:33:33.479076+00:00,2.2584874
2025-07-10 05:33:45.838487+00:00,2.2584875
2025-07-10 05:33:58.200252+00:00,2.2584876
2025-07-10 05:34:11.691851+00:00,2.2584872
2025-07-10 05:34:23.555862+00:00,2.2584874
2025-07-10 05:34:36.143302+00:00,2.258487
2025-07-10 05:34:49.045120+00:00,2.2584874
2025-07-10 05:35:07.369772+00:00,2.2584878
2025-07-10 05:35:14.126723+00:00,2.2584873
2025-07-10 05:35:26.237662+00:00,2.2584873
2025-07-10 05:35:38.785416+00:00,2.2584875
2025-07-10 05:35:51.172795+00:00,2.2584877
2025-07-10 05:36:17.131733+00:00,2.2584871
2025-07-10 05:36:28.975441+00:00,2.2584881
2025-07-10 05:36:41.189863+00:00,2.2584881
2025-07-10 05:36:53.786972+00:00,2.2584871
2025-07-10 05:37:06.873881+00:00,2.2584878
2025-07-10 05:37:19.483683+00:00,2.2584879
2025-07-10 05:37:32.533772+00:00,2.2584873
2025-07-10 05:37:47.440272+00:00,2.258487
2025-07-10 05:37:58.015108+00:00,2.2584875
2025-07-10 05:38:11.181783+00:00,2.2584872
2025-07-10 05:38:24.160950+00:00,2.2584873
2025-07-10 05:38:37.268449+00:00,2.2584872
2025-07-10 05:38:50.117827+00:00,2.2584872
2025-07-10 05:39:03.323900+00:00,2.2584872
2025-07-10 05:39:15.920721+00:00,2.2584874
2025-07-10 05:39:28.566423+00:00,2.258488
2025-07-10 05:39:41.699328+00:00,2.2584882
2025-07-10 05:39:54.461109+00:00,2.2584875
2025-07-10 05:40:07.604421+00:00,2.2584877
2025-07-10 05:40:20.447921+00:00,2.2584883
2025-07-10 05:40:33.283099+00:00,2.2584877
2025-07-10 05:40:45.669186+00:00,2.258488
2025-07-10 05:40:58.228460+00:00,2.2584879
2025-07-10 05:41:10.971263+00:00,2.2584878
2025-07-10 05:41:35.544482+00:00,2.2584875
2025-07-10 05:42:01.119277+00:00,2.2584875
2025-07-10 05:42:12.664833+00:00,2.2584874
2025-07-10 05:42:27.051949+00:00,2.2584879
2025-07-10 05:42:37.753654+00:00,2.2584877
2025-07-10 05:42:50.250090+00:00,2.2584872
2025-07-10 05:43:03.251053+00:00,2.2584877
2025-07-10 05:43:15.483824+00:00,2.2584875
2025-07-10 05:43:27.867301+00:00,2.258488
2025-07-10 05:43:42.251687+00:00,2.2584874
2025-07-10 05:43:53.488847+00:00,2.2584878
2025-07-10 05:44:06.411083+00:00,2.2584876
2025-07-10 05:44:19.164996+00:00,2.2584876
2025-07-10 05:44:31.925417+00:00,2.2584872
2025-07-10 05:44:44.148924+00:00,2.2584876
2025-07-10 05:44:56.716737+00:00,2.2584879
2025-07-10 05:45:09.374241+00:00,2.2584873
2025-07-10 05:45:27.788350+00:00,2.2584873
2025-07-10 05:45:34.344758+00:00,2.2584879
2025-07-10 05:45:47.345489+00:00,2.2584877
2025-07-10 05:45:59.265287+00:00,2.2584878
2025-07-10 05:46:12.026634+00:00,2.2584875
2025-07-10 05:46:28.669455+00:00,2.2584882
2025-07-10 05:46:36.920814+00:00,2.2584873
2025-07-10 05:46:49.562431+00:00,2.2584876
2025-07-10 05:47:15.345158+00:00,2.2584882
2025-07-10 05:47:27.784868+00:00,2.2584878
2025-07-10 05:47:42.569452+00:00,2.2584873
2025-07-10 05:47:53.933150+00:00,2.2584875
2025-07-10 05:48:07.625744+00:00,2.2584866
2025-07-10 05:48:19.985925+00:00,2.2584877
2025-07-10 05:48:33.262021+00:00,2.2584875
2025-07-10 05:48:46.386181+00:00,2.2584876
2025-07-10 05:48:59.253264+00:00,2.258488
2025-07-10 05:49:12.356728+00:00,2.2584875
2025-07-10 05:49:24.952871+00:00,2.2584875
2025-07-10 05:49:38.477213+00:00,2.258488
2025-07-10 05:49:50.577936+00:00,2.2584869
2025-07-10 05:50:06.395787+00:00,2.2584882
2025-07-10 05:50:18.200050+00:00,2.2584865
2025-07-10 05:50:29.156338+00:00,2.2584872
2025-07-10 05:50:41.906294+00:00,2.2584878
2025-07-10 05:50:56.602066+00:00,2.2584872
2025-07-10 05:51:21.115874+00:00,2.2584878
2025-07-10 05:51:32.495014+00:00,2.2584878
2025-07-10 05:51:44.083386+00:00,2.2584873
2025-07-10 05:51:57.457391+00:00,2.2584872
2025-07-10 05:52:09.574480+00:00,2.258488
2025-07-10 05:52:21.742093+00:00,2.2584874
2025-07-10 05:52:34.602573+00:00,2.2584872
2025-07-10 05:52:47.391504+00:00,2.258488
2025-07-10 05:53:30.334834+00:00,2.2584875
2025-07-10 05:53:59.240501+00:00,2.2584877
2025-07-10 05:54:25.765406+00:00,2.2584879
2025-07-10 05:54:39.037214+00:00,2.2584877
2025-07-10 05:54:41.058466+00:00,2.2584878
2025-07-10 05:54:57.811408+00:00,2.258488
2025-07-10 05:55:07.038643+00:00,2.2584881
2025-07-10 05:55:20.656081+00:00,2.2584875
2025-07-10 05:55:31.014677+00:00,2.2584877
2025-07-10 05:55:43.849246+00:00,2.2584873
2025-07-10 05:55:56.266911+00:00,2.2584873
2025-07-10 05:56:09.881413+00:00,2.2584874
2025-07-10 05:56:21.410466+00:00,2.2584874
2025-07-10 05:56:35.577300+00:00,2.258488
2025-07-10 05:56:47.568188+00:00,2.2584879
2025-07-10 05:56:59.842085+00:00,2.2584879
2025-07-10 05:57:13.873588+00:00,2.2584877
2025-07-10 05:57:25.996351+00:00,2.2584875
2025-07-10 05:57:38.942060+00:00,2.2584868
2025-07-10 05:57:52.533588+00:00,2.2584874
2025-07-10 05:58:05.653321+00:00,2.2584874
2025-07-10 05:58:18.469697+00:00,2.2584875
2025-07-10 05:58:31.256997+00:00,2.2584875
2025-07-10 05:58:45.187163+00:00,2.2584872
2025-07-10 05:58:57.854275+00:00,2.258488
2025-07-10 05:59:11.036126+00:00,2.2584874
2025-07-10 05:59:22.157086+00:00,2.2584874
2025-07-10 05:59:35.054011+00:00,2.2584878
2025-07-10 05:59:47.985046+00:00,2.2584877
2025-07-10 06:00:00.949221+00:00,2.2584877
2025-07-10 06:00:13.524055+00:00,2.2584881
2025-07-10 06:00:26.482375+00:00,2.2584874
2025-07-10 06:00:38.806504+00:00,2.2584878
2025-07-10 06:00:51.037479+00:00,2.2584872
2025-07-10 06:01:04.165121+00:00,2.2584877
2025-07-10 06:01:17.293518+00:00,2.2584879
2025-07-10 06:01:30.103484+00:00,2.258488
2025-07-10 06:01:53.503787+00:00,2.2584876
2025-07-10 06:02:06.796422+00:00,2.258488
2025-07-10 06:02:19.283592+00:00,2.2584882
2025-07-10 06:02:47.502410+00:00,2.2584875
2025-07-10 06:03:18.701176+00:00,2.2584872
2025-07-10 06:04:12.676721+00:00,2.2584876
2025-07-10 06:04:37.353467+00:00,2.2584876
2025-07-10 06:04:49.659076+00:00,2.2584874
2025-07-10 06:05:02.358765+00:00,2.2584881
2025-07-10 06:05:14.843548+00:00,2.2584877
2025-07-10 06:05:27.825549+00:00,2.2584876
2025-07-10 06:05:40.683596+00:00,2.258487
2025-07-10 06:05:52.356634+00:00,2.2584869
2025-07-10 06:06:05.469116+00:00,2.258488
2025-07-10 06:06:17.889817+00:00,2.2584875
2025-07-10 06:06:30.882065+00:00,2.2584876
2025-07-10 06:06:43.441877+00:00,2.2584879
2025-07-10 06:06:56.783525+00:00,2.2584882
2025-07-10 06:07:10.664333+00:00,2.2584875
2025-07-10 06:07:22.956465+00:00,2.2584875
2025-07-10 06:07:36.237621+00:00,2.2584878
2025-07-10 06:07:50.615589+00:00,2.2584872
2025-07-10 06:08:02.371791+00:00,2.2584872
2025-07-10 06:08:15.096038+00:00,2.2584876
2025-07-10 06:08:27.820468+00:00,2.2584871
2025-07-10 06:08:41.198480+00:00,2.2584878
2025-07-10 06:08:53.287536+00:00,2.2584878
2025-07-10 06:09:08.222110+00:00,2.2584876
2025-07-10 06:09:21.677639+00:00,2.2584878
2025-07-10 06:09:33.139553+00:00,2.2584877
2025-07-10 06:09:46.340816+00:00,2.2584877
2025-07-10 06:10:10.380465+00:00,2.2584876
2025-07-10 06:10:29.252147+00:00,2.258487
2025-07-10 06:10:36.760819+00:00,2.2584874
2025-07-10 06:11:22.770626+00:00,2.2584874
2025-07-10 06:13:19.530650+00:00,2.2584875
2025-07-10 06:13:32.095665+00:00,2.2584871
2025-07-10 06:13:44.523432+00:00,2.2584876
2025-07-10 06:13:57.154317+00:00,2.2584872
2025-07-10 06:14:09.983701+00:00,2.2584875
2025-07-10 06:14:21.948382+00:00,2.2584881
2025-07-10 06:14:34.376939+00:00,2.2584878
2025-07-10 06:14:47.068368+00:00,2.2584877
2025-07-10 06:14:59.646421+00:00,2.2584878
2025-07-10 06:15:12.544260+00:00,2.2584871
2025-07-10 06:15:24.819046+00:00,2.2584881
2025-07-10 06:15:37.505285+00:00,2.2584871
2025-07-10 06:15:50.170394+00:00,2.2584877
2025-07-10 06:16:06.784695+00:00,2.2584877
2025-07-10 06:16:16.206866+00:00,2.2584871
2025-07-10 06:16:29.988248+00:00,2.2584881
2025-07-10 06:16:42.706826+00:00,2.2584875
2025-07-10 06:16:55.495117+00:00,2.2584879
2025-07-10 06:17:12.298747+00:00,2.2584873
2025-07-10 06:17:21.557890+00:00,2.2584873
2025-07-10 06:17:34.840431+00:00,2.2584878
2025-07-10 06:17:48.168790+00:00,2.2584876
2025-07-10 06:18:00.571159+00:00,2.2584875
2025-07-10 06:18:14.829216+00:00,2.258488
2025-07-10 06:18:27.516081+00:00,2.2584874
2025-07-10 06:18:39.025430+00:00,2.2584882
2025-07-10 06:18:51.815849+00:00,2.2584876
2025-07-10 06:19:05.459328+00:00,2.2584874
2025-07-10 06:19:17.194781+00:00,2.2584877
2025-07-10 06:19:29.837096+00:00,2.2584872
2025-07-10 06:19:43.036651+00:00,2.258487
2025-07-10 06:19:54.662937+00:00,2.2584874
2025-07-10 06:20:07.401903+00:00,2.2584875
2025-07-10 06:20:20.092683+00:00,2.2584875
2025-07-10 06:20:35.625874+00:00,2.2584872
2025-07-10 06:20:44.734874+00:00,2.258488
2025-07-10 06:21:31.948834+00:00,2.2584877
2025-07-10 06:21:34.969830+00:00,2.2584883
2025-07-10 06:21:47.539640+00:00,2.2584875
2025-07-10 06:22:05.075083+00:00,2.2584871
2025-07-10 06:22:14.779194+00:00,2.2584872
2025-07-10 06:22:37.974188+00:00,2.2584876
2025-07-10 06:22:50.439242+00:00,2.2584879
2025-07-10 06:23:03.749241+00:00,2.2584873
2025-07-10 06:23:15.481222+00:00,2.2584877
2025-07-10 06:23:27.965870+00:00,2.2584874
2025-07-10 06:23:40.736814+00:00,2.2584873
2025-07-10 06:23:53.176596+00:00,2.2584872
2025-07-10 06:24:06.057991+00:00,2.2584876
2025-07-10 06:24:20.017130+00:00,2.2584872
2025-07-10 06:24:31.191048+00:00,2.2584874
2025-07-10 06:24:43.240943+00:00,2.2584874
2025-07-10 06:24:56.085358+00:00,2.2584874
2025-07-10 06:25:08.851174+00:00,2.2584876
2025-07-10 06:25:51.500907+00:00,2.2584877
2025-07-10 06:26:00.772787+00:00,2.2584877
2025-07-10 06:26:33.327553+00:00,2.2584876
2025-07-10 06:26:40.211974+00:00,2.2584871
2025-07-10 06:26:56.086832+00:00,2.2584881
2025-07-10 06:27:06.279279+00:00,2.2584869
2025-07-10 06:27:18.974982+00:00,2.2584873
2025-07-10 06:27:32.299775+00:00,2.2584871
2025-07-10 06:28:48.332739+00:00,2.258487
2025-07-10 06:29:01.054744+00:00,2.2584872
2025-07-10 06:29:13.589547+00:00,2.2584878
2025-07-10 06:29:43.955710+00:00,2.2584874
2025-07-10 06:29:50.956573+00:00,2.2584873
2025-07-10 06:30:03.769408+00:00,2.2584873
2025-07-10 06:30:16.345881+00:00,2.2584878
2025-07-10 06:30:28.443589+00:00,2.2584874
2025-07-10 06:30:42.821960+00:00,2.2584877
2025-07-10 06:30:53.406335+00:00,2.2584877
2025-07-10 06:31:06.495354+00:00,2.2584879
2025-07-10 06:31:19.235471+00:00,2.2584871
2025-07-10 06:31:31.719803+00:00,2.2584872
2025-07-10 06:31:44.528786+00:00,2.2584876
2025-07-10 06:31:56.719958+00:00,2.2584876
2025-07-10 06:32:09.652753+00:00,2.2584871
2025-07-10 06:32:22.040581+00:00,2.2584877
2025-07-10 06:33:00.067920+00:00,2.2584877
2025-07-10 06:33:13.198395+00:00,2.2584876
2025-07-10 06:33:25.107023+00:00,2.2584872
2025-07-10 06:33:40.566492+00:00,2.2584871
2025-07-10 06:35:15.734564+00:00,2.2584871
2025-07-10 06:35:18.653761+00:00,2.2584872
2025-07-10 06:35:31.960594+00:00,2.258488
2025-07-10 06:35:44.299628+00:00,2.2584871
2025-07-10 06:36:38.313235+00:00,2.2584873
2025-07-10 06:36:49.542910+00:00,2.2584879
2025-07-10 06:37:05.570223+00:00,2.2584878
2025-07-10 06:37:28.222596+00:00,2.2584873
2025-07-10 06:37:41.035145+00:00,2.2584875
2025-07-10 06:37:53.813411+00:00,2.2584871
2025-07-10 06:38:07.280666+00:00,2.2584878
2025-07-10 06:38:20.144845+00:00,2.2584874
2025-07-10 06:38:33.114045+00:00,2.2584875
2025-07-10 06:38:45.308024+00:00,2.2584871
2025-07-10 06:38:58.362075+00:00,2.2584876
2025-07-10 06:39:12.012441+00:00,2.258487
2025-07-10 06:39:24.659712+00:00,2.2584879
2025-07-10 06:40:25.054566+00:00,2.2584871
2025-07-10 06:40:50.369566+00:00,2.2584876
2025-07-10 06:41:11.956287+00:00,2.2584877
2025-07-10 06:41:18.420409+00:00,2.2584878
2025-07-10 06:41:28.399585+00:00,2.2584877
2025-07-10 06:41:40.934813+00:00,2.2584877
2025-07-10 06:41:53.425778+00:00,2.2584876
2025-07-10 06:42:06.587633+00:00,2.2584871
2025-07-10 06:42:18.952533+00:00,2.2584872
2025-07-10 06:42:31.317088+00:00,2.258487
2025-07-10 06:42:43.705661+00:00,2.2584879
2025-07-10 06:42:56.395166+00:00,2.2584871
2025-07-10 06:43:09.772627+00:00,2.2584878
2025-07-10 06:43:21.606649+00:00,2.2584874
2025-07-10 06:43:34.522663+00:00,2.2584877
2025-07-10 06:43:47.185936+00:00,2.2584869
2025-07-10 06:43:59.621837+00:00,2.258488
2025-07-10 06:44:13.331031+00:00,2.258488
2025-07-10 06:44:33.364441+00:00,2.2584877
2025-07-10 06:44:38.233514+00:00,2.2584873
2025-07-10 06:45:07.304763+00:00,2.2584875
2025-07-10 06:45:47.328560+00:00,2.2584863
2025-07-10 06:45:56.662335+00:00,2.2584871
2025-07-10 06:46:10.445413+00:00,2.2584873
2025-07-10 06:46:22.960321+00:00,2.2584875
2025-07-10 06:46:35.032808+00:00,2.2584873
2025-07-10 06:46:48.717476+00:00,2.2584881
2025-07-10 06:47:02.829374+00:00,2.2584871
2025-07-10 06:47:14.361633+00:00,2.2584872
2025-07-10 06:47:26.778872+00:00,2.2584879
2025-07-10 06:47:39.727021+00:00,2.2584877
2025-07-10 06:47:52.743736+00:00,2.2584871
2025-07-10 06:48:05.246204+00:00,2.2584879
2025-07-10 06:48:30.058556+00:00,2.2584873
2025-07-10 06:48:42.307571+00:00,2.2584871
2025-07-10 06:48:55.553873+00:00,2.2584872
2025-07-10 06:49:10.607917+00:00,2.2584878
2025-07-10 06:49:19.725463+00:00,2.2584873
2025-07-10 06:49:32.857401+00:00,2.2584875
2025-07-10 06:49:44.728268+00:00,2.2584879
2025-07-10 06:49:57.687849+00:00,2.2584875
2025-07-10 06:50:10.931328+00:00,2.2584872
2025-07-10 06:50:23.178542+00:00,2.2584878
2025-07-10 06:50:36.235768+00:00,2.2584874
2025-07-10 06:50:48.571840+00:00,2.2584872
2025-07-10 06:51:01.539353+00:00,2.2584868
2025-07-10 06:51:12.992296+00:00,2.2584874
2025-07-10 06:51:25.673265+00:00,2.2584874
2025-07-10 06:51:40.611295+00:00,2.2584871
2025-07-10 06:51:53.606900+00:00,2.2584875
2025-07-10 06:52:03.469071+00:00,2.2584875
2025-07-10 06:52:16.385101+00:00,2.2584877
2025-07-10 06:52:28.509071+00:00,2.2584873
2025-07-10 06:52:41.342894+00:00,2.258487
2025-07-10 06:52:58.600012+00:00,2.2584876
2025-07-10 06:53:08.077559+00:00,2.2584879
2025-07-10 06:53:44.513771+00:00,2.2584875
2025-07-10 06:57:24.202536+00:00,2.2584874
2025-07-10 06:57:36.810072+00:00,2.2584867
2025-07-10 06:57:49.005818+00:00,2.258487
2025-07-10 06:58:01.337464+00:00,2.2584874
2025-07-10 06:58:13.735224+00:00,2.2584875
2025-07-10 06:58:26.178189+00:00,2.2584877
2025-07-10 06:58:38.571820+00:00,2.258487
2025-07-10 06:58:56.827364+00:00,2.2584872
2025-07-10 06:59:03.694561+00:00,2.2584877
2025-07-10 06:59:16.366757+00:00,2.2584873
2025-07-10 06:59:29.154230+00:00,2.258487
2025-07-10 06:59:41.794728+00:00,2.2584874
2025-07-10 07:00:02.615388+00:00,2.2584874
2025-07-10 07:00:08.357431+00:00,2.2584875
2025-07-10 07:00:21.324789+00:00,2.2584871
2025-07-10 07:00:33.172069+00:00,2.2584871
2025-07-10 07:00:57.441853+00:00,2.2584874
2025-07-10 07:01:10.404853+00:00,2.2584877
2025-07-10 07:01:22.526303+00:00,2.2584879
2025-07-10 07:01:35.224492+00:00,2.2584871
2025-07-10 07:02:00.172480+00:00,2.258488
2025-07-10 07:02:13.331388+00:00,2.2584877
2025-07-10 07:02:25.460906+00:00,2.2584878
2025-07-10 07:02:38.168109+00:00,2.258487
2025-07-10 07:02:52.728862+00:00,2.2584876
2025-07-10 07:03:04.886715+00:00,2.2584871
2025-07-10 07:03:17.373407+00:00,2.2584874
2025-07-10 07:03:30.437140+00:00,2.2584876
2025-07-10 07:03:43.212960+00:00,2.2584876
2025-07-10 07:03:56.613600+00:00,2.2584878
2025-07-10 07:04:11.461500+00:00,2.258488
2025-07-10 07:04:23.827573+00:00,2.258487
2025-07-10 07:04:35.243965+00:00,2.2584869
2025-07-10 07:04:48.551219+00:00,2.2584869
2025-07-10 07:05:01.566886+00:00,2.2584876
2025-07-10 07:05:14.427576+00:00,2.2584879
2025-07-10 07:05:27.142321+00:00,2.2584875
2025-07-10 07:05:40.026420+00:00,2.2584875
2025-07-10 07:05:52.734459+00:00,2.258487
2025-07-10 07:06:05.309203+00:00,2.2584871
2025-07-10 07:06:17.926043+00:00,2.2584877
2025-07-10 07:06:32.015924+00:00,2.2584866
2025-07-10 07:06:43.895745+00:00,2.2584874
2025-07-10 07:06:55.075985+00:00,2.2584874
2025-07-10 07:07:07.929477+00:00,2.2584878
2025-07-10 07:07:20.754669+00:00,2.2584867
2025-07-10 07:07:32.621046+00:00,2.2584878
2025-07-10 07:07:45.006688+00:00,2.2584877
2025-07-10 07:07:57.488155+00:00,2.2584876
2025-07-10 07:08:29.582505+00:00,2.2584872
2025-07-10 07:08:35.338373+00:00,2.2584877
2025-07-10 07:08:48.654365+00:00,2.2584875
2025-07-10 07:09:01.032043+00:00,2.2584877
2025-07-10 07:09:14.514295+00:00,2.2584868
2025-07-10 07:09:39.899837+00:00,2.2584873
2025-07-10 07:09:51.548577+00:00,2.2584875
2025-07-10 07:10:04.059855+00:00,2.258487
2025-07-10 07:10:16.691845+00:00,2.2584873
2025-07-10 07:10:30.546263+00:00,2.2584884
2025-07-10 07:10:42.223573+00:00,2.2584874
2025-07-10 07:10:58.564332+00:00,2.2584877
2025-07-10 07:11:14.139761+00:00,2.2584871
2025-07-10 07:11:19.879150+00:00,2.2584876
2025-07-10 07:11:35.312409+00:00,2.2584874
2025-07-10 07:11:45.428787+00:00,2.2584872
2025-07-10 07:11:58.519261+00:00,2.2584869
2025-07-10 07:12:12.002021+00:00,2.2584873
2025-07-10 07:12:24.288186+00:00,2.2584876
2025-07-10 07:12:37.454507+00:00,2.2584866
2025-07-10 07:12:50.662177+00:00,2.258487
2025-07-10 07:13:03.849462+00:00,2.2584872
2025-07-10 07:13:16.986657+00:00,2.2584872
2025-07-10 07:13:36.478341+00:00,2.2584868
2025-07-10 07:13:42.764022+00:00,2.2584877
2025-07-10 07:14:54.037008+00:00,2.2584867
2025-07-10 07:15:12.140199+00:00,2.2584873
2025-07-10 07:16:01.539347+00:00,2.258488
2025-07-10 07:16:26.689879+00:00,2.2584875
2025-07-10 07:16:39.237694+00:00,2.2584871
2025-07-10 07:16:51.254859+00:00,2.258487
2025-07-10 07:17:04.060279+00:00,2.2584868
2025-07-10 07:17:35.385031+00:00,2.2584873
2025-07-10 07:17:46.957842+00:00,2.2584872
2025-07-10 07:17:54.366483+00:00,2.2584876
2025-07-10 07:18:07.348109+00:00,2.2584874
2025-07-10 07:18:21.280270+00:00,2.2584872
2025-07-10 07:18:32.608969+00:00,2.2584869
2025-07-10 07:18:45.837114+00:00,2.2584876
2025-07-10 07:19:01.085665+00:00,2.2584867
2025-07-10 07:19:10.773815+00:00,2.2584878
2025-07-10 07:20:00.362634+00:00,2.2584876
2025-07-10 07:20:12.696795+00:00,2.2584875
2025-07-10 07:20:51.516117+00:00,2.2584873
2025-07-10 07:21:04.081055+00:00,2.2584865
2025-07-10 07:21:17.260902+00:00,2.2584873
2025-07-10 07:21:29.768327+00:00,2.2584869
2025-07-10 07:21:43.090670+00:00,2.258487
2025-07-10 07:22:02.742084+00:00,2.2584875
2025-07-10 07:22:09.885834+00:00,2.2584873
2025-07-10 07:22:22.527532+00:00,2.2584872
2025-07-10 07:22:35.204417+00:00,2.2584872
2025-07-10 07:22:48.351959+00:00,2.2584874
2025-07-10 07:23:16.586485+00:00,2.2584879
2025-07-10 07:23:27.241677+00:00,2.2584871
2025-07-10 07:23:39.774808+00:00,2.2584874
2025-07-10 07:23:52.615207+00:00,2.258487
2025-07-10 07:24:06.375790+00:00,2.2584876
2025-07-10 07:24:18.580440+00:00,2.2584876
2025-07-10 07:25:07.707043+00:00,2.2584871
2025-07-10 07:25:20.677237+00:00,2.2584878
2025-07-10 07:25:33.106304+00:00,2.2584872
2025-07-10 07:25:45.955507+00:00,2.2584868
2025-07-10 07:25:58.229331+00:00,2.2584869
2025-07-10 07:26:11.391722+00:00,2.2584879
2025-07-10 07:26:23.262069+00:00,2.2584872
2025-07-10 07:26:35.799422+00:00,2.2584871
2025-07-10 07:26:48.383192+00:00,2.2584871
2025-07-10 07:27:01.752975+00:00,2.2584874
2025-07-10 07:27:13.662941+00:00,2.2584869
2025-07-10 07:27:42.620851+00:00,2.2584875
2025-07-10 07:27:51.829172+00:00,2.2584876
2025-07-10 07:28:04.940694+00:00,2.2584872
2025-07-10 07:28:17.477820+00:00,2.2584867
2025-07-10 07:28:37.809189+00:00,2.2584869
2025-07-10 07:28:54.769353+00:00,2.2584869
2025-07-10 07:29:07.683947+00:00,2.2584875
2025-07-10 07:29:51.808617+00:00,2.2584874
2025-07-10 07:29:56.835168+00:00,2.2584871
2025-07-10 07:30:22.803193+00:00,2.258487
2025-07-10 07:31:34.673130+00:00,2.2584867
2025-07-10 07:31:40.340103+00:00,2.2584875
2025-07-10 07:31:53.365647+00:00,2.2584875
2025-07-10 07:32:06.813870+00:00,2.258488
2025-07-10 07:32:19.260105+00:00,2.258487
2025-07-10 07:32:32.969529+00:00,2.2584873
2025-07-10 07:32:44.961437+00:00,2.2584875
2025-07-10 07:32:57.580425+00:00,2.2584873
2025-07-10 07:33:11.151477+00:00,2.258487
2025-07-10 07:33:23.678867+00:00,2.2584873
2025-07-10 07:33:36.171521+00:00,2.2584874
2025-07-10 07:33:49.005053+00:00,2.2584872
2025-07-10 07:34:02.049565+00:00,2.2584872
2025-07-10 07:34:16.224449+00:00,2.2584871
2025-07-10 07:34:27.348497+00:00,2.2584875
2025-07-10 07:34:39.311193+00:00,2.2584874
2025-07-10 07:34:52.820151+00:00,2.2584869
2025-07-10 07:35:04.381308+00:00,2.2584875
2025-07-10 07:35:17.194999+00:00,2.2584873
2025-07-10 07:35:31.163942+00:00,2.2584877
2025-07-10 07:35:42.213720+00:00,2.2584876
2025-07-10 07:35:54.456546+00:00,2.2584874
2025-07-10 07:36:07.086918+00:00,2.2584873
2025-07-10 07:36:19.465267+00:00,2.2584871
2025-07-10 07:36:32.950813+00:00,2.2584876
2025-07-10 07:36:44.498758+00:00,2.2584879
2025-07-10 07:36:57.097126+00:00,2.2584869
2025-07-10 07:37:10.230793+00:00,2.2584872
2025-07-10 07:37:23.024981+00:00,2.2584871
2025-07-10 07:37:35.935411+00:00,2.2584871
2025-07-10 07:37:48.428801+00:00,2.2584878
2025-07-10 07:38:00.929205+00:00,2.2584878
2025-07-10 07:38:13.699993+00:00,2.2584878
2025-07-10 07:38:25.770561+00:00,2.2584875
2025-07-10 07:38:38.777771+00:00,2.258487
2025-07-10 07:38:51.140563+00:00,2.2584874
2025-07-10 07:39:04.185120+00:00,2.2584871
2025-07-10 07:39:17.388198+00:00,2.2584869
2025-07-10 07:39:29.011694+00:00,2.2584875
2025-07-10 07:39:41.883781+00:00,2.2584875
2025-07-10 07:39:58.629342+00:00,2.258488
2025-07-10 07:40:10.501440+00:00,2.2584872
2025-07-10 07:40:23.859997+00:00,2.2584876
2025-07-10 07:40:33.128562+00:00,2.2584878
2025-07-10 07:40:50.131759+00:00,2.258487
2025-07-10 07:40:59.470500+00:00,2.2584881
2025-07-10 07:41:12.427042+00:00,2.2584876
2025-07-10 07:41:40.212273+00:00,2.2584872
2025-07-10 07:41:59.217998+00:00,2.2584871
2025-07-10 07:42:04.692007+00:00,2.2584878
2025-07-10 07:42:59.722294+00:00,2.258487
2025-07-10 07:43:08.679362+00:00,2.2584877
2025-07-10 07:43:21.355188+00:00,2.258487
2025-07-10 07:44:04.478190+00:00,2.2584872
2025-07-10 07:44:12.034813+00:00,2.2584876
2025-07-10 07:44:24.040954+00:00,2.2584873
2025-07-10 07:44:36.448922+00:00,2.2584879
2025-07-10 07:44:49.756380+00:00,2.2584875
2025-07-10 07:45:01.869562+00:00,2.258487
2025-07-10 07:45:15.500080+00:00,2.2584867
2025-07-10 07:45:27.274240+00:00,2.258487
2025-07-10 07:45:40.014999+00:00,2.2584871
2025-07-10 07:45:51.983318+00:00,2.2584869
2025-07-10 07:46:05.817923+00:00,2.2584875
2025-07-10 07:46:21.135703+00:00,2.2584876
2025-07-10 07:46:31.695989+00:00,2.2584866
2025-07-10 07:46:44.653593+00:00,2.2584875
2025-07-10 07:46:59.373337+00:00,2.2584874
2025-07-10 07:47:08.889124+00:00,2.2584869
2025-07-10 07:47:20.967846+00:00,2.2584871
2025-07-10 07:47:34.630758+00:00,2.2584877
2025-07-10 07:47:46.736927+00:00,2.2584872
2025-07-10 07:47:58.437354+00:00,2.2584872
2025-07-10 07:48:12.135353+00:00,2.2584875
2025-07-10 07:48:25.006320+00:00,2.2584871
2025-07-10 07:48:37.426682+00:00,2.258487
2025-07-10 07:48:52.177341+00:00,2.2584872
2025-07-10 07:49:13.867815+00:00,2.258488
2025-07-10 07:49:16.292550+00:00,2.2584873
2025-07-10 07:49:28.736647+00:00,2.2584871
2025-07-10 07:49:41.514232+00:00,2.2584881
2025-07-10 07:49:54.758921+00:00,2.2584874
2025-07-10 07:50:08.808359+00:00,2.2584872
2025-07-10 07:50:23.734280+00:00,2.2584878
2025-07-10 07:50:34.641903+00:00,2.2584876
2025-07-10 07:50:47.495723+00:00,2.2584879
2025-07-10 07:51:03.716378+00:00,2.2584871
2025-07-10 07:51:39.151927+00:00,2.2584867
2025-07-10 07:52:05.069925+00:00,2.2584871
2025-07-10 07:52:18.610986+00:00,2.2584873
2025-07-10 07:52:30.664282+00:00,2.2584869
2025-07-10 07:52:43.340724+00:00,2.2584874
2025-07-10 07:53:09.540588+00:00,2.2584871
2025-07-10 07:53:22.914516+00:00,2.2584871
2025-07-10 07:53:41.873952+00:00,2.2584877
2025-07-10 07:53:45.747687+00:00,2.2584868
2025-07-10 07:53:58.409370+00:00,2.2584872
2025-07-10 07:54:10.808484+00:00,2.2584872
2025-07-10 07:54:23.954303+00:00,2.2584872
2025-07-10 07:54:35.638732+00:00,2.2584872
2025-07-10 07:54:48.523700+00:00,2.2584875
2025-07-10 07:55:00.672028+00:00,2.2584875
2025-07-10 07:55:13.660525+00:00,2.2584869
2025-07-10 07:55:27.766406+00:00,2.2584873
2025-07-10 07:56:57.509804+00:00,2.2584877
2025-07-10 07:57:07.627003+00:00,2.258487
2025-07-10 07:57:19.585147+00:00,2.2584867
2025-07-10 07:57:32.548550+00:00,2.2584873
2025-07-10 07:57:43.991163+00:00,2.2584869
2025-07-10 07:58:00.479369+00:00,2.2584874
2025-07-10 07:58:09.633906+00:00,2.2584876
2025-07-10 07:58:23.243938+00:00,2.2584874
2025-07-10 07:58:38.333508+00:00,2.2584878
2025-07-10 07:58:48.126323+00:00,2.2584878
2025-07-10 07:59:01.219040+00:00,2.258487
2025-07-10 07:59:13.908741+00:00,2.2584875
2025-07-10 07:59:27.530546+00:00,2.2584875
2025-07-10 07:59:40.339184+00:00,2.258487
2025-07-10 07:59:53.631546+00:00,2.2584869
2025-07-10 08:00:06.976988+00:00,2.2584875
2025-07-10 08:00:21.453006+00:00,2.2584874
2025-07-10 08:00:36.589542+00:00,2.2584873
2025-07-10 08:00:45.334151+00:00,2.2584872
2025-07-10 08:01:00.502879+00:00,2.2584871
2025-07-10 08:01:11.067305+00:00,2.2584873
2025-07-10 08:01:23.854497+00:00,2.2584874
2025-07-10 08:01:38.720537+00:00,2.2584867
2025-07-10 08:01:52.639832+00:00,2.2584879
2025-07-10 08:02:02.348727+00:00,2.258487
2025-07-10 08:02:19.014136+00:00,2.2584876
2025-07-10 08:02:27.409295+00:00,2.258487
2025-07-10 08:02:39.687256+00:00,2.2584874
2025-07-10 08:02:52.060070+00:00,2.2584864
2025-07-10 08:03:05.929434+00:00,2.2584873
2025-07-10 08:03:17.005960+00:00,2.2584875
2025-07-10 08:03:29.227460+00:00,2.2584876
2025-07-10 08:03:41.826683+00:00,2.2584873
2025-07-10 08:06:00.223397+00:00,2.2584877
2025-07-10 08:06:13.032895+00:00,2.258487
2025-07-10 08:06:25.022306+00:00,2.2584877
2025-07-10 08:06:37.631183+00:00,2.2584873
2025-07-10 08:06:50.229184+00:00,2.2584868
2025-07-10 08:07:03.258000+00:00,2.2584871
2025-07-10 08:07:15.345939+00:00,2.2584876
2025-07-10 08:07:27.960341+00:00,2.2584876
2025-07-10 08:07:40.452524+00:00,2.2584873
2025-07-10 08:07:53.368899+00:00,2.2584869
2025-07-10 08:08:20.094790+00:00,2.2584869
2025-07-10 08:08:32.712991+00:00,2.2584872
2025-07-10 08:08:46.038645+00:00,2.258487
2025-07-10 08:08:58.713257+00:00,2.2584872
2025-07-10 08:09:12.193099+00:00,2.2584874
2025-07-10 08:09:24.483587+00:00,2.2584877
2025-07-10 08:09:37.751071+00:00,2.2584873
2025-07-10 08:09:50.633615+00:00,2.2584874
2025-07-10 08:10:03.877927+00:00,2.2584876
2025-07-10 08:10:18.098633+00:00,2.2584875
2025-07-10 08:10:29.029219+00:00,2.2584868
2025-07-10 08:10:42.613135+00:00,2.2584874
2025-07-10 08:10:54.883942+00:00,2.2584875
2025-07-10 08:11:33.274669+00:00,2.2584872
2025-07-10 08:11:58.356923+00:00,2.2584872
2025-07-10 08:12:18.217444+00:00,2.2584874
2025-07-10 08:12:36.553005+00:00,2.2584874
2025-07-10 08:12:48.066207+00:00,2.2584873
2025-07-10 08:13:00.272593+00:00,2.2584877
2025-07-10 08:13:13.572645+00:00,2.2584868
2025-07-10 08:14:03.877204+00:00,2.2584877
2025-07-10 08:14:28.833304+00:00,2.258487
2025-07-10 08:14:41.421143+00:00,2.2584874
2025-07-10 08:14:54.025759+00:00,2.2584874
2025-07-10 08:15:31.677895+00:00,2.2584875
2025-07-10 08:15:43.905637+00:00,2.2584877
2025-07-10 08:15:56.368350+00:00,2.2584876
2025-07-10 08:16:10.977363+00:00,2.2584868
2025-07-10 08:16:34.375261+00:00,2.2584872
2025-07-10 08:16:47.260258+00:00,2.258487
2025-07-10 08:17:00.988796+00:00,2.258487
2025-07-10 08:17:13.344977+00:00,2.2584874
2025-07-10 08:17:25.571627+00:00,2.2584875
2025-07-10 08:17:38.533448+00:00,2.2584876
2025-07-10 08:17:52.098415+00:00,2.2584869
2025-07-10 08:18:08.825774+00:00,2.2584877
2025-07-10 08:18:18.089087+00:00,2.2584872
2025-07-10 08:18:32.466213+00:00,2.2584868
2025-07-10 08:19:20.441826+00:00,2.2584869
2025-07-10 08:19:22.706467+00:00,2.2584869
2025-07-10 08:19:35.731553+00:00,2.2584877
2025-07-10 08:19:48.927476+00:00,2.2584872
2025-07-10 08:20:02.201309+00:00,2.2584873
2025-07-10 08:20:15.371283+00:00,2.2584878
2025-07-10 08:20:28.398193+00:00,2.2584869
2025-07-10 08:20:40.789882+00:00,2.2584875
2025-07-10 08:20:52.919599+00:00,2.2584867
2025-07-10 08:21:05.511262+00:00,2.258487
2025-07-10 08:21:36.986436+00:00,2.258487
2025-07-10 08:21:55.060808+00:00,2.2584867
2025-07-10 08:22:07.443572+00:00,2.258487
2025-07-10 08:22:20.144544+00:00,2.2584878
2025-07-10 08:22:33.891525+00:00,2.2584874
2025-07-10 08:22:46.305052+00:00,2.2584871
2025-07-10 08:22:58.061506+00:00,2.2584869
2025-07-10 08:23:11.223506+00:00,2.2584869
2025-07-10 08:23:23.640448+00:00,2.2584867
2025-07-10 08:23:36.880968+00:00,2.2584871
2025-07-10 08:23:48.691864+00:00,2.2584869
2025-07-10 08:24:01.598509+00:00,2.2584872
2025-07-10 08:24:13.825775+00:00,2.2584875
2025-07-10 08:24:26.152561+00:00,2.2584868
2025-07-10 08:24:39.173883+00:00,2.2584871
2025-07-10 08:24:51.284725+00:00,2.2584868
2025-07-10 08:25:04.313414+00:00,2.2584868
2025-07-10 08:25:17.231355+00:00,2.2584869
2025-07-10 08:25:29.589012+00:00,2.2584875
2025-07-10 08:26:11.554428+00:00,2.2584874
2025-07-10 08:26:20.262678+00:00,2.2584875
2025-07-10 08:26:33.658070+00:00,2.2584872
2025-07-10 08:26:47.621720+00:00,2.2584873
2025-07-10 08:27:00.093309+00:00,2.2584882
2025-07-10 08:27:12.779384+00:00,2.2584873
2025-07-10 08:27:25.940933+00:00,2.2584869
2025-07-10 08:27:38.826798+00:00,2.2584867
2025-07-10 08:27:51.523803+00:00,2.2584873
2025-07-10 08:28:06.960231+00:00,2.2584867
2025-07-10 08:28:24.755463+00:00,2.2584871
2025-07-10 08:28:56.851742+00:00,2.2584875
2025-07-10 08:29:09.260306+00:00,2.2584875
2025-07-10 08:29:22.557126+00:00,2.2584868
2025-07-10 08:29:34.626076+00:00,2.258487
2025-07-10 08:29:47.445116+00:00,2.2584879
2025-07-10 08:29:59.730136+00:00,2.2584877
2025-07-10 08:30:35.149286+00:00,2.2584872
2025-07-10 08:31:22.333049+00:00,2.2584874
2025-07-10 08:31:27.189920+00:00,2.2584879
2025-07-10 08:32:13.582260+00:00,2.2584877
2025-07-10 08:32:34.605913+00:00,2.2584868
2025-07-10 08:32:44.716864+00:00,2.2584869
2025-07-10 08:32:55.624333+00:00,2.2584876
2025-07-10 08:33:14.548310+00:00,2.2584874
2025-07-10 08:33:23.096726+00:00,2.2584875
2025-07-10 08:33:51.997750+00:00,2.2584876
2025-07-10 08:33:58.360243+00:00,2.2584877
2025-07-10 08:34:31.673725+00:00,2.2584873
2025-07-10 08:34:39.988638+00:00,2.2584871
2025-07-10 08:34:54.614937+00:00,2.2584878
2025-07-10 08:35:02.573899+00:00,2.2584879
2025-07-10 08:35:14.063897+00:00,2.2584879
2025-07-10 08:35:32.063039+00:00,2.2584873
2025-07-10 08:35:39.787661+00:00,2.2584868
2025-07-10 08:35:52.786464+00:00,2.258487
2025-07-10 08:36:06.086110+00:00,2.2584868
2025-07-10 08:36:19.095801+00:00,2.2584875
2025-07-10 08:36:32.538058+00:00,2.2584873
2025-07-10 08:36:45.785412+00:00,2.2584872
2025-07-10 08:36:58.201852+00:00,2.2584872
2025-07-10 08:37:12.536161+00:00,2.2584876
2025-07-10 08:37:26.037161+00:00,2.2584876
2025-07-10 08:37:37.160595+00:00,2.2584872
2025-07-10 08:37:50.084802+00:00,2.258487
2025-07-10 08:38:03.111280+00:00,2.258487
2025-07-10 08:38:16.425835+00:00,2.2584869
2025-07-10 08:38:28.768995+00:00,2.2584868
2025-07-10 08:38:41.477231+00:00,2.2584877
2025-07-10 08:38:54.567514+00:00,2.258487
2025-07-10 08:39:07.526902+00:00,2.2584873
2025-07-10 08:39:20.137221+00:00,2.2584873
2025-07-10 08:39:32.800286+00:00,2.2584869
2025-07-10 08:39:44.943780+00:00,2.2584867
2025-07-10 08:39:57.359600+00:00,2.2584875
2025-07-10 08:40:10.028787+00:00,2.2584874
2025-07-10 08:40:22.272898+00:00,2.2584874
2025-07-10 08:40:35.666239+00:00,2.2584874
2025-07-10 08:40:50.289918+00:00,2.2584874
2025-07-10 08:41:00.889823+00:00,2.2584877
2025-07-10 08:42:02.021478+00:00,2.2584876
2025-07-10 08:42:03.535945+00:00,2.2584871
2025-07-10 08:42:16.846233+00:00,2.2584868
2025-07-10 08:42:28.189523+00:00,2.2584865
2025-07-10 08:42:40.745245+00:00,2.2584872
2025-07-10 08:42:53.295829+00:00,2.2584875
2025-07-10 08:43:06.345142+00:00,2.2584876
2025-07-10 08:43:19.010285+00:00,2.2584874
2025-07-10 08:43:31.359909+00:00,2.2584877
2025-07-10 08:43:44.552074+00:00,2.2584869
2025-07-10 08:44:28.663432+00:00,2.2584872
2025-07-10 08:44:40.553111+00:00,2.2584874
2025-07-10 08:44:53.255709+00:00,2.2584876
2025-07-10 08:45:06.766009+00:00,2.2584877
2025-07-10 08:45:19.519266+00:00,2.2584871
2025-07-10 08:45:32.620892+00:00,2.2584875
2025-07-10 08:45:44.908712+00:00,2.2584879
2025-07-10 08:45:57.892773+00:00,2.2584872
2025-07-10 08:46:11.106156+00:00,2.2584873
2025-07-10 08:46:23.992004+00:00,2.2584874
2025-07-10 08:46:56.132986+00:00,2.2584873
2025-07-10 08:47:03.677836+00:00,2.2584871
2025-07-10 08:47:18.273475+00:00,2.2584877
2025-07-10 08:47:29.207676+00:00,2.2584876
2025-07-10 08:47:42.124794+00:00,2.2584872
2025-07-10 08:48:16.609941+00:00,2.2584868
2025-07-10 08:48:20.893421+00:00,2.2584878
2025-07-10 08:49:12.071700+00:00,2.2584878
2025-07-10 08:49:27.101076+00:00,2.2584871
2025-07-10 08:49:38.039534+00:00,2.2584874
2025-07-10 08:49:49.688406+00:00,2.2584872
2025-07-10 08:50:02.825754+00:00,2.258487
2025-07-10 08:50:15.268015+00:00,2.2584879
2025-07-10 08:50:28.026377+00:00,2.2584877
2025-07-10 08:50:40.289828+00:00,2.258488
2025-07-10 08:51:43.920193+00:00,2.2584875
2025-07-10 08:51:55.817820+00:00,2.2584872
2025-07-10 08:53:32.144876+00:00,2.2584873
2025-07-10 08:53:36.278911+00:00,2.2584875
2025-07-10 08:53:49.150493+00:00,2.258488
2025-07-10 08:54:01.922909+00:00,2.2584873
2025-07-10 08:54:14.548357+00:00,2.2584878
2025-07-10 08:54:27.229915+00:00,2.2584874
2025-07-10 08:54:45.507563+00:00,2.2584875
2025-07-10 08:55:06.459609+00:00,2.258487
2025-07-10 08:55:19.317352+00:00,2.2584876
2025-07-10 08:56:39.005335+00:00,2.2584879
2025-07-10 08:56:53.512746+00:00,2.2584875
2025-07-10 08:57:03.211733+00:00,2.2584879
2025-07-10 08:57:16.897500+00:00,2.2584874
2025-07-10 08:57:28.339097+00:00,2.2584875
2025-07-10 08:57:41.009623+00:00,2.2584876
2025-07-10 08:57:55.036589+00:00,2.2584874
2025-07-10 08:58:07.556490+00:00,2.2584872
2025-07-10 08:58:33.741251+00:00,2.2584877
2025-07-10 08:58:43.721922+00:00,2.2584878
2025-07-10 08:58:56.319946+00:00,2.2584881
2025-07-10 08:59:10.662507+00:00,2.2584874
2025-07-10 08:59:21.529346+00:00,2.2584875
2025-07-10 08:59:34.974353+00:00,2.2584867
2025-07-10 08:59:59.497434+00:00,2.258487
2025-07-10 09:00:25.115475+00:00,2.2584872
2025-07-10 09:00:37.354931+00:00,2.2584873
2025-07-10 09:00:49.678957+00:00,2.2584879
2025-07-10 09:01:02.532813+00:00,2.258488
2025-07-10 09:01:28.020371+00:00,2.2584875
2025-07-10 09:01:39.888023+00:00,2.2584879
2025-07-10 09:01:52.883867+00:00,2.2584874
2025-07-10 09:02:05.539918+00:00,2.2584869
2025-07-10 09:02:18.136320+00:00,2.2584877
2025-07-10 09:02:30.399122+00:00,2.2584874
2025-07-10 09:02:42.943256+00:00,2.2584879
2025-07-10 09:03:09.056959+00:00,2.2584878
2025-07-10 09:03:20.797762+00:00,2.2584873
2025-07-10 09:03:33.566212+00:00,2.2584874
2025-07-10 09:03:46.905568+00:00,2.2584876
2025-07-10 09:03:58.857178+00:00,2.2584872
2025-07-10 09:04:25.388442+00:00,2.2584873
2025-07-10 09:05:56.198008+00:00,2.2584873
2025-07-10 09:06:09.298696+00:00,2.2584878
2025-07-10 09:06:22.405546+00:00,2.2584871
2025-07-10 09:06:39.244544+00:00,2.2584871
2025-07-10 09:06:47.935066+00:00,2.2584877
2025-07-10 09:07:22.694874+00:00,2.2584876
2025-07-10 09:07:26.132444+00:00,2.2584873
2025-07-10 09:07:38.257966+00:00,2.2584873
2025-07-10 09:07:50.651404+00:00,2.258487
2025-07-10 09:08:02.998236+00:00,2.2584877
2025-07-10 09:08:16.393021+00:00,2.2584876
2025-07-10 09:08:29.046100+00:00,2.2584879
2025-07-10 09:08:40.595252+00:00,2.2584867
2025-07-10 09:08:53.473995+00:00,2.2584876
2025-07-10 09:09:06.093381+00:00,2.2584873
2025-07-10 09:09:18.634919+00:00,2.2584872
2025-07-10 09:09:32.151218+00:00,2.2584872
2025-07-10 09:09:44.613377+00:00,2.2584872
2025-07-10 09:09:57.548289+00:00,2.2584872
2025-07-10 09:10:11.290000+00:00,2.258488
2025-07-10 09:10:22.093248+00:00,2.2584869
2025-07-10 09:10:34.733935+00:00,2.258488
2025-07-10 09:11:11.062731+00:00,2.2584878
2025-07-10 09:11:30.695675+00:00,2.2584874
2025-07-10 09:11:36.963348+00:00,2.2584879
2025-07-10 09:11:49.879563+00:00,2.2584872
2025-07-10 09:12:27.503563+00:00,2.258487
2025-07-10 09:12:42.054879+00:00,2.2584873
2025-07-10 09:12:53.474209+00:00,2.2584878
2025-07-10 09:13:06.575520+00:00,2.258487
2025-07-10 09:13:19.664024+00:00,2.2584876
2025-07-10 09:13:33.215146+00:00,2.2584875
2025-07-10 09:13:46.269245+00:00,2.2584871
2025-07-10 09:13:59.200160+00:00,2.2584876
2025-07-10 09:14:12.710879+00:00,2.2584877
2025-07-10 09:14:24.959264+00:00,2.2584869
2025-07-10 09:14:38.084130+00:00,2.258487
2025-07-10 09:14:51.995742+00:00,2.258488
2025-07-10 09:15:03.987723+00:00,2.2584872
2025-07-10 09:15:17.229992+00:00,2.2584879
2025-07-10 09:15:29.500287+00:00,2.258488
2025-07-10 09:15:42.023544+00:00,2.2584878
2025-07-10 09:15:54.676254+00:00,2.2584873
2025-07-10 09:16:07.611090+00:00,2.2584872
2025-07-10 09:16:20.776962+00:00,2.2584873
2025-07-10 09:16:44.698770+00:00,2.2584877
2025-07-10 09:16:56.929113+00:00,2.2584874
2025-07-10 09:17:10.503986+00:00,2.2584873
2025-07-10 09:17:22.898522+00:00,2.2584877
2025-07-10 09:17:37.583798+00:00,2.2584878
2025-07-10 09:17:48.242942+00:00,2.2584878
2025-07-10 09:18:01.191539+00:00,2.2584869
2025-07-10 09:18:13.296130+00:00,2.2584872
2025-07-10 09:18:25.701398+00:00,2.2584872
2025-07-10 09:18:38.213751+00:00,2.2584876
2025-07-10 09:18:51.396459+00:00,2.2584874
2025-07-10 09:19:03.509783+00:00,2.2584875
2025-07-10 09:19:16.122493+00:00,2.2584873
2025-07-10 09:19:28.323194+00:00,2.2584878
2025-07-10 09:19:41.022933+00:00,2.2584874
2025-07-10 09:19:53.828273+00:00,2.2584874
2025-07-10 09:20:07.077439+00:00,2.2584874
2025-07-10 09:20:19.879693+00:00,2.2584878
2025-07-10 09:20:32.798482+00:00,2.2584875
2025-07-10 09:21:11.919743+00:00,2.2584874
2025-07-10 09:21:25.260717+00:00,2.258488
2025-07-10 09:21:55.019136+00:00,2.2584871
2025-07-10 09:22:10.848988+00:00,2.258488
2025-07-10 09:22:18.549892+00:00,2.2584878
2025-07-10 09:22:29.892160+00:00,2.2584874
2025-07-10 09:22:44.224724+00:00,2.2584873
2025-07-10 09:23:22.243823+00:00,2.2584876
2025-07-10 09:23:34.127012+00:00,2.2584878
2025-07-10 09:23:47.165986+00:00,2.2584877
2025-07-10 09:23:59.500038+00:00,2.2584866
2025-07-10 09:24:12.958141+00:00,2.2584875
2025-07-10 09:24:24.720873+00:00,2.258487
2025-07-10 09:24:37.232202+00:00,2.2584872
2025-07-10 09:24:49.790680+00:00,2.2584871
2025-07-10 09:25:02.914738+00:00,2.2584877
2025-07-10 09:25:22.654376+00:00,2.2584872
2025-07-10 09:25:28.238170+00:00,2.2584875
2025-07-10 09:25:53.038245+00:00,2.2584871
2025-07-10 09:26:06.595666+00:00,2.2584877
2025-07-10 09:26:31.276025+00:00,2.2584873
2025-07-10 09:26:44.154746+00:00,2.2584869
2025-07-10 09:26:56.498656+00:00,2.2584873
2025-07-10 09:27:09.503649+00:00,2.2584878
2025-07-10 09:27:21.944357+00:00,2.2584876
2025-07-10 09:27:34.242132+00:00,2.2584879
2025-07-10 09:27:46.945189+00:00,2.2584876
2025-07-10 09:27:59.635097+00:00,2.2584878
2025-07-10 09:28:12.316218+00:00,2.258487
2025-07-10 09:28:29.230140+00:00,2.2584881
2025-07-10 09:28:49.696311+00:00,2.2584871
2025-07-10 09:29:03.953470+00:00,2.2584872
2025-07-10 09:29:15.749485+00:00,2.2584875
2025-07-10 09:29:28.459998+00:00,2.2584876
2025-07-10 09:29:40.690732+00:00,2.2584876
2025-07-10 09:29:54.950289+00:00,2.2584872
2025-07-10 09:30:06.822108+00:00,2.2584875
2025-07-10 09:30:19.857379+00:00,2.2584874
2025-07-10 09:30:33.306660+00:00,2.2584872
2025-07-10 09:30:45.907559+00:00,2.258487
2025-07-10 09:30:59.104944+00:00,2.2584871
2025-07-10 09:31:11.946918+00:00,2.258487
2025-07-10 09:31:26.890134+00:00,2.258487
2025-07-10 09:31:37.590199+00:00,2.2584874
2025-07-10 09:32:13.115688+00:00,2.2584875
2025-07-10 09:32:16.766780+00:00,2.258487
2025-07-10 09:32:29.779566+00:00,2.2584879
2025-07-10 09:32:41.856873+00:00,2.2584881
2025-07-10 09:32:55.546664+00:00,2.2584873
2025-07-10 09:33:09.738921+00:00,2.2584874
2025-07-10 09:33:19.848768+00:00,2.2584877
2025-07-10 09:33:32.920044+00:00,2.258487
2025-07-10 09:33:47.142467+00:00,2.2584879
2025-07-10 09:33:57.482676+00:00,2.258488
2025-07-10 09:34:11.074402+00:00,2.2584871
2025-07-10 09:34:22.791940+00:00,2.2584876
2025-07-10 09:34:36.728645+00:00,2.2584874
2025-07-10 09:34:48.675706+00:00,2.2584871
2025-07-10 09:35:01.031783+00:00,2.2584875
2025-07-10 09:35:14.016220+00:00,2.2584873
2025-07-10 09:35:26.274495+00:00,2.2584873
2025-07-10 09:35:38.569617+00:00,2.2584877
2025-07-10 09:35:50.937293+00:00,2.2584874
2025-07-10 09:36:04.130268+00:00,2.2584878
2025-07-10 09:36:28.971107+00:00,2.2584872
2025-07-10 09:36:55.702100+00:00,2.2584879
2025-07-10 09:37:06.472775+00:00,2.2584876
2025-07-10 09:37:18.946639+00:00,2.2584869
2025-07-10 09:37:32.684632+00:00,2.2584872
2025-07-10 09:37:48.004023+00:00,2.2584873
2025-07-10 09:37:57.517337+00:00,2.258487
2025-07-10 09:38:10.743556+00:00,2.2584872
2025-07-10 09:38:23.941302+00:00,2.2584876
2025-07-10 09:38:36.799747+00:00,2.2584877
2025-07-10 09:38:49.880576+00:00,2.2584871
2025-07-10 09:39:03.301831+00:00,2.258487
2025-07-10 09:39:22.278591+00:00,2.258488
2025-07-10 09:39:29.667047+00:00,2.2584873
2025-07-10 09:39:42.416553+00:00,2.258487
2025-07-10 09:39:55.670575+00:00,2.2584871
2025-07-10 09:40:08.312814+00:00,2.2584871
2025-07-10 09:40:20.992870+00:00,2.2584877
2025-07-10 09:40:33.791746+00:00,2.2584877
2025-07-10 09:40:46.717629+00:00,2.2584878
2025-07-10 09:40:59.438585+00:00,2.2584871
2025-07-10 09:41:12.291997+00:00,2.2584876
2025-07-10 09:41:25.005699+00:00,2.2584874
2025-07-10 09:41:37.770274+00:00,2.2584873
2025-07-10 09:41:50.464821+00:00,2.2584872
2025-07-10 09:42:03.255540+00:00,2.2584879
2025-07-10 09:42:31.645226+00:00,2.2584878
2025-07-10 09:42:40.124652+00:00,2.2584875
2025-07-10 09:42:52.882212+00:00,2.258487
2025-07-10 09:43:05.531908+00:00,2.258487
2025-07-10 09:43:18.891517+00:00,2.2584868
2025-07-10 09:43:30.065448+00:00,2.2584873
2025-07-10 09:43:49.074270+00:00,2.2584879
2025-07-10 09:43:55.640600+00:00,2.2584878
2025-07-10 09:44:08.384511+00:00,2.2584873
2025-07-10 09:44:20.677116+00:00,2.2584869
2025-07-10 09:44:35.299429+00:00,2.2584872
2025-07-10 09:44:47.683880+00:00,2.2584878
2025-07-10 09:44:58.662696+00:00,2.2584876
2025-07-10 09:45:11.467856+00:00,2.2584872
2025-07-10 09:45:24.621896+00:00,2.2584876
2025-07-10 09:45:37.097146+00:00,2.2584879
2025-07-10 09:45:49.260405+00:00,2.2584878
2025-07-10 09:46:02.440791+00:00,2.2584878
2025-07-10 09:46:14.737849+00:00,2.2584873
2025-07-10 09:46:27.351805+00:00,2.2584879
2025-07-10 09:46:48.675715+00:00,2.2584872
2025-07-10 09:47:07.282440+00:00,2.258488
2025-07-10 09:47:30.324357+00:00,2.2584874
2025-07-10 09:47:44.661366+00:00,2.2584872
2025-07-10 09:47:56.192228+00:00,2.2584871
2025-07-10 09:48:09.772124+00:00,2.2584877
2025-07-10 09:48:22.158825+00:00,2.2584873
2025-07-10 09:48:35.633838+00:00,2.2584876
2025-07-10 09:48:48.090114+00:00,2.258487
2025-07-10 09:49:01.103382+00:00,2.2584874
2025-07-10 09:49:13.957675+00:00,2.258488
2025-07-10 09:49:27.086483+00:00,2.2584872
2025-07-10 09:49:39.841081+00:00,2.2584879
2025-07-10 09:49:53.057529+00:00,2.2584874
2025-07-10 09:50:06.338834+00:00,2.2584871
2025-07-10 09:50:19.300653+00:00,2.2584873
2025-07-10 09:50:31.835949+00:00,2.2584871
2025-07-10 09:50:45.270923+00:00,2.258487
2025-07-10 09:50:57.271900+00:00,2.2584878
2025-07-10 09:51:10.791394+00:00,2.2584878
2025-07-10 09:51:24.249618+00:00,2.2584868
2025-07-10 09:51:35.413283+00:00,2.2584875
2025-07-10 09:51:48.274297+00:00,2.2584877
2025-07-10 09:52:01.174005+00:00,2.258487
2025-07-10 09:52:12.961644+00:00,2.2584872
2025-07-10 09:52:27.438970+00:00,2.258487
2025-07-10 09:52:38.307641+00:00,2.2584874
2025-07-10 09:52:50.990232+00:00,2.2584873
2025-07-10 09:53:03.672125+00:00,2.2584871
2025-07-10 09:53:16.594739+00:00,2.2584875
2025-07-10 09:53:38.569775+00:00,2.258487
2025-07-10 09:53:46.095009+00:00,2.2584873
2025-07-10 09:53:53.567044+00:00,2.2584875
2025-07-10 09:54:06.704117+00:00,2.2584875
2025-07-10 09:54:19.403744+00:00,2.2584875
2025-07-10 09:54:37.059304+00:00,2.2584877
2025-07-10 09:54:44.917336+00:00,2.2584872
2025-07-10 09:54:57.659511+00:00,2.2584876
2025-07-10 09:55:14.189049+00:00,2.2584879
2025-07-10 09:55:59.733668+00:00,2.2584875
2025-07-10 09:56:12.598997+00:00,2.2584879
2025-07-10 09:56:24.804998+00:00,2.2584876
2025-07-10 09:56:37.656906+00:00,2.2584877
2025-07-10 09:56:49.965980+00:00,2.2584871
2025-07-10 09:57:06.355732+00:00,2.2584873
2025-07-10 09:57:41.956738+00:00,2.2584876
2025-07-10 09:57:56.076652+00:00,2.2584869
2025-07-10 09:58:21.482996+00:00,2.2584874
2025-07-10 09:58:34.291339+00:00,2.2584872
2025-07-10 09:58:50.856032+00:00,2.2584871
2025-07-10 09:59:00.512066+00:00,2.2584873
2025-07-10 09:59:16.667292+00:00,2.258487
2025-07-10 09:59:26.371397+00:00,2.258487
2025-07-10 10:00:13.415767+00:00,2.258487
2025-07-10 10:00:39.443563+00:00,2.2584873
2025-07-10 10:00:43.412182+00:00,2.2584875
2025-07-10 10:00:59.685887+00:00,2.258488
2025-07-10 10:01:17.394923+00:00,2.2584873
2025-07-10 10:01:21.580666+00:00,2.2584871
2025-07-10 10:01:34.064004+00:00,2.2584873
2025-07-10 10:01:46.735224+00:00,2.2584875
2025-07-10 10:01:58.434860+00:00,2.258488
2025-07-10 10:02:21.307108+00:00,2.2584875
2025-07-10 10:02:24.091414+00:00,2.2584878
2025-07-10 10:02:36.757799+00:00,2.2584878
2025-07-10 10:02:50.109725+00:00,2.2584873
2025-07-10 10:03:02.816314+00:00,2.258487
2025-07-10 10:03:14.832087+00:00,2.2584873
2025-07-10 10:03:27.469727+00:00,2.2584871
2025-07-10 10:03:40.146624+00:00,2.2584881
2025-07-10 10:03:53.147169+00:00,2.2584878
2025-07-10 10:04:06.727177+00:00,2.2584876
2025-07-10 10:04:18.634657+00:00,2.2584879
2025-07-10 10:04:33.458346+00:00,2.2584871
2025-07-10 10:05:27.237305+00:00,2.258488
2025-07-10 10:05:34.769815+00:00,2.2584872
2025-07-10 10:05:46.466222+00:00,2.2584879
2025-07-10 10:06:00.533695+00:00,2.2584877
2025-07-10 10:06:12.303485+00:00,2.2584871
2025-07-10 10:06:24.246152+00:00,2.2584875
2025-07-10 10:06:37.194079+00:00,2.2584874
2025-07-10 10:06:50.919807+00:00,2.2584875
2025-07-10 10:07:03.559632+00:00,2.2584874
2025-07-10 10:07:16.541797+00:00,2.2584871
2025-07-10 10:07:29.138496+00:00,2.2584875
2025-07-10 10:07:42.511887+00:00,2.258487
2025-07-10 10:07:55.843367+00:00,2.2584872
2025-07-10 10:08:08.901244+00:00,2.2584875
2025-07-10 10:08:21.795255+00:00,2.2584878
2025-07-10 10:08:34.754668+00:00,2.2584869
2025-07-10 10:08:48.162487+00:00,2.2584875
2025-07-10 10:09:10.256894+00:00,2.2584868
2025-07-10 10:11:15.854338+00:00,2.2584878
2025-07-10 10:11:34.053466+00:00,2.2584871
2025-07-10 10:11:44.932079+00:00,2.2584875
2025-07-10 10:12:01.718963+00:00,2.2584875
2025-07-10 10:12:09.693575+00:00,2.2584879
2025-07-10 10:12:27.913755+00:00,2.2584879
2025-07-10 10:12:38.224132+00:00,2.258487
2025-07-10 10:12:49.548344+00:00,2.2584871
2025-07-10 10:13:01.235082+00:00,2.2584873
2025-07-10 10:13:13.189993+00:00,2.2584874
2025-07-10 10:13:25.875760+00:00,2.2584878
2025-07-10 10:13:38.383502+00:00,2.2584874
2025-07-10 10:13:51.107453+00:00,2.2584875
2025-07-10 10:14:04.058533+00:00,2.2584873
2025-07-10 10:14:16.499659+00:00,2.2584873
2025-07-10 10:14:28.961385+00:00,2.2584873
2025-07-10 10:15:52.314589+00:00,2.2584877
2025-07-10 10:15:58.123408+00:00,2.2584871
2025-07-10 10:16:11.419663+00:00,2.258487
2025-07-10 10:16:24.214963+00:00,2.2584873
2025-07-10 10:16:37.286175+00:00,2.258487
2025-07-10 10:16:50.488177+00:00,2.2584873
2025-07-10 10:17:03.709824+00:00,2.2584871
2025-07-10 10:17:16.669594+00:00,2.2584878
2025-07-10 10:17:29.250196+00:00,2.2584874
2025-07-10 10:17:53.439263+00:00,2.258487
2025-07-10 10:18:16.130234+00:00,2.2584875
2025-07-10 10:18:21.159592+00:00,2.2584875
2025-07-10 10:18:33.957450+00:00,2.2584874
2025-07-10 10:18:47.142971+00:00,2.2584876
2025-07-10 10:19:25.621653+00:00,2.2584874
2025-07-10 10:19:50.291375+00:00,2.2584876
2025-07-10 10:20:02.146257+00:00,2.2584876
2025-07-10 10:20:20.691674+00:00,2.2584872
2025-07-10 10:20:42.052218+00:00,2.2584873
2025-07-10 10:20:52.588161+00:00,2.2584879
2025-07-10 10:21:30.645298+00:00,2.2584878
2025-07-10 10:21:54.492118+00:00,2.2584874
2025-07-10 10:22:08.637503+00:00,2.2584879
2025-07-10 10:22:21.267694+00:00,2.2584877
2025-07-10 10:22:46.738879+00:00,2.2584875
2025-07-10 10:22:58.804082+00:00,2.2584872
2025-07-10 10:23:10.991144+00:00,2.2584874
2025-07-10 10:23:22.859197+00:00,2.2584873
2025-07-10 10:23:35.577687+00:00,2.2584876
2025-07-10 10:23:48.285538+00:00,2.2584873
2025-07-10 10:24:17.044440+00:00,2.2584875
2025-07-10 10:24:26.014414+00:00,2.2584872
2025-07-10 10:24:38.773767+00:00,2.2584872
2025-07-10 10:24:51.684722+00:00,2.2584872
2025-07-10 10:25:04.908855+00:00,2.2584874
2025-07-10 10:25:18.068552+00:00,2.2584877
2025-07-10 10:25:31.284107+00:00,2.2584868
2025-07-10 10:25:44.822563+00:00,2.258488
2025-07-10 10:25:57.355371+00:00,2.2584876
2025-07-10 10:26:11.173174+00:00,2.2584872
2025-07-10 10:26:23.824648+00:00,2.2584876
2025-07-10 10:26:36.658915+00:00,2.2584881
2025-07-10 10:26:51.199925+00:00,2.2584877
2025-07-10 10:27:28.038927+00:00,2.2584873
2025-07-10 10:27:41.132132+00:00,2.2584872
2025-07-10 10:27:53.647983+00:00,2.2584873
2025-07-10 10:28:06.929851+00:00,2.2584876
2025-07-10 10:28:20.418997+00:00,2.2584878
2025-07-10 10:28:33.269893+00:00,2.258488
2025-07-10 10:28:44.135566+00:00,2.2584876
2025-07-10 10:28:56.059752+00:00,2.258487
2025-07-10 10:29:21.545141+00:00,2.2584871
2025-07-10 10:29:35.217155+00:00,2.2584872
2025-07-10 10:29:46.874008+00:00,2.2584872
2025-07-10 10:29:59.234600+00:00,2.2584876
2025-07-10 10:30:12.785860+00:00,2.2584875
2025-07-10 10:30:27.389123+00:00,2.2584875
2025-07-10 10:30:39.850911+00:00,2.258488
2025-07-10 10:30:50.658857+00:00,2.2584877
2025-07-10 10:31:02.497784+00:00,2.2584872
2025-07-10 10:31:16.429300+00:00,2.258487
2025-07-10 10:31:27.325238+00:00,2.2584878
2025-07-10 10:31:39.803559+00:00,2.2584879
2025-07-10 10:31:52.355109+00:00,2.2584875
2025-07-10 10:32:05.816329+00:00,2.2584874
2025-07-10 10:32:17.640189+00:00,2.2584878
2025-07-10 10:32:29.864401+00:00,2.2584871
2025-07-10 10:32:42.549238+00:00,2.2584878
2025-07-10 10:32:55.490823+00:00,2.2584875
2025-07-10 10:33:09.087846+00:00,2.2584876
2025-07-10 10:33:20.398302+00:00,2.2584873
2025-07-10 10:33:33.633812+00:00,2.2584879
2025-07-10 10:33:46.288386+00:00,2.2584874
2025-07-10 10:33:58.881241+00:00,2.2584879
2025-07-10 10:34:14.773420+00:00,2.258487
2025-07-10 10:34:25.440870+00:00,2.2584868
2025-07-10 10:34:38.372213+00:00,2.2584875
2025-07-10 10:34:51.253032+00:00,2.258487
2025-07-10 10:35:04.269741+00:00,2.2584878
2025-07-10 10:35:17.661934+00:00,2.2584873
2025-07-10 10:35:30.943951+00:00,2.2584876
2025-07-10 10:35:48.466994+00:00,2.2584873
2025-07-10 10:35:58.465913+00:00,2.2584875
2025-07-10 10:36:09.258963+00:00,2.2584873
2025-07-10 10:36:21.712590+00:00,2.2584873
2025-07-10 10:36:34.761039+00:00,2.2584876
2025-07-10 10:36:50.015455+00:00,2.2584876
2025-07-10 10:36:59.904566+00:00,2.2584871
2025-07-10 10:37:24.621002+00:00,2.2584875
2025-07-10 10:41:04.187255+00:00,2.2584877
2025-07-10 10:41:11.476515+00:00,2.2584872
2025-07-10 10:41:24.093445+00:00,2.2584875
2025-07-10 10:41:36.297879+00:00,2.2584872
2025-07-10 10:41:48.914987+00:00,2.2584878
2025-07-10 10:42:05.639077+00:00,2.2584875
2025-07-10 10:42:14.681460+00:00,2.2584876
2025-07-10 10:42:26.727265+00:00,2.2584871
2025-07-10 10:42:39.389481+00:00,2.2584871
2025-07-10 10:43:12.782577+00:00,2.2584872
2025-07-10 10:43:31.641383+00:00,2.2584872
2025-07-10 10:43:56.840854+00:00,2.2584875
2025-07-10 10:44:14.171915+00:00,2.2584871
2025-07-10 10:45:28.234548+00:00,2.2584878
2025-07-10 10:45:41.979244+00:00,2.2584869
2025-07-10 10:45:53.719716+00:00,2.2584873
2025-07-10 10:46:07.245039+00:00,2.2584873
2025-07-10 10:46:19.847444+00:00,2.2584875
2025-07-10 10:46:32.518835+00:00,2.2584877
2025-07-10 10:46:45.006341+00:00,2.2584868
2025-07-10 10:46:57.087848+00:00,2.2584873
2025-07-10 10:47:10.153395+00:00,2.2584872
2025-07-10 10:47:22.123835+00:00,2.258488
2025-07-10 10:47:35.094991+00:00,2.2584871
2025-07-10 10:47:53.221073+00:00,2.2584873
2025-07-10 10:48:07.517103+00:00,2.2584869
2025-07-10 10:48:25.341023+00:00,2.258487
2025-07-10 10:48:53.471039+00:00,2.2584869
2025-07-10 10:49:12.761679+00:00,2.2584874
2025-07-10 10:49:27.159211+00:00,2.2584871
2025-07-10 10:49:39.558574+00:00,2.258487
2025-07-10 10:49:52.217058+00:00,2.2584877
2025-07-10 10:50:06.555140+00:00,2.2584877
2025-07-10 10:50:17.233685+00:00,2.2584871
2025-07-10 10:50:30.270158+00:00,2.2584881
2025-07-10 10:50:44.066172+00:00,2.2584876
2025-07-10 10:50:55.223840+00:00,2.2584868
2025-07-10 10:51:07.767589+00:00,2.2584871
2025-07-10 10:51:20.186386+00:00,2.2584871
2025-07-10 10:51:32.953284+00:00,2.2584874
2025-07-10 10:51:46.003453+00:00,2.2584878
2025-07-10 10:51:59.173309+00:00,2.2584872
2025-07-10 10:52:14.630153+00:00,2.2584875
2025-07-10 10:53:33.969887+00:00,2.2584872
2025-07-10 10:53:42.650904+00:00,2.2584871
2025-07-10 10:54:47.786642+00:00,2.2584875
2025-07-10 10:55:04.471268+00:00,2.2584881
2025-07-10 10:55:12.732230+00:00,2.2584872
2025-07-10 10:55:25.531668+00:00,2.2584876
2025-07-10 10:55:38.234689+00:00,2.2584878
2025-07-10 10:55:50.283655+00:00,2.2584871
2025-07-10 10:56:03.457071+00:00,2.2584872
2025-07-10 10:56:37.360953+00:00,2.2584871
2025-07-10 10:56:40.220143+00:00,2.2584877
2025-07-10 10:56:53.007711+00:00,2.2584874
2025-07-10 10:57:06.487484+00:00,2.2584875
2025-07-10 10:57:18.377538+00:00,2.2584878
2025-07-10 10:57:43.363772+00:00,2.2584876
2025-07-10 10:57:59.633800+00:00,2.2584872
2025-07-10 10:58:18.556712+00:00,2.2584871
2025-07-10 10:58:51.777375+00:00,2.2584872
2025-07-10 10:59:02.814316+00:00,2.2584877
2025-07-10 10:59:23.250338+00:00,2.2584869
2025-07-10 10:59:36.106270+00:00,2.2584873
2025-07-10 10:59:48.864493+00:00,2.2584868
2025-07-10 11:00:01.933192+00:00,2.2584871
2025-07-10 11:00:14.081912+00:00,2.2584869
2025-07-10 11:00:26.430965+00:00,2.258487
2025-07-10 11:00:39.849943+00:00,2.2584874
2025-07-10 11:00:52.271799+00:00,2.2584876
2025-07-10 11:01:05.669769+00:00,2.2584871
2025-07-10 11:01:19.551965+00:00,2.2584871
2025-07-10 11:01:31.431453+00:00,2.2584874
2025-07-10 11:01:44.358006+00:00,2.2584871
2025-07-10 11:01:57.620686+00:00,2.2584876
2025-07-10 11:02:15.746015+00:00,2.2584879
2025-07-10 11:02:23.724922+00:00,2.2584871
2025-07-10 11:02:37.203932+00:00,2.2584875
2025-07-10 11:02:49.521409+00:00,2.2584878
2025-07-10 11:03:02.569708+00:00,2.2584873
2025-07-10 11:03:15.750505+00:00,2.2584872
2025-07-10 11:03:28.293015+00:00,2.258487
2025-07-10 11:03:41.003986+00:00,2.2584875
2025-07-10 11:03:53.838939+00:00,2.2584874
2025-07-10 11:04:20.276739+00:00,2.258487
2025-07-10 11:04:32.141778+00:00,2.258488
2025-07-10 11:04:44.018784+00:00,2.2584872
2025-07-10 11:04:56.686958+00:00,2.2584873
2025-07-10 11:05:09.282784+00:00,2.2584877
2025-07-10 11:05:22.379013+00:00,2.2584869
2025-07-10 11:05:35.094820+00:00,2.2584874
2025-07-10 11:05:47.491399+00:00,2.2584872
2025-07-10 11:06:01.577987+00:00,2.2584879
2025-07-10 11:06:13.345046+00:00,2.2584881
2025-07-10 11:06:25.545344+00:00,2.2584879
2025-07-10 11:06:38.315694+00:00,2.258487
2025-07-10 11:06:50.767274+00:00,2.2584871
2025-07-10 11:07:03.773018+00:00,2.2584874
2025-07-10 11:07:16.327378+00:00,2.2584872
2025-07-10 11:07:28.992650+00:00,2.2584872
2025-07-10 11:07:41.040721+00:00,2.2584869
2025-07-10 11:07:54.016019+00:00,2.2584873
2025-07-10 11:08:18.798777+00:00,2.2584876
2025-07-10 11:08:43.851032+00:00,2.258488
2025-07-10 11:08:58.405659+00:00,2.2584875
2025-07-10 11:09:14.729321+00:00,2.2584871
2025-07-10 11:09:23.972940+00:00,2.2584877
2025-07-10 11:09:35.043864+00:00,2.2584879
2025-07-10 11:09:47.654055+00:00,2.2584872
2025-07-10 11:10:00.893174+00:00,2.2584874
2025-07-10 11:10:14.743131+00:00,2.2584872
2025-07-10 11:10:27.035789+00:00,2.2584879
2025-07-10 11:10:40.917273+00:00,2.2584874
2025-07-10 11:10:52.881010+00:00,2.2584868
2025-07-10 11:11:06.115868+00:00,2.2584878
2025-07-10 11:11:18.866025+00:00,2.2584875
2025-07-10 11:11:31.798046+00:00,2.258487
2025-07-10 11:11:44.625471+00:00,2.2584872
2025-07-10 11:11:57.886222+00:00,2.2584873
2025-07-10 11:12:14.521000+00:00,2.2584876
2025-07-10 11:12:23.915625+00:00,2.2584871
2025-07-10 11:12:36.674782+00:00,2.2584873
2025-07-10 11:12:48.706496+00:00,2.2584869
2025-07-10 11:13:01.274094+00:00,2.2584875
2025-07-10 11:13:14.656144+00:00,2.2584871
2025-07-10 11:13:26.051275+00:00,2.2584876
2025-07-10 11:14:01.963397+00:00,2.258487
2025-07-10 11:14:06.761675+00:00,2.2584873
2025-07-10 11:14:41.439504+00:00,2.2584874
2025-07-10 11:14:55.313021+00:00,2.2584872
2025-07-10 11:15:07.459956+00:00,2.2584874
2025-07-10 11:15:20.548702+00:00,2.258487
2025-07-10 11:15:33.088899+00:00,2.2584872
2025-07-10 11:15:55.589804+00:00,2.2584871
2025-07-10 11:16:21.413246+00:00,2.2584877
2025-07-10 11:16:23.737778+00:00,2.2584872
2025-07-10 11:16:35.438744+00:00,2.2584874
2025-07-10 11:16:48.137690+00:00,2.2584876
2025-07-10 11:17:19.688042+00:00,2.258487
2025-07-10 11:17:25.476878+00:00,2.2584873
2025-07-10 11:17:38.275736+00:00,2.2584878
2025-07-10 11:17:51.158507+00:00,2.2584878
2025-07-10 11:18:16.705312+00:00,2.2584872
2025-07-10 11:18:32.408969+00:00,2.2584875
2025-07-10 11:18:42.718950+00:00,2.2584877
2025-07-10 11:18:55.712017+00:00,2.2584868
2025-07-10 11:19:08.546702+00:00,2.2584872
2025-07-10 11:19:24.093764+00:00,2.2584879
2025-07-10 11:19:34.636253+00:00,2.2584873
2025-07-10 11:19:47.552113+00:00,2.2584878
2025-07-10 11:20:20.828162+00:00,2.2584878
2025-07-10 11:20:26.889144+00:00,2.2584874
2025-07-10 11:20:39.285378+00:00,2.2584876
2025-07-10 11:21:05.271432+00:00,2.2584868
2025-07-10 11:21:20.625844+00:00,2.2584871
2025-07-10 11:21:30.410046+00:00,2.2584871
2025-07-10 11:21:42.985497+00:00,2.2584871
2025-07-10 11:21:55.351145+00:00,2.2584871
2025-07-10 11:22:32.816648+00:00,2.2584869
2025-07-10 11:22:45.854274+00:00,2.2584876
2025-07-10 11:22:57.562286+00:00,2.2584874
2025-07-10 11:23:16.430964+00:00,2.2584874
2025-07-10 11:23:22.386800+00:00,2.258487
2025-07-10 11:23:34.932988+00:00,2.2584875
2025-07-10 11:23:47.671848+00:00,2.2584878
2025-07-10 11:24:06.417024+00:00,2.2584872
2025-07-10 11:24:29.503946+00:00,2.2584871
2025-07-10 11:25:16.439470+00:00,2.258487
2025-07-10 11:25:27.973889+00:00,2.2584872
2025-07-10 11:25:40.139192+00:00,2.2584874
2025-07-10 11:25:52.510533+00:00,2.2584876
2025-07-10 11:26:05.315347+00:00,2.2584876
2025-07-10 11:26:19.710590+00:00,2.2584873
2025-07-10 11:26:30.513916+00:00,2.2584872
2025-07-10 11:26:52.539914+00:00,2.2584875
2025-07-10 11:27:27.423025+00:00,2.2584874
2025-07-10 11:28:35.530854+00:00,2.2584869
2025-07-10 11:28:39.050689+00:00,2.2584869
2025-07-10 11:28:52.351701+00:00,2.2584876
2025-07-10 11:29:05.624383+00:00,2.2584878
2025-07-10 11:29:18.659201+00:00,2.2584876
2025-07-10 11:29:31.865343+00:00,2.2584872
2025-07-10 11:29:44.432060+00:00,2.2584876
2025-07-10 11:29:57.519276+00:00,2.2584876
2025-07-10 11:30:10.576088+00:00,2.2584879
2025-07-10 11:30:23.360097+00:00,2.2584876
2025-07-10 11:30:35.994290+00:00,2.2584874
2025-07-10 11:30:48.711944+00:00,2.2584878
2025-07-10 11:31:01.628085+00:00,2.2584882
2025-07-10 11:31:14.101582+00:00,2.258487
2025-07-10 11:31:26.771783+00:00,2.2584879
2025-07-10 11:31:39.222655+00:00,2.258488
2025-07-10 11:31:51.275261+00:00,2.258487
2025-07-10 11:32:04.347175+00:00,2.2584873
2025-07-10 11:32:42.430269+00:00,2.2584882
2025-07-10 11:32:54.407291+00:00,2.2584879
2025-07-10 11:33:07.505397+00:00,2.2584878
2025-07-10 11:33:19.765623+00:00,2.2584878
2025-07-10 11:33:32.722585+00:00,2.2584874
2025-07-10 11:33:44.589279+00:00,2.2584878
2025-07-10 11:34:04.122457+00:00,2.2584876
2025-07-10 11:34:47.996718+00:00,2.2584876
2025-07-10 11:35:38.491246+00:00,2.2584871
2025-07-10 11:35:50.287362+00:00,2.2584878
2025-07-10 11:36:03.101869+00:00,2.2584874
2025-07-10 11:36:15.792309+00:00,2.2584874
2025-07-10 11:36:28.118376+00:00,2.258487
2025-07-10 11:36:41.582506+00:00,2.2584875
2025-07-10 11:36:54.120174+00:00,2.2584878
2025-07-10 11:37:07.263196+00:00,2.2584869
2025-07-10 11:37:20.469529+00:00,2.2584872
2025-07-10 11:37:33.606890+00:00,2.2584874
2025-07-10 11:37:46.999379+00:00,2.2584875
2025-07-10 11:39:10.249438+00:00,2.2584867
2025-07-10 11:39:17.247136+00:00,2.2584875
2025-07-10 11:39:29.661582+00:00,2.2584874
2025-07-10 11:39:42.409170+00:00,2.2584871
2025-07-10 11:39:55.176955+00:00,2.2584873
2025-07-10 11:40:07.841002+00:00,2.2584876
2025-07-10 11:40:19.981235+00:00,2.2584875
2025-07-10 11:40:47.658446+00:00,2.2584874
2025-07-10 11:40:57.898065+00:00,2.2584876
2025-07-10 11:41:10.713343+00:00,2.2584871
2025-07-10 11:41:23.028387+00:00,2.2584879
2025-07-10 11:42:29.656110+00:00,2.2584871
2025-07-10 11:42:39.061569+00:00,2.2584879
2025-07-10 11:42:51.560017+00:00,2.2584877
2025-07-10 11:43:04.641891+00:00,2.2584871
2025-07-10 11:43:17.574101+00:00,2.2584876
2025-07-10 11:43:29.612207+00:00,2.2584877
2025-07-10 11:43:42.244384+00:00,2.2584875
2025-07-10 11:43:55.415817+00:00,2.2584872
2025-07-10 11:44:07.526256+00:00,2.2584875
2025-07-10 11:44:19.740713+00:00,2.2584877
2025-07-10 11:44:33.629958+00:00,2.2584873
2025-07-10 11:44:44.663219+00:00,2.2584874
2025-07-10 11:44:57.516744+00:00,2.2584871
2025-07-10 11:45:10.984407+00:00,2.2584875
2025-07-10 11:45:23.813179+00:00,2.2584873
2025-07-10 11:45:49.936128+00:00,2.2584874
2025-07-10 11:46:10.165395+00:00,2.2584877
2025-07-10 11:46:16.430346+00:00,2.2584878
2025-07-10 11:46:29.448515+00:00,2.2584869
2025-07-10 11:46:42.266472+00:00,2.2584878
2025-07-10 11:46:55.407627+00:00,2.2584877
2025-07-10 11:47:37.939820+00:00,2.2584876
2025-07-10 11:47:59.687618+00:00,2.2584876
2025-07-10 11:48:25.164744+00:00,2.2584868
2025-07-10 11:48:50.080213+00:00,2.2584876
2025-07-10 11:49:02.623273+00:00,2.2584878
2025-07-10 11:49:15.385772+00:00,2.2584879
2025-07-10 11:49:29.177333+00:00,2.2584868
2025-07-10 11:49:40.113353+00:00,2.2584875
2025-07-10 11:49:52.537518+00:00,2.2584869
2025-07-10 11:50:05.694348+00:00,2.2584869
2025-07-10 11:50:18.604059+00:00,2.2584876
2025-07-10 11:50:31.529707+00:00,2.2584871
2025-07-10 11:50:44.133396+00:00,2.258487
2025-07-10 11:50:56.271547+00:00,2.2584876
2025-07-10 11:51:12.592382+00:00,2.2584864
2025-07-10 11:51:29.334817+00:00,2.2584873
2025-07-10 11:51:33.725351+00:00,2.2584875
2025-07-10 11:51:46.036954+00:00,2.2584872
2025-07-10 11:51:58.359890+00:00,2.2584876
2025-07-10 11:52:11.566395+00:00,2.2584877
2025-07-10 11:52:55.020578+00:00,2.2584877
2025-07-10 11:53:01.492827+00:00,2.2584876
2025-07-10 11:53:14.527823+00:00,2.2584872
2025-07-10 11:53:29.730269+00:00,2.258487
2025-07-10 11:53:39.439684+00:00,2.2584875
2025-07-10 11:53:52.406132+00:00,2.2584879
2025-07-10 11:54:05.926666+00:00,2.2584871
2025-07-10 11:54:18.993154+00:00,2.2584869
2025-07-10 11:54:32.563498+00:00,2.2584878
2025-07-10 11:55:03.338813+00:00,2.2584872
2025-07-10 11:55:24.729669+00:00,2.2584872
2025-07-10 11:55:37.281019+00:00,2.2584872
2025-07-10 11:55:51.849914+00:00,2.258487
2025-07-10 11:56:06.469480+00:00,2.2584876
2025-07-10 11:57:02.962700+00:00,2.258487
2025-07-10 11:57:06.037528+00:00,2.2584877
2025-07-10 11:57:18.685687+00:00,2.2584875
2025-07-10 11:57:31.475682+00:00,2.2584871
2025-07-10 11:57:43.146053+00:00,2.2584876
2025-07-10 11:57:55.403589+00:00,2.2584871
2025-07-10 11:58:08.684814+00:00,2.258488
2025-07-10 11:58:20.459934+00:00,2.2584873
2025-07-10 11:58:33.398762+00:00,2.2584876
2025-07-10 11:58:45.660974+00:00,2.2584873
2025-07-10 11:58:58.525586+00:00,2.2584876
2025-07-10 11:59:36.901584+00:00,2.2584877
2025-07-10 11:59:51.043214+00:00,2.2584871
2025-07-10 12:00:02.340227+00:00,2.258487
2025-07-10 12:00:18.416414+00:00,2.2584868
2025-07-10 12:00:27.181944+00:00,2.2584876
2025-07-10 12:00:39.431966+00:00,2.2584876
2025-07-10 12:00:51.548161+00:00,2.2584871
2025-07-10 12:01:11.781193+00:00,2.2584869
2025-07-10 12:01:16.707145+00:00,2.258487
2025-07-10 12:01:30.905090+00:00,2.2584878
2025-07-10 12:01:41.844983+00:00,2.2584873
2025-07-10 12:02:08.521372+00:00,2.2584881
2025-07-10 12:02:20.389053+00:00,2.2584872
2025-07-10 12:02:35.919033+00:00,2.2584876
2025-07-10 12:02:46.377175+00:00,2.2584867
2025-07-10 12:02:59.122360+00:00,2.2584871
2025-07-10 12:03:12.418180+00:00,2.2584876
2025-07-10 12:03:25.569511+00:00,2.2584876
2025-07-10 12:03:38.839440+00:00,2.2584878
2025-07-10 12:03:52.202438+00:00,2.2584867
2025-07-10 12:04:04.881213+00:00,2.2584868
2025-07-10 12:04:17.914366+00:00,2.2584874
2025-07-10 12:04:30.922773+00:00,2.258487
2025-07-10 12:04:43.337291+00:00,2.2584874
2025-07-10 12:04:57.395081+00:00,2.2584877
2025-07-10 12:05:09.324017+00:00,2.2584878
2025-07-10 12:05:22.300403+00:00,2.2584873
2025-07-10 12:05:35.105169+00:00,2.2584873
2025-07-10 12:05:47.605655+00:00,2.2584873
2025-07-10 12:06:00.164303+00:00,2.2584875
2025-07-10 12:06:12.764188+00:00,2.2584876
2025-07-10 12:06:24.921719+00:00,2.2584871
2025-07-10 12:06:37.242721+00:00,2.2584875
2025-07-10 12:06:49.918184+00:00,2.2584872
2025-07-10 12:07:02.898760+00:00,2.2584871
2025-07-10 12:07:15.108031+00:00,2.2584877
2025-07-10 12:07:27.824840+00:00,2.2584873
2025-07-10 12:07:40.330266+00:00,2.2584878
2025-07-10 12:07:52.738821+00:00,2.2584874
2025-07-10 12:08:05.645043+00:00,2.2584877
2025-07-10 12:08:18.078327+00:00,2.2584872
2025-07-10 12:08:31.000746+00:00,2.2584875
2025-07-10 12:08:43.547973+00:00,2.2584876
2025-07-10 12:08:56.105697+00:00,2.2584869
2025-07-10 12:09:08.844745+00:00,2.2584868
2025-07-10 12:09:21.172206+00:00,2.258487
2025-07-10 12:09:35.554593+00:00,2.2584876
2025-07-10 12:09:46.133790+00:00,2.2584872
2025-07-10 12:09:58.663803+00:00,2.2584873
2025-07-10 12:10:12.106361+00:00,2.2584873
2025-07-10 12:10:23.986402+00:00,2.2584871
2025-07-10 12:10:36.685980+00:00,2.2584864
2025-07-10 12:10:49.295595+00:00,2.2584868
2025-07-10 12:11:02.143788+00:00,2.2584874
2025-07-10 12:11:14.737269+00:00,2.258487
2025-07-10 12:11:30.202475+00:00,2.2584877
2025-07-10 12:11:40.646108+00:00,2.2584867
2025-07-10 12:12:35.715166+00:00,2.2584879
2025-07-10 12:12:47.920747+00:00,2.2584879
2025-07-10 12:12:58.305440+00:00,2.2584876
2025-07-10 12:13:12.342147+00:00,2.2584872
2025-07-10 12:13:41.507566+00:00,2.2584876
2025-07-10 12:13:58.504850+00:00,2.2584873
2025-07-10 12:14:51.757457+00:00,2.2584875
2025-07-10 12:14:55.524529+00:00,2.2584877
2025-07-10 12:15:06.828774+00:00,2.2584871
2025-07-10 12:15:51.095081+00:00,2.2584874
2025-07-10 12:16:08.933682+00:00,2.2584878
2025-07-10 12:16:21.794726+00:00,2.2584875
2025-07-10 12:16:34.219423+00:00,2.2584875
2025-07-10 12:16:47.097600+00:00,2.2584878
2025-07-10 12:16:59.524270+00:00,2.2584875
2025-07-10 12:17:12.516067+00:00,2.2584871
2025-07-10 12:17:26.277076+00:00,2.2584879
2025-07-10 12:17:37.362242+00:00,2.2584877
2025-07-10 12:17:49.958956+00:00,2.2584868
2025-07-10 12:18:02.621225+00:00,2.2584877
2025-07-10 12:18:58.069959+00:00,2.2584873
2025-07-10 12:19:05.238850+00:00,2.2584873
2025-07-10 12:19:17.956234+00:00,2.2584875
2025-07-10 12:19:31.977543+00:00,2.258487
2025-07-10 12:19:43.703734+00:00,2.2584876
2025-07-10 12:19:56.695534+00:00,2.2584868
2025-07-10 12:20:09.894332+00:00,2.2584869
2025-07-10 12:20:22.735356+00:00,2.2584874
2025-07-10 12:20:36.525178+00:00,2.2584871
2025-07-10 12:20:48.733053+00:00,2.2584876
2025-07-10 12:21:02.698922+00:00,2.2584872
2025-07-10 12:21:15.680667+00:00,2.2584874
2025-07-10 12:21:28.470086+00:00,2.2584876
2025-07-10 12:21:41.363937+00:00,2.2584871
2025-07-10 12:21:54.492307+00:00,2.2584873
2025-07-10 12:22:07.598727+00:00,2.2584875
2025-07-10 12:22:19.962521+00:00,2.2584876
2025-07-10 12:22:33.434726+00:00,2.2584871
2025-07-10 12:22:46.214190+00:00,2.2584874
2025-07-10 12:23:23.646599+00:00,2.2584875
2025-07-10 12:23:36.779218+00:00,2.2584872
2025-07-10 12:23:48.520708+00:00,2.2584873
2025-07-10 12:24:01.040318+00:00,2.2584868
2025-07-10 12:24:13.181183+00:00,2.2584873
2025-07-10 12:24:25.688402+00:00,2.2584871
2025-07-10 12:24:45.119754+00:00,2.2584875
2025-07-10 12:24:51.003877+00:00,2.2584872
2025-07-10 12:25:03.467752+00:00,2.2584871
2025-07-10 12:25:16.652087+00:00,2.2584871
2025-07-10 12:25:31.981254+00:00,2.2584875
2025-07-10 12:26:19.151365+00:00,2.2584868
2025-07-10 12:26:31.216690+00:00,2.2584876
2025-07-10 12:27:05.690801+00:00,2.2584877
2025-07-10 12:27:08.924445+00:00,2.2584877
2025-07-10 12:27:34.303685+00:00,2.2584872
2025-07-10 12:27:46.956919+00:00,2.2584877
2025-07-10 12:28:00.106295+00:00,2.2584877
2025-07-10 12:28:12.489570+00:00,2.2584872
2025-07-10 12:28:24.777871+00:00,2.2584869
2025-07-10 12:28:37.690085+00:00,2.2584877
2025-07-10 12:28:50.843986+00:00,2.2584868
2025-07-10 12:29:04.163537+00:00,2.2584878
2025-07-10 12:29:16.745748+00:00,2.2584879
2025-07-10 12:29:32.006398+00:00,2.2584871
2025-07-10 12:29:42.820876+00:00,2.2584875
2025-07-10 12:29:57.529732+00:00,2.2584871
2025-07-10 12:30:08.987944+00:00,2.2584874
2025-07-10 12:30:22.301489+00:00,2.2584878
2025-07-10 12:30:34.593160+00:00,2.2584877
2025-07-10 12:30:47.770283+00:00,2.2584877
2025-07-10 12:31:12.751280+00:00,2.2584879
2025-07-10 12:31:29.993361+00:00,2.2584878
2025-07-10 12:31:39.819826+00:00,2.258487
2025-07-10 12:31:50.752356+00:00,2.2584876
2025-07-10 12:32:22.937901+00:00,2.2584871
2025-07-10 12:32:28.499725+00:00,2.2584869
2025-07-10 12:32:41.067995+00:00,2.2584876
2025-07-10 12:32:53.525909+00:00,2.2584874
2025-07-10 12:33:06.915043+00:00,2.2584876
2025-07-10 12:33:19.775485+00:00,2.2584874
2025-07-10 12:33:33.489469+00:00,2.2584872
2025-07-10 12:33:49.065267+00:00,2.2584873
2025-07-10 12:34:00.079678+00:00,2.2584871
2025-07-10 12:34:11.599957+00:00,2.258487
2025-07-10 12:34:22.462426+00:00,2.2584874
2025-07-10 12:34:34.907233+00:00,2.2584869
2025-07-10 12:34:49.450029+00:00,2.2584872
2025-07-10 12:35:00.518709+00:00,2.2584875
2025-07-10 12:35:13.086854+00:00,2.2584877
2025-07-10 12:35:25.608357+00:00,2.2584876
2025-07-10 12:35:39.593636+00:00,2.2584875
2025-07-10 12:35:50.330599+00:00,2.2584875
2025-07-10 12:36:03.560126+00:00,2.2584875
2025-07-10 12:36:15.700666+00:00,2.2584868
2025-07-10 12:36:28.446803+00:00,2.2584875
2025-07-10 12:36:41.288672+00:00,2.2584868
2025-07-10 12:36:54.431710+00:00,2.2584876
2025-07-10 12:37:28.861829+00:00,2.2584877
2025-07-10 12:37:47.127928+00:00,2.2584876
2025-07-10 12:37:59.669944+00:00,2.2584871
2025-07-10 12:38:14.996040+00:00,2.2584876
2025-07-10 12:39:18.059230+00:00,2.2584878
2025-07-10 12:40:20.868552+00:00,2.2584879
2025-07-10 12:40:32.959462+00:00,2.2584873
2025-07-10 12:40:47.573581+00:00,2.2584872
2025-07-10 12:40:57.611952+00:00,2.2584875
2025-07-10 12:41:10.814001+00:00,2.2584876
2025-07-10 12:41:22.790055+00:00,2.2584877
2025-07-10 12:41:35.098369+00:00,2.2584875
2025-07-10 12:41:48.344062+00:00,2.2584877
2025-07-10 12:42:00.758135+00:00,2.2584875
2025-07-10 12:42:12.888916+00:00,2.2584878
2025-07-10 12:42:25.951247+00:00,2.2584878
2025-07-10 12:42:37.964172+00:00,2.2584879
2025-07-10 12:42:50.641823+00:00,2.2584876
2025-07-10 12:43:03.822712+00:00,2.2584869
2025-07-10 12:43:16.372814+00:00,2.258487
2025-07-10 12:43:42.571211+00:00,2.2584873
2025-07-10 12:44:00.106045+00:00,2.2584878
2025-07-10 12:44:05.750709+00:00,2.2584881
2025-07-10 12:44:19.223554+00:00,2.2584871
2025-07-10 12:44:30.935796+00:00,2.2584871
2025-07-10 12:44:43.536426+00:00,2.2584873
2025-07-10 12:44:55.701061+00:00,2.2584877
2025-07-10 12:45:08.711708+00:00,2.2584872
2025-07-10 12:45:21.680085+00:00,2.2584872
2025-07-10 12:45:34.553800+00:00,2.2584876
2025-07-10 12:45:47.094988+00:00,2.2584882
2025-07-10 12:45:59.709627+00:00,2.2584876
2025-07-10 12:46:12.905706+00:00,2.258488
2025-07-10 12:46:25.871195+00:00,2.2584873
2025-07-10 12:46:39.019554+00:00,2.2584875
2025-07-10 12:46:52.570766+00:00,2.2584873
2025-07-10 12:47:05.818188+00:00,2.2584871
2025-07-10 12:47:18.828238+00:00,2.2584878
2025-07-10 12:47:31.374682+00:00,2.2584877
2025-07-10 12:47:44.114906+00:00,2.2584869
2025-07-10 12:47:57.165454+00:00,2.2584869
2025-07-10 12:48:10.215801+00:00,2.258487
2025-07-10 12:48:23.003037+00:00,2.2584871
2025-07-10 12:48:35.604983+00:00,2.2584879
2025-07-10 12:48:48.861685+00:00,2.2584869
2025-07-10 12:49:01.663527+00:00,2.2584877
2025-07-10 12:49:14.314587+00:00,2.2584874
2025-07-10 12:49:26.839022+00:00,2.2584873
2025-07-10 12:49:39.340462+00:00,2.2584877
2025-07-10 12:49:51.289288+00:00,2.2584868
2025-07-10 12:50:03.845475+00:00,2.2584874
2025-07-10 12:50:16.254773+00:00,2.258487
2025-07-10 12:50:29.186207+00:00,2.2584877
2025-07-10 12:50:41.313206+00:00,2.2584876
2025-07-10 12:50:54.747597+00:00,2.258487
2025-07-10 12:51:07.473210+00:00,2.2584877
2025-07-10 12:51:19.841413+00:00,2.2584876
2025-07-10 12:51:32.519882+00:00,2.2584877
2025-07-10 12:51:45.230755+00:00,2.2584876
2025-07-10 12:51:58.344156+00:00,2.2584879
2025-07-10 12:52:10.402165+00:00,2.2584874
2025-07-10 12:52:23.038751+00:00,2.2584877
2025-07-10 12:52:48.056187+00:00,2.258487
2025-07-10 12:53:00.242393+00:00,2.2584863
2025-07-10 12:53:12.653923+00:00,2.2584869
2025-07-10 12:53:25.502020+00:00,2.2584878
2025-07-10 12:53:37.608298+00:00,2.2584871
2025-07-10 12:53:50.157690+00:00,2.2584873
2025-07-10 12:54:02.640794+00:00,2.2584869
2025-07-10 12:54:17.710495+00:00,2.258488
2025-07-10 12:54:33.237358+00:00,2.2584875
2025-07-10 12:54:40.023372+00:00,2.2584873
2025-07-10 12:54:53.089025+00:00,2.2584875
2025-07-10 12:55:05.482778+00:00,2.2584872
2025-07-10 12:55:18.346995+00:00,2.2584872
2025-07-10 12:55:31.749556+00:00,2.2584875
2025-07-10 12:55:44.471493+00:00,2.2584872
2025-07-10 12:55:57.916478+00:00,2.2584873
2025-07-10 12:56:11.868092+00:00,2.2584874
2025-07-10 12:56:23.488253+00:00,2.2584872
2025-07-10 12:56:36.674747+00:00,2.2584877
2025-07-10 12:56:51.228233+00:00,2.2584871
2025-07-10 12:57:16.245891+00:00,2.2584873
2025-07-10 12:57:33.446294+00:00,2.2584869
2025-07-10 12:57:41.752748+00:00,2.2584879
2025-07-10 12:57:54.807581+00:00,2.2584877
2025-07-10 12:58:19.740023+00:00,2.2584876
2025-07-10 12:58:32.855665+00:00,2.2584876
2025-07-10 12:58:45.360099+00:00,2.2584874
2025-07-10 12:58:57.884405+00:00,2.2584874
2025-07-10 12:59:10.657537+00:00,2.2584874
2025-07-10 12:59:22.847943+00:00,2.2584879
2025-07-10 12:59:35.127775+00:00,2.2584868
2025-07-10 12:59:47.666553+00:00,2.2584878
2025-07-10 13:00:00.254908+00:00,2.2584873
2025-07-10 13:00:12.700947+00:00,2.258488
2025-07-10 13:00:25.417926+00:00,2.2584873
2025-07-10 13:00:37.863345+00:00,2.2584871
2025-07-10 13:00:50.156497+00:00,2.2584871
2025-07-10 13:01:02.931285+00:00,2.2584873
2025-07-10 13:01:28.189277+00:00,2.2584869
2025-07-10 13:01:42.313481+00:00,2.2584878
2025-07-10 13:01:53.556825+00:00,2.2584872
2025-07-10 13:02:06.409668+00:00,2.2584871
2025-07-10 13:02:22.031002+00:00,2.2584869
2025-07-10 13:02:32.356350+00:00,2.2584874
2025-07-10 13:02:43.903007+00:00,2.2584872
2025-07-10 13:03:01.630423+00:00,2.2584876
2025-07-10 13:03:09.132627+00:00,2.2584872
2025-07-10 13:03:21.486315+00:00,2.2584875
2025-07-10 13:03:34.173923+00:00,2.2584867
2025-07-10 13:03:46.771061+00:00,2.2584877
2025-07-10 13:03:59.397885+00:00,2.2584871
2025-07-10 13:04:12.291500+00:00,2.2584875
2025-07-10 13:04:25.422217+00:00,2.2584872
2025-07-10 13:04:39.325771+00:00,2.2584871
2025-07-10 13:05:00.094082+00:00,2.2584871
2025-07-10 13:06:11.227329+00:00,2.2584874
2025-07-10 13:06:23.483754+00:00,2.2584872
2025-07-10 13:06:43.222860+00:00,2.258488
2025-07-10 13:06:50.845156+00:00,2.2584876
2025-07-10 13:07:06.709470+00:00,2.2584876
2025-07-10 13:07:29.006759+00:00,2.2584875
2025-07-10 13:07:40.708013+00:00,2.2584871
2025-07-10 13:07:53.768181+00:00,2.2584872
2025-07-10 13:08:06.810969+00:00,2.2584875
2025-07-10 13:08:41.957433+00:00,2.2584875
2025-07-10 13:08:56.566567+00:00,2.258488
2025-07-10 13:09:08.760548+00:00,2.2584869
2025-07-10 13:09:26.813201+00:00,2.2584872
2025-07-10 13:09:35.572012+00:00,2.2584871
2025-07-10 13:09:46.715837+00:00,2.258487
2025-07-10 13:09:59.073041+00:00,2.2584877
2025-07-10 13:10:12.482782+00:00,2.2584872
2025-07-10 13:10:25.556862+00:00,2.2584875
2025-07-10 13:10:48.770503+00:00,2.2584871
2025-07-10 13:10:50.657500+00:00,2.2584869
2025-07-10 13:11:03.732363+00:00,2.2584868
2025-07-10 13:11:16.657088+00:00,2.2584877
2025-07-10 13:11:29.053926+00:00,2.2584871
2025-07-10 13:11:43.802427+00:00,2.258487
2025-07-10 13:11:54.662587+00:00,2.2584876
2025-07-10 13:12:07.078612+00:00,2.2584869
2025-07-10 13:12:19.361468+00:00,2.2584873
2025-07-10 13:12:32.295889+00:00,2.2584878
2025-07-10 13:12:44.495445+00:00,2.2584875
2025-07-10 13:12:57.058270+00:00,2.2584877
2025-07-10 13:13:10.160007+00:00,2.2584878
2025-07-10 13:13:22.384158+00:00,2.2584871
2025-07-10 13:13:34.909422+00:00,2.2584875
2025-07-10 13:13:47.872977+00:00,2.2584875
2025-07-10 13:14:01.084582+00:00,2.2584873
2025-07-10 13:14:13.849475+00:00,2.2584877
2025-07-10 13:14:26.933871+00:00,2.2584877
2025-07-10 13:14:41.723257+00:00,2.2584877
2025-07-10 13:14:53.549420+00:00,2.2584871
2025-07-10 13:15:33.057537+00:00,2.2584873
2025-07-10 13:15:58.417694+00:00,2.2584869
2025-07-10 13:16:11.674695+00:00,2.2584877
2025-07-10 13:16:24.089132+00:00,2.2584871
2025-07-10 13:16:49.789455+00:00,2.2584878
2025-07-10 13:17:02.380310+00:00,2.2584873
2025-07-10 13:17:15.062436+00:00,2.2584879
2025-07-10 13:17:30.912576+00:00,2.2584877
2025-07-10 13:17:40.239036+00:00,2.2584868
2025-07-10 13:17:56.440956+00:00,2.2584871
2025-07-10 13:18:05.753408+00:00,2.2584868
2025-07-10 13:18:18.022485+00:00,2.2584876
2025-07-10 13:18:30.487849+00:00,2.2584873
2025-07-10 13:18:43.029850+00:00,2.2584872
2025-07-10 13:18:55.871272+00:00,2.2584866
2025-07-10 13:19:09.036643+00:00,2.258487
2025-07-10 13:19:34.318055+00:00,2.2584877
2025-07-10 13:19:46.743187+00:00,2.2584871
2025-07-10 13:20:07.965998+00:00,2.2584874
2025-07-10 13:20:11.981045+00:00,2.2584873
2025-07-10 13:20:24.498297+00:00,2.2584869
2025-07-10 13:20:37.742616+00:00,2.2584871
2025-07-10 13:20:49.443259+00:00,2.2584873
2025-07-10 13:21:02.860061+00:00,2.2584879
2025-07-10 13:21:16.724404+00:00,2.258487
2025-07-10 13:21:27.814214+00:00,2.2584865
2025-07-10 13:21:40.374104+00:00,2.2584876
2025-07-10 13:21:52.305130+00:00,2.258487
2025-07-10 13:22:05.306861+00:00,2.2584867
2025-07-10 13:22:30.615107+00:00,2.2584875
2025-07-10 13:22:43.709145+00:00,2.2584869
2025-07-10 13:23:10.753248+00:00,2.2584868
2025-07-10 13:23:22.929730+00:00,2.2584866
2025-07-10 13:23:35.989286+00:00,2.2584872
2025-07-10 13:23:50.381080+00:00,2.2584865
2025-07-10 13:24:02.520286+00:00,2.2584871
2025-07-10 13:24:15.863653+00:00,2.2584871
2025-07-10 13:24:29.717837+00:00,2.2584872
2025-07-10 13:24:41.298688+00:00,2.2584874
2025-07-10 13:24:53.952964+00:00,2.2584876
2025-07-10 13:25:07.024033+00:00,2.2584862
2025-07-10 13:25:19.767051+00:00,2.2584869
2025-07-10 13:25:39.786527+00:00,2.2584875
2025-07-10 13:25:48.045238+00:00,2.2584873
2025-07-10 13:25:59.235826+00:00,2.2584875
2025-07-10 13:26:21.318581+00:00,2.2584871
2025-07-10 13:26:25.639968+00:00,2.2584869
2025-07-10 13:26:37.151577+00:00,2.2584872
2025-07-10 13:26:49.388673+00:00,2.2584875
2025-07-10 13:27:04.224191+00:00,2.2584873
2025-07-10 13:27:13.319308+00:00,2.2584875
2025-07-10 13:27:26.063856+00:00,2.2584868
2025-07-10 13:27:38.619869+00:00,2.258487
2025-07-10 13:27:51.003050+00:00,2.2584874
2025-07-10 13:28:03.762453+00:00,2.2584873
2025-07-10 13:28:16.539740+00:00,2.2584876
2025-07-10 13:28:29.176651+00:00,2.2584874
2025-07-10 13:28:41.898731+00:00,2.258487
2025-07-10 13:28:54.093946+00:00,2.2584872
2025-07-10 13:29:06.993357+00:00,2.258487
2025-07-10 13:29:24.912312+00:00,2.2584878
2025-07-10 13:29:32.156340+00:00,2.2584872
2025-07-10 13:29:44.031727+00:00,2.2584869
2025-07-10 13:29:56.595834+00:00,2.2584873
2025-07-10 13:30:09.519720+00:00,2.2584869
2025-07-10 13:30:21.752743+00:00,2.2584869
2025-07-10 13:30:34.079494+00:00,2.2584875
2025-07-10 13:30:46.725262+00:00,2.2584869
2025-07-10 13:30:59.315803+00:00,2.2584869
2025-07-10 13:31:14.871312+00:00,2.2584867
2025-07-10 13:31:24.635296+00:00,2.258487
2025-07-10 13:32:37.058302+00:00,2.2584872
2025-07-10 13:32:56.709026+00:00,2.2584875
2025-07-10 13:33:10.238101+00:00,2.2584871
2025-07-10 13:33:22.690578+00:00,2.2584875
2025-07-10 13:33:51.707121+00:00,2.2584869
2025-07-10 13:34:01.483721+00:00,2.2584875
2025-07-10 13:34:15.871650+00:00,2.2584868
2025-07-10 13:34:29.079811+00:00,2.2584869
2025-07-10 13:34:40.234703+00:00,2.2584868
2025-07-10 13:34:59.691847+00:00,2.2584866
2025-07-10 13:35:05.318789+00:00,2.258487
2025-07-10 13:35:17.743564+00:00,2.2584872
2025-07-10 13:35:30.318686+00:00,2.2584868
2025-07-10 13:35:43.178859+00:00,2.2584872
2025-07-10 13:35:57.490304+00:00,2.2584872
2025-07-10 13:36:12.013586+00:00,2.258487
2025-07-10 13:36:19.974047+00:00,2.2584875
2025-07-10 13:36:33.836545+00:00,2.2584872
2025-07-10 13:36:44.778822+00:00,2.2584873
2025-07-10 13:36:57.887865+00:00,2.2584874
2025-07-10 13:37:10.881527+00:00,2.2584875
2025-07-10 13:37:36.427227+00:00,2.2584873
2025-07-10 13:37:49.358544+00:00,2.2584866
2025-07-10 13:38:01.998773+00:00,2.2584869
2025-07-10 13:38:14.547019+00:00,2.2584871
2025-07-10 13:38:29.155054+00:00,2.2584871
2025-07-10 13:38:40.030076+00:00,2.2584873
2025-07-10 13:38:52.555484+00:00,2.2584873
2025-07-10 13:39:42.739992+00:00,2.2584875
2025-07-10 13:40:10.745725+00:00,2.258487
2025-07-10 13:40:20.446640+00:00,2.2584869
2025-07-10 13:40:33.020442+00:00,2.2584874
2025-07-10 13:40:46.152780+00:00,2.2584865
2025-07-10 13:40:59.573266+00:00,2.2584869
2025-07-10 13:41:11.186414+00:00,2.2584877
2025-07-10 13:41:24.106001+00:00,2.2584867
2025-07-10 13:41:37.074753+00:00,2.2584873
2025-07-10 13:41:50.697167+00:00,2.2584872
2025-07-10 13:42:03.662403+00:00,2.2584867
2025-07-10 13:42:17.072732+00:00,2.2584867
2025-07-10 13:42:29.859955+00:00,2.2584872
2025-07-10 13:42:42.924587+00:00,2.2584868
2025-07-10 13:42:55.826913+00:00,2.2584871
2025-07-10 13:43:08.689558+00:00,2.2584872
2025-07-10 13:43:21.053855+00:00,2.2584868
2025-07-10 13:43:33.930855+00:00,2.2584872
2025-07-10 13:43:47.084719+00:00,2.2584876
2025-07-10 13:43:59.859709+00:00,2.2584873
2025-07-10 13:44:12.556784+00:00,2.2584874
2025-07-10 13:44:24.509672+00:00,2.258487
2025-07-10 13:44:37.318590+00:00,2.2584876
2025-07-10 13:44:49.320578+00:00,2.2584868
2025-07-10 13:45:04.026768+00:00,2.2584867
2025-07-10 13:45:14.246362+00:00,2.2584868
2025-07-10 13:45:26.541567+00:00,2.2584868
2025-07-10 13:45:40.705705+00:00,2.2584874
2025-07-10 13:45:51.757134+00:00,2.2584868
2025-07-10 13:46:06.736479+00:00,2.2584875
2025-07-10 13:46:16.733499+00:00,2.2584872
2025-07-10 13:46:29.085224+00:00,2.2584868
2025-07-10 13:46:57.616359+00:00,2.2584869
2025-07-10 13:47:08.318770+00:00,2.2584872
2025-07-10 13:47:20.065568+00:00,2.2584866
2025-07-10 13:47:36.846098+00:00,2.2584872
2025-07-10 13:47:45.525845+00:00,2.2584874
2025-07-10 13:47:58.039127+00:00,2.2584872
2025-07-10 13:48:11.970657+00:00,2.2584869
2025-07-10 13:48:23.539843+00:00,2.2584868
2025-07-10 13:48:36.931120+00:00,2.2584869
2025-07-10 13:48:49.156401+00:00,2.2584868
2025-07-10 13:49:00.580312+00:00,2.2584868
2025-07-10 13:49:14.034437+00:00,2.2584868
2025-07-10 13:49:26.030228+00:00,2.2584871
2025-07-10 13:49:38.414288+00:00,2.2584872
2025-07-10 13:49:52.085111+00:00,2.2584865
2025-07-10 13:50:04.108692+00:00,2.258487
2025-07-10 13:50:28.497497+00:00,2.2584872
2025-07-10 13:50:42.920896+00:00,2.2584877
2025-07-10 13:50:56.796278+00:00,2.2584876
2025-07-10 13:51:11.978889+00:00,2.2584864
2025-07-10 13:51:23.537095+00:00,2.2584873
2025-07-10 13:51:39.335067+00:00,2.2584871
2025-07-10 13:51:48.227433+00:00,2.2584865
2025-07-10 13:52:01.326059+00:00,2.2584875
2025-07-10 13:52:14.905080+00:00,2.2584871
2025-07-10 13:52:33.328240+00:00,2.2584868
2025-07-10 13:52:39.753201+00:00,2.2584872
2025-07-10 13:52:52.661559+00:00,2.2584875
2025-07-10 13:53:09.877448+00:00,2.2584875
2025-07-10 13:53:18.577272+00:00,2.2584872
2025-07-10 13:53:30.774722+00:00,2.2584869
2025-07-10 13:53:45.777207+00:00,2.2584872
2025-07-10 13:53:55.633997+00:00,2.2584869
2025-07-10 13:54:08.432793+00:00,2.2584867
2025-07-10 13:54:21.003468+00:00,2.2584869
2025-07-10 13:54:33.477312+00:00,2.2584877
2025-07-10 13:54:45.969500+00:00,2.258487
2025-07-10 13:54:58.464580+00:00,2.2584866
2025-07-10 13:55:11.283880+00:00,2.2584878
2025-07-10 13:55:23.840441+00:00,2.2584872
2025-07-10 13:55:36.547518+00:00,2.2584878
2025-07-10 13:55:48.859557+00:00,2.2584874
2025-07-10 13:56:01.452337+00:00,2.2584865
2025-07-10 13:56:19.173344+00:00,2.2584871
2025-07-10 13:56:28.781368+00:00,2.2584874
2025-07-10 13:56:39.689707+00:00,2.258487
2025-07-10 13:56:52.116744+00:00,2.2584869
2025-07-10 13:57:05.111642+00:00,2.2584874
2025-07-10 13:57:17.252679+00:00,2.2584875
2025-07-10 13:57:29.360890+00:00,2.2584872
2025-07-10 13:57:41.742495+00:00,2.2584874
2025-07-10 13:57:54.293434+00:00,2.2584869
2025-07-10 13:58:14.061888+00:00,2.2584865
2025-07-10 13:58:21.339891+00:00,2.2584869
2025-07-10 13:58:32.344877+00:00,2.258487
2025-07-10 13:58:45.842683+00:00,2.258487
2025-07-10 13:59:10.066354+00:00,2.2584875
2025-07-10 13:59:22.569143+00:00,2.2584875
2025-07-10 13:59:35.103444+00:00,2.2584871
2025-07-10 13:59:48.960669+00:00,2.2584867
2025-07-10 14:00:00.977269+00:00,2.2584865
2025-07-10 14:00:14.068327+00:00,2.2584867
2025-07-10 14:00:27.033743+00:00,2.2584871
2025-07-10 14:00:40.588246+00:00,2.2584872
2025-07-10 14:00:53.149748+00:00,2.2584872
2025-07-10 14:01:32.249069+00:00,2.2584869
2025-07-10 14:01:46.122068+00:00,2.258487
2025-07-10 14:02:15.349727+00:00,2.2584866
2025-07-10 14:02:41.666239+00:00,2.258487
2025-07-10 14:02:49.747600+00:00,2.2584872
2025-07-10 14:03:02.757180+00:00,2.2584867
2025-07-10 14:03:14.710229+00:00,2.2584866
2025-07-10 14:03:27.135564+00:00,2.2584868
2025-07-10 14:03:42.281361+00:00,2.2584868
2025-07-10 14:03:52.258159+00:00,2.2584865
2025-07-10 14:04:05.357586+00:00,2.2584867
2025-07-10 14:04:18.198022+00:00,2.2584866
2025-07-10 14:04:30.666225+00:00,2.2584873
2025-07-10 14:04:43.276312+00:00,2.2584867
2025-07-10 14:04:55.774155+00:00,2.2584874
2025-07-10 14:05:08.733209+00:00,2.2584876
2025-07-10 14:05:21.468665+00:00,2.2584864
2025-07-10 14:05:34.007404+00:00,2.2584863
2025-07-10 14:06:07.219187+00:00,2.258487
2025-07-10 14:06:11.743635+00:00,2.2584873
2025-07-10 14:06:24.127861+00:00,2.2584868
2025-07-10 14:06:36.768785+00:00,2.2584864
2025-07-10 14:06:50.055742+00:00,2.2584876
2025-07-10 14:07:02.960667+00:00,2.2584864
2025-07-10 14:07:14.438117+00:00,2.2584869
2025-07-10 14:07:26.841723+00:00,2.2584869
2025-07-10 14:07:41.137874+00:00,2.2584874
2025-07-10 14:07:52.452790+00:00,2.2584867
2025-07-10 14:08:05.346242+00:00,2.2584871
2025-07-10 14:08:18.084305+00:00,2.2584868
2025-07-10 14:08:31.120492+00:00,2.2584867
2025-07-10 14:08:44.682845+00:00,2.2584868
2025-07-10 14:08:57.275678+00:00,2.2584871
2025-07-10 14:09:25.788169+00:00,2.258487
2025-07-10 14:09:36.498495+00:00,2.2584867
2025-07-10 14:09:52.489088+00:00,2.2584867
2025-07-10 14:10:02.780283+00:00,2.2584872
2025-07-10 14:10:15.851314+00:00,2.2584869
2025-07-10 14:10:28.140330+00:00,2.2584875
2025-07-10 14:10:41.345900+00:00,2.2584875
2025-07-10 14:10:53.947383+00:00,2.2584874
2025-07-10 14:11:07.095137+00:00,2.2584875
2025-07-10 14:11:19.655926+00:00,2.2584874
2025-07-10 14:11:32.449144+00:00,2.2584875
2025-07-10 14:11:45.090807+00:00,2.2584877
2025-07-10 14:11:58.753947+00:00,2.2584866
2025-07-10 14:12:10.755176+00:00,2.2584868
2025-07-10 14:12:23.700493+00:00,2.2584866
2025-07-10 14:12:35.274638+00:00,2.2584872
2025-07-10 14:12:48.047182+00:00,2.2584873
2025-07-10 14:13:02.087810+00:00,2.258487
2025-07-10 14:13:15.720532+00:00,2.2584873
2025-07-10 14:13:25.491124+00:00,2.258487
2025-07-10 14:13:41.554960+00:00,2.2584868
2025-07-10 14:13:51.026966+00:00,2.2584872
2025-07-10 14:14:04.679121+00:00,2.2584868
2025-07-10 14:14:17.336667+00:00,2.2584866
2025-07-10 14:14:32.602674+00:00,2.2584867
2025-07-10 14:14:41.800165+00:00,2.2584866
2025-07-10 14:14:54.409571+00:00,2.2584867
2025-07-10 14:15:06.924002+00:00,2.2584869
2025-07-10 14:15:22.683361+00:00,2.2584873
2025-07-10 14:15:32.338530+00:00,2.2584872
2025-07-10 14:15:44.229800+00:00,2.258487
2025-07-10 14:15:56.506864+00:00,2.2584876
2025-07-10 14:16:14.283303+00:00,2.2584874
2025-07-10 14:16:34.175592+00:00,2.2584867
2025-07-10 14:17:02.273984+00:00,2.2584874
2025-07-10 14:17:13.811370+00:00,2.2584873
2025-07-10 14:17:25.946095+00:00,2.2584868
2025-07-10 14:17:39.150572+00:00,2.2584875
2025-07-10 14:17:51.778801+00:00,2.2584867
2025-07-10 14:18:25.805594+00:00,2.2584874
2025-07-10 14:18:44.662161+00:00,2.2584863
2025-07-10 14:18:57.449287+00:00,2.2584867
2025-07-10 14:19:10.619786+00:00,2.2584873
2025-07-10 14:19:23.299521+00:00,2.2584868
2025-07-10 14:19:36.815812+00:00,2.2584876
2025-07-10 14:19:53.469182+00:00,2.2584872
2025-07-10 14:20:06.055238+00:00,2.2584866
2025-07-10 14:20:53.393378+00:00,2.258487
2025-07-10 14:21:08.223550+00:00,2.2584866
2025-07-10 14:21:19.010095+00:00,2.2584874
2025-07-10 14:21:34.508445+00:00,2.2584869
2025-07-10 14:21:43.531919+00:00,2.258487
2025-07-10 14:21:55.985377+00:00,2.2584879
2025-07-10 14:22:19.985341+00:00,2.2584869
2025-07-10 14:22:56.272538+00:00,2.2584876
2025-07-10 14:23:07.889961+00:00,2.2584871
2025-07-10 14:23:26.355202+00:00,2.2584873
2025-07-10 14:23:44.532916+00:00,2.2584873
2025-07-10 14:23:51.472017+00:00,2.2584871
2025-07-10 14:24:02.226736+00:00,2.2584872
2025-07-10 14:24:14.866765+00:00,2.2584867
2025-07-10 14:24:29.523517+00:00,2.2584874
2025-07-10 14:24:39.700535+00:00,2.2584871
2025-07-10 14:24:57.706924+00:00,2.258487
2025-07-10 14:25:04.656468+00:00,2.2584878
2025-07-10 14:25:17.696892+00:00,2.2584874
2025-07-10 14:25:29.669119+00:00,2.258487
2025-07-10 14:25:42.834494+00:00,2.2584871
2025-07-10 14:25:54.637226+00:00,2.2584868
2025-07-10 14:26:08.309505+00:00,2.2584867
2025-07-10 14:26:19.911989+00:00,2.2584867
2025-07-10 14:26:37.453722+00:00,2.2584873
2025-07-10 14:26:46.300084+00:00,2.2584874
2025-07-10 14:26:58.595820+00:00,2.2584872
2025-07-10 14:27:11.538391+00:00,2.258487
2025-07-10 14:27:24.678599+00:00,2.258487
2025-07-10 14:27:38.616110+00:00,2.2584871
2025-07-10 14:27:51.154011+00:00,2.2584875
2025-07-10 14:28:04.415688+00:00,2.2584875
2025-07-10 14:28:17.523937+00:00,2.2584874
2025-07-10 14:28:33.998795+00:00,2.2584874
2025-07-10 14:28:49.327716+00:00,2.2584874
2025-07-10 14:28:56.285228+00:00,2.2584877
2025-07-10 14:29:09.672288+00:00,2.2584875
2025-07-10 14:29:26.064514+00:00,2.2584872
2025-07-10 14:29:49.679146+00:00,2.2584872
2025-07-10 14:30:02.375053+00:00,2.2584873
2025-07-10 14:31:54.771266+00:00,2.2584866
2025-07-10 14:32:31.966925+00:00,2.2584876
2025-07-10 14:32:49.630211+00:00,2.2584875
2025-07-10 14:32:57.099492+00:00,2.2584865
2025-07-10 14:33:11.357564+00:00,2.2584872
2025-07-10 14:33:23.700383+00:00,2.2584869
2025-07-10 14:33:49.932421+00:00,2.258487
2025-07-10 14:34:02.207224+00:00,2.2584868
2025-07-10 14:34:24.731140+00:00,2.2584871
2025-07-10 14:34:37.289557+00:00,2.2584863
2025-07-10 14:34:49.898739+00:00,2.258487
2025-07-10 14:35:03.033863+00:00,2.2584867
2025-07-10 14:35:15.788021+00:00,2.2584872
2025-07-10 14:35:27.897709+00:00,2.2584872
2025-07-10 14:35:40.716445+00:00,2.2584866
2025-07-10 14:35:53.660026+00:00,2.258487
2025-07-10 14:36:09.352585+00:00,2.2584871
2025-07-10 14:36:20.274859+00:00,2.2584872
2025-07-10 14:36:33.785845+00:00,2.2584872
2025-07-10 14:36:46.352441+00:00,2.2584874
2025-07-10 14:36:59.217001+00:00,2.2584866
2025-07-10 14:37:21.148482+00:00,2.2584872
2025-07-10 14:37:25.027641+00:00,2.2584877
2025-07-10 14:37:38.114838+00:00,2.258487
2025-07-10 14:37:50.665892+00:00,2.2584871
2025-07-10 14:38:03.987815+00:00,2.258487
2025-07-10 14:38:17.066712+00:00,2.2584868
2025-07-10 14:38:44.928004+00:00,2.2584871
2025-07-10 14:38:55.030733+00:00,2.2584874
2025-07-10 14:39:07.655827+00:00,2.2584877
2025-07-10 14:39:25.296259+00:00,2.2584869
2025-07-10 14:39:32.423570+00:00,2.2584875
2025-07-10 14:39:46.912511+00:00,2.2584874
2025-07-10 14:39:56.927553+00:00,2.2584866
2025-07-10 14:40:10.646003+00:00,2.2584869
2025-07-10 14:40:22.876040+00:00,2.2584869
2025-07-10 14:40:34.854365+00:00,2.2584877
2025-07-10 14:40:47.205768+00:00,2.2584872
2025-07-10 14:40:59.648164+00:00,2.258487
2025-07-10 14:41:12.735774+00:00,2.2584868
2025-07-10 14:41:25.708848+00:00,2.2584869
2025-07-10 14:41:38.203122+00:00,2.2584872
2025-07-10 14:41:50.907595+00:00,2.258487
2025-07-10 14:42:06.925840+00:00,2.2584867
2025-07-10 14:42:16.093025+00:00,2.2584874
2025-07-10 14:42:28.100476+00:00,2.2584872
2025-07-10 14:42:41.526697+00:00,2.2584871
2025-07-10 14:42:53.134953+00:00,2.2584866
2025-07-10 14:43:05.890300+00:00,2.2584872
2025-07-10 14:43:19.552167+00:00,2.2584872
2025-07-10 14:43:31.767489+00:00,2.2584871
2025-07-10 14:43:43.695966+00:00,2.258487
2025-07-10 14:44:11.473107+00:00,2.2584869
2025-07-10 14:44:22.213887+00:00,2.2584873
2025-07-10 14:44:35.210730+00:00,2.2584868
2025-07-10 14:44:48.547927+00:00,2.2584866
2025-07-10 14:45:01.140485+00:00,2.2584869
2025-07-10 14:45:14.432131+00:00,2.2584874
2025-07-10 14:45:44.153407+00:00,2.2584865
2025-07-10 14:45:55.467998+00:00,2.2584871
2025-07-10 14:46:06.821492+00:00,2.2584877
2025-07-10 14:46:19.957953+00:00,2.2584873
2025-07-10 14:46:32.879559+00:00,2.2584872
2025-07-10 14:46:45.802440+00:00,2.258487
2025-07-10 14:47:00.677556+00:00,2.2584875
2025-07-10 14:47:11.487815+00:00,2.258487
2025-07-10 14:47:34.013249+00:00,2.258487
2025-07-10 14:47:51.116124+00:00,2.258487
2025-07-10 14:48:02.260992+00:00,2.2584872
2025-07-10 14:48:14.696951+00:00,2.2584877
2025-07-10 14:48:27.266964+00:00,2.2584869
2025-07-10 14:48:40.230064+00:00,2.2584868
2025-07-10 14:48:52.297467+00:00,2.2584875
2025-07-10 14:49:05.551520+00:00,2.2584875
2025-07-10 14:49:19.144729+00:00,2.2584869
2025-07-10 14:49:30.270095+00:00,2.2584869
2025-07-10 14:49:43.016223+00:00,2.2584874
2025-07-10 14:49:55.442167+00:00,2.2584867
2025-07-10 14:50:12.131515+00:00,2.2584871
2025-07-10 14:50:20.757634+00:00,2.2584872
2025-07-10 14:50:33.615678+00:00,2.2584873
2025-07-10 14:50:57.740532+00:00,2.2584865
2025-07-10 14:51:11.090156+00:00,2.2584866
2025-07-10 14:51:30.912760+00:00,2.2584875
2025-07-10 14:51:38.131835+00:00,2.2584872
2025-07-10 14:52:21.452198+00:00,2.2584869
2025-07-10 14:52:26.862354+00:00,2.2584869
2025-07-10 14:52:39.014249+00:00,2.2584877
2025-07-10 14:52:51.579441+00:00,2.2584879
2025-07-10 14:53:04.529313+00:00,2.2584876
2025-07-10 14:53:16.876526+00:00,2.2584867
2025-07-10 14:53:29.415969+00:00,2.2584871
2025-07-10 14:53:41.977379+00:00,2.2584871
2025-07-10 14:53:55.329778+00:00,2.258487
2025-07-10 14:54:15.096022+00:00,2.2584875
2025-07-10 14:54:22.718028+00:00,2.2584875
2025-07-10 14:56:16.838380+00:00,2.2584874
2025-07-10 14:56:39.910783+00:00,2.258487
2025-07-10 14:56:42.327754+00:00,2.2584875
2025-07-10 14:57:07.736939+00:00,2.2584877
2025-07-10 14:57:19.996029+00:00,2.2584874
2025-07-10 14:57:32.992066+00:00,2.2584873
2025-07-10 14:57:48.410950+00:00,2.2584869
2025-07-10 14:57:58.004204+00:00,2.258487
2025-07-10 14:58:10.439041+00:00,2.2584875
2025-07-10 14:58:22.937129+00:00,2.2584876
2025-07-10 14:58:35.716026+00:00,2.2584877
2025-07-10 14:58:48.481629+00:00,2.2584868
2025-07-10 14:59:29.889366+00:00,2.258487
2025-07-10 15:00:41.406315+00:00,2.2584872
2025-07-10 15:00:53.859783+00:00,2.2584872
2025-07-10 15:01:07.137202+00:00,2.2584869
2025-07-10 15:01:19.055380+00:00,2.2584869
2025-07-10 15:01:31.747236+00:00,2.2584876
2025-07-10 15:01:44.454181+00:00,2.2584872
2025-07-10 15:02:15.037726+00:00,2.2584875
2025-07-10 15:02:22.661748+00:00,2.2584877
2025-07-10 15:02:35.438053+00:00,2.2584872
2025-07-10 15:02:48.810330+00:00,2.2584871
2025-07-10 15:03:01.316830+00:00,2.2584875
2025-07-10 15:03:15.785001+00:00,2.2584876
2025-07-10 15:03:28.535555+00:00,2.258487
2025-07-10 15:03:40.359998+00:00,2.258487
2025-07-10 15:03:53.340552+00:00,2.2584874
2025-07-10 15:04:06.754073+00:00,2.2584874
2025-07-10 15:04:19.376927+00:00,2.2584872
2025-07-10 15:04:57.825599+00:00,2.2584877
2025-07-10 15:05:10.888221+00:00,2.2584871
2025-07-10 15:05:25.534505+00:00,2.2584875
2025-07-10 15:05:36.827231+00:00,2.2584868
2025-07-10 15:05:48.820374+00:00,2.2584868
2025-07-10 15:06:03.006645+00:00,2.2584871
2025-07-10 15:06:14.122097+00:00,2.2584869
2025-07-10 15:06:26.367398+00:00,2.2584871
2025-07-10 15:06:39.172259+00:00,2.2584872
2025-07-10 15:06:51.749307+00:00,2.2584872
2025-07-10 15:07:05.022331+00:00,2.2584871
2025-07-10 15:07:19.249396+00:00,2.2584873
2025-07-10 15:07:42.522447+00:00,2.2584874
2025-07-10 15:07:56.862658+00:00,2.2584872
2025-07-10 15:08:32.520023+00:00,2.2584878
2025-07-10 15:08:44.504781+00:00,2.258487
2025-07-10 15:09:04.938670+00:00,2.258487
2025-07-10 15:09:20.086890+00:00,2.2584872
2025-07-10 15:09:34.645577+00:00,2.2584877
2025-07-10 15:09:47.363640+00:00,2.2584876
2025-07-10 15:09:59.800653+00:00,2.2584872
2025-07-10 15:10:12.703729+00:00,2.2584879
2025-07-10 15:10:27.100323+00:00,2.2584875
2025-07-10 15:10:38.617182+00:00,2.2584879
2025-07-10 15:10:51.274563+00:00,2.2584866
2025-07-10 15:11:05.206713+00:00,2.2584871
2025-07-10 15:11:17.923721+00:00,2.2584876
2025-07-10 15:11:31.285617+00:00,2.2584873
2025-07-10 15:11:43.561494+00:00,2.2584875
2025-07-10 15:12:45.325012+00:00,2.2584869
2025-07-10 15:13:01.581293+00:00,2.2584872
2025-07-10 15:13:14.123313+00:00,2.2584873
2025-07-10 15:13:26.863062+00:00,2.258487
2025-07-10 15:13:40.275741+00:00,2.2584875
2025-07-10 15:14:00.593252+00:00,2.2584868
2025-07-10 15:14:05.536409+00:00,2.2584877
2025-07-10 15:14:18.881855+00:00,2.2584874
2025-07-10 15:14:32.168672+00:00,2.2584872
2025-07-10 15:14:42.681288+00:00,2.2584871
2025-07-10 15:14:55.411651+00:00,2.2584872
2025-07-10 15:15:08.050787+00:00,2.2584874
2025-07-10 15:15:20.241895+00:00,2.2584865
2025-07-10 15:15:33.042490+00:00,2.2584868
2025-07-10 15:15:45.459425+00:00,2.2584871
2025-07-10 15:15:58.022656+00:00,2.258487
2025-07-10 15:16:10.698714+00:00,2.2584869
2025-07-10 15:16:23.070994+00:00,2.2584872
2025-07-10 15:16:36.454173+00:00,2.258488
2025-07-10 15:16:48.708254+00:00,2.2584871
2025-07-10 15:17:02.139667+00:00,2.2584871
2025-07-10 15:17:13.557212+00:00,2.2584872
2025-07-10 15:17:26.054125+00:00,2.2584873
2025-07-10 15:17:39.327326+00:00,2.2584872
2025-07-10 15:17:51.565581+00:00,2.2584874
2025-07-10 15:18:04.458153+00:00,2.2584876
2025-07-10 15:18:17.020949+00:00,2.2584877
2025-07-10 15:18:29.418637+00:00,2.2584868
2025-07-10 15:18:42.052872+00:00,2.258487
2025-07-10 15:18:54.742870+00:00,2.2584874
2025-07-10 15:19:13.842384+00:00,2.2584876
2025-07-10 15:19:21.923005+00:00,2.2584871
2025-07-10 15:19:34.973453+00:00,2.2584869
2025-07-10 15:20:02.726556+00:00,2.2584871
2025-07-10 15:20:32.287753+00:00,2.2584875
2025-07-10 15:21:35.306520+00:00,2.2584876
2025-07-10 15:21:43.998929+00:00,2.2584878
2025-07-10 15:21:57.264570+00:00,2.2584872
2025-07-10 15:22:10.327645+00:00,2.2584874
2025-07-10 15:22:23.139930+00:00,2.2584871
2025-07-10 15:22:35.781192+00:00,2.2584871
2025-07-10 15:22:48.731044+00:00,2.2584874
2025-07-10 15:23:02.139315+00:00,2.2584867
2025-07-10 15:23:13.309292+00:00,2.2584871
2025-07-10 15:23:26.000869+00:00,2.2584869
2025-07-10 15:23:38.302534+00:00,2.2584874
2025-07-10 15:24:17.058542+00:00,2.2584875
2025-07-10 15:24:28.780734+00:00,2.2584868
2025-07-10 15:24:41.222065+00:00,2.2584873
2025-07-10 15:24:53.718308+00:00,2.2584868
2025-07-10 15:25:08.285873+00:00,2.2584872
2025-07-10 15:25:23.472177+00:00,2.2584871
2025-07-10 15:25:44.763587+00:00,2.2584871
2025-07-10 15:25:56.742256+00:00,2.2584873
2025-07-10 15:26:16.126315+00:00,2.2584877
2025-07-10 15:26:21.918729+00:00,2.2584871
2025-07-10 15:26:34.682296+00:00,2.258487
2025-07-10 15:26:47.542982+00:00,2.2584875
2025-07-10 15:27:04.869015+00:00,2.2584874
2025-07-10 15:27:18.362539+00:00,2.2584871
2025-07-10 15:27:28.559088+00:00,2.2584867
2025-07-10 15:27:37.010870+00:00,2.2584875
2025-07-10 15:27:49.835096+00:00,2.2584869
2025-07-10 15:28:03.725578+00:00,2.2584874
2025-07-10 15:28:15.782467+00:00,2.2584868
2025-07-10 15:28:27.807471+00:00,2.2584871
2025-07-10 15:28:40.875646+00:00,2.2584876
2025-07-10 15:28:54.016738+00:00,2.2584868
2025-07-10 15:29:13.256978+00:00,2.2584872
2025-07-10 15:29:33.855022+00:00,2.2584876
2025-07-10 15:29:46.667215+00:00,2.2584876
2025-07-10 15:29:59.864555+00:00,2.2584869
2025-07-10 15:30:43.679298+00:00,2.2584872
2025-07-10 15:31:04.220180+00:00,2.2584871
2025-07-10 15:31:17.126935+00:00,2.2584871
2025-07-10 15:31:29.681976+00:00,2.2584873
2025-07-10 15:31:41.995076+00:00,2.2584872
2025-07-10 15:31:54.981104+00:00,2.2584873
2025-07-10 15:32:25.708870+00:00,2.2584875
2025-07-10 15:32:51.645954+00:00,2.258488
2025-07-10 15:33:01.206045+00:00,2.2584868
2025-07-10 15:33:12.568303+00:00,2.2584873
2025-07-10 15:33:23.619845+00:00,2.2584876
2025-07-10 15:33:35.146125+00:00,2.2584871
2025-07-10 15:33:48.331413+00:00,2.2584876
2025-07-10 15:34:03.456002+00:00,2.2584869
2025-07-10 15:34:13.315717+00:00,2.2584873
2025-07-10 15:34:26.514367+00:00,2.258487
2025-07-10 15:34:38.753975+00:00,2.2584877
2025-07-10 15:34:51.376090+00:00,2.2584875
2025-07-10 15:35:04.937764+00:00,2.2584875
2025-07-10 15:35:16.732234+00:00,2.2584868
2025-07-10 15:35:28.984317+00:00,2.2584867
2025-07-10 15:35:41.571261+00:00,2.2584877
2025-07-10 15:35:53.991686+00:00,2.2584869
2025-07-10 15:36:07.331749+00:00,2.2584872
2025-07-10 15:36:19.366720+00:00,2.2584872
2025-07-10 15:36:32.359743+00:00,2.2584874
2025-07-10 15:36:44.364334+00:00,2.2584872
2025-07-10 15:36:56.943746+00:00,2.258487
2025-07-10 15:37:09.988852+00:00,2.2584871
2025-07-10 15:37:22.629632+00:00,2.2584873
2025-07-10 15:37:35.834997+00:00,2.2584876
2025-07-10 15:37:48.735178+00:00,2.2584875
2025-07-10 15:38:01.465925+00:00,2.258487
2025-07-10 15:38:13.692526+00:00,2.2584876
2025-07-10 15:38:26.857152+00:00,2.2584873
2025-07-10 15:38:41.077069+00:00,2.2584877
2025-07-10 15:38:52.894115+00:00,2.2584875
2025-07-10 15:39:06.364783+00:00,2.2584868
2025-07-10 15:39:18.944122+00:00,2.2584873
2025-07-10 15:39:31.898755+00:00,2.2584875
2025-07-10 15:39:44.670756+00:00,2.2584872
2025-07-10 15:39:57.552874+00:00,2.2584878
2025-07-10 15:40:10.521513+00:00,2.2584869
2025-07-10 15:40:23.528953+00:00,2.2584877
2025-07-10 15:40:36.311348+00:00,2.2584878
2025-07-10 15:40:48.530584+00:00,2.2584874
2025-07-10 15:41:01.344173+00:00,2.2584871
2025-07-10 15:42:55.510724+00:00,2.2584871
2025-07-10 15:43:07.868121+00:00,2.2584869
2025-07-10 15:43:19.942964+00:00,2.2584867
2025-07-10 15:43:32.656374+00:00,2.2584872
2025-07-10 15:43:45.092540+00:00,2.2584875
2025-07-10 15:43:57.325487+00:00,2.2584873
2025-07-10 15:44:10.508283+00:00,2.2584876
2025-07-10 15:44:22.546348+00:00,2.2584877
2025-07-10 15:44:35.128793+00:00,2.2584876
2025-07-10 15:44:47.899804+00:00,2.2584873
2025-07-10 15:45:00.604253+00:00,2.2584876
2025-07-10 15:45:13.405581+00:00,2.2584874
2025-07-10 15:45:25.656995+00:00,2.258487
2025-07-10 15:45:38.240750+00:00,2.258487
2025-07-10 15:45:51.276835+00:00,2.2584873
2025-07-10 15:46:04.489979+00:00,2.2584871
2025-07-10 15:46:19.518315+00:00,2.2584872
2025-07-10 15:46:35.203872+00:00,2.2584878
2025-07-10 15:46:56.933011+00:00,2.2584875
2025-07-10 15:47:09.702248+00:00,2.2584867
2025-07-10 15:47:22.513410+00:00,2.2584871
2025-07-10 15:47:35.341061+00:00,2.2584869
2025-07-10 15:47:49.411805+00:00,2.2584874
2025-07-10 15:48:02.936818+00:00,2.2584867
2025-07-10 15:48:14.344663+00:00,2.2584873
2025-07-10 15:48:26.955939+00:00,2.2584875
2025-07-10 15:48:40.311780+00:00,2.2584876
2025-07-10 15:48:53.101116+00:00,2.2584872
2025-07-10 15:49:56.118308+00:00,2.2584875
2025-07-10 15:50:12.156691+00:00,2.2584877
2025-07-10 15:50:23.006712+00:00,2.2584875
2025-07-10 15:50:33.627055+00:00,2.2584876
2025-07-10 15:50:47.802575+00:00,2.258487
2025-07-10 15:50:58.508038+00:00,2.2584877
2025-07-10 15:51:11.694013+00:00,2.2584873
2025-07-10 15:51:23.550994+00:00,2.2584876
2025-07-10 15:51:36.645435+00:00,2.2584877
2025-07-10 15:51:48.781110+00:00,2.2584874
2025-07-10 15:52:01.670885+00:00,2.2584874
2025-07-10 15:52:20.832110+00:00,2.2584872
2025-07-10 15:52:27.147948+00:00,2.2584879
2025-07-10 15:52:41.363972+00:00,2.2584878
2025-07-10 15:52:53.675974+00:00,2.2584869
2025-07-10 15:53:05.617495+00:00,2.2584875
2025-07-10 15:53:18.115195+00:00,2.2584875
2025-07-10 15:53:30.230205+00:00,2.2584874
2025-07-10 15:53:55.346279+00:00,2.2584869
2025-07-10 15:54:20.550840+00:00,2.258487
2025-07-10 15:54:33.524066+00:00,2.2584876
2025-07-10 15:54:45.763630+00:00,2.2584876
2025-07-10 15:54:58.203519+00:00,2.2584869
2025-07-10 15:55:21.651683+00:00,2.2584874
2025-07-10 15:55:24.015870+00:00,2.2584876
2025-07-10 15:55:37.057872+00:00,2.2584876
2025-07-10 15:55:49.560192+00:00,2.2584877
2025-07-10 15:56:02.984932+00:00,2.2584871
2025-07-10 15:56:16.331773+00:00,2.2584866
2025-07-10 15:56:39.230406+00:00,2.2584869
2025-07-10 15:57:08.664149+00:00,2.2584871
2025-07-10 15:57:21.306905+00:00,2.2584872
2025-07-10 15:57:33.975453+00:00,2.2584873
2025-07-10 15:57:48.509636+00:00,2.2584874
2025-07-10 15:57:59.669483+00:00,2.2584871
2025-07-10 15:58:13.472414+00:00,2.2584871
2025-07-10 15:58:25.865701+00:00,2.2584873
2025-07-10 15:58:38.198013+00:00,2.2584876
2025-07-10 15:58:51.069310+00:00,2.2584874
2025-07-10 15:59:03.461074+00:00,2.2584878
2025-07-10 15:59:15.922629+00:00,2.2584869
2025-07-10 15:59:28.703060+00:00,2.2584869
2025-07-10 15:59:40.908591+00:00,2.2584873
2025-07-10 15:59:53.815741+00:00,2.2584872
2025-07-10 16:00:06.533678+00:00,2.2584879
2025-07-10 16:00:19.118821+00:00,2.2584871
2025-07-10 16:00:34.376528+00:00,2.2584872
2025-07-10 16:00:48.591536+00:00,2.2584877
2025-07-10 16:00:57.222444+00:00,2.2584878
2025-07-10 16:01:10.575301+00:00,2.2584874
2025-07-10 16:01:24.156216+00:00,2.2584879
2025-07-10 16:01:37.098274+00:00,2.2584869
2025-07-10 16:01:48.406449+00:00,2.2584873
2025-07-10 16:02:11.044873+00:00,2.2584874
2025-07-10 16:02:23.324850+00:00,2.258487
2025-07-10 16:02:25.711180+00:00,2.2584871
2025-07-10 16:02:42.166946+00:00,2.2584872
2025-07-10 16:02:56.547642+00:00,2.2584873
2025-07-10 16:03:08.805971+00:00,2.2584866
2025-07-10 16:03:28.455655+00:00,2.2584872
2025-07-10 16:03:41.194948+00:00,2.2584879
2025-07-10 16:03:53.451024+00:00,2.2584874
2025-07-10 16:04:22.500589+00:00,2.2584871
2025-07-10 16:04:31.733390+00:00,2.2584871
2025-07-10 16:04:44.413236+00:00,2.2584867
2025-07-10 16:04:58.031054+00:00,2.2584873
2025-07-10 16:05:10.650861+00:00,2.258487
2025-07-10 16:05:23.773160+00:00,2.258487
2025-07-10 16:05:37.648567+00:00,2.258487
2025-07-10 16:05:49.570386+00:00,2.2584871
2025-07-10 16:06:03.008813+00:00,2.2584872
2025-07-10 16:06:15.851169+00:00,2.2584874
2025-07-10 16:06:28.485926+00:00,2.2584874
2025-07-10 16:06:41.290831+00:00,2.2584869
2025-07-10 16:06:54.230070+00:00,2.2584876
2025-07-10 16:07:07.898008+00:00,2.2584875
2025-07-10 16:07:20.282583+00:00,2.258487
2025-07-10 16:07:33.683749+00:00,2.2584871
2025-07-10 16:07:46.125716+00:00,2.2584877
2025-07-10 16:07:58.150021+00:00,2.2584869
2025-07-10 16:08:10.678677+00:00,2.2584873
2025-07-10 16:08:22.880978+00:00,2.2584875
2025-07-10 16:08:35.479158+00:00,2.2584877
2025-07-10 16:08:48.205955+00:00,2.2584871
2025-07-10 16:09:00.957559+00:00,2.2584876
2025-07-10 16:09:12.843080+00:00,2.2584876
2025-07-10 16:09:25.978675+00:00,2.258487
2025-07-10 16:09:39.591829+00:00,2.2584877
2025-07-10 16:10:04.961529+00:00,2.258487
2025-07-10 16:10:18.277887+00:00,2.2584872
2025-07-10 16:10:31.336630+00:00,2.2584878
2025-07-10 16:11:14.005514+00:00,2.2584871
2025-07-10 16:11:20.236192+00:00,2.2584878
2025-07-10 16:11:32.995370+00:00,2.2584875
2025-07-10 16:11:45.609024+00:00,2.2584878
2025-07-10 16:11:58.959383+00:00,2.2584876
2025-07-10 16:12:23.316651+00:00,2.2584871
2025-07-10 16:12:37.422121+00:00,2.2584871
2025-07-10 16:12:49.442909+00:00,2.2584871
2025-07-10 16:13:03.299873+00:00,2.2584879
2025-07-10 16:13:27.525477+00:00,2.258488
2025-07-10 16:13:49.770115+00:00,2.2584874
2025-07-10 16:14:21.852965+00:00,2.2584874
2025-07-10 16:14:33.947344+00:00,2.2584873
2025-07-10 16:14:47.079536+00:00,2.2584868
2025-07-10 16:14:59.747652+00:00,2.2584879
2025-07-10 16:15:12.586995+00:00,2.2584879
2025-07-10 16:15:51.409894+00:00,2.2584876
2025-07-10 16:16:04.235307+00:00,2.2584876
2025-07-10 16:16:16.876315+00:00,2.2584874
2025-07-10 16:16:29.000197+00:00,2.2584877
2025-07-10 16:16:41.407172+00:00,2.2584874
2025-07-10 16:16:54.404119+00:00,2.2584871
2025-07-10 16:17:07.375376+00:00,2.2584877
2025-07-10 16:17:19.890204+00:00,2.2584872
2025-07-10 16:17:32.926278+00:00,2.2584874
2025-07-10 16:17:55.747360+00:00,2.2584875
2025-07-10 16:17:58.595879+00:00,2.2584877
2025-07-10 16:18:11.618205+00:00,2.2584873
2025-07-10 16:18:23.952152+00:00,2.2584869
2025-07-10 16:18:36.684570+00:00,2.2584876
2025-07-10 16:18:58.220766+00:00,2.2584872
2025-07-10 16:19:01.947263+00:00,2.2584874
2025-07-10 16:19:14.016947+00:00,2.2584879
2025-07-10 16:19:28.949848+00:00,2.2584877
2025-07-10 16:19:53.400564+00:00,2.2584869
2025-07-10 16:20:34.622024+00:00,2.2584874
2025-07-10 16:20:44.504693+00:00,2.2584874
2025-07-10 16:20:58.480373+00:00,2.2584875
2025-07-10 16:21:14.522972+00:00,2.2584874
2025-07-10 16:21:21.038504+00:00,2.2584868
2025-07-10 16:21:34.477593+00:00,2.2584871
2025-07-10 16:21:54.106636+00:00,2.2584877
2025-07-10 16:22:00.584790+00:00,2.2584876
2025-07-10 16:22:13.698170+00:00,2.2584875
2025-07-10 16:22:26.913499+00:00,2.2584872
2025-07-10 16:22:39.364244+00:00,2.2584873
2025-07-10 16:22:52.255462+00:00,2.2584873
2025-07-10 16:23:05.692033+00:00,2.2584874
2025-07-10 16:23:18.298681+00:00,2.2584874
2025-07-10 16:23:31.785392+00:00,2.258487
2025-07-10 16:23:43.805978+00:00,2.2584875
2025-07-10 16:23:56.311493+00:00,2.2584869
2025-07-10 16:24:09.743198+00:00,2.2584879
2025-07-10 16:24:22.319874+00:00,2.2584875
2025-07-10 16:24:35.207422+00:00,2.2584867
2025-07-10 16:24:48.205010+00:00,2.2584873
2025-07-10 16:24:59.710014+00:00,2.2584879
2025-07-10 16:25:21.696331+00:00,2.2584872
2025-07-10 16:25:26.712378+00:00,2.2584875
2025-07-10 16:25:49.854695+00:00,2.2584878
2025-07-10 16:26:02.421148+00:00,2.2584875
2025-07-10 16:26:14.559160+00:00,2.2584874
2025-07-10 16:26:27.105003+00:00,2.258487
2025-07-10 16:26:39.925961+00:00,2.2584874
2025-07-10 16:26:55.015036+00:00,2.2584875
2025-07-10 16:27:07.477467+00:00,2.2584874
2025-07-10 16:27:17.824458+00:00,2.2584866
2025-07-10 16:27:30.576868+00:00,2.2584868
2025-07-10 16:27:43.480868+00:00,2.2584873
2025-07-10 16:27:55.966210+00:00,2.2584876
2025-07-10 16:28:09.168888+00:00,2.2584872
2025-07-10 16:28:21.528726+00:00,2.2584877
2025-07-10 16:28:34.557099+00:00,2.2584876
2025-07-10 16:28:46.683724+00:00,2.2584872
2025-07-10 16:28:59.225237+00:00,2.2584863
2025-07-10 16:29:11.509763+00:00,2.258487
2025-07-10 16:29:25.283342+00:00,2.2584873
2025-07-10 16:29:36.703216+00:00,2.2584878
2025-07-10 16:29:50.148806+00:00,2.258487
2025-07-10 16:30:02.306402+00:00,2.258487
2025-07-10 16:30:16.753344+00:00,2.2584877
2025-07-10 16:30:27.430123+00:00,2.258487
2025-07-10 16:30:39.871770+00:00,2.2584877
2025-07-10 16:30:52.303201+00:00,2.2584876
2025-07-10 16:31:06.255262+00:00,2.258487
2025-07-10 16:31:18.212100+00:00,2.2584879
2025-07-10 16:31:31.604018+00:00,2.2584875
2025-07-10 16:31:44.361523+00:00,2.2584874
2025-07-10 16:31:58.013285+00:00,2.2584876
2025-07-10 16:32:11.610012+00:00,2.2584868
2025-07-10 16:32:24.307479+00:00,2.258487
2025-07-10 16:32:37.444173+00:00,2.2584876
2025-07-10 16:32:51.176207+00:00,2.2584871
2025-07-10 16:33:04.642910+00:00,2.2584874
2025-07-10 16:33:16.810466+00:00,2.2584875
2025-07-10 16:33:29.983690+00:00,2.2584874
2025-07-10 16:33:43.719685+00:00,2.2584871
2025-07-10 16:34:26.703186+00:00,2.2584871
2025-07-10 16:35:00.335512+00:00,2.2584869
2025-07-10 16:35:30.364020+00:00,2.2584871
2025-07-10 16:35:41.485879+00:00,2.2584879
2025-07-10 16:35:48.206961+00:00,2.2584878
2025-07-10 16:36:02.451654+00:00,2.2584872
2025-07-10 16:36:14.130743+00:00,2.2584874
2025-07-10 16:36:25.977266+00:00,2.2584876
2025-07-10 16:36:39.780211+00:00,2.2584869
2025-07-10 16:36:51.176087+00:00,2.2584869
2025-07-10 16:37:05.069902+00:00,2.2584873
2025-07-10 16:37:16.538788+00:00,2.2584874
2025-07-10 16:37:30.057851+00:00,2.258487
2025-07-10 16:37:42.763527+00:00,2.2584877
2025-07-10 16:38:07.703382+00:00,2.2584872
2025-07-10 16:38:19.296635+00:00,2.2584874
2025-07-10 16:38:31.894285+00:00,2.2584874
2025-07-10 16:38:46.142284+00:00,2.2584871
2025-07-10 16:38:57.106185+00:00,2.2584876
2025-07-10 16:39:11.827115+00:00,2.258487
2025-07-10 16:39:23.105217+00:00,2.2584874
2025-07-10 16:39:34.951935+00:00,2.2584875
2025-07-10 16:39:47.917210+00:00,2.2584877
2025-07-10 16:40:00.798923+00:00,2.2584871
2025-07-10 16:40:14.500865+00:00,2.2584868
2025-07-10 16:40:27.017279+00:00,2.2584872
2025-07-10 16:40:39.857560+00:00,2.2584865
2025-07-10 16:41:53.836356+00:00,2.2584871
2025-07-10 16:41:57.671460+00:00,2.2584872
2025-07-10 16:42:11.093863+00:00,2.2584863
2025-07-10 16:42:26.016112+00:00,2.2584874
2025-07-10 16:43:03.218958+00:00,2.2584872
2025-07-10 16:43:15.000877+00:00,2.2584869
2025-07-10 16:43:27.387749+00:00,2.2584875
2025-07-10 16:43:40.229424+00:00,2.2584873
2025-07-10 16:44:04.689109+00:00,2.2584871
2025-07-10 16:44:30.645349+00:00,2.2584873
2025-07-10 16:44:43.461425+00:00,2.2584875
2025-07-10 16:44:55.834552+00:00,2.2584872
2025-07-10 16:45:09.290904+00:00,2.2584872
2025-07-10 16:45:21.226182+00:00,2.2584869
2025-07-10 16:45:33.794614+00:00,2.2584876
2025-07-10 16:45:47.525950+00:00,2.2584876
2025-07-10 16:45:59.353503+00:00,2.258487
2025-07-10 16:46:12.215458+00:00,2.2584871
2025-07-10 16:46:24.571362+00:00,2.2584873
2025-07-10 16:46:37.092735+00:00,2.2584873
2025-07-10 16:46:49.767984+00:00,2.2584873
2025-07-10 16:47:02.546959+00:00,2.2584877
2025-07-10 16:47:16.675897+00:00,2.2584869
2025-07-10 16:47:27.435316+00:00,2.2584874
2025-07-10 16:47:49.140807+00:00,2.2584877
2025-07-10 16:47:52.221631+00:00,2.258487
2025-07-10 16:48:05.411640+00:00,2.2584875
2025-07-10 16:48:17.852291+00:00,2.2584868
2025-07-10 16:48:30.746283+00:00,2.2584873
2025-07-10 16:48:43.024408+00:00,2.258487
2025-07-10 16:48:55.395481+00:00,2.2584871
2025-07-10 16:49:08.373221+00:00,2.2584874
2025-07-10 16:49:21.082684+00:00,2.2584866
2025-07-10 16:49:34.778598+00:00,2.2584868
2025-07-10 16:50:13.371573+00:00,2.2584875
2025-07-10 16:50:27.975562+00:00,2.2584875
2025-07-10 16:50:56.488835+00:00,2.2584873
2025-07-10 16:51:58.164036+00:00,2.2584875
2025-07-10 16:52:10.725451+00:00,2.2584869
2025-07-10 16:52:23.075007+00:00,2.2584875
2025-07-10 16:53:52.440095+00:00,2.2584872
2025-07-10 16:54:04.615080+00:00,2.2584866
2025-07-10 16:54:19.762642+00:00,2.2584873
2025-07-10 16:54:29.134278+00:00,2.2584875
2025-07-10 16:54:41.742740+00:00,2.2584872
2025-07-10 16:54:54.724690+00:00,2.2584875
2025-07-10 16:55:10.990284+00:00,2.2584873
2025-07-10 16:55:20.716402+00:00,2.2584868
2025-07-10 16:55:34.316620+00:00,2.2584874
2025-07-10 16:55:47.538619+00:00,2.2584871
2025-07-10 16:55:57.980096+00:00,2.2584875
2025-07-10 16:56:11.024811+00:00,2.2584875
2025-07-10 16:56:23.148689+00:00,2.2584871
2025-07-10 16:56:35.712860+00:00,2.2584873
2025-07-10 16:56:48.582267+00:00,2.2584875
2025-07-10 16:57:01.272842+00:00,2.2584868
2025-07-10 16:57:13.470858+00:00,2.2584877
2025-07-10 16:57:27.156353+00:00,2.2584875
2025-07-10 16:57:38.465248+00:00,2.2584875
2025-07-10 16:57:50.803995+00:00,2.2584875
2025-07-10 16:58:04.165209+00:00,2.2584873
2025-07-10 16:58:17.112174+00:00,2.2584875
2025-07-10 16:58:27.878226+00:00,2.2584874
2025-07-10 16:58:40.899158+00:00,2.2584869
2025-07-10 16:58:53.478277+00:00,2.2584874
2025-07-10 16:59:06.738482+00:00,2.2584871
2025-07-10 16:59:19.051924+00:00,2.258487
2025-07-10 16:59:32.036293+00:00,2.2584871
2025-07-10 16:59:44.882738+00:00,2.2584878
2025-07-10 16:59:57.660679+00:00,2.2584874
2025-07-10 17:00:10.882359+00:00,2.2584871
2025-07-10 17:00:23.924523+00:00,2.2584873
2025-07-10 17:00:37.560448+00:00,2.2584873
2025-07-10 17:00:54.418126+00:00,2.2584871
2025-07-10 17:01:03.284487+00:00,2.2584871
2025-07-10 17:01:16.241199+00:00,2.2584869
2025-07-10 17:02:16.115001+00:00,2.2584871
2025-07-10 17:02:22.624113+00:00,2.2584875
2025-07-10 17:03:11.023292+00:00,2.2584875
2025-07-10 17:03:23.225794+00:00,2.258487
2025-07-10 17:03:36.507769+00:00,2.258487
2025-07-10 17:03:48.828180+00:00,2.2584874
2025-07-10 17:04:01.100260+00:00,2.2584871
2025-07-10 17:04:14.270258+00:00,2.258487
2025-07-10 17:04:25.940007+00:00,2.2584875
2025-07-10 17:04:38.572587+00:00,2.2584876
2025-07-10 17:04:51.168198+00:00,2.258487
2025-07-10 17:05:06.297968+00:00,2.2584874
2025-07-10 17:05:16.747351+00:00,2.2584878
2025-07-10 17:05:29.119128+00:00,2.2584876
2025-07-10 17:05:42.919906+00:00,2.2584876
2025-07-10 17:05:53.938954+00:00,2.2584876
2025-07-10 17:06:19.732994+00:00,2.2584869
2025-07-10 17:07:21.800134+00:00,2.2584877
2025-07-10 17:07:34.553248+00:00,2.2584867
2025-07-10 17:07:47.325187+00:00,2.2584868
2025-07-10 17:07:59.481081+00:00,2.2584875
2025-07-10 17:08:25.912158+00:00,2.2584875
2025-07-10 17:08:37.526279+00:00,2.2584876
2025-07-10 17:08:50.317812+00:00,2.2584875
2025-07-10 17:09:10.946555+00:00,2.2584866
2025-07-10 17:09:21.133561+00:00,2.2584878
2025-07-10 17:09:30.731185+00:00,2.2584872
2025-07-10 17:09:42.948089+00:00,2.2584876
2025-07-10 17:09:56.567496+00:00,2.2584873
2025-07-10 17:10:09.536670+00:00,2.258487
2025-07-10 17:10:50.068278+00:00,2.2584869
2025-07-10 17:11:13.508890+00:00,2.258487
2025-07-10 17:11:27.304898+00:00,2.2584871
2025-07-10 17:11:40.894632+00:00,2.2584869
2025-07-10 17:12:11.843991+00:00,2.258487
2025-07-10 17:12:17.392075+00:00,2.2584876
2025-07-10 17:12:29.481641+00:00,2.2584874
2025-07-10 17:12:42.720967+00:00,2.258487
2025-07-10 17:12:54.698899+00:00,2.2584869
2025-07-10 17:13:20.251272+00:00,2.2584871
2025-07-10 17:13:33.037276+00:00,2.2584869
2025-07-10 17:14:14.435096+00:00,2.2584872
2025-07-10 17:14:23.778166+00:00,2.2584872
2025-07-10 17:14:36.418573+00:00,2.2584867
2025-07-10 17:14:49.189160+00:00,2.2584874
2025-07-10 17:15:05.468532+00:00,2.2584877
2025-07-10 17:15:14.077697+00:00,2.2584875
2025-07-10 17:15:26.521147+00:00,2.2584869
2025-07-10 17:15:45.105580+00:00,2.2584877
2025-07-10 17:15:53.797389+00:00,2.258487
2025-07-10 17:16:04.775120+00:00,2.2584874
2025-07-10 17:16:16.693839+00:00,2.2584869
2025-07-10 17:16:28.941739+00:00,2.2584868
2025-07-10 17:16:41.604372+00:00,2.2584873
2025-07-10 17:16:53.998047+00:00,2.2584872
2025-07-10 17:17:08.742961+00:00,2.258487
2025-07-10 17:17:19.750170+00:00,2.258487
2025-07-10 17:17:32.908232+00:00,2.2584871
2025-07-10 17:17:46.007951+00:00,2.2584867
2025-07-10 17:17:58.843688+00:00,2.2584877
2025-07-10 17:18:13.199341+00:00,2.2584868
2025-07-10 17:18:25.172659+00:00,2.2584869
2025-07-10 17:18:38.363543+00:00,2.2584871
2025-07-10 17:18:51.919588+00:00,2.2584876
2025-07-10 17:19:04.346799+00:00,2.2584869
2025-07-10 17:19:17.621321+00:00,2.2584869
2025-07-10 17:19:31.897541+00:00,2.2584877
2025-07-10 17:19:42.906750+00:00,2.258487
2025-07-10 17:19:56.122293+00:00,2.2584875
2025-07-10 17:20:08.737113+00:00,2.2584867
2025-07-10 17:20:22.362890+00:00,2.2584872
2025-07-10 17:20:35.006101+00:00,2.2584876
2025-07-10 17:20:47.520425+00:00,2.2584872
2025-07-10 17:21:01.327960+00:00,2.2584869
2025-07-10 17:22:15.018508+00:00,2.2584871
2025-07-10 17:22:27.325468+00:00,2.2584876
2025-07-10 17:22:53.792415+00:00,2.2584871
2025-07-10 17:23:05.860864+00:00,2.2584876
2025-07-10 17:23:56.490755+00:00,2.2584875
2025-07-10 17:24:12.997098+00:00,2.2584869
2025-07-10 17:24:48.446640+00:00,2.2584873
2025-07-10 17:24:58.858595+00:00,2.258487
2025-07-10 17:25:15.263929+00:00,2.2584873
2025-07-10 17:25:24.855582+00:00,2.258487
2025-07-10 17:25:41.646517+00:00,2.2584869
2025-07-10 17:26:02.586952+00:00,2.2584874
2025-07-10 17:26:40.784089+00:00,2.2584874
2025-07-10 17:26:54.078249+00:00,2.2584877
2025-07-10 17:27:13.958561+00:00,2.258487
2025-07-10 17:27:33.792046+00:00,2.2584874
2025-07-10 17:27:46.225074+00:00,2.2584871
2025-07-10 17:27:59.110215+00:00,2.2584868
2025-07-10 17:28:12.559744+00:00,2.2584874
2025-07-10 17:28:25.076424+00:00,2.2584879
2025-07-10 17:28:37.970303+00:00,2.258487
2025-07-10 17:28:52.783409+00:00,2.258487
2025-07-10 17:29:04.010528+00:00,2.258487
2025-07-10 17:29:16.697540+00:00,2.2584879
2025-07-10 17:29:48.321908+00:00,2.2584873
2025-07-10 17:29:57.689274+00:00,2.2584878
2025-07-10 17:30:10.843198+00:00,2.2584868
2025-07-10 17:30:25.832825+00:00,2.2584876
2025-07-10 17:30:32.063445+00:00,2.2584873
2025-07-10 17:30:44.763972+00:00,2.2584878
2025-07-10 17:30:56.381237+00:00,2.2584873
2025-07-10 17:31:09.612017+00:00,2.258487
2025-07-10 17:31:21.677004+00:00,2.258487
2025-07-10 17:31:35.633815+00:00,2.2584875
2025-07-10 17:31:47.098279+00:00,2.2584874
2025-07-10 17:31:59.354329+00:00,2.2584878
2025-07-10 17:32:12.502958+00:00,2.2584875
2025-07-10 17:32:50.296846+00:00,2.258487
2025-07-10 17:33:03.359492+00:00,2.2584872
2025-07-10 17:33:16.218121+00:00,2.2584873
2025-07-10 17:33:28.230451+00:00,2.258487
2025-07-10 17:33:40.623061+00:00,2.258487
2025-07-10 17:34:47.505091+00:00,2.2584873
2025-07-10 17:34:56.006585+00:00,2.2584877
2025-07-10 17:35:10.783167+00:00,2.2584874
2025-07-10 17:35:51.003751+00:00,2.2584875
2025-07-10 17:35:59.809476+00:00,2.2584878
2025-07-10 17:36:14.126251+00:00,2.2584869
2025-07-10 17:36:25.410510+00:00,2.2584873
2025-07-10 17:36:38.804669+00:00,2.2584877
2025-07-10 17:36:51.306713+00:00,2.2584869
2025-07-10 17:37:04.746338+00:00,2.2584877
2025-07-10 17:37:17.585924+00:00,2.2584872
2025-07-10 17:37:30.517262+00:00,2.258487
2025-07-10 17:37:43.695712+00:00,2.2584876
2025-07-10 17:39:04.401268+00:00,2.2584877
2025-07-10 17:39:13.342272+00:00,2.2584883
2025-07-10 17:39:27.679705+00:00,2.2584881
2025-07-10 17:39:38.952319+00:00,2.2584872
2025-07-10 17:39:51.792301+00:00,2.2584872
2025-07-10 17:40:04.661743+00:00,2.2584871
2025-07-10 17:40:17.150859+00:00,2.2584876
2025-07-10 17:40:30.541487+00:00,2.2584876
2025-07-10 17:40:42.848301+00:00,2.2584878
2025-07-10 17:40:57.587168+00:00,2.2584878
2025-07-10 17:41:20.213709+00:00,2.2584879
2025-07-10 17:41:33.349561+00:00,2.2584879
2025-07-10 17:41:50.039561+00:00,2.2584869
2025-07-10 17:42:36.518443+00:00,2.2584875
2025-07-10 17:42:48.698489+00:00,2.2584871
2025-07-10 17:43:01.585781+00:00,2.2584869
2025-07-10 17:43:14.315349+00:00,2.2584872
2025-07-10 17:43:26.497289+00:00,2.2584871
2025-07-10 17:43:39.973568+00:00,2.2584874
2025-07-10 17:44:05.791338+00:00,2.2584877
2025-07-10 17:44:17.026671+00:00,2.2584873
2025-07-10 17:44:29.135226+00:00,2.2584879
2025-07-10 17:44:42.031858+00:00,2.2584875
2025-07-10 17:44:55.095464+00:00,2.2584873
2025-07-10 17:45:09.188728+00:00,2.2584877
2025-07-10 17:45:21.622904+00:00,2.2584877
2025-07-10 17:45:39.156742+00:00,2.2584872
2025-07-10 17:45:48.494701+00:00,2.2584879
2025-07-10 17:46:07.039004+00:00,2.258487
2025-07-10 17:46:14.844444+00:00,2.2584872
2025-07-10 17:46:30.763086+00:00,2.2584873
2025-07-10 17:46:40.654069+00:00,2.2584871
2025-07-10 17:47:00.130122+00:00,2.2584869
2025-07-10 17:47:07.121053+00:00,2.2584872
2025-07-10 17:47:20.227830+00:00,2.2584872
2025-07-10 17:48:06.970364+00:00,2.2584872
2025-07-10 17:48:39.288535+00:00,2.2584877
2025-07-10 17:48:48.169281+00:00,2.2584868
2025-07-10 17:49:01.162995+00:00,2.2584878
2025-07-10 17:49:13.800393+00:00,2.2584878
2025-07-10 17:50:17.992241+00:00,2.2584872
2025-07-10 17:50:29.392983+00:00,2.2584871
2025-07-10 17:50:42.617384+00:00,2.2584874
2025-07-10 17:50:54.931716+00:00,2.2584872
2025-07-10 17:51:08.141123+00:00,2.2584869
2025-07-10 17:51:20.445322+00:00,2.2584875
2025-07-10 17:51:33.664752+00:00,2.2584872
2025-07-10 17:51:46.389091+00:00,2.2584876
2025-07-10 17:51:58.119788+00:00,2.2584875
2025-07-10 17:52:10.981051+00:00,2.2584875
2025-07-10 17:52:24.084280+00:00,2.2584872
2025-07-10 17:52:36.134283+00:00,2.2584872
2025-07-10 17:52:49.034495+00:00,2.2584877
2025-07-10 17:53:01.477727+00:00,2.2584876
2025-07-10 17:53:13.930414+00:00,2.2584875
2025-07-10 17:53:26.816777+00:00,2.2584873
2025-07-10 17:53:38.898278+00:00,2.2584874
2025-07-10 17:53:51.449564+00:00,2.2584876
2025-07-10 17:54:04.075999+00:00,2.2584874
2025-07-10 17:54:31.003738+00:00,2.2584873
2025-07-10 17:54:44.464053+00:00,2.258487
2025-07-10 17:54:55.923118+00:00,2.2584876
2025-07-10 17:55:09.309184+00:00,2.2584873
2025-07-10 17:55:22.419883+00:00,2.2584876
2025-07-10 17:55:36.898777+00:00,2.2584879
2025-07-10 17:55:48.784770+00:00,2.2584873
2025-07-10 17:56:01.612126+00:00,2.2584878
2025-07-10 17:56:14.483503+00:00,2.2584878
2025-07-10 17:56:27.945825+00:00,2.2584875
2025-07-10 17:56:40.165667+00:00,2.2584873
2025-07-10 17:56:55.386782+00:00,2.2584873
2025-07-10 17:57:06.390173+00:00,2.2584875
2025-07-10 17:57:20.497639+00:00,2.2584872
2025-07-10 17:57:43.844076+00:00,2.2584875
2025-07-10 17:57:56.409948+00:00,2.2584871
2025-07-10 17:58:14.525870+00:00,2.2584867
2025-07-10 17:58:21.403114+00:00,2.2584874
2025-07-10 17:58:34.400591+00:00,2.2584879
2025-07-10 17:58:47.971993+00:00,2.2584878
2025-07-10 17:58:59.551547+00:00,2.2584867
2025-07-10 17:59:12.379554+00:00,2.2584868
2025-07-10 17:59:25.584033+00:00,2.2584875
2025-07-10 17:59:37.333737+00:00,2.2584873
2025-07-10 17:59:50.262145+00:00,2.2584876
2025-07-10 18:00:06.191374+00:00,2.2584867
2025-07-10 18:00:18.914271+00:00,2.2584867
2025-07-10 18:00:28.746644+00:00,2.2584869
2025-07-10 18:00:41.747884+00:00,2.2584876
2025-07-10 18:00:54.555295+00:00,2.2584871
2025-07-10 18:01:06.988966+00:00,2.2584877
2025-07-10 18:01:19.288357+00:00,2.2584873
2025-07-10 18:01:32.508402+00:00,2.2584876
2025-07-10 18:01:44.854703+00:00,2.2584871
2025-07-10 18:01:59.010444+00:00,2.2584876
2025-07-10 18:02:09.755186+00:00,2.2584873
2025-07-10 18:02:22.282205+00:00,2.2584878
2025-07-10 18:02:34.921628+00:00,2.2584869
2025-07-10 18:02:48.081452+00:00,2.2584872
2025-07-10 18:03:00.180673+00:00,2.2584881
2025-07-10 18:03:12.737944+00:00,2.2584874
2025-07-10 18:03:42.389037+00:00,2.2584867
2025-07-10 18:03:56.526796+00:00,2.2584872
2025-07-10 18:04:05.142848+00:00,2.2584878
2025-07-10 18:04:17.979954+00:00,2.2584871
2025-07-10 18:04:31.128369+00:00,2.2584871
2025-07-10 18:04:44.201068+00:00,2.2584871
2025-07-10 18:04:57.484967+00:00,2.2584877
2025-07-10 18:05:10.694650+00:00,2.2584878
2025-07-10 18:05:23.369939+00:00,2.2584872
2025-07-10 18:05:36.349134+00:00,2.2584876
2025-07-10 18:05:49.524241+00:00,2.2584873
2025-07-10 18:06:01.732393+00:00,2.2584878
2025-07-10 18:06:14.448752+00:00,2.2584877
2025-07-10 18:06:32.013050+00:00,2.2584867
2025-07-10 18:06:52.341070+00:00,2.2584874
2025-07-10 18:07:05.259228+00:00,2.2584877
2025-07-10 18:07:17.674184+00:00,2.2584869
2025-07-10 18:07:30.098255+00:00,2.2584874
2025-07-10 18:07:43.440073+00:00,2.2584875
2025-07-10 18:07:55.371569+00:00,2.2584872
2025-07-10 18:08:08.777026+00:00,2.2584874
2025-07-10 18:08:21.022095+00:00,2.2584876
2025-07-10 18:08:33.782432+00:00,2.2584875
2025-07-10 18:08:47.813454+00:00,2.2584877
2025-07-10 18:09:01.154687+00:00,2.2584872
2025-07-10 18:09:14.571310+00:00,2.2584875
2025-07-10 18:09:25.426383+00:00,2.2584871
2025-07-10 18:09:38.957509+00:00,2.2584868
2025-07-10 18:09:51.080658+00:00,2.2584876
2025-07-10 18:10:03.126830+00:00,2.2584873
2025-07-10 18:10:53.170050+00:00,2.2584874
2025-07-10 18:11:06.214465+00:00,2.2584872
2025-07-10 18:11:19.365390+00:00,2.2584877
2025-07-10 18:11:31.159028+00:00,2.2584875
2025-07-10 18:11:43.830422+00:00,2.2584872
2025-07-10 18:11:56.871972+00:00,2.2584871
2025-07-10 18:12:09.508126+00:00,2.2584878
2025-07-10 18:12:23.592148+00:00,2.2584875
2025-07-10 18:12:37.477952+00:00,2.2584874
2025-07-10 18:12:48.634044+00:00,2.2584877
2025-07-10 18:13:01.735503+00:00,2.2584876
2025-07-10 18:13:15.261406+00:00,2.2584873
2025-07-10 18:13:27.976268+00:00,2.2584875
2025-07-10 18:13:41.036126+00:00,2.2584871
2025-07-10 18:13:54.073835+00:00,2.2584871
2025-07-10 18:14:07.454533+00:00,2.2584874
2025-07-10 18:14:20.762576+00:00,2.2584873
2025-07-10 18:14:32.953204+00:00,2.2584869
2025-07-10 18:14:46.556489+00:00,2.2584872
2025-07-10 18:14:58.253380+00:00,2.2584873
2025-07-10 18:15:48.716663+00:00,2.2584874
2025-07-10 18:16:03.545485+00:00,2.2584875
2025-07-10 18:16:44.467987+00:00,2.258487
2025-07-10 18:16:52.261141+00:00,2.2584868
2025-07-10 18:17:05.494808+00:00,2.2584874
2025-07-10 18:17:18.542754+00:00,2.2584871
2025-07-10 18:17:30.164583+00:00,2.2584876
2025-07-10 18:17:55.544111+00:00,2.2584872
2025-07-10 18:18:08.062209+00:00,2.258487
2025-07-10 18:19:20.417860+00:00,2.2584878
2025-07-10 18:19:49.141286+00:00,2.2584874
2025-07-10 18:20:57.264853+00:00,2.2584877
2025-07-10 18:21:05.828476+00:00,2.2584877
2025-07-10 18:21:19.135841+00:00,2.2584873
2025-07-10 18:21:38.914762+00:00,2.2584873
2025-07-10 18:21:44.606293+00:00,2.2584872
2025-07-10 18:21:57.853085+00:00,2.2584873
2025-07-10 18:22:11.374971+00:00,2.2584871
2025-07-10 18:22:24.346207+00:00,2.2584875
2025-07-10 18:22:37.809686+00:00,2.2584874
2025-07-10 18:22:50.029785+00:00,2.2584878
2025-07-10 18:23:03.531709+00:00,2.2584879
2025-07-10 18:23:16.473740+00:00,2.2584874
2025-07-10 18:23:29.033319+00:00,2.258488
2025-07-10 18:23:44.035374+00:00,2.2584876
2025-07-10 18:23:54.535992+00:00,2.2584875
2025-07-10 18:24:07.311351+00:00,2.2584875
2025-07-10 18:24:20.235288+00:00,2.2584879
2025-07-10 18:24:33.459582+00:00,2.2584875
2025-07-10 18:24:46.746086+00:00,2.2584871
2025-07-10 18:24:58.259355+00:00,2.2584872
2025-07-10 18:25:10.990099+00:00,2.2584871
2025-07-10 18:25:23.229952+00:00,2.258487
2025-07-10 18:25:35.808010+00:00,2.2584877
2025-07-10 18:25:49.577365+00:00,2.2584872
2025-07-10 18:26:01.886500+00:00,2.258487
2025-07-10 18:26:13.702841+00:00,2.2584878
2025-07-10 18:26:26.400347+00:00,2.2584875
2025-07-10 18:26:39.558945+00:00,2.2584873
2025-07-10 18:26:52.354154+00:00,2.2584875
2025-07-10 18:27:25.256070+00:00,2.2584873
2025-07-10 18:27:33.208764+00:00,2.2584875
2025-07-10 18:27:42.317777+00:00,2.2584879
2025-07-10 18:27:55.397352+00:00,2.2584871
2025-07-10 18:28:09.263174+00:00,2.2584874
2025-07-10 18:28:20.342017+00:00,2.2584875
2025-07-10 18:28:41.629506+00:00,2.2584872
2025-07-10 18:28:44.761352+00:00,2.2584873
2025-07-10 18:28:57.287767+00:00,2.2584868
2025-07-10 18:29:09.746322+00:00,2.2584873
2025-07-10 18:29:22.153375+00:00,2.2584874
2025-07-10 18:29:34.669343+00:00,2.2584873
2025-07-10 18:29:48.032853+00:00,2.2584873
2025-07-10 18:30:01.447186+00:00,2.2584874
2025-07-10 18:30:13.494774+00:00,2.2584876
2025-07-10 18:30:26.163077+00:00,2.2584878
2025-07-10 18:31:08.911748+00:00,2.2584875
2025-07-10 18:31:22.501109+00:00,2.2584878
2025-07-10 18:32:05.110040+00:00,2.2584871
2025-07-10 18:32:10.759886+00:00,2.2584871
2025-07-10 18:32:23.354169+00:00,2.2584875
2025-07-10 18:32:36.411236+00:00,2.2584874
2025-07-10 18:32:49.493127+00:00,2.2584877
2025-07-10 18:33:02.570436+00:00,2.2584874
2025-07-10 18:33:14.940711+00:00,2.2584875
2025-07-10 18:33:27.789762+00:00,2.2584879
2025-07-10 18:33:40.616365+00:00,2.2584879
2025-07-10 18:33:53.240495+00:00,2.2584878
2025-07-10 18:34:06.094982+00:00,2.2584875
2025-07-10 18:34:18.165947+00:00,2.2584878
2025-07-10 18:34:30.611422+00:00,2.2584878
2025-07-10 18:34:43.152823+00:00,2.2584873
2025-07-10 18:34:56.296534+00:00,2.2584872
2025-07-10 18:35:09.068770+00:00,2.2584875
2025-07-10 18:35:25.049334+00:00,2.2584875
2025-07-10 18:35:34.199977+00:00,2.2584875
2025-07-10 18:35:47.474173+00:00,2.2584876
2025-07-10 18:35:59.623131+00:00,2.2584875
2025-07-10 18:36:12.429478+00:00,2.2584873
2025-07-10 18:36:27.532869+00:00,2.2584878
2025-07-10 18:36:39.953858+00:00,2.258488
2025-07-10 18:36:52.793968+00:00,2.2584874
2025-07-10 18:37:05.428037+00:00,2.2584876
2025-07-10 18:37:17.331350+00:00,2.2584876
2025-07-10 18:37:28.700241+00:00,2.2584876
2025-07-10 18:37:41.309410+00:00,2.2584875
2025-07-10 18:37:53.743786+00:00,2.2584875
2025-07-10 18:38:24.742213+00:00,2.2584877
2025-07-10 18:38:31.442549+00:00,2.2584875
2025-07-10 18:38:54.212409+00:00,2.2584876
2025-07-10 18:38:56.260470+00:00,2.2584873
2025-07-10 18:39:14.479014+00:00,2.2584878
2025-07-10 18:39:23.100927+00:00,2.2584875
2025-07-10 18:39:35.251748+00:00,2.2584871
2025-07-10 18:39:48.893175+00:00,2.2584871
2025-07-10 18:40:01.471130+00:00,2.2584879
2025-07-10 18:40:14.705802+00:00,2.2584867
2025-07-10 18:40:27.843151+00:00,2.2584877
2025-07-10 18:40:53.997701+00:00,2.2584877
2025-07-10 18:41:07.266185+00:00,2.2584871
2025-07-10 18:41:20.212663+00:00,2.2584873
2025-07-10 18:41:33.587528+00:00,2.2584874
2025-07-10 18:41:46.370979+00:00,2.2584871
2025-07-10 18:41:58.852460+00:00,2.258488
2025-07-10 18:42:16.587816+00:00,2.2584875
2025-07-10 18:42:24.683598+00:00,2.2584879
2025-07-10 18:42:55.129385+00:00,2.2584872
2025-07-10 18:43:41.595124+00:00,2.2584876
2025-07-10 18:44:14.389025+00:00,2.2584877
2025-07-10 18:44:19.110780+00:00,2.2584873
2025-07-10 18:44:31.685430+00:00,2.2584875
2025-07-10 18:45:47.197523+00:00,2.2584877
2025-07-10 18:45:51.781661+00:00,2.2584878
2025-07-10 18:46:00.410802+00:00,2.2584875
2025-07-10 18:47:20.544784+00:00,2.2584876
2025-07-10 18:47:31.963559+00:00,2.2584873
2025-07-10 18:47:42.306987+00:00,2.2584871
2025-07-10 18:48:00.851866+00:00,2.2584877
2025-07-10 18:48:07.033275+00:00,2.2584875
2025-07-10 18:48:20.155513+00:00,2.258487
2025-07-10 18:49:32.855888+00:00,2.2584876
2025-07-10 18:49:38.620262+00:00,2.2584877
2025-07-10 18:49:51.948573+00:00,2.2584872
2025-07-10 18:50:07.532193+00:00,2.2584873
2025-07-10 18:50:31.134702+00:00,2.2584881
2025-07-10 18:50:43.257263+00:00,2.2584882
2025-07-10 18:51:34.256890+00:00,2.2584873
2025-07-10 18:51:47.332097+00:00,2.2584869
2025-07-10 18:51:59.746481+00:00,2.2584877
2025-07-10 18:52:12.279293+00:00,2.2584877
2025-07-10 18:52:24.553307+00:00,2.2584877
2025-07-10 18:52:37.169033+00:00,2.2584877
2025-07-10 18:52:50.366693+00:00,2.2584874
2025-07-10 18:53:02.795658+00:00,2.2584872
2025-07-10 18:53:15.615389+00:00,2.2584878
2025-07-10 18:53:28.237018+00:00,2.2584875
2025-07-10 18:53:40.626039+00:00,2.2584874
2025-07-10 18:53:53.954106+00:00,2.2584872
2025-07-10 18:54:07.251864+00:00,2.258488
2025-07-10 18:54:19.005863+00:00,2.2584871
2025-07-10 18:54:44.723104+00:00,2.2584873
2025-07-10 18:54:57.634383+00:00,2.2584875
2025-07-10 18:55:10.546259+00:00,2.2584876
2025-07-10 18:55:22.551230+00:00,2.2584877
2025-07-10 18:55:35.373851+00:00,2.2584873
2025-07-10 18:55:48.892775+00:00,2.2584871
2025-07-10 18:56:02.218527+00:00,2.2584877
2025-07-10 18:56:14.415187+00:00,2.2584874
2025-07-10 18:56:25.393078+00:00,2.2584875
2025-07-10 18:56:38.683725+00:00,2.258488
2025-07-10 18:56:50.938421+00:00,2.2584879
2025-07-10 18:57:15.126049+00:00,2.2584877
2025-07-10 18:57:29.370226+00:00,2.2584878
2025-07-10 18:57:41.991174+00:00,2.258488
2025-07-10 18:59:13.794113+00:00,2.2584875
2025-07-10 18:59:26.672599+00:00,2.2584869
2025-07-10 18:59:55.629329+00:00,2.2584878
2025-07-10 19:00:18.162946+00:00,2.2584876
2025-07-10 19:00:31.439909+00:00,2.2584874
2025-07-10 19:00:56.003511+00:00,2.2584876
2025-07-10 19:01:45.873405+00:00,2.2584878
2025-07-10 19:01:58.718444+00:00,2.2584877
2025-07-10 19:02:22.080856+00:00,2.2584879
2025-07-10 19:02:23.908458+00:00,2.2584877
2025-07-10 19:02:36.659246+00:00,2.2584876
2025-07-10 19:02:49.829685+00:00,2.2584879
2025-07-10 19:03:02.605271+00:00,2.2584878
2025-07-10 19:03:14.913756+00:00,2.2584883
2025-07-10 19:03:27.489633+00:00,2.2584873
2025-07-10 19:03:44.570531+00:00,2.2584875
2025-07-10 19:04:05.735386+00:00,2.2584874
2025-07-10 19:04:17.941322+00:00,2.2584879
2025-07-10 19:04:30.440541+00:00,2.2584874
2025-07-10 19:04:42.964957+00:00,2.2584878
2025-07-10 19:04:55.522801+00:00,2.2584878
2025-07-10 19:06:18.455164+00:00,2.2584872
2025-07-10 19:06:24.737835+00:00,2.2584875
2025-07-10 19:06:39.370542+00:00,2.2584874
2025-07-10 19:06:51.097707+00:00,2.2584874
2025-07-10 19:07:04.699261+00:00,2.2584876
2025-07-10 19:07:17.136942+00:00,2.258488
2025-07-10 19:07:31.676608+00:00,2.2584879
2025-07-10 19:07:52.743636+00:00,2.2584874
2025-07-10 19:07:55.942054+00:00,2.2584873
2025-07-10 19:08:12.580119+00:00,2.2584873
2025-07-10 19:08:21.914112+00:00,2.2584873
2025-07-10 19:08:36.085128+00:00,2.2584873
2025-07-10 19:08:48.059492+00:00,2.2584874
2025-07-10 19:09:00.576127+00:00,2.2584877
2025-07-10 19:09:13.437401+00:00,2.258487
2025-07-10 19:09:25.944097+00:00,2.258487
2025-07-10 19:09:38.895220+00:00,2.2584871
2025-07-10 19:09:51.597678+00:00,2.2584877
2025-07-10 19:10:04.326414+00:00,2.2584872
2025-07-10 19:10:16.516974+00:00,2.2584876
2025-07-10 19:10:29.176160+00:00,2.2584877
2025-07-10 19:10:41.635335+00:00,2.2584879
2025-07-10 19:10:53.475471+00:00,2.2584872
2025-07-10 19:11:31.572417+00:00,2.2584873
2025-07-10 19:12:09.263559+00:00,2.2584873
2025-07-10 19:12:33.810920+00:00,2.2584877
2025-07-10 19:12:47.154363+00:00,2.2584878
2025-07-10 19:13:05.115456+00:00,2.2584878
2025-07-10 19:13:13.311703+00:00,2.2584874
2025-07-10 19:13:25.052752+00:00,2.258487
2025-07-10 19:13:37.537741+00:00,2.2584873
2025-07-10 19:13:50.236012+00:00,2.2584872
2025-07-10 19:14:02.853732+00:00,2.2584876
2025-07-10 19:14:15.225961+00:00,2.2584879
2025-07-10 19:14:27.815688+00:00,2.2584877
2025-07-10 19:14:42.654474+00:00,2.2584877
2025-07-10 19:14:54.995133+00:00,2.258488
2025-07-10 19:15:20.698778+00:00,2.2584874
2025-07-10 19:15:31.669191+00:00,2.2584876
2025-07-10 19:15:44.940973+00:00,2.2584874
2025-07-10 19:15:57.015547+00:00,2.2584871
2025-07-10 19:16:10.250846+00:00,2.2584875
2025-07-10 19:16:23.391217+00:00,2.2584871
2025-07-10 19:16:36.727790+00:00,2.2584872
2025-07-10 19:16:49.719578+00:00,2.2584883
2025-07-10 19:17:09.349728+00:00,2.2584873
2025-07-10 19:17:15.448307+00:00,2.2584879
2025-07-10 19:17:28.427378+00:00,2.2584872
2025-07-10 19:18:07.459465+00:00,2.2584876
2025-07-10 19:18:22.878545+00:00,2.2584876
2025-07-10 19:19:19.562998+00:00,2.2584875
2025-07-10 19:19:24.392506+00:00,2.2584876
2025-07-10 19:19:36.067498+00:00,2.2584872
2025-07-10 19:19:48.748868+00:00,2.2584871
2025-07-10 19:20:02.069523+00:00,2.2584874
2025-07-10 19:20:13.541965+00:00,2.2584875
2025-07-10 19:20:26.331881+00:00,2.2584871
2025-07-10 19:20:51.987549+00:00,2.2584877
2025-07-10 19:21:20.757032+00:00,2.258488
2025-07-10 19:21:32.035722+00:00,2.2584873
2025-07-10 19:21:42.286359+00:00,2.2584875
2025-07-10 19:21:56.639901+00:00,2.2584879
2025-07-10 19:22:10.710304+00:00,2.2584882
2025-07-10 19:22:20.777505+00:00,2.2584879
2025-07-10 19:22:33.625369+00:00,2.2584873
2025-07-10 19:22:46.219463+00:00,2.2584873
2025-07-10 19:22:58.495202+00:00,2.2584878
2025-07-10 19:23:19.411365+00:00,2.2584877
2025-07-10 19:23:51.451458+00:00,2.2584879
2025-07-10 19:24:01.596192+00:00,2.2584879
2025-07-10 19:24:15.530750+00:00,2.2584879
2025-07-10 19:24:26.767985+00:00,2.2584875
2025-07-10 19:24:39.308909+00:00,2.2584874
2025-07-10 19:24:57.433940+00:00,2.2584872
2025-07-10 19:25:05.215795+00:00,2.2584878
2025-07-10 19:25:57.956380+00:00,2.2584874
2025-07-10 19:26:37.176703+00:00,2.2584874
2025-07-10 19:26:51.607204+00:00,2.2584877
2025-07-10 19:27:07.237544+00:00,2.2584877
2025-07-10 19:27:16.028015+00:00,2.2584878
2025-07-10 19:27:28.824263+00:00,2.2584878
2025-07-10 19:27:41.054984+00:00,2.2584873
2025-07-10 19:27:53.786426+00:00,2.2584878
2025-07-10 19:28:19.465251+00:00,2.2584873
2025-07-10 19:28:32.525340+00:00,2.2584878
2025-07-10 19:28:44.636922+00:00,2.258488
2025-07-10 19:29:01.956040+00:00,2.2584878
2025-07-10 19:29:10.066333+00:00,2.258488
2025-07-10 19:29:22.387091+00:00,2.2584878
2025-07-10 19:29:34.999424+00:00,2.2584874
2025-07-10 19:29:47.700428+00:00,2.2584882
2025-07-10 19:30:00.243457+00:00,2.2584879
2025-07-10 19:30:13.430421+00:00,2.2584872
2025-07-10 19:30:26.475673+00:00,2.2584877
2025-07-10 19:30:39.145298+00:00,2.2584875
2025-07-10 19:30:50.971469+00:00,2.258488
2025-07-10 19:31:03.505131+00:00,2.2584875
2025-07-10 19:31:16.029097+00:00,2.2584874
2025-07-10 19:31:28.641560+00:00,2.258488
2025-07-10 19:31:41.074343+00:00,2.2584878
2025-07-10 19:31:53.426014+00:00,2.2584875
2025-07-10 19:32:07.303474+00:00,2.2584877
2025-07-10 19:32:18.470434+00:00,2.2584876
2025-07-10 19:32:31.250443+00:00,2.2584877
2025-07-10 19:32:43.531036+00:00,2.2584873
2025-07-10 19:32:56.006859+00:00,2.2584873
2025-07-10 19:33:08.914715+00:00,2.2584877
2025-07-10 19:33:21.672627+00:00,2.2584876
2025-07-10 19:33:50.629772+00:00,2.2584871
2025-07-10 19:34:00.881736+00:00,2.2584875
2025-07-10 19:34:14.304628+00:00,2.2584875
2025-07-10 19:34:30.965642+00:00,2.2584873
2025-07-10 19:34:41.501988+00:00,2.2584874
2025-07-10 19:34:53.884271+00:00,2.2584878
2025-07-10 19:35:06.510961+00:00,2.2584875
2025-07-10 19:35:19.588273+00:00,2.2584872
2025-07-10 19:35:32.544915+00:00,2.2584877
2025-07-10 19:35:45.124185+00:00,2.2584876
2025-07-10 19:35:59.320106+00:00,2.2584877
2025-07-10 19:36:11.684596+00:00,2.2584875
2025-07-10 19:36:23.518790+00:00,2.2584873
2025-07-10 19:36:36.459347+00:00,2.2584876
2025-07-10 19:36:48.718738+00:00,2.2584879
2025-07-10 19:37:01.163573+00:00,2.258487
2025-07-10 19:37:14.608617+00:00,2.2584873
2025-07-10 19:37:29.551120+00:00,2.2584876
2025-07-10 19:37:51.193103+00:00,2.2584872
2025-07-10 19:38:05.467761+00:00,2.2584876
2025-07-10 19:38:21.400518+00:00,2.2584879
2025-07-10 19:38:29.524282+00:00,2.2584872
2025-07-10 19:38:41.443407+00:00,2.2584872
2025-07-10 19:39:07.590714+00:00,2.2584878
2025-07-10 19:39:20.069403+00:00,2.2584876
2025-07-10 19:39:35.305369+00:00,2.2584874
2025-07-10 19:39:57.863976+00:00,2.2584877
2025-07-10 19:40:23.935692+00:00,2.2584872
2025-07-10 19:40:35.256887+00:00,2.2584877
2025-07-10 19:40:48.054166+00:00,2.258487
2025-07-10 19:41:00.417365+00:00,2.2584875
2025-07-10 19:41:44.971149+00:00,2.2584872
2025-07-10 19:42:00.519391+00:00,2.2584877
2025-07-10 19:42:03.735280+00:00,2.2584874
2025-07-10 19:43:02.718119+00:00,2.2584875
2025-07-10 19:43:08.950621+00:00,2.2584873
2025-07-10 19:43:21.590748+00:00,2.2584879
2025-07-10 19:43:34.621818+00:00,2.2584878
2025-07-10 19:43:53.688320+00:00,2.2584878
2025-07-10 19:44:00.939931+00:00,2.2584875
2025-07-10 19:44:16.574999+00:00,2.2584877
2025-07-10 19:44:26.462256+00:00,2.2584872
2025-07-10 19:44:39.431159+00:00,2.2584871
2025-07-10 19:44:52.263230+00:00,2.2584873
2025-07-10 19:45:45.487245+00:00,2.2584881
2025-07-10 19:45:55.887141+00:00,2.2584879
2025-07-10 19:46:09.197721+00:00,2.2584873
2025-07-10 19:46:20.777199+00:00,2.2584877
2025-07-10 19:46:33.556800+00:00,2.2584878
2025-07-10 19:46:45.928849+00:00,2.2584875
2025-07-10 19:46:58.551727+00:00,2.2584876
2025-07-10 19:47:11.448465+00:00,2.2584868
2025-07-10 19:47:23.956047+00:00,2.2584875
2025-07-10 19:47:39.717503+00:00,2.2584875
2025-07-10 19:47:49.267792+00:00,2.2584877
2025-07-10 19:48:08.077831+00:00,2.2584879
2025-07-10 19:48:23.851223+00:00,2.2584883
2025-07-10 19:48:26.841493+00:00,2.2584879
2025-07-10 19:48:39.590121+00:00,2.258488
2025-07-10 19:48:52.889797+00:00,2.2584876
2025-07-10 19:49:05.709569+00:00,2.2584876
2025-07-10 19:49:18.940840+00:00,2.2584874
2025-07-10 19:49:35.124692+00:00,2.2584873
2025-07-10 19:49:42.832483+00:00,2.2584874
2025-07-10 19:49:55.803134+00:00,2.2584878
2025-07-10 19:50:08.689062+00:00,2.2584881
2025-07-10 19:50:21.556600+00:00,2.2584872
2025-07-10 19:50:33.883465+00:00,2.2584878
2025-07-10 19:50:46.623372+00:00,2.2584878
2025-07-10 19:50:58.350347+00:00,2.2584878
2025-07-10 19:51:12.508460+00:00,2.2584873
2025-07-10 19:51:25.762125+00:00,2.258488
2025-07-10 19:51:36.822298+00:00,2.2584878
2025-07-10 19:51:49.779009+00:00,2.2584875
2025-07-10 19:52:03.371299+00:00,2.258487
2025-07-10 19:52:16.731351+00:00,2.2584876
2025-07-10 19:52:29.081140+00:00,2.2584877
2025-07-10 19:52:42.529174+00:00,2.2584877
2025-07-10 19:52:55.507679+00:00,2.2584878
2025-07-10 19:53:14.954330+00:00,2.2584879
2025-07-10 19:53:48.077193+00:00,2.2584875
2025-07-10 19:54:00.364315+00:00,2.2584871
2025-07-10 19:54:13.641989+00:00,2.2584872
2025-07-10 19:54:26.805475+00:00,2.2584876
2025-07-10 19:54:38.434033+00:00,2.2584879
2025-07-10 19:54:51.706123+00:00,2.2584875
2025-07-10 19:55:04.349509+00:00,2.258488
2025-07-10 19:55:17.426089+00:00,2.2584874
2025-07-10 19:55:32.765794+00:00,2.2584875
2025-07-10 19:55:43.011086+00:00,2.2584879
2025-07-10 19:55:55.129465+00:00,2.2584878
2025-07-10 19:56:07.746571+00:00,2.2584879
2025-07-10 19:56:20.189792+00:00,2.2584877
2025-07-10 19:56:33.164545+00:00,2.2584878
2025-07-10 19:56:47.789936+00:00,2.2584874
2025-07-10 19:56:57.934211+00:00,2.2584879
2025-07-10 19:57:10.898046+00:00,2.258488
2025-07-10 19:57:23.837408+00:00,2.2584877
2025-07-10 19:57:36.920417+00:00,2.2584875
2025-07-10 19:57:49.229349+00:00,2.2584877
2025-07-10 19:58:02.056540+00:00,2.2584876
2025-07-10 19:58:16.995613+00:00,2.2584875
2025-07-10 19:58:27.274529+00:00,2.2584875
2025-07-10 19:58:39.965800+00:00,2.258488
2025-07-10 19:59:23.515481+00:00,2.2584881
2025-07-10 19:59:30.610350+00:00,2.2584878
2025-07-10 20:00:33.718234+00:00,2.2584873
2025-07-10 20:00:47.474066+00:00,2.258488
2025-07-10 20:01:04.142841+00:00,2.2584877
2025-07-10 20:01:38.480412+00:00,2.2584878
2025-07-10 20:01:49.667905+00:00,2.2584876
2025-07-10 20:02:27.954440+00:00,2.2584881
2025-07-10 20:02:40.393522+00:00,2.2584876
2025-07-10 20:02:54.682522+00:00,2.2584874
2025-07-10 20:03:24.017724+00:00,2.2584876
2025-07-10 20:03:48.577983+00:00,2.2584879
2025-07-10 20:04:12.843535+00:00,2.2584877
2025-07-10 20:04:28.623561+00:00,2.2584875
2025-07-10 20:04:37.887012+00:00,2.2584876
2025-07-10 20:04:50.938796+00:00,2.2584882
2025-07-10 20:05:03.970085+00:00,2.2584874
2025-07-10 20:05:17.145067+00:00,2.2584873
2025-07-10 20:05:29.494656+00:00,2.2584875
2025-07-10 20:05:42.298464+00:00,2.2584871
2025-07-10 20:05:54.674710+00:00,2.2584872
2025-07-10 20:06:07.524664+00:00,2.2584879
2025-07-10 20:06:19.649162+00:00,2.2584874
2025-07-10 20:06:32.492580+00:00,2.2584877
2025-07-10 20:06:44.992461+00:00,2.2584868
2025-07-10 20:06:56.914098+00:00,2.2584881
2025-07-10 20:07:10.191137+00:00,2.2584873
2025-07-10 20:07:24.556479+00:00,2.258488
2025-07-10 20:07:34.881919+00:00,2.2584872
2025-07-10 20:07:50.620240+00:00,2.2584876
2025-07-10 20:08:00.188577+00:00,2.2584872
2025-07-10 20:08:12.903212+00:00,2.258488
2025-07-10 20:08:25.385711+00:00,2.2584874
2025-07-10 20:08:40.214688+00:00,2.2584879
2025-07-10 20:08:51.254124+00:00,2.2584881
2025-07-10 20:09:05.046588+00:00,2.2584874
2025-07-10 20:09:17.171297+00:00,2.2584875
2025-07-10 20:09:43.120330+00:00,2.2584878
2025-07-10 20:09:54.785924+00:00,2.2584874
2025-07-10 20:10:07.408018+00:00,2.2584876
2025-07-10 20:10:19.676491+00:00,2.2584878
2025-07-10 20:10:42.051599+00:00,2.2584874
2025-07-10 20:11:20.683590+00:00,2.2584873
2025-07-10 20:11:21.929394+00:00,2.2584877
2025-07-10 20:11:34.784362+00:00,2.258488
2025-07-10 20:11:47.676402+00:00,2.2584875
2025-07-10 20:12:00.792575+00:00,2.2584878
2025-07-10 20:12:13.790569+00:00,2.2584875
2025-07-10 20:12:26.467685+00:00,2.2584872
2025-07-10 20:12:39.501027+00:00,2.2584877
2025-07-10 20:12:52.941676+00:00,2.258488
2025-07-10 20:13:06.590549+00:00,2.2584875
2025-07-10 20:13:19.591206+00:00,2.2584878
2025-07-10 20:13:31.988776+00:00,2.2584874
2025-07-10 20:13:44.722528+00:00,2.2584878
2025-07-10 20:13:57.931165+00:00,2.2584873
2025-07-10 20:14:12.611045+00:00,2.2584881
2025-07-10 20:14:24.446974+00:00,2.2584881
2025-07-10 20:14:37.125353+00:00,2.2584879
2025-07-10 20:15:36.360489+00:00,2.2584876
2025-07-10 20:15:41.652988+00:00,2.2584878
2025-07-10 20:16:17.542706+00:00,2.2584881
2025-07-10 20:16:31.004978+00:00,2.2584881
2025-07-10 20:16:42.391324+00:00,2.2584881
2025-07-10 20:16:55.089975+00:00,2.2584881
2025-07-10 20:17:14.145236+00:00,2.2584872
2025-07-10 20:17:22.534682+00:00,2.2584878
2025-07-10 20:17:40.319565+00:00,2.2584872
2025-07-10 20:17:57.574042+00:00,2.258488
2025-07-10 20:18:10.440302+00:00,2.2584876
2025-07-10 20:18:22.875571+00:00,2.2584879
2025-07-10 20:18:36.502572+00:00,2.2584877
2025-07-10 20:18:48.542061+00:00,2.2584879
2025-07-10 20:19:10.871083+00:00,2.2584877
2025-07-10 20:19:14.651192+00:00,2.2584875
2025-07-10 20:19:38.776527+00:00,2.2584874
2025-07-10 20:19:52.491193+00:00,2.2584882
2025-07-10 20:20:03.561775+00:00,2.2584879
2025-07-10 20:20:16.520380+00:00,2.2584875
2025-07-10 20:20:32.185760+00:00,2.2584879
2025-07-10 20:20:42.209632+00:00,2.2584876
2025-07-10 20:21:07.376985+00:00,2.2584882
2025-07-10 20:22:20.944702+00:00,2.2584883
2025-07-10 20:22:24.171192+00:00,2.2584874
2025-07-10 20:22:37.452793+00:00,2.2584876
2025-07-10 20:22:50.329565+00:00,2.2584876
2025-07-10 20:23:03.425292+00:00,2.2584874
2025-07-10 20:23:19.691806+00:00,2.2584869
2025-07-10 20:23:34.754937+00:00,2.2584878
2025-07-10 20:23:54.258054+00:00,2.258488
2025-07-10 20:24:07.605106+00:00,2.2584879
2025-07-10 20:24:19.644995+00:00,2.2584879
2025-07-10 20:24:33.943971+00:00,2.2584871
2025-07-10 20:24:44.200854+00:00,2.2584879
2025-07-10 20:24:57.138857+00:00,2.2584873
2025-07-10 20:25:17.988143+00:00,2.258488
2025-07-10 20:25:21.761457+00:00,2.2584875
2025-07-10 20:25:36.200432+00:00,2.2584875
2025-07-10 20:25:46.502377+00:00,2.2584877
2025-07-10 20:25:58.733907+00:00,2.2584876
2025-07-10 20:26:11.503464+00:00,2.2584878
2025-07-10 20:26:24.276297+00:00,2.2584881
2025-07-10 20:26:36.560900+00:00,2.2584876
2025-07-10 20:26:49.252033+00:00,2.2584879
2025-07-10 20:27:02.159356+00:00,2.2584877
2025-07-10 20:27:14.977901+00:00,2.2584878
2025-07-10 20:27:27.973031+00:00,2.2584879
2025-07-10 20:27:40.408515+00:00,2.2584873
2025-07-10 20:27:52.847034+00:00,2.2584883
2025-07-10 20:28:07.115628+00:00,2.2584881
2025-07-10 20:28:23.565469+00:00,2.2584877
2025-07-10 20:28:35.342511+00:00,2.2584877
2025-07-10 20:29:00.251994+00:00,2.2584874
2025-07-10 20:29:08.365946+00:00,2.2584876
2025-07-10 20:29:20.791730+00:00,2.2584877
2025-07-10 20:29:33.623473+00:00,2.2584882
2025-07-10 20:29:46.501863+00:00,2.2584882
2025-07-10 20:29:58.689688+00:00,2.2584881
2025-07-10 20:30:11.896553+00:00,2.2584875
2025-07-10 20:30:24.972779+00:00,2.2584877
2025-07-10 20:31:25.813959+00:00,2.2584878
2025-07-10 20:31:37.471695+00:00,2.2584876
2025-07-10 20:31:42.462185+00:00,2.2584871
2025-07-10 20:32:25.000302+00:00,2.2584878
2025-07-10 20:32:34.835761+00:00,2.258488
2025-07-10 20:32:47.216558+00:00,2.2584879
2025-07-10 20:32:59.628995+00:00,2.258488
2025-07-10 20:33:18.605940+00:00,2.2584875
2025-07-10 20:33:25.094092+00:00,2.2584877
2025-07-10 20:33:38.029562+00:00,2.2584873
2025-07-10 20:34:50.280545+00:00,2.2584873
2025-07-10 20:34:54.275044+00:00,2.2584881
2025-07-10 20:35:08.404331+00:00,2.2584882
2025-07-10 20:35:19.089583+00:00,2.2584875
2025-07-10 20:35:31.205661+00:00,2.2584879
2025-07-10 20:35:43.438350+00:00,2.2584882
2025-07-10 20:35:56.004976+00:00,2.2584873
2025-07-10 20:36:09.032979+00:00,2.2584876
2025-07-10 20:36:26.125022+00:00,2.2584875
2025-07-10 20:36:33.753776+00:00,2.2584878
2025-07-10 20:36:46.955826+00:00,2.2584882
2025-07-10 20:36:59.338779+00:00,2.2584874
2025-07-10 20:37:12.480199+00:00,2.2584877
2025-07-10 20:37:25.111868+00:00,2.2584882
2025-07-10 20:37:38.022739+00:00,2.258488
2025-07-10 20:37:49.880634+00:00,2.2584884
2025-07-10 20:38:28.272193+00:00,2.2584876
2025-07-10 20:38:40.060724+00:00,2.2584877
2025-07-10 20:38:52.428835+00:00,2.2584876
2025-07-10 20:39:05.266336+00:00,2.2584882
2025-07-10 20:39:25.231674+00:00,2.2584876
2025-07-10 20:39:35.639530+00:00,2.2584882
2025-07-10 20:39:59.970016+00:00,2.2584875
2025-07-10 20:40:08.864543+00:00,2.2584869
2025-07-10 20:40:22.155027+00:00,2.258488
2025-07-10 20:40:35.005786+00:00,2.2584872
2025-07-10 20:40:48.376170+00:00,2.2584877
2025-07-10 20:41:00.907218+00:00,2.2584874
2025-07-10 20:41:18.963890+00:00,2.258488
2025-07-10 20:41:26.880114+00:00,2.2584877
2025-07-10 20:41:39.800561+00:00,2.2584876
2025-07-10 20:41:52.074637+00:00,2.2584864
2025-07-10 20:42:05.486865+00:00,2.2584877
2025-07-10 20:42:18.718358+00:00,2.2584875
2025-07-10 20:42:31.208494+00:00,2.2584878
2025-07-10 20:42:43.642585+00:00,2.2584878
2025-07-10 20:42:56.261561+00:00,2.2584874
2025-07-10 20:43:09.200651+00:00,2.2584879
2025-07-10 20:43:21.675484+00:00,2.2584874
2025-07-10 20:43:34.481735+00:00,2.2584879
2025-07-10 20:44:00.088750+00:00,2.2584873
2025-07-10 20:44:23.955584+00:00,2.2584869
2025-07-10 20:44:36.706348+00:00,2.2584878
2025-07-10 20:44:49.490493+00:00,2.2584874
2025-07-10 20:45:02.747933+00:00,2.2584882
2025-07-10 20:45:15.297030+00:00,2.258488
2025-07-10 20:45:27.113721+00:00,2.2584873
2025-07-10 20:45:40.304759+00:00,2.2584883
2025-07-10 20:45:52.229411+00:00,2.2584877
2025-07-10 20:46:05.513693+00:00,2.2584874
2025-07-10 20:46:17.821042+00:00,2.2584879
2025-07-10 20:46:30.646370+00:00,2.2584881
2025-07-10 20:46:46.479038+00:00,2.2584881
2025-07-10 20:46:56.390380+00:00,2.2584875
2025-07-10 20:47:20.305880+00:00,2.2584875
2025-07-10 20:47:45.665402+00:00,2.2584874
2025-07-10 20:49:27.396268+00:00,2.2584875
2025-07-10 20:49:42.068404+00:00,2.2584882
2025-07-10 20:50:32.823704+00:00,2.258488
2025-07-10 20:50:45.723656+00:00,2.2584874
2025-07-10 20:50:59.202238+00:00,2.2584873
2025-07-10 20:51:11.814338+00:00,2.2584875
2025-07-10 20:51:23.843666+00:00,2.2584877
2025-07-10 20:51:36.795665+00:00,2.2584877
2025-07-10 20:51:49.454868+00:00,2.2584883
2025-07-10 20:52:02.987204+00:00,2.2584871
2025-07-10 20:52:14.873823+00:00,2.2584882
2025-07-10 20:52:28.409525+00:00,2.2584878
2025-07-10 20:52:46.173668+00:00,2.2584874
2025-07-10 20:52:52.774142+00:00,2.258487
2025-07-10 20:53:09.353456+00:00,2.2584878
2025-07-10 20:53:18.427237+00:00,2.2584872
2025-07-10 20:53:34.255470+00:00,2.2584879
2025-07-10 20:53:42.794827+00:00,2.2584873
2025-07-10 20:53:55.602348+00:00,2.2584883
2025-07-10 20:54:24.825454+00:00,2.2584875
2025-07-10 20:54:33.262218+00:00,2.2584875
2025-07-10 20:54:45.970173+00:00,2.2584876
2025-07-10 20:54:58.413739+00:00,2.258488
2025-07-10 20:55:30.682150+00:00,2.2584881
2025-07-10 20:55:41.590071+00:00,2.258488
2025-07-10 20:55:49.166005+00:00,2.2584869
2025-07-10 20:56:01.768852+00:00,2.2584875
2025-07-10 20:56:14.959773+00:00,2.258488
2025-07-10 20:56:26.802571+00:00,2.2584877
2025-07-10 20:56:39.373352+00:00,2.2584882
2025-07-10 20:56:51.907254+00:00,2.2584877
2025-07-10 20:57:05.246301+00:00,2.2584866
2025-07-10 20:57:17.820568+00:00,2.2584877
2025-07-10 20:57:29.862008+00:00,2.2584881
2025-07-10 20:57:42.294673+00:00,2.2584873
2025-07-10 20:57:57.498988+00:00,2.2584879
2025-07-10 20:58:07.437695+00:00,2.2584878
2025-07-10 20:58:20.942510+00:00,2.2584876
2025-07-10 20:58:33.137245+00:00,2.258488
2025-07-10 20:58:45.295157+00:00,2.258488
2025-07-10 20:58:57.811392+00:00,2.2584872
2025-07-10 20:59:10.943224+00:00,2.258488
2025-07-10 20:59:22.918311+00:00,2.2584881
2025-07-10 20:59:35.719559+00:00,2.258488
2025-07-10 20:59:48.936334+00:00,2.2584868
2025-07-10 21:00:02.247084+00:00,2.2584881
2025-07-10 21:00:14.589561+00:00,2.2584877
2025-07-10 21:00:27.699332+00:00,2.2584876
2025-07-10 21:00:41.008734+00:00,2.2584869
2025-07-10 21:00:53.190662+00:00,2.258487
2025-07-10 21:01:07.015901+00:00,2.2584873
2025-07-10 21:01:33.016562+00:00,2.2584875
2025-07-10 21:01:49.133039+00:00,2.2584875
2025-07-10 21:01:59.212417+00:00,2.2584882
2025-07-10 21:02:24.152362+00:00,2.2584872
2025-07-10 21:02:37.161021+00:00,2.2584878
2025-07-10 21:02:49.928255+00:00,2.2584874
2025-07-10 21:03:03.053728+00:00,2.2584878
2025-07-10 21:03:17.295386+00:00,2.2584879
2025-07-10 21:03:30.855335+00:00,2.258488
2025-07-10 21:03:40.774770+00:00,2.2584881
2025-07-10 21:03:53.217928+00:00,2.2584877
2025-07-10 21:04:06.001972+00:00,2.2584879
2025-07-10 21:04:18.652157+00:00,2.2584879
2025-07-10 21:04:43.419055+00:00,2.258488
2025-07-10 21:05:03.976000+00:00,2.2584868
2025-07-10 21:05:21.927035+00:00,2.2584874
2025-07-10 21:05:35.575002+00:00,2.2584879
2025-07-10 21:05:47.791524+00:00,2.2584878
2025-07-10 21:05:59.938188+00:00,2.2584864
2025-07-10 21:06:12.801848+00:00,2.2584877
2025-07-10 21:06:24.847632+00:00,2.2584875
2025-07-10 21:06:37.400461+00:00,2.2584883
2025-07-10 21:06:49.883386+00:00,2.2584876
2025-07-10 21:07:03.974244+00:00,2.2584869
2025-07-10 21:07:16.815010+00:00,2.2584879
2025-07-10 21:07:27.852859+00:00,2.2584878
2025-07-10 21:07:52.694462+00:00,2.2584877
2025-07-10 21:08:06.163097+00:00,2.2584875
2025-07-10 21:08:18.475404+00:00,2.2584878
2025-07-10 21:08:32.463269+00:00,2.2584876
2025-07-10 21:08:43.870432+00:00,2.2584874
2025-07-10 21:08:56.679422+00:00,2.2584869
2025-07-10 21:09:10.201089+00:00,2.2584881
2025-07-10 21:09:22.856816+00:00,2.2584874
2025-07-10 21:09:36.605661+00:00,2.2584863
2025-07-10 21:09:49.435083+00:00,2.2584858
2025-07-10 21:10:03.026180+00:00,2.2584882
2025-07-10 21:10:19.335573+00:00,2.2584878
2025-07-10 21:10:44.446290+00:00,2.2584876
2025-07-10 21:10:53.728952+00:00,2.258488
2025-07-10 21:11:07.307771+00:00,2.2584881
2025-07-10 21:11:19.604297+00:00,2.2584874
2025-07-10 21:11:32.267079+00:00,2.258488
2025-07-10 21:11:45.182169+00:00,2.2584875
2025-07-10 21:11:57.775853+00:00,2.258488
2025-07-10 21:12:11.816339+00:00,2.2584872
2025-07-10 21:12:23.486388+00:00,2.2584877
2025-07-10 21:13:13.146412+00:00,2.2584864
2025-07-10 21:13:25.143191+00:00,2.2584876
2025-07-10 21:14:03.830479+00:00,2.2584878
2025-07-10 21:14:34.067547+00:00,2.2584867
2025-07-10 21:17:36.730720+00:00,2.2584872
2025-07-10 21:17:50.272279+00:00,2.258486
2025-07-10 21:18:04.030509+00:00,2.2584871
2025-07-10 21:18:17.559435+00:00,2.2584877
2025-07-10 21:18:29.877858+00:00,2.2584872
2025-07-10 21:18:55.726994+00:00,2.2584876
2025-07-10 21:19:08.793507+00:00,2.2584873
2025-07-10 21:19:34.648671+00:00,2.2584883
2025-07-10 21:20:46.761017+00:00,2.2584865
2025-07-10 21:21:03.777343+00:00,2.2584869
2025-07-10 21:23:23.349017+00:00,2.2584878
2025-07-10 21:26:18.363102+00:00,2.2584862
2025-07-10 21:27:36.839479+00:00,2.2584867
