time,counts_ratio
2025-08-16 00:00:13.573079+00:00,2.2584864
2025-08-16 00:00:21.655997+00:00,2.258487
2025-08-16 00:00:36.080508+00:00,2.2584862
2025-08-16 00:00:48.871678+00:00,2.2584863
2025-08-16 00:01:14.159014+00:00,2.2584871
2025-08-16 00:01:27.181334+00:00,2.2584874
2025-08-16 00:01:40.297678+00:00,2.258488
2025-08-16 00:02:06.273628+00:00,2.2584879
2025-08-16 00:02:19.406446+00:00,2.2584873
2025-08-16 00:02:32.261287+00:00,2.2584875
2025-08-16 00:02:44.975071+00:00,2.2584868
2025-08-16 00:02:57.672535+00:00,2.2584875
2025-08-16 00:03:35.723324+00:00,2.2584876
2025-08-16 00:03:50.894685+00:00,2.2584872
2025-08-16 00:04:14.523229+00:00,2.2584871
2025-08-16 00:04:26.527859+00:00,2.2584879
2025-08-16 00:04:54.652844+00:00,2.258486
2025-08-16 00:05:05.816820+00:00,2.2584875
2025-08-16 00:05:18.211820+00:00,2.2584879
2025-08-16 00:05:45.396750+00:00,2.258487
2025-08-16 00:06:21.417102+00:00,2.2584858
2025-08-16 00:06:34.968048+00:00,2.2584875
2025-08-16 00:07:13.130559+00:00,2.2584874
2025-08-16 00:07:25.891797+00:00,2.2584867
2025-08-16 00:07:38.930191+00:00,2.2584872
2025-08-16 00:07:52.547546+00:00,2.2584876
2025-08-16 00:08:05.343568+00:00,2.2584876
2025-08-16 00:08:19.685130+00:00,2.2584871
2025-08-16 00:08:31.774987+00:00,2.2584871
2025-08-16 00:08:44.741783+00:00,2.258487
2025-08-16 00:08:57.858758+00:00,2.2584871
2025-08-16 00:09:10.966382+00:00,2.2584883
2025-08-16 00:09:23.863055+00:00,2.2584869
2025-08-16 00:09:49.822517+00:00,2.2584869
2025-08-16 00:10:03.427940+00:00,2.2584874
2025-08-16 00:10:28.888439+00:00,2.2584871
2025-08-16 00:10:42.972824+00:00,2.258488
2025-08-16 00:11:08.121264+00:00,2.258488
2025-08-16 00:11:32.989045+00:00,2.2584867
2025-08-16 00:11:47.845745+00:00,2.2584881
2025-08-16 00:12:13.786841+00:00,2.258488
2025-08-16 00:12:49.267078+00:00,2.2584872
2025-08-16 00:13:52.952552+00:00,2.2584875
2025-08-16 00:14:05.759342+00:00,2.258487
2025-08-16 00:14:33.472408+00:00,2.2584873
2025-08-16 00:14:45.390548+00:00,2.2584874
2025-08-16 00:14:57.250012+00:00,2.2584862
2025-08-16 00:15:24.622760+00:00,2.2584861
2025-08-16 00:15:50.213644+00:00,2.2584865
2025-08-16 00:16:02.827514+00:00,2.2584867
2025-08-16 00:16:32.705173+00:00,2.2584865
2025-08-16 00:16:55.293679+00:00,2.2584873
2025-08-16 00:17:09.745182+00:00,2.258487
2025-08-16 00:17:34.314938+00:00,2.2584875
2025-08-16 00:17:49.489509+00:00,2.2584875
2025-08-16 00:18:14.830548+00:00,2.2584861
2025-08-16 00:18:26.884865+00:00,2.2584881
2025-08-16 00:18:39.127785+00:00,2.2584875
2025-08-16 00:18:51.797803+00:00,2.2584878
2025-08-16 00:19:17.417571+00:00,2.2584876
2025-08-16 00:19:29.751760+00:00,2.2584869
2025-08-16 00:20:08.388983+00:00,2.2584871
2025-08-16 00:20:21.080910+00:00,2.2584877
2025-08-16 00:20:34.239427+00:00,2.2584868
2025-08-16 00:20:58.958661+00:00,2.2584872
2025-08-16 00:21:24.532123+00:00,2.2584868
2025-08-16 00:22:03.263497+00:00,2.2584867
2025-08-16 00:22:18.972712+00:00,2.258487
2025-08-16 00:22:29.516805+00:00,2.2584869
2025-08-16 00:22:42.729142+00:00,2.2584867
2025-08-16 00:22:55.461097+00:00,2.258487
2025-08-16 00:23:08.588314+00:00,2.2584872
2025-08-16 00:23:21.653969+00:00,2.2584867
2025-08-16 00:23:34.730541+00:00,2.258486
2025-08-16 00:23:47.785165+00:00,2.2584877
2025-08-16 00:24:01.842466+00:00,2.2584865
2025-08-16 00:24:13.527162+00:00,2.2584879
2025-08-16 00:24:28.369929+00:00,2.2584877
2025-08-16 00:24:47.899963+00:00,2.2584876
2025-08-16 00:25:06.264586+00:00,2.2584871
2025-08-16 00:25:18.860098+00:00,2.2584873
2025-08-16 00:25:44.234411+00:00,2.2584878
2025-08-16 00:26:34.762826+00:00,2.258487
2025-08-16 00:27:00.025505+00:00,2.2584871
2025-08-16 00:27:13.680052+00:00,2.2584873
2025-08-16 00:27:50.996618+00:00,2.2584878
2025-08-16 00:28:13.398543+00:00,2.2584871
2025-08-16 00:28:20.550349+00:00,2.2584867
2025-08-16 00:28:41.989571+00:00,2.2584877
2025-08-16 00:28:54.913190+00:00,2.2584878
2025-08-16 00:29:07.731594+00:00,2.2584878
2025-08-16 00:29:33.032902+00:00,2.2584874
2025-08-16 00:29:59.010415+00:00,2.2584862
2025-08-16 00:30:12.165009+00:00,2.2584865
2025-08-16 00:30:24.608133+00:00,2.2584874
2025-08-16 00:30:37.401029+00:00,2.2584872
2025-08-16 00:30:50.205403+00:00,2.2584866
2025-08-16 00:31:32.338365+00:00,2.258488
2025-08-16 00:31:44.961285+00:00,2.2584868
2025-08-16 00:31:55.648086+00:00,2.2584877
2025-08-16 00:32:48.238420+00:00,2.2584879
2025-08-16 00:33:13.449401+00:00,2.2584875
2025-08-16 00:34:05.303929+00:00,2.2584879
2025-08-16 00:34:43.060697+00:00,2.2584879
2025-08-16 00:35:21.323820+00:00,2.258487
2025-08-16 00:35:34.433138+00:00,2.2584862
2025-08-16 00:35:47.391958+00:00,2.2584875
2025-08-16 00:36:13.108722+00:00,2.2584869
2025-08-16 00:36:38.524174+00:00,2.2584878
2025-08-16 00:36:50.704051+00:00,2.2584873
2025-08-16 00:37:16.738213+00:00,2.2584869
2025-08-16 00:37:29.165949+00:00,2.2584871
2025-08-16 00:37:41.964492+00:00,2.2584879
2025-08-16 00:37:55.398007+00:00,2.2584877
2025-08-16 00:38:08.443761+00:00,2.2584862
2025-08-16 00:38:21.553593+00:00,2.2584869
2025-08-16 00:38:34.967446+00:00,2.2584873
2025-08-16 00:38:47.968715+00:00,2.2584858
2025-08-16 00:39:03.176278+00:00,2.2584866
2025-08-16 00:40:37.808443+00:00,2.2584862
2025-08-16 00:40:45.126673+00:00,2.2584869
2025-08-16 00:40:58.575003+00:00,2.2584871
2025-08-16 00:41:11.242496+00:00,2.2584868
2025-08-16 00:41:23.740799+00:00,2.2584868
2025-08-16 00:42:40.178284+00:00,2.2584871
2025-08-16 00:43:06.017967+00:00,2.2584868
2025-08-16 00:43:18.721512+00:00,2.2584874
2025-08-16 00:43:56.942157+00:00,2.2584878
2025-08-16 00:44:47.909725+00:00,2.2584867
2025-08-16 00:45:39.894182+00:00,2.2584872
2025-08-16 00:45:52.653590+00:00,2.2584884
2025-08-16 00:46:05.855868+00:00,2.2584862
2025-08-16 00:46:32.292202+00:00,2.2584879
2025-08-16 00:46:45.328279+00:00,2.2584873
2025-08-16 00:47:11.111989+00:00,2.2584867
2025-08-16 00:47:37.341688+00:00,2.2584869
2025-08-16 00:47:50.311450+00:00,2.2584869
2025-08-16 00:48:03.363421+00:00,2.2584868
2025-08-16 00:48:29.205969+00:00,2.2584874
2025-08-16 00:48:54.869173+00:00,2.2584867
2025-08-16 00:49:45.583261+00:00,2.2584877
2025-08-16 00:50:38.402097+00:00,2.2584872
2025-08-16 00:51:27.315097+00:00,2.2584879
2025-08-16 00:51:53.670186+00:00,2.2584872
2025-08-16 00:52:31.664107+00:00,2.258487
2025-08-16 00:52:58.086755+00:00,2.2584877
2025-08-16 00:53:14.203236+00:00,2.2584863
2025-08-16 00:53:24.121928+00:00,2.2584874
2025-08-16 00:53:50.121036+00:00,2.2584874
2025-08-16 00:54:04.847800+00:00,2.2584868
2025-08-16 00:54:15.978359+00:00,2.2584868
2025-08-16 00:54:28.908220+00:00,2.258486
2025-08-16 00:55:23.822111+00:00,2.2584865
2025-08-16 00:55:47.117203+00:00,2.2584884
2025-08-16 00:56:13.881917+00:00,2.2584869
2025-08-16 00:57:28.065745+00:00,2.2584877
2025-08-16 00:58:19.080885+00:00,2.2584884
2025-08-16 01:00:14.639479+00:00,2.2584878
2025-08-16 01:00:26.937737+00:00,2.2584861
2025-08-16 01:00:52.571562+00:00,2.2584861
2025-08-16 01:01:06.042461+00:00,2.2584872
2025-08-16 01:02:11.733324+00:00,2.258487
2025-08-16 01:03:28.783831+00:00,2.258486
2025-08-16 01:03:41.804212+00:00,2.2584871
2025-08-16 01:03:54.635003+00:00,2.258487
2025-08-16 01:07:18.596474+00:00,2.2584866
2025-08-16 01:07:31.879037+00:00,2.2584873
2025-08-16 01:08:52.238444+00:00,2.2584861
2025-08-16 01:09:02.356236+00:00,2.258487
2025-08-16 01:09:28.698401+00:00,2.2584874
2025-08-16 01:09:42.516729+00:00,2.2584874
2025-08-16 01:09:55.984193+00:00,2.2584864
2025-08-16 01:16:45.292017+00:00,2.2584861
2025-08-16 01:16:58.885065+00:00,2.2584884
2025-08-16 01:17:27.755456+00:00,2.2584865
2025-08-16 01:17:37.925836+00:00,2.2584863
2025-08-16 01:18:17.203388+00:00,2.258487
2025-08-16 01:18:43.373135+00:00,2.2584863
2025-08-16 01:20:00.819628+00:00,2.258488
2025-08-16 01:20:28.884936+00:00,2.2584877
2025-08-16 01:28:35.900998+00:00,2.2584868
2025-08-16 01:34:36.430945+00:00,2.2584864
2025-08-16 01:51:34.407737+00:00,2.2584865
2025-08-16 06:00:18.833852+00:00,2.2584878
2025-08-16 06:00:58.050234+00:00,2.2584877
2025-08-16 06:01:24.215545+00:00,2.258488
2025-08-16 06:06:19.610398+00:00,2.2584872
2025-08-16 06:06:47.728615+00:00,2.2584859
2025-08-16 06:07:10.858662+00:00,2.2584863
2025-08-16 06:07:23.338669+00:00,2.2584878
2025-08-16 06:07:39.307531+00:00,2.2584869
2025-08-16 06:07:50.025983+00:00,2.2584872
2025-08-16 06:08:03.239633+00:00,2.2584866
2025-08-16 06:08:16.094707+00:00,2.2584862
2025-08-16 06:08:29.168964+00:00,2.2584867
2025-08-16 06:08:42.201420+00:00,2.2584874
2025-08-16 06:08:55.393423+00:00,2.2584873
2025-08-16 06:09:21.487683+00:00,2.2584867
2025-08-16 06:09:34.525044+00:00,2.2584866
2025-08-16 06:09:47.944914+00:00,2.2584871
2025-08-16 06:10:00.123727+00:00,2.2584878
2025-08-16 06:10:39.879551+00:00,2.2584868
2025-08-16 06:11:05.282039+00:00,2.2584872
2025-08-16 06:11:17.431541+00:00,2.2584872
2025-08-16 06:11:43.034140+00:00,2.2584868
2025-08-16 06:11:55.704754+00:00,2.2584859
2025-08-16 06:12:21.405571+00:00,2.258486
2025-08-16 06:12:34.482267+00:00,2.2584878
2025-08-16 06:12:47.514071+00:00,2.2584869
2025-08-16 06:13:00.742340+00:00,2.258488
2025-08-16 06:13:13.277759+00:00,2.2584872
2025-08-16 06:13:25.521178+00:00,2.2584873
2025-08-16 06:13:38.802474+00:00,2.2584871
2025-08-16 06:13:51.289981+00:00,2.2584866
2025-08-16 06:14:04.850160+00:00,2.2584878
2025-08-16 06:14:17.622782+00:00,2.258487
2025-08-16 06:14:29.553720+00:00,2.2584866
2025-08-16 06:14:42.575297+00:00,2.2584866
2025-08-16 06:14:55.472473+00:00,2.2584876
2025-08-16 06:15:08.823351+00:00,2.2584872
2025-08-16 06:15:22.545162+00:00,2.258487
2025-08-16 06:15:37.133140+00:00,2.258487
2025-08-16 06:15:48.273972+00:00,2.2584866
2025-08-16 06:16:06.840983+00:00,2.2584867
2025-08-16 06:16:15.674782+00:00,2.2584866
2025-08-16 06:16:27.240368+00:00,2.2584877
2025-08-16 06:16:40.508247+00:00,2.2584878
2025-08-16 06:16:53.236502+00:00,2.2584871
2025-08-16 06:17:07.716239+00:00,2.2584869
2025-08-16 06:17:19.861995+00:00,2.2584872
2025-08-16 06:17:33.149895+00:00,2.2584881
2025-08-16 06:17:45.206386+00:00,2.2584879
2025-08-16 06:17:58.532473+00:00,2.258487
2025-08-16 06:18:13.862987+00:00,2.2584865
2025-08-16 06:18:26.249437+00:00,2.2584874
2025-08-16 06:18:37.915064+00:00,2.2584879
2025-08-16 06:18:49.813746+00:00,2.2584876
2025-08-16 06:19:03.146090+00:00,2.258488
2025-08-16 06:19:15.684903+00:00,2.2584865
2025-08-16 06:19:28.896537+00:00,2.2584874
2025-08-16 06:19:41.072119+00:00,2.2584872
2025-08-16 06:19:53.845109+00:00,2.2584873
2025-08-16 06:20:06.983653+00:00,2.2584873
2025-08-16 06:20:19.752284+00:00,2.2584872
2025-08-16 06:20:32.880078+00:00,2.2584874
2025-08-16 06:20:47.004562+00:00,2.2584878
2025-08-16 06:20:58.528135+00:00,2.2584873
2025-08-16 06:21:14.428244+00:00,2.2584871
2025-08-16 06:21:24.112979+00:00,2.258487
2025-08-16 06:21:37.510648+00:00,2.2584874
2025-08-16 06:21:49.917591+00:00,2.2584872
2025-08-16 06:22:02.749276+00:00,2.258487
2025-08-16 06:22:17.268021+00:00,2.2584871
2025-08-16 06:22:28.217703+00:00,2.2584875
2025-08-16 06:22:41.358077+00:00,2.2584877
2025-08-16 06:22:53.659335+00:00,2.2584876
2025-08-16 06:23:08.846522+00:00,2.258488
2025-08-16 06:23:20.415466+00:00,2.2584876
2025-08-16 06:23:32.882398+00:00,2.2584864
2025-08-16 06:23:46.067022+00:00,2.2584869
2025-08-16 06:23:58.831820+00:00,2.2584867
2025-08-16 06:24:13.197550+00:00,2.2584874
2025-08-16 06:24:25.754358+00:00,2.2584881
2025-08-16 06:24:38.294685+00:00,2.258487
2025-08-16 06:24:51.340568+00:00,2.2584871
2025-08-16 06:25:05.153788+00:00,2.2584869
2025-08-16 06:25:19.602333+00:00,2.2584873
2025-08-16 06:25:30.760941+00:00,2.2584878
2025-08-16 06:25:43.511058+00:00,2.2584876
2025-08-16 06:25:56.397432+00:00,2.2584876
2025-08-16 06:26:09.859545+00:00,2.2584876
2025-08-16 06:26:22.357548+00:00,2.2584863
2025-08-16 06:26:35.520463+00:00,2.2584873
2025-08-16 06:26:48.725001+00:00,2.2584877
2025-08-16 06:27:01.021071+00:00,2.2584874
2025-08-16 06:27:13.465574+00:00,2.2584875
2025-08-16 06:27:26.239721+00:00,2.2584873
2025-08-16 06:27:39.122315+00:00,2.2584877
2025-08-16 06:27:52.429278+00:00,2.2584874
2025-08-16 06:28:04.825315+00:00,2.2584868
2025-08-16 06:28:17.525304+00:00,2.2584879
2025-08-16 06:28:30.412668+00:00,2.2584878
2025-08-16 06:28:45.111136+00:00,2.2584879
2025-08-16 06:28:56.752666+00:00,2.2584869
2025-08-16 06:29:09.418825+00:00,2.2584875
2025-08-16 06:29:23.857442+00:00,2.2584872
2025-08-16 06:29:34.544380+00:00,2.2584882
2025-08-16 06:29:47.495188+00:00,2.2584873
2025-08-16 06:30:00.943565+00:00,2.2584874
2025-08-16 06:30:13.086982+00:00,2.258488
2025-08-16 06:30:25.796580+00:00,2.2584867
2025-08-16 06:30:39.012330+00:00,2.2584872
2025-08-16 06:30:51.728101+00:00,2.2584872
2025-08-16 06:31:05.436913+00:00,2.2584868
2025-08-16 06:31:20.883178+00:00,2.2584873
2025-08-16 06:31:31.128810+00:00,2.2584882
2025-08-16 06:31:43.759055+00:00,2.2584872
2025-08-16 06:31:56.970053+00:00,2.2584859
2025-08-16 06:32:10.474922+00:00,2.2584871
2025-08-16 06:32:24.772273+00:00,2.2584877
2025-08-16 06:32:39.109892+00:00,2.258488
2025-08-16 06:32:48.973229+00:00,2.2584879
2025-08-16 06:33:03.264451+00:00,2.2584872
2025-08-16 06:33:17.240013+00:00,2.2584877
2025-08-16 06:33:28.047406+00:00,2.2584876
2025-08-16 06:33:41.007217+00:00,2.2584875
2025-08-16 06:33:53.970039+00:00,2.2584868
2025-08-16 06:34:07.009794+00:00,2.258488
2025-08-16 06:34:19.888715+00:00,2.2584879
2025-08-16 06:34:33.494487+00:00,2.2584874
2025-08-16 06:34:51.296744+00:00,2.2584872
2025-08-16 06:34:58.362642+00:00,2.2584872
2025-08-16 06:35:12.419298+00:00,2.2584868
2025-08-16 06:35:27.059852+00:00,2.2584873
2025-08-16 06:35:36.519786+00:00,2.2584873
2025-08-16 06:35:50.791838+00:00,2.2584879
2025-08-16 06:36:10.740302+00:00,2.2584873
2025-08-16 06:36:15.904467+00:00,2.2584879
2025-08-16 06:36:27.925597+00:00,2.2584874
2025-08-16 06:36:41.082476+00:00,2.2584879
2025-08-16 06:36:55.211548+00:00,2.2584877
2025-08-16 06:37:06.827138+00:00,2.2584872
2025-08-16 06:37:20.017435+00:00,2.2584875
2025-08-16 06:37:32.452472+00:00,2.2584874
2025-08-16 06:37:44.928214+00:00,2.2584872
2025-08-16 06:37:57.393337+00:00,2.2584871
2025-08-16 06:38:10.795190+00:00,2.2584874
2025-08-16 06:38:49.439033+00:00,2.2584869
2025-08-16 06:39:02.484656+00:00,2.2584866
2025-08-16 06:39:15.709132+00:00,2.2584874
2025-08-16 06:39:28.099290+00:00,2.2584873
2025-08-16 06:39:41.420277+00:00,2.2584867
2025-08-16 06:39:58.863206+00:00,2.2584879
2025-08-16 06:40:07.706857+00:00,2.2584871
2025-08-16 06:40:21.666336+00:00,2.2584876
2025-08-16 06:40:33.890344+00:00,2.2584873
2025-08-16 06:40:46.757815+00:00,2.258488
2025-08-16 06:41:01.487974+00:00,2.2584878
2025-08-16 06:41:12.678349+00:00,2.2584873
2025-08-16 06:41:26.497930+00:00,2.258487
2025-08-16 06:41:41.675998+00:00,2.2584878
2025-08-16 06:41:51.591398+00:00,2.2584871
2025-08-16 06:42:09.470168+00:00,2.2584871
2025-08-16 06:42:17.477511+00:00,2.2584875
2025-08-16 06:42:29.964922+00:00,2.2584873
2025-08-16 06:42:42.635914+00:00,2.258488
2025-08-16 06:42:57.216302+00:00,2.2584873
2025-08-16 06:43:08.686993+00:00,2.2584878
2025-08-16 06:43:20.996937+00:00,2.2584868
2025-08-16 06:43:34.344894+00:00,2.2584872
2025-08-16 06:43:46.769221+00:00,2.2584876
2025-08-16 06:43:59.602493+00:00,2.2584874
2025-08-16 06:44:14.573726+00:00,2.2584877
2025-08-16 06:44:25.702109+00:00,2.2584872
2025-08-16 06:44:37.967268+00:00,2.2584871
2025-08-16 06:44:50.893553+00:00,2.2584877
2025-08-16 06:45:03.857785+00:00,2.2584871
2025-08-16 06:45:16.650498+00:00,2.2584881
2025-08-16 06:45:29.442534+00:00,2.2584879
2025-08-16 06:45:41.856956+00:00,2.2584873
2025-08-16 06:45:54.839823+00:00,2.2584879
2025-08-16 06:46:08.074297+00:00,2.2584872
2025-08-16 06:46:21.062468+00:00,2.2584877
2025-08-16 06:46:34.677430+00:00,2.2584873
2025-08-16 06:46:47.665068+00:00,2.2584873
2025-08-16 06:46:59.685491+00:00,2.2584876
2025-08-16 06:47:12.735703+00:00,2.2584876
2025-08-16 06:47:25.953864+00:00,2.2584874
2025-08-16 06:47:39.251810+00:00,2.2584873
2025-08-16 06:47:53.048174+00:00,2.2584879
2025-08-16 06:48:05.204285+00:00,2.2584872
2025-08-16 06:48:18.675774+00:00,2.2584871
2025-08-16 06:48:32.214254+00:00,2.2584879
2025-08-16 06:48:44.108331+00:00,2.2584872
2025-08-16 06:48:57.461784+00:00,2.2584873
2025-08-16 06:49:12.360638+00:00,2.2584873
2025-08-16 06:49:23.055456+00:00,2.2584871
2025-08-16 06:49:36.124532+00:00,2.2584875
2025-08-16 06:49:49.501309+00:00,2.2584864
2025-08-16 06:50:01.991123+00:00,2.2584876
2025-08-16 06:50:14.845993+00:00,2.2584871
2025-08-16 06:50:27.525316+00:00,2.2584876
2025-08-16 06:50:40.428975+00:00,2.2584875
2025-08-16 06:50:53.204832+00:00,2.2584871
2025-08-16 06:51:06.167696+00:00,2.258488
2025-08-16 06:51:19.031056+00:00,2.2584879
2025-08-16 06:51:32.015898+00:00,2.2584869
2025-08-16 06:51:44.867305+00:00,2.2584874
2025-08-16 06:51:57.681058+00:00,2.2584874
2025-08-16 06:52:11.557660+00:00,2.2584878
2025-08-16 06:52:23.009072+00:00,2.2584875
2025-08-16 06:52:35.957774+00:00,2.2584871
2025-08-16 06:52:49.152230+00:00,2.258487
2025-08-16 06:53:02.032007+00:00,2.2584868
2025-08-16 06:53:14.291365+00:00,2.2584873
2025-08-16 06:53:27.116125+00:00,2.2584872
2025-08-16 06:53:40.035170+00:00,2.2584876
2025-08-16 06:53:53.497099+00:00,2.2584869
2025-08-16 06:54:06.395337+00:00,2.2584877
2025-08-16 06:54:19.607403+00:00,2.2584878
2025-08-16 06:54:32.018376+00:00,2.2584874
2025-08-16 06:54:45.243237+00:00,2.2584876
2025-08-16 06:54:59.145720+00:00,2.2584878
2025-08-16 06:55:11.577668+00:00,2.2584874
2025-08-16 06:55:24.737110+00:00,2.2584877
2025-08-16 06:55:37.966046+00:00,2.2584874
2025-08-16 06:55:50.578762+00:00,2.2584868
2025-08-16 06:56:04.024010+00:00,2.2584876
2025-08-16 06:56:16.750077+00:00,2.2584877
2025-08-16 06:56:29.522955+00:00,2.2584872
2025-08-16 06:56:42.680139+00:00,2.2584869
2025-08-16 06:56:55.480471+00:00,2.2584868
2025-08-16 06:57:08.898917+00:00,2.2584875
2025-08-16 06:57:21.379286+00:00,2.2584873
2025-08-16 06:57:34.199816+00:00,2.2584874
2025-08-16 06:57:46.981119+00:00,2.2584879
2025-08-16 06:57:59.758734+00:00,2.2584872
2025-08-16 06:58:12.564307+00:00,2.2584876
2025-08-16 06:58:27.131431+00:00,2.2584868
2025-08-16 06:58:41.926970+00:00,2.2584876
2025-08-16 06:58:51.832410+00:00,2.2584872
2025-08-16 06:59:04.294066+00:00,2.2584866
2025-08-16 06:59:17.071577+00:00,2.2584871
2025-08-16 06:59:29.781738+00:00,2.258487
2025-08-16 06:59:42.552474+00:00,2.258487
2025-08-16 06:59:55.654364+00:00,2.2584872
2025-08-16 07:00:13.527370+00:00,2.2584871
2025-08-16 07:00:21.808419+00:00,2.2584872
2025-08-16 07:00:33.892721+00:00,2.2584875
2025-08-16 07:00:48.350102+00:00,2.2584868
2025-08-16 07:00:59.404214+00:00,2.258487
2025-08-16 07:01:16.609320+00:00,2.2584879
2025-08-16 07:01:25.209356+00:00,2.2584862
2025-08-16 07:01:38.091657+00:00,2.2584877
2025-08-16 07:01:51.589991+00:00,2.2584876
2025-08-16 07:02:04.399552+00:00,2.2584873
2025-08-16 07:02:32.465053+00:00,2.2584879
2025-08-16 07:02:46.725842+00:00,2.2584874
2025-08-16 07:02:56.635400+00:00,2.2584873
2025-08-16 07:03:23.204585+00:00,2.2584878
2025-08-16 07:03:36.087775+00:00,2.2584876
2025-08-16 07:03:48.833967+00:00,2.258487
2025-08-16 07:04:01.896562+00:00,2.2584873
2025-08-16 07:04:14.802503+00:00,2.2584872
2025-08-16 07:04:27.564236+00:00,2.2584875
2025-08-16 07:04:40.663766+00:00,2.2584877
2025-08-16 07:04:55.263794+00:00,2.258487
2025-08-16 07:05:07.361252+00:00,2.258487
2025-08-16 07:05:23.242525+00:00,2.2584873
2025-08-16 07:05:32.260477+00:00,2.2584872
2025-08-16 07:05:45.015505+00:00,2.2584873
2025-08-16 07:05:58.054003+00:00,2.2584873
2025-08-16 07:06:10.808864+00:00,2.2584876
2025-08-16 07:06:23.569259+00:00,2.2584874
2025-08-16 07:06:36.160408+00:00,2.2584876
2025-08-16 07:06:50.068137+00:00,2.2584874
2025-08-16 07:07:02.692252+00:00,2.2584877
2025-08-16 07:07:17.324294+00:00,2.2584869
2025-08-16 07:07:27.996873+00:00,2.2584871
2025-08-16 07:07:44.038876+00:00,2.2584872
2025-08-16 07:07:53.429921+00:00,2.2584872
2025-08-16 07:08:06.425474+00:00,2.258487
2025-08-16 07:08:23.355196+00:00,2.2584878
2025-08-16 07:08:34.313673+00:00,2.2584878
2025-08-16 07:08:44.342338+00:00,2.258488
2025-08-16 07:08:58.431273+00:00,2.2584871
2025-08-16 07:09:10.047505+00:00,2.258488
2025-08-16 07:09:22.923432+00:00,2.2584872
2025-08-16 07:09:36.779132+00:00,2.2584874
2025-08-16 07:09:49.889001+00:00,2.2584871
2025-08-16 07:10:02.712133+00:00,2.2584878
2025-08-16 07:10:16.021854+00:00,2.2584874
2025-08-16 07:10:29.130073+00:00,2.2584869
2025-08-16 07:10:42.197112+00:00,2.2584869
2025-08-16 07:10:54.458135+00:00,2.2584875
2025-08-16 07:11:08.436435+00:00,2.2584873
2025-08-16 07:11:20.671186+00:00,2.2584872
2025-08-16 07:11:34.303149+00:00,2.258487
2025-08-16 07:11:46.950568+00:00,2.2584867
2025-08-16 07:11:59.646276+00:00,2.2584876
2025-08-16 07:12:12.903777+00:00,2.2584871
2025-08-16 07:12:25.912024+00:00,2.2584868
2025-08-16 07:12:38.517988+00:00,2.2584873
2025-08-16 07:12:51.524797+00:00,2.2584873
2025-08-16 07:13:05.149599+00:00,2.2584877
2025-08-16 07:13:17.433130+00:00,2.2584875
2025-08-16 07:13:30.201975+00:00,2.2584867
2025-08-16 07:13:44.206844+00:00,2.2584877
2025-08-16 07:13:55.824190+00:00,2.2584876
2025-08-16 07:14:12.848289+00:00,2.2584872
2025-08-16 07:14:21.573082+00:00,2.2584874
2025-08-16 07:14:34.422415+00:00,2.2584873
2025-08-16 07:14:48.032282+00:00,2.2584875
2025-08-16 07:15:00.630499+00:00,2.2584867
2025-08-16 07:15:13.681116+00:00,2.258487
2025-08-16 07:15:28.564025+00:00,2.258487
2025-08-16 07:15:39.639121+00:00,2.2584873
2025-08-16 07:15:56.714149+00:00,2.2584871
2025-08-16 07:16:04.561298+00:00,2.2584876
2025-08-16 07:16:18.204082+00:00,2.2584876
2025-08-16 07:16:35.720330+00:00,2.2584871
2025-08-16 07:16:43.182862+00:00,2.2584876
2025-08-16 07:16:56.401425+00:00,2.2584872
2025-08-16 07:17:09.136090+00:00,2.2584872
2025-08-16 07:17:22.148314+00:00,2.2584876
2025-08-16 07:17:35.081030+00:00,2.258487
2025-08-16 07:17:47.968344+00:00,2.2584874
2025-08-16 07:18:01.388099+00:00,2.2584874
2025-08-16 07:18:14.198647+00:00,2.2584873
2025-08-16 07:18:28.809430+00:00,2.2584873
2025-08-16 07:18:40.371283+00:00,2.2584867
2025-08-16 07:18:53.335359+00:00,2.2584869
2025-08-16 07:19:06.705679+00:00,2.258487
2025-08-16 07:19:19.569149+00:00,2.258487
2025-08-16 07:19:32.504980+00:00,2.2584876
2025-08-16 07:19:45.262953+00:00,2.258487
2025-08-16 07:19:59.511766+00:00,2.2584873
2025-08-16 07:20:25.926574+00:00,2.2584869
2025-08-16 07:20:43.066374+00:00,2.2584878
2025-08-16 07:20:50.155273+00:00,2.2584875
2025-08-16 07:21:03.514388+00:00,2.2584869
2025-08-16 07:21:15.583303+00:00,2.2584872
2025-08-16 07:21:28.240572+00:00,2.2584872
2025-08-16 07:21:41.203285+00:00,2.2584875
2025-08-16 07:21:54.681206+00:00,2.2584872
2025-08-16 07:22:08.470382+00:00,2.2584868
2025-08-16 07:22:19.852597+00:00,2.2584878
2025-08-16 07:22:32.827889+00:00,2.2584872
2025-08-16 07:22:48.495413+00:00,2.258487
2025-08-16 07:22:59.127153+00:00,2.2584872
2025-08-16 07:23:26.353190+00:00,2.2584868
2025-08-16 07:23:37.031293+00:00,2.2584869
2025-08-16 07:23:49.920557+00:00,2.2584875
2025-08-16 07:24:03.075148+00:00,2.2584874
2025-08-16 07:24:16.447665+00:00,2.2584869
2025-08-16 07:24:28.921806+00:00,2.2584877
2025-08-16 07:24:41.178463+00:00,2.258487
2025-08-16 07:24:54.179028+00:00,2.2584868
2025-08-16 07:25:14.989861+00:00,2.2584875
2025-08-16 07:25:21.322187+00:00,2.2584874
2025-08-16 07:25:34.381900+00:00,2.2584871
2025-08-16 07:25:47.091082+00:00,2.2584872
2025-08-16 07:25:59.885924+00:00,2.2584879
2025-08-16 07:26:25.985283+00:00,2.2584866
2025-08-16 07:26:39.119399+00:00,2.2584869
2025-08-16 07:26:52.295224+00:00,2.2584871
2025-08-16 07:27:05.346084+00:00,2.2584873
2025-08-16 07:27:18.587207+00:00,2.2584875
2025-08-16 07:27:31.802133+00:00,2.2584874
2025-08-16 07:27:44.392911+00:00,2.2584872
2025-08-16 07:27:58.082655+00:00,2.2584874
2025-08-16 07:28:10.402082+00:00,2.2584878
2025-08-16 07:28:23.582499+00:00,2.258487
2025-08-16 07:28:36.113144+00:00,2.258487
2025-08-16 07:28:49.299154+00:00,2.2584873
2025-08-16 07:29:02.951416+00:00,2.2584876
2025-08-16 07:29:14.602115+00:00,2.2584876
2025-08-16 07:29:28.037916+00:00,2.2584869
2025-08-16 07:29:40.679076+00:00,2.2584878
2025-08-16 07:29:53.474733+00:00,2.2584867
2025-08-16 07:30:06.848460+00:00,2.2584865
2025-08-16 07:30:19.883283+00:00,2.2584867
2025-08-16 07:30:46.019490+00:00,2.258487
2025-08-16 07:30:57.948061+00:00,2.2584869
2025-08-16 07:31:11.380720+00:00,2.2584868
2025-08-16 07:31:24.509021+00:00,2.2584876
2025-08-16 07:31:38.089942+00:00,2.2584875
2025-08-16 07:31:49.987944+00:00,2.2584871
2025-08-16 07:32:03.208274+00:00,2.2584878
2025-08-16 07:32:15.472782+00:00,2.2584868
2025-08-16 07:32:28.408308+00:00,2.2584867
2025-08-16 07:32:43.163306+00:00,2.2584877
2025-08-16 07:32:54.392360+00:00,2.2584871
2025-08-16 07:33:07.995541+00:00,2.2584868
2025-08-16 07:33:21.256185+00:00,2.2584875
2025-08-16 07:33:35.729358+00:00,2.2584866
2025-08-16 07:33:48.294848+00:00,2.2584875
2025-08-16 07:34:01.567681+00:00,2.2584874
2025-08-16 07:34:13.862958+00:00,2.2584875
2025-08-16 07:34:26.622027+00:00,2.2584875
2025-08-16 07:34:39.717398+00:00,2.258487
2025-08-16 07:34:52.553044+00:00,2.2584877
2025-08-16 07:35:06.653187+00:00,2.2584868
2025-08-16 07:35:18.912257+00:00,2.2584875
2025-08-16 07:35:31.534330+00:00,2.2584868
2025-08-16 07:35:45.418098+00:00,2.2584875
2025-08-16 07:35:57.826009+00:00,2.2584866
2025-08-16 07:36:10.417198+00:00,2.2584874
2025-08-16 07:36:23.135920+00:00,2.2584867
2025-08-16 07:36:35.862468+00:00,2.2584875
2025-08-16 07:36:49.322392+00:00,2.2584875
2025-08-16 07:37:01.897463+00:00,2.258487
2025-08-16 07:37:14.827977+00:00,2.2584865
2025-08-16 07:37:27.399485+00:00,2.2584874
2025-08-16 07:37:40.744024+00:00,2.2584874
2025-08-16 07:37:55.553883+00:00,2.2584868
2025-08-16 07:38:07.291102+00:00,2.258487
2025-08-16 07:38:20.225710+00:00,2.2584869
2025-08-16 07:38:32.025537+00:00,2.258487
2025-08-16 07:38:44.692014+00:00,2.2584876
2025-08-16 07:38:58.071274+00:00,2.2584877
2025-08-16 07:39:12.317269+00:00,2.2584873
2025-08-16 07:39:23.222813+00:00,2.2584871
2025-08-16 07:39:36.451201+00:00,2.2584875
2025-08-16 07:39:51.661597+00:00,2.2584872
2025-08-16 07:40:02.655755+00:00,2.2584874
2025-08-16 07:40:15.666306+00:00,2.2584874
2025-08-16 07:40:29.031809+00:00,2.2584866
2025-08-16 07:40:41.342392+00:00,2.2584875
2025-08-16 07:40:54.632384+00:00,2.2584872
2025-08-16 07:41:08.345082+00:00,2.2584873
2025-08-16 07:41:20.663730+00:00,2.258487
2025-08-16 07:41:34.774166+00:00,2.2584869
2025-08-16 07:41:47.250020+00:00,2.2584873
2025-08-16 07:42:02.056063+00:00,2.2584869
2025-08-16 07:42:13.198467+00:00,2.2584872
2025-08-16 07:42:25.884316+00:00,2.2584878
2025-08-16 07:42:41.345578+00:00,2.2584867
2025-08-16 07:42:53.974306+00:00,2.258487
2025-08-16 07:43:05.075887+00:00,2.2584867
2025-08-16 07:43:17.964950+00:00,2.2584875
2025-08-16 07:43:31.060916+00:00,2.2584874
2025-08-16 07:43:43.605336+00:00,2.2584874
2025-08-16 07:43:56.356920+00:00,2.2584874
2025-08-16 07:44:14.778116+00:00,2.2584875
2025-08-16 07:44:21.851920+00:00,2.2584874
2025-08-16 07:44:48.088511+00:00,2.2584871
2025-08-16 07:45:02.518027+00:00,2.2584874
2025-08-16 07:45:14.397281+00:00,2.2584872
2025-08-16 07:45:27.657290+00:00,2.2584873
2025-08-16 07:45:41.544108+00:00,2.2584869
2025-08-16 07:45:52.653147+00:00,2.2584869
2025-08-16 07:46:05.644773+00:00,2.2584868
2025-08-16 07:46:19.576181+00:00,2.2584873
2025-08-16 07:46:31.350942+00:00,2.2584873
2025-08-16 07:46:43.828146+00:00,2.2584874
2025-08-16 07:46:56.679508+00:00,2.2584865
2025-08-16 07:47:09.733164+00:00,2.2584873
2025-08-16 07:47:22.429788+00:00,2.258487
2025-08-16 07:47:35.465386+00:00,2.2584872
2025-08-16 07:47:48.557078+00:00,2.2584869
2025-08-16 07:48:01.533298+00:00,2.2584868
2025-08-16 07:48:14.756213+00:00,2.2584871
2025-08-16 07:48:27.168978+00:00,2.258487
2025-08-16 07:48:40.381108+00:00,2.2584873
2025-08-16 07:48:53.539622+00:00,2.2584866
2025-08-16 07:49:08.005070+00:00,2.2584871
2025-08-16 07:49:20.105593+00:00,2.2584867
2025-08-16 07:49:33.027146+00:00,2.2584873
2025-08-16 07:49:46.496911+00:00,2.2584869
2025-08-16 07:50:03.120202+00:00,2.2584873
2025-08-16 07:50:25.041906+00:00,2.2584873
2025-08-16 07:50:39.531206+00:00,2.2584871
2025-08-16 07:50:51.499392+00:00,2.2584874
2025-08-16 07:51:04.480951+00:00,2.258487
2025-08-16 07:51:21.301482+00:00,2.2584862
2025-08-16 07:51:37.898933+00:00,2.2584869
2025-08-16 07:51:56.358739+00:00,2.2584874
2025-08-16 07:52:09.227989+00:00,2.2584876
2025-08-16 07:52:20.958756+00:00,2.2584869
2025-08-16 07:52:34.748149+00:00,2.2584879
2025-08-16 07:52:59.436207+00:00,2.2584871
2025-08-16 07:53:25.502952+00:00,2.2584869
2025-08-16 07:53:38.556330+00:00,2.2584878
2025-08-16 07:53:51.335438+00:00,2.2584873
2025-08-16 07:54:04.442832+00:00,2.2584858
2025-08-16 07:54:17.076105+00:00,2.258487
2025-08-16 07:54:42.551422+00:00,2.2584864
2025-08-16 07:54:55.266970+00:00,2.2584868
2025-08-16 07:55:08.816253+00:00,2.2584875
2025-08-16 07:55:25.582716+00:00,2.2584873
2025-08-16 07:55:48.117525+00:00,2.2584868
2025-08-16 07:56:01.199778+00:00,2.2584873
2025-08-16 07:56:14.685967+00:00,2.2584874
2025-08-16 07:56:26.906861+00:00,2.2584872
2025-08-16 07:56:40.204146+00:00,2.2584867
2025-08-16 07:56:54.233638+00:00,2.2584876
2025-08-16 07:57:15.719656+00:00,2.258487
2025-08-16 07:57:19.412138+00:00,2.2584877
2025-08-16 07:57:32.286957+00:00,2.2584872
2025-08-16 07:57:46.540731+00:00,2.2584871
2025-08-16 07:57:58.061176+00:00,2.258487
2025-08-16 07:58:11.924205+00:00,2.2584867
2025-08-16 07:58:24.064228+00:00,2.2584876
2025-08-16 07:58:37.424901+00:00,2.2584868
2025-08-16 07:58:53.344395+00:00,2.2584869
2025-08-16 07:59:03.317090+00:00,2.2584878
2025-08-16 07:59:15.842365+00:00,2.2584871
2025-08-16 07:59:28.070466+00:00,2.258487
2025-08-16 07:59:40.928046+00:00,2.2584873
2025-08-16 07:59:55.154487+00:00,2.2584873
2025-08-16 08:00:09.178074+00:00,2.258487
2025-08-16 08:00:19.984386+00:00,2.258487
2025-08-16 08:00:45.396763+00:00,2.2584871
2025-08-16 08:00:58.052927+00:00,2.2584858
2025-08-16 08:01:11.365300+00:00,2.2584877
2025-08-16 08:01:27.145477+00:00,2.2584861
2025-08-16 08:01:36.669642+00:00,2.2584872
2025-08-16 08:01:50.968548+00:00,2.2584867
2025-08-16 08:02:02.617923+00:00,2.258487
2025-08-16 08:02:14.910623+00:00,2.2584866
2025-08-16 08:02:29.153343+00:00,2.2584871
2025-08-16 08:02:40.798915+00:00,2.2584876
2025-08-16 08:02:54.052141+00:00,2.258487
2025-08-16 08:03:08.088928+00:00,2.2584875
2025-08-16 08:03:30.576870+00:00,2.2584872
2025-08-16 08:03:39.064521+00:00,2.258487
2025-08-16 08:03:46.451554+00:00,2.258487
2025-08-16 08:03:59.981386+00:00,2.2584871
2025-08-16 08:04:13.959338+00:00,2.2584871
2025-08-16 08:04:29.698495+00:00,2.2584865
2025-08-16 08:04:38.987286+00:00,2.2584868
2025-08-16 08:04:51.643880+00:00,2.2584872
2025-08-16 08:05:05.415063+00:00,2.2584869
2025-08-16 08:05:47.332927+00:00,2.2584867
2025-08-16 08:05:56.234310+00:00,2.2584871
2025-08-16 08:06:09.791248+00:00,2.2584869
2025-08-16 08:06:22.324520+00:00,2.2584869
2025-08-16 08:06:35.574465+00:00,2.2584865
2025-08-16 08:06:48.278447+00:00,2.2584871
2025-08-16 08:07:01.070901+00:00,2.2584868
2025-08-16 08:07:14.436382+00:00,2.2584872
2025-08-16 08:07:26.378240+00:00,2.258487
2025-08-16 08:07:39.642944+00:00,2.2584868
2025-08-16 08:07:53.710974+00:00,2.2584867
2025-08-16 08:08:06.692512+00:00,2.2584874
2025-08-16 08:08:19.446866+00:00,2.2584867
2025-08-16 08:08:31.529341+00:00,2.2584875
2025-08-16 08:08:44.120773+00:00,2.2584872
2025-08-16 08:08:58.444080+00:00,2.2584875
2025-08-16 08:09:10.072423+00:00,2.2584874
2025-08-16 08:09:22.472941+00:00,2.2584871
2025-08-16 08:09:35.620390+00:00,2.2584879
2025-08-16 08:09:48.935173+00:00,2.2584865
2025-08-16 08:10:02.073519+00:00,2.2584871
2025-08-16 08:10:17.811181+00:00,2.2584875
2025-08-16 08:10:27.709759+00:00,2.2584867
2025-08-16 08:10:40.757568+00:00,2.2584871
2025-08-16 08:10:53.746413+00:00,2.2584869
2025-08-16 08:11:07.437410+00:00,2.2584873
2025-08-16 08:11:22.200904+00:00,2.2584871
2025-08-16 08:11:33.620004+00:00,2.2584871
2025-08-16 08:11:46.666931+00:00,2.2584875
2025-08-16 08:12:00.044712+00:00,2.2584873
2025-08-16 08:12:13.045284+00:00,2.2584869
2025-08-16 08:12:25.674977+00:00,2.2584877
2025-08-16 08:12:40.099214+00:00,2.2584875
2025-08-16 08:12:52.659819+00:00,2.2584869
2025-08-16 08:13:04.176537+00:00,2.2584871
2025-08-16 08:13:17.453205+00:00,2.2584866
2025-08-16 08:13:32.203353+00:00,2.2584874
2025-08-16 08:13:42.691190+00:00,2.2584868
2025-08-16 08:13:59.314039+00:00,2.2584869
2025-08-16 08:14:20.840803+00:00,2.2584875
2025-08-16 08:14:34.898904+00:00,2.2584873
2025-08-16 08:14:46.589361+00:00,2.258487
2025-08-16 08:14:59.281575+00:00,2.2584868
2025-08-16 08:15:12.818614+00:00,2.258487
2025-08-16 08:15:25.602399+00:00,2.2584875
2025-08-16 08:15:39.335229+00:00,2.2584874
2025-08-16 08:15:54.202380+00:00,2.2584873
2025-08-16 08:16:03.892435+00:00,2.2584875
2025-08-16 08:16:16.601694+00:00,2.2584875
2025-08-16 08:16:30.591326+00:00,2.258487
2025-08-16 08:16:41.835147+00:00,2.258487
2025-08-16 08:16:54.596353+00:00,2.2584871
2025-08-16 08:17:12.261221+00:00,2.2584875
2025-08-16 08:17:20.619013+00:00,2.2584868
2025-08-16 08:17:33.915702+00:00,2.2584872
2025-08-16 08:17:46.682139+00:00,2.2584872
2025-08-16 08:17:59.461217+00:00,2.2584876
2025-08-16 08:18:12.809756+00:00,2.2584862
2025-08-16 08:18:25.735466+00:00,2.258488
2025-08-16 08:18:41.740058+00:00,2.2584866
2025-08-16 08:18:56.223158+00:00,2.2584873
2025-08-16 08:19:07.253865+00:00,2.2584874
2025-08-16 08:19:18.205084+00:00,2.2584871
2025-08-16 08:19:31.202904+00:00,2.2584868
2025-08-16 08:19:44.410015+00:00,2.2584878
2025-08-16 08:19:56.940569+00:00,2.2584869
2025-08-16 08:20:10.110897+00:00,2.2584867
2025-08-16 08:20:23.802841+00:00,2.2584873
2025-08-16 08:20:38.129661+00:00,2.2584874
2025-08-16 08:20:49.883587+00:00,2.2584866
2025-08-16 08:21:02.244284+00:00,2.2584878
2025-08-16 08:21:14.105870+00:00,2.2584869
2025-08-16 08:21:27.250423+00:00,2.2584875
2025-08-16 08:21:39.967431+00:00,2.2584871
2025-08-16 08:21:54.429525+00:00,2.2584865
2025-08-16 08:22:05.676267+00:00,2.2584872
2025-08-16 08:22:18.296729+00:00,2.258487
2025-08-16 08:22:31.365542+00:00,2.2584874
2025-08-16 08:22:43.998747+00:00,2.2584869
2025-08-16 08:22:57.015692+00:00,2.2584867
2025-08-16 08:23:11.403998+00:00,2.2584871
2025-08-16 08:23:22.511224+00:00,2.2584868
2025-08-16 08:23:35.380490+00:00,2.2584868
2025-08-16 08:23:48.016464+00:00,2.2584872
2025-08-16 08:24:00.943291+00:00,2.2584873
2025-08-16 08:24:14.278979+00:00,2.2584866
2025-08-16 08:24:26.412874+00:00,2.2584869
2025-08-16 08:24:39.171923+00:00,2.2584871
2025-08-16 08:24:52.087543+00:00,2.2584867
2025-08-16 08:25:05.736131+00:00,2.2584872
2025-08-16 08:25:18.045744+00:00,2.2584867
2025-08-16 08:25:31.754072+00:00,2.2584869
2025-08-16 08:25:44.135861+00:00,2.2584865
2025-08-16 08:25:57.373011+00:00,2.2584872
2025-08-16 08:26:10.829452+00:00,2.2584874
2025-08-16 08:26:25.993408+00:00,2.2584876
2025-08-16 08:26:36.739359+00:00,2.258487
2025-08-16 08:26:49.835263+00:00,2.258487
2025-08-16 08:27:03.427705+00:00,2.2584867
2025-08-16 08:27:16.021264+00:00,2.2584869
2025-08-16 08:27:31.442228+00:00,2.2584875
2025-08-16 08:27:42.168298+00:00,2.258487
2025-08-16 08:27:54.914901+00:00,2.2584868
2025-08-16 08:28:11.326020+00:00,2.2584867
2025-08-16 08:28:20.804831+00:00,2.2584869
2025-08-16 08:28:33.525360+00:00,2.2584871
2025-08-16 08:28:46.508306+00:00,2.2584869
2025-08-16 08:28:59.741201+00:00,2.2584873
2025-08-16 08:29:13.355737+00:00,2.2584872
2025-08-16 08:29:24.545667+00:00,2.2584871
2025-08-16 08:29:37.514400+00:00,2.2584868
2025-08-16 08:29:50.040766+00:00,2.2584876
2025-08-16 08:30:03.171508+00:00,2.2584874
2025-08-16 08:30:16.491538+00:00,2.2584875
2025-08-16 08:30:28.831233+00:00,2.2584869
2025-08-16 08:30:41.997978+00:00,2.2584875
2025-08-16 08:30:55.330721+00:00,2.2584868
2025-08-16 08:31:07.387720+00:00,2.258487
2025-08-16 08:31:21.201452+00:00,2.2584868
2025-08-16 08:31:33.426351+00:00,2.2584874
2025-08-16 08:31:45.427209+00:00,2.2584873
2025-08-16 08:31:58.136871+00:00,2.2584876
2025-08-16 08:32:16.249351+00:00,2.2584869
2025-08-16 08:32:24.198460+00:00,2.2584876
2025-08-16 08:32:36.915175+00:00,2.2584871
2025-08-16 08:32:49.888351+00:00,2.2584871
2025-08-16 08:33:03.088993+00:00,2.2584873
2025-08-16 08:33:16.098959+00:00,2.2584869
2025-08-16 08:33:29.397886+00:00,2.2584874
2025-08-16 08:33:42.040321+00:00,2.2584874
2025-08-16 08:34:08.383730+00:00,2.2584872
2025-08-16 08:34:23.917679+00:00,2.2584871
2025-08-16 08:34:34.686697+00:00,2.2584876
2025-08-16 08:34:47.933720+00:00,2.2584876
2025-08-16 08:35:00.473955+00:00,2.2584869
2025-08-16 08:35:13.074102+00:00,2.2584874
2025-08-16 08:35:26.381318+00:00,2.2584876
2025-08-16 08:35:39.148220+00:00,2.2584872
2025-08-16 08:35:51.760273+00:00,2.2584866
2025-08-16 08:36:05.162881+00:00,2.258487
2025-08-16 08:36:17.814949+00:00,2.2584872
2025-08-16 08:36:31.393769+00:00,2.2584872
2025-08-16 08:36:42.918848+00:00,2.2584872
2025-08-16 08:36:55.924243+00:00,2.2584868
2025-08-16 08:37:08.369988+00:00,2.2584873
2025-08-16 08:37:21.152457+00:00,2.2584866
2025-08-16 08:37:34.969347+00:00,2.2584873
2025-08-16 08:37:51.548156+00:00,2.2584874
2025-08-16 08:37:59.176101+00:00,2.2584872
2025-08-16 08:38:12.147096+00:00,2.2584874
2025-08-16 08:38:24.536584+00:00,2.2584875
2025-08-16 08:38:49.921115+00:00,2.2584867
2025-08-16 08:39:03.081032+00:00,2.2584875
2025-08-16 08:39:22.866576+00:00,2.2584873
2025-08-16 08:39:28.290270+00:00,2.2584868
2025-08-16 08:39:41.854840+00:00,2.258487
2025-08-16 08:39:53.251694+00:00,2.2584868
2025-08-16 08:40:09.454656+00:00,2.2584871
2025-08-16 08:40:20.116468+00:00,2.2584869
2025-08-16 08:40:32.075820+00:00,2.2584867
2025-08-16 08:40:50.422626+00:00,2.2584876
2025-08-16 08:40:58.126673+00:00,2.258487
2025-08-16 08:41:11.262295+00:00,2.258487
2025-08-16 08:41:24.320294+00:00,2.2584866
2025-08-16 08:41:38.077429+00:00,2.2584867
2025-08-16 08:41:50.826878+00:00,2.2584867
2025-08-16 08:42:04.038736+00:00,2.2584877
2025-08-16 08:42:18.313985+00:00,2.2584871
2025-08-16 08:42:30.219226+00:00,2.2584867
2025-08-16 08:42:47.095170+00:00,2.2584867
2025-08-16 08:42:56.242129+00:00,2.2584875
2025-08-16 08:43:10.070354+00:00,2.2584868
2025-08-16 08:43:21.618917+00:00,2.2584867
2025-08-16 08:43:34.503263+00:00,2.2584873
2025-08-16 08:43:48.350434+00:00,2.2584873
2025-08-16 08:44:00.523268+00:00,2.2584866
2025-08-16 08:44:13.139986+00:00,2.2584875
2025-08-16 08:44:25.630641+00:00,2.2584867
2025-08-16 08:44:38.539444+00:00,2.2584871
2025-08-16 08:44:53.667200+00:00,2.2584872
2025-08-16 08:45:04.344878+00:00,2.2584871
2025-08-16 08:45:17.601538+00:00,2.2584875
2025-08-16 08:45:29.951600+00:00,2.2584872
2025-08-16 08:45:42.497535+00:00,2.2584866
2025-08-16 08:45:55.838968+00:00,2.258487
2025-08-16 08:46:08.424726+00:00,2.2584871
2025-08-16 08:46:21.419513+00:00,2.258487
2025-08-16 08:46:35.213835+00:00,2.2584877
2025-08-16 08:46:46.732323+00:00,2.2584873
2025-08-16 08:46:59.154653+00:00,2.2584876
2025-08-16 08:47:11.853917+00:00,2.2584865
2025-08-16 08:47:25.252939+00:00,2.2584867
2025-08-16 08:47:37.480128+00:00,2.2584875
2025-08-16 08:47:50.253815+00:00,2.2584864
2025-08-16 08:48:02.978812+00:00,2.258487
2025-08-16 08:48:15.751694+00:00,2.2584871
2025-08-16 08:48:28.509977+00:00,2.2584874
2025-08-16 08:48:48.053878+00:00,2.2584875
2025-08-16 08:48:54.889891+00:00,2.2584867
2025-08-16 08:49:07.938399+00:00,2.2584869
2025-08-16 08:49:20.733940+00:00,2.2584873
2025-08-16 08:49:33.823744+00:00,2.2584868
2025-08-16 08:49:48.150630+00:00,2.2584876
2025-08-16 08:50:00.558774+00:00,2.2584873
2025-08-16 08:50:14.401178+00:00,2.2584877
2025-08-16 08:50:27.376367+00:00,2.258487
2025-08-16 08:50:39.411162+00:00,2.258487
2025-08-16 08:50:52.341153+00:00,2.2584869
2025-08-16 08:51:07.380203+00:00,2.2584869
2025-08-16 08:51:19.125919+00:00,2.2584868
2025-08-16 08:51:31.357831+00:00,2.2584865
2025-08-16 08:51:44.450232+00:00,2.2584872
2025-08-16 08:51:57.720975+00:00,2.2584875
2025-08-16 08:52:12.074783+00:00,2.2584874
2025-08-16 08:52:22.537857+00:00,2.2584871
2025-08-16 08:52:35.918414+00:00,2.2584871
2025-08-16 08:52:48.171296+00:00,2.2584872
2025-08-16 08:53:01.380476+00:00,2.2584868
2025-08-16 08:53:14.269089+00:00,2.2584865
2025-08-16 08:53:31.412864+00:00,2.2584867
2025-08-16 08:53:39.763730+00:00,2.2584873
2025-08-16 08:53:53.109804+00:00,2.258487
2025-08-16 08:54:05.487591+00:00,2.2584876
2025-08-16 08:54:18.171223+00:00,2.2584876
2025-08-16 08:54:30.681363+00:00,2.2584867
2025-08-16 08:54:43.388198+00:00,2.2584868
2025-08-16 08:54:57.221541+00:00,2.2584875
2025-08-16 08:55:09.080127+00:00,2.2584868
2025-08-16 08:55:23.107544+00:00,2.2584876
2025-08-16 08:55:34.951690+00:00,2.2584867
2025-08-16 08:55:47.289699+00:00,2.258487
2025-08-16 08:56:00.142440+00:00,2.2584866
2025-08-16 08:56:14.132269+00:00,2.2584869
2025-08-16 08:56:27.854767+00:00,2.2584864
2025-08-16 08:56:39.275231+00:00,2.2584867
2025-08-16 08:56:52.519567+00:00,2.2584866
2025-08-16 08:57:05.857933+00:00,2.2584867
2025-08-16 08:57:18.834464+00:00,2.2584869
2025-08-16 08:57:31.466736+00:00,2.2584868
2025-08-16 08:57:44.617268+00:00,2.258487
2025-08-16 08:57:58.664962+00:00,2.2584876
2025-08-16 08:58:11.323307+00:00,2.2584872
2025-08-16 08:58:23.588141+00:00,2.2584868
2025-08-16 08:58:36.537311+00:00,2.2584873
2025-08-16 08:58:49.241815+00:00,2.2584872
2025-08-16 08:59:02.226698+00:00,2.2584874
2025-08-16 08:59:15.199869+00:00,2.2584876
2025-08-16 08:59:31.677183+00:00,2.2584866
2025-08-16 08:59:53.674455+00:00,2.2584876
2025-08-16 09:00:06.754579+00:00,2.2584868
2025-08-16 09:00:19.218694+00:00,2.2584874
2025-08-16 09:00:34.793993+00:00,2.258487
2025-08-16 09:00:44.689120+00:00,2.2584871
2025-08-16 09:00:57.312342+00:00,2.2584875
2025-08-16 09:01:11.108428+00:00,2.2584871
2025-08-16 09:01:23.028046+00:00,2.2584869
2025-08-16 09:01:36.336232+00:00,2.2584874
2025-08-16 09:01:49.279279+00:00,2.2584866
2025-08-16 09:02:01.440384+00:00,2.2584874
2025-08-16 09:02:14.140030+00:00,2.2584874
2025-08-16 09:02:26.711285+00:00,2.2584872
2025-08-16 09:02:39.451262+00:00,2.258487
2025-08-16 09:02:51.895196+00:00,2.2584875
2025-08-16 09:03:04.970964+00:00,2.2584873
2025-08-16 09:03:17.629373+00:00,2.2584872
2025-08-16 09:03:30.519831+00:00,2.2584868
2025-08-16 09:03:43.177787+00:00,2.2584866
2025-08-16 09:03:58.151762+00:00,2.2584871
2025-08-16 09:04:09.208266+00:00,2.2584867
2025-08-16 09:04:22.666854+00:00,2.2584871
2025-08-16 09:04:35.501458+00:00,2.2584872
2025-08-16 09:04:48.586454+00:00,2.2584871
2025-08-16 09:05:02.478108+00:00,2.2584868
2025-08-16 09:05:15.047195+00:00,2.2584869
2025-08-16 09:05:27.772103+00:00,2.258487
2025-08-16 09:05:40.528454+00:00,2.2584872
2025-08-16 09:05:53.515344+00:00,2.2584871
2025-08-16 09:06:06.754128+00:00,2.2584873
2025-08-16 09:06:20.798465+00:00,2.2584868
2025-08-16 09:06:32.453131+00:00,2.2584867
2025-08-16 09:06:45.632269+00:00,2.2584869
2025-08-16 09:06:58.509450+00:00,2.258487
2025-08-16 09:07:12.227254+00:00,2.2584869
2025-08-16 09:07:25.963598+00:00,2.2584872
2025-08-16 09:07:36.610583+00:00,2.2584875
2025-08-16 09:07:52.856036+00:00,2.258487
2025-08-16 09:08:02.856534+00:00,2.2584866
2025-08-16 09:08:16.000011+00:00,2.2584873
2025-08-16 09:08:27.890784+00:00,2.2584868
2025-08-16 09:08:40.487539+00:00,2.2584876
2025-08-16 09:08:54.151310+00:00,2.2584875
2025-08-16 09:09:08.206824+00:00,2.2584873
2025-08-16 09:09:20.674826+00:00,2.2584871
2025-08-16 09:09:35.894999+00:00,2.2584871
2025-08-16 09:09:44.633024+00:00,2.2584872
2025-08-16 09:09:57.434855+00:00,2.2584871
2025-08-16 09:10:11.149044+00:00,2.2584873
2025-08-16 09:10:24.410047+00:00,2.2584871
2025-08-16 09:10:35.689398+00:00,2.2584866
2025-08-16 09:10:49.524774+00:00,2.2584875
2025-08-16 09:11:02.246797+00:00,2.2584876
2025-08-16 09:11:13.731664+00:00,2.2584869
2025-08-16 09:11:26.443824+00:00,2.2584874
2025-08-16 09:11:39.590181+00:00,2.2584871
2025-08-16 09:11:54.970590+00:00,2.2584871
2025-08-16 09:12:05.644880+00:00,2.2584866
2025-08-16 09:12:18.901781+00:00,2.2584871
2025-08-16 09:12:31.910541+00:00,2.2584876
2025-08-16 09:12:44.732733+00:00,2.2584873
2025-08-16 09:12:58.340382+00:00,2.2584866
2025-08-16 09:13:11.918528+00:00,2.2584866
2025-08-16 09:13:24.250444+00:00,2.2584867
2025-08-16 09:13:37.210023+00:00,2.258487
2025-08-16 09:14:03.484703+00:00,2.2584873
2025-08-16 09:14:20.401387+00:00,2.2584869
2025-08-16 09:14:28.698405+00:00,2.2584878
2025-08-16 09:14:41.629623+00:00,2.2584874
2025-08-16 09:14:54.639372+00:00,2.2584864
2025-08-16 09:15:08.054438+00:00,2.2584876
2025-08-16 09:15:33.893683+00:00,2.2584869
2025-08-16 09:15:45.997049+00:00,2.2584877
2025-08-16 09:16:01.465300+00:00,2.2584871
2025-08-16 09:16:11.890953+00:00,2.258487
2025-08-16 09:16:25.368710+00:00,2.2584866
2025-08-16 09:16:36.868079+00:00,2.2584873
2025-08-16 09:16:49.786353+00:00,2.2584869
2025-08-16 09:17:02.615769+00:00,2.2584872
2025-08-16 09:17:16.044014+00:00,2.2584874
2025-08-16 09:17:27.678273+00:00,2.2584872
2025-08-16 09:17:41.739354+00:00,2.2584869
2025-08-16 09:17:53.276399+00:00,2.2584873
2025-08-16 09:18:05.985231+00:00,2.258487
2025-08-16 09:18:22.037303+00:00,2.2584868
2025-08-16 09:18:34.629018+00:00,2.2584867
2025-08-16 09:18:44.203087+00:00,2.2584865
2025-08-16 09:18:56.725709+00:00,2.258487
2025-08-16 09:19:10.285708+00:00,2.2584873
2025-08-16 09:19:23.945547+00:00,2.2584866
2025-08-16 09:19:35.633982+00:00,2.258487
2025-08-16 09:19:48.888421+00:00,2.2584864
2025-08-16 09:20:01.883434+00:00,2.2584869
2025-08-16 09:20:14.964423+00:00,2.2584874
2025-08-16 09:20:28.274690+00:00,2.2584873
2025-08-16 09:20:40.711390+00:00,2.2584873
2025-08-16 09:20:53.717090+00:00,2.2584876
2025-08-16 09:21:07.334020+00:00,2.2584874
2025-08-16 09:21:19.933326+00:00,2.2584873
2025-08-16 09:21:32.922753+00:00,2.2584872
2025-08-16 09:21:47.865561+00:00,2.2584874
2025-08-16 09:21:58.952278+00:00,2.2584868
2025-08-16 09:22:11.051052+00:00,2.2584868
2025-08-16 09:22:23.903175+00:00,2.2584872
2025-08-16 09:22:36.765208+00:00,2.2584869
2025-08-16 09:22:49.585661+00:00,2.2584877
2025-08-16 09:23:03.900199+00:00,2.2584872
2025-08-16 09:23:14.954004+00:00,2.2584871
2025-08-16 09:23:27.883013+00:00,2.2584871
2025-08-16 09:23:40.560523+00:00,2.2584871
2025-08-16 09:23:53.923290+00:00,2.2584864
2025-08-16 09:24:06.412190+00:00,2.2584869
2025-08-16 09:24:20.070788+00:00,2.2584874
2025-08-16 09:24:44.406698+00:00,2.2584871
2025-08-16 09:24:57.372463+00:00,2.2584873
2025-08-16 09:25:10.560338+00:00,2.258487
2025-08-16 09:25:23.153087+00:00,2.2584872
2025-08-16 09:25:36.352453+00:00,2.2584868
2025-08-16 09:25:48.549899+00:00,2.2584873
2025-08-16 09:26:04.926526+00:00,2.2584873
2025-08-16 09:26:13.899113+00:00,2.2584868
2025-08-16 09:26:27.476269+00:00,2.258487
2025-08-16 09:26:40.119892+00:00,2.2584873
2025-08-16 09:26:52.387588+00:00,2.2584873
2025-08-16 09:27:05.633418+00:00,2.2584868
2025-08-16 09:27:20.902703+00:00,2.2584868
2025-08-16 09:27:31.934700+00:00,2.2584873
2025-08-16 09:27:45.148310+00:00,2.2584875
2025-08-16 09:27:59.351734+00:00,2.2584868
2025-08-16 09:28:11.150164+00:00,2.258487
2025-08-16 09:28:23.958192+00:00,2.2584869
2025-08-16 09:28:36.707581+00:00,2.2584872
2025-08-16 09:28:49.661342+00:00,2.2584869
2025-08-16 09:29:03.941162+00:00,2.2584866
2025-08-16 09:29:15.854663+00:00,2.258487
2025-08-16 09:29:29.413936+00:00,2.2584874
2025-08-16 09:29:41.440757+00:00,2.2584875
2025-08-16 09:29:54.418405+00:00,2.2584867
2025-08-16 09:30:07.699009+00:00,2.2584868
2025-08-16 09:30:20.760769+00:00,2.2584871
2025-08-16 09:30:33.109254+00:00,2.2584873
2025-08-16 09:30:45.920481+00:00,2.258487
2025-08-16 09:30:59.883842+00:00,2.2584872
2025-08-16 09:31:11.375459+00:00,2.258487
2025-08-16 09:31:23.717291+00:00,2.2584872
2025-08-16 09:31:37.769238+00:00,2.2584869
2025-08-16 09:31:51.168886+00:00,2.2584869
2025-08-16 09:32:02.299725+00:00,2.2584875
2025-08-16 09:32:16.300240+00:00,2.2584867
2025-08-16 09:32:27.788319+00:00,2.2584867
2025-08-16 09:32:40.584525+00:00,2.2584872
2025-08-16 09:32:55.068522+00:00,2.2584872
2025-08-16 09:33:06.964955+00:00,2.2584869
2025-08-16 09:33:19.328723+00:00,2.2584869
2025-08-16 09:33:33.248816+00:00,2.2584869
2025-08-16 09:33:44.426951+00:00,2.258487
2025-08-16 09:33:58.643613+00:00,2.2584871
2025-08-16 09:34:10.222681+00:00,2.2584871
2025-08-16 09:34:23.027720+00:00,2.2584877
2025-08-16 09:34:37.518155+00:00,2.2584869
2025-08-16 09:34:49.081855+00:00,2.2584867
2025-08-16 09:35:04.307063+00:00,2.2584874
2025-08-16 09:35:15.663398+00:00,2.2584873
2025-08-16 09:35:28.912044+00:00,2.2584874
2025-08-16 09:35:43.032492+00:00,2.2584865
2025-08-16 09:35:55.762121+00:00,2.2584875
2025-08-16 09:36:10.361555+00:00,2.2584869
2025-08-16 09:36:20.414473+00:00,2.2584868
2025-08-16 09:36:33.825865+00:00,2.2584873
2025-08-16 09:36:46.443921+00:00,2.2584871
2025-08-16 09:36:59.403405+00:00,2.2584875
2025-08-16 09:37:12.449617+00:00,2.2584875
2025-08-16 09:37:25.200652+00:00,2.2584868
2025-08-16 09:37:37.942945+00:00,2.2584876
2025-08-16 09:37:50.927771+00:00,2.2584872
2025-08-16 09:38:04.074261+00:00,2.2584869
2025-08-16 09:38:16.873185+00:00,2.2584874
2025-08-16 09:38:29.300816+00:00,2.2584869
2025-08-16 09:38:42.452776+00:00,2.2584874
2025-08-16 09:38:55.045357+00:00,2.2584872
2025-08-16 09:39:08.200814+00:00,2.258487
2025-08-16 09:39:33.996764+00:00,2.2584871
2025-08-16 09:39:53.876418+00:00,2.2584867
2025-08-16 09:39:59.668675+00:00,2.258487
2025-08-16 09:40:13.216195+00:00,2.2584875
2025-08-16 09:40:25.971349+00:00,2.2584874
2025-08-16 09:40:38.721050+00:00,2.2584873
2025-08-16 09:40:52.116762+00:00,2.2584872
2025-08-16 09:41:19.093690+00:00,2.2584863
2025-08-16 09:41:29.502121+00:00,2.2584869
2025-08-16 09:41:42.489447+00:00,2.2584875
2025-08-16 09:41:55.016073+00:00,2.2584871
2025-08-16 09:42:11.294492+00:00,2.2584872
2025-08-16 09:42:21.233587+00:00,2.2584869
2025-08-16 09:42:34.927442+00:00,2.2584875
2025-08-16 09:42:47.973475+00:00,2.2584869
2025-08-16 09:43:00.515164+00:00,2.2584867
2025-08-16 09:43:14.724896+00:00,2.258487
2025-08-16 09:43:26.640163+00:00,2.2584869
2025-08-16 09:43:41.789006+00:00,2.2584868
2025-08-16 09:43:52.766343+00:00,2.2584868
2025-08-16 09:44:05.730840+00:00,2.2584874
2025-08-16 09:44:19.171759+00:00,2.2584872
2025-08-16 09:44:31.847552+00:00,2.258487
2025-08-16 09:44:44.487596+00:00,2.2584866
2025-08-16 09:44:57.405578+00:00,2.2584872
2025-08-16 09:45:10.723924+00:00,2.2584872
2025-08-16 09:45:23.496488+00:00,2.2584867
2025-08-16 09:45:35.924515+00:00,2.2584867
2025-08-16 09:45:48.937845+00:00,2.2584877
2025-08-16 09:46:01.414136+00:00,2.2584869
2025-08-16 09:46:15.199748+00:00,2.2584875
2025-08-16 09:46:27.904497+00:00,2.2584871
2025-08-16 09:46:39.403149+00:00,2.2584872
2025-08-16 09:46:52.293829+00:00,2.2584874
2025-08-16 09:47:05.394469+00:00,2.2584865
2025-08-16 09:47:19.029458+00:00,2.258487
2025-08-16 09:47:31.545473+00:00,2.2584872
2025-08-16 09:47:43.585925+00:00,2.2584869
2025-08-16 09:47:56.216976+00:00,2.2584864
2025-08-16 09:48:09.154807+00:00,2.2584874
2025-08-16 09:48:21.775975+00:00,2.2584866
2025-08-16 09:48:35.742020+00:00,2.2584875
2025-08-16 09:48:48.258676+00:00,2.2584875
2025-08-16 09:49:00.022121+00:00,2.2584876
2025-08-16 09:49:13.042195+00:00,2.258487
2025-08-16 09:49:27.144881+00:00,2.2584872
2025-08-16 09:49:38.641969+00:00,2.2584863
2025-08-16 09:49:51.892135+00:00,2.2584865
2025-08-16 09:50:04.500947+00:00,2.2584874
2025-08-16 09:50:17.715717+00:00,2.2584871
2025-08-16 09:50:30.766291+00:00,2.2584871
2025-08-16 09:50:46.213207+00:00,2.2584872
2025-08-16 09:50:57.283669+00:00,2.2584869
2025-08-16 09:51:11.727956+00:00,2.258487
2025-08-16 09:51:22.781324+00:00,2.2584868
2025-08-16 09:51:36.957781+00:00,2.2584873
2025-08-16 09:51:49.010089+00:00,2.2584874
2025-08-16 09:52:05.120531+00:00,2.2584872
2025-08-16 09:52:14.371764+00:00,2.2584871
2025-08-16 09:52:27.373090+00:00,2.2584866
2025-08-16 09:52:40.512888+00:00,2.2584868
2025-08-16 09:52:53.464914+00:00,2.2584872
2025-08-16 09:53:06.329436+00:00,2.2584869
2025-08-16 09:53:19.114187+00:00,2.2584869
2025-08-16 09:53:31.511968+00:00,2.2584871
2025-08-16 09:53:44.298700+00:00,2.258487
2025-08-16 09:53:57.087436+00:00,2.2584872
2025-08-16 09:54:10.219327+00:00,2.2584869
2025-08-16 09:54:22.779291+00:00,2.2584866
2025-08-16 09:54:37.392436+00:00,2.2584871
2025-08-16 09:54:49.029788+00:00,2.2584869
2025-08-16 09:55:01.502954+00:00,2.2584869
2025-08-16 09:55:15.416072+00:00,2.2584871
2025-08-16 09:55:31.774175+00:00,2.2584874
2025-08-16 09:55:41.188569+00:00,2.2584871
2025-08-16 09:55:53.862333+00:00,2.2584875
2025-08-16 09:56:05.827960+00:00,2.258487
2025-08-16 09:56:18.615759+00:00,2.2584874
2025-08-16 09:56:31.397005+00:00,2.2584866
2025-08-16 09:56:43.651152+00:00,2.2584871
2025-08-16 09:56:56.471593+00:00,2.2584868
2025-08-16 09:57:09.196648+00:00,2.2584869
2025-08-16 09:57:22.089247+00:00,2.2584872
2025-08-16 09:57:34.883733+00:00,2.258487
2025-08-16 09:57:47.807821+00:00,2.258487
2025-08-16 09:58:01.228360+00:00,2.2584872
2025-08-16 09:58:14.290322+00:00,2.2584871
2025-08-16 09:58:27.406372+00:00,2.2584868
2025-08-16 09:58:40.143982+00:00,2.2584872
2025-08-16 09:58:53.403799+00:00,2.2584875
2025-08-16 09:59:06.401173+00:00,2.2584872
2025-08-16 09:59:19.460324+00:00,2.2584872
2025-08-16 09:59:32.628506+00:00,2.2584868
2025-08-16 09:59:45.317403+00:00,2.2584867
2025-08-16 09:59:58.802198+00:00,2.2584869
2025-08-16 10:00:11.943247+00:00,2.258487
2025-08-16 10:00:26.851744+00:00,2.2584867
2025-08-16 10:00:37.375204+00:00,2.2584867
2025-08-16 10:00:49.749975+00:00,2.2584875
2025-08-16 10:01:12.434937+00:00,2.2584875
2025-08-16 10:01:15.856859+00:00,2.2584877
2025-08-16 10:01:28.237988+00:00,2.2584877
2025-08-16 10:01:41.264532+00:00,2.2584874
2025-08-16 10:01:53.948853+00:00,2.2584871
2025-08-16 10:02:07.289245+00:00,2.2584876
2025-08-16 10:02:21.695473+00:00,2.2584869
2025-08-16 10:02:32.254482+00:00,2.258487
2025-08-16 10:02:48.571210+00:00,2.2584869
2025-08-16 10:02:58.311268+00:00,2.258487
2025-08-16 10:03:11.562502+00:00,2.2584872
2025-08-16 10:03:23.403972+00:00,2.2584872
2025-08-16 10:03:36.115592+00:00,2.258487
2025-08-16 10:03:48.991360+00:00,2.2584866
2025-08-16 10:04:01.995338+00:00,2.2584871
2025-08-16 10:04:15.945356+00:00,2.2584866
2025-08-16 10:04:27.368189+00:00,2.2584872
2025-08-16 10:04:40.377352+00:00,2.2584869
2025-08-16 10:04:52.759765+00:00,2.2584864
2025-08-16 10:05:06.204436+00:00,2.2584871
2025-08-16 10:05:19.897441+00:00,2.2584873
2025-08-16 10:05:31.626829+00:00,2.258487
2025-08-16 10:05:44.660395+00:00,2.2584869
2025-08-16 10:05:57.936204+00:00,2.2584869
2025-08-16 10:06:10.810454+00:00,2.2584864
2025-08-16 10:06:23.617285+00:00,2.2584864
2025-08-16 10:06:36.882778+00:00,2.2584873
2025-08-16 10:06:49.786888+00:00,2.2584868
2025-08-16 10:07:03.053116+00:00,2.2584874
2025-08-16 10:07:16.056820+00:00,2.2584872
2025-08-16 10:07:28.970159+00:00,2.2584875
2025-08-16 10:07:41.626991+00:00,2.2584871
2025-08-16 10:07:55.198241+00:00,2.2584875
2025-08-16 10:08:07.752030+00:00,2.2584872
2025-08-16 10:08:22.157018+00:00,2.2584873
2025-08-16 10:08:33.487916+00:00,2.2584867
2025-08-16 10:08:46.546825+00:00,2.2584872
2025-08-16 10:09:00.795631+00:00,2.2584867
2025-08-16 10:09:12.608126+00:00,2.2584868
2025-08-16 10:09:32.879253+00:00,2.2584877
2025-08-16 10:09:37.150426+00:00,2.2584868
2025-08-16 10:09:50.080178+00:00,2.2584875
2025-08-16 10:10:03.386773+00:00,2.258487
2025-08-16 10:10:16.112222+00:00,2.2584871
2025-08-16 10:10:29.261867+00:00,2.2584873
2025-08-16 10:10:41.404335+00:00,2.2584871
2025-08-16 10:10:54.775783+00:00,2.2584874
2025-08-16 10:11:08.725790+00:00,2.2584865
2025-08-16 10:11:20.045765+00:00,2.2584872
2025-08-16 10:11:33.620433+00:00,2.2584873
2025-08-16 10:11:45.269492+00:00,2.2584867
2025-08-16 10:12:01.635245+00:00,2.2584869
2025-08-16 10:12:14.375047+00:00,2.2584872
2025-08-16 10:12:23.503229+00:00,2.2584872
2025-08-16 10:12:36.415903+00:00,2.2584878
2025-08-16 10:12:48.989374+00:00,2.2584873
2025-08-16 10:13:02.464821+00:00,2.2584873
2025-08-16 10:13:15.428707+00:00,2.2584869
2025-08-16 10:13:28.088355+00:00,2.2584874
2025-08-16 10:13:41.426452+00:00,2.2584874
2025-08-16 10:13:54.619648+00:00,2.2584866
2025-08-16 10:14:07.960268+00:00,2.2584872
2025-08-16 10:14:21.042163+00:00,2.2584869
2025-08-16 10:14:33.971770+00:00,2.2584867
2025-08-16 10:14:46.958612+00:00,2.2584868
2025-08-16 10:15:00.137210+00:00,2.2584873
2025-08-16 10:15:13.992356+00:00,2.2584867
2025-08-16 10:15:29.005133+00:00,2.2584872
2025-08-16 10:15:40.230283+00:00,2.2584874
2025-08-16 10:15:51.370897+00:00,2.2584872
2025-08-16 10:16:04.593774+00:00,2.258487
2025-08-16 10:16:17.796014+00:00,2.2584871
2025-08-16 10:16:29.822661+00:00,2.2584875
2025-08-16 10:16:42.464321+00:00,2.2584867
2025-08-16 10:16:55.157944+00:00,2.2584874
2025-08-16 10:17:08.585932+00:00,2.258487
2025-08-16 10:17:20.689123+00:00,2.2584872
2025-08-16 10:17:33.866159+00:00,2.2584873
2025-08-16 10:17:56.630703+00:00,2.2584871
2025-08-16 10:17:59.539411+00:00,2.2584866
2025-08-16 10:18:12.666415+00:00,2.2584868
2025-08-16 10:18:25.496679+00:00,2.2584868
2025-08-16 10:18:39.063073+00:00,2.2584873
2025-08-16 10:18:51.505716+00:00,2.2584869
2025-08-16 10:19:16.486101+00:00,2.2584871
2025-08-16 10:19:30.200930+00:00,2.2584868
2025-08-16 10:19:41.644432+00:00,2.2584877
2025-08-16 10:19:54.673706+00:00,2.258487
2025-08-16 10:20:07.346766+00:00,2.2584877
2025-08-16 10:20:20.095457+00:00,2.258487
2025-08-16 10:20:32.920424+00:00,2.2584865
2025-08-16 10:20:46.814720+00:00,2.2584872
2025-08-16 10:20:59.812481+00:00,2.2584869
2025-08-16 10:21:12.393526+00:00,2.258487
2025-08-16 10:21:25.869979+00:00,2.2584871
2025-08-16 10:21:38.022286+00:00,2.2584876
2025-08-16 10:21:51.031443+00:00,2.2584873
2025-08-16 10:22:04.511158+00:00,2.258487
2025-08-16 10:22:18.060944+00:00,2.258487
2025-08-16 10:22:31.101014+00:00,2.2584872
2025-08-16 10:22:42.694624+00:00,2.2584871
2025-08-16 10:22:55.679375+00:00,2.2584874
2025-08-16 10:23:08.926340+00:00,2.2584871
2025-08-16 10:23:22.713086+00:00,2.2584866
2025-08-16 10:23:34.651130+00:00,2.2584867
2025-08-16 10:24:00.509340+00:00,2.2584873
2025-08-16 10:24:13.416807+00:00,2.2584866
2025-08-16 10:24:25.807519+00:00,2.2584875
2025-08-16 10:24:38.497435+00:00,2.258487
2025-08-16 10:24:51.130465+00:00,2.2584866
2025-08-16 10:25:03.995354+00:00,2.2584874
2025-08-16 10:25:17.006150+00:00,2.2584868
2025-08-16 10:25:30.332348+00:00,2.2584871
2025-08-16 10:25:42.072560+00:00,2.2584863
2025-08-16 10:25:54.784460+00:00,2.2584872
2025-08-16 10:26:08.332468+00:00,2.2584871
2025-08-16 10:26:21.747645+00:00,2.2584871
2025-08-16 10:26:39.829476+00:00,2.2584874
2025-08-16 10:26:45.971355+00:00,2.258487
2025-08-16 10:26:58.520969+00:00,2.2584862
2025-08-16 10:27:12.928805+00:00,2.2584868
2025-08-16 10:27:24.017158+00:00,2.2584872
2025-08-16 10:27:36.872070+00:00,2.258487
2025-08-16 10:27:49.659795+00:00,2.258487
2025-08-16 10:28:02.613709+00:00,2.2584869
2025-08-16 10:28:15.836047+00:00,2.2584869
2025-08-16 10:28:28.812672+00:00,2.2584871
2025-08-16 10:28:41.471815+00:00,2.2584875
2025-08-16 10:28:55.612462+00:00,2.2584875
2025-08-16 10:29:09.816300+00:00,2.2584865
2025-08-16 10:29:21.795551+00:00,2.2584867
2025-08-16 10:29:35.709889+00:00,2.2584873
2025-08-16 10:29:47.228538+00:00,2.2584868
2025-08-16 10:29:59.928482+00:00,2.2584873
2025-08-16 10:30:13.172667+00:00,2.2584869
2025-08-16 10:30:28.199787+00:00,2.2584876
2025-08-16 10:30:39.264678+00:00,2.2584876
2025-08-16 10:30:51.962500+00:00,2.2584875
2025-08-16 10:31:05.047878+00:00,2.2584872
2025-08-16 10:31:20.070868+00:00,2.2584865
2025-08-16 10:31:43.679359+00:00,2.2584864
2025-08-16 10:31:55.836736+00:00,2.2584858
2025-08-16 10:32:10.435519+00:00,2.2584872
2025-08-16 10:32:21.554433+00:00,2.2584867
2025-08-16 10:32:34.384310+00:00,2.258487
2025-08-16 10:32:48.302563+00:00,2.2584868
2025-08-16 10:32:59.657876+00:00,2.2584868
2025-08-16 10:33:12.913547+00:00,2.2584872
2025-08-16 10:33:25.638749+00:00,2.2584874
2025-08-16 10:33:38.774710+00:00,2.2584864
2025-08-16 10:34:16.840409+00:00,2.2584867
2025-08-16 10:34:42.963355+00:00,2.2584858
2025-08-16 10:35:33.497360+00:00,2.2584863
2025-08-16 10:35:46.500647+00:00,2.2584863
2025-08-16 10:35:59.245952+00:00,2.2584874
2025-08-16 10:36:15.013466+00:00,2.2584875
2025-08-16 10:36:25.295354+00:00,2.2584874
2025-08-16 10:36:38.456397+00:00,2.2584871
2025-08-16 10:37:04.596652+00:00,2.2584859
2025-08-16 10:37:17.772247+00:00,2.2584871
2025-08-16 10:37:33.199183+00:00,2.2584869
2025-08-16 10:37:44.107344+00:00,2.2584865
2025-08-16 10:37:56.389130+00:00,2.2584869
2025-08-16 10:38:35.644442+00:00,2.2584865
2025-08-16 10:38:48.979364+00:00,2.2584869
2025-08-16 12:31:50.349929+00:00,2.2584877
2025-08-16 12:32:03.031341+00:00,2.2584878
2025-08-16 12:32:14.554588+00:00,2.2584874
2025-08-16 12:32:27.450394+00:00,2.258487
2025-08-16 12:32:41.785713+00:00,2.2584876
2025-08-16 12:32:54.656684+00:00,2.2584871
2025-08-16 12:33:23.220362+00:00,2.258488
2025-08-16 12:33:31.260114+00:00,2.258487
2025-08-16 12:33:43.974692+00:00,2.2584872
2025-08-16 12:33:56.819554+00:00,2.2584874
2025-08-16 12:34:10.146750+00:00,2.2584869
2025-08-16 12:34:23.287317+00:00,2.2584882
2025-08-16 12:34:40.243985+00:00,2.2584873
2025-08-16 12:34:52.226135+00:00,2.2584878
2025-08-16 12:35:01.525467+00:00,2.2584881
2025-08-16 12:35:13.938211+00:00,2.2584872
2025-08-16 12:35:28.319593+00:00,2.2584872
2025-08-16 12:35:39.501575+00:00,2.2584871
2025-08-16 12:36:04.829968+00:00,2.2584876
2025-08-16 12:36:18.002040+00:00,2.2584871
2025-08-16 12:36:31.039514+00:00,2.2584877
2025-08-16 12:36:43.873580+00:00,2.2584869
2025-08-16 12:37:08.971910+00:00,2.2584875
2025-08-16 12:37:11.201125+00:00,2.258488
2025-08-16 12:37:23.456541+00:00,2.2584877
2025-08-16 12:37:36.200951+00:00,2.2584874
2025-08-16 12:37:49.465930+00:00,2.2584872
2025-08-16 12:38:03.314636+00:00,2.2584878
2025-08-16 12:38:20.162982+00:00,2.2584876
2025-08-16 12:38:28.272581+00:00,2.2584878
2025-08-16 12:38:42.304627+00:00,2.2584875
2025-08-16 12:38:54.559873+00:00,2.2584878
2025-08-16 12:39:08.654483+00:00,2.2584875
2025-08-16 12:39:20.765934+00:00,2.2584877
2025-08-16 12:39:35.798319+00:00,2.2584873
2025-08-16 12:39:46.637747+00:00,2.2584871
2025-08-16 12:39:59.522762+00:00,2.2584871
2025-08-16 12:40:12.056332+00:00,2.2584877
2025-08-16 12:40:24.876716+00:00,2.2584881
2025-08-16 12:40:37.482849+00:00,2.2584878
2025-08-16 12:40:51.590825+00:00,2.2584879
2025-08-16 12:41:07.053916+00:00,2.2584879
2025-08-16 12:41:17.868518+00:00,2.2584873
2025-08-16 12:41:31.367751+00:00,2.2584877
2025-08-16 12:41:41.645540+00:00,2.2584874
2025-08-16 12:41:54.286906+00:00,2.2584881
2025-08-16 12:42:08.245638+00:00,2.2584872
2025-08-16 12:42:20.392465+00:00,2.2584872
2025-08-16 12:42:33.956074+00:00,2.2584876
2025-08-16 12:42:45.967266+00:00,2.2584868
2025-08-16 12:42:58.330775+00:00,2.2584874
2025-08-16 12:43:12.000417+00:00,2.2584876
2025-08-16 12:43:23.713419+00:00,2.2584876
2025-08-16 12:43:36.584699+00:00,2.2584874
2025-08-16 12:44:03.860275+00:00,2.2584875
2025-08-16 12:44:16.138128+00:00,2.2584877
2025-08-16 12:44:30.126068+00:00,2.2584871
2025-08-16 12:44:42.224924+00:00,2.2584874
2025-08-16 12:44:55.247536+00:00,2.2584875
2025-08-16 12:45:08.826806+00:00,2.2584874
2025-08-16 12:45:22.047284+00:00,2.2584873
2025-08-16 12:45:35.051376+00:00,2.2584878
2025-08-16 12:45:48.487964+00:00,2.2584873
2025-08-16 12:46:00.469364+00:00,2.258487
2025-08-16 12:46:13.584279+00:00,2.258488
2025-08-16 12:46:28.543035+00:00,2.2584872
2025-08-16 12:46:38.787716+00:00,2.2584872
2025-08-16 12:46:51.924068+00:00,2.2584878
2025-08-16 12:47:05.108903+00:00,2.2584881
2025-08-16 12:47:18.176015+00:00,2.2584876
2025-08-16 12:47:31.551929+00:00,2.2584878
2025-08-16 12:47:43.016586+00:00,2.2584871
2025-08-16 12:47:56.991242+00:00,2.2584881
2025-08-16 12:48:08.682997+00:00,2.2584874
2025-08-16 12:48:20.977320+00:00,2.2584872
2025-08-16 12:48:34.733308+00:00,2.2584874
2025-08-16 12:48:50.241387+00:00,2.2584876
2025-08-16 12:49:00.323547+00:00,2.2584874
2025-08-16 12:49:12.944490+00:00,2.2584874
2025-08-16 12:49:25.385744+00:00,2.2584873
2025-08-16 12:49:39.420054+00:00,2.2584873
2025-08-16 12:49:50.776339+00:00,2.2584873
2025-08-16 12:50:16.979979+00:00,2.2584873
2025-08-16 12:50:30.971726+00:00,2.2584874
2025-08-16 12:50:45.424240+00:00,2.2584875
2025-08-16 12:50:54.840577+00:00,2.2584871
2025-08-16 12:51:11.454147+00:00,2.2584874
2025-08-16 12:51:22.290968+00:00,2.2584873
2025-08-16 12:51:34.228648+00:00,2.2584877
2025-08-16 12:51:49.152792+00:00,2.2584873
2025-08-16 12:52:01.777821+00:00,2.2584874
2025-08-16 12:52:14.322207+00:00,2.2584878
2025-08-16 12:52:26.755349+00:00,2.2584873
2025-08-16 12:52:39.456151+00:00,2.2584872
2025-08-16 12:52:52.512926+00:00,2.2584878
2025-08-16 12:53:05.893064+00:00,2.258488
2025-08-16 12:53:18.584005+00:00,2.2584873
2025-08-16 12:53:31.320179+00:00,2.2584873
2025-08-16 12:53:51.832802+00:00,2.2584881
2025-08-16 12:53:57.375268+00:00,2.258488
2025-08-16 12:54:11.090849+00:00,2.2584879
2025-08-16 12:54:22.734753+00:00,2.2584879
2025-08-16 12:54:35.483429+00:00,2.2584879
2025-08-16 12:54:49.165560+00:00,2.2584879
2025-08-16 12:55:01.489397+00:00,2.2584879
2025-08-16 12:55:29.923407+00:00,2.2584879
2025-08-16 12:55:40.374562+00:00,2.2584873
2025-08-16 12:55:53.181472+00:00,2.2584879
2025-08-16 12:56:05.958289+00:00,2.2584874
2025-08-16 12:56:19.237587+00:00,2.2584873
2025-08-16 12:56:31.721813+00:00,2.258488
2025-08-16 12:56:43.943348+00:00,2.2584883
2025-08-16 12:56:57.438561+00:00,2.2584872
2025-08-16 12:57:11.597557+00:00,2.2584881
2025-08-16 12:57:22.289885+00:00,2.2584873
2025-08-16 12:57:35.070811+00:00,2.2584874
2025-08-16 12:57:48.196994+00:00,2.2584872
2025-08-16 12:58:02.094362+00:00,2.2584879
2025-08-16 12:58:13.888864+00:00,2.2584877
2025-08-16 12:58:29.281502+00:00,2.2584879
2025-08-16 12:58:39.847262+00:00,2.2584872
2025-08-16 12:58:53.022422+00:00,2.2584877
2025-08-16 12:59:08.723042+00:00,2.258488
2025-08-16 12:59:19.468841+00:00,2.258488
2025-08-16 12:59:34.578760+00:00,2.2584875
2025-08-16 12:59:47.043989+00:00,2.2584873
2025-08-16 12:59:59.015533+00:00,2.2584869
2025-08-16 13:00:11.570791+00:00,2.2584875
2025-08-16 13:00:24.516942+00:00,2.2584872
2025-08-16 13:00:39.793208+00:00,2.2584878
2025-08-16 13:00:53.875737+00:00,2.2584879
2025-08-16 13:01:03.947678+00:00,2.2584878
2025-08-16 13:01:16.503314+00:00,2.2584876
2025-08-16 13:01:28.981920+00:00,2.2584881
2025-08-16 13:01:43.451995+00:00,2.2584882
2025-08-16 13:01:55.135226+00:00,2.2584871
2025-08-16 13:02:08.589093+00:00,2.2584873
2025-08-16 13:02:20.852167+00:00,2.2584874
2025-08-16 13:02:37.944303+00:00,2.2584869
2025-08-16 13:02:46.138028+00:00,2.2584871
2025-08-16 13:02:59.510755+00:00,2.2584873
2025-08-16 13:03:11.613796+00:00,2.2584874
2025-08-16 13:03:23.840735+00:00,2.2584882
2025-08-16 13:03:37.286798+00:00,2.2584877
2025-08-16 13:03:49.866682+00:00,2.2584875
2025-08-16 13:04:04.543161+00:00,2.2584875
2025-08-16 13:04:17.271773+00:00,2.2584873
2025-08-16 13:04:27.779470+00:00,2.2584874
2025-08-16 13:04:40.449734+00:00,2.258488
2025-08-16 13:04:56.347830+00:00,2.2584877
2025-08-16 13:05:06.742507+00:00,2.2584881
2025-08-16 13:05:20.351022+00:00,2.2584878
2025-08-16 13:05:32.203720+00:00,2.2584875
2025-08-16 13:05:45.842290+00:00,2.2584878
2025-08-16 13:05:59.163839+00:00,2.2584871
2025-08-16 13:06:11.543241+00:00,2.2584875
2025-08-16 13:06:24.059076+00:00,2.2584876
2025-08-16 13:06:37.113025+00:00,2.2584877
2025-08-16 13:06:50.556659+00:00,2.2584876
2025-08-16 13:07:03.555815+00:00,2.2584876
2025-08-16 13:07:16.676391+00:00,2.2584873
2025-08-16 13:07:29.519367+00:00,2.2584876
2025-08-16 13:07:42.600491+00:00,2.2584872
2025-08-16 13:07:55.529451+00:00,2.2584868
2025-08-16 13:08:08.488209+00:00,2.2584873
2025-08-16 13:08:21.109502+00:00,2.2584879
2025-08-16 13:08:34.497736+00:00,2.2584876
2025-08-16 13:08:47.539135+00:00,2.258488
2025-08-16 13:08:59.608738+00:00,2.2584876
2025-08-16 13:09:12.810600+00:00,2.2584876
2025-08-16 13:09:25.316449+00:00,2.2584877
2025-08-16 13:09:37.525885+00:00,2.2584874
2025-08-16 13:09:50.252386+00:00,2.2584872
2025-08-16 13:10:02.951839+00:00,2.2584872
2025-08-16 13:10:16.161469+00:00,2.258487
2025-08-16 13:10:30.327326+00:00,2.258488
2025-08-16 13:10:53.962329+00:00,2.2584879
2025-08-16 13:11:07.000139+00:00,2.2584871
2025-08-16 13:11:20.008455+00:00,2.2584872
2025-08-16 13:11:35.734190+00:00,2.2584875
2025-08-16 13:11:45.605686+00:00,2.2584881
2025-08-16 13:11:58.301575+00:00,2.258488
2025-08-16 13:12:11.375944+00:00,2.2584876
2025-08-16 13:12:23.656705+00:00,2.258488
2025-08-16 13:12:38.221235+00:00,2.258488
2025-08-16 13:12:58.564355+00:00,2.2584875
2025-08-16 13:13:02.503456+00:00,2.2584878
2025-08-16 13:13:16.058751+00:00,2.2584879
2025-08-16 13:13:28.281500+00:00,2.2584881
2025-08-16 13:13:41.237678+00:00,2.2584877
2025-08-16 13:13:54.562137+00:00,2.2584878
2025-08-16 13:14:07.662671+00:00,2.2584873
2025-08-16 13:14:22.594796+00:00,2.2584875
2025-08-16 13:14:34.106035+00:00,2.2584873
2025-08-16 13:14:47.921044+00:00,2.258488
2025-08-16 13:15:02.519422+00:00,2.2584877
2025-08-16 13:15:13.313013+00:00,2.2584881
2025-08-16 13:15:25.802262+00:00,2.2584878
2025-08-16 13:15:39.678471+00:00,2.2584877
2025-08-16 13:15:51.651410+00:00,2.2584872
2025-08-16 13:16:05.029317+00:00,2.2584876
2025-08-16 13:16:17.863113+00:00,2.2584874
2025-08-16 13:16:33.240598+00:00,2.2584872
2025-08-16 13:16:44.175942+00:00,2.2584873
2025-08-16 13:16:56.093087+00:00,2.2584872
2025-08-16 13:17:09.425112+00:00,2.2584875
2025-08-16 13:17:22.334550+00:00,2.258488
2025-08-16 13:17:34.601803+00:00,2.2584873
2025-08-16 13:17:47.778129+00:00,2.2584871
2025-08-16 13:18:00.308836+00:00,2.2584878
2025-08-16 13:18:13.321669+00:00,2.2584873
2025-08-16 13:18:25.996015+00:00,2.2584873
2025-08-16 13:18:39.099961+00:00,2.2584872
2025-08-16 13:18:52.492035+00:00,2.2584877
2025-08-16 13:19:05.232478+00:00,2.2584876
2025-08-16 13:19:17.762825+00:00,2.2584877
2025-08-16 13:19:30.440173+00:00,2.2584876
2025-08-16 13:19:46.204995+00:00,2.2584879
2025-08-16 13:19:57.814276+00:00,2.2584874
2025-08-16 13:20:09.770695+00:00,2.2584871
2025-08-16 13:20:26.653166+00:00,2.2584877
2025-08-16 13:20:36.417306+00:00,2.2584877
2025-08-16 13:20:48.303597+00:00,2.2584877
2025-08-16 13:21:01.768739+00:00,2.2584876
2025-08-16 13:21:14.513541+00:00,2.2584875
2025-08-16 13:21:26.922037+00:00,2.2584877
2025-08-16 13:21:40.104192+00:00,2.258488
2025-08-16 13:21:53.445493+00:00,2.2584874
2025-08-16 13:22:06.778947+00:00,2.2584877
2025-08-16 13:22:19.510381+00:00,2.2584877
2025-08-16 13:22:35.769850+00:00,2.2584874
2025-08-16 13:22:45.691904+00:00,2.2584875
2025-08-16 13:22:58.869322+00:00,2.2584869
2025-08-16 13:23:13.132123+00:00,2.2584875
2025-08-16 13:23:24.801925+00:00,2.2584872
2025-08-16 13:23:37.605517+00:00,2.2584876
2025-08-16 13:23:51.256907+00:00,2.2584878
2025-08-16 13:24:06.653694+00:00,2.2584877
2025-08-16 13:24:16.871032+00:00,2.2584874
2025-08-16 13:24:29.187112+00:00,2.2584877
2025-08-16 13:24:42.260053+00:00,2.258488
2025-08-16 13:24:54.500265+00:00,2.2584875
2025-08-16 13:25:07.854581+00:00,2.2584875
2025-08-16 13:25:21.642476+00:00,2.2584874
2025-08-16 13:25:33.369434+00:00,2.2584875
2025-08-16 13:25:46.248670+00:00,2.2584881
2025-08-16 13:26:04.150257+00:00,2.2584877
2025-08-16 13:26:12.472258+00:00,2.2584873
2025-08-16 13:26:24.383629+00:00,2.2584872
2025-08-16 13:26:36.991404+00:00,2.2584876
2025-08-16 13:26:50.117552+00:00,2.2584879
2025-08-16 13:27:03.085977+00:00,2.2584874
2025-08-16 13:27:21.248776+00:00,2.2584873
2025-08-16 13:27:27.973236+00:00,2.2584873
2025-08-16 13:27:42.602735+00:00,2.2584871
2025-08-16 13:27:53.509009+00:00,2.258487
2025-08-16 13:28:07.166148+00:00,2.2584871
2025-08-16 13:28:21.840135+00:00,2.2584876
2025-08-16 13:28:38.995826+00:00,2.2584875
2025-08-16 13:28:46.046433+00:00,2.2584874
2025-08-16 13:28:58.616200+00:00,2.2584874
2025-08-16 13:29:12.338395+00:00,2.2584878
2025-08-16 13:29:38.673919+00:00,2.2584874
2025-08-16 13:29:52.310370+00:00,2.2584877
2025-08-16 13:30:04.755752+00:00,2.2584875
2025-08-16 13:30:19.056787+00:00,2.2584872
2025-08-16 13:30:30.607597+00:00,2.2584871
2025-08-16 13:30:43.902032+00:00,2.2584874
2025-08-16 13:30:56.116905+00:00,2.2584876
2025-08-16 13:31:09.683407+00:00,2.2584876
2025-08-16 13:31:24.554145+00:00,2.2584874
2025-08-16 13:31:36.084751+00:00,2.2584875
2025-08-16 13:31:48.934779+00:00,2.2584876
2025-08-16 13:32:01.259172+00:00,2.2584868
2025-08-16 13:32:14.136979+00:00,2.2584879
2025-08-16 13:32:27.232548+00:00,2.258487
2025-08-16 13:32:40.685678+00:00,2.2584872
2025-08-16 13:32:52.203884+00:00,2.2584875
2025-08-16 13:33:05.227228+00:00,2.2584877
2025-08-16 13:33:18.368116+00:00,2.2584878
2025-08-16 13:33:32.558250+00:00,2.2584879
2025-08-16 13:33:43.802520+00:00,2.2584877
2025-08-16 13:33:56.582057+00:00,2.2584875
2025-08-16 13:34:09.686539+00:00,2.2584875
2025-08-16 13:34:22.199849+00:00,2.258487
2025-08-16 13:34:36.340052+00:00,2.2584869
2025-08-16 13:34:48.040703+00:00,2.2584874
2025-08-16 13:35:00.772704+00:00,2.2584873
2025-08-16 13:35:13.323263+00:00,2.2584881
2025-08-16 13:35:29.272414+00:00,2.2584879
2025-08-16 13:35:41.748823+00:00,2.2584878
2025-08-16 13:35:52.152672+00:00,2.2584879
2025-08-16 13:36:06.294322+00:00,2.2584877
2025-08-16 13:36:18.472695+00:00,2.2584872
2025-08-16 13:36:33.339308+00:00,2.2584873
2025-08-16 13:36:44.950230+00:00,2.2584882
2025-08-16 13:36:57.745493+00:00,2.2584874
2025-08-16 13:37:11.228386+00:00,2.2584877
2025-08-16 13:37:27.328987+00:00,2.2584871
2025-08-16 13:37:36.820327+00:00,2.258487
2025-08-16 13:37:49.904762+00:00,2.2584872
2025-08-16 13:38:02.853436+00:00,2.2584872
2025-08-16 13:38:15.741581+00:00,2.2584877
2025-08-16 13:38:28.328761+00:00,2.2584877
2025-08-16 13:38:41.247384+00:00,2.2584872
2025-08-16 13:38:54.143381+00:00,2.2584874
2025-08-16 13:39:07.536171+00:00,2.2584874
2025-08-16 13:39:19.768989+00:00,2.2584871
2025-08-16 13:39:33.944085+00:00,2.2584878
2025-08-16 13:39:46.135440+00:00,2.2584873
2025-08-16 13:40:01.415339+00:00,2.2584873
2025-08-16 13:40:11.120531+00:00,2.2584874
2025-08-16 13:40:25.768247+00:00,2.2584874
2025-08-16 13:40:37.017536+00:00,2.2584871
2025-08-16 13:40:50.033153+00:00,2.2584873
2025-08-16 13:41:02.864036+00:00,2.2584878
2025-08-16 13:41:15.658724+00:00,2.258487
2025-08-16 13:41:29.612367+00:00,2.2584872
2025-08-16 13:41:41.098083+00:00,2.2584872
2025-08-16 13:41:54.162218+00:00,2.2584873
2025-08-16 13:42:06.807430+00:00,2.2584874
2025-08-16 13:42:20.611513+00:00,2.2584877
2025-08-16 13:42:34.641565+00:00,2.2584871
2025-08-16 13:42:46.674249+00:00,2.258488
2025-08-16 13:42:57.989374+00:00,2.2584869
2025-08-16 13:43:11.762110+00:00,2.2584871
2025-08-16 13:43:23.690318+00:00,2.258487
2025-08-16 13:43:37.015038+00:00,2.2584873
2025-08-16 13:43:50.305468+00:00,2.2584873
2025-08-16 13:44:03.294706+00:00,2.2584879
2025-08-16 13:44:17.029028+00:00,2.2584874
2025-08-16 13:44:29.250750+00:00,2.2584875
2025-08-16 13:44:43.002153+00:00,2.2584875
2025-08-16 13:44:55.209928+00:00,2.2584877
2025-08-16 13:45:08.393198+00:00,2.2584878
2025-08-16 13:45:24.794440+00:00,2.2584871
2025-08-16 13:45:34.518448+00:00,2.2584876
2025-08-16 13:45:47.643836+00:00,2.2584876
2025-08-16 13:46:00.106824+00:00,2.2584871
2025-08-16 13:46:13.644721+00:00,2.2584874
2025-08-16 13:46:25.911494+00:00,2.2584879
2025-08-16 13:46:38.440527+00:00,2.2584872
2025-08-16 13:47:05.817663+00:00,2.2584874
2025-08-16 13:47:18.797155+00:00,2.2584872
2025-08-16 13:47:29.700843+00:00,2.2584874
2025-08-16 13:47:43.050120+00:00,2.2584876
2025-08-16 13:47:55.530923+00:00,2.2584878
2025-08-16 13:48:09.346674+00:00,2.2584879
2025-08-16 13:48:21.443091+00:00,2.2584875
2025-08-16 13:48:34.344844+00:00,2.2584877
2025-08-16 13:48:47.630696+00:00,2.2584876
2025-08-16 13:49:01.062111+00:00,2.2584879
2025-08-16 13:49:14.462382+00:00,2.2584875
2025-08-16 13:49:25.900092+00:00,2.2584875
2025-08-16 13:49:40.053952+00:00,2.2584878
2025-08-16 13:49:51.407403+00:00,2.2584874
2025-08-16 13:50:04.337773+00:00,2.2584878
2025-08-16 13:50:17.926259+00:00,2.2584873
2025-08-16 13:50:30.520357+00:00,2.2584878
2025-08-16 13:50:44.099436+00:00,2.2584877
2025-08-16 13:50:56.208909+00:00,2.2584876
2025-08-16 13:51:09.896360+00:00,2.2584875
2025-08-16 13:51:22.299308+00:00,2.2584872
2025-08-16 13:51:35.550277+00:00,2.2584879
2025-08-16 13:51:48.834877+00:00,2.2584875
2025-08-16 13:52:02.570173+00:00,2.2584872
2025-08-16 13:52:14.723734+00:00,2.2584871
2025-08-16 13:52:27.499768+00:00,2.2584874
2025-08-16 13:52:40.491573+00:00,2.2584872
2025-08-16 13:52:54.571306+00:00,2.258488
2025-08-16 13:53:13.807627+00:00,2.2584875
2025-08-16 13:53:20.154959+00:00,2.2584878
2025-08-16 13:53:34.510571+00:00,2.2584874
2025-08-16 13:53:45.523454+00:00,2.258488
2025-08-16 13:53:58.619885+00:00,2.2584873
2025-08-16 13:54:11.632914+00:00,2.2584879
2025-08-16 13:54:23.999343+00:00,2.2584878
2025-08-16 13:54:39.787986+00:00,2.2584877
2025-08-16 13:54:49.401964+00:00,2.2584875
2025-08-16 13:55:13.024548+00:00,2.2584874
2025-08-16 13:55:15.237923+00:00,2.2584875
2025-08-16 13:55:27.937257+00:00,2.2584872
2025-08-16 13:55:42.360997+00:00,2.2584879
2025-08-16 13:55:53.068878+00:00,2.2584874
2025-08-16 13:56:07.918357+00:00,2.2584879
2025-08-16 13:56:20.293255+00:00,2.258488
2025-08-16 13:56:33.472561+00:00,2.2584875
2025-08-16 13:56:44.223372+00:00,2.2584873
2025-08-16 13:56:56.857018+00:00,2.2584876
2025-08-16 13:57:09.770304+00:00,2.2584878
2025-08-16 13:57:22.307803+00:00,2.2584877
2025-08-16 13:57:35.685093+00:00,2.2584877
2025-08-16 13:57:48.284207+00:00,2.2584875
2025-08-16 13:58:00.806434+00:00,2.2584877
2025-08-16 13:58:14.540028+00:00,2.2584873
2025-08-16 13:58:27.582980+00:00,2.2584876
2025-08-16 13:58:40.241825+00:00,2.258487
2025-08-16 13:58:56.072097+00:00,2.2584871
2025-08-16 13:59:12.464528+00:00,2.2584873
2025-08-16 13:59:20.672363+00:00,2.2584881
2025-08-16 13:59:32.800980+00:00,2.2584869
2025-08-16 13:59:46.430573+00:00,2.2584874
2025-08-16 13:59:58.856052+00:00,2.2584878
2025-08-16 14:00:12.130873+00:00,2.2584871
2025-08-16 14:00:24.818072+00:00,2.2584877
2025-08-16 14:00:38.054614+00:00,2.2584873
2025-08-16 14:00:51.051237+00:00,2.2584873
2025-08-16 14:01:04.030440+00:00,2.2584874
2025-08-16 14:01:20.335046+00:00,2.258488
2025-08-16 14:01:29.242432+00:00,2.2584877
2025-08-16 14:01:41.938959+00:00,2.2584874
2025-08-16 14:01:55.489201+00:00,2.2584875
2025-08-16 14:02:10.601835+00:00,2.2584875
2025-08-16 14:02:20.459939+00:00,2.258487
2025-08-16 14:02:33.787100+00:00,2.2584877
2025-08-16 14:02:46.785679+00:00,2.2584881
2025-08-16 14:02:58.744399+00:00,2.2584882
2025-08-16 14:03:11.779429+00:00,2.2584876
2025-08-16 14:03:24.259456+00:00,2.258488
2025-08-16 14:03:40.297726+00:00,2.2584879
2025-08-16 14:03:50.234814+00:00,2.2584876
2025-08-16 14:04:03.133117+00:00,2.2584871
2025-08-16 14:04:16.065318+00:00,2.2584877
2025-08-16 14:04:28.291262+00:00,2.258487
2025-08-16 14:04:41.781497+00:00,2.258488
2025-08-16 14:04:54.249968+00:00,2.2584875
2025-08-16 14:05:07.852403+00:00,2.2584879
2025-08-16 14:05:21.272894+00:00,2.2584878
2025-08-16 14:05:32.950032+00:00,2.2584873
2025-08-16 14:05:45.868990+00:00,2.2584876
2025-08-16 14:05:59.290214+00:00,2.2584876
2025-08-16 14:06:11.524285+00:00,2.2584874
2025-08-16 14:06:24.048750+00:00,2.2584869
2025-08-16 14:06:37.170161+00:00,2.2584878
2025-08-16 14:06:51.031302+00:00,2.258488
2025-08-16 14:07:03.692832+00:00,2.258487
2025-08-16 14:07:20.791047+00:00,2.2584879
2025-08-16 14:07:29.637913+00:00,2.2584874
2025-08-16 14:07:43.457851+00:00,2.258487
2025-08-16 14:07:55.727421+00:00,2.2584879
2025-08-16 14:08:11.427448+00:00,2.2584879
2025-08-16 14:08:21.868036+00:00,2.258488
2025-08-16 14:08:47.785437+00:00,2.2584877
2025-08-16 14:09:01.461466+00:00,2.2584878
2025-08-16 14:09:13.518851+00:00,2.2584878
2025-08-16 14:09:25.681443+00:00,2.2584877
2025-08-16 14:09:39.582494+00:00,2.2584872
2025-08-16 14:09:51.994244+00:00,2.2584873
2025-08-16 14:10:04.115421+00:00,2.2584877
2025-08-16 14:10:17.009306+00:00,2.2584878
2025-08-16 14:10:30.173626+00:00,2.258487
2025-08-16 14:10:42.769498+00:00,2.2584878
2025-08-16 14:10:54.978837+00:00,2.2584876
2025-08-16 14:11:20.855435+00:00,2.2584873
2025-08-16 14:11:33.703322+00:00,2.2584868
2025-08-16 14:11:46.454227+00:00,2.2584873
2025-08-16 14:11:58.995147+00:00,2.2584881
2025-08-16 14:12:16.783074+00:00,2.2584871
2025-08-16 14:12:24.366370+00:00,2.2584881
2025-08-16 14:12:37.099525+00:00,2.2584878
2025-08-16 14:12:53.349347+00:00,2.2584872
2025-08-16 14:13:08.424740+00:00,2.2584871
2025-08-16 14:13:16.853166+00:00,2.2584876
2025-08-16 14:13:28.815478+00:00,2.2584882
2025-08-16 14:13:42.021320+00:00,2.2584873
2025-08-16 14:13:55.036438+00:00,2.2584869
2025-08-16 14:14:08.683962+00:00,2.2584874
2025-08-16 14:14:22.790235+00:00,2.258488
2025-08-16 14:14:35.102757+00:00,2.258488
2025-08-16 14:14:47.917466+00:00,2.2584876
2025-08-16 14:15:03.699121+00:00,2.2584879
2025-08-16 14:15:13.630562+00:00,2.2584874
2025-08-16 14:15:27.205107+00:00,2.258487
2025-08-16 14:15:40.428169+00:00,2.2584875
2025-08-16 14:15:53.070253+00:00,2.2584881
2025-08-16 14:16:05.439211+00:00,2.2584879
2025-08-16 14:16:18.539332+00:00,2.2584873
2025-08-16 14:16:33.418744+00:00,2.2584872
2025-08-16 14:16:44.546842+00:00,2.2584881
2025-08-16 14:16:56.937138+00:00,2.2584875
2025-08-16 14:17:11.781676+00:00,2.2584873
2025-08-16 14:17:22.628194+00:00,2.2584872
2025-08-16 14:17:35.061716+00:00,2.2584876
2025-08-16 14:17:48.037529+00:00,2.2584881
2025-08-16 14:18:01.688657+00:00,2.2584872
2025-08-16 14:18:15.370442+00:00,2.2584875
2025-08-16 14:18:26.205433+00:00,2.2584875
2025-08-16 14:18:39.311723+00:00,2.2584877
2025-08-16 14:18:52.176283+00:00,2.2584872
2025-08-16 14:19:05.533011+00:00,2.2584879
2025-08-16 14:19:17.394291+00:00,2.2584872
2025-08-16 14:19:30.701746+00:00,2.2584872
2025-08-16 14:19:42.734894+00:00,2.2584875
2025-08-16 14:19:55.508588+00:00,2.2584878
2025-08-16 14:20:08.789946+00:00,2.2584872
2025-08-16 14:20:21.843419+00:00,2.2584881
2025-08-16 14:20:48.357659+00:00,2.2584872
2025-08-16 14:21:02.394424+00:00,2.2584878
2025-08-16 14:21:13.199018+00:00,2.258488
2025-08-16 14:21:25.923445+00:00,2.2584873
2025-08-16 14:21:39.569523+00:00,2.2584869
2025-08-16 14:21:52.008034+00:00,2.2584878
2025-08-16 14:22:06.416115+00:00,2.2584882
2025-08-16 14:22:23.902434+00:00,2.2584874
2025-08-16 14:22:33.038816+00:00,2.258488
2025-08-16 14:22:44.289521+00:00,2.258487
2025-08-16 14:22:57.152405+00:00,2.2584877
2025-08-16 14:23:10.239185+00:00,2.2584878
2025-08-16 14:23:22.952011+00:00,2.2584871
2025-08-16 14:23:37.821241+00:00,2.2584871
2025-08-16 14:23:51.694697+00:00,2.258488
2025-08-16 14:24:02.176259+00:00,2.2584878
2025-08-16 14:24:16.626622+00:00,2.2584868
2025-08-16 14:24:27.695732+00:00,2.2584875
2025-08-16 14:24:40.984091+00:00,2.2584876
2025-08-16 14:24:55.229881+00:00,2.2584879
2025-08-16 14:25:06.524291+00:00,2.2584879
2025-08-16 14:25:18.710598+00:00,2.2584871
2025-08-16 14:25:31.611264+00:00,2.2584877
2025-08-16 14:25:44.353743+00:00,2.2584867
2025-08-16 14:25:57.348400+00:00,2.2584875
2025-08-16 14:26:12.720965+00:00,2.2584878
2025-08-16 14:26:25.944795+00:00,2.2584877
2025-08-16 14:26:36.420671+00:00,2.2584879
2025-08-16 14:26:48.483333+00:00,2.2584872
2025-08-16 14:27:01.197829+00:00,2.2584879
2025-08-16 14:27:13.799888+00:00,2.2584876
2025-08-16 14:27:26.640647+00:00,2.258487
2025-08-16 14:27:39.633223+00:00,2.2584874
2025-08-16 14:27:52.150698+00:00,2.2584874
2025-08-16 14:28:05.573916+00:00,2.2584877
2025-08-16 14:28:21.950070+00:00,2.2584878
2025-08-16 14:28:30.798640+00:00,2.2584874
2025-08-16 14:28:43.267298+00:00,2.2584874
2025-08-16 14:28:58.949328+00:00,2.2584879
2025-08-16 14:29:09.794358+00:00,2.2584873
2025-08-16 14:29:24.258940+00:00,2.2584871
2025-08-16 14:29:35.228465+00:00,2.2584877
2025-08-16 14:29:49.471663+00:00,2.2584876
2025-08-16 14:30:03.737729+00:00,2.2584868
2025-08-16 14:30:15.214191+00:00,2.2584874
2025-08-16 14:30:27.801718+00:00,2.2584873
2025-08-16 14:30:40.741667+00:00,2.2584874
2025-08-16 14:30:53.649430+00:00,2.2584876
2025-08-16 14:31:07.002149+00:00,2.2584878
2025-08-16 14:31:19.346221+00:00,2.258488
2025-08-16 14:31:33.360269+00:00,2.2584881
2025-08-16 14:31:45.668046+00:00,2.2584877
2025-08-16 14:31:58.422883+00:00,2.2584878
2025-08-16 14:32:11.880082+00:00,2.2584878
2025-08-16 14:32:24.443560+00:00,2.2584878
2025-08-16 14:32:38.362006+00:00,2.2584876
2025-08-16 14:32:50.422071+00:00,2.2584869
2025-08-16 14:33:02.968181+00:00,2.2584873
2025-08-16 14:33:15.541001+00:00,2.2584878
2025-08-16 14:33:28.044790+00:00,2.2584872
2025-08-16 14:33:40.750000+00:00,2.2584876
2025-08-16 14:33:53.579274+00:00,2.2584876
2025-08-16 14:34:06.673670+00:00,2.2584875
2025-08-16 14:34:19.787496+00:00,2.2584876
2025-08-16 14:34:32.207873+00:00,2.2584877
2025-08-16 14:34:44.686878+00:00,2.2584875
2025-08-16 14:35:01.008106+00:00,2.2584877
2025-08-16 14:35:11.205452+00:00,2.2584875
2025-08-16 14:35:23.263762+00:00,2.2584872
2025-08-16 14:35:36.397339+00:00,2.2584871
2025-08-16 14:35:49.279947+00:00,2.2584874
2025-08-16 14:36:01.605495+00:00,2.2584878
2025-08-16 14:36:14.227460+00:00,2.2584872
2025-08-16 14:36:27.556323+00:00,2.2584877
2025-08-16 14:36:41.055279+00:00,2.2584879
2025-08-16 14:36:52.335556+00:00,2.2584877
2025-08-16 14:37:09.678290+00:00,2.2584874
2025-08-16 14:37:18.512063+00:00,2.258487
2025-08-16 14:37:31.531300+00:00,2.2584874
2025-08-16 14:37:44.307951+00:00,2.2584875
2025-08-16 14:37:57.434364+00:00,2.2584872
2025-08-16 14:38:14.096069+00:00,2.2584878
2025-08-16 14:38:23.801272+00:00,2.2584874
2025-08-16 14:38:36.847598+00:00,2.2584877
2025-08-16 14:38:49.874361+00:00,2.2584872
2025-08-16 14:39:04.509091+00:00,2.2584873
2025-08-16 14:39:16.199723+00:00,2.2584878
2025-08-16 14:39:31.278902+00:00,2.2584881
2025-08-16 14:39:42.175755+00:00,2.258487
2025-08-16 14:39:54.566197+00:00,2.2584875
2025-08-16 14:40:08.283707+00:00,2.2584874
2025-08-16 14:40:20.900217+00:00,2.258488
2025-08-16 14:40:36.383818+00:00,2.2584878
2025-08-16 14:40:46.946762+00:00,2.258488
2025-08-16 14:40:59.294066+00:00,2.258488
2025-08-16 14:41:12.635753+00:00,2.2584875
2025-08-16 14:41:24.845758+00:00,2.2584879
2025-08-16 14:41:37.303592+00:00,2.2584879
2025-08-16 14:41:50.110511+00:00,2.2584879
2025-08-16 14:42:04.084278+00:00,2.2584874
2025-08-16 14:42:16.739347+00:00,2.2584874
2025-08-16 14:42:28.618625+00:00,2.2584877
2025-08-16 14:42:41.652691+00:00,2.2584882
2025-08-16 14:42:54.696515+00:00,2.2584875
2025-08-16 14:43:07.188354+00:00,2.2584878
2025-08-16 14:43:20.454046+00:00,2.2584873
2025-08-16 14:43:32.519703+00:00,2.2584868
2025-08-16 14:43:45.253304+00:00,2.2584876
2025-08-16 14:43:57.578075+00:00,2.2584877
2025-08-16 14:44:10.800998+00:00,2.2584872
2025-08-16 14:44:23.059753+00:00,2.2584875
2025-08-16 14:44:36.027186+00:00,2.258487
2025-08-16 14:44:49.009972+00:00,2.2584875
2025-08-16 14:45:17.272849+00:00,2.2584873
2025-08-16 14:45:28.200466+00:00,2.2584877
2025-08-16 14:45:46.725553+00:00,2.2584876
2025-08-16 14:45:54.291209+00:00,2.2584874
2025-08-16 14:46:08.515102+00:00,2.2584878
2025-08-16 14:46:20.828039+00:00,2.2584874
2025-08-16 14:46:34.819898+00:00,2.2584878
2025-08-16 14:46:48.080891+00:00,2.2584873
2025-08-16 14:46:59.558320+00:00,2.2584873
2025-08-16 14:47:14.284858+00:00,2.258487
2025-08-16 14:47:25.386042+00:00,2.2584872
2025-08-16 14:47:38.856302+00:00,2.2584873
2025-08-16 14:47:51.391202+00:00,2.2584871
2025-08-16 14:48:20.044997+00:00,2.2584877
2025-08-16 14:48:29.664356+00:00,2.2584875
2025-08-16 14:48:42.264046+00:00,2.2584874
2025-08-16 14:48:55.500059+00:00,2.2584872
2025-08-16 14:49:08.095743+00:00,2.2584872
2025-08-16 14:49:23.040746+00:00,2.2584878
2025-08-16 14:49:33.769474+00:00,2.2584873
2025-08-16 14:49:46.547660+00:00,2.2584872
2025-08-16 14:49:59.650828+00:00,2.2584872
2025-08-16 14:50:12.760018+00:00,2.2584872
2025-08-16 14:50:26.891423+00:00,2.258487
2025-08-16 14:50:38.424866+00:00,2.2584873
2025-08-16 14:50:50.459936+00:00,2.2584877
2025-08-16 14:51:05.091960+00:00,2.258487
2025-08-16 14:51:16.572987+00:00,2.2584877
2025-08-16 14:51:28.837814+00:00,2.2584878
2025-08-16 14:51:42.510825+00:00,2.2584882
2025-08-16 14:51:54.507325+00:00,2.2584876
2025-08-16 14:52:09.917923+00:00,2.2584873
2025-08-16 14:52:21.593787+00:00,2.2584877
2025-08-16 14:52:34.135336+00:00,2.2584876
2025-08-16 14:52:48.272214+00:00,2.2584878
2025-08-16 14:53:00.396425+00:00,2.2584873
2025-08-16 14:53:14.737340+00:00,2.2584876
2025-08-16 14:53:26.666004+00:00,2.2584875
2025-08-16 14:53:40.154283+00:00,2.258488
2025-08-16 14:53:53.171305+00:00,2.2584876
2025-08-16 14:54:07.116640+00:00,2.2584877
2025-08-16 14:54:18.585461+00:00,2.2584879
2025-08-16 14:54:31.603703+00:00,2.258488
2025-08-16 14:54:44.339096+00:00,2.2584882
2025-08-16 14:54:57.029015+00:00,2.2584871
2025-08-16 14:55:16.596920+00:00,2.2584879
2025-08-16 14:55:23.276324+00:00,2.2584876
2025-08-16 14:55:35.901493+00:00,2.2584875
2025-08-16 14:55:50.089866+00:00,2.2584876
2025-08-16 14:56:01.074009+00:00,2.2584879
2025-08-16 14:56:13.907351+00:00,2.2584876
2025-08-16 14:56:27.631465+00:00,2.2584875
2025-08-16 14:56:41.422242+00:00,2.2584882
2025-08-16 14:56:52.105332+00:00,2.2584877
2025-08-16 14:57:05.018774+00:00,2.2584874
2025-08-16 14:57:19.314150+00:00,2.2584877
2025-08-16 14:57:30.398828+00:00,2.2584877
2025-08-16 14:57:43.940060+00:00,2.2584876
2025-08-16 14:57:55.602349+00:00,2.2584873
2025-08-16 14:58:08.837560+00:00,2.2584873
2025-08-16 14:58:24.239784+00:00,2.2584876
2025-08-16 14:58:34.162380+00:00,2.2584871
2025-08-16 14:58:47.170079+00:00,2.2584876
2025-08-16 14:58:59.510562+00:00,2.2584879
2025-08-16 14:59:12.927775+00:00,2.2584875
2025-08-16 14:59:24.934962+00:00,2.258488
2025-08-16 14:59:38.226974+00:00,2.2584876
2025-08-16 14:59:52.270129+00:00,2.2584874
2025-08-16 15:00:04.251443+00:00,2.2584874
2025-08-16 15:00:17.731388+00:00,2.2584878
2025-08-16 15:00:30.450838+00:00,2.2584875
2025-08-16 15:00:43.835266+00:00,2.2584871
2025-08-16 15:00:57.544480+00:00,2.2584879
2025-08-16 15:01:11.119595+00:00,2.2584874
2025-08-16 15:01:22.889750+00:00,2.2584876
2025-08-16 15:01:35.520726+00:00,2.2584881
2025-08-16 15:01:48.694429+00:00,2.2584873
2025-08-16 15:02:01.732462+00:00,2.2584873
2025-08-16 15:02:16.122361+00:00,2.2584878
2025-08-16 15:02:34.875303+00:00,2.2584874
2025-08-16 15:02:40.514576+00:00,2.2584878
2025-08-16 15:02:53.472843+00:00,2.2584877
2025-08-16 15:03:06.572000+00:00,2.2584875
2025-08-16 15:03:19.373444+00:00,2.258487
2025-08-16 15:03:33.547044+00:00,2.2584879
2025-08-16 15:03:44.509600+00:00,2.2584874
2025-08-16 15:03:57.218486+00:00,2.2584872
2025-08-16 15:04:10.445542+00:00,2.2584877
2025-08-16 15:04:22.563833+00:00,2.258488
2025-08-16 15:04:36.312523+00:00,2.2584876
2025-08-16 15:04:48.752322+00:00,2.258488
2025-08-16 15:05:01.501229+00:00,2.2584875
2025-08-16 15:05:15.519887+00:00,2.258488
2025-08-16 15:05:28.308816+00:00,2.2584877
2025-08-16 15:05:39.909336+00:00,2.2584873
2025-08-16 15:05:53.135040+00:00,2.2584874
2025-08-16 15:06:05.307976+00:00,2.2584875
2025-08-16 15:06:22.731491+00:00,2.2584875
2025-08-16 15:06:34.622022+00:00,2.2584874
2025-08-16 15:06:43.360159+00:00,2.2584875
2025-08-16 15:06:56.112662+00:00,2.2584874
2025-08-16 15:07:12.005070+00:00,2.2584871
2025-08-16 15:07:24.374246+00:00,2.2584879
2025-08-16 15:07:34.726776+00:00,2.2584879
2025-08-16 15:07:49.476661+00:00,2.2584877
2025-08-16 15:08:01.954971+00:00,2.2584874
2025-08-16 15:08:14.451755+00:00,2.2584877
2025-08-16 15:08:27.307625+00:00,2.2584874
2025-08-16 15:08:40.318892+00:00,2.258488
2025-08-16 15:08:53.346191+00:00,2.2584875
2025-08-16 15:09:06.563140+00:00,2.258487
2025-08-16 15:09:20.648360+00:00,2.2584875
2025-08-16 15:09:33.019534+00:00,2.2584878
2025-08-16 15:09:47.802428+00:00,2.2584879
2025-08-16 15:09:59.438110+00:00,2.2584879
2025-08-16 15:10:11.778961+00:00,2.2584877
2025-08-16 15:10:24.455736+00:00,2.2584875
2025-08-16 15:10:38.106731+00:00,2.2584871
2025-08-16 15:10:52.558667+00:00,2.2584879
2025-08-16 15:11:03.283092+00:00,2.2584875
2025-08-16 15:11:16.000497+00:00,2.2584875
2025-08-16 15:11:28.422904+00:00,2.2584877
2025-08-16 15:11:41.263248+00:00,2.2584875
2025-08-16 15:12:07.466509+00:00,2.2584875
2025-08-16 15:12:20.204802+00:00,2.2584873
2025-08-16 15:12:33.394007+00:00,2.2584871
2025-08-16 15:12:45.312227+00:00,2.2584878
2025-08-16 15:12:58.366888+00:00,2.2584879
2025-08-16 15:13:16.619686+00:00,2.2584877
2025-08-16 15:13:23.613673+00:00,2.2584876
2025-08-16 15:13:36.465483+00:00,2.2584876
2025-08-16 15:13:50.286145+00:00,2.2584876
2025-08-16 15:14:02.498572+00:00,2.2584878
2025-08-16 15:14:14.622795+00:00,2.2584878
2025-08-16 15:14:27.364145+00:00,2.2584873
2025-08-16 15:14:39.980504+00:00,2.2584881
2025-08-16 15:14:53.407495+00:00,2.2584873
2025-08-16 15:15:06.603075+00:00,2.2584871
2025-08-16 15:15:19.789431+00:00,2.2584877
2025-08-16 15:15:38.045742+00:00,2.2584879
2025-08-16 15:15:46.345305+00:00,2.2584878
2025-08-16 15:15:59.073408+00:00,2.2584872
2025-08-16 15:16:17.032749+00:00,2.2584875
2025-08-16 15:16:24.734182+00:00,2.2584875
2025-08-16 15:16:39.489793+00:00,2.2584881
2025-08-16 15:16:50.803289+00:00,2.2584873
2025-08-16 15:17:05.109792+00:00,2.2584878
2025-08-16 15:17:17.558802+00:00,2.2584873
2025-08-16 15:17:30.417474+00:00,2.2584872
2025-08-16 15:17:42.674253+00:00,2.2584881
2025-08-16 15:17:57.257192+00:00,2.2584877
2025-08-16 15:18:10.567435+00:00,2.2584873
2025-08-16 15:18:21.817853+00:00,2.2584878
2025-08-16 15:18:34.849780+00:00,2.2584882
2025-08-16 15:18:46.869718+00:00,2.2584874
2025-08-16 15:18:59.352411+00:00,2.2584874
2025-08-16 15:19:13.286845+00:00,2.2584882
2025-08-16 15:19:25.106801+00:00,2.2584879
2025-08-16 15:19:37.636847+00:00,2.2584876
2025-08-16 15:19:50.272274+00:00,2.2584876
2025-08-16 15:20:05.672108+00:00,2.2584873
2025-08-16 15:20:16.961525+00:00,2.2584881
2025-08-16 15:20:30.422029+00:00,2.2584879
2025-08-16 15:20:47.449886+00:00,2.2584874
2025-08-16 15:20:54.459667+00:00,2.2584881
2025-08-16 15:21:07.443390+00:00,2.2584873
2025-08-16 15:21:20.205627+00:00,2.2584878
2025-08-16 15:21:33.133412+00:00,2.2584871
2025-08-16 15:21:47.119956+00:00,2.2584876
2025-08-16 15:21:58.313021+00:00,2.2584879
2025-08-16 15:22:12.054099+00:00,2.258488
2025-08-16 15:22:23.645079+00:00,2.2584874
2025-08-16 15:22:37.363032+00:00,2.2584876
2025-08-16 15:22:49.479171+00:00,2.258487
2025-08-16 15:23:03.257040+00:00,2.2584873
2025-08-16 15:23:15.842859+00:00,2.2584875
2025-08-16 15:23:28.742915+00:00,2.2584871
2025-08-16 15:23:41.942744+00:00,2.2584868
2025-08-16 15:23:55.100185+00:00,2.2584871
2025-08-16 15:24:08.069445+00:00,2.2584874
2025-08-16 15:24:21.148463+00:00,2.2584873
2025-08-16 15:24:34.126010+00:00,2.2584878
2025-08-16 15:24:47.041663+00:00,2.2584871
2025-08-16 15:24:59.763642+00:00,2.258488
2025-08-16 15:25:13.527213+00:00,2.2584873
2025-08-16 15:25:26.154223+00:00,2.2584875
2025-08-16 15:25:39.362466+00:00,2.2584877
2025-08-16 15:25:51.587943+00:00,2.2584877
2025-08-16 15:26:04.687277+00:00,2.2584872
2025-08-16 15:26:17.663450+00:00,2.2584876
2025-08-16 15:26:31.991703+00:00,2.2584876
2025-08-16 15:26:42.706129+00:00,2.2584876
2025-08-16 15:26:55.372184+00:00,2.2584877
2025-08-16 15:27:09.912868+00:00,2.2584878
2025-08-16 15:27:20.940424+00:00,2.2584877
2025-08-16 15:27:34.428025+00:00,2.2584875
2025-08-16 15:27:46.986794+00:00,2.2584878
2025-08-16 15:28:00.119110+00:00,2.2584874
2025-08-16 15:28:12.959849+00:00,2.2584882
2025-08-16 15:28:25.289041+00:00,2.2584872
2025-08-16 15:28:39.446180+00:00,2.258488
2025-08-16 15:28:50.773000+00:00,2.2584879
2025-08-16 15:29:05.743827+00:00,2.2584879
2025-08-16 15:29:16.667983+00:00,2.2584877
2025-08-16 15:29:31.844312+00:00,2.2584872
2025-08-16 15:29:42.641276+00:00,2.2584875
2025-08-16 15:29:54.638842+00:00,2.2584877
2025-08-16 15:30:09.090460+00:00,2.258487
2025-08-16 15:30:20.852729+00:00,2.2584879
2025-08-16 15:30:34.019471+00:00,2.2584875
2025-08-16 15:30:46.874337+00:00,2.2584873
2025-08-16 15:31:01.177151+00:00,2.2584878
2025-08-16 15:31:12.922594+00:00,2.2584873
2025-08-16 15:31:27.682179+00:00,2.2584877
2025-08-16 15:31:40.789308+00:00,2.2584877
2025-08-16 15:31:51.894378+00:00,2.2584879
2025-08-16 15:32:05.522844+00:00,2.2584869
2025-08-16 15:32:25.197913+00:00,2.2584875
2025-08-16 15:32:30.871140+00:00,2.2584878
2025-08-16 15:32:47.144795+00:00,2.2584879
2025-08-16 15:32:56.816703+00:00,2.2584876
2025-08-16 15:33:11.195001+00:00,2.2584877
2025-08-16 15:33:22.340684+00:00,2.258487
2025-08-16 15:33:36.608130+00:00,2.2584875
2025-08-16 15:33:51.036268+00:00,2.2584878
2025-08-16 15:34:05.344827+00:00,2.2584877
2025-08-16 15:34:26.465843+00:00,2.2584875
2025-08-16 15:34:40.863476+00:00,2.2584879
2025-08-16 15:34:52.002750+00:00,2.2584879
2025-08-16 15:35:05.143994+00:00,2.2584873
2025-08-16 15:35:17.977523+00:00,2.2584875
2025-08-16 15:35:31.723652+00:00,2.2584875
2025-08-16 15:35:43.815537+00:00,2.2584874
2025-08-16 15:35:57.759070+00:00,2.258487
2025-08-16 15:36:09.413924+00:00,2.2584881
2025-08-16 15:36:23.231168+00:00,2.2584876
2025-08-16 15:36:36.680852+00:00,2.2584877
2025-08-16 15:36:48.506673+00:00,2.2584875
2025-08-16 15:37:00.545148+00:00,2.2584874
2025-08-16 15:37:16.610415+00:00,2.2584877
2025-08-16 15:37:25.399329+00:00,2.2584874
2025-08-16 15:37:38.352572+00:00,2.2584876
2025-08-16 15:37:51.077971+00:00,2.258488
2025-08-16 15:38:04.445209+00:00,2.2584877
2025-08-16 15:38:18.886991+00:00,2.2584879
2025-08-16 15:38:30.161964+00:00,2.2584877
2025-08-16 15:38:43.676280+00:00,2.2584879
2025-08-16 15:38:56.537634+00:00,2.2584874
2025-08-16 15:39:22.418240+00:00,2.2584875
2025-08-16 15:39:36.088036+00:00,2.2584866
2025-08-16 15:39:48.695057+00:00,2.2584878
2025-08-16 15:40:01.714084+00:00,2.2584871
2025-08-16 15:40:16.853864+00:00,2.2584873
2025-08-16 15:40:27.961386+00:00,2.2584875
2025-08-16 15:40:40.551312+00:00,2.2584878
2025-08-16 15:40:52.761966+00:00,2.2584877
2025-08-16 15:41:06.466323+00:00,2.2584876
2025-08-16 15:41:21.617260+00:00,2.2584871
2025-08-16 15:41:31.377127+00:00,2.2584877
2025-08-16 15:41:50.717727+00:00,2.2584879
2025-08-16 15:41:56.516937+00:00,2.2584872
2025-08-16 15:42:12.299400+00:00,2.2584878
2025-08-16 15:42:22.009103+00:00,2.2584874
2025-08-16 15:42:38.561577+00:00,2.2584873
2025-08-16 15:42:48.215197+00:00,2.2584878
2025-08-16 15:43:00.833990+00:00,2.2584878
2025-08-16 15:43:15.755675+00:00,2.2584877
2025-08-16 15:43:26.865314+00:00,2.2584876
2025-08-16 15:43:42.391278+00:00,2.258487
2025-08-16 15:43:52.355803+00:00,2.2584873
2025-08-16 15:44:05.589211+00:00,2.2584874
2025-08-16 15:44:18.659409+00:00,2.2584882
2025-08-16 15:44:31.270764+00:00,2.2584876
2025-08-16 15:44:44.161657+00:00,2.2584873
2025-08-16 15:44:56.226629+00:00,2.2584873
2025-08-16 15:45:10.111408+00:00,2.2584882
2025-08-16 15:45:24.373108+00:00,2.2584874
2025-08-16 15:45:35.341449+00:00,2.2584878
2025-08-16 15:45:48.300375+00:00,2.2584877
2025-08-16 15:46:01.026159+00:00,2.2584878
2025-08-16 15:46:14.261424+00:00,2.2584879
2025-08-16 15:46:27.110287+00:00,2.2584877
2025-08-16 15:46:40.142261+00:00,2.2584876
2025-08-16 15:46:53.252968+00:00,2.2584867
2025-08-16 15:47:07.175272+00:00,2.258488
2025-08-16 15:47:19.437597+00:00,2.2584872
2025-08-16 15:47:48.046350+00:00,2.2584881
2025-08-16 15:47:59.247366+00:00,2.2584883
2025-08-16 15:48:11.363094+00:00,2.258487
2025-08-16 15:48:24.501582+00:00,2.2584874
2025-08-16 15:48:37.651078+00:00,2.2584875
2025-08-16 15:48:50.562506+00:00,2.2584875
2025-08-16 15:49:03.671120+00:00,2.258488
2025-08-16 15:49:16.388049+00:00,2.2584876
2025-08-16 15:49:28.663947+00:00,2.2584882
2025-08-16 15:49:41.518502+00:00,2.2584879
2025-08-16 15:49:54.276106+00:00,2.2584874
2025-08-16 15:50:06.944067+00:00,2.2584874
2025-08-16 15:50:20.755212+00:00,2.2584871
2025-08-16 15:50:33.265395+00:00,2.258487
2025-08-16 15:50:45.540061+00:00,2.2584879
2025-08-16 15:50:57.778008+00:00,2.2584875
2025-08-16 15:51:10.878065+00:00,2.258488
2025-08-16 15:51:23.784556+00:00,2.2584878
2025-08-16 15:51:36.164632+00:00,2.2584872
2025-08-16 15:51:49.546236+00:00,2.2584875
2025-08-16 15:52:02.356569+00:00,2.2584877
2025-08-16 15:52:14.490262+00:00,2.2584877
2025-08-16 15:52:34.493798+00:00,2.2584876
2025-08-16 15:52:39.922009+00:00,2.2584874
2025-08-16 15:52:52.623510+00:00,2.258488
2025-08-16 15:53:06.199070+00:00,2.2584874
2025-08-16 15:53:18.533221+00:00,2.2584876
2025-08-16 15:53:31.700727+00:00,2.2584871
2025-08-16 15:53:45.916235+00:00,2.2584877
2025-08-16 15:53:56.980825+00:00,2.258488
2025-08-16 15:54:10.303779+00:00,2.2584878
2025-08-16 15:54:23.921494+00:00,2.2584883
2025-08-16 15:54:36.127847+00:00,2.2584873
2025-08-16 15:54:49.891591+00:00,2.2584878
2025-08-16 15:55:03.173328+00:00,2.258488
2025-08-16 15:55:17.629571+00:00,2.2584875
2025-08-16 15:55:42.750429+00:00,2.258488
2025-08-16 15:55:55.014133+00:00,2.2584879
2025-08-16 15:56:07.978996+00:00,2.2584873
2025-08-16 15:56:20.886811+00:00,2.2584874
2025-08-16 15:56:34.413406+00:00,2.2584875
2025-08-16 15:56:47.137958+00:00,2.2584876
2025-08-16 15:56:59.443823+00:00,2.2584875
2025-08-16 15:57:15.128650+00:00,2.2584877
2025-08-16 15:57:24.919401+00:00,2.2584878
2025-08-16 15:57:40.288018+00:00,2.2584873
2025-08-16 15:57:51.593782+00:00,2.2584874
2025-08-16 15:58:04.265348+00:00,2.2584877
2025-08-16 15:58:19.814545+00:00,2.2584877
2025-08-16 15:58:28.356039+00:00,2.2584872
2025-08-16 15:58:41.301277+00:00,2.2584874
2025-08-16 15:58:55.077057+00:00,2.2584872
2025-08-16 15:59:06.958949+00:00,2.2584877
2025-08-16 15:59:19.659749+00:00,2.2584878
2025-08-16 15:59:34.239518+00:00,2.2584879
2025-08-16 15:59:45.028850+00:00,2.2584878
2025-08-16 15:59:58.591490+00:00,2.2584879
2025-08-16 16:00:12.465848+00:00,2.2584871
2025-08-16 16:00:23.949121+00:00,2.2584873
2025-08-16 16:00:36.054790+00:00,2.2584873
2025-08-16 16:00:48.787708+00:00,2.2584872
2025-08-16 16:01:01.978153+00:00,2.2584871
2025-08-16 16:01:14.216927+00:00,2.2584875
2025-08-16 16:01:27.399978+00:00,2.258487
2025-08-16 16:01:40.282448+00:00,2.2584877
2025-08-16 16:01:53.315146+00:00,2.2584878
2025-08-16 16:02:07.478210+00:00,2.258488
2025-08-16 16:02:19.791211+00:00,2.2584872
2025-08-16 16:02:33.097345+00:00,2.2584878
2025-08-16 16:02:46.678027+00:00,2.2584872
2025-08-16 16:02:58.669364+00:00,2.2584872
2025-08-16 16:03:12.294427+00:00,2.2584873
2025-08-16 16:03:25.461252+00:00,2.258488
2025-08-16 16:03:37.465399+00:00,2.2584874
2025-08-16 16:03:50.385862+00:00,2.2584878
2025-08-16 16:04:03.628028+00:00,2.2584873
2025-08-16 16:04:17.721915+00:00,2.2584872
2025-08-16 16:04:29.295914+00:00,2.2584881
2025-08-16 16:04:42.105749+00:00,2.2584873
2025-08-16 16:04:54.955905+00:00,2.2584875
2025-08-16 16:05:08.381793+00:00,2.2584873
2025-08-16 16:05:20.647812+00:00,2.2584872
2025-08-16 16:05:33.410721+00:00,2.2584879
2025-08-16 16:05:46.404709+00:00,2.2584879
2025-08-16 16:05:58.746403+00:00,2.2584874
2025-08-16 16:06:12.204205+00:00,2.2584869
2025-08-16 16:06:24.634931+00:00,2.2584875
2025-08-16 16:06:37.439813+00:00,2.2584872
2025-08-16 16:06:50.302593+00:00,2.2584871
2025-08-16 16:07:03.334955+00:00,2.2584872
2025-08-16 16:07:34.684243+00:00,2.2584873
2025-08-16 16:07:42.247037+00:00,2.2584878
2025-08-16 16:07:54.293992+00:00,2.258488
2025-08-16 16:08:07.668772+00:00,2.2584877
2025-08-16 16:08:21.271066+00:00,2.2584875
2025-08-16 16:08:33.313244+00:00,2.2584875
2025-08-16 16:08:45.728142+00:00,2.2584879
2025-08-16 16:08:58.383879+00:00,2.2584878
2025-08-16 16:09:11.646021+00:00,2.2584873
2025-08-16 16:09:24.272453+00:00,2.2584872
2025-08-16 16:09:37.240686+00:00,2.2584875
2025-08-16 16:09:50.283414+00:00,2.2584876
2025-08-16 16:10:04.018582+00:00,2.2584875
2025-08-16 16:10:17.239646+00:00,2.2584868
2025-08-16 16:10:30.188655+00:00,2.2584875
2025-08-16 16:10:45.542035+00:00,2.2584873
2025-08-16 16:10:55.909190+00:00,2.2584876
2025-08-16 16:11:11.203693+00:00,2.2584873
2025-08-16 16:11:21.806580+00:00,2.2584876
2025-08-16 16:11:34.682348+00:00,2.2584878
2025-08-16 16:11:47.824375+00:00,2.2584876
2025-08-16 16:12:00.525979+00:00,2.2584871
2025-08-16 16:12:13.465649+00:00,2.2584877
2025-08-16 16:12:26.599749+00:00,2.2584876
2025-08-16 16:12:39.248551+00:00,2.2584873
2025-08-16 16:12:52.710321+00:00,2.2584877
2025-08-16 16:13:05.914832+00:00,2.2584875
2025-08-16 16:13:18.014017+00:00,2.2584881
2025-08-16 16:13:30.582182+00:00,2.2584876
2025-08-16 16:13:43.110009+00:00,2.2584877
2025-08-16 16:13:56.512313+00:00,2.2584873
2025-08-16 16:14:09.545135+00:00,2.2584881
2025-08-16 16:14:21.843468+00:00,2.2584874
2025-08-16 16:14:35.254542+00:00,2.2584878
2025-08-16 16:14:50.530806+00:00,2.2584877
2025-08-16 16:15:00.102904+00:00,2.2584876
2025-08-16 16:15:13.694475+00:00,2.2584877
2025-08-16 16:15:26.774908+00:00,2.2584872
2025-08-16 16:15:39.268369+00:00,2.2584877
2025-08-16 16:15:51.042313+00:00,2.258487
2025-08-16 16:16:03.826117+00:00,2.2584877
2025-08-16 16:16:16.624051+00:00,2.2584875
2025-08-16 16:16:29.280424+00:00,2.2584883
2025-08-16 16:16:45.118453+00:00,2.258488
2025-08-16 16:16:55.526155+00:00,2.2584875
2025-08-16 16:17:08.828092+00:00,2.2584874
2025-08-16 16:17:21.167181+00:00,2.2584876
2025-08-16 16:17:34.858231+00:00,2.2584875
2025-08-16 16:17:47.774542+00:00,2.2584873
2025-08-16 16:18:00.857133+00:00,2.2584873
2025-08-16 16:18:13.647134+00:00,2.2584875
2025-08-16 16:18:27.205680+00:00,2.2584876
2025-08-16 16:18:39.725993+00:00,2.2584878
2025-08-16 16:18:55.990830+00:00,2.2584878
2025-08-16 16:19:05.949791+00:00,2.2584877
2025-08-16 16:19:18.824203+00:00,2.258488
2025-08-16 16:19:34.407472+00:00,2.2584876
2025-08-16 16:19:44.440885+00:00,2.2584874
2025-08-16 16:19:58.197107+00:00,2.2584872
2025-08-16 16:20:10.846671+00:00,2.2584874
2025-08-16 16:20:23.666391+00:00,2.258487
2025-08-16 16:20:35.979667+00:00,2.2584881
2025-08-16 16:20:48.931863+00:00,2.258488
2025-08-16 16:21:01.424478+00:00,2.2584878
2025-08-16 16:21:14.097346+00:00,2.2584878
2025-08-16 16:21:26.792477+00:00,2.2584879
2025-08-16 16:21:39.654417+00:00,2.2584878
2025-08-16 16:21:53.056178+00:00,2.2584873
2025-08-16 16:22:05.769772+00:00,2.2584876
2025-08-16 16:22:18.801710+00:00,2.2584877
2025-08-16 16:22:31.043980+00:00,2.2584879
2025-08-16 16:22:44.190753+00:00,2.2584879
2025-08-16 16:22:57.179914+00:00,2.2584873
2025-08-16 16:23:24.846688+00:00,2.2584873
2025-08-16 16:23:35.077731+00:00,2.2584882
2025-08-16 16:23:47.953968+00:00,2.2584881
2025-08-16 16:24:01.308565+00:00,2.2584877
2025-08-16 16:24:13.718737+00:00,2.2584873
2025-08-16 16:24:27.843751+00:00,2.2584873
2025-08-16 16:24:39.572796+00:00,2.2584878
2025-08-16 16:24:52.925500+00:00,2.2584877
2025-08-16 16:25:09.816308+00:00,2.2584879
2025-08-16 16:25:20.331037+00:00,2.2584877
2025-08-16 16:25:33.937978+00:00,2.2584875
2025-08-16 16:25:45.314276+00:00,2.2584872
2025-08-16 16:25:58.202508+00:00,2.2584878
2025-08-16 16:26:11.347785+00:00,2.258488
2025-08-16 16:26:24.082261+00:00,2.2584876
2025-08-16 16:26:37.009465+00:00,2.258488
2025-08-16 16:26:49.811111+00:00,2.2584875
2025-08-16 16:27:03.360653+00:00,2.2584873
2025-08-16 16:27:16.875101+00:00,2.2584879
2025-08-16 16:27:28.442438+00:00,2.2584879
2025-08-16 16:27:41.407176+00:00,2.2584881
2025-08-16 16:27:53.969331+00:00,2.2584872
2025-08-16 16:28:07.185643+00:00,2.258487
2025-08-16 16:28:19.545338+00:00,2.2584875
2025-08-16 16:28:32.543417+00:00,2.2584876
2025-08-16 16:28:45.651521+00:00,2.258488
2025-08-16 16:28:58.921351+00:00,2.2584875
2025-08-16 16:29:11.376427+00:00,2.2584872
2025-08-16 16:29:24.468517+00:00,2.2584877
2025-08-16 16:29:36.493279+00:00,2.2584879
2025-08-16 16:29:49.328840+00:00,2.258488
2025-08-16 16:30:02.298009+00:00,2.2584873
2025-08-16 16:30:16.448048+00:00,2.2584875
2025-08-16 16:30:28.257424+00:00,2.2584875
2025-08-16 16:30:40.569973+00:00,2.2584879
2025-08-16 16:30:53.447338+00:00,2.2584877
2025-08-16 16:31:06.376249+00:00,2.2584875
2025-08-16 16:31:23.008738+00:00,2.2584878
2025-08-16 16:31:32.301357+00:00,2.2584877
2025-08-16 16:31:44.540561+00:00,2.2584871
2025-08-16 16:31:57.630030+00:00,2.2584871
2025-08-16 16:32:10.878741+00:00,2.2584872
2025-08-16 16:32:24.581563+00:00,2.2584873
2025-08-16 16:32:37.568056+00:00,2.2584875
2025-08-16 16:32:50.128989+00:00,2.2584878
2025-08-16 16:33:03.854474+00:00,2.2584881
2025-08-16 16:33:16.359468+00:00,2.2584872
2025-08-16 16:33:31.707329+00:00,2.2584882
2025-08-16 16:33:42.112286+00:00,2.2584875
2025-08-16 16:33:57.639347+00:00,2.2584878
2025-08-16 16:34:09.219976+00:00,2.2584877
2025-08-16 16:34:21.377715+00:00,2.2584875
2025-08-16 16:34:34.033884+00:00,2.2584874
2025-08-16 16:34:47.098966+00:00,2.2584874
2025-08-16 16:34:59.753497+00:00,2.2584878
2025-08-16 16:35:12.827452+00:00,2.2584875
2025-08-16 16:35:25.663357+00:00,2.2584877
2025-08-16 16:35:39.990003+00:00,2.2584875
2025-08-16 16:35:50.910361+00:00,2.2584877
2025-08-16 16:36:04.641834+00:00,2.2584876
2025-08-16 16:36:16.545620+00:00,2.2584881
2025-08-16 16:36:29.245951+00:00,2.2584874
2025-08-16 16:36:41.761011+00:00,2.2584876
2025-08-16 16:36:54.805276+00:00,2.2584876
2025-08-16 16:37:08.567623+00:00,2.2584879
2025-08-16 16:37:21.612175+00:00,2.2584882
2025-08-16 16:37:33.852092+00:00,2.2584874
2025-08-16 16:37:46.225009+00:00,2.2584877
2025-08-16 16:37:59.821096+00:00,2.2584882
2025-08-16 16:38:13.205978+00:00,2.2584876
2025-08-16 16:38:25.599482+00:00,2.2584874
2025-08-16 16:38:37.116276+00:00,2.258488
2025-08-16 16:38:51.744055+00:00,2.2584882
2025-08-16 16:39:05.580793+00:00,2.2584877
2025-08-16 16:39:15.404833+00:00,2.2584871
2025-08-16 16:39:27.928326+00:00,2.2584879
2025-08-16 16:39:42.151938+00:00,2.2584873
2025-08-16 16:39:53.735177+00:00,2.2584873
2025-08-16 16:40:07.038988+00:00,2.2584876
2025-08-16 16:40:21.666556+00:00,2.2584875
2025-08-16 16:40:33.477211+00:00,2.2584873
2025-08-16 16:40:46.293254+00:00,2.2584878
2025-08-16 16:40:59.273063+00:00,2.2584877
2025-08-16 16:41:12.439733+00:00,2.2584878
2025-08-16 16:41:25.644388+00:00,2.2584873
2025-08-16 16:41:38.457454+00:00,2.2584879
2025-08-16 16:41:51.347719+00:00,2.2584874
2025-08-16 16:42:04.998408+00:00,2.258487
2025-08-16 16:42:18.663356+00:00,2.2584875
2025-08-16 16:42:30.272364+00:00,2.2584884
2025-08-16 16:42:45.104868+00:00,2.2584877
2025-08-16 16:42:57.239342+00:00,2.2584871
2025-08-16 16:43:09.598907+00:00,2.2584871
2025-08-16 16:43:21.646769+00:00,2.2584873
2025-08-16 16:43:34.433132+00:00,2.2584878
2025-08-16 16:43:54.673198+00:00,2.258488
2025-08-16 16:44:00.048395+00:00,2.258487
2025-08-16 16:44:21.576376+00:00,2.2584876
2025-08-16 16:44:25.762726+00:00,2.2584875
2025-08-16 16:44:40.100893+00:00,2.2584876
2025-08-16 16:44:55.738771+00:00,2.2584872
2025-08-16 16:45:04.674178+00:00,2.2584876
2025-08-16 16:45:17.237386+00:00,2.2584871
2025-08-16 16:45:30.065545+00:00,2.2584878
2025-08-16 16:45:42.422057+00:00,2.2584873
2025-08-16 16:45:56.201087+00:00,2.2584872
2025-08-16 16:46:08.370313+00:00,2.2584871
2025-08-16 16:46:20.889004+00:00,2.2584879
2025-08-16 16:46:35.270316+00:00,2.2584879
2025-08-16 16:46:46.686199+00:00,2.2584879
2025-08-16 16:46:59.436731+00:00,2.2584871
2025-08-16 16:47:12.205777+00:00,2.2584875
2025-08-16 16:47:25.378789+00:00,2.2584876
2025-08-16 16:47:38.136170+00:00,2.2584874
2025-08-16 16:47:51.199928+00:00,2.2584882
2025-08-16 16:48:04.598538+00:00,2.2584876
2025-08-16 16:48:17.484589+00:00,2.2584878
2025-08-16 16:48:30.906593+00:00,2.2584877
2025-08-16 16:48:43.862516+00:00,2.2584876
2025-08-16 16:48:57.276812+00:00,2.258488
2025-08-16 16:49:09.837173+00:00,2.2584876
2025-08-16 16:49:22.739282+00:00,2.2584871
2025-08-16 16:49:35.777108+00:00,2.2584876
2025-08-16 16:49:48.747237+00:00,2.2584878
2025-08-16 16:50:03.140744+00:00,2.2584874
2025-08-16 16:50:14.694232+00:00,2.2584877
2025-08-16 16:50:28.164261+00:00,2.2584881
2025-08-16 16:50:40.893951+00:00,2.2584872
2025-08-16 16:50:55.976288+00:00,2.2584873
2025-08-16 16:51:11.619177+00:00,2.2584877
2025-08-16 16:51:19.135107+00:00,2.2584878
2025-08-16 16:51:32.266890+00:00,2.2584881
2025-08-16 16:51:45.413136+00:00,2.2584879
2025-08-16 16:51:57.241347+00:00,2.2584876
2025-08-16 16:52:10.809297+00:00,2.2584872
2025-08-16 16:52:22.735341+00:00,2.2584876
2025-08-16 16:52:49.368237+00:00,2.2584876
2025-08-16 16:53:06.423127+00:00,2.2584883
2025-08-16 16:53:19.617294+00:00,2.2584878
2025-08-16 16:53:27.067044+00:00,2.2584874
2025-08-16 16:53:39.744888+00:00,2.2584882
2025-08-16 16:53:52.874531+00:00,2.2584878
2025-08-16 16:54:05.672410+00:00,2.2584875
2025-08-16 16:54:19.357241+00:00,2.2584874
2025-08-16 16:54:30.929519+00:00,2.2584879
2025-08-16 16:54:43.655830+00:00,2.2584875
2025-08-16 16:54:56.888882+00:00,2.2584873
2025-08-16 16:55:09.496593+00:00,2.2584872
2025-08-16 16:55:22.729701+00:00,2.2584871
2025-08-16 16:55:35.066134+00:00,2.258487
2025-08-16 16:55:48.119829+00:00,2.2584876
2025-08-16 16:56:01.294544+00:00,2.2584871
2025-08-16 16:56:13.965482+00:00,2.2584875
2025-08-16 16:56:29.719345+00:00,2.2584872
2025-08-16 16:56:40.655398+00:00,2.2584869
2025-08-16 16:56:53.172650+00:00,2.2584877
2025-08-16 16:57:08.268276+00:00,2.2584874
2025-08-16 16:57:32.411885+00:00,2.2584882
2025-08-16 16:57:44.941450+00:00,2.2584877
2025-08-16 16:58:06.692906+00:00,2.2584876
2025-08-16 16:58:12.965219+00:00,2.2584876
2025-08-16 16:58:23.731374+00:00,2.2584873
2025-08-16 16:58:37.173314+00:00,2.2584875
2025-08-16 16:58:49.591067+00:00,2.2584879
2025-08-16 16:59:03.929942+00:00,2.2584875
2025-08-16 16:59:15.914622+00:00,2.2584881
2025-08-16 16:59:31.030872+00:00,2.2584881
2025-08-16 16:59:42.458564+00:00,2.2584878
2025-08-16 16:59:54.062136+00:00,2.2584873
2025-08-16 17:00:06.871049+00:00,2.2584873
2025-08-16 17:00:20.296549+00:00,2.2584876
2025-08-16 17:00:45.329569+00:00,2.2584877
2025-08-16 17:00:57.902723+00:00,2.2584871
2025-08-16 17:01:10.812666+00:00,2.2584872
2025-08-16 17:01:23.490547+00:00,2.2584878
2025-08-16 17:01:37.544082+00:00,2.258488
2025-08-16 17:01:49.206986+00:00,2.2584875
2025-08-16 17:02:03.365565+00:00,2.2584877
2025-08-16 17:02:15.752114+00:00,2.258488
2025-08-16 17:02:27.728815+00:00,2.2584875
2025-08-16 17:02:43.873708+00:00,2.2584876
2025-08-16 17:02:53.054698+00:00,2.2584879
2025-08-16 17:03:07.042337+00:00,2.2584876
2025-08-16 17:03:18.800048+00:00,2.2584876
2025-08-16 17:03:37.555121+00:00,2.2584872
2025-08-16 17:03:57.244743+00:00,2.2584879
2025-08-16 17:04:22.305389+00:00,2.2584875
2025-08-16 17:04:35.466184+00:00,2.2584879
2025-08-16 17:04:48.790000+00:00,2.2584881
2025-08-16 17:05:01.668864+00:00,2.2584874
2025-08-16 17:05:14.623403+00:00,2.2584874
2025-08-16 17:05:28.414219+00:00,2.2584872
2025-08-16 17:05:41.063206+00:00,2.2584879
2025-08-16 17:05:53.659998+00:00,2.2584879
2025-08-16 17:06:07.156297+00:00,2.2584875
2025-08-16 17:06:20.018662+00:00,2.2584879
2025-08-16 17:06:32.797473+00:00,2.2584875
2025-08-16 17:06:46.119310+00:00,2.258488
2025-08-16 17:06:58.360501+00:00,2.2584872
2025-08-16 17:07:11.404592+00:00,2.258488
2025-08-16 17:07:25.019837+00:00,2.2584883
2025-08-16 17:07:38.386031+00:00,2.2584874
2025-08-16 17:08:06.054973+00:00,2.2584882
2025-08-16 17:08:16.496397+00:00,2.2584877
2025-08-16 17:08:28.109182+00:00,2.2584877
2025-08-16 17:08:41.575221+00:00,2.2584876
2025-08-16 17:08:54.501312+00:00,2.2584873
2025-08-16 17:09:07.441676+00:00,2.2584874
2025-08-16 17:09:19.899263+00:00,2.258488
2025-08-16 17:09:32.966125+00:00,2.2584879
2025-08-16 17:09:46.050160+00:00,2.2584876
2025-08-16 17:10:01.478951+00:00,2.2584878
2025-08-16 17:10:20.247751+00:00,2.2584878
2025-08-16 17:10:24.606911+00:00,2.258488
2025-08-16 17:10:37.038962+00:00,2.2584878
2025-08-16 17:10:49.850798+00:00,2.2584882
2025-08-16 17:11:04.339114+00:00,2.2584877
2025-08-16 17:11:15.909912+00:00,2.2584879
2025-08-16 17:11:27.817086+00:00,2.258488
2025-08-16 17:11:42.072310+00:00,2.2584875
2025-08-16 17:11:53.830367+00:00,2.2584882
2025-08-16 17:12:07.054954+00:00,2.2584877
2025-08-16 17:12:19.977276+00:00,2.2584873
2025-08-16 17:12:33.696417+00:00,2.2584879
2025-08-16 17:12:46.719802+00:00,2.2584875
2025-08-16 17:12:59.096668+00:00,2.2584875
2025-08-16 17:13:12.820582+00:00,2.2584877
2025-08-16 17:13:24.813241+00:00,2.2584877
2025-08-16 17:13:38.212898+00:00,2.2584871
2025-08-16 17:13:50.903746+00:00,2.2584874
2025-08-16 17:14:04.176249+00:00,2.2584871
2025-08-16 17:14:18.151731+00:00,2.2584873
2025-08-16 17:14:29.414259+00:00,2.2584878
2025-08-16 17:14:42.365662+00:00,2.2584879
2025-08-16 17:14:55.422926+00:00,2.2584872
2025-08-16 17:15:08.978476+00:00,2.2584872
2025-08-16 17:15:21.697869+00:00,2.2584877
2025-08-16 17:15:39.931945+00:00,2.2584873
2025-08-16 17:15:47.001777+00:00,2.2584883
2025-08-16 17:15:59.292499+00:00,2.2584874
2025-08-16 17:16:13.013728+00:00,2.2584874
2025-08-16 17:16:24.853467+00:00,2.258488
2025-08-16 17:16:37.660214+00:00,2.2584874
2025-08-16 17:16:50.536334+00:00,2.2584874
2025-08-16 17:17:04.415795+00:00,2.2584878
2025-08-16 17:17:17.780596+00:00,2.2584872
2025-08-16 17:17:29.633732+00:00,2.2584877
2025-08-16 17:17:47.229514+00:00,2.2584873
2025-08-16 17:17:55.894099+00:00,2.2584876
2025-08-16 17:18:08.361812+00:00,2.2584879
2025-08-16 17:18:21.545957+00:00,2.2584872
2025-08-16 17:18:34.052020+00:00,2.258488
2025-08-16 17:18:46.200246+00:00,2.2584877
2025-08-16 17:19:12.097119+00:00,2.2584874
2025-08-16 17:19:24.314728+00:00,2.2584877
2025-08-16 17:19:37.355651+00:00,2.2584881
2025-08-16 17:19:51.201312+00:00,2.2584876
2025-08-16 17:20:04.974961+00:00,2.2584879
2025-08-16 17:20:17.507643+00:00,2.2584875
2025-08-16 17:20:30.258532+00:00,2.2584875
2025-08-16 17:20:42.897669+00:00,2.2584872
2025-08-16 17:20:55.562290+00:00,2.2584871
2025-08-16 17:21:09.158164+00:00,2.2584877
2025-08-16 17:21:21.492344+00:00,2.2584877
2025-08-16 17:21:34.520734+00:00,2.2584881
2025-08-16 17:21:47.807278+00:00,2.258487
2025-08-16 17:22:00.432039+00:00,2.2584878
2025-08-16 17:22:14.090737+00:00,2.2584874
2025-08-16 17:22:26.022478+00:00,2.2584875
2025-08-16 17:22:38.960858+00:00,2.2584875
2025-08-16 17:22:51.919061+00:00,2.2584881
2025-08-16 17:23:04.579035+00:00,2.2584875
2025-08-16 17:23:18.170312+00:00,2.2584881
2025-08-16 17:23:30.430717+00:00,2.2584874
2025-08-16 17:23:42.933898+00:00,2.2584876
2025-08-16 17:23:55.411886+00:00,2.2584881
2025-08-16 17:24:11.410992+00:00,2.2584874
2025-08-16 17:24:20.995546+00:00,2.2584877
2025-08-16 17:24:34.679095+00:00,2.2584876
2025-08-16 17:24:59.829050+00:00,2.2584879
2025-08-16 17:25:13.292376+00:00,2.2584881
2025-08-16 17:25:25.945362+00:00,2.2584878
2025-08-16 17:25:38.753310+00:00,2.2584877
2025-08-16 17:25:51.648068+00:00,2.2584876
2025-08-16 17:26:03.673410+00:00,2.2584877
2025-08-16 17:26:16.658168+00:00,2.2584877
2025-08-16 17:26:28.942801+00:00,2.2584875
2025-08-16 17:26:42.405463+00:00,2.2584874
2025-08-16 17:27:07.633723+00:00,2.2584871
2025-08-16 17:27:20.434815+00:00,2.2584878
2025-08-16 17:27:33.781277+00:00,2.2584871
2025-08-16 17:27:46.745216+00:00,2.2584875
2025-08-16 17:27:59.468205+00:00,2.2584872
2025-08-16 17:28:13.566715+00:00,2.2584875
2025-08-16 17:28:25.631295+00:00,2.2584876
2025-08-16 17:28:38.740268+00:00,2.258488
2025-08-16 17:30:35.033866+00:00,2.2584878
2025-08-16 18:36:33.172936+00:00,2.2584878
2025-08-16 18:42:34.144937+00:00,2.2584865
2025-08-16 18:47:03.141290+00:00,2.258488
2025-08-16 18:47:30.003438+00:00,2.2584872
2025-08-16 18:48:22.808934+00:00,2.2584876
2025-08-16 18:51:34.013757+00:00,2.2584883
2025-08-16 18:52:12.237430+00:00,2.2584884
2025-08-16 18:53:06.793090+00:00,2.2584869
2025-08-16 18:53:15.916097+00:00,2.2584873
2025-08-16 18:54:19.520364+00:00,2.2584871
2025-08-16 18:54:34.414055+00:00,2.2584873
2025-08-16 18:54:45.590040+00:00,2.2584863
2025-08-16 18:54:58.372827+00:00,2.2584866
2025-08-16 18:55:11.897703+00:00,2.258486
2025-08-16 18:55:28.714317+00:00,2.2584866
2025-08-16 18:55:40.230070+00:00,2.2584877
2025-08-16 18:55:52.399384+00:00,2.258487
2025-08-16 18:56:44.170126+00:00,2.2584866
2025-08-16 18:57:34.088950+00:00,2.2584879
2025-08-16 18:57:58.845513+00:00,2.2584881
