time,counts_ratio
2025-06-22 06:28:10.864951+00:00,2.2584861
2025-06-22 06:29:33.061347+00:00,2.2584872
2025-06-22 06:29:40.127136+00:00,2.2584866
2025-06-22 06:30:06.548733+00:00,2.2584874
2025-06-22 06:30:19.344647+00:00,2.2584878
2025-06-22 06:30:31.708476+00:00,2.2584877
2025-06-22 06:30:56.708240+00:00,2.2584867
2025-06-22 06:31:34.979084+00:00,2.2584874
2025-06-22 06:31:47.766927+00:00,2.2584875
2025-06-22 06:32:00.352815+00:00,2.2584883
2025-06-22 06:32:12.627310+00:00,2.2584874
2025-06-22 06:32:25.501403+00:00,2.2584875
2025-06-22 06:32:38.947413+00:00,2.2584876
2025-06-22 06:34:05.488392+00:00,2.2584877
2025-06-22 06:34:43.501562+00:00,2.2584878
2025-06-22 06:34:55.977395+00:00,2.2584877
2025-06-22 06:35:21.922177+00:00,2.2584876
2025-06-22 06:35:46.960749+00:00,2.2584878
2025-06-22 06:36:11.893943+00:00,2.2584869
2025-06-22 06:36:24.469950+00:00,2.2584875
2025-06-22 06:36:44.871919+00:00,2.2584878
2025-06-22 06:37:05.009770+00:00,2.2584876
2025-06-22 06:37:15.162932+00:00,2.2584878
2025-06-22 06:37:27.795617+00:00,2.258487
2025-06-22 06:37:41.948240+00:00,2.2584876
2025-06-22 06:37:53.190717+00:00,2.2584874
2025-06-22 06:38:34.125088+00:00,2.2584882
2025-06-22 06:39:06.863289+00:00,2.2584875
2025-06-22 06:39:09.356337+00:00,2.258488
2025-06-22 06:39:21.291407+00:00,2.2584875
2025-06-22 06:39:34.465404+00:00,2.2584875
2025-06-22 06:39:47.238699+00:00,2.2584872
2025-06-22 06:40:11.880771+00:00,2.2584876
2025-06-22 06:40:24.755382+00:00,2.2584871
2025-06-22 06:40:37.363630+00:00,2.2584874
2025-06-22 06:40:57.910825+00:00,2.258488
2025-06-22 06:41:02.422168+00:00,2.2584874
2025-06-22 06:41:14.239393+00:00,2.2584875
2025-06-22 06:41:39.571135+00:00,2.2584877
2025-06-22 06:42:18.432095+00:00,2.2584877
2025-06-22 06:42:45.112503+00:00,2.2584874
2025-06-22 06:42:56.266973+00:00,2.2584873
2025-06-22 06:43:09.732186+00:00,2.2584879
2025-06-22 06:43:22.208126+00:00,2.2584875
2025-06-22 06:43:34.767226+00:00,2.2584873
2025-06-22 06:43:48.868514+00:00,2.2584872
2025-06-22 06:44:08.933155+00:00,2.2584877
2025-06-22 06:44:25.902882+00:00,2.2584873
2025-06-22 06:44:38.332068+00:00,2.2584877
2025-06-22 06:44:50.923316+00:00,2.2584878
2025-06-22 06:45:04.675408+00:00,2.2584876
2025-06-22 06:45:16.660233+00:00,2.2584874
2025-06-22 06:45:44.604428+00:00,2.2584876
2025-06-22 06:45:54.558679+00:00,2.2584877
2025-06-22 06:46:08.605170+00:00,2.2584872
2025-06-22 06:46:19.733131+00:00,2.2584872
2025-06-22 06:46:39.323224+00:00,2.2584873
2025-06-22 06:46:44.376278+00:00,2.2584878
2025-06-22 06:46:56.840279+00:00,2.2584881
2025-06-22 06:47:09.138691+00:00,2.2584871
2025-06-22 06:47:22.225958+00:00,2.2584873
2025-06-22 06:47:49.436644+00:00,2.2584873
2025-06-22 06:47:59.382086+00:00,2.2584881
2025-06-22 06:48:11.915665+00:00,2.2584877
2025-06-22 06:48:24.789821+00:00,2.2584874
2025-06-22 06:48:38.480587+00:00,2.2584874
2025-06-22 06:48:49.856100+00:00,2.2584871
2025-06-22 06:49:02.518728+00:00,2.258488
2025-06-22 06:49:15.032288+00:00,2.258487
2025-06-22 06:49:27.662195+00:00,2.2584875
2025-06-22 06:49:41.209778+00:00,2.2584872
2025-06-22 06:50:00.096782+00:00,2.258488
2025-06-22 06:50:08.982243+00:00,2.2584874
2025-06-22 06:50:18.007273+00:00,2.2584876
2025-06-22 06:50:30.731507+00:00,2.2584879
2025-06-22 06:50:55.564088+00:00,2.2584879
2025-06-22 06:51:20.855121+00:00,2.2584873
2025-06-22 06:51:46.872558+00:00,2.258487
2025-06-22 06:51:58.802487+00:00,2.2584871
2025-06-22 06:52:12.762584+00:00,2.2584874
2025-06-22 06:52:24.576431+00:00,2.2584867
2025-06-22 06:52:37.461445+00:00,2.2584878
2025-06-22 06:52:50.360144+00:00,2.2584878
2025-06-22 06:53:03.379642+00:00,2.2584879
2025-06-22 06:53:21.301084+00:00,2.2584876
2025-06-22 06:53:39.263474+00:00,2.2584877
2025-06-22 06:53:41.877236+00:00,2.258487
2025-06-22 06:53:57.510479+00:00,2.258488
2025-06-22 06:54:06.643389+00:00,2.2584875
2025-06-22 06:54:19.182304+00:00,2.2584876
2025-06-22 06:54:32.088717+00:00,2.2584871
2025-06-22 06:54:44.467507+00:00,2.2584872
2025-06-22 06:54:56.881574+00:00,2.2584882
2025-06-22 06:55:10.005676+00:00,2.2584877
2025-06-22 06:55:22.696901+00:00,2.2584875
2025-06-22 06:55:39.489262+00:00,2.258487
2025-06-22 06:55:48.482866+00:00,2.2584876
2025-06-22 06:56:00.716700+00:00,2.258487
2025-06-22 06:56:30.148977+00:00,2.2584874
2025-06-22 06:56:37.941719+00:00,2.2584876
2025-06-22 06:56:50.249955+00:00,2.2584871
2025-06-22 06:57:03.140319+00:00,2.258487
2025-06-22 06:57:16.281780+00:00,2.2584878
2025-06-22 06:57:28.914109+00:00,2.2584879
2025-06-22 06:57:40.287830+00:00,2.2584869
2025-06-22 06:57:55.406655+00:00,2.2584876
2025-06-22 06:58:43.531180+00:00,2.2584878
2025-06-22 06:58:56.122472+00:00,2.2584873
2025-06-22 06:59:08.955295+00:00,2.2584876
2025-06-22 06:59:21.548001+00:00,2.2584878
2025-06-22 06:59:34.112805+00:00,2.2584874
2025-06-22 06:59:47.012469+00:00,2.258487
2025-06-22 06:59:59.244280+00:00,2.2584876
2025-06-22 07:00:12.027263+00:00,2.2584873
2025-06-22 07:00:24.753701+00:00,2.2584878
2025-06-22 07:00:37.101471+00:00,2.2584879
2025-06-22 07:00:49.417365+00:00,2.2584878
2025-06-22 07:01:02.409124+00:00,2.2584874
2025-06-22 07:01:14.745315+00:00,2.2584871
2025-06-22 07:01:39.766264+00:00,2.258488
2025-06-22 07:01:57.910838+00:00,2.2584875
2025-06-22 07:02:29.858784+00:00,2.2584875
2025-06-22 07:02:42.576821+00:00,2.2584872
2025-06-22 07:03:54.387427+00:00,2.2584877
2025-06-22 07:04:00.196739+00:00,2.2584874
2025-06-22 07:04:28.830706+00:00,2.2584874
2025-06-22 07:04:52.798974+00:00,2.2584872
2025-06-22 07:05:13.812645+00:00,2.2584872
2025-06-22 07:05:17.306580+00:00,2.2584874
2025-06-22 07:06:07.978166+00:00,2.2584874
2025-06-22 07:07:08.988647+00:00,2.2584874
2025-06-22 07:07:11.064921+00:00,2.2584873
2025-06-22 07:07:28.498995+00:00,2.258488
2025-06-22 07:07:34.901267+00:00,2.2584878
2025-06-22 07:07:47.720502+00:00,2.2584874
2025-06-22 07:08:00.574311+00:00,2.2584879
2025-06-22 07:08:12.834804+00:00,2.2584876
2025-06-22 07:08:26.671565+00:00,2.2584878
2025-06-22 07:08:38.586555+00:00,2.2584881
2025-06-22 07:08:50.770667+00:00,2.2584878
2025-06-22 07:09:03.817538+00:00,2.2584875
2025-06-22 07:09:16.299201+00:00,2.258487
2025-06-22 07:09:28.869711+00:00,2.2584871
2025-06-22 07:09:41.203725+00:00,2.258487
2025-06-22 07:09:53.998021+00:00,2.2584875
2025-06-22 07:10:07.027858+00:00,2.2584873
2025-06-22 07:10:19.251797+00:00,2.2584874
2025-06-22 07:10:34.179958+00:00,2.2584871
2025-06-22 07:10:44.038061+00:00,2.2584877
2025-06-22 07:10:57.208421+00:00,2.2584871
2025-06-22 07:11:21.516089+00:00,2.2584877
2025-06-22 07:11:35.120203+00:00,2.2584873
2025-06-22 07:11:47.954461+00:00,2.2584876
2025-06-22 07:12:01.308845+00:00,2.2584877
2025-06-22 07:12:12.315778+00:00,2.2584875
2025-06-22 07:12:24.454570+00:00,2.2584869
2025-06-22 07:12:38.067514+00:00,2.2584876
2025-06-22 07:12:49.563158+00:00,2.258487
2025-06-22 07:13:02.801170+00:00,2.2584879
2025-06-22 07:13:15.965799+00:00,2.2584873
2025-06-22 07:13:28.725952+00:00,2.2584872
2025-06-22 07:13:40.669770+00:00,2.2584874
2025-06-22 07:14:07.899668+00:00,2.2584873
2025-06-22 07:14:20.201380+00:00,2.2584878
2025-06-22 07:14:34.513971+00:00,2.2584873
2025-06-22 07:14:48.322795+00:00,2.2584876
2025-06-22 07:14:57.179632+00:00,2.2584871
2025-06-22 07:15:10.255070+00:00,2.2584877
2025-06-22 07:15:22.863865+00:00,2.258488
2025-06-22 07:15:36.070455+00:00,2.2584876
2025-06-22 07:15:48.394572+00:00,2.2584877
2025-06-22 07:16:00.970721+00:00,2.2584872
2025-06-22 07:16:13.240802+00:00,2.258488
2025-06-22 07:16:29.404596+00:00,2.2584868
2025-06-22 07:16:38.754267+00:00,2.2584877
2025-06-22 07:17:09.280837+00:00,2.2584877
2025-06-22 07:17:23.752939+00:00,2.2584873
2025-06-22 07:17:29.211328+00:00,2.2584875
2025-06-22 07:18:06.867277+00:00,2.2584875
2025-06-22 07:18:19.051826+00:00,2.2584872
2025-06-22 07:18:31.807154+00:00,2.2584878
2025-06-22 07:19:04.642359+00:00,2.2584874
2025-06-22 07:19:09.833596+00:00,2.2584874
2025-06-22 07:19:24.150968+00:00,2.2584875
2025-06-22 07:19:37.813002+00:00,2.2584877
2025-06-22 07:19:55.398993+00:00,2.2584876
2025-06-22 07:20:03.273778+00:00,2.2584874
2025-06-22 07:20:37.831325+00:00,2.2584873
2025-06-22 07:21:27.489235+00:00,2.2584879
2025-06-22 07:21:43.069738+00:00,2.2584877
2025-06-22 07:21:52.670106+00:00,2.2584867
2025-06-22 07:22:05.625212+00:00,2.2584869
2025-06-22 07:22:24.652419+00:00,2.2584872
2025-06-22 07:22:30.595149+00:00,2.2584874
2025-06-22 07:22:44.868692+00:00,2.258488
2025-06-22 07:23:04.694569+00:00,2.2584874
2025-06-22 07:23:08.684299+00:00,2.2584876
2025-06-22 07:23:21.051331+00:00,2.2584876
2025-06-22 07:23:51.912666+00:00,2.2584867
2025-06-22 07:23:59.680848+00:00,2.2584877
2025-06-22 07:24:12.700053+00:00,2.2584873
2025-06-22 07:24:25.635138+00:00,2.2584874
2025-06-22 07:24:41.104027+00:00,2.2584867
2025-06-22 07:25:01.208560+00:00,2.2584877
2025-06-22 07:25:04.241364+00:00,2.2584874
2025-06-22 07:25:16.634071+00:00,2.2584874
2025-06-22 07:25:29.324037+00:00,2.2584871
2025-06-22 07:25:42.332633+00:00,2.2584871
2025-06-22 07:26:35.838851+00:00,2.2584873
2025-06-22 07:26:45.471108+00:00,2.2584879
2025-06-22 07:27:03.763450+00:00,2.2584872
2025-06-22 07:27:12.034470+00:00,2.2584874
2025-06-22 07:27:23.699855+00:00,2.2584872
2025-06-22 07:27:36.718136+00:00,2.2584873
2025-06-22 07:27:48.699831+00:00,2.2584875
2025-06-22 07:28:01.236376+00:00,2.2584874
2025-06-22 07:28:13.272029+00:00,2.2584876
2025-06-22 07:28:25.515907+00:00,2.2584873
2025-06-22 07:28:38.097299+00:00,2.2584875
2025-06-22 07:28:50.530104+00:00,2.2584878
2025-06-22 07:29:03.705885+00:00,2.258487
2025-06-22 07:29:16.507494+00:00,2.2584871
2025-06-22 07:29:28.823713+00:00,2.2584875
2025-06-22 07:29:42.020019+00:00,2.2584878
2025-06-22 07:30:16.490084+00:00,2.2584873
2025-06-22 07:30:21.562367+00:00,2.2584874
2025-06-22 07:30:32.011276+00:00,2.2584873
2025-06-22 07:30:46.293760+00:00,2.258487
2025-06-22 07:32:19.639339+00:00,2.2584875
2025-06-22 07:32:25.220687+00:00,2.2584875
2025-06-22 07:32:38.543123+00:00,2.258487
2025-06-22 07:33:15.050794+00:00,2.2584872
2025-06-22 07:33:29.094022+00:00,2.2584871
2025-06-22 07:33:43.435884+00:00,2.258487
2025-06-22 07:33:53.171700+00:00,2.2584878
2025-06-22 07:34:06.363187+00:00,2.2584874
2025-06-22 07:34:19.178230+00:00,2.2584876
2025-06-22 07:34:35.534798+00:00,2.2584877
2025-06-22 07:34:49.254058+00:00,2.2584869
2025-06-22 07:34:57.311427+00:00,2.2584876
2025-06-22 07:35:11.506125+00:00,2.2584873
2025-06-22 07:35:23.069442+00:00,2.2584874
2025-06-22 07:35:36.295569+00:00,2.2584875
2025-06-22 07:35:54.524216+00:00,2.2584874
2025-06-22 07:36:07.460232+00:00,2.2584874
2025-06-22 07:37:55.553500+00:00,2.2584875
2025-06-22 07:38:32.605083+00:00,2.2584876
2025-06-22 07:38:44.856385+00:00,2.2584876
2025-06-22 07:38:57.457262+00:00,2.2584875
2025-06-22 07:39:19.079859+00:00,2.2584872
2025-06-22 07:39:23.324037+00:00,2.2584873
2025-06-22 07:39:35.290739+00:00,2.2584869
2025-06-22 07:39:48.546593+00:00,2.2584875
2025-06-22 07:40:00.678587+00:00,2.2584876
2025-06-22 07:40:13.496423+00:00,2.2584871
2025-06-22 07:40:26.311435+00:00,2.2584875
2025-06-22 07:40:39.116664+00:00,2.2584871
2025-06-22 07:40:51.077886+00:00,2.2584868
2025-06-22 07:41:03.966797+00:00,2.2584877
2025-06-22 07:41:16.544694+00:00,2.2584871
2025-06-22 07:41:29.069503+00:00,2.2584871
2025-06-22 07:41:41.178545+00:00,2.2584869
2025-06-22 07:41:53.789752+00:00,2.2584879
2025-06-22 07:42:06.818667+00:00,2.2584872
2025-06-22 07:42:19.669988+00:00,2.2584873
2025-06-22 07:42:32.211311+00:00,2.2584876
2025-06-22 07:42:44.159469+00:00,2.2584872
2025-06-22 07:42:56.739210+00:00,2.2584873
2025-06-22 07:43:10.873190+00:00,2.2584873
2025-06-22 07:44:10.964967+00:00,2.2584871
2025-06-22 07:44:13.544197+00:00,2.2584875
2025-06-22 07:44:26.124176+00:00,2.2584878
2025-06-22 07:44:38.999813+00:00,2.2584871
2025-06-22 07:44:58.415392+00:00,2.2584875
2025-06-22 07:45:05.012123+00:00,2.2584873
2025-06-22 07:45:22.372792+00:00,2.2584877
2025-06-22 07:45:30.971444+00:00,2.2584876
2025-06-22 07:45:43.342411+00:00,2.2584877
2025-06-22 07:45:55.762080+00:00,2.2584877
2025-06-22 07:46:12.043598+00:00,2.2584878
2025-06-22 07:46:21.785770+00:00,2.2584878
2025-06-22 07:46:34.365459+00:00,2.2584877
2025-06-22 07:46:49.211734+00:00,2.2584872
2025-06-22 07:46:59.902004+00:00,2.2584872
2025-06-22 07:47:14.692578+00:00,2.2584874
2025-06-22 07:47:24.519454+00:00,2.2584874
2025-06-22 07:47:37.256722+00:00,2.2584878
2025-06-22 07:47:50.326909+00:00,2.2584871
2025-06-22 07:48:03.551243+00:00,2.2584877
2025-06-22 07:48:14.809119+00:00,2.2584877
2025-06-22 07:48:27.253087+00:00,2.2584876
2025-06-22 07:48:40.171925+00:00,2.2584874
2025-06-22 07:49:29.829270+00:00,2.258487
2025-06-22 07:49:42.692323+00:00,2.2584872
2025-06-22 07:49:56.440889+00:00,2.2584876
2025-06-22 07:50:17.122079+00:00,2.2584874
2025-06-22 07:50:23.782966+00:00,2.2584871
2025-06-22 07:50:37.314745+00:00,2.2584873
2025-06-22 07:51:12.081904+00:00,2.2584874
2025-06-22 07:51:23.485139+00:00,2.2584876
2025-06-22 07:51:36.356770+00:00,2.2584872
2025-06-22 07:51:53.631838+00:00,2.2584871
2025-06-22 07:52:17.081306+00:00,2.2584877
2025-06-22 07:52:26.781437+00:00,2.2584875
2025-06-22 07:52:38.873566+00:00,2.2584876
2025-06-22 07:52:55.158818+00:00,2.258487
2025-06-22 07:53:10.326194+00:00,2.2584871
2025-06-22 07:53:16.785272+00:00,2.2584878
2025-06-22 07:53:28.700332+00:00,2.2584878
2025-06-22 07:53:45.862710+00:00,2.2584876
2025-06-22 07:53:54.705888+00:00,2.2584878
2025-06-22 07:54:06.612174+00:00,2.2584875
2025-06-22 07:54:20.451107+00:00,2.2584872
2025-06-22 07:54:36.435840+00:00,2.2584873
2025-06-22 07:54:59.473758+00:00,2.2584874
2025-06-22 07:55:52.919940+00:00,2.2584875
2025-06-22 07:56:14.906533+00:00,2.2584869
2025-06-22 07:58:59.849279+00:00,2.2584872
2025-06-22 07:59:12.988257+00:00,2.2584876
2025-06-22 07:59:24.779563+00:00,2.2584874
2025-06-22 07:59:37.651344+00:00,2.2584869
2025-06-22 07:59:51.454658+00:00,2.2584877
2025-06-22 08:00:12.463907+00:00,2.2584876
2025-06-22 08:01:06.586909+00:00,2.258487
2025-06-22 08:02:51.221488+00:00,2.258487
2025-06-22 08:03:07.027410+00:00,2.2584872
2025-06-22 08:03:24.934132+00:00,2.2584878
2025-06-22 08:03:39.050217+00:00,2.2584875
2025-06-22 08:03:50.424901+00:00,2.2584877
2025-06-22 08:04:02.944017+00:00,2.258487
2025-06-22 08:04:34.972933+00:00,2.2584879
2025-06-22 08:04:40.794899+00:00,2.258487
2025-06-22 08:05:06.990401+00:00,2.2584873
2025-06-22 08:05:19.557890+00:00,2.2584879
2025-06-22 08:06:10.582572+00:00,2.2584876
2025-06-22 08:06:23.141311+00:00,2.2584879
2025-06-22 08:06:36.279687+00:00,2.2584874
2025-06-22 08:06:49.247153+00:00,2.2584871
2025-06-22 08:07:01.550330+00:00,2.2584868
2025-06-22 08:07:14.158540+00:00,2.2584868
2025-06-22 08:07:26.758377+00:00,2.2584874
2025-06-22 08:07:39.539110+00:00,2.2584871
2025-06-22 08:07:52.254629+00:00,2.2584876
2025-06-22 08:08:06.853535+00:00,2.2584874
2025-06-22 08:08:17.943375+00:00,2.2584878
2025-06-22 08:08:30.200543+00:00,2.2584867
2025-06-22 08:08:44.036141+00:00,2.2584877
2025-06-22 08:09:09.994084+00:00,2.2584873
2025-06-22 08:09:24.160917+00:00,2.2584876
2025-06-22 08:09:32.250335+00:00,2.2584874
2025-06-22 08:09:45.201421+00:00,2.2584879
2025-06-22 08:09:57.573292+00:00,2.2584875
2025-06-22 08:10:11.903099+00:00,2.2584872
2025-06-22 08:10:23.459257+00:00,2.2584876
2025-06-22 08:10:37.474169+00:00,2.2584878
2025-06-22 08:10:48.799243+00:00,2.2584872
2025-06-22 08:11:01.138714+00:00,2.2584876
2025-06-22 08:11:13.763964+00:00,2.2584875
2025-06-22 08:11:26.494249+00:00,2.2584874
2025-06-22 08:11:38.543803+00:00,2.2584875
2025-06-22 08:11:51.212306+00:00,2.2584871
2025-06-22 08:12:04.048231+00:00,2.258487
2025-06-22 08:12:17.110153+00:00,2.2584877
2025-06-22 08:12:28.854172+00:00,2.2584876
2025-06-22 08:12:41.326467+00:00,2.2584876
2025-06-22 08:12:53.897600+00:00,2.2584876
2025-06-22 08:13:06.995031+00:00,2.2584874
2025-06-22 08:13:19.565260+00:00,2.2584874
2025-06-22 08:13:32.759006+00:00,2.2584865
2025-06-22 08:14:12.182399+00:00,2.2584878
2025-06-22 08:15:26.151750+00:00,2.2584877
2025-06-22 08:15:53.045843+00:00,2.2584871
2025-06-22 08:16:26.577863+00:00,2.2584875
2025-06-22 08:16:29.578638+00:00,2.258487
2025-06-22 08:16:55.018299+00:00,2.2584873
2025-06-22 08:17:08.956111+00:00,2.2584877
2025-06-22 08:17:20.327250+00:00,2.2584874
2025-06-22 08:17:33.184054+00:00,2.2584877
2025-06-22 08:18:25.016589+00:00,2.2584877
2025-06-22 08:20:18.269286+00:00,2.2584874
2025-06-22 08:20:30.170647+00:00,2.2584872
2025-06-22 08:20:41.843801+00:00,2.2584872
2025-06-22 08:20:53.897380+00:00,2.2584869
2025-06-22 08:21:06.785540+00:00,2.2584877
2025-06-22 08:21:19.806682+00:00,2.2584873
2025-06-22 08:21:32.296197+00:00,2.2584869
2025-06-22 08:21:44.441491+00:00,2.2584877
2025-06-22 08:21:57.097322+00:00,2.2584877
2025-06-22 08:22:10.008519+00:00,2.258487
2025-06-22 08:22:22.305466+00:00,2.2584869
2025-06-22 08:22:34.536758+00:00,2.2584873
2025-06-22 08:22:47.357441+00:00,2.2584873
2025-06-22 08:22:59.794809+00:00,2.2584869
2025-06-22 08:23:12.892094+00:00,2.2584872
2025-06-22 08:23:25.112338+00:00,2.258487
2025-06-22 08:23:37.664633+00:00,2.2584875
2025-06-22 08:23:50.228747+00:00,2.2584875
2025-06-22 08:24:03.648381+00:00,2.2584876
2025-06-22 08:24:16.142535+00:00,2.2584877
2025-06-22 08:24:45.229151+00:00,2.2584869
2025-06-22 08:24:54.907958+00:00,2.2584871
2025-06-22 08:25:07.408853+00:00,2.2584873
2025-06-22 08:25:19.980505+00:00,2.258487
2025-06-22 08:25:34.930194+00:00,2.2584877
2025-06-22 08:25:46.110873+00:00,2.2584868
2025-06-22 08:25:57.967807+00:00,2.2584872
2025-06-22 08:26:11.032031+00:00,2.2584878
2025-06-22 08:26:23.470240+00:00,2.258487
2025-06-22 08:26:36.050238+00:00,2.2584873
2025-06-22 08:26:50.295400+00:00,2.2584875
2025-06-22 08:27:01.968470+00:00,2.2584872
2025-06-22 08:27:14.435913+00:00,2.2584871
2025-06-22 08:27:27.420131+00:00,2.2584874
2025-06-22 08:27:39.668232+00:00,2.258487
2025-06-22 08:27:52.951125+00:00,2.2584876
2025-06-22 08:28:06.508027+00:00,2.258487
2025-06-22 08:28:17.382764+00:00,2.2584872
2025-06-22 08:28:29.613401+00:00,2.2584872
2025-06-22 08:28:42.049202+00:00,2.2584875
2025-06-22 08:28:55.777122+00:00,2.2584877
2025-06-22 08:29:07.700508+00:00,2.2584878
2025-06-22 08:29:21.005445+00:00,2.2584876
2025-06-22 08:29:34.089436+00:00,2.2584877
2025-06-22 08:29:51.062060+00:00,2.2584875
2025-06-22 08:30:05.112540+00:00,2.2584876
2025-06-22 08:30:18.228533+00:00,2.2584875
2025-06-22 08:30:49.492780+00:00,2.2584871
2025-06-22 08:31:01.295789+00:00,2.2584868
2025-06-22 08:31:13.361847+00:00,2.2584876
2025-06-22 08:31:25.357419+00:00,2.2584873
2025-06-22 08:31:38.093583+00:00,2.2584878
2025-06-22 08:32:16.725383+00:00,2.2584872
2025-06-22 08:32:53.258888+00:00,2.2584875
2025-06-22 08:33:07.416575+00:00,2.2584876
2025-06-22 08:33:19.382258+00:00,2.2584875
2025-06-22 08:33:32.432670+00:00,2.2584877
2025-06-22 08:33:45.324099+00:00,2.2584871
2025-06-22 08:33:57.998785+00:00,2.258488
2025-06-22 08:34:11.940398+00:00,2.2584871
2025-06-22 08:34:23.800358+00:00,2.2584872
2025-06-22 08:34:36.607409+00:00,2.2584874
2025-06-22 08:34:52.001446+00:00,2.2584877
2025-06-22 08:35:05.624061+00:00,2.258487
2025-06-22 08:36:05.450932+00:00,2.2584875
2025-06-22 08:36:18.783505+00:00,2.2584872
2025-06-22 08:36:30.687272+00:00,2.2584874
2025-06-22 08:36:44.317693+00:00,2.2584868
2025-06-22 08:36:56.212670+00:00,2.2584869
2025-06-22 08:37:09.320540+00:00,2.2584876
2025-06-22 08:37:21.697779+00:00,2.2584872
2025-06-22 08:37:33.627795+00:00,2.2584874
2025-06-22 08:37:46.062817+00:00,2.2584875
2025-06-22 08:37:59.085130+00:00,2.2584875
2025-06-22 08:38:11.048470+00:00,2.2584869
2025-06-22 08:38:23.691384+00:00,2.2584874
2025-06-22 08:38:36.703002+00:00,2.2584878
2025-06-22 08:38:49.016967+00:00,2.2584876
2025-06-22 08:39:01.649598+00:00,2.258488
2025-06-22 08:39:13.816018+00:00,2.2584869
2025-06-22 08:39:26.342433+00:00,2.2584873
2025-06-22 08:39:39.934187+00:00,2.2584868
2025-06-22 08:39:51.414041+00:00,2.2584872
2025-06-22 08:40:04.587178+00:00,2.2584867
2025-06-22 08:40:19.295266+00:00,2.2584873
2025-06-22 08:40:30.054532+00:00,2.2584872
2025-06-22 08:40:51.649023+00:00,2.2584877
2025-06-22 08:40:54.110481+00:00,2.2584878
2025-06-22 08:41:06.872102+00:00,2.2584874
2025-06-22 08:41:19.415772+00:00,2.2584879
2025-06-22 08:41:32.020805+00:00,2.2584878
2025-06-22 08:41:44.420519+00:00,2.2584878
2025-06-22 08:41:56.917801+00:00,2.2584873
2025-06-22 08:42:09.662837+00:00,2.2584878
2025-06-22 08:42:34.861499+00:00,2.2584873
2025-06-22 08:42:49.449718+00:00,2.2584874
2025-06-22 08:43:00.167468+00:00,2.258487
2025-06-22 08:43:14.181156+00:00,2.2584876
2025-06-22 08:43:25.321742+00:00,2.2584874
2025-06-22 08:43:37.981336+00:00,2.258488
2025-06-22 08:43:50.984891+00:00,2.2584871
2025-06-22 08:44:04.632911+00:00,2.2584873
2025-06-22 08:44:17.083802+00:00,2.2584879
2025-06-22 08:44:29.595439+00:00,2.2584873
2025-06-22 08:44:42.460018+00:00,2.2584868
2025-06-22 08:44:55.089063+00:00,2.2584874
2025-06-22 08:45:44.090954+00:00,2.258487
2025-06-22 08:45:46.418783+00:00,2.2584879
2025-06-22 08:45:58.319595+00:00,2.2584868
2025-06-22 08:46:11.550432+00:00,2.2584872
2025-06-22 08:46:23.935303+00:00,2.2584866
2025-06-22 08:46:51.975575+00:00,2.2584877
2025-06-22 08:47:02.908505+00:00,2.2584875
2025-06-22 08:47:14.970160+00:00,2.2584879
2025-06-22 08:47:38.552523+00:00,2.2584875
2025-06-22 08:47:39.248687+00:00,2.2584877
2025-06-22 08:47:51.972693+00:00,2.2584873
2025-06-22 08:48:04.110332+00:00,2.2584872
2025-06-22 08:48:18.344074+00:00,2.2584879
2025-06-22 08:48:28.949188+00:00,2.2584874
2025-06-22 08:48:41.393736+00:00,2.2584873
2025-06-22 08:48:53.825270+00:00,2.2584877
2025-06-22 08:49:07.316241+00:00,2.2584869
2025-06-22 08:49:19.391305+00:00,2.2584872
2025-06-22 08:49:32.601720+00:00,2.2584871
2025-06-22 08:49:44.752654+00:00,2.2584875
2025-06-22 08:49:57.309662+00:00,2.2584878
2025-06-22 08:50:10.537345+00:00,2.2584869
2025-06-22 08:50:23.491624+00:00,2.2584875
2025-06-22 08:50:36.444409+00:00,2.2584871
2025-06-22 08:50:48.918359+00:00,2.2584872
2025-06-22 08:51:01.192635+00:00,2.258487
2025-06-22 08:51:14.653783+00:00,2.2584874
2025-06-22 08:51:25.987188+00:00,2.2584877
2025-06-22 08:51:38.386422+00:00,2.258488
2025-06-22 08:52:09.349745+00:00,2.2584869
2025-06-22 08:52:16.615466+00:00,2.2584876
2025-06-22 08:52:28.936775+00:00,2.2584874
2025-06-22 08:52:41.682771+00:00,2.2584874
2025-06-22 08:52:57.265791+00:00,2.2584874
2025-06-22 08:53:07.085870+00:00,2.2584877
2025-06-22 08:53:19.777029+00:00,2.258488
2025-06-22 08:53:32.744007+00:00,2.258487
2025-06-22 08:53:45.742661+00:00,2.2584875
2025-06-22 08:54:09.702515+00:00,2.2584876
2025-06-22 08:54:11.652291+00:00,2.2584875
2025-06-22 08:54:28.943260+00:00,2.2584874
2025-06-22 08:54:36.486773+00:00,2.2584873
2025-06-22 08:54:49.493733+00:00,2.2584872
2025-06-22 08:55:02.590749+00:00,2.258487
2025-06-22 08:55:15.187979+00:00,2.2584869
2025-06-22 08:55:27.903391+00:00,2.258487
2025-06-22 08:56:06.364814+00:00,2.2584876
2025-06-22 08:56:31.698636+00:00,2.2584874
2025-06-22 08:56:44.057961+00:00,2.2584868
2025-06-22 08:57:10.216488+00:00,2.2584869
2025-06-22 08:57:35.211664+00:00,2.2584878
2025-06-22 08:57:47.788701+00:00,2.2584875
2025-06-22 08:57:59.949000+00:00,2.2584871
2025-06-22 08:58:12.503923+00:00,2.2584871
2025-06-22 08:58:24.455806+00:00,2.2584874
2025-06-22 08:58:36.979967+00:00,2.2584869
2025-06-22 08:58:49.715349+00:00,2.2584876
2025-06-22 08:59:02.365186+00:00,2.2584875
2025-06-22 08:59:14.822479+00:00,2.2584872
2025-06-22 08:59:27.906384+00:00,2.2584877
2025-06-22 08:59:40.196429+00:00,2.2584875
2025-06-22 08:59:54.086573+00:00,2.2584876
2025-06-22 09:00:07.544720+00:00,2.2584867
2025-06-22 09:00:18.808954+00:00,2.2584875
2025-06-22 09:00:31.385154+00:00,2.2584869
2025-06-22 09:00:43.658878+00:00,2.2584867
2025-06-22 09:01:09.227444+00:00,2.2584875
2025-06-22 09:01:46.607423+00:00,2.2584872
2025-06-22 09:02:04.988858+00:00,2.2584869
2025-06-22 09:02:13.900913+00:00,2.2584878
2025-06-22 09:02:36.751313+00:00,2.2584879
2025-06-22 09:02:51.504416+00:00,2.2584875
2025-06-22 09:03:02.730700+00:00,2.2584873
2025-06-22 09:04:43.294642+00:00,2.2584873
2025-06-22 09:06:02.033138+00:00,2.258487
2025-06-22 09:06:13.571496+00:00,2.2584873
2025-06-22 09:06:26.032271+00:00,2.2584877
2025-06-22 09:06:38.647065+00:00,2.258487
2025-06-22 09:06:51.079924+00:00,2.258487
2025-06-22 09:07:04.305584+00:00,2.2584874
2025-06-22 09:08:01.252351+00:00,2.2584869
2025-06-22 09:08:08.262489+00:00,2.2584871
2025-06-22 09:08:37.176901+00:00,2.2584876
2025-06-22 09:08:45.856407+00:00,2.2584875
2025-06-22 09:08:57.606424+00:00,2.2584872
2025-06-22 09:09:10.519996+00:00,2.2584875
2025-06-22 09:09:22.681662+00:00,2.2584875
2025-06-22 09:09:35.359410+00:00,2.2584876
2025-06-22 09:09:48.099413+00:00,2.2584873
2025-06-22 09:10:00.960030+00:00,2.2584875
2025-06-22 09:10:14.060760+00:00,2.2584873
2025-06-22 09:10:26.857903+00:00,2.2584876
2025-06-22 09:10:39.333176+00:00,2.2584872
2025-06-22 09:11:17.076373+00:00,2.2584876
2025-06-22 09:11:29.389635+00:00,2.2584875
2025-06-22 09:11:43.114911+00:00,2.2584871
2025-06-22 09:11:58.599307+00:00,2.258487
2025-06-22 09:12:11.482657+00:00,2.258487
2025-06-22 09:12:20.522904+00:00,2.2584869
2025-06-22 09:12:32.638847+00:00,2.2584877
2025-06-22 09:12:44.463409+00:00,2.2584875
2025-06-22 09:12:57.432543+00:00,2.2584868
2025-06-22 09:13:16.846526+00:00,2.2584873
2025-06-22 09:13:22.889780+00:00,2.2584876
2025-06-22 09:13:34.985046+00:00,2.2584876
2025-06-22 09:13:51.803347+00:00,2.2584871
2025-06-22 09:14:00.818957+00:00,2.258487
2025-06-22 09:14:12.154291+00:00,2.2584876
2025-06-22 09:14:37.314055+00:00,2.2584879
2025-06-22 09:14:50.022266+00:00,2.2584876
2025-06-22 09:15:11.101212+00:00,2.2584868
2025-06-22 09:15:16.714676+00:00,2.2584871
2025-06-22 09:15:29.634729+00:00,2.2584873
2025-06-22 09:15:42.011638+00:00,2.258487
2025-06-22 09:15:54.595004+00:00,2.2584874
2025-06-22 09:16:08.893269+00:00,2.2584872
2025-06-22 09:16:21.148922+00:00,2.258487
2025-06-22 09:16:33.502841+00:00,2.2584873
2025-06-22 09:16:45.742472+00:00,2.2584871
2025-06-22 09:16:58.278461+00:00,2.258487
2025-06-22 09:17:11.691582+00:00,2.2584872
2025-06-22 09:17:23.769373+00:00,2.2584866
2025-06-22 09:17:36.634649+00:00,2.2584869
2025-06-22 09:17:49.305556+00:00,2.2584874
2025-06-22 09:18:01.973132+00:00,2.2584871
2025-06-22 09:18:27.083970+00:00,2.2584871
2025-06-22 09:18:39.700694+00:00,2.2584871
2025-06-22 09:18:52.513234+00:00,2.258487
2025-06-22 09:19:05.471216+00:00,2.2584873
2025-06-22 09:19:18.645118+00:00,2.258487
2025-06-22 09:19:29.957093+00:00,2.2584874
2025-06-22 09:19:42.312223+00:00,2.2584873
2025-06-22 09:19:56.906455+00:00,2.2584877
2025-06-22 09:20:08.082966+00:00,2.258488
2025-06-22 09:20:21.219903+00:00,2.2584878
2025-06-22 09:20:33.319749+00:00,2.258487
2025-06-22 09:20:45.668382+00:00,2.2584874
2025-06-22 09:20:57.855471+00:00,2.2584868
2025-06-22 09:21:23.707407+00:00,2.2584873
2025-06-22 09:21:35.930062+00:00,2.258487
2025-06-22 09:21:48.468129+00:00,2.2584872
2025-06-22 09:22:01.626713+00:00,2.2584872
2025-06-22 09:22:38.513517+00:00,2.258488
2025-06-22 09:22:51.173055+00:00,2.2584875
2025-06-22 09:23:05.109211+00:00,2.2584871
2025-06-22 09:23:16.940209+00:00,2.2584874
2025-06-22 09:23:35.435843+00:00,2.2584873
2025-06-22 09:23:41.346595+00:00,2.2584871
2025-06-22 09:24:46.224348+00:00,2.2584878
2025-06-22 09:24:58.215979+00:00,2.2584876
2025-06-22 09:25:52.952523+00:00,2.2584876
2025-06-22 09:26:02.862033+00:00,2.2584872
2025-06-22 09:26:15.437051+00:00,2.2584874
2025-06-22 09:26:28.010471+00:00,2.2584877
2025-06-22 09:27:06.723449+00:00,2.2584871
2025-06-22 09:27:19.159378+00:00,2.2584879
2025-06-22 09:27:32.044688+00:00,2.2584872
2025-06-22 09:27:44.278366+00:00,2.2584877
2025-06-22 09:27:57.492312+00:00,2.2584869
2025-06-22 09:28:11.632037+00:00,2.258487
2025-06-22 09:28:21.670653+00:00,2.2584874
2025-06-22 09:28:34.226416+00:00,2.2584876
2025-06-22 09:28:46.754154+00:00,2.2584875
2025-06-22 09:29:26.882353+00:00,2.258487
2025-06-22 09:30:14.989779+00:00,2.2584869
2025-06-22 09:30:56.589400+00:00,2.2584871
2025-06-22 09:31:31.071264+00:00,2.2584872
2025-06-22 09:32:04.178537+00:00,2.2584876
2025-06-22 09:32:12.193903+00:00,2.2584873
2025-06-22 09:32:21.953971+00:00,2.2584867
2025-06-22 09:32:33.861992+00:00,2.2584876
2025-06-22 09:32:46.662151+00:00,2.2584868
2025-06-22 09:32:58.772847+00:00,2.258488
2025-06-22 09:33:11.919516+00:00,2.258487
2025-06-22 09:33:23.950660+00:00,2.2584875
2025-06-22 09:33:36.480321+00:00,2.2584876
2025-06-22 09:33:49.112520+00:00,2.2584874
2025-06-22 09:34:01.801401+00:00,2.2584872
2025-06-22 09:34:13.972199+00:00,2.2584872
2025-06-22 09:34:26.745824+00:00,2.2584874
2025-06-22 09:34:39.618869+00:00,2.2584875
2025-06-22 09:34:52.492414+00:00,2.2584875
2025-06-22 09:35:05.253780+00:00,2.2584874
2025-06-22 09:35:56.251460+00:00,2.2584872
2025-06-22 09:36:09.647792+00:00,2.2584869
2025-06-22 09:36:21.533849+00:00,2.2584876
2025-06-22 09:36:34.449219+00:00,2.2584877
2025-06-22 09:36:47.574014+00:00,2.2584875
2025-06-22 09:36:59.872804+00:00,2.258488
2025-06-22 09:37:14.995795+00:00,2.258488
2025-06-22 09:37:25.264945+00:00,2.2584876
2025-06-22 09:37:37.998402+00:00,2.258488
2025-06-22 09:37:50.594732+00:00,2.2584878
2025-06-22 09:38:04.243959+00:00,2.2584875
2025-06-22 09:38:18.810389+00:00,2.2584865
2025-06-22 09:38:28.371889+00:00,2.2584874
2025-06-22 09:38:40.937144+00:00,2.2584871
2025-06-22 09:38:53.069317+00:00,2.2584873
2025-06-22 09:39:05.724839+00:00,2.2584875
2025-06-22 09:39:18.610068+00:00,2.2584868
2025-06-22 09:39:30.495914+00:00,2.2584874
2025-06-22 09:39:43.121457+00:00,2.2584877
2025-06-22 09:39:56.267163+00:00,2.2584874
2025-06-22 09:40:21.450347+00:00,2.2584875
2025-06-22 09:42:16.053861+00:00,2.2584871
2025-06-22 09:43:14.636948+00:00,2.2584873
2025-06-22 09:43:36.080022+00:00,2.2584878
2025-06-22 09:44:13.143432+00:00,2.2584871
2025-06-22 09:44:35.992885+00:00,2.2584872
2025-06-22 09:44:44.864092+00:00,2.2584875
2025-06-22 09:44:57.513461+00:00,2.2584873
2025-06-22 09:45:11.691852+00:00,2.2584877
2025-06-22 09:45:23.544972+00:00,2.2584875
2025-06-22 09:45:36.693443+00:00,2.2584876
2025-06-22 09:45:49.283164+00:00,2.2584872
2025-06-22 09:46:01.817864+00:00,2.2584878
2025-06-22 09:46:14.254487+00:00,2.2584877
2025-06-22 09:46:27.117420+00:00,2.2584872
2025-06-22 09:46:40.132445+00:00,2.2584871
2025-06-22 09:46:59.639480+00:00,2.2584875
2025-06-22 09:47:05.482531+00:00,2.2584877
2025-06-22 09:47:18.041436+00:00,2.2584877
2025-06-22 09:47:31.267133+00:00,2.2584869
2025-06-22 09:47:43.075282+00:00,2.2584867
2025-06-22 09:47:56.781739+00:00,2.2584872
2025-06-22 09:48:10.147738+00:00,2.2584872
2025-06-22 09:48:21.103883+00:00,2.2584879
2025-06-22 09:48:33.847555+00:00,2.2584874
2025-06-22 09:48:45.746590+00:00,2.2584874
2025-06-22 09:48:57.981255+00:00,2.2584878
2025-06-22 09:49:10.886829+00:00,2.2584876
2025-06-22 09:49:22.962267+00:00,2.258487
2025-06-22 09:49:36.844694+00:00,2.2584876
2025-06-22 09:49:48.516122+00:00,2.258487
2025-06-22 09:50:01.144094+00:00,2.2584871
2025-06-22 09:50:14.335013+00:00,2.258487
2025-06-22 09:50:27.061121+00:00,2.2584874
2025-06-22 09:50:39.436108+00:00,2.2584873
2025-06-22 09:51:04.860890+00:00,2.2584873
2025-06-22 09:51:17.651428+00:00,2.2584871
2025-06-22 09:52:35.456006+00:00,2.2584881
2025-06-22 09:52:46.481992+00:00,2.2584875
2025-06-22 09:52:58.075809+00:00,2.2584878
2025-06-22 09:53:10.840130+00:00,2.258487
2025-06-22 09:53:22.810820+00:00,2.2584871
2025-06-22 09:53:35.851318+00:00,2.2584875
2025-06-22 09:53:56.678959+00:00,2.2584876
2025-06-22 09:54:01.026911+00:00,2.2584873
2025-06-22 09:54:13.515733+00:00,2.258487
2025-06-22 09:54:28.273649+00:00,2.258487
2025-06-22 09:54:39.264626+00:00,2.2584875
2025-06-22 09:54:52.605393+00:00,2.2584871
2025-06-22 09:55:04.866217+00:00,2.2584868
2025-06-22 09:55:17.877381+00:00,2.2584871
2025-06-22 09:55:30.604513+00:00,2.2584877
2025-06-22 09:55:43.107441+00:00,2.2584877
2025-06-22 09:56:05.155959+00:00,2.2584872
2025-06-22 09:57:12.217580+00:00,2.2584877
2025-06-22 09:57:24.742223+00:00,2.258487
2025-06-22 09:57:37.469020+00:00,2.2584872
2025-06-22 09:57:49.809936+00:00,2.2584869
2025-06-22 09:58:07.249693+00:00,2.2584873
2025-06-22 09:58:15.791295+00:00,2.2584865
2025-06-22 09:58:39.470462+00:00,2.2584871
2025-06-22 09:58:44.032452+00:00,2.258488
2025-06-22 10:00:26.364170+00:00,2.258487
2025-06-22 10:00:34.236585+00:00,2.2584876
2025-06-22 10:00:46.836674+00:00,2.2584877
2025-06-22 10:00:59.045676+00:00,2.2584875
2025-06-22 10:01:12.128993+00:00,2.2584876
2025-06-22 10:01:24.445233+00:00,2.2584872
2025-06-22 10:01:37.130560+00:00,2.2584876
2025-06-22 10:01:49.607718+00:00,2.2584867
2025-06-22 10:02:05.128347+00:00,2.2584875
2025-06-22 10:03:11.034361+00:00,2.2584876
2025-06-22 10:03:18.853518+00:00,2.2584874
2025-06-22 10:03:37.945029+00:00,2.258487
2025-06-22 10:03:50.595041+00:00,2.2584871
2025-06-22 10:03:56.069183+00:00,2.2584871
2025-06-22 10:04:21.016711+00:00,2.2584878
2025-06-22 10:04:34.942010+00:00,2.258487
2025-06-22 10:04:48.532018+00:00,2.2584879
2025-06-22 10:04:58.936352+00:00,2.2584875
2025-06-22 10:05:11.237753+00:00,2.2584876
2025-06-22 10:05:24.462097+00:00,2.2584875
2025-06-22 10:05:36.804270+00:00,2.2584875
2025-06-22 10:05:49.598705+00:00,2.2584878
2025-06-22 10:06:05.770318+00:00,2.2584876
2025-06-22 10:06:17.345531+00:00,2.2584876
2025-06-22 10:06:37.672321+00:00,2.2584879
2025-06-22 10:07:19.795903+00:00,2.258487
2025-06-22 10:07:33.733491+00:00,2.2584869
2025-06-22 10:07:53.172054+00:00,2.2584876
2025-06-22 10:07:59.727935+00:00,2.2584874
2025-06-22 10:08:36.304026+00:00,2.2584872
2025-06-22 10:08:51.087005+00:00,2.2584877
2025-06-22 10:09:00.866635+00:00,2.258488
2025-06-22 10:09:12.829052+00:00,2.2584877
2025-06-22 10:09:26.216921+00:00,2.2584874
2025-06-22 10:09:38.283793+00:00,2.2584872
2025-06-22 10:09:50.827513+00:00,2.2584871
2025-06-22 10:10:04.527791+00:00,2.2584877
2025-06-22 10:10:16.064733+00:00,2.2584875
2025-06-22 10:10:28.531721+00:00,2.2584877
2025-06-22 10:10:40.812331+00:00,2.2584875
2025-06-22 10:11:05.883816+00:00,2.258487
2025-06-22 10:11:18.810980+00:00,2.2584868
2025-06-22 10:11:36.972754+00:00,2.2584875
2025-06-22 10:11:47.637960+00:00,2.2584873
2025-06-22 10:12:34.772584+00:00,2.2584872
2025-06-22 10:12:47.010216+00:00,2.2584872
2025-06-22 10:13:00.776851+00:00,2.2584872
2025-06-22 10:13:12.410791+00:00,2.2584875
2025-06-22 10:13:25.152829+00:00,2.258487
2025-06-22 10:13:37.956551+00:00,2.2584872
2025-06-22 10:13:50.101836+00:00,2.2584876
2025-06-22 10:14:08.349478+00:00,2.2584878
2025-06-22 10:14:27.752358+00:00,2.2584869
2025-06-22 10:14:56.225239+00:00,2.2584876
2025-06-22 10:15:28.825073+00:00,2.2584876
2025-06-22 10:15:43.862767+00:00,2.2584875
2025-06-22 10:15:56.816095+00:00,2.2584875
2025-06-22 10:16:09.052014+00:00,2.2584869
2025-06-22 10:16:21.822549+00:00,2.2584873
2025-06-22 10:16:48.002292+00:00,2.2584869
2025-06-22 10:17:00.980967+00:00,2.2584875
2025-06-22 10:17:13.439566+00:00,2.2584872
2025-06-22 10:17:26.148700+00:00,2.2584872
2025-06-22 10:17:38.697652+00:00,2.2584878
2025-06-22 10:17:51.435872+00:00,2.2584875
2025-06-22 10:18:07.204238+00:00,2.2584868
2025-06-22 10:18:17.162016+00:00,2.2584868
2025-06-22 10:18:29.517147+00:00,2.258487
2025-06-22 10:18:42.154385+00:00,2.2584873
2025-06-22 10:18:54.731524+00:00,2.2584874
2025-06-22 10:19:07.890775+00:00,2.2584868
2025-06-22 10:19:19.670715+00:00,2.258488
2025-06-22 10:19:32.565592+00:00,2.2584876
2025-06-22 10:19:45.001103+00:00,2.2584871
2025-06-22 10:19:57.487886+00:00,2.2584872
2025-06-22 10:20:10.007946+00:00,2.2584879
2025-06-22 10:20:26.523318+00:00,2.2584867
2025-06-22 10:20:36.079127+00:00,2.2584876
2025-06-22 10:20:47.349916+00:00,2.2584876
2025-06-22 10:20:59.453336+00:00,2.2584871
2025-06-22 10:21:12.215710+00:00,2.2584868
2025-06-22 10:21:24.504856+00:00,2.2584869
2025-06-22 10:21:37.294731+00:00,2.2584876
2025-06-22 10:21:50.437525+00:00,2.2584868
2025-06-22 10:22:15.663106+00:00,2.2584879
2025-06-22 10:22:30.270705+00:00,2.2584868
2025-06-22 10:22:43.235186+00:00,2.2584877
2025-06-22 10:22:52.876373+00:00,2.2584874
2025-06-22 10:23:05.993743+00:00,2.258488
2025-06-22 10:23:18.445131+00:00,2.2584878
2025-06-22 10:23:31.345271+00:00,2.2584873
2025-06-22 10:23:43.371142+00:00,2.2584872
2025-06-22 10:23:56.479711+00:00,2.258487
2025-06-22 10:24:09.136292+00:00,2.2584877
2025-06-22 10:24:21.195110+00:00,2.2584874
2025-06-22 10:24:33.773031+00:00,2.2584875
2025-06-22 10:24:46.505337+00:00,2.2584871
2025-06-22 10:24:58.936446+00:00,2.2584876
2025-06-22 10:25:11.833253+00:00,2.2584872
2025-06-22 10:25:24.438936+00:00,2.2584875
2025-06-22 10:25:36.937137+00:00,2.2584876
2025-06-22 10:25:49.378015+00:00,2.2584877
2025-06-22 10:26:04.524701+00:00,2.2584876
2025-06-22 10:26:14.733374+00:00,2.2584875
2025-06-22 10:26:27.615147+00:00,2.2584872
2025-06-22 10:26:40.559497+00:00,2.2584874
2025-06-22 10:26:53.638149+00:00,2.2584874
2025-06-22 10:27:07.307068+00:00,2.2584875
2025-06-22 10:27:19.551137+00:00,2.258487
2025-06-22 10:27:33.063140+00:00,2.2584879
2025-06-22 10:27:45.105847+00:00,2.2584871
2025-06-22 10:27:57.642850+00:00,2.2584878
2025-06-22 10:28:10.836487+00:00,2.2584875
2025-06-22 10:28:22.627344+00:00,2.2584875
2025-06-22 10:28:35.896031+00:00,2.2584875
2025-06-22 10:28:48.838751+00:00,2.2584878
2025-06-22 10:29:01.184135+00:00,2.2584871
2025-06-22 10:29:13.643463+00:00,2.2584872
2025-06-22 10:29:26.319175+00:00,2.2584874
2025-06-22 10:29:38.988638+00:00,2.2584878
2025-06-22 10:29:51.624496+00:00,2.258487
2025-06-22 10:30:04.658887+00:00,2.2584876
2025-06-22 10:30:17.775412+00:00,2.258487
2025-06-22 10:30:29.785181+00:00,2.2584869
2025-06-22 10:30:42.732831+00:00,2.2584879
2025-06-22 10:31:13.662269+00:00,2.2584877
2025-06-22 10:31:20.406707+00:00,2.2584869
2025-06-22 10:31:32.781751+00:00,2.2584867
2025-06-22 10:31:45.043990+00:00,2.2584875
2025-06-22 10:31:57.379717+00:00,2.258488
2025-06-22 10:32:10.615993+00:00,2.2584871
2025-06-22 10:32:23.456576+00:00,2.2584875
2025-06-22 10:32:43.252680+00:00,2.2584876
2025-06-22 10:33:05.920891+00:00,2.2584874
2025-06-22 10:33:13.010570+00:00,2.2584874
2025-06-22 10:33:27.269083+00:00,2.2584875
2025-06-22 10:33:38.252249+00:00,2.2584869
2025-06-22 10:33:57.298868+00:00,2.258487
2025-06-22 10:34:16.489528+00:00,2.2584872
2025-06-22 10:34:29.689634+00:00,2.2584878
2025-06-22 10:34:41.617951+00:00,2.2584875
2025-06-22 10:34:54.090961+00:00,2.2584867
2025-06-22 10:35:07.781947+00:00,2.2584868
2025-06-22 10:35:25.225729+00:00,2.2584876
2025-06-22 10:35:32.649401+00:00,2.2584871
2025-06-22 10:35:44.308296+00:00,2.2584874
2025-06-22 10:35:56.906283+00:00,2.2584877
2025-06-22 10:36:22.129257+00:00,2.2584866
2025-06-22 10:36:35.814915+00:00,2.2584871
2025-06-22 10:36:53.762817+00:00,2.2584876
2025-06-22 10:37:01.624681+00:00,2.2584874
2025-06-22 10:37:14.747205+00:00,2.2584873
2025-06-22 10:37:26.114715+00:00,2.2584871
2025-06-22 10:37:39.129986+00:00,2.2584875
2025-06-22 10:37:51.930261+00:00,2.2584872
2025-06-22 10:38:05.348426+00:00,2.2584868
2025-06-22 10:38:17.839058+00:00,2.2584875
2025-06-22 10:38:30.839434+00:00,2.2584875
2025-06-22 10:38:43.137489+00:00,2.2584875
2025-06-22 10:38:57.704929+00:00,2.2584874
2025-06-22 10:39:08.740933+00:00,2.258487
2025-06-22 10:39:21.200691+00:00,2.2584869
2025-06-22 10:39:35.662978+00:00,2.2584879
2025-06-22 10:39:47.208156+00:00,2.2584871
2025-06-22 10:39:59.352452+00:00,2.2584874
2025-06-22 10:40:16.395417+00:00,2.2584875
2025-06-22 10:40:28.153416+00:00,2.2584878
2025-06-22 10:40:38.218964+00:00,2.258487
2025-06-22 10:40:51.068669+00:00,2.2584869
2025-06-22 10:41:07.160116+00:00,2.2584872
2025-06-22 10:41:16.922207+00:00,2.258487
2025-06-22 10:41:35.761572+00:00,2.2584874
2025-06-22 10:41:44.008435+00:00,2.258487
2025-06-22 10:41:53.281362+00:00,2.2584872
2025-06-22 10:42:06.942342+00:00,2.2584873
2025-06-22 10:42:19.400460+00:00,2.2584869
2025-06-22 10:42:30.948432+00:00,2.2584875
2025-06-22 10:43:08.377677+00:00,2.2584876
2025-06-22 10:43:20.776010+00:00,2.2584877
2025-06-22 10:43:33.883467+00:00,2.2584874
2025-06-22 10:43:47.192642+00:00,2.2584875
2025-06-22 10:43:58.872327+00:00,2.2584877
2025-06-22 10:44:11.805284+00:00,2.2584875
2025-06-22 10:44:24.135538+00:00,2.2584878
2025-06-22 10:44:36.556530+00:00,2.2584874
2025-06-22 10:44:49.353390+00:00,2.2584871
2025-06-22 10:45:02.328598+00:00,2.2584869
2025-06-22 10:45:15.364691+00:00,2.2584871
2025-06-22 10:45:35.271999+00:00,2.2584873
2025-06-22 10:45:40.445291+00:00,2.2584874
2025-06-22 10:45:52.271897+00:00,2.2584878
2025-06-22 10:46:05.143225+00:00,2.2584878
2025-06-22 10:46:17.578531+00:00,2.2584873
2025-06-22 10:46:29.945484+00:00,2.2584872
2025-06-22 10:46:42.634272+00:00,2.2584876
2025-06-22 10:46:55.395507+00:00,2.2584874
2025-06-22 10:47:07.734548+00:00,2.2584875
2025-06-22 10:47:21.154208+00:00,2.2584875
2025-06-22 10:47:34.671140+00:00,2.258487
2025-06-22 10:47:45.300504+00:00,2.2584871
2025-06-22 10:47:58.481291+00:00,2.2584874
2025-06-22 10:48:11.167749+00:00,2.2584872
2025-06-22 10:48:23.760837+00:00,2.2584873
2025-06-22 10:48:36.726390+00:00,2.2584871
2025-06-22 10:48:49.503853+00:00,2.2584871
2025-06-22 10:49:03.348032+00:00,2.2584877
2025-06-22 10:49:17.600402+00:00,2.2584874
2025-06-22 10:49:32.539014+00:00,2.2584872
2025-06-22 10:49:41.343567+00:00,2.2584874
2025-06-22 10:49:54.010848+00:00,2.2584871
2025-06-22 10:50:08.303663+00:00,2.2584879
2025-06-22 10:50:19.105641+00:00,2.2584878
2025-06-22 10:50:31.928510+00:00,2.2584877
2025-06-22 10:50:44.173833+00:00,2.2584877
2025-06-22 10:50:57.058468+00:00,2.2584872
2025-06-22 10:51:10.736100+00:00,2.2584871
2025-06-22 10:51:22.171666+00:00,2.2584877
2025-06-22 10:51:35.189218+00:00,2.2584871
2025-06-22 10:51:47.601775+00:00,2.2584869
2025-06-22 10:52:01.185760+00:00,2.2584869
2025-06-22 10:52:13.850650+00:00,2.2584876
2025-06-22 10:52:25.941420+00:00,2.2584866
2025-06-22 10:52:37.973467+00:00,2.2584874
2025-06-22 10:52:51.049730+00:00,2.2584872
2025-06-22 10:54:26.054755+00:00,2.2584868
2025-06-22 10:54:49.550955+00:00,2.2584873
2025-06-22 10:55:22.696779+00:00,2.2584872
2025-06-22 10:56:12.615539+00:00,2.2584875
2025-06-22 10:56:25.005297+00:00,2.2584873
2025-06-22 10:56:37.405022+00:00,2.2584868
2025-06-22 10:56:52.780024+00:00,2.2584872
2025-06-22 10:57:03.077107+00:00,2.2584869
2025-06-22 10:57:15.118867+00:00,2.2584867
2025-06-22 10:57:27.807656+00:00,2.2584875
2025-06-22 10:57:45.849789+00:00,2.2584867
2025-06-22 10:58:06.492977+00:00,2.2584867
2025-06-22 10:58:18.746406+00:00,2.2584872
2025-06-22 10:58:31.465014+00:00,2.2584875
2025-06-22 10:58:44.329682+00:00,2.2584871
2025-06-22 10:58:57.156036+00:00,2.2584868
2025-06-22 10:59:10.830304+00:00,2.2584876
2025-06-22 10:59:22.710554+00:00,2.2584869
2025-06-22 10:59:35.813532+00:00,2.2584868
2025-06-22 10:59:48.347747+00:00,2.2584868
2025-06-22 11:00:01.120976+00:00,2.2584878
2025-06-22 11:00:13.963362+00:00,2.2584873
2025-06-22 11:00:26.788134+00:00,2.2584876
2025-06-22 11:00:39.381477+00:00,2.2584875
2025-06-22 11:00:51.796575+00:00,2.2584872
2025-06-22 11:02:24.715735+00:00,2.2584867
2025-06-22 11:02:33.373245+00:00,2.2584874
2025-06-22 11:03:48.046850+00:00,2.2584872
2025-06-22 11:04:05.688315+00:00,2.2584871
2025-06-22 11:04:13.668472+00:00,2.2584872
2025-06-22 11:04:25.786142+00:00,2.2584874
2025-06-22 11:04:38.186345+00:00,2.2584872
2025-06-22 11:04:50.880564+00:00,2.258487
2025-06-22 11:05:04.249005+00:00,2.2584874
2025-06-22 11:05:29.157598+00:00,2.2584874
2025-06-22 11:06:31.472047+00:00,2.2584873
2025-06-22 11:06:47.502610+00:00,2.2584879
2025-06-22 11:06:56.349280+00:00,2.2584876
2025-06-22 11:07:09.253430+00:00,2.2584878
2025-06-22 11:07:35.414886+00:00,2.2584879
2025-06-22 11:07:48.163355+00:00,2.2584874
2025-06-22 11:08:12.080556+00:00,2.2584871
2025-06-22 11:08:24.772359+00:00,2.2584875
2025-06-22 11:08:37.366467+00:00,2.2584871
2025-06-22 11:08:50.928734+00:00,2.258487
2025-06-22 11:09:03.726600+00:00,2.2584875
2025-06-22 11:09:16.542153+00:00,2.258487
2025-06-22 11:09:29.491409+00:00,2.258487
2025-06-22 11:09:41.931901+00:00,2.2584868
2025-06-22 11:09:55.106291+00:00,2.2584869
2025-06-22 11:10:08.192010+00:00,2.2584871
2025-06-22 11:10:21.065926+00:00,2.2584875
2025-06-22 11:10:33.306705+00:00,2.2584867
2025-06-22 11:10:45.795632+00:00,2.258487
2025-06-22 11:11:14.551951+00:00,2.2584872
2025-06-22 11:12:19.801668+00:00,2.2584873
2025-06-22 11:12:27.104401+00:00,2.2584873
2025-06-22 11:12:41.616099+00:00,2.2584873
2025-06-22 11:12:52.320108+00:00,2.2584876
2025-06-22 11:13:05.739216+00:00,2.2584872
2025-06-22 11:13:17.560248+00:00,2.2584873
2025-06-22 11:13:29.606960+00:00,2.2584873
2025-06-22 11:13:42.262799+00:00,2.2584875
2025-06-22 11:13:54.311374+00:00,2.2584871
2025-06-22 11:14:10.827754+00:00,2.2584866
2025-06-22 11:14:19.533359+00:00,2.2584874
2025-06-22 11:14:35.421287+00:00,2.2584873
2025-06-22 11:14:51.173415+00:00,2.2584869
2025-06-22 11:15:33.324163+00:00,2.2584871
2025-06-22 11:16:02.440831+00:00,2.2584876
2025-06-22 11:17:16.604533+00:00,2.258487
2025-06-22 11:17:34.372447+00:00,2.2584875
2025-06-22 11:17:41.043721+00:00,2.2584878
2025-06-22 11:17:53.435879+00:00,2.2584876
2025-06-22 11:18:05.770160+00:00,2.2584873
2025-06-22 11:18:18.429721+00:00,2.2584866
2025-06-22 11:18:31.062132+00:00,2.2584871
2025-06-22 11:18:44.770381+00:00,2.2584873
2025-06-22 11:18:56.436958+00:00,2.2584875
2025-06-22 11:19:09.494471+00:00,2.2584869
2025-06-22 11:19:22.004255+00:00,2.2584876
2025-06-22 11:19:34.874790+00:00,2.2584872
2025-06-22 11:19:48.406339+00:00,2.2584869
2025-06-22 11:20:00.842555+00:00,2.2584869
2025-06-22 11:20:13.726550+00:00,2.2584874
2025-06-22 11:20:27.609804+00:00,2.2584878
2025-06-22 11:20:52.005117+00:00,2.2584875
2025-06-22 11:21:05.460794+00:00,2.2584865
2025-06-22 11:21:20.758109+00:00,2.2584877
2025-06-22 11:21:35.971165+00:00,2.2584874
2025-06-22 11:21:43.198743+00:00,2.2584873
2025-06-22 11:21:55.943461+00:00,2.2584872
2025-06-22 11:22:08.932525+00:00,2.2584875
2025-06-22 11:22:20.943217+00:00,2.2584877
2025-06-22 11:22:34.678736+00:00,2.258487
2025-06-22 11:22:46.783261+00:00,2.2584875
2025-06-22 11:22:59.085125+00:00,2.2584873
2025-06-22 11:23:12.640507+00:00,2.2584874
2025-06-22 11:23:24.439764+00:00,2.2584873
2025-06-22 11:23:37.297312+00:00,2.2584871
2025-06-22 11:23:49.972838+00:00,2.2584874
2025-06-22 11:24:11.749916+00:00,2.2584874
2025-06-22 11:24:15.054239+00:00,2.2584871
2025-06-22 11:24:49.792304+00:00,2.2584875
2025-06-22 11:24:52.193155+00:00,2.2584873
2025-06-22 11:25:05.260263+00:00,2.258487
2025-06-22 11:25:18.077781+00:00,2.2584871
2025-06-22 11:26:02.651839+00:00,2.2584873
2025-06-22 11:26:08.985692+00:00,2.2584874
2025-06-22 11:26:20.803800+00:00,2.2584872
2025-06-22 11:26:36.734577+00:00,2.2584874
2025-06-22 11:26:47.475736+00:00,2.2584872
2025-06-22 11:26:59.432847+00:00,2.2584871
2025-06-22 11:27:24.143105+00:00,2.2584878
2025-06-22 11:27:36.726686+00:00,2.2584874
2025-06-22 11:27:49.320002+00:00,2.2584878
2025-06-22 11:28:01.931719+00:00,2.2584872
2025-06-22 11:28:14.384102+00:00,2.2584868
2025-06-22 11:28:26.929525+00:00,2.2584871
2025-06-22 11:28:39.237916+00:00,2.258487
2025-06-22 11:28:52.076450+00:00,2.2584874
2025-06-22 11:29:04.970293+00:00,2.2584869
2025-06-22 11:29:19.261203+00:00,2.2584867
2025-06-22 11:29:29.817524+00:00,2.2584874
2025-06-22 11:29:42.675676+00:00,2.2584877
2025-06-22 11:29:55.613909+00:00,2.2584878
2025-06-22 11:30:08.879216+00:00,2.2584869
2025-06-22 11:30:21.554807+00:00,2.2584877
2025-06-22 11:30:34.236256+00:00,2.2584874
2025-06-22 11:30:47.192214+00:00,2.2584867
2025-06-22 11:30:59.711106+00:00,2.2584875
2025-06-22 11:31:12.902731+00:00,2.2584877
2025-06-22 11:31:32.251925+00:00,2.2584868
2025-06-22 11:31:38.197299+00:00,2.2584875
2025-06-22 11:31:55.009146+00:00,2.2584872
2025-06-22 11:32:04.400322+00:00,2.2584876
2025-06-22 11:32:17.136859+00:00,2.2584871
2025-06-22 11:32:29.861644+00:00,2.2584876
2025-06-22 11:32:42.680143+00:00,2.258487
2025-06-22 11:32:54.656188+00:00,2.2584872
2025-06-22 11:33:07.818785+00:00,2.2584871
2025-06-22 11:33:25.604890+00:00,2.2584869
2025-06-22 11:33:33.048623+00:00,2.2584875
2025-06-22 11:33:52.010766+00:00,2.2584876
2025-06-22 11:33:59.066706+00:00,2.2584872
2025-06-22 11:34:10.647882+00:00,2.2584876
2025-06-22 11:34:23.118889+00:00,2.2584876
2025-06-22 11:34:35.661721+00:00,2.2584869
2025-06-22 11:34:49.533393+00:00,2.2584872
2025-06-22 11:35:07.555990+00:00,2.2584869
2025-06-22 11:35:15.329328+00:00,2.2584871
2025-06-22 11:35:26.729257+00:00,2.2584868
2025-06-22 11:35:38.237027+00:00,2.2584875
2025-06-22 11:36:06.652631+00:00,2.2584868
2025-06-22 11:36:16.561038+00:00,2.2584876
2025-06-22 11:36:29.160363+00:00,2.2584871
2025-06-22 11:36:41.767023+00:00,2.2584868
2025-06-22 11:36:54.218438+00:00,2.2584866
2025-06-22 11:37:07.476044+00:00,2.2584873
2025-06-22 11:37:24.050262+00:00,2.2584878
2025-06-22 11:38:35.357697+00:00,2.2584875
2025-06-22 11:39:38.498137+00:00,2.2584871
2025-06-22 11:39:50.921497+00:00,2.2584869
2025-06-22 11:40:04.979892+00:00,2.2584874
2025-06-22 11:40:18.140772+00:00,2.2584868
2025-06-22 11:40:29.928098+00:00,2.2584873
2025-06-22 11:40:42.895953+00:00,2.2584871
2025-06-22 11:40:55.263749+00:00,2.2584872
2025-06-22 11:41:08.224423+00:00,2.2584873
2025-06-22 11:41:20.909121+00:00,2.2584877
2025-06-22 11:41:34.242307+00:00,2.258487
2025-06-22 11:41:46.969221+00:00,2.2584872
2025-06-22 11:41:59.406539+00:00,2.2584875
2025-06-22 11:42:12.155150+00:00,2.2584875
2025-06-22 11:42:24.822862+00:00,2.258487
2025-06-22 11:42:37.725839+00:00,2.2584876
2025-06-22 11:42:50.418571+00:00,2.2584872
2025-06-22 11:43:03.908905+00:00,2.2584871
2025-06-22 11:43:16.393571+00:00,2.2584875
2025-06-22 11:43:28.686991+00:00,2.2584879
2025-06-22 11:43:41.364126+00:00,2.2584868
2025-06-22 11:43:53.876470+00:00,2.2584871
2025-06-22 11:44:14.311710+00:00,2.2584876
2025-06-22 11:44:19.132691+00:00,2.2584876
2025-06-22 11:44:32.231171+00:00,2.2584871
2025-06-22 11:44:44.377008+00:00,2.2584866
2025-06-22 11:44:56.838058+00:00,2.258487
2025-06-22 11:45:09.564577+00:00,2.258487
2025-06-22 11:45:23.855596+00:00,2.2584873
2025-06-22 11:45:34.476061+00:00,2.2584876
2025-06-22 11:45:49.605960+00:00,2.2584875
2025-06-22 11:45:59.609110+00:00,2.2584876
2025-06-22 11:46:12.026116+00:00,2.2584869
2025-06-22 11:46:25.073314+00:00,2.2584868
2025-06-22 11:46:38.191332+00:00,2.2584878
2025-06-22 11:46:50.004462+00:00,2.2584872
2025-06-22 11:47:02.995992+00:00,2.2584871
2025-06-22 11:47:15.446038+00:00,2.258487
2025-06-22 11:47:27.556373+00:00,2.2584878
2025-06-22 11:47:41.057910+00:00,2.2584869
2025-06-22 11:47:53.038828+00:00,2.2584876
2025-06-22 11:48:06.035652+00:00,2.2584873
2025-06-22 11:48:18.844509+00:00,2.2584872
2025-06-22 11:48:31.644040+00:00,2.2584876
2025-06-22 11:48:43.351141+00:00,2.2584873
2025-06-22 11:48:56.276990+00:00,2.2584877
2025-06-22 11:49:08.526333+00:00,2.2584876
2025-06-22 11:49:20.975743+00:00,2.2584869
2025-06-22 11:49:34.297572+00:00,2.2584875
2025-06-22 11:49:46.556984+00:00,2.2584869
2025-06-22 11:49:58.778118+00:00,2.258487
2025-06-22 11:50:11.756296+00:00,2.2584876
2025-06-22 11:50:24.667078+00:00,2.2584873
2025-06-22 11:50:37.486775+00:00,2.2584874
2025-06-22 11:50:49.685806+00:00,2.2584876
2025-06-22 11:51:02.697141+00:00,2.2584875
2025-06-22 11:51:15.517644+00:00,2.2584872
2025-06-22 11:51:28.127894+00:00,2.2584869
2025-06-22 11:52:19.105127+00:00,2.2584869
2025-06-22 11:52:31.309493+00:00,2.2584877
2025-06-22 11:52:51.839328+00:00,2.258487
2025-06-22 11:53:09.842816+00:00,2.2584869
2025-06-22 11:53:36.590220+00:00,2.2584871
2025-06-22 11:53:49.735251+00:00,2.2584876
2025-06-22 11:54:13.151599+00:00,2.258487
2025-06-22 11:54:14.767111+00:00,2.2584871
2025-06-22 11:54:27.479407+00:00,2.2584875
2025-06-22 11:54:40.412208+00:00,2.2584874
2025-06-22 11:55:06.580800+00:00,2.2584867
2025-06-22 11:55:19.225201+00:00,2.2584876
2025-06-22 11:55:31.179703+00:00,2.2584872
2025-06-22 11:55:43.548529+00:00,2.2584873
2025-06-22 11:55:55.893763+00:00,2.2584877
2025-06-22 11:56:08.955536+00:00,2.2584877
2025-06-22 11:57:14.903826+00:00,2.2584878
2025-06-22 11:58:20.431838+00:00,2.2584869
2025-06-22 11:58:26.644872+00:00,2.2584877
2025-06-22 11:58:51.769991+00:00,2.2584868
2025-06-22 11:59:04.661590+00:00,2.258487
2025-06-22 11:59:20.974166+00:00,2.2584874
2025-06-22 11:59:29.832924+00:00,2.2584875
2025-06-22 12:00:57.866109+00:00,2.2584875
2025-06-22 12:01:10.520725+00:00,2.2584872
2025-06-22 12:01:22.716753+00:00,2.2584874
2025-06-22 12:01:35.606785+00:00,2.2584876
2025-06-22 12:01:49.171085+00:00,2.2584868
2025-06-22 12:02:01.655538+00:00,2.2584872
2025-06-22 12:02:14.048739+00:00,2.2584874
2025-06-22 12:02:26.748242+00:00,2.2584871
2025-06-22 12:02:39.793586+00:00,2.2584877
2025-06-22 12:02:52.596918+00:00,2.2584878
2025-06-22 12:03:05.970987+00:00,2.2584872
2025-06-22 12:03:20.330975+00:00,2.2584869
2025-06-22 12:03:31.638072+00:00,2.2584873
2025-06-22 12:03:43.780232+00:00,2.258487
2025-06-22 12:03:56.705312+00:00,2.2584871
2025-06-22 12:04:09.385708+00:00,2.2584875
2025-06-22 12:04:22.598450+00:00,2.258487
2025-06-22 12:04:34.947174+00:00,2.2584876
2025-06-22 12:04:49.621342+00:00,2.2584871
2025-06-22 12:05:00.009884+00:00,2.2584877
2025-06-22 12:05:13.094597+00:00,2.2584874
2025-06-22 12:05:25.653545+00:00,2.2584868
2025-06-22 12:05:38.280787+00:00,2.2584875
2025-06-22 12:05:50.744549+00:00,2.2584875
2025-06-22 12:06:03.821063+00:00,2.2584871
2025-06-22 12:06:16.417426+00:00,2.2584872
2025-06-22 12:06:28.965103+00:00,2.2584869
2025-06-22 12:06:41.613967+00:00,2.2584868
2025-06-22 12:06:54.030391+00:00,2.2584874
2025-06-22 12:07:08.276842+00:00,2.2584872
2025-06-22 12:07:18.822634+00:00,2.2584874
2025-06-22 12:07:32.690570+00:00,2.2584874
2025-06-22 12:08:21.519451+00:00,2.258487
2025-06-22 12:08:34.245077+00:00,2.2584869
2025-06-22 12:08:46.846084+00:00,2.2584877
2025-06-22 12:08:59.205642+00:00,2.2584873
2025-06-22 12:09:12.704885+00:00,2.2584872
2025-06-22 12:09:27.153095+00:00,2.2584873
2025-06-22 12:09:37.526313+00:00,2.2584873
2025-06-22 12:09:50.819947+00:00,2.2584868
2025-06-22 12:10:03.069654+00:00,2.2584874
2025-06-22 12:10:35.400989+00:00,2.2584873
2025-06-22 12:10:40.809202+00:00,2.2584877
2025-06-22 12:10:53.332414+00:00,2.2584872
2025-06-22 12:11:13.998943+00:00,2.2584877
2025-06-22 12:11:31.368336+00:00,2.2584876
2025-06-22 12:11:43.244671+00:00,2.2584876
2025-06-22 12:11:58.998296+00:00,2.2584872
2025-06-22 12:12:08.632781+00:00,2.2584868
2025-06-22 12:12:29.262319+00:00,2.258487
2025-06-22 12:12:46.958367+00:00,2.2584872
2025-06-22 12:12:58.951303+00:00,2.2584875
2025-06-22 12:13:11.906048+00:00,2.2584874
2025-06-22 12:13:24.162777+00:00,2.2584873
2025-06-22 12:13:38.462420+00:00,2.2584872
2025-06-22 12:13:49.496059+00:00,2.2584871
2025-06-22 12:14:02.714364+00:00,2.258487
2025-06-22 12:14:17.431597+00:00,2.2584876
2025-06-22 12:14:28.330494+00:00,2.2584876
2025-06-22 12:14:41.984727+00:00,2.2584873
2025-06-22 12:15:06.554964+00:00,2.2584868
2025-06-22 12:15:19.798811+00:00,2.2584872
2025-06-22 12:15:32.405044+00:00,2.2584877
2025-06-22 12:15:45.711304+00:00,2.2584871
2025-06-22 12:15:57.700591+00:00,2.2584867
2025-06-22 12:16:11.387714+00:00,2.2584868
2025-06-22 12:17:14.158882+00:00,2.2584869
2025-06-22 12:17:30.876600+00:00,2.2584865
2025-06-22 12:17:41.886578+00:00,2.2584876
2025-06-22 12:18:23.400653+00:00,2.2584873
2025-06-22 12:18:30.308509+00:00,2.2584872
2025-06-22 12:18:42.426427+00:00,2.2584873
2025-06-22 12:18:54.935403+00:00,2.2584877
2025-06-22 12:19:07.682899+00:00,2.2584872
2025-06-22 12:19:19.948815+00:00,2.2584878
2025-06-22 12:19:32.822438+00:00,2.2584875
2025-06-22 12:19:45.622184+00:00,2.2584877
2025-06-22 12:20:36.542511+00:00,2.2584865
2025-06-22 12:20:49.053314+00:00,2.2584871
2025-06-22 12:21:02.104472+00:00,2.2584876
2025-06-22 12:21:14.371767+00:00,2.2584869
2025-06-22 12:21:27.028338+00:00,2.2584873
2025-06-22 12:21:39.912718+00:00,2.2584875
2025-06-22 12:21:52.160124+00:00,2.2584868
2025-06-22 12:22:04.712691+00:00,2.2584867
2025-06-22 12:22:17.745003+00:00,2.2584872
2025-06-22 12:22:29.828000+00:00,2.258487
2025-06-22 12:22:42.399852+00:00,2.2584868
2025-06-22 12:22:55.212688+00:00,2.2584876
2025-06-22 12:23:08.467837+00:00,2.2584875
2025-06-22 12:23:20.144489+00:00,2.2584873
2025-06-22 12:23:33.143445+00:00,2.2584876
2025-06-22 12:23:45.567047+00:00,2.2584873
2025-06-22 12:23:58.066471+00:00,2.2584869
2025-06-22 12:24:11.175596+00:00,2.2584869
2025-06-22 12:24:23.818640+00:00,2.2584876
2025-06-22 12:25:43.668246+00:00,2.2584873
2025-06-22 12:25:54.226583+00:00,2.2584867
2025-06-22 12:26:07.802904+00:00,2.2584875
2025-06-22 12:26:19.518586+00:00,2.2584876
2025-06-22 12:26:35.961264+00:00,2.2584874
2025-06-22 12:26:45.287834+00:00,2.2584873
2025-06-22 12:27:36.757507+00:00,2.2584874
2025-06-22 12:27:49.259833+00:00,2.2584874
2025-06-22 12:28:01.627864+00:00,2.2584874
2025-06-22 12:28:14.143731+00:00,2.2584869
2025-06-22 12:28:26.670124+00:00,2.2584874
2025-06-22 12:28:39.913388+00:00,2.2584873
2025-06-22 12:28:53.206100+00:00,2.2584868
2025-06-22 12:29:04.551558+00:00,2.2584872
2025-06-22 12:29:19.195120+00:00,2.2584869
2025-06-22 12:29:29.483811+00:00,2.2584873
2025-06-22 12:29:42.027859+00:00,2.2584873
2025-06-22 12:29:54.434323+00:00,2.2584868
2025-06-22 12:30:21.517459+00:00,2.2584875
2025-06-22 12:30:32.978255+00:00,2.2584873
2025-06-22 12:30:45.456410+00:00,2.2584869
2025-06-22 12:30:57.893275+00:00,2.2584876
2025-06-22 12:31:10.715611+00:00,2.2584868
2025-06-22 12:31:23.250444+00:00,2.258487
2025-06-22 12:31:35.674627+00:00,2.2584869
2025-06-22 12:31:48.612872+00:00,2.2584869
2025-06-22 12:32:01.046891+00:00,2.258487
2025-06-22 12:32:13.510413+00:00,2.2584872
2025-06-22 12:32:31.137436+00:00,2.2584876
2025-06-22 12:32:38.952364+00:00,2.2584877
2025-06-22 12:33:04.224033+00:00,2.2584867
2025-06-22 12:33:16.835284+00:00,2.2584875
2025-06-22 12:33:29.523871+00:00,2.2584869
2025-06-22 12:33:53.258159+00:00,2.2584872
2025-06-22 12:34:08.382899+00:00,2.2584872
2025-06-22 12:34:19.881652+00:00,2.2584874
2025-06-22 12:34:34.392317+00:00,2.2584869
2025-06-22 12:34:44.701596+00:00,2.258487
2025-06-22 12:34:57.702717+00:00,2.258487
2025-06-22 12:35:11.884681+00:00,2.258487
2025-06-22 12:35:23.695123+00:00,2.2584868
2025-06-22 12:35:37.101064+00:00,2.2584873
2025-06-22 12:35:49.336410+00:00,2.2584876
2025-06-22 12:36:04.538186+00:00,2.2584861
2025-06-22 12:36:29.968897+00:00,2.258487
2025-06-22 12:36:41.106873+00:00,2.2584872
2025-06-22 12:36:53.739929+00:00,2.2584871
2025-06-22 12:37:08.497032+00:00,2.2584873
2025-06-22 12:37:19.264441+00:00,2.2584876
2025-06-22 12:37:32.346788+00:00,2.2584874
2025-06-22 12:37:46.488546+00:00,2.2584876
2025-06-22 12:37:57.299290+00:00,2.2584875
2025-06-22 12:38:10.652131+00:00,2.2584871
2025-06-22 12:38:23.113378+00:00,2.2584869
2025-06-22 12:38:35.653763+00:00,2.258487
2025-06-22 12:38:48.766851+00:00,2.2584871
2025-06-22 12:39:01.470150+00:00,2.2584876
2025-06-22 12:39:14.162037+00:00,2.2584875
2025-06-22 12:39:27.987525+00:00,2.258487
2025-06-22 12:39:39.760780+00:00,2.2584872
2025-06-22 12:39:52.470697+00:00,2.2584873
2025-06-22 12:40:05.193132+00:00,2.2584873
2025-06-22 12:40:17.409889+00:00,2.2584867
2025-06-22 12:40:29.909545+00:00,2.2584872
2025-06-22 12:40:42.314275+00:00,2.2584874
2025-06-22 12:40:57.174140+00:00,2.2584873
2025-06-22 12:41:07.615825+00:00,2.2584872
2025-06-22 12:41:20.150253+00:00,2.2584874
2025-06-22 12:41:33.283846+00:00,2.2584875
2025-06-22 12:41:46.400325+00:00,2.2584874
2025-06-22 12:41:58.283840+00:00,2.2584871
2025-06-22 12:42:11.740482+00:00,2.258487
2025-06-22 12:42:23.975370+00:00,2.2584875
2025-06-22 12:42:36.391510+00:00,2.2584874
2025-06-22 12:42:49.447884+00:00,2.2584871
2025-06-22 12:43:01.327543+00:00,2.2584872
2025-06-22 12:43:13.909998+00:00,2.2584867
2025-06-22 12:43:26.231835+00:00,2.2584871
2025-06-22 12:43:40.475289+00:00,2.2584868
2025-06-22 12:43:53.237084+00:00,2.2584868
2025-06-22 12:44:05.121236+00:00,2.258487
2025-06-22 12:44:17.197446+00:00,2.258487
2025-06-22 12:44:29.814517+00:00,2.2584872
2025-06-22 12:44:42.547684+00:00,2.2584875
2025-06-22 12:44:55.488036+00:00,2.2584873
2025-06-22 12:45:09.818515+00:00,2.258487
2025-06-22 12:45:24.265268+00:00,2.2584877
2025-06-22 12:45:47.938394+00:00,2.2584873
2025-06-22 12:45:58.504060+00:00,2.2584872
2025-06-22 12:46:11.376225+00:00,2.2584873
2025-06-22 12:46:23.652127+00:00,2.2584869
2025-06-22 12:46:39.900715+00:00,2.2584871
2025-06-22 12:46:49.532352+00:00,2.2584875
2025-06-22 12:47:07.982068+00:00,2.2584875
2025-06-22 12:47:40.674445+00:00,2.2584872
2025-06-22 12:48:30.321104+00:00,2.2584871
2025-06-22 12:48:45.125907+00:00,2.2584873
2025-06-22 12:48:58.818167+00:00,2.258487
2025-06-22 12:52:29.730701+00:00,2.2584873
2025-06-22 12:54:40.351142+00:00,2.2584869
2025-06-22 12:54:52.806898+00:00,2.2584873
2025-06-22 12:55:06.031514+00:00,2.2584876
2025-06-22 12:55:18.922970+00:00,2.2584873
2025-06-22 12:55:43.318698+00:00,2.2584873
2025-06-22 12:55:59.703302+00:00,2.258487
2025-06-22 12:56:58.134373+00:00,2.2584876
2025-06-22 12:56:58.891460+00:00,2.2584867
2025-06-22 12:57:11.850920+00:00,2.258487
2025-06-22 12:57:23.886743+00:00,2.2584874
2025-06-22 12:57:37.068239+00:00,2.2584869
2025-06-22 12:57:50.787739+00:00,2.2584874
2025-06-22 12:58:02.543058+00:00,2.2584877
2025-06-22 12:58:15.754929+00:00,2.2584876
2025-06-22 12:58:28.585121+00:00,2.2584864
2025-06-22 12:58:43.996462+00:00,2.2584875
2025-06-22 12:59:07.405014+00:00,2.2584872
2025-06-22 12:59:19.926105+00:00,2.2584876
2025-06-22 12:59:51.595384+00:00,2.2584868
2025-06-22 12:59:58.361350+00:00,2.2584871
2025-06-22 13:00:10.920359+00:00,2.2584871
2025-06-22 13:00:23.829368+00:00,2.2584871
2025-06-22 13:00:43.472104+00:00,2.258487
2025-06-22 13:00:49.294588+00:00,2.2584872
2025-06-22 13:01:02.252437+00:00,2.2584867
2025-06-22 13:01:16.618971+00:00,2.258487
2025-06-22 13:01:27.209519+00:00,2.2584873
2025-06-22 13:01:41.728443+00:00,2.2584874
2025-06-22 13:01:52.758764+00:00,2.2584874
2025-06-22 13:02:05.549709+00:00,2.258487
2025-06-22 13:02:18.224329+00:00,2.2584874
2025-06-22 13:02:30.204969+00:00,2.2584867
2025-06-22 13:02:42.864981+00:00,2.2584875
2025-06-22 13:02:54.951592+00:00,2.2584866
2025-06-22 13:03:10.792729+00:00,2.2584868
2025-06-22 13:03:20.574162+00:00,2.2584867
2025-06-22 13:03:46.890718+00:00,2.2584872
2025-06-22 13:04:12.483345+00:00,2.2584875
2025-06-22 13:04:36.403820+00:00,2.2584869
2025-06-22 13:05:27.113387+00:00,2.2584866
2025-06-22 13:05:39.524838+00:00,2.2584872
2025-06-22 13:05:51.874158+00:00,2.2584867
2025-06-22 13:06:04.733124+00:00,2.258487
2025-06-22 13:06:19.097682+00:00,2.2584867
2025-06-22 13:06:29.646361+00:00,2.258487
2025-06-22 13:06:42.155922+00:00,2.2584875
2025-06-22 13:06:55.524020+00:00,2.2584874
2025-06-22 13:07:08.059531+00:00,2.2584874
2025-06-22 13:07:20.414667+00:00,2.2584871
2025-06-22 13:07:58.610344+00:00,2.2584876
2025-06-22 13:08:13.221273+00:00,2.2584877
2025-06-22 13:08:59.486098+00:00,2.2584877
2025-06-22 13:09:06.007730+00:00,2.2584876
2025-06-22 13:09:16.840427+00:00,2.2584861
2025-06-22 13:09:41.095130+00:00,2.2584876
2025-06-22 13:09:53.852489+00:00,2.2584872
2025-06-22 13:48:58.034234+00:00,2.2584866
2025-06-22 13:49:10.940703+00:00,2.2584863
2025-06-22 13:49:23.157940+00:00,2.2584864
2025-06-22 13:50:01.303804+00:00,2.2584859
2025-06-22 13:50:17.946693+00:00,2.258487
2025-06-22 13:50:39.032216+00:00,2.2584873
2025-06-22 13:50:51.223328+00:00,2.2584873
2025-06-22 13:51:04.070523+00:00,2.2584871
2025-06-22 13:51:16.970990+00:00,2.2584873
2025-06-22 13:51:30.022033+00:00,2.2584871
2025-06-22 13:51:43.453950+00:00,2.2584873
2025-06-22 13:51:55.801268+00:00,2.2584876
2025-06-22 13:52:08.967752+00:00,2.258487
2025-06-22 13:52:21.359594+00:00,2.2584871
2025-06-22 13:52:47.435397+00:00,2.2584874
2025-06-22 13:52:59.561457+00:00,2.2584871
2025-06-22 13:53:12.286156+00:00,2.2584873
2025-06-22 13:53:25.347660+00:00,2.2584872
2025-06-22 13:53:37.947316+00:00,2.2584872
2025-06-22 13:53:51.340631+00:00,2.2584867
2025-06-22 13:54:03.414675+00:00,2.2584872
2025-06-22 13:54:18.343676+00:00,2.2584875
2025-06-22 13:54:29.567681+00:00,2.2584869
2025-06-22 13:54:41.866683+00:00,2.2584869
2025-06-22 13:55:59.063562+00:00,2.2584876
2025-06-22 13:56:44.084546+00:00,2.2584871
2025-06-22 13:56:57.410910+00:00,2.2584871
2025-06-22 13:57:12.214413+00:00,2.2584874
2025-06-22 13:58:14.952045+00:00,2.2584875
2025-06-22 13:58:27.963753+00:00,2.2584874
2025-06-22 13:58:40.413476+00:00,2.2584878
2025-06-22 13:58:53.172281+00:00,2.2584865
2025-06-22 13:59:05.599842+00:00,2.2584876
2025-06-22 13:59:18.795107+00:00,2.2584874
2025-06-22 13:59:31.198476+00:00,2.2584868
2025-06-22 13:59:43.365700+00:00,2.2584869
2025-06-22 13:59:57.271812+00:00,2.2584875
2025-06-22 14:00:08.797453+00:00,2.2584869
2025-06-22 14:00:21.789688+00:00,2.258487
2025-06-22 14:00:34.002859+00:00,2.2584873
2025-06-22 14:00:46.894219+00:00,2.2584875
2025-06-22 14:00:58.991893+00:00,2.2584866
2025-06-22 14:01:12.046688+00:00,2.2584868
2025-06-22 14:01:24.506718+00:00,2.2584868
2025-06-22 14:01:46.003173+00:00,2.2584872
2025-06-22 14:01:50.042987+00:00,2.2584874
2025-06-22 14:02:03.362001+00:00,2.2584869
2025-06-22 14:02:16.254869+00:00,2.258487
2025-06-22 14:02:29.070678+00:00,2.2584877
2025-06-22 14:02:42.013590+00:00,2.2584876
2025-06-22 14:02:55.187659+00:00,2.2584868
2025-06-22 14:03:08.977831+00:00,2.258487
2025-06-22 14:03:20.795335+00:00,2.2584858
2025-06-22 14:03:33.432552+00:00,2.2584871
2025-06-22 14:03:58.866419+00:00,2.258486
2025-06-22 14:04:36.681490+00:00,2.258486
2025-06-22 14:05:15.239782+00:00,2.2584869
2025-06-22 14:21:16.258842+00:00,2.2584877
2025-06-22 14:21:52.372071+00:00,2.2584874
2025-06-22 14:22:30.272174+00:00,2.2584877
2025-06-22 14:23:01.646142+00:00,2.258487
2025-06-22 14:23:52.930971+00:00,2.258487
2025-06-22 14:29:28.051724+00:00,2.2584874
2025-06-22 14:29:40.648839+00:00,2.2584868
2025-06-22 14:30:06.016306+00:00,2.2584874
2025-06-22 14:30:20.144178+00:00,2.2584867
2025-06-22 14:30:31.133656+00:00,2.258486
2025-06-22 14:30:43.682699+00:00,2.2584875
2025-06-22 14:30:56.874367+00:00,2.2584867
2025-06-22 14:31:08.819928+00:00,2.2584862
2025-06-22 14:31:22.050215+00:00,2.2584872
2025-06-22 14:31:34.152798+00:00,2.2584876
2025-06-22 14:31:47.301201+00:00,2.2584874
2025-06-22 14:31:59.452298+00:00,2.2584869
2025-06-22 14:32:26.598282+00:00,2.2584864
2025-06-22 14:32:37.627428+00:00,2.2584876
2025-06-22 14:33:15.048985+00:00,2.2584866
2025-06-22 14:33:28.590051+00:00,2.2584874
2025-06-22 14:33:40.388677+00:00,2.2584873
2025-06-22 14:33:55.988495+00:00,2.2584872
2025-06-22 14:34:05.697569+00:00,2.2584868
2025-06-22 14:34:18.403553+00:00,2.2584871
2025-06-22 14:34:43.985231+00:00,2.2584873
2025-06-22 14:34:57.093693+00:00,2.2584873
2025-06-22 14:35:15.262347+00:00,2.2584874
2025-06-22 14:35:24.787472+00:00,2.2584874
2025-06-22 14:35:38.070835+00:00,2.2584867
2025-06-22 14:35:49.484332+00:00,2.2584859
2025-06-22 14:36:01.935653+00:00,2.258487
2025-06-22 14:36:14.350826+00:00,2.2584867
2025-06-22 14:36:27.413035+00:00,2.2584877
2025-06-22 14:36:40.141691+00:00,2.2584867
2025-06-22 14:36:52.863257+00:00,2.2584865
2025-06-22 14:37:05.784061+00:00,2.2584875
2025-06-22 14:37:35.754162+00:00,2.2584871
2025-06-22 14:38:03.382992+00:00,2.2584867
2025-06-22 14:38:34.953290+00:00,2.258487
2025-06-22 14:38:56.427953+00:00,2.2584866
2025-06-22 14:39:37.813395+00:00,2.2584869
2025-06-22 14:39:53.732098+00:00,2.2584877
2025-06-22 14:41:43.110006+00:00,2.2584869
2025-06-22 14:41:56.531418+00:00,2.2584873
2025-06-22 14:42:09.093028+00:00,2.2584871
2025-06-22 14:42:58.780227+00:00,2.2584867
2025-06-22 14:43:12.070869+00:00,2.2584867
2025-06-22 14:43:24.226556+00:00,2.258487
2025-06-22 14:43:39.490729+00:00,2.2584869
2025-06-22 14:43:49.935630+00:00,2.2584861
2025-06-22 14:44:02.250787+00:00,2.2584864
2025-06-22 14:44:14.676584+00:00,2.258487
2025-06-22 14:44:33.429099+00:00,2.258487
2025-06-22 14:44:39.658649+00:00,2.2584864
2025-06-22 14:44:52.374599+00:00,2.2584866
2025-06-22 14:45:30.506372+00:00,2.2584868
2025-06-22 14:45:56.085827+00:00,2.2584875
2025-06-22 14:46:10.208235+00:00,2.2584865
2025-06-22 14:46:22.626988+00:00,2.258487
2025-06-22 14:46:51.392660+00:00,2.2584863
2025-06-22 14:47:52.533444+00:00,2.2584874
2025-06-22 14:48:04.723103+00:00,2.2584865
2025-06-22 14:48:16.695707+00:00,2.2584867
2025-06-22 14:49:20.134515+00:00,2.2584867
2025-06-22 14:49:46.017422+00:00,2.2584864
2025-06-22 14:50:23.290827+00:00,2.2584873
2025-06-22 14:50:35.835796+00:00,2.2584872
2025-06-22 14:50:54.131107+00:00,2.2584872
2025-06-22 14:51:01.048756+00:00,2.2584873
2025-06-22 14:51:14.464178+00:00,2.2584875
2025-06-22 14:51:26.191723+00:00,2.2584869
2025-06-22 14:51:38.638061+00:00,2.2584871
2025-06-22 14:52:10.946200+00:00,2.2584872
2025-06-22 14:52:18.488847+00:00,2.2584875
2025-06-22 14:52:31.036448+00:00,2.2584872
2025-06-22 14:52:54.547935+00:00,2.2584871
2025-06-22 14:53:20.411776+00:00,2.258487
2025-06-22 14:53:32.498128+00:00,2.2584864
2025-06-22 14:53:46.263572+00:00,2.2584874
2025-06-22 14:53:57.169545+00:00,2.2584871
2025-06-22 14:54:13.252126+00:00,2.2584873
2025-06-22 14:54:35.236366+00:00,2.2584875
2025-06-22 14:54:48.722587+00:00,2.2584874
2025-06-22 14:55:00.398420+00:00,2.258487
2025-06-22 14:55:14.996915+00:00,2.258487
2025-06-22 14:55:26.728401+00:00,2.2584869
2025-06-22 14:55:39.684209+00:00,2.2584868
2025-06-22 14:55:52.376270+00:00,2.258487
2025-06-22 14:56:08.007457+00:00,2.2584869
2025-06-22 14:56:19.431049+00:00,2.2584871
2025-06-22 14:56:31.937471+00:00,2.2584874
2025-06-22 14:56:43.657037+00:00,2.2584873
2025-06-22 14:56:57.623990+00:00,2.2584871
2025-06-22 14:57:10.035300+00:00,2.2584875
2025-06-22 14:57:21.141241+00:00,2.258487
2025-06-22 14:57:47.891278+00:00,2.2584869
2025-06-22 14:58:03.129854+00:00,2.2584876
2025-06-22 14:58:14.725392+00:00,2.2584877
2025-06-22 14:58:26.471719+00:00,2.2584872
2025-06-22 14:58:38.247196+00:00,2.2584869
2025-06-22 14:58:50.286333+00:00,2.258487
2025-06-22 14:59:03.118251+00:00,2.2584873
2025-06-22 14:59:22.465892+00:00,2.2584869
2025-06-22 14:59:41.439425+00:00,2.2584871
2025-06-22 14:59:53.578701+00:00,2.2584875
2025-06-22 15:00:06.539729+00:00,2.2584873
2025-06-22 15:00:19.152947+00:00,2.2584877
2025-06-22 15:00:31.095168+00:00,2.2584875
2025-06-22 15:00:44.012102+00:00,2.2584872
2025-06-22 15:00:55.987068+00:00,2.2584871
2025-06-22 15:01:08.742914+00:00,2.2584871
2025-06-22 15:01:21.328768+00:00,2.2584869
2025-06-22 15:01:34.045233+00:00,2.258487
2025-06-22 15:01:46.625543+00:00,2.2584873
2025-06-22 15:01:59.486108+00:00,2.2584874
2025-06-22 15:02:13.055300+00:00,2.2584869
2025-06-22 15:02:24.641631+00:00,2.258487
2025-06-22 15:02:39.739163+00:00,2.2584868
2025-06-22 15:02:49.504373+00:00,2.2584876
2025-06-22 15:03:02.437593+00:00,2.2584872
2025-06-22 15:03:15.331100+00:00,2.2584869
2025-06-22 15:03:27.117529+00:00,2.2584872
2025-06-22 15:03:39.865751+00:00,2.2584869
2025-06-22 15:03:52.567785+00:00,2.2584871
2025-06-22 15:04:05.389736+00:00,2.2584874
2025-06-22 15:04:18.198173+00:00,2.2584871
2025-06-22 15:04:30.457041+00:00,2.2584865
2025-06-22 15:04:43.129933+00:00,2.2584872
2025-06-22 15:04:55.491287+00:00,2.2584868
2025-06-22 15:05:14.297495+00:00,2.2584871
2025-06-22 15:05:21.198757+00:00,2.2584872
2025-06-22 15:05:33.878547+00:00,2.258487
2025-06-22 15:05:46.367462+00:00,2.2584871
2025-06-22 15:05:59.129325+00:00,2.2584871
2025-06-22 15:06:12.486871+00:00,2.2584878
2025-06-22 15:06:24.688284+00:00,2.2584867
2025-06-22 15:06:37.548803+00:00,2.2584874
2025-06-22 15:06:58.482108+00:00,2.2584868
2025-06-22 15:07:12.889785+00:00,2.2584872
2025-06-22 15:07:29.388300+00:00,2.2584875
2025-06-22 15:07:42.030128+00:00,2.2584864
2025-06-22 15:07:54.982535+00:00,2.2584873
2025-06-22 15:08:07.868340+00:00,2.258487
2025-06-22 15:08:20.473965+00:00,2.2584875
2025-06-22 15:08:33.531540+00:00,2.2584874
2025-06-22 15:08:46.232569+00:00,2.2584866
2025-06-22 15:08:58.742008+00:00,2.258487
2025-06-22 15:09:14.901430+00:00,2.2584872
2025-06-22 15:09:24.240441+00:00,2.2584874
2025-06-22 15:09:36.833456+00:00,2.2584868
2025-06-22 15:09:49.513461+00:00,2.2584868
2025-06-22 15:10:18.962682+00:00,2.2584875
2025-06-22 15:11:23.917532+00:00,2.2584871
2025-06-22 15:11:29.722556+00:00,2.2584874
2025-06-22 15:11:43.759898+00:00,2.2584872
2025-06-22 15:11:57.215875+00:00,2.2584874
2025-06-22 15:14:50.763114+00:00,2.2584866
2025-06-22 15:15:03.747923+00:00,2.2584874
2025-06-22 15:15:16.338932+00:00,2.2584873
2025-06-22 15:15:32.724843+00:00,2.2584877
2025-06-22 15:16:46.503574+00:00,2.2584868
2025-06-22 15:16:58.978316+00:00,2.2584871
2025-06-22 15:17:48.352093+00:00,2.2584867
2025-06-22 15:17:49.798256+00:00,2.2584873
2025-06-22 15:18:22.477161+00:00,2.2584868
2025-06-22 15:18:28.047502+00:00,2.2584873
2025-06-22 15:18:41.063169+00:00,2.2584868
2025-06-22 15:18:53.594292+00:00,2.2584865
2025-06-22 15:19:06.441430+00:00,2.258487
2025-06-22 15:19:19.030667+00:00,2.2584874
2025-06-22 15:19:48.694272+00:00,2.2584868
2025-06-22 15:20:11.370187+00:00,2.2584871
2025-06-22 15:20:22.390695+00:00,2.2584867
2025-06-22 15:20:34.640156+00:00,2.2584878
2025-06-22 15:20:47.521176+00:00,2.2584869
2025-06-22 15:20:59.361572+00:00,2.2584867
2025-06-22 15:21:13.529396+00:00,2.258487
2025-06-22 15:21:37.157354+00:00,2.2584873
2025-06-22 15:21:49.586732+00:00,2.2584876
2025-06-22 15:22:02.437896+00:00,2.2584869
2025-06-22 15:22:17.970588+00:00,2.2584872
2025-06-22 15:22:27.498444+00:00,2.2584873
2025-06-22 15:22:40.185527+00:00,2.2584872
2025-06-22 15:22:53.060263+00:00,2.2584874
2025-06-22 15:23:06.820444+00:00,2.2584873
2025-06-22 15:23:18.648262+00:00,2.2584867
2025-06-22 15:23:30.768480+00:00,2.2584866
2025-06-22 15:23:43.180876+00:00,2.2584873
2025-06-22 15:23:58.322432+00:00,2.2584872
2025-06-22 15:24:10.275384+00:00,2.2584876
2025-06-22 15:24:20.630873+00:00,2.2584871
2025-06-22 15:24:33.442022+00:00,2.2584867
2025-06-22 15:24:46.284530+00:00,2.258487
2025-06-22 15:24:58.395523+00:00,2.2584867
2025-06-22 15:25:36.939817+00:00,2.2584871
2025-06-22 15:25:49.541160+00:00,2.2584868
2025-06-22 15:26:44.044927+00:00,2.258487
2025-06-22 15:26:53.929726+00:00,2.2584867
2025-06-22 15:27:07.263113+00:00,2.2584873
2025-06-22 15:27:19.317048+00:00,2.2584869
2025-06-22 15:27:32.448958+00:00,2.2584867
2025-06-22 15:29:00.078050+00:00,2.2584871
2025-06-22 15:29:01.807517+00:00,2.2584877
2025-06-22 15:29:14.287958+00:00,2.2584866
2025-06-22 15:29:27.052408+00:00,2.2584871
2025-06-22 15:29:39.711679+00:00,2.258487
2025-06-22 15:30:30.111996+00:00,2.2584867
2025-06-22 15:30:42.168957+00:00,2.2584868
2025-06-22 15:30:55.998921+00:00,2.2584872
2025-06-22 15:31:14.055691+00:00,2.2584872
2025-06-22 15:31:19.831553+00:00,2.258487
2025-06-22 15:31:45.010758+00:00,2.2584869
2025-06-22 15:31:59.276695+00:00,2.2584879
2025-06-22 15:32:10.717299+00:00,2.2584877
2025-06-22 15:32:27.244279+00:00,2.2584873
2025-06-22 15:32:35.447581+00:00,2.2584875
2025-06-22 15:32:48.688213+00:00,2.2584873
2025-06-22 15:33:00.940750+00:00,2.2584874
2025-06-22 15:33:32.504264+00:00,2.2584869
2025-06-22 15:33:40.777792+00:00,2.2584871
2025-06-22 15:33:51.167411+00:00,2.2584875
2025-06-22 15:34:04.152191+00:00,2.2584871
2025-06-22 15:34:18.253562+00:00,2.2584876
2025-06-22 15:34:37.423987+00:00,2.2584876
2025-06-22 15:35:21.975832+00:00,2.2584868
2025-06-22 15:35:41.692890+00:00,2.2584877
2025-06-22 15:35:44.792716+00:00,2.2584874
2025-06-22 15:35:58.228657+00:00,2.2584871
2025-06-22 15:36:15.348390+00:00,2.2584878
2025-06-22 15:36:22.655090+00:00,2.2584869
2025-06-22 15:36:38.164099+00:00,2.2584868
2025-06-22 15:36:48.783787+00:00,2.2584877
2025-06-22 15:37:03.112412+00:00,2.2584875
2025-06-22 15:37:14.465312+00:00,2.258487
2025-06-22 15:37:27.082115+00:00,2.2584872
2025-06-22 15:37:39.741844+00:00,2.2584867
2025-06-22 15:37:52.556095+00:00,2.2584873
2025-06-22 15:38:05.856059+00:00,2.2584877
2025-06-22 15:38:19.005965+00:00,2.2584877
2025-06-22 15:38:31.097865+00:00,2.2584873
2025-06-22 15:38:45.521793+00:00,2.2584869
2025-06-22 15:39:09.987727+00:00,2.2584877
2025-06-22 15:39:24.323571+00:00,2.2584866
2025-06-22 15:39:50.703311+00:00,2.2584865
2025-06-22 15:41:11.866208+00:00,2.2584874
2025-06-22 15:41:14.832967+00:00,2.2584871
2025-06-22 15:41:28.081821+00:00,2.2584867
2025-06-22 15:42:16.625885+00:00,2.2584869
2025-06-22 15:42:18.467739+00:00,2.2584869
2025-06-22 15:42:31.021697+00:00,2.2584877
2025-06-22 15:42:43.001778+00:00,2.2584876
2025-06-22 15:42:55.467879+00:00,2.2584876
2025-06-22 15:43:53.048367+00:00,2.258487
2025-06-22 15:44:30.798641+00:00,2.2584868
2025-06-22 15:44:35.981427+00:00,2.2584873
2025-06-22 15:44:48.873150+00:00,2.2584869
2025-06-22 15:45:01.637286+00:00,2.2584877
2025-06-22 15:45:14.396522+00:00,2.2584868
2025-06-22 15:45:48.423185+00:00,2.2584876
2025-06-22 15:45:51.549860+00:00,2.2584868
2025-06-22 15:46:18.272004+00:00,2.2584871
2025-06-22 15:46:37.370851+00:00,2.2584875
2025-06-22 15:46:43.112373+00:00,2.2584865
2025-06-22 15:47:21.969041+00:00,2.2584875
2025-06-22 15:47:34.618152+00:00,2.2584871
2025-06-22 15:48:13.094911+00:00,2.2584868
2025-06-22 15:48:25.934995+00:00,2.2584872
2025-06-22 15:48:38.775112+00:00,2.2584874
2025-06-22 15:48:50.943599+00:00,2.2584873
2025-06-22 15:49:04.024216+00:00,2.2584872
2025-06-22 15:49:16.507836+00:00,2.2584873
2025-06-22 15:49:29.684029+00:00,2.258487
2025-06-22 15:49:41.815816+00:00,2.2584868
2025-06-22 15:49:54.342739+00:00,2.2584872
2025-06-22 15:50:07.306182+00:00,2.2584876
2025-06-22 15:50:20.139516+00:00,2.2584869
2025-06-22 15:50:33.230724+00:00,2.2584876
2025-06-22 15:50:45.017094+00:00,2.2584874
2025-06-22 15:51:03.367045+00:00,2.2584869
2025-06-22 15:51:10.371510+00:00,2.2584875
2025-06-22 15:51:22.435497+00:00,2.2584868
2025-06-22 15:51:35.187934+00:00,2.2584873
2025-06-22 15:51:47.910585+00:00,2.2584868
2025-06-22 15:52:00.144259+00:00,2.2584875
2025-06-22 15:52:12.681023+00:00,2.2584874
2025-06-22 15:52:25.336539+00:00,2.2584871
2025-06-22 15:52:37.948827+00:00,2.2584874
2025-06-22 15:52:50.596588+00:00,2.2584874
2025-06-22 15:53:04.600511+00:00,2.2584876
2025-06-22 15:53:16.258520+00:00,2.2584865
2025-06-22 15:53:28.500567+00:00,2.258487
2025-06-22 15:53:41.158872+00:00,2.2584874
2025-06-22 15:53:53.676522+00:00,2.258487
2025-06-22 15:54:23.150927+00:00,2.2584869
2025-06-22 15:54:44.127731+00:00,2.2584871
2025-06-22 15:54:56.446318+00:00,2.2584876
2025-06-22 15:55:09.765240+00:00,2.2584866
2025-06-22 15:55:22.073241+00:00,2.2584868
2025-06-22 15:55:34.718017+00:00,2.2584876
2025-06-22 15:55:49.893672+00:00,2.2584873
2025-06-22 15:56:02.730172+00:00,2.2584875
2025-06-22 15:56:12.659779+00:00,2.2584868
2025-06-22 15:56:27.206125+00:00,2.2584866
2025-06-22 15:56:38.415488+00:00,2.2584871
2025-06-22 15:56:51.299447+00:00,2.2584872
2025-06-22 15:57:04.609519+00:00,2.2584871
2025-06-22 15:57:19.782587+00:00,2.2584867
2025-06-22 15:57:29.359768+00:00,2.2584877
2025-06-22 15:57:42.154310+00:00,2.2584873
2025-06-22 15:57:55.632319+00:00,2.2584871
2025-06-22 15:58:08.086294+00:00,2.2584876
2025-06-22 15:58:20.735520+00:00,2.2584871
2025-06-22 15:58:33.861017+00:00,2.2584865
2025-06-22 15:58:47.750897+00:00,2.2584867
2025-06-22 15:58:59.584953+00:00,2.2584871
2025-06-22 15:59:12.963979+00:00,2.2584869
2025-06-22 15:59:24.030969+00:00,2.2584864
2025-06-22 15:59:51.880295+00:00,2.2584872
2025-06-22 16:00:26.883691+00:00,2.258487
2025-06-22 16:00:40.806179+00:00,2.2584871
2025-06-22 16:00:52.145813+00:00,2.2584871
2025-06-22 16:01:18.880237+00:00,2.2584874
2025-06-22 16:02:01.137240+00:00,2.2584876
2025-06-22 16:02:20.103591+00:00,2.2584869
2025-06-22 16:02:32.586503+00:00,2.2584868
2025-06-22 16:02:44.860765+00:00,2.2584871
2025-06-22 16:02:57.851336+00:00,2.2584875
2025-06-22 16:03:16.641088+00:00,2.258487
2025-06-22 16:03:22.465746+00:00,2.2584868
2025-06-22 16:03:35.349827+00:00,2.2584869
2025-06-22 16:03:47.913345+00:00,2.2584867
2025-06-22 16:04:00.918373+00:00,2.2584875
2025-06-22 16:04:12.911468+00:00,2.2584871
2025-06-22 16:04:26.358023+00:00,2.2584869
2025-06-22 16:04:37.875355+00:00,2.2584877
2025-06-22 16:04:50.952488+00:00,2.2584873
2025-06-22 16:05:03.528842+00:00,2.258487
2025-06-22 16:05:16.990199+00:00,2.2584867
2025-06-22 16:05:29.257937+00:00,2.2584875
2025-06-22 16:05:41.613157+00:00,2.2584871
2025-06-22 16:05:54.729544+00:00,2.2584873
2025-06-22 16:06:07.502095+00:00,2.2584875
2025-06-22 16:06:20.505487+00:00,2.2584875
2025-06-22 16:06:33.264338+00:00,2.2584869
2025-06-22 16:06:46.313881+00:00,2.2584877
2025-06-22 16:06:58.397023+00:00,2.2584867
2025-06-22 16:07:11.588090+00:00,2.2584867
2025-06-22 16:07:24.598010+00:00,2.2584874
2025-06-22 16:07:36.720040+00:00,2.2584875
2025-06-22 16:07:49.537520+00:00,2.258487
2025-06-22 16:08:02.840488+00:00,2.2584872
2025-06-22 16:08:14.885338+00:00,2.2584874
2025-06-22 16:08:28.411171+00:00,2.2584875
2025-06-22 16:08:40.479018+00:00,2.2584869
2025-06-22 16:09:20.991900+00:00,2.2584872
2025-06-22 16:09:31.673318+00:00,2.2584875
2025-06-22 16:09:43.178451+00:00,2.2584876
2025-06-22 16:09:55.943792+00:00,2.2584875
2025-06-22 16:10:08.642733+00:00,2.2584868
2025-06-22 16:10:21.391768+00:00,2.2584874
2025-06-22 16:10:34.128680+00:00,2.2584867
2025-06-22 16:10:45.902586+00:00,2.2584877
2025-06-22 16:10:58.493543+00:00,2.2584874
2025-06-22 16:11:14.390722+00:00,2.2584875
2025-06-22 16:11:23.874911+00:00,2.2584869
2025-06-22 16:11:38.441450+00:00,2.2584874
2025-06-22 16:11:49.265392+00:00,2.2584876
2025-06-22 16:12:01.763147+00:00,2.2584871
2025-06-22 16:12:26.823056+00:00,2.2584873
2025-06-22 16:12:40.392025+00:00,2.2584878
2025-06-22 16:12:53.758684+00:00,2.2584869
2025-06-22 16:13:04.563357+00:00,2.2584867
2025-06-22 16:13:17.308443+00:00,2.2584869
2025-06-22 16:13:29.965776+00:00,2.2584872
2025-06-22 16:13:42.397791+00:00,2.2584865
2025-06-22 16:13:54.861973+00:00,2.2584875
2025-06-22 16:14:08.079845+00:00,2.2584868
2025-06-22 16:14:26.971064+00:00,2.2584868
2025-06-22 16:14:54.235832+00:00,2.2584869
2025-06-22 16:15:49.132610+00:00,2.2584875
2025-06-22 16:16:21.712949+00:00,2.258487
2025-06-22 16:16:51.442958+00:00,2.2584871
2025-06-22 16:17:31.008961+00:00,2.2584869
2025-06-22 16:17:43.596343+00:00,2.258487
2025-06-22 16:17:56.419930+00:00,2.258487
2025-06-22 16:18:09.087098+00:00,2.2584872
2025-06-22 16:18:21.749436+00:00,2.2584878
2025-06-22 16:18:58.258754+00:00,2.2584869
2025-06-22 16:19:24.909327+00:00,2.2584876
2025-06-22 16:19:50.187048+00:00,2.2584871
2025-06-22 16:20:02.595762+00:00,2.2584871
2025-06-22 16:20:15.231185+00:00,2.2584877
2025-06-22 16:20:28.153530+00:00,2.2584865
2025-06-22 16:20:40.246218+00:00,2.2584876
2025-06-22 16:23:18.016428+00:00,2.2584868
2025-06-22 16:23:43.522765+00:00,2.2584875
2025-06-22 16:23:54.322232+00:00,2.2584877
2025-06-22 16:24:29.860881+00:00,2.2584873
2025-06-22 16:24:46.612521+00:00,2.258487
2025-06-22 16:24:55.619780+00:00,2.258487
2025-06-22 16:25:08.762031+00:00,2.2584872
2025-06-22 16:25:32.636375+00:00,2.2584871
2025-06-22 16:26:28.252442+00:00,2.2584861
2025-06-22 16:26:41.785389+00:00,2.2584881
2025-06-22 16:27:17.775886+00:00,2.2584877
2025-06-22 16:27:30.339974+00:00,2.2584878
2025-06-22 16:28:01.554275+00:00,2.2584874
2025-06-22 16:28:50.938307+00:00,2.258488
2025-06-22 16:28:59.773468+00:00,2.2584875
2025-06-22 16:29:24.842930+00:00,2.2584878
2025-06-22 16:29:37.701403+00:00,2.2584874
2025-06-22 16:29:50.374912+00:00,2.2584874
2025-06-22 16:30:03.870420+00:00,2.258488
2025-06-22 16:30:20.088428+00:00,2.2584875
2025-06-22 16:30:29.162411+00:00,2.2584874
2025-06-22 16:30:41.669984+00:00,2.2584874
2025-06-22 16:30:55.288936+00:00,2.2584872
2025-06-22 16:31:07.012210+00:00,2.2584871
2025-06-22 16:31:19.162080+00:00,2.2584871
2025-06-22 16:31:31.619275+00:00,2.2584881
2025-06-22 16:31:43.575438+00:00,2.2584881
2025-06-22 16:31:56.397089+00:00,2.2584876
2025-06-22 16:32:09.310829+00:00,2.2584874
2025-06-22 16:32:22.202180+00:00,2.2584882
2025-06-22 16:32:34.760515+00:00,2.2584876
2025-06-22 16:32:47.274776+00:00,2.2584876
2025-06-22 16:32:59.629941+00:00,2.2584873
2025-06-22 16:33:12.549781+00:00,2.2584877
2025-06-22 16:33:40.587568+00:00,2.2584878
2025-06-22 16:34:15.782033+00:00,2.2584878
2025-06-22 16:34:28.234487+00:00,2.2584874
2025-06-22 16:34:41.130265+00:00,2.2584878
2025-06-22 16:34:53.461195+00:00,2.2584877
2025-06-22 16:35:06.479858+00:00,2.2584871
2025-06-22 16:35:20.064146+00:00,2.2584877
2025-06-22 16:35:31.850902+00:00,2.2584878
2025-06-22 16:35:43.701404+00:00,2.2584873
2025-06-22 16:36:25.765506+00:00,2.2584875
2025-06-22 16:36:33.819521+00:00,2.2584873
2025-06-22 16:36:46.872145+00:00,2.2584872
2025-06-22 16:36:59.641642+00:00,2.2584878
2025-06-22 16:37:28.054347+00:00,2.2584881
2025-06-22 16:37:50.703808+00:00,2.2584883
2025-06-22 16:38:03.476341+00:00,2.2584878
2025-06-22 16:38:16.926167+00:00,2.2584879
2025-06-22 16:38:29.392366+00:00,2.2584871
2025-06-22 16:38:47.316879+00:00,2.258488
2025-06-22 16:38:56.162700+00:00,2.2584874
2025-06-22 16:39:07.620661+00:00,2.2584873
2025-06-22 16:39:19.320903+00:00,2.2584877
2025-06-22 16:39:32.384752+00:00,2.2584875
2025-06-22 16:39:45.414536+00:00,2.2584872
2025-06-22 16:39:57.639802+00:00,2.2584876
2025-06-22 16:40:11.713007+00:00,2.2584879
2025-06-22 16:40:23.274045+00:00,2.2584872
2025-06-22 16:40:36.105769+00:00,2.2584877
2025-06-22 16:41:10.071986+00:00,2.2584876
2025-06-22 16:41:13.681356+00:00,2.2584873
2025-06-22 16:41:51.266693+00:00,2.2584873
2025-06-22 16:42:03.953433+00:00,2.2584879
2025-06-22 16:42:16.761864+00:00,2.2584874
2025-06-22 16:42:28.625917+00:00,2.2584878
2025-06-22 16:42:41.071061+00:00,2.2584874
2025-06-22 16:42:54.624648+00:00,2.2584872
2025-06-22 16:43:08.417337+00:00,2.2584878
2025-06-22 16:43:18.931841+00:00,2.2584869
2025-06-22 16:43:33.771386+00:00,2.2584871
2025-06-22 16:43:44.214180+00:00,2.2584876
2025-06-22 16:43:57.348829+00:00,2.2584875
2025-06-22 16:44:12.766592+00:00,2.2584878
2025-06-22 16:44:21.665642+00:00,2.258488
2025-06-22 16:44:34.349112+00:00,2.2584879
2025-06-22 16:44:51.495346+00:00,2.2584875
2025-06-22 16:45:39.707844+00:00,2.2584875
2025-06-22 16:45:50.809430+00:00,2.2584871
2025-06-22 16:46:02.439993+00:00,2.2584872
2025-06-22 16:46:17.908676+00:00,2.2584879
2025-06-22 16:46:28.243928+00:00,2.2584878
2025-06-22 16:46:41.117043+00:00,2.2584875
2025-06-22 16:46:52.643995+00:00,2.2584875
2025-06-22 16:47:09.563078+00:00,2.2584877
2025-06-22 16:47:18.056478+00:00,2.2584876
2025-06-22 16:47:31.132870+00:00,2.2584873
2025-06-22 16:47:43.772796+00:00,2.2584878
2025-06-22 16:48:00.438060+00:00,2.2584877
2025-06-22 16:48:23.409629+00:00,2.2584878
2025-06-22 16:49:02.409632+00:00,2.2584877
2025-06-22 16:49:13.577959+00:00,2.2584877
2025-06-22 16:49:56.555798+00:00,2.2584881
2025-06-22 16:50:42.402866+00:00,2.2584875
2025-06-22 16:50:55.127459+00:00,2.2584875
2025-06-22 16:51:14.265401+00:00,2.2584881
2025-06-22 16:51:21.110888+00:00,2.2584883
2025-06-22 16:51:33.482550+00:00,2.2584878
2025-06-22 16:51:45.991110+00:00,2.2584881
2025-06-22 16:51:58.309395+00:00,2.2584873
2025-06-22 16:52:10.936130+00:00,2.2584878
2025-06-22 16:52:23.176188+00:00,2.2584876
2025-06-22 16:52:35.551125+00:00,2.2584879
2025-06-22 16:52:48.525692+00:00,2.2584876
2025-06-22 16:53:01.971082+00:00,2.2584872
2025-06-22 16:53:13.255807+00:00,2.2584879
2025-06-22 16:53:26.004381+00:00,2.2584876
2025-06-22 16:53:38.325715+00:00,2.2584878
2025-06-22 16:53:51.362114+00:00,2.258488
2025-06-22 16:54:04.056172+00:00,2.2584873
2025-06-22 16:54:16.660430+00:00,2.2584873
2025-06-22 16:56:22.579625+00:00,2.2584874
2025-06-22 16:56:35.703774+00:00,2.2584873
2025-06-22 16:56:47.831870+00:00,2.2584874
2025-06-22 16:57:00.282694+00:00,2.2584875
2025-06-22 16:57:12.368830+00:00,2.2584872
2025-06-22 16:57:25.508922+00:00,2.2584874
2025-06-22 16:57:37.786698+00:00,2.2584879
2025-06-22 16:57:50.403414+00:00,2.2584873
2025-06-22 16:58:04.160827+00:00,2.258487
2025-06-22 16:58:16.341984+00:00,2.2584881
2025-06-22 16:58:28.904405+00:00,2.258488
2025-06-22 16:58:45.225889+00:00,2.2584875
2025-06-22 17:00:08.652462+00:00,2.2584877
2025-06-22 17:00:42.599777+00:00,2.2584872
2025-06-22 17:00:49.298021+00:00,2.2584877
2025-06-22 17:01:03.983800+00:00,2.2584878
2025-06-22 17:01:14.372327+00:00,2.2584872
2025-06-22 17:01:27.049750+00:00,2.2584881
2025-06-22 17:01:40.401117+00:00,2.2584875
2025-06-22 17:01:52.632019+00:00,2.2584877
2025-06-22 17:02:05.517636+00:00,2.258487
2025-06-22 17:02:18.706993+00:00,2.2584877
2025-06-22 17:02:30.949320+00:00,2.258488
2025-06-22 17:02:43.115508+00:00,2.2584876
2025-06-22 17:02:55.097733+00:00,2.2584875
2025-06-22 17:03:07.773490+00:00,2.2584872
2025-06-22 17:03:20.305196+00:00,2.2584874
2025-06-22 17:03:32.753481+00:00,2.2584879
2025-06-22 17:03:46.607036+00:00,2.2584877
2025-06-22 17:03:58.352980+00:00,2.258488
2025-06-22 17:04:11.882600+00:00,2.2584879
2025-06-22 17:04:24.050379+00:00,2.258488
2025-06-22 17:04:36.679828+00:00,2.2584879
2025-06-22 17:04:50.155745+00:00,2.2584879
2025-06-22 17:05:02.761910+00:00,2.2584881
2025-06-22 17:05:15.588846+00:00,2.2584878
2025-06-22 17:05:28.206325+00:00,2.2584877
2025-06-22 17:05:43.769888+00:00,2.2584879
2025-06-22 17:05:54.317083+00:00,2.2584878
2025-06-22 17:06:19.255172+00:00,2.2584872
2025-06-22 17:06:33.902894+00:00,2.258487
2025-06-22 17:06:44.472131+00:00,2.2584876
2025-06-22 17:06:56.111178+00:00,2.2584876
2025-06-22 17:07:21.975164+00:00,2.2584878
2025-06-22 17:07:34.055262+00:00,2.2584874
2025-06-22 17:07:45.967467+00:00,2.2584874
2025-06-22 17:07:58.247000+00:00,2.2584879
2025-06-22 17:08:11.339694+00:00,2.2584877
2025-06-22 17:08:40.074871+00:00,2.2584875
2025-06-22 17:08:49.617199+00:00,2.2584874
2025-06-22 17:09:02.425466+00:00,2.2584877
2025-06-22 17:09:14.860685+00:00,2.2584875
2025-06-22 17:10:17.779528+00:00,2.2584881
2025-06-22 17:10:18.879307+00:00,2.2584874
2025-06-22 17:10:36.471459+00:00,2.2584874
2025-06-22 17:10:48.203322+00:00,2.2584876
2025-06-22 17:11:22.191801+00:00,2.2584882
2025-06-22 17:11:35.047735+00:00,2.2584871
2025-06-22 17:11:48.341807+00:00,2.258488
2025-06-22 17:12:07.505659+00:00,2.2584879
2025-06-22 17:12:23.316836+00:00,2.2584877
2025-06-22 17:12:25.899443+00:00,2.2584874
2025-06-22 17:12:39.354896+00:00,2.2584879
2025-06-22 17:12:50.911861+00:00,2.2584877
2025-06-22 17:13:03.853245+00:00,2.2584881
2025-06-22 17:13:16.373961+00:00,2.2584872
2025-06-22 17:13:28.722927+00:00,2.2584879
2025-06-22 17:13:41.140744+00:00,2.2584875
2025-06-22 17:13:53.723262+00:00,2.2584876
2025-06-22 17:14:06.908189+00:00,2.2584875
2025-06-22 17:14:19.094954+00:00,2.2584873
2025-06-22 17:14:32.878842+00:00,2.2584871
2025-06-22 17:14:44.701959+00:00,2.2584876
2025-06-22 17:14:59.761065+00:00,2.2584873
2025-06-22 17:15:26.047709+00:00,2.2584876
2025-06-22 17:16:13.244448+00:00,2.2584873
2025-06-22 17:16:28.222745+00:00,2.2584878
2025-06-22 17:16:51.425787+00:00,2.2584875
2025-06-22 17:17:16.604459+00:00,2.2584878
2025-06-22 17:17:29.299374+00:00,2.2584876
2025-06-22 17:17:41.748594+00:00,2.2584875
2025-06-22 17:18:00.278678+00:00,2.2584874
2025-06-22 17:18:07.624558+00:00,2.2584876
2025-06-22 17:18:32.318086+00:00,2.2584872
2025-06-22 17:18:44.589457+00:00,2.2584872
2025-06-22 17:18:57.573648+00:00,2.2584879
2025-06-22 17:19:10.909704+00:00,2.258488
2025-06-22 17:19:24.096737+00:00,2.2584874
2025-06-22 17:19:38.075049+00:00,2.2584877
2025-06-22 17:19:49.236264+00:00,2.2584874
2025-06-22 17:20:29.649324+00:00,2.2584872
2025-06-22 17:20:47.074326+00:00,2.2584876
2025-06-22 17:20:53.088130+00:00,2.2584871
2025-06-22 17:21:05.673643+00:00,2.2584874
2025-06-22 17:21:31.131069+00:00,2.2584874
2025-06-22 17:21:43.338182+00:00,2.2584876
2025-06-22 17:21:56.575918+00:00,2.258487
2025-06-22 17:22:09.215914+00:00,2.2584874
2025-06-22 17:22:26.838282+00:00,2.258488
2025-06-22 17:22:42.442552+00:00,2.2584882
2025-06-22 17:22:47.752961+00:00,2.2584877
2025-06-22 17:23:00.188278+00:00,2.2584877
2025-06-22 17:23:12.338868+00:00,2.258487
2025-06-22 17:23:25.288078+00:00,2.2584873
2025-06-22 17:23:39.318995+00:00,2.2584878
2025-06-22 17:23:49.994892+00:00,2.2584875
2025-06-22 17:24:02.676147+00:00,2.2584874
2025-06-22 17:24:14.836392+00:00,2.2584869
2025-06-22 17:24:27.202083+00:00,2.2584877
2025-06-22 17:24:39.941322+00:00,2.2584873
2025-06-22 17:24:52.557592+00:00,2.2584873
2025-06-22 17:25:05.733797+00:00,2.2584877
2025-06-22 17:25:17.973162+00:00,2.258487
2025-06-22 17:25:30.933833+00:00,2.2584874
2025-06-22 17:25:43.325329+00:00,2.258488
2025-06-22 17:25:55.925510+00:00,2.2584875
2025-06-22 17:26:08.497807+00:00,2.2584881
2025-06-22 17:26:21.033649+00:00,2.2584871
2025-06-22 17:26:33.923734+00:00,2.2584879
2025-06-22 17:26:46.688380+00:00,2.2584876
2025-06-22 17:27:12.247922+00:00,2.2584872
2025-06-22 17:27:28.400413+00:00,2.2584875
2025-06-22 17:27:49.805563+00:00,2.2584874
2025-06-22 17:28:02.313418+00:00,2.2584875
2025-06-22 17:28:14.815516+00:00,2.2584878
2025-06-22 17:28:27.693965+00:00,2.2584872
2025-06-22 17:28:40.220569+00:00,2.2584874
2025-06-22 17:28:52.686394+00:00,2.258487
2025-06-22 17:29:29.163865+00:00,2.2584871
2025-06-22 17:30:09.331051+00:00,2.2584877
2025-06-22 17:30:22.530129+00:00,2.2584873
2025-06-22 17:30:35.498705+00:00,2.2584876
2025-06-22 17:30:50.892374+00:00,2.2584877
2025-06-22 17:31:01.476210+00:00,2.258488
2025-06-22 17:31:13.854659+00:00,2.2584875
2025-06-22 17:31:26.421913+00:00,2.2584879
2025-06-22 17:31:39.451012+00:00,2.2584878
2025-06-22 17:31:51.966900+00:00,2.2584879
2025-06-22 17:32:04.888735+00:00,2.2584881
2025-06-22 17:32:17.933427+00:00,2.2584873
2025-06-22 17:32:30.505632+00:00,2.2584868
2025-06-22 17:32:42.865529+00:00,2.2584877
2025-06-22 17:32:55.852435+00:00,2.2584877
2025-06-22 17:33:08.666328+00:00,2.2584876
2025-06-22 17:33:21.028847+00:00,2.2584877
2025-06-22 17:33:33.706992+00:00,2.2584871
2025-06-22 17:33:46.703921+00:00,2.2584874
2025-06-22 17:33:59.494109+00:00,2.2584872
2025-06-22 17:34:12.093359+00:00,2.2584871
2025-06-22 17:34:23.996578+00:00,2.258487
2025-06-22 17:34:36.324912+00:00,2.2584873
2025-06-22 17:34:49.090861+00:00,2.258487
2025-06-22 17:35:02.583890+00:00,2.2584873
2025-06-22 17:35:14.978155+00:00,2.2584876
2025-06-22 17:35:29.761135+00:00,2.2584875
2025-06-22 17:35:43.343844+00:00,2.2584874
2025-06-22 17:35:56.903052+00:00,2.2584877
2025-06-22 17:36:07.612929+00:00,2.2584872
2025-06-22 17:36:30.508322+00:00,2.2584876
2025-06-22 17:37:13.996213+00:00,2.2584874
2025-06-22 17:37:43.700460+00:00,2.2584875
2025-06-22 17:37:59.151773+00:00,2.2584874
2025-06-22 17:38:14.442115+00:00,2.2584873
2025-06-22 17:38:24.000398+00:00,2.2584874
2025-06-22 17:38:36.491433+00:00,2.258488
2025-06-22 17:38:49.393873+00:00,2.2584874
2025-06-22 17:39:01.832719+00:00,2.2584875
2025-06-22 17:39:14.729529+00:00,2.2584879
2025-06-22 17:39:26.805249+00:00,2.2584876
2025-06-22 17:39:39.297001+00:00,2.2584874
2025-06-22 17:39:51.875216+00:00,2.2584879
2025-06-22 17:40:04.470019+00:00,2.2584872
2025-06-22 17:40:28.036792+00:00,2.2584874
2025-06-22 17:40:29.987573+00:00,2.2584872
2025-06-22 17:40:43.588587+00:00,2.2584877
2025-06-22 17:40:55.944105+00:00,2.2584877
2025-06-22 17:41:08.633444+00:00,2.258487
2025-06-22 17:41:21.543739+00:00,2.2584877
2025-06-22 17:41:46.993699+00:00,2.2584869
2025-06-22 17:41:59.394361+00:00,2.2584881
2025-06-22 17:42:12.560718+00:00,2.2584874
2025-06-22 17:43:28.237041+00:00,2.258488
2025-06-22 17:43:42.607987+00:00,2.2584879
2025-06-22 17:43:53.904813+00:00,2.258488
2025-06-22 17:44:11.731163+00:00,2.2584879
2025-06-22 17:44:33.035875+00:00,2.2584874
2025-06-22 17:44:43.683523+00:00,2.2584879
2025-06-22 17:44:55.981367+00:00,2.2584873
2025-06-22 17:45:08.817826+00:00,2.2584875
2025-06-22 17:45:21.428385+00:00,2.2584874
2025-06-22 17:45:33.798697+00:00,2.2584876
2025-06-22 17:45:46.949237+00:00,2.2584874
2025-06-22 17:46:01.720131+00:00,2.2584871
2025-06-22 17:46:12.202747+00:00,2.2584876
2025-06-22 17:46:24.562639+00:00,2.2584872
2025-06-22 17:46:37.534038+00:00,2.2584874
2025-06-22 17:46:50.281329+00:00,2.2584881
2025-06-22 17:47:03.592486+00:00,2.2584877
2025-06-22 17:47:27.841258+00:00,2.2584876
2025-06-22 17:47:40.512634+00:00,2.2584873
2025-06-22 17:47:54.667486+00:00,2.2584876
2025-06-22 17:48:06.425084+00:00,2.2584875
2025-06-22 17:49:24.326894+00:00,2.2584874
2025-06-22 17:50:25.018854+00:00,2.2584875
2025-06-22 17:50:37.523901+00:00,2.2584876
2025-06-22 17:51:03.238329+00:00,2.2584872
2025-06-22 17:51:16.240705+00:00,2.2584877
2025-06-22 17:51:32.476518+00:00,2.2584877
2025-06-22 17:51:45.245788+00:00,2.2584874
2025-06-22 17:51:54.487184+00:00,2.258488
2025-06-22 17:52:07.170302+00:00,2.2584874
2025-06-22 17:52:19.705907+00:00,2.2584879
2025-06-22 17:52:32.630636+00:00,2.2584873
2025-06-22 17:52:53.432431+00:00,2.2584883
2025-06-22 17:52:57.794649+00:00,2.2584873
2025-06-22 17:53:10.927741+00:00,2.2584877
2025-06-22 17:53:23.264022+00:00,2.2584876
2025-06-22 17:53:36.224932+00:00,2.258488
2025-06-22 17:53:49.205494+00:00,2.2584876
2025-06-22 17:54:01.651697+00:00,2.2584872
2025-06-22 17:54:14.501808+00:00,2.258487
2025-06-22 17:54:26.758205+00:00,2.2584878
2025-06-22 17:54:39.052686+00:00,2.258487
2025-06-22 17:54:51.810423+00:00,2.2584878
2025-06-22 17:55:05.028980+00:00,2.2584878
2025-06-22 17:55:17.379214+00:00,2.2584879
2025-06-22 17:55:42.268921+00:00,2.2584881
2025-06-22 17:55:57.076099+00:00,2.2584877
2025-06-22 17:56:07.315341+00:00,2.2584877
2025-06-22 17:56:19.926103+00:00,2.258488
2025-06-22 17:56:32.387590+00:00,2.2584879
2025-06-22 17:56:44.609110+00:00,2.258488
2025-06-22 17:56:57.124927+00:00,2.2584878
2025-06-22 17:57:09.825864+00:00,2.2584873
2025-06-22 17:57:22.283238+00:00,2.2584878
2025-06-22 17:57:34.892962+00:00,2.2584876
2025-06-22 17:57:48.017445+00:00,2.2584876
2025-06-22 17:58:00.479397+00:00,2.258487
2025-06-22 17:58:13.885113+00:00,2.2584883
2025-06-22 17:58:26.008974+00:00,2.2584878
2025-06-22 17:58:45.120977+00:00,2.2584874
2025-06-22 17:58:51.259891+00:00,2.2584874
2025-06-22 17:59:29.572425+00:00,2.2584873
2025-06-22 17:59:42.232935+00:00,2.2584871
2025-06-22 17:59:54.957570+00:00,2.2584876
2025-06-22 18:00:08.667855+00:00,2.2584876
2025-06-22 18:00:20.711186+00:00,2.258488
2025-06-22 18:00:33.517815+00:00,2.2584876
2025-06-22 18:00:47.068821+00:00,2.2584877
2025-06-22 18:00:59.156882+00:00,2.2584877
2025-06-22 18:01:15.602176+00:00,2.2584871
2025-06-22 18:01:24.395619+00:00,2.2584872
2025-06-22 18:01:39.127707+00:00,2.2584874
2025-06-22 18:01:52.921781+00:00,2.2584875
2025-06-22 18:02:16.065950+00:00,2.2584882
2025-06-22 18:02:27.459427+00:00,2.2584874
2025-06-22 18:02:40.191205+00:00,2.2584878
2025-06-22 18:02:52.830442+00:00,2.2584881
2025-06-22 18:03:43.976347+00:00,2.2584879
2025-06-22 18:03:56.240844+00:00,2.2584872
2025-06-22 18:04:09.545335+00:00,2.2584873
2025-06-22 18:04:21.987450+00:00,2.2584877
2025-06-22 18:04:34.434436+00:00,2.2584873
2025-06-22 18:04:47.229147+00:00,2.2584879
2025-06-22 18:04:59.084965+00:00,2.2584873
2025-06-22 18:05:11.945272+00:00,2.2584881
2025-06-22 18:08:10.657570+00:00,2.2584877
2025-06-22 18:08:24.196493+00:00,2.2584874
2025-06-22 18:08:35.845392+00:00,2.2584874
2025-06-22 18:08:48.988812+00:00,2.258488
2025-06-22 18:09:10.872175+00:00,2.2584879
2025-06-22 18:09:14.455951+00:00,2.2584874
2025-06-22 18:09:51.349622+00:00,2.2584873
2025-06-22 18:10:10.711803+00:00,2.2584877
2025-06-22 18:10:29.536322+00:00,2.2584878
2025-06-22 18:10:55.562490+00:00,2.258487
2025-06-22 18:11:12.486737+00:00,2.2584879
2025-06-22 18:11:29.322895+00:00,2.2584875
2025-06-22 18:11:50.687198+00:00,2.2584879
2025-06-22 18:11:59.751925+00:00,2.2584874
2025-06-22 18:12:22.769327+00:00,2.2584882
2025-06-22 18:12:35.812907+00:00,2.2584873
2025-06-22 18:12:50.962997+00:00,2.258488
2025-06-22 18:13:01.250975+00:00,2.2584877
2025-06-22 18:13:13.952046+00:00,2.2584878
2025-06-22 18:13:26.401785+00:00,2.258488
2025-06-22 18:13:41.701354+00:00,2.2584877
2025-06-22 18:14:06.708843+00:00,2.258488
2025-06-22 18:14:29.457452+00:00,2.2584872
2025-06-22 18:14:47.205683+00:00,2.2584873
2025-06-22 18:14:59.973502+00:00,2.2584875
2025-06-22 18:15:33.640440+00:00,2.2584876
2025-06-22 18:15:45.704553+00:00,2.2584875
2025-06-22 18:15:58.435019+00:00,2.258488
2025-06-22 18:16:11.130701+00:00,2.2584875
2025-06-22 18:16:23.881569+00:00,2.2584873
2025-06-22 18:16:36.587878+00:00,2.258487
2025-06-22 18:16:49.506967+00:00,2.2584876
2025-06-22 18:17:03.295780+00:00,2.2584876
2025-06-22 18:17:15.435193+00:00,2.2584877
2025-06-22 18:17:28.091238+00:00,2.2584878
2025-06-22 18:17:40.588226+00:00,2.2584876
2025-06-22 18:18:09.229785+00:00,2.2584878
2025-06-22 18:18:19.033535+00:00,2.2584882
2025-06-22 18:18:32.085653+00:00,2.2584876
2025-06-22 18:18:47.042778+00:00,2.2584876
2025-06-22 18:18:56.991392+00:00,2.2584879
2025-06-22 18:19:23.174972+00:00,2.2584871
2025-06-22 18:20:00.249518+00:00,2.2584881
2025-06-22 18:20:12.989785+00:00,2.258488
2025-06-22 18:20:38.015335+00:00,2.2584878
2025-06-22 18:20:50.863114+00:00,2.2584881
2025-06-22 18:21:03.231308+00:00,2.2584874
2025-06-22 18:21:16.563793+00:00,2.2584876
2025-06-22 18:21:27.935542+00:00,2.2584879
2025-06-22 18:21:40.425532+00:00,2.2584874
2025-06-22 18:21:53.501155+00:00,2.2584881
2025-06-22 18:22:19.299546+00:00,2.258488
2025-06-22 18:22:32.131788+00:00,2.2584883
2025-06-22 18:22:44.816568+00:00,2.2584872
2025-06-22 18:22:56.877726+00:00,2.2584878
2025-06-22 18:23:09.690249+00:00,2.258488
2025-06-22 18:23:22.040877+00:00,2.2584873
2025-06-22 18:23:34.589495+00:00,2.2584879
2025-06-22 18:23:47.485816+00:00,2.2584876
2025-06-22 18:24:12.638744+00:00,2.2584882
2025-06-22 18:24:25.117536+00:00,2.2584874
2025-06-22 18:24:43.239892+00:00,2.2584877
2025-06-22 18:24:55.098745+00:00,2.2584876
2025-06-22 18:25:03.023506+00:00,2.2584877
2025-06-22 18:25:17.122950+00:00,2.2584879
2025-06-22 18:25:28.416922+00:00,2.2584875
2025-06-22 18:25:41.241826+00:00,2.2584873
2025-06-22 18:25:53.512508+00:00,2.2584876
2025-06-22 18:26:06.845032+00:00,2.2584876
2025-06-22 18:26:19.131137+00:00,2.2584875
2025-06-22 18:26:32.137057+00:00,2.2584876
2025-06-22 18:26:50.681530+00:00,2.258487
2025-06-22 18:26:57.835500+00:00,2.2584876
2025-06-22 18:27:11.571730+00:00,2.258488
2025-06-22 18:27:23.665952+00:00,2.2584876
2025-06-22 18:27:36.532860+00:00,2.2584878
2025-06-22 18:27:50.171806+00:00,2.2584877
2025-06-22 18:29:46.482267+00:00,2.2584881
2025-06-22 18:30:21.817905+00:00,2.2584873
2025-06-22 18:30:46.933645+00:00,2.2584878
2025-06-22 18:31:01.075534+00:00,2.2584879
2025-06-22 18:31:12.158340+00:00,2.2584879
2025-06-22 18:31:24.134278+00:00,2.2584875
2025-06-22 18:31:37.535794+00:00,2.2584879
2025-06-22 18:31:49.583067+00:00,2.2584874
2025-06-22 18:32:04.370378+00:00,2.2584875
2025-06-22 18:32:19.405075+00:00,2.2584881
2025-06-22 18:32:33.888791+00:00,2.2584873
2025-06-22 18:32:41.083191+00:00,2.2584878
2025-06-22 18:32:53.172313+00:00,2.2584876
2025-06-22 18:33:10.006401+00:00,2.2584875
2025-06-22 18:33:18.746779+00:00,2.2584874
2025-06-22 18:33:43.534457+00:00,2.2584879
2025-06-22 18:34:21.555794+00:00,2.2584878
2025-06-22 18:34:35.759147+00:00,2.2584882
2025-06-22 18:34:51.000685+00:00,2.2584874
2025-06-22 18:34:59.562660+00:00,2.2584879
2025-06-22 18:35:13.043818+00:00,2.2584878
2025-06-22 18:35:24.886314+00:00,2.258487
2025-06-22 18:35:41.951154+00:00,2.2584877
2025-06-22 18:35:51.099239+00:00,2.2584881
2025-06-22 18:36:03.347451+00:00,2.2584875
2025-06-22 18:36:15.178668+00:00,2.2584882
2025-06-22 18:36:28.719105+00:00,2.2584877
2025-06-22 18:36:40.883122+00:00,2.2584874
2025-06-22 18:37:07.131580+00:00,2.258488
2025-06-22 18:37:19.800543+00:00,2.2584877
2025-06-22 18:37:32.647559+00:00,2.2584873
2025-06-22 18:37:49.317534+00:00,2.2584873
2025-06-22 18:37:57.851648+00:00,2.2584876
2025-06-22 18:38:23.584843+00:00,2.2584878
2025-06-22 18:38:36.717437+00:00,2.2584881
2025-06-22 18:38:49.605489+00:00,2.2584879
2025-06-22 18:39:02.021738+00:00,2.2584874
2025-06-22 18:40:05.259161+00:00,2.2584874
2025-06-22 18:40:18.450772+00:00,2.2584878
2025-06-22 18:40:30.587833+00:00,2.2584877
2025-06-22 18:40:43.218712+00:00,2.2584874
2025-06-22 18:40:55.315220+00:00,2.2584877
2025-06-22 18:41:08.396079+00:00,2.2584881
2025-06-22 18:41:33.691967+00:00,2.2584871
2025-06-22 18:41:46.680740+00:00,2.2584878
2025-06-22 18:41:58.340941+00:00,2.258488
2025-06-22 18:42:11.550485+00:00,2.2584877
2025-06-22 18:42:23.570741+00:00,2.2584875
2025-06-22 18:42:37.713254+00:00,2.258488
2025-06-22 18:43:51.705433+00:00,2.258488
2025-06-22 18:44:04.548248+00:00,2.258488
2025-06-22 18:44:19.021201+00:00,2.2584873
2025-06-22 18:44:31.678503+00:00,2.2584874
2025-06-22 18:44:42.015049+00:00,2.2584878
2025-06-22 18:44:54.627164+00:00,2.2584876
2025-06-22 18:45:07.770829+00:00,2.2584883
2025-06-22 18:45:20.319457+00:00,2.2584872
2025-06-22 18:45:44.936591+00:00,2.2584877
2025-06-22 18:45:57.216194+00:00,2.2584876
2025-06-22 18:46:41.197042+00:00,2.2584873
2025-06-22 18:46:48.547995+00:00,2.258488
2025-06-22 18:47:16.042804+00:00,2.2584871
2025-06-22 18:47:27.138221+00:00,2.2584879
2025-06-22 18:47:39.881345+00:00,2.258488
2025-06-22 18:49:22.157024+00:00,2.2584882
2025-06-22 18:49:34.574804+00:00,2.2584874
2025-06-22 18:49:46.965535+00:00,2.2584874
2025-06-22 18:50:14.501874+00:00,2.2584879
2025-06-22 18:50:25.224855+00:00,2.2584877
2025-06-22 18:50:37.063511+00:00,2.2584873
2025-06-22 18:51:01.958427+00:00,2.2584873
2025-06-22 18:51:14.155456+00:00,2.2584873
2025-06-22 18:51:26.955661+00:00,2.258488
2025-06-22 18:51:39.142229+00:00,2.2584876
2025-06-22 18:51:51.975730+00:00,2.2584882
2025-06-22 18:52:04.466394+00:00,2.2584882
2025-06-22 18:52:17.043718+00:00,2.2584882
2025-06-22 18:52:32.853778+00:00,2.2584877
2025-06-22 18:52:42.009329+00:00,2.2584872
2025-06-22 18:52:54.598293+00:00,2.2584875
2025-06-22 18:53:10.744520+00:00,2.2584874
2025-06-22 18:53:26.360673+00:00,2.2584881
2025-06-22 18:53:53.598043+00:00,2.258488
2025-06-22 18:53:57.749049+00:00,2.2584879
2025-06-22 18:54:11.958952+00:00,2.2584878
2025-06-22 18:54:23.068856+00:00,2.2584873
2025-06-22 18:54:35.867779+00:00,2.2584879
2025-06-22 18:54:48.317012+00:00,2.258488
2025-06-22 18:55:00.421367+00:00,2.2584877
2025-06-22 18:55:13.063216+00:00,2.2584879
2025-06-22 18:55:33.057648+00:00,2.2584877
2025-06-22 18:55:38.731332+00:00,2.2584878
2025-06-22 18:55:51.082718+00:00,2.258488
2025-06-22 18:56:03.382937+00:00,2.2584873
2025-06-22 18:56:16.911357+00:00,2.258488
2025-06-22 18:56:28.666884+00:00,2.2584882
2025-06-22 18:57:07.708562+00:00,2.2584881
2025-06-22 18:57:19.961873+00:00,2.2584877
2025-06-22 18:57:41.822719+00:00,2.2584878
2025-06-22 18:57:50.685158+00:00,2.2584879
2025-06-22 18:57:58.273657+00:00,2.258488
2025-06-22 18:58:11.703068+00:00,2.2584879
2025-06-22 18:58:26.090501+00:00,2.2584877
2025-06-22 18:58:37.409573+00:00,2.258488
2025-06-22 18:59:35.476944+00:00,2.2584874
2025-06-22 19:00:44.089399+00:00,2.2584875
2025-06-22 19:00:56.733670+00:00,2.2584877
2025-06-22 19:01:09.720908+00:00,2.2584879
2025-06-22 19:01:22.072788+00:00,2.2584877
2025-06-22 19:01:34.493442+00:00,2.2584881
2025-06-22 19:01:47.576538+00:00,2.2584872
2025-06-22 19:01:59.719490+00:00,2.2584875
2025-06-22 19:02:13.070102+00:00,2.2584876
2025-06-22 19:02:24.573944+00:00,2.2584873
2025-06-22 19:02:37.216171+00:00,2.2584876
2025-06-22 19:02:51.476202+00:00,2.2584879
2025-06-22 19:03:02.976728+00:00,2.2584875
2025-06-22 19:03:15.132748+00:00,2.2584878
2025-06-22 19:03:28.568391+00:00,2.2584876
2025-06-22 19:03:42.440649+00:00,2.258488
2025-06-22 19:03:52.838227+00:00,2.258488
2025-06-22 19:04:18.178547+00:00,2.2584874
2025-06-22 19:04:31.432719+00:00,2.2584879
2025-06-22 19:04:42.965036+00:00,2.2584882
2025-06-22 19:04:55.599005+00:00,2.2584875
2025-06-22 19:05:14.405139+00:00,2.2584876
2025-06-22 19:05:22.214679+00:00,2.2584878
2025-06-22 19:05:36.240229+00:00,2.2584872
2025-06-22 19:05:47.226457+00:00,2.258488
2025-06-22 19:05:58.396356+00:00,2.2584879
2025-06-22 19:06:49.411013+00:00,2.2584875
2025-06-22 19:07:06.053688+00:00,2.2584874
2025-06-22 19:07:32.251983+00:00,2.2584881
2025-06-22 19:07:52.675799+00:00,2.2584873
2025-06-22 19:08:05.726632+00:00,2.2584877
2025-06-22 19:08:18.752149+00:00,2.2584872
2025-06-22 19:08:31.815338+00:00,2.2584877
2025-06-22 19:08:43.987046+00:00,2.2584877
2025-06-22 19:08:58.197152+00:00,2.2584879
2025-06-22 19:09:21.893861+00:00,2.2584881
2025-06-22 19:09:35.148209+00:00,2.2584881
2025-06-22 19:09:48.131983+00:00,2.2584875
2025-06-22 19:10:00.865521+00:00,2.258488
2025-06-22 19:10:13.648696+00:00,2.2584879
2025-06-22 19:10:26.343290+00:00,2.2584867
2025-06-22 19:10:51.357962+00:00,2.2584882
2025-06-22 19:11:04.103996+00:00,2.2584877
2025-06-22 19:11:17.367316+00:00,2.2584873
2025-06-22 19:11:29.627358+00:00,2.2584876
2025-06-22 19:11:43.441772+00:00,2.2584879
2025-06-22 19:12:00.354777+00:00,2.2584877
2025-06-22 19:12:06.806213+00:00,2.2584877
2025-06-22 19:12:18.873420+00:00,2.258488
2025-06-22 19:12:37.723649+00:00,2.2584874
2025-06-22 19:12:54.929078+00:00,2.2584873
2025-06-22 19:13:10.076937+00:00,2.2584875
2025-06-22 19:13:34.467688+00:00,2.2584872
2025-06-22 19:14:31.244088+00:00,2.2584879
2025-06-22 19:14:37.283463+00:00,2.2584878
2025-06-22 19:15:02.714393+00:00,2.2584877
2025-06-22 19:15:20.847677+00:00,2.2584877
2025-06-22 19:15:28.178814+00:00,2.2584877
2025-06-22 19:15:40.891859+00:00,2.2584874
2025-06-22 19:15:53.166323+00:00,2.2584874
2025-06-22 19:16:06.085306+00:00,2.2584872
2025-06-22 19:16:18.764004+00:00,2.258488
2025-06-22 19:16:33.538049+00:00,2.2584881
2025-06-22 19:16:52.534539+00:00,2.2584877
2025-06-22 19:17:04.746500+00:00,2.2584877
2025-06-22 19:17:09.954917+00:00,2.2584872
2025-06-22 19:17:22.177934+00:00,2.2584872
2025-06-22 19:17:35.033707+00:00,2.2584878
2025-06-22 19:17:47.446053+00:00,2.2584876
2025-06-22 19:18:02.664699+00:00,2.2584881
2025-06-22 19:18:12.909281+00:00,2.2584873
2025-06-22 19:18:26.359892+00:00,2.2584876
2025-06-22 19:18:38.272454+00:00,2.2584877
2025-06-22 19:18:51.664959+00:00,2.2584881
2025-06-22 19:19:03.806056+00:00,2.2584876
2025-06-22 19:19:17.608137+00:00,2.2584881
2025-06-22 19:19:29.039957+00:00,2.2584875
2025-06-22 19:19:41.633728+00:00,2.2584874
2025-06-22 19:19:54.520020+00:00,2.2584879
2025-06-22 19:20:07.282151+00:00,2.258488
2025-06-22 19:20:20.289940+00:00,2.2584875
2025-06-22 19:20:33.149313+00:00,2.2584876
2025-06-22 19:20:45.378865+00:00,2.2584876
2025-06-22 19:20:57.595812+00:00,2.2584879
2025-06-22 19:21:10.497823+00:00,2.2584872
2025-06-22 19:21:23.111640+00:00,2.2584877
2025-06-22 19:21:35.547578+00:00,2.2584879
2025-06-22 19:21:59.893107+00:00,2.2584876
2025-06-22 19:22:12.655803+00:00,2.258488
2025-06-22 19:22:24.840544+00:00,2.2584881
2025-06-22 19:22:37.745300+00:00,2.2584879
2025-06-22 19:22:51.012901+00:00,2.2584878
2025-06-22 19:23:03.386586+00:00,2.2584878
2025-06-22 19:23:23.809505+00:00,2.2584872
2025-06-22 19:23:28.638262+00:00,2.2584881
2025-06-22 19:23:41.129981+00:00,2.2584876
2025-06-22 19:24:57.825134+00:00,2.2584878
2025-06-22 19:25:13.075554+00:00,2.258488
2025-06-22 19:25:23.682303+00:00,2.2584871
2025-06-22 19:25:47.499937+00:00,2.2584882
2025-06-22 19:26:09.323588+00:00,2.258488
2025-06-22 19:26:12.470333+00:00,2.258488
2025-06-22 19:26:25.021268+00:00,2.2584881
2025-06-22 19:26:37.453970+00:00,2.258488
2025-06-22 19:26:53.106137+00:00,2.258488
2025-06-22 19:27:02.880845+00:00,2.258488
2025-06-22 19:27:15.994825+00:00,2.2584878
2025-06-22 19:27:44.891989+00:00,2.2584877
2025-06-22 19:28:24.731933+00:00,2.258488
2025-06-22 19:28:39.285741+00:00,2.2584881
2025-06-22 19:28:48.062524+00:00,2.258488
2025-06-22 19:28:58.200746+00:00,2.2584875
2025-06-22 19:29:55.163135+00:00,2.2584878
2025-06-22 19:30:01.698897+00:00,2.258488
2025-06-22 19:30:14.618162+00:00,2.2584881
2025-06-22 19:30:36.107802+00:00,2.2584884
2025-06-22 19:30:39.777708+00:00,2.2584883
2025-06-22 19:30:52.251922+00:00,2.2584882
2025-06-22 19:31:06.607305+00:00,2.2584882
2025-06-22 19:31:17.930583+00:00,2.2584874
2025-06-22 19:31:30.390922+00:00,2.258488
2025-06-22 19:31:43.504851+00:00,2.2584878
2025-06-22 19:31:55.684437+00:00,2.2584877
2025-06-22 19:32:07.540477+00:00,2.2584881
2025-06-22 19:32:19.809153+00:00,2.258488
2025-06-22 19:32:32.498882+00:00,2.2584872
2025-06-22 19:32:44.945071+00:00,2.2584878
2025-06-22 19:33:01.514145+00:00,2.2584878
2025-06-22 19:33:10.237900+00:00,2.2584882
2025-06-22 19:33:22.634302+00:00,2.258488
2025-06-22 19:33:35.250347+00:00,2.2584878
2025-06-22 19:33:48.496955+00:00,2.2584875
2025-06-22 19:34:01.062524+00:00,2.2584878
2025-06-22 19:34:13.714582+00:00,2.2584878
2025-06-22 19:34:26.749823+00:00,2.2584872
2025-06-22 19:34:39.248127+00:00,2.258488
2025-06-22 19:34:51.756165+00:00,2.2584878
2025-06-22 19:35:04.254412+00:00,2.2584882
2025-06-22 19:35:17.755060+00:00,2.2584882
2025-06-22 19:35:29.373314+00:00,2.2584872
2025-06-22 19:35:43.132032+00:00,2.2584873
2025-06-22 19:35:54.445334+00:00,2.2584882
2025-06-22 19:36:07.126126+00:00,2.2584883
2025-06-22 19:36:19.423330+00:00,2.258488
2025-06-22 19:36:32.448409+00:00,2.2584882
2025-06-22 19:36:44.534932+00:00,2.2584878
2025-06-22 19:37:04.423922+00:00,2.2584881
2025-06-22 19:37:26.426960+00:00,2.2584876
2025-06-22 19:37:34.759364+00:00,2.2584877
2025-06-22 19:37:47.523593+00:00,2.2584875
2025-06-22 19:38:00.822275+00:00,2.258488
2025-06-22 19:38:12.521732+00:00,2.2584875
2025-06-22 19:38:25.236548+00:00,2.2584883
2025-06-22 19:38:38.155707+00:00,2.2584879
2025-06-22 19:39:18.111208+00:00,2.2584882
2025-06-22 19:39:33.814274+00:00,2.2584879
2025-06-22 19:39:44.355868+00:00,2.258488
2025-06-22 19:39:55.126118+00:00,2.258488
2025-06-22 19:40:08.083434+00:00,2.2584876
2025-06-22 19:40:21.203751+00:00,2.2584878
2025-06-22 19:40:34.611662+00:00,2.2584879
2025-06-22 19:40:49.336643+00:00,2.2584878
2025-06-22 19:40:59.245123+00:00,2.2584871
2025-06-22 19:41:24.814684+00:00,2.2584873
2025-06-22 19:41:38.693638+00:00,2.2584874
2025-06-22 19:41:50.037995+00:00,2.2584877
2025-06-22 19:42:02.784140+00:00,2.2584881
2025-06-22 19:42:15.663276+00:00,2.2584874
2025-06-22 19:42:27.444228+00:00,2.2584872
2025-06-22 19:42:40.226665+00:00,2.2584882
2025-06-22 19:42:52.274158+00:00,2.258488
2025-06-22 19:43:04.874107+00:00,2.258488
2025-06-22 19:43:22.582034+00:00,2.2584876
2025-06-22 19:43:29.951953+00:00,2.2584879
2025-06-22 19:43:46.047301+00:00,2.258488
2025-06-22 19:44:00.173087+00:00,2.2584882
2025-06-22 19:44:07.964789+00:00,2.2584875
2025-06-22 19:44:20.229862+00:00,2.2584871
2025-06-22 19:44:32.918486+00:00,2.2584877
2025-06-22 19:44:45.996889+00:00,2.2584875
2025-06-22 19:44:57.945173+00:00,2.2584876
2025-06-22 19:45:18.713506+00:00,2.2584878
2025-06-22 19:45:23.554188+00:00,2.2584871
2025-06-22 19:45:35.935945+00:00,2.2584876
2025-06-22 19:45:48.938749+00:00,2.2584879
2025-06-22 19:46:19.751675+00:00,2.2584878
2025-06-22 19:46:26.819766+00:00,2.2584884
2025-06-22 19:46:39.358973+00:00,2.258488
2025-06-22 19:46:57.724942+00:00,2.2584884
2025-06-22 19:47:06.881564+00:00,2.2584876
2025-06-22 19:47:17.478424+00:00,2.2584875
2025-06-22 19:47:29.974798+00:00,2.258488
2025-06-22 19:47:56.052381+00:00,2.2584876
2025-06-22 19:48:07.536788+00:00,2.2584879
2025-06-22 19:48:19.958059+00:00,2.2584879
2025-06-22 19:48:32.649528+00:00,2.2584877
2025-06-22 19:48:45.150173+00:00,2.258488
2025-06-22 19:48:57.827167+00:00,2.2584875
2025-06-22 19:49:12.087767+00:00,2.2584883
2025-06-22 19:49:48.707657+00:00,2.2584877
2025-06-22 19:50:18.642933+00:00,2.2584879
2025-06-22 19:50:28.773754+00:00,2.2584877
2025-06-22 19:50:40.420049+00:00,2.258488
2025-06-22 19:50:52.707834+00:00,2.2584877
2025-06-22 19:51:05.296172+00:00,2.2584882
2025-06-22 19:51:18.562811+00:00,2.2584878
2025-06-22 19:51:30.702928+00:00,2.2584876
2025-06-22 19:52:12.432076+00:00,2.2584874
2025-06-22 19:52:22.441989+00:00,2.2584875
2025-06-22 19:52:41.471497+00:00,2.2584874
2025-06-22 19:52:47.452388+00:00,2.2584877
2025-06-22 19:52:58.544844+00:00,2.2584876
2025-06-22 19:53:13.720773+00:00,2.2584879
2025-06-22 19:53:23.446732+00:00,2.2584882
2025-06-22 19:53:36.020211+00:00,2.2584874
2025-06-22 19:53:48.842441+00:00,2.2584876
2025-06-22 19:54:01.358415+00:00,2.2584878
2025-06-22 19:54:14.210331+00:00,2.2584881
2025-06-22 19:55:04.092557+00:00,2.2584878
2025-06-22 19:55:16.946331+00:00,2.2584878
2025-06-22 19:55:29.618276+00:00,2.2584879
2025-06-22 19:55:42.240424+00:00,2.2584877
2025-06-22 19:55:54.864788+00:00,2.258488
2025-06-22 19:56:19.767479+00:00,2.2584881
2025-06-22 19:56:33.328631+00:00,2.2584874
2025-06-22 19:56:45.946312+00:00,2.2584881
2025-06-22 19:56:59.114713+00:00,2.2584883
2025-06-22 19:57:10.804584+00:00,2.2584882
2025-06-22 19:57:23.281216+00:00,2.2584879
2025-06-22 19:57:35.998396+00:00,2.2584877
2025-06-22 19:57:48.447489+00:00,2.258488
2025-06-22 19:58:01.189045+00:00,2.2584875
2025-06-22 19:58:13.417018+00:00,2.2584881
2025-06-22 19:58:26.230852+00:00,2.2584877
2025-06-22 19:58:38.952721+00:00,2.2584878
2025-06-22 19:58:51.380829+00:00,2.2584884
2025-06-22 19:59:04.376443+00:00,2.2584881
2025-06-22 19:59:17.234152+00:00,2.2584877
2025-06-22 19:59:29.648879+00:00,2.2584879
2025-06-22 19:59:51.753559+00:00,2.258487
2025-06-22 20:00:08.648863+00:00,2.2584881
2025-06-22 20:00:22.474093+00:00,2.2584873
2025-06-22 20:00:34.223917+00:00,2.2584878
2025-06-22 20:00:51.523261+00:00,2.2584883
2025-06-22 20:01:00.019639+00:00,2.2584879
2025-06-22 20:01:22.700368+00:00,2.2584876
2025-06-22 20:01:52.950056+00:00,2.2584881
2025-06-22 20:02:03.727690+00:00,2.2584873
2025-06-22 20:02:16.555940+00:00,2.2584868
2025-06-22 20:02:30.093909+00:00,2.258487
2025-06-22 20:02:55.785268+00:00,2.2584872
2025-06-22 20:03:07.780794+00:00,2.2584875
2025-06-22 20:03:19.999789+00:00,2.2584877
2025-06-22 20:03:33.333739+00:00,2.2584883
2025-06-22 20:04:10.758927+00:00,2.2584868
2025-06-22 20:04:36.818280+00:00,2.2584874
2025-06-22 20:04:48.699061+00:00,2.258488
2025-06-22 20:04:59.864105+00:00,2.2584872
2025-06-22 20:05:12.866795+00:00,2.2584881
2025-06-22 20:05:25.459104+00:00,2.2584879
2025-06-22 20:05:38.832482+00:00,2.2584876
2025-06-22 20:05:50.760388+00:00,2.2584882
2025-06-22 20:06:03.603772+00:00,2.2584881
2025-06-22 20:06:28.947435+00:00,2.258487
2025-06-22 20:06:41.997554+00:00,2.2584884
2025-06-22 20:06:53.988106+00:00,2.2584877
2025-06-22 20:07:58.190773+00:00,2.2584883
2025-06-22 20:08:22.187456+00:00,2.2584874
2025-06-22 20:08:35.003845+00:00,2.2584877
2025-06-22 20:09:37.497322+00:00,2.2584879
2025-06-22 20:10:03.533359+00:00,2.2584875
2025-06-22 20:10:16.096410+00:00,2.2584882
2025-06-22 20:10:28.817209+00:00,2.258488
2025-06-22 20:10:42.043213+00:00,2.2584884
2025-06-22 20:11:07.787272+00:00,2.258488
2025-06-22 20:11:20.186926+00:00,2.2584873
2025-06-22 20:11:46.422989+00:00,2.2584882
2025-06-22 20:12:24.210099+00:00,2.2584873
2025-06-22 20:12:36.692788+00:00,2.258488
2025-06-22 20:15:46.319336+00:00,2.258487
2025-06-22 20:17:03.130154+00:00,2.2584883
