time,counts_ratio
2025-07-24 06:31:29.615487+00:00,2.258488
2025-07-24 06:33:23.647791+00:00,2.2584868
2025-07-24 06:34:01.828068+00:00,2.2584877
2025-07-24 06:35:29.210111+00:00,2.2584871
2025-07-24 06:38:28.724165+00:00,2.2584865
2025-07-24 06:39:37.037872+00:00,2.2584884
2025-07-24 06:39:49.866877+00:00,2.258488
2025-07-24 06:40:28.252711+00:00,2.2584874
2025-07-24 06:41:05.784404+00:00,2.2584876
2025-07-24 06:41:29.803274+00:00,2.2584877
2025-07-24 06:41:42.936210+00:00,2.2584881
2025-07-24 06:42:08.703791+00:00,2.258488
2025-07-24 06:42:20.177485+00:00,2.2584875
2025-07-24 06:42:45.685405+00:00,2.2584872
2025-07-24 06:42:59.849243+00:00,2.2584869
2025-07-24 06:43:12.833791+00:00,2.2584865
2025-07-24 06:43:24.167288+00:00,2.2584878
2025-07-24 06:43:37.050402+00:00,2.2584869
2025-07-24 06:43:49.822901+00:00,2.2584872
2025-07-24 06:44:02.637399+00:00,2.258488
2025-07-24 06:44:14.999455+00:00,2.2584879
2025-07-24 06:44:27.825576+00:00,2.2584878
2025-07-24 06:44:41.511035+00:00,2.2584863
2025-07-24 06:44:53.243082+00:00,2.258487
2025-07-24 06:45:07.107935+00:00,2.2584871
2025-07-24 06:45:20.739667+00:00,2.2584873
2025-07-24 06:46:09.320079+00:00,2.2584875
2025-07-24 06:46:21.356477+00:00,2.2584876
2025-07-24 06:46:33.861386+00:00,2.2584883
2025-07-24 06:47:53.785964+00:00,2.2584879
2025-07-24 06:48:00.630748+00:00,2.2584881
2025-07-24 06:48:25.530828+00:00,2.2584882
2025-07-24 06:48:50.611819+00:00,2.258488
2025-07-24 06:49:03.147521+00:00,2.2584877
2025-07-24 06:49:15.624682+00:00,2.258488
2025-07-24 06:49:28.195409+00:00,2.258487
2025-07-24 06:50:24.638074+00:00,2.2584868
2025-07-24 06:50:32.208349+00:00,2.2584881
2025-07-24 06:50:55.903092+00:00,2.2584867
2025-07-24 06:51:08.517547+00:00,2.2584881
2025-07-24 06:51:52.286075+00:00,2.2584872
2025-07-24 06:51:58.542492+00:00,2.2584879
2025-07-24 06:52:23.772569+00:00,2.2584871
2025-07-24 06:52:36.396562+00:00,2.2584873
2025-07-24 06:53:11.483114+00:00,2.2584874
2025-07-24 06:53:16.799292+00:00,2.2584876
2025-07-24 06:53:51.683311+00:00,2.2584878
2025-07-24 06:54:05.005484+00:00,2.2584875
2025-07-24 06:54:16.846937+00:00,2.2584883
2025-07-24 06:54:53.989241+00:00,2.2584874
2025-07-24 06:55:06.937651+00:00,2.2584868
2025-07-24 06:55:19.346494+00:00,2.2584873
2025-07-24 06:56:11.098544+00:00,2.2584883
2025-07-24 06:56:21.926060+00:00,2.2584874
2025-07-24 06:56:34.607309+00:00,2.2584875
2025-07-24 06:56:47.478212+00:00,2.2584875
2025-07-24 06:57:00.261515+00:00,2.2584875
2025-07-24 06:57:13.673136+00:00,2.2584879
2025-07-24 06:57:25.494855+00:00,2.2584866
2025-07-24 06:57:51.010466+00:00,2.2584873
2025-07-24 06:58:03.609971+00:00,2.2584876
2025-07-24 06:58:20.558830+00:00,2.2584869
2025-07-24 06:58:28.939153+00:00,2.2584882
2025-07-24 06:58:41.218494+00:00,2.2584883
2025-07-24 06:58:53.667473+00:00,2.2584878
2025-07-24 06:59:06.691719+00:00,2.2584879
2025-07-24 06:59:19.198254+00:00,2.2584877
2025-07-24 06:59:33.331537+00:00,2.2584876
2025-07-24 06:59:56.958198+00:00,2.258488
2025-07-24 07:00:09.662244+00:00,2.258488
2025-07-24 07:00:22.137842+00:00,2.2584869
2025-07-24 07:00:34.905189+00:00,2.2584878
2025-07-24 07:00:49.373195+00:00,2.2584883
2025-07-24 07:01:12.412657+00:00,2.2584875
2025-07-24 07:01:24.913762+00:00,2.2584863
2025-07-24 07:01:37.089531+00:00,2.2584883
2025-07-24 07:01:51.133088+00:00,2.258488
2025-07-24 07:02:14.671780+00:00,2.2584881
2025-07-24 07:02:27.702251+00:00,2.2584874
2025-07-24 07:02:39.878072+00:00,2.2584877
2025-07-24 07:02:53.219124+00:00,2.2584873
2025-07-24 07:03:05.312236+00:00,2.2584884
2025-07-24 07:03:32.911379+00:00,2.258488
2025-07-24 07:03:42.292387+00:00,2.2584882
2025-07-24 07:03:55.282705+00:00,2.2584876
2025-07-24 07:04:08.201692+00:00,2.2584864
2025-07-24 07:04:20.132121+00:00,2.2584869
2025-07-24 07:04:33.547530+00:00,2.2584875
2025-07-24 07:04:45.426680+00:00,2.2584872
2025-07-24 07:04:57.632906+00:00,2.2584874
2025-07-24 07:05:10.531974+00:00,2.2584872
2025-07-24 07:05:22.573932+00:00,2.2584878
2025-07-24 07:06:00.519802+00:00,2.2584866
2025-07-24 07:06:13.183725+00:00,2.2584878
2025-07-24 07:06:27.031932+00:00,2.2584875
2025-07-24 07:06:40.222813+00:00,2.2584881
2025-07-24 07:06:52.323894+00:00,2.2584879
2025-07-24 07:07:07.936632+00:00,2.2584867
2025-07-24 07:07:17.521054+00:00,2.2584872
2025-07-24 07:07:31.737862+00:00,2.2584872
2025-07-24 07:07:45.329849+00:00,2.258487
2025-07-24 07:07:55.198542+00:00,2.2584872
2025-07-24 07:08:20.818457+00:00,2.2584877
2025-07-24 07:08:33.612315+00:00,2.2584876
2025-07-24 07:08:46.664389+00:00,2.2584873
2025-07-24 07:09:00.787516+00:00,2.2584873
2025-07-24 07:09:12.653160+00:00,2.258488
2025-07-24 07:09:24.098172+00:00,2.2584876
2025-07-24 07:09:36.820462+00:00,2.2584876
2025-07-24 07:09:49.383084+00:00,2.2584878
2025-07-24 07:10:06.307790+00:00,2.2584879
2025-07-24 07:10:14.786138+00:00,2.2584877
2025-07-24 07:10:26.272232+00:00,2.2584879
2025-07-24 07:10:39.117999+00:00,2.2584881
2025-07-24 07:10:51.865887+00:00,2.2584877
2025-07-24 07:11:03.947243+00:00,2.2584868
2025-07-24 07:11:19.543243+00:00,2.258488
2025-07-24 07:11:28.609249+00:00,2.2584873
2025-07-24 07:11:40.701574+00:00,2.2584881
2025-07-24 07:11:53.574730+00:00,2.258488
2025-07-24 07:12:07.745204+00:00,2.2584879
2025-07-24 07:12:20.130123+00:00,2.2584875
2025-07-24 07:12:44.042233+00:00,2.258487
2025-07-24 07:13:01.130217+00:00,2.2584878
2025-07-24 07:13:08.982495+00:00,2.2584877
2025-07-24 07:13:22.641476+00:00,2.2584876
2025-07-24 07:13:34.523201+00:00,2.258488
2025-07-24 07:13:46.891018+00:00,2.2584877
2025-07-24 07:13:59.948636+00:00,2.2584879
2025-07-24 07:14:11.647292+00:00,2.2584875
2025-07-24 07:14:24.412594+00:00,2.2584876
2025-07-24 07:14:35.909080+00:00,2.2584875
2025-07-24 07:14:48.675118+00:00,2.2584879
2025-07-24 07:15:01.505543+00:00,2.258488
2025-07-24 07:15:15.808343+00:00,2.2584882
2025-07-24 07:15:26.290700+00:00,2.2584871
2025-07-24 07:15:39.496595+00:00,2.2584878
2025-07-24 07:15:51.594311+00:00,2.2584873
2025-07-24 07:16:04.238777+00:00,2.2584876
2025-07-24 07:16:16.762881+00:00,2.2584876
2025-07-24 07:16:30.674938+00:00,2.2584875
2025-07-24 07:16:42.371498+00:00,2.2584878
2025-07-24 07:16:55.078297+00:00,2.2584881
2025-07-24 07:17:06.803630+00:00,2.2584876
2025-07-24 07:17:19.425719+00:00,2.2584873
2025-07-24 07:17:32.972434+00:00,2.2584876
2025-07-24 07:17:44.371760+00:00,2.2584881
2025-07-24 07:17:57.844324+00:00,2.2584871
2025-07-24 07:18:10.328598+00:00,2.2584879
2025-07-24 07:18:22.530600+00:00,2.2584877
2025-07-24 07:18:34.569281+00:00,2.2584881
2025-07-24 07:18:47.538284+00:00,2.2584881
2025-07-24 07:19:00.063746+00:00,2.2584872
2025-07-24 07:19:13.034193+00:00,2.258488
2025-07-24 07:19:25.134153+00:00,2.2584869
2025-07-24 07:19:38.009776+00:00,2.2584876
2025-07-24 07:19:50.383329+00:00,2.2584881
2025-07-24 07:20:05.349241+00:00,2.2584871
2025-07-24 07:20:16.070001+00:00,2.2584877
2025-07-24 07:20:29.066006+00:00,2.2584882
2025-07-24 07:20:41.550286+00:00,2.2584877
2025-07-24 07:20:54.364987+00:00,2.2584877
2025-07-24 07:21:06.823882+00:00,2.2584883
2025-07-24 07:21:19.721410+00:00,2.2584869
2025-07-24 07:21:32.115622+00:00,2.2584873
2025-07-24 07:21:44.641315+00:00,2.2584882
2025-07-24 07:21:57.754567+00:00,2.2584878
2025-07-24 07:22:10.580200+00:00,2.258488
2025-07-24 07:22:22.723275+00:00,2.2584877
2025-07-24 07:22:35.315716+00:00,2.258488
2025-07-24 07:22:48.610301+00:00,2.2584873
2025-07-24 07:23:00.354848+00:00,2.2584872
2025-07-24 07:23:13.021944+00:00,2.2584875
2025-07-24 07:23:25.111090+00:00,2.2584875
2025-07-24 07:23:37.745701+00:00,2.2584868
2025-07-24 07:23:50.031581+00:00,2.2584874
2025-07-24 07:24:02.786175+00:00,2.2584883
2025-07-24 07:24:14.632104+00:00,2.2584875
2025-07-24 07:24:27.563964+00:00,2.2584878
2025-07-24 07:24:39.679626+00:00,2.2584878
2025-07-24 07:24:52.071730+00:00,2.2584878
2025-07-24 07:25:05.133373+00:00,2.2584877
2025-07-24 07:25:18.093152+00:00,2.258488
2025-07-24 07:25:30.158265+00:00,2.2584883
2025-07-24 07:25:43.390252+00:00,2.2584873
2025-07-24 07:25:55.119408+00:00,2.258488
2025-07-24 07:26:08.150159+00:00,2.2584873
2025-07-24 07:26:20.142211+00:00,2.258488
2025-07-24 07:26:33.141079+00:00,2.2584872
2025-07-24 07:26:48.530763+00:00,2.258488
2025-07-24 07:26:57.827246+00:00,2.2584882
2025-07-24 07:27:11.897172+00:00,2.2584884
2025-07-24 07:27:23.166410+00:00,2.2584872
2025-07-24 07:27:36.387525+00:00,2.2584877
2025-07-24 07:27:49.777142+00:00,2.2584871
2025-07-24 07:28:01.180176+00:00,2.2584876
2025-07-24 07:28:14.355562+00:00,2.2584872
2025-07-24 07:28:26.343093+00:00,2.258488
2025-07-24 07:28:38.539108+00:00,2.2584876
2025-07-24 07:28:50.864522+00:00,2.258488
2025-07-24 07:29:10.347774+00:00,2.2584876
2025-07-24 07:29:19.006870+00:00,2.2584877
2025-07-24 07:29:28.432077+00:00,2.2584877
2025-07-24 07:29:40.618356+00:00,2.2584882
2025-07-24 07:29:53.873188+00:00,2.2584881
2025-07-24 07:30:08.034983+00:00,2.2584875
2025-07-24 07:30:22.752473+00:00,2.2584883
2025-07-24 07:30:30.968036+00:00,2.258488
2025-07-24 07:30:43.834577+00:00,2.2584884
2025-07-24 07:30:56.021269+00:00,2.2584872
2025-07-24 07:31:08.395030+00:00,2.2584874
2025-07-24 07:31:20.588897+00:00,2.2584874
2025-07-24 07:31:32.801964+00:00,2.2584877
2025-07-24 07:31:45.290617+00:00,2.2584871
2025-07-24 07:31:57.592988+00:00,2.2584876
2025-07-24 07:32:10.873672+00:00,2.258488
2025-07-24 07:32:22.848403+00:00,2.2584879
2025-07-24 07:32:35.335955+00:00,2.2584875
2025-07-24 07:32:50.571443+00:00,2.2584876
2025-07-24 07:33:01.062679+00:00,2.258488
2025-07-24 07:33:13.188815+00:00,2.2584878
2025-07-24 07:33:25.787708+00:00,2.2584876
2025-07-24 07:33:38.054376+00:00,2.2584882
2025-07-24 07:33:50.574619+00:00,2.258488
2025-07-24 07:34:04.303156+00:00,2.2584877
2025-07-24 07:34:20.386464+00:00,2.2584875
2025-07-24 07:34:27.931826+00:00,2.2584874
2025-07-24 07:34:40.846823+00:00,2.2584884
2025-07-24 07:34:54.301918+00:00,2.2584875
2025-07-24 07:35:08.900582+00:00,2.2584883
2025-07-24 07:35:22.711561+00:00,2.2584876
2025-07-24 07:35:30.956595+00:00,2.2584883
2025-07-24 07:35:49.861498+00:00,2.2584877
2025-07-24 07:35:55.341194+00:00,2.2584874
2025-07-24 07:36:08.760713+00:00,2.2584877
2025-07-24 07:36:20.845577+00:00,2.2584875
2025-07-24 07:36:34.124048+00:00,2.2584873
2025-07-24 07:36:47.387258+00:00,2.2584878
2025-07-24 07:37:01.355305+00:00,2.2584869
2025-07-24 07:37:12.407337+00:00,2.2584873
2025-07-24 07:37:25.357320+00:00,2.2584876
2025-07-24 07:37:38.924898+00:00,2.2584878
2025-07-24 07:37:50.506183+00:00,2.2584875
2025-07-24 07:38:03.468277+00:00,2.2584881
2025-07-24 07:38:16.465062+00:00,2.2584876
2025-07-24 07:38:28.708461+00:00,2.2584874
2025-07-24 07:38:41.791411+00:00,2.2584879
2025-07-24 07:38:54.486343+00:00,2.258488
2025-07-24 07:39:07.222814+00:00,2.2584879
2025-07-24 07:39:20.729811+00:00,2.2584875
2025-07-24 07:39:34.330646+00:00,2.258488
2025-07-24 07:39:45.469061+00:00,2.2584874
2025-07-24 07:39:57.386904+00:00,2.2584875
2025-07-24 07:40:10.168222+00:00,2.2584873
2025-07-24 07:40:22.711149+00:00,2.2584877
2025-07-24 07:40:35.119367+00:00,2.2584875
2025-07-24 07:40:47.359760+00:00,2.2584881
2025-07-24 07:40:59.492468+00:00,2.2584883
2025-07-24 07:41:12.250756+00:00,2.2584878
2025-07-24 07:41:24.387266+00:00,2.2584878
2025-07-24 07:41:37.084902+00:00,2.2584878
2025-07-24 07:41:50.621777+00:00,2.2584881
2025-07-24 07:42:02.393314+00:00,2.258488
2025-07-24 07:42:15.280989+00:00,2.2584878
2025-07-24 07:42:27.733007+00:00,2.2584875
2025-07-24 07:42:40.102109+00:00,2.2584873
2025-07-24 07:42:52.497074+00:00,2.258487
2025-07-24 07:43:05.670392+00:00,2.2584883
2025-07-24 07:43:19.075170+00:00,2.2584879
2025-07-24 07:43:30.652594+00:00,2.2584879
2025-07-24 07:43:42.781164+00:00,2.2584875
2025-07-24 07:43:55.283083+00:00,2.2584882
2025-07-24 07:44:08.232771+00:00,2.258488
2025-07-24 07:44:20.101238+00:00,2.2584874
2025-07-24 07:44:33.002991+00:00,2.258488
2025-07-24 07:44:45.478202+00:00,2.2584882
2025-07-24 07:44:57.963715+00:00,2.2584873
2025-07-24 07:45:10.613013+00:00,2.2584876
2025-07-24 07:45:25.607886+00:00,2.2584869
2025-07-24 07:45:35.387796+00:00,2.2584883
2025-07-24 07:45:49.936506+00:00,2.2584882
2025-07-24 07:46:00.545049+00:00,2.2584881
2025-07-24 07:46:13.122818+00:00,2.2584877
2025-07-24 07:46:24.877657+00:00,2.2584882
2025-07-24 07:46:37.353809+00:00,2.2584878
2025-07-24 07:46:49.846960+00:00,2.2584882
2025-07-24 07:47:02.532403+00:00,2.2584877
2025-07-24 07:47:14.679904+00:00,2.2584882
2025-07-24 07:47:27.256501+00:00,2.2584872
2025-07-24 07:47:40.350842+00:00,2.2584878
2025-07-24 07:47:52.716679+00:00,2.2584872
2025-07-24 07:48:05.817148+00:00,2.2584879
2025-07-24 07:48:17.566009+00:00,2.2584877
2025-07-24 07:48:29.819677+00:00,2.2584882
2025-07-24 07:48:42.240244+00:00,2.2584879
2025-07-24 07:48:54.997099+00:00,2.258488
2025-07-24 07:49:08.232822+00:00,2.2584878
2025-07-24 07:49:20.467245+00:00,2.2584884
2025-07-24 07:49:33.827136+00:00,2.2584876
2025-07-24 07:49:46.454139+00:00,2.2584879
2025-07-24 07:49:58.205833+00:00,2.2584878
2025-07-24 07:50:11.132296+00:00,2.2584878
2025-07-24 07:50:23.847262+00:00,2.2584881
2025-07-24 07:50:37.271196+00:00,2.2584874
2025-07-24 07:50:49.300276+00:00,2.2584878
2025-07-24 07:51:10.129859+00:00,2.2584874
2025-07-24 07:51:14.835711+00:00,2.2584878
2025-07-24 07:51:26.713427+00:00,2.2584879
2025-07-24 07:51:39.130163+00:00,2.2584874
2025-07-24 07:51:51.733841+00:00,2.2584877
2025-07-24 07:52:04.177109+00:00,2.2584878
2025-07-24 07:52:17.269065+00:00,2.2584877
2025-07-24 07:52:29.240731+00:00,2.2584873
2025-07-24 07:52:45.591512+00:00,2.2584879
2025-07-24 07:52:54.484043+00:00,2.2584879
2025-07-24 07:53:07.900378+00:00,2.2584878
2025-07-24 07:53:22.979173+00:00,2.2584877
2025-07-24 07:53:35.032997+00:00,2.258488
2025-07-24 07:53:45.315347+00:00,2.2584874
2025-07-24 07:53:57.456301+00:00,2.2584874
2025-07-24 07:54:10.258773+00:00,2.2584877
2025-07-24 07:54:26.316592+00:00,2.2584881
2025-07-24 07:54:34.814324+00:00,2.2584873
2025-07-24 07:54:47.363953+00:00,2.2584873
2025-07-24 07:54:59.790178+00:00,2.2584879
2025-07-24 07:55:13.202799+00:00,2.2584877
2025-07-24 07:55:25.621709+00:00,2.2584876
2025-07-24 07:55:38.021856+00:00,2.2584875
2025-07-24 07:55:50.037161+00:00,2.2584881
2025-07-24 07:56:03.297188+00:00,2.2584883
2025-07-24 07:56:17.269691+00:00,2.2584883
2025-07-24 07:56:27.026395+00:00,2.2584873
2025-07-24 07:56:43.697580+00:00,2.2584884
2025-07-24 07:56:53.629094+00:00,2.258488
2025-07-24 07:57:04.885976+00:00,2.2584875
2025-07-24 07:57:17.710853+00:00,2.2584874
2025-07-24 07:57:29.370384+00:00,2.2584869
2025-07-24 07:57:42.681246+00:00,2.2584875
2025-07-24 07:57:55.091800+00:00,2.2584874
2025-07-24 07:58:06.975259+00:00,2.2584876
2025-07-24 07:58:19.379590+00:00,2.2584874
2025-07-24 07:58:32.918128+00:00,2.2584873
2025-07-24 07:58:44.458976+00:00,2.2584873
2025-07-24 07:58:58.217644+00:00,2.2584881
2025-07-24 07:59:11.216460+00:00,2.2584877
2025-07-24 07:59:21.342477+00:00,2.2584872
2025-07-24 07:59:34.326915+00:00,2.2584874
2025-07-24 07:59:46.466260+00:00,2.2584867
2025-07-24 07:59:58.540180+00:00,2.2584876
2025-07-24 08:00:11.765313+00:00,2.2584872
2025-07-24 08:00:23.356380+00:00,2.2584871
2025-07-24 08:00:36.556151+00:00,2.2584877
2025-07-24 08:00:50.460549+00:00,2.2584881
2025-07-24 08:01:01.730650+00:00,2.2584875
2025-07-24 08:01:14.928888+00:00,2.2584878
2025-07-24 08:01:26.874563+00:00,2.2584875
2025-07-24 08:01:41.320194+00:00,2.2584877
2025-07-24 08:01:52.384673+00:00,2.2584879
2025-07-24 08:02:07.547789+00:00,2.2584876
2025-07-24 08:02:18.653752+00:00,2.2584878
2025-07-24 08:02:31.369390+00:00,2.2584875
2025-07-24 08:02:43.201205+00:00,2.2584872
2025-07-24 08:02:56.092754+00:00,2.258488
2025-07-24 08:03:09.246009+00:00,2.2584872
2025-07-24 08:03:21.433757+00:00,2.2584879
2025-07-24 08:03:34.023560+00:00,2.2584876
2025-07-24 08:03:46.925194+00:00,2.2584876
2025-07-24 08:03:58.986250+00:00,2.2584879
2025-07-24 08:04:11.891674+00:00,2.2584876
2025-07-24 08:04:24.389346+00:00,2.2584881
2025-07-24 08:04:40.488011+00:00,2.258488
2025-07-24 08:04:49.520750+00:00,2.2584875
2025-07-24 08:05:01.931201+00:00,2.2584873
2025-07-24 08:05:14.206641+00:00,2.2584874
2025-07-24 08:05:26.465760+00:00,2.2584877
2025-07-24 08:05:39.599750+00:00,2.2584868
2025-07-24 08:05:51.588070+00:00,2.2584876
2025-07-24 08:06:04.756330+00:00,2.2584879
2025-07-24 08:06:17.172892+00:00,2.2584882
2025-07-24 08:06:29.247347+00:00,2.2584873
2025-07-24 08:06:41.972425+00:00,2.2584872
2025-07-24 08:06:54.535980+00:00,2.2584875
2025-07-24 08:07:14.405546+00:00,2.2584879
2025-07-24 08:07:19.777682+00:00,2.2584876
2025-07-24 08:07:34.698508+00:00,2.2584874
2025-07-24 08:07:44.754949+00:00,2.2584883
2025-07-24 08:07:57.748305+00:00,2.2584879
2025-07-24 08:08:10.752142+00:00,2.2584881
2025-07-24 08:08:22.603495+00:00,2.2584877
2025-07-24 08:08:35.259349+00:00,2.2584875
2025-07-24 08:08:47.836598+00:00,2.2584881
2025-07-24 08:09:01.883699+00:00,2.2584877
2025-07-24 08:09:13.310017+00:00,2.2584879
2025-07-24 08:09:26.965891+00:00,2.2584876
2025-07-24 08:09:38.218870+00:00,2.2584875
2025-07-24 08:09:50.502080+00:00,2.2584875
2025-07-24 08:10:03.124130+00:00,2.2584877
2025-07-24 08:10:17.399778+00:00,2.2584872
2025-07-24 08:10:27.811001+00:00,2.2584875
2025-07-24 08:10:41.510863+00:00,2.2584878
2025-07-24 08:10:52.580596+00:00,2.2584874
2025-07-24 08:11:04.550368+00:00,2.2584874
2025-07-24 08:11:17.553470+00:00,2.2584882
2025-07-24 08:11:30.539999+00:00,2.2584875
2025-07-24 08:11:42.564095+00:00,2.2584879
2025-07-24 08:11:54.336440+00:00,2.2584874
2025-07-24 08:12:07.052211+00:00,2.2584872
2025-07-24 08:12:19.388754+00:00,2.2584877
2025-07-24 08:12:33.064138+00:00,2.2584876
2025-07-24 08:12:44.413313+00:00,2.2584875
2025-07-24 08:12:57.665527+00:00,2.2584871
2025-07-24 08:13:09.905055+00:00,2.2584874
2025-07-24 08:13:22.161076+00:00,2.2584872
2025-07-24 08:13:34.997414+00:00,2.2584873
2025-07-24 08:13:47.430467+00:00,2.2584872
2025-07-24 08:14:00.496666+00:00,2.2584873
2025-07-24 08:14:17.054325+00:00,2.2584882
2025-07-24 08:14:25.036967+00:00,2.2584874
2025-07-24 08:14:38.133342+00:00,2.2584871
2025-07-24 08:14:49.387260+00:00,2.2584879
2025-07-24 08:15:02.084163+00:00,2.258488
2025-07-24 08:15:14.201157+00:00,2.2584873
2025-07-24 08:15:39.707772+00:00,2.258488
2025-07-24 08:15:55.402301+00:00,2.2584877
2025-07-24 08:16:05.066690+00:00,2.2584872
2025-07-24 08:16:19.361237+00:00,2.2584877
2025-07-24 08:16:31.011586+00:00,2.2584879
2025-07-24 08:16:43.771598+00:00,2.2584881
2025-07-24 08:16:56.806633+00:00,2.2584874
2025-07-24 08:17:09.792878+00:00,2.2584877
2025-07-24 08:17:23.900290+00:00,2.2584882
2025-07-24 08:17:35.804842+00:00,2.2584877
2025-07-24 08:17:48.099171+00:00,2.2584877
2025-07-24 08:18:02.552689+00:00,2.2584873
2025-07-24 08:18:13.931380+00:00,2.258487
2025-07-24 08:18:27.197092+00:00,2.2584878
2025-07-24 08:18:39.237568+00:00,2.2584877
2025-07-24 08:18:53.238889+00:00,2.2584877
2025-07-24 08:19:05.210514+00:00,2.2584872
2025-07-24 08:19:16.813808+00:00,2.2584876
2025-07-24 08:19:28.744107+00:00,2.2584878
2025-07-24 08:19:41.551436+00:00,2.2584874
2025-07-24 08:19:53.713760+00:00,2.2584874
2025-07-24 08:20:05.917731+00:00,2.2584871
2025-07-24 08:20:20.873931+00:00,2.258488
2025-07-24 08:20:31.755676+00:00,2.2584881
2025-07-24 08:20:43.948555+00:00,2.2584871
2025-07-24 08:20:56.066190+00:00,2.2584878
2025-07-24 08:21:09.333499+00:00,2.2584874
2025-07-24 08:21:24.251884+00:00,2.2584881
2025-07-24 08:21:33.791956+00:00,2.2584874
2025-07-24 08:21:46.380673+00:00,2.2584875
2025-07-24 08:21:58.478174+00:00,2.2584876
2025-07-24 08:22:11.724891+00:00,2.2584874
2025-07-24 08:22:23.435222+00:00,2.2584882
2025-07-24 08:22:35.760530+00:00,2.258487
2025-07-24 08:22:48.560073+00:00,2.258487
2025-07-24 08:23:01.126761+00:00,2.2584874
2025-07-24 08:23:21.243207+00:00,2.2584872
2025-07-24 08:23:25.948563+00:00,2.2584881
2025-07-24 08:23:38.455969+00:00,2.2584876
2025-07-24 08:23:51.079318+00:00,2.2584879
2025-07-24 08:24:09.975495+00:00,2.2584873
2025-07-24 08:24:16.062239+00:00,2.2584877
2025-07-24 08:24:28.627238+00:00,2.2584873
2025-07-24 08:24:41.649508+00:00,2.2584878
2025-07-24 08:24:54.074109+00:00,2.2584871
2025-07-24 08:25:07.102960+00:00,2.2584876
2025-07-24 08:25:19.414451+00:00,2.2584883
2025-07-24 08:25:32.435189+00:00,2.258487
2025-07-24 08:25:44.097563+00:00,2.2584874
2025-07-24 08:25:56.324475+00:00,2.2584874
2025-07-24 08:26:08.942871+00:00,2.2584879
2025-07-24 08:26:21.255641+00:00,2.2584874
2025-07-24 08:26:34.290560+00:00,2.258487
2025-07-24 08:26:47.005119+00:00,2.2584878
2025-07-24 08:26:58.513590+00:00,2.2584873
2025-07-24 08:27:11.849585+00:00,2.2584877
2025-07-24 08:27:23.418026+00:00,2.2584882
2025-07-24 08:27:35.736491+00:00,2.2584871
2025-07-24 08:27:48.437053+00:00,2.2584875
2025-07-24 08:28:02.199119+00:00,2.2584877
2025-07-24 08:28:16.124454+00:00,2.2584874
2025-07-24 08:28:26.365078+00:00,2.2584877
2025-07-24 08:28:40.502706+00:00,2.2584872
2025-07-24 08:28:52.707799+00:00,2.2584878
2025-07-24 08:29:11.153572+00:00,2.2584878
2025-07-24 08:29:18.138124+00:00,2.2584878
2025-07-24 08:29:29.750787+00:00,2.2584872
2025-07-24 08:29:43.239303+00:00,2.2584876
2025-07-24 08:29:56.169672+00:00,2.2584876
2025-07-24 08:30:11.059775+00:00,2.2584871
2025-07-24 08:30:20.541283+00:00,2.2584871
2025-07-24 08:30:37.698348+00:00,2.2584877
2025-07-24 08:30:46.249253+00:00,2.2584875
2025-07-24 08:30:58.761118+00:00,2.2584874
2025-07-24 08:31:11.928272+00:00,2.2584874
2025-07-24 08:31:24.138491+00:00,2.258488
2025-07-24 08:31:38.458795+00:00,2.2584871
2025-07-24 08:31:51.201003+00:00,2.2584877
2025-07-24 08:32:03.254369+00:00,2.2584875
2025-07-24 08:32:12.996432+00:00,2.2584877
2025-07-24 08:32:25.398404+00:00,2.2584875
2025-07-24 08:32:38.071904+00:00,2.2584876
2025-07-24 08:32:50.050336+00:00,2.2584877
2025-07-24 08:33:03.055334+00:00,2.2584876
2025-07-24 08:33:15.365039+00:00,2.2584873
2025-07-24 08:33:27.200945+00:00,2.2584874
2025-07-24 08:33:40.202013+00:00,2.2584874
2025-07-24 08:33:52.807783+00:00,2.2584875
2025-07-24 08:34:05.849399+00:00,2.2584866
2025-07-24 08:34:17.514192+00:00,2.2584878
2025-07-24 08:34:29.162445+00:00,2.2584873
2025-07-24 08:34:41.693118+00:00,2.2584872
2025-07-24 08:34:54.260631+00:00,2.2584875
2025-07-24 08:35:07.177953+00:00,2.2584876
2025-07-24 08:35:19.686765+00:00,2.258487
2025-07-24 08:35:32.536357+00:00,2.2584876
2025-07-24 08:35:44.706839+00:00,2.2584873
2025-07-24 08:35:57.228291+00:00,2.2584874
2025-07-24 08:36:10.308494+00:00,2.2584875
2025-07-24 08:36:22.409648+00:00,2.2584872
2025-07-24 08:36:35.267570+00:00,2.2584873
2025-07-24 08:36:47.754659+00:00,2.2584878
2025-07-24 08:37:00.270013+00:00,2.2584872
2025-07-24 08:37:12.656572+00:00,2.2584876
2025-07-24 08:37:25.093051+00:00,2.2584875
2025-07-24 08:37:38.351125+00:00,2.2584871
2025-07-24 08:37:50.388062+00:00,2.2584877
2025-07-24 08:38:08.893495+00:00,2.2584872
2025-07-24 08:38:15.616656+00:00,2.258488
2025-07-24 08:38:28.024674+00:00,2.2584872
2025-07-24 08:38:42.494522+00:00,2.2584879
2025-07-24 08:38:53.715589+00:00,2.2584876
2025-07-24 08:39:10.062147+00:00,2.2584876
2025-07-24 08:39:19.350392+00:00,2.2584872
2025-07-24 08:39:33.432555+00:00,2.2584871
2025-07-24 08:39:44.871350+00:00,2.2584875
2025-07-24 08:39:57.487726+00:00,2.2584871
2025-07-24 08:40:10.261259+00:00,2.2584874
2025-07-24 08:40:23.330509+00:00,2.2584872
2025-07-24 08:40:37.287779+00:00,2.2584871
2025-07-24 08:40:48.597964+00:00,2.2584875
2025-07-24 08:41:03.052816+00:00,2.2584876
2025-07-24 08:41:14.024722+00:00,2.2584872
2025-07-24 08:41:26.829621+00:00,2.258487
2025-07-24 08:41:39.257692+00:00,2.2584871
2025-07-24 08:41:51.098180+00:00,2.2584873
2025-07-24 08:42:03.777469+00:00,2.2584875
2025-07-24 08:42:15.795917+00:00,2.2584871
2025-07-24 08:42:27.879751+00:00,2.2584876
2025-07-24 08:42:40.095711+00:00,2.2584876
2025-07-24 08:42:52.595636+00:00,2.2584878
2025-07-24 08:43:05.250877+00:00,2.2584873
2025-07-24 08:43:17.767195+00:00,2.2584875
2025-07-24 08:43:30.167466+00:00,2.2584877
2025-07-24 08:43:42.991795+00:00,2.2584872
2025-07-24 08:43:56.881961+00:00,2.2584873
2025-07-24 08:44:08.958397+00:00,2.2584877
2025-07-24 08:44:21.180833+00:00,2.2584876
2025-07-24 08:44:33.957491+00:00,2.2584872
2025-07-24 08:44:46.589703+00:00,2.2584872
2025-07-24 08:44:58.926081+00:00,2.2584874
2025-07-24 08:45:11.599566+00:00,2.2584873
2025-07-24 08:45:24.137921+00:00,2.2584872
2025-07-24 08:45:36.861838+00:00,2.2584871
2025-07-24 08:45:49.720508+00:00,2.2584874
2025-07-24 08:46:01.501152+00:00,2.2584875
2025-07-24 08:46:13.614133+00:00,2.258488
2025-07-24 08:46:26.474459+00:00,2.2584874
2025-07-24 08:46:38.712069+00:00,2.2584874
2025-07-24 08:46:51.779531+00:00,2.2584875
2025-07-24 08:47:03.985813+00:00,2.2584878
2025-07-24 08:47:18.132098+00:00,2.2584876
2025-07-24 08:47:28.749070+00:00,2.2584872
2025-07-24 08:47:41.048129+00:00,2.2584876
2025-07-24 08:47:53.394202+00:00,2.2584871
2025-07-24 08:48:06.450764+00:00,2.2584878
2025-07-24 08:48:20.874427+00:00,2.2584869
2025-07-24 08:48:30.940864+00:00,2.2584873
2025-07-24 08:48:43.349087+00:00,2.2584875
2025-07-24 08:48:56.006227+00:00,2.2584876
2025-07-24 08:49:08.641289+00:00,2.2584872
2025-07-24 08:49:21.998836+00:00,2.2584878
2025-07-24 08:49:33.464858+00:00,2.2584871
2025-07-24 08:49:45.811400+00:00,2.2584875
2025-07-24 08:49:59.544928+00:00,2.2584874
2025-07-24 08:50:11.023049+00:00,2.2584872
2025-07-24 08:50:23.699230+00:00,2.258487
2025-07-24 08:50:36.406945+00:00,2.2584871
2025-07-24 08:50:50.162813+00:00,2.2584876
2025-07-24 08:51:02.164018+00:00,2.2584881
2025-07-24 08:51:17.490873+00:00,2.2584878
2025-07-24 08:51:25.955594+00:00,2.2584876
2025-07-24 08:51:37.877536+00:00,2.2584873
2025-07-24 08:51:51.938252+00:00,2.2584874
2025-07-24 08:52:07.964415+00:00,2.2584872
2025-07-24 08:52:16.545948+00:00,2.2584872
2025-07-24 08:52:29.199330+00:00,2.2584871
2025-07-24 08:52:41.650866+00:00,2.258487
2025-07-24 08:52:54.682932+00:00,2.2584876
2025-07-24 08:53:10.007995+00:00,2.2584871
2025-07-24 08:53:20.324044+00:00,2.2584874
2025-07-24 08:53:33.356770+00:00,2.2584869
2025-07-24 08:53:46.058808+00:00,2.2584875
2025-07-24 08:53:59.296203+00:00,2.2584869
2025-07-24 08:54:11.530419+00:00,2.2584881
2025-07-24 08:54:23.882565+00:00,2.2584872
2025-07-24 08:54:36.698020+00:00,2.2584873
2025-07-24 08:54:49.270029+00:00,2.2584874
2025-07-24 08:55:02.721834+00:00,2.2584869
2025-07-24 08:55:15.164588+00:00,2.258487
2025-07-24 08:55:28.023510+00:00,2.2584877
2025-07-24 08:55:40.192853+00:00,2.2584873
2025-07-24 08:55:52.306310+00:00,2.2584876
2025-07-24 08:56:04.531517+00:00,2.2584873
2025-07-24 08:56:21.230693+00:00,2.2584874
2025-07-24 08:56:29.454015+00:00,2.2584875
2025-07-24 08:56:41.959200+00:00,2.2584872
2025-07-24 08:56:54.675157+00:00,2.2584873
2025-07-24 08:57:07.545564+00:00,2.2584871
2025-07-24 08:57:24.557103+00:00,2.2584877
2025-07-24 08:57:36.727769+00:00,2.2584879
2025-07-24 08:57:45.142666+00:00,2.2584874
2025-07-24 08:57:57.623748+00:00,2.2584871
2025-07-24 08:58:10.819063+00:00,2.2584872
2025-07-24 08:58:23.271827+00:00,2.2584875
2025-07-24 08:58:35.304334+00:00,2.2584874
2025-07-24 08:58:48.027832+00:00,2.2584868
2025-07-24 08:59:00.727546+00:00,2.2584873
2025-07-24 08:59:13.198332+00:00,2.2584872
2025-07-24 08:59:26.063183+00:00,2.2584876
2025-07-24 08:59:38.079637+00:00,2.2584874
2025-07-24 08:59:50.503121+00:00,2.258488
2025-07-24 09:00:03.654368+00:00,2.2584874
2025-07-24 09:00:16.648998+00:00,2.2584876
2025-07-24 09:00:34.309753+00:00,2.2584871
2025-07-24 09:00:44.182684+00:00,2.2584869
2025-07-24 09:00:53.570541+00:00,2.2584871
2025-07-24 09:01:06.614105+00:00,2.2584873
2025-07-24 09:01:19.142795+00:00,2.2584878
2025-07-24 09:01:32.548636+00:00,2.2584867
2025-07-24 09:01:47.552417+00:00,2.2584868
2025-07-24 09:01:58.250542+00:00,2.258487
2025-07-24 09:02:12.712309+00:00,2.2584872
2025-07-24 09:02:28.222139+00:00,2.2584874
2025-07-24 09:02:38.588426+00:00,2.258487
2025-07-24 09:02:49.107073+00:00,2.2584876
2025-07-24 09:03:03.078029+00:00,2.2584876
2025-07-24 09:03:14.193963+00:00,2.2584871
2025-07-24 09:03:26.659316+00:00,2.2584875
2025-07-24 09:03:40.750315+00:00,2.2584868
2025-07-24 09:03:51.938292+00:00,2.2584873
2025-07-24 09:04:05.221016+00:00,2.2584878
2025-07-24 09:04:17.876402+00:00,2.258487
2025-07-24 09:04:29.840898+00:00,2.2584876
2025-07-24 09:04:42.467838+00:00,2.2584872
2025-07-24 09:04:54.491184+00:00,2.2584875
2025-07-24 09:05:07.389245+00:00,2.2584874
2025-07-24 09:05:20.015108+00:00,2.2584876
2025-07-24 09:05:32.905523+00:00,2.2584872
2025-07-24 09:05:45.798508+00:00,2.2584877
2025-07-24 09:05:58.012411+00:00,2.2584873
2025-07-24 09:06:23.658650+00:00,2.2584874
2025-07-24 09:06:34.385266+00:00,2.2584878
2025-07-24 09:06:47.981323+00:00,2.2584873
2025-07-24 09:07:05.880776+00:00,2.2584873
2025-07-24 09:07:12.687114+00:00,2.2584872
2025-07-24 09:07:36.874390+00:00,2.2584868
2025-07-24 09:07:51.622245+00:00,2.2584871
2025-07-24 09:08:03.001790+00:00,2.2584871
2025-07-24 09:08:19.445235+00:00,2.2584876
2025-07-24 09:08:27.731725+00:00,2.2584871
2025-07-24 09:08:39.286245+00:00,2.2584877
2025-07-24 09:08:52.870010+00:00,2.2584867
2025-07-24 09:09:05.200714+00:00,2.2584872
2025-07-24 09:09:16.902662+00:00,2.2584874
2025-07-24 09:09:29.218923+00:00,2.2584876
2025-07-24 09:09:41.821848+00:00,2.258487
2025-07-24 09:09:55.386435+00:00,2.258487
2025-07-24 09:10:07.333092+00:00,2.258487
2025-07-24 09:10:20.368151+00:00,2.2584868
2025-07-24 09:10:33.203809+00:00,2.2584875
2025-07-24 09:10:46.100913+00:00,2.2584872
2025-07-24 09:10:59.569819+00:00,2.2584869
2025-07-24 09:11:12.365118+00:00,2.2584872
2025-07-24 09:11:24.295846+00:00,2.2584873
2025-07-24 09:11:36.935484+00:00,2.2584874
2025-07-24 09:11:49.676229+00:00,2.2584868
2025-07-24 09:12:02.514273+00:00,2.2584872
2025-07-24 09:12:15.129660+00:00,2.2584877
2025-07-24 09:12:28.300946+00:00,2.2584875
2025-07-24 09:12:41.201716+00:00,2.2584872
2025-07-24 09:12:53.686018+00:00,2.2584871
2025-07-24 09:13:06.438091+00:00,2.2584872
2025-07-24 09:13:19.050926+00:00,2.2584874
2025-07-24 09:13:31.437829+00:00,2.2584874
2025-07-24 09:13:43.614482+00:00,2.2584876
2025-07-24 09:13:56.616059+00:00,2.2584873
2025-07-24 09:14:09.411587+00:00,2.258488
2025-07-24 09:14:22.158023+00:00,2.2584872
2025-07-24 09:14:33.931497+00:00,2.2584874
2025-07-24 09:14:46.236199+00:00,2.258487
2025-07-24 09:14:59.499388+00:00,2.2584871
2025-07-24 09:15:11.987338+00:00,2.258487
2025-07-24 09:15:24.533162+00:00,2.2584872
2025-07-24 09:15:36.841638+00:00,2.2584874
2025-07-24 09:15:48.940505+00:00,2.2584879
2025-07-24 09:16:01.283703+00:00,2.2584873
2025-07-24 09:16:14.068356+00:00,2.258487
2025-07-24 09:16:26.231423+00:00,2.2584871
2025-07-24 09:16:39.311507+00:00,2.2584876
2025-07-24 09:16:50.835696+00:00,2.2584866
2025-07-24 09:17:03.582470+00:00,2.258487
2025-07-24 09:17:18.999163+00:00,2.2584877
2025-07-24 09:17:28.866653+00:00,2.258487
2025-07-24 09:17:41.680179+00:00,2.2584876
2025-07-24 09:17:54.627910+00:00,2.2584871
2025-07-24 09:18:08.531484+00:00,2.2584867
2025-07-24 09:18:20.560899+00:00,2.2584873
2025-07-24 09:18:31.437904+00:00,2.2584873
2025-07-24 09:18:43.756970+00:00,2.2584874
2025-07-24 09:18:56.578497+00:00,2.2584874
2025-07-24 09:19:09.629557+00:00,2.258487
2025-07-24 09:19:24.429863+00:00,2.258487
2025-07-24 09:19:33.709705+00:00,2.2584867
2025-07-24 09:19:48.003493+00:00,2.258487
2025-07-24 09:19:58.552095+00:00,2.2584877
2025-07-24 09:20:11.477004+00:00,2.2584867
2025-07-24 09:20:24.403131+00:00,2.2584869
2025-07-24 09:20:37.916043+00:00,2.2584866
2025-07-24 09:20:49.109378+00:00,2.2584869
2025-07-24 09:21:04.005761+00:00,2.2584868
2025-07-24 09:21:14.799530+00:00,2.2584875
2025-07-24 09:21:28.562020+00:00,2.2584873
2025-07-24 09:21:41.060728+00:00,2.2584869
2025-07-24 09:21:56.802044+00:00,2.2584871
2025-07-24 09:22:06.592110+00:00,2.2584867
2025-07-24 09:22:19.220777+00:00,2.2584876
2025-07-24 09:22:32.223209+00:00,2.2584869
2025-07-24 09:22:44.647047+00:00,2.2584873
2025-07-24 09:22:57.392833+00:00,2.2584875
2025-07-24 09:23:10.906146+00:00,2.2584873
2025-07-24 09:23:22.705844+00:00,2.2584866
2025-07-24 09:23:35.638257+00:00,2.2584871
2025-07-24 09:23:48.495886+00:00,2.2584876
2025-07-24 09:24:01.562452+00:00,2.2584868
2025-07-24 09:24:13.803569+00:00,2.2584875
2025-07-24 09:24:27.361934+00:00,2.2584876
2025-07-24 09:24:38.939468+00:00,2.2584875
2025-07-24 09:24:51.653928+00:00,2.2584876
2025-07-24 09:25:03.793647+00:00,2.2584869
2025-07-24 09:25:17.385931+00:00,2.2584869
2025-07-24 09:25:28.680386+00:00,2.2584866
2025-07-24 09:25:42.800480+00:00,2.2584869
2025-07-24 09:25:53.660240+00:00,2.2584875
2025-07-24 09:26:06.933697+00:00,2.2584875
2025-07-24 09:26:19.359950+00:00,2.2584874
2025-07-24 09:26:32.056771+00:00,2.258487
2025-07-24 09:26:44.323506+00:00,2.2584868
2025-07-24 09:26:56.792703+00:00,2.2584868
2025-07-24 09:27:09.518114+00:00,2.2584875
2025-07-24 09:27:26.443536+00:00,2.258486
2025-07-24 09:33:38.795224+00:00,2.258487
2025-07-24 09:33:51.947592+00:00,2.2584869
2025-07-24 09:34:05.373095+00:00,2.258487
2025-07-24 09:34:19.924389+00:00,2.2584872
2025-07-24 09:34:30.042847+00:00,2.2584872
2025-07-24 09:34:42.903086+00:00,2.2584876
2025-07-24 09:34:55.654392+00:00,2.2584868
2025-07-24 09:35:09.754946+00:00,2.2584868
2025-07-24 09:35:21.553787+00:00,2.2584867
2025-07-24 09:35:34.170271+00:00,2.2584869
2025-07-24 09:35:47.236755+00:00,2.2584874
2025-07-24 09:35:59.756468+00:00,2.2584871
2025-07-24 09:36:12.463303+00:00,2.2584872
2025-07-24 09:36:24.659411+00:00,2.2584867
2025-07-24 09:36:37.131115+00:00,2.2584872
2025-07-24 09:36:49.848070+00:00,2.258487
2025-07-24 09:37:02.468752+00:00,2.258487
2025-07-24 09:37:14.471755+00:00,2.2584869
2025-07-24 09:37:26.779781+00:00,2.2584875
2025-07-24 09:37:39.387463+00:00,2.2584876
2025-07-24 09:37:51.829345+00:00,2.2584876
2025-07-24 09:38:04.957796+00:00,2.2584872
2025-07-24 09:38:19.720396+00:00,2.2584873
2025-07-24 09:38:29.139071+00:00,2.2584868
2025-07-24 09:38:41.763030+00:00,2.258487
2025-07-24 09:38:56.569325+00:00,2.2584873
2025-07-24 09:39:07.582830+00:00,2.2584878
2025-07-24 09:39:19.336701+00:00,2.2584871
2025-07-24 09:39:32.622372+00:00,2.2584871
2025-07-24 09:39:44.560481+00:00,2.2584877
2025-07-24 09:39:56.309254+00:00,2.2584874
2025-07-24 09:40:11.995016+00:00,2.2584873
2025-07-24 09:40:21.912673+00:00,2.2584874
2025-07-24 09:40:34.852726+00:00,2.2584874
2025-07-24 09:40:47.292851+00:00,2.2584869
2025-07-24 09:41:02.241899+00:00,2.2584871
2025-07-24 09:41:12.865289+00:00,2.2584876
2025-07-24 09:41:24.430584+00:00,2.2584875
2025-07-24 09:41:36.779569+00:00,2.2584865
2025-07-24 09:41:50.817200+00:00,2.2584876
2025-07-24 09:42:02.383848+00:00,2.2584871
2025-07-24 09:42:17.131986+00:00,2.2584874
2025-07-24 09:42:26.953948+00:00,2.2584867
2025-07-24 09:42:39.532996+00:00,2.2584873
2025-07-24 09:42:54.471324+00:00,2.2584873
2025-07-24 09:43:06.725831+00:00,2.2584869
2025-07-24 09:43:18.750684+00:00,2.2584873
2025-07-24 09:43:29.798728+00:00,2.2584872
2025-07-24 09:43:42.305141+00:00,2.2584873
2025-07-24 09:43:56.131449+00:00,2.2584866
2025-07-24 09:44:08.331049+00:00,2.2584876
2025-07-24 09:44:20.828354+00:00,2.2584869
2025-07-24 09:44:33.373095+00:00,2.2584876
2025-07-24 09:44:46.180229+00:00,2.2584872
2025-07-24 09:44:59.155154+00:00,2.258487
2025-07-24 09:45:12.571763+00:00,2.2584867
2025-07-24 09:45:25.804369+00:00,2.2584866
2025-07-24 09:45:37.368449+00:00,2.2584873
2025-07-24 09:45:50.407029+00:00,2.2584875
2025-07-24 09:46:04.195058+00:00,2.2584869
2025-07-24 09:46:17.976679+00:00,2.258487
2025-07-24 09:46:29.077965+00:00,2.2584872
2025-07-24 09:46:40.588876+00:00,2.2584875
2025-07-24 09:46:54.565749+00:00,2.2584874
2025-07-24 09:47:06.435479+00:00,2.2584867
2025-07-24 09:47:19.401092+00:00,2.2584869
2025-07-24 09:47:32.029693+00:00,2.2584873
2025-07-24 09:47:43.792146+00:00,2.2584877
2025-07-24 09:47:56.434107+00:00,2.2584874
2025-07-24 09:48:08.918388+00:00,2.258487
2025-07-24 09:48:21.751561+00:00,2.2584876
2025-07-24 09:48:35.918047+00:00,2.2584871
2025-07-24 09:48:46.607492+00:00,2.2584872
2025-07-24 09:48:58.875296+00:00,2.2584869
2025-07-24 09:49:12.086647+00:00,2.2584874
2025-07-24 09:49:23.598769+00:00,2.2584869
2025-07-24 09:49:37.002696+00:00,2.2584871
2025-07-24 09:49:48.779036+00:00,2.2584876
2025-07-24 09:50:01.133289+00:00,2.2584869
2025-07-24 09:50:13.598588+00:00,2.2584868
2025-07-24 09:50:26.669954+00:00,2.2584877
2025-07-24 09:50:39.789544+00:00,2.2584869
2025-07-24 09:50:51.218498+00:00,2.2584871
2025-07-24 09:51:03.704963+00:00,2.258487
2025-07-24 09:51:19.441531+00:00,2.2584873
2025-07-24 09:51:29.719553+00:00,2.2584875
2025-07-24 09:51:41.757289+00:00,2.2584874
2025-07-24 09:51:54.003573+00:00,2.2584872
2025-07-24 09:52:07.394615+00:00,2.2584873
2025-07-24 09:52:19.197654+00:00,2.2584871
2025-07-24 09:52:32.288208+00:00,2.2584872
2025-07-24 09:52:44.626098+00:00,2.2584875
2025-07-24 09:52:56.485913+00:00,2.2584877
2025-07-24 09:53:09.917403+00:00,2.2584868
2025-07-24 09:53:21.827461+00:00,2.2584874
2025-07-24 09:53:34.361132+00:00,2.2584867
2025-07-24 09:53:48.283534+00:00,2.2584865
2025-07-24 09:53:59.406865+00:00,2.2584877
2025-07-24 09:54:12.278271+00:00,2.2584875
2025-07-24 09:54:24.445344+00:00,2.258487
2025-07-24 09:54:36.842659+00:00,2.2584874
2025-07-24 09:54:50.515367+00:00,2.2584869
2025-07-24 09:55:01.897063+00:00,2.2584869
2025-07-24 09:55:14.794752+00:00,2.2584875
2025-07-24 09:55:26.876384+00:00,2.2584872
2025-07-24 09:55:42.109505+00:00,2.2584868
2025-07-24 09:55:52.000066+00:00,2.2584868
2025-07-24 09:56:05.470862+00:00,2.258487
2025-07-24 09:56:17.823962+00:00,2.2584875
2025-07-24 09:56:29.339842+00:00,2.2584873
2025-07-24 09:56:42.098092+00:00,2.2584873
2025-07-24 09:56:58.394276+00:00,2.2584876
2025-07-24 09:57:07.708704+00:00,2.2584867
2025-07-24 09:57:21.244767+00:00,2.2584873
2025-07-24 09:57:33.649922+00:00,2.2584875
2025-07-24 09:57:46.328479+00:00,2.2584869
2025-07-24 09:57:59.172847+00:00,2.2584875
2025-07-24 09:58:13.646250+00:00,2.2584872
2025-07-24 09:58:24.424286+00:00,2.2584873
2025-07-24 09:58:37.249255+00:00,2.2584868
2025-07-24 09:58:52.783682+00:00,2.258487
2025-07-24 09:59:02.980461+00:00,2.258487
2025-07-24 09:59:16.450757+00:00,2.2584877
2025-07-24 09:59:29.056811+00:00,2.2584873
2025-07-24 09:59:40.752623+00:00,2.2584873
2025-07-24 09:59:54.420807+00:00,2.2584874
2025-07-24 10:00:07.151201+00:00,2.2584873
2025-07-24 10:00:18.991876+00:00,2.2584872
2025-07-24 10:00:43.313003+00:00,2.2584875
2025-07-24 10:00:55.614191+00:00,2.2584868
2025-07-24 10:01:08.438631+00:00,2.2584876
2025-07-24 10:01:20.567757+00:00,2.2584873
2025-07-24 10:01:33.579804+00:00,2.2584869
2025-07-24 10:01:46.447831+00:00,2.2584873
2025-07-24 10:01:58.429715+00:00,2.2584867
2025-07-24 10:02:11.196139+00:00,2.2584868
2025-07-24 10:02:23.445057+00:00,2.2584875
2025-07-24 10:02:35.873970+00:00,2.2584869
2025-07-24 10:02:51.765776+00:00,2.2584872
2025-07-24 10:03:01.527524+00:00,2.2584876
2025-07-24 10:03:13.828369+00:00,2.2584875
2025-07-24 10:03:26.974280+00:00,2.2584874
2025-07-24 10:03:38.127522+00:00,2.258487
2025-07-24 10:03:50.476660+00:00,2.2584875
2025-07-24 10:04:03.291302+00:00,2.2584868
2025-07-24 10:04:15.975517+00:00,2.2584874
2025-07-24 10:04:27.995079+00:00,2.2584872
2025-07-24 10:04:40.547263+00:00,2.2584868
2025-07-24 10:04:53.191929+00:00,2.258487
2025-07-24 10:05:08.762141+00:00,2.2584868
2025-07-24 10:05:18.985821+00:00,2.2584869
2025-07-24 10:05:32.415397+00:00,2.2584868
2025-07-24 10:05:43.037976+00:00,2.2584873
2025-07-24 10:05:55.520040+00:00,2.2584869
2025-07-24 10:06:08.065684+00:00,2.2584868
2025-07-24 10:06:20.740067+00:00,2.2584866
2025-07-24 10:06:33.162532+00:00,2.2584869
2025-07-24 10:06:45.421437+00:00,2.2584869
2025-07-24 10:06:57.698422+00:00,2.2584864
2025-07-24 10:07:10.645593+00:00,2.2584869
2025-07-24 10:07:23.235594+00:00,2.2584873
2025-07-24 10:07:35.372105+00:00,2.2584871
2025-07-24 10:07:49.898858+00:00,2.2584874
2025-07-24 10:08:01.161456+00:00,2.2584866
2025-07-24 10:08:13.413652+00:00,2.258487
2025-07-24 10:08:26.213248+00:00,2.2584869
2025-07-24 10:08:38.959589+00:00,2.2584869
2025-07-24 10:08:52.801748+00:00,2.2584874
2025-07-24 10:09:05.476089+00:00,2.2584876
2025-07-24 10:09:17.944423+00:00,2.2584865
2025-07-24 10:09:30.920007+00:00,2.2584874
2025-07-24 10:09:42.839457+00:00,2.2584869
2025-07-24 10:09:55.609312+00:00,2.258487
2025-07-24 10:10:08.651376+00:00,2.2584874
2025-07-24 10:10:22.056079+00:00,2.2584863
2025-07-24 10:10:43.241126+00:00,2.2584869
2025-07-24 10:10:47.278117+00:00,2.2584871
2025-07-24 10:10:59.366034+00:00,2.258487
2025-07-24 10:11:15.090776+00:00,2.2584867
2025-07-24 10:11:24.540975+00:00,2.2584876
2025-07-24 10:11:37.578909+00:00,2.2584874
2025-07-24 10:11:49.414967+00:00,2.2584875
2025-07-24 10:12:02.939954+00:00,2.2584867
2025-07-24 10:12:14.209267+00:00,2.2584868
2025-07-24 10:12:26.680519+00:00,2.2584869
2025-07-24 10:12:39.642852+00:00,2.2584871
2025-07-24 10:12:51.653580+00:00,2.2584873
2025-07-24 10:13:04.277915+00:00,2.2584877
2025-07-24 10:13:17.025947+00:00,2.2584876
2025-07-24 10:13:29.141453+00:00,2.2584871
2025-07-24 10:13:41.379846+00:00,2.2584874
2025-07-24 10:13:54.293419+00:00,2.258487
2025-07-24 10:14:10.060715+00:00,2.2584875
2025-07-24 10:14:19.403740+00:00,2.2584869
2025-07-24 10:14:32.426959+00:00,2.2584872
2025-07-24 10:14:45.342860+00:00,2.2584871
2025-07-24 10:14:57.095187+00:00,2.2584873
2025-07-24 10:15:09.810404+00:00,2.2584865
2025-07-24 10:15:22.486220+00:00,2.2584873
2025-07-24 10:15:35.300067+00:00,2.2584878
2025-07-24 10:15:47.674923+00:00,2.258487
2025-07-24 10:16:12.453557+00:00,2.258487
2025-07-24 10:16:25.650367+00:00,2.258487
2025-07-24 10:16:45.630418+00:00,2.2584872
2025-07-24 10:16:49.916710+00:00,2.2584876
2025-07-24 10:17:03.178025+00:00,2.2584871
2025-07-24 10:17:14.909854+00:00,2.2584866
2025-07-24 10:17:27.717854+00:00,2.2584872
2025-07-24 10:17:41.485938+00:00,2.2584869
2025-07-24 10:17:53.514636+00:00,2.2584873
2025-07-24 10:18:08.479948+00:00,2.2584872
2025-07-24 10:18:18.766182+00:00,2.2584874
2025-07-24 10:18:34.941534+00:00,2.2584868
2025-07-24 10:18:46.682563+00:00,2.2584871
2025-07-24 10:18:57.137234+00:00,2.2584873
2025-07-24 10:19:12.128154+00:00,2.2584869
2025-07-24 10:19:22.198570+00:00,2.258487
2025-07-24 10:19:35.016087+00:00,2.2584865
2025-07-24 10:19:48.519036+00:00,2.2584876
2025-07-24 10:20:00.981860+00:00,2.2584874
2025-07-24 10:20:13.539561+00:00,2.2584873
2025-07-24 10:20:25.991546+00:00,2.2584871
2025-07-24 10:20:41.880456+00:00,2.2584867
2025-07-24 10:20:50.916884+00:00,2.2584874
2025-07-24 10:21:03.550138+00:00,2.2584869
2025-07-24 10:21:16.132879+00:00,2.2584871
2025-07-24 10:21:27.962189+00:00,2.2584871
2025-07-24 10:22:06.847250+00:00,2.2584869
2025-07-24 10:22:42.480811+00:00,2.2584866
2025-07-24 10:22:55.125498+00:00,2.2584876
2025-07-24 10:23:19.818275+00:00,2.258486
2025-07-24 10:23:44.907034+00:00,2.2584871
2025-07-24 10:23:59.020941+00:00,2.258487
2025-07-24 10:24:24.295306+00:00,2.2584863
2025-07-24 10:24:34.462554+00:00,2.2584868
2025-07-24 10:25:05.510159+00:00,2.2584872
2025-07-24 10:25:13.769336+00:00,2.258487
2025-07-24 10:25:24.952792+00:00,2.2584875
2025-07-24 10:25:43.043126+00:00,2.2584872
2025-07-24 10:25:50.857271+00:00,2.2584872
2025-07-24 10:26:27.588459+00:00,2.258487
2025-07-24 10:26:40.312902+00:00,2.2584871
2025-07-24 10:26:52.756252+00:00,2.2584877
2025-07-24 10:27:06.845371+00:00,2.2584874
2025-07-24 10:27:18.358318+00:00,2.2584867
2025-07-24 10:27:30.848108+00:00,2.2584865
2025-07-24 10:27:42.790658+00:00,2.2584861
2025-07-24 10:27:55.358755+00:00,2.2584867
2025-07-24 10:28:20.462964+00:00,2.2584874
2025-07-24 10:28:32.763263+00:00,2.2584868
2025-07-24 10:28:49.918180+00:00,2.2584871
2025-07-24 10:28:57.707097+00:00,2.2584872
2025-07-24 10:29:11.133144+00:00,2.2584874
2025-07-24 10:29:22.405887+00:00,2.2584869
2025-07-24 10:29:35.120690+00:00,2.2584866
2025-07-24 10:29:49.084932+00:00,2.2584868
2025-07-24 10:30:00.008709+00:00,2.2584868
2025-07-24 10:30:13.117037+00:00,2.2584873
2025-07-24 10:30:26.360350+00:00,2.2584873
2025-07-24 10:30:37.869212+00:00,2.2584875
2025-07-24 10:30:50.437627+00:00,2.2584872
2025-07-24 10:31:03.962876+00:00,2.2584868
2025-07-24 10:31:16.059403+00:00,2.2584874
2025-07-24 10:31:29.116586+00:00,2.2584869
2025-07-24 10:31:40.025402+00:00,2.258487
2025-07-24 10:31:52.451202+00:00,2.2584868
2025-07-24 10:32:05.118373+00:00,2.2584866
2025-07-24 10:32:17.572086+00:00,2.2584875
2025-07-24 10:32:30.754493+00:00,2.2584874
2025-07-24 10:32:42.465945+00:00,2.2584868
2025-07-24 10:32:59.720458+00:00,2.2584875
2025-07-24 10:33:07.323839+00:00,2.2584866
2025-07-24 10:33:19.596526+00:00,2.2584872
2025-07-24 10:33:32.314283+00:00,2.2584872
2025-07-24 10:33:50.812845+00:00,2.2584876
2025-07-24 10:33:58.848666+00:00,2.258487
2025-07-24 10:34:10.451670+00:00,2.2584873
2025-07-24 10:34:23.199936+00:00,2.2584868
2025-07-24 10:34:36.118222+00:00,2.2584867
2025-07-24 10:34:49.480622+00:00,2.2584872
2025-07-24 10:35:02.313001+00:00,2.258487
2025-07-24 10:35:15.413145+00:00,2.2584868
2025-07-24 10:35:40.349925+00:00,2.2584869
2025-07-24 10:35:53.389093+00:00,2.2584872
2025-07-24 10:36:05.837121+00:00,2.2584871
2025-07-24 10:36:18.361503+00:00,2.2584868
2025-07-24 10:36:31.470448+00:00,2.2584873
2025-07-24 10:36:43.269780+00:00,2.258487
2025-07-24 10:36:55.911653+00:00,2.2584863
2025-07-24 10:37:12.132811+00:00,2.2584869
2025-07-24 10:37:20.844571+00:00,2.2584868
2025-07-24 10:37:33.726589+00:00,2.2584869
2025-07-24 10:37:46.146150+00:00,2.2584867
2025-07-24 10:37:58.453242+00:00,2.2584871
2025-07-24 10:38:10.801815+00:00,2.2584873
2025-07-24 10:38:34.949255+00:00,2.2584872
2025-07-24 10:38:48.939662+00:00,2.2584866
2025-07-24 10:39:03.276497+00:00,2.2584871
2025-07-24 10:39:12.250765+00:00,2.2584867
2025-07-24 10:39:25.512221+00:00,2.2584864
2025-07-24 10:39:49.870263+00:00,2.2584862
2025-07-24 10:40:02.530849+00:00,2.2584867
2025-07-24 10:40:15.520368+00:00,2.2584869
2025-07-24 10:40:27.756681+00:00,2.258487
2025-07-24 10:40:40.056130+00:00,2.2584875
2025-07-24 10:40:52.534032+00:00,2.2584869
2025-07-24 10:41:06.903267+00:00,2.2584868
2025-07-24 10:41:18.329164+00:00,2.258487
2025-07-24 10:41:30.850132+00:00,2.2584875
2025-07-24 10:41:43.847088+00:00,2.2584872
2025-07-24 10:41:55.876860+00:00,2.2584865
2025-07-24 10:42:20.384319+00:00,2.2584869
2025-07-24 10:42:34.531596+00:00,2.2584874
2025-07-24 10:42:49.667816+00:00,2.2584863
2025-07-24 10:42:58.380313+00:00,2.2584874
2025-07-24 10:43:10.391995+00:00,2.2584868
2025-07-24 10:43:22.779176+00:00,2.258487
2025-07-24 10:43:35.121706+00:00,2.258486
2025-07-24 10:43:48.185772+00:00,2.258487
2025-07-24 10:44:00.624420+00:00,2.2584871
2025-07-24 10:44:51.259456+00:00,2.2584873
2025-07-24 10:45:03.645309+00:00,2.258487
2025-07-24 10:45:19.366392+00:00,2.258487
2025-07-24 10:45:28.298681+00:00,2.2584872
2025-07-24 10:45:40.684788+00:00,2.2584869
2025-07-24 10:46:50.213642+00:00,2.2584877
2025-07-24 10:46:56.113593+00:00,2.2584864
2025-07-24 10:47:21.571958+00:00,2.2584871
2025-07-24 10:47:34.406595+00:00,2.2584868
2025-07-24 10:48:04.512333+00:00,2.2584868
2025-07-24 10:48:50.973126+00:00,2.2584863
2025-07-24 10:49:31.591178+00:00,2.2584869
2025-07-24 10:50:20.454565+00:00,2.2584865
2025-07-24 10:50:32.658560+00:00,2.2584862
2025-07-24 10:52:24.101720+00:00,2.2584862
2025-07-24 10:54:17.959956+00:00,2.2584872
2025-07-24 10:54:42.583958+00:00,2.2584873
2025-07-24 10:54:56.203239+00:00,2.2584872
2025-07-24 10:56:34.871542+00:00,2.258487
2025-07-24 10:56:48.204929+00:00,2.2584861
2025-07-24 10:57:00.499175+00:00,2.2584869
2025-07-24 10:59:42.408222+00:00,2.2584872
2025-07-24 10:59:55.208099+00:00,2.2584865
2025-07-24 11:00:08.535565+00:00,2.2584866
2025-07-24 11:00:20.718938+00:00,2.2584873
2025-07-24 11:00:35.283617+00:00,2.258487
2025-07-24 11:00:46.528238+00:00,2.2584864
2025-07-24 11:00:58.952392+00:00,2.258487
2025-07-24 11:01:24.452937+00:00,2.2584869
2025-07-24 11:02:15.172765+00:00,2.2584868
2025-07-24 11:02:27.954651+00:00,2.2584869
2025-07-24 11:03:18.841646+00:00,2.2584865
2025-07-24 11:03:34.533515+00:00,2.2584862
2025-07-24 11:04:59.070150+00:00,2.2584871
2025-07-24 11:05:11.936214+00:00,2.2584865
2025-07-24 11:05:25.746514+00:00,2.258487
2025-07-24 11:10:50.444862+00:00,2.2584872
2025-07-24 11:11:04.069464+00:00,2.2584868
2025-07-24 11:11:16.345653+00:00,2.2584862
2025-07-24 11:11:28.974707+00:00,2.2584874
2025-07-24 11:11:41.623916+00:00,2.2584868
2025-07-24 11:12:08.127063+00:00,2.2584873
2025-07-24 11:14:27.553872+00:00,2.2584863
2025-07-24 11:14:39.695775+00:00,2.2584872
2025-07-24 11:14:52.443710+00:00,2.2584872
2025-07-24 11:15:54.730473+00:00,2.2584859
2025-07-24 11:16:20.006774+00:00,2.2584858
2025-07-24 11:16:45.685245+00:00,2.2584871
2025-07-24 11:17:22.608239+00:00,2.2584872
2025-07-24 11:18:24.772778+00:00,2.2584869
2025-07-24 12:36:13.705631+00:00,2.2584874
2025-07-24 12:36:26.123238+00:00,2.2584868
2025-07-24 12:36:38.687944+00:00,2.2584862
2025-07-24 12:36:51.172373+00:00,2.2584865
2025-07-24 12:37:04.294935+00:00,2.258487
2025-07-24 12:37:19.045028+00:00,2.2584873
2025-07-24 12:37:28.727083+00:00,2.2584876
2025-07-24 12:37:41.293301+00:00,2.2584873
2025-07-24 12:37:54.073000+00:00,2.2584865
2025-07-24 12:38:07.163204+00:00,2.2584874
2025-07-24 12:38:44.196116+00:00,2.2584873
2025-07-24 12:38:57.072546+00:00,2.2584873
2025-07-24 12:39:59.527306+00:00,2.2584867
2025-07-24 14:51:41.999165+00:00,2.2584866
2025-07-24 14:52:08.049449+00:00,2.2584866
2025-07-24 14:53:11.380558+00:00,2.2584862
2025-07-24 14:54:25.038872+00:00,2.2584865
2025-07-24 14:54:37.638106+00:00,2.2584867
2025-07-24 14:54:50.228323+00:00,2.2584867
2025-07-24 14:55:40.543714+00:00,2.2584859
2025-07-24 14:56:05.801102+00:00,2.2584862
2025-07-24 14:56:43.092492+00:00,2.2584864
2025-07-24 14:56:56.012183+00:00,2.2584867
2025-07-24 14:57:08.943294+00:00,2.2584869
2025-07-24 14:57:33.593341+00:00,2.2584865
2025-07-24 14:57:46.320665+00:00,2.258487
2025-07-24 14:57:58.545834+00:00,2.2584869
2025-07-24 14:58:11.606337+00:00,2.2584867
2025-07-24 14:58:48.813830+00:00,2.2584858
2025-07-24 14:59:01.763136+00:00,2.2584871
2025-07-24 14:59:13.639747+00:00,2.2584871
2025-07-24 14:59:27.154166+00:00,2.2584872
2025-07-24 14:59:39.247243+00:00,2.2584871
2025-07-24 14:59:52.861548+00:00,2.2584874
2025-07-24 15:00:11.736747+00:00,2.2584871
2025-07-24 15:00:19.746586+00:00,2.2584868
2025-07-24 15:00:31.838710+00:00,2.2584868
2025-07-24 15:00:43.133439+00:00,2.2584869
2025-07-24 15:00:55.745539+00:00,2.2584872
2025-07-24 15:01:10.165823+00:00,2.2584872
2025-07-24 15:01:21.621118+00:00,2.258487
2025-07-24 15:01:36.581232+00:00,2.2584874
2025-07-24 15:01:48.518114+00:00,2.258487
2025-07-24 15:02:00.766721+00:00,2.258487
2025-07-24 15:02:12.103723+00:00,2.2584871
2025-07-24 15:02:26.861391+00:00,2.2584869
2025-07-24 15:02:37.245864+00:00,2.2584868
2025-07-24 15:02:50.049682+00:00,2.2584866
2025-07-24 15:03:03.855534+00:00,2.258487
2025-07-24 15:03:14.787577+00:00,2.2584866
2025-07-24 15:03:27.627822+00:00,2.2584875
2025-07-24 15:03:39.653718+00:00,2.2584867
2025-07-24 15:03:52.132567+00:00,2.2584873
2025-07-24 15:04:05.388573+00:00,2.2584874
2025-07-24 15:04:17.268424+00:00,2.2584869
2025-07-24 15:04:30.694881+00:00,2.2584869
2025-07-24 15:04:43.466059+00:00,2.2584879
2025-07-24 15:04:56.199307+00:00,2.2584874
2025-07-24 15:05:08.169560+00:00,2.2584872
2025-07-24 15:05:20.486480+00:00,2.2584875
2025-07-24 15:05:33.093995+00:00,2.2584873
2025-07-24 15:05:45.406060+00:00,2.2584873
2025-07-24 15:05:57.728560+00:00,2.2584877
2025-07-24 15:06:10.471016+00:00,2.2584873
2025-07-24 15:06:23.174181+00:00,2.2584869
2025-07-24 15:06:35.041513+00:00,2.2584871
2025-07-24 15:06:47.782708+00:00,2.2584871
2025-07-24 15:06:59.690850+00:00,2.2584867
2025-07-24 15:07:15.097866+00:00,2.258487
2025-07-24 15:07:24.542579+00:00,2.2584869
2025-07-24 15:07:37.597269+00:00,2.2584871
2025-07-24 15:07:49.542048+00:00,2.258487
2025-07-24 15:08:03.200597+00:00,2.2584869
2025-07-24 15:08:27.199311+00:00,2.2584867
2025-07-24 15:08:39.896335+00:00,2.2584872
2025-07-24 15:08:52.405520+00:00,2.2584875
2025-07-24 15:09:05.267481+00:00,2.2584869
2025-07-24 15:09:17.881207+00:00,2.2584874
2025-07-24 15:09:30.367023+00:00,2.2584876
2025-07-24 15:09:46.337228+00:00,2.2584875
2025-07-24 15:09:59.369780+00:00,2.2584877
2025-07-24 15:10:11.454027+00:00,2.2584872
2025-07-24 15:10:24.568780+00:00,2.2584876
2025-07-24 15:10:36.974498+00:00,2.2584877
2025-07-24 15:10:49.452894+00:00,2.2584868
2025-07-24 15:11:02.546308+00:00,2.2584874
2025-07-24 15:11:15.350503+00:00,2.2584871
2025-07-24 15:11:28.643790+00:00,2.2584875
2025-07-24 15:11:40.894666+00:00,2.2584868
2025-07-24 15:11:54.410256+00:00,2.2584876
2025-07-24 15:12:09.209431+00:00,2.2584872
2025-07-24 15:12:19.754227+00:00,2.2584875
2025-07-24 15:12:32.517291+00:00,2.2584873
2025-07-24 15:12:44.478098+00:00,2.258487
2025-07-24 15:12:57.484662+00:00,2.258487
2025-07-24 15:13:10.333119+00:00,2.2584876
2025-07-24 15:13:23.094696+00:00,2.2584874
2025-07-24 15:13:34.882836+00:00,2.2584873
2025-07-24 15:13:50.401056+00:00,2.2584871
2025-07-24 15:14:01.323442+00:00,2.2584872
2025-07-24 15:14:12.199747+00:00,2.2584866
2025-07-24 15:14:24.263817+00:00,2.2584875
2025-07-24 15:14:36.666674+00:00,2.2584877
2025-07-24 15:14:49.190359+00:00,2.258487
2025-07-24 15:15:06.827780+00:00,2.2584872
2025-07-24 15:15:14.378939+00:00,2.2584871
2025-07-24 15:15:27.154364+00:00,2.2584879
2025-07-24 15:15:40.828259+00:00,2.2584868
2025-07-24 15:15:52.411058+00:00,2.2584875
2025-07-24 15:16:04.321464+00:00,2.2584872
2025-07-24 15:16:17.786045+00:00,2.2584878
2025-07-24 15:16:29.988200+00:00,2.2584875
2025-07-24 15:16:41.860119+00:00,2.2584877
2025-07-24 15:16:54.480108+00:00,2.258487
2025-07-24 15:17:07.842142+00:00,2.2584876
2025-07-24 15:17:19.483730+00:00,2.2584872
2025-07-24 15:17:32.297667+00:00,2.2584872
2025-07-24 15:17:44.497770+00:00,2.2584871
2025-07-24 15:17:57.026520+00:00,2.2584874
2025-07-24 15:18:16.165963+00:00,2.2584867
2025-07-24 15:18:22.589327+00:00,2.2584873
2025-07-24 15:18:34.842335+00:00,2.258487
2025-07-24 15:18:47.942040+00:00,2.2584877
2025-07-24 15:19:00.657718+00:00,2.2584876
2025-07-24 15:19:13.250951+00:00,2.258487
2025-07-24 15:19:27.060082+00:00,2.2584876
2025-07-24 15:19:38.180372+00:00,2.2584868
2025-07-24 15:19:50.983300+00:00,2.2584875
2025-07-24 15:20:03.768313+00:00,2.2584874
2025-07-24 15:20:21.041896+00:00,2.258487
2025-07-24 15:20:30.839996+00:00,2.2584871
2025-07-24 15:20:42.424207+00:00,2.2584879
2025-07-24 15:20:54.503554+00:00,2.2584873
2025-07-24 15:21:07.429060+00:00,2.2584869
2025-07-24 15:21:20.756646+00:00,2.2584877
2025-07-24 15:21:32.879154+00:00,2.2584877
2025-07-24 15:21:46.378681+00:00,2.2584869
2025-07-24 15:21:59.240060+00:00,2.2584875
2025-07-24 15:22:10.960312+00:00,2.2584869
2025-07-24 15:22:24.331441+00:00,2.2584876
2025-07-24 15:22:36.030139+00:00,2.2584869
2025-07-24 15:22:49.081109+00:00,2.2584873
2025-07-24 15:23:03.033386+00:00,2.258487
2025-07-24 15:23:13.574440+00:00,2.258487
2025-07-24 15:23:26.747136+00:00,2.2584873
2025-07-24 15:23:38.398596+00:00,2.2584876
2025-07-24 15:23:50.340424+00:00,2.2584877
2025-07-24 15:24:03.016553+00:00,2.2584866
2025-07-24 15:24:15.783568+00:00,2.2584867
2025-07-24 15:24:28.528829+00:00,2.2584876
2025-07-24 15:24:40.310541+00:00,2.2584873
2025-07-24 15:24:52.988792+00:00,2.2584879
2025-07-24 15:25:05.432647+00:00,2.2584871
2025-07-24 15:25:18.914676+00:00,2.2584867
2025-07-24 15:25:31.836091+00:00,2.2584869
2025-07-24 15:25:42.796138+00:00,2.2584872
2025-07-24 15:25:55.887784+00:00,2.2584877
2025-07-24 15:26:08.556841+00:00,2.2584872
2025-07-24 15:26:21.260102+00:00,2.2584869
2025-07-24 15:26:35.244073+00:00,2.2584867
2025-07-24 15:26:47.443979+00:00,2.258487
2025-07-24 15:26:59.175268+00:00,2.2584867
2025-07-24 15:27:11.530556+00:00,2.2584874
2025-07-24 15:27:24.747081+00:00,2.2584876
2025-07-24 15:27:36.845320+00:00,2.2584879
2025-07-24 15:27:49.029450+00:00,2.2584872
2025-07-24 15:28:01.234655+00:00,2.2584872
2025-07-24 15:28:13.731198+00:00,2.2584868
2025-07-24 15:28:26.352779+00:00,2.2584866
2025-07-24 15:28:38.965398+00:00,2.2584874
2025-07-24 15:28:51.432193+00:00,2.2584869
2025-07-24 15:29:04.542648+00:00,2.2584874
2025-07-24 15:29:20.232734+00:00,2.2584869
2025-07-24 15:29:29.372902+00:00,2.2584879
2025-07-24 15:29:43.138363+00:00,2.2584869
2025-07-24 15:29:54.591536+00:00,2.2584873
2025-07-24 15:30:10.012263+00:00,2.2584872
2025-07-24 15:30:20.470461+00:00,2.2584873
2025-07-24 15:30:32.900268+00:00,2.2584871
2025-07-24 15:30:46.864422+00:00,2.2584869
2025-07-24 15:31:01.028860+00:00,2.2584871
2025-07-24 15:31:10.515806+00:00,2.2584878
2025-07-24 15:31:23.019586+00:00,2.2584875
2025-07-24 15:31:35.804928+00:00,2.2584868
2025-07-24 15:31:48.995145+00:00,2.2584868
2025-07-24 15:32:01.683199+00:00,2.2584869
2025-07-24 15:32:19.709756+00:00,2.2584871
2025-07-24 15:32:30.221991+00:00,2.2584876
2025-07-24 15:32:40.335449+00:00,2.258487
2025-07-24 15:32:55.266237+00:00,2.2584876
2025-07-24 15:33:06.244792+00:00,2.2584878
2025-07-24 15:33:19.600660+00:00,2.2584868
2025-07-24 15:33:32.452349+00:00,2.2584874
2025-07-24 15:33:43.715151+00:00,2.2584872
2025-07-24 15:33:56.467853+00:00,2.2584875
2025-07-24 15:34:13.209667+00:00,2.2584872
2025-07-24 15:34:21.558511+00:00,2.258487
2025-07-24 15:34:34.487110+00:00,2.2584874
2025-07-24 15:34:47.959103+00:00,2.2584875
2025-07-24 15:35:00.151790+00:00,2.2584874
2025-07-24 15:35:13.835740+00:00,2.2584873
2025-07-24 15:35:25.651908+00:00,2.2584875
2025-07-24 15:35:40.683087+00:00,2.2584871
2025-07-24 15:35:50.806198+00:00,2.2584868
2025-07-24 15:36:03.432963+00:00,2.2584873
2025-07-24 15:36:15.314641+00:00,2.2584866
2025-07-24 15:36:27.613794+00:00,2.258487
2025-07-24 15:36:39.952173+00:00,2.2584876
2025-07-24 15:36:52.286447+00:00,2.2584871
2025-07-24 15:37:19.798434+00:00,2.2584868
2025-07-24 15:37:31.199018+00:00,2.2584875
2025-07-24 15:37:42.089670+00:00,2.258487
2025-07-24 15:37:54.597000+00:00,2.2584876
2025-07-24 15:38:07.595491+00:00,2.2584867
2025-07-24 15:38:21.039917+00:00,2.2584871
2025-07-24 15:38:32.397116+00:00,2.2584876
2025-07-24 15:38:44.584635+00:00,2.2584869
2025-07-24 15:38:57.139780+00:00,2.2584875
2025-07-24 15:39:10.128102+00:00,2.2584869
2025-07-24 15:39:23.589731+00:00,2.2584875
2025-07-24 15:39:35.444833+00:00,2.2584874
2025-07-24 15:39:47.893949+00:00,2.2584873
2025-07-24 15:40:00.831397+00:00,2.2584869
2025-07-24 15:40:12.324014+00:00,2.2584874
2025-07-24 15:40:25.115074+00:00,2.2584879
2025-07-24 15:40:37.503896+00:00,2.2584871
2025-07-24 15:40:49.688371+00:00,2.2584867
2025-07-24 15:41:01.957074+00:00,2.2584867
2025-07-24 15:41:14.807718+00:00,2.2584876
2025-07-24 15:41:27.827562+00:00,2.2584876
2025-07-24 15:41:39.705220+00:00,2.2584879
2025-07-24 15:41:53.425202+00:00,2.258487
2025-07-24 15:42:05.459577+00:00,2.2584872
2025-07-24 15:42:18.015727+00:00,2.2584876
2025-07-24 15:42:30.071103+00:00,2.2584868
2025-07-24 15:42:42.661424+00:00,2.258487
2025-07-24 15:42:55.033197+00:00,2.2584871
2025-07-24 15:43:08.014212+00:00,2.2584872
2025-07-24 15:43:20.972231+00:00,2.2584871
2025-07-24 15:43:33.221492+00:00,2.2584874
2025-07-24 15:43:46.238787+00:00,2.2584878
2025-07-24 15:44:01.621676+00:00,2.2584876
2025-07-24 15:44:11.358997+00:00,2.2584868
2025-07-24 15:44:24.032300+00:00,2.2584875
2025-07-24 15:44:36.730424+00:00,2.2584874
2025-07-24 15:44:49.427279+00:00,2.2584872
2025-07-24 15:45:02.389781+00:00,2.2584868
2025-07-24 15:45:14.834343+00:00,2.2584876
2025-07-24 15:45:27.500900+00:00,2.2584875
2025-07-24 15:45:40.146363+00:00,2.2584873
2025-07-24 15:45:52.610311+00:00,2.258487
2025-07-24 15:46:05.566313+00:00,2.258487
2025-07-24 15:46:18.083567+00:00,2.2584873
2025-07-24 15:46:30.841141+00:00,2.2584873
2025-07-24 15:46:43.068486+00:00,2.2584875
2025-07-24 15:46:55.621549+00:00,2.2584867
2025-07-24 15:47:08.358335+00:00,2.258487
2025-07-24 15:47:21.332493+00:00,2.2584869
2025-07-24 15:47:33.347562+00:00,2.2584867
2025-07-24 15:47:46.202970+00:00,2.2584876
2025-07-24 15:47:58.234983+00:00,2.2584875
2025-07-24 15:48:11.780392+00:00,2.2584876
2025-07-24 15:48:22.907967+00:00,2.2584875
2025-07-24 15:48:35.055069+00:00,2.2584873
2025-07-24 15:48:48.219728+00:00,2.2584874
2025-07-24 15:49:00.220509+00:00,2.2584872
2025-07-24 15:49:13.261416+00:00,2.2584869
2025-07-24 15:49:25.650729+00:00,2.2584875
2025-07-24 15:49:37.778099+00:00,2.258487
2025-07-24 15:49:50.449852+00:00,2.2584871
2025-07-24 15:50:03.537077+00:00,2.2584875
2025-07-24 15:50:17.602182+00:00,2.2584873
2025-07-24 15:50:28.816440+00:00,2.2584877
2025-07-24 15:50:41.653946+00:00,2.2584869
2025-07-24 15:50:53.789561+00:00,2.2584871
2025-07-24 15:51:18.950906+00:00,2.2584872
2025-07-24 15:51:32.909123+00:00,2.2584878
2025-07-24 15:51:43.973808+00:00,2.2584875
2025-07-24 15:51:56.155661+00:00,2.2584876
2025-07-24 15:52:16.159158+00:00,2.2584869
2025-07-24 15:52:21.486323+00:00,2.258487
2025-07-24 15:52:34.048834+00:00,2.2584872
2025-07-24 15:52:46.534731+00:00,2.2584875
2025-07-24 15:52:59.202920+00:00,2.2584873
2025-07-24 15:53:12.364970+00:00,2.2584875
2025-07-24 15:53:24.564095+00:00,2.2584868
2025-07-24 15:53:37.276680+00:00,2.2584873
2025-07-24 15:53:50.214330+00:00,2.2584874
2025-07-24 15:54:03.280057+00:00,2.2584868
2025-07-24 15:54:17.281162+00:00,2.2584876
2025-07-24 15:54:27.866889+00:00,2.2584866
2025-07-24 15:54:40.638231+00:00,2.2584874
2025-07-24 15:54:53.405785+00:00,2.258487
2025-07-24 15:55:06.065727+00:00,2.2584871
2025-07-24 15:55:31.163535+00:00,2.2584877
2025-07-24 15:55:43.677592+00:00,2.2584875
2025-07-24 15:55:56.513252+00:00,2.2584873
2025-07-24 15:56:11.208966+00:00,2.2584871
2025-07-24 15:56:21.603644+00:00,2.2584875
2025-07-24 15:56:34.601146+00:00,2.2584873
2025-07-24 15:56:50.240208+00:00,2.2584873
2025-07-24 15:57:00.291834+00:00,2.2584867
2025-07-24 15:57:15.566556+00:00,2.2584876
2025-07-24 15:57:26.595326+00:00,2.2584875
2025-07-24 15:57:39.181939+00:00,2.2584868
2025-07-24 15:57:56.893246+00:00,2.2584867
2025-07-24 15:58:04.834474+00:00,2.2584873
2025-07-24 15:58:17.180544+00:00,2.2584874
2025-07-24 15:58:29.549865+00:00,2.2584874
2025-07-24 15:58:42.765067+00:00,2.2584869
2025-07-24 15:58:55.763438+00:00,2.2584872
2025-07-24 15:59:07.951591+00:00,2.2584869
2025-07-24 15:59:20.227722+00:00,2.2584869
2025-07-24 15:59:32.971172+00:00,2.2584872
2025-07-24 15:59:45.497193+00:00,2.2584875
2025-07-24 15:59:58.284429+00:00,2.2584872
2025-07-24 16:00:10.395803+00:00,2.2584868
2025-07-24 16:00:24.612318+00:00,2.2584872
2025-07-24 16:00:35.070911+00:00,2.2584874
2025-07-24 16:00:47.262503+00:00,2.2584876
2025-07-24 16:01:03.094511+00:00,2.2584868
2025-07-24 16:01:12.200014+00:00,2.2584876
2025-07-24 16:01:25.629867+00:00,2.2584874
2025-07-24 16:01:37.198203+00:00,2.2584868
2025-07-24 16:01:50.120574+00:00,2.2584875
2025-07-24 16:02:05.945961+00:00,2.2584874
2025-07-24 16:02:15.017617+00:00,2.2584869
2025-07-24 16:02:27.320299+00:00,2.2584871
2025-07-24 16:02:39.981909+00:00,2.2584868
2025-07-24 16:02:56.037988+00:00,2.2584875
2025-07-24 16:03:07.013915+00:00,2.2584873
2025-07-24 16:03:17.652163+00:00,2.2584868
2025-07-24 16:03:29.918793+00:00,2.2584873
2025-07-24 16:03:48.249028+00:00,2.2584872
2025-07-24 16:03:54.817590+00:00,2.2584873
2025-07-24 16:04:08.530342+00:00,2.2584875
2025-07-24 16:04:21.392595+00:00,2.2584873
2025-07-24 16:04:34.707545+00:00,2.2584869
2025-07-24 16:04:45.780872+00:00,2.2584873
2025-07-24 16:04:58.031780+00:00,2.2584875
2025-07-24 16:05:11.316530+00:00,2.2584869
2025-07-24 16:05:23.843738+00:00,2.2584874
2025-07-24 16:05:36.754345+00:00,2.2584875
2025-07-24 16:05:48.256455+00:00,2.2584874
2025-07-24 16:06:01.111189+00:00,2.2584867
2025-07-24 16:06:13.345173+00:00,2.2584876
2025-07-24 16:06:27.430936+00:00,2.2584874
2025-07-24 16:06:38.457834+00:00,2.258487
2025-07-24 16:06:50.309790+00:00,2.2584874
2025-07-24 16:07:04.652900+00:00,2.2584876
2025-07-24 16:07:14.931574+00:00,2.2584877
2025-07-24 16:07:27.538247+00:00,2.2584872
2025-07-24 16:07:39.801456+00:00,2.2584873
2025-07-24 16:07:52.137391+00:00,2.2584869
2025-07-24 16:08:07.934744+00:00,2.2584874
2025-07-24 16:08:17.652931+00:00,2.2584867
2025-07-24 16:08:32.068227+00:00,2.2584873
2025-07-24 16:08:42.591024+00:00,2.2584869
2025-07-24 16:08:56.122246+00:00,2.2584877
2025-07-24 16:09:13.511526+00:00,2.2584873
2025-07-24 16:09:22.671936+00:00,2.2584871
2025-07-24 16:09:33.491862+00:00,2.2584871
2025-07-24 16:09:46.015644+00:00,2.2584876
2025-07-24 16:09:58.682677+00:00,2.2584867
2025-07-24 16:10:11.201477+00:00,2.2584873
2025-07-24 16:10:23.865331+00:00,2.2584873
2025-07-24 16:10:37.780354+00:00,2.2584874
2025-07-24 16:10:49.381592+00:00,2.2584869
2025-07-24 16:11:00.845782+00:00,2.2584869
2025-07-24 16:11:13.979203+00:00,2.2584873
2025-07-24 16:11:26.638688+00:00,2.2584873
2025-07-24 16:11:39.132840+00:00,2.2584873
2025-07-24 16:11:52.139049+00:00,2.2584873
2025-07-24 16:12:06.823184+00:00,2.2584863
2025-07-24 16:12:18.284563+00:00,2.2584875
2025-07-24 16:12:31.472830+00:00,2.2584874
2025-07-24 16:12:43.527797+00:00,2.2584871
2025-07-24 16:12:56.182411+00:00,2.2584875
2025-07-24 16:13:09.752625+00:00,2.2584874
2025-07-24 16:13:23.852091+00:00,2.258487
2025-07-24 16:13:40.136845+00:00,2.2584872
2025-07-24 16:13:47.239384+00:00,2.2584873
2025-07-24 16:14:00.575643+00:00,2.258487
2025-07-24 16:14:13.061496+00:00,2.2584868
2025-07-24 16:14:25.223067+00:00,2.2584869
2025-07-24 16:14:39.042589+00:00,2.2584866
2025-07-24 16:14:50.374686+00:00,2.2584878
2025-07-24 16:15:03.089374+00:00,2.2584873
2025-07-24 16:15:16.525339+00:00,2.2584869
2025-07-24 16:15:28.095001+00:00,2.2584873
2025-07-24 16:15:40.748243+00:00,2.2584872
2025-07-24 16:15:52.836012+00:00,2.2584873
2025-07-24 16:16:05.397209+00:00,2.258487
2025-07-24 16:16:20.574966+00:00,2.2584871
2025-07-24 16:16:29.905047+00:00,2.2584876
2025-07-24 16:16:42.858598+00:00,2.2584872
2025-07-24 16:16:55.203961+00:00,2.2584871
2025-07-24 16:17:07.630489+00:00,2.2584872
2025-07-24 16:17:19.705465+00:00,2.2584873
2025-07-24 16:17:35.244456+00:00,2.2584867
2025-07-24 16:17:45.370512+00:00,2.2584872
2025-07-24 16:17:57.473843+00:00,2.2584872
2025-07-24 16:18:13.484384+00:00,2.2584866
2025-07-24 16:18:23.829224+00:00,2.2584877
2025-07-24 16:18:35.752264+00:00,2.2584875
2025-07-24 16:18:49.724799+00:00,2.2584869
2025-07-24 16:19:02.348494+00:00,2.2584872
2025-07-24 16:19:14.153926+00:00,2.2584868
2025-07-24 16:19:26.984384+00:00,2.2584875
2025-07-24 16:19:39.123392+00:00,2.2584876
2025-07-24 16:19:51.886039+00:00,2.2584873
2025-07-24 16:20:04.749597+00:00,2.2584868
2025-07-24 16:20:19.703753+00:00,2.2584873
2025-07-24 16:20:30.549340+00:00,2.2584868
2025-07-24 16:20:42.957186+00:00,2.2584868
2025-07-24 16:20:54.639813+00:00,2.2584871
2025-07-24 16:21:07.032418+00:00,2.2584869
2025-07-24 16:21:20.622525+00:00,2.2584874
2025-07-24 16:21:33.732107+00:00,2.2584873
2025-07-24 16:21:43.841193+00:00,2.258487
2025-07-24 16:21:57.655647+00:00,2.2584869
2025-07-24 16:22:09.274479+00:00,2.2584873
2025-07-24 16:22:21.313112+00:00,2.2584871
2025-07-24 16:22:34.821401+00:00,2.2584873
2025-07-24 16:22:46.528810+00:00,2.2584871
2025-07-24 16:23:00.113405+00:00,2.2584872
2025-07-24 16:23:11.579044+00:00,2.2584871
2025-07-24 16:23:23.412577+00:00,2.2584877
2025-07-24 16:23:36.115458+00:00,2.2584872
2025-07-24 16:23:48.726366+00:00,2.2584871
2025-07-24 16:24:01.551886+00:00,2.2584876
2025-07-24 16:24:13.881836+00:00,2.2584871
2025-07-24 16:24:26.452564+00:00,2.2584876
2025-07-24 16:24:38.942426+00:00,2.2584866
2025-07-24 16:24:51.748757+00:00,2.2584868
2025-07-24 16:25:08.707529+00:00,2.2584876
2025-07-24 16:25:19.962051+00:00,2.2584873
2025-07-24 16:25:32.082492+00:00,2.2584872
2025-07-24 16:25:45.881336+00:00,2.258487
2025-07-24 16:25:57.391802+00:00,2.2584866
2025-07-24 16:26:09.640310+00:00,2.2584869
2025-07-24 16:26:23.241839+00:00,2.2584871
2025-07-24 16:26:34.471412+00:00,2.2584868
2025-07-24 16:26:47.523255+00:00,2.2584871
2025-07-24 16:26:59.707489+00:00,2.258487
2025-07-24 16:27:12.790237+00:00,2.2584875
2025-07-24 16:27:25.406429+00:00,2.2584871
2025-07-24 16:27:38.373816+00:00,2.2584871
2025-07-24 16:27:50.403691+00:00,2.2584867
2025-07-24 16:28:02.961302+00:00,2.2584876
2025-07-24 16:28:16.461749+00:00,2.2584874
2025-07-24 16:28:27.507225+00:00,2.2584871
2025-07-24 16:28:39.920933+00:00,2.2584867
2025-07-24 16:28:52.924049+00:00,2.2584872
2025-07-24 16:29:07.266197+00:00,2.2584875
2025-07-24 16:29:18.039303+00:00,2.2584876
2025-07-24 16:29:31.198565+00:00,2.2584872
2025-07-24 16:29:45.292082+00:00,2.2584868
2025-07-24 16:29:57.067082+00:00,2.2584871
2025-07-24 16:30:33.874219+00:00,2.2584876
2025-07-24 16:30:46.004988+00:00,2.2584868
2025-07-24 16:30:58.043837+00:00,2.2584873
2025-07-24 16:31:11.951763+00:00,2.2584868
2025-07-24 16:31:38.951368+00:00,2.2584873
2025-07-24 16:31:49.150260+00:00,2.2584868
2025-07-24 16:32:02.876655+00:00,2.2584868
2025-07-24 16:32:14.204282+00:00,2.258487
2025-07-24 16:32:26.684839+00:00,2.2584873
2025-07-24 16:32:41.906308+00:00,2.2584875
2025-07-24 16:32:53.692937+00:00,2.2584869
2025-07-24 16:33:04.030788+00:00,2.2584868
2025-07-24 16:33:16.628486+00:00,2.2584874
2025-07-24 16:33:28.899387+00:00,2.2584873
2025-07-24 16:33:41.367447+00:00,2.258487
2025-07-24 16:33:58.400370+00:00,2.2584866
2025-07-24 16:34:07.311213+00:00,2.2584873
2025-07-24 16:34:20.309479+00:00,2.2584877
2025-07-24 16:34:32.761346+00:00,2.2584867
2025-07-24 16:34:44.724491+00:00,2.2584867
2025-07-24 16:34:57.304398+00:00,2.2584872
2025-07-24 16:35:10.198534+00:00,2.2584871
2025-07-24 16:35:25.059907+00:00,2.2584875
2025-07-24 16:35:35.532852+00:00,2.2584869
2025-07-24 16:35:48.849683+00:00,2.258487
2025-07-24 16:36:00.282719+00:00,2.2584867
2025-07-24 16:36:13.885665+00:00,2.2584869
2025-07-24 16:36:25.746723+00:00,2.258487
2025-07-24 16:36:38.794990+00:00,2.2584871
2025-07-24 16:36:51.112248+00:00,2.2584873
2025-07-24 16:37:03.706594+00:00,2.2584873
2025-07-24 16:37:18.447301+00:00,2.2584871
2025-07-24 16:37:29.797456+00:00,2.2584876
2025-07-24 16:37:41.501916+00:00,2.2584875
2025-07-24 16:37:53.815159+00:00,2.2584876
2025-07-24 16:38:06.481065+00:00,2.258487
2025-07-24 16:38:18.963425+00:00,2.2584878
2025-07-24 16:38:31.761686+00:00,2.2584876
2025-07-24 16:38:44.278151+00:00,2.2584869
2025-07-24 16:38:56.562499+00:00,2.2584867
2025-07-24 16:39:13.261905+00:00,2.2584871
2025-07-24 16:39:27.664829+00:00,2.2584875
2025-07-24 16:39:35.951542+00:00,2.2584873
2025-07-24 16:39:47.385903+00:00,2.258487
2025-07-24 16:39:59.667465+00:00,2.2584867
2025-07-24 16:40:15.967473+00:00,2.2584874
2025-07-24 16:40:27.186271+00:00,2.2584872
2025-07-24 16:40:39.743348+00:00,2.2584869
2025-07-24 16:40:50.916211+00:00,2.2584878
2025-07-24 16:41:04.048160+00:00,2.2584865
2025-07-24 16:41:20.200954+00:00,2.2584865
2025-07-24 16:41:29.857551+00:00,2.2584873
2025-07-24 16:41:42.706290+00:00,2.2584868
2025-07-24 16:41:55.259150+00:00,2.2584874
2025-07-24 16:42:08.498644+00:00,2.2584871
2025-07-24 16:42:20.748046+00:00,2.2584874
2025-07-24 16:42:33.713983+00:00,2.258487
2025-07-24 16:42:47.025759+00:00,2.2584875
2025-07-24 16:43:00.663798+00:00,2.2584867
2025-07-24 16:43:13.324997+00:00,2.2584868
2025-07-24 16:43:24.144915+00:00,2.2584874
2025-07-24 16:43:49.401590+00:00,2.2584872
2025-07-24 16:44:01.845495+00:00,2.2584874
2025-07-24 16:44:14.038658+00:00,2.2584874
2025-07-24 16:44:25.995876+00:00,2.2584874
2025-07-24 16:44:38.281899+00:00,2.2584873
2025-07-24 16:44:53.989880+00:00,2.2584873
2025-07-24 16:45:03.801863+00:00,2.258487
2025-07-24 16:45:16.486709+00:00,2.2584875
2025-07-24 16:45:33.826203+00:00,2.258487
2025-07-24 16:45:41.601258+00:00,2.2584877
2025-07-24 16:45:54.091739+00:00,2.2584869
2025-07-24 16:46:06.392706+00:00,2.258487
2025-07-24 16:46:19.619263+00:00,2.2584877
2025-07-24 16:46:34.576045+00:00,2.2584875
2025-07-24 16:46:45.455763+00:00,2.2584876
2025-07-24 16:46:56.338937+00:00,2.2584873
2025-07-24 16:47:09.907405+00:00,2.2584868
2025-07-24 16:47:21.886171+00:00,2.2584868
2025-07-24 16:47:34.400565+00:00,2.2584865
2025-07-24 16:47:46.999507+00:00,2.2584871
2025-07-24 16:48:05.834179+00:00,2.2584875
2025-07-24 16:48:13.031935+00:00,2.258487
2025-07-24 16:48:25.764353+00:00,2.2584875
2025-07-24 16:48:36.599206+00:00,2.2584868
2025-07-24 16:48:49.031112+00:00,2.2584878
2025-07-24 16:49:01.568455+00:00,2.2584872
2025-07-24 16:49:14.199236+00:00,2.2584869
2025-07-24 16:49:26.365597+00:00,2.2584868
2025-07-24 16:49:38.814493+00:00,2.2584875
2025-07-24 16:49:51.205346+00:00,2.2584873
2025-07-24 16:50:04.012482+00:00,2.2584875
2025-07-24 16:50:17.332517+00:00,2.2584875
2025-07-24 16:50:29.677293+00:00,2.258487
2025-07-24 16:50:42.838304+00:00,2.2584876
2025-07-24 16:50:55.777951+00:00,2.2584874
2025-07-24 16:51:34.854779+00:00,2.2584865
2025-07-24 16:51:46.743171+00:00,2.2584872
2025-07-24 16:51:59.495141+00:00,2.2584868
2025-07-24 16:52:18.395656+00:00,2.2584878
2025-07-24 16:52:24.686497+00:00,2.2584871
2025-07-24 16:52:37.409140+00:00,2.2584871
2025-07-24 16:52:50.249245+00:00,2.2584872
2025-07-24 16:53:03.339922+00:00,2.2584876
2025-07-24 16:53:16.142833+00:00,2.2584876
2025-07-24 16:53:28.501595+00:00,2.2584868
2025-07-24 16:53:43.022879+00:00,2.258487
2025-07-24 16:53:54.310583+00:00,2.258487
2025-07-24 16:54:06.817638+00:00,2.2584875
2025-07-24 16:54:18.655270+00:00,2.2584874
2025-07-24 16:54:31.904756+00:00,2.2584872
2025-07-24 16:54:43.163765+00:00,2.2584872
2025-07-24 16:54:55.658570+00:00,2.2584878
2025-07-24 16:55:08.782779+00:00,2.2584871
2025-07-24 16:55:21.463685+00:00,2.2584872
2025-07-24 16:55:37.364349+00:00,2.2584874
2025-07-24 16:55:46.181057+00:00,2.2584875
2025-07-24 16:55:58.458772+00:00,2.2584876
2025-07-24 16:56:11.224082+00:00,2.2584875
2025-07-24 16:56:24.024525+00:00,2.2584873
2025-07-24 16:56:36.562018+00:00,2.2584876
2025-07-24 16:56:49.144824+00:00,2.2584875
2025-07-24 16:57:02.214228+00:00,2.2584874
2025-07-24 16:57:14.375775+00:00,2.2584878
2025-07-24 16:57:26.986194+00:00,2.2584866
2025-07-24 16:57:39.601543+00:00,2.2584871
2025-07-24 16:57:52.571390+00:00,2.2584867
2025-07-24 16:58:05.505869+00:00,2.2584871
2025-07-24 16:58:17.451930+00:00,2.2584871
2025-07-24 16:58:29.641622+00:00,2.2584874
2025-07-24 16:58:42.212742+00:00,2.2584875
2025-07-24 16:58:54.818035+00:00,2.2584871
2025-07-24 16:59:08.585523+00:00,2.2584875
2025-07-24 16:59:20.252349+00:00,2.258487
2025-07-24 16:59:33.319892+00:00,2.2584874
2025-07-24 16:59:45.962647+00:00,2.258487
2025-07-24 16:59:59.066347+00:00,2.2584874
2025-07-24 17:00:12.987206+00:00,2.2584872
2025-07-24 17:00:24.909250+00:00,2.2584874
2025-07-24 17:00:37.853686+00:00,2.2584871
2025-07-24 17:00:49.850673+00:00,2.2584877
2025-07-24 17:01:03.880417+00:00,2.2584868
2025-07-24 17:01:16.847123+00:00,2.2584869
2025-07-24 17:01:28.732909+00:00,2.258487
2025-07-24 17:01:44.075831+00:00,2.2584869
2025-07-24 17:01:53.541971+00:00,2.258487
2025-07-24 17:02:06.436171+00:00,2.2584872
2025-07-24 17:02:19.429256+00:00,2.2584874
2025-07-24 17:02:32.534008+00:00,2.258487
2025-07-24 17:02:46.373885+00:00,2.2584874
2025-07-24 17:02:57.473688+00:00,2.2584872
2025-07-24 17:03:10.256655+00:00,2.258488
2025-07-24 17:03:23.255208+00:00,2.2584867
2025-07-24 17:03:36.891924+00:00,2.2584874
2025-07-24 17:03:50.407746+00:00,2.2584876
2025-07-24 17:04:03.853973+00:00,2.2584874
2025-07-24 17:04:12.909500+00:00,2.2584868
2025-07-24 17:04:25.123342+00:00,2.2584874
2025-07-24 17:04:49.975666+00:00,2.2584866
2025-07-24 17:05:02.747431+00:00,2.258487
2025-07-24 17:05:27.431310+00:00,2.258487
2025-07-24 17:05:40.121133+00:00,2.2584876
2025-07-24 17:05:52.565480+00:00,2.2584868
2025-07-24 17:06:05.480848+00:00,2.2584868
2025-07-24 17:06:17.042071+00:00,2.2584875
2025-07-24 17:06:29.461257+00:00,2.2584872
2025-07-24 17:06:41.861654+00:00,2.2584869
2025-07-24 17:06:55.993832+00:00,2.2584877
2025-07-24 17:07:12.700555+00:00,2.258487
2025-07-24 17:07:19.234847+00:00,2.2584876
2025-07-24 17:07:32.284491+00:00,2.2584873
2025-07-24 17:07:44.270232+00:00,2.2584874
2025-07-24 17:07:57.507841+00:00,2.2584867
2025-07-24 17:08:10.250731+00:00,2.2584871
2025-07-24 17:08:22.408923+00:00,2.2584869
2025-07-24 17:08:35.113822+00:00,2.2584872
2025-07-24 17:08:47.901323+00:00,2.2584877
2025-07-24 17:09:03.951883+00:00,2.2584874
2025-07-24 17:09:12.724483+00:00,2.2584875
2025-07-24 17:09:25.068482+00:00,2.258487
2025-07-24 17:09:38.280761+00:00,2.2584874
2025-07-24 17:09:49.772672+00:00,2.2584878
2025-07-24 17:10:03.539383+00:00,2.2584874
2025-07-24 17:10:15.562220+00:00,2.2584872
2025-07-24 17:10:27.905665+00:00,2.2584877
2025-07-24 17:10:40.913392+00:00,2.2584878
2025-07-24 17:10:52.398779+00:00,2.2584872
2025-07-24 17:11:05.330546+00:00,2.2584868
2025-07-24 17:11:18.120360+00:00,2.2584873
2025-07-24 17:11:30.354042+00:00,2.2584875
2025-07-24 17:11:42.411572+00:00,2.2584875
2025-07-24 17:11:55.061714+00:00,2.2584872
2025-07-24 17:12:11.409688+00:00,2.2584876
2025-07-24 17:12:20.411738+00:00,2.2584872
2025-07-24 17:12:35.273229+00:00,2.2584874
2025-07-24 17:12:46.302234+00:00,2.2584869
2025-07-24 17:12:59.995509+00:00,2.2584869
2025-07-24 17:13:12.382715+00:00,2.2584868
2025-07-24 17:13:24.402005+00:00,2.2584877
2025-07-24 17:13:37.404429+00:00,2.2584868
2025-07-24 17:13:50.135519+00:00,2.2584873
2025-07-24 17:14:02.951173+00:00,2.2584869
2025-07-24 17:14:17.627097+00:00,2.258487
2025-07-24 17:14:28.334437+00:00,2.258487
2025-07-24 17:14:42.551700+00:00,2.2584874
2025-07-24 17:14:53.203770+00:00,2.2584873
2025-07-24 17:15:06.406830+00:00,2.2584874
2025-07-24 17:15:26.506967+00:00,2.2584869
2025-07-24 17:15:34.347192+00:00,2.2584869
2025-07-24 17:15:44.809226+00:00,2.2584874
2025-07-24 17:15:57.597881+00:00,2.2584872
2025-07-24 17:16:09.335247+00:00,2.2584874
2025-07-24 17:16:23.316974+00:00,2.2584874
2025-07-24 17:16:34.580908+00:00,2.2584875
2025-07-24 17:16:47.389677+00:00,2.2584872
2025-07-24 17:16:58.763124+00:00,2.2584866
2025-07-24 17:17:11.787319+00:00,2.2584879
2025-07-24 17:17:25.813421+00:00,2.258487
2025-07-24 17:17:37.795358+00:00,2.2584876
2025-07-24 17:17:49.696265+00:00,2.2584872
2025-07-24 17:18:02.388798+00:00,2.2584875
2025-07-24 17:18:29.054944+00:00,2.2584875
2025-07-24 17:18:40.732843+00:00,2.2584875
2025-07-24 17:18:52.853818+00:00,2.2584874
2025-07-24 17:19:05.251715+00:00,2.2584878
2025-07-24 17:19:17.708020+00:00,2.258487
2025-07-24 17:19:31.958047+00:00,2.2584867
2025-07-24 17:19:42.127267+00:00,2.2584869
2025-07-24 17:19:55.088548+00:00,2.2584874
2025-07-24 17:20:07.551283+00:00,2.2584869
2025-07-24 17:20:20.033676+00:00,2.2584871
2025-07-24 17:20:32.711962+00:00,2.2584869
2025-07-24 17:20:45.331479+00:00,2.2584875
2025-07-24 17:20:57.439073+00:00,2.2584875
2025-07-24 17:21:11.445929+00:00,2.2584875
2025-07-24 17:21:22.732371+00:00,2.2584876
2025-07-24 17:21:35.569640+00:00,2.2584872
2025-07-24 17:21:48.354014+00:00,2.258487
2025-07-24 17:22:00.589726+00:00,2.2584869
2025-07-24 17:22:13.501952+00:00,2.2584877
2025-07-24 17:22:25.564985+00:00,2.2584878
2025-07-24 17:22:38.580257+00:00,2.2584879
2025-07-24 17:22:50.779937+00:00,2.2584877
2025-07-24 17:23:03.300191+00:00,2.2584876
2025-07-24 17:23:16.277963+00:00,2.2584866
2025-07-24 17:23:29.081467+00:00,2.2584877
2025-07-24 17:23:42.598998+00:00,2.2584876
2025-07-24 17:23:54.016734+00:00,2.2584876
2025-07-24 17:24:07.654147+00:00,2.258487
2025-07-24 17:24:19.305486+00:00,2.2584871
2025-07-24 17:24:32.008972+00:00,2.2584873
2025-07-24 17:24:44.889586+00:00,2.258487
2025-07-24 17:24:57.818113+00:00,2.2584872
2025-07-24 17:25:10.401407+00:00,2.258487
2025-07-24 17:25:29.275351+00:00,2.2584872
2025-07-24 17:25:41.615170+00:00,2.258487
2025-07-24 17:25:49.347478+00:00,2.2584869
2025-07-24 17:26:01.025007+00:00,2.2584868
2025-07-24 17:26:13.543251+00:00,2.2584873
2025-07-24 17:26:26.250835+00:00,2.2584872
2025-07-24 17:26:39.175775+00:00,2.2584874
2025-07-24 17:26:52.199993+00:00,2.2584877
2025-07-24 17:27:05.211430+00:00,2.2584869
2025-07-24 17:27:17.045406+00:00,2.2584872
2025-07-24 17:27:28.966940+00:00,2.2584875
2025-07-24 17:27:41.384379+00:00,2.2584874
2025-07-24 17:27:54.457044+00:00,2.2584875
2025-07-24 17:28:07.957144+00:00,2.2584877
2025-07-24 17:28:18.628031+00:00,2.2584876
2025-07-24 17:28:32.592931+00:00,2.2584875
2025-07-24 17:28:44.056879+00:00,2.2584871
2025-07-24 17:28:56.939843+00:00,2.2584868
2025-07-24 17:29:11.966752+00:00,2.2584877
2025-07-24 17:29:21.915762+00:00,2.2584877
2025-07-24 17:29:33.523205+00:00,2.2584867
2025-07-24 17:29:52.699238+00:00,2.2584873
2025-07-24 17:30:00.394948+00:00,2.258487
2025-07-24 17:30:14.198814+00:00,2.2584871
2025-07-24 17:30:27.449943+00:00,2.2584878
2025-07-24 17:30:41.423614+00:00,2.2584869
2025-07-24 17:30:48.956688+00:00,2.2584879
2025-07-24 17:31:02.889931+00:00,2.2584869
2025-07-24 17:31:14.957993+00:00,2.2584874
2025-07-24 17:31:26.953563+00:00,2.2584877
2025-07-24 17:31:39.369209+00:00,2.2584866
2025-07-24 17:31:51.876246+00:00,2.2584873
2025-07-24 17:32:07.079554+00:00,2.2584869
2025-07-24 17:32:17.088120+00:00,2.258487
2025-07-24 17:32:29.653111+00:00,2.2584873
2025-07-24 17:32:41.818292+00:00,2.2584875
2025-07-24 17:32:57.361278+00:00,2.2584869
2025-07-24 17:33:10.274703+00:00,2.2584871
2025-07-24 17:33:19.730017+00:00,2.2584869
2025-07-24 17:33:33.039366+00:00,2.2584877
2025-07-24 17:33:45.043578+00:00,2.2584878
2025-07-24 17:33:57.623786+00:00,2.2584877
2025-07-24 17:34:11.717840+00:00,2.258487
2025-07-24 17:34:23.087285+00:00,2.2584872
2025-07-24 17:34:35.636439+00:00,2.2584877
2025-07-24 17:34:48.970497+00:00,2.2584871
2025-07-24 17:35:01.623695+00:00,2.2584876
2025-07-24 17:35:14.531916+00:00,2.2584871
2025-07-24 17:35:27.384647+00:00,2.2584873
2025-07-24 17:35:40.268803+00:00,2.2584867
2025-07-24 17:35:53.627463+00:00,2.258487
2025-07-24 17:36:06.821150+00:00,2.2584874
2025-07-24 17:36:22.158393+00:00,2.2584869
2025-07-24 17:36:31.564750+00:00,2.258487
2025-07-24 17:36:43.305135+00:00,2.2584869
2025-07-24 17:36:56.027085+00:00,2.2584869
2025-07-24 17:37:09.362868+00:00,2.2584877
2025-07-24 17:37:22.080808+00:00,2.2584872
2025-07-24 17:37:34.631744+00:00,2.2584874
2025-07-24 17:37:46.102766+00:00,2.2584871
2025-07-24 17:38:01.039732+00:00,2.2584871
2025-07-24 17:38:10.788483+00:00,2.258487
2025-07-24 17:38:23.284298+00:00,2.2584878
2025-07-24 17:38:35.801486+00:00,2.2584879
2025-07-24 17:38:48.420295+00:00,2.2584873
2025-07-24 17:39:00.910898+00:00,2.2584868
2025-07-24 17:39:13.686437+00:00,2.2584876
2025-07-24 17:39:26.252562+00:00,2.2584877
2025-07-24 17:39:39.890699+00:00,2.2584872
2025-07-24 17:39:51.463484+00:00,2.2584872
2025-07-24 17:40:04.101078+00:00,2.258487
2025-07-24 17:40:16.826072+00:00,2.2584878
2025-07-24 17:40:29.371871+00:00,2.2584872
2025-07-24 17:40:41.859324+00:00,2.2584876
2025-07-24 17:40:53.927870+00:00,2.2584868
2025-07-24 17:41:06.668183+00:00,2.2584877
2025-07-24 17:41:19.790513+00:00,2.2584875
2025-07-24 17:41:33.157908+00:00,2.2584872
2025-07-24 17:41:44.041081+00:00,2.2584869
2025-07-24 17:41:56.400703+00:00,2.2584871
2025-07-24 17:42:21.507527+00:00,2.2584873
2025-07-24 17:42:35.012227+00:00,2.258487
2025-07-24 17:42:47.705023+00:00,2.2584867
2025-07-24 17:42:59.869939+00:00,2.258487
2025-07-24 17:43:20.342227+00:00,2.2584877
2025-07-24 17:43:25.790885+00:00,2.2584877
2025-07-24 17:43:44.331756+00:00,2.2584873
2025-07-24 17:43:51.232671+00:00,2.2584865
2025-07-24 17:44:04.128245+00:00,2.2584879
2025-07-24 17:44:16.999705+00:00,2.2584877
2025-07-24 17:44:32.707650+00:00,2.2584869
2025-07-24 17:44:42.234849+00:00,2.2584879
2025-07-24 17:44:54.663754+00:00,2.258487
2025-07-24 17:45:07.820640+00:00,2.2584873
2025-07-24 17:45:21.679719+00:00,2.258487
2025-07-24 17:45:33.511133+00:00,2.2584878
2025-07-24 17:45:45.676214+00:00,2.2584871
2025-07-24 17:45:58.166441+00:00,2.2584869
2025-07-24 17:46:11.542872+00:00,2.2584875
2025-07-24 17:46:23.369704+00:00,2.258487
2025-07-24 17:46:35.576722+00:00,2.2584874
2025-07-24 17:46:52.178583+00:00,2.2584874
2025-07-24 17:47:02.222878+00:00,2.2584877
2025-07-24 17:47:13.162135+00:00,2.258487
2025-07-24 17:47:25.136932+00:00,2.258487
2025-07-24 17:47:37.481784+00:00,2.2584868
2025-07-24 17:47:49.809931+00:00,2.2584872
2025-07-24 17:48:02.866652+00:00,2.2584874
2025-07-24 17:48:14.743373+00:00,2.2584873
2025-07-24 17:48:27.375383+00:00,2.2584867
2025-07-24 17:48:40.084406+00:00,2.2584878
2025-07-24 17:48:52.418358+00:00,2.2584871
2025-07-24 17:49:14.378593+00:00,2.2584872
2025-07-24 17:49:18.129924+00:00,2.2584874
2025-07-24 17:49:29.785214+00:00,2.2584873
2025-07-24 17:49:43.149649+00:00,2.2584868
2025-07-24 17:49:54.857496+00:00,2.2584877
2025-07-24 17:50:07.302786+00:00,2.2584871
2025-07-24 17:50:20.119394+00:00,2.2584871
2025-07-24 17:50:32.302422+00:00,2.2584872
2025-07-24 17:50:44.827986+00:00,2.2584881
2025-07-24 17:50:57.844749+00:00,2.2584877
2025-07-24 17:51:10.458268+00:00,2.258488
2025-07-24 17:51:22.243887+00:00,2.2584876
2025-07-24 17:51:35.521163+00:00,2.2584877
2025-07-24 17:51:48.150440+00:00,2.2584874
2025-07-24 17:51:59.857768+00:00,2.2584877
2025-07-24 17:52:12.862325+00:00,2.2584872
2025-07-24 17:52:24.667122+00:00,2.258487
2025-07-24 17:52:37.175137+00:00,2.2584871
2025-07-24 17:52:49.658195+00:00,2.2584869
2025-07-24 17:53:03.289176+00:00,2.2584873
2025-07-24 17:53:14.789695+00:00,2.2584875
2025-07-24 17:53:27.259946+00:00,2.2584866
2025-07-24 17:53:39.710411+00:00,2.2584881
2025-07-24 17:53:54.369368+00:00,2.2584875
2025-07-24 17:54:05.480486+00:00,2.2584876
2025-07-24 17:54:18.128063+00:00,2.2584876
2025-07-24 17:54:31.540508+00:00,2.2584869
2025-07-24 17:54:42.869655+00:00,2.2584873
2025-07-24 17:54:55.776561+00:00,2.2584871
2025-07-24 17:55:11.614025+00:00,2.2584875
2025-07-24 17:55:21.885833+00:00,2.2584874
2025-07-24 17:55:34.987625+00:00,2.2584876
2025-07-24 17:55:47.428405+00:00,2.2584877
2025-07-24 17:55:59.917980+00:00,2.2584873
2025-07-24 17:56:12.912505+00:00,2.2584876
2025-07-24 17:56:25.735800+00:00,2.258487
2025-07-24 17:56:37.948774+00:00,2.2584873
2025-07-24 17:56:51.724018+00:00,2.2584869
2025-07-24 17:57:03.899588+00:00,2.2584879
2025-07-24 17:57:16.474935+00:00,2.2584873
2025-07-24 17:57:28.932053+00:00,2.258487
2025-07-24 17:57:41.210909+00:00,2.2584877
2025-07-24 17:57:55.610929+00:00,2.2584872
2025-07-24 17:58:07.663681+00:00,2.258488
2025-07-24 17:58:21.281550+00:00,2.2584878
2025-07-24 17:58:36.620574+00:00,2.2584878
2025-07-24 17:58:44.474767+00:00,2.2584871
2025-07-24 17:58:55.892981+00:00,2.2584874
2025-07-24 17:59:10.438808+00:00,2.2584869
2025-07-24 17:59:21.172311+00:00,2.2584873
2025-07-24 17:59:33.796595+00:00,2.2584873
2025-07-24 17:59:46.304106+00:00,2.2584876
2025-07-24 17:59:58.575939+00:00,2.2584875
2025-07-24 18:00:19.411539+00:00,2.2584878
2025-07-24 18:00:23.480759+00:00,2.2584875
2025-07-24 18:00:35.851957+00:00,2.2584876
2025-07-24 18:00:48.344451+00:00,2.2584874
2025-07-24 18:01:00.284711+00:00,2.2584876
2025-07-24 18:01:16.502935+00:00,2.2584871
2025-07-24 18:01:24.865438+00:00,2.2584871
2025-07-24 18:01:42.618834+00:00,2.258487
2025-07-24 18:01:49.961157+00:00,2.2584869
2025-07-24 18:02:03.225882+00:00,2.2584874
2025-07-24 18:02:15.467052+00:00,2.2584874
2025-07-24 18:02:28.117871+00:00,2.2584874
2025-07-24 18:02:40.649008+00:00,2.2584873
2025-07-24 18:02:53.725645+00:00,2.2584877
2025-07-24 18:03:06.309412+00:00,2.2584874
2025-07-24 18:03:18.767457+00:00,2.2584871
2025-07-24 18:03:32.939940+00:00,2.2584874
2025-07-24 18:03:44.033127+00:00,2.2584869
2025-07-24 18:03:56.370679+00:00,2.2584877
2025-07-24 18:04:09.530407+00:00,2.2584875
2025-07-24 18:04:22.481198+00:00,2.2584872
2025-07-24 18:04:34.508169+00:00,2.2584876
2025-07-24 18:04:47.299009+00:00,2.258488
2025-07-24 18:04:59.472503+00:00,2.2584872
2025-07-24 18:05:12.143289+00:00,2.2584878
2025-07-24 18:05:27.571831+00:00,2.2584869
2025-07-24 18:05:38.506491+00:00,2.2584874
2025-07-24 18:05:51.759946+00:00,2.2584868
2025-07-24 18:06:03.401829+00:00,2.2584873
2025-07-24 18:06:16.050460+00:00,2.2584872
2025-07-24 18:06:28.414529+00:00,2.2584875
2025-07-24 18:06:42.185759+00:00,2.258487
2025-07-24 18:06:53.965410+00:00,2.2584876
2025-07-24 18:07:07.162985+00:00,2.2584876
2025-07-24 18:07:20.443322+00:00,2.2584872
2025-07-24 18:07:32.580191+00:00,2.2584878
2025-07-24 18:07:44.911467+00:00,2.2584871
2025-07-24 18:07:57.585972+00:00,2.2584872
2025-07-24 18:08:10.591634+00:00,2.2584878
2025-07-24 18:08:22.928955+00:00,2.2584872
2025-07-24 18:08:36.835756+00:00,2.2584869
2025-07-24 18:08:50.946452+00:00,2.2584871
2025-07-24 18:09:09.183636+00:00,2.2584875
2025-07-24 18:09:13.768904+00:00,2.2584874
2025-07-24 18:09:28.986594+00:00,2.2584871
2025-07-24 18:09:38.986556+00:00,2.2584872
2025-07-24 18:09:51.070932+00:00,2.2584873
2025-07-24 18:10:03.039255+00:00,2.2584873
2025-07-24 18:10:18.420628+00:00,2.2584875
2025-07-24 18:10:27.884286+00:00,2.2584875
2025-07-24 18:10:40.893892+00:00,2.2584869
2025-07-24 18:10:52.208533+00:00,2.2584877
2025-07-24 18:11:04.419279+00:00,2.2584878
2025-07-24 18:11:19.771676+00:00,2.2584869
2025-07-24 18:11:29.166322+00:00,2.2584876
2025-07-24 18:11:42.006056+00:00,2.2584875
2025-07-24 18:11:54.070788+00:00,2.2584875
2025-07-24 18:12:06.974236+00:00,2.2584869
2025-07-24 18:12:20.906212+00:00,2.258487
2025-07-24 18:12:32.877499+00:00,2.2584876
2025-07-24 18:12:44.115801+00:00,2.2584876
2025-07-24 18:12:56.931138+00:00,2.2584873
2025-07-24 18:13:09.915544+00:00,2.2584871
2025-07-24 18:13:22.183493+00:00,2.2584872
2025-07-24 18:13:36.650988+00:00,2.2584877
2025-07-24 18:13:47.949880+00:00,2.2584874
2025-07-24 18:14:00.731654+00:00,2.2584876
2025-07-24 18:14:11.825929+00:00,2.2584875
2025-07-24 18:14:25.516748+00:00,2.2584875
2025-07-24 18:14:36.825353+00:00,2.2584875
2025-07-24 18:14:50.902858+00:00,2.2584871
2025-07-24 18:15:01.815404+00:00,2.2584874
2025-07-24 18:15:14.971704+00:00,2.2584873
2025-07-24 18:15:26.777740+00:00,2.2584877
2025-07-24 18:15:39.397598+00:00,2.2584875
2025-07-24 18:15:52.451729+00:00,2.2584873
2025-07-24 18:16:03.963234+00:00,2.2584875
2025-07-24 18:16:20.531867+00:00,2.2584876
2025-07-24 18:16:28.866525+00:00,2.258487
2025-07-24 18:16:41.461312+00:00,2.2584873
2025-07-24 18:16:54.367476+00:00,2.2584873
2025-07-24 18:17:11.210908+00:00,2.2584877
2025-07-24 18:17:19.930678+00:00,2.2584875
2025-07-24 18:17:34.232850+00:00,2.2584872
2025-07-24 18:17:46.237100+00:00,2.2584872
2025-07-24 18:17:58.173212+00:00,2.2584879
2025-07-24 18:18:11.084423+00:00,2.2584878
2025-07-24 18:18:23.881504+00:00,2.2584878
2025-07-24 18:18:37.174486+00:00,2.2584872
2025-07-24 18:18:49.206671+00:00,2.2584875
2025-07-24 18:19:02.207656+00:00,2.2584877
2025-07-24 18:19:14.643029+00:00,2.2584879
2025-07-24 18:19:26.725310+00:00,2.2584872
2025-07-24 18:19:39.469034+00:00,2.258487
2025-07-24 18:19:52.367406+00:00,2.2584871
2025-07-24 18:20:07.516363+00:00,2.2584878
2025-07-24 18:20:17.248087+00:00,2.2584874
2025-07-24 18:20:29.775724+00:00,2.2584871
2025-07-24 18:20:42.430369+00:00,2.2584868
2025-07-24 18:20:54.093194+00:00,2.258487
2025-07-24 18:21:06.947074+00:00,2.2584872
2025-07-24 18:21:18.695738+00:00,2.2584875
2025-07-24 18:21:31.207567+00:00,2.2584874
2025-07-24 18:21:55.893633+00:00,2.2584877
2025-07-24 18:22:08.587111+00:00,2.2584873
2025-07-24 18:22:21.002353+00:00,2.258488
2025-07-24 18:22:34.046906+00:00,2.2584874
2025-07-24 18:22:46.253992+00:00,2.258487
2025-07-24 18:22:58.364102+00:00,2.258487
2025-07-24 18:23:10.975823+00:00,2.2584871
2025-07-24 18:23:23.212712+00:00,2.2584868
2025-07-24 18:23:35.583355+00:00,2.2584875
2025-07-24 18:23:48.576466+00:00,2.2584871
2025-07-24 18:24:00.469305+00:00,2.2584876
2025-07-24 18:24:13.150696+00:00,2.2584876
2025-07-24 18:24:25.530112+00:00,2.2584875
2025-07-24 18:24:37.878410+00:00,2.2584873
2025-07-24 18:24:50.376642+00:00,2.2584873
2025-07-24 18:25:03.226504+00:00,2.2584869
2025-07-24 18:25:15.879757+00:00,2.2584872
2025-07-24 18:25:28.624597+00:00,2.2584872
2025-07-24 18:25:40.731793+00:00,2.2584875
2025-07-24 18:25:53.131905+00:00,2.2584874
2025-07-24 18:26:06.166883+00:00,2.2584877
2025-07-24 18:26:19.959078+00:00,2.2584871
2025-07-24 18:26:30.457473+00:00,2.2584869
2025-07-24 18:26:42.802723+00:00,2.2584871
2025-07-24 18:26:55.233528+00:00,2.2584877
2025-07-24 18:27:08.148294+00:00,2.2584878
2025-07-24 18:27:20.411037+00:00,2.2584871
2025-07-24 18:27:33.338010+00:00,2.258487
2025-07-24 18:27:45.995209+00:00,2.2584877
2025-07-24 18:27:57.648180+00:00,2.2584874
2025-07-24 18:28:10.482151+00:00,2.2584875
2025-07-24 18:28:22.675291+00:00,2.2584874
2025-07-24 18:28:35.646820+00:00,2.2584874
2025-07-24 18:28:47.672247+00:00,2.2584877
2025-07-24 18:29:00.068129+00:00,2.2584879
2025-07-24 18:29:12.698408+00:00,2.2584878
2025-07-24 18:29:25.272306+00:00,2.2584875
2025-07-24 18:29:38.227838+00:00,2.2584874
2025-07-24 18:29:50.459279+00:00,2.2584876
2025-07-24 18:30:03.692518+00:00,2.2584872
2025-07-24 18:30:16.801311+00:00,2.2584878
2025-07-24 18:30:29.488721+00:00,2.2584872
2025-07-24 18:30:42.386600+00:00,2.2584874
2025-07-24 18:30:54.795306+00:00,2.2584876
2025-07-24 18:31:09.056864+00:00,2.2584878
2025-07-24 18:31:21.210036+00:00,2.2584868
2025-07-24 18:31:33.115245+00:00,2.2584879
2025-07-24 18:31:46.014829+00:00,2.2584876
2025-07-24 18:31:58.355099+00:00,2.2584873
2025-07-24 18:32:11.429708+00:00,2.258487
2025-07-24 18:32:23.593366+00:00,2.2584876
2025-07-24 18:32:36.053470+00:00,2.2584868
2025-07-24 18:32:49.693668+00:00,2.2584873
2025-07-24 18:33:01.887559+00:00,2.2584872
2025-07-24 18:33:14.259345+00:00,2.2584874
2025-07-24 18:33:26.771304+00:00,2.2584871
2025-07-24 18:33:39.419726+00:00,2.2584868
2025-07-24 18:33:52.341338+00:00,2.2584877
2025-07-24 18:34:07.893567+00:00,2.2584874
2025-07-24 18:34:17.268867+00:00,2.2584877
2025-07-24 18:34:29.440245+00:00,2.2584875
2025-07-24 18:34:48.952563+00:00,2.2584869
2025-07-24 18:34:59.234660+00:00,2.2584877
2025-07-24 18:35:06.692835+00:00,2.2584875
2025-07-24 18:35:19.531931+00:00,2.2584872
2025-07-24 18:35:32.301287+00:00,2.2584877
2025-07-24 18:35:44.135996+00:00,2.2584875
2025-07-24 18:35:56.875473+00:00,2.2584874
2025-07-24 18:36:09.775443+00:00,2.2584871
2025-07-24 18:36:22.151015+00:00,2.2584869
2025-07-24 18:36:34.315819+00:00,2.2584876
2025-07-24 18:36:46.913521+00:00,2.2584871
2025-07-24 18:36:59.474175+00:00,2.2584874
2025-07-24 18:37:13.440539+00:00,2.258487
2025-07-24 18:37:24.304200+00:00,2.2584869
2025-07-24 18:37:36.811443+00:00,2.2584876
2025-07-24 18:37:49.189499+00:00,2.258487
2025-07-24 18:38:01.746939+00:00,2.2584873
2025-07-24 18:38:14.043928+00:00,2.2584873
2025-07-24 18:38:28.821683+00:00,2.2584872
2025-07-24 18:38:38.955083+00:00,2.2584873
2025-07-24 18:38:51.403828+00:00,2.2584874
2025-07-24 18:39:04.112395+00:00,2.2584877
2025-07-24 18:39:16.558952+00:00,2.2584871
2025-07-24 18:39:29.844406+00:00,2.2584872
2025-07-24 18:39:41.921748+00:00,2.2584877
2025-07-24 18:39:53.911223+00:00,2.2584868
2025-07-24 18:40:06.718296+00:00,2.2584874
2025-07-24 18:40:19.218066+00:00,2.2584869
2025-07-24 18:40:32.712300+00:00,2.2584878
2025-07-24 18:40:44.117859+00:00,2.2584877
2025-07-24 18:41:00.914149+00:00,2.2584871
2025-07-24 18:41:09.209908+00:00,2.2584876
2025-07-24 18:41:21.062960+00:00,2.2584874
2025-07-24 18:41:35.110750+00:00,2.2584877
2025-07-24 18:41:46.451969+00:00,2.2584872
2025-07-24 18:41:58.777026+00:00,2.2584876
2025-07-24 18:42:11.499493+00:00,2.2584876
2025-07-24 18:42:24.219066+00:00,2.2584873
2025-07-24 18:42:36.711261+00:00,2.2584876
2025-07-24 18:42:49.867757+00:00,2.2584872
2025-07-24 18:43:02.459148+00:00,2.2584874
2025-07-24 18:43:14.884855+00:00,2.2584873
2025-07-24 18:43:30.244029+00:00,2.2584875
2025-07-24 18:43:41.590260+00:00,2.2584874
2025-07-24 18:43:52.592471+00:00,2.2584876
2025-07-24 18:44:06.246772+00:00,2.2584877
2025-07-24 18:44:18.330333+00:00,2.2584876
2025-07-24 18:44:31.404292+00:00,2.2584875
2025-07-24 18:44:43.857154+00:00,2.2584874
2025-07-24 18:44:57.148935+00:00,2.2584876
2025-07-24 18:45:12.215426+00:00,2.2584871
2025-07-24 18:45:22.907508+00:00,2.2584872
2025-07-24 18:45:35.546969+00:00,2.2584871
2025-07-24 18:45:47.287073+00:00,2.2584875
2025-07-24 18:46:01.174658+00:00,2.2584877
2025-07-24 18:46:12.960494+00:00,2.2584872
2025-07-24 18:46:25.963500+00:00,2.2584874
2025-07-24 18:46:37.947019+00:00,2.2584872
2025-07-24 18:46:50.645695+00:00,2.258487
2025-07-24 18:47:04.169275+00:00,2.2584878
2025-07-24 18:47:16.308063+00:00,2.2584879
2025-07-24 18:47:27.996646+00:00,2.2584876
2025-07-24 18:47:41.350453+00:00,2.258487
2025-07-24 18:47:52.736434+00:00,2.2584876
2025-07-24 18:48:05.363314+00:00,2.2584872
2025-07-24 18:48:17.678370+00:00,2.2584871
2025-07-24 18:48:30.280527+00:00,2.2584871
2025-07-24 18:48:41.969691+00:00,2.2584873
2025-07-24 18:48:54.646845+00:00,2.258487
2025-07-24 18:49:07.469813+00:00,2.2584873
2025-07-24 18:49:25.810494+00:00,2.2584871
2025-07-24 18:49:33.215445+00:00,2.258487
2025-07-24 18:49:44.306931+00:00,2.2584879
2025-07-24 18:49:56.511722+00:00,2.2584875
2025-07-24 18:50:09.357178+00:00,2.2584877
2025-07-24 18:50:21.529843+00:00,2.2584876
2025-07-24 18:50:34.265080+00:00,2.2584871
2025-07-24 18:50:49.509275+00:00,2.2584875
2025-07-24 18:50:58.733179+00:00,2.2584877
2025-07-24 18:51:11.797810+00:00,2.258488
2025-07-24 18:51:23.785255+00:00,2.2584874
2025-07-24 18:51:36.230035+00:00,2.2584875
2025-07-24 18:51:49.274668+00:00,2.2584872
2025-07-24 18:52:03.426634+00:00,2.2584871
2025-07-24 18:52:13.899634+00:00,2.2584873
2025-07-24 18:52:26.582646+00:00,2.2584873
2025-07-24 18:52:38.748195+00:00,2.2584868
2025-07-24 18:52:51.915831+00:00,2.258487
2025-07-24 18:53:04.006903+00:00,2.2584874
2025-07-24 18:53:17.494700+00:00,2.2584872
2025-07-24 18:53:28.679681+00:00,2.2584871
2025-07-24 18:53:41.250077+00:00,2.2584869
2025-07-24 18:53:55.189995+00:00,2.2584876
2025-07-24 18:54:08.707238+00:00,2.2584877
2025-07-24 18:54:19.415137+00:00,2.2584871
2025-07-24 18:54:31.363949+00:00,2.2584872
2025-07-24 18:54:44.389115+00:00,2.2584873
2025-07-24 18:54:57.110958+00:00,2.2584868
2025-07-24 18:55:10.107182+00:00,2.2584879
2025-07-24 18:55:22.338348+00:00,2.2584874
2025-07-24 18:55:35.290523+00:00,2.2584877
2025-07-24 18:55:47.904585+00:00,2.2584871
2025-07-24 18:56:00.220892+00:00,2.2584875
2025-07-24 18:56:13.094820+00:00,2.2584871
2025-07-24 18:56:25.198468+00:00,2.2584871
2025-07-24 18:56:50.502780+00:00,2.2584875
2025-07-24 18:57:04.301260+00:00,2.2584868
2025-07-24 18:57:17.784799+00:00,2.2584872
2025-07-24 18:57:28.425113+00:00,2.2584877
2025-07-24 18:57:40.730374+00:00,2.2584874
2025-07-24 18:57:53.146460+00:00,2.2584875
2025-07-24 18:58:06.559158+00:00,2.2584877
2025-07-24 18:58:20.305720+00:00,2.2584871
2025-07-24 18:58:31.626317+00:00,2.258487
2025-07-24 18:58:43.187594+00:00,2.2584878
2025-07-24 18:58:56.265745+00:00,2.2584869
2025-07-24 18:59:08.661086+00:00,2.2584876
2025-07-24 18:59:22.485042+00:00,2.2584876
2025-07-24 18:59:33.388802+00:00,2.2584872
2025-07-24 18:59:45.797581+00:00,2.258488
2025-07-24 18:59:59.691646+00:00,2.2584875
2025-07-24 19:00:13.890047+00:00,2.2584865
2025-07-24 19:00:23.764921+00:00,2.2584877
2025-07-24 19:00:35.999435+00:00,2.2584871
2025-07-24 19:01:02.069610+00:00,2.2584875
2025-07-24 19:01:13.372159+00:00,2.2584878
2025-07-24 19:01:26.631399+00:00,2.2584874
2025-07-24 19:01:38.082021+00:00,2.2584871
2025-07-24 19:02:03.836918+00:00,2.258487
2025-07-24 19:02:15.295498+00:00,2.2584872
2025-07-24 19:02:28.237065+00:00,2.2584871
2025-07-24 19:02:41.651489+00:00,2.2584878
2025-07-24 19:02:53.187554+00:00,2.2584872
2025-07-24 19:03:05.981423+00:00,2.2584871
2025-07-24 19:03:18.608473+00:00,2.2584872
2025-07-24 19:03:31.476811+00:00,2.2584877
2025-07-24 19:03:44.666875+00:00,2.2584875
2025-07-24 19:03:57.286825+00:00,2.2584872
2025-07-24 19:04:10.006587+00:00,2.2584871
2025-07-24 19:04:22.863283+00:00,2.2584872
2025-07-24 19:04:35.322584+00:00,2.2584871
2025-07-24 19:04:48.599107+00:00,2.2584877
2025-07-24 19:05:02.349004+00:00,2.2584873
2025-07-24 19:05:14.432915+00:00,2.2584869
2025-07-24 19:05:26.879329+00:00,2.2584876
2025-07-24 19:05:39.214940+00:00,2.2584869
2025-07-24 19:05:51.942558+00:00,2.2584871
2025-07-24 19:06:05.126991+00:00,2.2584875
2025-07-24 19:06:17.689388+00:00,2.2584875
2025-07-24 19:06:30.538269+00:00,2.2584875
2025-07-24 19:06:42.700244+00:00,2.2584876
2025-07-24 19:06:55.461343+00:00,2.2584878
2025-07-24 19:07:08.711056+00:00,2.2584875
2025-07-24 19:07:20.628382+00:00,2.2584872
2025-07-24 19:07:33.550541+00:00,2.2584876
2025-07-24 19:07:45.742870+00:00,2.2584873
2025-07-24 19:07:57.778993+00:00,2.258487
2025-07-24 19:08:10.566524+00:00,2.2584873
2025-07-24 19:08:22.457261+00:00,2.2584874
2025-07-24 19:08:35.581306+00:00,2.2584878
2025-07-24 19:08:48.118652+00:00,2.2584872
2025-07-24 19:08:59.628331+00:00,2.2584873
2025-07-24 19:09:15.265422+00:00,2.2584874
2025-07-24 19:09:24.655049+00:00,2.258487
2025-07-24 19:09:36.985353+00:00,2.2584877
2025-07-24 19:09:49.493459+00:00,2.2584877
2025-07-24 19:10:02.249823+00:00,2.2584873
2025-07-24 19:10:14.338248+00:00,2.2584874
2025-07-24 19:10:26.723491+00:00,2.2584874
2025-07-24 19:10:38.997038+00:00,2.2584873
2025-07-24 19:10:51.261256+00:00,2.2584877
2025-07-24 19:11:04.160475+00:00,2.2584877
2025-07-24 19:11:17.430242+00:00,2.2584874
2025-07-24 19:11:29.033387+00:00,2.258487
2025-07-24 19:11:41.902955+00:00,2.2584875
2025-07-24 19:11:54.326804+00:00,2.2584873
2025-07-24 19:12:10.344232+00:00,2.2584873
2025-07-24 19:12:29.659018+00:00,2.2584877
2025-07-24 19:12:32.928422+00:00,2.2584876
2025-07-24 19:12:44.306845+00:00,2.2584875
2025-07-24 19:12:56.781131+00:00,2.2584871
2025-07-24 19:13:10.869425+00:00,2.2584871
2025-07-24 19:13:22.092261+00:00,2.2584874
2025-07-24 19:13:37.146806+00:00,2.2584873
2025-07-24 19:13:49.821463+00:00,2.2584876
2025-07-24 19:13:59.214668+00:00,2.258488
2025-07-24 19:14:12.584345+00:00,2.2584871
2025-07-24 19:14:24.912215+00:00,2.2584877
2025-07-24 19:14:38.056414+00:00,2.2584875
2025-07-24 19:14:49.785638+00:00,2.258488
2025-07-24 19:15:02.539169+00:00,2.2584878
2025-07-24 19:15:15.117364+00:00,2.2584873
2025-07-24 19:15:40.254973+00:00,2.2584876
2025-07-24 19:15:52.149350+00:00,2.2584879
2025-07-24 19:16:05.106040+00:00,2.2584874
2025-07-24 19:16:17.182813+00:00,2.258487
2025-07-24 19:16:29.141552+00:00,2.258487
2025-07-24 19:16:41.782747+00:00,2.2584875
2025-07-24 19:16:54.589500+00:00,2.2584879
2025-07-24 19:17:06.511633+00:00,2.2584876
2025-07-24 19:17:20.237847+00:00,2.2584877
2025-07-24 19:17:33.003040+00:00,2.2584872
2025-07-24 19:17:44.386712+00:00,2.258487
2025-07-24 19:17:57.004276+00:00,2.258487
2025-07-24 19:18:10.195013+00:00,2.2584872
2025-07-24 19:18:22.930156+00:00,2.2584876
2025-07-24 19:18:35.711101+00:00,2.258487
2025-07-24 19:18:48.551259+00:00,2.2584874
2025-07-24 19:19:01.483262+00:00,2.2584873
2025-07-24 19:19:14.075011+00:00,2.2584874
2025-07-24 19:19:26.579991+00:00,2.2584874
2025-07-24 19:19:39.152548+00:00,2.2584876
2025-07-24 19:19:51.751564+00:00,2.2584873
2025-07-24 19:20:04.857890+00:00,2.2584869
2025-07-24 19:20:17.515493+00:00,2.2584871
2025-07-24 19:20:30.241884+00:00,2.2584873
2025-07-24 19:20:43.209523+00:00,2.2584871
2025-07-24 19:20:55.409385+00:00,2.2584872
2025-07-24 19:21:09.130325+00:00,2.2584873
2025-07-24 19:21:20.579682+00:00,2.2584869
2025-07-24 19:21:33.253266+00:00,2.2584878
2025-07-24 19:21:45.762039+00:00,2.2584881
2025-07-24 19:21:57.775481+00:00,2.258487
2025-07-24 19:22:10.406224+00:00,2.2584873
2025-07-24 19:22:22.550186+00:00,2.2584878
2025-07-24 19:22:35.407598+00:00,2.2584875
2025-07-24 19:23:00.735550+00:00,2.2584873
2025-07-24 19:23:12.749308+00:00,2.2584877
2025-07-24 19:23:24.705828+00:00,2.2584875
2025-07-24 19:23:39.219695+00:00,2.2584871
2025-07-24 19:23:50.774280+00:00,2.2584872
2025-07-24 19:24:01.922462+00:00,2.2584877
2025-07-24 19:24:14.484708+00:00,2.2584876
2025-07-24 19:24:26.471744+00:00,2.2584872
2025-07-24 19:24:38.926492+00:00,2.2584873
2025-07-24 19:24:51.080787+00:00,2.2584876
2025-07-24 19:25:04.049981+00:00,2.258488
2025-07-24 19:25:28.790874+00:00,2.2584874
2025-07-24 19:25:42.423734+00:00,2.258487
2025-07-24 19:25:53.652687+00:00,2.2584878
2025-07-24 19:26:08.591430+00:00,2.2584876
2025-07-24 19:26:18.690585+00:00,2.2584878
2025-07-24 19:26:31.230882+00:00,2.2584872
2025-07-24 19:26:43.955500+00:00,2.258488
2025-07-24 19:26:55.811759+00:00,2.2584874
2025-07-24 19:27:08.514502+00:00,2.2584874
2025-07-24 19:27:20.561025+00:00,2.2584873
2025-07-24 19:27:34.103674+00:00,2.2584869
2025-07-24 19:27:45.594438+00:00,2.2584877
2025-07-24 19:27:57.922265+00:00,2.2584874
2025-07-24 19:28:10.944312+00:00,2.2584876
2025-07-24 19:28:23.640434+00:00,2.2584872
2025-07-24 19:28:35.868269+00:00,2.2584864
2025-07-24 19:29:01.894359+00:00,2.2584872
2025-07-24 19:29:14.711292+00:00,2.2584867
2025-07-24 19:29:27.442060+00:00,2.2584875
2025-07-24 19:29:53.148305+00:00,2.2584873
2025-07-24 19:30:06.090535+00:00,2.2584876
2025-07-24 19:30:19.266057+00:00,2.258487
2025-07-24 19:30:31.782979+00:00,2.2584874
2025-07-24 19:30:44.388887+00:00,2.2584878
2025-07-24 19:30:58.123575+00:00,2.2584869
2025-07-24 19:31:09.929240+00:00,2.2584874
2025-07-24 19:31:22.017913+00:00,2.2584876
2025-07-24 19:31:35.744718+00:00,2.2584877
2025-07-24 19:31:47.791106+00:00,2.2584878
2025-07-24 19:32:00.359832+00:00,2.2584871
2025-07-24 19:32:12.875516+00:00,2.2584876
2025-07-24 19:32:25.313018+00:00,2.2584878
2025-07-24 19:32:38.233655+00:00,2.2584877
2025-07-24 19:32:50.523878+00:00,2.258488
2025-07-24 19:33:05.490534+00:00,2.2584877
2025-07-24 19:33:17.889349+00:00,2.2584872
2025-07-24 19:33:27.836786+00:00,2.2584873
2025-07-24 19:33:41.468968+00:00,2.2584878
2025-07-24 19:33:52.704688+00:00,2.2584875
2025-07-24 19:34:06.294058+00:00,2.2584875
2025-07-24 19:34:19.707219+00:00,2.2584875
2025-07-24 19:34:29.917447+00:00,2.2584876
2025-07-24 19:34:42.191599+00:00,2.2584868
2025-07-24 19:34:54.841347+00:00,2.2584869
2025-07-24 19:35:07.938395+00:00,2.2584871
2025-07-24 19:35:21.685463+00:00,2.2584877
2025-07-24 19:35:33.383264+00:00,2.2584876
2025-07-24 19:35:47.029468+00:00,2.2584879
2025-07-24 19:35:59.734569+00:00,2.2584871
2025-07-24 19:36:13.093412+00:00,2.2584876
2025-07-24 19:36:25.948964+00:00,2.2584879
2025-07-24 19:36:36.376664+00:00,2.2584876
2025-07-24 19:36:48.768273+00:00,2.2584877
2025-07-24 19:37:01.623118+00:00,2.258488
2025-07-24 19:37:14.136145+00:00,2.2584871
2025-07-24 19:37:29.485513+00:00,2.258487
2025-07-24 19:37:38.686337+00:00,2.2584873
2025-07-24 19:37:50.749118+00:00,2.2584872
2025-07-24 19:38:03.866110+00:00,2.2584873
2025-07-24 19:38:15.954082+00:00,2.2584876
2025-07-24 19:38:28.745141+00:00,2.2584875
2025-07-24 19:38:50.068781+00:00,2.2584876
2025-07-24 19:38:54.062818+00:00,2.2584877
2025-07-24 19:39:06.088790+00:00,2.2584876
2025-07-24 19:39:31.059065+00:00,2.2584865
2025-07-24 19:39:42.819283+00:00,2.2584877
2025-07-24 19:40:10.226931+00:00,2.2584875
2025-07-24 19:40:20.683936+00:00,2.2584878
2025-07-24 19:40:33.431973+00:00,2.2584877
2025-07-24 19:40:51.354478+00:00,2.2584873
2025-07-24 19:40:58.952924+00:00,2.2584876
2025-07-24 19:41:36.064524+00:00,2.2584879
2025-07-24 19:41:48.032685+00:00,2.2584871
2025-07-24 19:42:00.588895+00:00,2.2584877
2025-07-24 19:42:13.205290+00:00,2.2584869
2025-07-24 19:42:28.205951+00:00,2.2584878
2025-07-24 19:42:39.056168+00:00,2.2584877
2025-07-24 19:42:51.680967+00:00,2.2584878
2025-07-24 19:43:09.171367+00:00,2.258487
2025-07-24 19:43:17.598051+00:00,2.2584877
2025-07-24 19:43:29.809254+00:00,2.258487
2025-07-24 19:43:43.352955+00:00,2.2584871
2025-07-24 19:43:55.045914+00:00,2.2584866
2025-07-24 19:44:08.936028+00:00,2.2584881
2025-07-24 19:44:23.719523+00:00,2.2584874
2025-07-24 19:44:33.845627+00:00,2.2584873
2025-07-24 19:44:47.531543+00:00,2.258487
2025-07-24 19:44:59.140627+00:00,2.2584864
2025-07-24 19:45:15.227346+00:00,2.2584877
2025-07-24 19:46:25.901176+00:00,2.2584876
2025-07-24 19:46:50.944296+00:00,2.2584873
2025-07-24 19:47:03.507943+00:00,2.258488
2025-07-24 19:47:15.983297+00:00,2.2584874
2025-07-24 19:47:28.429655+00:00,2.2584873
2025-07-24 19:47:40.872293+00:00,2.2584872
2025-07-24 19:47:54.304264+00:00,2.2584877
2025-07-24 19:48:06.302088+00:00,2.2584879
2025-07-24 19:48:18.631274+00:00,2.2584881
2025-07-24 19:48:31.946879+00:00,2.2584875
2025-07-24 19:48:55.977707+00:00,2.2584877
2025-07-24 19:49:58.653861+00:00,2.2584883
2025-07-24 19:50:11.520177+00:00,2.2584877
2025-07-24 19:50:24.395898+00:00,2.2584872
2025-07-24 19:50:36.325755+00:00,2.2584872
2025-07-24 19:50:48.872302+00:00,2.2584875
2025-07-24 19:51:01.582901+00:00,2.2584879
2025-07-24 19:51:13.904751+00:00,2.2584875
2025-07-24 19:51:26.394008+00:00,2.2584873
2025-07-24 19:51:52.011193+00:00,2.2584868
2025-07-24 19:52:06.045283+00:00,2.2584866
2025-07-24 19:52:17.492649+00:00,2.2584875
2025-07-24 19:52:29.687504+00:00,2.2584877
2025-07-24 19:52:55.883431+00:00,2.258486
2025-07-24 19:53:08.480708+00:00,2.2584878
2025-07-24 19:53:21.317737+00:00,2.2584873
2025-07-24 19:53:33.968427+00:00,2.2584879
2025-07-24 19:53:47.174821+00:00,2.2584868
2025-07-24 19:54:01.532314+00:00,2.2584873
2025-07-24 19:54:12.420992+00:00,2.2584879
2025-07-24 19:54:37.516281+00:00,2.2584872
2025-07-24 19:55:04.354552+00:00,2.2584881
2025-07-24 19:55:15.921524+00:00,2.2584878
2025-07-24 19:55:54.971901+00:00,2.258487
2025-07-24 20:03:25.324004+00:00,2.2584868
