time,counts_ratio
2025-08-18 10:35:00.312385+00:00,2.2584863
2025-08-18 10:36:20.267250+00:00,2.2584875
2025-08-18 10:36:44.684371+00:00,2.2584875
2025-08-18 10:38:14.764288+00:00,2.2584881
2025-08-18 10:38:39.268969+00:00,2.2584867
2025-08-18 10:38:52.506445+00:00,2.2584882
2025-08-18 10:39:43.698089+00:00,2.258487
2025-08-18 10:39:56.407641+00:00,2.258487
2025-08-18 10:40:10.078219+00:00,2.2584866
2025-08-18 10:40:35.702414+00:00,2.2584875
2025-08-18 10:41:14.489363+00:00,2.2584872
2025-08-18 10:41:26.308642+00:00,2.2584874
2025-08-18 10:41:51.611784+00:00,2.2584871
2025-08-18 10:42:05.116628+00:00,2.2584878
2025-08-18 10:42:25.613961+00:00,2.258488
2025-08-18 10:42:37.726646+00:00,2.2584878
2025-08-18 10:42:42.853179+00:00,2.2584884
2025-08-18 10:43:07.216231+00:00,2.2584879
2025-08-18 10:43:09.654524+00:00,2.2584878
2025-08-18 10:43:22.361749+00:00,2.2584872
2025-08-18 10:43:35.238210+00:00,2.2584874
2025-08-18 10:43:48.694423+00:00,2.2584872
2025-08-18 10:44:01.690456+00:00,2.2584877
2025-08-18 10:44:14.999192+00:00,2.2584873
2025-08-18 10:44:28.539961+00:00,2.2584866
2025-08-18 10:44:41.521828+00:00,2.2584864
2025-08-18 10:44:53.361721+00:00,2.2584862
2025-08-18 10:45:06.985027+00:00,2.258488
2025-08-18 10:45:20.730105+00:00,2.2584878
2025-08-18 10:45:32.742896+00:00,2.2584874
2025-08-18 10:45:51.555164+00:00,2.2584871
2025-08-18 10:45:58.107913+00:00,2.2584874
2025-08-18 10:46:14.720973+00:00,2.2584875
2025-08-18 10:46:23.818826+00:00,2.2584873
2025-08-18 10:46:36.690950+00:00,2.2584869
2025-08-18 10:46:49.569208+00:00,2.2584875
2025-08-18 10:47:03.904756+00:00,2.2584871
2025-08-18 10:47:14.825473+00:00,2.2584879
2025-08-18 10:47:27.242310+00:00,2.2584879
2025-08-18 10:47:39.974360+00:00,2.2584884
2025-08-18 10:47:52.621161+00:00,2.2584879
2025-08-18 10:48:07.000574+00:00,2.2584873
2025-08-18 10:48:18.450752+00:00,2.2584878
2025-08-18 10:48:31.493163+00:00,2.2584879
2025-08-18 10:48:44.166009+00:00,2.2584869
2025-08-18 10:49:02.173338+00:00,2.2584882
2025-08-18 10:49:09.690405+00:00,2.2584869
2025-08-18 10:49:24.993884+00:00,2.2584878
2025-08-18 10:49:35.278287+00:00,2.2584878
2025-08-18 10:49:50.080479+00:00,2.2584882
2025-08-18 10:50:01.294600+00:00,2.2584866
2025-08-18 10:50:13.297919+00:00,2.2584877
2025-08-18 10:50:26.332142+00:00,2.2584879
2025-08-18 10:50:39.322817+00:00,2.2584877
2025-08-18 10:50:51.813009+00:00,2.2584875
2025-08-18 10:51:05.147500+00:00,2.2584871
2025-08-18 10:51:19.312910+00:00,2.2584878
2025-08-18 10:51:46.586317+00:00,2.2584875
2025-08-18 10:51:56.585652+00:00,2.2584884
2025-08-18 10:52:10.028000+00:00,2.2584873
2025-08-18 10:52:23.039288+00:00,2.2584871
2025-08-18 10:52:36.043287+00:00,2.2584882
2025-08-18 10:52:49.994403+00:00,2.2584869
2025-08-18 10:53:02.772855+00:00,2.2584871
2025-08-18 10:53:15.201076+00:00,2.2584877
2025-08-18 10:53:27.969146+00:00,2.258487
2025-08-18 10:53:41.232938+00:00,2.2584874
2025-08-18 10:57:04.961271+00:00,2.2584874
2025-08-18 10:57:31.011243+00:00,2.2584868
2025-08-18 10:57:43.511834+00:00,2.2584872
2025-08-18 10:57:57.410473+00:00,2.2584877
2025-08-18 10:58:09.841451+00:00,2.2584871
2025-08-18 10:58:21.735332+00:00,2.2584871
2025-08-18 10:58:34.603342+00:00,2.2584869
2025-08-18 10:58:47.835536+00:00,2.2584871
2025-08-18 10:59:00.479141+00:00,2.2584876
2025-08-18 10:59:14.228032+00:00,2.2584874
2025-08-18 10:59:25.961105+00:00,2.258488
2025-08-18 10:59:39.460124+00:00,2.2584869
2025-08-18 10:59:52.063809+00:00,2.258487
2025-08-18 11:00:06.316035+00:00,2.2584872
2025-08-18 11:00:20.693883+00:00,2.2584875
2025-08-18 11:00:35.242391+00:00,2.2584871
2025-08-18 11:00:44.635796+00:00,2.258487
2025-08-18 11:00:57.361268+00:00,2.2584868
2025-08-18 11:01:10.887158+00:00,2.2584868
2025-08-18 11:01:23.477632+00:00,2.2584873
2025-08-18 11:01:40.164719+00:00,2.2584868
2025-08-18 11:01:49.977410+00:00,2.2584875
2025-08-18 11:02:02.694741+00:00,2.258487
2025-08-18 11:02:16.938488+00:00,2.2584869
2025-08-18 11:02:28.199712+00:00,2.2584868
2025-08-18 11:02:43.418715+00:00,2.2584873
2025-08-18 11:02:53.754756+00:00,2.2584874
2025-08-18 11:03:07.303111+00:00,2.2584872
2025-08-18 11:03:19.781025+00:00,2.2584872
2025-08-18 11:03:34.511297+00:00,2.2584875
2025-08-18 11:03:44.797349+00:00,2.2584873
2025-08-18 11:03:59.815265+00:00,2.258487
2025-08-18 11:04:10.695491+00:00,2.2584874
2025-08-18 11:04:22.955818+00:00,2.2584872
2025-08-18 11:04:35.505351+00:00,2.258487
2025-08-18 11:04:48.493799+00:00,2.2584868
2025-08-18 11:05:01.422830+00:00,2.2584868
2025-08-18 11:05:14.308121+00:00,2.2584877
2025-08-18 11:05:26.976518+00:00,2.2584875
2025-08-18 11:05:42.431599+00:00,2.2584872
2025-08-18 11:05:52.722345+00:00,2.2584872
2025-08-18 11:06:05.491057+00:00,2.2584875
2025-08-18 11:06:18.156473+00:00,2.2584875
2025-08-18 11:06:30.814946+00:00,2.2584872
2025-08-18 11:06:43.146409+00:00,2.2584868
2025-08-18 11:06:56.006453+00:00,2.2584873
2025-08-18 11:07:09.439681+00:00,2.258487
2025-08-18 11:07:21.911951+00:00,2.2584876
2025-08-18 11:07:34.427224+00:00,2.2584877
2025-08-18 11:07:47.630793+00:00,2.2584871
2025-08-18 11:08:01.737719+00:00,2.2584877
2025-08-18 11:08:14.491247+00:00,2.2584876
2025-08-18 11:08:27.059212+00:00,2.2584875
2025-08-18 11:08:40.751815+00:00,2.258487
2025-08-18 11:08:52.819092+00:00,2.2584875
2025-08-18 11:09:06.435619+00:00,2.258487
2025-08-18 11:09:19.301517+00:00,2.2584873
2025-08-18 11:09:32.323577+00:00,2.2584876
2025-08-18 11:09:46.368444+00:00,2.2584872
2025-08-18 11:09:58.076564+00:00,2.2584874
2025-08-18 11:10:13.903844+00:00,2.2584874
2025-08-18 11:10:27.053135+00:00,2.258487
2025-08-18 11:10:38.626393+00:00,2.258488
2025-08-18 11:10:52.557974+00:00,2.2584877
2025-08-18 11:11:02.467828+00:00,2.2584878
2025-08-18 11:11:28.045046+00:00,2.2584864
2025-08-18 11:11:40.774278+00:00,2.2584868
2025-08-18 11:11:53.364252+00:00,2.258487
2025-08-18 11:12:06.205473+00:00,2.2584868
2025-08-18 11:12:19.256336+00:00,2.2584873
2025-08-18 11:12:32.213744+00:00,2.2584874
2025-08-18 11:12:44.152958+00:00,2.2584874
2025-08-18 11:12:58.107313+00:00,2.2584866
2025-08-18 11:13:10.411440+00:00,2.2584872
2025-08-18 11:13:22.916362+00:00,2.2584873
2025-08-18 11:13:35.124511+00:00,2.2584874
2025-08-18 11:14:00.872036+00:00,2.2584865
2025-08-18 11:14:16.368794+00:00,2.2584871
2025-08-18 11:14:25.950434+00:00,2.2584869
2025-08-18 11:14:38.869313+00:00,2.2584877
2025-08-18 11:14:52.627623+00:00,2.2584875
2025-08-18 11:15:04.211308+00:00,2.2584871
2025-08-18 11:15:17.208673+00:00,2.2584875
2025-08-18 11:15:30.316813+00:00,2.2584877
2025-08-18 11:15:42.884005+00:00,2.2584869
2025-08-18 11:15:55.027885+00:00,2.2584872
2025-08-18 11:16:09.638046+00:00,2.2584875
2025-08-18 11:16:20.508106+00:00,2.2584869
2025-08-18 11:16:34.495309+00:00,2.2584879
2025-08-18 11:16:46.726817+00:00,2.2584875
2025-08-18 11:16:59.044288+00:00,2.2584874
2025-08-18 11:17:25.159882+00:00,2.2584877
2025-08-18 11:17:37.824782+00:00,2.2584877
2025-08-18 11:17:51.235722+00:00,2.2584873
2025-08-18 11:18:04.300313+00:00,2.2584875
2025-08-18 11:18:17.272226+00:00,2.2584876
2025-08-18 11:18:29.799997+00:00,2.258487
2025-08-18 11:18:43.677948+00:00,2.2584862
2025-08-18 11:18:55.821429+00:00,2.2584869
2025-08-18 11:19:09.012173+00:00,2.2584872
2025-08-18 11:19:21.487438+00:00,2.2584868
2025-08-18 11:19:34.421046+00:00,2.2584871
2025-08-18 11:19:48.268510+00:00,2.2584868
2025-08-18 11:20:00.552316+00:00,2.2584876
2025-08-18 11:20:13.261628+00:00,2.2584866
2025-08-18 11:20:26.427572+00:00,2.2584874
2025-08-18 11:20:43.218480+00:00,2.2584877
2025-08-18 11:20:51.414292+00:00,2.2584878
2025-08-18 11:21:04.655452+00:00,2.2584875
2025-08-18 11:21:17.451017+00:00,2.258487
2025-08-18 11:21:30.525375+00:00,2.2584874
2025-08-18 11:21:42.065217+00:00,2.2584869
2025-08-18 11:21:54.780567+00:00,2.2584869
2025-08-18 11:22:07.967654+00:00,2.2584876
2025-08-18 11:22:20.562779+00:00,2.2584875
2025-08-18 11:22:33.747300+00:00,2.2584877
2025-08-18 11:22:46.647790+00:00,2.2584873
2025-08-18 11:22:59.212560+00:00,2.2584869
2025-08-18 11:23:12.148281+00:00,2.2584867
2025-08-18 11:23:25.770366+00:00,2.2584876
2025-08-18 11:23:37.585622+00:00,2.2584874
2025-08-18 11:23:50.066644+00:00,2.2584872
2025-08-18 11:24:04.971738+00:00,2.258487
2025-08-18 11:24:15.834103+00:00,2.2584879
2025-08-18 11:24:28.587815+00:00,2.2584875
2025-08-18 11:24:43.968356+00:00,2.2584874
2025-08-18 11:24:54.540262+00:00,2.2584871
2025-08-18 11:25:09.688038+00:00,2.258487
2025-08-18 11:25:19.717006+00:00,2.2584875
2025-08-18 11:25:32.702465+00:00,2.2584877
2025-08-18 11:25:49.035527+00:00,2.2584872
2025-08-18 11:25:58.930175+00:00,2.2584871
2025-08-18 11:26:14.211220+00:00,2.2584874
2025-08-18 11:26:25.515912+00:00,2.2584874
2025-08-18 11:26:38.717118+00:00,2.2584874
2025-08-18 11:26:50.866430+00:00,2.2584873
2025-08-18 11:27:07.034915+00:00,2.2584877
2025-08-18 11:27:17.216362+00:00,2.2584875
2025-08-18 11:27:29.535974+00:00,2.2584871
2025-08-18 11:27:42.429408+00:00,2.2584879
2025-08-18 11:27:55.431187+00:00,2.2584868
2025-08-18 11:28:08.387575+00:00,2.2584873
2025-08-18 11:28:24.398902+00:00,2.2584866
2025-08-18 11:28:34.173517+00:00,2.2584879
2025-08-18 11:28:48.972095+00:00,2.2584868
2025-08-18 11:29:02.789266+00:00,2.258487
2025-08-18 11:29:12.696629+00:00,2.2584872
2025-08-18 11:29:26.489006+00:00,2.2584869
2025-08-18 11:29:37.516754+00:00,2.2584863
2025-08-18 11:29:50.031112+00:00,2.2584877
2025-08-18 11:30:03.361834+00:00,2.2584873
2025-08-18 11:30:16.657720+00:00,2.2584872
2025-08-18 11:30:28.619986+00:00,2.2584872
2025-08-18 11:30:40.957823+00:00,2.2584869
2025-08-18 11:30:53.455741+00:00,2.2584866
2025-08-18 11:31:09.108869+00:00,2.2584865
2025-08-18 11:31:19.216074+00:00,2.2584873
2025-08-18 11:31:32.514866+00:00,2.2584866
2025-08-18 11:31:49.136131+00:00,2.2584875
2025-08-18 11:32:10.984010+00:00,2.2584858
2025-08-18 11:32:35.925704+00:00,2.258487
2025-08-18 11:32:49.228549+00:00,2.2584879
2025-08-18 11:33:02.005552+00:00,2.2584869
2025-08-18 11:33:14.595175+00:00,2.2584873
2025-08-18 11:33:26.894351+00:00,2.2584867
2025-08-18 11:33:39.576066+00:00,2.2584862
2025-08-18 11:33:56.213219+00:00,2.2584871
2025-08-18 11:34:05.971597+00:00,2.2584869
2025-08-18 11:34:20.673757+00:00,2.2584878
2025-08-18 11:34:33.359671+00:00,2.2584866
2025-08-18 11:34:45.295261+00:00,2.2584866
2025-08-18 11:34:57.755368+00:00,2.2584867
2025-08-18 11:35:11.546333+00:00,2.2584872
2025-08-18 11:35:24.452162+00:00,2.2584872
2025-08-18 11:35:37.679272+00:00,2.2584868
2025-08-18 11:35:50.713352+00:00,2.258487
2025-08-18 11:36:03.442153+00:00,2.2584875
2025-08-18 11:36:17.195784+00:00,2.2584858
2025-08-18 11:36:28.523143+00:00,2.2584872
2025-08-18 11:36:41.777732+00:00,2.2584868
2025-08-18 11:37:21.164540+00:00,2.2584872
2025-08-18 11:37:33.234109+00:00,2.2584867
2025-08-18 11:37:47.308754+00:00,2.258487
2025-08-18 11:38:11.256233+00:00,2.2584864
2025-08-18 11:38:49.344280+00:00,2.258486
2025-08-18 11:39:01.973508+00:00,2.2584872
2025-08-18 11:39:14.665352+00:00,2.258487
2025-08-18 11:39:27.218830+00:00,2.258487
2025-08-18 11:39:40.502800+00:00,2.2584871
2025-08-18 11:40:19.526143+00:00,2.2584867
2025-08-18 11:40:45.151521+00:00,2.2584878
2025-08-18 11:40:56.814293+00:00,2.2584869
2025-08-18 11:41:09.762698+00:00,2.2584877
2025-08-18 11:41:23.786297+00:00,2.2584878
2025-08-18 11:41:35.125693+00:00,2.2584874
2025-08-18 11:41:48.375846+00:00,2.2584874
2025-08-18 11:42:00.578040+00:00,2.2584878
2025-08-18 11:42:13.481279+00:00,2.2584876
2025-08-18 11:42:26.864969+00:00,2.2584865
2025-08-18 11:42:40.899632+00:00,2.2584873
2025-08-18 11:42:52.702871+00:00,2.2584873
2025-08-18 11:43:05.875348+00:00,2.258487
2025-08-18 11:43:19.202679+00:00,2.2584868
2025-08-18 11:43:37.309717+00:00,2.2584868
2025-08-18 11:43:44.853492+00:00,2.2584874
2025-08-18 11:43:58.090810+00:00,2.2584875
2025-08-18 11:44:11.216032+00:00,2.2584875
2025-08-18 11:44:25.919522+00:00,2.2584869
2025-08-18 11:44:37.336119+00:00,2.258487
2025-08-18 11:44:49.434146+00:00,2.2584872
2025-08-18 11:45:02.964468+00:00,2.2584875
2025-08-18 11:45:15.202424+00:00,2.2584868
2025-08-18 11:45:28.122699+00:00,2.2584869
2025-08-18 11:45:41.089811+00:00,2.2584877
2025-08-18 11:45:54.596311+00:00,2.258487
2025-08-18 11:46:06.529828+00:00,2.2584869
2025-08-18 11:46:18.906121+00:00,2.2584871
2025-08-18 11:46:31.711992+00:00,2.2584869
2025-08-18 11:46:43.952719+00:00,2.2584874
2025-08-18 11:46:59.570557+00:00,2.2584878
2025-08-18 11:47:10.044728+00:00,2.2584873
2025-08-18 11:47:24.212006+00:00,2.2584867
2025-08-18 11:47:34.904013+00:00,2.2584869
2025-08-18 11:47:48.020023+00:00,2.2584872
2025-08-18 11:48:00.835539+00:00,2.2584869
2025-08-18 11:48:15.887330+00:00,2.2584877
2025-08-18 11:48:25.826672+00:00,2.2584867
2025-08-18 11:48:40.804213+00:00,2.2584871
2025-08-18 11:48:51.545516+00:00,2.2584861
2025-08-18 11:49:04.363151+00:00,2.2584864
2025-08-18 11:49:17.153910+00:00,2.2584868
2025-08-18 11:49:54.808561+00:00,2.2584866
2025-08-18 11:50:07.906750+00:00,2.2584869
2025-08-18 11:50:20.920234+00:00,2.2584868
2025-08-18 11:50:34.367481+00:00,2.2584875
2025-08-18 11:50:47.528476+00:00,2.2584873
2025-08-18 11:50:59.923861+00:00,2.2584869
2025-08-18 11:51:12.812386+00:00,2.2584874
2025-08-18 11:51:25.804293+00:00,2.2584869
2025-08-18 11:51:39.038224+00:00,2.2584873
2025-08-18 11:51:53.631336+00:00,2.2584872
2025-08-18 11:52:05.286584+00:00,2.2584872
2025-08-18 11:52:18.470762+00:00,2.2584876
2025-08-18 11:52:31.377826+00:00,2.2584869
2025-08-18 11:52:43.598692+00:00,2.2584875
2025-08-18 11:52:56.328805+00:00,2.2584869
2025-08-18 11:53:09.421178+00:00,2.2584876
2025-08-18 11:53:22.950064+00:00,2.2584868
2025-08-18 11:53:35.037775+00:00,2.2584869
2025-08-18 11:53:51.693524+00:00,2.2584871
2025-08-18 11:54:00.480005+00:00,2.2584867
2025-08-18 11:54:13.800199+00:00,2.2584871
2025-08-18 11:54:28.930356+00:00,2.258487
2025-08-18 11:54:38.191109+00:00,2.2584872
2025-08-18 11:54:50.799661+00:00,2.2584873
2025-08-18 11:55:07.976080+00:00,2.2584868
2025-08-18 11:55:16.404076+00:00,2.2584874
2025-08-18 11:55:29.690177+00:00,2.2584868
2025-08-18 11:55:44.324706+00:00,2.2584869
2025-08-18 11:55:54.034546+00:00,2.2584869
2025-08-18 11:56:07.034766+00:00,2.2584873
2025-08-18 11:56:19.794103+00:00,2.2584869
2025-08-18 11:56:32.904689+00:00,2.2584874
2025-08-18 11:56:44.699728+00:00,2.2584878
2025-08-18 11:56:57.573998+00:00,2.2584877
2025-08-18 11:57:10.502794+00:00,2.2584874
2025-08-18 11:57:23.342021+00:00,2.2584874
2025-08-18 11:57:36.098689+00:00,2.2584877
2025-08-18 11:57:48.747370+00:00,2.2584869
2025-08-18 11:58:01.645047+00:00,2.2584874
2025-08-18 11:58:14.072099+00:00,2.2584876
2025-08-18 11:58:26.939176+00:00,2.2584868
2025-08-18 11:58:40.232988+00:00,2.2584874
2025-08-18 11:58:52.839563+00:00,2.2584871
2025-08-18 11:59:06.214092+00:00,2.2584868
2025-08-18 11:59:19.353874+00:00,2.258487
2025-08-18 11:59:32.125780+00:00,2.2584876
2025-08-18 11:59:45.281472+00:00,2.258487
2025-08-18 12:00:12.033454+00:00,2.2584867
2025-08-18 12:00:25.087064+00:00,2.2584872
2025-08-18 12:01:03.237031+00:00,2.2584866
2025-08-18 12:14:49.105647+00:00,2.2584864
2025-08-18 12:15:07.794479+00:00,2.258487
2025-08-18 12:22:02.397678+00:00,2.2584861
2025-08-18 12:22:20.450791+00:00,2.258487
2025-08-18 12:22:27.611350+00:00,2.2584867
2025-08-18 12:22:41.032412+00:00,2.2584865
2025-08-18 12:22:53.789845+00:00,2.2584868
2025-08-18 12:23:07.236835+00:00,2.258486
2025-08-18 12:23:19.821188+00:00,2.2584868
2025-08-18 12:23:46.698414+00:00,2.2584876
2025-08-18 12:23:58.961143+00:00,2.2584874
2025-08-18 12:24:12.177038+00:00,2.2584871
2025-08-18 12:24:24.900085+00:00,2.2584869
2025-08-18 12:24:41.711939+00:00,2.2584873
2025-08-18 12:24:50.963992+00:00,2.2584871
2025-08-18 12:25:04.312659+00:00,2.2584869
2025-08-18 12:25:17.219704+00:00,2.2584871
2025-08-18 12:25:30.230218+00:00,2.2584869
2025-08-18 12:25:42.925555+00:00,2.2584875
2025-08-18 12:26:14.554104+00:00,2.2584874
2025-08-18 12:26:21.741232+00:00,2.2584869
2025-08-18 12:26:34.448553+00:00,2.2584874
2025-08-18 12:26:47.337024+00:00,2.2584873
2025-08-18 12:26:59.225091+00:00,2.2584876
2025-08-18 12:27:13.874098+00:00,2.258487
2025-08-18 12:27:25.395058+00:00,2.2584869
2025-08-18 12:27:37.300535+00:00,2.2584874
2025-08-18 12:27:50.177307+00:00,2.2584873
2025-08-18 12:28:08.183730+00:00,2.2584867
2025-08-18 12:28:16.615777+00:00,2.2584867
2025-08-18 12:28:29.073224+00:00,2.2584869
2025-08-18 12:28:41.443082+00:00,2.2584873
2025-08-18 12:28:55.099597+00:00,2.2584873
2025-08-18 12:29:07.372885+00:00,2.2584872
2025-08-18 12:29:19.803960+00:00,2.2584878
2025-08-18 12:29:33.157140+00:00,2.2584872
2025-08-18 12:29:45.640013+00:00,2.2584873
2025-08-18 12:29:58.407515+00:00,2.2584874
2025-08-18 12:30:11.781268+00:00,2.2584869
2025-08-18 12:30:24.407551+00:00,2.2584871
2025-08-18 12:30:37.210992+00:00,2.2584875
2025-08-18 12:30:49.636749+00:00,2.2584872
2025-08-18 12:31:03.587051+00:00,2.2584867
2025-08-18 12:31:16.269481+00:00,2.2584868
2025-08-18 12:31:31.480235+00:00,2.2584877
2025-08-18 12:31:42.665595+00:00,2.2584863
2025-08-18 12:54:17.676686+00:00,2.258486
2025-08-18 13:06:06.510573+00:00,2.2584863
2025-08-18 13:06:18.565139+00:00,2.2584873
2025-08-18 13:06:35.953826+00:00,2.2584873
2025-08-18 13:09:31.996823+00:00,2.2584867
2025-08-18 13:18:33.181019+00:00,2.2584858
2025-08-18 13:19:01.459737+00:00,2.2584858
2025-08-18 13:19:12.804553+00:00,2.2584871
2025-08-18 13:20:04.864237+00:00,2.2584859
2025-08-18 13:20:55.892259+00:00,2.2584866
2025-08-18 13:21:10.135477+00:00,2.2584866
2025-08-18 13:21:47.467145+00:00,2.258487
2025-08-18 13:22:38.452693+00:00,2.2584869
2025-08-18 13:22:51.770431+00:00,2.2584872
2025-08-18 13:23:17.787825+00:00,2.2584868
2025-08-18 13:23:34.415137+00:00,2.2584858
2025-08-18 13:24:34.835695+00:00,2.2584871
2025-08-18 13:24:47.621924+00:00,2.2584867
2025-08-18 13:25:00.714297+00:00,2.2584868
2025-08-18 13:25:21.347339+00:00,2.2584868
2025-08-18 13:25:25.744984+00:00,2.2584868
2025-08-18 13:25:38.997192+00:00,2.258487
2025-08-18 13:25:51.853804+00:00,2.2584874
2025-08-18 13:26:05.362388+00:00,2.2584867
2025-08-18 13:26:21.048092+00:00,2.2584873
2025-08-18 13:26:33.479114+00:00,2.2584869
2025-08-18 13:26:44.147296+00:00,2.2584868
2025-08-18 13:26:57.733804+00:00,2.2584872
2025-08-18 13:27:11.064323+00:00,2.258487
2025-08-18 13:27:27.534777+00:00,2.2584869
2025-08-18 13:27:36.489392+00:00,2.2584869
2025-08-18 13:27:49.191374+00:00,2.2584869
2025-08-18 13:28:03.403470+00:00,2.2584868
2025-08-18 13:28:18.729867+00:00,2.2584869
2025-08-18 13:28:28.017343+00:00,2.2584872
2025-08-18 13:28:53.922061+00:00,2.2584873
2025-08-18 13:29:06.864118+00:00,2.2584866
2025-08-18 13:29:19.304370+00:00,2.258487
2025-08-18 13:30:24.313961+00:00,2.2584862
2025-08-18 13:30:48.551301+00:00,2.2584866
2025-08-18 13:31:01.686382+00:00,2.2584872
2025-08-18 13:31:14.701152+00:00,2.2584869
2025-08-18 13:33:48.368401+00:00,2.2584872
2025-08-18 13:34:02.669881+00:00,2.2584864
2025-08-18 13:34:17.366077+00:00,2.2584872
2025-08-18 13:37:17.236770+00:00,2.2584864
2025-08-18 13:43:30.054910+00:00,2.2584867
2025-08-18 13:43:56.111437+00:00,2.2584874
2025-08-18 13:44:12.220983+00:00,2.2584859
2025-08-18 13:44:21.911928+00:00,2.2584874
2025-08-18 13:45:01.100026+00:00,2.2584863
2025-08-18 13:45:13.800028+00:00,2.2584866
2025-08-18 13:45:27.791499+00:00,2.2584872
2025-08-18 13:46:17.258986+00:00,2.2584873
2025-08-18 13:46:42.242934+00:00,2.2584872
2025-08-18 13:46:55.765521+00:00,2.2584867
2025-08-18 13:47:09.167730+00:00,2.2584866
2025-08-18 13:47:21.137566+00:00,2.2584875
2025-08-18 13:47:33.784343+00:00,2.2584875
2025-08-18 13:47:46.828407+00:00,2.2584876
2025-08-18 13:47:59.381941+00:00,2.2584874
2025-08-18 13:48:12.525757+00:00,2.2584873
2025-08-18 13:48:24.765362+00:00,2.258487
2025-08-18 13:48:37.474839+00:00,2.2584868
2025-08-18 13:48:50.422451+00:00,2.2584864
2025-08-18 13:49:03.235762+00:00,2.2584866
2025-08-18 13:49:19.163816+00:00,2.2584869
2025-08-18 13:49:29.907268+00:00,2.2584864
2025-08-18 13:49:42.089242+00:00,2.2584868
2025-08-18 13:49:54.729913+00:00,2.2584874
2025-08-18 13:50:09.082345+00:00,2.2584865
2025-08-18 13:50:25.400286+00:00,2.2584878
2025-08-18 13:50:34.667175+00:00,2.2584869
2025-08-18 13:50:47.350499+00:00,2.2584866
2025-08-18 13:51:01.960331+00:00,2.2584871
2025-08-18 13:51:16.148267+00:00,2.2584872
2025-08-18 13:51:26.398347+00:00,2.2584874
2025-08-18 13:51:40.231089+00:00,2.2584871
2025-08-18 13:51:52.202366+00:00,2.2584865
2025-08-18 13:52:05.326755+00:00,2.2584867
2025-08-18 13:52:18.607887+00:00,2.2584871
2025-08-18 13:52:31.997989+00:00,2.2584871
2025-08-18 13:52:43.677206+00:00,2.2584868
2025-08-18 13:52:56.367934+00:00,2.2584864
2025-08-18 13:53:09.903475+00:00,2.2584872
2025-08-18 13:53:26.716043+00:00,2.2584867
2025-08-18 13:53:34.841953+00:00,2.2584866
2025-08-18 13:53:47.764070+00:00,2.2584868
2025-08-18 13:54:00.915094+00:00,2.2584873
2025-08-18 13:54:13.026043+00:00,2.2584867
2025-08-18 13:54:26.073975+00:00,2.2584875
2025-08-18 13:54:38.700486+00:00,2.258487
2025-08-18 13:54:51.641905+00:00,2.2584873
2025-08-18 13:55:04.749964+00:00,2.2584875
2025-08-18 13:55:17.551948+00:00,2.2584876
2025-08-18 13:55:38.586031+00:00,2.2584873
2025-08-18 13:55:55.541141+00:00,2.2584871
2025-08-18 13:56:09.840647+00:00,2.2584871
2025-08-18 13:56:21.334702+00:00,2.2584869
2025-08-18 13:56:35.608041+00:00,2.2584868
2025-08-18 13:56:47.181493+00:00,2.2584874
2025-08-18 13:56:59.758588+00:00,2.2584872
2025-08-18 13:57:13.030369+00:00,2.2584858
2025-08-18 13:57:25.680158+00:00,2.2584872
2025-08-18 13:57:39.319727+00:00,2.2584867
2025-08-18 13:57:52.896625+00:00,2.2584875
2025-08-18 13:58:04.641365+00:00,2.2584873
2025-08-18 13:58:17.913825+00:00,2.2584869
2025-08-18 13:58:39.752853+00:00,2.2584868
2025-08-18 13:58:43.708100+00:00,2.258487
2025-08-18 13:58:56.698423+00:00,2.2584872
2025-08-18 13:59:11.060272+00:00,2.2584872
2025-08-18 13:59:23.102222+00:00,2.2584866
2025-08-18 13:59:35.984145+00:00,2.2584867
2025-08-18 13:59:50.142434+00:00,2.2584873
2025-08-18 14:00:02.827332+00:00,2.2584872
2025-08-18 14:00:15.691644+00:00,2.2584867
2025-08-18 14:00:28.758662+00:00,2.2584867
2025-08-18 14:00:43.292648+00:00,2.2584868
2025-08-18 14:00:53.325656+00:00,2.2584865
2025-08-18 14:01:06.997616+00:00,2.2584865
2025-08-18 14:01:19.399073+00:00,2.2584874
2025-08-18 14:01:32.350468+00:00,2.2584867
2025-08-18 14:01:53.532829+00:00,2.258487
2025-08-18 14:01:57.805599+00:00,2.2584868
2025-08-18 14:02:11.236068+00:00,2.2584869
2025-08-18 14:02:24.206542+00:00,2.2584869
2025-08-18 14:02:36.231400+00:00,2.2584866
2025-08-18 14:03:01.330355+00:00,2.258487
2025-08-18 14:03:14.264933+00:00,2.258487
2025-08-18 14:03:27.389547+00:00,2.2584871
2025-08-18 14:03:39.633516+00:00,2.2584868
2025-08-18 14:03:52.494993+00:00,2.258487
2025-08-18 14:04:05.622169+00:00,2.2584865
2025-08-18 14:04:17.817831+00:00,2.2584876
2025-08-18 14:04:30.712046+00:00,2.2584872
2025-08-18 14:04:43.897715+00:00,2.2584868
2025-08-18 14:05:09.484363+00:00,2.258487
2025-08-18 14:05:22.205156+00:00,2.2584868
2025-08-18 14:05:35.065684+00:00,2.2584869
2025-08-18 14:05:48.000205+00:00,2.2584867
2025-08-18 14:06:00.809135+00:00,2.2584871
2025-08-18 14:06:13.546284+00:00,2.2584874
2025-08-18 14:06:27.008117+00:00,2.2584869
2025-08-18 14:06:40.222180+00:00,2.2584869
2025-08-18 14:06:53.196179+00:00,2.2584875
2025-08-18 14:07:06.688227+00:00,2.2584872
2025-08-18 14:07:19.593029+00:00,2.258487
2025-08-18 14:07:32.775001+00:00,2.258487
2025-08-18 14:07:45.215796+00:00,2.2584867
2025-08-18 14:07:58.901229+00:00,2.258487
2025-08-18 14:08:11.083091+00:00,2.2584868
2025-08-18 14:08:23.825440+00:00,2.2584872
2025-08-18 14:08:37.273526+00:00,2.2584869
2025-08-18 14:08:49.947951+00:00,2.2584868
2025-08-18 14:09:02.912051+00:00,2.2584871
2025-08-18 14:09:15.280894+00:00,2.2584871
2025-08-18 14:09:29.094460+00:00,2.2584871
2025-08-18 14:09:41.589701+00:00,2.2584877
2025-08-18 14:09:53.798367+00:00,2.2584867
2025-08-18 14:10:06.230160+00:00,2.2584872
2025-08-18 14:10:19.133797+00:00,2.2584871
2025-08-18 14:10:31.722192+00:00,2.2584875
2025-08-18 14:10:44.108683+00:00,2.2584871
2025-08-18 14:10:57.261373+00:00,2.2584866
2025-08-18 14:11:11.978416+00:00,2.2584871
2025-08-18 14:11:23.003487+00:00,2.2584873
2025-08-18 14:11:35.943195+00:00,2.2584871
2025-08-18 14:11:53.854188+00:00,2.258487
2025-08-18 14:12:01.932513+00:00,2.2584868
2025-08-18 14:12:13.946478+00:00,2.2584871
2025-08-18 14:12:26.811397+00:00,2.2584867
2025-08-18 14:12:39.418363+00:00,2.2584868
2025-08-18 14:12:52.919491+00:00,2.258487
2025-08-18 14:13:05.817518+00:00,2.2584872
2025-08-18 14:13:17.756639+00:00,2.2584868
2025-08-18 14:13:31.087610+00:00,2.2584868
2025-08-18 14:13:43.542262+00:00,2.2584871
2025-08-18 14:13:57.917195+00:00,2.2584869
2025-08-18 14:14:10.898078+00:00,2.2584868
2025-08-18 14:14:22.984080+00:00,2.2584872
2025-08-18 14:14:35.659800+00:00,2.2584869
2025-08-18 14:14:49.246128+00:00,2.2584866
2025-08-18 14:15:02.196070+00:00,2.2584867
2025-08-18 14:15:19.545723+00:00,2.2584867
2025-08-18 14:15:28.441287+00:00,2.2584865
2025-08-18 14:15:42.599306+00:00,2.2584873
2025-08-18 14:15:53.854432+00:00,2.258487
2025-08-18 14:16:07.238371+00:00,2.2584872
2025-08-18 14:16:21.506919+00:00,2.2584873
2025-08-18 14:16:33.213774+00:00,2.2584868
2025-08-18 14:16:47.490661+00:00,2.2584875
2025-08-18 14:16:59.356210+00:00,2.2584864
2025-08-18 14:17:11.686642+00:00,2.2584872
2025-08-18 14:17:25.828478+00:00,2.2584871
2025-08-18 14:18:02.994849+00:00,2.2584874
2025-08-18 14:18:15.473082+00:00,2.258487
2025-08-18 14:18:28.476538+00:00,2.2584868
2025-08-18 14:18:40.877784+00:00,2.2584872
2025-08-18 14:18:55.471306+00:00,2.2584874
2025-08-18 14:19:07.127721+00:00,2.2584876
2025-08-18 14:19:19.720773+00:00,2.258487
2025-08-18 14:19:32.878734+00:00,2.2584872
2025-08-18 14:19:45.785089+00:00,2.258487
2025-08-18 14:20:00.793198+00:00,2.2584868
2025-08-18 14:20:11.910892+00:00,2.2584871
2025-08-18 14:20:24.077598+00:00,2.2584877
2025-08-18 14:20:36.807335+00:00,2.258487
2025-08-18 14:20:49.299574+00:00,2.2584872
2025-08-18 14:21:02.043801+00:00,2.2584869
2025-08-18 14:21:14.851402+00:00,2.2584866
2025-08-18 14:21:27.680412+00:00,2.2584873
2025-08-18 14:21:40.476105+00:00,2.2584868
2025-08-18 14:21:53.806657+00:00,2.2584866
2025-08-18 14:22:08.982833+00:00,2.2584873
2025-08-18 14:22:19.636582+00:00,2.2584868
2025-08-18 14:22:33.939336+00:00,2.2584872
2025-08-18 14:22:46.355200+00:00,2.2584867
2025-08-18 14:22:58.901858+00:00,2.2584866
2025-08-18 14:23:12.518931+00:00,2.2584864
2025-08-18 14:23:25.056161+00:00,2.2584867
2025-08-18 14:23:44.714980+00:00,2.2584869
2025-08-18 14:23:51.429807+00:00,2.2584868
2025-08-18 14:24:06.156300+00:00,2.258487
2025-08-18 14:24:17.371432+00:00,2.258487
2025-08-18 14:24:29.939322+00:00,2.2584869
2025-08-18 14:24:43.096414+00:00,2.2584871
2025-08-18 14:24:57.628280+00:00,2.2584869
2025-08-18 14:25:09.153827+00:00,2.2584871
2025-08-18 14:25:21.830898+00:00,2.2584872
2025-08-18 14:25:35.444945+00:00,2.2584873
2025-08-18 14:25:47.653292+00:00,2.2584868
2025-08-18 14:26:00.047327+00:00,2.2584874
2025-08-18 14:26:14.052690+00:00,2.2584871
2025-08-18 14:26:25.476057+00:00,2.2584871
2025-08-18 14:26:38.282891+00:00,2.2584874
2025-08-18 14:26:50.728362+00:00,2.2584871
2025-08-18 14:27:03.558349+00:00,2.2584872
2025-08-18 14:27:16.901268+00:00,2.2584875
2025-08-18 14:27:29.417596+00:00,2.2584874
2025-08-18 14:27:42.038953+00:00,2.2584873
2025-08-18 14:27:55.432567+00:00,2.2584871
2025-08-18 14:28:08.148630+00:00,2.2584869
2025-08-18 14:28:20.606960+00:00,2.2584866
2025-08-18 14:28:33.781852+00:00,2.2584875
2025-08-18 14:28:45.945368+00:00,2.2584869
2025-08-18 14:28:58.574857+00:00,2.2584872
2025-08-18 14:29:11.632160+00:00,2.258487
2025-08-18 14:29:34.555030+00:00,2.258487
2025-08-18 14:29:39.113716+00:00,2.258487
2025-08-18 14:29:49.871485+00:00,2.2584869
2025-08-18 14:30:02.847925+00:00,2.258487
2025-08-18 14:30:19.459684+00:00,2.258487
2025-08-18 14:30:29.755258+00:00,2.2584876
2025-08-18 14:30:41.964903+00:00,2.258487
2025-08-18 14:30:54.820809+00:00,2.2584871
2025-08-18 14:31:08.493283+00:00,2.2584871
2025-08-18 14:31:21.029524+00:00,2.2584873
2025-08-18 14:31:35.561115+00:00,2.2584869
2025-08-18 14:31:47.360186+00:00,2.258487
2025-08-18 14:32:01.197697+00:00,2.2584869
2025-08-18 14:32:13.041452+00:00,2.258487
2025-08-18 14:32:26.907990+00:00,2.2584866
2025-08-18 14:32:40.952223+00:00,2.2584869
2025-08-18 14:32:51.899532+00:00,2.2584873
2025-08-18 14:33:04.932896+00:00,2.2584872
2025-08-18 14:33:30.706385+00:00,2.2584872
2025-08-18 14:33:44.251352+00:00,2.2584869
2025-08-18 14:33:56.658285+00:00,2.2584868
2025-08-18 14:34:10.241453+00:00,2.2584875
2025-08-18 14:34:22.074356+00:00,2.258487
2025-08-18 14:34:34.908679+00:00,2.2584867
2025-08-18 14:34:47.859110+00:00,2.2584875
2025-08-18 14:35:01.698461+00:00,2.2584875
2025-08-18 14:35:25.887529+00:00,2.2584874
2025-08-18 14:35:38.490972+00:00,2.2584864
2025-08-18 14:35:51.254309+00:00,2.2584874
2025-08-18 14:36:04.619876+00:00,2.2584869
2025-08-18 14:36:16.806564+00:00,2.2584875
2025-08-18 14:36:29.680231+00:00,2.2584868
2025-08-18 14:36:42.212979+00:00,2.2584868
2025-08-18 14:36:54.879803+00:00,2.2584866
2025-08-18 14:37:07.570764+00:00,2.2584868
2025-08-18 14:37:33.317385+00:00,2.2584865
2025-08-18 14:37:46.126108+00:00,2.2584872
2025-08-18 14:37:58.403678+00:00,2.2584872
2025-08-18 14:38:11.409431+00:00,2.2584872
2025-08-18 14:38:24.078844+00:00,2.2584876
2025-08-18 14:38:36.641301+00:00,2.2584872
2025-08-18 14:38:49.511441+00:00,2.2584869
2025-08-18 14:39:03.981649+00:00,2.2584871
2025-08-18 14:39:17.503837+00:00,2.2584871
2025-08-18 14:39:28.715043+00:00,2.2584875
2025-08-18 14:39:41.617929+00:00,2.2584869
2025-08-18 14:39:55.038359+00:00,2.2584865
2025-08-18 14:40:07.785426+00:00,2.2584872
2025-08-18 14:40:24.087800+00:00,2.2584871
2025-08-18 14:40:34.012867+00:00,2.2584872
2025-08-18 14:40:47.300819+00:00,2.2584869
2025-08-18 14:40:59.920118+00:00,2.2584868
2025-08-18 14:41:12.788970+00:00,2.2584874
2025-08-18 14:41:25.677313+00:00,2.2584871
2025-08-18 14:41:41.096058+00:00,2.2584871
2025-08-18 14:41:51.238123+00:00,2.2584869
2025-08-18 14:42:05.665085+00:00,2.2584869
2025-08-18 14:42:18.502094+00:00,2.258487
2025-08-18 14:42:29.957258+00:00,2.2584868
2025-08-18 14:42:42.569819+00:00,2.2584868
2025-08-18 14:43:08.169183+00:00,2.2584872
2025-08-18 14:43:21.937404+00:00,2.2584869
2025-08-18 14:43:33.947106+00:00,2.2584864
2025-08-18 14:43:47.430585+00:00,2.2584875
2025-08-18 14:43:58.866933+00:00,2.2584868
2025-08-18 14:44:12.206291+00:00,2.2584872
2025-08-18 14:44:24.452896+00:00,2.2584866
2025-08-18 14:44:37.954896+00:00,2.2584875
2025-08-18 14:44:50.087961+00:00,2.2584871
2025-08-18 14:45:03.296249+00:00,2.2584876
2025-08-18 14:45:16.987714+00:00,2.2584869
2025-08-18 14:45:29.305360+00:00,2.2584867
2025-08-18 14:45:40.907312+00:00,2.2584873
2025-08-18 14:46:06.804683+00:00,2.258487
2025-08-18 14:46:20.215648+00:00,2.258487
2025-08-18 14:46:33.825636+00:00,2.2584867
2025-08-18 14:46:44.677233+00:00,2.2584869
2025-08-18 14:46:57.667860+00:00,2.2584873
2025-08-18 14:47:11.274357+00:00,2.2584869
2025-08-18 14:47:23.436007+00:00,2.2584868
2025-08-18 14:47:39.367567+00:00,2.2584876
2025-08-18 14:47:49.527856+00:00,2.258487
2025-08-18 14:48:03.382372+00:00,2.2584869
2025-08-18 14:48:15.918548+00:00,2.2584864
2025-08-18 14:48:28.500943+00:00,2.2584867
2025-08-18 14:48:42.077778+00:00,2.2584869
2025-08-18 14:48:54.944193+00:00,2.2584872
2025-08-18 14:49:07.992146+00:00,2.2584871
2025-08-18 14:49:21.017486+00:00,2.2584875
2025-08-18 14:49:33.706847+00:00,2.2584871
2025-08-18 14:49:49.746417+00:00,2.2584873
2025-08-18 14:49:59.405216+00:00,2.2584864
2025-08-18 14:50:12.680991+00:00,2.2584872
2025-08-18 14:50:25.986105+00:00,2.2584875
2025-08-18 14:50:38.705784+00:00,2.2584871
2025-08-18 14:50:51.199341+00:00,2.2584867
2025-08-18 14:51:04.355146+00:00,2.2584868
2025-08-18 14:51:17.519837+00:00,2.2584872
2025-08-18 14:51:28.788253+00:00,2.2584865
2025-08-18 14:51:56.835939+00:00,2.2584863
2025-08-18 14:52:07.581142+00:00,2.2584868
2025-08-18 14:52:20.098267+00:00,2.2584865
2025-08-18 14:52:33.472338+00:00,2.2584874
2025-08-18 14:52:50.924524+00:00,2.2584873
2025-08-18 14:52:58.743774+00:00,2.2584869
2025-08-18 14:53:11.741595+00:00,2.2584865
2025-08-18 14:53:24.471710+00:00,2.2584868
2025-08-18 14:53:49.516019+00:00,2.2584872
2025-08-18 14:54:02.587229+00:00,2.2584872
2025-08-18 14:54:15.309419+00:00,2.2584867
2025-08-18 14:54:30.597195+00:00,2.2584871
2025-08-18 14:54:40.602338+00:00,2.2584872
2025-08-18 14:54:54.024159+00:00,2.2584874
2025-08-18 14:55:06.498761+00:00,2.2584872
2025-08-18 14:55:19.398388+00:00,2.2584872
2025-08-18 14:55:35.043469+00:00,2.2584868
2025-08-18 14:55:44.824800+00:00,2.258487
2025-08-18 14:55:58.690303+00:00,2.2584867
2025-08-18 14:56:11.200456+00:00,2.258487
2025-08-18 14:56:24.148377+00:00,2.2584867
2025-08-18 14:56:37.095487+00:00,2.2584868
2025-08-18 14:56:50.053824+00:00,2.2584867
2025-08-18 14:57:03.948178+00:00,2.2584863
2025-08-18 14:57:16.872297+00:00,2.2584867
2025-08-18 14:57:30.962441+00:00,2.2584868
2025-08-18 14:57:42.656674+00:00,2.2584864
2025-08-18 14:57:57.823433+00:00,2.2584874
2025-08-18 14:58:14.089693+00:00,2.2584873
2025-08-18 14:58:28.659097+00:00,2.2584871
2025-08-18 14:58:34.223234+00:00,2.2584867
2025-08-18 14:58:47.584740+00:00,2.2584866
2025-08-18 14:59:00.375062+00:00,2.2584866
2025-08-18 14:59:12.996913+00:00,2.2584866
2025-08-18 14:59:25.741053+00:00,2.2584878
2025-08-18 14:59:38.533519+00:00,2.2584874
2025-08-18 14:59:52.522886+00:00,2.2584866
2025-08-18 15:00:04.054917+00:00,2.2584872
2025-08-18 15:00:17.201360+00:00,2.2584866
2025-08-18 15:00:29.337762+00:00,2.2584867
2025-08-18 15:00:41.957060+00:00,2.2584869
2025-08-18 15:00:54.756333+00:00,2.2584874
2025-08-18 15:01:07.425209+00:00,2.2584871
2025-08-18 15:01:20.514108+00:00,2.2584865
2025-08-18 15:01:33.547211+00:00,2.2584868
2025-08-18 15:01:46.780350+00:00,2.2584874
2025-08-18 15:02:08.133550+00:00,2.2584867
2025-08-18 15:02:11.877949+00:00,2.2584873
2025-08-18 15:02:24.569687+00:00,2.2584868
2025-08-18 15:02:50.033744+00:00,2.2584872
2025-08-18 15:03:02.979337+00:00,2.2584873
2025-08-18 15:03:16.228035+00:00,2.2584872
2025-08-18 15:03:28.281474+00:00,2.2584873
2025-08-18 15:03:41.113822+00:00,2.2584866
2025-08-18 15:03:55.149476+00:00,2.258487
2025-08-18 15:04:06.894726+00:00,2.2584868
2025-08-18 15:04:20.189643+00:00,2.2584876
2025-08-18 15:04:32.767347+00:00,2.2584865
2025-08-18 15:04:46.948793+00:00,2.258487
2025-08-18 15:04:58.494031+00:00,2.2584866
2025-08-18 15:05:11.894686+00:00,2.2584874
2025-08-18 15:05:28.093321+00:00,2.2584875
2025-08-18 15:05:38.311221+00:00,2.258487
2025-08-18 15:05:51.173632+00:00,2.2584864
2025-08-18 15:06:04.906826+00:00,2.2584868
2025-08-18 15:06:17.441293+00:00,2.2584869
2025-08-18 15:06:30.557875+00:00,2.2584875
2025-08-18 15:06:43.488728+00:00,2.2584874
2025-08-18 15:07:04.247229+00:00,2.2584874
2025-08-18 15:07:10.032935+00:00,2.2584864
2025-08-18 15:07:22.645596+00:00,2.2584872
2025-08-18 15:07:35.123562+00:00,2.258487
2025-08-18 15:07:48.683881+00:00,2.258487
2025-08-18 15:08:00.879391+00:00,2.2584871
2025-08-18 15:08:26.063876+00:00,2.258487
2025-08-18 15:08:38.913634+00:00,2.2584871
2025-08-18 15:08:53.389157+00:00,2.2584867
2025-08-18 15:09:04.738093+00:00,2.2584867
2025-08-18 15:09:17.005032+00:00,2.2584875
2025-08-18 15:09:29.687037+00:00,2.258487
2025-08-18 15:09:42.568675+00:00,2.258487
2025-08-18 15:09:55.478294+00:00,2.2584871
2025-08-18 15:10:12.309756+00:00,2.2584869
2025-08-18 15:10:21.410258+00:00,2.2584872
2025-08-18 15:10:34.975846+00:00,2.2584875
2025-08-18 15:10:47.316898+00:00,2.2584865
2025-08-18 15:10:59.705487+00:00,2.2584871
2025-08-18 15:11:12.685176+00:00,2.2584871
2025-08-18 15:11:25.007582+00:00,2.2584873
2025-08-18 15:11:38.416964+00:00,2.2584871
2025-08-18 15:11:51.254774+00:00,2.2584869
2025-08-18 15:12:04.100140+00:00,2.2584867
2025-08-18 15:12:17.040371+00:00,2.2584874
2025-08-18 15:12:43.245996+00:00,2.2584872
2025-08-18 15:12:54.708264+00:00,2.2584873
2025-08-18 15:13:08.083447+00:00,2.2584868
2025-08-18 15:13:20.907074+00:00,2.2584872
2025-08-18 15:13:34.013528+00:00,2.2584873
2025-08-18 15:13:47.510153+00:00,2.2584874
2025-08-18 15:14:01.719747+00:00,2.2584872
2025-08-18 15:14:13.691590+00:00,2.2584871
2025-08-18 15:14:27.226003+00:00,2.2584868
2025-08-18 15:14:39.538816+00:00,2.2584872
2025-08-18 15:14:52.504873+00:00,2.2584874
2025-08-18 15:15:05.835730+00:00,2.2584872
2025-08-18 15:15:19.174208+00:00,2.2584875
2025-08-18 15:15:31.733350+00:00,2.2584869
2025-08-18 15:15:46.161326+00:00,2.258487
2025-08-18 15:15:57.627413+00:00,2.2584868
2025-08-18 15:16:10.659470+00:00,2.2584875
2025-08-18 15:16:23.615821+00:00,2.2584869
2025-08-18 15:16:36.026847+00:00,2.2584867
2025-08-18 15:16:49.051204+00:00,2.2584873
2025-08-18 15:17:01.660925+00:00,2.2584871
2025-08-18 15:17:14.306378+00:00,2.2584867
2025-08-18 15:17:26.901592+00:00,2.2584873
2025-08-18 15:17:39.799261+00:00,2.2584872
2025-08-18 15:17:52.519021+00:00,2.2584872
2025-08-18 15:18:05.257846+00:00,2.2584874
2025-08-18 15:18:18.199855+00:00,2.2584875
2025-08-18 15:18:31.640652+00:00,2.2584876
2025-08-18 15:18:44.057829+00:00,2.2584868
2025-08-18 15:18:57.627554+00:00,2.2584873
2025-08-18 15:19:10.064665+00:00,2.2584872
2025-08-18 15:19:23.043403+00:00,2.2584867
2025-08-18 15:19:35.206019+00:00,2.2584873
2025-08-18 15:19:47.967756+00:00,2.2584873
2025-08-18 15:20:01.200302+00:00,2.2584868
2025-08-18 15:20:14.781624+00:00,2.2584875
2025-08-18 15:20:34.594822+00:00,2.2584866
2025-08-18 15:20:39.156759+00:00,2.2584873
2025-08-18 15:20:52.268463+00:00,2.2584871
2025-08-18 15:21:05.086369+00:00,2.2584872
2025-08-18 15:21:17.569475+00:00,2.2584867
2025-08-18 15:21:43.705062+00:00,2.2584867
2025-08-18 15:21:56.495214+00:00,2.258487
2025-08-18 15:22:09.706068+00:00,2.2584872
2025-08-18 15:22:22.471503+00:00,2.2584868
2025-08-18 15:22:35.761446+00:00,2.2584877
2025-08-18 15:22:48.750989+00:00,2.2584875
2025-08-18 15:23:02.741318+00:00,2.258487
2025-08-18 15:23:15.441297+00:00,2.258487
2025-08-18 15:23:28.203295+00:00,2.2584865
2025-08-18 15:23:41.302921+00:00,2.2584871
2025-08-18 15:23:54.508648+00:00,2.2584867
2025-08-18 15:24:08.133334+00:00,2.2584873
2025-08-18 15:24:20.202136+00:00,2.2584869
2025-08-18 15:24:33.147624+00:00,2.2584872
2025-08-18 15:24:46.380018+00:00,2.258487
2025-08-18 15:24:59.100458+00:00,2.2584873
2025-08-18 15:25:12.750915+00:00,2.2584869
2025-08-18 15:25:25.476519+00:00,2.2584872
2025-08-18 15:25:37.954180+00:00,2.2584867
2025-08-18 15:25:50.577759+00:00,2.258487
2025-08-18 15:26:03.094003+00:00,2.2584869
2025-08-18 15:26:16.200250+00:00,2.2584874
2025-08-18 15:26:28.623821+00:00,2.2584866
2025-08-18 15:26:43.024035+00:00,2.2584869
2025-08-18 15:26:54.607728+00:00,2.2584867
2025-08-18 15:27:07.334634+00:00,2.2584874
2025-08-18 15:27:19.940023+00:00,2.2584873
2025-08-18 15:27:33.197562+00:00,2.258487
2025-08-18 15:27:45.973081+00:00,2.2584867
2025-08-18 15:27:58.813120+00:00,2.2584873
2025-08-18 15:28:11.486293+00:00,2.258487
2025-08-18 15:28:24.014756+00:00,2.2584876
2025-08-18 15:28:37.123059+00:00,2.2584866
2025-08-18 15:28:49.864297+00:00,2.2584873
2025-08-18 15:29:02.598658+00:00,2.2584875
2025-08-18 15:29:15.648142+00:00,2.2584868
2025-08-18 15:29:28.518016+00:00,2.2584871
2025-08-18 15:29:41.306474+00:00,2.2584872
2025-08-18 15:29:58.443114+00:00,2.258487
2025-08-18 15:30:07.663441+00:00,2.2584869
2025-08-18 15:30:20.539113+00:00,2.258487
2025-08-18 15:30:34.243788+00:00,2.2584874
2025-08-18 15:30:46.394515+00:00,2.2584873
2025-08-18 15:30:59.744931+00:00,2.2584866
2025-08-18 15:31:13.775280+00:00,2.2584869
2025-08-18 15:31:29.597813+00:00,2.2584864
2025-08-18 15:31:38.492029+00:00,2.2584871
2025-08-18 15:31:51.326844+00:00,2.2584871
2025-08-18 15:32:04.712136+00:00,2.2584869
2025-08-18 15:32:17.492544+00:00,2.2584873
2025-08-18 15:32:31.358558+00:00,2.2584869
2025-08-18 15:32:44.748123+00:00,2.2584876
2025-08-18 15:32:56.108636+00:00,2.2584865
2025-08-18 15:33:09.374037+00:00,2.2584869
2025-08-18 15:33:24.698343+00:00,2.2584875
2025-08-18 15:33:35.083101+00:00,2.2584871
2025-08-18 15:33:48.083424+00:00,2.2584872
2025-08-18 15:34:01.631791+00:00,2.258487
2025-08-18 15:34:13.548906+00:00,2.2584871
2025-08-18 15:34:25.785080+00:00,2.2584864
2025-08-18 15:34:38.607217+00:00,2.258487
2025-08-18 15:34:51.145443+00:00,2.2584872
2025-08-18 15:35:04.276299+00:00,2.2584872
2025-08-18 15:35:23.201019+00:00,2.2584859
2025-08-18 15:35:30.558962+00:00,2.2584867
2025-08-18 15:35:43.412435+00:00,2.2584874
2025-08-18 15:35:55.449597+00:00,2.2584867
2025-08-18 15:36:09.455380+00:00,2.2584863
2025-08-18 15:36:21.989245+00:00,2.2584873
2025-08-18 15:36:33.801049+00:00,2.2584873
2025-08-18 15:36:47.486194+00:00,2.2584866
2025-08-18 15:36:59.387483+00:00,2.2584874
2025-08-18 15:37:12.461278+00:00,2.2584871
2025-08-18 15:37:28.585819+00:00,2.2584876
2025-08-18 15:37:38.279535+00:00,2.2584874
2025-08-18 15:37:51.119417+00:00,2.258487
2025-08-18 15:38:03.835705+00:00,2.2584872
2025-08-18 15:38:18.292568+00:00,2.2584867
2025-08-18 15:38:29.499755+00:00,2.2584868
2025-08-18 15:38:43.480744+00:00,2.2584866
2025-08-18 15:38:55.987022+00:00,2.2584869
2025-08-18 15:39:09.708558+00:00,2.2584867
2025-08-18 15:39:21.882567+00:00,2.2584871
2025-08-18 15:39:35.123423+00:00,2.2584868
2025-08-18 15:39:48.207115+00:00,2.2584877
2025-08-18 15:40:02.246879+00:00,2.258487
2025-08-18 15:40:13.823646+00:00,2.2584867
2025-08-18 15:40:27.006206+00:00,2.258487
2025-08-18 15:40:39.462550+00:00,2.2584868
2025-08-18 15:40:52.458169+00:00,2.2584872
2025-08-18 15:41:05.780008+00:00,2.2584866
2025-08-18 15:41:18.663964+00:00,2.2584871
2025-08-18 15:41:31.370901+00:00,2.2584866
2025-08-18 15:41:44.663451+00:00,2.2584875
2025-08-18 15:41:57.470072+00:00,2.2584868
2025-08-18 15:42:10.430735+00:00,2.2584877
2025-08-18 15:42:22.921475+00:00,2.258487
2025-08-18 15:42:35.311745+00:00,2.2584874
2025-08-18 15:42:48.840689+00:00,2.2584873
2025-08-18 15:43:01.420284+00:00,2.2584867
2025-08-18 15:43:14.045713+00:00,2.2584871
2025-08-18 15:43:26.818887+00:00,2.2584875
2025-08-18 15:43:39.243405+00:00,2.2584871
2025-08-18 15:43:52.393645+00:00,2.2584866
2025-08-18 15:44:05.717220+00:00,2.2584868
2025-08-18 15:44:18.212954+00:00,2.2584874
2025-08-18 15:44:30.958751+00:00,2.2584866
2025-08-18 15:44:43.357736+00:00,2.2584874
2025-08-18 15:44:58.941852+00:00,2.258487
2025-08-18 15:45:12.307753+00:00,2.2584869
2025-08-18 15:45:22.255475+00:00,2.2584862
2025-08-18 15:45:34.689790+00:00,2.2584867
2025-08-18 15:45:47.621889+00:00,2.2584865
2025-08-18 15:46:00.374188+00:00,2.2584868
2025-08-18 15:46:12.737311+00:00,2.2584864
2025-08-18 15:46:27.972014+00:00,2.2584865
2025-08-18 15:46:40.895354+00:00,2.258487
2025-08-18 15:46:52.716200+00:00,2.2584871
2025-08-18 15:47:04.882791+00:00,2.2584869
2025-08-18 15:47:18.611258+00:00,2.2584868
2025-08-18 15:47:32.627274+00:00,2.2584872
2025-08-18 15:47:44.230676+00:00,2.2584872
2025-08-18 15:47:57.063751+00:00,2.2584866
2025-08-18 15:48:11.436774+00:00,2.258487
2025-08-18 15:48:23.273193+00:00,2.2584873
2025-08-18 15:48:36.381401+00:00,2.2584869
2025-08-18 15:48:49.327572+00:00,2.2584868
2025-08-18 15:49:02.688975+00:00,2.2584871
2025-08-18 15:49:14.864099+00:00,2.2584876
2025-08-18 15:49:28.513845+00:00,2.2584866
2025-08-18 15:49:40.358726+00:00,2.2584868
2025-08-18 15:49:53.509156+00:00,2.2584873
2025-08-18 15:50:06.774044+00:00,2.2584872
2025-08-18 15:50:19.700005+00:00,2.2584866
2025-08-18 15:50:32.034587+00:00,2.2584867
2025-08-18 15:50:50.066106+00:00,2.2584869
2025-08-18 15:50:56.999501+00:00,2.2584868
2025-08-18 15:51:12.479880+00:00,2.2584874
2025-08-18 15:51:22.489478+00:00,2.2584875
2025-08-18 15:51:35.547126+00:00,2.258487
2025-08-18 15:51:48.440420+00:00,2.2584867
2025-08-18 15:52:00.853275+00:00,2.258487
2025-08-18 15:52:14.816136+00:00,2.2584868
2025-08-18 15:52:26.982057+00:00,2.2584871
2025-08-18 15:52:39.652997+00:00,2.2584869
2025-08-18 15:52:52.594148+00:00,2.2584875
2025-08-18 15:53:07.087578+00:00,2.2584868
2025-08-18 15:53:18.582289+00:00,2.2584872
2025-08-18 15:53:31.235100+00:00,2.2584874
2025-08-18 15:53:44.018772+00:00,2.2584874
2025-08-18 15:53:56.215891+00:00,2.2584871
2025-08-18 15:54:09.614764+00:00,2.2584872
2025-08-18 15:54:35.345204+00:00,2.2584865
2025-08-18 15:54:47.849770+00:00,2.2584874
2025-08-18 15:55:00.566469+00:00,2.2584864
2025-08-18 15:55:14.898768+00:00,2.2584876
2025-08-18 15:55:26.447935+00:00,2.2584869
2025-08-18 15:55:39.210662+00:00,2.2584875
2025-08-18 15:55:52.485527+00:00,2.2584869
2025-08-18 15:56:07.187726+00:00,2.2584869
2025-08-18 15:56:20.334129+00:00,2.2584871
2025-08-18 15:56:34.927306+00:00,2.2584871
2025-08-18 15:56:45.680727+00:00,2.2584867
2025-08-18 15:56:58.115737+00:00,2.2584871
2025-08-18 15:57:11.471669+00:00,2.2584872
2025-08-18 15:57:26.741106+00:00,2.2584873
2025-08-18 15:57:37.109818+00:00,2.2584872
2025-08-18 15:57:49.864796+00:00,2.2584869
2025-08-18 15:58:03.068567+00:00,2.2584871
2025-08-18 15:58:16.600938+00:00,2.2584872
2025-08-18 15:58:29.774719+00:00,2.2584869
2025-08-18 15:58:41.337568+00:00,2.2584866
2025-08-18 15:58:54.481283+00:00,2.2584865
2025-08-18 15:59:07.722519+00:00,2.2584875
2025-08-18 15:59:20.089655+00:00,2.2584866
2025-08-18 15:59:32.901785+00:00,2.2584864
2025-08-18 15:59:45.742250+00:00,2.2584872
2025-08-18 15:59:58.711742+00:00,2.2584875
2025-08-18 16:00:11.645723+00:00,2.2584868
2025-08-18 16:00:24.351264+00:00,2.2584875
2025-08-18 16:00:37.539849+00:00,2.2584873
2025-08-18 16:00:49.786469+00:00,2.2584874
2025-08-18 16:01:03.092162+00:00,2.2584875
2025-08-18 16:01:15.772307+00:00,2.258487
2025-08-18 16:01:28.225062+00:00,2.2584875
2025-08-18 16:01:41.246166+00:00,2.2584873
2025-08-18 16:01:53.905146+00:00,2.2584867
2025-08-18 16:02:07.833457+00:00,2.2584871
2025-08-18 16:02:19.384556+00:00,2.2584874
2025-08-18 16:02:32.210022+00:00,2.2584872
2025-08-18 16:02:48.361800+00:00,2.2584876
2025-08-18 16:02:57.687075+00:00,2.2584874
2025-08-18 16:03:10.324666+00:00,2.2584876
2025-08-18 16:03:23.089484+00:00,2.2584877
2025-08-18 16:03:41.118180+00:00,2.2584872
2025-08-18 16:03:49.564040+00:00,2.2584866
2025-08-18 16:04:02.684025+00:00,2.2584866
2025-08-18 16:04:15.710871+00:00,2.2584873
2025-08-18 16:04:28.410726+00:00,2.2584876
2025-08-18 16:04:42.218329+00:00,2.2584871
2025-08-18 16:04:55.039586+00:00,2.2584867
2025-08-18 16:05:08.177597+00:00,2.2584876
2025-08-18 16:05:21.056454+00:00,2.2584867
2025-08-18 16:05:34.082297+00:00,2.2584867
2025-08-18 16:05:46.931405+00:00,2.2584872
2025-08-18 16:06:02.016278+00:00,2.2584872
2025-08-18 16:06:14.722743+00:00,2.2584873
2025-08-18 16:06:25.193845+00:00,2.2584869
2025-08-18 16:06:38.003750+00:00,2.2584875
2025-08-18 16:06:51.113227+00:00,2.2584865
2025-08-18 16:07:08.748649+00:00,2.2584876
2025-08-18 16:07:17.072202+00:00,2.2584869
2025-08-18 16:07:29.018789+00:00,2.2584867
2025-08-18 16:07:42.936526+00:00,2.2584863
2025-08-18 16:07:55.398712+00:00,2.2584865
2025-08-18 16:08:08.220361+00:00,2.2584877
2025-08-18 16:08:27.177326+00:00,2.2584868
2025-08-18 16:08:33.418776+00:00,2.2584872
2025-08-18 16:08:46.736647+00:00,2.2584867
2025-08-18 16:09:00.299566+00:00,2.2584875
2025-08-18 16:09:12.274877+00:00,2.2584869
2025-08-18 16:09:25.076177+00:00,2.2584865
2025-08-18 16:09:37.789862+00:00,2.2584872
2025-08-18 16:09:50.345671+00:00,2.2584876
2025-08-18 16:10:03.749935+00:00,2.2584867
2025-08-18 16:10:16.642200+00:00,2.2584873
2025-08-18 16:10:29.609907+00:00,2.2584864
2025-08-18 16:10:42.145183+00:00,2.2584866
2025-08-18 16:10:54.793329+00:00,2.2584868
2025-08-18 16:11:09.006374+00:00,2.2584867
2025-08-18 16:11:20.688822+00:00,2.2584872
2025-08-18 16:11:33.527172+00:00,2.2584868
2025-08-18 16:11:47.056266+00:00,2.2584869
2025-08-18 16:12:05.062868+00:00,2.2584872
2025-08-18 16:12:13.605508+00:00,2.2584869
2025-08-18 16:12:26.156775+00:00,2.2584871
2025-08-18 16:12:39.363639+00:00,2.2584871
2025-08-18 16:12:52.307803+00:00,2.2584869
2025-08-18 16:13:06.558101+00:00,2.2584867
2025-08-18 16:13:18.638185+00:00,2.2584875
2025-08-18 16:13:31.691244+00:00,2.2584866
2025-08-18 16:13:44.903027+00:00,2.2584874
2025-08-18 16:13:57.446891+00:00,2.2584872
2025-08-18 16:14:10.826503+00:00,2.2584876
2025-08-18 16:14:23.078791+00:00,2.2584875
2025-08-18 16:14:35.946981+00:00,2.2584874
2025-08-18 16:14:49.196459+00:00,2.2584873
2025-08-18 16:15:13.684220+00:00,2.2584868
2025-08-18 16:15:27.459788+00:00,2.2584874
2025-08-18 16:15:40.138431+00:00,2.2584872
2025-08-18 16:15:52.370418+00:00,2.2584874
2025-08-18 16:16:06.584387+00:00,2.2584874
2025-08-18 16:16:20.458640+00:00,2.258487
2025-08-18 16:16:32.050517+00:00,2.2584868
2025-08-18 16:16:43.565654+00:00,2.2584871
2025-08-18 16:16:56.441979+00:00,2.2584866
2025-08-18 16:17:10.880482+00:00,2.2584871
2025-08-18 16:17:22.225891+00:00,2.2584866
2025-08-18 16:17:36.906330+00:00,2.2584871
2025-08-18 16:17:47.704817+00:00,2.2584871
2025-08-18 16:18:00.880481+00:00,2.2584868
2025-08-18 16:18:19.973736+00:00,2.2584869
2025-08-18 16:18:25.677507+00:00,2.2584874
2025-08-18 16:18:38.662194+00:00,2.2584873
2025-08-18 16:18:50.993476+00:00,2.2584871
2025-08-18 16:19:04.505810+00:00,2.2584869
2025-08-18 16:19:17.766348+00:00,2.2584875
2025-08-18 16:19:29.805566+00:00,2.2584872
2025-08-18 16:19:43.674699+00:00,2.2584872
2025-08-18 16:19:56.692150+00:00,2.258487
2025-08-18 16:20:09.432114+00:00,2.2584873
2025-08-18 16:20:23.701954+00:00,2.2584873
2025-08-18 16:20:35.918440+00:00,2.2584874
2025-08-18 16:20:48.694022+00:00,2.2584866
2025-08-18 16:21:03.309672+00:00,2.2584876
2025-08-18 16:21:14.678132+00:00,2.2584876
2025-08-18 16:21:27.708832+00:00,2.2584866
2025-08-18 16:21:42.492789+00:00,2.2584872
2025-08-18 16:21:53.392686+00:00,2.258487
2025-08-18 16:22:07.398535+00:00,2.2584866
2025-08-18 16:22:19.882958+00:00,2.2584869
2025-08-18 16:22:32.655247+00:00,2.2584871
2025-08-18 16:22:45.142707+00:00,2.2584876
2025-08-18 16:22:58.342046+00:00,2.2584877
2025-08-18 16:23:11.724694+00:00,2.2584868
2025-08-18 16:23:23.199219+00:00,2.2584873
2025-08-18 16:23:36.156011+00:00,2.2584869
2025-08-18 16:23:49.142131+00:00,2.2584875
2025-08-18 16:24:04.651666+00:00,2.2584871
2025-08-18 16:24:16.646929+00:00,2.2584876
2025-08-18 16:24:27.995956+00:00,2.2584869
2025-08-18 16:24:40.664438+00:00,2.2584874
2025-08-18 16:24:53.191815+00:00,2.2584875
2025-08-18 16:25:06.383491+00:00,2.2584872
2025-08-18 16:25:19.005995+00:00,2.2584869
2025-08-18 16:25:33.338156+00:00,2.2584866
2025-08-18 16:25:44.512917+00:00,2.2584865
2025-08-18 16:25:59.377434+00:00,2.2584871
2025-08-18 16:26:10.665661+00:00,2.2584872
2025-08-18 16:26:22.997974+00:00,2.2584869
2025-08-18 16:26:35.933420+00:00,2.2584871
2025-08-18 16:26:48.477581+00:00,2.2584874
2025-08-18 16:27:01.166053+00:00,2.2584871
2025-08-18 16:27:14.017853+00:00,2.2584868
2025-08-18 16:27:27.085282+00:00,2.2584874
2025-08-18 16:27:39.942842+00:00,2.2584873
2025-08-18 16:27:54.193969+00:00,2.2584868
2025-08-18 16:28:06.374678+00:00,2.2584873
2025-08-18 16:28:19.073158+00:00,2.2584871
2025-08-18 16:28:33.799482+00:00,2.2584877
2025-08-18 16:28:45.381206+00:00,2.2584873
2025-08-18 16:28:58.656764+00:00,2.2584865
2025-08-18 16:29:24.146294+00:00,2.2584872
2025-08-18 16:29:37.890703+00:00,2.2584873
2025-08-18 16:29:50.318776+00:00,2.2584871
2025-08-18 16:30:03.515851+00:00,2.2584872
2025-08-18 16:30:16.366654+00:00,2.2584871
2025-08-18 16:30:29.968753+00:00,2.2584872
2025-08-18 16:30:43.969522+00:00,2.2584874
2025-08-18 16:30:55.013344+00:00,2.2584867
2025-08-18 16:31:07.958740+00:00,2.2584863
2025-08-18 16:31:20.587911+00:00,2.2584865
2025-08-18 16:31:34.020803+00:00,2.2584871
2025-08-18 16:31:47.538537+00:00,2.2584866
2025-08-18 16:31:59.548082+00:00,2.258487
2025-08-18 16:32:11.604565+00:00,2.2584874
2025-08-18 16:32:24.721175+00:00,2.2584871
2025-08-18 16:32:37.370547+00:00,2.2584866
2025-08-18 16:32:50.810410+00:00,2.2584873
2025-08-18 16:33:06.200883+00:00,2.2584867
2025-08-18 16:33:15.652217+00:00,2.2584872
2025-08-18 16:33:28.228134+00:00,2.2584874
2025-08-18 16:33:41.601298+00:00,2.2584866
2025-08-18 16:33:56.442419+00:00,2.2584869
2025-08-18 16:34:07.283862+00:00,2.2584869
2025-08-18 16:34:19.845508+00:00,2.2584865
2025-08-18 16:34:34.249251+00:00,2.2584869
2025-08-18 16:34:45.770171+00:00,2.2584867
2025-08-18 16:34:58.323132+00:00,2.258487
2025-08-18 16:35:11.305057+00:00,2.2584866
2025-08-18 16:35:24.387779+00:00,2.2584874
2025-08-18 16:35:36.383011+00:00,2.2584875
2025-08-18 16:35:50.155030+00:00,2.2584875
2025-08-18 16:36:03.377634+00:00,2.2584872
2025-08-18 16:36:15.808743+00:00,2.2584873
2025-08-18 16:36:28.698360+00:00,2.2584868
2025-08-18 16:36:41.721952+00:00,2.2584872
2025-08-18 16:36:54.591758+00:00,2.2584873
2025-08-18 16:37:08.383911+00:00,2.2584869
2025-08-18 16:37:21.021710+00:00,2.2584869
2025-08-18 16:37:34.071306+00:00,2.258487
2025-08-18 16:37:48.091075+00:00,2.258487
2025-08-18 16:38:00.739960+00:00,2.2584868
2025-08-18 16:38:13.823581+00:00,2.258487
2025-08-18 16:38:27.612020+00:00,2.258487
2025-08-18 16:38:39.544549+00:00,2.2584872
2025-08-18 16:38:52.323936+00:00,2.2584872
2025-08-18 16:39:05.996312+00:00,2.2584869
2025-08-18 16:39:23.553297+00:00,2.2584869
2025-08-18 16:39:31.169398+00:00,2.2584874
2025-08-18 16:39:47.015416+00:00,2.2584867
2025-08-18 16:39:56.374003+00:00,2.2584872
2025-08-18 16:40:09.617438+00:00,2.2584867
2025-08-18 16:40:22.683503+00:00,2.2584876
2025-08-18 16:40:34.988259+00:00,2.2584866
2025-08-18 16:40:48.202849+00:00,2.2584875
2025-08-18 16:41:00.993050+00:00,2.2584873
2025-08-18 16:41:13.986084+00:00,2.2584874
2025-08-18 16:41:26.995632+00:00,2.2584867
2025-08-18 16:41:40.290541+00:00,2.258487
2025-08-18 16:41:52.947937+00:00,2.2584865
2025-08-18 16:42:07.318150+00:00,2.2584867
2025-08-18 16:42:19.459377+00:00,2.2584874
2025-08-18 16:42:31.940258+00:00,2.2584869
2025-08-18 16:42:44.499513+00:00,2.2584867
2025-08-18 16:42:57.282575+00:00,2.2584875
2025-08-18 16:43:10.559516+00:00,2.2584874
2025-08-18 16:43:22.846271+00:00,2.2584866
2025-08-18 16:43:36.273018+00:00,2.2584873
2025-08-18 16:43:49.205102+00:00,2.2584866
2025-08-18 16:44:02.907597+00:00,2.2584871
2025-08-18 16:44:16.161374+00:00,2.2584869
2025-08-18 16:44:28.311958+00:00,2.2584871
2025-08-18 16:44:42.380679+00:00,2.2584867
2025-08-18 16:44:55.730018+00:00,2.2584867
2025-08-18 16:45:08.328803+00:00,2.2584872
2025-08-18 16:45:23.038757+00:00,2.2584872
2025-08-18 16:45:34.608714+00:00,2.2584869
2025-08-18 16:45:48.656407+00:00,2.258487
2025-08-18 16:46:00.512140+00:00,2.2584871
2025-08-18 16:46:13.353215+00:00,2.2584871
2025-08-18 16:46:26.449305+00:00,2.2584867
2025-08-18 16:46:39.091516+00:00,2.2584869
2025-08-18 16:46:52.357419+00:00,2.2584869
2025-08-18 16:47:05.543784+00:00,2.2584869
2025-08-18 16:47:22.807413+00:00,2.2584874
2025-08-18 16:47:30.900755+00:00,2.2584877
2025-08-18 16:47:43.368778+00:00,2.2584875
2025-08-18 16:47:56.032362+00:00,2.2584864
2025-08-18 16:48:10.414039+00:00,2.2584867
2025-08-18 16:48:21.786639+00:00,2.2584868
2025-08-18 16:48:34.999473+00:00,2.2584871
2025-08-18 16:48:48.653018+00:00,2.2584866
2025-08-18 16:49:00.398400+00:00,2.2584874
2025-08-18 16:49:12.956238+00:00,2.2584873
2025-08-18 16:49:26.563092+00:00,2.2584875
2025-08-18 16:49:38.736842+00:00,2.2584872
2025-08-18 16:49:51.632284+00:00,2.2584874
2025-08-18 16:50:04.563816+00:00,2.2584875
2025-08-18 16:50:17.396994+00:00,2.2584864
2025-08-18 16:50:34.945661+00:00,2.2584868
2025-08-18 16:50:42.745160+00:00,2.2584868
2025-08-18 16:50:55.570484+00:00,2.2584867
2025-08-18 16:51:10.770707+00:00,2.2584867
2025-08-18 16:51:21.141777+00:00,2.2584875
2025-08-18 16:51:34.712102+00:00,2.2584872
2025-08-18 16:51:47.379760+00:00,2.2584876
2025-08-18 16:52:00.228070+00:00,2.2584869
2025-08-18 16:52:13.135211+00:00,2.2584872
2025-08-18 16:52:26.269712+00:00,2.2584869
2025-08-18 16:52:39.155057+00:00,2.258487
2025-08-18 16:52:52.622874+00:00,2.2584865
2025-08-18 16:53:05.883856+00:00,2.2584873
2025-08-18 16:53:18.819944+00:00,2.2584872
2025-08-18 16:53:32.513045+00:00,2.2584865
2025-08-18 16:53:44.927406+00:00,2.2584865
2025-08-18 16:53:58.117402+00:00,2.2584871
2025-08-18 16:54:11.845077+00:00,2.2584874
2025-08-18 16:54:23.983641+00:00,2.2584864
2025-08-18 16:54:48.509250+00:00,2.2584872
2025-08-18 16:54:53.765573+00:00,2.2584869
2025-08-18 16:55:03.249968+00:00,2.2584875
2025-08-18 16:55:15.632909+00:00,2.2584873
2025-08-18 16:55:28.823963+00:00,2.2584871
2025-08-18 16:55:41.601394+00:00,2.258487
2025-08-18 16:55:54.187490+00:00,2.2584871
2025-08-18 16:56:11.480857+00:00,2.2584858
2025-08-18 16:56:20.029782+00:00,2.2584872
2025-08-18 16:56:33.177580+00:00,2.2584874
2025-08-18 16:56:46.795219+00:00,2.2584872
2025-08-18 16:56:59.058229+00:00,2.2584867
2025-08-18 16:57:11.872185+00:00,2.2584873
2025-08-18 16:57:25.749437+00:00,2.2584867
2025-08-18 16:57:37.953991+00:00,2.2584873
2025-08-18 16:57:51.996356+00:00,2.2584868
2025-08-18 16:58:03.707539+00:00,2.2584875
2025-08-18 16:58:16.240381+00:00,2.2584874
2025-08-18 16:58:28.804480+00:00,2.2584866
2025-08-18 16:58:41.660969+00:00,2.2584869
2025-08-18 16:58:55.688410+00:00,2.2584867
2025-08-18 16:59:07.803413+00:00,2.2584869
2025-08-18 16:59:20.385538+00:00,2.2584869
2025-08-18 16:59:35.119838+00:00,2.2584871
2025-08-18 16:59:46.632607+00:00,2.2584871
2025-08-18 16:59:58.694205+00:00,2.258487
2025-08-18 17:00:12.134279+00:00,2.2584869
2025-08-18 17:00:26.032146+00:00,2.2584868
2025-08-18 17:00:37.844932+00:00,2.2584875
2025-08-18 17:00:51.443550+00:00,2.2584865
2025-08-18 17:01:04.335285+00:00,2.2584867
2025-08-18 17:01:17.691425+00:00,2.2584871
2025-08-18 17:01:33.486686+00:00,2.2584876
2025-08-18 17:01:43.458272+00:00,2.2584869
2025-08-18 17:01:56.843909+00:00,2.2584866
2025-08-18 17:02:09.678536+00:00,2.2584874
2025-08-18 17:02:22.641621+00:00,2.2584868
2025-08-18 17:02:35.525510+00:00,2.2584868
2025-08-18 17:02:48.593873+00:00,2.2584865
2025-08-18 17:03:03.701582+00:00,2.2584874
2025-08-18 17:03:14.466236+00:00,2.2584866
2025-08-18 17:03:27.608284+00:00,2.2584873
2025-08-18 17:03:40.489253+00:00,2.2584864
2025-08-18 17:03:53.271134+00:00,2.2584874
2025-08-18 17:04:06.833965+00:00,2.2584867
2025-08-18 17:04:18.938807+00:00,2.258487
2025-08-18 17:04:31.796144+00:00,2.2584869
2025-08-18 17:04:44.347074+00:00,2.2584871
2025-08-18 17:04:56.863409+00:00,2.2584872
2025-08-18 17:05:10.966089+00:00,2.2584872
2025-08-18 17:05:24.916673+00:00,2.2584875
2025-08-18 17:05:36.015774+00:00,2.2584867
2025-08-18 17:05:48.786133+00:00,2.2584868
2025-08-18 17:06:03.123135+00:00,2.2584875
2025-08-18 17:06:14.473136+00:00,2.2584869
2025-08-18 17:06:27.512824+00:00,2.2584875
2025-08-18 17:06:39.889349+00:00,2.258487
2025-08-18 17:06:53.252086+00:00,2.2584866
2025-08-18 17:07:06.947024+00:00,2.2584866
2025-08-18 17:07:18.800349+00:00,2.2584874
2025-08-18 17:07:32.154756+00:00,2.2584865
2025-08-18 17:07:44.318567+00:00,2.2584868
2025-08-18 17:07:56.857787+00:00,2.2584873
2025-08-18 17:08:10.497195+00:00,2.258487
2025-08-18 17:08:22.988200+00:00,2.2584871
2025-08-18 17:08:36.255270+00:00,2.2584874
2025-08-18 17:08:49.391470+00:00,2.2584869
2025-08-18 17:09:16.569228+00:00,2.2584868
2025-08-18 17:09:28.698108+00:00,2.2584869
2025-08-18 17:09:41.876648+00:00,2.2584877
2025-08-18 17:09:54.881792+00:00,2.2584873
2025-08-18 17:10:08.531498+00:00,2.2584868
2025-08-18 17:10:21.922930+00:00,2.2584867
2025-08-18 17:10:34.999149+00:00,2.2584872
2025-08-18 17:10:47.849168+00:00,2.2584864
2025-08-18 17:11:00.562627+00:00,2.2584871
2025-08-18 17:11:13.300965+00:00,2.2584866
2025-08-18 17:11:26.012593+00:00,2.2584868
2025-08-18 17:11:38.812781+00:00,2.2584876
2025-08-18 17:11:53.112532+00:00,2.258487
2025-08-18 17:12:05.546940+00:00,2.2584874
2025-08-18 17:12:18.277297+00:00,2.2584876
2025-08-18 17:12:30.804580+00:00,2.2584869
2025-08-18 17:12:44.444932+00:00,2.2584876
2025-08-18 17:12:55.832033+00:00,2.2584874
2025-08-18 17:13:09.593022+00:00,2.2584875
2025-08-18 17:13:22.129449+00:00,2.2584869
2025-08-18 17:13:34.522025+00:00,2.2584873
2025-08-18 17:13:48.428909+00:00,2.2584874
2025-08-18 17:14:00.602153+00:00,2.2584874
2025-08-18 17:14:13.660966+00:00,2.2584868
2025-08-18 17:14:26.920794+00:00,2.2584878
2025-08-18 17:14:39.575324+00:00,2.2584877
2025-08-18 17:15:08.750917+00:00,2.258487
2025-08-18 17:15:20.839302+00:00,2.258487
2025-08-18 17:15:33.625123+00:00,2.2584871
2025-08-18 17:15:42.724976+00:00,2.258487
2025-08-18 17:16:01.612318+00:00,2.2584873
2025-08-18 17:16:08.853367+00:00,2.2584873
2025-08-18 17:16:21.906504+00:00,2.2584865
2025-08-18 17:16:35.445497+00:00,2.2584873
2025-08-18 17:16:48.043381+00:00,2.2584872
2025-08-18 17:17:00.898981+00:00,2.2584871
2025-08-18 17:17:14.272148+00:00,2.2584874
2025-08-18 17:17:26.969689+00:00,2.2584869
2025-08-18 17:17:40.454276+00:00,2.2584872
2025-08-18 17:17:53.534193+00:00,2.2584878
2025-08-18 17:18:07.658684+00:00,2.2584869
2025-08-18 17:18:20.378969+00:00,2.2584864
2025-08-18 17:18:32.896293+00:00,2.2584873
2025-08-18 17:18:46.206634+00:00,2.2584873
2025-08-18 17:18:58.795097+00:00,2.2584872
2025-08-18 17:19:11.095901+00:00,2.2584871
2025-08-18 17:19:24.221956+00:00,2.2584874
2025-08-18 17:19:42.122278+00:00,2.2584869
2025-08-18 17:19:49.895036+00:00,2.258487
2025-08-18 17:20:03.504023+00:00,2.2584865
2025-08-18 17:20:16.045272+00:00,2.2584866
2025-08-18 17:20:30.683776+00:00,2.2584869
2025-08-18 17:20:43.720276+00:00,2.2584868
2025-08-18 17:20:56.101115+00:00,2.2584872
2025-08-18 17:21:06.875363+00:00,2.2584871
2025-08-18 17:21:19.441020+00:00,2.2584873
2025-08-18 17:21:33.049421+00:00,2.2584872
2025-08-18 17:21:46.415487+00:00,2.258487
2025-08-18 17:21:58.616334+00:00,2.2584875
2025-08-18 17:22:17.533727+00:00,2.258487
2025-08-18 17:22:24.183705+00:00,2.2584874
2025-08-18 17:22:38.746887+00:00,2.2584875
2025-08-18 17:22:50.006365+00:00,2.2584874
2025-08-18 17:23:05.338320+00:00,2.2584868
2025-08-18 17:23:15.025293+00:00,2.2584875
2025-08-18 17:23:27.505971+00:00,2.2584872
2025-08-18 17:23:40.175101+00:00,2.2584871
2025-08-18 17:24:06.767352+00:00,2.2584871
2025-08-18 17:24:18.785048+00:00,2.2584872
2025-08-18 17:24:32.028350+00:00,2.2584871
2025-08-18 17:24:45.486875+00:00,2.258487
2025-08-18 17:24:57.963441+00:00,2.2584869
2025-08-18 17:25:14.786662+00:00,2.2584866
2025-08-18 17:25:25.688992+00:00,2.2584874
2025-08-18 17:25:39.672011+00:00,2.2584866
2025-08-18 17:25:50.394118+00:00,2.2584866
2025-08-18 17:26:03.644243+00:00,2.2584877
2025-08-18 17:26:17.451665+00:00,2.2584878
2025-08-18 17:26:29.658926+00:00,2.2584868
2025-08-18 17:26:43.026746+00:00,2.2584873
2025-08-18 17:26:56.326024+00:00,2.2584878
2025-08-18 17:27:08.591510+00:00,2.2584872
2025-08-18 17:27:21.252118+00:00,2.2584875
2025-08-18 17:27:34.234882+00:00,2.2584866
2025-08-18 17:27:47.390466+00:00,2.2584875
2025-08-18 17:28:00.300460+00:00,2.2584868
2025-08-18 17:28:13.347790+00:00,2.2584872
2025-08-18 17:28:27.508160+00:00,2.2584868
2025-08-18 17:28:39.433678+00:00,2.2584872
2025-08-18 17:28:51.535030+00:00,2.258487
2025-08-18 17:29:04.622651+00:00,2.2584868
2025-08-18 17:29:17.653728+00:00,2.2584871
2025-08-18 17:29:31.064379+00:00,2.2584869
2025-08-18 17:29:43.081388+00:00,2.2584866
2025-08-18 17:29:55.862946+00:00,2.2584871
2025-08-18 17:30:09.055437+00:00,2.2584869
2025-08-18 17:30:22.153858+00:00,2.2584868
2025-08-18 17:30:34.853768+00:00,2.2584874
2025-08-18 17:30:47.388918+00:00,2.2584868
2025-08-18 17:31:00.394285+00:00,2.2584866
2025-08-18 17:31:13.351397+00:00,2.2584871
2025-08-18 17:31:26.396285+00:00,2.2584873
2025-08-18 17:31:40.796455+00:00,2.2584876
2025-08-18 17:31:53.383707+00:00,2.2584872
2025-08-18 17:32:05.971759+00:00,2.2584875
2025-08-18 17:32:17.717479+00:00,2.2584875
2025-08-18 17:32:30.908316+00:00,2.2584866
2025-08-18 17:32:43.662187+00:00,2.258487
2025-08-18 17:32:56.766677+00:00,2.2584867
2025-08-18 17:33:10.485858+00:00,2.2584872
2025-08-18 17:33:23.377992+00:00,2.2584868
2025-08-18 17:33:36.652221+00:00,2.2584867
2025-08-18 17:33:50.747796+00:00,2.2584866
2025-08-18 17:34:02.625260+00:00,2.2584871
2025-08-18 17:34:15.488495+00:00,2.2584872
2025-08-18 17:34:28.401749+00:00,2.2584869
2025-08-18 17:34:41.298644+00:00,2.2584869
2025-08-18 17:34:54.399946+00:00,2.2584867
2025-08-18 17:35:10.383091+00:00,2.2584867
2025-08-18 17:35:36.711991+00:00,2.2584871
2025-08-18 17:35:48.052073+00:00,2.2584865
2025-08-18 17:35:58.675763+00:00,2.258487
2025-08-18 17:36:11.424657+00:00,2.2584877
2025-08-18 17:36:25.596337+00:00,2.2584872
2025-08-18 17:36:36.855190+00:00,2.2584875
2025-08-18 17:36:49.551870+00:00,2.2584878
2025-08-18 17:37:02.469030+00:00,2.2584865
2025-08-18 17:37:15.446312+00:00,2.2584874
2025-08-18 17:37:27.972165+00:00,2.2584871
2025-08-18 17:37:42.059524+00:00,2.2584862
2025-08-18 17:37:54.015255+00:00,2.2584868
2025-08-18 17:38:19.559779+00:00,2.2584868
2025-08-18 17:38:33.430262+00:00,2.2584875
2025-08-18 17:38:45.362121+00:00,2.2584871
2025-08-18 17:38:58.358119+00:00,2.2584868
2025-08-18 17:39:13.979436+00:00,2.258487
2025-08-18 17:39:27.733462+00:00,2.2584872
2025-08-18 17:39:36.894893+00:00,2.258487
2025-08-18 17:39:49.526574+00:00,2.2584867
2025-08-18 17:40:05.337104+00:00,2.258487
2025-08-18 17:40:16.498155+00:00,2.2584872
2025-08-18 17:40:29.255006+00:00,2.2584875
2025-08-18 17:40:41.779181+00:00,2.2584869
2025-08-18 17:40:56.604950+00:00,2.2584867
2025-08-18 17:41:08.285909+00:00,2.258487
2025-08-18 17:41:20.975745+00:00,2.2584869
2025-08-18 17:41:34.421095+00:00,2.2584873
2025-08-18 17:41:48.328637+00:00,2.2584867
2025-08-18 17:42:00.499907+00:00,2.2584868
2025-08-18 17:42:13.279843+00:00,2.2584874
2025-08-18 17:42:26.894420+00:00,2.2584867
2025-08-18 17:42:39.219759+00:00,2.2584873
2025-08-18 17:42:56.663343+00:00,2.2584869
2025-08-18 17:43:06.199591+00:00,2.2584866
2025-08-18 17:43:19.181394+00:00,2.2584871
2025-08-18 17:43:32.200378+00:00,2.2584875
2025-08-18 17:43:44.255739+00:00,2.258487
2025-08-18 17:43:57.005268+00:00,2.2584871
2025-08-18 17:44:11.796736+00:00,2.2584875
2025-08-18 17:44:22.338757+00:00,2.2584874
2025-08-18 17:44:34.904794+00:00,2.2584872
2025-08-18 17:44:49.099157+00:00,2.2584873
2025-08-18 17:45:02.381253+00:00,2.2584872
2025-08-18 17:45:14.025536+00:00,2.2584872
2025-08-18 17:45:26.246778+00:00,2.2584872
2025-08-18 17:45:39.948029+00:00,2.258487
2025-08-18 17:45:52.463871+00:00,2.2584872
2025-08-18 17:46:05.071118+00:00,2.2584867
2025-08-18 17:46:19.556690+00:00,2.2584874
2025-08-18 17:46:30.537393+00:00,2.2584863
2025-08-18 17:46:44.604510+00:00,2.2584865
2025-08-18 17:46:56.842503+00:00,2.2584873
2025-08-18 17:47:09.719840+00:00,2.2584875
2025-08-18 17:47:24.043550+00:00,2.2584872
2025-08-18 17:47:34.766822+00:00,2.2584871
2025-08-18 17:47:50.082433+00:00,2.2584874
2025-08-18 17:48:00.700357+00:00,2.2584872
2025-08-18 17:48:13.391326+00:00,2.2584869
2025-08-18 17:48:31.011489+00:00,2.2584874
2025-08-18 17:48:39.262232+00:00,2.258487
2025-08-18 17:48:52.373952+00:00,2.2584869
2025-08-18 17:49:05.683243+00:00,2.2584873
2025-08-18 17:49:18.673540+00:00,2.2584873
2025-08-18 17:49:32.993269+00:00,2.2584866
2025-08-18 17:49:44.980687+00:00,2.258487
2025-08-18 17:49:58.477381+00:00,2.2584867
2025-08-18 17:50:11.275520+00:00,2.2584869
2025-08-18 17:50:24.231748+00:00,2.2584867
2025-08-18 17:50:37.037568+00:00,2.2584874
2025-08-18 17:50:50.286099+00:00,2.2584868
2025-08-18 17:51:04.754747+00:00,2.2584875
2025-08-18 17:51:16.578929+00:00,2.2584867
2025-08-18 17:51:28.809514+00:00,2.2584873
2025-08-18 17:51:41.490137+00:00,2.2584866
2025-08-18 17:51:55.945661+00:00,2.2584869
2025-08-18 17:52:07.621308+00:00,2.2584876
2025-08-18 17:52:20.552500+00:00,2.2584868
2025-08-18 17:52:33.118681+00:00,2.258487
2025-08-18 17:52:46.958007+00:00,2.2584873
2025-08-18 17:52:58.552349+00:00,2.2584874
2025-08-18 17:53:11.220465+00:00,2.2584874
2025-08-18 17:53:23.900814+00:00,2.2584868
2025-08-18 17:53:37.010259+00:00,2.2584872
2025-08-18 17:53:49.199566+00:00,2.2584868
2025-08-18 17:54:02.424397+00:00,2.258487
2025-08-18 17:54:14.963262+00:00,2.258487
2025-08-18 17:54:36.676363+00:00,2.2584873
2025-08-18 17:54:44.933540+00:00,2.2584867
2025-08-18 17:54:53.871300+00:00,2.2584875
2025-08-18 17:55:06.674359+00:00,2.2584868
2025-08-18 17:55:19.939777+00:00,2.2584872
2025-08-18 17:55:32.422572+00:00,2.2584875
2025-08-18 17:55:45.199416+00:00,2.2584873
2025-08-18 17:55:57.814820+00:00,2.2584873
2025-08-18 17:56:11.115989+00:00,2.2584869
2025-08-18 17:56:23.354960+00:00,2.2584873
2025-08-18 17:56:36.478662+00:00,2.2584876
2025-08-18 17:56:49.063304+00:00,2.2584875
2025-08-18 17:57:02.838725+00:00,2.2584871
2025-08-18 17:57:15.204500+00:00,2.2584875
2025-08-18 17:57:28.796680+00:00,2.2584872
2025-08-18 17:57:41.624652+00:00,2.2584866
2025-08-18 17:57:54.690006+00:00,2.2584868
2025-08-18 17:58:08.610479+00:00,2.2584869
2025-08-18 17:58:21.479868+00:00,2.2584869
2025-08-18 17:58:33.980154+00:00,2.2584877
2025-08-18 17:58:47.335823+00:00,2.2584869
2025-08-18 17:59:00.649904+00:00,2.2584867
2025-08-18 17:59:13.930725+00:00,2.2584868
2025-08-18 17:59:26.052260+00:00,2.2584875
2025-08-18 17:59:38.785747+00:00,2.2584871
2025-08-18 17:59:51.561404+00:00,2.2584871
2025-08-18 18:00:09.261839+00:00,2.2584871
2025-08-18 18:00:22.118956+00:00,2.2584873
2025-08-18 18:00:34.116208+00:00,2.2584874
2025-08-18 18:00:43.166271+00:00,2.2584873
2025-08-18 18:00:55.751723+00:00,2.2584869
2025-08-18 18:01:08.793447+00:00,2.2584874
2025-08-18 18:01:21.520815+00:00,2.2584875
2025-08-18 18:01:34.463255+00:00,2.258487
2025-08-18 18:01:47.283093+00:00,2.2584868
2025-08-18 18:01:59.441853+00:00,2.2584875
2025-08-18 18:02:12.358258+00:00,2.2584876
2025-08-18 18:02:25.644646+00:00,2.258487
2025-08-18 18:02:37.991638+00:00,2.2584875
2025-08-18 18:02:50.739595+00:00,2.2584872
2025-08-18 18:03:04.116518+00:00,2.2584873
2025-08-18 18:03:16.554360+00:00,2.258487
2025-08-18 18:03:29.597211+00:00,2.2584874
2025-08-18 18:03:43.592708+00:00,2.2584869
2025-08-18 18:03:55.386635+00:00,2.2584873
2025-08-18 18:04:08.801952+00:00,2.2584871
2025-08-18 18:04:22.268931+00:00,2.2584875
2025-08-18 18:04:33.633522+00:00,2.2584871
2025-08-18 18:04:46.150105+00:00,2.2584868
2025-08-18 18:04:58.582739+00:00,2.2584875
2025-08-18 18:05:11.842273+00:00,2.2584873
2025-08-18 18:05:24.814508+00:00,2.2584869
2025-08-18 18:05:37.622641+00:00,2.2584869
2025-08-18 18:05:50.670420+00:00,2.2584872
2025-08-18 18:06:03.640182+00:00,2.2584868
2025-08-18 18:06:16.971595+00:00,2.2584874
2025-08-18 18:06:30.560770+00:00,2.258487
2025-08-18 18:06:42.865030+00:00,2.2584871
2025-08-18 18:06:56.122046+00:00,2.2584875
2025-08-18 18:07:09.182280+00:00,2.2584867
2025-08-18 18:07:22.159524+00:00,2.2584869
2025-08-18 18:07:35.642715+00:00,2.2584871
2025-08-18 18:07:48.100286+00:00,2.2584875
2025-08-18 18:08:01.334009+00:00,2.2584869
2025-08-18 18:08:14.041113+00:00,2.2584871
2025-08-18 18:08:26.707393+00:00,2.2584868
2025-08-18 18:08:39.828499+00:00,2.2584868
2025-08-18 18:08:54.099313+00:00,2.2584866
2025-08-18 18:09:09.869369+00:00,2.2584873
2025-08-18 18:09:18.695986+00:00,2.2584873
2025-08-18 18:09:31.092997+00:00,2.2584874
2025-08-18 18:09:43.523382+00:00,2.2584868
2025-08-18 18:09:56.296105+00:00,2.2584873
2025-08-18 18:10:14.850825+00:00,2.2584872
2025-08-18 18:10:34.783294+00:00,2.2584868
2025-08-18 18:10:48.674921+00:00,2.2584868
2025-08-18 18:11:00.091443+00:00,2.2584872
2025-08-18 18:11:12.785154+00:00,2.2584874
2025-08-18 18:11:26.278196+00:00,2.2584873
2025-08-18 18:11:38.279922+00:00,2.2584878
2025-08-18 18:11:51.876438+00:00,2.258487
2025-08-18 18:12:04.201697+00:00,2.2584871
2025-08-18 18:12:17.371969+00:00,2.2584873
2025-08-18 18:12:29.610784+00:00,2.2584867
2025-08-18 18:12:42.976887+00:00,2.2584879
2025-08-18 18:12:56.564234+00:00,2.2584871
2025-08-18 18:13:08.442828+00:00,2.2584872
2025-08-18 18:13:21.615755+00:00,2.2584873
2025-08-18 18:13:33.775490+00:00,2.2584874
2025-08-18 18:13:47.320952+00:00,2.258487
2025-08-18 18:14:05.769404+00:00,2.2584875
2025-08-18 18:14:12.791898+00:00,2.2584874
2025-08-18 18:14:25.879789+00:00,2.2584867
2025-08-18 18:14:39.150146+00:00,2.2584875
2025-08-18 18:14:52.767215+00:00,2.2584874
2025-08-18 18:15:07.369223+00:00,2.2584876
2025-08-18 18:15:18.384458+00:00,2.258487
2025-08-18 18:15:32.439600+00:00,2.2584871
2025-08-18 18:15:44.318221+00:00,2.2584869
2025-08-18 18:16:00.361019+00:00,2.2584872
2025-08-18 18:16:11.088792+00:00,2.2584874
2025-08-18 18:16:23.049504+00:00,2.2584871
2025-08-18 18:16:36.392205+00:00,2.2584872
2025-08-18 18:16:48.812363+00:00,2.2584867
2025-08-18 18:17:02.141310+00:00,2.2584869
2025-08-18 18:17:14.731331+00:00,2.2584871
2025-08-18 18:17:27.840063+00:00,2.2584875
2025-08-18 18:17:40.662225+00:00,2.2584874
2025-08-18 18:17:53.561985+00:00,2.2584871
2025-08-18 18:18:06.415005+00:00,2.2584872
2025-08-18 18:18:19.562787+00:00,2.2584875
2025-08-18 18:18:32.353686+00:00,2.2584876
2025-08-18 18:18:44.506209+00:00,2.2584871
2025-08-18 18:18:57.742670+00:00,2.2584866
2025-08-18 18:19:17.260870+00:00,2.2584871
2025-08-18 18:19:23.030711+00:00,2.2584872
2025-08-18 18:19:36.294831+00:00,2.2584869
2025-08-18 18:19:48.883068+00:00,2.2584872
2025-08-18 18:20:02.632421+00:00,2.2584866
2025-08-18 18:20:14.685407+00:00,2.2584871
2025-08-18 18:20:29.336672+00:00,2.2584869
2025-08-18 18:20:40.181581+00:00,2.2584875
2025-08-18 18:20:52.946093+00:00,2.2584874
2025-08-18 18:21:06.369792+00:00,2.2584872
2025-08-18 18:21:19.294756+00:00,2.2584874
2025-08-18 18:21:31.770708+00:00,2.2584876
2025-08-18 18:21:44.495171+00:00,2.2584868
2025-08-18 18:21:57.378339+00:00,2.2584872
2025-08-18 18:22:11.447839+00:00,2.2584868
2025-08-18 18:22:23.503181+00:00,2.2584863
2025-08-18 18:22:36.272272+00:00,2.2584871
2025-08-18 18:23:14.408403+00:00,2.2584868
2025-08-18 18:23:17.275511+00:00,2.2584867
2025-08-18 18:23:28.726719+00:00,2.258486
2025-08-18 18:23:41.968782+00:00,2.2584869
2025-08-18 18:23:54.785574+00:00,2.2584879
2025-08-18 18:24:08.124658+00:00,2.2584877
2025-08-18 18:24:22.252554+00:00,2.2584876
2025-08-18 18:24:33.636384+00:00,2.2584873
2025-08-18 18:24:47.085795+00:00,2.2584869
2025-08-18 18:24:59.816770+00:00,2.2584869
2025-08-18 18:25:13.143203+00:00,2.2584868
2025-08-18 18:25:33.702557+00:00,2.2584867
2025-08-18 18:25:38.906725+00:00,2.258487
2025-08-18 18:25:51.491766+00:00,2.2584868
2025-08-18 18:26:04.586358+00:00,2.2584872
2025-08-18 18:26:17.317426+00:00,2.2584874
2025-08-18 18:26:31.398827+00:00,2.2584876
2025-08-18 18:26:43.301831+00:00,2.2584868
2025-08-18 18:26:55.211748+00:00,2.2584873
2025-08-18 18:27:08.077210+00:00,2.2584877
2025-08-18 18:27:21.890001+00:00,2.2584872
2025-08-18 18:27:34.001226+00:00,2.2584875
2025-08-18 18:27:46.515116+00:00,2.2584871
2025-08-18 18:28:00.418730+00:00,2.2584873
2025-08-18 18:28:13.200715+00:00,2.2584873
2025-08-18 18:28:24.789600+00:00,2.2584868
2025-08-18 18:28:38.077764+00:00,2.2584874
2025-08-18 18:28:50.501297+00:00,2.2584872
2025-08-18 18:29:03.296120+00:00,2.2584871
2025-08-18 18:29:16.325516+00:00,2.2584872
2025-08-18 18:29:28.627896+00:00,2.2584867
2025-08-18 18:29:41.436358+00:00,2.2584867
2025-08-18 18:29:54.232005+00:00,2.2584875
2025-08-18 18:30:07.722489+00:00,2.2584868
2025-08-18 18:30:20.797708+00:00,2.2584871
2025-08-18 18:30:33.942748+00:00,2.2584865
2025-08-18 18:30:47.056950+00:00,2.2584877
2025-08-18 18:31:00.522106+00:00,2.2584874
2025-08-18 18:31:12.954447+00:00,2.2584873
2025-08-18 18:31:26.103132+00:00,2.258487
2025-08-18 18:31:39.276424+00:00,2.2584875
2025-08-18 18:31:52.377485+00:00,2.2584876
2025-08-18 18:32:07.693748+00:00,2.2584874
2025-08-18 18:32:19.263333+00:00,2.2584876
2025-08-18 18:32:31.916112+00:00,2.2584864
2025-08-18 18:32:44.018500+00:00,2.2584869
2025-08-18 18:32:56.960500+00:00,2.2584874
2025-08-18 18:33:10.233227+00:00,2.2584871
2025-08-18 18:33:22.538917+00:00,2.2584871
2025-08-18 18:33:36.634850+00:00,2.2584876
2025-08-18 18:33:49.080933+00:00,2.2584874
2025-08-18 18:34:01.285110+00:00,2.2584872
2025-08-18 18:34:14.891768+00:00,2.2584877
2025-08-18 18:34:26.898119+00:00,2.2584876
2025-08-18 18:34:39.048701+00:00,2.2584875
2025-08-18 18:34:52.267232+00:00,2.2584877
2025-08-18 18:35:05.412733+00:00,2.2584876
2025-08-18 18:35:17.404497+00:00,2.2584878
2025-08-18 18:35:30.911687+00:00,2.2584871
2025-08-18 18:35:42.459177+00:00,2.2584872
2025-08-18 18:35:56.272930+00:00,2.258487
2025-08-18 18:36:09.204532+00:00,2.2584871
2025-08-18 18:36:21.044078+00:00,2.2584867
2025-08-18 18:36:34.090783+00:00,2.2584873
2025-08-18 18:36:46.989275+00:00,2.2584874
2025-08-18 18:37:00.126555+00:00,2.2584872
2025-08-18 18:37:12.255878+00:00,2.2584868
2025-08-18 18:37:25.980316+00:00,2.2584875
2025-08-18 18:37:38.913664+00:00,2.2584869
2025-08-18 18:37:52.051469+00:00,2.2584876
2025-08-18 18:38:04.891124+00:00,2.2584876
2025-08-18 18:38:16.181934+00:00,2.2584874
2025-08-18 18:38:29.238035+00:00,2.2584874
2025-08-18 18:38:41.942523+00:00,2.2584869
2025-08-18 18:38:54.951335+00:00,2.2584867
2025-08-18 18:39:08.242501+00:00,2.2584867
2025-08-18 18:39:21.199637+00:00,2.2584869
2025-08-18 18:39:37.504905+00:00,2.2584878
2025-08-18 18:39:51.960161+00:00,2.2584871
2025-08-18 18:40:09.412115+00:00,2.2584874
2025-08-18 18:40:15.494135+00:00,2.2584868
2025-08-18 18:40:26.696931+00:00,2.2584874
2025-08-18 18:40:39.292878+00:00,2.2584871
2025-08-18 18:40:52.959960+00:00,2.2584872
2025-08-18 18:41:05.459180+00:00,2.2584874
2025-08-18 18:41:18.066199+00:00,2.2584872
2025-08-18 18:41:30.994428+00:00,2.2584877
2025-08-18 18:41:43.788204+00:00,2.2584867
2025-08-18 18:41:56.601536+00:00,2.2584872
2025-08-18 18:42:11.243452+00:00,2.2584872
2025-08-18 18:42:21.959702+00:00,2.258487
2025-08-18 18:42:34.740182+00:00,2.2584869
2025-08-18 18:42:47.663828+00:00,2.2584876
2025-08-18 18:43:00.499572+00:00,2.2584869
2025-08-18 18:43:13.240333+00:00,2.2584868
2025-08-18 18:43:26.345946+00:00,2.2584875
2025-08-18 18:43:40.285442+00:00,2.2584876
2025-08-18 18:43:51.562318+00:00,2.2584874
2025-08-18 18:44:04.464715+00:00,2.2584873
2025-08-18 18:44:18.119695+00:00,2.2584871
2025-08-18 18:44:34.686574+00:00,2.2584876
2025-08-18 18:44:44.270458+00:00,2.2584875
2025-08-18 18:44:55.479002+00:00,2.2584874
2025-08-18 18:45:14.868415+00:00,2.2584875
2025-08-18 18:45:21.158146+00:00,2.2584878
2025-08-18 18:45:33.974786+00:00,2.258487
2025-08-18 18:45:50.037279+00:00,2.2584871
2025-08-18 18:46:03.842501+00:00,2.2584868
2025-08-18 18:46:12.911316+00:00,2.2584873
2025-08-18 18:46:24.985327+00:00,2.2584873
2025-08-18 18:46:37.466799+00:00,2.2584865
2025-08-18 18:46:50.509382+00:00,2.258487
2025-08-18 18:47:08.176536+00:00,2.2584874
2025-08-18 18:47:16.677738+00:00,2.2584874
2025-08-18 18:47:29.729706+00:00,2.2584871
2025-08-18 18:47:42.411010+00:00,2.2584876
2025-08-18 18:47:57.690387+00:00,2.2584877
2025-08-18 18:48:09.371432+00:00,2.258487
2025-08-18 18:48:25.631530+00:00,2.2584875
2025-08-18 18:48:38.797531+00:00,2.2584876
2025-08-18 18:48:48.309812+00:00,2.258487
2025-08-18 18:49:01.229474+00:00,2.2584872
2025-08-18 18:49:14.715871+00:00,2.2584869
2025-08-18 18:49:27.289295+00:00,2.2584874
2025-08-18 18:49:39.731632+00:00,2.2584874
2025-08-18 18:49:52.884830+00:00,2.2584874
2025-08-18 18:50:06.771877+00:00,2.2584867
2025-08-18 18:50:20.005923+00:00,2.2584874
2025-08-18 18:50:31.983058+00:00,2.2584878
2025-08-18 18:50:44.544371+00:00,2.2584875
2025-08-18 18:50:57.321022+00:00,2.2584871
2025-08-18 18:51:10.361003+00:00,2.2584872
2025-08-18 18:51:22.708404+00:00,2.2584872
2025-08-18 18:51:38.320834+00:00,2.2584871
2025-08-18 18:51:48.510359+00:00,2.2584877
2025-08-18 18:52:01.123348+00:00,2.2584877
2025-08-18 18:52:14.235384+00:00,2.2584873
2025-08-18 18:52:26.188504+00:00,2.2584872
2025-08-18 18:52:39.038937+00:00,2.2584868
2025-08-18 18:52:51.985672+00:00,2.2584875
2025-08-18 18:53:05.124577+00:00,2.2584872
2025-08-18 18:53:17.419582+00:00,2.2584871
2025-08-18 18:53:30.590800+00:00,2.2584867
2025-08-18 18:53:43.200674+00:00,2.2584869
2025-08-18 18:53:55.798598+00:00,2.2584874
2025-08-18 18:54:09.014212+00:00,2.2584869
2025-08-18 18:54:22.208236+00:00,2.2584875
2025-08-18 18:54:35.073458+00:00,2.2584878
2025-08-18 18:54:47.308163+00:00,2.2584874
2025-08-18 18:54:59.762912+00:00,2.2584874
2025-08-18 18:55:13.256096+00:00,2.2584872
2025-08-18 18:55:30.573974+00:00,2.2584876
2025-08-18 18:55:40.529724+00:00,2.2584874
2025-08-18 18:55:51.950475+00:00,2.2584875
2025-08-18 18:56:06.564259+00:00,2.258487
2025-08-18 18:56:20.341400+00:00,2.2584875
2025-08-18 18:56:32.483726+00:00,2.2584875
2025-08-18 18:56:44.378880+00:00,2.2584871
2025-08-18 18:56:57.536862+00:00,2.258487
2025-08-18 18:57:11.779043+00:00,2.2584874
2025-08-18 18:57:23.761143+00:00,2.258487
2025-08-18 18:57:49.220450+00:00,2.2584871
2025-08-18 18:58:02.662753+00:00,2.2584871
2025-08-18 18:58:14.997932+00:00,2.2584872
2025-08-18 18:58:28.646210+00:00,2.258487
2025-08-18 18:58:40.854101+00:00,2.2584868
2025-08-18 18:58:53.877496+00:00,2.2584875
2025-08-18 18:59:06.825175+00:00,2.2584879
2025-08-18 18:59:19.665575+00:00,2.2584869
2025-08-18 18:59:32.534361+00:00,2.2584872
2025-08-18 18:59:44.453855+00:00,2.2584874
2025-08-18 19:00:02.204031+00:00,2.258488
2025-08-18 19:00:11.281057+00:00,2.2584871
2025-08-18 19:00:23.407292+00:00,2.2584878
2025-08-18 19:00:36.364104+00:00,2.2584874
2025-08-18 19:00:49.046778+00:00,2.2584874
2025-08-18 19:01:01.808758+00:00,2.2584873
2025-08-18 19:01:14.637311+00:00,2.258487
2025-08-18 19:01:29.406634+00:00,2.2584873
2025-08-18 19:01:40.281522+00:00,2.2584874
2025-08-18 19:01:52.965311+00:00,2.2584867
2025-08-18 19:02:07.781024+00:00,2.2584869
2025-08-18 19:02:19.992552+00:00,2.2584869
2025-08-18 19:02:31.264061+00:00,2.2584878
2025-08-18 19:02:44.462008+00:00,2.2584875
2025-08-18 19:02:56.787945+00:00,2.2584873
2025-08-18 19:03:09.784035+00:00,2.2584875
2025-08-18 19:03:28.696600+00:00,2.2584873
2025-08-18 19:03:34.927358+00:00,2.2584867
2025-08-18 19:03:48.058836+00:00,2.2584871
2025-08-18 19:04:01.258476+00:00,2.2584871
2025-08-18 19:04:14.154471+00:00,2.2584873
2025-08-18 19:04:27.293515+00:00,2.2584874
2025-08-18 19:04:39.914010+00:00,2.2584871
2025-08-18 19:04:53.550172+00:00,2.2584874
2025-08-18 19:05:06.744314+00:00,2.2584875
2025-08-18 19:05:21.709219+00:00,2.2584879
2025-08-18 19:05:32.977246+00:00,2.2584872
2025-08-18 19:05:46.923726+00:00,2.2584876
2025-08-18 19:05:58.334183+00:00,2.2584872
2025-08-18 19:06:11.584397+00:00,2.2584872
2025-08-18 19:06:24.457718+00:00,2.2584873
2025-08-18 19:06:37.435762+00:00,2.2584875
2025-08-18 19:06:50.201619+00:00,2.258487
2025-08-18 19:07:03.204884+00:00,2.2584875
2025-08-18 19:07:17.124360+00:00,2.2584876
2025-08-18 19:07:28.818213+00:00,2.2584871
2025-08-18 19:07:41.340632+00:00,2.2584878
2025-08-18 19:07:54.166522+00:00,2.2584877
2025-08-18 19:08:07.663064+00:00,2.2584873
2025-08-18 19:08:19.839790+00:00,2.258487
2025-08-18 19:08:32.095841+00:00,2.2584874
2025-08-18 19:08:45.062860+00:00,2.2584872
2025-08-18 19:08:58.732979+00:00,2.2584868
2025-08-18 19:09:11.697746+00:00,2.2584875
2025-08-18 19:09:23.889543+00:00,2.2584874
2025-08-18 19:09:36.571788+00:00,2.2584868
2025-08-18 19:09:49.250118+00:00,2.2584874
2025-08-18 19:10:07.114454+00:00,2.2584877
2025-08-18 19:10:16.580009+00:00,2.2584869
2025-08-18 19:10:29.989147+00:00,2.2584877
2025-08-18 19:10:40.677310+00:00,2.2584873
2025-08-18 19:10:53.637466+00:00,2.2584869
2025-08-18 19:11:06.288222+00:00,2.2584876
2025-08-18 19:11:18.843740+00:00,2.2584872
2025-08-18 19:11:31.497776+00:00,2.2584877
2025-08-18 19:11:44.360680+00:00,2.2584879
2025-08-18 19:11:57.207636+00:00,2.2584874
2025-08-18 19:12:11.704974+00:00,2.2584874
2025-08-18 19:12:23.129470+00:00,2.2584875
2025-08-18 19:12:37.337098+00:00,2.2584875
2025-08-18 19:12:49.940755+00:00,2.2584878
2025-08-18 19:13:03.501825+00:00,2.2584874
2025-08-18 19:13:16.565518+00:00,2.2584866
2025-08-18 19:13:28.701797+00:00,2.2584876
2025-08-18 19:13:44.783707+00:00,2.2584871
2025-08-18 19:13:58.833326+00:00,2.2584869
2025-08-18 19:14:10.657049+00:00,2.2584873
2025-08-18 19:14:20.749124+00:00,2.2584868
2025-08-18 19:14:34.842538+00:00,2.2584871
2025-08-18 19:14:47.215145+00:00,2.2584874
2025-08-18 19:14:59.134658+00:00,2.2584874
2025-08-18 19:15:12.789931+00:00,2.258487
2025-08-18 19:15:25.548136+00:00,2.2584877
2025-08-18 19:15:39.890355+00:00,2.258487
2025-08-18 19:15:50.581510+00:00,2.2584875
2025-08-18 19:16:05.847962+00:00,2.2584873
2025-08-18 19:16:16.009159+00:00,2.2584876
2025-08-18 19:16:30.990457+00:00,2.2584874
2025-08-18 19:16:46.348064+00:00,2.2584872
2025-08-18 19:16:53.751943+00:00,2.2584869
2025-08-18 19:17:06.880997+00:00,2.2584877
2025-08-18 19:17:24.070490+00:00,2.2584868
2025-08-18 19:17:33.163692+00:00,2.2584875
2025-08-18 19:17:45.459765+00:00,2.2584871
2025-08-18 19:17:57.913295+00:00,2.2584874
2025-08-18 19:18:23.546550+00:00,2.2584867
2025-08-18 19:18:36.095065+00:00,2.2584874
2025-08-18 19:18:49.008144+00:00,2.2584861
2025-08-18 19:19:02.472687+00:00,2.2584867
2025-08-18 19:19:14.649128+00:00,2.2584874
2025-08-18 19:19:27.118023+00:00,2.2584871
2025-08-18 19:19:39.569441+00:00,2.2584877
2025-08-18 19:19:58.764036+00:00,2.2584872
2025-08-18 19:20:06.149534+00:00,2.2584875
2025-08-18 19:20:18.152770+00:00,2.2584869
2025-08-18 19:20:31.942271+00:00,2.2584874
2025-08-18 19:20:44.310008+00:00,2.2584869
2025-08-18 19:20:59.896315+00:00,2.2584868
2025-08-18 19:21:11.082113+00:00,2.2584874
2025-08-18 19:21:23.383326+00:00,2.258487
2025-08-18 19:21:37.049883+00:00,2.2584877
2025-08-18 19:21:49.993671+00:00,2.2584879
2025-08-18 19:22:02.424668+00:00,2.2584876
2025-08-18 19:22:15.430162+00:00,2.2584875
2025-08-18 19:22:30.501296+00:00,2.2584869
2025-08-18 19:22:54.071578+00:00,2.2584873
2025-08-18 19:23:07.245107+00:00,2.2584867
2025-08-18 19:23:19.680937+00:00,2.2584872
2025-08-18 19:23:33.529561+00:00,2.2584876
2025-08-18 19:23:45.712358+00:00,2.2584875
2025-08-18 19:23:58.298418+00:00,2.2584874
2025-08-18 19:24:23.502213+00:00,2.2584866
2025-08-18 19:24:48.948124+00:00,2.2584876
2025-08-18 19:25:02.002151+00:00,2.258486
2025-08-18 19:25:14.695833+00:00,2.2584881
2025-08-18 19:25:32.166175+00:00,2.2584877
2025-08-18 19:26:05.890482+00:00,2.2584878
2025-08-18 19:26:31.641127+00:00,2.2584864
2025-08-18 19:26:44.763500+00:00,2.2584858
2025-08-18 19:26:56.913427+00:00,2.2584862
2025-08-18 19:27:36.291969+00:00,2.2584867
2025-08-18 19:27:50.745551+00:00,2.2584874
2025-08-18 19:28:01.390359+00:00,2.2584871
2025-08-18 19:28:26.531444+00:00,2.2584874
2025-08-18 19:28:39.489244+00:00,2.2584873
2025-08-18 19:28:53.004652+00:00,2.2584873
2025-08-18 19:29:05.868287+00:00,2.2584878
2025-08-18 19:29:18.546043+00:00,2.2584868
2025-08-18 19:29:32.764596+00:00,2.2584868
2025-08-18 19:29:44.814692+00:00,2.2584868
2025-08-18 19:29:57.647502+00:00,2.2584875
2025-08-18 19:30:21.525577+00:00,2.2584867
2025-08-18 19:30:38.212895+00:00,2.2584872
2025-08-18 19:32:07.208233+00:00,2.258487
2025-08-18 19:32:33.353867+00:00,2.258487
2025-08-18 19:33:12.676362+00:00,2.2584865
2025-08-18 19:33:23.876439+00:00,2.2584867
2025-08-18 19:34:14.583596+00:00,2.2584858
2025-08-18 19:34:27.801069+00:00,2.2584875
2025-08-18 19:34:43.813267+00:00,2.258487
2025-08-18 19:34:53.426440+00:00,2.2584871
2025-08-18 19:35:07.019099+00:00,2.2584879
2025-08-18 19:35:46.738598+00:00,2.2584872
2025-08-18 19:35:57.701906+00:00,2.2584858
2025-08-18 19:36:23.235677+00:00,2.2584869
2025-08-18 19:36:36.046999+00:00,2.2584871
2025-08-18 19:37:15.856401+00:00,2.2584869
2025-08-18 19:37:27.826371+00:00,2.2584876
2025-08-18 19:37:40.725903+00:00,2.2584878
2025-08-18 19:37:54.621350+00:00,2.2584875
2025-08-18 19:38:07.131631+00:00,2.2584864
2025-08-18 19:38:20.901656+00:00,2.2584863
2025-08-18 19:38:34.598200+00:00,2.2584868
2025-08-18 19:38:46.369508+00:00,2.2584868
2025-08-18 19:38:59.076866+00:00,2.2584861
2025-08-18 19:39:12.284840+00:00,2.2584869
2025-08-18 19:39:39.011381+00:00,2.2584864
2025-08-18 19:40:04.261909+00:00,2.2584861
2025-08-18 19:40:23.471901+00:00,2.2584862
2025-08-18 19:40:29.825196+00:00,2.2584858
2025-08-18 19:40:42.720160+00:00,2.2584867
2025-08-18 19:40:55.498825+00:00,2.2584873
2025-08-18 19:41:08.752729+00:00,2.2584876
2025-08-18 19:41:21.156768+00:00,2.2584876
2025-08-18 19:41:46.450064+00:00,2.258487
2025-08-18 19:43:02.669993+00:00,2.258487
2025-08-18 19:43:17.173368+00:00,2.2584865
2025-08-18 19:43:41.246511+00:00,2.2584866
2025-08-18 19:44:19.490395+00:00,2.2584858
2025-08-18 19:44:33.296235+00:00,2.2584871
2025-08-18 19:44:44.911163+00:00,2.2584879
2025-08-18 19:45:11.155217+00:00,2.2584872
2025-08-18 19:45:23.838884+00:00,2.2584875
2025-08-18 19:45:36.836559+00:00,2.2584873
2025-08-18 19:45:48.700115+00:00,2.2584876
2025-08-18 19:46:03.293641+00:00,2.2584874
2025-08-18 19:46:20.933677+00:00,2.2584869
2025-08-18 19:46:27.751301+00:00,2.2584861
2025-08-18 19:46:41.566513+00:00,2.2584871
2025-08-18 19:46:53.892913+00:00,2.2584874
2025-08-18 19:47:07.426389+00:00,2.2584868
2025-08-18 19:47:19.853744+00:00,2.2584865
2025-08-18 19:47:33.240980+00:00,2.2584871
2025-08-18 19:47:47.208158+00:00,2.2584863
2025-08-18 19:47:59.049883+00:00,2.2584868
2025-08-18 19:48:12.251492+00:00,2.2584869
2025-08-18 19:48:26.143369+00:00,2.2584872
2025-08-18 19:48:38.413958+00:00,2.2584869
2025-08-18 19:48:50.440039+00:00,2.2584877
2025-08-18 19:49:05.293489+00:00,2.2584872
2025-08-18 19:49:16.724748+00:00,2.2584872
2025-08-18 19:49:29.285037+00:00,2.2584871
2025-08-18 19:49:42.263043+00:00,2.2584874
2025-08-18 19:49:55.552414+00:00,2.258487
2025-08-18 19:50:08.379378+00:00,2.258487
2025-08-18 19:50:20.843113+00:00,2.2584871
2025-08-18 19:50:33.604438+00:00,2.2584875
2025-08-18 19:50:46.911367+00:00,2.2584867
2025-08-18 19:51:11.411972+00:00,2.2584873
2025-08-18 19:51:36.143667+00:00,2.2584869
2025-08-18 19:51:50.503075+00:00,2.2584872
2025-08-18 19:52:04.843396+00:00,2.2584872
2025-08-18 19:52:14.651925+00:00,2.2584874
2025-08-18 19:52:27.307450+00:00,2.2584862
2025-08-18 19:52:40.675923+00:00,2.2584877
2025-08-18 19:52:53.918965+00:00,2.2584874
2025-08-18 19:53:06.367520+00:00,2.2584875
2025-08-18 19:53:19.081976+00:00,2.2584876
2025-08-18 19:53:32.203115+00:00,2.2584878
2025-08-18 19:53:56.823966+00:00,2.2584878
2025-08-18 19:54:10.307626+00:00,2.2584871
2025-08-18 19:54:22.736988+00:00,2.2584871
2025-08-18 19:54:35.150499+00:00,2.2584873
2025-08-18 19:54:48.024246+00:00,2.2584865
2025-08-18 19:55:01.005009+00:00,2.258487
2025-08-18 19:55:14.082490+00:00,2.2584869
2025-08-18 19:55:27.906165+00:00,2.2584863
2025-08-18 19:55:40.024853+00:00,2.2584875
2025-08-18 19:55:53.163374+00:00,2.2584864
2025-08-18 19:56:06.305358+00:00,2.2584868
2025-08-18 19:56:19.070348+00:00,2.258488
2025-08-18 19:56:32.155434+00:00,2.2584873
2025-08-18 19:56:45.247561+00:00,2.258487
2025-08-18 19:56:58.617258+00:00,2.2584872
2025-08-18 19:57:11.529235+00:00,2.2584872
2025-08-18 19:57:28.604359+00:00,2.2584873
2025-08-18 19:57:37.112186+00:00,2.2584867
2025-08-18 19:57:50.047055+00:00,2.2584876
2025-08-18 19:58:07.333614+00:00,2.2584875
2025-08-18 19:58:15.960786+00:00,2.2584874
2025-08-18 19:58:28.457419+00:00,2.2584868
2025-08-18 19:58:41.466304+00:00,2.2584878
2025-08-18 19:58:57.636385+00:00,2.2584868
2025-08-18 19:59:09.103879+00:00,2.2584875
2025-08-18 19:59:20.897575+00:00,2.2584872
2025-08-18 19:59:33.519447+00:00,2.2584871
2025-08-18 19:59:45.926116+00:00,2.2584871
2025-08-18 19:59:58.940493+00:00,2.2584879
2025-08-18 20:00:12.772173+00:00,2.258487
2025-08-18 20:00:28.993502+00:00,2.2584869
2025-08-18 20:00:38.104838+00:00,2.2584874
2025-08-18 20:00:49.329358+00:00,2.2584875
2025-08-18 20:01:07.022944+00:00,2.2584869
2025-08-18 20:01:15.216344+00:00,2.2584874
2025-08-18 20:01:28.596305+00:00,2.2584874
2025-08-18 20:01:41.618377+00:00,2.2584864
2025-08-18 20:01:53.722840+00:00,2.2584879
2025-08-18 20:02:07.228812+00:00,2.2584875
2025-08-18 20:02:19.184867+00:00,2.2584878
2025-08-18 20:02:32.218678+00:00,2.2584874
2025-08-18 20:02:44.580094+00:00,2.2584871
2025-08-18 20:03:13.419845+00:00,2.258487
2025-08-18 20:03:36.141138+00:00,2.258488
2025-08-18 20:03:49.738791+00:00,2.2584876
2025-08-18 20:04:01.758035+00:00,2.2584871
2025-08-18 20:04:15.130912+00:00,2.2584868
2025-08-18 20:04:40.762089+00:00,2.2584872
2025-08-18 20:04:53.604333+00:00,2.2584872
2025-08-18 20:05:15.504685+00:00,2.2584875
2025-08-18 20:05:26.789328+00:00,2.2584872
2025-08-18 20:05:33.789456+00:00,2.2584868
2025-08-18 20:05:46.269059+00:00,2.2584872
2025-08-18 20:05:59.054390+00:00,2.2584876
2025-08-18 20:06:12.618292+00:00,2.2584872
2025-08-18 20:06:26.936048+00:00,2.2584869
2025-08-18 20:06:37.570885+00:00,2.2584874
2025-08-18 20:06:50.667350+00:00,2.2584873
2025-08-18 20:07:03.403077+00:00,2.2584876
2025-08-18 20:07:16.553779+00:00,2.2584865
2025-08-18 20:07:29.100343+00:00,2.258487
2025-08-18 20:07:43.571503+00:00,2.2584871
2025-08-18 20:07:55.090370+00:00,2.2584876
2025-08-18 20:08:08.317220+00:00,2.2584864
2025-08-18 20:08:21.333519+00:00,2.2584868
2025-08-18 20:08:33.503949+00:00,2.258488
2025-08-18 20:08:45.985420+00:00,2.258487
2025-08-18 20:08:58.728081+00:00,2.2584868
2025-08-18 20:09:12.340079+00:00,2.2584874
2025-08-18 20:09:24.239359+00:00,2.2584868
2025-08-18 20:09:37.608291+00:00,2.2584872
2025-08-18 20:09:50.106259+00:00,2.258488
2025-08-18 20:10:01.656437+00:00,2.258487
2025-08-18 20:10:15.199966+00:00,2.2584875
2025-08-18 20:10:27.978887+00:00,2.2584874
2025-08-18 20:10:40.929787+00:00,2.2584876
2025-08-18 20:10:52.876258+00:00,2.2584874
2025-08-18 20:11:06.390409+00:00,2.2584871
2025-08-18 20:11:19.788022+00:00,2.2584872
2025-08-18 20:11:31.046018+00:00,2.2584878
2025-08-18 20:11:43.785692+00:00,2.2584874
2025-08-18 20:11:57.573015+00:00,2.2584872
2025-08-18 20:12:09.567572+00:00,2.2584872
2025-08-18 20:12:22.158755+00:00,2.2584871
2025-08-18 20:12:35.259167+00:00,2.2584872
2025-08-18 20:12:48.312339+00:00,2.2584873
2025-08-18 20:13:03.056320+00:00,2.2584873
2025-08-18 20:13:14.945396+00:00,2.2584875
2025-08-18 20:13:27.202695+00:00,2.2584874
2025-08-18 20:13:41.234848+00:00,2.2584868
2025-08-18 20:13:55.812279+00:00,2.258487
2025-08-18 20:14:06.869653+00:00,2.2584871
2025-08-18 20:14:19.583221+00:00,2.2584872
2025-08-18 20:14:32.308320+00:00,2.2584871
2025-08-18 20:14:49.517485+00:00,2.2584874
2025-08-18 20:14:58.098814+00:00,2.258487
2025-08-18 20:15:14.778514+00:00,2.2584874
2025-08-18 20:15:24.800231+00:00,2.2584868
2025-08-18 20:15:37.165500+00:00,2.2584875
2025-08-18 20:15:50.180158+00:00,2.2584878
2025-08-18 20:16:03.991437+00:00,2.2584872
2025-08-18 20:16:19.257672+00:00,2.2584875
2025-08-18 20:16:28.556554+00:00,2.2584875
2025-08-18 20:16:43.809987+00:00,2.2584873
2025-08-18 20:16:53.795515+00:00,2.2584874
2025-08-18 20:17:07.139266+00:00,2.2584876
2025-08-18 20:17:19.556657+00:00,2.2584876
2025-08-18 20:17:44.505537+00:00,2.2584875
2025-08-18 20:17:58.303019+00:00,2.258487
2025-08-18 20:18:10.465957+00:00,2.2584873
2025-08-18 20:18:23.006465+00:00,2.2584876
2025-08-18 20:18:35.936756+00:00,2.2584868
2025-08-18 20:18:48.803765+00:00,2.2584869
2025-08-18 20:19:02.461196+00:00,2.2584878
2025-08-18 20:19:14.903593+00:00,2.2584878
2025-08-18 20:19:27.383197+00:00,2.2584871
2025-08-18 20:19:42.177892+00:00,2.2584872
2025-08-18 20:19:52.585090+00:00,2.2584876
2025-08-18 20:20:05.986369+00:00,2.2584877
2025-08-18 20:20:18.908667+00:00,2.2584877
2025-08-18 20:20:33.077257+00:00,2.2584874
2025-08-18 20:20:44.333296+00:00,2.2584869
2025-08-18 20:20:56.857117+00:00,2.2584874
2025-08-18 20:21:10.541132+00:00,2.2584871
2025-08-18 20:21:22.422879+00:00,2.2584877
2025-08-18 20:21:35.756738+00:00,2.2584873
2025-08-18 20:21:48.807407+00:00,2.2584875
2025-08-18 20:22:07.657728+00:00,2.2584876
2025-08-18 20:22:14.295778+00:00,2.2584871
2025-08-18 20:22:27.445291+00:00,2.2584869
2025-08-18 20:22:40.508847+00:00,2.2584877
2025-08-18 20:23:05.958169+00:00,2.2584876
2025-08-18 20:23:07.146983+00:00,2.2584881
2025-08-18 20:23:19.452862+00:00,2.2584879
2025-08-18 20:23:33.227045+00:00,2.2584879
2025-08-18 20:23:45.653635+00:00,2.2584871
2025-08-18 20:23:59.486819+00:00,2.2584877
2025-08-18 20:24:12.909730+00:00,2.2584868
2025-08-18 20:24:24.673225+00:00,2.258487
2025-08-18 20:24:36.906705+00:00,2.2584878
2025-08-18 20:24:49.629086+00:00,2.2584875
2025-08-18 20:25:03.113561+00:00,2.2584871
2025-08-18 20:25:15.569815+00:00,2.258487
2025-08-18 20:25:28.210206+00:00,2.2584875
2025-08-18 20:25:41.201712+00:00,2.2584868
2025-08-18 20:25:52.734444+00:00,2.2584876
2025-08-18 20:26:06.619833+00:00,2.2584874
2025-08-18 20:26:22.709124+00:00,2.2584872
2025-08-18 20:26:31.025940+00:00,2.2584871
2025-08-18 20:26:44.723123+00:00,2.2584875
2025-08-18 20:26:56.534905+00:00,2.2584868
2025-08-18 20:27:09.670394+00:00,2.2584873
2025-08-18 20:27:23.794364+00:00,2.2584871
2025-08-18 20:27:36.026118+00:00,2.2584872
2025-08-18 20:27:48.261229+00:00,2.2584869
2025-08-18 20:28:04.498844+00:00,2.2584872
2025-08-18 20:28:14.358549+00:00,2.2584876
2025-08-18 20:28:26.486311+00:00,2.2584874
2025-08-18 20:28:43.509334+00:00,2.2584876
2025-08-18 20:28:52.325844+00:00,2.2584874
2025-08-18 20:29:05.312215+00:00,2.258487
2025-08-18 20:29:17.880486+00:00,2.2584877
2025-08-18 20:29:32.627731+00:00,2.2584874
2025-08-18 20:29:43.765534+00:00,2.2584869
2025-08-18 20:29:56.323536+00:00,2.2584868
2025-08-18 20:30:11.692908+00:00,2.2584875
2025-08-18 20:30:23.948962+00:00,2.2584873
2025-08-18 20:30:36.092703+00:00,2.2584876
2025-08-18 20:30:48.533423+00:00,2.2584872
2025-08-18 20:31:01.580474+00:00,2.2584867
2025-08-18 20:31:14.398919+00:00,2.2584869
2025-08-18 20:31:28.343455+00:00,2.2584873
2025-08-18 20:31:40.260966+00:00,2.2584869
2025-08-18 20:31:52.915585+00:00,2.2584876
2025-08-18 20:32:06.206955+00:00,2.2584877
2025-08-18 20:32:19.113380+00:00,2.2584875
2025-08-18 20:32:32.131589+00:00,2.2584876
2025-08-18 20:32:45.238953+00:00,2.2584878
2025-08-18 20:32:58.111305+00:00,2.2584876
2025-08-18 20:33:10.965258+00:00,2.2584875
2025-08-18 20:33:23.461118+00:00,2.2584874
2025-08-18 20:33:36.587550+00:00,2.2584869
2025-08-18 20:33:49.026557+00:00,2.2584874
2025-08-18 20:34:02.417056+00:00,2.2584873
2025-08-18 20:34:14.958395+00:00,2.2584875
2025-08-18 20:34:26.813456+00:00,2.2584872
2025-08-18 20:34:39.658476+00:00,2.2584874
2025-08-18 20:34:52.335116+00:00,2.2584871
2025-08-18 20:35:10.770335+00:00,2.2584878
2025-08-18 20:35:18.500246+00:00,2.2584868
2025-08-18 20:35:31.703347+00:00,2.2584869
2025-08-18 20:35:44.119548+00:00,2.2584878
2025-08-18 20:35:56.801274+00:00,2.2584872
2025-08-18 20:36:10.093348+00:00,2.2584874
2025-08-18 20:36:22.366321+00:00,2.2584875
2025-08-18 20:36:35.089187+00:00,2.2584868
2025-08-18 20:36:48.393750+00:00,2.2584868
2025-08-18 20:37:00.999615+00:00,2.2584876
2025-08-18 20:37:13.751959+00:00,2.2584876
2025-08-18 20:37:26.133479+00:00,2.2584871
2025-08-18 20:37:39.195348+00:00,2.2584871
2025-08-18 20:37:52.518262+00:00,2.258487
2025-08-18 20:38:06.529613+00:00,2.2584873
2025-08-18 20:38:17.966486+00:00,2.2584875
2025-08-18 20:38:30.818800+00:00,2.2584873
2025-08-18 20:38:48.966313+00:00,2.2584871
2025-08-18 20:38:56.595938+00:00,2.2584872
2025-08-18 20:39:11.203070+00:00,2.2584872
2025-08-18 20:39:22.612797+00:00,2.2584877
2025-08-18 20:39:35.586516+00:00,2.258487
2025-08-18 20:39:49.282802+00:00,2.2584874
2025-08-18 20:40:01.934401+00:00,2.2584872
2025-08-18 20:40:14.921337+00:00,2.2584869
2025-08-18 20:40:27.487172+00:00,2.2584872
2025-08-18 20:40:40.338038+00:00,2.2584872
2025-08-18 20:40:53.110518+00:00,2.2584873
2025-08-18 20:41:06.302434+00:00,2.2584877
2025-08-18 20:41:19.000979+00:00,2.258487
2025-08-18 20:41:33.845841+00:00,2.2584877
2025-08-18 20:41:44.976170+00:00,2.2584873
2025-08-18 20:41:57.467047+00:00,2.2584876
2025-08-18 20:42:10.354888+00:00,2.2584881
2025-08-18 20:42:22.665996+00:00,2.2584873
2025-08-18 20:42:35.119120+00:00,2.2584874
2025-08-18 20:42:48.307261+00:00,2.258487
2025-08-18 20:43:01.214791+00:00,2.2584871
2025-08-18 20:43:14.041430+00:00,2.2584877
2025-08-18 20:43:27.656162+00:00,2.2584877
2025-08-18 20:43:39.897392+00:00,2.2584876
2025-08-18 20:43:55.757084+00:00,2.2584869
2025-08-18 20:44:13.454561+00:00,2.2584875
2025-08-18 20:44:18.525915+00:00,2.2584873
2025-08-18 20:44:33.419273+00:00,2.2584877
2025-08-18 20:44:43.712018+00:00,2.2584874
2025-08-18 20:44:56.254161+00:00,2.2584874
2025-08-18 20:45:08.486533+00:00,2.2584875
2025-08-18 20:45:21.798249+00:00,2.2584871
2025-08-18 20:45:34.402840+00:00,2.2584873
2025-08-18 20:45:47.362645+00:00,2.2584866
2025-08-18 20:46:00.319150+00:00,2.2584875
2025-08-18 20:46:12.657750+00:00,2.258487
2025-08-18 20:46:25.085265+00:00,2.2584869
2025-08-18 20:46:38.334731+00:00,2.2584877
2025-08-18 20:46:50.952827+00:00,2.258488
2025-08-18 20:47:04.933835+00:00,2.2584872
2025-08-18 20:47:19.085256+00:00,2.2584877
2025-08-18 20:47:30.927659+00:00,2.2584876
2025-08-18 20:47:43.135159+00:00,2.2584871
2025-08-18 20:47:56.015828+00:00,2.2584865
2025-08-18 20:48:09.640812+00:00,2.2584878
2025-08-18 20:48:21.926844+00:00,2.2584874
2025-08-18 20:48:35.156834+00:00,2.2584869
2025-08-18 20:48:48.145492+00:00,2.2584878
2025-08-18 20:49:02.196236+00:00,2.2584877
2025-08-18 20:49:14.453137+00:00,2.2584873
2025-08-18 20:49:26.383630+00:00,2.2584872
2025-08-18 20:49:39.564931+00:00,2.2584873
2025-08-18 20:49:52.411018+00:00,2.2584875
2025-08-18 20:50:05.622714+00:00,2.2584879
2025-08-18 20:50:18.338809+00:00,2.2584858
2025-08-18 20:50:31.219445+00:00,2.2584868
2025-08-18 20:50:46.455019+00:00,2.2584879
2025-08-18 20:50:56.930180+00:00,2.2584877
2025-08-18 20:51:10.587086+00:00,2.2584872
2025-08-18 20:51:20.948485+00:00,2.2584876
2025-08-18 20:51:33.919240+00:00,2.2584865
2025-08-18 20:51:46.767735+00:00,2.2584875
2025-08-18 20:51:59.346181+00:00,2.258487
2025-08-18 20:52:12.050733+00:00,2.2584876
2025-08-18 20:52:24.992365+00:00,2.258487
2025-08-18 20:52:37.878507+00:00,2.2584876
2025-08-18 20:52:53.955793+00:00,2.2584873
2025-08-18 20:53:06.484482+00:00,2.2584871
2025-08-18 20:53:28.992682+00:00,2.2584877
2025-08-18 20:53:41.578362+00:00,2.258487
2025-08-18 20:53:54.334772+00:00,2.2584872
2025-08-18 20:54:06.957877+00:00,2.2584873
2025-08-18 20:54:24.724471+00:00,2.2584878
2025-08-18 20:54:32.491070+00:00,2.2584869
2025-08-18 20:54:45.215241+00:00,2.2584875
2025-08-18 20:54:58.040175+00:00,2.2584881
2025-08-18 20:55:11.222330+00:00,2.2584877
2025-08-18 20:55:25.001276+00:00,2.2584868
2025-08-18 20:55:37.490285+00:00,2.2584877
2025-08-18 20:55:50.324238+00:00,2.2584873
2025-08-18 20:56:03.945598+00:00,2.258487
2025-08-18 20:56:16.451863+00:00,2.2584877
2025-08-18 20:56:29.509110+00:00,2.2584879
2025-08-18 20:56:42.874142+00:00,2.2584876
2025-08-18 20:56:55.756208+00:00,2.2584869
2025-08-18 20:57:09.169065+00:00,2.2584876
2025-08-18 20:57:21.780895+00:00,2.2584869
2025-08-18 20:57:34.412636+00:00,2.258487
2025-08-18 20:57:47.923355+00:00,2.2584873
2025-08-18 20:58:00.875547+00:00,2.2584876
2025-08-18 20:58:12.988848+00:00,2.2584877
2025-08-18 20:58:26.197436+00:00,2.2584871
2025-08-18 20:58:39.345005+00:00,2.2584871
2025-08-18 20:58:51.645752+00:00,2.2584875
2025-08-18 20:59:04.823202+00:00,2.2584868
2025-08-18 20:59:18.855298+00:00,2.2584877
2025-08-18 20:59:30.148375+00:00,2.2584878
2025-08-18 20:59:42.478903+00:00,2.258487
2025-08-18 20:59:59.524760+00:00,2.2584875
2025-08-18 21:00:08.294728+00:00,2.2584865
2025-08-18 21:00:21.201968+00:00,2.2584875
2025-08-18 21:00:33.681050+00:00,2.2584874
2025-08-18 21:00:46.581436+00:00,2.2584873
2025-08-18 21:01:11.668995+00:00,2.2584871
2025-08-18 21:01:24.492916+00:00,2.2584876
2025-08-18 21:01:37.475441+00:00,2.2584875
2025-08-18 21:01:49.959223+00:00,2.2584876
2025-08-18 21:02:03.053827+00:00,2.2584873
2025-08-18 21:02:15.681789+00:00,2.2584874
2025-08-18 21:02:29.353353+00:00,2.2584872
2025-08-18 21:02:45.694812+00:00,2.2584881
2025-08-18 21:02:53.455213+00:00,2.2584864
2025-08-18 21:03:06.686420+00:00,2.258487
2025-08-18 21:03:19.123517+00:00,2.2584871
2025-08-18 21:03:32.274939+00:00,2.2584876
2025-08-18 21:03:46.001492+00:00,2.2584874
2025-08-18 21:03:57.854769+00:00,2.2584871
2025-08-18 21:04:11.216869+00:00,2.2584868
2025-08-18 21:04:23.934101+00:00,2.2584872
2025-08-18 21:04:37.535849+00:00,2.2584872
2025-08-18 21:04:50.288300+00:00,2.2584867
2025-08-18 21:05:04.121717+00:00,2.2584871
2025-08-18 21:05:16.567752+00:00,2.2584876
2025-08-18 21:05:31.988360+00:00,2.2584877
2025-08-18 21:05:42.388250+00:00,2.2584873
2025-08-18 21:05:55.110429+00:00,2.2584873
2025-08-18 21:06:08.089223+00:00,2.2584875
2025-08-18 21:06:21.326474+00:00,2.2584871
2025-08-18 21:06:33.684280+00:00,2.2584875
2025-08-18 21:06:47.252495+00:00,2.2584875
2025-08-18 21:06:59.293657+00:00,2.2584871
2025-08-18 21:07:12.367130+00:00,2.2584877
2025-08-18 21:07:25.550547+00:00,2.2584874
2025-08-18 21:07:37.751478+00:00,2.2584875
2025-08-18 21:07:50.962297+00:00,2.2584878
2025-08-18 21:08:03.435927+00:00,2.2584874
2025-08-18 21:08:15.836300+00:00,2.2584874
2025-08-18 21:08:28.357014+00:00,2.2584878
2025-08-18 21:08:43.441021+00:00,2.2584879
2025-08-18 21:08:53.787697+00:00,2.2584875
2025-08-18 21:09:06.909394+00:00,2.2584871
2025-08-18 21:09:19.465160+00:00,2.2584875
2025-08-18 21:09:32.959693+00:00,2.2584875
2025-08-18 21:09:45.709572+00:00,2.2584876
2025-08-18 21:09:58.026535+00:00,2.258488
2025-08-18 21:10:11.740988+00:00,2.2584869
2025-08-18 21:10:23.622450+00:00,2.2584872
2025-08-18 21:10:36.560595+00:00,2.2584872
2025-08-18 21:10:49.988814+00:00,2.2584873
2025-08-18 21:11:02.646439+00:00,2.2584869
2025-08-18 21:11:16.448282+00:00,2.2584874
2025-08-18 21:11:27.736152+00:00,2.2584878
2025-08-18 21:11:41.555320+00:00,2.2584877
2025-08-18 21:11:52.879490+00:00,2.2584869
2025-08-18 21:12:11.462186+00:00,2.2584869
2025-08-18 21:12:18.438321+00:00,2.2584869
2025-08-18 21:12:31.356673+00:00,2.2584874
2025-08-18 21:12:46.720238+00:00,2.2584873
2025-08-18 21:12:58.050083+00:00,2.2584871
2025-08-18 21:13:11.603408+00:00,2.2584877
2025-08-18 21:13:23.542377+00:00,2.258487
2025-08-18 21:13:35.860293+00:00,2.2584873
2025-08-18 21:13:49.087554+00:00,2.2584873
2025-08-18 21:14:02.217425+00:00,2.2584876
2025-08-18 21:14:14.917363+00:00,2.258487
2025-08-18 21:14:28.318585+00:00,2.2584869
2025-08-18 21:14:41.012144+00:00,2.2584876
2025-08-18 21:14:53.955243+00:00,2.2584875
2025-08-18 21:15:20.168285+00:00,2.2584877
2025-08-18 21:15:33.048674+00:00,2.2584873
2025-08-18 21:15:45.714486+00:00,2.2584871
2025-08-18 21:15:58.750717+00:00,2.2584878
2025-08-18 21:16:12.523652+00:00,2.2584878
2025-08-18 21:16:24.089765+00:00,2.2584874
2025-08-18 21:16:37.367704+00:00,2.2584877
2025-08-18 21:16:49.225985+00:00,2.258487
2025-08-18 21:17:01.871549+00:00,2.2584871
2025-08-18 21:17:16.038549+00:00,2.2584879
2025-08-18 21:17:26.976865+00:00,2.2584874
2025-08-18 21:17:40.401825+00:00,2.2584874
2025-08-18 21:17:52.338099+00:00,2.2584869
2025-08-18 21:18:05.126497+00:00,2.2584875
2025-08-18 21:18:23.311744+00:00,2.2584878
2025-08-18 21:18:31.461475+00:00,2.2584871
2025-08-18 21:18:43.539235+00:00,2.2584879
2025-08-18 21:18:56.200538+00:00,2.2584874
2025-08-18 21:19:09.421432+00:00,2.2584874
2025-08-18 21:19:22.661727+00:00,2.2584877
2025-08-18 21:19:35.413862+00:00,2.2584875
2025-08-18 21:19:47.760685+00:00,2.2584873
2025-08-18 21:20:00.727618+00:00,2.2584871
2025-08-18 21:20:13.145570+00:00,2.2584874
2025-08-18 21:20:26.759259+00:00,2.2584877
2025-08-18 21:20:39.478844+00:00,2.2584875
2025-08-18 21:20:51.627307+00:00,2.258488
2025-08-18 21:21:04.580730+00:00,2.2584878
2025-08-18 21:21:17.715651+00:00,2.2584875
2025-08-18 21:21:30.134570+00:00,2.2584868
2025-08-18 21:21:42.794165+00:00,2.2584879
2025-08-18 21:21:55.706554+00:00,2.2584879
2025-08-18 21:22:08.998362+00:00,2.2584872
2025-08-18 21:22:21.898045+00:00,2.2584879
2025-08-18 21:22:35.227148+00:00,2.2584866
2025-08-18 21:22:48.402695+00:00,2.2584881
2025-08-18 21:23:01.339349+00:00,2.2584871
2025-08-18 21:23:14.756133+00:00,2.2584879
2025-08-18 21:23:28.235319+00:00,2.2584878
2025-08-18 21:23:40.068373+00:00,2.2584874
2025-08-18 21:23:53.513453+00:00,2.2584878
2025-08-18 21:24:09.321659+00:00,2.2584874
2025-08-18 21:24:19.045413+00:00,2.2584876
2025-08-18 21:24:31.818609+00:00,2.2584869
2025-08-18 21:24:47.025951+00:00,2.2584877
2025-08-18 21:24:57.480710+00:00,2.2584878
2025-08-18 21:25:10.852812+00:00,2.2584877
2025-08-18 21:25:23.101827+00:00,2.2584879
2025-08-18 21:25:36.359494+00:00,2.2584874
2025-08-18 21:25:49.010046+00:00,2.2584874
2025-08-18 21:26:01.282083+00:00,2.2584873
2025-08-18 21:26:13.546387+00:00,2.2584879
2025-08-18 21:26:26.290238+00:00,2.2584871
2025-08-18 21:26:40.442581+00:00,2.2584871
2025-08-18 21:26:52.296333+00:00,2.2584878
2025-08-18 21:27:05.524213+00:00,2.258487
2025-08-18 21:27:17.851624+00:00,2.2584876
2025-08-18 21:27:30.719445+00:00,2.2584877
2025-08-18 21:27:43.266993+00:00,2.2584874
2025-08-18 21:27:56.058665+00:00,2.2584872
2025-08-18 21:28:10.058563+00:00,2.2584867
2025-08-18 21:28:21.181900+00:00,2.2584878
2025-08-18 21:28:34.032306+00:00,2.2584871
2025-08-18 21:28:47.962533+00:00,2.2584874
2025-08-18 21:29:00.743808+00:00,2.2584868
2025-08-18 21:29:12.157262+00:00,2.2584878
2025-08-18 21:29:25.024814+00:00,2.2584882
2025-08-18 21:29:37.922264+00:00,2.2584876
2025-08-18 21:29:51.347223+00:00,2.2584876
2025-08-18 21:30:03.993158+00:00,2.2584875
2025-08-18 21:30:17.098823+00:00,2.2584881
2025-08-18 21:30:32.150556+00:00,2.2584875
2025-08-18 21:30:42.306775+00:00,2.2584874
2025-08-18 21:30:55.562692+00:00,2.2584872
2025-08-18 21:31:08.983881+00:00,2.2584873
2025-08-18 21:31:21.754011+00:00,2.2584876
2025-08-18 21:31:34.688830+00:00,2.2584875
2025-08-18 21:31:48.320054+00:00,2.2584877
2025-08-18 21:32:01.616887+00:00,2.2584878
2025-08-18 21:32:14.704325+00:00,2.2584877
2025-08-18 21:32:26.605043+00:00,2.2584877
2025-08-18 21:32:39.114384+00:00,2.2584875
2025-08-18 21:32:52.331046+00:00,2.2584877
2025-08-18 21:33:05.406256+00:00,2.2584881
2025-08-18 21:33:17.920739+00:00,2.2584873
2025-08-18 21:33:31.071858+00:00,2.258488
2025-08-18 21:33:44.102473+00:00,2.2584876
2025-08-18 21:33:57.026324+00:00,2.2584872
2025-08-18 21:34:08.997057+00:00,2.2584871
2025-08-18 21:34:22.024903+00:00,2.2584873
2025-08-18 21:34:33.846530+00:00,2.2584875
2025-08-18 21:34:48.352446+00:00,2.2584876
2025-08-18 21:34:59.731235+00:00,2.258488
2025-08-18 21:35:15.519333+00:00,2.2584879
2025-08-18 21:35:24.653128+00:00,2.2584872
2025-08-18 21:35:38.867650+00:00,2.258488
2025-08-18 21:35:50.807394+00:00,2.2584877
2025-08-18 21:36:03.667024+00:00,2.2584872
2025-08-18 21:36:16.341128+00:00,2.258488
2025-08-18 21:36:28.461339+00:00,2.2584876
2025-08-18 21:36:40.729036+00:00,2.258487
2025-08-18 21:36:54.308860+00:00,2.2584879
2025-08-18 21:37:08.587206+00:00,2.2584872
2025-08-18 21:37:20.838118+00:00,2.2584873
2025-08-18 21:37:33.539827+00:00,2.2584875
2025-08-18 21:37:44.987825+00:00,2.2584879
2025-08-18 21:37:57.647380+00:00,2.2584878
2025-08-18 21:38:10.483755+00:00,2.2584879
2025-08-18 21:38:26.094260+00:00,2.2584877
2025-08-18 21:38:35.713551+00:00,2.258488
2025-08-18 21:38:48.855119+00:00,2.2584868
2025-08-18 21:39:01.522250+00:00,2.2584875
2025-08-18 21:39:27.461105+00:00,2.2584877
2025-08-18 21:39:39.726192+00:00,2.2584875
2025-08-18 21:39:52.795721+00:00,2.2584877
2025-08-18 21:40:07.241459+00:00,2.2584869
2025-08-18 21:40:19.533491+00:00,2.2584859
2025-08-18 21:40:32.488086+00:00,2.258487
2025-08-18 21:40:44.927183+00:00,2.258487
2025-08-18 21:41:01.198479+00:00,2.2584881
2025-08-18 21:41:17.110189+00:00,2.2584869
2025-08-18 21:41:23.934578+00:00,2.258488
2025-08-18 21:41:36.955177+00:00,2.2584874
2025-08-18 21:41:50.247259+00:00,2.2584869
2025-08-18 21:42:06.010340+00:00,2.2584877
2025-08-18 21:42:17.356482+00:00,2.2584874
2025-08-18 21:42:28.558311+00:00,2.2584878
2025-08-18 21:42:41.454684+00:00,2.2584871
2025-08-18 21:42:56.398027+00:00,2.2584874
2025-08-18 21:43:07.852691+00:00,2.258488
2025-08-18 21:43:20.261027+00:00,2.2584879
2025-08-18 21:43:34.134521+00:00,2.2584875
2025-08-18 21:43:45.218988+00:00,2.2584875
2025-08-18 21:43:57.741538+00:00,2.2584873
2025-08-18 21:44:10.855226+00:00,2.2584873
2025-08-18 21:44:24.563645+00:00,2.2584878
2025-08-18 21:44:35.914256+00:00,2.2584877
2025-08-18 21:44:49.067677+00:00,2.2584879
2025-08-18 21:45:01.959226+00:00,2.2584876
2025-08-18 21:45:14.854536+00:00,2.2584879
2025-08-18 21:45:28.377834+00:00,2.2584878
2025-08-18 21:45:40.587911+00:00,2.2584874
2025-08-18 21:45:53.606741+00:00,2.2584875
2025-08-18 21:46:06.753400+00:00,2.2584876
2025-08-18 21:46:18.645374+00:00,2.2584874
2025-08-18 21:46:31.585913+00:00,2.2584871
2025-08-18 21:46:44.320834+00:00,2.258487
2025-08-18 21:46:56.874876+00:00,2.2584872
2025-08-18 21:47:10.474025+00:00,2.2584875
2025-08-18 21:47:22.744174+00:00,2.2584877
2025-08-18 21:47:36.116407+00:00,2.2584874
2025-08-18 21:47:48.793345+00:00,2.2584875
2025-08-18 21:48:03.084734+00:00,2.2584872
2025-08-18 21:48:14.496041+00:00,2.2584881
2025-08-18 21:48:40.318127+00:00,2.2584868
2025-08-18 21:48:53.765246+00:00,2.258488
2025-08-18 21:49:06.881709+00:00,2.2584876
2025-08-18 21:49:19.823857+00:00,2.2584873
2025-08-18 21:49:33.314952+00:00,2.2584873
2025-08-18 21:49:45.663524+00:00,2.2584883
2025-08-18 21:49:58.576315+00:00,2.2584873
2025-08-18 21:50:12.457816+00:00,2.2584876
2025-08-18 21:50:25.015229+00:00,2.2584869
2025-08-18 21:50:39.388520+00:00,2.2584875
2025-08-18 21:50:50.239250+00:00,2.2584878
2025-08-18 21:51:03.546062+00:00,2.2584872
2025-08-18 21:51:16.481245+00:00,2.2584881
2025-08-18 21:51:28.788303+00:00,2.2584877
2025-08-18 21:51:42.114028+00:00,2.2584873
2025-08-18 21:51:54.446755+00:00,2.258488
2025-08-18 21:52:07.802746+00:00,2.2584873
2025-08-18 21:52:19.986364+00:00,2.2584874
2025-08-18 21:52:32.917459+00:00,2.2584879
2025-08-18 21:52:58.022511+00:00,2.2584874
2025-08-18 21:53:10.578980+00:00,2.2584882
2025-08-18 21:53:23.305195+00:00,2.2584873
2025-08-18 21:53:36.309854+00:00,2.2584875
2025-08-18 21:53:48.753167+00:00,2.2584873
2025-08-18 21:54:01.742595+00:00,2.2584868
2025-08-18 21:54:14.542298+00:00,2.2584871
2025-08-18 21:54:27.351635+00:00,2.258488
2025-08-18 21:54:40.022702+00:00,2.2584877
2025-08-18 21:54:55.395753+00:00,2.2584876
2025-08-18 21:55:05.905846+00:00,2.2584877
2025-08-18 21:55:18.930867+00:00,2.2584875
2025-08-18 21:55:44.090713+00:00,2.2584876
2025-08-18 21:55:56.875030+00:00,2.2584873
2025-08-18 21:56:12.046537+00:00,2.2584879
2025-08-18 21:56:22.216409+00:00,2.2584878
2025-08-18 21:56:34.744340+00:00,2.2584876
2025-08-18 21:56:48.098730+00:00,2.258488
2025-08-18 21:57:00.636195+00:00,2.258487
2025-08-18 21:57:13.939514+00:00,2.2584872
2025-08-18 21:57:26.833253+00:00,2.258488
2025-08-18 21:57:39.726913+00:00,2.2584877
2025-08-18 21:57:53.425148+00:00,2.2584881
2025-08-18 21:58:14.422966+00:00,2.2584859
2025-08-18 21:58:18.779698+00:00,2.2584873
2025-08-18 21:58:32.330281+00:00,2.2584882
2025-08-18 21:58:44.731870+00:00,2.2584871
2025-08-18 21:58:57.635237+00:00,2.2584872
2025-08-18 21:59:10.907564+00:00,2.2584877
2025-08-18 21:59:23.611034+00:00,2.2584876
2025-08-18 21:59:37.694229+00:00,2.2584875
2025-08-18 21:59:51.601497+00:00,2.2584876
2025-08-18 22:00:05.264889+00:00,2.258487
2025-08-18 22:00:16.382852+00:00,2.2584866
2025-08-18 22:00:28.090715+00:00,2.258488
2025-08-18 22:00:40.805726+00:00,2.2584872
2025-08-18 22:00:53.889713+00:00,2.2584878
2025-08-18 22:01:06.363645+00:00,2.2584878
2025-08-18 22:01:19.414036+00:00,2.2584874
2025-08-18 22:01:31.614164+00:00,2.2584877
2025-08-18 22:01:43.850924+00:00,2.2584875
2025-08-18 22:01:56.741335+00:00,2.2584871
2025-08-18 22:02:09.763645+00:00,2.2584884
2025-08-18 22:02:22.157290+00:00,2.2584877
2025-08-18 22:02:35.126147+00:00,2.2584874
2025-08-18 22:02:47.635799+00:00,2.2584872
2025-08-18 22:03:00.693121+00:00,2.2584875
2025-08-18 22:03:13.318306+00:00,2.2584878
2025-08-18 22:03:25.662515+00:00,2.2584875
2025-08-18 22:03:38.849598+00:00,2.2584871
2025-08-18 22:03:53.689383+00:00,2.2584873
2025-08-18 22:04:10.225691+00:00,2.2584874
2025-08-18 22:04:17.263138+00:00,2.2584878
2025-08-18 22:04:30.615041+00:00,2.2584877
2025-08-18 22:04:42.637229+00:00,2.2584874
2025-08-18 22:04:55.046109+00:00,2.2584876
2025-08-18 22:05:09.018186+00:00,2.2584873
2025-08-18 22:05:20.917280+00:00,2.2584877
2025-08-18 22:05:33.844265+00:00,2.2584878
2025-08-18 22:05:46.964896+00:00,2.2584869
2025-08-18 22:05:58.644912+00:00,2.2584876
2025-08-18 22:06:12.147871+00:00,2.2584874
2025-08-18 22:06:24.527742+00:00,2.2584876
2025-08-18 22:06:37.987808+00:00,2.2584878
2025-08-18 22:06:50.762817+00:00,2.2584877
2025-08-18 22:07:04.447059+00:00,2.2584875
2025-08-18 22:07:18.600560+00:00,2.2584866
2025-08-18 22:07:33.662676+00:00,2.2584874
2025-08-18 22:07:42.584642+00:00,2.2584884
2025-08-18 22:07:55.666456+00:00,2.2584864
2025-08-18 22:08:09.142548+00:00,2.2584873
2025-08-18 22:08:21.475343+00:00,2.258488
2025-08-18 22:08:34.543580+00:00,2.2584869
2025-08-18 22:08:48.053070+00:00,2.2584878
2025-08-18 22:09:00.440149+00:00,2.2584879
2025-08-18 22:09:13.225045+00:00,2.2584872
2025-08-18 22:09:25.933510+00:00,2.2584871
2025-08-18 22:09:38.910308+00:00,2.2584878
2025-08-18 22:09:51.744491+00:00,2.2584874
2025-08-18 22:10:04.733283+00:00,2.2584875
2025-08-18 22:10:17.683962+00:00,2.2584878
2025-08-18 22:10:30.056822+00:00,2.2584876
2025-08-18 22:10:42.372867+00:00,2.2584876
2025-08-18 22:11:09.982938+00:00,2.2584873
2025-08-18 22:11:20.356493+00:00,2.2584874
2025-08-18 22:11:35.212879+00:00,2.2584874
2025-08-18 22:11:45.699304+00:00,2.2584874
2025-08-18 22:11:58.298820+00:00,2.2584878
2025-08-18 22:12:11.230648+00:00,2.2584877
2025-08-18 22:12:29.923181+00:00,2.2584878
2025-08-18 22:12:36.951894+00:00,2.2584875
2025-08-18 22:12:49.496488+00:00,2.2584871
2025-08-18 22:13:03.026317+00:00,2.2584871
2025-08-18 22:13:15.161146+00:00,2.2584872
2025-08-18 22:13:28.240768+00:00,2.2584876
2025-08-18 22:13:43.677480+00:00,2.2584875
2025-08-18 22:13:53.618561+00:00,2.2584872
2025-08-18 22:14:06.786565+00:00,2.2584872
2025-08-18 22:14:19.127477+00:00,2.2584876
2025-08-18 22:14:35.425501+00:00,2.2584878
2025-08-18 22:14:45.109304+00:00,2.2584871
2025-08-18 22:14:58.951990+00:00,2.2584878
2025-08-18 22:15:11.136739+00:00,2.2584876
2025-08-18 22:15:29.306209+00:00,2.2584872
2025-08-18 22:15:37.476305+00:00,2.2584876
2025-08-18 22:15:51.800469+00:00,2.2584879
2025-08-18 22:16:03.183485+00:00,2.2584876
2025-08-18 22:16:16.365444+00:00,2.2584875
2025-08-18 22:16:28.998350+00:00,2.2584876
2025-08-18 22:16:41.762746+00:00,2.2584876
2025-08-18 22:16:54.649829+00:00,2.258487
2025-08-18 22:17:08.106921+00:00,2.2584878
2025-08-18 22:17:20.449338+00:00,2.2584872
2025-08-18 22:17:34.956172+00:00,2.2584875
2025-08-18 22:17:46.906512+00:00,2.2584877
2025-08-18 22:17:58.940549+00:00,2.2584869
2025-08-18 22:18:11.905150+00:00,2.2584872
2025-08-18 22:18:25.380731+00:00,2.2584875
2025-08-18 22:18:38.588462+00:00,2.2584862
2025-08-18 22:18:50.495792+00:00,2.2584875
2025-08-18 22:19:04.269566+00:00,2.258488
2025-08-18 22:19:16.511893+00:00,2.2584877
2025-08-18 22:19:28.772435+00:00,2.2584876
2025-08-18 22:19:41.432052+00:00,2.2584874
2025-08-18 22:19:53.649475+00:00,2.2584878
2025-08-18 22:20:06.665316+00:00,2.2584879
2025-08-18 22:20:21.734535+00:00,2.2584878
2025-08-18 22:20:32.450906+00:00,2.2584877
2025-08-18 22:20:47.899228+00:00,2.2584871
2025-08-18 22:20:58.141926+00:00,2.2584872
2025-08-18 22:21:10.977097+00:00,2.2584881
2025-08-18 22:21:24.373845+00:00,2.2584874
2025-08-18 22:21:36.410350+00:00,2.2584877
2025-08-18 22:21:49.388437+00:00,2.2584878
2025-08-18 22:22:02.282791+00:00,2.2584876
2025-08-18 22:22:19.140470+00:00,2.2584876
2025-08-18 22:22:27.316864+00:00,2.2584879
2025-08-18 22:22:40.189094+00:00,2.2584879
2025-08-18 22:22:55.111755+00:00,2.2584878
2025-08-18 22:23:06.218106+00:00,2.2584881
2025-08-18 22:23:18.395652+00:00,2.2584874
2025-08-18 22:23:31.981083+00:00,2.2584879
2025-08-18 22:23:45.401067+00:00,2.2584871
2025-08-18 22:23:57.639198+00:00,2.2584874
2025-08-18 22:24:10.932798+00:00,2.2584879
2025-08-18 22:24:23.834987+00:00,2.2584871
2025-08-18 22:24:36.593076+00:00,2.2584874
2025-08-18 22:24:50.023035+00:00,2.2584877
2025-08-18 22:25:03.087419+00:00,2.2584874
2025-08-18 22:25:16.319683+00:00,2.2584871
2025-08-18 22:25:29.577400+00:00,2.2584873
2025-08-18 22:25:41.890439+00:00,2.2584872
2025-08-18 22:25:55.314205+00:00,2.2584869
2025-08-18 22:26:08.363483+00:00,2.2584877
2025-08-18 22:26:21.057328+00:00,2.2584869
2025-08-18 22:26:34.451708+00:00,2.2584872
2025-08-18 22:26:46.718023+00:00,2.2584872
2025-08-18 22:27:00.047490+00:00,2.2584875
2025-08-18 22:27:11.888966+00:00,2.2584877
2025-08-18 22:27:24.753653+00:00,2.2584876
2025-08-18 22:27:37.718259+00:00,2.2584866
2025-08-18 22:27:50.112501+00:00,2.2584879
2025-08-18 22:28:04.199302+00:00,2.2584876
2025-08-18 22:28:15.401795+00:00,2.2584873
2025-08-18 22:28:27.769657+00:00,2.2584874
2025-08-18 22:28:40.710713+00:00,2.2584876
2025-08-18 22:28:55.762690+00:00,2.258488
2025-08-18 22:29:07.625754+00:00,2.2584877
2025-08-18 22:29:18.666054+00:00,2.2584875
2025-08-18 22:29:31.797146+00:00,2.2584868
2025-08-18 22:29:44.163239+00:00,2.258488
2025-08-18 22:29:56.875321+00:00,2.2584872
2025-08-18 22:30:10.109225+00:00,2.2584879
2025-08-18 22:30:23.279237+00:00,2.2584874
2025-08-18 22:30:36.056680+00:00,2.2584879
2025-08-18 22:30:50.830061+00:00,2.2584875
2025-08-18 22:31:01.233247+00:00,2.2584868
2025-08-18 22:31:13.633952+00:00,2.2584873
2025-08-18 22:31:27.462097+00:00,2.2584876
2025-08-18 22:31:39.422556+00:00,2.2584876
2025-08-18 22:31:53.161733+00:00,2.2584878
2025-08-18 22:32:05.523157+00:00,2.2584876
2025-08-18 22:32:18.869409+00:00,2.2584878
2025-08-18 22:32:30.610835+00:00,2.2584879
2025-08-18 22:32:42.915656+00:00,2.2584873
2025-08-18 22:32:55.939019+00:00,2.2584874
2025-08-18 22:33:14.480405+00:00,2.2584876
2025-08-18 22:33:22.647850+00:00,2.258488
2025-08-18 22:33:34.775928+00:00,2.2584872
2025-08-18 22:33:48.068432+00:00,2.2584874
2025-08-18 22:34:01.258788+00:00,2.2584874
2025-08-18 22:34:14.398895+00:00,2.2584875
2025-08-18 22:34:27.010017+00:00,2.2584872
2025-08-18 22:34:40.604064+00:00,2.2584876
2025-08-18 22:34:53.173822+00:00,2.2584874
2025-08-18 22:35:06.739323+00:00,2.2584878
2025-08-18 22:35:20.061418+00:00,2.2584875
2025-08-18 22:35:32.112340+00:00,2.2584873
2025-08-18 22:35:44.434174+00:00,2.2584878
2025-08-18 22:35:57.093485+00:00,2.2584872
2025-08-18 22:36:12.283396+00:00,2.258487
2025-08-18 22:36:23.459474+00:00,2.2584875
2025-08-18 22:36:35.513271+00:00,2.2584875
2025-08-18 22:36:48.424324+00:00,2.2584877
2025-08-18 22:37:01.553970+00:00,2.2584872
2025-08-18 22:37:15.776978+00:00,2.2584875
2025-08-18 22:37:26.837525+00:00,2.2584863
2025-08-18 22:37:40.107664+00:00,2.2584869
2025-08-18 22:37:52.148737+00:00,2.2584871
2025-08-18 22:38:05.594005+00:00,2.2584868
2025-08-18 22:38:17.935040+00:00,2.2584872
2025-08-18 22:38:30.334158+00:00,2.2584881
2025-08-18 22:38:42.877203+00:00,2.2584879
2025-08-18 22:38:56.087977+00:00,2.2584876
2025-08-18 22:39:11.549961+00:00,2.2584871
2025-08-18 22:39:21.586331+00:00,2.258488
2025-08-18 22:39:34.495831+00:00,2.2584865
2025-08-18 22:39:48.655283+00:00,2.2584882
2025-08-18 22:40:01.322531+00:00,2.2584873
2025-08-18 22:40:12.949014+00:00,2.2584871
2025-08-18 22:40:26.280446+00:00,2.258487
2025-08-18 22:40:39.952277+00:00,2.2584877
2025-08-18 22:40:51.008455+00:00,2.2584872
2025-08-18 22:41:09.879372+00:00,2.2584876
2025-08-18 22:41:17.521671+00:00,2.2584875
2025-08-18 22:41:29.420547+00:00,2.2584876
2025-08-18 22:41:42.092738+00:00,2.2584882
2025-08-18 22:41:55.051098+00:00,2.258487
2025-08-18 22:42:09.752745+00:00,2.2584875
2025-08-18 22:42:20.987015+00:00,2.2584879
2025-08-18 22:42:34.429405+00:00,2.2584877
2025-08-18 22:42:47.536240+00:00,2.2584874
2025-08-18 22:43:00.641824+00:00,2.2584879
2025-08-18 22:43:13.825092+00:00,2.2584871
2025-08-18 22:43:26.475504+00:00,2.2584873
2025-08-18 22:43:40.467433+00:00,2.2584873
2025-08-18 22:43:52.307226+00:00,2.2584879
2025-08-18 22:44:07.565725+00:00,2.2584875
2025-08-18 22:44:18.967946+00:00,2.2584871
2025-08-18 22:44:33.940487+00:00,2.2584878
2025-08-18 22:44:44.291053+00:00,2.2584874
2025-08-18 22:44:57.189327+00:00,2.2584875
2025-08-18 22:45:10.271392+00:00,2.258488
2025-08-18 22:45:26.524450+00:00,2.2584877
2025-08-18 22:45:36.889643+00:00,2.2584869
2025-08-18 22:45:48.472850+00:00,2.2584876
2025-08-18 22:46:00.914217+00:00,2.2584879
2025-08-18 22:46:13.681101+00:00,2.2584868
2025-08-18 22:46:27.706423+00:00,2.2584881
2025-08-18 22:46:38.716865+00:00,2.258488
2025-08-18 22:46:51.378793+00:00,2.2584877
2025-08-18 22:47:04.503728+00:00,2.258488
2025-08-18 22:47:17.705370+00:00,2.2584874
2025-08-18 22:47:29.872011+00:00,2.258488
2025-08-18 22:47:44.647497+00:00,2.258487
2025-08-18 22:47:55.904081+00:00,2.2584877
2025-08-18 22:48:10.177114+00:00,2.2584876
2025-08-18 22:48:21.374831+00:00,2.2584875
2025-08-18 22:48:34.199718+00:00,2.2584871
2025-08-18 22:48:51.059587+00:00,2.2584873
2025-08-18 22:48:59.554177+00:00,2.2584873
2025-08-18 22:49:12.211121+00:00,2.2584873
2025-08-18 22:49:24.963630+00:00,2.2584868
2025-08-18 22:49:37.779060+00:00,2.2584873
2025-08-18 22:49:59.725189+00:00,2.258487
2025-08-18 22:50:03.565269+00:00,2.2584875
2025-08-18 22:50:16.475252+00:00,2.2584881
2025-08-18 22:50:29.204617+00:00,2.2584877
2025-08-18 22:50:42.124500+00:00,2.258487
2025-08-18 22:50:55.282872+00:00,2.2584869
2025-08-18 22:51:08.105719+00:00,2.2584871
2025-08-18 22:51:21.100128+00:00,2.2584883
2025-08-18 22:51:34.565808+00:00,2.2584883
2025-08-18 22:51:47.137068+00:00,2.2584875
2025-08-18 22:52:00.431076+00:00,2.2584882
2025-08-18 22:52:13.764040+00:00,2.2584874
2025-08-18 22:52:25.974264+00:00,2.2584876
2025-08-18 22:52:38.972277+00:00,2.258488
2025-08-18 22:52:51.823559+00:00,2.2584875
2025-08-18 22:53:04.724523+00:00,2.2584873
2025-08-18 22:53:17.852094+00:00,2.2584879
2025-08-18 22:53:30.893027+00:00,2.2584879
2025-08-18 22:53:43.496921+00:00,2.258487
2025-08-18 22:53:57.679498+00:00,2.2584872
2025-08-18 22:54:09.341833+00:00,2.2584872
2025-08-18 22:54:22.102312+00:00,2.2584876
2025-08-18 22:54:34.831379+00:00,2.2584878
2025-08-18 22:54:48.973033+00:00,2.2584874
2025-08-18 22:55:01.022903+00:00,2.2584878
2025-08-18 22:55:25.441748+00:00,2.2584879
2025-08-18 22:55:38.088340+00:00,2.2584878
2025-08-18 22:55:55.246810+00:00,2.2584871
2025-08-18 22:56:07.551593+00:00,2.2584876
2025-08-18 22:56:16.568771+00:00,2.2584873
2025-08-18 22:56:29.407555+00:00,2.2584875
2025-08-18 22:56:41.655685+00:00,2.2584873
2025-08-18 22:56:55.383191+00:00,2.2584875
2025-08-18 22:57:08.223500+00:00,2.2584881
2025-08-18 22:57:20.924631+00:00,2.2584872
2025-08-18 22:57:32.986506+00:00,2.258488
2025-08-18 22:57:45.708335+00:00,2.2584873
2025-08-18 22:57:58.251140+00:00,2.2584871
2025-08-18 22:58:11.654489+00:00,2.2584877
2025-08-18 22:58:37.098071+00:00,2.2584868
2025-08-18 22:58:49.210363+00:00,2.2584877
2025-08-18 22:59:02.953364+00:00,2.2584874
2025-08-18 22:59:14.974569+00:00,2.258488
2025-08-18 22:59:27.962697+00:00,2.2584882
2025-08-18 22:59:40.745892+00:00,2.2584879
2025-08-18 22:59:54.260537+00:00,2.2584873
2025-08-18 23:00:07.055443+00:00,2.2584868
2025-08-18 23:00:20.751282+00:00,2.2584875
2025-08-18 23:00:33.423004+00:00,2.2584878
2025-08-18 23:01:01.707282+00:00,2.2584875
2025-08-18 23:01:25.224003+00:00,2.2584877
2025-08-18 23:01:38.204406+00:00,2.2584879
2025-08-18 23:01:50.895628+00:00,2.2584877
2025-08-18 23:02:04.150685+00:00,2.2584872
2025-08-18 23:02:17.219531+00:00,2.2584876
2025-08-18 23:02:29.685150+00:00,2.2584871
2025-08-18 23:02:44.572104+00:00,2.2584879
2025-08-18 23:02:55.363298+00:00,2.2584871
2025-08-18 23:03:08.548334+00:00,2.2584877
2025-08-18 23:03:21.060275+00:00,2.2584876
2025-08-18 23:03:33.810273+00:00,2.2584877
2025-08-18 23:03:46.515376+00:00,2.2584874
2025-08-18 23:03:59.660529+00:00,2.2584876
2025-08-18 23:04:11.468775+00:00,2.2584876
2025-08-18 23:04:24.146594+00:00,2.2584882
2025-08-18 23:04:36.773997+00:00,2.2584873
2025-08-18 23:04:49.559952+00:00,2.2584876
2025-08-18 23:05:02.475775+00:00,2.2584881
2025-08-18 23:05:15.198913+00:00,2.2584872
2025-08-18 23:05:28.362523+00:00,2.2584873
2025-08-18 23:05:41.017166+00:00,2.258488
2025-08-18 23:05:53.051205+00:00,2.2584867
2025-08-18 23:06:09.322624+00:00,2.258487
2025-08-18 23:06:18.997227+00:00,2.2584868
2025-08-18 23:06:32.308262+00:00,2.2584875
2025-08-18 23:06:46.065292+00:00,2.2584875
2025-08-18 23:06:57.776864+00:00,2.2584868
2025-08-18 23:07:10.543779+00:00,2.2584876
2025-08-18 23:07:23.214046+00:00,2.2584872
2025-08-18 23:07:36.461693+00:00,2.2584873
2025-08-18 23:07:50.437123+00:00,2.2584875
2025-08-18 23:08:01.701028+00:00,2.2584879
2025-08-18 23:08:14.303020+00:00,2.2584876
2025-08-18 23:08:27.260290+00:00,2.2584877
2025-08-18 23:08:40.553548+00:00,2.2584878
2025-08-18 23:08:52.720705+00:00,2.258488
2025-08-18 23:09:06.167144+00:00,2.2584873
2025-08-18 23:09:19.146050+00:00,2.2584868
2025-08-18 23:09:32.109631+00:00,2.2584878
2025-08-18 23:09:45.794028+00:00,2.2584875
2025-08-18 23:09:59.375674+00:00,2.2584878
2025-08-18 23:10:12.260019+00:00,2.2584875
2025-08-18 23:10:24.330527+00:00,2.2584878
2025-08-18 23:10:37.007630+00:00,2.2584883
2025-08-18 23:10:50.774444+00:00,2.2584877
2025-08-18 23:11:03.724391+00:00,2.2584876
2025-08-18 23:11:18.867495+00:00,2.2584879
2025-08-18 23:11:29.140565+00:00,2.2584873
2025-08-18 23:11:41.821680+00:00,2.2584874
2025-08-18 23:11:54.864449+00:00,2.2584872
2025-08-18 23:12:08.735665+00:00,2.2584869
2025-08-18 23:12:21.446348+00:00,2.2584873
2025-08-18 23:12:34.330253+00:00,2.2584868
2025-08-18 23:12:50.199346+00:00,2.2584874
2025-08-18 23:12:59.241012+00:00,2.2584879
2025-08-18 23:13:12.163103+00:00,2.2584873
2025-08-18 23:13:24.465103+00:00,2.2584871
2025-08-18 23:13:36.993838+00:00,2.2584878
2025-08-18 23:13:49.721473+00:00,2.2584882
2025-08-18 23:14:02.343431+00:00,2.2584873
2025-08-18 23:14:15.069567+00:00,2.2584872
2025-08-18 23:14:27.961002+00:00,2.2584873
2025-08-18 23:14:40.736998+00:00,2.2584876
2025-08-18 23:14:53.403903+00:00,2.258487
2025-08-18 23:15:06.585645+00:00,2.258487
2025-08-18 23:15:19.578650+00:00,2.2584881
2025-08-18 23:15:34.657678+00:00,2.2584868
2025-08-18 23:15:47.510951+00:00,2.2584871
2025-08-18 23:15:57.535911+00:00,2.2584872
2025-08-18 23:16:12.301900+00:00,2.2584876
2025-08-18 23:16:26.618141+00:00,2.2584878
2025-08-18 23:16:35.750553+00:00,2.2584878
2025-08-18 23:16:48.258280+00:00,2.2584877
2025-08-18 23:17:01.350970+00:00,2.2584872
2025-08-18 23:17:14.072296+00:00,2.258488
2025-08-18 23:17:26.669323+00:00,2.258488
2025-08-18 23:17:38.883024+00:00,2.2584875
2025-08-18 23:17:52.782229+00:00,2.2584875
2025-08-18 23:18:06.514054+00:00,2.258488
2025-08-18 23:18:19.489324+00:00,2.2584865
2025-08-18 23:18:31.333120+00:00,2.2584873
2025-08-18 23:18:43.971120+00:00,2.2584883
2025-08-18 23:18:57.394475+00:00,2.2584873
2025-08-18 23:19:11.365548+00:00,2.2584873
2025-08-18 23:19:23.302627+00:00,2.2584871
2025-08-18 23:19:37.982160+00:00,2.2584871
2025-08-18 23:19:51.629328+00:00,2.2584864
2025-08-18 23:20:02.577844+00:00,2.2584875
2025-08-18 23:20:15.762799+00:00,2.2584873
2025-08-18 23:20:28.970703+00:00,2.2584882
2025-08-18 23:20:41.191132+00:00,2.2584875
2025-08-18 23:20:54.462105+00:00,2.2584869
2025-08-18 23:21:07.254413+00:00,2.2584877
2025-08-18 23:21:19.801203+00:00,2.2584879
2025-08-18 23:21:33.324508+00:00,2.2584876
2025-08-18 23:21:45.836586+00:00,2.258487
2025-08-18 23:21:59.742013+00:00,2.258487
2025-08-18 23:22:11.440840+00:00,2.2584882
2025-08-18 23:22:23.714920+00:00,2.2584871
2025-08-18 23:22:36.095945+00:00,2.2584877
2025-08-18 23:22:48.953334+00:00,2.2584879
2025-08-18 23:23:01.498788+00:00,2.2584876
2025-08-18 23:23:13.992867+00:00,2.2584873
2025-08-18 23:23:27.589402+00:00,2.2584877
2025-08-18 23:23:39.820839+00:00,2.2584874
2025-08-18 23:23:52.553035+00:00,2.2584874
2025-08-18 23:24:05.473278+00:00,2.2584875
2025-08-18 23:24:18.289251+00:00,2.2584874
2025-08-18 23:24:30.846821+00:00,2.2584874
2025-08-18 23:24:43.856400+00:00,2.2584882
2025-08-18 23:24:56.423854+00:00,2.2584872
2025-08-18 23:25:10.343256+00:00,2.2584873
2025-08-18 23:25:22.344477+00:00,2.258487
2025-08-18 23:25:34.813999+00:00,2.2584873
2025-08-18 23:25:47.717855+00:00,2.2584872
2025-08-18 23:26:00.544136+00:00,2.2584864
2025-08-18 23:26:12.720776+00:00,2.2584876
2025-08-18 23:26:25.783822+00:00,2.2584879
2025-08-18 23:26:42.748992+00:00,2.2584874
2025-08-18 23:26:51.463624+00:00,2.2584877
2025-08-18 23:27:04.388600+00:00,2.2584879
2025-08-18 23:27:17.299978+00:00,2.2584883
2025-08-18 23:27:32.641648+00:00,2.2584878
2025-08-18 23:27:43.229269+00:00,2.2584868
2025-08-18 23:27:56.112647+00:00,2.2584878
2025-08-18 23:28:09.590797+00:00,2.2584881
2025-08-18 23:28:22.590093+00:00,2.2584873
2025-08-18 23:28:36.933838+00:00,2.258488
2025-08-18 23:28:48.681295+00:00,2.2584873
2025-08-18 23:29:01.686337+00:00,2.2584867
2025-08-18 23:29:15.909476+00:00,2.2584882
2025-08-18 23:29:30.764466+00:00,2.2584874
2025-08-18 23:29:53.171503+00:00,2.2584879
2025-08-18 23:30:10.822062+00:00,2.2584881
2025-08-18 23:30:19.633232+00:00,2.2584869
2025-08-18 23:30:31.888253+00:00,2.2584866
2025-08-18 23:30:44.619106+00:00,2.2584867
2025-08-18 23:30:58.566382+00:00,2.2584871
2025-08-18 23:31:10.122073+00:00,2.2584876
2025-08-18 23:31:22.489551+00:00,2.2584871
2025-08-18 23:31:35.032775+00:00,2.2584875
2025-08-18 23:31:47.991038+00:00,2.2584878
2025-08-18 23:32:00.135710+00:00,2.2584876
2025-08-18 23:32:13.098210+00:00,2.2584875
2025-08-18 23:32:25.822789+00:00,2.2584882
2025-08-18 23:32:39.276319+00:00,2.2584869
2025-08-18 23:32:52.010150+00:00,2.2584876
2025-08-18 23:33:04.476445+00:00,2.2584874
2025-08-18 23:33:17.263578+00:00,2.2584874
2025-08-18 23:33:30.357398+00:00,2.2584872
2025-08-18 23:33:43.332559+00:00,2.2584883
2025-08-18 23:33:59.666486+00:00,2.2584871
2025-08-18 23:34:08.498650+00:00,2.2584879
2025-08-18 23:34:20.614943+00:00,2.2584875
2025-08-18 23:34:33.963347+00:00,2.2584873
2025-08-18 23:34:50.386486+00:00,2.2584883
2025-08-18 23:34:59.313464+00:00,2.2584874
2025-08-18 23:35:24.990585+00:00,2.2584874
2025-08-18 23:35:37.642085+00:00,2.2584879
2025-08-18 23:35:51.135153+00:00,2.2584879
2025-08-18 23:36:03.803344+00:00,2.2584875
2025-08-18 23:36:18.200945+00:00,2.2584871
2025-08-18 23:36:30.928925+00:00,2.258488
2025-08-18 23:36:42.496553+00:00,2.2584878
2025-08-18 23:36:55.396134+00:00,2.2584866
2025-08-18 23:37:08.957203+00:00,2.2584878
2025-08-18 23:37:23.668223+00:00,2.258487
2025-08-18 23:37:34.784946+00:00,2.2584873
2025-08-18 23:37:48.256181+00:00,2.258487
2025-08-18 23:38:01.382460+00:00,2.2584876
2025-08-18 23:38:14.181989+00:00,2.2584865
2025-08-18 23:38:27.254470+00:00,2.2584876
2025-08-18 23:38:39.762003+00:00,2.2584873
2025-08-18 23:38:52.755441+00:00,2.2584871
2025-08-18 23:39:08.789961+00:00,2.2584875
2025-08-18 23:39:18.638321+00:00,2.2584869
2025-08-18 23:39:32.213680+00:00,2.2584877
2025-08-18 23:39:55.640903+00:00,2.2584879
2025-08-18 23:39:58.133887+00:00,2.258488
2025-08-18 23:40:11.466423+00:00,2.2584865
2025-08-18 23:40:23.739161+00:00,2.2584879
2025-08-18 23:40:36.040484+00:00,2.2584871
2025-08-18 23:40:48.520427+00:00,2.2584873
2025-08-18 23:41:02.538724+00:00,2.2584878
2025-08-18 23:41:13.762752+00:00,2.2584882
2025-08-18 23:41:26.335880+00:00,2.2584864
2025-08-18 23:41:39.160228+00:00,2.258487
2025-08-18 23:41:51.507181+00:00,2.2584876
2025-08-18 23:42:06.963426+00:00,2.2584872
2025-08-18 23:42:17.611401+00:00,2.2584875
2025-08-18 23:42:30.205165+00:00,2.2584875
2025-08-18 23:42:42.952588+00:00,2.2584877
2025-08-18 23:42:55.392014+00:00,2.2584872
2025-08-18 23:43:09.584168+00:00,2.2584876
2025-08-18 23:43:20.925766+00:00,2.258488
2025-08-18 23:43:33.689777+00:00,2.2584878
2025-08-18 23:43:47.227301+00:00,2.258487
2025-08-18 23:43:59.314509+00:00,2.2584877
2025-08-18 23:44:13.426133+00:00,2.2584878
2025-08-18 23:44:24.760897+00:00,2.2584874
2025-08-18 23:44:37.263903+00:00,2.2584881
2025-08-18 23:44:50.067523+00:00,2.2584871
2025-08-18 23:45:03.605528+00:00,2.2584876
2025-08-18 23:45:17.045243+00:00,2.2584874
2025-08-18 23:45:30.423977+00:00,2.2584872
2025-08-18 23:45:42.721225+00:00,2.2584868
2025-08-18 23:45:55.125021+00:00,2.2584868
2025-08-18 23:46:14.468518+00:00,2.2584873
2025-08-18 23:46:22.933798+00:00,2.2584879
2025-08-18 23:46:34.881023+00:00,2.2584872
2025-08-18 23:46:47.711553+00:00,2.2584875
2025-08-18 23:47:02.612227+00:00,2.2584871
2025-08-18 23:47:26.890752+00:00,2.2584874
2025-08-18 23:47:39.135570+00:00,2.2584872
2025-08-18 23:47:52.364048+00:00,2.2584874
2025-08-18 23:48:04.702455+00:00,2.2584871
2025-08-18 23:48:18.945892+00:00,2.2584864
2025-08-18 23:48:30.525960+00:00,2.2584871
2025-08-18 23:48:43.125452+00:00,2.2584865
2025-08-18 23:48:55.921422+00:00,2.2584871
2025-08-18 23:49:08.900902+00:00,2.2584876
2025-08-18 23:49:21.413617+00:00,2.2584873
2025-08-18 23:49:35.315138+00:00,2.2584878
2025-08-18 23:49:47.114107+00:00,2.2584884
2025-08-18 23:50:00.633399+00:00,2.2584878
2025-08-18 23:50:12.690416+00:00,2.258487
2025-08-18 23:50:24.749753+00:00,2.2584864
2025-08-18 23:50:38.342394+00:00,2.2584869
2025-08-18 23:50:50.208820+00:00,2.2584875
2025-08-18 23:51:02.907623+00:00,2.2584871
2025-08-18 23:51:15.479072+00:00,2.2584883
2025-08-18 23:51:29.691469+00:00,2.2584874
2025-08-18 23:51:40.814520+00:00,2.2584878
2025-08-18 23:51:53.699830+00:00,2.2584881
2025-08-18 23:52:07.013082+00:00,2.2584875
2025-08-18 23:52:19.336864+00:00,2.2584877
2025-08-18 23:52:35.885715+00:00,2.2584867
2025-08-18 23:52:47.512104+00:00,2.2584881
2025-08-18 23:53:06.080169+00:00,2.2584878
2025-08-18 23:53:11.252228+00:00,2.2584874
2025-08-18 23:53:23.560193+00:00,2.2584873
2025-08-18 23:53:37.518166+00:00,2.2584869
2025-08-18 23:53:48.767749+00:00,2.2584865
2025-08-18 23:54:02.649879+00:00,2.2584875
2025-08-18 23:54:14.968881+00:00,2.258487
2025-08-18 23:54:28.220147+00:00,2.2584877
2025-08-18 23:54:40.721861+00:00,2.258487
2025-08-18 23:54:54.000191+00:00,2.2584878
2025-08-18 23:55:07.140025+00:00,2.2584876
2025-08-18 23:55:20.274795+00:00,2.2584877
2025-08-18 23:55:33.225217+00:00,2.2584883
2025-08-18 23:55:46.541387+00:00,2.258487
2025-08-18 23:55:59.049839+00:00,2.2584873
2025-08-18 23:56:12.308958+00:00,2.2584879
2025-08-18 23:56:25.816318+00:00,2.2584877
2025-08-18 23:56:37.681948+00:00,2.2584874
2025-08-18 23:56:50.334969+00:00,2.2584873
2025-08-18 23:57:03.704474+00:00,2.2584883
2025-08-18 23:57:16.630285+00:00,2.2584879
2025-08-18 23:57:29.100813+00:00,2.2584875
2025-08-18 23:57:43.141357+00:00,2.2584873
2025-08-18 23:57:54.730334+00:00,2.2584874
2025-08-18 23:58:07.393442+00:00,2.2584877
2025-08-18 23:58:19.725032+00:00,2.2584874
2025-08-18 23:58:34.457507+00:00,2.2584881
2025-08-18 23:58:45.351232+00:00,2.2584876
2025-08-18 23:59:11.710762+00:00,2.2584883
2025-08-18 23:59:23.227217+00:00,2.2584883
2025-08-18 23:59:36.418534+00:00,2.2584877
2025-08-18 23:59:49.532824+00:00,2.2584879
