time,counts_ratio
2025-08-01 00:00:03.178040+00:00,2.2584876
2025-08-01 00:00:15.979683+00:00,2.2584878
2025-08-01 00:00:28.937158+00:00,2.2584878
2025-08-01 00:00:41.218021+00:00,2.2584879
2025-08-01 00:00:53.734900+00:00,2.2584872
2025-08-01 00:01:06.659855+00:00,2.258488
2025-08-01 00:01:19.328126+00:00,2.2584869
2025-08-01 00:01:32.496553+00:00,2.2584876
2025-08-01 00:01:45.003413+00:00,2.258487
2025-08-01 00:01:57.811212+00:00,2.2584874
2025-08-01 00:02:10.992036+00:00,2.2584868
2025-08-01 00:02:23.553110+00:00,2.2584873
2025-08-01 00:02:37.759970+00:00,2.2584874
2025-08-01 00:02:48.950976+00:00,2.258487
2025-08-01 00:03:01.748865+00:00,2.2584879
2025-08-01 00:03:14.309312+00:00,2.2584879
2025-08-01 00:03:27.116432+00:00,2.258488
2025-08-01 00:03:39.656000+00:00,2.2584877
2025-08-01 00:03:52.388066+00:00,2.2584881
2025-08-01 00:04:06.218074+00:00,2.2584882
2025-08-01 00:04:20.875523+00:00,2.258488
2025-08-01 00:04:32.432835+00:00,2.2584873
2025-08-01 00:04:43.779928+00:00,2.2584858
2025-08-01 00:04:57.709277+00:00,2.2584872
2025-08-01 00:05:09.439096+00:00,2.2584878
2025-08-01 00:05:25.304121+00:00,2.2584871
2025-08-01 00:05:35.424262+00:00,2.2584863
2025-08-01 00:05:48.291942+00:00,2.2584876
2025-08-01 00:06:00.662346+00:00,2.258487
2025-08-01 00:06:14.080343+00:00,2.2584874
2025-08-01 00:06:26.884253+00:00,2.2584878
2025-08-01 00:06:39.743584+00:00,2.2584872
2025-08-01 00:06:51.942414+00:00,2.2584873
2025-08-01 00:07:04.886806+00:00,2.2584878
2025-08-01 00:07:18.799145+00:00,2.2584872
2025-08-01 00:07:30.447908+00:00,2.2584876
2025-08-01 00:07:43.078520+00:00,2.2584864
2025-08-01 00:07:56.266471+00:00,2.2584871
2025-08-01 00:08:12.525165+00:00,2.2584875
2025-08-01 00:08:21.819734+00:00,2.2584878
2025-08-01 00:08:34.698422+00:00,2.2584872
2025-08-01 00:08:48.134016+00:00,2.2584879
2025-08-01 00:09:01.014159+00:00,2.2584878
2025-08-01 00:09:13.702054+00:00,2.2584876
2025-08-01 00:09:26.462011+00:00,2.258487
2025-08-01 00:09:39.177034+00:00,2.258488
2025-08-01 00:09:52.270367+00:00,2.258488
2025-08-01 00:10:05.565402+00:00,2.2584876
2025-08-01 00:10:31.455720+00:00,2.2584875
2025-08-01 00:10:43.854868+00:00,2.2584875
2025-08-01 00:10:56.891970+00:00,2.2584868
2025-08-01 00:11:09.712889+00:00,2.2584874
2025-08-01 00:11:25.475771+00:00,2.2584881
2025-08-01 00:11:34.928052+00:00,2.2584875
2025-08-01 00:11:47.587497+00:00,2.2584863
2025-08-01 00:11:59.783055+00:00,2.2584877
2025-08-01 00:12:13.468576+00:00,2.2584872
2025-08-01 00:12:25.274264+00:00,2.2584868
2025-08-01 00:12:51.263632+00:00,2.2584879
2025-08-01 00:13:04.869708+00:00,2.2584863
2025-08-01 00:13:18.263770+00:00,2.258487
2025-08-01 00:13:29.580971+00:00,2.2584862
2025-08-01 00:13:42.862998+00:00,2.2584875
2025-08-01 00:13:55.361660+00:00,2.2584874
2025-08-01 00:14:08.564629+00:00,2.2584864
2025-08-01 00:14:34.749328+00:00,2.258487
2025-08-01 00:14:47.082275+00:00,2.2584871
2025-08-01 00:14:59.229038+00:00,2.2584882
2025-08-01 00:15:13.390168+00:00,2.2584869
2025-08-01 00:15:24.775287+00:00,2.258487
2025-08-01 00:15:37.876709+00:00,2.2584872
2025-08-01 00:15:50.714589+00:00,2.258487
2025-08-01 00:16:16.072731+00:00,2.258488
2025-08-01 00:16:28.670079+00:00,2.2584876
2025-08-01 00:16:41.805580+00:00,2.2584881
2025-08-01 00:16:54.308976+00:00,2.2584875
2025-08-01 00:17:07.863144+00:00,2.2584875
2025-08-01 00:17:19.976510+00:00,2.2584883
2025-08-01 00:17:33.458461+00:00,2.2584883
2025-08-01 00:17:45.896393+00:00,2.2584869
2025-08-01 00:17:58.591096+00:00,2.2584875
2025-08-01 00:18:11.825790+00:00,2.2584878
2025-08-01 00:18:24.735861+00:00,2.2584879
2025-08-01 00:18:37.496730+00:00,2.2584872
2025-08-01 00:18:50.248712+00:00,2.2584867
2025-08-01 00:19:03.461908+00:00,2.2584878
2025-08-01 00:19:16.294059+00:00,2.2584877
2025-08-01 00:19:30.045299+00:00,2.2584882
2025-08-01 00:19:46.549701+00:00,2.2584869
2025-08-01 00:19:54.725915+00:00,2.2584871
2025-08-01 00:20:11.475119+00:00,2.2584883
2025-08-01 00:20:20.758058+00:00,2.2584879
2025-08-01 00:20:33.727970+00:00,2.2584875
2025-08-01 00:20:46.742346+00:00,2.2584869
2025-08-01 00:21:02.787794+00:00,2.258488
2025-08-01 00:21:12.251323+00:00,2.258487
2025-08-01 00:21:24.920856+00:00,2.2584875
2025-08-01 00:21:37.846477+00:00,2.258487
2025-08-01 00:21:50.198210+00:00,2.258488
2025-08-01 00:22:04.655293+00:00,2.2584867
2025-08-01 00:22:15.688914+00:00,2.2584876
2025-08-01 00:22:28.614316+00:00,2.2584875
2025-08-01 00:22:40.904643+00:00,2.2584866
2025-08-01 00:22:53.579823+00:00,2.2584871
2025-08-01 00:23:07.172043+00:00,2.2584874
2025-08-01 00:23:19.028696+00:00,2.258488
2025-08-01 00:23:32.208781+00:00,2.2584877
2025-08-01 00:23:45.052416+00:00,2.2584869
2025-08-01 00:23:58.580649+00:00,2.2584867
2025-08-01 00:24:10.833396+00:00,2.2584878
2025-08-01 00:24:23.259473+00:00,2.2584874
2025-08-01 00:24:36.527798+00:00,2.2584875
2025-08-01 00:24:49.377918+00:00,2.2584869
2025-08-01 00:25:02.190600+00:00,2.2584882
2025-08-01 00:25:14.941108+00:00,2.2584875
2025-08-01 00:25:27.868111+00:00,2.2584868
2025-08-01 00:25:40.420094+00:00,2.2584875
2025-08-01 00:25:53.622268+00:00,2.258488
2025-08-01 00:26:07.184298+00:00,2.2584871
2025-08-01 00:26:19.092753+00:00,2.2584881
2025-08-01 00:26:31.639853+00:00,2.2584863
2025-08-01 00:26:44.479541+00:00,2.2584872
2025-08-01 00:26:56.880582+00:00,2.2584869
2025-08-01 00:27:23.006266+00:00,2.2584877
2025-08-01 00:27:35.547449+00:00,2.2584872
2025-08-01 00:27:48.982089+00:00,2.2584875
2025-08-01 00:28:01.533595+00:00,2.2584874
2025-08-01 00:28:14.401832+00:00,2.2584883
2025-08-01 00:28:27.638466+00:00,2.2584878
2025-08-01 00:28:40.406294+00:00,2.2584875
2025-08-01 00:28:53.055797+00:00,2.2584871
2025-08-01 00:29:06.515819+00:00,2.2584873
2025-08-01 00:29:19.120776+00:00,2.2584872
2025-08-01 00:29:32.977972+00:00,2.2584876
2025-08-01 00:29:44.997133+00:00,2.2584867
2025-08-01 00:29:57.874488+00:00,2.2584878
2025-08-01 00:30:11.341848+00:00,2.2584868
2025-08-01 00:30:24.357377+00:00,2.2584874
2025-08-01 00:30:37.531366+00:00,2.2584875
2025-08-01 00:30:49.821953+00:00,2.258487
2025-08-01 00:31:02.460200+00:00,2.2584876
2025-08-01 00:31:15.099839+00:00,2.2584879
2025-08-01 00:31:27.905002+00:00,2.2584875
2025-08-01 00:31:40.749157+00:00,2.2584871
2025-08-01 00:31:53.368509+00:00,2.2584867
2025-08-01 00:32:05.989312+00:00,2.2584877
2025-08-01 00:32:19.776317+00:00,2.2584867
2025-08-01 00:32:44.057033+00:00,2.2584867
2025-08-01 00:32:56.526080+00:00,2.2584877
2025-08-01 00:33:09.439550+00:00,2.2584877
2025-08-01 00:33:35.011247+00:00,2.2584878
2025-08-01 00:33:48.011091+00:00,2.2584876
2025-08-01 00:34:00.898736+00:00,2.2584874
2025-08-01 00:34:13.468258+00:00,2.2584874
2025-08-01 00:34:25.897136+00:00,2.2584871
2025-08-01 00:34:38.501867+00:00,2.2584868
2025-08-01 00:34:51.287009+00:00,2.2584861
2025-08-01 00:35:04.219678+00:00,2.2584876
2025-08-01 00:35:18.244532+00:00,2.2584877
2025-08-01 00:35:32.818525+00:00,2.2584873
2025-08-01 00:35:45.942099+00:00,2.2584872
2025-08-01 00:35:55.471234+00:00,2.258486
2025-08-01 00:36:08.334743+00:00,2.2584876
2025-08-01 00:36:21.051752+00:00,2.2584882
2025-08-01 00:36:34.029467+00:00,2.2584876
2025-08-01 00:36:46.875290+00:00,2.2584881
2025-08-01 00:37:13.423927+00:00,2.2584879
2025-08-01 00:37:24.469264+00:00,2.2584882
2025-08-01 00:37:37.457668+00:00,2.258487
2025-08-01 00:37:50.357259+00:00,2.2584861
2025-08-01 00:38:16.095306+00:00,2.2584867
2025-08-01 00:38:29.151119+00:00,2.2584858
2025-08-01 00:38:42.210226+00:00,2.2584878
2025-08-01 00:38:54.641949+00:00,2.2584882
2025-08-01 00:39:07.659812+00:00,2.2584864
2025-08-01 00:39:21.826185+00:00,2.2584871
2025-08-01 00:39:33.657868+00:00,2.2584871
2025-08-01 00:39:46.772969+00:00,2.2584866
2025-08-01 00:39:58.981831+00:00,2.2584871
2025-08-01 00:40:12.050130+00:00,2.2584877
2025-08-01 00:40:24.745779+00:00,2.2584874
2025-08-01 00:40:37.806067+00:00,2.2584877
2025-08-01 00:40:50.815490+00:00,2.2584876
2025-08-01 00:41:07.461101+00:00,2.2584873
2025-08-01 00:41:15.868278+00:00,2.258487
2025-08-01 00:41:41.738384+00:00,2.2584871
2025-08-01 00:41:54.173754+00:00,2.2584874
2025-08-01 00:42:06.605412+00:00,2.2584868
2025-08-01 00:42:23.642551+00:00,2.2584881
2025-08-01 00:42:31.822300+00:00,2.2584881
2025-08-01 00:42:45.066991+00:00,2.2584863
2025-08-01 00:42:57.129411+00:00,2.2584876
2025-08-01 00:43:10.147906+00:00,2.2584876
2025-08-01 00:43:22.741585+00:00,2.2584875
2025-08-01 00:43:35.753628+00:00,2.2584876
2025-08-01 00:43:48.587194+00:00,2.2584873
2025-08-01 00:44:01.505438+00:00,2.2584874
2025-08-01 00:44:13.861593+00:00,2.2584873
2025-08-01 00:44:26.685964+00:00,2.2584869
2025-08-01 00:44:39.527941+00:00,2.2584867
2025-08-01 00:44:52.378373+00:00,2.2584882
2025-08-01 00:45:18.081991+00:00,2.2584874
2025-08-01 00:45:31.140101+00:00,2.2584869
2025-08-01 00:45:43.919861+00:00,2.2584864
2025-08-01 00:45:57.817006+00:00,2.2584876
2025-08-01 00:46:09.718872+00:00,2.2584866
2025-08-01 00:46:22.516951+00:00,2.2584879
2025-08-01 00:46:35.041093+00:00,2.258487
2025-08-01 00:47:28.327045+00:00,2.2584873
2025-08-01 00:47:40.333542+00:00,2.2584863
2025-08-01 00:47:52.216645+00:00,2.258488
2025-08-01 00:48:08.226945+00:00,2.2584872
2025-08-01 00:48:18.285135+00:00,2.2584864
2025-08-01 00:48:30.324413+00:00,2.2584866
2025-08-01 00:48:43.136410+00:00,2.2584864
2025-08-01 00:48:57.683626+00:00,2.2584875
2025-08-01 00:49:09.851804+00:00,2.2584863
2025-08-01 00:49:24.742102+00:00,2.2584874
2025-08-01 00:49:35.038046+00:00,2.2584865
2025-08-01 00:49:48.381179+00:00,2.2584862
2025-08-01 00:50:01.934101+00:00,2.2584868
2025-08-01 00:50:14.948463+00:00,2.2584865
2025-08-01 00:50:27.215923+00:00,2.2584867
2025-08-01 00:50:40.214817+00:00,2.2584876
2025-08-01 00:50:53.236997+00:00,2.2584878
2025-08-01 00:51:07.899630+00:00,2.2584881
2025-08-01 00:51:19.449422+00:00,2.2584868
2025-08-01 00:51:32.318336+00:00,2.2584874
2025-08-01 00:51:44.577659+00:00,2.2584878
2025-08-01 00:51:57.879507+00:00,2.2584875
2025-08-01 00:52:22.798881+00:00,2.258488
2025-08-01 00:52:35.920049+00:00,2.2584882
2025-08-01 00:52:48.827875+00:00,2.2584871
2025-08-01 00:53:03.416467+00:00,2.2584876
2025-08-01 00:53:13.662106+00:00,2.2584882
2025-08-01 00:53:39.007374+00:00,2.2584871
2025-08-01 00:54:04.912400+00:00,2.2584874
2025-08-01 00:54:29.951968+00:00,2.2584883
2025-08-01 00:54:55.385766+00:00,2.2584868
2025-08-01 00:55:09.887205+00:00,2.258488
2025-08-01 00:55:25.240248+00:00,2.2584877
2025-08-01 00:55:33.842197+00:00,2.2584876
2025-08-01 00:55:46.414743+00:00,2.258487
2025-08-01 00:56:12.857818+00:00,2.2584873
2025-08-01 00:56:24.798393+00:00,2.2584875
2025-08-01 00:56:39.731298+00:00,2.2584876
2025-08-01 00:56:50.344300+00:00,2.2584871
2025-08-01 00:57:03.056816+00:00,2.2584874
2025-08-01 00:57:16.202841+00:00,2.2584869
2025-08-01 00:57:28.581530+00:00,2.2584871
2025-08-01 00:57:42.770993+00:00,2.2584873
2025-08-01 00:57:55.018003+00:00,2.2584872
2025-08-01 00:58:09.215299+00:00,2.2584874
2025-08-01 00:58:20.049168+00:00,2.2584882
2025-08-01 00:58:45.356097+00:00,2.2584871
2025-08-01 00:58:58.200336+00:00,2.2584869
2025-08-01 00:59:11.206713+00:00,2.2584875
2025-08-01 00:59:26.020157+00:00,2.2584871
2025-08-01 00:59:36.774333+00:00,2.2584866
2025-08-01 00:59:49.445483+00:00,2.2584865
2025-08-01 01:00:02.362818+00:00,2.2584878
2025-08-01 01:00:15.496046+00:00,2.2584867
2025-08-01 01:00:28.572198+00:00,2.2584876
2025-08-01 01:00:41.819364+00:00,2.2584869
2025-08-01 01:00:54.200894+00:00,2.2584876
2025-08-01 01:01:07.230563+00:00,2.2584869
2025-08-01 01:01:38.538109+00:00,2.2584864
2025-08-01 01:01:46.004388+00:00,2.2584874
2025-08-01 01:01:58.445834+00:00,2.2584879
2025-08-01 01:02:24.073529+00:00,2.2584869
2025-08-01 01:02:36.972090+00:00,2.2584874
2025-08-01 01:02:49.649067+00:00,2.2584882
2025-08-01 01:03:02.952221+00:00,2.2584865
2025-08-01 01:03:16.231436+00:00,2.2584872
2025-08-01 01:03:41.060053+00:00,2.2584884
2025-08-01 01:03:53.937531+00:00,2.2584878
2025-08-01 01:04:45.157887+00:00,2.2584871
2025-08-01 01:04:57.270078+00:00,2.2584882
2025-08-01 01:05:23.183757+00:00,2.2584873
2025-08-01 01:05:35.877856+00:00,2.2584871
2025-08-01 01:05:49.069869+00:00,2.2584863
2025-08-01 01:06:01.635967+00:00,2.2584873
2025-08-01 01:06:19.724528+00:00,2.2584862
2025-08-01 01:06:26.803219+00:00,2.2584859
2025-08-01 01:06:39.721706+00:00,2.2584863
2025-08-01 01:07:07.658993+00:00,2.2584874
2025-08-01 01:07:19.560728+00:00,2.2584873
2025-08-01 01:07:57.303665+00:00,2.258487
2025-08-01 01:08:09.475668+00:00,2.2584873
2025-08-01 01:08:21.687114+00:00,2.2584881
2025-08-01 01:08:35.076500+00:00,2.258487
2025-08-01 01:09:02.627325+00:00,2.2584872
2025-08-01 01:09:13.072814+00:00,2.2584877
2025-08-01 01:09:39.642764+00:00,2.2584872
2025-08-01 01:09:51.725509+00:00,2.2584872
2025-08-01 01:10:05.535904+00:00,2.258486
2025-08-01 01:10:19.425922+00:00,2.2584875
2025-08-01 01:10:43.789883+00:00,2.258486
2025-08-01 01:11:10.406980+00:00,2.2584874
2025-08-01 01:11:35.422443+00:00,2.2584871
2025-08-01 01:11:48.988577+00:00,2.2584872
2025-08-01 01:12:13.882872+00:00,2.2584874
2025-08-01 01:12:27.401447+00:00,2.2584881
2025-08-01 01:12:40.743063+00:00,2.2584875
2025-08-01 01:12:52.163873+00:00,2.2584871
2025-08-01 01:13:08.653440+00:00,2.2584878
2025-08-01 01:14:08.342786+00:00,2.2584878
2025-08-01 01:14:23.465371+00:00,2.2584879
2025-08-01 01:14:33.635843+00:00,2.2584877
2025-08-01 01:14:49.960064+00:00,2.2584867
2025-08-01 01:15:11.859337+00:00,2.2584863
2025-08-01 01:15:25.760413+00:00,2.2584873
2025-08-01 01:15:50.348496+00:00,2.2584867
2025-08-01 01:16:04.896098+00:00,2.2584879
2025-08-01 01:16:28.732803+00:00,2.2584874
2025-08-01 01:16:41.776139+00:00,2.2584858
2025-08-01 01:17:20.065540+00:00,2.2584871
2025-08-01 01:17:32.906155+00:00,2.2584867
2025-08-01 01:18:24.329149+00:00,2.2584882
2025-08-01 01:18:36.244499+00:00,2.2584868
2025-08-01 01:18:49.841495+00:00,2.2584867
2025-08-01 01:19:02.163951+00:00,2.2584877
2025-08-01 01:19:41.150272+00:00,2.258487
2025-08-01 01:19:54.373885+00:00,2.2584875
2025-08-01 01:20:06.927075+00:00,2.258487
2025-08-01 01:20:22.144423+00:00,2.2584864
2025-08-01 01:20:33.037999+00:00,2.2584872
2025-08-01 01:20:46.242268+00:00,2.2584873
2025-08-01 01:21:24.406702+00:00,2.2584877
2025-08-01 01:21:37.119830+00:00,2.2584876
2025-08-01 01:22:16.388953+00:00,2.2584863
2025-08-01 01:22:28.301542+00:00,2.2584869
2025-08-01 01:22:41.458716+00:00,2.2584875
2025-08-01 01:22:53.740254+00:00,2.2584878
2025-08-01 01:23:07.069532+00:00,2.258488
2025-08-01 01:23:44.783768+00:00,2.2584882
2025-08-01 01:24:10.737217+00:00,2.258487
2025-08-01 01:24:22.758953+00:00,2.2584875
2025-08-01 01:24:48.498962+00:00,2.2584876
2025-08-01 01:25:01.039772+00:00,2.258486
2025-08-01 01:25:13.725040+00:00,2.2584879
2025-08-01 01:25:31.090499+00:00,2.2584861
2025-08-01 01:25:38.864832+00:00,2.258487
2025-08-01 01:26:29.931933+00:00,2.2584863
2025-08-01 01:26:43.716610+00:00,2.2584881
2025-08-01 01:26:55.790998+00:00,2.2584877
2025-08-01 01:27:08.900563+00:00,2.2584872
2025-08-01 01:27:34.308876+00:00,2.2584864
2025-08-01 01:28:00.165439+00:00,2.2584874
2025-08-01 01:28:25.920809+00:00,2.2584876
2025-08-01 01:28:38.525966+00:00,2.258488
2025-08-01 01:28:51.411590+00:00,2.2584863
2025-08-01 01:29:29.367872+00:00,2.2584876
2025-08-01 01:29:42.333541+00:00,2.2584881
2025-08-01 01:30:20.579201+00:00,2.2584872
2025-08-01 01:30:33.801468+00:00,2.2584874
2025-08-01 01:30:46.400488+00:00,2.2584876
2025-08-01 01:30:59.664575+00:00,2.2584872
2025-08-01 01:31:26.061901+00:00,2.2584874
2025-08-01 01:31:38.366394+00:00,2.2584858
2025-08-01 01:31:51.382524+00:00,2.2584881
2025-08-01 01:32:04.709227+00:00,2.2584873
2025-08-01 01:32:17.263370+00:00,2.258488
2025-08-01 01:32:30.332631+00:00,2.258487
2025-08-01 01:32:42.848877+00:00,2.2584884
2025-08-01 01:33:10.587847+00:00,2.2584867
2025-08-01 01:33:33.955399+00:00,2.2584871
2025-08-01 01:33:47.062449+00:00,2.2584884
2025-08-01 01:33:59.831932+00:00,2.2584861
2025-08-01 01:34:12.946356+00:00,2.2584878
2025-08-01 01:36:07.081442+00:00,2.2584863
2025-08-01 01:36:19.685250+00:00,2.2584863
2025-08-01 01:36:36.384852+00:00,2.2584862
2025-08-01 01:36:46.034506+00:00,2.2584879
2025-08-01 01:36:58.067748+00:00,2.2584877
2025-08-01 01:37:48.941150+00:00,2.2584873
2025-08-01 01:38:02.141038+00:00,2.2584865
2025-08-01 01:38:14.623782+00:00,2.258488
2025-08-01 01:38:26.981813+00:00,2.2584861
2025-08-01 01:39:06.373173+00:00,2.258488
2025-08-01 01:39:31.310293+00:00,2.2584873
2025-08-01 01:40:23.303685+00:00,2.2584866
2025-08-01 01:40:59.894695+00:00,2.2584877
2025-08-01 01:41:13.292181+00:00,2.2584866
2025-08-01 01:41:38.843742+00:00,2.2584875
2025-08-01 01:42:30.859106+00:00,2.2584884
2025-08-01 01:42:56.594037+00:00,2.2584869
2025-08-01 01:43:09.795815+00:00,2.2584874
2025-08-01 01:43:35.117036+00:00,2.2584876
2025-08-01 01:43:48.842787+00:00,2.258488
2025-08-01 01:44:02.241188+00:00,2.2584868
2025-08-01 01:44:26.412360+00:00,2.2584873
2025-08-01 01:45:50.948815+00:00,2.2584862
2025-08-01 01:46:21.308533+00:00,2.2584865
2025-08-01 01:46:33.848681+00:00,2.2584884
2025-08-01 01:47:12.979303+00:00,2.2584866
2025-08-01 01:48:16.581559+00:00,2.2584872
2025-08-01 01:49:20.496379+00:00,2.2584861
2025-08-01 01:49:33.305298+00:00,2.2584872
2025-08-01 01:49:59.302572+00:00,2.2584864
2025-08-01 01:50:11.552944+00:00,2.2584869
2025-08-01 01:50:37.224308+00:00,2.2584881
2025-08-01 01:51:29.135920+00:00,2.2584862
2025-08-01 01:51:53.486338+00:00,2.2584876
2025-08-01 01:52:07.637234+00:00,2.2584878
2025-08-01 01:52:21.209878+00:00,2.2584863
2025-08-01 01:52:32.500094+00:00,2.2584863
2025-08-01 01:52:45.494638+00:00,2.2584869
2025-08-01 01:53:11.689841+00:00,2.2584881
2025-08-01 01:53:24.063870+00:00,2.2584873
2025-08-01 01:53:37.313717+00:00,2.2584876
2025-08-01 01:53:50.009868+00:00,2.2584869
2025-08-01 01:54:03.739985+00:00,2.2584867
2025-08-01 01:54:41.921975+00:00,2.2584861
2025-08-01 01:54:54.712085+00:00,2.258487
2025-08-01 01:55:07.913291+00:00,2.2584873
2025-08-01 01:55:49.264644+00:00,2.2584873
2025-08-01 01:57:40.009283+00:00,2.258488
2025-08-01 01:58:56.922654+00:00,2.2584866
2025-08-01 01:59:10.103022+00:00,2.2584859
2025-08-01 01:59:22.555658+00:00,2.2584873
2025-08-01 01:59:35.285795+00:00,2.2584872
2025-08-01 02:00:26.641818+00:00,2.2584864
2025-08-01 02:00:52.006454+00:00,2.2584879
2025-08-01 02:01:05.114807+00:00,2.2584867
2025-08-01 02:01:18.158204+00:00,2.2584871
2025-08-01 02:02:09.223233+00:00,2.2584883
2025-08-01 02:03:00.554847+00:00,2.2584869
2025-08-01 02:03:13.362406+00:00,2.2584869
2025-08-01 02:03:53.508202+00:00,2.2584867
2025-08-01 02:04:07.602165+00:00,2.2584879
2025-08-01 02:04:18.483879+00:00,2.2584876
2025-08-01 02:04:32.159514+00:00,2.2584861
2025-08-01 02:04:56.585265+00:00,2.2584872
2025-08-01 02:05:48.354255+00:00,2.2584862
2025-08-01 02:09:50.097903+00:00,2.258488
2025-08-01 02:10:02.990286+00:00,2.258488
2025-08-01 02:10:15.996908+00:00,2.2584871
2025-08-01 02:11:31.970290+00:00,2.2584862
2025-08-01 02:12:24.197515+00:00,2.2584882
2025-08-01 02:12:36.666227+00:00,2.258488
2025-08-01 02:13:40.913839+00:00,2.2584879
2025-08-01 02:14:19.643285+00:00,2.2584871
2025-08-01 02:14:44.937121+00:00,2.2584871
2025-08-01 02:15:23.354169+00:00,2.2584883
2025-08-01 02:17:56.115619+00:00,2.2584879
2025-08-01 02:18:08.515276+00:00,2.2584864
2025-08-01 02:19:24.780376+00:00,2.2584879
2025-08-01 02:19:37.496925+00:00,2.2584874
2025-08-01 02:19:50.207871+00:00,2.2584864
2025-08-01 02:20:03.602058+00:00,2.2584862
2025-08-01 02:23:41.178701+00:00,2.2584866
2025-08-01 02:27:17.916679+00:00,2.2584865
2025-08-01 02:27:43.516102+00:00,2.2584869
2025-08-01 02:34:20.350235+00:00,2.258488
2025-08-01 02:35:26.004489+00:00,2.258487
2025-08-01 02:35:38.147135+00:00,2.2584864
2025-08-01 02:36:55.088074+00:00,2.2584861
2025-08-01 02:39:28.356464+00:00,2.2584867
2025-08-01 02:40:46.473568+00:00,2.2584861
2025-08-01 02:57:49.281418+00:00,2.2584861
2025-08-01 03:02:31.467447+00:00,2.258487
2025-08-01 03:06:49.619778+00:00,2.2584877
2025-08-01 03:07:24.367948+00:00,2.2584872
2025-08-01 03:09:21.155982+00:00,2.2584881
2025-08-01 03:14:02.713950+00:00,2.2584861
2025-08-01 03:17:53.351412+00:00,2.2584867
2025-08-01 05:27:35.061969+00:00,2.2584874
2025-08-01 05:36:18.409578+00:00,2.2584882
2025-08-01 05:43:32.715448+00:00,2.2584882
2025-08-01 05:44:50.223997+00:00,2.2584868
2025-08-01 05:49:17.806656+00:00,2.2584865
2025-08-01 05:49:30.139848+00:00,2.2584882
2025-08-01 05:53:06.892064+00:00,2.2584866
2025-08-01 05:53:19.957222+00:00,2.258487
2025-08-01 05:54:36.741721+00:00,2.2584877
2025-08-01 05:54:49.450881+00:00,2.258488
2025-08-01 05:55:05.385709+00:00,2.2584873
2025-08-01 05:56:57.977587+00:00,2.2584875
2025-08-01 05:57:36.483306+00:00,2.2584872
2025-08-01 05:59:06.279491+00:00,2.2584872
2025-08-01 05:59:17.848587+00:00,2.2584876
2025-08-01 05:59:30.387912+00:00,2.2584865
2025-08-01 06:00:35.198436+00:00,2.2584861
2025-08-01 06:00:51.502522+00:00,2.2584863
2025-08-01 06:01:24.952235+00:00,2.2584871
2025-08-01 06:02:41.914205+00:00,2.2584859
2025-08-01 06:03:33.268490+00:00,2.2584866
2025-08-01 06:03:53.611278+00:00,2.2584875
2025-08-01 06:03:58.958883+00:00,2.2584868
2025-08-01 06:04:11.374120+00:00,2.2584878
2025-08-01 06:04:23.677819+00:00,2.2584862
2025-08-01 06:04:50.077660+00:00,2.2584875
2025-08-01 06:05:03.198509+00:00,2.2584866
2025-08-01 06:05:16.149973+00:00,2.2584876
2025-08-01 06:05:29.308985+00:00,2.2584873
2025-08-01 06:05:41.760259+00:00,2.2584875
2025-08-01 06:05:54.410538+00:00,2.2584868
2025-08-01 06:06:20.534139+00:00,2.2584871
2025-08-01 06:06:33.351469+00:00,2.258487
2025-08-01 06:06:58.466036+00:00,2.2584881
2025-08-01 06:07:12.262256+00:00,2.2584873
2025-08-01 06:07:24.217439+00:00,2.2584872
2025-08-01 06:07:37.266355+00:00,2.2584861
2025-08-01 06:07:50.292432+00:00,2.2584867
2025-08-01 06:08:02.915207+00:00,2.2584867
2025-08-01 06:08:16.092210+00:00,2.2584875
2025-08-01 06:08:28.566241+00:00,2.2584874
2025-08-01 06:08:41.121025+00:00,2.2584874
2025-08-01 06:09:19.456258+00:00,2.2584877
2025-08-01 06:10:11.334489+00:00,2.2584875
2025-08-01 06:10:22.741226+00:00,2.2584879
2025-08-01 06:10:49.376429+00:00,2.2584866
2025-08-01 06:11:13.773401+00:00,2.2584874
2025-08-01 06:11:26.336296+00:00,2.258487
2025-08-01 06:12:09.555946+00:00,2.2584865
2025-08-01 06:12:17.453549+00:00,2.2584871
2025-08-01 06:12:29.944868+00:00,2.2584872
2025-08-01 06:12:42.885172+00:00,2.2584871
2025-08-01 06:12:55.427928+00:00,2.2584876
2025-08-01 06:13:11.810588+00:00,2.2584868
2025-08-01 06:13:24.519434+00:00,2.2584871
2025-08-01 06:13:34.402099+00:00,2.2584879
2025-08-01 06:13:59.761891+00:00,2.2584878
2025-08-01 06:14:13.652387+00:00,2.2584876
2025-08-01 06:14:37.505516+00:00,2.2584874
2025-08-01 06:14:50.301710+00:00,2.2584865
2025-08-01 06:15:04.225178+00:00,2.2584878
2025-08-01 06:15:17.142200+00:00,2.2584862
2025-08-01 06:15:29.466893+00:00,2.2584871
2025-08-01 06:15:51.198221+00:00,2.2584878
2025-08-01 06:15:55.030895+00:00,2.2584873
2025-08-01 06:16:21.090451+00:00,2.2584877
2025-08-01 06:16:35.689663+00:00,2.2584865
2025-08-01 06:16:59.494679+00:00,2.2584862
2025-08-01 06:17:12.721634+00:00,2.2584883
2025-08-01 06:17:25.967499+00:00,2.2584873
2025-08-01 06:17:37.751781+00:00,2.2584868
2025-08-01 06:17:50.460830+00:00,2.2584877
2025-08-01 06:18:03.515114+00:00,2.2584868
2025-08-01 06:18:16.530450+00:00,2.2584873
2025-08-01 06:18:28.846307+00:00,2.2584873
2025-08-01 06:18:41.781143+00:00,2.2584863
2025-08-01 06:18:54.675480+00:00,2.2584869
2025-08-01 06:19:09.855940+00:00,2.2584878
2025-08-01 06:19:32.568525+00:00,2.2584874
2025-08-01 06:19:46.894063+00:00,2.258487
2025-08-01 06:19:57.443960+00:00,2.2584875
2025-08-01 06:20:22.798793+00:00,2.2584873
2025-08-01 06:20:36.200340+00:00,2.2584874
2025-08-01 06:20:48.594599+00:00,2.2584866
2025-08-01 06:21:03.080846+00:00,2.258487
2025-08-01 06:21:13.826941+00:00,2.2584877
2025-08-01 06:21:26.470914+00:00,2.2584878
2025-08-01 06:21:39.238789+00:00,2.2584882
2025-08-01 06:21:51.555141+00:00,2.2584871
2025-08-01 06:22:04.908855+00:00,2.2584873
2025-08-01 06:22:17.842678+00:00,2.258487
2025-08-01 06:22:32.447012+00:00,2.2584878
2025-08-01 06:22:43.234278+00:00,2.2584876
2025-08-01 06:22:56.118948+00:00,2.2584862
2025-08-01 06:23:09.498331+00:00,2.2584878
2025-08-01 06:23:21.870424+00:00,2.2584865
2025-08-01 06:23:36.853403+00:00,2.2584878
2025-08-01 06:23:47.685085+00:00,2.2584874
2025-08-01 06:24:01.347207+00:00,2.2584874
2025-08-01 06:24:13.360035+00:00,2.258487
2025-08-01 06:24:26.336896+00:00,2.2584871
2025-08-01 06:24:39.051663+00:00,2.258487
2025-08-01 06:24:51.161441+00:00,2.2584874
2025-08-01 06:25:04.360921+00:00,2.2584879
2025-08-01 06:25:17.686250+00:00,2.2584876
2025-08-01 06:25:31.687716+00:00,2.2584871
2025-08-01 06:25:43.559835+00:00,2.2584875
2025-08-01 06:25:54.980084+00:00,2.2584876
2025-08-01 06:26:09.693456+00:00,2.2584869
2025-08-01 06:26:22.229333+00:00,2.2584876
2025-08-01 06:26:34.455688+00:00,2.2584881
2025-08-01 06:26:47.213399+00:00,2.2584872
2025-08-01 06:26:59.806337+00:00,2.2584873
2025-08-01 06:27:13.488812+00:00,2.2584876
2025-08-01 06:27:25.578354+00:00,2.2584865
2025-08-01 06:27:39.431402+00:00,2.2584869
2025-08-01 06:27:51.495372+00:00,2.2584875
2025-08-01 06:28:06.041398+00:00,2.258488
2025-08-01 06:28:19.863809+00:00,2.2584873
2025-08-01 06:28:30.807428+00:00,2.2584872
2025-08-01 06:28:43.207250+00:00,2.2584882
2025-08-01 06:28:55.997270+00:00,2.2584875
2025-08-01 06:29:09.049985+00:00,2.2584875
2025-08-01 06:29:22.355699+00:00,2.2584872
2025-08-01 06:29:34.722847+00:00,2.2584872
2025-08-01 06:29:50.689165+00:00,2.2584877
2025-08-01 06:30:00.962341+00:00,2.2584872
2025-08-01 06:30:14.240805+00:00,2.2584868
2025-08-01 06:30:26.973020+00:00,2.2584881
2025-08-01 06:30:39.491825+00:00,2.2584878
2025-08-01 06:30:51.569025+00:00,2.2584873
2025-08-01 06:31:16.719123+00:00,2.2584878
2025-08-01 06:31:29.120131+00:00,2.2584877
2025-08-01 06:31:44.863070+00:00,2.2584878
2025-08-01 06:31:54.762052+00:00,2.2584873
2025-08-01 06:32:07.791122+00:00,2.2584872
2025-08-01 06:32:19.910357+00:00,2.2584875
2025-08-01 06:32:32.876657+00:00,2.2584877
2025-08-01 06:32:45.586019+00:00,2.2584878
2025-08-01 06:32:58.792564+00:00,2.2584878
2025-08-01 06:33:11.589178+00:00,2.2584881
2025-08-01 06:33:23.942876+00:00,2.258486
2025-08-01 06:33:37.237821+00:00,2.258488
2025-08-01 06:33:49.570898+00:00,2.2584877
2025-08-01 06:34:02.697223+00:00,2.2584872
2025-08-01 06:34:15.449305+00:00,2.2584875
2025-08-01 06:34:28.793320+00:00,2.2584875
2025-08-01 06:34:40.841513+00:00,2.2584876
2025-08-01 06:34:53.507204+00:00,2.258488
2025-08-01 06:35:07.040934+00:00,2.2584874
2025-08-01 06:35:20.279756+00:00,2.2584876
2025-08-01 06:35:34.333381+00:00,2.258488
2025-08-01 06:35:44.955368+00:00,2.2584872
2025-08-01 06:35:57.392383+00:00,2.2584875
2025-08-01 06:36:11.037469+00:00,2.2584876
2025-08-01 06:36:22.976298+00:00,2.2584874
2025-08-01 06:36:36.800806+00:00,2.2584877
2025-08-01 06:36:49.667639+00:00,2.2584875
2025-08-01 06:37:01.794974+00:00,2.2584873
2025-08-01 06:37:14.853548+00:00,2.2584879
2025-08-01 06:37:27.818179+00:00,2.258488
2025-08-01 06:37:40.606407+00:00,2.2584873
2025-08-01 06:37:54.690768+00:00,2.2584877
2025-08-01 06:38:07.009781+00:00,2.2584877
2025-08-01 06:38:19.762686+00:00,2.2584871
2025-08-01 06:38:32.549047+00:00,2.2584874
2025-08-01 06:38:50.588955+00:00,2.2584881
2025-08-01 06:38:57.863916+00:00,2.2584879
2025-08-01 06:39:11.354633+00:00,2.2584872
2025-08-01 06:39:23.419836+00:00,2.2584879
2025-08-01 06:39:36.366423+00:00,2.2584873
2025-08-01 06:39:49.150828+00:00,2.2584874
2025-08-01 06:40:05.827708+00:00,2.2584876
2025-08-01 06:40:14.882558+00:00,2.2584873
2025-08-01 06:40:29.076316+00:00,2.2584877
2025-08-01 06:40:40.383092+00:00,2.2584879
2025-08-01 06:40:53.528140+00:00,2.258488
2025-08-01 06:41:07.263798+00:00,2.2584877
2025-08-01 06:41:18.855468+00:00,2.2584875
2025-08-01 06:41:30.907320+00:00,2.2584866
2025-08-01 06:41:43.244251+00:00,2.2584873
2025-08-01 06:41:55.935489+00:00,2.258487
2025-08-01 06:42:14.410507+00:00,2.2584881
2025-08-01 06:42:23.382174+00:00,2.258488
2025-08-01 06:42:34.306126+00:00,2.2584877
2025-08-01 06:42:47.946511+00:00,2.2584874
2025-08-01 06:43:01.988143+00:00,2.258488
2025-08-01 06:43:12.885907+00:00,2.2584876
2025-08-01 06:43:25.667017+00:00,2.2584878
2025-08-01 06:43:37.882276+00:00,2.2584872
2025-08-01 06:43:50.675369+00:00,2.2584871
2025-08-01 06:44:04.244426+00:00,2.2584881
2025-08-01 06:44:16.516961+00:00,2.258488
2025-08-01 06:44:29.567817+00:00,2.2584879
2025-08-01 06:44:41.803022+00:00,2.2584874
2025-08-01 06:44:54.757127+00:00,2.2584869
2025-08-01 06:45:08.808006+00:00,2.2584877
2025-08-01 06:45:23.201680+00:00,2.2584882
2025-08-01 06:45:33.552186+00:00,2.2584878
2025-08-01 06:45:58.572737+00:00,2.258487
2025-08-01 06:46:11.516902+00:00,2.2584876
2025-08-01 06:46:24.872113+00:00,2.2584871
2025-08-01 06:46:36.578060+00:00,2.2584875
2025-08-01 06:46:49.383104+00:00,2.2584873
2025-08-01 06:47:02.321504+00:00,2.2584876
2025-08-01 06:47:15.113815+00:00,2.2584878
2025-08-01 06:47:28.128271+00:00,2.2584877
2025-08-01 06:47:40.942090+00:00,2.2584867
2025-08-01 06:48:07.328922+00:00,2.2584881
2025-08-01 06:48:19.854498+00:00,2.2584874
2025-08-01 06:48:33.686737+00:00,2.2584875
2025-08-01 06:48:46.153192+00:00,2.2584876
2025-08-01 06:48:58.623351+00:00,2.2584879
2025-08-01 06:49:14.844430+00:00,2.2584878
2025-08-01 06:49:26.584447+00:00,2.2584882
2025-08-01 06:49:37.885916+00:00,2.2584882
2025-08-01 06:49:50.378692+00:00,2.2584877
2025-08-01 06:50:03.642675+00:00,2.2584881
2025-08-01 06:50:16.511640+00:00,2.2584878
2025-08-01 06:50:31.792904+00:00,2.2584868
2025-08-01 06:50:42.733801+00:00,2.2584874
2025-08-01 06:50:54.558209+00:00,2.2584881
2025-08-01 06:51:08.246818+00:00,2.258488
2025-08-01 06:51:20.636021+00:00,2.2584879
2025-08-01 06:51:34.219667+00:00,2.2584878
2025-08-01 06:51:47.124578+00:00,2.2584873
2025-08-01 06:51:58.165902+00:00,2.2584878
2025-08-01 06:52:13.973736+00:00,2.2584875
2025-08-01 06:52:24.720039+00:00,2.2584878
2025-08-01 06:52:36.231179+00:00,2.2584871
2025-08-01 06:52:50.844983+00:00,2.2584874
2025-08-01 06:53:14.663452+00:00,2.2584875
2025-08-01 06:53:27.164741+00:00,2.2584869
2025-08-01 06:53:39.738668+00:00,2.2584875
2025-08-01 06:53:52.461038+00:00,2.2584878
2025-08-01 06:54:07.911012+00:00,2.2584873
2025-08-01 06:54:18.382800+00:00,2.2584877
2025-08-01 06:54:31.603564+00:00,2.2584876
2025-08-01 06:54:44.749362+00:00,2.2584874
2025-08-01 06:54:56.847843+00:00,2.2584872
2025-08-01 06:55:09.926464+00:00,2.2584874
2025-08-01 06:55:24.319493+00:00,2.2584882
2025-08-01 06:55:36.085043+00:00,2.2584875
2025-08-01 06:55:48.726512+00:00,2.258488
2025-08-01 06:56:01.191990+00:00,2.258488
2025-08-01 06:56:13.683873+00:00,2.2584873
2025-08-01 06:56:28.720443+00:00,2.2584876
2025-08-01 06:56:39.268117+00:00,2.2584872
2025-08-01 06:56:52.895282+00:00,2.2584871
2025-08-01 06:57:05.488436+00:00,2.2584876
2025-08-01 06:57:18.073417+00:00,2.2584871
2025-08-01 06:57:30.928110+00:00,2.2584881
2025-08-01 06:57:46.212957+00:00,2.2584875
2025-08-01 06:57:56.381214+00:00,2.2584875
2025-08-01 06:58:10.014968+00:00,2.2584879
2025-08-01 06:58:22.425624+00:00,2.2584877
2025-08-01 06:58:35.247792+00:00,2.2584872
2025-08-01 06:58:50.464701+00:00,2.2584867
2025-08-01 06:59:06.905333+00:00,2.2584881
2025-08-01 06:59:15.050195+00:00,2.2584868
2025-08-01 06:59:27.522022+00:00,2.258488
2025-08-01 06:59:40.209237+00:00,2.2584874
2025-08-01 06:59:53.137632+00:00,2.2584878
2025-08-01 07:00:10.101977+00:00,2.2584869
2025-08-01 07:00:19.428236+00:00,2.2584874
2025-08-01 07:00:31.893956+00:00,2.2584875
2025-08-01 07:00:44.912625+00:00,2.2584882
2025-08-01 07:00:57.385674+00:00,2.2584872
2025-08-01 07:01:10.535910+00:00,2.258487
2025-08-01 07:01:23.363575+00:00,2.258487
2025-08-01 07:01:36.603897+00:00,2.2584876
2025-08-01 07:01:49.442752+00:00,2.2584876
2025-08-01 07:02:01.234507+00:00,2.2584874
2025-08-01 07:02:15.604762+00:00,2.2584881
2025-08-01 07:02:26.124395+00:00,2.2584878
2025-08-01 07:02:38.716327+00:00,2.2584877
2025-08-01 07:02:52.373394+00:00,2.2584875
2025-08-01 07:03:04.685018+00:00,2.2584874
2025-08-01 07:03:17.563498+00:00,2.2584874
2025-08-01 07:03:29.445014+00:00,2.2584877
2025-08-01 07:03:42.564246+00:00,2.2584874
2025-08-01 07:03:54.892750+00:00,2.258487
2025-08-01 07:04:08.245529+00:00,2.2584878
2025-08-01 07:04:21.064826+00:00,2.2584874
2025-08-01 07:04:33.912580+00:00,2.2584875
2025-08-01 07:04:46.387653+00:00,2.2584873
2025-08-01 07:05:00.944138+00:00,2.2584876
2025-08-01 07:05:13.583194+00:00,2.2584876
2025-08-01 07:05:25.103986+00:00,2.2584872
2025-08-01 07:05:40.701311+00:00,2.2584876
2025-08-01 07:05:50.047877+00:00,2.2584882
2025-08-01 07:06:07.252287+00:00,2.2584877
2025-08-01 07:06:15.760114+00:00,2.2584869
2025-08-01 07:06:28.452801+00:00,2.258487
2025-08-01 07:06:41.282266+00:00,2.2584878
2025-08-01 07:06:54.327520+00:00,2.2584872
2025-08-01 07:07:08.600565+00:00,2.2584869
2025-08-01 07:07:20.041841+00:00,2.2584873
2025-08-01 07:07:33.132244+00:00,2.2584878
2025-08-01 07:07:45.733426+00:00,2.2584874
2025-08-01 07:07:58.249447+00:00,2.2584879
2025-08-01 07:08:12.652939+00:00,2.2584875
2025-08-01 07:08:23.535037+00:00,2.2584877
2025-08-01 07:08:37.274747+00:00,2.2584881
2025-08-01 07:08:49.740681+00:00,2.2584874
2025-08-01 07:09:02.599532+00:00,2.2584873
2025-08-01 07:09:15.047034+00:00,2.2584876
2025-08-01 07:09:28.201817+00:00,2.2584874
2025-08-01 07:09:41.134484+00:00,2.2584874
2025-08-01 07:09:54.239152+00:00,2.2584878
2025-08-01 07:10:07.696969+00:00,2.2584876
2025-08-01 07:10:20.312522+00:00,2.2584873
2025-08-01 07:10:34.804076+00:00,2.2584878
2025-08-01 07:10:50.320859+00:00,2.2584877
2025-08-01 07:10:58.645443+00:00,2.2584874
2025-08-01 07:11:11.593764+00:00,2.2584873
2025-08-01 07:11:24.299991+00:00,2.2584871
2025-08-01 07:11:38.709320+00:00,2.2584878
2025-08-01 07:11:49.954207+00:00,2.2584882
2025-08-01 07:12:03.025649+00:00,2.2584872
2025-08-01 07:12:15.707868+00:00,2.2584877
2025-08-01 07:12:28.143595+00:00,2.258488
2025-08-01 07:12:40.704163+00:00,2.2584878
2025-08-01 07:12:53.427444+00:00,2.2584873
2025-08-01 07:13:06.651851+00:00,2.2584879
2025-08-01 07:13:19.168431+00:00,2.2584875
2025-08-01 07:13:31.838526+00:00,2.2584877
2025-08-01 07:13:44.118246+00:00,2.2584875
2025-08-01 07:13:56.916519+00:00,2.2584876
2025-08-01 07:14:10.131826+00:00,2.2584879
2025-08-01 07:14:22.623189+00:00,2.2584874
2025-08-01 07:14:35.458047+00:00,2.2584877
2025-08-01 07:14:50.557931+00:00,2.2584882
2025-08-01 07:15:01.873572+00:00,2.2584874
2025-08-01 07:15:14.402248+00:00,2.2584871
2025-08-01 07:15:28.527160+00:00,2.2584875
2025-08-01 07:15:40.029170+00:00,2.2584872
2025-08-01 07:15:52.596282+00:00,2.2584873
2025-08-01 07:16:07.139519+00:00,2.2584871
2025-08-01 07:16:18.333135+00:00,2.2584874
2025-08-01 07:16:31.553543+00:00,2.2584875
2025-08-01 07:16:44.276573+00:00,2.2584881
2025-08-01 07:16:57.203402+00:00,2.2584872
2025-08-01 07:17:11.393807+00:00,2.258487
2025-08-01 07:17:22.354570+00:00,2.2584874
2025-08-01 07:17:36.087572+00:00,2.2584879
2025-08-01 07:17:52.329476+00:00,2.2584878
2025-08-01 07:18:01.832560+00:00,2.2584871
2025-08-01 07:18:13.798489+00:00,2.2584876
2025-08-01 07:18:26.570531+00:00,2.2584877
2025-08-01 07:18:39.462353+00:00,2.2584881
2025-08-01 07:18:53.152939+00:00,2.2584874
2025-08-01 07:19:17.463348+00:00,2.2584875
2025-08-01 07:19:18.984520+00:00,2.2584873
2025-08-01 07:19:31.745580+00:00,2.2584876
2025-08-01 07:19:44.428435+00:00,2.2584872
2025-08-01 07:19:57.552724+00:00,2.2584876
2025-08-01 07:20:11.948557+00:00,2.258487
2025-08-01 07:20:23.314043+00:00,2.2584872
2025-08-01 07:20:40.553280+00:00,2.2584873
2025-08-01 07:20:48.904654+00:00,2.2584874
2025-08-01 07:21:01.862126+00:00,2.2584879
2025-08-01 07:21:14.809765+00:00,2.2584875
2025-08-01 07:21:29.826199+00:00,2.2584878
2025-08-01 07:21:40.551893+00:00,2.2584876
2025-08-01 07:21:53.171309+00:00,2.2584878
2025-08-01 07:22:06.652932+00:00,2.2584875
2025-08-01 07:22:19.507039+00:00,2.2584873
2025-08-01 07:22:31.899408+00:00,2.2584871
2025-08-01 07:22:44.200444+00:00,2.2584876
2025-08-01 07:22:56.385970+00:00,2.2584877
2025-08-01 07:23:09.514245+00:00,2.2584877
2025-08-01 07:23:22.164739+00:00,2.2584873
2025-08-01 07:23:34.455045+00:00,2.2584881
2025-08-01 07:23:49.075956+00:00,2.258488
2025-08-01 07:24:00.231364+00:00,2.2584869
2025-08-01 07:24:19.798636+00:00,2.2584875
2025-08-01 07:24:25.689895+00:00,2.2584879
2025-08-01 07:24:38.273069+00:00,2.2584876
2025-08-01 07:24:51.691113+00:00,2.2584875
2025-08-01 07:25:11.106423+00:00,2.2584876
2025-08-01 07:25:17.206876+00:00,2.2584875
2025-08-01 07:25:30.964077+00:00,2.2584874
2025-08-01 07:25:43.361903+00:00,2.2584878
2025-08-01 07:25:55.720141+00:00,2.2584874
2025-08-01 07:26:08.695471+00:00,2.2584874
2025-08-01 07:26:21.157171+00:00,2.2584872
2025-08-01 07:26:34.541267+00:00,2.2584875
2025-08-01 07:26:47.295664+00:00,2.258487
2025-08-01 07:26:59.677491+00:00,2.258488
2025-08-01 07:27:13.124720+00:00,2.258487
2025-08-01 07:27:25.118507+00:00,2.2584871
2025-08-01 07:27:38.001448+00:00,2.2584877
2025-08-01 07:27:50.698761+00:00,2.2584878
2025-08-01 07:28:04.184921+00:00,2.2584871
2025-08-01 07:28:21.912387+00:00,2.2584878
2025-08-01 07:28:29.249183+00:00,2.2584881
2025-08-01 07:28:42.766630+00:00,2.258488
2025-08-01 07:28:55.079792+00:00,2.2584874
2025-08-01 07:29:08.220675+00:00,2.2584878
2025-08-01 07:29:20.732758+00:00,2.2584869
2025-08-01 07:29:33.869530+00:00,2.2584878
2025-08-01 07:29:47.239695+00:00,2.2584878
2025-08-01 07:29:59.942982+00:00,2.2584877
2025-08-01 07:30:13.090466+00:00,2.2584874
2025-08-01 07:30:26.219598+00:00,2.2584872
2025-08-01 07:30:40.013236+00:00,2.2584872
2025-08-01 07:30:51.539204+00:00,2.2584875
2025-08-01 07:31:04.880474+00:00,2.2584877
2025-08-01 07:31:18.178945+00:00,2.2584876
2025-08-01 07:31:30.633006+00:00,2.2584869
2025-08-01 07:31:43.829635+00:00,2.2584874
2025-08-01 07:31:56.770278+00:00,2.2584875
2025-08-01 07:32:09.011639+00:00,2.2584877
2025-08-01 07:32:22.912476+00:00,2.2584869
2025-08-01 07:32:34.723515+00:00,2.2584872
2025-08-01 07:32:47.959716+00:00,2.2584874
2025-08-01 07:33:00.651560+00:00,2.2584873
2025-08-01 07:33:13.129979+00:00,2.258487
2025-08-01 07:33:28.701759+00:00,2.2584874
2025-08-01 07:33:38.382321+00:00,2.2584875
2025-08-01 07:33:50.589058+00:00,2.2584879
2025-08-01 07:34:05.010872+00:00,2.2584877
2025-08-01 07:34:15.952332+00:00,2.2584879
2025-08-01 07:34:29.887629+00:00,2.2584878
2025-08-01 07:34:41.242884+00:00,2.2584874
2025-08-01 07:34:54.101017+00:00,2.2584871
2025-08-01 07:35:07.197354+00:00,2.2584868
2025-08-01 07:35:19.876640+00:00,2.2584872
2025-08-01 07:35:33.117427+00:00,2.2584882
2025-08-01 07:35:45.522237+00:00,2.2584871
2025-08-01 07:35:58.589170+00:00,2.2584872
2025-08-01 07:36:11.479673+00:00,2.2584872
2025-08-01 07:36:24.222970+00:00,2.2584869
2025-08-01 07:36:37.311076+00:00,2.2584874
2025-08-01 07:36:49.457205+00:00,2.2584877
2025-08-01 07:37:02.695232+00:00,2.2584872
2025-08-01 07:37:14.803779+00:00,2.2584877
2025-08-01 07:37:27.597010+00:00,2.2584877
2025-08-01 07:37:41.297034+00:00,2.2584874
2025-08-01 07:37:53.158030+00:00,2.2584875
2025-08-01 07:38:06.319312+00:00,2.2584873
2025-08-01 07:38:19.028648+00:00,2.2584873
2025-08-01 07:38:35.504388+00:00,2.2584874
2025-08-01 07:38:44.438411+00:00,2.2584877
2025-08-01 07:38:57.587811+00:00,2.2584874
2025-08-01 07:39:10.719940+00:00,2.2584877
2025-08-01 07:39:23.453985+00:00,2.2584878
2025-08-01 07:39:36.107659+00:00,2.2584875
2025-08-01 07:39:49.395245+00:00,2.2584873
2025-08-01 07:40:02.643003+00:00,2.2584877
2025-08-01 07:40:23.312853+00:00,2.2584869
2025-08-01 07:40:28.673212+00:00,2.258488
2025-08-01 07:40:41.739692+00:00,2.2584878
2025-08-01 07:40:53.962661+00:00,2.258487
2025-08-01 07:41:07.634341+00:00,2.2584878
2025-08-01 07:41:19.710698+00:00,2.2584873
2025-08-01 07:41:35.249370+00:00,2.2584874
2025-08-01 07:41:46.718381+00:00,2.2584874
2025-08-01 07:41:58.143393+00:00,2.2584872
2025-08-01 07:42:11.815332+00:00,2.2584873
2025-08-01 07:42:23.836714+00:00,2.2584878
2025-08-01 07:42:36.774325+00:00,2.2584872
2025-08-01 07:42:49.420436+00:00,2.2584869
2025-08-01 07:43:02.101913+00:00,2.2584877
2025-08-01 07:43:15.313271+00:00,2.2584874
2025-08-01 07:43:27.122247+00:00,2.2584883
2025-08-01 07:43:40.965317+00:00,2.2584871
2025-08-01 07:43:52.930006+00:00,2.2584876
2025-08-01 07:44:05.743683+00:00,2.2584871
2025-08-01 07:44:18.156507+00:00,2.2584878
2025-08-01 07:44:30.845480+00:00,2.2584877
2025-08-01 07:44:43.296236+00:00,2.2584871
2025-08-01 07:44:57.412984+00:00,2.2584872
2025-08-01 07:45:08.969123+00:00,2.2584875
2025-08-01 07:45:27.576805+00:00,2.2584872
2025-08-01 07:45:34.686507+00:00,2.2584876
2025-08-01 07:45:47.557079+00:00,2.2584876
2025-08-01 07:46:00.791852+00:00,2.258488
2025-08-01 07:46:12.728084+00:00,2.258488
2025-08-01 07:46:25.514184+00:00,2.258487
2025-08-01 07:46:38.745840+00:00,2.2584873
2025-08-01 07:46:52.911200+00:00,2.2584876
2025-08-01 07:47:05.789356+00:00,2.2584873
2025-08-01 07:47:19.562264+00:00,2.258487
2025-08-01 07:47:29.744508+00:00,2.2584877
2025-08-01 07:47:42.769945+00:00,2.2584875
2025-08-01 07:47:56.151783+00:00,2.2584879
2025-08-01 07:48:09.919446+00:00,2.2584871
2025-08-01 07:48:20.800487+00:00,2.2584877
2025-08-01 07:48:33.568553+00:00,2.2584868
2025-08-01 07:48:46.356892+00:00,2.2584878
2025-08-01 07:48:59.455379+00:00,2.2584875
2025-08-01 07:49:12.349038+00:00,2.2584878
2025-08-01 07:49:25.021129+00:00,2.2584876
2025-08-01 07:49:37.454273+00:00,2.2584879
2025-08-01 07:49:50.635952+00:00,2.2584877
2025-08-01 07:50:07.457986+00:00,2.2584865
2025-08-01 07:50:29.754838+00:00,2.2584876
2025-08-01 07:50:43.033103+00:00,2.2584877
2025-08-01 07:50:55.525153+00:00,2.2584876
2025-08-01 07:51:09.216298+00:00,2.2584868
2025-08-01 07:51:21.615348+00:00,2.2584872
2025-08-01 07:51:34.666676+00:00,2.2584877
2025-08-01 07:51:47.586644+00:00,2.2584871
2025-08-01 07:52:00.923571+00:00,2.2584875
2025-08-01 07:52:13.367328+00:00,2.2584873
2025-08-01 07:52:26.305851+00:00,2.2584875
2025-08-01 07:52:38.663153+00:00,2.2584877
2025-08-01 07:52:51.554280+00:00,2.2584878
2025-08-01 07:53:05.530939+00:00,2.2584874
2025-08-01 07:53:22.746878+00:00,2.2584876
2025-08-01 07:53:30.271287+00:00,2.258487
2025-08-01 07:53:42.760524+00:00,2.2584871
2025-08-01 07:53:55.961928+00:00,2.2584879
2025-08-01 07:54:09.720199+00:00,2.2584871
2025-08-01 07:54:20.959993+00:00,2.2584869
2025-08-01 07:54:34.794191+00:00,2.2584876
2025-08-01 07:54:46.569185+00:00,2.2584876
2025-08-01 07:54:58.902285+00:00,2.2584875
2025-08-01 07:55:11.778661+00:00,2.2584877
2025-08-01 07:55:25.514779+00:00,2.2584871
2025-08-01 07:55:39.044656+00:00,2.2584871
2025-08-01 07:55:50.671316+00:00,2.2584873
2025-08-01 07:56:02.702633+00:00,2.2584872
2025-08-01 07:56:15.919223+00:00,2.2584877
2025-08-01 07:56:29.418854+00:00,2.2584879
2025-08-01 07:56:42.067731+00:00,2.2584875
2025-08-01 07:56:53.991867+00:00,2.2584879
2025-08-01 07:57:07.407184+00:00,2.2584872
2025-08-01 07:57:19.584064+00:00,2.2584877
2025-08-01 07:57:36.419241+00:00,2.2584873
2025-08-01 07:57:45.176934+00:00,2.2584877
2025-08-01 07:58:00.057641+00:00,2.2584872
2025-08-01 07:58:12.207995+00:00,2.2584872
2025-08-01 07:58:23.462515+00:00,2.2584875
2025-08-01 07:58:36.397657+00:00,2.2584871
2025-08-01 07:58:49.095218+00:00,2.2584868
2025-08-01 07:59:03.978353+00:00,2.2584878
2025-08-01 07:59:14.516681+00:00,2.2584873
2025-08-01 07:59:27.432124+00:00,2.2584874
2025-08-01 07:59:40.429312+00:00,2.2584878
2025-08-01 07:59:53.393785+00:00,2.258488
2025-08-01 08:00:08.259946+00:00,2.2584875
2025-08-01 08:00:19.683781+00:00,2.2584867
2025-08-01 08:00:33.063359+00:00,2.2584872
2025-08-01 08:00:46.007285+00:00,2.2584874
2025-08-01 08:00:58.573827+00:00,2.2584877
2025-08-01 08:01:11.651094+00:00,2.2584872
2025-08-01 08:01:26.528410+00:00,2.2584879
2025-08-01 08:01:37.697754+00:00,2.2584879
2025-08-01 08:01:50.214310+00:00,2.2584869
2025-08-01 08:02:03.649753+00:00,2.2584878
2025-08-01 08:02:18.778286+00:00,2.2584875
2025-08-01 08:02:29.118364+00:00,2.2584876
2025-08-01 08:02:42.619478+00:00,2.2584869
2025-08-01 08:02:55.110032+00:00,2.2584872
2025-08-01 08:03:10.989134+00:00,2.2584875
2025-08-01 08:03:20.570063+00:00,2.2584869
2025-08-01 08:03:33.556634+00:00,2.2584873
2025-08-01 08:03:46.881967+00:00,2.2584874
2025-08-01 08:03:59.202816+00:00,2.2584872
2025-08-01 08:04:13.592024+00:00,2.2584877
2025-08-01 08:04:25.124990+00:00,2.2584874
2025-08-01 08:04:39.431662+00:00,2.2584872
2025-08-01 08:04:50.532653+00:00,2.2584881
2025-08-01 08:05:03.145063+00:00,2.2584872
2025-08-01 08:05:15.892754+00:00,2.2584877
2025-08-01 08:05:31.555810+00:00,2.2584875
2025-08-01 08:05:41.131987+00:00,2.2584871
2025-08-01 08:05:53.433352+00:00,2.2584872
2025-08-01 08:06:06.669932+00:00,2.2584875
2025-08-01 08:06:19.053201+00:00,2.2584869
2025-08-01 08:06:32.074393+00:00,2.2584872
2025-08-01 08:06:45.417596+00:00,2.2584875
2025-08-01 08:06:58.361634+00:00,2.2584873
2025-08-01 08:07:10.717538+00:00,2.258488
2025-08-01 08:07:23.206065+00:00,2.2584878
2025-08-01 08:07:38.120005+00:00,2.2584871
2025-08-01 08:07:48.871323+00:00,2.2584876
2025-08-01 08:08:01.853392+00:00,2.2584869
2025-08-01 08:08:14.189502+00:00,2.2584876
2025-08-01 08:08:27.037064+00:00,2.2584872
2025-08-01 08:08:39.793719+00:00,2.2584875
2025-08-01 08:08:52.744108+00:00,2.2584874
2025-08-01 08:09:05.867545+00:00,2.2584873
2025-08-01 08:09:19.543329+00:00,2.2584873
2025-08-01 08:09:31.062458+00:00,2.2584872
2025-08-01 08:09:43.819078+00:00,2.2584878
2025-08-01 08:09:56.479055+00:00,2.2584868
2025-08-01 08:10:09.846161+00:00,2.2584871
2025-08-01 08:10:22.813476+00:00,2.2584868
2025-08-01 08:10:35.137716+00:00,2.2584874
2025-08-01 08:10:47.969478+00:00,2.2584877
2025-08-01 08:11:02.562062+00:00,2.258487
2025-08-01 08:11:13.894828+00:00,2.2584871
2025-08-01 08:11:26.233939+00:00,2.2584875
2025-08-01 08:11:41.596937+00:00,2.258487
2025-08-01 08:11:52.314624+00:00,2.2584878
2025-08-01 08:12:06.852753+00:00,2.2584874
2025-08-01 08:12:18.610202+00:00,2.2584872
2025-08-01 08:12:32.433596+00:00,2.2584873
2025-08-01 08:12:44.219592+00:00,2.2584875
2025-08-01 08:12:57.213095+00:00,2.2584871
2025-08-01 08:13:10.049947+00:00,2.2584875
2025-08-01 08:13:23.031536+00:00,2.2584874
2025-08-01 08:13:35.945955+00:00,2.2584876
2025-08-01 08:13:48.817560+00:00,2.258487
2025-08-01 08:14:04.754993+00:00,2.2584876
2025-08-01 08:14:14.839823+00:00,2.2584866
2025-08-01 08:14:27.610092+00:00,2.2584874
2025-08-01 08:14:40.447829+00:00,2.2584877
2025-08-01 08:14:52.966071+00:00,2.2584878
2025-08-01 08:15:05.770777+00:00,2.2584877
2025-08-01 08:15:18.416576+00:00,2.2584877
2025-08-01 08:15:31.497588+00:00,2.2584873
2025-08-01 08:15:44.175380+00:00,2.2584876
2025-08-01 08:15:56.016557+00:00,2.2584872
2025-08-01 08:16:11.333123+00:00,2.2584872
2025-08-01 08:16:21.521202+00:00,2.2584871
2025-08-01 08:16:35.100950+00:00,2.2584871
2025-08-01 08:16:47.938396+00:00,2.2584877
2025-08-01 08:17:00.319691+00:00,2.258487
2025-08-01 08:17:12.930379+00:00,2.2584872
2025-08-01 08:17:26.008894+00:00,2.2584875
2025-08-01 08:17:38.478568+00:00,2.2584877
2025-08-01 08:17:52.199859+00:00,2.2584875
2025-08-01 08:18:09.046142+00:00,2.2584872
2025-08-01 08:18:17.414354+00:00,2.2584873
2025-08-01 08:18:29.940190+00:00,2.258487
2025-08-01 08:18:42.714627+00:00,2.2584881
2025-08-01 08:18:55.271182+00:00,2.2584869
2025-08-01 08:19:08.013164+00:00,2.2584872
2025-08-01 08:19:20.931846+00:00,2.258487
2025-08-01 08:19:36.239645+00:00,2.2584873
2025-08-01 08:19:46.514589+00:00,2.2584868
2025-08-01 08:19:59.117713+00:00,2.258487
2025-08-01 08:20:12.470484+00:00,2.258487
2025-08-01 08:20:25.500722+00:00,2.2584874
2025-08-01 08:20:51.386465+00:00,2.2584872
2025-08-01 08:21:04.989824+00:00,2.2584877
2025-08-01 08:21:17.670315+00:00,2.2584872
2025-08-01 08:21:32.261766+00:00,2.2584869
2025-08-01 08:21:43.342545+00:00,2.2584875
2025-08-01 08:21:58.020144+00:00,2.2584871
2025-08-01 08:22:09.631109+00:00,2.2584876
2025-08-01 08:22:24.667176+00:00,2.2584872
2025-08-01 08:22:35.774262+00:00,2.2584875
2025-08-01 08:22:48.294267+00:00,2.2584875
2025-08-01 08:23:04.094250+00:00,2.2584876
2025-08-01 08:23:13.808731+00:00,2.2584876
2025-08-01 08:23:26.111036+00:00,2.2584874
2025-08-01 08:23:39.105708+00:00,2.2584869
2025-08-01 08:23:53.144843+00:00,2.2584871
2025-08-01 08:24:05.223356+00:00,2.2584877
2025-08-01 08:24:18.051781+00:00,2.2584876
2025-08-01 08:24:30.543179+00:00,2.2584877
2025-08-01 08:24:42.877656+00:00,2.2584876
2025-08-01 08:24:56.367807+00:00,2.2584878
2025-08-01 08:25:08.540594+00:00,2.2584871
2025-08-01 08:25:21.052684+00:00,2.2584869
2025-08-01 08:25:34.958165+00:00,2.258487
2025-08-01 08:25:49.883003+00:00,2.2584878
2025-08-01 08:25:58.699963+00:00,2.2584871
2025-08-01 08:26:12.222242+00:00,2.258487
2025-08-01 08:26:24.245530+00:00,2.2584877
2025-08-01 08:26:37.451909+00:00,2.2584875
2025-08-01 08:26:50.526095+00:00,2.2584873
2025-08-01 08:27:03.020564+00:00,2.2584873
2025-08-01 08:27:17.364076+00:00,2.2584873
2025-08-01 08:27:28.640843+00:00,2.2584865
2025-08-01 08:27:41.666465+00:00,2.258487
2025-08-01 08:27:54.478343+00:00,2.2584874
2025-08-01 08:28:07.389836+00:00,2.258487
2025-08-01 08:28:22.146789+00:00,2.2584868
2025-08-01 08:28:34.402965+00:00,2.2584875
2025-08-01 08:28:51.362402+00:00,2.2584869
2025-08-01 08:28:58.688545+00:00,2.2584871
2025-08-01 08:29:13.295776+00:00,2.2584879
2025-08-01 08:29:23.516472+00:00,2.2584869
2025-08-01 08:29:36.385154+00:00,2.2584873
2025-08-01 08:29:49.961022+00:00,2.2584875
2025-08-01 08:30:03.873090+00:00,2.258487
2025-08-01 08:30:15.592794+00:00,2.2584877
2025-08-01 08:30:28.502266+00:00,2.2584872
2025-08-01 08:30:41.320027+00:00,2.2584875
2025-08-01 08:30:56.109982+00:00,2.2584875
2025-08-01 08:31:07.570855+00:00,2.2584871
2025-08-01 08:31:19.777024+00:00,2.2584876
2025-08-01 08:31:33.043080+00:00,2.2584876
2025-08-01 08:31:46.049028+00:00,2.258487
2025-08-01 08:31:58.377806+00:00,2.2584869
2025-08-01 08:32:14.083548+00:00,2.2584874
2025-08-01 08:32:25.064877+00:00,2.2584876
2025-08-01 08:32:37.481812+00:00,2.258487
2025-08-01 08:32:50.391572+00:00,2.2584871
2025-08-01 08:33:04.851580+00:00,2.2584874
2025-08-01 08:33:18.959689+00:00,2.2584872
2025-08-01 08:33:28.598896+00:00,2.2584871
2025-08-01 08:33:42.630939+00:00,2.2584869
2025-08-01 08:33:54.295412+00:00,2.2584869
2025-08-01 08:34:07.877038+00:00,2.2584874
2025-08-01 08:34:19.957021+00:00,2.2584875
2025-08-01 08:34:32.991730+00:00,2.2584876
2025-08-01 08:34:46.047134+00:00,2.2584872
2025-08-01 08:34:58.112680+00:00,2.2584876
2025-08-01 08:35:12.894151+00:00,2.2584873
2025-08-01 08:35:24.115915+00:00,2.2584876
2025-08-01 08:35:36.201125+00:00,2.2584874
2025-08-01 08:35:49.985199+00:00,2.2584879
2025-08-01 08:36:01.939151+00:00,2.2584876
2025-08-01 08:36:14.866201+00:00,2.2584876
2025-08-01 08:36:26.847034+00:00,2.2584876
2025-08-01 08:36:39.995488+00:00,2.258487
2025-08-01 08:36:54.000434+00:00,2.2584873
2025-08-01 08:37:12.106845+00:00,2.2584871
2025-08-01 08:37:18.882193+00:00,2.2584875
2025-08-01 08:37:31.621017+00:00,2.2584874
2025-08-01 08:37:44.722916+00:00,2.2584876
2025-08-01 08:37:57.043188+00:00,2.2584873
2025-08-01 08:38:10.115257+00:00,2.2584876
2025-08-01 08:38:22.481576+00:00,2.2584875
2025-08-01 08:38:35.308674+00:00,2.2584873
2025-08-01 08:38:48.142296+00:00,2.2584868
2025-08-01 08:39:01.078954+00:00,2.2584875
2025-08-01 08:39:16.060539+00:00,2.2584872
2025-08-01 08:39:27.320325+00:00,2.258487
2025-08-01 08:39:39.656859+00:00,2.2584866
2025-08-01 08:39:52.434923+00:00,2.2584874
2025-08-01 08:40:05.222831+00:00,2.258487
2025-08-01 08:40:19.116929+00:00,2.2584874
2025-08-01 08:40:33.442935+00:00,2.258487
2025-08-01 08:40:43.658211+00:00,2.2584875
2025-08-01 08:40:58.390324+00:00,2.2584876
2025-08-01 08:41:11.904821+00:00,2.2584871
2025-08-01 08:41:23.918496+00:00,2.2584872
2025-08-01 08:41:36.200728+00:00,2.2584877
2025-08-01 08:41:48.788397+00:00,2.2584875
2025-08-01 08:42:01.223212+00:00,2.2584868
2025-08-01 08:42:13.901356+00:00,2.2584876
2025-08-01 08:42:26.670968+00:00,2.2584876
2025-08-01 08:42:39.596159+00:00,2.2584877
2025-08-01 08:42:52.334794+00:00,2.2584877
2025-08-01 08:43:05.472649+00:00,2.2584871
2025-08-01 08:43:18.655486+00:00,2.2584878
2025-08-01 08:43:31.648635+00:00,2.258487
2025-08-01 08:43:43.945339+00:00,2.258487
2025-08-01 08:43:56.709162+00:00,2.2584873
2025-08-01 08:44:09.829807+00:00,2.2584873
2025-08-01 08:44:21.990285+00:00,2.2584876
2025-08-01 08:44:34.762781+00:00,2.2584869
2025-08-01 08:44:47.655857+00:00,2.2584875
2025-08-01 08:44:59.745293+00:00,2.2584876
2025-08-01 08:45:13.877959+00:00,2.258487
2025-08-01 08:45:25.760680+00:00,2.2584875
2025-08-01 08:45:38.694794+00:00,2.2584877
2025-08-01 08:45:51.120722+00:00,2.2584872
2025-08-01 08:46:06.298022+00:00,2.2584872
2025-08-01 08:46:16.726954+00:00,2.2584875
2025-08-01 08:46:29.382266+00:00,2.258487
2025-08-01 08:46:42.150537+00:00,2.2584873
2025-08-01 08:46:55.261529+00:00,2.2584877
2025-08-01 08:47:12.849978+00:00,2.2584878
2025-08-01 08:47:21.991174+00:00,2.2584877
2025-08-01 08:47:33.821217+00:00,2.2584869
2025-08-01 08:47:46.756744+00:00,2.2584867
2025-08-01 08:47:59.565529+00:00,2.2584876
2025-08-01 08:48:12.309908+00:00,2.2584872
2025-08-01 08:48:24.875586+00:00,2.2584874
2025-08-01 08:48:37.780304+00:00,2.2584877
2025-08-01 08:48:50.768417+00:00,2.2584873
2025-08-01 08:49:03.362373+00:00,2.2584876
2025-08-01 08:49:16.212960+00:00,2.2584869
2025-08-01 08:49:28.920900+00:00,2.2584875
2025-08-01 08:49:42.408856+00:00,2.2584874
2025-08-01 08:49:54.516103+00:00,2.2584871
2025-08-01 08:50:08.255173+00:00,2.2584874
2025-08-01 08:50:20.880934+00:00,2.258487
2025-08-01 08:50:35.577449+00:00,2.2584873
2025-08-01 08:50:48.902238+00:00,2.2584879
2025-08-01 08:50:59.394144+00:00,2.2584871
2025-08-01 08:51:12.269942+00:00,2.2584873
2025-08-01 08:51:26.661227+00:00,2.2584873
2025-08-01 08:51:38.159829+00:00,2.2584868
2025-08-01 08:51:50.836430+00:00,2.2584876
2025-08-01 08:52:04.728168+00:00,2.2584867
2025-08-01 08:52:17.198593+00:00,2.2584872
2025-08-01 08:52:30.498177+00:00,2.2584879
2025-08-01 08:52:42.667102+00:00,2.2584872
2025-08-01 08:52:55.658920+00:00,2.2584869
2025-08-01 08:53:08.766487+00:00,2.2584875
2025-08-01 08:53:21.291655+00:00,2.2584878
2025-08-01 08:53:34.253249+00:00,2.2584876
2025-08-01 08:53:51.459475+00:00,2.2584875
2025-08-01 08:53:59.908326+00:00,2.2584873
2025-08-01 08:54:12.578565+00:00,2.258487
2025-08-01 08:54:25.341587+00:00,2.2584876
2025-08-01 08:54:37.864669+00:00,2.2584871
2025-08-01 08:54:53.088513+00:00,2.2584871
2025-08-01 08:55:03.548919+00:00,2.2584873
2025-08-01 08:55:16.285446+00:00,2.2584874
2025-08-01 08:55:29.112465+00:00,2.2584873
2025-08-01 08:55:41.433468+00:00,2.2584874
2025-08-01 08:55:54.392076+00:00,2.2584873
2025-08-01 08:56:07.404334+00:00,2.2584876
2025-08-01 08:56:20.415142+00:00,2.2584868
2025-08-01 08:56:33.343139+00:00,2.2584873
2025-08-01 08:56:50.376125+00:00,2.2584879
2025-08-01 08:57:01.316562+00:00,2.2584873
2025-08-01 08:57:12.250908+00:00,2.2584869
2025-08-01 08:57:24.821100+00:00,2.2584874
2025-08-01 08:57:37.626989+00:00,2.2584871
2025-08-01 08:57:50.346703+00:00,2.2584874
2025-08-01 08:58:04.908966+00:00,2.2584877
2025-08-01 08:58:17.904814+00:00,2.2584872
2025-08-01 08:58:28.919290+00:00,2.258488
2025-08-01 08:58:42.327671+00:00,2.2584873
2025-08-01 08:58:55.560207+00:00,2.258487
2025-08-01 08:59:08.045712+00:00,2.2584871
2025-08-01 08:59:20.832116+00:00,2.2584871
2025-08-01 08:59:33.931210+00:00,2.2584873
2025-08-01 08:59:45.926531+00:00,2.2584869
2025-08-01 08:59:59.322618+00:00,2.2584871
2025-08-01 09:00:12.088538+00:00,2.258487
2025-08-01 09:00:26.545301+00:00,2.2584875
2025-08-01 09:00:38.007138+00:00,2.2584873
2025-08-01 09:00:52.363170+00:00,2.2584879
2025-08-01 09:01:03.909225+00:00,2.2584873
2025-08-01 09:01:17.120787+00:00,2.2584868
2025-08-01 09:01:29.812867+00:00,2.2584876
2025-08-01 09:01:42.969599+00:00,2.2584872
2025-08-01 09:01:56.022508+00:00,2.2584872
2025-08-01 09:02:09.683822+00:00,2.2584872
2025-08-01 09:02:22.563907+00:00,2.2584874
2025-08-01 09:02:35.087952+00:00,2.2584869
2025-08-01 09:02:48.438681+00:00,2.2584868
2025-08-01 09:03:01.042226+00:00,2.2584874
2025-08-01 09:03:13.927099+00:00,2.2584874
2025-08-01 09:03:26.615955+00:00,2.2584871
2025-08-01 09:03:39.522823+00:00,2.2584877
2025-08-01 09:03:55.946791+00:00,2.2584877
2025-08-01 09:04:10.856057+00:00,2.2584876
2025-08-01 09:04:18.487012+00:00,2.2584878
2025-08-01 09:04:30.941543+00:00,2.2584878
2025-08-01 09:04:43.032766+00:00,2.258487
2025-08-01 09:04:55.903695+00:00,2.2584876
2025-08-01 09:05:08.799019+00:00,2.2584879
2025-08-01 09:05:21.815120+00:00,2.2584873
2025-08-01 09:05:34.405572+00:00,2.2584874
2025-08-01 09:05:47.238526+00:00,2.2584872
2025-08-01 09:05:59.402774+00:00,2.2584872
2025-08-01 09:06:12.501960+00:00,2.2584878
2025-08-01 09:06:26.062968+00:00,2.2584872
2025-08-01 09:06:38.485250+00:00,2.2584877
2025-08-01 09:06:51.177884+00:00,2.258488
2025-08-01 09:07:04.888477+00:00,2.2584874
2025-08-01 09:07:19.324353+00:00,2.2584873
2025-08-01 09:07:35.492698+00:00,2.2584878
2025-08-01 09:07:43.625682+00:00,2.2584882
2025-08-01 09:07:55.660286+00:00,2.258487
2025-08-01 09:08:11.548320+00:00,2.2584872
2025-08-01 09:08:21.438113+00:00,2.2584872
2025-08-01 09:08:34.572481+00:00,2.2584875
2025-08-01 09:08:47.467870+00:00,2.2584871
2025-08-01 09:09:01.050739+00:00,2.2584872
2025-08-01 09:09:12.918371+00:00,2.2584872
2025-08-01 09:09:25.970412+00:00,2.2584875
2025-08-01 09:09:38.730299+00:00,2.258487
2025-08-01 09:09:51.981243+00:00,2.2584872
2025-08-01 09:10:05.123717+00:00,2.2584872
2025-08-01 09:10:17.889297+00:00,2.2584879
2025-08-01 09:10:32.774694+00:00,2.2584874
2025-08-01 09:10:43.293406+00:00,2.2584874
2025-08-01 09:10:57.177103+00:00,2.2584872
2025-08-01 09:11:11.247295+00:00,2.2584872
2025-08-01 09:11:22.661615+00:00,2.2584875
2025-08-01 09:11:37.912545+00:00,2.258487
2025-08-01 09:11:48.787893+00:00,2.2584877
2025-08-01 09:12:01.865214+00:00,2.2584875
2025-08-01 09:12:14.610008+00:00,2.2584871
2025-08-01 09:12:27.640858+00:00,2.2584871
2025-08-01 09:12:41.079455+00:00,2.2584871
2025-08-01 09:12:53.591998+00:00,2.2584879
2025-08-01 09:13:06.761382+00:00,2.2584875
2025-08-01 09:13:20.594464+00:00,2.2584869
2025-08-01 09:13:35.891115+00:00,2.2584873
2025-08-01 09:13:46.369726+00:00,2.2584878
2025-08-01 09:13:58.510254+00:00,2.2584876
2025-08-01 09:14:12.183194+00:00,2.258487
2025-08-01 09:14:23.803806+00:00,2.2584869
2025-08-01 09:14:36.601580+00:00,2.2584878
2025-08-01 09:14:50.559767+00:00,2.2584877
2025-08-01 09:15:03.658105+00:00,2.258488
2025-08-01 09:15:15.059934+00:00,2.2584874
2025-08-01 09:15:27.925455+00:00,2.2584873
2025-08-01 09:15:40.658440+00:00,2.258488
2025-08-01 09:15:53.066192+00:00,2.2584874
2025-08-01 09:16:05.749827+00:00,2.2584877
2025-08-01 09:16:19.178235+00:00,2.2584873
2025-08-01 09:16:31.574240+00:00,2.2584875
2025-08-01 09:16:43.836088+00:00,2.2584879
2025-08-01 09:16:56.548082+00:00,2.2584868
2025-08-01 09:17:10.422494+00:00,2.2584872
2025-08-01 09:17:22.947818+00:00,2.258488
2025-08-01 09:17:51.947547+00:00,2.2584875
2025-08-01 09:18:00.812227+00:00,2.2584875
2025-08-01 09:18:19.004431+00:00,2.2584873
2025-08-01 09:18:26.125226+00:00,2.2584871
2025-08-01 09:18:39.575695+00:00,2.2584873
2025-08-01 09:18:52.013716+00:00,2.2584875
2025-08-01 09:19:05.696586+00:00,2.2584878
2025-08-01 09:19:18.217041+00:00,2.258488
2025-08-01 09:19:30.427103+00:00,2.2584875
2025-08-01 09:19:43.153917+00:00,2.2584881
2025-08-01 09:19:56.324439+00:00,2.2584874
2025-08-01 09:20:09.522287+00:00,2.2584868
2025-08-01 09:20:37.326904+00:00,2.2584874
2025-08-01 09:20:49.817504+00:00,2.2584872
2025-08-01 09:21:00.565362+00:00,2.2584875
2025-08-01 09:21:13.402179+00:00,2.2584876
2025-08-01 09:21:26.441336+00:00,2.2584875
2025-08-01 09:21:39.552134+00:00,2.2584871
2025-08-01 09:21:52.819492+00:00,2.2584872
2025-08-01 09:22:05.790318+00:00,2.2584874
2025-08-01 09:22:19.008465+00:00,2.2584874
2025-08-01 09:22:31.738372+00:00,2.2584873
2025-08-01 09:22:44.584745+00:00,2.2584874
2025-08-01 09:22:57.375016+00:00,2.2584879
2025-08-01 09:23:10.712822+00:00,2.2584879
2025-08-01 09:23:23.539255+00:00,2.258488
2025-08-01 09:23:36.075379+00:00,2.2584878
2025-08-01 09:23:48.968082+00:00,2.2584871
2025-08-01 09:24:02.196132+00:00,2.2584869
2025-08-01 09:24:15.426865+00:00,2.2584873
2025-08-01 09:24:27.565301+00:00,2.2584871
2025-08-01 09:24:40.636999+00:00,2.2584873
2025-08-01 09:24:53.056193+00:00,2.2584871
2025-08-01 09:25:10.234406+00:00,2.258487
2025-08-01 09:25:20.473236+00:00,2.2584878
2025-08-01 09:25:31.209264+00:00,2.2584871
2025-08-01 09:25:43.387364+00:00,2.2584874
2025-08-01 09:25:56.321896+00:00,2.2584876
2025-08-01 09:26:11.894956+00:00,2.2584876
2025-08-01 09:26:21.689025+00:00,2.2584872
2025-08-01 09:26:34.542855+00:00,2.2584877
2025-08-01 09:26:47.398569+00:00,2.2584873
2025-08-01 09:27:00.969142+00:00,2.2584877
2025-08-01 09:27:13.716913+00:00,2.2584878
2025-08-01 09:27:25.948385+00:00,2.2584875
2025-08-01 09:27:38.789097+00:00,2.2584871
2025-08-01 09:27:51.463050+00:00,2.258488
2025-08-01 09:28:05.138737+00:00,2.2584872
2025-08-01 09:28:20.762780+00:00,2.2584876
2025-08-01 09:28:29.909216+00:00,2.2584877
2025-08-01 09:28:42.612831+00:00,2.2584871
2025-08-01 09:28:55.362312+00:00,2.2584878
2025-08-01 09:29:10.263558+00:00,2.2584874
2025-08-01 09:29:21.533124+00:00,2.2584869
2025-08-01 09:29:34.374169+00:00,2.2584878
2025-08-01 09:29:46.529329+00:00,2.2584875
2025-08-01 09:30:05.078006+00:00,2.2584882
2025-08-01 09:30:12.191144+00:00,2.2584874
2025-08-01 09:30:26.125923+00:00,2.2584875
2025-08-01 09:30:38.052778+00:00,2.2584872
2025-08-01 09:30:50.854938+00:00,2.2584878
2025-08-01 09:31:04.111016+00:00,2.2584871
2025-08-01 09:31:25.474458+00:00,2.2584876
2025-08-01 09:31:31.034578+00:00,2.2584879
2025-08-01 09:31:46.058975+00:00,2.2584876
2025-08-01 09:31:55.989241+00:00,2.2584876
2025-08-01 09:32:13.289583+00:00,2.2584877
2025-08-01 09:32:21.864387+00:00,2.2584874
2025-08-01 09:32:34.722448+00:00,2.2584875
2025-08-01 09:32:49.170556+00:00,2.2584873
2025-08-01 09:33:03.920870+00:00,2.258487
2025-08-01 09:33:13.369890+00:00,2.2584872
2025-08-01 09:33:26.514960+00:00,2.2584871
2025-08-01 09:33:38.940660+00:00,2.2584869
2025-08-01 09:33:51.604744+00:00,2.2584876
2025-08-01 09:34:05.918863+00:00,2.2584878
2025-08-01 09:34:19.418828+00:00,2.258487
2025-08-01 09:34:42.733670+00:00,2.2584879
2025-08-01 09:34:55.757963+00:00,2.258487
2025-08-01 09:35:08.586911+00:00,2.2584871
2025-08-01 09:35:22.304297+00:00,2.2584876
2025-08-01 09:35:33.871524+00:00,2.2584882
2025-08-01 09:35:46.266006+00:00,2.2584867
2025-08-01 09:35:59.064444+00:00,2.2584871
2025-08-01 09:36:14.917892+00:00,2.2584874
2025-08-01 09:36:24.966954+00:00,2.2584875
2025-08-01 09:36:37.626480+00:00,2.2584872
2025-08-01 09:36:50.016130+00:00,2.2584878
2025-08-01 09:37:07.651313+00:00,2.2584873
2025-08-01 09:37:16.490179+00:00,2.2584878
2025-08-01 09:37:29.503826+00:00,2.2584879
2025-08-01 09:37:41.427716+00:00,2.258488
2025-08-01 09:37:54.226184+00:00,2.2584877
2025-08-01 09:38:07.308385+00:00,2.2584881
2025-08-01 09:38:20.572296+00:00,2.2584873
2025-08-01 09:38:32.906474+00:00,2.2584877
2025-08-01 09:38:45.591263+00:00,2.2584878
2025-08-01 09:38:57.968838+00:00,2.2584882
2025-08-01 09:39:11.315432+00:00,2.2584883
2025-08-01 09:39:24.031990+00:00,2.2584876
2025-08-01 09:39:38.285492+00:00,2.2584872
2025-08-01 09:39:49.321586+00:00,2.2584878
2025-08-01 09:40:02.628413+00:00,2.2584878
2025-08-01 09:40:16.847244+00:00,2.2584877
2025-08-01 09:40:28.387049+00:00,2.2584871
2025-08-01 09:40:40.920737+00:00,2.2584871
2025-08-01 09:40:53.669465+00:00,2.2584882
2025-08-01 09:41:10.212085+00:00,2.2584874
2025-08-01 09:41:20.357317+00:00,2.2584879
2025-08-01 09:41:34.544950+00:00,2.2584876
2025-08-01 09:41:48.625581+00:00,2.258488
2025-08-01 09:41:58.461399+00:00,2.2584875
2025-08-01 09:42:11.935729+00:00,2.2584876
2025-08-01 09:42:24.360442+00:00,2.2584875
2025-08-01 09:42:37.166652+00:00,2.2584869
2025-08-01 09:42:52.987321+00:00,2.2584882
2025-08-01 09:43:03.892970+00:00,2.2584876
2025-08-01 09:43:15.933503+00:00,2.2584873
2025-08-01 09:43:28.613831+00:00,2.2584875
2025-08-01 09:43:41.395002+00:00,2.2584875
2025-08-01 09:43:54.238777+00:00,2.2584876
2025-08-01 09:44:07.200711+00:00,2.2584873
2025-08-01 09:44:19.999550+00:00,2.258488
2025-08-01 09:44:32.850478+00:00,2.2584877
2025-08-01 09:44:44.946527+00:00,2.2584875
2025-08-01 09:44:58.501396+00:00,2.2584878
2025-08-01 09:45:12.714726+00:00,2.258488
2025-08-01 09:45:22.846679+00:00,2.2584873
2025-08-01 09:45:36.069924+00:00,2.2584873
2025-08-01 09:45:48.295509+00:00,2.2584875
2025-08-01 09:46:01.254276+00:00,2.2584874
2025-08-01 09:46:14.236377+00:00,2.2584878
2025-08-01 09:46:28.971705+00:00,2.2584876
2025-08-01 09:46:39.538081+00:00,2.2584878
2025-08-01 09:46:52.342875+00:00,2.2584872
2025-08-01 09:47:19.404220+00:00,2.2584874
2025-08-01 09:47:34.008816+00:00,2.2584878
2025-08-01 09:47:43.575513+00:00,2.2584873
2025-08-01 09:47:56.040066+00:00,2.2584871
2025-08-01 09:48:09.070469+00:00,2.2584876
2025-08-01 09:48:21.936310+00:00,2.2584881
2025-08-01 09:48:34.916939+00:00,2.2584878
2025-08-01 09:48:47.242277+00:00,2.2584873
2025-08-01 09:49:03.576305+00:00,2.2584877
2025-08-01 09:49:12.910867+00:00,2.2584874
2025-08-01 09:49:25.075448+00:00,2.2584876
2025-08-01 09:49:37.893090+00:00,2.2584876
2025-08-01 09:49:51.261738+00:00,2.2584879
2025-08-01 09:50:04.130152+00:00,2.2584873
2025-08-01 09:50:17.059690+00:00,2.258488
2025-08-01 09:50:30.239432+00:00,2.2584874
2025-08-01 09:50:42.783698+00:00,2.2584871
2025-08-01 09:50:55.780048+00:00,2.2584873
2025-08-01 09:51:12.202789+00:00,2.2584876
2025-08-01 09:51:22.920033+00:00,2.2584874
2025-08-01 09:51:34.441534+00:00,2.2584874
2025-08-01 09:51:48.779899+00:00,2.2584876
2025-08-01 09:52:01.400071+00:00,2.2584876
2025-08-01 09:52:14.002053+00:00,2.2584873
2025-08-01 09:52:26.245873+00:00,2.2584877
2025-08-01 09:52:39.479933+00:00,2.2584881
2025-08-01 09:52:51.476672+00:00,2.2584882
2025-08-01 09:53:11.395084+00:00,2.2584875
2025-08-01 09:53:17.885849+00:00,2.2584875
2025-08-01 09:53:29.697220+00:00,2.2584882
2025-08-01 09:53:44.137452+00:00,2.2584883
2025-08-01 09:53:55.095416+00:00,2.2584873
2025-08-01 09:54:11.973665+00:00,2.2584881
2025-08-01 09:54:20.866659+00:00,2.2584873
2025-08-01 09:54:34.010872+00:00,2.2584875
2025-08-01 09:54:49.097560+00:00,2.258487
2025-08-01 09:54:58.963880+00:00,2.2584881
2025-08-01 09:55:12.043072+00:00,2.2584881
2025-08-01 09:55:25.160755+00:00,2.258488
2025-08-01 09:55:37.861402+00:00,2.2584876
2025-08-01 09:55:50.217000+00:00,2.2584882
2025-08-01 09:56:03.425248+00:00,2.2584871
2025-08-01 09:56:17.482452+00:00,2.2584874
2025-08-01 09:56:29.076317+00:00,2.2584876
2025-08-01 09:56:41.702516+00:00,2.2584876
2025-08-01 09:56:54.135067+00:00,2.2584877
2025-08-01 09:57:08.163459+00:00,2.2584877
2025-08-01 09:57:20.623599+00:00,2.2584877
2025-08-01 09:57:35.199852+00:00,2.2584882
2025-08-01 09:57:45.601867+00:00,2.2584872
2025-08-01 09:57:58.474744+00:00,2.2584882
2025-08-01 09:58:11.585372+00:00,2.2584874
2025-08-01 09:58:23.838328+00:00,2.2584878
2025-08-01 09:58:36.416273+00:00,2.2584875
2025-08-01 09:58:49.155217+00:00,2.2584873
2025-08-01 09:59:02.190597+00:00,2.2584876
2025-08-01 09:59:15.465007+00:00,2.2584878
2025-08-01 09:59:28.856880+00:00,2.2584872
2025-08-01 09:59:41.137802+00:00,2.2584871
2025-08-01 09:59:54.154787+00:00,2.258487
2025-08-01 10:00:07.183649+00:00,2.2584872
2025-08-01 10:00:24.475998+00:00,2.2584874
2025-08-01 10:00:33.299177+00:00,2.2584871
2025-08-01 10:00:46.099888+00:00,2.2584877
2025-08-01 10:00:58.541175+00:00,2.258488
2025-08-01 10:01:12.404427+00:00,2.2584877
2025-08-01 10:01:24.372855+00:00,2.2584876
2025-08-01 10:01:37.962531+00:00,2.2584876
2025-08-01 10:01:49.869765+00:00,2.2584876
2025-08-01 10:02:03.154847+00:00,2.2584881
2025-08-01 10:02:15.708079+00:00,2.258488
2025-08-01 10:02:28.647835+00:00,2.2584879
2025-08-01 10:02:42.826851+00:00,2.2584876
2025-08-01 10:02:54.353084+00:00,2.2584879
2025-08-01 10:03:08.380356+00:00,2.2584874
2025-08-01 10:03:19.726628+00:00,2.258488
2025-08-01 10:03:32.226843+00:00,2.2584878
2025-08-01 10:03:44.721101+00:00,2.2584874
2025-08-01 10:03:58.155773+00:00,2.2584875
2025-08-01 10:04:10.344193+00:00,2.2584877
2025-08-01 10:04:22.551283+00:00,2.2584876
2025-08-01 10:04:35.866698+00:00,2.2584879
2025-08-01 10:04:48.498836+00:00,2.2584878
2025-08-01 10:05:01.360576+00:00,2.2584876
2025-08-01 10:05:16.294570+00:00,2.2584879
2025-08-01 10:05:26.785913+00:00,2.2584875
2025-08-01 10:05:52.776083+00:00,2.2584874
2025-08-01 10:06:08.425287+00:00,2.2584874
2025-08-01 10:06:18.528681+00:00,2.2584874
2025-08-01 10:06:34.290240+00:00,2.2584875
2025-08-01 10:06:43.794356+00:00,2.2584871
2025-08-01 10:06:56.648243+00:00,2.2584879
2025-08-01 10:07:10.365732+00:00,2.2584875
2025-08-01 10:07:22.229302+00:00,2.258487
2025-08-01 10:07:34.925215+00:00,2.2584875
2025-08-01 10:07:48.902755+00:00,2.2584877
2025-08-01 10:08:02.264773+00:00,2.2584877
2025-08-01 10:08:14.388523+00:00,2.2584877
2025-08-01 10:08:26.717393+00:00,2.258488
2025-08-01 10:08:39.006232+00:00,2.2584876
2025-08-01 10:08:53.801434+00:00,2.2584875
2025-08-01 10:09:04.776083+00:00,2.2584874
2025-08-01 10:09:18.002388+00:00,2.258488
2025-08-01 10:09:31.275165+00:00,2.2584873
2025-08-01 10:09:43.995191+00:00,2.2584879
2025-08-01 10:09:57.931074+00:00,2.2584876
2025-08-01 10:10:13.174833+00:00,2.2584876
2025-08-01 10:10:24.668474+00:00,2.2584877
2025-08-01 10:10:35.893636+00:00,2.2584876
2025-08-01 10:10:48.943531+00:00,2.2584879
2025-08-01 10:11:01.500806+00:00,2.2584871
2025-08-01 10:11:14.794752+00:00,2.2584875
2025-08-01 10:11:27.101768+00:00,2.2584878
2025-08-01 10:11:42.304850+00:00,2.2584876
2025-08-01 10:11:53.367942+00:00,2.2584881
2025-08-01 10:12:18.800863+00:00,2.258488
2025-08-01 10:12:32.212981+00:00,2.258488
2025-08-01 10:12:48.532050+00:00,2.2584877
2025-08-01 10:12:56.982453+00:00,2.2584871
2025-08-01 10:13:12.239529+00:00,2.2584872
2025-08-01 10:13:22.076301+00:00,2.2584878
2025-08-01 10:13:35.207697+00:00,2.2584881
2025-08-01 10:13:47.953705+00:00,2.2584875
2025-08-01 10:14:00.479756+00:00,2.2584878
2025-08-01 10:14:14.987473+00:00,2.2584876
2025-08-01 10:14:25.952420+00:00,2.2584876
2025-08-01 10:14:38.249452+00:00,2.2584877
2025-08-01 10:14:50.936340+00:00,2.2584877
2025-08-01 10:15:04.810391+00:00,2.2584879
2025-08-01 10:15:17.300928+00:00,2.2584874
2025-08-01 10:15:30.104179+00:00,2.258487
2025-08-01 10:15:44.157452+00:00,2.2584875
2025-08-01 10:15:57.548067+00:00,2.2584874
2025-08-01 10:16:09.023841+00:00,2.2584877
2025-08-01 10:16:20.837425+00:00,2.258488
2025-08-01 10:16:34.055135+00:00,2.2584878
2025-08-01 10:16:46.668089+00:00,2.2584876
2025-08-01 10:17:00.467352+00:00,2.2584876
2025-08-01 10:17:12.752408+00:00,2.2584883
2025-08-01 10:17:25.670344+00:00,2.2584875
2025-08-01 10:17:37.390220+00:00,2.258488
2025-08-01 10:17:50.056270+00:00,2.2584872
2025-08-01 10:18:04.280793+00:00,2.2584876
2025-08-01 10:18:17.835891+00:00,2.2584879
2025-08-01 10:18:29.818900+00:00,2.2584876
2025-08-01 10:18:42.213687+00:00,2.258488
2025-08-01 10:18:54.367512+00:00,2.2584874
2025-08-01 10:19:11.746019+00:00,2.2584874
2025-08-01 10:19:23.534680+00:00,2.2584874
2025-08-01 10:19:33.449589+00:00,2.2584869
2025-08-01 10:19:46.404083+00:00,2.2584873
2025-08-01 10:19:59.484170+00:00,2.2584877
2025-08-01 10:20:14.633146+00:00,2.2584876
2025-08-01 10:20:27.429005+00:00,2.2584871
2025-08-01 10:20:40.107869+00:00,2.2584873
2025-08-01 10:20:50.477107+00:00,2.2584879
2025-08-01 10:21:03.610329+00:00,2.2584877
2025-08-01 10:21:16.828471+00:00,2.2584877
2025-08-01 10:21:30.876758+00:00,2.2584874
2025-08-01 10:21:41.838829+00:00,2.2584876
2025-08-01 10:21:54.686152+00:00,2.2584877
2025-08-01 10:22:11.136292+00:00,2.2584877
2025-08-01 10:22:20.505904+00:00,2.2584877
2025-08-01 10:22:33.715963+00:00,2.2584868
2025-08-01 10:22:46.389058+00:00,2.2584874
2025-08-01 10:22:58.963659+00:00,2.2584871
2025-08-01 10:23:15.104980+00:00,2.2584874
2025-08-01 10:23:25.528916+00:00,2.2584875
2025-08-01 10:23:36.968123+00:00,2.2584879
2025-08-01 10:23:50.211397+00:00,2.2584876
2025-08-01 10:24:04.566255+00:00,2.2584872
2025-08-01 10:24:15.672347+00:00,2.2584873
2025-08-01 10:24:28.161227+00:00,2.258487
2025-08-01 10:24:40.863580+00:00,2.2584873
2025-08-01 10:24:53.739128+00:00,2.2584877
2025-08-01 10:25:07.301301+00:00,2.2584879
2025-08-01 10:25:20.067967+00:00,2.2584872
2025-08-01 10:25:33.416273+00:00,2.2584871
2025-08-01 10:25:45.460212+00:00,2.2584872
2025-08-01 10:25:57.664550+00:00,2.2584876
2025-08-01 10:26:12.179755+00:00,2.2584874
2025-08-01 10:26:23.860370+00:00,2.2584878
2025-08-01 10:26:36.307995+00:00,2.2584872
2025-08-01 10:26:49.557417+00:00,2.258488
2025-08-01 10:27:01.951226+00:00,2.2584874
2025-08-01 10:27:14.377081+00:00,2.258487
2025-08-01 10:27:27.025575+00:00,2.2584881
2025-08-01 10:27:40.254854+00:00,2.2584872
2025-08-01 10:27:52.740873+00:00,2.2584874
2025-08-01 10:28:06.174852+00:00,2.2584878
2025-08-01 10:28:19.413577+00:00,2.2584875
2025-08-01 10:28:32.564963+00:00,2.2584876
2025-08-01 10:28:45.523393+00:00,2.2584879
2025-08-01 10:28:59.099204+00:00,2.2584879
2025-08-01 10:29:10.582829+00:00,2.2584878
2025-08-01 10:29:23.362805+00:00,2.2584872
2025-08-01 10:29:36.479633+00:00,2.258488
2025-08-01 10:29:49.240289+00:00,2.2584878
2025-08-01 10:30:07.254574+00:00,2.2584881
2025-08-01 10:30:17.962408+00:00,2.2584876
2025-08-01 10:30:28.369887+00:00,2.2584877
2025-08-01 10:30:40.737647+00:00,2.2584878
2025-08-01 10:30:53.940204+00:00,2.2584878
2025-08-01 10:31:09.753980+00:00,2.2584869
2025-08-01 10:31:19.334289+00:00,2.2584875
2025-08-01 10:31:32.644156+00:00,2.2584878
2025-08-01 10:31:57.993648+00:00,2.2584872
2025-08-01 10:32:10.512905+00:00,2.2584868
2025-08-01 10:32:23.227151+00:00,2.2584872
2025-08-01 10:32:35.799068+00:00,2.2584881
2025-08-01 10:32:49.292340+00:00,2.2584875
2025-08-01 10:33:01.736346+00:00,2.2584877
2025-08-01 10:33:14.017092+00:00,2.258488
2025-08-01 10:33:27.322139+00:00,2.2584874
2025-08-01 10:33:40.010658+00:00,2.2584879
2025-08-01 10:33:52.748721+00:00,2.2584875
2025-08-01 10:34:05.887380+00:00,2.2584871
2025-08-01 10:34:18.476028+00:00,2.2584874
2025-08-01 10:34:33.064070+00:00,2.2584872
2025-08-01 10:34:44.844066+00:00,2.2584873
2025-08-01 10:34:57.089425+00:00,2.2584874
2025-08-01 10:35:12.922448+00:00,2.2584879
2025-08-01 10:35:22.754352+00:00,2.2584881
2025-08-01 10:35:35.323164+00:00,2.2584876
2025-08-01 10:35:48.391998+00:00,2.2584874
2025-08-01 10:36:02.819558+00:00,2.2584873
2025-08-01 10:36:13.503904+00:00,2.2584874
2025-08-01 10:36:26.271917+00:00,2.2584874
2025-08-01 10:36:39.107532+00:00,2.2584873
2025-08-01 10:36:53.277212+00:00,2.2584871
2025-08-01 10:37:04.910304+00:00,2.2584872
2025-08-01 10:37:17.817036+00:00,2.2584876
2025-08-01 10:37:30.876131+00:00,2.2584876
2025-08-01 10:37:43.597556+00:00,2.2584876
2025-08-01 10:37:56.027038+00:00,2.2584872
2025-08-01 10:38:12.633733+00:00,2.2584872
2025-08-01 10:38:21.874968+00:00,2.258487
2025-08-01 10:38:34.881191+00:00,2.258488
2025-08-01 10:38:47.980404+00:00,2.2584877
2025-08-01 10:39:00.789911+00:00,2.2584878
2025-08-01 10:39:14.386339+00:00,2.2584878
2025-08-01 10:39:27.628657+00:00,2.2584877
2025-08-01 10:39:39.813176+00:00,2.2584877
2025-08-01 10:39:52.353199+00:00,2.2584878
2025-08-01 10:40:05.821244+00:00,2.2584879
2025-08-01 10:40:18.062942+00:00,2.2584873
2025-08-01 10:40:33.771267+00:00,2.2584878
2025-08-01 10:40:44.319175+00:00,2.2584872
2025-08-01 10:40:58.361450+00:00,2.2584875
2025-08-01 10:41:12.437956+00:00,2.2584873
2025-08-01 10:41:22.283933+00:00,2.2584872
2025-08-01 10:41:34.665654+00:00,2.2584873
2025-08-01 10:41:48.691862+00:00,2.2584875
2025-08-01 10:42:01.495104+00:00,2.2584873
2025-08-01 10:42:14.728259+00:00,2.2584872
2025-08-01 10:42:27.125280+00:00,2.2584876
2025-08-01 10:42:37.828419+00:00,2.2584876
2025-08-01 10:42:50.827197+00:00,2.258488
2025-08-01 10:43:06.117323+00:00,2.2584867
2025-08-01 10:43:17.245493+00:00,2.2584876
2025-08-01 10:43:28.900104+00:00,2.2584877
2025-08-01 10:43:42.434334+00:00,2.2584875
2025-08-01 10:43:55.488163+00:00,2.2584879
2025-08-01 10:44:07.382010+00:00,2.2584879
2025-08-01 10:44:21.547505+00:00,2.2584872
2025-08-01 10:44:33.448948+00:00,2.2584869
2025-08-01 10:44:48.426138+00:00,2.2584877
2025-08-01 10:44:58.773232+00:00,2.2584874
2025-08-01 10:45:11.805110+00:00,2.2584879
2025-08-01 10:45:26.841215+00:00,2.2584882
2025-08-01 10:45:39.240767+00:00,2.2584873
2025-08-01 10:45:49.946699+00:00,2.2584874
2025-08-01 10:46:06.805124+00:00,2.2584877
2025-08-01 10:46:15.787720+00:00,2.2584881
2025-08-01 10:46:29.795952+00:00,2.2584872
2025-08-01 10:46:42.038512+00:00,2.2584871
2025-08-01 10:46:54.378871+00:00,2.258487
2025-08-01 10:47:07.911620+00:00,2.2584875
2025-08-01 10:47:19.860211+00:00,2.2584872
2025-08-01 10:47:33.003711+00:00,2.2584871
2025-08-01 10:47:45.435709+00:00,2.258488
2025-08-01 10:47:58.210801+00:00,2.2584875
2025-08-01 10:48:11.201891+00:00,2.2584873
2025-08-01 10:48:26.060358+00:00,2.2584871
2025-08-01 10:48:36.983492+00:00,2.2584872
2025-08-01 10:48:49.892526+00:00,2.258487
2025-08-01 10:49:03.442747+00:00,2.2584872
2025-08-01 10:49:16.293342+00:00,2.2584884
2025-08-01 10:49:29.756113+00:00,2.2584876
2025-08-01 10:49:41.535440+00:00,2.2584884
2025-08-01 10:49:55.406301+00:00,2.2584872
2025-08-01 10:50:07.573145+00:00,2.2584878
2025-08-01 10:50:22.159071+00:00,2.2584878
2025-08-01 10:50:39.013421+00:00,2.258488
2025-08-01 10:50:52.683809+00:00,2.2584876
2025-08-01 10:50:59.645307+00:00,2.2584876
2025-08-01 10:51:11.892745+00:00,2.2584882
2025-08-01 10:51:24.441418+00:00,2.2584875
2025-08-01 10:51:37.989995+00:00,2.2584873
2025-08-01 10:51:49.760239+00:00,2.2584874
2025-08-01 10:52:04.632133+00:00,2.2584871
2025-08-01 10:52:14.964137+00:00,2.258488
2025-08-01 10:52:27.250892+00:00,2.2584871
2025-08-01 10:52:39.821815+00:00,2.2584882
2025-08-01 10:52:53.431015+00:00,2.2584881
2025-08-01 10:53:07.655549+00:00,2.2584872
2025-08-01 10:53:18.541067+00:00,2.2584873
2025-08-01 10:53:32.103148+00:00,2.258488
2025-08-01 10:53:43.397367+00:00,2.2584877
2025-08-01 10:53:56.201481+00:00,2.2584881
2025-08-01 10:54:14.322192+00:00,2.2584879
2025-08-01 10:54:21.722505+00:00,2.2584884
2025-08-01 10:54:34.337467+00:00,2.2584877
2025-08-01 10:54:47.409891+00:00,2.2584878
2025-08-01 10:54:59.969995+00:00,2.2584872
2025-08-01 10:55:14.300794+00:00,2.2584874
2025-08-01 10:55:26.361286+00:00,2.2584875
2025-08-01 10:55:38.579008+00:00,2.2584878
2025-08-01 10:55:51.568349+00:00,2.2584878
2025-08-01 10:56:04.774666+00:00,2.2584869
2025-08-01 10:56:17.216443+00:00,2.2584879
2025-08-01 10:56:29.649227+00:00,2.2584872
2025-08-01 10:56:42.726928+00:00,2.2584876
2025-08-01 10:56:57.011290+00:00,2.2584868
2025-08-01 10:57:08.230100+00:00,2.2584875
2025-08-01 10:57:21.059329+00:00,2.2584874
2025-08-01 10:57:35.112374+00:00,2.2584872
2025-08-01 10:57:48.363667+00:00,2.2584867
2025-08-01 10:57:59.110164+00:00,2.2584869
2025-08-01 10:58:11.877351+00:00,2.2584871
2025-08-01 10:58:24.721693+00:00,2.258487
2025-08-01 10:58:38.657486+00:00,2.2584873
2025-08-01 10:58:51.212885+00:00,2.258488
2025-08-01 10:59:05.830417+00:00,2.2584871
2025-08-01 10:59:17.025389+00:00,2.2584868
2025-08-01 10:59:29.540184+00:00,2.2584879
2025-08-01 10:59:45.611112+00:00,2.2584877
2025-08-01 10:59:55.654455+00:00,2.258487
2025-08-01 11:00:09.731313+00:00,2.2584874
2025-08-01 11:00:24.723455+00:00,2.2584872
2025-08-01 11:00:34.862354+00:00,2.2584867
2025-08-01 11:00:47.425463+00:00,2.2584877
2025-08-01 11:01:01.476259+00:00,2.2584874
2025-08-01 11:01:12.862588+00:00,2.2584874
2025-08-01 11:01:25.492065+00:00,2.2584877
2025-08-01 11:01:38.454515+00:00,2.2584875
2025-08-01 11:01:53.927521+00:00,2.2584873
2025-08-01 11:02:05.751715+00:00,2.2584871
2025-08-01 11:02:17.433400+00:00,2.2584872
2025-08-01 11:02:29.722084+00:00,2.2584881
2025-08-01 11:02:42.513015+00:00,2.2584869
2025-08-01 11:02:55.013131+00:00,2.258488
2025-08-01 11:03:07.850694+00:00,2.2584869
2025-08-01 11:03:21.353710+00:00,2.2584871
2025-08-01 11:03:34.155535+00:00,2.2584872
2025-08-01 11:03:46.405924+00:00,2.2584874
2025-08-01 11:04:00.344262+00:00,2.2584872
2025-08-01 11:04:11.365833+00:00,2.2584873
2025-08-01 11:04:23.688881+00:00,2.2584872
2025-08-01 11:04:36.439379+00:00,2.2584872
2025-08-01 11:04:49.544157+00:00,2.2584875
2025-08-01 11:05:03.387679+00:00,2.2584876
2025-08-01 11:05:20.387084+00:00,2.2584876
2025-08-01 11:05:27.578396+00:00,2.258487
2025-08-01 11:05:40.166822+00:00,2.2584876
2025-08-01 11:05:52.926527+00:00,2.2584872
2025-08-01 11:06:06.897466+00:00,2.2584873
2025-08-01 11:06:18.443853+00:00,2.2584872
2025-08-01 11:06:31.568375+00:00,2.2584869
2025-08-01 11:06:44.381756+00:00,2.2584871
2025-08-01 11:06:56.907596+00:00,2.2584872
2025-08-01 11:07:11.657201+00:00,2.2584873
2025-08-01 11:07:23.390189+00:00,2.2584878
2025-08-01 11:07:35.217632+00:00,2.2584871
2025-08-01 11:07:48.605565+00:00,2.2584874
2025-08-01 11:08:01.563519+00:00,2.2584882
2025-08-01 11:08:17.507010+00:00,2.2584873
2025-08-01 11:08:26.846787+00:00,2.2584869
2025-08-01 11:08:39.441632+00:00,2.258487
2025-08-01 11:08:52.635928+00:00,2.2584875
2025-08-01 11:09:06.116562+00:00,2.258488
2025-08-01 11:09:18.753849+00:00,2.2584878
2025-08-01 11:09:31.003953+00:00,2.2584877
2025-08-01 11:09:44.487726+00:00,2.2584872
2025-08-01 11:09:56.836651+00:00,2.258488
2025-08-01 11:10:10.246470+00:00,2.2584874
2025-08-01 11:10:25.796898+00:00,2.2584879
2025-08-01 11:10:36.663243+00:00,2.2584874
2025-08-01 11:10:48.568496+00:00,2.2584876
2025-08-01 11:11:01.961809+00:00,2.2584876
2025-08-01 11:11:14.410754+00:00,2.2584872
2025-08-01 11:11:27.360703+00:00,2.2584872
2025-08-01 11:11:40.068334+00:00,2.258488
2025-08-01 11:11:52.951088+00:00,2.2584881
2025-08-01 11:12:11.742450+00:00,2.2584875
2025-08-01 11:12:18.551400+00:00,2.2584875
2025-08-01 11:12:31.351366+00:00,2.2584866
2025-08-01 11:12:44.711370+00:00,2.2584869
2025-08-01 11:12:56.678724+00:00,2.2584872
2025-08-01 11:13:09.722886+00:00,2.2584872
2025-08-01 11:13:22.350003+00:00,2.2584876
2025-08-01 11:13:34.565303+00:00,2.2584876
2025-08-01 11:13:50.640348+00:00,2.2584874
2025-08-01 11:13:59.675815+00:00,2.2584875
2025-08-01 11:14:12.522021+00:00,2.2584867
2025-08-01 11:14:25.030472+00:00,2.2584875
2025-08-01 11:14:37.694405+00:00,2.2584875
2025-08-01 11:14:50.422738+00:00,2.2584871
2025-08-01 11:15:05.813626+00:00,2.2584876
2025-08-01 11:15:16.018926+00:00,2.2584874
2025-08-01 11:15:29.298402+00:00,2.2584875
2025-08-01 11:15:42.217205+00:00,2.258487
2025-08-01 11:15:54.357659+00:00,2.2584871
2025-08-01 11:16:07.597578+00:00,2.2584873
2025-08-01 11:16:20.129347+00:00,2.2584879
2025-08-01 11:16:33.839645+00:00,2.2584873
2025-08-01 11:16:45.826687+00:00,2.2584867
2025-08-01 11:16:58.608121+00:00,2.2584872
2025-08-01 11:17:11.640436+00:00,2.2584881
2025-08-01 11:17:24.276758+00:00,2.2584875
2025-08-01 11:17:39.266810+00:00,2.2584877
2025-08-01 11:17:49.485356+00:00,2.2584877
2025-08-01 11:18:07.900029+00:00,2.2584875
2025-08-01 11:18:14.826781+00:00,2.258487
2025-08-01 11:18:27.402721+00:00,2.2584866
2025-08-01 11:18:40.958948+00:00,2.2584876
2025-08-01 11:18:53.181522+00:00,2.2584872
2025-08-01 11:19:05.791670+00:00,2.2584872
2025-08-01 11:19:21.689771+00:00,2.2584877
2025-08-01 11:19:32.032972+00:00,2.2584875
2025-08-01 11:19:44.531740+00:00,2.2584875
2025-08-01 11:19:57.966208+00:00,2.2584872
2025-08-01 11:20:15.924187+00:00,2.2584873
2025-08-01 11:20:25.073659+00:00,2.2584872
2025-08-01 11:20:36.388997+00:00,2.2584871
2025-08-01 11:20:49.824647+00:00,2.2584868
2025-08-01 11:21:02.022433+00:00,2.2584869
2025-08-01 11:21:15.629553+00:00,2.2584869
2025-08-01 11:21:28.697225+00:00,2.2584879
2025-08-01 11:21:40.488470+00:00,2.2584867
2025-08-01 11:21:52.982773+00:00,2.2584873
2025-08-01 11:22:06.145666+00:00,2.2584869
2025-08-01 11:22:19.467585+00:00,2.2584875
2025-08-01 11:22:34.252740+00:00,2.2584876
2025-08-01 11:22:44.331962+00:00,2.258487
2025-08-01 11:22:57.486699+00:00,2.2584875
2025-08-01 11:23:10.626878+00:00,2.2584875
2025-08-01 11:23:24.873125+00:00,2.2584873
2025-08-01 11:23:35.352987+00:00,2.2584872
2025-08-01 11:23:48.514515+00:00,2.2584871
2025-08-01 11:24:02.194748+00:00,2.2584873
2025-08-01 11:24:13.707587+00:00,2.258487
2025-08-01 11:24:28.625819+00:00,2.2584875
2025-08-01 11:24:38.651198+00:00,2.2584873
2025-08-01 11:24:55.817516+00:00,2.2584872
2025-08-01 11:25:04.256815+00:00,2.2584872
2025-08-01 11:25:21.292958+00:00,2.2584874
2025-08-01 11:25:29.591502+00:00,2.2584871
2025-08-01 11:25:46.599661+00:00,2.2584868
2025-08-01 11:25:58.968265+00:00,2.2584869
2025-08-01 11:26:08.064913+00:00,2.2584878
2025-08-01 11:26:20.874268+00:00,2.2584875
2025-08-01 11:26:34.321701+00:00,2.2584878
2025-08-01 11:26:46.804514+00:00,2.2584868
2025-08-01 11:27:00.176963+00:00,2.2584869
2025-08-01 11:27:13.591501+00:00,2.2584866
2025-08-01 11:27:26.830771+00:00,2.2584872
2025-08-01 11:27:37.613977+00:00,2.2584873
2025-08-01 11:27:50.495979+00:00,2.2584869
2025-08-01 11:28:05.160414+00:00,2.2584867
2025-08-01 11:28:19.474804+00:00,2.258487
2025-08-01 11:28:28.397323+00:00,2.2584866
2025-08-01 11:28:41.119851+00:00,2.2584878
2025-08-01 11:28:53.851790+00:00,2.2584874
2025-08-01 11:29:06.917228+00:00,2.258487
2025-08-01 11:29:19.223321+00:00,2.2584873
2025-08-01 11:29:35.262568+00:00,2.2584876
2025-08-01 11:29:44.910906+00:00,2.2584873
2025-08-01 11:29:57.966362+00:00,2.2584871
2025-08-01 11:30:10.799171+00:00,2.2584874
2025-08-01 11:30:23.775420+00:00,2.2584873
2025-08-01 11:30:36.747526+00:00,2.2584867
2025-08-01 11:30:49.206752+00:00,2.2584865
2025-08-01 11:31:02.273476+00:00,2.2584874
2025-08-01 11:31:15.487909+00:00,2.258487
2025-08-01 11:31:27.662716+00:00,2.2584868
2025-08-01 11:31:42.692294+00:00,2.2584869
2025-08-01 11:31:53.663561+00:00,2.2584867
2025-08-01 11:32:07.512482+00:00,2.2584873
2025-08-01 11:32:19.524714+00:00,2.2584874
2025-08-01 11:32:33.056369+00:00,2.2584874
2025-08-01 11:32:44.897024+00:00,2.2584868
2025-08-01 11:32:57.393449+00:00,2.258487
2025-08-01 11:33:11.593508+00:00,2.2584871
2025-08-01 11:33:23.994236+00:00,2.2584868
2025-08-01 11:33:35.522259+00:00,2.258487
2025-08-01 11:33:48.403117+00:00,2.2584868
2025-08-01 11:34:00.982475+00:00,2.2584869
2025-08-01 11:34:13.444775+00:00,2.2584868
2025-08-01 11:34:26.529949+00:00,2.2584868
2025-08-01 11:34:38.650322+00:00,2.2584873
2025-08-01 11:34:52.083598+00:00,2.2584863
2025-08-01 11:35:04.137325+00:00,2.2584872
2025-08-01 11:35:17.272960+00:00,2.2584874
2025-08-01 11:35:31.117548+00:00,2.2584871
2025-08-01 11:35:43.089364+00:00,2.2584876
2025-08-01 11:35:55.597063+00:00,2.258487
2025-08-01 11:36:09.801487+00:00,2.2584868
2025-08-01 11:36:23.024529+00:00,2.2584867
2025-08-01 11:36:35.002995+00:00,2.258487
2025-08-01 11:36:47.012631+00:00,2.2584874
2025-08-01 11:37:00.200128+00:00,2.2584872
2025-08-01 11:37:13.263539+00:00,2.2584872
2025-08-01 11:37:26.117092+00:00,2.2584871
2025-08-01 11:37:38.511697+00:00,2.2584875
2025-08-01 11:37:50.673891+00:00,2.2584869
2025-08-01 11:38:06.377250+00:00,2.2584867
2025-08-01 11:38:17.328433+00:00,2.2584876
2025-08-01 11:38:29.628148+00:00,2.2584862
2025-08-01 11:38:41.377587+00:00,2.2584865
2025-08-01 11:38:54.422928+00:00,2.258487
2025-08-01 11:39:08.205648+00:00,2.2584866
2025-08-01 11:39:19.948106+00:00,2.2584872
2025-08-01 11:39:32.987860+00:00,2.2584867
2025-08-01 11:39:45.652345+00:00,2.2584868
2025-08-01 11:40:02.466498+00:00,2.2584866
2025-08-01 11:40:12.628685+00:00,2.2584863
2025-08-01 11:40:50.170143+00:00,2.2584881
2025-08-01 11:41:03.724887+00:00,2.2584872
2025-08-01 11:41:16.382280+00:00,2.2584875
2025-08-01 11:41:29.213040+00:00,2.2584873
2025-08-01 11:41:41.753276+00:00,2.2584874
2025-08-01 11:41:54.795440+00:00,2.2584872
2025-08-01 11:42:09.098178+00:00,2.2584868
2025-08-01 11:42:21.630971+00:00,2.2584873
2025-08-01 11:42:33.150403+00:00,2.2584876
2025-08-01 11:42:46.146753+00:00,2.2584867
2025-08-01 11:42:58.472134+00:00,2.2584873
2025-08-01 11:43:11.879256+00:00,2.2584871
2025-08-01 11:43:23.676541+00:00,2.2584868
2025-08-01 11:43:36.169586+00:00,2.2584872
2025-08-01 11:43:49.251636+00:00,2.2584872
2025-08-01 11:44:01.452742+00:00,2.2584874
2025-08-01 11:44:14.224524+00:00,2.2584877
2025-08-01 11:44:26.801978+00:00,2.2584876
2025-08-01 11:44:47.931198+00:00,2.2584873
2025-08-01 11:44:52.165073+00:00,2.2584872
2025-08-01 11:45:08.056741+00:00,2.2584876
2025-08-01 11:45:18.151982+00:00,2.2584865
2025-08-01 11:45:31.541618+00:00,2.2584871
2025-08-01 11:45:44.039131+00:00,2.2584871
2025-08-01 11:45:56.324247+00:00,2.2584869
2025-08-01 11:46:13.123339+00:00,2.2584873
2025-08-01 11:46:24.474822+00:00,2.2584872
2025-08-01 11:46:35.233527+00:00,2.2584877
2025-08-01 11:46:48.277955+00:00,2.2584871
2025-08-01 11:47:01.004447+00:00,2.258487
2025-08-01 11:47:13.372786+00:00,2.2584875
2025-08-01 11:47:26.947590+00:00,2.2584871
2025-08-01 11:47:38.760514+00:00,2.2584874
2025-08-01 11:47:52.022318+00:00,2.2584872
2025-08-01 11:48:04.960500+00:00,2.2584874
2025-08-01 11:48:17.971516+00:00,2.2584869
2025-08-01 11:48:30.220124+00:00,2.2584866
2025-08-01 11:48:43.471295+00:00,2.2584877
2025-08-01 11:48:57.311021+00:00,2.2584869
2025-08-01 11:49:08.778353+00:00,2.2584874
2025-08-01 11:49:23.967074+00:00,2.2584873
2025-08-01 11:49:35.436622+00:00,2.258487
2025-08-01 11:49:47.810111+00:00,2.2584877
2025-08-01 11:50:00.600939+00:00,2.2584866
2025-08-01 11:50:13.434307+00:00,2.2584876
2025-08-01 11:50:27.683824+00:00,2.2584876
2025-08-01 11:50:39.584391+00:00,2.2584874
2025-08-01 11:50:52.572390+00:00,2.2584867
2025-08-01 11:51:04.793205+00:00,2.2584869
2025-08-01 11:51:19.402086+00:00,2.2584871
2025-08-01 11:51:32.960969+00:00,2.2584865
2025-08-01 11:51:43.274859+00:00,2.2584863
2025-08-01 11:51:56.177475+00:00,2.2584874
2025-08-01 11:52:10.228413+00:00,2.258487
2025-08-01 11:52:22.833951+00:00,2.2584868
2025-08-01 11:52:34.841389+00:00,2.2584868
2025-08-01 11:52:49.910530+00:00,2.258487
2025-08-01 11:53:01.071967+00:00,2.2584874
2025-08-01 11:53:13.819088+00:00,2.2584868
2025-08-01 11:53:25.897930+00:00,2.2584869
2025-08-01 11:53:38.428418+00:00,2.2584867
2025-08-01 11:53:51.567340+00:00,2.2584869
2025-08-01 11:54:04.478926+00:00,2.2584872
2025-08-01 11:54:20.354181+00:00,2.2584872
2025-08-01 11:54:29.443521+00:00,2.2584867
2025-08-01 11:54:41.616744+00:00,2.2584871
2025-08-01 11:54:54.647701+00:00,2.2584872
2025-08-01 11:55:08.653768+00:00,2.2584866
2025-08-01 11:55:22.871480+00:00,2.2584864
2025-08-01 11:55:39.801574+00:00,2.2584871
2025-08-01 11:55:47.635926+00:00,2.2584869
2025-08-01 11:55:58.910813+00:00,2.2584871
2025-08-01 11:56:12.178116+00:00,2.2584866
2025-08-01 11:56:24.376229+00:00,2.2584866
2025-08-01 11:56:37.877968+00:00,2.2584867
2025-08-01 11:56:50.405773+00:00,2.2584871
2025-08-01 11:57:03.542398+00:00,2.2584865
2025-08-01 11:57:19.997075+00:00,2.2584872
2025-08-01 11:57:28.206379+00:00,2.2584871
2025-08-01 11:57:41.151532+00:00,2.2584865
2025-08-01 11:57:53.768413+00:00,2.258487
2025-08-01 11:58:06.753723+00:00,2.2584869
2025-08-01 11:58:20.047977+00:00,2.2584864
2025-08-01 11:58:34.139920+00:00,2.2584876
2025-08-01 11:58:44.982553+00:00,2.2584867
2025-08-01 11:58:58.165351+00:00,2.2584868
2025-08-01 11:59:11.614040+00:00,2.2584873
2025-08-01 11:59:24.202413+00:00,2.2584867
2025-08-01 11:59:37.040649+00:00,2.2584865
2025-08-01 11:59:49.941719+00:00,2.2584875
2025-08-01 12:00:03.569208+00:00,2.2584869
2025-08-01 12:00:17.961368+00:00,2.2584871
2025-08-01 12:00:34.983033+00:00,2.2584872
2025-08-01 12:00:42.291519+00:00,2.2584872
2025-08-01 12:00:55.722008+00:00,2.2584872
2025-08-01 12:01:09.344282+00:00,2.2584863
2025-08-01 12:01:20.562119+00:00,2.2584867
2025-08-01 12:01:33.860793+00:00,2.2584871
2025-08-01 12:01:46.718461+00:00,2.2584874
2025-08-01 12:01:59.424235+00:00,2.2584868
2025-08-01 12:02:13.017846+00:00,2.2584866
2025-08-01 12:02:26.010038+00:00,2.2584867
2025-08-01 12:02:38.039053+00:00,2.2584865
2025-08-01 12:02:50.660837+00:00,2.2584867
2025-08-01 12:03:07.495259+00:00,2.2584874
2025-08-01 12:03:16.208481+00:00,2.258487
2025-08-01 12:03:28.593934+00:00,2.2584868
2025-08-01 12:03:40.840179+00:00,2.2584868
2025-08-01 12:03:53.579359+00:00,2.2584873
2025-08-01 12:04:06.735840+00:00,2.2584868
2025-08-01 12:04:19.435955+00:00,2.2584871
2025-08-01 12:04:32.497479+00:00,2.2584873
2025-08-01 12:04:44.813181+00:00,2.258487
2025-08-01 12:04:57.484057+00:00,2.2584869
2025-08-01 12:05:11.852009+00:00,2.258487
2025-08-01 12:05:26.365061+00:00,2.2584872
2025-08-01 12:05:39.420390+00:00,2.2584867
2025-08-01 12:05:49.806971+00:00,2.2584865
2025-08-01 12:06:02.858171+00:00,2.2584869
2025-08-01 12:06:14.959131+00:00,2.2584868
2025-08-01 12:06:29.083493+00:00,2.2584868
2025-08-01 12:06:40.879530+00:00,2.2584864
2025-08-01 12:06:54.307114+00:00,2.2584865
2025-08-01 12:07:06.840480+00:00,2.2584867
2025-08-01 12:07:21.707360+00:00,2.2584869
2025-08-01 12:07:32.123749+00:00,2.258487
2025-08-01 12:07:45.325228+00:00,2.2584865
2025-08-01 12:07:57.371518+00:00,2.2584872
2025-08-01 12:08:10.350360+00:00,2.2584867
2025-08-01 12:08:23.097582+00:00,2.258487
2025-08-01 12:08:36.263689+00:00,2.2584864
2025-08-01 12:08:50.437031+00:00,2.2584868
2025-08-01 12:09:02.231903+00:00,2.2584871
2025-08-01 12:09:16.597582+00:00,2.2584868
2025-08-01 12:09:28.601118+00:00,2.2584868
2025-08-01 12:09:41.580234+00:00,2.258487
2025-08-01 12:09:54.519618+00:00,2.2584868
2025-08-01 12:10:08.305971+00:00,2.2584866
2025-08-01 12:10:20.298079+00:00,2.2584868
2025-08-01 12:10:33.601948+00:00,2.258487
2025-08-01 12:10:46.105466+00:00,2.2584869
2025-08-01 12:10:59.022586+00:00,2.2584868
2025-08-01 12:11:12.407672+00:00,2.2584863
2025-08-01 12:11:24.852399+00:00,2.2584866
2025-08-01 12:11:37.621562+00:00,2.2584863
2025-08-01 12:11:53.854585+00:00,2.2584867
2025-08-01 12:12:04.032943+00:00,2.2584871
2025-08-01 12:12:18.726580+00:00,2.2584866
2025-08-01 12:12:29.815013+00:00,2.2584866
2025-08-01 12:12:41.718879+00:00,2.2584866
2025-08-01 12:12:54.547362+00:00,2.2584864
2025-08-01 12:13:07.309237+00:00,2.2584873
2025-08-01 12:13:19.323387+00:00,2.2584866
2025-08-01 12:13:32.298007+00:00,2.258487
2025-08-01 12:13:44.615242+00:00,2.2584866
2025-08-01 12:13:57.840176+00:00,2.258487
2025-08-01 12:14:10.474088+00:00,2.2584869
2025-08-01 12:14:23.074081+00:00,2.2584869
2025-08-01 12:14:38.226505+00:00,2.2584866
2025-08-01 12:14:49.905742+00:00,2.2584868
2025-08-01 12:15:02.749008+00:00,2.2584867
2025-08-01 12:15:15.023231+00:00,2.2584868
2025-08-01 12:15:28.412738+00:00,2.2584872
2025-08-01 12:15:40.772517+00:00,2.2584875
2025-08-01 12:15:52.905679+00:00,2.258487
2025-08-01 12:16:07.196570+00:00,2.258487
2025-08-01 12:16:19.122995+00:00,2.2584868
2025-08-01 12:16:31.553800+00:00,2.258487
2025-08-01 12:16:44.216825+00:00,2.2584866
2025-08-01 12:16:58.593836+00:00,2.2584871
2025-08-01 12:17:22.436888+00:00,2.2584863
2025-08-01 12:17:37.771593+00:00,2.2584865
2025-08-01 12:17:48.929936+00:00,2.2584869
2025-08-01 12:18:04.888087+00:00,2.2584868
2025-08-01 12:18:16.172541+00:00,2.2584865
2025-08-01 12:18:27.445422+00:00,2.258487
2025-08-01 12:18:40.411735+00:00,2.2584864
2025-08-01 12:18:53.896450+00:00,2.2584872
2025-08-01 12:19:07.137116+00:00,2.2584864
2025-08-01 12:19:19.457102+00:00,2.2584867
2025-08-01 12:19:32.917740+00:00,2.2584869
2025-08-01 12:19:45.265448+00:00,2.2584871
2025-08-01 12:19:59.386995+00:00,2.2584867
2025-08-01 12:20:11.665764+00:00,2.2584866
2025-08-01 12:20:24.354278+00:00,2.2584869
2025-08-01 12:20:38.186074+00:00,2.2584869
2025-08-01 12:20:49.499296+00:00,2.2584869
2025-08-01 12:21:02.663826+00:00,2.2584864
2025-08-01 12:21:15.800039+00:00,2.2584862
2025-08-01 12:21:29.536770+00:00,2.2584872
2025-08-01 12:21:41.246940+00:00,2.2584871
2025-08-01 12:21:53.618417+00:00,2.2584863
2025-08-01 12:22:06.798639+00:00,2.2584873
2025-08-01 12:22:19.012406+00:00,2.2584866
2025-08-01 12:22:31.831827+00:00,2.2584868
2025-08-01 12:22:44.098656+00:00,2.2584868
2025-08-01 12:22:56.815732+00:00,2.258487
2025-08-01 12:23:09.714023+00:00,2.2584874
2025-08-01 12:23:22.447302+00:00,2.2584863
2025-08-01 12:23:34.780485+00:00,2.2584869
2025-08-01 12:23:48.140141+00:00,2.2584864
2025-08-01 12:24:00.677097+00:00,2.2584869
2025-08-01 12:24:13.785009+00:00,2.2584863
2025-08-01 12:24:26.704096+00:00,2.258487
2025-08-01 12:24:39.088769+00:00,2.2584874
2025-08-01 12:24:55.684692+00:00,2.258487
2025-08-01 12:25:07.124430+00:00,2.2584868
2025-08-01 12:25:18.545692+00:00,2.2584872
2025-08-01 12:25:33.233168+00:00,2.2584864
2025-08-01 12:26:09.348702+00:00,2.258486
2025-08-01 12:26:21.566329+00:00,2.2584867
2025-08-01 12:26:47.763878+00:00,2.2584864
2025-08-01 12:27:13.076182+00:00,2.2584868
2025-08-01 12:27:25.913755+00:00,2.2584873
2025-08-01 12:27:51.826648+00:00,2.258487
2025-08-01 12:28:18.517575+00:00,2.2584868
2025-08-01 12:28:31.951935+00:00,2.2584867
2025-08-01 12:29:14.206822+00:00,2.2584869
2025-08-01 12:29:49.471679+00:00,2.258487
2025-08-01 12:30:02.591522+00:00,2.2584868
2025-08-01 12:30:14.684291+00:00,2.2584869
2025-08-01 12:30:43.000104+00:00,2.2584864
2025-08-01 12:32:35.190656+00:00,2.2584868
2025-08-01 12:32:51.009264+00:00,2.258487
2025-08-01 12:33:00.321038+00:00,2.2584867
2025-08-01 12:33:25.886474+00:00,2.2584866
2025-08-01 12:33:38.819019+00:00,2.258487
2025-08-01 12:34:04.269880+00:00,2.2584865
2025-08-01 12:34:17.074358+00:00,2.258487
2025-08-01 12:34:29.653434+00:00,2.2584861
2025-08-01 12:34:42.957559+00:00,2.2584868
2025-08-01 12:34:55.558361+00:00,2.2584871
2025-08-01 12:35:11.645165+00:00,2.2584866
2025-08-01 12:35:25.111758+00:00,2.258487
2025-08-01 12:35:36.115870+00:00,2.2584868
2025-08-01 12:35:47.449201+00:00,2.2584863
2025-08-01 12:36:02.072378+00:00,2.2584871
2025-08-01 12:36:12.765551+00:00,2.2584867
2025-08-01 12:36:25.589931+00:00,2.2584868
2025-08-01 12:36:38.429300+00:00,2.2584869
2025-08-01 12:36:50.904335+00:00,2.258487
2025-08-01 12:37:08.833168+00:00,2.2584866
2025-08-01 12:37:21.921677+00:00,2.2584867
2025-08-01 12:37:29.639901+00:00,2.258486
2025-08-01 12:37:42.245066+00:00,2.2584866
2025-08-01 12:37:56.428773+00:00,2.2584867
2025-08-01 12:38:12.341243+00:00,2.2584868
2025-08-01 12:38:21.361898+00:00,2.2584871
2025-08-01 12:38:47.878800+00:00,2.2584868
2025-08-01 12:39:09.728628+00:00,2.2584863
2025-08-01 12:39:20.404562+00:00,2.2584861
2025-08-01 12:39:26.655264+00:00,2.2584869
2025-08-01 12:39:39.594907+00:00,2.2584861
2025-08-01 12:39:53.025918+00:00,2.2584867
2025-08-01 12:40:07.525687+00:00,2.2584866
2025-08-01 12:40:32.018266+00:00,2.2584866
2025-08-01 12:40:45.696196+00:00,2.2584869
2025-08-01 12:40:57.158544+00:00,2.2584868
2025-08-01 12:41:12.145768+00:00,2.2584869
2025-08-01 12:41:23.258567+00:00,2.2584866
2025-08-01 12:41:37.129818+00:00,2.2584869
2025-08-01 12:41:48.968221+00:00,2.2584868
2025-08-01 12:42:02.232551+00:00,2.2584865
2025-08-01 12:42:15.806202+00:00,2.2584871
2025-08-01 12:42:28.524204+00:00,2.2584869
2025-08-01 12:42:40.592637+00:00,2.2584869
2025-08-01 12:42:53.698348+00:00,2.258487
2025-08-01 12:43:07.690030+00:00,2.2584861
2025-08-01 12:43:21.565109+00:00,2.2584868
2025-08-01 12:43:31.882209+00:00,2.2584869
2025-08-01 12:43:44.331720+00:00,2.2584869
2025-08-01 12:43:59.048673+00:00,2.2584873
2025-08-01 12:44:12.433200+00:00,2.258487
2025-08-01 12:44:22.803310+00:00,2.2584869
2025-08-01 12:44:37.846856+00:00,2.2584866
2025-08-01 12:44:51.637788+00:00,2.2584868
2025-08-01 12:45:02.343199+00:00,2.2584864
2025-08-01 12:45:15.052807+00:00,2.2584867
2025-08-01 12:45:41.451985+00:00,2.2584867
2025-08-01 12:45:53.139784+00:00,2.2584865
2025-08-01 12:46:33.245487+00:00,2.2584868
2025-08-01 12:46:44.780876+00:00,2.2584865
2025-08-01 12:46:57.682332+00:00,2.258487
2025-08-01 12:48:28.073100+00:00,2.2584867
2025-08-01 12:49:06.558486+00:00,2.2584867
2025-08-01 12:49:20.640956+00:00,2.2584861
2025-08-01 12:50:42.925750+00:00,2.2584864
2025-08-01 12:51:16.472208+00:00,2.2584873
2025-08-01 12:51:32.931519+00:00,2.2584867
2025-08-01 12:51:41.962512+00:00,2.2584865
2025-08-01 12:51:54.688533+00:00,2.2584869
2025-08-01 12:52:08.420639+00:00,2.2584864
2025-08-01 12:52:46.765828+00:00,2.2584867
2025-08-01 12:52:59.961992+00:00,2.2584871
2025-08-01 12:53:36.968306+00:00,2.2584872
2025-08-01 12:53:49.893567+00:00,2.2584864
2025-08-01 12:54:03.063985+00:00,2.2584862
2025-08-01 12:54:15.689662+00:00,2.2584861
2025-08-01 12:55:08.486398+00:00,2.258487
2025-08-01 12:55:34.214771+00:00,2.2584864
2025-08-01 12:55:58.304011+00:00,2.2584869
2025-08-01 12:56:12.253750+00:00,2.2584863
2025-08-01 12:56:23.794624+00:00,2.2584865
2025-08-01 12:56:38.473165+00:00,2.2584863
2025-08-01 12:56:49.444514+00:00,2.258487
2025-08-01 12:57:02.737886+00:00,2.2584869
2025-08-01 12:57:14.905904+00:00,2.2584867
2025-08-01 12:57:27.956963+00:00,2.2584868
2025-08-01 12:57:41.527114+00:00,2.2584874
2025-08-01 12:57:53.366381+00:00,2.2584871
2025-08-01 12:58:06.085315+00:00,2.2584871
2025-08-01 12:58:18.839637+00:00,2.2584859
2025-08-01 12:58:33.404210+00:00,2.2584864
2025-08-01 12:58:44.547047+00:00,2.2584871
2025-08-01 12:58:57.796800+00:00,2.2584872
2025-08-01 12:59:10.600507+00:00,2.2584867
2025-08-01 12:59:36.042944+00:00,2.2584872
2025-08-01 12:59:49.421355+00:00,2.2584869
2025-08-01 13:00:02.413063+00:00,2.2584869
2025-08-01 13:00:21.836875+00:00,2.2584864
2025-08-01 13:00:28.778394+00:00,2.2584872
2025-08-01 13:01:33.212080+00:00,2.2584869
2025-08-01 13:01:45.902105+00:00,2.2584867
2025-08-01 13:02:11.652432+00:00,2.258487
2025-08-01 13:02:24.267860+00:00,2.2584869
2025-08-01 13:02:50.422973+00:00,2.2584861
2025-08-01 13:03:03.694484+00:00,2.2584867
2025-08-01 13:03:17.033021+00:00,2.2584865
2025-08-01 13:03:44.463360+00:00,2.258487
2025-08-01 13:05:36.658137+00:00,2.2584858
2025-08-01 13:18:00.522273+00:00,2.2584863
2025-08-01 13:19:05.053754+00:00,2.2584862
2025-08-01 13:19:17.952318+00:00,2.2584861
2025-08-01 13:19:30.482137+00:00,2.2584863
2025-08-01 13:19:43.248545+00:00,2.2584865
2025-08-01 13:19:56.348136+00:00,2.258486
2025-08-01 13:20:23.817387+00:00,2.2584867
2025-08-01 13:20:37.725393+00:00,2.2584865
2025-08-01 13:20:48.708318+00:00,2.2584865
2025-08-01 13:21:14.639716+00:00,2.258487
2025-08-01 13:21:27.149285+00:00,2.2584869
2025-08-01 13:21:40.056514+00:00,2.2584865
2025-08-01 13:21:53.223135+00:00,2.258487
2025-08-01 13:22:06.256436+00:00,2.2584871
2025-08-01 13:22:44.399418+00:00,2.2584863
2025-08-01 13:25:05.793641+00:00,2.2584869
2025-08-01 13:26:13.206557+00:00,2.2584861
2025-08-01 13:26:22.803304+00:00,2.2584865
2025-08-01 13:26:48.834169+00:00,2.2584862
2025-08-01 13:27:03.899961+00:00,2.258487
2025-08-01 13:27:40.213627+00:00,2.2584861
2025-08-01 13:27:53.338000+00:00,2.2584866
2025-08-01 13:28:05.982496+00:00,2.2584867
2025-08-01 13:28:18.916047+00:00,2.2584869
2025-08-01 13:28:31.555511+00:00,2.2584866
2025-08-01 13:28:58.562961+00:00,2.258487
2025-08-01 13:29:22.588204+00:00,2.2584871
2025-08-01 13:30:01.661577+00:00,2.2584868
2025-08-01 13:30:14.892830+00:00,2.2584873
2025-08-01 13:30:27.587108+00:00,2.2584869
2025-08-01 13:30:40.461257+00:00,2.2584869
2025-08-01 13:30:54.460501+00:00,2.2584869
2025-08-01 13:31:06.819200+00:00,2.2584861
2025-08-01 13:31:20.205989+00:00,2.2584865
2025-08-01 13:31:33.327179+00:00,2.2584864
2025-08-01 13:31:48.375574+00:00,2.2584862
2025-08-01 13:31:58.034290+00:00,2.2584863
2025-08-01 13:32:12.785124+00:00,2.2584864
2025-08-01 13:32:23.961281+00:00,2.2584866
2025-08-01 13:32:37.101120+00:00,2.2584867
2025-08-01 13:32:49.759756+00:00,2.2584865
2025-08-01 13:33:06.831750+00:00,2.2584866
2025-08-01 13:33:15.662881+00:00,2.2584869
2025-08-01 13:33:30.224836+00:00,2.2584864
2025-08-01 13:33:40.630294+00:00,2.2584866
2025-08-01 13:33:53.673218+00:00,2.258487
2025-08-01 13:34:06.259775+00:00,2.2584867
2025-08-01 13:34:20.585014+00:00,2.2584859
2025-08-01 13:34:32.112706+00:00,2.2584864
2025-08-01 13:34:44.517231+00:00,2.2584869
2025-08-01 13:34:57.105863+00:00,2.258486
2025-08-01 13:35:10.823019+00:00,2.2584865
2025-08-01 13:35:22.650478+00:00,2.2584871
2025-08-01 13:35:35.288650+00:00,2.2584863
2025-08-01 13:35:48.825413+00:00,2.2584861
2025-08-01 13:36:01.034174+00:00,2.2584865
2025-08-01 13:36:13.678490+00:00,2.2584861
2025-08-01 13:36:26.680225+00:00,2.2584868
2025-08-01 13:36:39.230876+00:00,2.2584864
2025-08-01 13:36:52.236715+00:00,2.2584868
2025-08-01 13:37:04.966753+00:00,2.2584868
2025-08-01 13:37:17.945910+00:00,2.2584861
2025-08-01 13:37:30.958641+00:00,2.2584864
2025-08-01 13:37:43.589598+00:00,2.2584863
2025-08-01 13:37:56.241202+00:00,2.2584862
2025-08-01 13:38:09.326025+00:00,2.2584867
2025-08-01 13:38:21.817173+00:00,2.2584861
2025-08-01 13:38:36.781971+00:00,2.2584861
2025-08-01 13:38:48.065029+00:00,2.2584862
2025-08-01 13:39:00.580454+00:00,2.2584871
2025-08-01 13:39:12.903133+00:00,2.2584865
2025-08-01 13:39:25.883208+00:00,2.2584871
2025-08-01 13:39:41.542540+00:00,2.2584867
2025-08-01 13:39:54.301555+00:00,2.2584862
2025-08-01 13:40:06.981945+00:00,2.2584865
2025-08-01 13:40:18.104802+00:00,2.2584866
2025-08-01 13:40:31.548987+00:00,2.258487
2025-08-01 13:40:44.388505+00:00,2.2584867
2025-08-01 13:40:56.576258+00:00,2.2584864
2025-08-01 13:41:11.555884+00:00,2.2584863
2025-08-01 13:41:22.374326+00:00,2.2584866
2025-08-01 13:41:35.541005+00:00,2.2584869
2025-08-01 13:41:48.381404+00:00,2.2584869
2025-08-01 13:42:08.337462+00:00,2.258487
2025-08-01 13:42:13.872209+00:00,2.2584865
2025-08-01 13:42:29.137266+00:00,2.2584872
2025-08-01 13:42:39.363706+00:00,2.2584873
2025-08-01 13:42:52.264430+00:00,2.2584862
2025-08-01 13:43:06.281410+00:00,2.2584866
2025-08-01 13:43:18.493937+00:00,2.2584865
2025-08-01 13:43:33.864958+00:00,2.2584861
2025-08-01 13:43:43.966514+00:00,2.2584865
2025-08-01 13:43:56.628567+00:00,2.2584866
2025-08-01 13:44:09.448258+00:00,2.2584869
2025-08-01 13:44:22.979808+00:00,2.258487
2025-08-01 13:44:35.679282+00:00,2.2584868
2025-08-01 13:44:47.331812+00:00,2.2584862
2025-08-01 13:44:59.699767+00:00,2.2584866
2025-08-01 13:45:12.881279+00:00,2.2584866
2025-08-01 13:45:25.714695+00:00,2.2584864
2025-08-01 13:45:39.044082+00:00,2.2584869
2025-08-01 13:45:50.971312+00:00,2.2584865
2025-08-01 13:46:04.266003+00:00,2.2584866
2025-08-01 13:46:16.761894+00:00,2.2584863
2025-08-01 13:46:29.442737+00:00,2.2584869
2025-08-01 13:46:45.536008+00:00,2.258487
2025-08-01 13:46:55.283886+00:00,2.2584872
2025-08-01 13:47:08.477922+00:00,2.2584869
2025-08-01 13:47:20.804268+00:00,2.2584864
2025-08-01 13:47:46.793762+00:00,2.2584866
2025-08-01 13:48:00.180006+00:00,2.2584872
2025-08-01 13:48:25.365228+00:00,2.2584869
2025-08-01 13:48:37.873430+00:00,2.2584862
2025-08-01 13:49:17.933570+00:00,2.2584871
2025-08-01 13:49:41.820149+00:00,2.2584868
2025-08-01 13:49:54.979232+00:00,2.2584868
2025-08-01 14:46:31.606192+00:00,2.2584862
2025-08-01 14:48:13.392694+00:00,2.258486
2025-08-01 14:48:26.291499+00:00,2.2584859
2025-08-01 14:48:39.075686+00:00,2.2584864
2025-08-01 14:48:52.172437+00:00,2.2584863
2025-08-01 14:49:05.416717+00:00,2.2584872
2025-08-01 14:49:18.039434+00:00,2.2584864
2025-08-01 14:49:31.688044+00:00,2.2584863
2025-08-01 14:49:43.295365+00:00,2.2584866
2025-08-01 14:49:55.980107+00:00,2.2584859
2025-08-01 14:50:08.850471+00:00,2.2584866
2025-08-01 14:50:23.356307+00:00,2.2584863
2025-08-01 14:50:36.003655+00:00,2.2584863
2025-08-01 14:50:47.295574+00:00,2.2584861
2025-08-01 14:51:00.622829+00:00,2.2584863
2025-08-01 14:51:12.759557+00:00,2.258487
2025-08-01 14:51:26.176027+00:00,2.2584864
2025-08-01 14:51:38.490404+00:00,2.2584865
2025-08-01 14:51:51.441342+00:00,2.2584861
2025-08-01 14:52:05.504265+00:00,2.2584873
2025-08-01 14:52:18.262808+00:00,2.2584869
2025-08-01 14:52:29.825814+00:00,2.2584865
2025-08-01 14:52:42.616942+00:00,2.2584868
2025-08-01 14:53:08.525774+00:00,2.2584863
2025-08-01 14:53:21.558529+00:00,2.2584861
2025-08-01 14:53:47.448565+00:00,2.2584863
2025-08-01 14:54:02.190898+00:00,2.2584862
2025-08-01 14:54:13.490555+00:00,2.2584866
2025-08-01 14:54:31.530045+00:00,2.2584864
2025-08-01 14:54:39.013997+00:00,2.2584864
2025-08-01 14:54:51.791664+00:00,2.2584865
2025-08-01 14:55:04.891183+00:00,2.2584861
2025-08-01 14:55:17.776171+00:00,2.258487
2025-08-01 14:55:32.041230+00:00,2.2584864
2025-08-01 14:55:43.510802+00:00,2.2584866
2025-08-01 14:56:00.350265+00:00,2.2584863
2025-08-01 14:56:09.181553+00:00,2.2584863
2025-08-01 14:56:24.345268+00:00,2.2584869
2025-08-01 14:56:34.325285+00:00,2.2584858
2025-08-01 14:56:47.601150+00:00,2.2584869
2025-08-01 14:56:59.602769+00:00,2.258486
2025-08-01 14:57:12.876891+00:00,2.2584867
2025-08-01 14:57:24.759211+00:00,2.2584867
2025-08-01 14:57:39.458136+00:00,2.2584858
2025-08-01 14:57:50.770119+00:00,2.2584861
2025-08-01 14:58:03.794853+00:00,2.2584868
2025-08-01 14:58:17.061558+00:00,2.2584871
2025-08-01 14:58:28.401187+00:00,2.2584869
2025-08-01 14:58:41.015465+00:00,2.258486
2025-08-01 14:58:54.050211+00:00,2.2584869
2025-08-01 14:59:07.273884+00:00,2.2584868
2025-08-01 14:59:19.700032+00:00,2.2584865
2025-08-01 14:59:32.925685+00:00,2.2584864
2025-08-01 14:59:45.968874+00:00,2.2584861
2025-08-01 14:59:58.489274+00:00,2.2584867
2025-08-01 15:00:13.566924+00:00,2.2584865
2025-08-01 15:00:23.878434+00:00,2.2584866
2025-08-01 15:00:36.500488+00:00,2.2584867
2025-08-01 15:00:49.265175+00:00,2.2584864
2025-08-01 15:01:02.124054+00:00,2.2584864
2025-08-01 15:01:15.313066+00:00,2.2584869
2025-08-01 15:01:27.797373+00:00,2.2584866
2025-08-01 15:01:41.856051+00:00,2.2584865
2025-08-01 15:01:53.169390+00:00,2.2584866
2025-08-01 15:02:07.481590+00:00,2.2584865
2025-08-01 15:02:18.970918+00:00,2.2584867
2025-08-01 15:02:31.944983+00:00,2.2584869
2025-08-01 15:02:44.867162+00:00,2.2584869
2025-08-01 15:02:57.941365+00:00,2.2584868
2025-08-01 15:03:11.333791+00:00,2.2584867
2025-08-01 15:03:23.611854+00:00,2.2584869
2025-08-01 15:03:36.649087+00:00,2.2584862
2025-08-01 15:03:50.340440+00:00,2.2584863
2025-08-01 15:04:02.561177+00:00,2.2584861
2025-08-01 15:04:15.880396+00:00,2.2584864
2025-08-01 15:04:28.446389+00:00,2.2584865
2025-08-01 15:04:41.147687+00:00,2.258486
2025-08-01 15:04:54.009495+00:00,2.2584861
2025-08-01 15:05:07.570553+00:00,2.2584867
2025-08-01 15:05:20.086946+00:00,2.2584864
2025-08-01 15:05:35.066728+00:00,2.258487
2025-08-01 15:05:45.289647+00:00,2.2584865
2025-08-01 15:05:58.223486+00:00,2.2584859
2025-08-01 15:06:11.210656+00:00,2.2584863
2025-08-01 15:06:23.825956+00:00,2.2584871
2025-08-01 15:06:39.650712+00:00,2.2584862
2025-08-01 15:06:49.234576+00:00,2.2584858
2025-08-01 15:07:02.419966+00:00,2.2584867
2025-08-01 15:07:14.684485+00:00,2.2584868
2025-08-01 15:07:27.367307+00:00,2.2584864
2025-08-01 15:07:39.802165+00:00,2.2584865
2025-08-01 15:07:56.493082+00:00,2.2584862
2025-08-01 15:08:05.836036+00:00,2.2584864
2025-08-01 15:08:18.405247+00:00,2.2584867
2025-08-01 15:08:30.717586+00:00,2.2584872
2025-08-01 15:08:57.012690+00:00,2.2584859
2025-08-01 15:09:09.599650+00:00,2.258486
2025-08-01 15:09:22.483909+00:00,2.2584865
2025-08-01 15:09:35.404560+00:00,2.2584864
2025-08-01 15:09:48.267866+00:00,2.2584866
2025-08-01 15:10:04.809694+00:00,2.2584866
2025-08-01 15:10:13.210034+00:00,2.2584858
2025-08-01 15:10:26.165766+00:00,2.2584865
2025-08-01 15:10:38.500289+00:00,2.2584863
2025-08-01 15:10:51.371274+00:00,2.2584862
2025-08-01 15:11:06.075586+00:00,2.2584862
2025-08-01 15:11:17.149967+00:00,2.2584863
2025-08-01 15:11:29.528775+00:00,2.258486
2025-08-01 15:11:42.411581+00:00,2.2584864
2025-08-01 15:11:55.439522+00:00,2.2584868
2025-08-01 15:12:09.730430+00:00,2.2584861
2025-08-01 15:12:20.355794+00:00,2.2584865
2025-08-01 15:12:33.550207+00:00,2.2584859
2025-08-01 15:12:45.980233+00:00,2.2584863
2025-08-01 15:12:58.891046+00:00,2.258486
2025-08-01 15:13:12.154212+00:00,2.2584863
2025-08-01 15:13:24.233150+00:00,2.2584865
2025-08-01 15:13:37.241297+00:00,2.2584864
2025-08-01 15:13:51.137594+00:00,2.2584858
2025-08-01 15:14:03.237582+00:00,2.2584861
2025-08-01 15:14:19.417230+00:00,2.2584868
2025-08-01 15:14:28.717847+00:00,2.2584866
2025-08-01 15:14:43.083185+00:00,2.2584861
2025-08-01 15:14:54.667473+00:00,2.2584858
2025-08-01 15:15:07.898543+00:00,2.2584863
2025-08-01 15:15:20.745031+00:00,2.2584864
2025-08-01 15:15:58.822365+00:00,2.2584864
2025-08-01 16:05:06.410652+00:00,2.2584863
2025-08-01 16:05:19.338184+00:00,2.258486
2025-08-01 16:05:33.576650+00:00,2.2584865
2025-08-01 16:05:57.654953+00:00,2.2584862
2025-08-01 16:06:35.241118+00:00,2.2584871
2025-08-01 16:07:38.668293+00:00,2.2584865
2025-08-01 16:08:32.326562+00:00,2.2584868
2025-08-01 16:08:43.051700+00:00,2.2584866
2025-08-01 16:09:08.995864+00:00,2.2584864
2025-08-01 16:09:21.342306+00:00,2.2584868
2025-08-01 16:09:34.743401+00:00,2.2584862
2025-08-01 16:09:47.312284+00:00,2.2584868
2025-08-01 16:10:00.042683+00:00,2.2584863
2025-08-01 16:10:13.095892+00:00,2.2584867
2025-08-01 16:10:27.010210+00:00,2.2584868
2025-08-01 16:10:38.448011+00:00,2.2584867
2025-08-01 16:11:11.503287+00:00,2.2584866
2025-08-01 16:11:16.932329+00:00,2.2584867
2025-08-01 16:11:42.344162+00:00,2.2584864
2025-08-01 16:11:55.121302+00:00,2.2584865
2025-08-01 16:12:33.635656+00:00,2.2584865
2025-08-01 16:12:46.065730+00:00,2.258487
2025-08-01 16:12:58.668028+00:00,2.2584862
2025-08-01 16:13:23.748549+00:00,2.2584868
2025-08-01 16:13:36.219171+00:00,2.2584872
2025-08-01 16:13:48.894982+00:00,2.2584864
2025-08-01 16:14:01.579337+00:00,2.2584859
2025-08-01 16:14:14.345346+00:00,2.2584867
2025-08-01 16:14:27.835143+00:00,2.2584869
2025-08-01 16:14:53.070354+00:00,2.2584872
2025-08-01 16:15:06.170669+00:00,2.2584872
2025-08-01 16:15:18.743052+00:00,2.2584865
2025-08-01 16:15:34.744704+00:00,2.2584869
2025-08-01 16:15:43.683822+00:00,2.258487
2025-08-01 16:15:56.315940+00:00,2.2584866
2025-08-01 16:16:11.046188+00:00,2.2584871
2025-08-01 16:16:21.531394+00:00,2.2584867
2025-08-01 16:16:34.847561+00:00,2.2584867
2025-08-01 16:16:50.021974+00:00,2.2584871
2025-08-01 16:16:59.751457+00:00,2.2584863
2025-08-01 16:17:12.671646+00:00,2.2584869
2025-08-01 16:17:26.610050+00:00,2.2584864
2025-08-01 16:17:38.663870+00:00,2.2584864
2025-08-01 16:17:50.854974+00:00,2.2584869
2025-08-01 16:18:04.825444+00:00,2.2584859
2025-08-01 16:18:17.758787+00:00,2.2584864
2025-08-01 16:18:29.037966+00:00,2.2584864
2025-08-01 16:18:43.668374+00:00,2.2584867
2025-08-01 16:18:56.170170+00:00,2.2584867
2025-08-01 16:19:07.361453+00:00,2.2584866
2025-08-01 16:19:19.855757+00:00,2.2584861
2025-08-01 16:19:32.849868+00:00,2.2584864
2025-08-01 16:19:45.676028+00:00,2.2584862
2025-08-01 16:19:58.547092+00:00,2.2584863
2025-08-01 16:20:12.584943+00:00,2.2584862
2025-08-01 16:20:24.525350+00:00,2.2584869
2025-08-01 16:20:40.822490+00:00,2.2584863
2025-08-01 16:20:51.251485+00:00,2.2584868
2025-08-01 16:21:04.654471+00:00,2.2584862
2025-08-01 16:21:16.146489+00:00,2.2584866
2025-08-01 16:21:28.559395+00:00,2.258487
2025-08-01 16:21:43.143256+00:00,2.2584868
2025-08-01 16:21:54.145828+00:00,2.2584863
2025-08-01 16:22:07.081224+00:00,2.2584868
2025-08-01 16:22:19.839470+00:00,2.2584872
2025-08-01 16:22:33.158633+00:00,2.2584866
2025-08-01 16:22:45.860044+00:00,2.2584871
2025-08-01 16:22:58.482864+00:00,2.2584874
2025-08-01 16:23:11.356239+00:00,2.258487
2025-08-01 16:23:24.079376+00:00,2.2584865
2025-08-01 16:23:38.465256+00:00,2.2584868
2025-08-01 16:23:49.604847+00:00,2.2584868
2025-08-01 16:24:06.614818+00:00,2.258487
2025-08-01 16:24:14.716673+00:00,2.2584867
2025-08-01 16:24:27.304147+00:00,2.2584868
2025-08-01 16:24:39.639066+00:00,2.2584863
2025-08-01 16:24:52.395675+00:00,2.2584862
2025-08-01 16:25:06.514140+00:00,2.2584865
2025-08-01 16:25:17.487699+00:00,2.2584867
2025-08-01 16:25:30.580964+00:00,2.2584865
2025-08-01 16:25:44.081250+00:00,2.2584873
2025-08-01 16:25:55.911369+00:00,2.2584869
2025-08-01 16:26:11.161074+00:00,2.2584864
2025-08-01 16:26:21.086848+00:00,2.2584868
2025-08-01 16:26:34.252296+00:00,2.2584865
2025-08-01 16:26:46.678248+00:00,2.258487
2025-08-01 16:27:01.543700+00:00,2.2584867
2025-08-01 16:27:11.967933+00:00,2.2584866
2025-08-01 16:27:24.867769+00:00,2.2584867
2025-08-01 16:27:37.598827+00:00,2.2584872
2025-08-01 16:27:50.198562+00:00,2.2584873
2025-08-01 16:28:03.001298+00:00,2.2584869
2025-08-01 16:28:15.642316+00:00,2.2584866
2025-08-01 16:28:28.126399+00:00,2.2584871
2025-08-01 16:28:40.959121+00:00,2.2584871
2025-08-01 16:28:54.821516+00:00,2.2584869
2025-08-01 16:29:06.384761+00:00,2.2584867
2025-08-01 16:29:19.158031+00:00,2.2584867
2025-08-01 16:29:32.129701+00:00,2.2584872
2025-08-01 16:29:45.088109+00:00,2.2584867
2025-08-01 16:29:58.550323+00:00,2.2584871
2025-08-01 16:30:12.497289+00:00,2.258487
2025-08-01 16:30:28.330724+00:00,2.2584872
2025-08-01 16:30:35.973340+00:00,2.2584862
2025-08-01 16:30:48.873182+00:00,2.2584866
2025-08-01 16:31:07.481324+00:00,2.2584869
2025-08-01 16:31:14.589995+00:00,2.2584871
2025-08-01 16:31:28.109058+00:00,2.2584868
2025-08-01 16:31:40.356791+00:00,2.2584871
2025-08-01 16:31:53.162286+00:00,2.258487
2025-08-01 16:32:08.769784+00:00,2.2584869
2025-08-01 16:32:19.247163+00:00,2.2584867
2025-08-01 16:32:33.289290+00:00,2.2584869
2025-08-01 16:32:44.512420+00:00,2.2584868
2025-08-01 16:32:57.283239+00:00,2.2584867
2025-08-01 16:33:10.394053+00:00,2.2584866
2025-08-01 16:33:22.929384+00:00,2.2584872
2025-08-01 16:33:36.054725+00:00,2.2584862
2025-08-01 16:33:48.813546+00:00,2.258487
2025-08-01 16:34:01.869056+00:00,2.2584864
2025-08-01 16:34:14.369208+00:00,2.2584867
2025-08-01 16:34:27.493513+00:00,2.2584872
2025-08-01 16:34:40.330460+00:00,2.2584872
2025-08-01 16:34:52.501136+00:00,2.2584872
2025-08-01 16:35:05.549116+00:00,2.258487
2025-08-01 16:35:17.664839+00:00,2.2584868
2025-08-01 16:35:30.332136+00:00,2.2584867
2025-08-01 16:35:44.268358+00:00,2.2584861
2025-08-01 16:35:55.309830+00:00,2.2584866
2025-08-01 16:36:08.372667+00:00,2.2584867
2025-08-01 16:36:21.434723+00:00,2.2584873
2025-08-01 16:36:34.870201+00:00,2.2584865
2025-08-01 16:36:48.750283+00:00,2.258487
2025-08-01 16:36:59.500223+00:00,2.258487
2025-08-01 16:37:12.629167+00:00,2.2584872
2025-08-01 16:37:25.916035+00:00,2.2584868
2025-08-01 16:37:37.807274+00:00,2.2584864
2025-08-01 16:37:51.114974+00:00,2.2584871
2025-08-01 16:38:05.062846+00:00,2.2584868
2025-08-01 16:38:16.576731+00:00,2.2584865
2025-08-01 16:38:28.508624+00:00,2.2584867
2025-08-01 16:38:41.219444+00:00,2.2584866
2025-08-01 16:38:54.124210+00:00,2.2584872
2025-08-01 16:39:07.092992+00:00,2.2584869
2025-08-01 16:39:19.913089+00:00,2.2584871
2025-08-01 16:39:32.413468+00:00,2.2584868
2025-08-01 16:39:44.782419+00:00,2.258487
2025-08-01 16:39:57.659938+00:00,2.2584874
2025-08-01 16:40:11.124396+00:00,2.2584869
2025-08-01 16:40:23.133886+00:00,2.2584871
2025-08-01 16:40:37.926365+00:00,2.2584872
2025-08-01 16:40:49.720119+00:00,2.2584867
2025-08-01 16:41:01.827965+00:00,2.2584864
2025-08-01 16:41:14.660187+00:00,2.2584862
2025-08-01 16:41:27.490186+00:00,2.2584867
2025-08-01 16:41:40.983427+00:00,2.2584873
2025-08-01 16:41:53.649480+00:00,2.2584873
2025-08-01 16:42:06.355463+00:00,2.2584866
2025-08-01 16:42:18.756258+00:00,2.2584872
2025-08-01 16:42:32.195573+00:00,2.2584867
2025-08-01 16:42:45.679201+00:00,2.258486
2025-08-01 16:42:57.633273+00:00,2.2584866
2025-08-01 16:43:10.950310+00:00,2.2584868
2025-08-01 16:43:22.804945+00:00,2.2584868
2025-08-01 16:43:35.979171+00:00,2.2584873
2025-08-01 16:43:50.357297+00:00,2.2584871
2025-08-01 16:44:01.499106+00:00,2.2584867
2025-08-01 16:44:14.061966+00:00,2.2584868
2025-08-01 16:44:27.116458+00:00,2.2584862
2025-08-01 16:44:40.369249+00:00,2.2584864
2025-08-01 16:44:52.630027+00:00,2.2584862
2025-08-01 16:45:06.268387+00:00,2.2584869
2025-08-01 16:45:18.898235+00:00,2.2584867
2025-08-01 16:45:31.258150+00:00,2.2584869
2025-08-01 16:45:43.547548+00:00,2.2584866
2025-08-01 16:45:56.055901+00:00,2.2584866
2025-08-01 16:46:10.592921+00:00,2.2584864
2025-08-01 16:46:21.502575+00:00,2.2584871
2025-08-01 16:46:34.137499+00:00,2.2584866
2025-08-01 16:46:48.423933+00:00,2.2584875
2025-08-01 16:47:00.513331+00:00,2.2584871
2025-08-01 16:47:12.120179+00:00,2.2584868
2025-08-01 16:47:24.393907+00:00,2.2584871
2025-08-01 16:47:40.637264+00:00,2.2584873
2025-08-01 16:47:49.961412+00:00,2.2584869
2025-08-01 16:48:02.839221+00:00,2.2584867
2025-08-01 16:48:16.100012+00:00,2.2584874
2025-08-01 16:48:28.290004+00:00,2.2584869
2025-08-01 16:48:41.979350+00:00,2.258487
2025-08-01 16:48:53.609192+00:00,2.2584869
2025-08-01 16:49:06.653515+00:00,2.2584876
2025-08-01 16:49:18.977023+00:00,2.2584868
2025-08-01 16:49:33.917765+00:00,2.2584865
2025-08-01 16:49:44.924308+00:00,2.258487
2025-08-01 16:49:57.124758+00:00,2.2584872
2025-08-01 16:50:10.274477+00:00,2.258487
2025-08-01 16:50:22.871115+00:00,2.2584869
2025-08-01 16:50:36.398475+00:00,2.2584872
2025-08-01 16:50:48.975203+00:00,2.2584869
2025-08-01 16:51:01.308575+00:00,2.2584875
2025-08-01 16:51:13.650554+00:00,2.2584868
2025-08-01 16:51:27.162640+00:00,2.2584866
2025-08-01 16:51:39.107121+00:00,2.2584868
2025-08-01 16:51:53.512047+00:00,2.2584867
2025-08-01 16:52:06.341346+00:00,2.2584872
2025-08-01 16:52:17.134343+00:00,2.2584868
2025-08-01 16:52:29.894582+00:00,2.2584874
2025-08-01 16:52:42.654383+00:00,2.2584866
2025-08-01 16:52:55.760001+00:00,2.2584872
2025-08-01 16:53:09.047528+00:00,2.2584868
2025-08-01 16:53:21.775434+00:00,2.2584871
2025-08-01 16:53:34.656941+00:00,2.258487
2025-08-01 16:53:47.421011+00:00,2.2584867
2025-08-01 16:54:00.714365+00:00,2.2584873
2025-08-01 16:54:15.677960+00:00,2.2584868
2025-08-01 16:54:26.130259+00:00,2.2584871
2025-08-01 16:54:38.879165+00:00,2.2584868
2025-08-01 16:54:52.851778+00:00,2.2584872
2025-08-01 16:55:05.310511+00:00,2.2584866
2025-08-01 16:55:18.569550+00:00,2.2584872
2025-08-01 16:55:30.884230+00:00,2.2584873
2025-08-01 16:55:43.536542+00:00,2.2584871
2025-08-01 16:55:57.891742+00:00,2.2584871
2025-08-01 16:56:11.075939+00:00,2.2584873
2025-08-01 16:56:34.838238+00:00,2.2584871
2025-08-01 16:56:47.499772+00:00,2.2584879
2025-08-01 16:57:00.308159+00:00,2.258487
2025-08-01 16:57:12.279227+00:00,2.2584874
2025-08-01 16:57:24.639844+00:00,2.2584864
2025-08-01 16:57:37.194938+00:00,2.2584867
2025-08-01 16:57:51.865295+00:00,2.2584872
2025-08-01 16:58:06.429362+00:00,2.2584875
2025-08-01 16:58:15.839883+00:00,2.2584867
2025-08-01 16:58:29.438777+00:00,2.2584867
2025-08-01 16:58:42.192805+00:00,2.2584867
2025-08-01 16:58:53.490716+00:00,2.2584872
2025-08-01 16:59:06.530371+00:00,2.2584869
2025-08-01 16:59:19.404446+00:00,2.258487
2025-08-01 16:59:32.602440+00:00,2.2584872
2025-08-01 16:59:44.487280+00:00,2.2584873
2025-08-01 16:59:57.786966+00:00,2.2584874
2025-08-01 17:00:11.705654+00:00,2.2584868
2025-08-01 17:00:22.985722+00:00,2.2584868
2025-08-01 17:00:38.351924+00:00,2.2584869
2025-08-01 17:00:50.990207+00:00,2.2584869
2025-08-01 17:01:01.159186+00:00,2.2584872
2025-08-01 17:01:13.671203+00:00,2.2584873
2025-08-01 17:01:26.485055+00:00,2.2584874
2025-08-01 17:01:38.886550+00:00,2.2584876
2025-08-01 17:01:53.251638+00:00,2.2584874
2025-08-01 17:02:06.810849+00:00,2.2584867
2025-08-01 17:02:17.421919+00:00,2.2584869
2025-08-01 17:02:29.587525+00:00,2.2584868
2025-08-01 17:02:43.020865+00:00,2.2584865
2025-08-01 17:02:55.617176+00:00,2.2584866
2025-08-01 17:03:11.092818+00:00,2.2584869
2025-08-01 17:03:21.273680+00:00,2.2584872
2025-08-01 17:03:34.432227+00:00,2.2584867
2025-08-01 17:03:47.227555+00:00,2.2584875
2025-08-01 17:04:00.070561+00:00,2.2584872
2025-08-01 17:04:12.952001+00:00,2.258487
2025-08-01 17:04:25.806538+00:00,2.2584867
2025-08-01 17:04:38.621133+00:00,2.2584875
2025-08-01 17:04:51.523503+00:00,2.2584867
2025-08-01 17:05:05.496074+00:00,2.2584871
2025-08-01 17:05:17.722089+00:00,2.2584868
2025-08-01 17:05:30.691838+00:00,2.2584876
2025-08-01 17:05:42.870575+00:00,2.2584869
2025-08-01 17:05:55.639994+00:00,2.2584872
2025-08-01 17:06:08.797726+00:00,2.2584869
2025-08-01 17:06:21.652214+00:00,2.2584872
2025-08-01 17:06:36.491412+00:00,2.2584874
2025-08-01 17:06:47.003043+00:00,2.258487
2025-08-01 17:06:59.438599+00:00,2.2584871
2025-08-01 17:07:12.155076+00:00,2.2584875
2025-08-01 17:07:24.929945+00:00,2.2584867
2025-08-01 17:07:37.209901+00:00,2.2584872
2025-08-01 17:07:49.768319+00:00,2.2584873
2025-08-01 17:08:09.704776+00:00,2.2584866
2025-08-01 17:08:15.374313+00:00,2.2584871
2025-08-01 17:08:28.420843+00:00,2.2584873
2025-08-01 17:08:45.952366+00:00,2.2584863
2025-08-01 17:08:53.617422+00:00,2.2584874
2025-08-01 17:09:07.095506+00:00,2.2584872
2025-08-01 17:09:19.493860+00:00,2.2584871
2025-08-01 17:09:32.740474+00:00,2.2584867
2025-08-01 17:09:45.280651+00:00,2.2584868
2025-08-01 17:09:58.612958+00:00,2.2584874
2025-08-01 17:10:10.479209+00:00,2.2584876
2025-08-01 17:10:23.212694+00:00,2.2584869
2025-08-01 17:10:36.289334+00:00,2.2584873
2025-08-01 17:10:48.607831+00:00,2.258487
2025-08-01 17:11:01.499272+00:00,2.2584877
2025-08-01 17:11:15.513254+00:00,2.2584871
2025-08-01 17:11:26.621931+00:00,2.2584873
2025-08-01 17:11:39.574991+00:00,2.2584875
2025-08-01 17:11:53.556209+00:00,2.2584877
2025-08-01 17:12:05.418212+00:00,2.2584873
2025-08-01 17:12:18.500618+00:00,2.2584875
2025-08-01 17:12:31.593902+00:00,2.2584872
2025-08-01 17:12:44.028503+00:00,2.2584869
2025-08-01 17:12:56.609661+00:00,2.2584869
2025-08-01 17:13:10.488651+00:00,2.2584875
2025-08-01 17:13:22.317382+00:00,2.2584881
2025-08-01 17:13:35.293537+00:00,2.2584872
2025-08-01 17:13:48.298685+00:00,2.2584867
2025-08-01 17:14:01.389872+00:00,2.2584874
2025-08-01 17:14:13.967724+00:00,2.2584871
2025-08-01 17:14:26.348575+00:00,2.258487
2025-08-01 17:14:39.698155+00:00,2.2584871
2025-08-01 17:14:53.844329+00:00,2.2584864
2025-08-01 17:15:05.096783+00:00,2.2584872
2025-08-01 17:15:17.626190+00:00,2.2584876
2025-08-01 17:15:30.498036+00:00,2.2584876
2025-08-01 17:15:44.208053+00:00,2.258487
2025-08-01 17:15:56.203784+00:00,2.2584875
2025-08-01 17:16:09.148482+00:00,2.2584875
2025-08-01 17:16:21.087576+00:00,2.2584878
2025-08-01 17:16:33.484546+00:00,2.2584874
2025-08-01 17:16:48.861737+00:00,2.2584873
2025-08-01 17:16:58.964097+00:00,2.2584873
2025-08-01 17:17:11.562746+00:00,2.258487
2025-08-01 17:17:24.413711+00:00,2.2584875
2025-08-01 17:17:37.784094+00:00,2.2584877
2025-08-01 17:17:50.153868+00:00,2.2584867
2025-08-01 17:18:02.536465+00:00,2.2584871
2025-08-01 17:18:15.260342+00:00,2.2584869
2025-08-01 17:18:29.372914+00:00,2.2584874
2025-08-01 17:18:40.964838+00:00,2.2584869
2025-08-01 17:18:53.567971+00:00,2.2584872
2025-08-01 17:19:06.477421+00:00,2.2584876
2025-08-01 17:19:19.294353+00:00,2.2584867
2025-08-01 17:19:32.604820+00:00,2.2584873
2025-08-01 17:19:44.606083+00:00,2.2584871
2025-08-01 17:19:57.689411+00:00,2.2584874
2025-08-01 17:20:10.504934+00:00,2.2584877
2025-08-01 17:20:25.848009+00:00,2.2584868
2025-08-01 17:20:35.499355+00:00,2.2584874
2025-08-01 17:20:48.350050+00:00,2.2584876
2025-08-01 17:21:01.345111+00:00,2.2584876
2025-08-01 17:21:13.931241+00:00,2.258487
2025-08-01 17:21:26.949634+00:00,2.2584878
2025-08-01 17:21:39.005471+00:00,2.2584875
2025-08-01 17:21:55.260177+00:00,2.2584871
2025-08-01 17:22:04.770830+00:00,2.2584877
2025-08-01 17:22:17.662972+00:00,2.2584871
2025-08-01 17:22:30.785480+00:00,2.2584867
2025-08-01 17:22:43.803846+00:00,2.2584873
2025-08-01 17:22:56.593331+00:00,2.2584871
2025-08-01 17:23:09.377344+00:00,2.2584877
2025-08-01 17:23:22.058912+00:00,2.2584875
2025-08-01 17:23:35.017085+00:00,2.258487
2025-08-01 17:23:47.910795+00:00,2.2584867
2025-08-01 17:24:00.792341+00:00,2.2584873
2025-08-01 17:24:13.589470+00:00,2.2584871
2025-08-01 17:24:26.607923+00:00,2.2584873
2025-08-01 17:24:40.760544+00:00,2.2584871
2025-08-01 17:24:52.498528+00:00,2.2584872
2025-08-01 17:25:04.874890+00:00,2.2584873
2025-08-01 17:25:18.759654+00:00,2.2584877
2025-08-01 17:25:32.280283+00:00,2.2584872
2025-08-01 17:25:43.476477+00:00,2.2584868
2025-08-01 17:25:56.631127+00:00,2.258487
2025-08-01 17:26:09.075509+00:00,2.258487
2025-08-01 17:26:22.715511+00:00,2.2584874
2025-08-01 17:26:33.857113+00:00,2.2584871
2025-08-01 17:26:47.326133+00:00,2.2584871
2025-08-01 17:26:59.780051+00:00,2.2584874
2025-08-01 17:27:11.938668+00:00,2.258487
2025-08-01 17:27:24.621864+00:00,2.2584874
2025-08-01 17:27:37.251952+00:00,2.2584874
2025-08-01 17:27:49.860433+00:00,2.2584868
2025-08-01 17:28:05.829856+00:00,2.2584872
2025-08-01 17:28:16.562124+00:00,2.2584875
2025-08-01 17:28:28.545739+00:00,2.2584875
2025-08-01 17:28:44.811699+00:00,2.2584873
2025-08-01 17:28:54.227161+00:00,2.2584872
2025-08-01 17:29:07.528225+00:00,2.2584873
2025-08-01 17:29:19.740049+00:00,2.2584869
2025-08-01 17:29:33.517302+00:00,2.2584872
2025-08-01 17:29:45.032778+00:00,2.2584874
2025-08-01 17:29:57.816122+00:00,2.2584867
2025-08-01 17:30:13.608648+00:00,2.258487
2025-08-01 17:30:23.650708+00:00,2.2584873
2025-08-01 17:30:36.417576+00:00,2.2584874
2025-08-01 17:30:49.816302+00:00,2.2584868
2025-08-01 17:31:03.259345+00:00,2.2584873
2025-08-01 17:31:17.841111+00:00,2.2584875
2025-08-01 17:31:28.012390+00:00,2.2584876
2025-08-01 17:31:40.120332+00:00,2.2584867
2025-08-01 17:31:53.056047+00:00,2.2584869
2025-08-01 17:32:06.156388+00:00,2.2584872
2025-08-01 17:32:19.466916+00:00,2.2584869
2025-08-01 17:32:31.803199+00:00,2.2584878
2025-08-01 17:32:44.611191+00:00,2.2584874
2025-08-01 17:32:57.650339+00:00,2.258487
2025-08-01 17:33:10.993142+00:00,2.2584868
2025-08-01 17:33:24.012096+00:00,2.2584873
2025-08-01 17:33:38.669247+00:00,2.2584876
2025-08-01 17:33:49.521914+00:00,2.2584869
2025-08-01 17:34:06.303581+00:00,2.2584875
2025-08-01 17:34:15.203836+00:00,2.2584871
2025-08-01 17:34:27.961440+00:00,2.2584874
2025-08-01 17:34:41.360981+00:00,2.2584873
2025-08-01 17:34:53.479702+00:00,2.2584873
2025-08-01 17:35:06.726478+00:00,2.2584881
2025-08-01 17:35:20.618453+00:00,2.2584879
2025-08-01 17:35:32.488964+00:00,2.2584871
2025-08-01 17:35:44.735597+00:00,2.2584868
2025-08-01 17:35:57.825145+00:00,2.2584876
2025-08-01 17:36:10.695397+00:00,2.258487
2025-08-01 17:36:26.012425+00:00,2.2584871
2025-08-01 17:36:36.507670+00:00,2.2584876
2025-08-01 17:36:48.900711+00:00,2.2584875
2025-08-01 17:37:01.714091+00:00,2.2584877
2025-08-01 17:37:13.969381+00:00,2.2584877
2025-08-01 17:37:26.972864+00:00,2.2584874
2025-08-01 17:37:41.287854+00:00,2.2584871
2025-08-01 17:37:51.832356+00:00,2.2584872
2025-08-01 17:38:05.181792+00:00,2.2584875
2025-08-01 17:38:18.619264+00:00,2.2584871
2025-08-01 17:38:30.889555+00:00,2.2584868
2025-08-01 17:38:42.583024+00:00,2.258487
2025-08-01 17:38:55.841208+00:00,2.2584873
2025-08-01 17:39:09.094462+00:00,2.2584868
2025-08-01 17:39:21.072382+00:00,2.2584872
2025-08-01 17:39:33.924390+00:00,2.2584878
2025-08-01 17:39:46.852709+00:00,2.2584876
2025-08-01 17:39:59.431021+00:00,2.2584874
2025-08-01 17:40:12.220600+00:00,2.2584878
2025-08-01 17:40:24.971769+00:00,2.2584871
2025-08-01 17:40:37.688041+00:00,2.2584877
2025-08-01 17:40:51.443518+00:00,2.2584877
2025-08-01 17:41:03.157060+00:00,2.2584874
2025-08-01 17:41:15.890749+00:00,2.2584877
2025-08-01 17:41:28.290949+00:00,2.2584873
2025-08-01 17:41:40.854278+00:00,2.2584869
2025-08-01 17:41:53.843461+00:00,2.2584876
2025-08-01 17:42:07.065048+00:00,2.2584874
2025-08-01 17:42:19.521498+00:00,2.2584875
2025-08-01 17:42:32.607800+00:00,2.2584873
2025-08-01 17:42:45.548120+00:00,2.258487
2025-08-01 17:42:58.417556+00:00,2.2584872
2025-08-01 17:43:12.091931+00:00,2.2584873
2025-08-01 17:43:27.983682+00:00,2.2584875
2025-08-01 17:43:37.380658+00:00,2.2584872
2025-08-01 17:43:50.187556+00:00,2.2584869
2025-08-01 17:44:02.795377+00:00,2.2584878
2025-08-01 17:44:15.994958+00:00,2.2584871
2025-08-01 17:44:28.379189+00:00,2.2584877
2025-08-01 17:44:41.878547+00:00,2.2584878
2025-08-01 17:44:54.375349+00:00,2.2584875
2025-08-01 17:45:08.360121+00:00,2.2584868
2025-08-01 17:45:20.198022+00:00,2.2584871
2025-08-01 17:45:33.342867+00:00,2.258488
2025-08-01 17:45:46.613354+00:00,2.2584878
2025-08-01 17:45:58.559819+00:00,2.2584876
2025-08-01 17:46:11.622026+00:00,2.258488
2025-08-01 17:46:24.056198+00:00,2.258487
2025-08-01 17:46:36.507908+00:00,2.2584868
2025-08-01 17:46:49.966456+00:00,2.2584876
2025-08-01 17:47:01.675125+00:00,2.2584873
2025-08-01 17:47:14.111709+00:00,2.2584871
2025-08-01 17:47:26.809172+00:00,2.2584872
2025-08-01 17:47:39.346342+00:00,2.258488
2025-08-01 17:47:52.598145+00:00,2.258488
2025-08-01 17:48:06.506653+00:00,2.2584873
2025-08-01 17:48:20.018735+00:00,2.2584874
2025-08-01 17:48:31.006299+00:00,2.2584876
2025-08-01 17:48:43.227202+00:00,2.258487
2025-08-01 17:48:56.453961+00:00,2.2584874
2025-08-01 17:49:11.573903+00:00,2.2584872
2025-08-01 17:49:22.047251+00:00,2.2584876
2025-08-01 17:49:34.091739+00:00,2.258487
2025-08-01 17:49:47.336292+00:00,2.258487
2025-08-01 17:50:00.401984+00:00,2.2584874
2025-08-01 17:50:16.301176+00:00,2.258488
2025-08-01 17:50:25.265821+00:00,2.2584872
2025-08-01 17:50:37.847744+00:00,2.258487
2025-08-01 17:50:50.614731+00:00,2.2584866
2025-08-01 17:51:03.644376+00:00,2.2584876
2025-08-01 17:51:16.358687+00:00,2.2584875
2025-08-01 17:51:29.882410+00:00,2.2584874
2025-08-01 17:51:41.607094+00:00,2.2584873
2025-08-01 17:51:54.532266+00:00,2.2584872
2025-08-01 17:52:07.428079+00:00,2.2584869
2025-08-01 17:52:20.406052+00:00,2.2584876
2025-08-01 17:52:33.745825+00:00,2.2584879
2025-08-01 17:52:46.862246+00:00,2.2584869
2025-08-01 17:53:01.202555+00:00,2.2584871
2025-08-01 17:53:12.692499+00:00,2.2584868
2025-08-01 17:53:24.912888+00:00,2.2584871
2025-08-01 17:53:37.862731+00:00,2.2584877
2025-08-01 17:53:50.703752+00:00,2.258487
2025-08-01 17:54:04.369738+00:00,2.2584871
2025-08-01 17:54:18.860347+00:00,2.258487
2025-08-01 17:54:31.370982+00:00,2.2584871
2025-08-01 17:54:42.852989+00:00,2.2584869
2025-08-01 17:54:55.324490+00:00,2.2584877
2025-08-01 17:55:08.877982+00:00,2.2584868
2025-08-01 17:55:21.019667+00:00,2.2584874
2025-08-01 17:55:34.060695+00:00,2.2584876
2025-08-01 17:55:47.001749+00:00,2.2584876
2025-08-01 17:56:00.102382+00:00,2.2584868
2025-08-01 17:56:13.021170+00:00,2.2584872
2025-08-01 17:56:25.843120+00:00,2.2584872
2025-08-01 17:56:38.521266+00:00,2.2584868
2025-08-01 17:56:51.451025+00:00,2.2584873
2025-08-01 17:57:03.534159+00:00,2.2584875
2025-08-01 17:57:17.308108+00:00,2.2584875
2025-08-01 17:57:29.307572+00:00,2.2584877
2025-08-01 17:57:41.454743+00:00,2.2584878
2025-08-01 17:57:54.522980+00:00,2.2584878
2025-08-01 17:58:09.280668+00:00,2.2584871
2025-08-01 17:58:19.989788+00:00,2.2584874
2025-08-01 17:58:33.113303+00:00,2.2584874
2025-08-01 17:58:46.559428+00:00,2.2584875
2025-08-01 17:58:58.871530+00:00,2.2584869
2025-08-01 17:59:11.405059+00:00,2.2584877
2025-08-01 17:59:24.454855+00:00,2.2584875
2025-08-01 17:59:36.947901+00:00,2.2584869
2025-08-01 17:59:49.979498+00:00,2.2584875
2025-08-01 18:00:04.492024+00:00,2.2584876
2025-08-01 18:00:15.745992+00:00,2.2584866
2025-08-01 18:00:28.069375+00:00,2.2584873
2025-08-01 18:00:40.828339+00:00,2.2584873
2025-08-01 18:00:54.062549+00:00,2.2584879
2025-08-01 18:01:07.872968+00:00,2.2584871
2025-08-01 18:01:19.948786+00:00,2.258487
2025-08-01 18:01:32.443692+00:00,2.2584871
2025-08-01 18:01:44.734359+00:00,2.2584871
2025-08-01 18:01:58.992624+00:00,2.2584876
2025-08-01 18:02:10.291234+00:00,2.2584876
2025-08-01 18:02:23.916670+00:00,2.2584875
2025-08-01 18:02:36.223592+00:00,2.2584874
2025-08-01 18:02:49.174624+00:00,2.2584868
2025-08-01 18:03:02.411407+00:00,2.2584875
2025-08-01 18:03:16.560389+00:00,2.2584866
2025-08-01 18:03:28.322993+00:00,2.2584879
2025-08-01 18:03:42.407847+00:00,2.2584871
2025-08-01 18:03:54.213310+00:00,2.2584866
2025-08-01 18:04:07.165243+00:00,2.2584879
2025-08-01 18:04:21.585167+00:00,2.2584867
2025-08-01 18:04:33.861511+00:00,2.2584873
2025-08-01 18:04:47.621834+00:00,2.2584868
2025-08-01 18:04:58.738018+00:00,2.2584873
2025-08-01 18:05:11.830469+00:00,2.2584876
2025-08-01 18:05:24.561621+00:00,2.2584878
2025-08-01 18:05:37.615203+00:00,2.258487
2025-08-01 18:05:50.054950+00:00,2.2584875
2025-08-01 18:06:03.136281+00:00,2.2584873
2025-08-01 18:06:16.443691+00:00,2.2584875
2025-08-01 18:06:29.057402+00:00,2.2584874
2025-08-01 18:06:41.714339+00:00,2.2584873
2025-08-01 18:06:54.105507+00:00,2.2584871
2025-08-01 18:07:08.453010+00:00,2.258487
2025-08-01 18:07:21.200167+00:00,2.2584876
2025-08-01 18:07:32.876576+00:00,2.2584876
2025-08-01 18:07:45.948318+00:00,2.2584875
2025-08-01 18:07:57.248865+00:00,2.2584875
2025-08-01 18:08:10.116526+00:00,2.2584869
2025-08-01 18:08:22.902167+00:00,2.2584872
2025-08-01 18:08:36.262877+00:00,2.2584874
2025-08-01 18:08:49.826380+00:00,2.2584873
2025-08-01 18:09:03.543370+00:00,2.2584868
2025-08-01 18:09:14.532866+00:00,2.2584871
2025-08-01 18:09:26.577092+00:00,2.2584871
2025-08-01 18:09:40.000068+00:00,2.2584873
2025-08-01 18:09:52.591483+00:00,2.2584868
2025-08-01 18:10:06.915104+00:00,2.2584876
2025-08-01 18:10:18.390070+00:00,2.2584871
2025-08-01 18:10:31.598860+00:00,2.258487
2025-08-01 18:10:43.982825+00:00,2.2584872
2025-08-01 18:10:56.674991+00:00,2.2584868
2025-08-01 18:11:09.761451+00:00,2.2584876
2025-08-01 18:11:22.214348+00:00,2.2584872
2025-08-01 18:11:35.508521+00:00,2.2584872
2025-08-01 18:11:48.529234+00:00,2.2584877
2025-08-01 18:12:01.336234+00:00,2.258487
2025-08-01 18:12:14.213933+00:00,2.2584867
2025-08-01 18:12:26.854454+00:00,2.2584873
2025-08-01 18:12:38.563115+00:00,2.2584874
2025-08-01 18:12:51.272367+00:00,2.2584866
2025-08-01 18:13:04.179978+00:00,2.2584871
2025-08-01 18:13:16.995238+00:00,2.2584868
2025-08-01 18:13:30.795091+00:00,2.2584871
2025-08-01 18:13:44.083281+00:00,2.2584868
2025-08-01 18:13:56.366980+00:00,2.2584874
2025-08-01 18:14:08.925992+00:00,2.258487
2025-08-01 18:14:21.878648+00:00,2.2584875
2025-08-01 18:14:36.110183+00:00,2.2584869
2025-08-01 18:14:51.570099+00:00,2.2584871
2025-08-01 18:15:01.632580+00:00,2.2584875
2025-08-01 18:15:15.653303+00:00,2.2584871
2025-08-01 18:15:26.290509+00:00,2.258487
2025-08-01 18:15:40.937982+00:00,2.258487
2025-08-01 18:16:07.701058+00:00,2.2584875
2025-08-01 18:16:18.148560+00:00,2.2584876
2025-08-01 18:16:31.360067+00:00,2.2584873
2025-08-01 18:16:42.989753+00:00,2.2584875
2025-08-01 18:16:57.121992+00:00,2.2584866
2025-08-01 18:17:10.213004+00:00,2.2584871
2025-08-01 18:17:21.588727+00:00,2.2584873
2025-08-01 18:17:38.022418+00:00,2.2584869
2025-08-01 18:17:47.166143+00:00,2.2584867
2025-08-01 18:18:00.591424+00:00,2.2584876
2025-08-01 18:18:12.250420+00:00,2.2584874
2025-08-01 18:18:25.118960+00:00,2.2584873
2025-08-01 18:18:38.264524+00:00,2.2584873
2025-08-01 18:18:50.550989+00:00,2.2584876
2025-08-01 18:19:03.041712+00:00,2.2584877
2025-08-01 18:19:16.148063+00:00,2.2584876
2025-08-01 18:19:28.915723+00:00,2.2584871
2025-08-01 18:19:41.697299+00:00,2.2584873
2025-08-01 18:19:54.167872+00:00,2.2584866
2025-08-01 18:20:07.962425+00:00,2.2584877
2025-08-01 18:20:19.958503+00:00,2.2584875
2025-08-01 18:20:32.595046+00:00,2.2584872
2025-08-01 18:20:45.393547+00:00,2.2584872
2025-08-01 18:20:58.035942+00:00,2.2584872
2025-08-01 18:21:11.674474+00:00,2.2584866
2025-08-01 18:21:23.863425+00:00,2.2584869
2025-08-01 18:21:36.656811+00:00,2.2584871
2025-08-01 18:21:50.978369+00:00,2.2584871
2025-08-01 18:22:02.565167+00:00,2.2584872
2025-08-01 18:22:14.812682+00:00,2.2584873
2025-08-01 18:22:28.799896+00:00,2.2584874
2025-08-01 18:22:40.594917+00:00,2.2584871
2025-08-01 18:22:53.133271+00:00,2.2584872
2025-08-01 18:23:06.548945+00:00,2.2584868
2025-08-01 18:23:18.939146+00:00,2.2584869
2025-08-01 18:23:31.274376+00:00,2.2584869
2025-08-01 18:23:43.924705+00:00,2.258487
2025-08-01 18:23:57.375802+00:00,2.258487
2025-08-01 18:24:10.029744+00:00,2.2584868
2025-08-01 18:24:25.338660+00:00,2.2584875
2025-08-01 18:24:35.531303+00:00,2.2584862
2025-08-01 18:24:48.391075+00:00,2.2584871
2025-08-01 18:25:02.493652+00:00,2.258487
2025-08-01 18:25:15.918287+00:00,2.2584873
2025-08-01 18:25:27.052392+00:00,2.2584868
2025-08-01 18:25:40.473687+00:00,2.2584871
2025-08-01 18:25:52.946859+00:00,2.2584875
2025-08-01 18:26:05.933469+00:00,2.2584877
2025-08-01 18:26:18.409312+00:00,2.2584871
2025-08-01 18:26:31.372242+00:00,2.2584866
2025-08-01 18:26:43.970237+00:00,2.258487
2025-08-01 18:26:56.928452+00:00,2.2584871
2025-08-01 18:27:09.876164+00:00,2.2584875
2025-08-01 18:27:22.638893+00:00,2.2584872
2025-08-01 18:27:35.307043+00:00,2.2584869
2025-08-01 18:27:48.580858+00:00,2.2584869
2025-08-01 18:28:01.629970+00:00,2.2584873
2025-08-01 18:28:13.170000+00:00,2.2584871
2025-08-01 18:28:25.812288+00:00,2.2584876
2025-08-01 18:28:39.371283+00:00,2.2584871
2025-08-01 18:28:51.700341+00:00,2.2584873
2025-08-01 18:29:04.861632+00:00,2.2584871
2025-08-01 18:29:16.770237+00:00,2.2584875
2025-08-01 18:29:29.244745+00:00,2.258487
2025-08-01 18:29:41.519753+00:00,2.2584878
2025-08-01 18:29:54.428078+00:00,2.2584871
2025-08-01 18:30:07.962072+00:00,2.258487
2025-08-01 18:30:20.644158+00:00,2.2584871
2025-08-01 18:30:33.084800+00:00,2.258488
2025-08-01 18:30:45.611695+00:00,2.2584876
2025-08-01 18:30:59.514951+00:00,2.2584868
2025-08-01 18:31:12.176409+00:00,2.2584866
2025-08-01 18:31:24.017359+00:00,2.2584875
2025-08-01 18:31:36.921950+00:00,2.2584878
2025-08-01 18:31:49.340495+00:00,2.2584868
2025-08-01 18:32:02.049785+00:00,2.2584874
2025-08-01 18:32:15.048066+00:00,2.2584872
2025-08-01 18:32:28.297502+00:00,2.2584873
2025-08-01 18:32:40.446247+00:00,2.2584875
2025-08-01 18:32:52.935945+00:00,2.2584871
2025-08-01 18:33:06.340722+00:00,2.2584878
2025-08-01 18:33:18.575109+00:00,2.2584872
2025-08-01 18:33:34.648823+00:00,2.2584874
2025-08-01 18:33:44.397010+00:00,2.2584872
2025-08-01 18:33:57.464765+00:00,2.2584872
2025-08-01 18:34:10.126081+00:00,2.2584869
2025-08-01 18:34:23.255732+00:00,2.2584874
2025-08-01 18:34:35.867866+00:00,2.258487
2025-08-01 18:34:48.804525+00:00,2.2584869
2025-08-01 18:35:01.903454+00:00,2.2584872
2025-08-01 18:35:15.118046+00:00,2.2584878
2025-08-01 18:35:28.155512+00:00,2.2584873
2025-08-01 18:35:40.430948+00:00,2.258487
2025-08-01 18:35:54.323794+00:00,2.2584875
2025-08-01 18:36:09.479289+00:00,2.2584873
2025-08-01 18:36:18.923348+00:00,2.258487
2025-08-01 18:36:32.243429+00:00,2.2584867
2025-08-01 18:36:44.744755+00:00,2.2584875
2025-08-01 18:36:57.371264+00:00,2.2584869
2025-08-01 18:37:11.085891+00:00,2.2584876
2025-08-01 18:37:23.227851+00:00,2.2584864
2025-08-01 18:37:37.350407+00:00,2.2584872
2025-08-01 18:37:48.881473+00:00,2.2584871
2025-08-01 18:38:05.275493+00:00,2.2584868
2025-08-01 18:38:14.207973+00:00,2.2584872
2025-08-01 18:38:26.982092+00:00,2.2584876
2025-08-01 18:38:40.406661+00:00,2.2584871
2025-08-01 18:38:52.100512+00:00,2.2584869
2025-08-01 18:39:05.215181+00:00,2.258487
2025-08-01 18:39:17.609933+00:00,2.2584867
2025-08-01 18:39:31.851652+00:00,2.2584873
2025-08-01 18:39:43.712677+00:00,2.2584877
2025-08-01 18:39:55.632822+00:00,2.2584874
2025-08-01 18:40:08.657735+00:00,2.2584874
2025-08-01 18:40:21.980693+00:00,2.2584874
2025-08-01 18:40:36.760417+00:00,2.258487
2025-08-01 18:40:47.243408+00:00,2.2584868
2025-08-01 18:40:59.563268+00:00,2.2584869
2025-08-01 18:41:13.020351+00:00,2.2584875
2025-08-01 18:41:26.238039+00:00,2.2584869
2025-08-01 18:41:38.321863+00:00,2.2584876
2025-08-01 18:41:51.305619+00:00,2.2584877
2025-08-01 18:42:05.846268+00:00,2.2584867
2025-08-01 18:42:17.353643+00:00,2.2584869
2025-08-01 18:42:32.816904+00:00,2.2584871
2025-08-01 18:42:42.566003+00:00,2.2584873
2025-08-01 18:42:55.355066+00:00,2.2584873
2025-08-01 18:43:08.466948+00:00,2.2584869
2025-08-01 18:43:20.888272+00:00,2.2584877
2025-08-01 18:43:34.072696+00:00,2.2584876
2025-08-01 18:43:46.831426+00:00,2.2584871
2025-08-01 18:43:59.755036+00:00,2.2584865
2025-08-01 18:44:11.954371+00:00,2.258487
2025-08-01 18:44:24.970115+00:00,2.2584876
2025-08-01 18:44:37.580193+00:00,2.2584872
2025-08-01 18:44:51.393690+00:00,2.2584868
2025-08-01 18:45:04.141653+00:00,2.2584874
2025-08-01 18:45:16.388063+00:00,2.258487
2025-08-01 18:45:29.739564+00:00,2.258487
2025-08-01 18:45:42.524828+00:00,2.2584873
2025-08-01 18:45:55.624529+00:00,2.2584873
2025-08-01 18:46:10.262580+00:00,2.2584875
2025-08-01 18:46:23.696163+00:00,2.2584871
2025-08-01 18:46:34.165181+00:00,2.2584869
2025-08-01 18:46:49.014262+00:00,2.2584867
2025-08-01 18:47:01.070255+00:00,2.2584876
2025-08-01 18:47:12.856592+00:00,2.2584876
2025-08-01 18:47:25.989348+00:00,2.2584873
2025-08-01 18:47:38.378557+00:00,2.258487
2025-08-01 18:47:53.605458+00:00,2.2584869
2025-08-01 18:48:04.021578+00:00,2.2584865
2025-08-01 18:48:16.925869+00:00,2.2584872
2025-08-01 18:48:34.320460+00:00,2.258487
2025-08-01 18:48:41.983224+00:00,2.2584867
2025-08-01 18:48:54.816345+00:00,2.2584867
2025-08-01 18:49:07.607733+00:00,2.2584866
2025-08-01 18:49:19.862416+00:00,2.2584873
2025-08-01 18:49:32.847412+00:00,2.2584872
2025-08-01 18:49:46.797386+00:00,2.2584868
2025-08-01 18:49:57.729876+00:00,2.2584874
2025-08-01 18:50:10.609380+00:00,2.2584875
2025-08-01 18:50:24.415305+00:00,2.2584873
2025-08-01 18:50:35.592305+00:00,2.2584874
2025-08-01 18:50:48.139060+00:00,2.2584872
2025-08-01 18:51:01.671645+00:00,2.2584876
2025-08-01 18:51:13.230354+00:00,2.2584873
2025-08-01 18:51:26.066960+00:00,2.2584874
2025-08-01 18:51:38.459052+00:00,2.2584869
2025-08-01 18:51:51.508295+00:00,2.2584871
2025-08-01 18:52:04.369819+00:00,2.2584866
2025-08-01 18:52:17.062825+00:00,2.2584877
2025-08-01 18:52:29.696537+00:00,2.2584876
2025-08-01 18:52:42.739962+00:00,2.2584876
2025-08-01 18:52:55.507265+00:00,2.2584876
2025-08-01 18:53:11.282526+00:00,2.2584873
2025-08-01 18:53:21.211165+00:00,2.2584872
2025-08-01 18:53:33.977126+00:00,2.2584876
2025-08-01 18:53:46.877796+00:00,2.2584871
2025-08-01 18:53:59.671946+00:00,2.258487
2025-08-01 18:54:12.169587+00:00,2.2584874
2025-08-01 18:54:26.705041+00:00,2.2584874
2025-08-01 18:54:38.008686+00:00,2.2584878
2025-08-01 18:54:50.740967+00:00,2.2584876
2025-08-01 18:55:03.665538+00:00,2.2584875
2025-08-01 18:55:16.898784+00:00,2.2584868
2025-08-01 18:55:30.277132+00:00,2.2584872
2025-08-01 18:55:41.707589+00:00,2.2584869
2025-08-01 18:55:54.555686+00:00,2.2584872
2025-08-01 18:56:07.907477+00:00,2.2584871
2025-08-01 18:56:22.737326+00:00,2.2584871
2025-08-01 18:56:33.237286+00:00,2.258487
2025-08-01 18:56:46.729279+00:00,2.2584876
2025-08-01 18:56:59.156111+00:00,2.2584871
2025-08-01 18:57:11.952786+00:00,2.2584875
2025-08-01 18:57:24.880024+00:00,2.2584873
2025-08-01 18:57:40.345425+00:00,2.2584876
2025-08-01 18:57:51.458666+00:00,2.2584876
2025-08-01 18:58:03.666774+00:00,2.258488
2025-08-01 18:58:18.998944+00:00,2.2584872
2025-08-01 18:58:32.651217+00:00,2.2584875
2025-08-01 18:58:42.343136+00:00,2.2584865
2025-08-01 18:58:55.340897+00:00,2.2584867
2025-08-01 18:59:09.376835+00:00,2.2584871
2025-08-01 18:59:21.364360+00:00,2.2584873
2025-08-01 18:59:34.131897+00:00,2.2584872
2025-08-01 18:59:47.324161+00:00,2.2584877
2025-08-01 18:59:59.731362+00:00,2.2584874
2025-08-01 19:00:14.023114+00:00,2.2584868
2025-08-01 19:00:25.624161+00:00,2.2584868
2025-08-01 19:00:38.186958+00:00,2.2584875
2025-08-01 19:00:51.690048+00:00,2.2584871
2025-08-01 19:01:03.839877+00:00,2.2584871
2025-08-01 19:01:16.014906+00:00,2.2584867
2025-08-01 19:01:36.437568+00:00,2.2584874
2025-08-01 19:01:41.649471+00:00,2.2584867
2025-08-01 19:01:53.929890+00:00,2.2584877
2025-08-01 19:02:09.580263+00:00,2.2584872
2025-08-01 19:02:19.623400+00:00,2.2584875
2025-08-01 19:02:33.270778+00:00,2.2584871
2025-08-01 19:02:46.462100+00:00,2.2584871
2025-08-01 19:02:58.775096+00:00,2.2584873
2025-08-01 19:03:14.607727+00:00,2.2584874
2025-08-01 19:03:23.635571+00:00,2.2584871
2025-08-01 19:03:36.767487+00:00,2.2584872
2025-08-01 19:03:50.292858+00:00,2.2584872
2025-08-01 19:04:02.168591+00:00,2.2584877
2025-08-01 19:04:14.635817+00:00,2.2584869
2025-08-01 19:04:27.334672+00:00,2.2584869
2025-08-01 19:04:41.696160+00:00,2.2584873
2025-08-01 19:04:52.859566+00:00,2.2584876
2025-08-01 19:05:05.926224+00:00,2.2584875
2025-08-01 19:05:18.303256+00:00,2.2584873
2025-08-01 19:05:31.393921+00:00,2.2584876
2025-08-01 19:05:44.331103+00:00,2.2584872
2025-08-01 19:05:57.390453+00:00,2.2584869
2025-08-01 19:06:10.831957+00:00,2.2584875
2025-08-01 19:06:23.483136+00:00,2.2584867
2025-08-01 19:06:36.331405+00:00,2.2584865
2025-08-01 19:06:51.977045+00:00,2.2584868
2025-08-01 19:07:02.480020+00:00,2.258487
2025-08-01 19:07:15.012183+00:00,2.2584872
2025-08-01 19:07:30.995687+00:00,2.2584871
2025-08-01 19:07:40.625893+00:00,2.2584877
2025-08-01 19:07:53.432409+00:00,2.2584876
2025-08-01 19:08:07.017365+00:00,2.2584873
2025-08-01 19:08:19.280503+00:00,2.2584872
2025-08-01 19:08:32.821092+00:00,2.258487
2025-08-01 19:08:45.269861+00:00,2.2584873
2025-08-01 19:09:00.809528+00:00,2.2584872
2025-08-01 19:09:10.995381+00:00,2.2584876
2025-08-01 19:09:23.469435+00:00,2.2584873
2025-08-01 19:09:36.167983+00:00,2.2584871
2025-08-01 19:09:52.503992+00:00,2.2584872
2025-08-01 19:10:01.671597+00:00,2.2584871
2025-08-01 19:10:14.977390+00:00,2.2584872
2025-08-01 19:10:27.064730+00:00,2.258487
2025-08-01 19:10:39.385400+00:00,2.2584872
2025-08-01 19:10:52.650814+00:00,2.2584875
2025-08-01 19:11:05.535386+00:00,2.2584878
2025-08-01 19:11:18.777898+00:00,2.2584876
2025-08-01 19:11:31.341935+00:00,2.2584874
2025-08-01 19:11:43.916942+00:00,2.2584869
2025-08-01 19:11:57.465271+00:00,2.2584873
2025-08-01 19:12:09.528751+00:00,2.2584871
2025-08-01 19:12:22.027867+00:00,2.2584871
2025-08-01 19:12:34.883630+00:00,2.2584873
2025-08-01 19:12:47.843894+00:00,2.2584871
2025-08-01 19:13:03.952909+00:00,2.2584864
2025-08-01 19:13:13.615768+00:00,2.2584868
2025-08-01 19:13:27.231145+00:00,2.2584877
2025-08-01 19:13:38.682282+00:00,2.2584875
2025-08-01 19:13:51.513955+00:00,2.2584875
2025-08-01 19:14:05.503001+00:00,2.2584876
2025-08-01 19:14:16.815221+00:00,2.2584872
2025-08-01 19:14:29.556860+00:00,2.2584876
2025-08-01 19:14:42.197540+00:00,2.258487
2025-08-01 19:14:54.916942+00:00,2.2584872
2025-08-01 19:15:07.936726+00:00,2.2584866
2025-08-01 19:15:20.654046+00:00,2.2584875
2025-08-01 19:15:33.445572+00:00,2.2584877
2025-08-01 19:15:45.895724+00:00,2.2584876
2025-08-01 19:15:58.588064+00:00,2.2584877
2025-08-01 19:16:11.710325+00:00,2.258487
2025-08-01 19:16:24.662347+00:00,2.2584877
2025-08-01 19:16:37.095349+00:00,2.2584872
2025-08-01 19:16:53.050168+00:00,2.2584862
2025-08-01 19:17:07.727192+00:00,2.2584875
2025-08-01 19:17:16.321072+00:00,2.2584876
2025-08-01 19:17:29.386277+00:00,2.2584874
2025-08-01 19:17:48.868696+00:00,2.2584874
2025-08-01 19:17:57.240269+00:00,2.2584875
2025-08-01 19:18:08.122537+00:00,2.2584879
2025-08-01 19:18:20.651961+00:00,2.2584876
2025-08-01 19:18:34.402925+00:00,2.2584874
2025-08-01 19:18:50.314218+00:00,2.2584875
2025-08-01 19:19:00.971437+00:00,2.2584871
2025-08-01 19:19:12.353310+00:00,2.2584875
2025-08-01 19:19:24.983046+00:00,2.2584876
2025-08-01 19:19:37.566554+00:00,2.2584872
2025-08-01 19:19:50.604278+00:00,2.2584877
2025-08-01 19:20:03.718116+00:00,2.2584875
2025-08-01 19:20:18.862383+00:00,2.2584875
2025-08-01 19:20:30.968756+00:00,2.258488
2025-08-01 19:20:41.585996+00:00,2.2584874
2025-08-01 19:20:54.861155+00:00,2.2584875
2025-08-01 19:21:06.976646+00:00,2.2584869
2025-08-01 19:21:20.033768+00:00,2.2584869
2025-08-01 19:21:33.986396+00:00,2.2584873
2025-08-01 19:21:45.474945+00:00,2.2584878
2025-08-01 19:21:58.259828+00:00,2.2584875
2025-08-01 19:22:11.629701+00:00,2.2584867
2025-08-01 19:22:24.030501+00:00,2.258488
2025-08-01 19:22:36.909924+00:00,2.2584878
2025-08-01 19:22:49.620307+00:00,2.2584871
2025-08-01 19:23:03.449821+00:00,2.2584871
2025-08-01 19:23:16.122840+00:00,2.2584874
2025-08-01 19:23:33.193321+00:00,2.2584875
2025-08-01 19:23:43.293701+00:00,2.2584872
2025-08-01 19:23:54.175185+00:00,2.2584875
2025-08-01 19:24:07.501529+00:00,2.2584877
2025-08-01 19:24:19.942670+00:00,2.2584875
2025-08-01 19:24:32.920371+00:00,2.2584876
2025-08-01 19:24:46.410768+00:00,2.2584875
2025-08-01 19:24:58.180662+00:00,2.2584868
2025-08-01 19:25:11.338723+00:00,2.2584879
2025-08-01 19:25:24.194413+00:00,2.2584879
2025-08-01 19:25:38.525719+00:00,2.2584879
2025-08-01 19:25:49.595924+00:00,2.2584871
2025-08-01 19:26:03.260804+00:00,2.2584876
2025-08-01 19:26:16.166389+00:00,2.2584875
2025-08-01 19:26:28.761265+00:00,2.2584873
2025-08-01 19:26:40.921926+00:00,2.2584883
2025-08-01 19:26:53.773501+00:00,2.2584873
2025-08-01 19:27:08.100561+00:00,2.2584877
2025-08-01 19:27:19.852165+00:00,2.2584867
2025-08-01 19:27:33.842079+00:00,2.2584878
2025-08-01 19:27:46.799650+00:00,2.2584874
2025-08-01 19:27:58.570172+00:00,2.2584869
2025-08-01 19:28:12.563447+00:00,2.2584869
2025-08-01 19:28:26.811354+00:00,2.2584869
2025-08-01 19:28:37.925820+00:00,2.2584871
2025-08-01 19:28:50.287306+00:00,2.2584869
2025-08-01 19:29:03.724964+00:00,2.2584871
2025-08-01 19:29:16.441343+00:00,2.2584876
2025-08-01 19:29:28.829095+00:00,2.2584873
2025-08-01 19:29:43.995033+00:00,2.2584873
2025-08-01 19:29:54.465966+00:00,2.2584868
2025-08-01 19:30:07.718838+00:00,2.2584874
2025-08-01 19:30:21.512681+00:00,2.258487
2025-08-01 19:30:33.519318+00:00,2.2584879
2025-08-01 19:30:46.084948+00:00,2.2584868
2025-08-01 19:30:58.983277+00:00,2.2584881
2025-08-01 19:31:11.863850+00:00,2.2584868
2025-08-01 19:31:27.171928+00:00,2.2584876
2025-08-01 19:31:38.043141+00:00,2.2584871
2025-08-01 19:31:49.386685+00:00,2.2584873
2025-08-01 19:32:02.410307+00:00,2.2584871
2025-08-01 19:32:15.346554+00:00,2.2584878
2025-08-01 19:32:27.558569+00:00,2.2584869
2025-08-01 19:32:41.120689+00:00,2.2584877
2025-08-01 19:32:53.630002+00:00,2.2584873
2025-08-01 19:33:06.343205+00:00,2.2584872
2025-08-01 19:33:18.736798+00:00,2.2584865
2025-08-01 19:33:31.481929+00:00,2.2584874
2025-08-01 19:33:44.569485+00:00,2.2584872
2025-08-01 19:33:57.169883+00:00,2.2584878
2025-08-01 19:34:11.390783+00:00,2.2584877
2025-08-01 19:34:23.194948+00:00,2.2584873
2025-08-01 19:34:37.154111+00:00,2.2584874
2025-08-01 19:34:51.186721+00:00,2.2584876
2025-08-01 19:35:01.717512+00:00,2.2584868
2025-08-01 19:35:14.701696+00:00,2.2584869
2025-08-01 19:35:27.405284+00:00,2.2584871
2025-08-01 19:35:40.051521+00:00,2.2584876
2025-08-01 19:35:52.816382+00:00,2.2584875
2025-08-01 19:36:06.054179+00:00,2.2584869
2025-08-01 19:36:18.440960+00:00,2.258487
2025-08-01 19:36:31.107232+00:00,2.2584874
2025-08-01 19:36:43.707842+00:00,2.2584879
2025-08-01 19:36:59.143023+00:00,2.2584877
2025-08-01 19:37:09.144548+00:00,2.2584874
2025-08-01 19:37:22.465618+00:00,2.2584873
2025-08-01 19:37:34.807690+00:00,2.2584872
2025-08-01 19:37:47.992840+00:00,2.2584871
2025-08-01 19:38:02.885944+00:00,2.2584869
2025-08-01 19:38:13.609893+00:00,2.258487
2025-08-01 19:38:26.781430+00:00,2.2584871
2025-08-01 19:38:40.015660+00:00,2.258487
2025-08-01 19:38:52.821136+00:00,2.2584873
2025-08-01 19:39:09.228091+00:00,2.2584874
2025-08-01 19:39:22.261830+00:00,2.258487
2025-08-01 19:39:31.304715+00:00,2.258487
2025-08-01 19:39:44.594946+00:00,2.2584872
2025-08-01 19:39:56.928796+00:00,2.258487
2025-08-01 19:40:10.216195+00:00,2.2584872
2025-08-01 19:40:22.788652+00:00,2.2584871
2025-08-01 19:40:36.669354+00:00,2.2584874
2025-08-01 19:40:48.560023+00:00,2.2584869
2025-08-01 19:41:03.321990+00:00,2.2584876
2025-08-01 19:41:14.110516+00:00,2.2584869
2025-08-01 19:41:27.113133+00:00,2.2584876
2025-08-01 19:41:39.706230+00:00,2.2584877
2025-08-01 19:41:54.397135+00:00,2.2584876
2025-08-01 19:42:06.924873+00:00,2.2584875
2025-08-01 19:42:18.966263+00:00,2.2584873
2025-08-01 19:42:30.024956+00:00,2.258487
2025-08-01 19:42:42.801989+00:00,2.2584877
2025-08-01 19:42:55.218429+00:00,2.2584878
2025-08-01 19:43:12.252022+00:00,2.2584871
2025-08-01 19:43:20.295846+00:00,2.2584874
2025-08-01 19:43:33.229297+00:00,2.2584873
2025-08-01 19:43:45.824662+00:00,2.2584873
2025-08-01 19:43:59.628948+00:00,2.2584869
2025-08-01 19:44:13.089142+00:00,2.2584873
2025-08-01 19:44:23.588735+00:00,2.2584879
2025-08-01 19:44:36.431655+00:00,2.2584877
2025-08-01 19:44:49.604850+00:00,2.2584871
2025-08-01 19:45:04.572313+00:00,2.2584879
2025-08-01 19:45:16.063832+00:00,2.2584874
2025-08-01 19:45:27.948045+00:00,2.258488
2025-08-01 19:45:40.817622+00:00,2.2584873
2025-08-01 19:45:53.365377+00:00,2.2584874
2025-08-01 19:46:06.512262+00:00,2.2584879
2025-08-01 19:46:19.536835+00:00,2.2584874
2025-08-01 19:46:32.437855+00:00,2.258487
2025-08-01 19:46:44.385655+00:00,2.2584875
2025-08-01 19:46:57.069911+00:00,2.2584873
2025-08-01 19:47:10.086580+00:00,2.2584876
2025-08-01 19:47:23.257891+00:00,2.2584876
2025-08-01 19:47:35.639281+00:00,2.2584866
2025-08-01 19:47:48.460417+00:00,2.2584872
2025-08-01 19:48:02.152265+00:00,2.258488
2025-08-01 19:48:13.923365+00:00,2.2584868
2025-08-01 19:48:29.204581+00:00,2.2584871
2025-08-01 19:48:39.874887+00:00,2.258487
2025-08-01 19:48:53.277130+00:00,2.2584877
2025-08-01 19:49:06.325855+00:00,2.2584874
2025-08-01 19:49:18.209855+00:00,2.2584875
2025-08-01 19:49:31.658139+00:00,2.258487
2025-08-01 19:49:44.249967+00:00,2.2584881
2025-08-01 19:49:56.956155+00:00,2.2584868
2025-08-01 19:50:13.539523+00:00,2.2584871
2025-08-01 19:50:25.220396+00:00,2.2584877
2025-08-01 19:50:40.664225+00:00,2.2584882
2025-08-01 19:50:48.776941+00:00,2.258487
2025-08-01 19:51:02.663112+00:00,2.2584874
2025-08-01 19:51:14.404003+00:00,2.2584869
2025-08-01 19:51:27.529855+00:00,2.258487
2025-08-01 19:51:40.289866+00:00,2.2584873
2025-08-01 19:51:53.354845+00:00,2.2584875
2025-08-01 19:52:08.304589+00:00,2.2584876
2025-08-01 19:52:18.871740+00:00,2.2584869
2025-08-01 19:52:32.793799+00:00,2.2584873
2025-08-01 19:52:46.956520+00:00,2.2584877
2025-08-01 19:52:57.320631+00:00,2.2584869
2025-08-01 19:53:11.544226+00:00,2.2584879
2025-08-01 19:53:22.856716+00:00,2.2584877
2025-08-01 19:53:35.160889+00:00,2.2584875
2025-08-01 19:53:48.053053+00:00,2.2584872
2025-08-01 19:54:00.452707+00:00,2.2584878
2025-08-01 19:54:12.923716+00:00,2.2584871
2025-08-01 19:54:26.804410+00:00,2.2584872
2025-08-01 19:54:38.787206+00:00,2.258487
2025-08-01 19:54:52.834864+00:00,2.2584873
2025-08-01 19:55:05.092716+00:00,2.2584872
2025-08-01 19:55:17.896785+00:00,2.2584874
2025-08-01 19:55:33.372733+00:00,2.2584865
2025-08-01 19:55:43.422527+00:00,2.2584877
2025-08-01 19:55:56.892272+00:00,2.2584872
2025-08-01 19:56:08.956329+00:00,2.2584875
2025-08-01 19:56:21.468489+00:00,2.2584871
2025-08-01 19:56:34.392392+00:00,2.2584866
2025-08-01 19:56:47.381715+00:00,2.2584876
2025-08-01 19:57:00.163801+00:00,2.2584872
2025-08-01 19:57:13.949425+00:00,2.2584876
2025-08-01 19:57:25.781544+00:00,2.2584875
2025-08-01 19:57:38.558107+00:00,2.2584869
2025-08-01 19:57:51.219938+00:00,2.2584876
2025-08-01 19:58:03.884825+00:00,2.2584877
2025-08-01 19:58:18.206474+00:00,2.2584876
2025-08-01 19:58:29.503068+00:00,2.2584875
2025-08-01 19:58:42.624770+00:00,2.2584875
2025-08-01 19:58:55.257306+00:00,2.2584872
2025-08-01 19:59:08.045094+00:00,2.258487
2025-08-01 19:59:20.211660+00:00,2.2584874
2025-08-01 19:59:33.151763+00:00,2.2584869
2025-08-01 19:59:48.866795+00:00,2.2584875
2025-08-01 19:59:59.293378+00:00,2.2584871
2025-08-01 20:00:11.814509+00:00,2.2584877
2025-08-01 20:00:24.711685+00:00,2.258487
2025-08-01 20:00:37.337532+00:00,2.2584874
2025-08-01 20:00:50.430372+00:00,2.258487
2025-08-01 20:01:03.591866+00:00,2.2584867
2025-08-01 20:01:17.217360+00:00,2.2584875
2025-08-01 20:01:29.822837+00:00,2.2584867
2025-08-01 20:01:42.313876+00:00,2.2584863
2025-08-01 20:01:55.071318+00:00,2.2584876
2025-08-01 20:02:12.112039+00:00,2.2584872
2025-08-01 20:02:21.392089+00:00,2.2584869
2025-08-01 20:02:33.744167+00:00,2.2584872
2025-08-01 20:02:46.893871+00:00,2.2584879
2025-08-01 20:02:59.882909+00:00,2.2584862
2025-08-01 20:03:12.690849+00:00,2.258487
2025-08-01 20:03:25.810438+00:00,2.2584878
2025-08-01 20:03:38.250883+00:00,2.2584878
2025-08-01 20:03:51.389652+00:00,2.2584879
2025-08-01 20:04:03.994215+00:00,2.258487
2025-08-01 20:04:16.609319+00:00,2.2584876
2025-08-01 20:04:29.758824+00:00,2.258488
2025-08-01 20:04:41.338434+00:00,2.2584872
2025-08-01 20:04:56.442130+00:00,2.2584874
2025-08-01 20:05:06.811596+00:00,2.2584873
2025-08-01 20:05:19.405134+00:00,2.258487
2025-08-01 20:05:32.410295+00:00,2.2584872
2025-08-01 20:05:44.482692+00:00,2.2584872
2025-08-01 20:05:59.866793+00:00,2.2584873
2025-08-01 20:06:10.812796+00:00,2.2584871
2025-08-01 20:06:23.095250+00:00,2.2584867
2025-08-01 20:06:36.304895+00:00,2.2584875
2025-08-01 20:06:48.803337+00:00,2.2584878
2025-08-01 20:07:01.821410+00:00,2.2584872
2025-08-01 20:07:14.359442+00:00,2.2584878
2025-08-01 20:07:29.393046+00:00,2.2584875
2025-08-01 20:07:41.627394+00:00,2.2584869
2025-08-01 20:07:52.858947+00:00,2.2584872
2025-08-01 20:08:06.703657+00:00,2.2584879
2025-08-01 20:08:18.636229+00:00,2.2584875
2025-08-01 20:08:30.817680+00:00,2.2584874
2025-08-01 20:08:44.207992+00:00,2.2584868
2025-08-01 20:08:56.373474+00:00,2.258487
2025-08-01 20:09:12.608712+00:00,2.2584874
2025-08-01 20:09:22.302428+00:00,2.2584876
2025-08-01 20:09:35.115109+00:00,2.2584878
2025-08-01 20:09:47.704925+00:00,2.2584874
2025-08-01 20:10:00.566779+00:00,2.2584872
2025-08-01 20:10:13.951359+00:00,2.2584873
2025-08-01 20:10:26.394772+00:00,2.2584865
2025-08-01 20:10:39.163059+00:00,2.2584879
2025-08-01 20:10:53.333836+00:00,2.2584872
2025-08-01 20:11:06.268017+00:00,2.2584869
2025-08-01 20:11:18.249850+00:00,2.2584876
2025-08-01 20:11:34.464777+00:00,2.2584876
2025-08-01 20:11:43.637656+00:00,2.2584874
2025-08-01 20:11:57.080295+00:00,2.2584874
2025-08-01 20:12:10.039627+00:00,2.2584874
2025-08-01 20:12:22.299775+00:00,2.2584863
2025-08-01 20:12:35.262553+00:00,2.2584873
2025-08-01 20:12:48.320423+00:00,2.2584877
2025-08-01 20:13:00.913255+00:00,2.2584872
2025-08-01 20:13:14.955114+00:00,2.2584875
2025-08-01 20:13:28.564403+00:00,2.2584875
2025-08-01 20:13:38.869351+00:00,2.2584875
2025-08-01 20:13:51.396057+00:00,2.2584875
2025-08-01 20:14:04.197908+00:00,2.2584875
2025-08-01 20:14:20.995436+00:00,2.2584874
2025-08-01 20:14:29.682446+00:00,2.2584875
2025-08-01 20:14:41.770129+00:00,2.258488
2025-08-01 20:14:54.984995+00:00,2.2584871
2025-08-01 20:15:07.698710+00:00,2.2584871
2025-08-01 20:15:25.416524+00:00,2.2584868
2025-08-01 20:15:33.667317+00:00,2.2584878
2025-08-01 20:15:49.731735+00:00,2.2584873
2025-08-01 20:15:59.466126+00:00,2.2584875
2025-08-01 20:16:13.044896+00:00,2.2584869
2025-08-01 20:16:25.789096+00:00,2.2584876
2025-08-01 20:16:37.383172+00:00,2.2584867
2025-08-01 20:16:49.906935+00:00,2.2584874
2025-08-01 20:17:02.856879+00:00,2.2584874
2025-08-01 20:17:15.424804+00:00,2.2584875
2025-08-01 20:17:28.213492+00:00,2.2584868
2025-08-01 20:17:40.761886+00:00,2.2584878
2025-08-01 20:17:53.475955+00:00,2.2584868
2025-08-01 20:18:06.815002+00:00,2.2584876
2025-08-01 20:18:20.519050+00:00,2.2584875
2025-08-01 20:18:32.219224+00:00,2.2584858
2025-08-01 20:18:46.137751+00:00,2.2584877
2025-08-01 20:18:57.563416+00:00,2.258487
2025-08-01 20:19:11.558435+00:00,2.258488
2025-08-01 20:19:23.186682+00:00,2.2584872
2025-08-01 20:19:36.002588+00:00,2.258487
2025-08-01 20:19:49.551723+00:00,2.2584872
2025-08-01 20:20:02.143443+00:00,2.2584878
2025-08-01 20:20:15.702385+00:00,2.2584872
2025-08-01 20:20:28.895727+00:00,2.258487
2025-08-01 20:20:41.753575+00:00,2.258487
2025-08-01 20:20:54.092971+00:00,2.2584875
2025-08-01 20:21:08.661499+00:00,2.2584866
2025-08-01 20:21:21.057424+00:00,2.2584879
2025-08-01 20:21:32.960574+00:00,2.2584874
2025-08-01 20:21:45.676643+00:00,2.2584875
2025-08-01 20:21:59.341587+00:00,2.2584872
2025-08-01 20:22:10.643879+00:00,2.2584872
2025-08-01 20:22:25.424179+00:00,2.2584868
2025-08-01 20:22:38.082978+00:00,2.2584878
2025-08-01 20:22:49.115813+00:00,2.2584872
2025-08-01 20:23:02.590287+00:00,2.2584872
2025-08-01 20:23:15.279692+00:00,2.2584876
2025-08-01 20:23:27.456844+00:00,2.2584883
2025-08-01 20:23:40.212633+00:00,2.2584871
2025-08-01 20:23:52.389461+00:00,2.2584866
2025-08-01 20:24:05.313347+00:00,2.2584882
2025-08-01 20:24:18.642677+00:00,2.2584879
2025-08-01 20:24:30.105982+00:00,2.2584875
2025-08-01 20:24:43.063266+00:00,2.258487
2025-08-01 20:24:55.809109+00:00,2.2584877
2025-08-01 20:25:08.139992+00:00,2.2584864
2025-08-01 20:25:21.395118+00:00,2.258487
2025-08-01 20:25:33.434587+00:00,2.2584875
2025-08-01 20:25:47.727097+00:00,2.2584872
2025-08-01 20:25:59.164007+00:00,2.2584873
2025-08-01 20:26:12.010980+00:00,2.2584877
2025-08-01 20:26:24.749382+00:00,2.2584871
2025-08-01 20:26:37.665493+00:00,2.2584874
2025-08-01 20:26:50.649097+00:00,2.2584874
2025-08-01 20:27:05.474079+00:00,2.258488
2025-08-01 20:27:16.392580+00:00,2.2584877
2025-08-01 20:27:28.372536+00:00,2.2584871
2025-08-01 20:27:42.423531+00:00,2.2584877
2025-08-01 20:27:54.055535+00:00,2.2584876
2025-08-01 20:28:09.544397+00:00,2.2584871
2025-08-01 20:28:19.685142+00:00,2.2584874
2025-08-01 20:28:32.681951+00:00,2.2584868
2025-08-01 20:28:48.298171+00:00,2.2584878
2025-08-01 20:28:58.567439+00:00,2.2584871
2025-08-01 20:29:11.865360+00:00,2.2584875
2025-08-01 20:29:23.295530+00:00,2.2584876
2025-08-01 20:29:36.140504+00:00,2.2584874
2025-08-01 20:29:49.136649+00:00,2.2584873
2025-08-01 20:30:02.018587+00:00,2.2584871
2025-08-01 20:30:14.549312+00:00,2.2584872
2025-08-01 20:30:26.898221+00:00,2.2584875
2025-08-01 20:30:40.103887+00:00,2.2584875
2025-08-01 20:30:53.024177+00:00,2.2584871
2025-08-01 20:31:05.437595+00:00,2.258487
2025-08-01 20:31:18.388031+00:00,2.2584874
2025-08-01 20:31:33.275218+00:00,2.2584869
2025-08-01 20:31:44.276518+00:00,2.2584875
2025-08-01 20:31:58.630657+00:00,2.2584864
2025-08-01 20:32:11.117787+00:00,2.2584864
2025-08-01 20:32:23.916827+00:00,2.2584873
2025-08-01 20:32:37.248854+00:00,2.2584876
2025-08-01 20:32:49.916278+00:00,2.2584865
2025-08-01 20:33:06.318228+00:00,2.2584872
2025-08-01 20:33:15.119715+00:00,2.2584873
2025-08-01 20:33:27.445199+00:00,2.2584871
2025-08-01 20:33:44.059500+00:00,2.2584874
2025-08-01 20:33:54.016928+00:00,2.2584872
2025-08-01 20:34:09.250675+00:00,2.258488
2025-08-01 20:34:19.016002+00:00,2.2584873
2025-08-01 20:34:34.593256+00:00,2.2584864
2025-08-01 20:34:46.740218+00:00,2.2584878
2025-08-01 20:34:57.984248+00:00,2.2584869
2025-08-01 20:35:10.715012+00:00,2.2584872
2025-08-01 20:35:25.023658+00:00,2.2584877
2025-08-01 20:35:37.305118+00:00,2.2584869
2025-08-01 20:35:48.847493+00:00,2.2584873
2025-08-01 20:36:03.924361+00:00,2.2584873
2025-08-01 20:36:13.435217+00:00,2.2584876
2025-08-01 20:36:26.850718+00:00,2.2584872
2025-08-01 20:36:38.255260+00:00,2.2584877
2025-08-01 20:36:51.215011+00:00,2.258487
2025-08-01 20:37:04.543637+00:00,2.2584881
2025-08-01 20:37:18.234983+00:00,2.2584879
2025-08-01 20:37:30.478505+00:00,2.2584873
2025-08-01 20:37:42.633307+00:00,2.258487
2025-08-01 20:37:55.289149+00:00,2.258487
2025-08-01 20:38:08.406398+00:00,2.2584869
2025-08-01 20:38:22.662877+00:00,2.2584867
2025-08-01 20:38:33.947994+00:00,2.2584875
2025-08-01 20:38:47.051137+00:00,2.2584875
2025-08-01 20:39:00.142559+00:00,2.2584865
2025-08-01 20:39:12.417559+00:00,2.2584869
2025-08-01 20:39:24.880461+00:00,2.2584874
2025-08-01 20:39:38.784903+00:00,2.2584871
2025-08-01 20:39:50.544774+00:00,2.2584869
2025-08-01 20:40:03.584557+00:00,2.2584873
2025-08-01 20:40:16.533983+00:00,2.2584867
2025-08-01 20:40:29.195409+00:00,2.2584874
2025-08-01 20:40:41.541688+00:00,2.2584864
2025-08-01 20:40:54.131158+00:00,2.2584879
2025-08-01 20:41:07.098860+00:00,2.2584877
2025-08-01 20:41:19.873550+00:00,2.258487
2025-08-01 20:41:33.473186+00:00,2.2584874
2025-08-01 20:41:45.957123+00:00,2.2584866
2025-08-01 20:41:58.822839+00:00,2.2584874
2025-08-01 20:42:12.062828+00:00,2.2584873
2025-08-01 20:42:25.768580+00:00,2.2584863
2025-08-01 20:42:39.531096+00:00,2.2584869
2025-08-01 20:42:50.844803+00:00,2.2584863
2025-08-01 20:43:04.054812+00:00,2.2584879
2025-08-01 20:43:16.985746+00:00,2.2584873
2025-08-01 20:43:30.569108+00:00,2.2584863
2025-08-01 20:43:44.053336+00:00,2.2584874
2025-08-01 20:43:55.907102+00:00,2.2584871
2025-08-01 20:44:08.801999+00:00,2.2584862
2025-08-01 20:44:21.538792+00:00,2.2584872
2025-08-01 20:44:34.587327+00:00,2.2584867
2025-08-01 20:44:47.909204+00:00,2.2584867
2025-08-01 20:45:01.918681+00:00,2.2584881
2025-08-01 20:45:14.072818+00:00,2.2584873
2025-08-01 20:45:29.126428+00:00,2.2584869
2025-08-01 20:45:39.221706+00:00,2.2584877
2025-08-01 20:45:51.161289+00:00,2.2584873
2025-08-01 20:46:08.371725+00:00,2.2584877
2025-08-01 20:46:18.375943+00:00,2.2584872
2025-08-01 20:46:29.168485+00:00,2.2584876
2025-08-01 20:46:42.034807+00:00,2.2584872
2025-08-01 20:46:54.501305+00:00,2.2584868
2025-08-01 20:47:07.041252+00:00,2.2584881
2025-08-01 20:47:19.844816+00:00,2.2584875
2025-08-01 20:47:33.306530+00:00,2.2584866
2025-08-01 20:47:58.108731+00:00,2.2584871
2025-08-01 20:48:10.931077+00:00,2.2584878
2025-08-01 20:48:23.815446+00:00,2.2584869
2025-08-01 20:48:39.073772+00:00,2.2584862
2025-08-01 20:48:51.383582+00:00,2.2584866
2025-08-01 20:49:02.848290+00:00,2.2584876
2025-08-01 20:49:18.766162+00:00,2.2584874
2025-08-01 20:49:28.588522+00:00,2.2584872
2025-08-01 20:49:41.705907+00:00,2.2584863
2025-08-01 20:49:53.968183+00:00,2.2584881
2025-08-01 20:50:07.127669+00:00,2.2584877
2025-08-01 20:50:19.975524+00:00,2.2584869
2025-08-01 20:50:33.187213+00:00,2.2584866
2025-08-01 20:50:45.654664+00:00,2.2584876
2025-08-01 20:50:59.588068+00:00,2.2584874
2025-08-01 20:51:14.455346+00:00,2.2584865
2025-08-01 20:51:24.186477+00:00,2.2584877
2025-08-01 20:51:36.902677+00:00,2.2584871
2025-08-01 20:51:49.126900+00:00,2.258488
2025-08-01 20:52:05.572637+00:00,2.2584871
2025-08-01 20:52:14.896913+00:00,2.2584869
2025-08-01 20:52:28.320876+00:00,2.2584863
2025-08-01 20:52:40.549958+00:00,2.2584871
2025-08-01 20:52:53.628251+00:00,2.258487
2025-08-01 20:53:07.193813+00:00,2.2584872
2025-08-01 20:53:20.012501+00:00,2.2584864
2025-08-01 20:53:33.802239+00:00,2.2584874
2025-08-01 20:53:46.098403+00:00,2.2584868
2025-08-01 20:53:58.960490+00:00,2.2584864
2025-08-01 20:54:11.485332+00:00,2.2584875
2025-08-01 20:54:25.566748+00:00,2.2584871
2025-08-01 20:54:37.343639+00:00,2.2584875
2025-08-01 20:54:50.179567+00:00,2.2584867
2025-08-01 20:55:03.350763+00:00,2.2584869
2025-08-01 20:55:16.277002+00:00,2.2584863
2025-08-01 20:55:29.306045+00:00,2.2584872
2025-08-01 20:55:42.816903+00:00,2.258487
2025-08-01 20:55:58.058804+00:00,2.258487
2025-08-01 20:56:07.531136+00:00,2.2584874
2025-08-01 20:56:20.056626+00:00,2.2584876
2025-08-01 20:56:32.668250+00:00,2.2584868
2025-08-01 20:56:58.497271+00:00,2.2584872
2025-08-01 20:57:26.001902+00:00,2.2584871
2025-08-01 20:57:36.542021+00:00,2.2584876
2025-08-01 20:57:48.475040+00:00,2.2584865
2025-08-01 20:58:10.291838+00:00,2.2584871
2025-08-01 20:58:14.087296+00:00,2.2584874
2025-08-01 20:58:26.707394+00:00,2.2584875
2025-08-01 20:58:39.325329+00:00,2.258487
2025-08-01 20:58:52.678061+00:00,2.2584866
2025-08-01 20:59:05.388588+00:00,2.2584879
2025-08-01 20:59:19.265664+00:00,2.2584876
2025-08-01 20:59:31.716980+00:00,2.2584871
2025-08-01 20:59:43.847567+00:00,2.2584873
2025-08-01 20:59:57.498482+00:00,2.2584875
2025-08-01 21:00:10.846594+00:00,2.2584872
2025-08-01 21:00:35.815448+00:00,2.2584878
2025-08-01 21:00:49.266587+00:00,2.2584875
2025-08-01 21:01:01.612461+00:00,2.2584882
2025-08-01 21:01:13.451539+00:00,2.2584879
2025-08-01 21:01:26.117479+00:00,2.2584881
2025-08-01 21:01:39.161121+00:00,2.2584877
2025-08-01 21:01:52.037264+00:00,2.2584863
2025-08-01 21:02:05.266591+00:00,2.2584881
2025-08-01 21:02:19.310967+00:00,2.258487
2025-08-01 21:02:43.938383+00:00,2.2584869
2025-08-01 21:02:56.987535+00:00,2.2584873
2025-08-01 21:03:13.381093+00:00,2.2584873
2025-08-01 21:03:24.950530+00:00,2.2584868
2025-08-01 21:03:37.600277+00:00,2.2584876
2025-08-01 21:03:52.036929+00:00,2.2584864
2025-08-01 21:04:02.164720+00:00,2.2584871
2025-08-01 21:04:16.246334+00:00,2.2584873
2025-08-01 21:04:27.905668+00:00,2.2584869
2025-08-01 21:04:40.706724+00:00,2.2584865
2025-08-01 21:04:53.391573+00:00,2.258487
2025-08-01 21:05:07.771394+00:00,2.2584861
2025-08-01 21:05:19.713523+00:00,2.2584879
2025-08-01 21:05:32.750424+00:00,2.258487
2025-08-01 21:05:45.786248+00:00,2.2584866
2025-08-01 21:05:57.721384+00:00,2.258487
2025-08-01 21:06:11.837997+00:00,2.2584873
2025-08-01 21:06:23.686100+00:00,2.2584868
2025-08-01 21:06:36.396385+00:00,2.2584874
2025-08-01 21:06:48.351446+00:00,2.258488
2025-08-01 21:07:02.345295+00:00,2.2584867
2025-08-01 21:07:27.395640+00:00,2.258488
2025-08-01 21:07:38.788454+00:00,2.2584866
2025-08-01 21:07:53.552424+00:00,2.2584867
2025-08-01 21:08:05.308115+00:00,2.2584863
2025-08-01 21:08:17.932107+00:00,2.2584871
2025-08-01 21:08:33.567882+00:00,2.2584873
2025-08-01 21:08:44.421058+00:00,2.2584866
2025-08-01 21:09:09.059724+00:00,2.2584869
2025-08-01 21:09:21.915338+00:00,2.258487
2025-08-01 21:09:34.458340+00:00,2.2584875
2025-08-01 21:09:47.654166+00:00,2.258487
2025-08-01 21:09:59.824153+00:00,2.2584869
2025-08-01 21:10:12.922109+00:00,2.2584863
2025-08-01 21:10:25.702546+00:00,2.2584872
2025-08-01 21:10:38.424231+00:00,2.2584864
2025-08-01 21:10:51.059095+00:00,2.2584868
2025-08-01 21:11:04.062257+00:00,2.2584875
2025-08-01 21:11:29.246329+00:00,2.2584876
2025-08-01 21:11:42.195770+00:00,2.2584874
2025-08-01 21:11:58.179950+00:00,2.2584863
2025-08-01 21:12:10.213212+00:00,2.2584863
2025-08-01 21:12:21.158237+00:00,2.2584882
2025-08-01 21:12:36.770498+00:00,2.2584862
2025-08-01 21:12:47.117178+00:00,2.2584876
2025-08-01 21:12:59.763180+00:00,2.2584863
2025-08-01 21:13:12.719600+00:00,2.258487
2025-08-01 21:13:39.352488+00:00,2.2584862
2025-08-01 21:13:51.625098+00:00,2.2584864
2025-08-01 21:14:04.632306+00:00,2.258487
2025-08-01 21:14:44.097019+00:00,2.2584871
2025-08-01 21:15:23.720201+00:00,2.2584865
2025-08-01 21:15:36.263054+00:00,2.2584862
2025-08-01 21:16:13.254848+00:00,2.2584874
2025-08-01 21:16:27.425024+00:00,2.2584875
2025-08-01 21:17:16.817799+00:00,2.2584866
2025-08-01 21:17:30.334697+00:00,2.258486
2025-08-01 21:17:54.426314+00:00,2.2584861
2025-08-01 21:18:07.647504+00:00,2.2584874
2025-08-01 21:18:20.338613+00:00,2.2584866
2025-08-01 21:18:33.159777+00:00,2.2584862
2025-08-01 21:18:52.026198+00:00,2.2584874
2025-08-01 21:18:58.152631+00:00,2.2584873
2025-08-01 21:19:36.638941+00:00,2.2584868
2025-08-01 21:20:28.727118+00:00,2.2584859
2025-08-01 21:20:54.326933+00:00,2.258487
2025-08-01 21:21:07.211945+00:00,2.2584858
2025-08-01 21:21:18.855388+00:00,2.2584876
2025-08-01 21:21:31.871052+00:00,2.258487
2025-08-01 21:22:09.952802+00:00,2.2584871
2025-08-01 21:22:51.457181+00:00,2.2584871
2025-08-01 21:23:13.656646+00:00,2.2584875
2025-08-01 21:23:39.522206+00:00,2.2584878
2025-08-01 21:23:53.082376+00:00,2.2584874
2025-08-01 21:24:05.491650+00:00,2.2584865
2025-08-01 21:24:18.754940+00:00,2.2584863
2025-08-01 21:24:31.411849+00:00,2.258486
2025-08-01 21:24:44.190532+00:00,2.2584884
2025-08-01 21:25:03.560734+00:00,2.2584868
2025-08-01 21:25:10.384369+00:00,2.258487
2025-08-01 21:25:50.194977+00:00,2.2584877
2025-08-01 21:26:14.753160+00:00,2.2584869
2025-08-01 21:26:27.426090+00:00,2.2584866
2025-08-01 21:26:40.364703+00:00,2.2584872
2025-08-01 21:27:31.829412+00:00,2.2584869
2025-08-01 21:29:00.209381+00:00,2.2584879
2025-08-01 21:29:12.997718+00:00,2.258486
2025-08-01 21:29:26.879989+00:00,2.2584864
2025-08-01 21:29:38.467756+00:00,2.258486
2025-08-01 21:30:05.223149+00:00,2.2584873
2025-08-01 21:30:42.847594+00:00,2.2584868
2025-08-01 21:31:11.928637+00:00,2.2584864
2025-08-01 21:31:34.229348+00:00,2.2584872
2025-08-01 21:32:00.735587+00:00,2.2584877
2025-08-01 21:32:12.679545+00:00,2.2584869
2025-08-01 21:32:51.781200+00:00,2.2584874
2025-08-01 21:33:04.201039+00:00,2.2584865
2025-08-01 21:34:20.973012+00:00,2.2584858
2025-08-01 21:35:27.387783+00:00,2.2584862
2025-08-01 21:35:40.598409+00:00,2.2584878
2025-08-01 21:35:52.201959+00:00,2.2584861
2025-08-01 21:36:43.034158+00:00,2.2584863
2025-08-01 21:37:35.798307+00:00,2.2584859
2025-08-01 21:37:52.235321+00:00,2.2584877
2025-08-01 21:39:29.195591+00:00,2.2584883
2025-08-01 21:40:46.633701+00:00,2.2584866
2025-08-01 21:40:59.048441+00:00,2.2584877
2025-08-01 21:42:04.149102+00:00,2.2584859
2025-08-01 21:43:51.465005+00:00,2.2584871
2025-08-01 21:46:59.219355+00:00,2.2584861
2025-08-01 21:47:51.051398+00:00,2.258487
2025-08-01 21:51:15.274659+00:00,2.2584861
2025-08-01 21:52:32.537148+00:00,2.258486
2025-08-01 21:57:01.616549+00:00,2.2584879
2025-08-01 22:07:03.368735+00:00,2.2584876
