time,counts_ratio
2025-08-05 00:00:06.757350+00:00,2.2584883
2025-08-05 00:00:18.941835+00:00,2.2584877
2025-08-05 00:00:31.542762+00:00,2.258488
2025-08-05 00:00:45.281390+00:00,2.258487
2025-08-05 00:00:56.774360+00:00,2.2584879
2025-08-05 00:01:10.120158+00:00,2.2584881
2025-08-05 00:01:22.244833+00:00,2.258488
2025-08-05 00:01:35.337439+00:00,2.2584881
2025-08-05 00:01:47.643436+00:00,2.258488
2025-08-05 00:02:01.143250+00:00,2.2584876
2025-08-05 00:02:13.116150+00:00,2.2584881
2025-08-05 00:02:26.211522+00:00,2.2584877
2025-08-05 00:02:39.001355+00:00,2.2584881
2025-08-05 00:02:52.476565+00:00,2.2584881
2025-08-05 00:03:05.139049+00:00,2.2584866
2025-08-05 00:03:18.093394+00:00,2.2584875
2025-08-05 00:03:30.710289+00:00,2.2584877
2025-08-05 00:03:44.042356+00:00,2.2584878
2025-08-05 00:03:56.297781+00:00,2.2584878
2025-08-05 00:04:09.263123+00:00,2.2584877
2025-08-05 00:04:22.124243+00:00,2.258487
2025-08-05 00:04:34.962483+00:00,2.2584876
2025-08-05 00:04:47.989238+00:00,2.2584877
2025-08-05 00:05:00.447619+00:00,2.258488
2025-08-05 00:05:13.266643+00:00,2.258488
2025-08-05 00:05:26.297778+00:00,2.2584879
2025-08-05 00:05:38.852362+00:00,2.2584878
2025-08-05 00:05:51.686776+00:00,2.2584877
2025-08-05 00:06:04.489959+00:00,2.2584876
2025-08-05 00:06:17.425686+00:00,2.2584869
2025-08-05 00:06:29.936353+00:00,2.2584879
2025-08-05 00:06:43.342181+00:00,2.2584876
2025-08-05 00:06:55.001851+00:00,2.2584882
2025-08-05 00:07:07.769001+00:00,2.2584878
2025-08-05 00:07:20.579852+00:00,2.2584868
2025-08-05 00:07:33.060460+00:00,2.2584874
2025-08-05 00:07:45.721024+00:00,2.2584881
2025-08-05 00:07:58.366004+00:00,2.2584878
2025-08-05 00:08:11.396595+00:00,2.2584881
2025-08-05 00:08:23.459300+00:00,2.2584884
2025-08-05 00:08:37.099192+00:00,2.2584884
2025-08-05 00:08:49.601531+00:00,2.2584879
2025-08-05 00:09:01.933635+00:00,2.2584876
2025-08-05 00:09:14.837267+00:00,2.2584882
2025-08-05 00:09:28.583346+00:00,2.2584873
2025-08-05 00:09:40.364645+00:00,2.2584882
2025-08-05 00:10:06.336304+00:00,2.2584882
2025-08-05 00:10:18.633975+00:00,2.2584881
2025-08-05 00:10:31.044219+00:00,2.2584874
2025-08-05 00:10:43.958541+00:00,2.2584878
2025-08-05 00:10:56.448217+00:00,2.2584874
2025-08-05 00:11:09.173264+00:00,2.258487
2025-08-05 00:11:22.630550+00:00,2.2584878
2025-08-05 00:11:34.424278+00:00,2.2584882
2025-08-05 00:11:47.222163+00:00,2.2584876
2025-08-05 00:12:00.830299+00:00,2.2584881
2025-08-05 00:12:12.636775+00:00,2.2584883
2025-08-05 00:12:25.292232+00:00,2.2584875
2025-08-05 00:12:38.073687+00:00,2.2584873
2025-08-05 00:12:51.458044+00:00,2.258488
2025-08-05 00:13:04.259916+00:00,2.2584879
2025-08-05 00:13:18.344632+00:00,2.2584877
2025-08-05 00:13:31.177770+00:00,2.2584879
2025-08-05 00:13:42.665995+00:00,2.2584874
2025-08-05 00:13:55.761127+00:00,2.2584876
2025-08-05 00:14:09.527189+00:00,2.2584866
2025-08-05 00:14:21.870697+00:00,2.258488
2025-08-05 00:14:34.554527+00:00,2.2584874
2025-08-05 00:14:47.789902+00:00,2.2584877
2025-08-05 00:14:59.970785+00:00,2.2584875
2025-08-05 00:15:12.901463+00:00,2.2584875
2025-08-05 00:15:25.835200+00:00,2.2584875
2025-08-05 00:15:38.648523+00:00,2.2584882
2025-08-05 00:15:51.102317+00:00,2.2584878
2025-08-05 00:16:04.751807+00:00,2.2584873
2025-08-05 00:16:16.580026+00:00,2.2584878
2025-08-05 00:16:29.332099+00:00,2.2584865
2025-08-05 00:16:41.934086+00:00,2.2584872
2025-08-05 00:16:54.571075+00:00,2.2584877
2025-08-05 00:17:07.490906+00:00,2.2584879
2025-08-05 00:17:19.752788+00:00,2.2584875
2025-08-05 00:17:32.442026+00:00,2.2584884
2025-08-05 00:17:45.133509+00:00,2.2584883
2025-08-05 00:17:57.502293+00:00,2.2584884
2025-08-05 00:18:10.412865+00:00,2.2584883
2025-08-05 00:18:22.889235+00:00,2.258488
2025-08-05 00:18:35.728360+00:00,2.2584869
2025-08-05 00:18:49.118590+00:00,2.2584884
2025-08-05 00:19:01.316305+00:00,2.258488
2025-08-05 00:19:13.846223+00:00,2.2584882
2025-08-05 00:19:26.260441+00:00,2.2584875
2025-08-05 00:19:38.680680+00:00,2.258487
2025-08-05 00:19:51.589254+00:00,2.2584883
2025-08-05 00:20:07.981463+00:00,2.2584872
2025-08-05 00:20:17.352052+00:00,2.2584872
2025-08-05 00:20:30.333856+00:00,2.258488
2025-08-05 00:20:42.716819+00:00,2.2584876
2025-08-05 00:20:55.505278+00:00,2.2584878
2025-08-05 00:21:20.740760+00:00,2.2584869
2025-08-05 00:21:33.904141+00:00,2.2584883
2025-08-05 00:21:46.414846+00:00,2.2584879
2025-08-05 00:22:11.957303+00:00,2.258488
2025-08-05 00:22:25.223955+00:00,2.2584876
2025-08-05 00:22:37.234494+00:00,2.2584884
2025-08-05 00:22:50.099336+00:00,2.2584877
2025-08-05 00:23:02.888967+00:00,2.2584882
2025-08-05 00:23:16.434010+00:00,2.2584879
2025-08-05 00:23:29.043856+00:00,2.2584881
2025-08-05 00:23:41.426084+00:00,2.2584881
2025-08-05 00:23:54.393178+00:00,2.258488
2025-08-05 00:24:07.620183+00:00,2.2584877
2025-08-05 00:24:33.091592+00:00,2.2584878
2025-08-05 00:24:46.566394+00:00,2.258488
2025-08-05 00:24:59.124835+00:00,2.2584879
2025-08-05 00:25:11.736465+00:00,2.2584878
2025-08-05 00:25:25.148533+00:00,2.2584874
2025-08-05 00:25:37.245564+00:00,2.2584876
2025-08-05 00:25:50.173190+00:00,2.258488
2025-08-05 00:26:02.929152+00:00,2.2584878
2025-08-05 00:26:15.716122+00:00,2.2584874
2025-08-05 00:26:28.315690+00:00,2.2584882
2025-08-05 00:26:41.336932+00:00,2.2584879
2025-08-05 00:26:54.503446+00:00,2.2584879
2025-08-05 00:27:06.705222+00:00,2.2584874
2025-08-05 00:27:19.265499+00:00,2.2584876
2025-08-05 00:27:32.092487+00:00,2.2584875
2025-08-05 00:27:44.741972+00:00,2.2584872
2025-08-05 00:27:57.421912+00:00,2.2584883
2025-08-05 00:28:22.600356+00:00,2.2584879
2025-08-05 00:28:49.413749+00:00,2.2584878
2025-08-05 00:29:00.141624+00:00,2.2584878
2025-08-05 00:29:13.919459+00:00,2.258488
2025-08-05 00:29:25.361699+00:00,2.258488
2025-08-05 00:29:38.317198+00:00,2.2584875
2025-08-05 00:29:50.713320+00:00,2.2584883
2025-08-05 00:30:03.378072+00:00,2.2584882
2025-08-05 00:30:16.734924+00:00,2.2584882
2025-08-05 00:30:29.078167+00:00,2.258488
2025-08-05 00:30:41.468455+00:00,2.2584872
2025-08-05 00:30:54.089307+00:00,2.2584873
2025-08-05 00:31:07.109972+00:00,2.2584881
2025-08-05 00:31:19.945533+00:00,2.2584875
2025-08-05 00:31:33.094139+00:00,2.2584874
2025-08-05 00:31:45.360730+00:00,2.2584877
2025-08-05 00:31:58.394191+00:00,2.2584882
2025-08-05 00:32:11.084489+00:00,2.2584873
2025-08-05 00:32:24.240680+00:00,2.2584878
2025-08-05 00:32:36.324276+00:00,2.2584879
2025-08-05 00:32:49.140740+00:00,2.2584877
2025-08-05 00:33:01.707584+00:00,2.2584882
2025-08-05 00:33:14.528363+00:00,2.2584875
2025-08-05 00:33:27.480577+00:00,2.2584877
2025-08-05 00:33:40.042313+00:00,2.2584876
2025-08-05 00:33:52.429646+00:00,2.2584873
2025-08-05 00:34:05.222560+00:00,2.2584884
2025-08-05 00:34:19.129134+00:00,2.2584879
2025-08-05 00:34:32.116353+00:00,2.2584874
2025-08-05 00:34:45.571108+00:00,2.2584871
2025-08-05 00:34:57.014349+00:00,2.2584882
2025-08-05 00:35:08.689169+00:00,2.2584879
2025-08-05 00:35:21.586600+00:00,2.2584876
2025-08-05 00:35:34.992032+00:00,2.2584879
2025-08-05 00:35:47.694192+00:00,2.2584877
2025-08-05 00:36:00.436243+00:00,2.2584875
2025-08-05 00:36:12.919666+00:00,2.2584882
2025-08-05 00:36:26.650960+00:00,2.2584867
2025-08-05 00:36:38.978191+00:00,2.2584871
2025-08-05 00:36:51.686698+00:00,2.2584884
2025-08-05 00:37:04.361917+00:00,2.2584875
2025-08-05 00:37:17.035501+00:00,2.2584875
2025-08-05 00:37:29.840806+00:00,2.2584884
2025-08-05 00:37:43.316931+00:00,2.2584878
2025-08-05 00:37:55.674261+00:00,2.258487
2025-08-05 00:38:08.173589+00:00,2.2584875
2025-08-05 00:38:33.773130+00:00,2.2584873
2025-08-05 00:38:46.673653+00:00,2.2584882
2025-08-05 00:38:59.274879+00:00,2.2584871
2025-08-05 00:39:11.923857+00:00,2.2584872
2025-08-05 00:39:24.242921+00:00,2.2584875
2025-08-05 00:39:37.846506+00:00,2.2584872
2025-08-05 00:39:50.025137+00:00,2.2584881
2025-08-05 00:40:14.712363+00:00,2.2584876
2025-08-05 00:40:27.051499+00:00,2.2584882
2025-08-05 00:40:39.949280+00:00,2.2584878
2025-08-05 00:40:52.490639+00:00,2.2584883
2025-08-05 00:41:04.987215+00:00,2.2584875
2025-08-05 00:41:17.830160+00:00,2.2584881
2025-08-05 00:41:30.309818+00:00,2.2584881
2025-08-05 00:41:43.114698+00:00,2.2584877
2025-08-05 00:41:55.547560+00:00,2.2584875
2025-08-05 00:42:08.444034+00:00,2.2584872
2025-08-05 00:42:20.914389+00:00,2.2584884
2025-08-05 00:42:33.480670+00:00,2.2584875
2025-08-05 00:42:46.442017+00:00,2.2584876
2025-08-05 00:42:59.415746+00:00,2.2584882
2025-08-05 00:43:11.934213+00:00,2.258488
2025-08-05 00:43:24.535084+00:00,2.2584882
2025-08-05 00:43:37.271659+00:00,2.2584874
2025-08-05 00:44:03.506882+00:00,2.2584883
2025-08-05 00:44:16.231218+00:00,2.2584872
2025-08-05 00:44:28.128557+00:00,2.2584875
2025-08-05 00:44:41.507897+00:00,2.2584878
2025-08-05 00:44:54.187147+00:00,2.2584869
2025-08-05 00:45:08.566114+00:00,2.2584879
2025-08-05 00:45:18.967305+00:00,2.2584881
2025-08-05 00:45:31.596259+00:00,2.2584879
2025-08-05 00:45:44.235173+00:00,2.258487
2025-08-05 00:45:57.383636+00:00,2.2584879
2025-08-05 00:46:11.270767+00:00,2.2584873
2025-08-05 00:46:22.743133+00:00,2.2584878
2025-08-05 00:46:35.851587+00:00,2.2584865
2025-08-05 00:47:03.802251+00:00,2.2584873
2025-08-05 00:47:14.393217+00:00,2.2584882
2025-08-05 00:47:27.615307+00:00,2.2584871
2025-08-05 00:47:54.193045+00:00,2.2584875
2025-08-05 00:48:06.151068+00:00,2.2584878
2025-08-05 00:48:20.236796+00:00,2.2584882
2025-08-05 00:48:31.906774+00:00,2.2584872
2025-08-05 00:48:45.223558+00:00,2.2584881
2025-08-05 00:48:57.064799+00:00,2.2584875
2025-08-05 00:49:10.005088+00:00,2.2584879
2025-08-05 00:49:24.614684+00:00,2.2584872
2025-08-05 00:49:35.665879+00:00,2.258488
2025-08-05 00:49:48.271200+00:00,2.2584878
2025-08-05 00:50:26.729825+00:00,2.2584878
2025-08-05 00:50:39.749556+00:00,2.2584879
2025-08-05 00:51:04.190378+00:00,2.2584876
2025-08-05 00:51:16.736466+00:00,2.2584873
2025-08-05 00:51:29.602270+00:00,2.2584881
2025-08-05 00:51:41.853543+00:00,2.2584878
2025-08-05 00:51:54.553657+00:00,2.2584883
2025-08-05 00:52:07.462486+00:00,2.2584871
2025-08-05 00:52:20.015516+00:00,2.2584873
2025-08-05 00:52:34.686052+00:00,2.2584879
2025-08-05 00:52:45.253266+00:00,2.2584878
2025-08-05 00:52:57.800819+00:00,2.2584877
2025-08-05 00:53:10.519627+00:00,2.2584877
2025-08-05 00:53:23.117735+00:00,2.2584874
2025-08-05 00:53:35.970268+00:00,2.258488
2025-08-05 00:53:49.277328+00:00,2.2584866
2025-08-05 00:54:01.683636+00:00,2.2584874
2025-08-05 00:54:14.692085+00:00,2.2584881
2025-08-05 00:54:27.140161+00:00,2.2584874
2025-08-05 00:54:39.799896+00:00,2.2584879
2025-08-05 00:54:53.056620+00:00,2.2584881
2025-08-05 00:55:05.481363+00:00,2.2584876
2025-08-05 00:55:18.090784+00:00,2.2584877
2025-08-05 00:55:32.849868+00:00,2.2584876
2025-08-05 00:55:43.744773+00:00,2.2584882
2025-08-05 00:56:08.915342+00:00,2.2584874
2025-08-05 00:56:21.560248+00:00,2.2584882
2025-08-05 00:56:34.600753+00:00,2.2584876
2025-08-05 00:56:49.305730+00:00,2.2584876
2025-08-05 00:57:00.021507+00:00,2.2584884
2025-08-05 00:57:12.885430+00:00,2.2584874
2025-08-05 00:57:25.780593+00:00,2.2584868
2025-08-05 00:57:38.789007+00:00,2.2584876
2025-08-05 00:57:51.608277+00:00,2.258486
2025-08-05 00:58:04.606669+00:00,2.2584883
2025-08-05 00:58:30.405343+00:00,2.2584882
2025-08-05 00:58:43.187663+00:00,2.2584876
2025-08-05 00:58:56.022535+00:00,2.2584878
2025-08-05 00:59:08.689436+00:00,2.2584878
2025-08-05 00:59:21.401352+00:00,2.2584872
2025-08-05 00:59:34.311508+00:00,2.2584863
2025-08-05 00:59:47.460364+00:00,2.2584876
2025-08-05 01:00:00.059384+00:00,2.2584876
2025-08-05 01:00:15.476266+00:00,2.2584881
2025-08-05 01:00:26.665931+00:00,2.2584877
2025-08-05 01:00:40.351258+00:00,2.2584882
2025-08-05 01:00:51.212761+00:00,2.2584867
2025-08-05 01:01:03.732570+00:00,2.2584881
2025-08-05 01:01:30.062444+00:00,2.2584878
2025-08-05 01:01:41.343942+00:00,2.2584882
2025-08-05 01:02:07.337914+00:00,2.2584865
2025-08-05 01:02:19.344151+00:00,2.2584884
2025-08-05 01:02:31.915314+00:00,2.2584868
2025-08-05 01:02:44.375850+00:00,2.2584877
2025-08-05 01:02:57.610692+00:00,2.2584865
2025-08-05 01:03:09.964894+00:00,2.2584874
2025-08-05 01:03:22.382297+00:00,2.2584877
2025-08-05 01:03:36.182373+00:00,2.2584879
2025-08-05 01:03:49.007206+00:00,2.2584878
2025-08-05 01:04:01.132012+00:00,2.2584872
2025-08-05 01:04:13.665226+00:00,2.2584881
2025-08-05 01:04:26.336785+00:00,2.2584877
2025-08-05 01:04:40.412486+00:00,2.2584859
2025-08-05 01:04:52.853596+00:00,2.2584866
2025-08-05 01:05:05.083795+00:00,2.2584867
2025-08-05 01:05:18.870591+00:00,2.2584873
2025-08-05 01:05:30.478906+00:00,2.2584862
2025-08-05 01:05:43.142517+00:00,2.2584877
2025-08-05 01:06:22.975833+00:00,2.2584878
2025-08-05 01:06:46.583785+00:00,2.2584883
2025-08-05 01:06:59.111622+00:00,2.2584879
2025-08-05 01:07:24.362748+00:00,2.258488
2025-08-05 01:07:37.101774+00:00,2.2584875
2025-08-05 01:07:50.027780+00:00,2.2584877
2025-08-05 01:08:03.919619+00:00,2.2584884
2025-08-05 01:08:16.445167+00:00,2.2584876
2025-08-05 01:08:54.196624+00:00,2.258488
2025-08-05 01:09:07.229559+00:00,2.2584874
2025-08-05 01:09:20.090794+00:00,2.2584881
2025-08-05 01:09:33.169156+00:00,2.2584863
2025-08-05 01:09:46.060368+00:00,2.258487
2025-08-05 01:09:58.643863+00:00,2.2584876
2025-08-05 01:10:11.701307+00:00,2.2584879
2025-08-05 01:10:24.293640+00:00,2.2584878
2025-08-05 01:10:37.023866+00:00,2.2584871
2025-08-05 01:10:51.787249+00:00,2.258487
2025-08-05 01:11:02.783813+00:00,2.2584871
2025-08-05 01:11:15.450405+00:00,2.2584876
2025-08-05 01:11:28.083495+00:00,2.2584874
2025-08-05 01:11:40.620314+00:00,2.2584877
2025-08-05 01:11:53.213576+00:00,2.2584882
2025-08-05 01:12:06.577749+00:00,2.2584881
2025-08-05 01:12:19.037565+00:00,2.2584876
2025-08-05 01:12:43.854852+00:00,2.2584874
2025-08-05 01:12:56.361732+00:00,2.2584881
2025-08-05 01:13:23.261895+00:00,2.2584878
2025-08-05 01:13:34.436485+00:00,2.258488
2025-08-05 01:13:47.428827+00:00,2.2584877
2025-08-05 01:13:59.699940+00:00,2.2584876
2025-08-05 01:14:12.639329+00:00,2.2584878
2025-08-05 01:14:25.335807+00:00,2.2584881
2025-08-05 01:14:38.444556+00:00,2.258488
2025-08-05 01:14:50.422364+00:00,2.2584872
2025-08-05 01:15:03.549996+00:00,2.2584869
2025-08-05 01:15:16.061881+00:00,2.2584877
2025-08-05 01:15:29.185720+00:00,2.2584869
2025-08-05 01:15:41.968500+00:00,2.258487
2025-08-05 01:15:54.807256+00:00,2.258487
2025-08-05 01:16:07.733533+00:00,2.2584884
2025-08-05 01:16:20.334188+00:00,2.2584876
2025-08-05 01:16:33.333268+00:00,2.2584877
2025-08-05 01:16:45.631963+00:00,2.2584881
2025-08-05 01:16:59.575010+00:00,2.2584867
2025-08-05 01:17:13.084337+00:00,2.2584875
2025-08-05 01:17:24.364156+00:00,2.2584881
2025-08-05 01:17:36.795221+00:00,2.2584882
2025-08-05 01:17:48.938725+00:00,2.2584879
2025-08-05 01:18:02.958064+00:00,2.2584876
2025-08-05 01:18:15.682529+00:00,2.2584872
2025-08-05 01:18:27.094982+00:00,2.2584877
2025-08-05 01:18:40.048055+00:00,2.2584876
2025-08-05 01:18:53.111333+00:00,2.2584872
2025-08-05 01:19:07.369081+00:00,2.2584876
2025-08-05 01:19:18.370907+00:00,2.2584884
2025-08-05 01:19:31.168511+00:00,2.2584882
2025-08-05 01:19:43.899572+00:00,2.258488
2025-08-05 01:19:57.055237+00:00,2.2584874
2025-08-05 01:20:09.862573+00:00,2.2584874
2025-08-05 01:20:23.127761+00:00,2.2584878
2025-08-05 01:20:35.687009+00:00,2.2584867
2025-08-05 01:20:48.566401+00:00,2.2584882
2025-08-05 01:21:02.109779+00:00,2.2584879
2025-08-05 01:21:16.483556+00:00,2.258488
2025-08-05 01:21:26.678074+00:00,2.2584877
2025-08-05 01:21:39.493989+00:00,2.2584883
2025-08-05 01:21:52.297938+00:00,2.2584877
2025-08-05 01:22:05.300187+00:00,2.2584874
2025-08-05 01:22:18.909341+00:00,2.2584876
2025-08-05 01:22:43.526591+00:00,2.2584876
2025-08-05 01:22:56.378147+00:00,2.2584866
2025-08-05 01:23:09.395408+00:00,2.2584881
2025-08-05 01:23:22.726985+00:00,2.2584877
2025-08-05 01:23:34.113118+00:00,2.2584883
2025-08-05 01:23:59.902350+00:00,2.2584878
2025-08-05 01:24:12.338678+00:00,2.2584879
2025-08-05 01:24:24.481093+00:00,2.2584878
2025-08-05 01:24:49.842255+00:00,2.2584872
2025-08-05 01:25:02.762176+00:00,2.2584877
2025-08-05 01:25:15.404417+00:00,2.2584876
2025-08-05 01:25:28.256322+00:00,2.258488
2025-08-05 01:25:40.947792+00:00,2.2584877
2025-08-05 01:25:54.038438+00:00,2.2584876
2025-08-05 01:26:06.893650+00:00,2.2584875
2025-08-05 01:26:19.673931+00:00,2.2584871
2025-08-05 01:26:33.870178+00:00,2.2584872
2025-08-05 01:26:57.812011+00:00,2.2584877
2025-08-05 01:27:10.360860+00:00,2.2584876
2025-08-05 01:27:22.962908+00:00,2.2584879
2025-08-05 01:27:35.454249+00:00,2.258488
2025-08-05 01:27:48.178792+00:00,2.2584874
2025-08-05 01:28:01.022914+00:00,2.258487
2025-08-05 01:28:13.570189+00:00,2.2584872
2025-08-05 01:28:26.244223+00:00,2.2584873
2025-08-05 01:28:39.059449+00:00,2.258488
2025-08-05 01:28:51.706743+00:00,2.2584867
2025-08-05 01:29:04.309066+00:00,2.2584877
2025-08-05 01:29:17.176549+00:00,2.2584875
2025-08-05 01:29:29.856531+00:00,2.2584874
2025-08-05 01:29:43.008647+00:00,2.2584873
2025-08-05 01:29:56.018199+00:00,2.2584881
2025-08-05 01:30:08.650633+00:00,2.2584865
2025-08-05 01:30:22.690970+00:00,2.2584864
2025-08-05 01:30:34.755559+00:00,2.2584881
2025-08-05 01:31:00.375350+00:00,2.2584878
2025-08-05 01:31:13.338834+00:00,2.2584881
2025-08-05 01:31:26.248754+00:00,2.2584877
2025-08-05 01:31:39.229920+00:00,2.2584875
2025-08-05 01:32:04.707064+00:00,2.2584874
2025-08-05 01:32:17.435147+00:00,2.258488
2025-08-05 01:32:30.443991+00:00,2.2584878
2025-08-05 01:32:42.993503+00:00,2.258488
2025-08-05 01:32:55.868380+00:00,2.258487
2025-08-05 01:33:08.788052+00:00,2.2584873
2025-08-05 01:33:21.381406+00:00,2.2584878
2025-08-05 01:33:34.096934+00:00,2.2584881
2025-08-05 01:33:47.249546+00:00,2.2584867
2025-08-05 01:33:59.619143+00:00,2.2584877
2025-08-05 01:34:12.274240+00:00,2.2584883
2025-08-05 01:34:25.229372+00:00,2.2584883
2025-08-05 01:35:03.923928+00:00,2.2584884
2025-08-05 01:35:14.999720+00:00,2.2584876
2025-08-05 01:35:27.611238+00:00,2.2584878
2025-08-05 01:35:41.114278+00:00,2.258487
2025-08-05 01:35:52.933649+00:00,2.2584875
2025-08-05 01:36:05.898592+00:00,2.2584883
2025-08-05 01:36:18.471069+00:00,2.2584882
2025-08-05 01:36:31.320013+00:00,2.2584881
2025-08-05 01:36:44.022547+00:00,2.2584871
2025-08-05 01:36:57.272058+00:00,2.2584879
2025-08-05 01:37:09.909780+00:00,2.2584879
2025-08-05 01:37:22.578632+00:00,2.2584866
2025-08-05 01:37:47.866806+00:00,2.258488
2025-08-05 01:38:13.206105+00:00,2.258488
2025-08-05 01:38:25.799262+00:00,2.2584884
2025-08-05 01:38:38.691408+00:00,2.2584879
2025-08-05 01:38:51.049011+00:00,2.2584864
2025-08-05 01:39:04.386389+00:00,2.2584877
2025-08-05 01:39:16.308279+00:00,2.2584883
2025-08-05 01:39:29.694879+00:00,2.258487
2025-08-05 01:39:41.783703+00:00,2.2584881
2025-08-05 01:39:54.744793+00:00,2.2584876
2025-08-05 01:40:07.642003+00:00,2.2584883
2025-08-05 01:40:21.339062+00:00,2.2584879
2025-08-05 01:40:33.255585+00:00,2.2584882
2025-08-05 01:40:46.439939+00:00,2.2584874
2025-08-05 01:40:59.338031+00:00,2.2584868
2025-08-05 01:41:12.396578+00:00,2.2584879
2025-08-05 01:41:25.074371+00:00,2.2584876
2025-08-05 01:41:38.103929+00:00,2.2584874
2025-08-05 01:41:50.732507+00:00,2.2584878
2025-08-05 01:42:03.884251+00:00,2.2584871
2025-08-05 01:42:17.545534+00:00,2.2584859
2025-08-05 01:42:29.522656+00:00,2.2584881
2025-08-05 01:42:46.573473+00:00,2.2584883
2025-08-05 01:42:54.661032+00:00,2.2584878
2025-08-05 01:43:07.960687+00:00,2.258488
2025-08-05 01:43:20.273652+00:00,2.2584876
2025-08-05 01:43:33.199542+00:00,2.2584872
2025-08-05 01:43:46.143645+00:00,2.2584871
2025-08-05 01:43:59.538981+00:00,2.2584878
2025-08-05 01:44:24.567158+00:00,2.2584874
2025-08-05 01:44:37.052639+00:00,2.2584867
2025-08-05 01:44:51.349994+00:00,2.2584878
2025-08-05 01:45:02.316385+00:00,2.2584872
2025-08-05 01:45:14.607316+00:00,2.2584868
2025-08-05 01:45:27.300739+00:00,2.2584882
2025-08-05 01:45:40.183370+00:00,2.2584872
2025-08-05 01:46:18.664342+00:00,2.2584867
2025-08-05 01:46:43.299670+00:00,2.2584879
2025-08-05 01:46:55.754433+00:00,2.258488
2025-08-05 01:47:08.664534+00:00,2.2584878
2025-08-05 01:47:21.143101+00:00,2.2584879
2025-08-05 01:47:34.016472+00:00,2.2584878
2025-08-05 01:48:12.880442+00:00,2.2584867
2025-08-05 01:48:37.830523+00:00,2.2584875
2025-08-05 01:48:51.078870+00:00,2.2584872
2025-08-05 01:49:03.454751+00:00,2.2584869
2025-08-05 01:49:41.706688+00:00,2.2584878
2025-08-05 01:49:54.114488+00:00,2.2584879
2025-08-05 01:50:06.766546+00:00,2.2584876
2025-08-05 01:50:19.418307+00:00,2.2584873
2025-08-05 01:50:32.134801+00:00,2.2584875
2025-08-05 01:50:44.832093+00:00,2.2584877
2025-08-05 01:50:57.436128+00:00,2.2584884
2025-08-05 01:51:10.107164+00:00,2.2584881
2025-08-05 01:51:25.277886+00:00,2.2584874
2025-08-05 01:51:35.919334+00:00,2.2584866
2025-08-05 01:51:49.465125+00:00,2.2584877
2025-08-05 01:52:03.465738+00:00,2.2584882
2025-08-05 01:52:14.225193+00:00,2.2584874
2025-08-05 01:52:26.925038+00:00,2.2584871
2025-08-05 01:52:40.209071+00:00,2.2584875
2025-08-05 01:52:52.660143+00:00,2.2584875
2025-08-05 01:53:05.853771+00:00,2.2584877
2025-08-05 01:53:18.605263+00:00,2.2584877
2025-08-05 01:53:31.420078+00:00,2.2584871
2025-08-05 01:53:56.974511+00:00,2.2584881
2025-08-05 01:54:10.154531+00:00,2.258488
2025-08-05 01:54:23.143582+00:00,2.2584879
2025-08-05 01:54:48.921021+00:00,2.258486
2025-08-05 01:55:01.467357+00:00,2.2584883
2025-08-05 01:55:15.176005+00:00,2.2584865
2025-08-05 01:55:26.630449+00:00,2.2584865
2025-08-05 01:55:39.293447+00:00,2.258487
2025-08-05 01:55:52.021731+00:00,2.2584872
2025-08-05 01:56:17.565961+00:00,2.258487
2025-08-05 01:56:55.539202+00:00,2.2584883
2025-08-05 01:57:21.462008+00:00,2.2584875
2025-08-05 01:57:33.281478+00:00,2.258487
2025-08-05 01:57:46.139739+00:00,2.2584863
2025-08-05 01:57:59.120398+00:00,2.2584868
2025-08-05 01:58:11.672946+00:00,2.2584862
2025-08-05 01:58:24.306342+00:00,2.2584871
2025-08-05 01:58:36.845507+00:00,2.2584882
2025-08-05 01:58:49.611178+00:00,2.2584865
2025-08-05 01:59:08.837477+00:00,2.2584869
2025-08-05 01:59:17.832502+00:00,2.2584875
2025-08-05 01:59:29.272702+00:00,2.2584874
2025-08-05 01:59:53.508831+00:00,2.2584868
2025-08-05 02:00:06.266692+00:00,2.2584879
2025-08-05 02:00:32.141325+00:00,2.2584868
2025-08-05 02:00:44.607727+00:00,2.2584878
2025-08-05 02:00:56.759185+00:00,2.258488
2025-08-05 02:01:11.516083+00:00,2.2584879
2025-08-05 02:01:22.508753+00:00,2.2584875
2025-08-05 02:01:35.549463+00:00,2.2584859
2025-08-05 02:01:49.366419+00:00,2.2584872
2025-08-05 02:02:02.365903+00:00,2.258488
2025-08-05 02:02:13.786043+00:00,2.2584883
2025-08-05 02:02:26.638388+00:00,2.2584876
2025-08-05 02:02:39.488157+00:00,2.2584868
2025-08-05 02:02:52.366654+00:00,2.2584867
2025-08-05 02:03:05.440856+00:00,2.2584864
2025-08-05 02:03:18.929621+00:00,2.2584883
2025-08-05 02:03:32.564539+00:00,2.2584869
2025-08-05 02:03:43.911215+00:00,2.2584873
2025-08-05 02:03:57.117469+00:00,2.2584876
2025-08-05 02:04:09.645195+00:00,2.2584874
2025-08-05 02:04:22.219890+00:00,2.2584874
2025-08-05 02:04:47.967186+00:00,2.2584883
2025-08-05 02:05:13.560305+00:00,2.2584875
2025-08-05 02:05:26.144206+00:00,2.2584869
2025-08-05 02:05:39.864746+00:00,2.2584868
2025-08-05 02:05:53.129239+00:00,2.2584879
2025-08-05 02:06:29.866786+00:00,2.2584875
2025-08-05 02:06:43.159260+00:00,2.2584874
2025-08-05 02:07:57.792502+00:00,2.2584872
2025-08-05 02:08:23.016767+00:00,2.2584861
2025-08-05 02:08:35.907006+00:00,2.2584873
2025-08-05 02:08:48.565218+00:00,2.2584881
2025-08-05 02:09:01.299971+00:00,2.2584876
2025-08-05 02:09:39.372757+00:00,2.2584883
2025-08-05 02:10:30.379421+00:00,2.2584858
2025-08-05 02:10:55.577587+00:00,2.2584866
2025-08-05 02:11:20.889683+00:00,2.2584882
2025-08-05 02:11:48.267719+00:00,2.2584882
2025-08-05 02:11:59.437026+00:00,2.2584878
2025-08-05 02:12:25.193818+00:00,2.2584878
2025-08-05 02:12:37.351395+00:00,2.2584878
2025-08-05 02:13:03.458589+00:00,2.2584871
2025-08-05 02:13:15.547435+00:00,2.2584859
2025-08-05 02:13:54.700283+00:00,2.2584878
2025-08-05 02:14:08.898026+00:00,2.2584881
2025-08-05 02:14:20.126240+00:00,2.2584879
2025-08-05 02:14:45.913649+00:00,2.2584877
2025-08-05 02:15:12.823725+00:00,2.2584869
2025-08-05 02:16:02.657730+00:00,2.2584869
2025-08-05 02:16:28.835535+00:00,2.2584868
2025-08-05 02:16:40.673775+00:00,2.2584874
2025-08-05 02:16:53.464586+00:00,2.2584875
2025-08-05 02:17:31.383658+00:00,2.2584879
2025-08-05 02:17:44.247779+00:00,2.2584881
2025-08-05 02:18:21.312023+00:00,2.258488
2025-08-05 02:18:59.520292+00:00,2.2584881
2025-08-05 02:19:11.800776+00:00,2.2584874
2025-08-05 02:19:24.420899+00:00,2.2584878
2025-08-05 02:19:49.919007+00:00,2.2584879
2025-08-05 02:20:02.754599+00:00,2.2584877
2025-08-05 02:20:15.963651+00:00,2.2584872
2025-08-05 02:20:28.518722+00:00,2.2584869
2025-08-05 02:20:41.540015+00:00,2.2584876
2025-08-05 02:22:10.882764+00:00,2.258488
2025-08-05 02:22:35.359342+00:00,2.2584865
2025-08-05 02:23:39.522831+00:00,2.2584868
2025-08-05 02:24:05.582255+00:00,2.2584883
2025-08-05 02:24:44.048053+00:00,2.2584873
2025-08-05 02:24:56.994950+00:00,2.2584868
2025-08-05 02:25:09.731626+00:00,2.2584872
2025-08-05 02:25:22.966965+00:00,2.2584863
2025-08-05 02:25:35.617178+00:00,2.258487
2025-08-05 02:26:01.789327+00:00,2.2584872
2025-08-05 02:26:39.444512+00:00,2.258487
2025-08-05 02:27:43.222831+00:00,2.2584878
2025-08-05 02:29:24.328944+00:00,2.2584876
2025-08-05 02:30:14.993647+00:00,2.2584879
2025-08-05 02:30:27.387005+00:00,2.2584877
2025-08-05 02:31:06.857852+00:00,2.2584881
2025-08-05 02:31:31.272885+00:00,2.258488
2025-08-05 02:31:56.984701+00:00,2.258487
2025-08-05 02:32:35.037549+00:00,2.2584879
2025-08-05 02:33:38.560866+00:00,2.2584879
2025-08-05 02:34:04.189914+00:00,2.2584876
2025-08-05 02:34:16.953792+00:00,2.2584877
2025-08-05 02:34:29.311614+00:00,2.2584874
2025-08-05 02:35:59.467089+00:00,2.2584879
2025-08-05 02:36:51.055031+00:00,2.2584874
2025-08-05 02:37:16.647733+00:00,2.2584876
2025-08-05 02:37:42.108033+00:00,2.2584865
2025-08-05 02:38:20.378983+00:00,2.2584872
2025-08-05 02:38:33.317034+00:00,2.258487
2025-08-05 02:39:49.141655+00:00,2.2584875
2025-08-05 02:40:14.755705+00:00,2.2584875
2025-08-05 02:40:51.929963+00:00,2.2584883
2025-08-05 02:41:04.422097+00:00,2.2584878
2025-08-05 02:41:55.236924+00:00,2.2584872
2025-08-05 02:42:08.671343+00:00,2.2584871
2025-08-05 02:46:10.541342+00:00,2.2584869
2025-08-05 02:46:35.757570+00:00,2.2584872
2025-08-05 02:46:49.374149+00:00,2.2584883
2025-08-05 02:48:08.469760+00:00,2.2584868
2025-08-05 02:49:10.088832+00:00,2.2584872
2025-08-05 02:49:23.568061+00:00,2.2584873
2025-08-05 02:50:01.192963+00:00,2.2584859
2025-08-05 02:50:27.141674+00:00,2.2584866
2025-08-05 02:50:39.228836+00:00,2.2584865
2025-08-05 02:52:20.110799+00:00,2.2584864
2025-08-05 02:53:49.503089+00:00,2.2584874
2025-08-05 02:56:09.631064+00:00,2.2584866
2025-08-05 03:08:18.859191+00:00,2.2584866
2025-08-05 03:09:47.338124+00:00,2.2584875
2025-08-05 03:10:26.518957+00:00,2.2584874
2025-08-05 03:10:51.878396+00:00,2.2584877
2025-08-05 03:13:23.562800+00:00,2.2584877
2025-08-05 03:13:49.467460+00:00,2.2584871
2025-08-05 03:15:06.017052+00:00,2.2584873
2025-08-05 03:19:23.196361+00:00,2.2584867
2025-08-05 03:19:35.673389+00:00,2.2584876
2025-08-05 03:25:19.245057+00:00,2.2584881
2025-08-05 03:31:55.249014+00:00,2.258487
2025-08-05 03:32:46.763215+00:00,2.2584873
2025-08-05 03:33:37.899004+00:00,2.2584868
2025-08-05 04:34:50.354788+00:00,2.2584884
2025-08-05 06:47:42.715542+00:00,2.2584874
2025-08-05 06:47:54.342783+00:00,2.2584872
2025-08-05 06:48:08.126887+00:00,2.2584884
2025-08-05 06:48:19.662149+00:00,2.258488
2025-08-05 06:48:32.294783+00:00,2.2584878
2025-08-05 06:48:44.660415+00:00,2.2584879
2025-08-05 06:48:57.327085+00:00,2.2584878
2025-08-05 06:49:10.524789+00:00,2.2584879
2025-08-05 06:49:22.767008+00:00,2.2584878
2025-08-05 06:49:35.330141+00:00,2.2584874
2025-08-05 06:49:48.207495+00:00,2.258488
2025-08-05 06:50:01.400760+00:00,2.2584876
2025-08-05 06:50:13.600499+00:00,2.2584881
2025-08-05 06:50:26.486232+00:00,2.2584873
2025-08-05 06:50:39.714775+00:00,2.258488
2025-08-05 06:50:52.184974+00:00,2.2584879
2025-08-05 06:51:06.522342+00:00,2.2584879
2025-08-05 06:51:17.865640+00:00,2.2584875
2025-08-05 06:51:31.850821+00:00,2.258488
2025-08-05 06:51:43.174270+00:00,2.2584876
2025-08-05 06:51:56.010456+00:00,2.258488
2025-08-05 06:52:08.704136+00:00,2.2584878
2025-08-05 06:52:21.360272+00:00,2.2584877
2025-08-05 06:52:34.297016+00:00,2.2584883
2025-08-05 06:52:49.109083+00:00,2.2584882
2025-08-05 06:52:59.467305+00:00,2.258488
2025-08-05 06:53:12.239805+00:00,2.258488
2025-08-05 06:53:24.899077+00:00,2.2584879
2025-08-05 06:53:37.649499+00:00,2.2584878
2025-08-05 06:53:50.632249+00:00,2.2584878
2025-08-05 06:54:03.652409+00:00,2.2584877
2025-08-05 06:54:17.648931+00:00,2.2584877
2025-08-05 06:54:29.270753+00:00,2.2584877
2025-08-05 06:54:42.538098+00:00,2.2584879
2025-08-05 06:54:54.649554+00:00,2.2584878
2025-08-05 06:55:07.761233+00:00,2.2584878
2025-08-05 06:55:21.592387+00:00,2.2584874
2025-08-05 06:55:36.883236+00:00,2.2584883
2025-08-05 06:55:46.717228+00:00,2.2584881
2025-08-05 06:55:59.562837+00:00,2.2584875
2025-08-05 06:56:13.010987+00:00,2.2584879
2025-08-05 06:56:25.110389+00:00,2.2584883
2025-08-05 06:56:37.974389+00:00,2.2584877
2025-08-05 06:56:50.842801+00:00,2.258488
2025-08-05 06:57:08.074342+00:00,2.2584875
2025-08-05 06:57:16.520475+00:00,2.2584873
2025-08-05 06:57:31.180406+00:00,2.2584868
2025-08-05 06:57:42.840988+00:00,2.2584876
2025-08-05 06:57:55.058951+00:00,2.2584879
2025-08-05 06:58:20.475498+00:00,2.2584878
2025-08-05 06:58:33.654060+00:00,2.2584873
2025-08-05 06:58:46.077394+00:00,2.2584883
2025-08-05 06:58:58.736054+00:00,2.2584873
2025-08-05 06:59:11.180875+00:00,2.2584883
2025-08-05 06:59:24.564110+00:00,2.2584873
2025-08-05 06:59:36.306694+00:00,2.2584882
2025-08-05 06:59:48.916063+00:00,2.2584879
2025-08-05 07:00:01.712577+00:00,2.2584874
2025-08-05 07:00:14.436926+00:00,2.2584874
2025-08-05 07:00:27.168374+00:00,2.2584882
2025-08-05 07:00:39.842575+00:00,2.258488
2025-08-05 07:00:52.926949+00:00,2.2584877
2025-08-05 07:01:05.372772+00:00,2.2584881
2025-08-05 07:01:18.388457+00:00,2.2584879
2025-08-05 07:01:31.037469+00:00,2.2584877
2025-08-05 07:01:44.878019+00:00,2.2584874
2025-08-05 07:01:56.677565+00:00,2.2584875
2025-08-05 07:02:09.341592+00:00,2.2584876
2025-08-05 07:02:22.117964+00:00,2.2584881
2025-08-05 07:02:34.731690+00:00,2.2584876
2025-08-05 07:02:48.198076+00:00,2.2584876
2025-08-05 07:03:00.743884+00:00,2.258488
2025-08-05 07:03:13.354986+00:00,2.2584877
2025-08-05 07:03:26.274337+00:00,2.2584878
2025-08-05 07:03:39.139852+00:00,2.2584872
2025-08-05 07:03:51.825801+00:00,2.2584881
2025-08-05 07:04:04.935108+00:00,2.2584883
2025-08-05 07:04:17.518486+00:00,2.2584877
2025-08-05 07:04:30.426564+00:00,2.2584879
2025-08-05 07:04:42.831341+00:00,2.2584877
2025-08-05 07:04:57.822000+00:00,2.2584873
2025-08-05 07:05:08.378373+00:00,2.2584879
2025-08-05 07:05:21.467868+00:00,2.2584877
2025-08-05 07:05:34.141013+00:00,2.2584872
2025-08-05 07:05:47.105438+00:00,2.2584882
2025-08-05 07:05:59.442844+00:00,2.2584873
2025-08-05 07:06:12.530413+00:00,2.2584881
2025-08-05 07:06:25.274437+00:00,2.2584879
2025-08-05 07:06:38.098589+00:00,2.2584875
2025-08-05 07:06:51.515416+00:00,2.2584873
2025-08-05 07:07:03.980642+00:00,2.2584879
2025-08-05 07:07:17.088930+00:00,2.2584877
2025-08-05 07:07:29.761468+00:00,2.2584872
2025-08-05 07:07:42.777059+00:00,2.2584881
2025-08-05 07:07:55.829338+00:00,2.2584874
2025-08-05 07:08:09.810556+00:00,2.2584877
2025-08-05 07:08:21.729337+00:00,2.258488
2025-08-05 07:08:34.574827+00:00,2.258488
2025-08-05 07:08:47.810519+00:00,2.2584877
2025-08-05 07:09:01.278511+00:00,2.2584875
2025-08-05 07:09:13.391044+00:00,2.2584874
2025-08-05 07:09:26.237270+00:00,2.2584879
2025-08-05 07:09:39.036673+00:00,2.2584874
2025-08-05 07:09:52.075039+00:00,2.258488
2025-08-05 07:10:06.824753+00:00,2.2584871
2025-08-05 07:10:17.419391+00:00,2.2584881
2025-08-05 07:10:30.243077+00:00,2.2584879
2025-08-05 07:10:42.742541+00:00,2.258488
2025-08-05 07:10:55.818832+00:00,2.2584876
2025-08-05 07:11:10.886431+00:00,2.2584877
2025-08-05 07:11:21.553640+00:00,2.2584874
2025-08-05 07:11:34.001500+00:00,2.2584879
2025-08-05 07:11:47.143076+00:00,2.2584877
2025-08-05 07:11:59.451371+00:00,2.2584881
2025-08-05 07:12:11.723168+00:00,2.2584882
2025-08-05 07:12:24.236740+00:00,2.258488
2025-08-05 07:12:37.150464+00:00,2.2584877
2025-08-05 07:12:49.489424+00:00,2.2584876
2025-08-05 07:13:04.146909+00:00,2.2584882
2025-08-05 07:13:15.021819+00:00,2.2584873
2025-08-05 07:13:28.199680+00:00,2.2584878
2025-08-05 07:13:40.315234+00:00,2.2584876
2025-08-05 07:13:53.179279+00:00,2.2584883
2025-08-05 07:14:07.370082+00:00,2.2584882
2025-08-05 07:14:18.592111+00:00,2.2584872
2025-08-05 07:14:31.330480+00:00,2.2584876
2025-08-05 07:14:43.904905+00:00,2.2584874
2025-08-05 07:14:56.875320+00:00,2.2584879
2025-08-05 07:15:09.636464+00:00,2.2584874
2025-08-05 07:15:24.406187+00:00,2.2584872
2025-08-05 07:15:38.028030+00:00,2.2584882
2025-08-05 07:15:48.524357+00:00,2.2584876
2025-08-05 07:16:02.085215+00:00,2.2584874
2025-08-05 07:16:14.467227+00:00,2.2584874
2025-08-05 07:16:26.973180+00:00,2.258488
2025-08-05 07:16:39.735824+00:00,2.2584879
2025-08-05 07:16:52.254143+00:00,2.2584873
2025-08-05 07:17:05.033962+00:00,2.258488
2025-08-05 07:17:18.280022+00:00,2.2584879
2025-08-05 07:17:30.377327+00:00,2.2584874
2025-08-05 07:17:43.215948+00:00,2.2584877
2025-08-05 07:17:56.085512+00:00,2.2584874
2025-08-05 07:18:11.316799+00:00,2.2584874
2025-08-05 07:18:21.620170+00:00,2.2584871
2025-08-05 07:18:36.097706+00:00,2.2584874
2025-08-05 07:18:47.923369+00:00,2.2584874
2025-08-05 07:18:59.536120+00:00,2.258488
2025-08-05 07:19:12.381105+00:00,2.2584877
2025-08-05 07:19:26.401120+00:00,2.2584874
2025-08-05 07:19:38.535755+00:00,2.2584876
2025-08-05 07:19:52.214674+00:00,2.2584875
2025-08-05 07:20:04.425746+00:00,2.2584873
2025-08-05 07:20:19.369109+00:00,2.2584876
2025-08-05 07:20:30.831194+00:00,2.2584875
2025-08-05 07:20:43.922978+00:00,2.2584879
2025-08-05 07:20:56.664854+00:00,2.2584882
2025-08-05 07:21:09.933653+00:00,2.2584883
2025-08-05 07:21:22.570068+00:00,2.2584881
2025-08-05 07:21:35.237894+00:00,2.2584875
2025-08-05 07:21:48.149578+00:00,2.2584873
2025-08-05 07:22:01.633261+00:00,2.2584877
2025-08-05 07:22:13.734593+00:00,2.2584874
2025-08-05 07:22:26.694855+00:00,2.2584875
2025-08-05 07:22:39.236366+00:00,2.2584878
2025-08-05 07:22:51.954311+00:00,2.2584884
2025-08-05 07:23:05.934595+00:00,2.2584876
2025-08-05 07:23:17.455495+00:00,2.2584872
2025-08-05 07:23:30.381531+00:00,2.258488
2025-08-05 07:23:42.587645+00:00,2.2584877
2025-08-05 07:23:55.272814+00:00,2.2584875
2025-08-05 07:24:08.904853+00:00,2.2584884
2025-08-05 07:24:21.541887+00:00,2.2584879
2025-08-05 07:24:33.247316+00:00,2.2584876
2025-08-05 07:24:45.878336+00:00,2.2584881
2025-08-05 07:24:59.183773+00:00,2.2584865
2025-08-05 07:25:11.511142+00:00,2.258488
2025-08-05 07:25:24.595349+00:00,2.2584881
2025-08-05 07:25:36.996314+00:00,2.2584875
2025-08-05 07:25:49.558586+00:00,2.2584876
2025-08-05 07:26:02.359293+00:00,2.2584878
2025-08-05 07:26:14.857756+00:00,2.2584882
2025-08-05 07:26:27.985213+00:00,2.2584878
2025-08-05 07:26:40.483239+00:00,2.2584874
2025-08-05 07:26:53.686059+00:00,2.2584871
2025-08-05 07:27:06.144872+00:00,2.2584881
2025-08-05 07:27:18.937692+00:00,2.2584873
2025-08-05 07:27:31.724217+00:00,2.2584874
2025-08-05 07:27:46.026938+00:00,2.2584878
2025-08-05 07:27:57.195477+00:00,2.2584873
2025-08-05 07:28:10.680524+00:00,2.2584876
2025-08-05 07:28:23.102437+00:00,2.2584875
2025-08-05 07:28:35.621221+00:00,2.2584882
2025-08-05 07:28:49.189936+00:00,2.2584878
2025-08-05 07:29:01.155524+00:00,2.2584882
2025-08-05 07:29:13.896194+00:00,2.2584882
2025-08-05 07:29:26.701282+00:00,2.2584877
2025-08-05 07:29:39.385926+00:00,2.2584879
2025-08-05 07:29:52.807656+00:00,2.2584877
2025-08-05 07:30:05.212025+00:00,2.2584879
2025-08-05 07:30:18.793714+00:00,2.2584875
2025-08-05 07:30:32.536196+00:00,2.2584877
2025-08-05 07:30:43.593559+00:00,2.2584874
2025-08-05 07:30:56.502101+00:00,2.2584875
2025-08-05 07:31:10.826214+00:00,2.2584874
2025-08-05 07:31:22.842475+00:00,2.2584874
2025-08-05 07:31:35.976389+00:00,2.2584878
2025-08-05 07:31:48.243027+00:00,2.2584872
2025-08-05 07:32:01.067934+00:00,2.2584876
2025-08-05 07:32:14.391438+00:00,2.2584876
2025-08-05 07:32:27.106855+00:00,2.2584876
2025-08-05 07:32:39.824637+00:00,2.2584878
2025-08-05 07:32:52.765917+00:00,2.2584879
2025-08-05 07:33:07.229130+00:00,2.2584873
2025-08-05 07:33:18.862841+00:00,2.258488
2025-08-05 07:33:31.398674+00:00,2.2584877
2025-08-05 07:33:43.964795+00:00,2.2584875
2025-08-05 07:33:56.997980+00:00,2.2584879
2025-08-05 07:34:10.093758+00:00,2.2584872
2025-08-05 07:34:22.631522+00:00,2.2584879
2025-08-05 07:34:35.496199+00:00,2.2584872
2025-08-05 07:34:48.656483+00:00,2.2584873
2025-08-05 07:35:03.296683+00:00,2.2584879
2025-08-05 07:35:14.196961+00:00,2.2584876
2025-08-05 07:35:26.662341+00:00,2.2584871
2025-08-05 07:35:39.246398+00:00,2.2584872
2025-08-05 07:35:52.379423+00:00,2.2584871
2025-08-05 07:36:05.273765+00:00,2.2584879
2025-08-05 07:36:17.003859+00:00,2.2584876
2025-08-05 07:36:30.969677+00:00,2.2584879
2025-08-05 07:36:42.636199+00:00,2.2584878
2025-08-05 07:36:54.883847+00:00,2.2584881
2025-08-05 07:37:08.000926+00:00,2.2584871
2025-08-05 07:37:20.387118+00:00,2.2584873
2025-08-05 07:37:33.218500+00:00,2.2584871
2025-08-05 07:37:45.804352+00:00,2.2584881
2025-08-05 07:37:59.149359+00:00,2.2584877
2025-08-05 07:38:12.867595+00:00,2.2584875
2025-08-05 07:38:24.303963+00:00,2.258488
2025-08-05 07:38:36.718527+00:00,2.2584879
2025-08-05 07:38:49.685257+00:00,2.2584878
2025-08-05 07:39:01.773343+00:00,2.2584878
2025-08-05 07:39:14.688255+00:00,2.2584871
2025-08-05 07:39:27.684836+00:00,2.2584875
2025-08-05 07:39:40.637941+00:00,2.2584859
2025-08-05 07:39:52.476106+00:00,2.2584876
2025-08-05 07:40:07.868197+00:00,2.2584879
2025-08-05 07:40:18.869867+00:00,2.2584877
2025-08-05 07:40:31.388428+00:00,2.2584877
2025-08-05 07:40:44.549732+00:00,2.2584875
2025-08-05 07:40:56.969181+00:00,2.2584871
2025-08-05 07:41:09.937481+00:00,2.2584875
2025-08-05 07:41:22.503185+00:00,2.2584876
2025-08-05 07:41:35.338941+00:00,2.2584876
2025-08-05 07:41:48.253111+00:00,2.2584879
2025-08-05 07:42:00.911101+00:00,2.2584874
2025-08-05 07:42:13.763476+00:00,2.2584881
2025-08-05 07:42:26.413101+00:00,2.2584873
2025-08-05 07:42:39.139389+00:00,2.2584873
2025-08-05 07:42:52.639491+00:00,2.2584879
2025-08-05 07:43:05.099281+00:00,2.2584873
2025-08-05 07:43:17.720905+00:00,2.2584873
2025-08-05 07:43:30.609065+00:00,2.2584875
2025-08-05 07:43:43.119704+00:00,2.2584875
2025-08-05 07:43:56.202020+00:00,2.2584878
2025-08-05 07:44:09.288548+00:00,2.2584876
2025-08-05 07:44:22.036936+00:00,2.2584878
2025-08-05 07:44:35.333562+00:00,2.2584874
2025-08-05 07:44:48.131899+00:00,2.2584879
2025-08-05 07:45:01.059434+00:00,2.2584873
2025-08-05 07:45:15.215330+00:00,2.2584876
2025-08-05 07:45:27.436339+00:00,2.258488
2025-08-05 07:45:40.004453+00:00,2.2584877
2025-08-05 07:45:52.799111+00:00,2.258487
2025-08-05 07:46:06.008543+00:00,2.2584872
2025-08-05 07:46:18.694702+00:00,2.2584874
2025-08-05 07:46:31.790373+00:00,2.2584871
2025-08-05 07:46:44.312044+00:00,2.2584871
2025-08-05 07:46:57.208986+00:00,2.2584874
2025-08-05 07:47:10.072010+00:00,2.2584879
2025-08-05 07:47:22.791862+00:00,2.2584874
2025-08-05 07:47:36.665539+00:00,2.2584873
2025-08-05 07:47:49.273541+00:00,2.2584871
2025-08-05 07:48:01.586939+00:00,2.2584875
2025-08-05 07:48:14.170373+00:00,2.2584878
2025-08-05 07:48:27.059369+00:00,2.2584872
2025-08-05 07:48:40.148498+00:00,2.2584876
2025-08-05 07:48:52.651365+00:00,2.2584876
2025-08-05 07:49:08.345255+00:00,2.2584876
2025-08-05 07:49:18.938381+00:00,2.258488
2025-08-05 07:49:30.375184+00:00,2.2584877
2025-08-05 07:49:43.631108+00:00,2.258488
2025-08-05 07:49:56.828053+00:00,2.2584872
2025-08-05 07:50:08.783334+00:00,2.258488
2025-08-05 07:50:21.606728+00:00,2.2584877
2025-08-05 07:50:34.043344+00:00,2.2584875
2025-08-05 07:50:48.697509+00:00,2.2584879
2025-08-05 07:50:59.261623+00:00,2.2584876
2025-08-05 07:51:12.453930+00:00,2.2584881
2025-08-05 07:51:24.806029+00:00,2.2584871
2025-08-05 07:51:37.614410+00:00,2.2584876
2025-08-05 07:51:50.836017+00:00,2.2584876
2025-08-05 07:52:03.918016+00:00,2.2584876
2025-08-05 07:52:17.569249+00:00,2.2584877
2025-08-05 07:52:29.605407+00:00,2.2584873
2025-08-05 07:52:42.396276+00:00,2.2584872
2025-08-05 07:52:55.447968+00:00,2.2584872
2025-08-05 07:53:08.246514+00:00,2.2584873
2025-08-05 07:53:21.869232+00:00,2.2584871
2025-08-05 07:53:34.215111+00:00,2.2584878
2025-08-05 07:53:46.508814+00:00,2.258487
2025-08-05 07:53:59.266188+00:00,2.2584874
2025-08-05 07:54:12.089139+00:00,2.258488
2025-08-05 07:54:24.815038+00:00,2.2584877
2025-08-05 07:54:37.323792+00:00,2.2584871
2025-08-05 07:54:50.148228+00:00,2.2584875
2025-08-05 07:55:03.432026+00:00,2.2584873
2025-08-05 07:55:16.241350+00:00,2.2584877
2025-08-05 07:55:30.236572+00:00,2.2584873
2025-08-05 07:55:42.297376+00:00,2.2584881
2025-08-05 07:55:55.958733+00:00,2.2584871
2025-08-05 07:56:07.981534+00:00,2.2584873
2025-08-05 07:56:21.792004+00:00,2.2584874
2025-08-05 07:56:33.451474+00:00,2.2584877
2025-08-05 07:56:46.260007+00:00,2.2584874
2025-08-05 07:56:59.148525+00:00,2.2584872
2025-08-05 07:57:11.947942+00:00,2.2584871
2025-08-05 07:57:24.835935+00:00,2.2584876
2025-08-05 07:57:37.779552+00:00,2.2584873
2025-08-05 07:57:50.622658+00:00,2.2584881
2025-08-05 07:58:03.602040+00:00,2.2584874
2025-08-05 07:58:16.512954+00:00,2.2584877
2025-08-05 07:58:29.376283+00:00,2.2584876
2025-08-05 07:58:42.288062+00:00,2.2584871
2025-08-05 07:58:55.045715+00:00,2.2584875
2025-08-05 07:59:08.003494+00:00,2.2584874
2025-08-05 07:59:20.604344+00:00,2.2584874
2025-08-05 07:59:33.386690+00:00,2.2584871
2025-08-05 07:59:46.321094+00:00,2.2584876
2025-08-05 07:59:59.332407+00:00,2.2584869
2025-08-05 08:00:11.375556+00:00,2.2584873
2025-08-05 08:00:25.499918+00:00,2.2584874
2025-08-05 08:00:37.189717+00:00,2.2584871
2025-08-05 08:00:49.301804+00:00,2.2584871
2025-08-05 08:01:01.916266+00:00,2.258488
2025-08-05 08:01:14.976142+00:00,2.2584875
2025-08-05 08:01:27.606212+00:00,2.2584875
2025-08-05 08:01:39.974190+00:00,2.2584868
2025-08-05 08:01:52.586913+00:00,2.2584876
2025-08-05 08:02:05.462254+00:00,2.2584875
2025-08-05 08:02:18.447162+00:00,2.258487
2025-08-05 08:02:31.032954+00:00,2.2584875
2025-08-05 08:02:43.915535+00:00,2.2584877
2025-08-05 08:02:56.982559+00:00,2.2584876
2025-08-05 08:03:09.350262+00:00,2.2584876
2025-08-05 08:03:22.757314+00:00,2.2584872
2025-08-05 08:03:34.935345+00:00,2.2584872
2025-08-05 08:03:48.631410+00:00,2.2584874
2025-08-05 08:04:01.450892+00:00,2.2584875
2025-08-05 08:04:13.956423+00:00,2.2584873
2025-08-05 08:04:26.854531+00:00,2.2584875
2025-08-05 08:04:39.414596+00:00,2.258487
2025-08-05 08:04:52.036307+00:00,2.2584875
2025-08-05 08:05:04.505269+00:00,2.2584875
2025-08-05 08:05:19.004268+00:00,2.258487
2025-08-05 08:05:31.865094+00:00,2.2584879
2025-08-05 08:05:43.208866+00:00,2.2584875
2025-08-05 08:05:55.711435+00:00,2.2584873
2025-08-05 08:06:08.732878+00:00,2.258488
2025-08-05 08:06:21.542007+00:00,2.258487
2025-08-05 08:06:34.985275+00:00,2.258487
2025-08-05 08:06:48.323941+00:00,2.2584878
2025-08-05 08:07:00.470737+00:00,2.2584869
2025-08-05 08:07:13.528549+00:00,2.2584878
2025-08-05 08:07:26.172646+00:00,2.2584874
2025-08-05 08:07:39.108491+00:00,2.258487
2025-08-05 08:07:52.013898+00:00,2.2584872
2025-08-05 08:08:05.140595+00:00,2.2584871
2025-08-05 08:08:17.963820+00:00,2.2584874
2025-08-05 08:08:30.911462+00:00,2.2584875
2025-08-05 08:08:43.711867+00:00,2.2584877
2025-08-05 08:08:56.866227+00:00,2.2584876
2025-08-05 08:09:09.503418+00:00,2.2584875
2025-08-05 08:09:22.266803+00:00,2.2584875
2025-08-05 08:09:34.889780+00:00,2.2584873
2025-08-05 08:09:49.885410+00:00,2.2584875
2025-08-05 08:10:00.493264+00:00,2.2584872
2025-08-05 08:10:13.270678+00:00,2.258487
2025-08-05 08:10:26.461050+00:00,2.2584878
2025-08-05 08:10:38.633227+00:00,2.2584877
2025-08-05 08:10:51.330250+00:00,2.2584876
2025-08-05 08:11:04.425726+00:00,2.2584874
2025-08-05 08:11:16.551244+00:00,2.2584876
2025-08-05 08:11:32.076187+00:00,2.2584871
2025-08-05 08:11:43.890195+00:00,2.2584872
2025-08-05 08:11:54.658190+00:00,2.2584874
2025-08-05 08:12:07.425310+00:00,2.2584873
2025-08-05 08:12:19.914375+00:00,2.2584868
2025-08-05 08:12:32.944203+00:00,2.2584875
2025-08-05 08:12:45.404857+00:00,2.2584878
2025-08-05 08:12:57.826167+00:00,2.2584879
2025-08-05 08:13:10.972649+00:00,2.2584876
2025-08-05 08:13:23.540321+00:00,2.2584879
2025-08-05 08:13:36.572189+00:00,2.2584869
2025-08-05 08:13:49.984708+00:00,2.258487
2025-08-05 08:14:02.023077+00:00,2.2584879
2025-08-05 08:14:17.512753+00:00,2.2584877
2025-08-05 08:14:27.454493+00:00,2.2584875
2025-08-05 08:14:40.531992+00:00,2.258487
2025-08-05 08:14:53.094158+00:00,2.2584869
2025-08-05 08:15:06.078900+00:00,2.2584874
2025-08-05 08:15:19.279442+00:00,2.2584872
2025-08-05 08:15:32.594120+00:00,2.2584875
2025-08-05 08:15:45.639478+00:00,2.258487
2025-08-05 08:15:57.870070+00:00,2.2584871
2025-08-05 08:16:12.506123+00:00,2.2584873
2025-08-05 08:16:25.051460+00:00,2.2584873
2025-08-05 08:16:36.350726+00:00,2.2584875
2025-08-05 08:16:50.291776+00:00,2.258487
2025-08-05 08:17:02.801047+00:00,2.2584868
2025-08-05 08:17:16.075894+00:00,2.258487
2025-08-05 08:17:27.147254+00:00,2.258488
2025-08-05 08:17:40.340171+00:00,2.2584877
2025-08-05 08:17:52.779030+00:00,2.2584875
2025-08-05 08:18:05.658396+00:00,2.2584876
2025-08-05 08:18:18.908181+00:00,2.2584877
2025-08-05 08:18:31.384903+00:00,2.2584871
2025-08-05 08:18:44.172243+00:00,2.2584875
2025-08-05 08:18:56.539908+00:00,2.2584859
2025-08-05 08:19:09.889585+00:00,2.258487
2025-08-05 08:19:22.633518+00:00,2.2584877
2025-08-05 08:19:35.450901+00:00,2.2584874
2025-08-05 08:19:49.088074+00:00,2.2584873
2025-08-05 08:20:01.763422+00:00,2.2584874
2025-08-05 08:20:15.538399+00:00,2.2584876
2025-08-05 08:20:27.965155+00:00,2.2584869
2025-08-05 08:20:40.713274+00:00,2.2584872
2025-08-05 08:20:53.429633+00:00,2.2584875
2025-08-05 08:21:06.603645+00:00,2.2584875
2025-08-05 08:21:19.329874+00:00,2.2584876
2025-08-05 08:21:33.044031+00:00,2.2584874
2025-08-05 08:21:46.926595+00:00,2.2584868
2025-08-05 08:21:58.135511+00:00,2.2584871
2025-08-05 08:22:11.003689+00:00,2.2584868
2025-08-05 08:22:23.978530+00:00,2.2584869
2025-08-05 08:22:36.558352+00:00,2.258487
2025-08-05 08:22:49.395685+00:00,2.2584877
2025-08-05 08:23:05.201372+00:00,2.2584873
2025-08-05 08:23:19.625517+00:00,2.2584871
2025-08-05 08:23:27.979934+00:00,2.258487
2025-08-05 08:23:40.717668+00:00,2.2584877
2025-08-05 08:23:53.525650+00:00,2.2584874
2025-08-05 08:24:06.310583+00:00,2.2584872
2025-08-05 08:24:31.634461+00:00,2.2584877
2025-08-05 08:24:44.146040+00:00,2.2584872
2025-08-05 08:24:56.583457+00:00,2.2584874
2025-08-05 08:25:09.331243+00:00,2.2584871
2025-08-05 08:25:22.263050+00:00,2.2584878
2025-08-05 08:25:35.687455+00:00,2.2584875
2025-08-05 08:25:47.707885+00:00,2.2584879
2025-08-05 08:26:00.462441+00:00,2.2584875
2025-08-05 08:26:13.223509+00:00,2.2584876
2025-08-05 08:26:26.240877+00:00,2.2584877
2025-08-05 08:26:38.818830+00:00,2.2584876
2025-08-05 08:26:51.581435+00:00,2.2584875
2025-08-05 08:27:04.578048+00:00,2.2584877
2025-08-05 08:27:17.335169+00:00,2.2584869
2025-08-05 08:27:29.864497+00:00,2.2584868
2025-08-05 08:27:42.889794+00:00,2.258487
2025-08-05 08:27:55.425524+00:00,2.2584873
2025-08-05 08:28:08.169984+00:00,2.2584874
2025-08-05 08:28:20.856817+00:00,2.2584879
2025-08-05 08:28:33.513259+00:00,2.2584876
2025-08-05 08:28:46.313705+00:00,2.2584874
2025-08-05 08:28:59.089175+00:00,2.2584873
2025-08-05 08:29:12.213103+00:00,2.2584871
2025-08-05 08:29:24.770533+00:00,2.2584873
2025-08-05 08:29:37.442399+00:00,2.2584875
2025-08-05 08:29:50.356809+00:00,2.2584875
2025-08-05 08:30:04.322293+00:00,2.2584873
2025-08-05 08:30:16.197380+00:00,2.2584881
2025-08-05 08:30:28.637860+00:00,2.2584878
2025-08-05 08:30:41.503275+00:00,2.2584877
2025-08-05 08:30:54.372235+00:00,2.2584874
2025-08-05 08:31:07.827914+00:00,2.2584879
2025-08-05 08:31:19.762630+00:00,2.2584873
2025-08-05 08:31:32.421929+00:00,2.2584872
2025-08-05 08:31:45.428759+00:00,2.2584877
2025-08-05 08:31:57.916302+00:00,2.258487
2025-08-05 08:32:11.146023+00:00,2.2584871
2025-08-05 08:32:28.568183+00:00,2.2584875
2025-08-05 08:32:36.982564+00:00,2.2584872
2025-08-05 08:32:49.540038+00:00,2.2584877
2025-08-05 08:33:02.663070+00:00,2.2584874
2025-08-05 08:33:16.647999+00:00,2.2584871
2025-08-05 08:33:29.247791+00:00,2.2584872
2025-08-05 08:33:41.380920+00:00,2.2584876
2025-08-05 08:33:53.898136+00:00,2.2584872
2025-08-05 08:34:06.927901+00:00,2.2584871
2025-08-05 08:34:20.259496+00:00,2.2584868
2025-08-05 08:34:32.663824+00:00,2.2584878
2025-08-05 08:34:46.496374+00:00,2.2584873
2025-08-05 08:34:58.543397+00:00,2.2584871
2025-08-05 08:35:11.474661+00:00,2.2584872
2025-08-05 08:35:24.348009+00:00,2.2584874
2025-08-05 08:35:39.048140+00:00,2.2584874
2025-08-05 08:35:50.195285+00:00,2.2584873
2025-08-05 08:36:03.684987+00:00,2.2584878
2025-08-05 08:36:16.237002+00:00,2.2584876
2025-08-05 08:36:28.535579+00:00,2.2584877
2025-08-05 08:36:41.452674+00:00,2.2584869
2025-08-05 08:36:54.241638+00:00,2.2584874
2025-08-05 08:37:07.311661+00:00,2.2584877
2025-08-05 08:37:20.095986+00:00,2.2584872
2025-08-05 08:37:33.021506+00:00,2.2584876
2025-08-05 08:37:45.811058+00:00,2.2584876
2025-08-05 08:37:58.708736+00:00,2.2584876
2025-08-05 08:38:11.482009+00:00,2.258487
2025-08-05 08:38:24.360145+00:00,2.2584877
2025-08-05 08:38:36.827108+00:00,2.2584877
2025-08-05 08:38:49.392219+00:00,2.258487
2025-08-05 08:39:02.264211+00:00,2.2584879
2025-08-05 08:39:14.675458+00:00,2.2584871
2025-08-05 08:39:27.549108+00:00,2.2584874
2025-08-05 08:39:40.464161+00:00,2.2584876
2025-08-05 08:39:52.900262+00:00,2.2584874
2025-08-05 08:40:06.048504+00:00,2.2584876
2025-08-05 08:40:18.499663+00:00,2.258487
2025-08-05 08:40:31.607480+00:00,2.2584869
2025-08-05 08:40:43.829079+00:00,2.258487
2025-08-05 08:40:56.668890+00:00,2.2584868
2025-08-05 08:41:09.325837+00:00,2.2584872
2025-08-05 08:41:22.180587+00:00,2.2584874
2025-08-05 08:41:35.248236+00:00,2.2584877
2025-08-05 08:41:49.245439+00:00,2.2584871
2025-08-05 08:41:59.978852+00:00,2.2584874
2025-08-05 08:42:12.767708+00:00,2.258488
2025-08-05 08:42:25.263198+00:00,2.2584872
2025-08-05 08:42:38.084477+00:00,2.2584875
2025-08-05 08:42:51.591376+00:00,2.2584871
2025-08-05 08:43:03.661363+00:00,2.2584867
2025-08-05 08:43:18.197531+00:00,2.258487
2025-08-05 08:43:29.401381+00:00,2.2584878
2025-08-05 08:43:42.263089+00:00,2.2584872
2025-08-05 08:43:55.620794+00:00,2.2584877
2025-08-05 08:44:08.756205+00:00,2.2584874
2025-08-05 08:44:21.242308+00:00,2.2584877
2025-08-05 08:44:33.795199+00:00,2.2584869
2025-08-05 08:44:47.112697+00:00,2.2584876
2025-08-05 08:44:59.105856+00:00,2.2584872
2025-08-05 08:45:13.850131+00:00,2.2584875
2025-08-05 08:45:30.342510+00:00,2.258487
2025-08-05 08:45:37.425524+00:00,2.2584876
2025-08-05 08:45:50.000340+00:00,2.2584878
2025-08-05 08:46:03.338498+00:00,2.2584869
2025-08-05 08:46:16.461710+00:00,2.2584874
2025-08-05 08:46:28.972956+00:00,2.2584877
2025-08-05 08:46:41.984353+00:00,2.2584872
2025-08-05 08:46:54.998924+00:00,2.2584879
2025-08-05 08:47:08.073568+00:00,2.2584874
2025-08-05 08:47:20.787518+00:00,2.2584876
2025-08-05 08:47:33.670920+00:00,2.2584869
2025-08-05 08:47:50.205208+00:00,2.2584869
2025-08-05 08:48:00.011961+00:00,2.2584872
2025-08-05 08:48:12.727730+00:00,2.2584877
2025-08-05 08:48:25.342079+00:00,2.2584874
2025-08-05 08:48:38.377708+00:00,2.2584877
2025-08-05 08:48:51.289738+00:00,2.2584873
2025-08-05 08:49:06.693904+00:00,2.258487
2025-08-05 08:49:17.137465+00:00,2.2584873
2025-08-05 08:49:29.842244+00:00,2.2584871
2025-08-05 08:49:42.970017+00:00,2.2584869
2025-08-05 08:49:55.509106+00:00,2.2584874
2025-08-05 08:50:08.627827+00:00,2.2584871
2025-08-05 08:50:21.324733+00:00,2.2584874
2025-08-05 08:50:34.642494+00:00,2.2584872
2025-08-05 08:50:47.126521+00:00,2.2584876
2025-08-05 08:50:59.154506+00:00,2.2584876
2025-08-05 08:51:13.968431+00:00,2.2584874
2025-08-05 08:51:24.637830+00:00,2.2584874
2025-08-05 08:51:38.554150+00:00,2.2584873
2025-08-05 08:51:49.949278+00:00,2.2584875
2025-08-05 08:52:02.922547+00:00,2.2584872
2025-08-05 08:52:15.734025+00:00,2.2584871
2025-08-05 08:52:28.289512+00:00,2.2584877
2025-08-05 08:52:41.645959+00:00,2.2584874
2025-08-05 08:52:54.075354+00:00,2.2584874
2025-08-05 08:53:06.955726+00:00,2.2584878
2025-08-05 08:53:19.538888+00:00,2.2584877
2025-08-05 08:53:32.827649+00:00,2.2584869
2025-08-05 08:53:45.470300+00:00,2.2584878
2025-08-05 08:53:58.505970+00:00,2.2584873
2025-08-05 08:54:11.145449+00:00,2.2584879
2025-08-05 08:54:23.825511+00:00,2.2584872
2025-08-05 08:54:37.132583+00:00,2.2584871
2025-08-05 08:54:49.608011+00:00,2.2584871
2025-08-05 08:55:02.626160+00:00,2.2584875
2025-08-05 08:55:15.060080+00:00,2.2584873
2025-08-05 08:55:27.685908+00:00,2.258487
2025-08-05 08:55:40.666779+00:00,2.258487
2025-08-05 08:55:53.304479+00:00,2.258488
2025-08-05 08:56:06.442174+00:00,2.2584872
2025-08-05 08:56:18.670913+00:00,2.2584877
2025-08-05 08:56:31.584388+00:00,2.2584872
2025-08-05 08:56:44.512671+00:00,2.2584875
2025-08-05 08:56:57.003066+00:00,2.2584875
2025-08-05 08:57:10.225403+00:00,2.258488
2025-08-05 08:57:22.593561+00:00,2.2584875
2025-08-05 08:57:37.876833+00:00,2.2584876
2025-08-05 08:57:49.621474+00:00,2.2584874
2025-08-05 08:58:01.280193+00:00,2.2584869
2025-08-05 08:58:13.916985+00:00,2.2584876
2025-08-05 08:58:26.914529+00:00,2.2584873
2025-08-05 08:58:39.999749+00:00,2.258487
2025-08-05 08:58:52.967125+00:00,2.2584871
2025-08-05 08:59:06.302345+00:00,2.2584871
2025-08-05 08:59:19.183010+00:00,2.2584877
2025-08-05 08:59:34.750145+00:00,2.2584874
2025-08-05 08:59:44.992055+00:00,2.2584873
2025-08-05 08:59:58.016274+00:00,2.258488
2025-08-05 09:00:11.567824+00:00,2.2584867
2025-08-05 09:00:23.552342+00:00,2.2584875
2025-08-05 09:00:37.865323+00:00,2.2584871
2025-08-05 09:00:49.108536+00:00,2.2584872
2025-08-05 09:01:03.735794+00:00,2.2584874
2025-08-05 09:01:15.058978+00:00,2.2584869
2025-08-05 09:01:27.754898+00:00,2.2584872
2025-08-05 09:01:40.543730+00:00,2.258487
2025-08-05 09:01:53.060036+00:00,2.2584874
2025-08-05 09:02:06.332905+00:00,2.2584874
2025-08-05 09:02:18.591918+00:00,2.2584876
2025-08-05 09:02:31.217429+00:00,2.2584878
2025-08-05 09:02:43.514129+00:00,2.2584872
2025-08-05 09:02:56.124150+00:00,2.2584876
2025-08-05 09:03:09.217425+00:00,2.2584869
2025-08-05 09:03:21.664348+00:00,2.2584872
2025-08-05 09:03:34.594392+00:00,2.2584867
2025-08-05 09:03:47.106940+00:00,2.2584875
2025-08-05 09:03:59.753708+00:00,2.2584872
2025-08-05 09:04:12.315089+00:00,2.2584869
2025-08-05 09:04:25.901944+00:00,2.2584876
2025-08-05 09:04:38.659978+00:00,2.2584871
2025-08-05 09:04:51.810359+00:00,2.2584875
2025-08-05 09:05:04.979149+00:00,2.258487
2025-08-05 09:05:17.665760+00:00,2.2584876
2025-08-05 09:05:30.488535+00:00,2.2584878
2025-08-05 09:05:42.912521+00:00,2.2584869
2025-08-05 09:05:55.766828+00:00,2.258488
2025-08-05 09:06:08.496837+00:00,2.2584872
2025-08-05 09:06:20.877357+00:00,2.258487
2025-08-05 09:06:34.031973+00:00,2.2584874
2025-08-05 09:06:46.456971+00:00,2.2584871
2025-08-05 09:06:59.674481+00:00,2.2584873
2025-08-05 09:07:12.060459+00:00,2.2584871
2025-08-05 09:07:24.790830+00:00,2.2584878
2025-08-05 09:07:37.738001+00:00,2.2584874
2025-08-05 09:07:51.182838+00:00,2.2584876
2025-08-05 09:08:03.230837+00:00,2.2584871
2025-08-05 09:08:16.081514+00:00,2.2584869
2025-08-05 09:08:28.628360+00:00,2.2584872
2025-08-05 09:08:42.380174+00:00,2.2584869
2025-08-05 09:08:54.668703+00:00,2.2584867
2025-08-05 09:09:07.571727+00:00,2.258488
2025-08-05 09:09:20.101909+00:00,2.2584876
2025-08-05 09:09:33.179455+00:00,2.2584876
2025-08-05 09:09:47.048021+00:00,2.2584869
2025-08-05 09:09:59.169722+00:00,2.258487
2025-08-05 09:10:12.353260+00:00,2.2584875
2025-08-05 09:10:25.212694+00:00,2.2584875
2025-08-05 09:10:38.177425+00:00,2.2584873
2025-08-05 09:10:50.859374+00:00,2.2584872
2025-08-05 09:11:03.907640+00:00,2.2584869
2025-08-05 09:11:16.707514+00:00,2.2584871
2025-08-05 09:11:29.477563+00:00,2.2584872
2025-08-05 09:11:42.250031+00:00,2.2584876
2025-08-05 09:11:55.342597+00:00,2.2584871
2025-08-05 09:12:08.419951+00:00,2.2584873
2025-08-05 09:12:20.943659+00:00,2.2584874
2025-08-05 09:12:33.984181+00:00,2.2584874
2025-08-05 09:12:46.625791+00:00,2.258487
2025-08-05 09:12:59.641882+00:00,2.2584877
2025-08-05 09:13:12.955475+00:00,2.258487
2025-08-05 09:13:26.241072+00:00,2.2584868
2025-08-05 09:13:37.485626+00:00,2.2584876
2025-08-05 09:13:51.066668+00:00,2.258487
2025-08-05 09:14:04.039961+00:00,2.2584868
2025-08-05 09:14:15.647207+00:00,2.2584875
2025-08-05 09:14:28.166371+00:00,2.2584874
2025-08-05 09:14:41.764631+00:00,2.258487
2025-08-05 09:14:54.088286+00:00,2.2584868
2025-08-05 09:15:07.215774+00:00,2.2584873
2025-08-05 09:15:19.696105+00:00,2.2584877
2025-08-05 09:15:33.372268+00:00,2.2584876
2025-08-05 09:15:44.819328+00:00,2.2584873
2025-08-05 09:15:57.445317+00:00,2.2584873
2025-08-05 09:16:10.344191+00:00,2.258487
2025-08-05 09:16:22.764839+00:00,2.2584876
2025-08-05 09:16:35.570985+00:00,2.2584876
2025-08-05 09:16:48.527786+00:00,2.2584876
2025-08-05 09:17:01.901529+00:00,2.2584871
2025-08-05 09:17:14.470695+00:00,2.2584873
2025-08-05 09:17:26.718564+00:00,2.2584878
2025-08-05 09:17:40.696488+00:00,2.2584874
2025-08-05 09:17:52.510160+00:00,2.2584874
2025-08-05 09:18:05.656754+00:00,2.2584871
2025-08-05 09:18:18.075881+00:00,2.258487
2025-08-05 09:18:30.942404+00:00,2.2584876
2025-08-05 09:18:43.659147+00:00,2.258487
2025-08-05 09:18:56.023000+00:00,2.2584873
2025-08-05 09:19:08.959385+00:00,2.2584879
2025-08-05 09:19:22.113655+00:00,2.2584876
2025-08-05 09:19:34.484889+00:00,2.2584874
2025-08-05 09:19:48.048297+00:00,2.2584869
2025-08-05 09:20:00.246757+00:00,2.2584877
2025-08-05 09:20:13.031283+00:00,2.2584875
2025-08-05 09:20:25.812915+00:00,2.2584872
2025-08-05 09:20:38.801375+00:00,2.258487
2025-08-05 09:20:51.464675+00:00,2.2584873
2025-08-05 09:21:04.129308+00:00,2.2584874
2025-08-05 09:21:17.086631+00:00,2.2584874
2025-08-05 09:21:29.804388+00:00,2.2584868
2025-08-05 09:21:42.589667+00:00,2.2584874
2025-08-05 09:21:55.476359+00:00,2.2584878
2025-08-05 09:22:08.472524+00:00,2.2584875
2025-08-05 09:22:21.994937+00:00,2.2584876
2025-08-05 09:22:34.003817+00:00,2.2584871
2025-08-05 09:22:46.718922+00:00,2.2584871
2025-08-05 09:22:59.828572+00:00,2.2584872
2025-08-05 09:23:12.727031+00:00,2.2584874
2025-08-05 09:23:26.051396+00:00,2.2584873
2025-08-05 09:23:38.044410+00:00,2.2584877
2025-08-05 09:23:50.936731+00:00,2.2584872
2025-08-05 09:24:04.131108+00:00,2.258487
2025-08-05 09:24:18.179095+00:00,2.258487
2025-08-05 09:24:30.564346+00:00,2.2584872
2025-08-05 09:24:43.223754+00:00,2.2584872
2025-08-05 09:24:56.373977+00:00,2.258487
2025-08-05 09:25:08.985401+00:00,2.2584872
2025-08-05 09:25:22.381224+00:00,2.258487
2025-08-05 09:25:35.679967+00:00,2.258487
2025-08-05 09:25:47.946159+00:00,2.2584872
2025-08-05 09:26:00.653944+00:00,2.2584869
2025-08-05 09:26:13.596578+00:00,2.2584874
2025-08-05 09:26:26.649986+00:00,2.2584872
2025-08-05 09:26:40.746261+00:00,2.2584874
2025-08-05 09:26:52.200890+00:00,2.2584868
2025-08-05 09:27:05.193735+00:00,2.2584877
2025-08-05 09:27:18.324307+00:00,2.2584877
2025-08-05 09:27:32.829773+00:00,2.2584875
2025-08-05 09:27:43.772742+00:00,2.258487
2025-08-05 09:27:56.379807+00:00,2.2584878
2025-08-05 09:28:09.219961+00:00,2.2584875
2025-08-05 09:28:21.463549+00:00,2.2584872
2025-08-05 09:28:34.112935+00:00,2.2584875
2025-08-05 09:28:47.226554+00:00,2.258487
2025-08-05 09:28:59.537355+00:00,2.2584869
2025-08-05 09:29:12.438784+00:00,2.2584876
2025-08-05 09:29:25.248560+00:00,2.2584878
2025-08-05 09:29:38.196853+00:00,2.2584873
2025-08-05 09:29:51.162546+00:00,2.258487
2025-08-05 09:30:04.664987+00:00,2.2584872
2025-08-05 09:30:17.827885+00:00,2.258487
2025-08-05 09:30:31.246342+00:00,2.2584875
2025-08-05 09:30:43.199621+00:00,2.2584868
2025-08-05 09:30:56.103419+00:00,2.2584875
2025-08-05 09:31:09.256059+00:00,2.2584876
2025-08-05 09:31:21.266146+00:00,2.2584869
2025-08-05 09:31:34.818763+00:00,2.2584867
2025-08-05 09:31:49.984816+00:00,2.2584869
2025-08-05 09:32:01.130565+00:00,2.2584878
2025-08-05 09:32:12.745758+00:00,2.2584869
2025-08-05 09:32:25.435990+00:00,2.2584873
2025-08-05 09:32:38.476087+00:00,2.2584871
2025-08-05 09:32:51.347548+00:00,2.2584873
2025-08-05 09:33:04.200576+00:00,2.2584874
2025-08-05 09:33:16.746009+00:00,2.2584873
2025-08-05 09:33:29.642509+00:00,2.2584877
2025-08-05 09:33:42.567522+00:00,2.2584879
2025-08-05 09:33:55.725079+00:00,2.258487
2025-08-05 09:34:08.567789+00:00,2.2584876
2025-08-05 09:34:21.289105+00:00,2.2584866
2025-08-05 09:34:34.307906+00:00,2.2584868
2025-08-05 09:34:47.281784+00:00,2.2584869
2025-08-05 09:35:00.956493+00:00,2.2584876
2025-08-05 09:35:13.266953+00:00,2.2584872
2025-08-05 09:35:26.315189+00:00,2.2584875
2025-08-05 09:35:39.173820+00:00,2.2584872
2025-08-05 09:35:52.074296+00:00,2.2584871
2025-08-05 09:36:05.583805+00:00,2.2584871
2025-08-05 09:36:17.782132+00:00,2.2584866
2025-08-05 09:36:30.812849+00:00,2.2584869
2025-08-05 09:36:43.412082+00:00,2.2584873
2025-08-05 09:36:56.447528+00:00,2.2584874
2025-08-05 09:37:09.954985+00:00,2.2584877
2025-08-05 09:37:25.037588+00:00,2.2584876
2025-08-05 09:37:34.737890+00:00,2.2584871
2025-08-05 09:37:47.674670+00:00,2.2584875
2025-08-05 09:38:00.722638+00:00,2.2584874
2025-08-05 09:38:12.788729+00:00,2.2584869
2025-08-05 09:38:25.695166+00:00,2.2584874
2025-08-05 09:38:38.056648+00:00,2.2584868
2025-08-05 09:38:50.730929+00:00,2.2584873
2025-08-05 09:39:03.685351+00:00,2.2584871
2025-08-05 09:39:16.187043+00:00,2.2584874
2025-08-05 09:39:29.006085+00:00,2.2584872
2025-08-05 09:39:41.744113+00:00,2.2584873
2025-08-05 09:39:54.843761+00:00,2.2584875
2025-08-05 09:40:07.658734+00:00,2.258487
2025-08-05 09:40:20.209168+00:00,2.2584876
2025-08-05 09:40:33.018666+00:00,2.2584876
2025-08-05 09:40:45.627928+00:00,2.2584878
2025-08-05 09:40:58.338695+00:00,2.258487
2025-08-05 09:41:12.124889+00:00,2.2584878
2025-08-05 09:41:24.932217+00:00,2.2584872
2025-08-05 09:41:36.843935+00:00,2.2584875
2025-08-05 09:41:49.719914+00:00,2.2584871
2025-08-05 09:42:02.657655+00:00,2.2584871
2025-08-05 09:42:15.447963+00:00,2.258487
2025-08-05 09:42:28.007697+00:00,2.2584866
2025-08-05 09:42:40.999086+00:00,2.2584872
2025-08-05 09:42:53.614164+00:00,2.2584871
2025-08-05 09:43:06.872507+00:00,2.2584876
2025-08-05 09:43:19.150954+00:00,2.2584871
2025-08-05 09:43:32.029122+00:00,2.2584877
2025-08-05 09:43:44.854552+00:00,2.2584878
2025-08-05 09:43:57.692066+00:00,2.2584878
2025-08-05 09:44:11.088953+00:00,2.2584872
2025-08-05 09:44:23.416117+00:00,2.2584871
2025-08-05 09:44:36.021174+00:00,2.2584871
2025-08-05 09:44:48.887116+00:00,2.2584869
2025-08-05 09:45:02.143974+00:00,2.2584876
2025-08-05 09:45:17.667991+00:00,2.2584878
2025-08-05 09:45:27.403715+00:00,2.2584874
2025-08-05 09:45:40.455866+00:00,2.2584879
2025-08-05 09:45:53.157451+00:00,2.2584873
2025-08-05 09:46:06.550684+00:00,2.2584879
2025-08-05 09:46:19.893502+00:00,2.2584874
2025-08-05 09:46:32.316790+00:00,2.2584876
2025-08-05 09:46:45.086261+00:00,2.2584868
2025-08-05 09:46:58.018266+00:00,2.2584874
2025-08-05 09:47:11.364679+00:00,2.258487
2025-08-05 09:47:24.683373+00:00,2.2584869
2025-08-05 09:47:37.853503+00:00,2.2584872
2025-08-05 09:47:49.434298+00:00,2.2584875
2025-08-05 09:48:02.484289+00:00,2.2584876
2025-08-05 09:48:15.483701+00:00,2.2584868
2025-08-05 09:48:28.138105+00:00,2.2584873
2025-08-05 09:48:40.935570+00:00,2.2584877
2025-08-05 09:48:53.901963+00:00,2.2584873
2025-08-05 09:49:06.963169+00:00,2.2584868
2025-08-05 09:49:20.283213+00:00,2.2584874
2025-08-05 09:49:32.471813+00:00,2.2584871
2025-08-05 09:49:45.461000+00:00,2.2584876
2025-08-05 09:49:57.171907+00:00,2.258487
2025-08-05 09:50:10.165483+00:00,2.2584876
2025-08-05 09:50:22.940744+00:00,2.2584876
2025-08-05 09:50:35.668904+00:00,2.2584875
2025-08-05 09:50:49.309062+00:00,2.2584875
2025-08-05 09:51:01.368472+00:00,2.2584873
2025-08-05 09:51:14.069875+00:00,2.2584869
2025-08-05 09:51:27.006024+00:00,2.2584872
2025-08-05 09:51:40.237495+00:00,2.2584875
2025-08-05 09:51:52.646528+00:00,2.2584874
2025-08-05 09:52:05.417222+00:00,2.258487
2025-08-05 09:52:18.309121+00:00,2.2584871
2025-08-05 09:52:32.737542+00:00,2.2584869
2025-08-05 09:52:44.262353+00:00,2.2584872
2025-08-05 09:52:57.802491+00:00,2.2584867
2025-08-05 09:53:10.115246+00:00,2.2584871
2025-08-05 09:53:23.087700+00:00,2.2584878
2025-08-05 09:53:36.826761+00:00,2.2584875
2025-08-05 09:53:48.327832+00:00,2.2584875
2025-08-05 09:54:01.146798+00:00,2.2584872
2025-08-05 09:54:13.980750+00:00,2.2584875
2025-08-05 09:54:26.661557+00:00,2.2584876
2025-08-05 09:54:40.433307+00:00,2.2584869
2025-08-05 09:54:52.219552+00:00,2.2584874
2025-08-05 09:55:05.462674+00:00,2.2584877
2025-08-05 09:55:17.788680+00:00,2.258487
2025-08-05 09:55:30.486385+00:00,2.2584876
2025-08-05 09:55:43.844550+00:00,2.2584873
2025-08-05 09:55:56.245803+00:00,2.2584875
2025-08-05 09:56:10.069049+00:00,2.2584872
2025-08-05 09:56:22.021715+00:00,2.2584876
2025-08-05 09:56:34.945634+00:00,2.2584869
2025-08-05 09:56:48.100928+00:00,2.2584873
2025-08-05 09:57:01.027196+00:00,2.2584872
2025-08-05 09:57:14.086595+00:00,2.2584875
2025-08-05 09:57:26.721835+00:00,2.2584875
2025-08-05 09:57:39.588386+00:00,2.2584869
2025-08-05 09:57:52.706463+00:00,2.2584877
2025-08-05 09:58:06.561815+00:00,2.2584879
2025-08-05 09:58:18.222683+00:00,2.2584867
2025-08-05 09:58:30.933781+00:00,2.2584872
2025-08-05 09:58:43.809068+00:00,2.258487
2025-08-05 09:58:56.571578+00:00,2.2584868
2025-08-05 09:59:10.752055+00:00,2.2584873
2025-08-05 09:59:22.337662+00:00,2.2584876
2025-08-05 09:59:35.240190+00:00,2.2584867
2025-08-05 09:59:49.491824+00:00,2.2584867
2025-08-05 10:00:02.180033+00:00,2.2584874
2025-08-05 10:00:15.791031+00:00,2.258487
2025-08-05 10:00:26.460976+00:00,2.2584869
2025-08-05 10:00:39.962671+00:00,2.2584873
2025-08-05 10:00:51.619824+00:00,2.2584871
2025-08-05 10:01:05.043264+00:00,2.2584875
2025-08-05 10:01:17.604310+00:00,2.2584878
2025-08-05 10:01:29.850595+00:00,2.258487
2025-08-05 10:01:42.843741+00:00,2.2584868
2025-08-05 10:01:55.995590+00:00,2.2584875
2025-08-05 10:02:08.637144+00:00,2.2584878
2025-08-05 10:02:21.509384+00:00,2.2584871
2025-08-05 10:02:34.425502+00:00,2.258487
2025-08-05 10:02:48.574456+00:00,2.2584869
2025-08-05 10:03:00.625764+00:00,2.2584872
2025-08-05 10:03:12.779266+00:00,2.2584868
2025-08-05 10:03:25.667291+00:00,2.258487
2025-08-05 10:03:39.584096+00:00,2.2584875
2025-08-05 10:03:51.659589+00:00,2.2584873
2025-08-05 10:04:07.208189+00:00,2.2584871
2025-08-05 10:04:17.947677+00:00,2.2584878
2025-08-05 10:04:29.302233+00:00,2.2584874
2025-08-05 10:04:42.172364+00:00,2.2584871
2025-08-05 10:04:54.796786+00:00,2.2584872
2025-08-05 10:05:07.750209+00:00,2.2584877
2025-08-05 10:05:20.654029+00:00,2.2584871
2025-08-05 10:05:33.247839+00:00,2.2584869
2025-08-05 10:05:46.356548+00:00,2.2584876
2025-08-05 10:05:58.973158+00:00,2.2584873
2025-08-05 10:06:11.898016+00:00,2.2584873
2025-08-05 10:06:24.615159+00:00,2.258487
2025-08-05 10:06:37.558719+00:00,2.258487
2025-08-05 10:06:50.795538+00:00,2.2584874
2025-08-05 10:07:03.565250+00:00,2.2584871
2025-08-05 10:07:17.214943+00:00,2.2584869
2025-08-05 10:07:29.764863+00:00,2.2584871
2025-08-05 10:07:42.552986+00:00,2.2584873
2025-08-05 10:07:55.403082+00:00,2.2584874
2025-08-05 10:08:08.773116+00:00,2.2584873
2025-08-05 10:08:21.173782+00:00,2.2584874
2025-08-05 10:08:34.448984+00:00,2.2584869
2025-08-05 10:08:47.345555+00:00,2.2584875
2025-08-05 10:09:00.160949+00:00,2.2584877
2025-08-05 10:09:13.084801+00:00,2.2584875
2025-08-05 10:09:26.169560+00:00,2.2584878
2025-08-05 10:09:38.869487+00:00,2.2584876
2025-08-05 10:09:51.771534+00:00,2.2584872
2025-08-05 10:10:04.734206+00:00,2.2584872
2025-08-05 10:10:17.618002+00:00,2.2584868
2025-08-05 10:10:32.256614+00:00,2.258487
2025-08-05 10:10:44.201217+00:00,2.2584868
2025-08-05 10:10:55.790703+00:00,2.2584869
2025-08-05 10:11:08.394625+00:00,2.2584877
2025-08-05 10:11:20.956300+00:00,2.2584874
2025-08-05 10:11:33.878754+00:00,2.2584869
2025-08-05 10:11:48.028972+00:00,2.2584876
2025-08-05 10:11:59.290018+00:00,2.2584867
2025-08-05 10:12:12.772706+00:00,2.2584871
2025-08-05 10:12:24.823482+00:00,2.2584873
2025-08-05 10:12:37.590419+00:00,2.2584871
2025-08-05 10:12:50.624355+00:00,2.2584865
2025-08-05 10:13:03.095623+00:00,2.2584879
2025-08-05 10:13:15.894237+00:00,2.2584872
2025-08-05 10:13:28.787652+00:00,2.2584878
2025-08-05 10:13:41.562467+00:00,2.258487
2025-08-05 10:13:54.854081+00:00,2.2584878
2025-08-05 10:14:07.277310+00:00,2.2584868
2025-08-05 10:14:20.085569+00:00,2.2584878
2025-08-05 10:14:32.833747+00:00,2.2584878
2025-08-05 10:14:45.784324+00:00,2.258487
2025-08-05 10:14:58.226225+00:00,2.2584873
2025-08-05 10:15:13.576949+00:00,2.2584875
2025-08-05 10:15:23.836752+00:00,2.258487
2025-08-05 10:15:37.641430+00:00,2.2584875
2025-08-05 10:15:49.219112+00:00,2.2584871
2025-08-05 10:16:01.924863+00:00,2.2584875
2025-08-05 10:16:14.671225+00:00,2.2584878
2025-08-05 10:16:27.601664+00:00,2.2584867
2025-08-05 10:16:40.197929+00:00,2.2584869
2025-08-05 10:16:53.102776+00:00,2.258487
2025-08-05 10:17:05.937848+00:00,2.2584867
2025-08-05 10:17:18.969427+00:00,2.2584876
2025-08-05 10:17:32.487762+00:00,2.2584874
2025-08-05 10:17:44.649733+00:00,2.2584872
2025-08-05 10:17:57.642046+00:00,2.2584866
2025-08-05 10:18:10.705786+00:00,2.2584871
2025-08-05 10:18:23.667729+00:00,2.2584877
2025-08-05 10:18:37.133056+00:00,2.258487
2025-08-05 10:18:49.382975+00:00,2.2584878
2025-08-05 10:19:02.610247+00:00,2.2584878
2025-08-05 10:19:15.446043+00:00,2.2584867
2025-08-05 10:19:28.390482+00:00,2.2584874
2025-08-05 10:19:42.002066+00:00,2.2584872
2025-08-05 10:19:53.792998+00:00,2.2584877
2025-08-05 10:20:07.246845+00:00,2.2584873
2025-08-05 10:20:19.609921+00:00,2.258487
2025-08-05 10:20:32.396007+00:00,2.2584866
2025-08-05 10:20:45.200376+00:00,2.2584876
2025-08-05 10:20:58.073236+00:00,2.2584869
2025-08-05 10:21:11.499842+00:00,2.2584876
2025-08-05 10:21:23.794156+00:00,2.2584875
2025-08-05 10:21:36.597433+00:00,2.2584869
2025-08-05 10:21:49.514913+00:00,2.2584866
2025-08-05 10:22:01.996695+00:00,2.2584871
2025-08-05 10:22:14.476459+00:00,2.2584867
2025-08-05 10:22:27.006362+00:00,2.2584868
2025-08-05 10:22:39.805031+00:00,2.2584874
2025-08-05 10:22:52.569640+00:00,2.2584868
2025-08-05 10:23:06.467989+00:00,2.2584873
2025-08-05 10:23:18.384077+00:00,2.2584871
2025-08-05 10:23:31.148732+00:00,2.2584872
2025-08-05 10:23:43.893196+00:00,2.2584876
2025-08-05 10:23:58.368505+00:00,2.2584869
2025-08-05 10:24:11.747876+00:00,2.2584869
2025-08-05 10:24:22.417660+00:00,2.2584875
2025-08-05 10:24:35.539895+00:00,2.2584876
2025-08-05 10:24:48.200427+00:00,2.2584869
2025-08-05 10:25:01.084367+00:00,2.258487
2025-08-05 10:25:14.007510+00:00,2.2584874
2025-08-05 10:25:26.529287+00:00,2.2584869
2025-08-05 10:25:39.141382+00:00,2.2584872
2025-08-05 10:25:52.017057+00:00,2.2584874
2025-08-05 10:26:04.925049+00:00,2.2584875
2025-08-05 10:26:17.724539+00:00,2.2584872
2025-08-05 10:26:31.575778+00:00,2.2584878
2025-08-05 10:26:43.077409+00:00,2.2584869
2025-08-05 10:26:56.348407+00:00,2.2584868
2025-08-05 10:27:08.793759+00:00,2.2584869
2025-08-05 10:27:21.437326+00:00,2.2584876
2025-08-05 10:27:34.365140+00:00,2.2584871
2025-08-05 10:27:47.516642+00:00,2.2584867
2025-08-05 10:28:01.487068+00:00,2.2584876
2025-08-05 10:28:12.996231+00:00,2.2584872
2025-08-05 10:28:26.564531+00:00,2.258487
2025-08-05 10:28:38.857077+00:00,2.2584876
2025-08-05 10:28:52.031347+00:00,2.2584869
2025-08-05 10:29:07.046365+00:00,2.258487
2025-08-05 10:29:18.969686+00:00,2.2584868
2025-08-05 10:29:31.265222+00:00,2.2584875
2025-08-05 10:29:43.598551+00:00,2.2584865
2025-08-05 10:29:56.579407+00:00,2.2584876
2025-08-05 10:30:09.993585+00:00,2.2584873
2025-08-05 10:30:23.492530+00:00,2.2584875
2025-08-05 10:30:36.537356+00:00,2.258487
2025-08-05 10:30:49.041922+00:00,2.2584871
2025-08-05 10:31:01.377304+00:00,2.2584868
2025-08-05 10:31:14.196371+00:00,2.2584867
2025-08-05 10:31:27.015831+00:00,2.258487
2025-08-05 10:31:40.632711+00:00,2.2584875
2025-08-05 10:31:52.721663+00:00,2.2584874
2025-08-05 10:32:05.774982+00:00,2.258487
2025-08-05 10:32:18.483938+00:00,2.2584878
2025-08-05 10:32:31.882012+00:00,2.2584869
2025-08-05 10:32:43.514901+00:00,2.2584875
2025-08-05 10:32:56.382675+00:00,2.2584874
2025-08-05 10:33:09.062848+00:00,2.2584876
2025-08-05 10:33:22.309626+00:00,2.2584874
2025-08-05 10:33:34.648796+00:00,2.2584869
2025-08-05 10:33:48.213397+00:00,2.2584878
2025-08-05 10:34:00.904142+00:00,2.258487
2025-08-05 10:34:17.759996+00:00,2.2584871
2025-08-05 10:34:26.297149+00:00,2.258487
2025-08-05 10:34:38.981063+00:00,2.2584873
2025-08-05 10:34:51.970745+00:00,2.2584869
2025-08-05 10:35:06.708069+00:00,2.2584867
2025-08-05 10:35:22.067761+00:00,2.2584876
2025-08-05 10:35:31.539814+00:00,2.2584871
2025-08-05 10:35:42.945090+00:00,2.2584869
2025-08-05 10:35:55.892069+00:00,2.2584869
2025-08-05 10:36:08.654185+00:00,2.2584873
2025-08-05 10:36:21.360386+00:00,2.2584874
2025-08-05 10:36:34.256541+00:00,2.2584876
2025-08-05 10:36:47.860278+00:00,2.2584867
2025-08-05 10:36:59.940197+00:00,2.2584866
2025-08-05 10:37:12.760382+00:00,2.2584878
2025-08-05 10:37:25.092680+00:00,2.2584873
2025-08-05 10:37:38.676403+00:00,2.2584877
2025-08-05 10:37:50.870010+00:00,2.2584865
2025-08-05 10:38:05.140927+00:00,2.2584879
2025-08-05 10:38:17.199307+00:00,2.2584871
2025-08-05 10:38:28.793737+00:00,2.2584873
2025-08-05 10:38:42.242914+00:00,2.2584872
2025-08-05 10:38:54.868765+00:00,2.2584874
2025-08-05 10:39:07.899065+00:00,2.2584869
2025-08-05 10:39:20.358015+00:00,2.2584878
2025-08-05 10:39:33.268074+00:00,2.2584872
2025-08-05 10:39:46.309480+00:00,2.2584871
2025-08-05 10:39:59.382663+00:00,2.2584874
2025-08-05 10:40:15.679793+00:00,2.2584869
2025-08-05 10:40:25.275126+00:00,2.2584878
2025-08-05 10:40:38.192264+00:00,2.2584879
2025-08-05 10:40:51.339419+00:00,2.2584874
2025-08-05 10:41:04.494979+00:00,2.2584873
2025-08-05 10:41:17.121786+00:00,2.2584875
2025-08-05 10:41:29.761634+00:00,2.2584876
2025-08-05 10:41:42.546828+00:00,2.2584871
2025-08-05 10:41:55.925072+00:00,2.2584874
2025-08-05 10:42:08.603060+00:00,2.258487
2025-08-05 10:42:21.056843+00:00,2.2584874
2025-08-05 10:42:34.197125+00:00,2.2584868
2025-08-05 10:42:46.747374+00:00,2.2584868
2025-08-05 10:42:59.194967+00:00,2.2584871
2025-08-05 10:43:12.411549+00:00,2.2584873
2025-08-05 10:43:24.547197+00:00,2.258487
2025-08-05 10:43:40.972314+00:00,2.2584871
2025-08-05 10:43:50.031418+00:00,2.258487
2025-08-05 10:44:03.031114+00:00,2.2584867
2025-08-05 10:44:16.805909+00:00,2.2584873
2025-08-05 10:44:28.900538+00:00,2.2584873
2025-08-05 10:44:41.896494+00:00,2.2584874
2025-08-05 10:44:55.491583+00:00,2.258487
2025-08-05 10:45:08.232556+00:00,2.2584873
2025-08-05 10:45:20.080218+00:00,2.2584871
2025-08-05 10:45:32.926754+00:00,2.2584871
2025-08-05 10:45:46.155347+00:00,2.258487
2025-08-05 10:45:58.426760+00:00,2.2584873
2025-08-05 10:46:12.367306+00:00,2.2584872
2025-08-05 10:46:24.182547+00:00,2.2584872
2025-08-05 10:46:36.991820+00:00,2.2584874
2025-08-05 10:46:50.883116+00:00,2.2584874
2025-08-05 10:47:02.401944+00:00,2.258487
2025-08-05 10:47:15.032676+00:00,2.2584874
2025-08-05 10:47:27.740285+00:00,2.2584871
2025-08-05 10:47:40.448563+00:00,2.2584868
2025-08-05 10:47:53.252230+00:00,2.2584871
2025-08-05 10:48:07.799376+00:00,2.2584877
2025-08-05 10:48:19.097233+00:00,2.2584869
2025-08-05 10:48:32.137025+00:00,2.2584875
2025-08-05 10:48:44.752831+00:00,2.2584865
2025-08-05 10:48:57.623534+00:00,2.258487
2025-08-05 10:49:10.907594+00:00,2.258487
2025-08-05 10:49:23.292949+00:00,2.2584873
2025-08-05 10:49:35.904521+00:00,2.2584872
2025-08-05 10:49:48.655898+00:00,2.2584871
2025-08-05 10:50:02.985871+00:00,2.2584876
2025-08-05 10:50:14.448620+00:00,2.2584875
2025-08-05 10:50:28.435085+00:00,2.2584869
2025-08-05 10:50:41.114992+00:00,2.2584873
2025-08-05 10:50:53.347938+00:00,2.2584873
2025-08-05 10:51:05.548265+00:00,2.2584871
2025-08-05 10:51:18.003819+00:00,2.2584866
2025-08-05 10:51:31.592237+00:00,2.2584875
2025-08-05 10:51:43.498476+00:00,2.2584876
2025-08-05 10:51:57.043987+00:00,2.2584869
2025-08-05 10:52:09.816969+00:00,2.2584871
2025-08-05 10:52:22.172711+00:00,2.2584874
2025-08-05 10:52:35.016699+00:00,2.2584865
2025-08-05 10:52:48.315336+00:00,2.2584861
2025-08-05 10:53:01.245866+00:00,2.2584871
2025-08-05 10:53:14.107926+00:00,2.2584874
2025-08-05 10:53:26.665438+00:00,2.258487
2025-08-05 10:53:39.531667+00:00,2.2584868
2025-08-05 10:53:52.410840+00:00,2.2584876
2025-08-05 10:54:06.393417+00:00,2.2584873
2025-08-05 10:54:18.123347+00:00,2.2584868
2025-08-05 10:54:32.035962+00:00,2.2584873
2025-08-05 10:54:43.697973+00:00,2.2584874
2025-08-05 10:54:56.533547+00:00,2.2584874
2025-08-05 10:55:10.081556+00:00,2.2584868
2025-08-05 10:55:22.815262+00:00,2.2584873
2025-08-05 10:55:35.163852+00:00,2.2584868
2025-08-05 10:55:48.370980+00:00,2.2584874
2025-08-05 10:56:00.883391+00:00,2.2584874
2025-08-05 10:56:14.670987+00:00,2.2584871
2025-08-05 10:56:26.151016+00:00,2.2584873
2025-08-05 10:56:38.724747+00:00,2.2584877
2025-08-05 10:56:51.701084+00:00,2.2584878
2025-08-05 10:57:03.938715+00:00,2.2584871
2025-08-05 10:57:17.008733+00:00,2.2584871
2025-08-05 10:57:29.957041+00:00,2.2584875
2025-08-05 10:57:42.235022+00:00,2.2584874
2025-08-05 10:57:55.007209+00:00,2.2584867
2025-08-05 10:58:07.504502+00:00,2.2584868
2025-08-05 10:58:20.280709+00:00,2.2584874
2025-08-05 10:58:33.822339+00:00,2.2584876
2025-08-05 10:58:46.698782+00:00,2.2584877
2025-08-05 10:58:58.461254+00:00,2.2584872
2025-08-05 10:59:11.589520+00:00,2.2584869
2025-08-05 10:59:23.984507+00:00,2.2584873
2025-08-05 10:59:37.172312+00:00,2.2584875
2025-08-05 10:59:50.046239+00:00,2.2584869
2025-08-05 11:00:02.556285+00:00,2.2584872
2025-08-05 11:00:18.738745+00:00,2.258487
2025-08-05 11:00:27.580489+00:00,2.2584875
2025-08-05 11:00:40.431640+00:00,2.2584869
2025-08-05 11:00:52.902871+00:00,2.2584871
2025-08-05 11:01:05.922130+00:00,2.2584869
2025-08-05 11:01:19.295016+00:00,2.2584875
2025-08-05 11:01:31.846553+00:00,2.2584868
2025-08-05 11:01:43.913087+00:00,2.2584872
2025-08-05 11:01:56.511006+00:00,2.2584871
2025-08-05 11:02:09.377600+00:00,2.2584879
2025-08-05 11:02:23.660808+00:00,2.2584874
2025-08-05 11:02:34.588734+00:00,2.2584872
2025-08-05 11:02:47.419783+00:00,2.258487
2025-08-05 11:03:00.267636+00:00,2.2584869
2025-08-05 11:03:13.276201+00:00,2.2584869
2025-08-05 11:03:26.178639+00:00,2.258487
2025-08-05 11:03:39.576178+00:00,2.2584876
2025-08-05 11:03:52.197470+00:00,2.2584875
2025-08-05 11:04:04.996862+00:00,2.2584874
2025-08-05 11:04:18.336768+00:00,2.2584871
2025-08-05 11:04:31.194045+00:00,2.2584869
2025-08-05 11:04:43.740915+00:00,2.2584872
2025-08-05 11:04:56.973378+00:00,2.2584869
2025-08-05 11:05:10.727122+00:00,2.2584871
2025-08-05 11:05:23.008446+00:00,2.2584875
2025-08-05 11:05:37.408720+00:00,2.2584875
2025-08-05 11:05:48.474336+00:00,2.2584861
2025-08-05 11:06:01.255825+00:00,2.2584871
2025-08-05 11:06:14.494956+00:00,2.2584875
2025-08-05 11:06:26.922380+00:00,2.2584875
2025-08-05 11:06:39.769384+00:00,2.2584871
2025-08-05 11:06:52.937792+00:00,2.2584866
2025-08-05 11:07:05.478407+00:00,2.258487
2025-08-05 11:07:18.342141+00:00,2.258487
2025-08-05 11:08:08.529591+00:00,2.258487
2025-08-05 11:08:46.250170+00:00,2.2584873
2025-08-05 11:08:59.428039+00:00,2.2584867
2025-08-05 11:09:11.761056+00:00,2.2584872
2025-08-05 11:09:24.710798+00:00,2.2584869
2025-08-05 11:09:37.736646+00:00,2.2584867
2025-08-05 11:09:50.494126+00:00,2.2584877
2025-08-05 11:10:03.332510+00:00,2.2584878
2025-08-05 11:10:16.399078+00:00,2.258487
2025-08-05 11:10:28.526168+00:00,2.2584866
2025-08-05 11:10:41.197337+00:00,2.258487
2025-08-05 11:10:54.198875+00:00,2.2584868
2025-08-05 11:11:06.717209+00:00,2.2584873
2025-08-05 11:11:19.524480+00:00,2.2584875
2025-08-05 11:11:32.488538+00:00,2.2584871
2025-08-05 11:11:46.256115+00:00,2.2584871
2025-08-05 11:11:58.086358+00:00,2.2584878
2025-08-05 11:12:10.873642+00:00,2.2584874
2025-08-05 11:12:36.197085+00:00,2.258487
2025-08-05 11:13:02.611091+00:00,2.2584864
2025-08-05 11:13:14.540347+00:00,2.2584871
2025-08-05 11:13:27.756119+00:00,2.2584865
2025-08-05 11:13:40.398500+00:00,2.2584872
2025-08-05 11:13:52.683651+00:00,2.2584874
2025-08-05 11:14:05.764320+00:00,2.2584873
2025-08-05 11:14:18.520849+00:00,2.2584873
2025-08-05 11:14:31.621358+00:00,2.2584866
2025-08-05 11:14:44.278485+00:00,2.2584873
2025-08-05 11:14:56.915919+00:00,2.2584868
2025-08-05 11:15:09.501064+00:00,2.2584878
2025-08-05 11:15:23.897035+00:00,2.2584873
2025-08-05 11:15:35.240830+00:00,2.2584876
2025-08-05 11:15:48.115738+00:00,2.2584878
2025-08-05 11:16:01.295701+00:00,2.2584873
2025-08-05 11:16:13.968967+00:00,2.2584869
2025-08-05 11:16:26.787459+00:00,2.2584874
2025-08-05 11:16:39.686155+00:00,2.2584868
2025-08-05 11:16:52.677464+00:00,2.2584868
2025-08-05 11:17:05.596667+00:00,2.2584873
2025-08-05 11:17:18.291212+00:00,2.2584871
2025-08-05 11:17:44.569722+00:00,2.258487
2025-08-05 11:17:56.795154+00:00,2.2584874
2025-08-05 11:18:10.265330+00:00,2.2584867
2025-08-05 11:18:22.282161+00:00,2.2584875
2025-08-05 11:18:48.574364+00:00,2.258487
2025-08-05 11:20:04.009903+00:00,2.258487
2025-08-05 11:20:16.700867+00:00,2.2584877
2025-08-05 11:20:29.534947+00:00,2.2584874
2025-08-05 11:20:55.839959+00:00,2.2584869
2025-08-05 11:21:08.868770+00:00,2.2584871
2025-08-05 11:21:20.953753+00:00,2.258487
2025-08-05 11:21:59.341838+00:00,2.2584873
2025-08-05 11:22:12.272660+00:00,2.2584868
2025-08-05 11:22:37.803225+00:00,2.2584877
2025-08-05 11:23:03.472241+00:00,2.2584875
2025-08-05 11:23:16.612165+00:00,2.2584863
2025-08-05 11:24:33.034087+00:00,2.2584869
2025-08-05 11:24:45.893900+00:00,2.2584867
2025-08-05 11:24:59.746567+00:00,2.258487
2025-08-05 11:25:24.892773+00:00,2.2584866
2025-08-05 11:25:38.040265+00:00,2.2584869
2025-08-05 11:25:50.648656+00:00,2.258487
2025-08-05 11:26:16.501016+00:00,2.2584869
2025-08-05 11:26:29.131511+00:00,2.2584874
2025-08-05 11:27:08.041046+00:00,2.2584872
2025-08-05 11:27:20.774552+00:00,2.2584867
2025-08-05 11:27:33.550014+00:00,2.2584874
2025-08-05 11:27:46.555551+00:00,2.258487
2025-08-05 11:27:59.776556+00:00,2.2584865
2025-08-05 11:28:38.008837+00:00,2.2584871
2025-08-05 13:46:13.016054+00:00,2.2584872
2025-08-05 13:46:26.291724+00:00,2.258487
2025-08-05 13:46:38.565057+00:00,2.2584872
2025-08-05 13:46:51.447453+00:00,2.2584874
2025-08-05 13:47:04.279713+00:00,2.2584876
2025-08-05 13:47:17.145559+00:00,2.2584873
2025-08-05 13:47:29.614594+00:00,2.2584874
2025-08-05 13:47:42.456827+00:00,2.2584878
2025-08-05 13:47:55.190032+00:00,2.2584878
2025-08-05 13:48:08.571692+00:00,2.2584874
2025-08-05 13:48:20.800394+00:00,2.2584872
2025-08-05 13:48:33.790238+00:00,2.2584877
2025-08-05 13:48:46.870413+00:00,2.2584875
2025-08-05 13:48:59.613771+00:00,2.2584877
2025-08-05 13:49:12.447336+00:00,2.2584872
2025-08-05 13:49:25.482004+00:00,2.2584876
2025-08-05 13:49:38.487337+00:00,2.2584874
2025-08-05 13:49:51.413005+00:00,2.2584877
2025-08-05 13:50:04.677137+00:00,2.2584875
2025-08-05 13:50:17.120732+00:00,2.2584873
2025-08-05 13:50:29.883916+00:00,2.2584868
2025-08-05 13:50:42.798569+00:00,2.2584872
2025-08-05 13:50:55.652877+00:00,2.2584877
2025-08-05 13:51:08.718165+00:00,2.2584874
2025-08-05 13:51:21.587322+00:00,2.2584877
2025-08-05 13:51:34.328854+00:00,2.2584868
2025-08-05 13:51:51.277820+00:00,2.2584871
2025-08-05 13:52:00.163802+00:00,2.2584878
2025-08-05 13:52:13.677456+00:00,2.2584871
2025-08-05 13:52:25.914463+00:00,2.2584874
2025-08-05 13:52:38.696731+00:00,2.2584876
2025-08-05 13:52:51.339928+00:00,2.2584873
2025-08-05 13:53:04.316700+00:00,2.2584879
2025-08-05 13:53:16.701065+00:00,2.2584879
2025-08-05 13:53:30.157907+00:00,2.2584876
2025-08-05 13:53:42.128851+00:00,2.2584871
2025-08-05 13:53:54.716087+00:00,2.2584875
2025-08-05 13:54:07.588676+00:00,2.258487
2025-08-05 13:54:20.406397+00:00,2.2584874
2025-08-05 13:54:33.540505+00:00,2.2584866
2025-08-05 13:54:46.445919+00:00,2.2584869
2025-08-05 13:54:59.532588+00:00,2.2584876
2025-08-05 13:55:12.914708+00:00,2.2584876
2025-08-05 13:55:26.137009+00:00,2.2584875
2025-08-05 13:55:37.648273+00:00,2.2584873
2025-08-05 13:55:51.729738+00:00,2.2584873
2025-08-05 13:56:04.815998+00:00,2.2584872
2025-08-05 13:56:16.562786+00:00,2.2584874
2025-08-05 13:56:29.111130+00:00,2.2584869
2025-08-05 13:56:42.075102+00:00,2.2584875
2025-08-05 13:56:54.659086+00:00,2.2584875
2025-08-05 13:57:07.352004+00:00,2.2584875
2025-08-05 13:57:20.033228+00:00,2.2584867
2025-08-05 13:57:32.962699+00:00,2.2584869
2025-08-05 13:57:45.814503+00:00,2.2584867
2025-08-05 13:57:58.493655+00:00,2.2584872
2025-08-05 13:58:11.471048+00:00,2.2584877
2025-08-05 13:58:24.242633+00:00,2.2584875
2025-08-05 13:58:36.959093+00:00,2.2584876
2025-08-05 13:58:49.725940+00:00,2.2584875
2025-08-05 13:59:02.829440+00:00,2.258488
2025-08-05 13:59:15.783900+00:00,2.2584868
2025-08-05 13:59:28.552995+00:00,2.2584869
2025-08-05 13:59:41.369979+00:00,2.258487
2025-08-05 13:59:54.174920+00:00,2.2584872
2025-08-05 14:00:07.062262+00:00,2.2584868
2025-08-05 14:00:20.335929+00:00,2.2584877
2025-08-05 14:00:33.184439+00:00,2.2584871
2025-08-05 14:00:46.011013+00:00,2.2584869
2025-08-05 14:00:58.844678+00:00,2.258487
2025-08-05 14:01:11.634505+00:00,2.2584872
2025-08-05 14:01:24.655038+00:00,2.2584871
2025-08-05 14:01:37.579433+00:00,2.2584879
2025-08-05 14:01:50.282349+00:00,2.2584877
2025-08-05 14:02:03.374425+00:00,2.2584877
2025-08-05 14:02:17.572992+00:00,2.2584872
2025-08-05 14:02:29.973244+00:00,2.258487
2025-08-05 14:02:42.104410+00:00,2.2584872
2025-08-05 14:02:54.970086+00:00,2.2584871
2025-08-05 14:03:07.980754+00:00,2.2584871
2025-08-05 14:03:21.526190+00:00,2.2584876
2025-08-05 14:03:33.646958+00:00,2.2584873
2025-08-05 14:03:45.830018+00:00,2.2584875
2025-08-05 14:03:58.594685+00:00,2.2584869
2025-08-05 14:04:12.206913+00:00,2.2584877
2025-08-05 14:04:23.858860+00:00,2.2584875
2025-08-05 14:04:37.143774+00:00,2.2584876
2025-08-05 14:04:49.671374+00:00,2.2584873
2025-08-05 14:05:02.611500+00:00,2.2584875
2025-08-05 14:05:15.538351+00:00,2.258487
2025-08-05 14:05:28.461196+00:00,2.2584878
2025-08-05 14:05:41.362533+00:00,2.2584876
2025-08-05 14:05:54.472142+00:00,2.2584875
2025-08-05 14:06:06.814268+00:00,2.2584873
2025-08-05 14:06:19.936755+00:00,2.258487
2025-08-05 14:06:32.588709+00:00,2.2584874
2025-08-05 14:06:45.078360+00:00,2.2584875
2025-08-05 14:06:57.886014+00:00,2.2584872
2025-08-05 14:07:10.706165+00:00,2.2584872
2025-08-05 14:07:23.594510+00:00,2.2584875
2025-08-05 14:07:36.666721+00:00,2.2584879
2025-08-05 14:07:49.252798+00:00,2.2584875
2025-08-05 14:08:01.998923+00:00,2.2584869
2025-08-05 14:08:14.751918+00:00,2.2584873
2025-08-05 14:08:27.455923+00:00,2.2584875
2025-08-05 14:08:40.206244+00:00,2.2584875
2025-08-05 14:08:53.046339+00:00,2.2584876
2025-08-05 14:09:05.925410+00:00,2.2584878
2025-08-05 14:09:19.298068+00:00,2.2584874
2025-08-05 14:09:31.429839+00:00,2.2584874
2025-08-05 14:09:44.603565+00:00,2.2584871
2025-08-05 14:09:57.485279+00:00,2.2584872
2025-08-05 14:10:09.788976+00:00,2.2584868
2025-08-05 14:10:22.829923+00:00,2.2584877
2025-08-05 14:10:36.054234+00:00,2.2584874
2025-08-05 14:10:48.698072+00:00,2.2584877
2025-08-05 14:11:01.560825+00:00,2.2584878
2025-08-05 14:11:14.193531+00:00,2.258487
2025-08-05 14:11:40.302372+00:00,2.258487
2025-08-05 14:11:53.144062+00:00,2.2584873
2025-08-05 14:12:06.831921+00:00,2.2584872
2025-08-05 14:13:23.793143+00:00,2.2584872
2025-08-05 14:13:49.014510+00:00,2.2584865
2025-08-05 14:14:14.351150+00:00,2.2584868
2025-08-05 14:15:05.196471+00:00,2.2584875
2025-08-05 14:15:30.788340+00:00,2.2584863
2025-08-05 14:16:21.647442+00:00,2.2584862
2025-08-05 14:16:34.518358+00:00,2.2584871
2025-08-05 14:16:47.879253+00:00,2.2584873
2025-08-05 14:17:00.369049+00:00,2.258487
2025-08-05 14:17:12.916272+00:00,2.2584866
2025-08-05 14:17:38.409186+00:00,2.2584861
2025-08-05 14:17:51.482516+00:00,2.2584872
2025-08-05 14:18:03.949508+00:00,2.258488
2025-08-05 14:18:16.724570+00:00,2.2584872
2025-08-05 14:18:42.254209+00:00,2.2584875
2025-08-05 14:18:54.986779+00:00,2.2584879
2025-08-05 14:19:08.024218+00:00,2.2584874
2025-08-05 14:19:20.593065+00:00,2.2584876
2025-08-05 14:19:34.724974+00:00,2.258487
2025-08-05 14:19:46.579919+00:00,2.2584878
2025-08-05 14:19:59.545640+00:00,2.2584873
2025-08-05 14:20:12.589403+00:00,2.2584871
2025-08-05 14:20:25.010151+00:00,2.258488
2025-08-05 14:20:38.090793+00:00,2.2584873
2025-08-05 14:20:50.872423+00:00,2.2584877
2025-08-05 14:21:04.112479+00:00,2.2584867
2025-08-05 14:21:16.936235+00:00,2.2584871
2025-08-05 14:21:29.501045+00:00,2.258487
2025-08-05 14:21:42.482026+00:00,2.2584874
2025-08-05 14:21:55.231005+00:00,2.2584873
2025-08-05 14:22:08.112851+00:00,2.2584872
2025-08-05 14:22:21.025428+00:00,2.2584875
2025-08-05 14:22:33.878560+00:00,2.2584869
2025-08-05 14:22:46.691992+00:00,2.258487
2025-08-05 14:22:59.354140+00:00,2.2584872
2025-08-05 14:23:12.240287+00:00,2.2584871
2025-08-05 14:23:25.088171+00:00,2.2584878
2025-08-05 14:23:37.942509+00:00,2.2584878
2025-08-05 14:23:50.586564+00:00,2.2584877
2025-08-05 14:24:04.132492+00:00,2.2584874
2025-08-05 14:24:15.775813+00:00,2.2584878
2025-08-05 14:24:28.510415+00:00,2.2584874
2025-08-05 14:24:41.451264+00:00,2.2584875
2025-08-05 14:24:54.340581+00:00,2.2584876
2025-08-05 14:25:08.826150+00:00,2.258487
2025-08-05 14:25:19.863104+00:00,2.2584871
2025-08-05 14:25:32.318082+00:00,2.2584876
2025-08-05 14:25:45.364161+00:00,2.2584875
2025-08-05 14:25:57.867190+00:00,2.2584878
2025-08-05 14:26:11.222659+00:00,2.2584878
2025-08-05 14:26:23.917974+00:00,2.258487
2025-08-05 14:26:36.798883+00:00,2.258487
2025-08-05 14:26:49.217372+00:00,2.2584878
2025-08-05 14:27:02.015114+00:00,2.2584876
2025-08-05 14:27:18.636598+00:00,2.2584871
2025-08-05 14:27:27.993505+00:00,2.2584878
2025-08-05 14:27:40.216199+00:00,2.2584871
2025-08-05 14:27:53.394963+00:00,2.2584875
2025-08-05 14:28:05.531029+00:00,2.2584878
2025-08-05 14:28:18.728395+00:00,2.2584877
2025-08-05 14:28:30.889945+00:00,2.2584881
2025-08-05 14:28:43.498295+00:00,2.2584874
2025-08-05 14:28:56.297434+00:00,2.258488
2025-08-05 14:29:09.326520+00:00,2.2584869
2025-08-05 14:29:22.377555+00:00,2.2584873
2025-08-05 14:29:34.807798+00:00,2.2584875
2025-08-05 14:29:48.174223+00:00,2.2584869
2025-08-05 14:30:00.792994+00:00,2.2584874
2025-08-05 14:30:13.600151+00:00,2.2584871
2025-08-05 14:30:26.306824+00:00,2.2584875
2025-08-05 14:30:39.291688+00:00,2.2584878
2025-08-05 14:30:52.469087+00:00,2.2584875
2025-08-05 14:31:05.035509+00:00,2.2584872
2025-08-05 14:31:18.069544+00:00,2.2584874
2025-08-05 14:31:30.681142+00:00,2.2584873
2025-08-05 14:31:43.370863+00:00,2.2584881
2025-08-05 14:31:56.179071+00:00,2.2584875
2025-08-05 14:32:09.231210+00:00,2.2584878
2025-08-05 14:32:21.574031+00:00,2.2584873
2025-08-05 14:32:34.559827+00:00,2.2584876
2025-08-05 14:32:47.449535+00:00,2.2584872
2025-08-05 14:33:00.254530+00:00,2.2584879
2025-08-05 14:33:12.802563+00:00,2.2584874
2025-08-05 14:33:25.472927+00:00,2.2584874
2025-08-05 14:33:38.624092+00:00,2.2584874
2025-08-05 14:33:50.662691+00:00,2.2584869
2025-08-05 14:34:03.871105+00:00,2.258488
2025-08-05 14:34:16.477799+00:00,2.2584876
2025-08-05 14:34:29.411280+00:00,2.2584868
2025-08-05 14:34:42.274201+00:00,2.2584877
2025-08-05 14:34:55.012699+00:00,2.2584876
2025-08-05 14:35:07.630525+00:00,2.2584869
2025-08-05 14:35:21.909696+00:00,2.2584876
2025-08-05 14:35:32.801395+00:00,2.2584878
2025-08-05 14:35:45.545337+00:00,2.2584873
2025-08-05 14:35:59.404880+00:00,2.2584869
2025-08-05 14:36:11.132863+00:00,2.2584869
2025-08-05 14:36:24.889548+00:00,2.2584872
2025-08-05 14:36:37.197391+00:00,2.2584871
2025-08-05 14:36:49.214047+00:00,2.2584874
2025-08-05 14:37:03.524579+00:00,2.2584869
2025-08-05 14:37:14.728297+00:00,2.2584874
2025-08-05 14:37:27.452712+00:00,2.2584877
2025-08-05 14:37:41.892426+00:00,2.2584878
2025-08-05 14:37:53.094393+00:00,2.2584879
2025-08-05 14:38:05.782367+00:00,2.2584879
2025-08-05 14:38:18.413700+00:00,2.2584873
2025-08-05 14:38:31.400886+00:00,2.2584874
2025-08-05 14:38:44.568129+00:00,2.2584868
2025-08-05 14:38:57.013424+00:00,2.2584877
2025-08-05 14:39:09.829102+00:00,2.2584869
2025-08-05 14:39:23.250861+00:00,2.2584873
2025-08-05 14:39:36.682995+00:00,2.2584873
2025-08-05 14:39:48.454338+00:00,2.2584872
2025-08-05 14:40:01.427760+00:00,2.2584882
2025-08-05 14:40:14.142735+00:00,2.2584877
2025-08-05 14:40:26.951712+00:00,2.2584869
2025-08-05 14:40:39.719857+00:00,2.2584871
2025-08-05 14:40:53.517012+00:00,2.2584874
2025-08-05 14:41:05.500043+00:00,2.2584877
2025-08-05 14:41:18.695166+00:00,2.2584876
2025-08-05 14:41:31.211309+00:00,2.2584873
2025-08-05 14:41:44.087314+00:00,2.2584876
2025-08-05 14:41:56.891589+00:00,2.2584873
2025-08-05 14:42:09.782978+00:00,2.258487
2025-08-05 14:42:22.409183+00:00,2.2584871
2025-08-05 14:42:35.048101+00:00,2.2584877
2025-08-05 14:42:47.722216+00:00,2.2584877
2025-08-05 14:43:00.255069+00:00,2.2584873
2025-08-05 14:43:12.927940+00:00,2.2584879
2025-08-05 14:43:26.107706+00:00,2.2584874
2025-08-05 14:43:38.977162+00:00,2.2584871
2025-08-05 14:43:52.734258+00:00,2.2584868
2025-08-05 14:44:06.222906+00:00,2.2584875
2025-08-05 14:44:18.670268+00:00,2.258487
2025-08-05 14:44:30.403430+00:00,2.2584875
2025-08-05 14:44:43.043392+00:00,2.2584867
2025-08-05 14:44:55.896591+00:00,2.2584868
2025-08-05 14:45:08.725960+00:00,2.258488
2025-08-05 14:45:21.635483+00:00,2.2584871
2025-08-05 14:45:34.252212+00:00,2.2584876
2025-08-05 14:45:47.276902+00:00,2.2584872
2025-08-05 14:45:59.702568+00:00,2.2584872
2025-08-05 14:46:12.570806+00:00,2.2584871
2025-08-05 14:46:25.460020+00:00,2.2584867
2025-08-05 14:46:38.174691+00:00,2.2584869
2025-08-05 14:46:50.989411+00:00,2.2584878
2025-08-05 14:47:03.841902+00:00,2.2584871
2025-08-05 14:47:16.638926+00:00,2.2584875
2025-08-05 14:47:29.268447+00:00,2.2584874
2025-08-05 14:47:42.301358+00:00,2.2584875
2025-08-05 14:47:54.729024+00:00,2.2584874
2025-08-05 14:48:08.019299+00:00,2.2584873
2025-08-05 14:48:20.835834+00:00,2.2584877
2025-08-05 14:48:34.159871+00:00,2.2584879
2025-08-05 14:48:46.122769+00:00,2.2584875
2025-08-05 14:48:59.840262+00:00,2.2584879
2025-08-05 14:49:12.841797+00:00,2.258488
2025-08-05 14:49:25.918005+00:00,2.2584873
2025-08-05 14:49:37.694810+00:00,2.2584873
2025-08-05 14:49:50.556048+00:00,2.2584874
2025-08-05 14:50:03.465561+00:00,2.2584879
2025-08-05 14:50:16.344465+00:00,2.2584876
2025-08-05 14:50:30.047210+00:00,2.2584876
2025-08-05 14:50:41.921238+00:00,2.2584872
2025-08-05 14:50:54.609555+00:00,2.2584872
2025-08-05 14:51:07.811002+00:00,2.2584877
2025-08-05 14:51:20.313515+00:00,2.2584871
2025-08-05 14:51:33.757672+00:00,2.2584877
2025-08-05 14:51:46.088394+00:00,2.2584872
2025-08-05 14:51:58.776079+00:00,2.2584873
2025-08-05 14:52:12.744696+00:00,2.2584874
2025-08-05 14:52:24.516245+00:00,2.2584879
2025-08-05 14:52:39.236243+00:00,2.2584872
2025-08-05 14:52:50.103187+00:00,2.2584874
2025-08-05 14:53:02.573422+00:00,2.2584871
2025-08-05 14:53:15.857717+00:00,2.2584876
2025-08-05 14:53:27.685072+00:00,2.2584877
2025-08-05 14:53:40.631729+00:00,2.2584876
2025-08-05 14:53:53.003110+00:00,2.2584873
2025-08-05 14:54:05.898038+00:00,2.2584872
2025-08-05 14:54:18.696934+00:00,2.2584872
2025-08-05 14:54:33.383371+00:00,2.2584871
2025-08-05 14:54:44.343502+00:00,2.2584871
2025-08-05 14:54:57.267995+00:00,2.2584877
2025-08-05 14:55:11.140072+00:00,2.2584869
2025-08-05 14:55:22.865250+00:00,2.2584876
2025-08-05 14:55:35.700564+00:00,2.2584872
2025-08-05 14:55:48.152129+00:00,2.2584877
2025-08-05 14:56:00.847656+00:00,2.2584876
2025-08-05 14:56:13.636068+00:00,2.2584876
2025-08-05 14:56:26.931173+00:00,2.2584874
2025-08-05 14:56:39.161092+00:00,2.2584872
2025-08-05 14:56:51.831878+00:00,2.2584878
2025-08-05 14:57:04.637705+00:00,2.258488
2025-08-05 14:57:17.362148+00:00,2.2584874
2025-08-05 14:57:31.364355+00:00,2.2584876
2025-08-05 14:57:43.538841+00:00,2.2584871
2025-08-05 14:57:55.765393+00:00,2.2584875
2025-08-05 14:58:08.800215+00:00,2.2584869
2025-08-05 14:58:21.608212+00:00,2.2584875
2025-08-05 14:58:34.414515+00:00,2.2584867
2025-08-05 14:58:47.191640+00:00,2.2584873
2025-08-05 14:59:00.222064+00:00,2.2584875
2025-08-05 14:59:13.120850+00:00,2.2584876
2025-08-05 14:59:26.084062+00:00,2.2584875
2025-08-05 14:59:38.996182+00:00,2.2584872
2025-08-05 14:59:51.644000+00:00,2.2584876
2025-08-05 15:00:04.898262+00:00,2.2584877
2025-08-05 15:00:18.106573+00:00,2.2584873
2025-08-05 15:00:33.137476+00:00,2.2584871
2025-08-05 15:00:42.852872+00:00,2.2584878
2025-08-05 15:00:56.256399+00:00,2.2584875
2025-08-05 15:01:08.522768+00:00,2.2584871
2025-08-05 15:01:21.514022+00:00,2.2584868
2025-08-05 15:01:34.886757+00:00,2.2584873
2025-08-05 15:01:47.219793+00:00,2.2584874
2025-08-05 15:02:01.194135+00:00,2.2584874
2025-08-05 15:02:12.741482+00:00,2.2584877
2025-08-05 15:02:25.371913+00:00,2.2584872
2025-08-05 15:02:38.133457+00:00,2.2584872
2025-08-05 15:02:51.367018+00:00,2.258487
2025-08-05 15:03:03.534581+00:00,2.2584872
2025-08-05 15:03:17.451248+00:00,2.2584869
2025-08-05 15:03:29.816694+00:00,2.2584872
2025-08-05 15:03:41.999578+00:00,2.2584878
2025-08-05 15:03:54.283392+00:00,2.2584877
2025-08-05 15:04:07.415069+00:00,2.258488
2025-08-05 15:04:20.355327+00:00,2.2584872
2025-08-05 15:04:33.010092+00:00,2.258488
2025-08-05 15:04:46.074450+00:00,2.2584881
2025-08-05 15:04:58.322794+00:00,2.258487
2025-08-05 15:05:11.292113+00:00,2.2584878
2025-08-05 15:05:25.198968+00:00,2.2584873
2025-08-05 15:05:36.504278+00:00,2.2584878
2025-08-05 15:05:49.321344+00:00,2.258487
2025-08-05 15:06:02.467743+00:00,2.2584873
2025-08-05 15:06:14.741881+00:00,2.2584875
2025-08-05 15:06:27.846463+00:00,2.2584872
2025-08-05 15:06:41.404661+00:00,2.2584878
2025-08-05 15:06:53.585260+00:00,2.258487
2025-08-05 15:07:06.037447+00:00,2.2584875
2025-08-05 15:07:18.869527+00:00,2.2584876
2025-08-05 15:07:33.001570+00:00,2.2584878
2025-08-05 15:07:44.904438+00:00,2.2584878
2025-08-05 15:07:57.306912+00:00,2.2584872
2025-08-05 15:08:10.432190+00:00,2.2584875
2025-08-05 15:08:23.539192+00:00,2.2584869
2025-08-05 15:08:37.203143+00:00,2.2584876
2025-08-05 15:08:49.968365+00:00,2.2584874
2025-08-05 15:09:02.492729+00:00,2.2584874
2025-08-05 15:09:15.351179+00:00,2.2584878
2025-08-05 15:09:27.897682+00:00,2.2584872
2025-08-05 15:09:40.671526+00:00,2.2584873
2025-08-05 15:09:53.441804+00:00,2.2584869
2025-08-05 15:10:08.752717+00:00,2.2584869
2025-08-05 15:10:19.144969+00:00,2.2584873
2025-08-05 15:10:32.357377+00:00,2.2584878
2025-08-05 15:10:44.918102+00:00,2.2584878
2025-08-05 15:10:57.726172+00:00,2.2584877
2025-08-05 15:11:10.196818+00:00,2.2584871
2025-08-05 15:11:22.782692+00:00,2.2584872
2025-08-05 15:11:35.290007+00:00,2.258487
2025-08-05 15:11:48.300555+00:00,2.2584875
2025-08-05 15:12:00.781883+00:00,2.2584879
2025-08-05 15:12:13.716947+00:00,2.2584874
2025-08-05 15:12:26.498098+00:00,2.2584872
2025-08-05 15:12:39.259101+00:00,2.2584876
2025-08-05 15:12:52.011174+00:00,2.2584876
2025-08-05 15:13:04.870476+00:00,2.2584879
2025-08-05 15:13:17.976869+00:00,2.2584868
2025-08-05 15:13:30.642426+00:00,2.2584876
2025-08-05 15:13:43.609516+00:00,2.2584877
2025-08-05 15:13:56.144359+00:00,2.2584875
2025-08-05 15:14:10.824592+00:00,2.2584875
2025-08-05 15:14:22.084551+00:00,2.2584871
2025-08-05 15:14:34.374622+00:00,2.2584873
2025-08-05 15:14:47.097930+00:00,2.2584872
2025-08-05 15:14:59.906106+00:00,2.258488
2025-08-05 15:15:13.732543+00:00,2.2584872
2025-08-05 15:15:25.374269+00:00,2.2584874
2025-08-05 15:15:38.917931+00:00,2.2584878
2025-08-05 15:15:50.788405+00:00,2.2584871
2025-08-05 15:16:03.983380+00:00,2.2584868
2025-08-05 15:16:16.968388+00:00,2.2584875
2025-08-05 15:16:28.980753+00:00,2.2584868
2025-08-05 15:16:41.803507+00:00,2.2584872
2025-08-05 15:16:54.923118+00:00,2.2584873
2025-08-05 15:17:07.653541+00:00,2.2584878
2025-08-05 15:17:21.240047+00:00,2.2584875
2025-08-05 15:17:34.550544+00:00,2.2584872
2025-08-05 15:17:46.620911+00:00,2.2584879
2025-08-05 15:17:59.244794+00:00,2.2584871
2025-08-05 15:18:12.155001+00:00,2.2584872
2025-08-05 15:18:25.151981+00:00,2.2584869
2025-08-05 15:18:37.818850+00:00,2.2584876
2025-08-05 15:18:50.667057+00:00,2.2584876
2025-08-05 15:19:03.453224+00:00,2.2584873
2025-08-05 15:19:17.691270+00:00,2.2584872
2025-08-05 15:19:29.335099+00:00,2.2584872
2025-08-05 15:19:43.276119+00:00,2.2584875
2025-08-05 15:19:54.918866+00:00,2.2584877
2025-08-05 15:20:08.075559+00:00,2.2584868
2025-08-05 15:20:20.524300+00:00,2.2584871
2025-08-05 15:20:33.295411+00:00,2.2584872
2025-08-05 15:20:45.922384+00:00,2.2584874
2025-08-05 15:20:58.846052+00:00,2.2584871
2025-08-05 15:21:11.066719+00:00,2.2584874
2025-08-05 15:21:23.789633+00:00,2.2584874
2025-08-05 15:21:37.021013+00:00,2.2584876
2025-08-05 15:21:49.322136+00:00,2.2584875
2025-08-05 15:22:03.164905+00:00,2.2584875
2025-08-05 15:22:15.740275+00:00,2.258487
2025-08-05 15:22:27.974824+00:00,2.2584877
2025-08-05 15:22:40.798708+00:00,2.2584879
2025-08-05 15:22:53.624006+00:00,2.258488
2025-08-05 15:23:06.538885+00:00,2.2584872
2025-08-05 15:23:20.470739+00:00,2.2584877
2025-08-05 15:23:32.453959+00:00,2.2584869
2025-08-05 15:23:44.688035+00:00,2.2584878
2025-08-05 15:23:57.554555+00:00,2.2584879
2025-08-05 15:24:10.178870+00:00,2.2584875
2025-08-05 15:24:23.478353+00:00,2.2584873
2025-08-05 15:24:35.623358+00:00,2.2584875
2025-08-05 15:24:48.426439+00:00,2.2584872
2025-08-05 15:25:01.519163+00:00,2.2584875
2025-08-05 15:25:13.854028+00:00,2.2584873
2025-08-05 15:25:28.754598+00:00,2.2584878
2025-08-05 15:25:39.684798+00:00,2.2584872
2025-08-05 15:25:52.965767+00:00,2.2584877
2025-08-05 15:26:05.427178+00:00,2.2584876
2025-08-05 15:26:18.309858+00:00,2.2584878
2025-08-05 15:26:31.042708+00:00,2.2584876
2025-08-05 15:26:44.719546+00:00,2.2584869
2025-08-05 15:26:58.622651+00:00,2.2584876
2025-08-05 15:27:10.150517+00:00,2.2584872
2025-08-05 15:27:22.870143+00:00,2.2584872
2025-08-05 15:27:35.371342+00:00,2.2584871
2025-08-05 15:27:48.162768+00:00,2.2584879
2025-08-05 15:28:01.036693+00:00,2.2584875
2025-08-05 15:28:13.765296+00:00,2.2584871
2025-08-05 15:28:27.425202+00:00,2.2584875
2025-08-05 15:28:39.292944+00:00,2.2584873
2025-08-05 15:28:52.198354+00:00,2.2584873
2025-08-05 15:29:05.212536+00:00,2.2584873
2025-08-05 15:29:18.245667+00:00,2.2584875
2025-08-05 15:29:30.936084+00:00,2.258487
2025-08-05 15:29:43.209279+00:00,2.2584881
2025-08-05 15:29:56.840670+00:00,2.2584874
2025-08-05 15:30:08.925387+00:00,2.2584874
2025-08-05 15:30:21.354197+00:00,2.2584875
2025-08-05 15:30:34.082865+00:00,2.258488
2025-08-05 15:30:47.690155+00:00,2.2584875
2025-08-05 15:30:59.560948+00:00,2.2584871
2025-08-05 15:31:12.544744+00:00,2.2584873
2025-08-05 15:31:25.930761+00:00,2.2584875
2025-08-05 15:31:39.089703+00:00,2.2584876
2025-08-05 15:31:51.122892+00:00,2.2584873
2025-08-05 15:32:03.839034+00:00,2.2584877
2025-08-05 15:32:16.839907+00:00,2.2584875
2025-08-05 15:32:29.302373+00:00,2.2584875
2025-08-05 15:32:42.536170+00:00,2.2584865
2025-08-05 15:32:55.130355+00:00,2.2584873
2025-08-05 15:33:08.047657+00:00,2.2584872
2025-08-05 15:33:20.814138+00:00,2.2584878
2025-08-05 15:33:33.550910+00:00,2.2584871
2025-08-05 15:33:46.558646+00:00,2.2584873
2025-08-05 15:33:59.170178+00:00,2.2584877
2025-08-05 15:34:12.249202+00:00,2.2584875
2025-08-05 15:34:24.919244+00:00,2.2584875
2025-08-05 15:34:37.722310+00:00,2.2584873
2025-08-05 15:34:50.873417+00:00,2.2584871
2025-08-05 15:35:03.602478+00:00,2.2584877
2025-08-05 15:35:16.379453+00:00,2.2584877
2025-08-05 15:35:29.340609+00:00,2.2584875
2025-08-05 15:35:42.173270+00:00,2.2584877
2025-08-05 15:35:54.892002+00:00,2.2584869
2025-08-05 15:36:07.916764+00:00,2.2584873
2025-08-05 15:36:20.968396+00:00,2.2584875
2025-08-05 15:36:33.537695+00:00,2.258487
2025-08-05 15:36:47.462503+00:00,2.2584879
2025-08-05 15:36:58.905887+00:00,2.2584875
2025-08-05 15:37:12.564912+00:00,2.2584876
2025-08-05 15:37:25.389471+00:00,2.2584874
2025-08-05 15:37:37.681447+00:00,2.2584875
2025-08-05 15:37:51.360520+00:00,2.258488
2025-08-05 15:38:04.758158+00:00,2.2584876
2025-08-05 15:38:15.594830+00:00,2.258487
2025-08-05 15:38:28.175203+00:00,2.2584878
2025-08-05 15:38:41.258802+00:00,2.2584873
2025-08-05 15:38:56.344754+00:00,2.2584872
2025-08-05 15:39:06.347156+00:00,2.2584874
2025-08-05 15:39:19.101432+00:00,2.2584872
2025-08-05 15:39:32.067090+00:00,2.2584873
2025-08-05 15:39:44.908548+00:00,2.258488
2025-08-05 15:39:58.706809+00:00,2.2584873
2025-08-05 15:40:12.502160+00:00,2.2584871
2025-08-05 15:40:23.336178+00:00,2.258487
2025-08-05 15:40:36.078831+00:00,2.2584879
2025-08-05 15:40:48.877023+00:00,2.2584876
2025-08-05 15:41:02.074793+00:00,2.2584877
2025-08-05 15:41:14.207065+00:00,2.2584876
2025-08-05 15:41:26.968840+00:00,2.2584872
2025-08-05 15:41:41.614809+00:00,2.2584872
2025-08-05 15:41:52.340791+00:00,2.2584873
2025-08-05 15:42:05.118613+00:00,2.258488
2025-08-05 15:42:17.951273+00:00,2.2584879
2025-08-05 15:42:31.490745+00:00,2.2584878
2025-08-05 15:42:44.959688+00:00,2.258487
2025-08-05 15:42:56.628986+00:00,2.2584876
2025-08-05 15:43:09.898316+00:00,2.2584875
2025-08-05 15:43:22.390885+00:00,2.2584872
2025-08-05 15:43:36.029770+00:00,2.2584879
2025-08-05 15:43:48.389933+00:00,2.2584879
2025-08-05 15:44:01.173297+00:00,2.2584873
2025-08-05 15:44:13.911021+00:00,2.2584872
2025-08-05 15:44:27.242783+00:00,2.2584877
2025-08-05 15:44:39.908330+00:00,2.2584875
2025-08-05 15:44:52.783108+00:00,2.2584875
2025-08-05 15:45:05.712268+00:00,2.2584874
2025-08-05 15:45:18.603763+00:00,2.2584873
2025-08-05 15:45:32.499995+00:00,2.2584876
2025-08-05 15:45:44.377639+00:00,2.2584877
2025-08-05 15:45:57.243540+00:00,2.2584878
2025-08-05 15:46:10.187664+00:00,2.2584874
2025-08-05 15:46:22.927009+00:00,2.2584877
2025-08-05 15:46:35.807560+00:00,2.2584873
2025-08-05 15:46:48.197992+00:00,2.2584873
2025-08-05 15:47:01.018745+00:00,2.2584865
2025-08-05 15:47:13.492856+00:00,2.2584876
2025-08-05 15:47:26.148217+00:00,2.2584876
2025-08-05 15:47:38.556215+00:00,2.2584878
2025-08-05 15:47:51.614884+00:00,2.2584877
2025-08-05 15:48:04.615787+00:00,2.2584873
2025-08-05 15:48:17.516271+00:00,2.2584873
2025-08-05 15:48:30.195176+00:00,2.2584875
2025-08-05 15:48:42.890065+00:00,2.2584872
2025-08-05 15:48:57.405779+00:00,2.2584876
2025-08-05 15:49:08.558268+00:00,2.258487
2025-08-05 15:49:21.196365+00:00,2.2584875
2025-08-05 15:49:33.873811+00:00,2.2584877
2025-08-05 15:49:46.938516+00:00,2.2584869
2025-08-05 15:49:59.557384+00:00,2.2584873
2025-08-05 15:50:12.511975+00:00,2.2584876
2025-08-05 15:50:25.146076+00:00,2.2584871
2025-08-05 15:50:38.128179+00:00,2.2584877
2025-08-05 15:50:50.917925+00:00,2.2584874
2025-08-05 15:51:04.727595+00:00,2.2584868
2025-08-05 15:51:16.987087+00:00,2.2584869
2025-08-05 15:51:29.819538+00:00,2.2584879
2025-08-05 15:51:42.936306+00:00,2.2584877
2025-08-05 15:51:55.926057+00:00,2.2584872
2025-08-05 15:52:08.813646+00:00,2.2584871
2025-08-05 15:52:21.758574+00:00,2.2584874
2025-08-05 15:52:34.738493+00:00,2.2584878
2025-08-05 15:52:48.102032+00:00,2.2584879
2025-08-05 15:53:01.108415+00:00,2.2584874
2025-08-05 15:53:13.516027+00:00,2.2584871
2025-08-05 15:53:26.160937+00:00,2.2584873
2025-08-05 15:53:38.958077+00:00,2.2584872
2025-08-05 15:53:51.824574+00:00,2.258487
2025-08-05 15:54:05.774125+00:00,2.2584879
2025-08-05 15:54:17.556181+00:00,2.2584873
2025-08-05 15:54:30.442460+00:00,2.2584874
2025-08-05 15:54:43.585249+00:00,2.2584877
2025-08-05 15:54:56.233504+00:00,2.2584871
2025-08-05 15:55:09.988870+00:00,2.2584873
2025-08-05 15:55:22.156070+00:00,2.2584871
2025-08-05 15:55:37.039318+00:00,2.2584877
2025-08-05 15:55:47.342680+00:00,2.258487
2025-08-05 15:55:59.321854+00:00,2.2584874
2025-08-05 15:56:11.804993+00:00,2.2584875
2025-08-05 15:56:24.546514+00:00,2.2584874
2025-08-05 15:56:37.861949+00:00,2.2584874
2025-08-05 15:56:50.335248+00:00,2.2584874
2025-08-05 15:57:03.173504+00:00,2.2584872
2025-08-05 15:57:16.226163+00:00,2.2584871
2025-08-05 15:57:28.662105+00:00,2.2584875
2025-08-05 15:57:41.435188+00:00,2.2584878
2025-08-05 15:57:54.194875+00:00,2.2584875
2025-08-05 15:58:06.767182+00:00,2.2584871
2025-08-05 15:58:20.128252+00:00,2.2584875
2025-08-05 15:58:32.450411+00:00,2.2584871
2025-08-05 15:58:45.208789+00:00,2.2584874
2025-08-05 15:58:58.147990+00:00,2.258488
2025-08-05 15:59:10.583001+00:00,2.2584876
2025-08-05 15:59:23.551109+00:00,2.2584875
2025-08-05 15:59:36.284382+00:00,2.2584879
2025-08-05 15:59:48.959215+00:00,2.2584874
2025-08-05 16:00:02.064282+00:00,2.2584879
2025-08-05 16:00:16.634220+00:00,2.2584876
2025-08-05 16:00:28.202860+00:00,2.2584877
2025-08-05 16:00:40.647283+00:00,2.258487
2025-08-05 16:00:53.299869+00:00,2.2584873
2025-08-05 16:01:07.996455+00:00,2.258487
2025-08-05 16:01:18.990167+00:00,2.258487
2025-08-05 16:01:31.874492+00:00,2.2584877
2025-08-05 16:01:44.906376+00:00,2.2584877
2025-08-05 16:01:57.721765+00:00,2.2584875
2025-08-05 16:02:10.736994+00:00,2.2584875
2025-08-05 16:02:23.369409+00:00,2.2584873
2025-08-05 16:02:36.132959+00:00,2.2584875
2025-08-05 16:02:50.679516+00:00,2.258487
2025-08-05 16:03:02.551230+00:00,2.2584878
2025-08-05 16:03:14.632705+00:00,2.2584874
2025-08-05 16:03:27.482661+00:00,2.2584879
2025-08-05 16:03:40.420951+00:00,2.2584881
2025-08-05 16:03:53.188454+00:00,2.2584877
2025-08-05 16:04:05.404922+00:00,2.2584878
2025-08-05 16:04:19.333679+00:00,2.2584881
2025-08-05 16:04:31.752205+00:00,2.2584872
2025-08-05 16:04:44.235763+00:00,2.2584877
2025-08-05 16:04:56.319951+00:00,2.2584872
2025-08-05 16:05:09.200315+00:00,2.2584876
2025-08-05 16:05:22.101330+00:00,2.2584874
2025-08-05 16:05:35.319637+00:00,2.2584879
2025-08-05 16:05:47.683161+00:00,2.2584873
2025-08-05 16:06:00.418239+00:00,2.2584873
2025-08-05 16:06:13.816685+00:00,2.2584868
2025-08-05 16:06:25.925512+00:00,2.258487
2025-08-05 16:06:38.591389+00:00,2.2584867
2025-08-05 16:06:51.396655+00:00,2.2584874
2025-08-05 16:07:04.324702+00:00,2.2584873
2025-08-05 16:07:17.019847+00:00,2.2584873
2025-08-05 16:07:29.603915+00:00,2.2584873
2025-08-05 16:07:42.360255+00:00,2.2584875
2025-08-05 16:07:56.094225+00:00,2.2584869
2025-08-05 16:08:07.801931+00:00,2.2584871
2025-08-05 16:08:21.166495+00:00,2.2584877
2025-08-05 16:08:33.964152+00:00,2.2584874
2025-08-05 16:08:46.292992+00:00,2.2584878
2025-08-05 16:09:00.424320+00:00,2.2584872
2025-08-05 16:09:12.386579+00:00,2.2584871
2025-08-05 16:09:24.933563+00:00,2.2584875
2025-08-05 16:09:37.651415+00:00,2.2584869
2025-08-05 16:09:50.749297+00:00,2.2584874
2025-08-05 16:10:03.778265+00:00,2.2584873
2025-08-05 16:10:17.644342+00:00,2.2584874
2025-08-05 16:10:29.529738+00:00,2.2584873
2025-08-05 16:10:43.432150+00:00,2.2584871
2025-08-05 16:10:55.082598+00:00,2.2584867
2025-08-05 16:11:08.240563+00:00,2.2584871
2025-08-05 16:11:20.662690+00:00,2.2584874
2025-08-05 16:11:33.483634+00:00,2.258488
2025-08-05 16:11:46.462950+00:00,2.2584871
2025-08-05 16:11:59.806992+00:00,2.2584871
2025-08-05 16:12:12.104525+00:00,2.2584874
2025-08-05 16:12:24.680577+00:00,2.2584868
2025-08-05 16:12:37.284175+00:00,2.2584876
2025-08-05 16:12:50.195094+00:00,2.2584871
2025-08-05 16:13:03.520789+00:00,2.2584876
2025-08-05 16:13:16.250882+00:00,2.2584879
2025-08-05 16:13:28.249412+00:00,2.2584875
2025-08-05 16:13:41.612642+00:00,2.2584876
2025-08-05 16:13:53.776823+00:00,2.258487
2025-08-05 16:14:07.194093+00:00,2.2584878
2025-08-05 16:14:20.050876+00:00,2.2584874
2025-08-05 16:14:32.305984+00:00,2.2584879
2025-08-05 16:14:44.965455+00:00,2.2584876
2025-08-05 16:14:57.712231+00:00,2.2584877
2025-08-05 16:15:10.616134+00:00,2.2584878
2025-08-05 16:15:23.426307+00:00,2.2584868
2025-08-05 16:15:36.068224+00:00,2.2584878
2025-08-05 16:15:48.680040+00:00,2.2584877
2025-08-05 16:16:03.173269+00:00,2.2584869
2025-08-05 16:16:14.192493+00:00,2.2584869
2025-08-05 16:16:26.856959+00:00,2.2584874
2025-08-05 16:16:39.792917+00:00,2.2584876
2025-08-05 16:16:52.433132+00:00,2.2584869
2025-08-05 16:17:06.245257+00:00,2.2584877
2025-08-05 16:17:17.915096+00:00,2.2584877
2025-08-05 16:17:30.909257+00:00,2.2584876
2025-08-05 16:17:44.015131+00:00,2.258487
2025-08-05 16:17:57.091949+00:00,2.2584873
2025-08-05 16:18:09.636113+00:00,2.2584872
2025-08-05 16:18:22.372592+00:00,2.2584881
2025-08-05 16:18:35.216101+00:00,2.2584874
2025-08-05 16:18:48.156836+00:00,2.2584881
2025-08-05 16:19:02.301839+00:00,2.2584876
2025-08-05 16:19:14.246346+00:00,2.2584877
2025-08-05 16:19:27.075752+00:00,2.2584874
2025-08-05 16:19:42.764356+00:00,2.2584876
2025-08-05 16:19:52.787508+00:00,2.2584872
2025-08-05 16:20:05.851655+00:00,2.258488
2025-08-05 16:20:18.707022+00:00,2.2584876
2025-08-05 16:20:31.722993+00:00,2.2584878
2025-08-05 16:20:44.510848+00:00,2.2584871
2025-08-05 16:20:56.828855+00:00,2.2584874
2025-08-05 16:21:09.793674+00:00,2.2584877
2025-08-05 16:21:22.677322+00:00,2.2584874
2025-08-05 16:21:36.577700+00:00,2.2584877
2025-08-05 16:21:48.152721+00:00,2.2584872
2025-08-05 16:22:03.133357+00:00,2.258488
2025-08-05 16:22:13.603768+00:00,2.258487
2025-08-05 16:22:27.134460+00:00,2.2584872
2025-08-05 16:22:39.366470+00:00,2.2584871
2025-08-05 16:22:51.351516+00:00,2.2584873
2025-08-05 16:23:04.627654+00:00,2.2584869
2025-08-05 16:23:17.511250+00:00,2.2584867
2025-08-05 16:23:30.603652+00:00,2.258487
2025-08-05 16:23:42.578724+00:00,2.258488
2025-08-05 16:23:55.416663+00:00,2.2584877
2025-08-05 16:24:08.143366+00:00,2.2584874
2025-08-05 16:24:20.805417+00:00,2.2584869
2025-08-05 16:24:34.516064+00:00,2.2584873
2025-08-05 16:24:47.915709+00:00,2.2584875
2025-08-05 16:24:58.870195+00:00,2.2584875
2025-08-05 16:25:12.526178+00:00,2.2584875
2025-08-05 16:25:24.583630+00:00,2.2584872
2025-08-05 16:25:38.263088+00:00,2.2584881
2025-08-05 16:25:50.287783+00:00,2.2584876
2025-08-05 16:26:03.398858+00:00,2.2584876
2025-08-05 16:26:15.566651+00:00,2.2584877
2025-08-05 16:26:28.030738+00:00,2.2584878
2025-08-05 16:26:40.752723+00:00,2.2584877
2025-08-05 16:26:53.939373+00:00,2.2584871
2025-08-05 16:27:06.666854+00:00,2.2584872
2025-08-05 16:27:19.526589+00:00,2.2584871
2025-08-05 16:27:32.371294+00:00,2.2584872
2025-08-05 16:27:45.687392+00:00,2.2584872
2025-08-05 16:27:58.038024+00:00,2.2584873
2025-08-05 16:28:12.280053+00:00,2.2584869
2025-08-05 16:28:24.581271+00:00,2.2584878
2025-08-05 16:28:36.911109+00:00,2.2584871
2025-08-05 16:28:50.582245+00:00,2.258487
2025-08-05 16:29:02.719041+00:00,2.2584872
2025-08-05 16:29:17.633420+00:00,2.258487
2025-08-05 16:29:28.166238+00:00,2.2584875
2025-08-05 16:29:41.424760+00:00,2.2584877
2025-08-05 16:29:54.282283+00:00,2.2584873
2025-08-05 16:30:07.159589+00:00,2.2584872
2025-08-05 16:30:20.126385+00:00,2.2584871
2025-08-05 16:30:33.344170+00:00,2.2584876
2025-08-05 16:30:45.692977+00:00,2.2584875
2025-08-05 16:30:59.016586+00:00,2.2584874
2025-08-05 16:31:11.032700+00:00,2.2584869
2025-08-05 16:31:23.400786+00:00,2.2584866
2025-08-05 16:31:36.046956+00:00,2.2584872
2025-08-05 16:31:48.761412+00:00,2.2584867
2025-08-05 16:32:01.758104+00:00,2.2584874
2025-08-05 16:32:14.532782+00:00,2.2584874
2025-08-05 16:32:26.841030+00:00,2.2584878
2025-08-05 16:32:39.439891+00:00,2.2584879
2025-08-05 16:32:52.235110+00:00,2.2584875
2025-08-05 16:33:05.222171+00:00,2.2584873
2025-08-05 16:33:17.852109+00:00,2.2584878
2025-08-05 16:33:30.795172+00:00,2.2584874
2025-08-05 16:33:43.444418+00:00,2.2584872
2025-08-05 16:33:55.957381+00:00,2.2584875
2025-08-05 16:34:09.011912+00:00,2.2584876
2025-08-05 16:34:21.403721+00:00,2.2584877
2025-08-05 16:34:34.379173+00:00,2.2584879
2025-08-05 16:34:46.944342+00:00,2.258488
2025-08-05 16:34:59.700204+00:00,2.2584873
2025-08-05 16:35:13.302079+00:00,2.2584872
2025-08-05 16:35:25.826061+00:00,2.2584873
2025-08-05 16:35:38.133587+00:00,2.2584877
2025-08-05 16:35:50.461786+00:00,2.2584875
2025-08-05 16:36:03.758661+00:00,2.2584869
2025-08-05 16:36:15.803505+00:00,2.2584874
2025-08-05 16:36:28.655114+00:00,2.2584869
2025-08-05 16:36:42.215964+00:00,2.258487
2025-08-05 16:36:54.840948+00:00,2.2584871
2025-08-05 16:37:07.574416+00:00,2.2584875
2025-08-05 16:37:20.410703+00:00,2.2584874
2025-08-05 16:37:35.308974+00:00,2.2584873
2025-08-05 16:37:46.151187+00:00,2.2584873
2025-08-05 16:37:58.730132+00:00,2.2584878
2025-08-05 16:38:11.553254+00:00,2.2584875
2025-08-05 16:38:24.983372+00:00,2.2584871
2025-08-05 16:38:37.257142+00:00,2.2584874
2025-08-05 16:38:49.917857+00:00,2.258488
2025-08-05 16:39:02.981439+00:00,2.2584871
2025-08-05 16:39:15.750320+00:00,2.258487
2025-08-05 16:39:28.482482+00:00,2.2584871
2025-08-05 16:39:41.065911+00:00,2.2584874
2025-08-05 16:39:53.828037+00:00,2.2584873
2025-08-05 16:40:06.738411+00:00,2.2584874
2025-08-05 16:40:20.122014+00:00,2.2584877
2025-08-05 16:40:31.965702+00:00,2.2584877
2025-08-05 16:40:45.667808+00:00,2.2584871
2025-08-05 16:40:57.327401+00:00,2.2584876
2025-08-05 16:41:10.339790+00:00,2.2584875
2025-08-05 16:41:22.787788+00:00,2.2584869
2025-08-05 16:41:35.983642+00:00,2.2584874
2025-08-05 16:41:48.914365+00:00,2.2584871
2025-08-05 16:42:01.085999+00:00,2.2584869
2025-08-05 16:42:13.662767+00:00,2.2584878
2025-08-05 16:42:26.398363+00:00,2.2584874
2025-08-05 16:42:39.170865+00:00,2.2584876
2025-08-05 16:42:52.071216+00:00,2.2584877
2025-08-05 16:43:04.967255+00:00,2.2584871
2025-08-05 16:43:19.215100+00:00,2.2584871
2025-08-05 16:43:31.111652+00:00,2.2584872
2025-08-05 16:43:43.321875+00:00,2.2584871
2025-08-05 16:43:56.270503+00:00,2.2584877
2025-08-05 16:44:11.080726+00:00,2.2584869
2025-08-05 16:44:23.112576+00:00,2.2584875
2025-08-05 16:44:35.338189+00:00,2.2584878
2025-08-05 16:44:47.662779+00:00,2.2584871
2025-08-05 16:44:59.843495+00:00,2.2584875
2025-08-05 16:45:13.471650+00:00,2.2584871
2025-08-05 16:45:25.298476+00:00,2.2584878
2025-08-05 16:45:38.653264+00:00,2.2584872
2025-08-05 16:45:50.843880+00:00,2.2584881
2025-08-05 16:46:03.679424+00:00,2.2584872
2025-08-05 16:46:17.419513+00:00,2.2584869
2025-08-05 16:46:29.600475+00:00,2.2584874
2025-08-05 16:46:42.529877+00:00,2.2584873
2025-08-05 16:46:55.525021+00:00,2.2584872
2025-08-05 16:47:09.588010+00:00,2.2584875
2025-08-05 16:47:21.357745+00:00,2.2584876
2025-08-05 16:47:34.165756+00:00,2.258487
2025-08-05 16:47:47.342032+00:00,2.2584873
2025-08-05 16:48:00.158882+00:00,2.258487
2025-08-05 16:48:13.056891+00:00,2.2584872
2025-08-05 16:48:25.835515+00:00,2.2584876
2025-08-05 16:48:38.851883+00:00,2.258487
2025-08-05 16:48:52.566681+00:00,2.2584871
2025-08-05 16:49:04.967904+00:00,2.2584873
2025-08-05 16:49:17.715998+00:00,2.2584876
2025-08-05 16:49:31.005226+00:00,2.2584878
2025-08-05 16:49:43.346982+00:00,2.2584869
2025-08-05 16:49:57.306443+00:00,2.2584876
2025-08-05 16:50:08.808015+00:00,2.2584873
2025-08-05 16:50:21.505352+00:00,2.2584872
2025-08-05 16:50:34.156215+00:00,2.2584875
2025-08-05 16:50:47.055891+00:00,2.2584871
2025-08-05 16:50:59.576328+00:00,2.2584878
2025-08-05 16:51:12.496574+00:00,2.2584873
2025-08-05 16:51:25.828996+00:00,2.2584876
2025-08-05 16:51:39.443417+00:00,2.2584875
2025-08-05 16:51:51.073839+00:00,2.2584876
2025-08-05 16:52:04.820640+00:00,2.2584876
2025-08-05 16:52:16.872304+00:00,2.2584876
2025-08-05 16:52:29.698527+00:00,2.2584871
2025-08-05 16:52:42.409789+00:00,2.2584876
2025-08-05 16:52:55.087256+00:00,2.2584873
2025-08-05 16:53:07.971776+00:00,2.2584874
2025-08-05 16:53:20.727081+00:00,2.258487
2025-08-05 16:53:34.464520+00:00,2.2584878
2025-08-05 16:53:47.625415+00:00,2.258487
2025-08-05 16:54:00.093595+00:00,2.2584873
2025-08-05 16:54:12.210247+00:00,2.2584873
2025-08-05 16:54:24.585069+00:00,2.2584878
2025-08-05 16:54:38.002511+00:00,2.2584874
2025-08-05 16:54:50.298892+00:00,2.2584875
2025-08-05 16:55:03.781440+00:00,2.2584876
2025-08-05 16:55:16.284600+00:00,2.2584876
2025-08-05 16:55:30.063372+00:00,2.2584879
2025-08-05 16:55:41.458569+00:00,2.2584871
2025-08-05 16:55:54.241754+00:00,2.2584874
2025-08-05 16:56:07.290154+00:00,2.2584877
2025-08-05 16:56:19.971696+00:00,2.2584879
2025-08-05 16:56:32.907369+00:00,2.258487
2025-08-05 16:56:45.940702+00:00,2.2584874
2025-08-05 16:56:58.931276+00:00,2.2584874
2025-08-05 16:57:12.218002+00:00,2.2584875
2025-08-05 16:57:24.532888+00:00,2.2584878
2025-08-05 16:57:38.112313+00:00,2.2584871
2025-08-05 16:57:51.412030+00:00,2.258487
2025-08-05 16:58:03.948357+00:00,2.2584875
2025-08-05 16:58:15.765081+00:00,2.2584875
2025-08-05 16:58:28.462030+00:00,2.2584869
2025-08-05 16:58:42.135626+00:00,2.2584872
2025-08-05 16:58:54.887889+00:00,2.2584872
2025-08-05 16:59:07.043757+00:00,2.2584878
2025-08-05 16:59:19.945762+00:00,2.2584876
2025-08-05 16:59:33.425855+00:00,2.2584875
2025-08-05 16:59:44.947260+00:00,2.2584879
2025-08-05 16:59:58.262438+00:00,2.2584872
2025-08-05 17:00:10.159141+00:00,2.2584871
2025-08-05 17:00:23.379149+00:00,2.2584874
2025-08-05 17:00:36.415864+00:00,2.2584877
2025-08-05 17:00:48.502715+00:00,2.2584873
2025-08-05 17:01:01.422385+00:00,2.2584875
2025-08-05 17:01:14.720832+00:00,2.2584871
2025-08-05 17:01:26.585235+00:00,2.2584879
2025-08-05 17:01:39.526481+00:00,2.2584877
2025-08-05 17:01:52.767403+00:00,2.2584879
2025-08-05 17:02:05.233079+00:00,2.2584871
2025-08-05 17:02:18.073420+00:00,2.2584875
2025-08-05 17:02:30.832581+00:00,2.2584871
2025-08-05 17:02:44.171133+00:00,2.2584875
2025-08-05 17:02:56.833239+00:00,2.2584878
2025-08-05 17:03:09.170942+00:00,2.2584872
2025-08-05 17:03:21.867702+00:00,2.2584873
2025-08-05 17:03:36.136241+00:00,2.2584872
2025-08-05 17:03:47.461515+00:00,2.258487
2025-08-05 17:04:00.209865+00:00,2.2584872
2025-08-05 17:04:13.667155+00:00,2.2584876
2025-08-05 17:04:26.532049+00:00,2.2584869
2025-08-05 17:04:38.856421+00:00,2.2584878
2025-08-05 17:04:51.356317+00:00,2.2584877
2025-08-05 17:05:06.108895+00:00,2.2584872
2025-08-05 17:05:17.751254+00:00,2.2584877
2025-08-05 17:05:29.984658+00:00,2.258487
2025-08-05 17:05:43.021858+00:00,2.2584876
2025-08-05 17:05:55.953700+00:00,2.2584875
2025-08-05 17:06:08.816167+00:00,2.2584874
2025-08-05 17:06:22.136591+00:00,2.2584869
2025-08-05 17:06:34.587683+00:00,2.2584872
2025-08-05 17:06:47.557473+00:00,2.2584875
2025-08-05 17:07:00.531257+00:00,2.2584868
2025-08-05 17:07:13.503459+00:00,2.2584873
2025-08-05 17:07:28.060008+00:00,2.2584876
2025-08-05 17:07:38.901716+00:00,2.2584877
2025-08-05 17:07:51.791113+00:00,2.2584877
2025-08-05 17:08:05.071728+00:00,2.258487
2025-08-05 17:08:17.704841+00:00,2.2584877
2025-08-05 17:08:30.770314+00:00,2.2584871
2025-08-05 17:08:43.379779+00:00,2.2584871
2025-08-05 17:08:56.327962+00:00,2.258487
2025-08-05 17:09:10.219262+00:00,2.2584873
2025-08-05 17:09:21.840184+00:00,2.258487
2025-08-05 17:09:35.215970+00:00,2.2584878
2025-08-05 17:09:47.242991+00:00,2.2584871
2025-08-05 17:09:59.289259+00:00,2.2584877
2025-08-05 17:10:12.411233+00:00,2.2584867
2025-08-05 17:10:24.807296+00:00,2.2584873
2025-08-05 17:10:37.706777+00:00,2.2584879
2025-08-05 17:10:50.952524+00:00,2.2584869
2025-08-05 17:11:05.513392+00:00,2.2584878
2025-08-05 17:11:16.060820+00:00,2.2584872
2025-08-05 17:11:29.055401+00:00,2.258487
2025-08-05 17:11:41.489587+00:00,2.2584873
2025-08-05 17:11:54.664888+00:00,2.2584871
2025-08-05 17:12:08.471321+00:00,2.2584873
2025-08-05 17:12:19.871794+00:00,2.2584876
2025-08-05 17:12:32.889672+00:00,2.2584872
2025-08-05 17:12:46.838796+00:00,2.2584872
2025-08-05 17:12:58.604803+00:00,2.2584869
2025-08-05 17:13:14.368533+00:00,2.2584878
2025-08-05 17:13:24.022118+00:00,2.2584876
2025-08-05 17:13:36.988558+00:00,2.2584873
2025-08-05 17:13:49.477718+00:00,2.2584875
2025-08-05 17:14:02.241367+00:00,2.2584877
2025-08-05 17:14:14.863853+00:00,2.2584882
2025-08-05 17:14:27.736041+00:00,2.2584874
2025-08-05 17:14:40.700405+00:00,2.2584876
2025-08-05 17:14:53.335555+00:00,2.2584878
2025-08-05 17:15:06.094864+00:00,2.2584881
2025-08-05 17:15:19.628000+00:00,2.2584872
2025-08-05 17:15:35.681595+00:00,2.2584873
2025-08-05 17:15:45.422382+00:00,2.2584879
2025-08-05 17:15:57.734296+00:00,2.2584876
2025-08-05 17:16:11.352049+00:00,2.2584873
2025-08-05 17:16:25.131768+00:00,2.2584879
2025-08-05 17:16:36.741919+00:00,2.2584878
2025-08-05 17:16:51.629727+00:00,2.2584879
2025-08-05 17:17:02.992460+00:00,2.2584872
2025-08-05 17:17:15.474946+00:00,2.258488
2025-08-05 17:17:28.072147+00:00,2.2584877
2025-08-05 17:17:40.875624+00:00,2.2584874
2025-08-05 17:17:53.870777+00:00,2.2584874
2025-08-05 17:18:08.199569+00:00,2.2584869
2025-08-05 17:18:19.887339+00:00,2.2584873
2025-08-05 17:18:32.642319+00:00,2.2584876
2025-08-05 17:18:45.394473+00:00,2.2584869
2025-08-05 17:18:58.528999+00:00,2.258487
2025-08-05 17:19:11.019827+00:00,2.2584876
2025-08-05 17:19:23.460238+00:00,2.2584876
2025-08-05 17:19:36.146843+00:00,2.2584874
2025-08-05 17:19:48.702009+00:00,2.2584877
2025-08-05 17:20:01.252902+00:00,2.258487
2025-08-05 17:20:14.194062+00:00,2.2584869
2025-08-05 17:20:27.129972+00:00,2.2584872
2025-08-05 17:20:39.872095+00:00,2.2584878
2025-08-05 17:20:52.711173+00:00,2.2584874
2025-08-05 17:21:05.635872+00:00,2.2584878
2025-08-05 17:21:18.386267+00:00,2.2584879
2025-08-05 17:21:31.625482+00:00,2.2584872
2025-08-05 17:21:43.684413+00:00,2.2584873
2025-08-05 17:21:56.715970+00:00,2.2584878
2025-08-05 17:22:09.263036+00:00,2.2584873
2025-08-05 17:22:21.952419+00:00,2.258487
2025-08-05 17:22:34.872808+00:00,2.2584874
2025-08-05 17:22:47.639413+00:00,2.2584878
2025-08-05 17:23:00.490669+00:00,2.2584874
2025-08-05 17:23:13.123268+00:00,2.2584878
2025-08-05 17:23:26.051448+00:00,2.2584876
2025-08-05 17:23:38.664851+00:00,2.2584877
2025-08-05 17:23:51.926331+00:00,2.2584879
2025-08-05 17:24:08.631181+00:00,2.2584871
2025-08-05 17:24:16.963669+00:00,2.2584871
2025-08-05 17:24:29.426032+00:00,2.2584869
2025-08-05 17:24:42.249799+00:00,2.2584877
2025-08-05 17:24:55.255457+00:00,2.258488
2025-08-05 17:25:10.977082+00:00,2.2584877
2025-08-05 17:25:20.800266+00:00,2.2584877
2025-08-05 17:25:34.002360+00:00,2.2584873
2025-08-05 17:25:47.237312+00:00,2.2584876
2025-08-05 17:26:00.576826+00:00,2.2584877
2025-08-05 17:26:12.593173+00:00,2.258488
2025-08-05 17:26:25.814502+00:00,2.2584877
2025-08-05 17:26:38.253369+00:00,2.2584869
2025-08-05 17:26:51.131149+00:00,2.2584879
2025-08-05 17:27:03.967375+00:00,2.2584877
2025-08-05 17:27:17.014006+00:00,2.2584878
2025-08-05 17:27:29.636253+00:00,2.2584869
2025-08-05 17:27:42.225378+00:00,2.2584875
2025-08-05 17:27:55.139508+00:00,2.2584881
2025-08-05 17:28:11.995937+00:00,2.2584874
2025-08-05 17:28:20.744700+00:00,2.258487
2025-08-05 17:28:33.568564+00:00,2.258488
2025-08-05 17:28:46.555789+00:00,2.2584876
2025-08-05 17:28:59.144266+00:00,2.2584876
2025-08-05 17:29:13.128221+00:00,2.2584872
2025-08-05 17:29:24.703480+00:00,2.258488
2025-08-05 17:29:37.401981+00:00,2.2584876
2025-08-05 17:29:50.293734+00:00,2.2584871
2025-08-05 17:30:02.784702+00:00,2.2584882
2025-08-05 17:30:16.124496+00:00,2.2584873
2025-08-05 17:30:28.295462+00:00,2.2584876
2025-08-05 17:30:40.675049+00:00,2.2584875
2025-08-05 17:30:54.344054+00:00,2.258488
2025-08-05 17:31:06.739957+00:00,2.2584877
2025-08-05 17:31:19.388799+00:00,2.2584871
2025-08-05 17:31:32.780901+00:00,2.2584877
2025-08-05 17:31:46.366464+00:00,2.2584871
2025-08-05 17:31:57.714695+00:00,2.2584875
2025-08-05 17:32:10.641705+00:00,2.2584877
2025-08-05 17:32:24.477577+00:00,2.2584874
2025-08-05 17:32:36.132487+00:00,2.2584875
2025-08-05 17:32:48.896029+00:00,2.2584873
2025-08-05 17:33:01.792589+00:00,2.2584871
2025-08-05 17:33:14.831457+00:00,2.2584871
2025-08-05 17:33:27.096753+00:00,2.2584875
2025-08-05 17:33:39.796449+00:00,2.2584878
2025-08-05 17:33:53.113923+00:00,2.2584876
2025-08-05 17:34:06.522588+00:00,2.2584872
2025-08-05 17:34:17.940043+00:00,2.2584871
2025-08-05 17:34:31.707126+00:00,2.2584879
2025-08-05 17:34:44.454298+00:00,2.2584865
2025-08-05 17:34:56.215349+00:00,2.2584873
2025-08-05 17:35:08.897126+00:00,2.2584874
2025-08-05 17:35:21.892310+00:00,2.258487
2025-08-05 17:35:35.081388+00:00,2.2584874
2025-08-05 17:35:47.912123+00:00,2.2584878
2025-08-05 17:36:01.036293+00:00,2.2584876
2025-08-05 17:36:13.677529+00:00,2.2584876
2025-08-05 17:36:27.582887+00:00,2.2584878
2025-08-05 17:36:39.777187+00:00,2.2584871
2025-08-05 17:36:52.452491+00:00,2.2584879
2025-08-05 17:37:06.855449+00:00,2.2584872
2025-08-05 17:37:18.094726+00:00,2.2584876
2025-08-05 17:37:33.296499+00:00,2.2584877
2025-08-05 17:37:43.800149+00:00,2.2584878
2025-08-05 17:37:56.501840+00:00,2.2584875
2025-08-05 17:38:09.994677+00:00,2.2584879
2025-08-05 17:38:22.342066+00:00,2.2584881
2025-08-05 17:38:35.201011+00:00,2.2584878
2025-08-05 17:38:48.629484+00:00,2.2584871
2025-08-05 17:39:00.825766+00:00,2.2584874
2025-08-05 17:39:13.672975+00:00,2.2584869
2025-08-05 17:39:26.082726+00:00,2.2584873
2025-08-05 17:39:38.936993+00:00,2.2584872
2025-08-05 17:39:51.942282+00:00,2.2584874
2025-08-05 17:40:03.955436+00:00,2.2584876
2025-08-05 17:40:17.032348+00:00,2.2584875
2025-08-05 17:40:29.920316+00:00,2.2584877
2025-08-05 17:40:42.363139+00:00,2.2584877
2025-08-05 17:40:55.590712+00:00,2.2584876
2025-08-05 17:41:07.912281+00:00,2.2584874
2025-08-05 17:41:20.706833+00:00,2.2584876
2025-08-05 17:41:33.414052+00:00,2.2584875
2025-08-05 17:41:48.162353+00:00,2.2584878
2025-08-05 17:41:59.118933+00:00,2.2584877
2025-08-05 17:42:11.931549+00:00,2.258488
2025-08-05 17:42:24.788668+00:00,2.2584875
2025-08-05 17:42:38.313752+00:00,2.2584874
2025-08-05 17:42:50.732287+00:00,2.258487
2025-08-05 17:43:03.211229+00:00,2.2584873
2025-08-05 17:43:15.844545+00:00,2.2584878
2025-08-05 17:43:28.456399+00:00,2.2584874
2025-08-05 17:43:41.763303+00:00,2.2584874
2025-08-05 17:43:54.177254+00:00,2.2584872
2025-08-05 17:44:09.083088+00:00,2.2584875
2025-08-05 17:44:19.593169+00:00,2.2584877
2025-08-05 17:44:33.970696+00:00,2.2584877
2025-08-05 17:44:46.067983+00:00,2.2584877
2025-08-05 17:44:57.932858+00:00,2.2584877
2025-08-05 17:45:10.746275+00:00,2.2584873
2025-08-05 17:45:23.580165+00:00,2.2584871
2025-08-05 17:45:36.608087+00:00,2.2584869
2025-08-05 17:45:49.281058+00:00,2.2584872
2025-08-05 17:46:03.399017+00:00,2.2584879
2025-08-05 17:46:15.478278+00:00,2.2584876
2025-08-05 17:46:28.113819+00:00,2.258488
2025-08-05 17:46:41.432692+00:00,2.2584878
2025-08-05 17:46:54.216055+00:00,2.2584873
2025-08-05 17:47:06.935418+00:00,2.2584874
2025-08-05 17:47:19.699087+00:00,2.2584876
2025-08-05 17:47:32.536514+00:00,2.2584874
2025-08-05 17:47:45.272149+00:00,2.2584874
2025-08-05 17:47:58.485047+00:00,2.2584875
2025-08-05 17:48:12.662774+00:00,2.2584871
2025-08-05 17:48:24.133091+00:00,2.2584874
2025-08-05 17:48:36.599022+00:00,2.2584876
2025-08-05 17:48:49.288967+00:00,2.2584881
2025-08-05 17:49:02.199745+00:00,2.2584878
2025-08-05 17:49:15.841472+00:00,2.2584871
2025-08-05 17:49:27.436068+00:00,2.258488
2025-08-05 17:49:39.614845+00:00,2.2584875
2025-08-05 17:49:52.594229+00:00,2.2584879
2025-08-05 17:50:04.732720+00:00,2.2584871
2025-08-05 17:50:18.535313+00:00,2.2584871
2025-08-05 17:50:30.214935+00:00,2.2584877
2025-08-05 17:50:42.717833+00:00,2.258487
2025-08-05 17:50:55.969234+00:00,2.2584872
2025-08-05 17:51:08.437120+00:00,2.2584879
2025-08-05 17:51:21.284034+00:00,2.2584881
2025-08-05 17:51:34.050819+00:00,2.2584877
2025-08-05 17:51:46.895454+00:00,2.2584872
2025-08-05 17:51:59.692637+00:00,2.2584872
2025-08-05 17:52:12.721070+00:00,2.258488
2025-08-05 17:52:25.196547+00:00,2.2584877
2025-08-05 17:52:37.859558+00:00,2.2584872
2025-08-05 17:52:50.632540+00:00,2.2584868
2025-08-05 17:53:03.469854+00:00,2.2584872
2025-08-05 17:53:16.308772+00:00,2.2584876
2025-08-05 17:53:28.985757+00:00,2.2584869
2025-08-05 17:53:41.708348+00:00,2.2584871
2025-08-05 17:53:54.405055+00:00,2.2584872
2025-08-05 17:54:07.191972+00:00,2.2584878
2025-08-05 17:54:20.248260+00:00,2.2584879
2025-08-05 17:54:32.774407+00:00,2.2584874
2025-08-05 17:54:45.291177+00:00,2.2584875
2025-08-05 17:54:58.232540+00:00,2.2584876
2025-08-05 17:55:10.901582+00:00,2.2584872
2025-08-05 17:55:23.897570+00:00,2.2584869
2025-08-05 17:55:36.573878+00:00,2.2584872
2025-08-05 17:55:49.592386+00:00,2.2584877
2025-08-05 17:56:02.391277+00:00,2.2584877
2025-08-05 17:56:15.559531+00:00,2.2584874
2025-08-05 17:56:28.130391+00:00,2.258487
2025-08-05 17:56:41.190774+00:00,2.2584879
2025-08-05 17:56:53.886498+00:00,2.2584877
2025-08-05 17:57:06.730645+00:00,2.2584873
2025-08-05 17:57:19.522570+00:00,2.258488
2025-08-05 17:57:32.566574+00:00,2.2584878
2025-08-05 17:57:45.602516+00:00,2.2584866
2025-08-05 17:57:58.651222+00:00,2.2584872
2025-08-05 17:58:12.042804+00:00,2.2584871
2025-08-05 17:58:24.329326+00:00,2.2584872
2025-08-05 17:58:37.278838+00:00,2.2584878
2025-08-05 17:58:49.365352+00:00,2.2584871
2025-08-05 17:59:04.025549+00:00,2.2584878
2025-08-05 17:59:16.016424+00:00,2.2584871
2025-08-05 17:59:28.134075+00:00,2.2584877
2025-08-05 17:59:40.818181+00:00,2.2584873
2025-08-05 17:59:53.899158+00:00,2.2584878
2025-08-05 18:00:06.258205+00:00,2.2584873
2025-08-05 18:00:19.043046+00:00,2.2584881
2025-08-05 18:00:31.494869+00:00,2.2584878
2025-08-05 18:00:43.948688+00:00,2.258487
2025-08-05 18:00:56.473165+00:00,2.2584877
2025-08-05 18:01:11.345788+00:00,2.258488
2025-08-05 18:01:22.013965+00:00,2.2584875
2025-08-05 18:01:34.471813+00:00,2.258488
2025-08-05 18:01:47.365072+00:00,2.2584878
2025-08-05 18:02:00.684992+00:00,2.2584872
2025-08-05 18:02:13.011965+00:00,2.2584872
2025-08-05 18:02:25.350082+00:00,2.2584877
2025-08-05 18:02:38.288909+00:00,2.2584875
2025-08-05 18:02:52.028977+00:00,2.2584882
2025-08-05 18:03:05.594589+00:00,2.2584877
2025-08-05 18:03:16.668123+00:00,2.2584879
2025-08-05 18:03:29.183063+00:00,2.2584877
2025-08-05 18:03:42.252507+00:00,2.2584872
2025-08-05 18:03:54.710203+00:00,2.2584872
2025-08-05 18:04:07.910931+00:00,2.2584877
2025-08-05 18:04:22.103457+00:00,2.2584871
2025-08-05 18:04:32.796669+00:00,2.2584877
2025-08-05 18:04:46.116688+00:00,2.258487
2025-08-05 18:04:58.628185+00:00,2.2584874
2025-08-05 18:05:11.927252+00:00,2.2584878
2025-08-05 18:05:23.963873+00:00,2.2584872
2025-08-05 18:05:38.301120+00:00,2.2584875
2025-08-05 18:05:50.296963+00:00,2.2584875
2025-08-05 18:06:02.965261+00:00,2.2584875
2025-08-05 18:06:15.525820+00:00,2.2584873
2025-08-05 18:06:28.672474+00:00,2.2584877
2025-08-05 18:06:41.817593+00:00,2.2584876
2025-08-05 18:06:54.291931+00:00,2.2584875
2025-08-05 18:07:08.580700+00:00,2.2584878
2025-08-05 18:07:20.124592+00:00,2.2584873
2025-08-05 18:07:33.269160+00:00,2.2584872
2025-08-05 18:07:47.537453+00:00,2.2584872
2025-08-05 18:07:58.350536+00:00,2.2584872
2025-08-05 18:08:11.730942+00:00,2.2584877
2025-08-05 18:08:24.000945+00:00,2.2584871
2025-08-05 18:08:37.049086+00:00,2.2584872
2025-08-05 18:08:49.776430+00:00,2.258487
2025-08-05 18:09:02.627056+00:00,2.2584876
2025-08-05 18:09:15.522663+00:00,2.2584876
2025-08-05 18:09:28.391872+00:00,2.2584873
2025-08-05 18:09:41.597834+00:00,2.258488
2025-08-05 18:09:53.688498+00:00,2.2584877
2025-08-05 18:10:07.930087+00:00,2.2584873
2025-08-05 18:10:18.836545+00:00,2.2584879
2025-08-05 18:10:32.743108+00:00,2.2584871
2025-08-05 18:10:44.206575+00:00,2.2584877
2025-08-05 18:10:56.742368+00:00,2.2584876
2025-08-05 18:11:10.003448+00:00,2.2584879
2025-08-05 18:11:23.153881+00:00,2.2584873
2025-08-05 18:11:34.642655+00:00,2.2584872
2025-08-05 18:11:49.967506+00:00,2.2584875
2025-08-05 18:12:00.236313+00:00,2.2584876
2025-08-05 18:12:13.445744+00:00,2.2584877
2025-08-05 18:12:25.638887+00:00,2.258488
2025-08-05 18:12:38.397798+00:00,2.2584878
2025-08-05 18:12:51.267554+00:00,2.2584876
2025-08-05 18:13:04.414492+00:00,2.2584882
2025-08-05 18:13:17.122020+00:00,2.2584871
2025-08-05 18:13:29.236780+00:00,2.2584874
2025-08-05 18:13:41.869394+00:00,2.2584872
2025-08-05 18:13:54.551485+00:00,2.2584876
2025-08-05 18:14:07.599314+00:00,2.2584877
2025-08-05 18:14:20.164475+00:00,2.2584874
2025-08-05 18:14:34.033754+00:00,2.2584876
2025-08-05 18:14:45.884676+00:00,2.258487
2025-08-05 18:14:58.657501+00:00,2.2584872
2025-08-05 18:15:11.229724+00:00,2.2584874
2025-08-05 18:15:23.844850+00:00,2.2584875
2025-08-05 18:15:36.489007+00:00,2.2584875
2025-08-05 18:15:49.446049+00:00,2.2584872
2025-08-05 18:16:03.788737+00:00,2.2584874
2025-08-05 18:16:15.589427+00:00,2.2584876
2025-08-05 18:16:31.165505+00:00,2.2584871
2025-08-05 18:16:41.922594+00:00,2.2584872
2025-08-05 18:16:54.063973+00:00,2.2584871
2025-08-05 18:17:07.321911+00:00,2.258487
2025-08-05 18:17:20.383965+00:00,2.2584876
2025-08-05 18:17:34.921382+00:00,2.2584875
2025-08-05 18:17:45.587567+00:00,2.2584873
2025-08-05 18:17:58.592686+00:00,2.2584881
2025-08-05 18:18:11.626659+00:00,2.2584874
2025-08-05 18:18:24.341434+00:00,2.2584879
2025-08-05 18:18:37.710163+00:00,2.2584874
2025-08-05 18:18:49.769837+00:00,2.2584875
2025-08-05 18:19:02.920856+00:00,2.258488
2025-08-05 18:19:16.639767+00:00,2.258487
2025-08-05 18:19:28.380588+00:00,2.2584874
2025-08-05 18:19:40.907677+00:00,2.2584872
2025-08-05 18:19:53.594583+00:00,2.2584873
2025-08-05 18:20:06.763879+00:00,2.258488
2025-08-05 18:20:19.348885+00:00,2.258488
2025-08-05 18:20:32.064950+00:00,2.2584877
2025-08-05 18:20:44.734384+00:00,2.2584873
2025-08-05 18:20:58.384635+00:00,2.2584874
2025-08-05 18:21:11.167677+00:00,2.2584881
2025-08-05 18:21:23.705356+00:00,2.2584875
2025-08-05 18:21:36.122543+00:00,2.2584874
2025-08-05 18:21:48.816511+00:00,2.2584875
2025-08-05 18:22:01.693272+00:00,2.2584881
2025-08-05 18:22:14.336695+00:00,2.2584875
2025-08-05 18:22:27.585016+00:00,2.2584873
2025-08-05 18:22:40.093486+00:00,2.2584879
2025-08-05 18:22:52.741298+00:00,2.2584872
2025-08-05 18:23:05.568852+00:00,2.2584882
2025-08-05 18:23:19.283054+00:00,2.2584877
2025-08-05 18:23:32.194158+00:00,2.2584873
2025-08-05 18:23:43.740224+00:00,2.2584871
2025-08-05 18:23:57.023015+00:00,2.2584875
2025-08-05 18:24:09.550156+00:00,2.2584877
2025-08-05 18:24:22.564318+00:00,2.2584873
2025-08-05 18:24:35.263024+00:00,2.2584874
2025-08-05 18:24:47.522185+00:00,2.258487
2025-08-05 18:25:00.761411+00:00,2.2584879
2025-08-05 18:25:13.049168+00:00,2.2584872
2025-08-05 18:25:25.933419+00:00,2.2584875
2025-08-05 18:25:39.023622+00:00,2.2584874
2025-08-05 18:25:51.987337+00:00,2.2584879
2025-08-05 18:26:05.577066+00:00,2.2584877
2025-08-05 18:26:18.186501+00:00,2.2584869
2025-08-05 18:26:30.769770+00:00,2.2584877
2025-08-05 18:26:48.674303+00:00,2.2584875
2025-08-05 18:26:56.901869+00:00,2.2584878
2025-08-05 18:27:09.694174+00:00,2.2584878
2025-08-05 18:27:22.181615+00:00,2.2584877
2025-08-05 18:27:35.381489+00:00,2.2584873
2025-08-05 18:27:47.848930+00:00,2.2584871
2025-08-05 18:28:00.586589+00:00,2.2584878
2025-08-05 18:28:13.248548+00:00,2.2584873
2025-08-05 18:28:26.033376+00:00,2.2584869
2025-08-05 18:28:38.976276+00:00,2.2584878
2025-08-05 18:28:51.875258+00:00,2.2584878
2025-08-05 18:29:05.382730+00:00,2.2584875
2025-08-05 18:29:17.228156+00:00,2.2584875
2025-08-05 18:29:29.772144+00:00,2.2584872
2025-08-05 18:29:42.906708+00:00,2.2584876
2025-08-05 18:29:54.845289+00:00,2.2584879
2025-08-05 18:30:07.588751+00:00,2.2584877
2025-08-05 18:30:20.239335+00:00,2.2584872
2025-08-05 18:30:32.966217+00:00,2.2584875
2025-08-05 18:30:45.861459+00:00,2.2584876
2025-08-05 18:30:58.707402+00:00,2.2584876
2025-08-05 18:31:11.342568+00:00,2.2584873
2025-08-05 18:31:24.135353+00:00,2.2584872
2025-08-05 18:31:36.920897+00:00,2.2584871
2025-08-05 18:31:49.645389+00:00,2.2584877
2025-08-05 18:32:03.302365+00:00,2.2584877
2025-08-05 18:32:15.067489+00:00,2.2584871
2025-08-05 18:32:27.648804+00:00,2.2584871
2025-08-05 18:32:40.301489+00:00,2.2584873
2025-08-05 18:32:53.662326+00:00,2.2584876
2025-08-05 18:33:06.517768+00:00,2.2584877
2025-08-05 18:33:18.476203+00:00,2.2584873
2025-08-05 18:33:31.040903+00:00,2.2584878
2025-08-05 18:33:44.666321+00:00,2.2584869
2025-08-05 18:33:56.851795+00:00,2.2584878
2025-08-05 18:34:09.466670+00:00,2.2584879
2025-08-05 18:34:22.309855+00:00,2.2584872
2025-08-05 18:34:35.522705+00:00,2.2584876
2025-08-05 18:34:48.270015+00:00,2.2584872
2025-08-05 18:35:01.038987+00:00,2.2584869
2025-08-05 18:35:13.915578+00:00,2.2584875
2025-08-05 18:35:26.915932+00:00,2.2584877
2025-08-05 18:35:39.479261+00:00,2.2584872
2025-08-05 18:35:52.373233+00:00,2.2584876
2025-08-05 18:36:05.556041+00:00,2.2584877
2025-08-05 18:36:19.065063+00:00,2.2584878
2025-08-05 18:36:31.163241+00:00,2.2584873
2025-08-05 18:36:44.109158+00:00,2.2584872
2025-08-05 18:36:58.695211+00:00,2.2584875
2025-08-05 18:37:10.646862+00:00,2.258488
2025-08-05 18:37:22.881938+00:00,2.2584874
2025-08-05 18:37:35.778509+00:00,2.2584878
2025-08-05 18:37:49.061276+00:00,2.258488
2025-08-05 18:38:01.512321+00:00,2.2584871
2025-08-05 18:38:14.174980+00:00,2.2584875
2025-08-05 18:38:26.719295+00:00,2.2584879
2025-08-05 18:38:39.381455+00:00,2.2584872
2025-08-05 18:38:52.195878+00:00,2.2584874
2025-08-05 18:39:07.917792+00:00,2.2584874
2025-08-05 18:39:17.669457+00:00,2.2584872
2025-08-05 18:39:30.616858+00:00,2.2584875
2025-08-05 18:39:43.512258+00:00,2.2584871
2025-08-05 18:39:56.611407+00:00,2.2584871
2025-08-05 18:40:09.223826+00:00,2.2584875
2025-08-05 18:40:21.769238+00:00,2.2584876
2025-08-05 18:40:34.508115+00:00,2.2584877
2025-08-05 18:40:47.756409+00:00,2.2584879
2025-08-05 18:41:00.246987+00:00,2.2584871
2025-08-05 18:41:15.007335+00:00,2.2584871
2025-08-05 18:41:25.672684+00:00,2.2584872
2025-08-05 18:41:38.533389+00:00,2.2584875
2025-08-05 18:41:51.193657+00:00,2.2584875
2025-08-05 18:42:03.820922+00:00,2.2584873
2025-08-05 18:42:16.567153+00:00,2.2584879
2025-08-05 18:42:31.033439+00:00,2.2584877
2025-08-05 18:42:43.092340+00:00,2.2584875
2025-08-05 18:42:55.975165+00:00,2.2584871
2025-08-05 18:43:07.561974+00:00,2.2584877
2025-08-05 18:43:20.299163+00:00,2.2584879
2025-08-05 18:43:33.578685+00:00,2.2584873
2025-08-05 18:43:46.044298+00:00,2.2584866
2025-08-05 18:43:58.914442+00:00,2.2584871
2025-08-05 18:44:11.658458+00:00,2.2584878
2025-08-05 18:44:24.079752+00:00,2.2584877
2025-08-05 18:44:36.860944+00:00,2.2584874
2025-08-05 18:44:50.038429+00:00,2.2584873
2025-08-05 18:45:03.235501+00:00,2.2584879
2025-08-05 18:45:18.286737+00:00,2.2584876
2025-08-05 18:45:28.967543+00:00,2.2584871
2025-08-05 18:45:42.002724+00:00,2.2584874
2025-08-05 18:45:54.566923+00:00,2.2584882
2025-08-05 18:46:09.170750+00:00,2.2584874
2025-08-05 18:46:20.431305+00:00,2.2584875
2025-08-05 18:46:33.757228+00:00,2.2584875
2025-08-05 18:46:46.742811+00:00,2.2584875
2025-08-05 18:46:58.525350+00:00,2.2584879
2025-08-05 18:47:11.469434+00:00,2.2584876
2025-08-05 18:47:24.816661+00:00,2.2584875
2025-08-05 18:47:37.385598+00:00,2.2584879
2025-08-05 18:47:50.375655+00:00,2.2584871
2025-08-05 18:48:02.755311+00:00,2.2584875
2025-08-05 18:48:15.848532+00:00,2.2584879
2025-08-05 18:48:27.941913+00:00,2.258488
2025-08-05 18:48:40.489525+00:00,2.2584872
2025-08-05 18:48:53.541429+00:00,2.2584871
2025-08-05 18:49:06.296322+00:00,2.2584878
2025-08-05 18:49:20.024837+00:00,2.2584875
2025-08-05 18:49:31.859145+00:00,2.2584866
2025-08-05 18:49:44.433429+00:00,2.2584872
2025-08-05 18:49:57.661101+00:00,2.2584878
2025-08-05 18:50:09.998203+00:00,2.2584876
2025-08-05 18:50:23.022090+00:00,2.2584879
2025-08-05 18:50:36.312312+00:00,2.2584877
2025-08-05 18:50:49.226304+00:00,2.2584875
2025-08-05 18:51:02.629047+00:00,2.2584876
2025-08-05 18:51:15.672399+00:00,2.2584874
2025-08-05 18:51:27.013629+00:00,2.2584874
2025-08-05 18:51:40.720202+00:00,2.2584872
2025-08-05 18:51:52.329771+00:00,2.2584872
2025-08-05 18:52:05.082065+00:00,2.2584878
2025-08-05 18:52:17.967669+00:00,2.2584874
2025-08-05 18:52:30.506097+00:00,2.2584875
2025-08-05 18:52:43.247370+00:00,2.2584879
2025-08-05 18:52:55.944807+00:00,2.2584879
2025-08-05 18:53:08.781368+00:00,2.2584881
2025-08-05 18:53:21.420535+00:00,2.2584874
2025-08-05 18:53:34.870002+00:00,2.2584869
2025-08-05 18:53:46.940977+00:00,2.2584878
2025-08-05 18:53:59.879293+00:00,2.2584875
2025-08-05 18:54:12.601597+00:00,2.2584881
2025-08-05 18:54:25.869303+00:00,2.2584879
2025-08-05 18:54:38.419143+00:00,2.2584875
2025-08-05 18:54:52.198910+00:00,2.2584876
2025-08-05 18:55:04.439716+00:00,2.2584878
2025-08-05 18:55:17.187359+00:00,2.2584875
2025-08-05 18:55:31.628089+00:00,2.2584871
2025-08-05 18:55:43.195377+00:00,2.2584873
2025-08-05 18:55:55.882679+00:00,2.2584879
2025-08-05 18:56:09.259741+00:00,2.2584883
2025-08-05 18:56:21.450154+00:00,2.2584876
2025-08-05 18:56:34.297289+00:00,2.2584878
2025-08-05 18:56:47.602483+00:00,2.2584878
2025-08-05 18:57:00.064513+00:00,2.2584876
2025-08-05 18:57:13.303374+00:00,2.2584879
2025-08-05 18:57:25.932419+00:00,2.2584872
2025-08-05 18:57:38.614677+00:00,2.2584876
2025-08-05 18:57:52.493322+00:00,2.2584874
2025-08-05 18:58:04.114925+00:00,2.2584883
2025-08-05 18:58:16.570626+00:00,2.2584872
2025-08-05 18:58:29.025464+00:00,2.2584875
2025-08-05 18:58:41.702508+00:00,2.2584876
2025-08-05 18:58:55.300521+00:00,2.2584879
2025-08-05 18:59:07.302592+00:00,2.2584882
2025-08-05 18:59:20.063310+00:00,2.2584876
2025-08-05 18:59:32.970456+00:00,2.2584867
2025-08-05 18:59:45.444300+00:00,2.2584868
2025-08-05 18:59:58.218625+00:00,2.2584874
2025-08-05 19:00:11.037873+00:00,2.2584879
2025-08-05 19:00:23.916448+00:00,2.2584877
2025-08-05 19:00:36.460313+00:00,2.2584876
2025-08-05 19:00:50.270081+00:00,2.2584878
2025-08-05 19:01:01.996185+00:00,2.2584875
2025-08-05 19:01:14.651551+00:00,2.2584879
2025-08-05 19:01:27.182879+00:00,2.2584874
2025-08-05 19:01:41.775596+00:00,2.258488
2025-08-05 19:01:52.504385+00:00,2.2584876
2025-08-05 19:02:05.758497+00:00,2.2584871
2025-08-05 19:02:18.042963+00:00,2.2584875
2025-08-05 19:02:30.709741+00:00,2.2584876
2025-08-05 19:02:43.268058+00:00,2.2584878
2025-08-05 19:02:56.335301+00:00,2.2584874
2025-08-05 19:03:09.141850+00:00,2.2584875
2025-08-05 19:03:21.733395+00:00,2.2584877
2025-08-05 19:03:34.675349+00:00,2.2584873
2025-08-05 19:03:47.579631+00:00,2.2584873
2025-08-05 19:04:00.289066+00:00,2.2584871
2025-08-05 19:04:13.365946+00:00,2.2584873
2025-08-05 19:04:26.175169+00:00,2.2584876
2025-08-05 19:04:39.403571+00:00,2.2584879
2025-08-05 19:04:52.064629+00:00,2.2584871
2025-08-05 19:05:05.238314+00:00,2.2584869
2025-08-05 19:05:17.983809+00:00,2.2584875
2025-08-05 19:05:32.710175+00:00,2.2584876
2025-08-05 19:05:43.540269+00:00,2.2584873
2025-08-05 19:05:56.423465+00:00,2.258487
2025-08-05 19:06:09.531175+00:00,2.2584876
2025-08-05 19:06:22.036661+00:00,2.2584877
2025-08-05 19:06:35.053144+00:00,2.2584872
2025-08-05 19:06:47.778660+00:00,2.2584878
2025-08-05 19:07:00.672102+00:00,2.2584876
2025-08-05 19:07:14.196908+00:00,2.2584878
2025-08-05 19:07:25.809372+00:00,2.2584878
2025-08-05 19:07:38.771804+00:00,2.2584877
2025-08-05 19:07:51.304183+00:00,2.2584881
2025-08-05 19:08:04.207929+00:00,2.2584872
2025-08-05 19:08:16.782304+00:00,2.2584873
2025-08-05 19:08:29.141226+00:00,2.2584881
2025-08-05 19:08:41.900062+00:00,2.2584881
2025-08-05 19:08:54.884333+00:00,2.2584873
2025-08-05 19:09:07.329636+00:00,2.2584875
2025-08-05 19:09:20.425444+00:00,2.2584873
2025-08-05 19:09:33.264414+00:00,2.2584875
2025-08-05 19:09:45.842585+00:00,2.2584875
2025-08-05 19:09:58.626047+00:00,2.2584872
2025-08-05 19:10:12.457051+00:00,2.2584874
2025-08-05 19:10:26.637475+00:00,2.2584879
2025-08-05 19:10:36.853042+00:00,2.2584873
2025-08-05 19:10:49.560260+00:00,2.258487
2025-08-05 19:11:02.848547+00:00,2.2584878
2025-08-05 19:11:15.017438+00:00,2.2584881
2025-08-05 19:11:27.899135+00:00,2.2584878
2025-08-05 19:11:41.461721+00:00,2.2584875
2025-08-05 19:11:55.074942+00:00,2.2584879
2025-08-05 19:12:05.924009+00:00,2.2584875
2025-08-05 19:12:18.743944+00:00,2.2584875
2025-08-05 19:12:31.492208+00:00,2.2584873
2025-08-05 19:12:44.390485+00:00,2.2584882
2025-08-05 19:12:57.383406+00:00,2.2584872
2025-08-05 19:13:10.167312+00:00,2.2584878
2025-08-05 19:13:23.289912+00:00,2.2584869
2025-08-05 19:13:35.952776+00:00,2.2584875
2025-08-05 19:13:48.922089+00:00,2.2584881
2025-08-05 19:14:02.030719+00:00,2.2584879
2025-08-05 19:14:14.825847+00:00,2.2584872
2025-08-05 19:14:27.921045+00:00,2.2584872
2025-08-05 19:14:40.408215+00:00,2.2584879
2025-08-05 19:14:53.541072+00:00,2.258487
2025-08-05 19:15:05.967092+00:00,2.2584876
2025-08-05 19:15:18.740579+00:00,2.2584878
2025-08-05 19:15:32.072610+00:00,2.2584873
2025-08-05 19:15:44.177423+00:00,2.2584871
2025-08-05 19:15:58.652467+00:00,2.2584874
2025-08-05 19:16:10.126960+00:00,2.2584879
2025-08-05 19:16:22.416179+00:00,2.2584876
2025-08-05 19:16:36.060718+00:00,2.2584879
2025-08-05 19:16:49.257053+00:00,2.2584874
2025-08-05 19:17:00.375645+00:00,2.258488
2025-08-05 19:17:12.918693+00:00,2.258487
2025-08-05 19:17:25.678494+00:00,2.2584873
2025-08-05 19:17:38.950466+00:00,2.2584868
2025-08-05 19:17:51.196694+00:00,2.2584881
2025-08-05 19:18:04.015767+00:00,2.2584877
2025-08-05 19:18:16.820120+00:00,2.2584872
2025-08-05 19:18:29.866598+00:00,2.2584875
2025-08-05 19:18:42.243494+00:00,2.2584873
2025-08-05 19:18:55.792229+00:00,2.2584879
2025-08-05 19:19:08.323592+00:00,2.2584876
2025-08-05 19:19:21.890229+00:00,2.2584876
2025-08-05 19:19:34.309835+00:00,2.2584867
2025-08-05 19:19:46.693323+00:00,2.2584876
2025-08-05 19:19:58.589221+00:00,2.258488
2025-08-05 19:20:14.132259+00:00,2.2584875
2025-08-05 19:20:24.581532+00:00,2.2584872
2025-08-05 19:20:37.294323+00:00,2.2584877
2025-08-05 19:20:49.688554+00:00,2.2584872
2025-08-05 19:21:02.473692+00:00,2.2584873
2025-08-05 19:21:14.992295+00:00,2.2584878
2025-08-05 19:21:28.223273+00:00,2.2584874
2025-08-05 19:21:41.421398+00:00,2.2584875
2025-08-05 19:21:54.295223+00:00,2.2584874
2025-08-05 19:22:05.642569+00:00,2.258488
2025-08-05 19:22:18.566902+00:00,2.2584879
2025-08-05 19:22:31.637203+00:00,2.2584873
2025-08-05 19:22:44.402164+00:00,2.2584874
2025-08-05 19:22:57.597001+00:00,2.2584871
2025-08-05 19:23:10.763653+00:00,2.2584877
2025-08-05 19:23:23.228150+00:00,2.2584858
2025-08-05 19:23:36.196207+00:00,2.2584878
2025-08-05 19:23:49.146339+00:00,2.2584873
2025-08-05 19:24:02.962272+00:00,2.258488
2025-08-05 19:24:14.742243+00:00,2.258488
2025-08-05 19:24:27.263486+00:00,2.2584877
2025-08-05 19:24:40.924667+00:00,2.2584877
2025-08-05 19:24:54.093002+00:00,2.2584871
2025-08-05 19:25:06.668848+00:00,2.2584872
2025-08-05 19:25:18.817166+00:00,2.2584869
2025-08-05 19:25:31.939792+00:00,2.2584875
2025-08-05 19:25:44.831434+00:00,2.2584876
2025-08-05 19:25:57.111218+00:00,2.2584878
2025-08-05 19:26:10.114536+00:00,2.2584871
2025-08-05 19:26:22.571669+00:00,2.2584874
2025-08-05 19:26:36.094483+00:00,2.2584869
2025-08-05 19:26:47.955712+00:00,2.2584872
2025-08-05 19:27:13.113081+00:00,2.258488
2025-08-05 19:27:25.760008+00:00,2.2584869
2025-08-05 19:27:51.123716+00:00,2.2584876
2025-08-05 19:28:05.421673+00:00,2.2584873
2025-08-05 19:28:16.897498+00:00,2.2584871
2025-08-05 19:28:29.454854+00:00,2.2584869
2025-08-05 19:28:42.203376+00:00,2.2584874
2025-08-05 19:28:54.948502+00:00,2.2584872
2025-08-05 19:29:07.841412+00:00,2.2584878
2025-08-05 19:29:21.053407+00:00,2.2584863
2025-08-05 19:29:33.721725+00:00,2.2584875
2025-08-05 19:29:46.252674+00:00,2.258487
2025-08-05 19:29:59.264190+00:00,2.2584876
2025-08-05 19:30:12.349922+00:00,2.2584873
2025-08-05 19:30:24.253516+00:00,2.258487
2025-08-05 19:30:39.123138+00:00,2.2584882
2025-08-05 19:30:50.540103+00:00,2.2584878
2025-08-05 19:31:02.445196+00:00,2.2584878
2025-08-05 19:31:15.327148+00:00,2.2584867
2025-08-05 19:31:27.802051+00:00,2.2584876
2025-08-05 19:31:40.607495+00:00,2.2584875
2025-08-05 19:31:53.255475+00:00,2.2584869
2025-08-05 19:32:06.328969+00:00,2.2584878
2025-08-05 19:32:19.140246+00:00,2.2584876
2025-08-05 19:32:35.533752+00:00,2.2584864
2025-08-05 19:32:44.805930+00:00,2.2584871
2025-08-05 19:32:58.268261+00:00,2.258487
2025-08-05 19:33:11.626738+00:00,2.2584868
2025-08-05 19:33:36.930780+00:00,2.2584881
2025-08-05 19:33:49.291077+00:00,2.2584871
2025-08-05 19:34:27.774245+00:00,2.2584875
2025-08-05 19:34:53.139336+00:00,2.258488
2025-08-05 19:35:18.692170+00:00,2.2584876
2025-08-05 19:35:31.415682+00:00,2.2584871
2025-08-05 19:35:44.588546+00:00,2.2584868
2025-08-05 19:35:57.378534+00:00,2.2584875
2025-08-05 19:36:22.239572+00:00,2.2584877
2025-08-05 19:36:48.121778+00:00,2.2584875
2025-08-05 19:39:57.099466+00:00,2.2584864
2025-08-05 19:40:35.813075+00:00,2.2584875
2025-08-05 19:41:51.652748+00:00,2.2584881
