time,counts_ratio
2025-08-13 06:18:24.987908+00:00,2.2584872
2025-08-13 06:22:42.431994+00:00,2.258486
2025-08-13 06:22:56.332543+00:00,2.2584879
2025-08-13 06:23:12.867371+00:00,2.2584879
2025-08-13 06:23:34.729244+00:00,2.2584865
2025-08-13 06:23:47.232745+00:00,2.2584881
2025-08-13 06:24:00.057501+00:00,2.2584871
2025-08-13 06:24:25.809337+00:00,2.2584878
2025-08-13 06:24:51.378925+00:00,2.2584868
2025-08-13 06:25:06.688445+00:00,2.2584873
2025-08-13 06:25:43.869296+00:00,2.2584868
2025-08-13 06:26:01.938005+00:00,2.2584879
2025-08-13 06:26:09.086217+00:00,2.2584863
2025-08-13 06:26:21.647217+00:00,2.2584873
2025-08-13 06:26:35.194686+00:00,2.2584877
2025-08-13 06:26:49.058908+00:00,2.2584874
2025-08-13 06:27:13.043092+00:00,2.2584877
2025-08-13 06:27:25.613726+00:00,2.258488
2025-08-13 06:27:39.654372+00:00,2.2584878
2025-08-13 06:27:51.060082+00:00,2.2584863
2025-08-13 06:28:05.043908+00:00,2.258488
2025-08-13 06:28:18.860073+00:00,2.2584868
2025-08-13 06:28:30.904861+00:00,2.2584867
2025-08-13 06:28:43.917444+00:00,2.2584871
2025-08-13 06:29:36.649023+00:00,2.2584872
2025-08-13 06:29:49.026444+00:00,2.2584866
2025-08-13 06:30:02.557365+00:00,2.2584867
2025-08-13 06:30:15.248054+00:00,2.258487
2025-08-13 06:30:27.988896+00:00,2.2584878
2025-08-13 06:30:47.982783+00:00,2.258487
2025-08-13 06:30:53.660571+00:00,2.2584869
2025-08-13 06:31:07.721596+00:00,2.2584869
2025-08-13 06:31:19.597207+00:00,2.258487
2025-08-13 06:31:32.786620+00:00,2.2584872
2025-08-13 06:31:45.670063+00:00,2.2584881
2025-08-13 06:31:59.081550+00:00,2.2584863
2025-08-13 06:32:13.725756+00:00,2.2584876
2025-08-13 06:32:24.201870+00:00,2.2584884
2025-08-13 06:32:36.988767+00:00,2.2584877
2025-08-13 06:32:50.138057+00:00,2.2584877
2025-08-13 06:33:16.282539+00:00,2.2584879
2025-08-13 06:33:28.104241+00:00,2.258487
2025-08-13 06:33:41.112287+00:00,2.2584876
2025-08-13 06:34:07.191814+00:00,2.2584875
2025-08-13 06:34:18.846873+00:00,2.2584875
2025-08-13 06:34:31.515800+00:00,2.2584879
2025-08-13 06:34:45.530332+00:00,2.2584881
2025-08-13 06:34:58.826943+00:00,2.2584869
2025-08-13 06:35:10.007318+00:00,2.2584873
2025-08-13 06:35:22.950640+00:00,2.2584881
2025-08-13 06:35:35.930732+00:00,2.258487
2025-08-13 06:35:48.781022+00:00,2.2584879
2025-08-13 06:36:02.439896+00:00,2.2584875
2025-08-13 06:36:14.212792+00:00,2.2584865
2025-08-13 06:36:27.428355+00:00,2.258487
2025-08-13 06:36:39.770318+00:00,2.2584868
2025-08-13 06:36:53.413810+00:00,2.258487
2025-08-13 06:37:09.186850+00:00,2.2584869
2025-08-13 06:37:18.969118+00:00,2.2584876
2025-08-13 06:37:30.961934+00:00,2.2584871
2025-08-13 06:37:43.847963+00:00,2.2584879
2025-08-13 06:37:56.827893+00:00,2.2584873
2025-08-13 06:38:10.942839+00:00,2.2584864
2025-08-13 06:38:22.324060+00:00,2.2584874
2025-08-13 06:38:36.498804+00:00,2.2584868
2025-08-13 06:38:48.923732+00:00,2.2584875
2025-08-13 06:39:01.584163+00:00,2.2584881
2025-08-13 06:39:14.783235+00:00,2.2584874
2025-08-13 06:39:27.220883+00:00,2.2584877
2025-08-13 06:39:40.395248+00:00,2.2584878
2025-08-13 06:39:53.463479+00:00,2.2584878
2025-08-13 06:40:06.710172+00:00,2.2584877
2025-08-13 06:40:33.006693+00:00,2.2584871
2025-08-13 06:40:46.184689+00:00,2.2584877
2025-08-13 06:40:59.238329+00:00,2.2584865
2025-08-13 06:41:12.888512+00:00,2.2584876
2025-08-13 06:41:24.377684+00:00,2.2584874
2025-08-13 06:41:37.267762+00:00,2.2584879
2025-08-13 06:41:50.420463+00:00,2.2584881
2025-08-13 06:42:03.410719+00:00,2.2584874
2025-08-13 06:42:16.545622+00:00,2.2584878
2025-08-13 06:42:29.054019+00:00,2.2584879
2025-08-13 06:42:41.999992+00:00,2.2584879
2025-08-13 06:42:57.182336+00:00,2.258488
2025-08-13 06:43:07.702992+00:00,2.2584875
2025-08-13 06:43:23.119341+00:00,2.2584875
2025-08-13 06:43:33.942543+00:00,2.2584874
2025-08-13 06:43:46.844690+00:00,2.2584877
2025-08-13 06:43:58.152232+00:00,2.2584873
2025-08-13 06:44:11.179732+00:00,2.2584877
2025-08-13 06:44:24.843974+00:00,2.2584867
2025-08-13 06:44:36.591257+00:00,2.2584875
2025-08-13 06:44:50.298482+00:00,2.2584866
2025-08-13 06:45:02.423309+00:00,2.2584878
2025-08-13 06:45:15.711265+00:00,2.2584873
2025-08-13 06:45:28.846269+00:00,2.2584877
2025-08-13 06:45:41.976291+00:00,2.2584877
2025-08-13 06:45:54.262920+00:00,2.2584874
2025-08-13 06:46:07.139493+00:00,2.2584879
2025-08-13 06:46:19.716547+00:00,2.2584876
2025-08-13 06:46:34.583905+00:00,2.2584875
2025-08-13 06:46:46.855433+00:00,2.2584881
2025-08-13 06:46:58.372463+00:00,2.2584875
2025-08-13 06:47:11.016295+00:00,2.2584879
2025-08-13 06:47:23.694830+00:00,2.258488
2025-08-13 06:47:36.472539+00:00,2.2584872
2025-08-13 06:47:54.037884+00:00,2.2584878
2025-08-13 06:48:02.261590+00:00,2.2584878
2025-08-13 06:48:15.761266+00:00,2.2584877
2025-08-13 06:48:27.979365+00:00,2.2584874
2025-08-13 06:48:41.135478+00:00,2.2584876
2025-08-13 06:48:54.112342+00:00,2.2584874
2025-08-13 06:49:08.762788+00:00,2.2584879
2025-08-13 06:49:19.969260+00:00,2.2584878
2025-08-13 06:49:34.189394+00:00,2.2584878
2025-08-13 06:49:47.512296+00:00,2.2584877
2025-08-13 06:50:00.202248+00:00,2.2584871
2025-08-13 06:50:13.818380+00:00,2.2584879
2025-08-13 06:50:25.800129+00:00,2.2584874
2025-08-13 06:50:41.105284+00:00,2.2584872
2025-08-13 06:50:52.111571+00:00,2.2584875
2025-08-13 06:51:07.574353+00:00,2.2584871
2025-08-13 06:51:17.952137+00:00,2.2584876
2025-08-13 06:51:30.581367+00:00,2.258488
2025-08-13 06:51:44.617631+00:00,2.2584873
2025-08-13 06:51:56.229690+00:00,2.2584875
2025-08-13 06:52:10.005919+00:00,2.2584876
2025-08-13 06:52:21.967323+00:00,2.2584875
2025-08-13 06:52:34.936457+00:00,2.2584878
2025-08-13 06:52:49.543895+00:00,2.2584874
2025-08-13 06:53:00.939389+00:00,2.2584874
2025-08-13 06:53:14.469282+00:00,2.2584878
2025-08-13 06:53:26.141765+00:00,2.2584874
2025-08-13 06:53:38.622868+00:00,2.258488
2025-08-13 06:53:55.413251+00:00,2.2584878
2025-08-13 06:54:04.420332+00:00,2.2584881
2025-08-13 06:54:16.911664+00:00,2.2584872
2025-08-13 06:54:29.417747+00:00,2.2584869
2025-08-13 06:54:42.402072+00:00,2.2584871
2025-08-13 06:54:55.261959+00:00,2.2584877
2025-08-13 06:55:08.309963+00:00,2.2584873
2025-08-13 06:55:21.610450+00:00,2.2584875
2025-08-13 06:55:35.225991+00:00,2.2584875
2025-08-13 06:55:46.786525+00:00,2.2584879
2025-08-13 06:55:59.799102+00:00,2.2584873
2025-08-13 06:56:13.173682+00:00,2.2584874
2025-08-13 06:56:25.316064+00:00,2.2584871
2025-08-13 06:56:39.409777+00:00,2.2584876
2025-08-13 06:56:51.509995+00:00,2.2584878
2025-08-13 06:57:05.228522+00:00,2.2584876
2025-08-13 06:57:19.159038+00:00,2.2584878
2025-08-13 06:57:29.826297+00:00,2.2584872
2025-08-13 06:57:43.127260+00:00,2.2584878
2025-08-13 06:57:55.661298+00:00,2.2584877
2025-08-13 06:58:12.053050+00:00,2.2584877
2025-08-13 06:58:21.081095+00:00,2.2584874
2025-08-13 06:58:34.732781+00:00,2.2584873
2025-08-13 06:58:46.810220+00:00,2.2584878
2025-08-13 06:59:03.303145+00:00,2.2584877
2025-08-13 06:59:14.828909+00:00,2.2584878
2025-08-13 06:59:24.912003+00:00,2.2584877
2025-08-13 06:59:37.918225+00:00,2.2584874
2025-08-13 06:59:50.923247+00:00,2.2584877
2025-08-13 07:00:05.918363+00:00,2.2584875
2025-08-13 07:00:17.572316+00:00,2.2584879
2025-08-13 07:00:29.856216+00:00,2.2584877
2025-08-13 07:00:43.050065+00:00,2.2584872
2025-08-13 07:00:56.039518+00:00,2.258487
2025-08-13 07:01:09.357704+00:00,2.2584878
2025-08-13 07:01:22.804470+00:00,2.2584873
2025-08-13 07:01:35.156844+00:00,2.258488
2025-08-13 07:01:48.348283+00:00,2.2584873
2025-08-13 07:02:01.306869+00:00,2.2584874
2025-08-13 07:02:14.465143+00:00,2.2584871
2025-08-13 07:02:29.517164+00:00,2.258488
2025-08-13 07:02:52.619324+00:00,2.2584872
2025-08-13 07:03:06.054784+00:00,2.2584883
2025-08-13 07:03:20.323922+00:00,2.258488
2025-08-13 07:03:32.624129+00:00,2.2584874
2025-08-13 07:03:48.995181+00:00,2.2584878
2025-08-13 07:03:57.229424+00:00,2.2584876
2025-08-13 07:04:10.033246+00:00,2.2584871
2025-08-13 07:04:23.105280+00:00,2.2584872
2025-08-13 07:04:37.828141+00:00,2.258488
2025-08-13 07:04:48.701325+00:00,2.2584876
2025-08-13 07:05:01.250736+00:00,2.258487
2025-08-13 07:05:14.077639+00:00,2.2584873
2025-08-13 07:05:26.746501+00:00,2.2584872
2025-08-13 07:05:40.100685+00:00,2.2584873
2025-08-13 07:05:52.328341+00:00,2.2584876
2025-08-13 07:06:05.273124+00:00,2.2584872
2025-08-13 07:06:19.984331+00:00,2.2584872
2025-08-13 07:06:31.166192+00:00,2.2584878
2025-08-13 07:06:43.507527+00:00,2.2584873
2025-08-13 07:06:56.697916+00:00,2.2584877
2025-08-13 07:07:13.329818+00:00,2.2584876
2025-08-13 07:07:22.521815+00:00,2.2584874
2025-08-13 07:07:35.388686+00:00,2.258488
2025-08-13 07:07:48.189327+00:00,2.2584877
2025-08-13 07:08:00.680768+00:00,2.2584882
2025-08-13 07:08:14.971237+00:00,2.2584874
2025-08-13 07:08:26.253626+00:00,2.2584872
2025-08-13 07:08:38.709548+00:00,2.2584877
2025-08-13 07:08:51.725825+00:00,2.2584872
2025-08-13 07:09:04.853680+00:00,2.2584873
2025-08-13 07:09:17.976578+00:00,2.2584868
2025-08-13 07:09:31.935959+00:00,2.2584876
2025-08-13 07:09:43.623388+00:00,2.2584873
2025-08-13 07:09:56.004363+00:00,2.2584871
2025-08-13 07:10:10.808146+00:00,2.2584874
2025-08-13 07:10:22.445762+00:00,2.258488
2025-08-13 07:10:35.758512+00:00,2.2584868
2025-08-13 07:10:51.011903+00:00,2.2584878
2025-08-13 07:11:01.527173+00:00,2.2584874
2025-08-13 07:11:14.680971+00:00,2.2584878
2025-08-13 07:11:27.662823+00:00,2.2584877
2025-08-13 07:11:40.490741+00:00,2.2584873
2025-08-13 07:11:53.515940+00:00,2.2584872
2025-08-13 07:12:07.165777+00:00,2.2584878
2025-08-13 07:12:19.511403+00:00,2.2584872
2025-08-13 07:12:33.909840+00:00,2.2584878
2025-08-13 07:12:45.016878+00:00,2.2584872
2025-08-13 07:12:57.758644+00:00,2.2584877
2025-08-13 07:13:11.209374+00:00,2.2584877
2025-08-13 07:13:23.936523+00:00,2.2584875
2025-08-13 07:13:36.438600+00:00,2.2584873
2025-08-13 07:13:51.107524+00:00,2.2584873
2025-08-13 07:14:02.910268+00:00,2.2584873
2025-08-13 07:14:15.014525+00:00,2.2584874
2025-08-13 07:14:27.362062+00:00,2.2584875
2025-08-13 07:14:40.377695+00:00,2.2584879
2025-08-13 07:14:52.670724+00:00,2.2584881
2025-08-13 07:15:05.820672+00:00,2.2584879
2025-08-13 07:15:18.469299+00:00,2.258487
2025-08-13 07:15:44.208768+00:00,2.2584874
2025-08-13 07:15:56.760956+00:00,2.2584876
2025-08-13 07:16:09.912935+00:00,2.258487
2025-08-13 07:16:22.699358+00:00,2.258487
2025-08-13 07:16:35.815577+00:00,2.2584877
2025-08-13 07:16:49.306720+00:00,2.2584874
2025-08-13 07:17:01.731957+00:00,2.2584872
2025-08-13 07:17:14.186808+00:00,2.2584873
2025-08-13 07:17:26.923114+00:00,2.2584876
2025-08-13 07:17:39.676142+00:00,2.2584872
2025-08-13 07:18:07.641251+00:00,2.2584872
2025-08-13 07:18:18.404431+00:00,2.2584877
2025-08-13 07:18:36.925458+00:00,2.2584876
2025-08-13 07:18:43.743540+00:00,2.2584872
2025-08-13 07:18:56.454311+00:00,2.2584868
2025-08-13 07:19:09.246624+00:00,2.2584873
2025-08-13 07:19:21.975805+00:00,2.2584871
2025-08-13 07:19:36.762811+00:00,2.2584874
2025-08-13 07:19:48.072804+00:00,2.2584875
2025-08-13 07:20:02.399701+00:00,2.2584869
2025-08-13 07:20:15.185960+00:00,2.2584869
2025-08-13 07:20:27.189570+00:00,2.258487
2025-08-13 07:20:40.295637+00:00,2.2584874
2025-08-13 07:20:52.760480+00:00,2.2584872
2025-08-13 07:21:07.397930+00:00,2.2584874
2025-08-13 07:21:21.098304+00:00,2.2584868
2025-08-13 07:21:32.780913+00:00,2.2584873
2025-08-13 07:21:44.986893+00:00,2.2584879
2025-08-13 07:21:57.679125+00:00,2.2584871
2025-08-13 07:22:11.023327+00:00,2.2584878
2025-08-13 07:22:24.831394+00:00,2.2584878
2025-08-13 07:22:36.480056+00:00,2.2584872
2025-08-13 07:22:49.282001+00:00,2.2584875
2025-08-13 07:23:03.732945+00:00,2.2584878
2025-08-13 07:23:18.966611+00:00,2.2584879
2025-08-13 07:23:28.170119+00:00,2.2584874
2025-08-13 07:23:41.453442+00:00,2.2584872
2025-08-13 07:23:53.953167+00:00,2.2584871
2025-08-13 07:24:11.358412+00:00,2.2584869
2025-08-13 07:24:19.184577+00:00,2.2584872
2025-08-13 07:24:32.478928+00:00,2.2584873
2025-08-13 07:24:44.502652+00:00,2.2584875
2025-08-13 07:24:56.951970+00:00,2.258488
2025-08-13 07:25:10.068520+00:00,2.2584876
2025-08-13 07:25:23.071649+00:00,2.2584877
2025-08-13 07:25:35.747539+00:00,2.2584874
2025-08-13 07:25:48.077815+00:00,2.2584873
2025-08-13 07:26:00.933029+00:00,2.2584876
2025-08-13 07:26:14.239157+00:00,2.2584877
2025-08-13 07:26:25.937097+00:00,2.2584874
2025-08-13 07:26:39.117582+00:00,2.2584863
2025-08-13 07:26:52.207135+00:00,2.2584871
2025-08-13 07:27:19.306012+00:00,2.2584874
2025-08-13 07:27:31.360849+00:00,2.2584869
2025-08-13 07:27:43.542396+00:00,2.2584876
2025-08-13 07:27:56.296888+00:00,2.2584879
2025-08-13 07:28:09.279488+00:00,2.2584879
2025-08-13 07:28:22.498732+00:00,2.2584876
2025-08-13 07:28:34.606761+00:00,2.2584874
2025-08-13 07:28:47.596377+00:00,2.2584872
2025-08-13 07:28:59.778802+00:00,2.2584871
2025-08-13 07:29:12.841353+00:00,2.2584871
2025-08-13 07:29:25.234939+00:00,2.2584866
2025-08-13 07:29:39.428291+00:00,2.2584871
2025-08-13 07:29:50.988998+00:00,2.2584871
2025-08-13 07:30:04.514617+00:00,2.2584878
2025-08-13 07:30:17.381382+00:00,2.2584877
2025-08-13 07:30:30.884142+00:00,2.2584877
2025-08-13 07:30:43.239460+00:00,2.2584877
2025-08-13 07:30:56.122653+00:00,2.2584868
2025-08-13 07:31:09.496072+00:00,2.2584877
2025-08-13 07:31:22.327730+00:00,2.2584875
2025-08-13 07:31:34.991183+00:00,2.2584874
2025-08-13 07:31:48.403811+00:00,2.258487
2025-08-13 07:32:01.631531+00:00,2.2584877
2025-08-13 07:32:13.987068+00:00,2.2584874
2025-08-13 07:32:26.912230+00:00,2.2584874
2025-08-13 07:32:40.710998+00:00,2.2584872
2025-08-13 07:32:52.947642+00:00,2.2584877
2025-08-13 07:33:11.399158+00:00,2.2584874
2025-08-13 07:33:19.185393+00:00,2.2584872
2025-08-13 07:33:32.131714+00:00,2.258487
2025-08-13 07:33:44.565154+00:00,2.2584874
2025-08-13 07:33:57.508091+00:00,2.2584872
2025-08-13 07:34:14.569350+00:00,2.2584874
2025-08-13 07:34:23.058782+00:00,2.2584871
2025-08-13 07:34:36.677502+00:00,2.2584879
2025-08-13 07:34:48.902581+00:00,2.2584874
2025-08-13 07:35:01.438497+00:00,2.2584874
2025-08-13 07:35:14.399740+00:00,2.2584876
2025-08-13 07:35:27.023827+00:00,2.2584873
2025-08-13 07:35:40.482145+00:00,2.2584876
2025-08-13 07:35:52.519435+00:00,2.2584879
2025-08-13 07:36:05.977567+00:00,2.258487
2025-08-13 07:36:21.899015+00:00,2.2584871
2025-08-13 07:36:31.077753+00:00,2.2584872
2025-08-13 07:36:56.651418+00:00,2.2584871
2025-08-13 07:37:09.380033+00:00,2.2584871
2025-08-13 07:37:21.816364+00:00,2.258487
2025-08-13 07:37:34.848401+00:00,2.2584878
2025-08-13 07:37:48.210664+00:00,2.2584872
2025-08-13 07:38:04.216117+00:00,2.2584874
2025-08-13 07:38:13.922576+00:00,2.2584874
2025-08-13 07:38:26.853696+00:00,2.2584874
2025-08-13 07:38:38.982125+00:00,2.2584877
2025-08-13 07:38:51.790524+00:00,2.2584877
2025-08-13 07:39:05.113936+00:00,2.2584873
2025-08-13 07:39:17.708202+00:00,2.2584875
2025-08-13 07:39:30.439069+00:00,2.2584873
2025-08-13 07:39:43.431594+00:00,2.2584875
2025-08-13 07:39:57.020952+00:00,2.2584876
2025-08-13 07:40:09.047226+00:00,2.2584876
2025-08-13 07:40:21.922987+00:00,2.2584869
2025-08-13 07:40:35.943736+00:00,2.2584877
2025-08-13 07:40:51.896459+00:00,2.2584872
2025-08-13 07:41:00.819743+00:00,2.2584874
2025-08-13 07:41:14.545571+00:00,2.2584871
2025-08-13 07:41:26.838940+00:00,2.2584874
2025-08-13 07:41:40.647080+00:00,2.2584873
2025-08-13 07:41:53.591412+00:00,2.2584875
2025-08-13 07:42:06.329791+00:00,2.2584869
2025-08-13 07:42:19.041408+00:00,2.2584879
2025-08-13 07:42:44.895089+00:00,2.2584878
2025-08-13 07:42:58.225116+00:00,2.2584877
2025-08-13 07:43:12.297694+00:00,2.2584878
2025-08-13 07:43:25.460253+00:00,2.2584873
2025-08-13 07:43:36.686169+00:00,2.2584872
2025-08-13 07:43:50.027974+00:00,2.2584869
2025-08-13 07:44:02.993053+00:00,2.2584871
2025-08-13 07:44:18.908354+00:00,2.2584872
2025-08-13 07:44:28.808534+00:00,2.2584876
2025-08-13 07:44:43.017842+00:00,2.2584872
2025-08-13 07:44:54.884866+00:00,2.258488
2025-08-13 07:45:07.048711+00:00,2.2584873
2025-08-13 07:45:32.320983+00:00,2.2584868
2025-08-13 07:45:44.801032+00:00,2.2584876
2025-08-13 07:45:57.186509+00:00,2.2584877
2025-08-13 07:46:10.399110+00:00,2.2584869
2025-08-13 07:46:23.673416+00:00,2.2584875
2025-08-13 07:46:35.425034+00:00,2.258487
2025-08-13 07:46:49.022431+00:00,2.2584875
2025-08-13 07:47:01.079436+00:00,2.2584874
2025-08-13 07:47:17.420754+00:00,2.2584876
2025-08-13 07:47:26.894234+00:00,2.2584876
2025-08-13 07:47:40.217947+00:00,2.2584871
2025-08-13 07:47:52.850505+00:00,2.2584873
2025-08-13 07:48:05.695425+00:00,2.258487
2025-08-13 07:48:18.843313+00:00,2.2584867
2025-08-13 07:48:31.574480+00:00,2.258487
2025-08-13 07:48:45.043881+00:00,2.2584875
2025-08-13 07:48:56.945501+00:00,2.2584869
2025-08-13 07:49:23.081677+00:00,2.2584875
2025-08-13 07:49:34.932314+00:00,2.2584872
2025-08-13 07:49:48.110093+00:00,2.2584871
2025-08-13 07:50:01.298015+00:00,2.2584875
2025-08-13 07:50:14.747180+00:00,2.2584872
2025-08-13 07:50:29.550259+00:00,2.2584876
2025-08-13 07:50:39.444244+00:00,2.2584875
2025-08-13 07:50:54.044313+00:00,2.2584874
2025-08-13 07:51:05.275436+00:00,2.2584877
2025-08-13 07:51:18.257788+00:00,2.2584871
2025-08-13 07:51:31.336061+00:00,2.2584876
2025-08-13 07:51:43.811001+00:00,2.258487
2025-08-13 07:51:56.846092+00:00,2.2584873
2025-08-13 07:52:10.173434+00:00,2.2584867
2025-08-13 07:52:23.728105+00:00,2.2584879
2025-08-13 07:52:35.903064+00:00,2.2584873
2025-08-13 07:52:50.602201+00:00,2.2584878
2025-08-13 07:53:02.455387+00:00,2.2584871
2025-08-13 07:53:15.602777+00:00,2.2584878
2025-08-13 07:53:28.287385+00:00,2.2584876
2025-08-13 07:53:41.018904+00:00,2.258487
2025-08-13 07:53:54.923997+00:00,2.2584878
2025-08-13 07:54:06.962106+00:00,2.2584875
2025-08-13 07:54:20.312567+00:00,2.2584876
2025-08-13 07:54:33.311304+00:00,2.2584873
2025-08-13 07:54:46.169616+00:00,2.2584873
2025-08-13 07:55:00.459258+00:00,2.2584872
2025-08-13 07:55:12.287010+00:00,2.258487
2025-08-13 07:55:23.810197+00:00,2.2584873
2025-08-13 07:55:38.109399+00:00,2.258487
2025-08-13 07:55:49.633390+00:00,2.2584869
2025-08-13 07:56:02.110471+00:00,2.2584872
2025-08-13 07:56:14.453623+00:00,2.2584873
2025-08-13 07:56:27.251349+00:00,2.2584872
2025-08-13 07:56:39.780787+00:00,2.2584873
2025-08-13 07:56:55.391150+00:00,2.2584875
2025-08-13 07:57:05.594821+00:00,2.2584875
2025-08-13 07:57:18.390469+00:00,2.2584876
2025-08-13 07:57:31.306118+00:00,2.2584876
2025-08-13 07:57:44.227056+00:00,2.2584872
2025-08-13 07:57:56.708651+00:00,2.258487
2025-08-13 07:58:10.005311+00:00,2.2584878
2025-08-13 07:58:22.297261+00:00,2.2584875
2025-08-13 07:58:35.871484+00:00,2.258487
2025-08-13 07:58:48.263056+00:00,2.2584879
2025-08-13 07:59:01.004211+00:00,2.2584873
2025-08-13 07:59:13.632350+00:00,2.2584874
2025-08-13 07:59:26.311935+00:00,2.2584877
2025-08-13 07:59:39.267201+00:00,2.2584874
2025-08-13 07:59:51.671790+00:00,2.2584877
2025-08-13 08:00:04.752986+00:00,2.2584873
2025-08-13 08:00:17.884090+00:00,2.258487
2025-08-13 08:00:30.509727+00:00,2.2584866
2025-08-13 08:00:44.462985+00:00,2.258487
2025-08-13 08:00:56.861662+00:00,2.2584877
2025-08-13 08:01:09.020334+00:00,2.2584879
2025-08-13 08:01:21.072723+00:00,2.2584872
2025-08-13 08:01:34.393930+00:00,2.2584876
2025-08-13 08:01:48.006030+00:00,2.2584874
2025-08-13 08:02:00.158229+00:00,2.2584873
2025-08-13 08:02:13.261862+00:00,2.2584876
2025-08-13 08:02:26.276486+00:00,2.2584875
2025-08-13 08:02:39.736074+00:00,2.2584869
2025-08-13 08:02:52.732342+00:00,2.2584876
2025-08-13 08:03:05.965288+00:00,2.2584874
2025-08-13 08:03:18.949298+00:00,2.2584874
2025-08-13 08:03:31.689505+00:00,2.2584869
2025-08-13 08:03:44.109928+00:00,2.258487
2025-08-13 08:03:59.035872+00:00,2.2584874
2025-08-13 08:04:10.715213+00:00,2.2584874
2025-08-13 08:04:22.975663+00:00,2.2584871
2025-08-13 08:04:35.838274+00:00,2.2584876
2025-08-13 08:04:50.519025+00:00,2.2584874
2025-08-13 08:05:16.400482+00:00,2.2584871
2025-08-13 08:05:27.644182+00:00,2.2584874
2025-08-13 08:05:41.803365+00:00,2.2584879
2025-08-13 08:05:52.710425+00:00,2.2584878
2025-08-13 08:06:05.719772+00:00,2.2584873
2025-08-13 08:06:18.324591+00:00,2.2584873
2025-08-13 08:06:30.994959+00:00,2.2584873
2025-08-13 08:06:43.548655+00:00,2.2584872
2025-08-13 08:06:56.163123+00:00,2.258487
2025-08-13 08:07:09.283646+00:00,2.2584869
2025-08-13 08:07:21.913808+00:00,2.2584869
2025-08-13 08:07:36.818254+00:00,2.258488
2025-08-13 08:07:47.465693+00:00,2.258487
2025-08-13 08:08:04.584180+00:00,2.2584873
2025-08-13 08:08:13.274120+00:00,2.258487
2025-08-13 08:08:25.978757+00:00,2.2584872
2025-08-13 08:08:38.530894+00:00,2.2584874
2025-08-13 08:08:51.771515+00:00,2.2584877
2025-08-13 08:09:04.465780+00:00,2.2584872
2025-08-13 08:09:17.154733+00:00,2.258487
2025-08-13 08:09:29.728867+00:00,2.2584871
2025-08-13 08:09:42.687729+00:00,2.258487
2025-08-13 08:09:55.402534+00:00,2.2584877
2025-08-13 08:10:11.581987+00:00,2.2584879
2025-08-13 08:10:21.445364+00:00,2.2584871
2025-08-13 08:10:36.564000+00:00,2.2584874
2025-08-13 08:10:46.787491+00:00,2.2584867
2025-08-13 08:10:59.057788+00:00,2.2584873
2025-08-13 08:11:12.076273+00:00,2.2584873
2025-08-13 08:11:25.923416+00:00,2.2584876
2025-08-13 08:11:38.193682+00:00,2.2584871
2025-08-13 08:11:50.642081+00:00,2.2584875
2025-08-13 08:12:04.652366+00:00,2.2584869
2025-08-13 08:12:17.719201+00:00,2.2584871
2025-08-13 08:12:30.257951+00:00,2.2584873
2025-08-13 08:12:43.697561+00:00,2.2584875
2025-08-13 08:12:55.991791+00:00,2.258487
2025-08-13 08:13:10.408468+00:00,2.258487
2025-08-13 08:13:22.501009+00:00,2.2584871
2025-08-13 08:13:36.209662+00:00,2.258487
2025-08-13 08:13:47.973704+00:00,2.2584876
2025-08-13 08:14:04.881436+00:00,2.2584873
2025-08-13 08:14:13.238505+00:00,2.2584871
2025-08-13 08:14:27.076140+00:00,2.2584878
2025-08-13 08:14:38.946980+00:00,2.2584872
2025-08-13 08:14:51.699563+00:00,2.2584872
2025-08-13 08:15:04.939429+00:00,2.2584872
2025-08-13 08:15:18.969829+00:00,2.2584875
2025-08-13 08:15:49.869841+00:00,2.2584871
2025-08-13 08:15:57.471541+00:00,2.2584873
2025-08-13 08:16:08.489270+00:00,2.2584876
2025-08-13 08:16:20.738956+00:00,2.258487
2025-08-13 08:16:34.740185+00:00,2.258487
2025-08-13 08:16:50.661156+00:00,2.2584879
2025-08-13 08:16:59.442244+00:00,2.2584875
2025-08-13 08:17:12.604250+00:00,2.2584871
2025-08-13 08:17:25.495735+00:00,2.2584872
2025-08-13 08:17:38.379881+00:00,2.2584877
2025-08-13 08:17:50.761188+00:00,2.2584873
2025-08-13 08:18:03.728238+00:00,2.2584874
2025-08-13 08:18:16.451352+00:00,2.2584873
2025-08-13 08:18:29.098967+00:00,2.258487
2025-08-13 08:18:41.843238+00:00,2.2584877
2025-08-13 08:18:58.085550+00:00,2.2584868
2025-08-13 08:19:07.822545+00:00,2.2584874
2025-08-13 08:19:20.814280+00:00,2.2584872
2025-08-13 08:19:33.468778+00:00,2.2584876
2025-08-13 08:19:45.790031+00:00,2.2584867
2025-08-13 08:19:58.559310+00:00,2.2584869
2025-08-13 08:20:11.723286+00:00,2.2584877
2025-08-13 08:20:24.806094+00:00,2.2584875
2025-08-13 08:20:45.045185+00:00,2.2584872
2025-08-13 08:20:53.233122+00:00,2.2584876
2025-08-13 08:21:05.563329+00:00,2.2584868
2025-08-13 08:21:19.369398+00:00,2.2584873
2025-08-13 08:21:29.491151+00:00,2.258487
2025-08-13 08:21:44.034203+00:00,2.2584868
2025-08-13 08:21:55.662134+00:00,2.2584872
2025-08-13 08:22:10.372222+00:00,2.2584876
2025-08-13 08:22:21.607169+00:00,2.2584874
2025-08-13 08:22:35.137512+00:00,2.2584877
2025-08-13 08:22:50.864198+00:00,2.2584868
2025-08-13 08:23:00.959743+00:00,2.2584878
2025-08-13 08:23:13.827794+00:00,2.2584877
2025-08-13 08:23:27.758829+00:00,2.2584875
2025-08-13 08:23:38.737509+00:00,2.2584873
2025-08-13 08:23:52.785594+00:00,2.2584876
2025-08-13 08:24:05.178996+00:00,2.2584877
2025-08-13 08:24:17.674508+00:00,2.2584869
2025-08-13 08:24:30.248500+00:00,2.2584874
2025-08-13 08:24:43.003757+00:00,2.2584872
2025-08-13 08:24:55.689870+00:00,2.2584874
2025-08-13 08:25:08.395587+00:00,2.2584867
2025-08-13 08:25:41.423813+00:00,2.2584876
2025-08-13 08:25:47.043136+00:00,2.2584874
2025-08-13 08:25:58.701353+00:00,2.2584873
2025-08-13 08:26:16.263862+00:00,2.2584875
2025-08-13 08:26:24.147942+00:00,2.2584868
2025-08-13 08:26:37.082754+00:00,2.2584868
2025-08-13 08:26:50.508403+00:00,2.2584878
2025-08-13 08:27:08.754762+00:00,2.2584874
2025-08-13 08:27:15.995927+00:00,2.2584877
2025-08-13 08:27:28.528108+00:00,2.2584874
2025-08-13 08:27:41.436311+00:00,2.258487
2025-08-13 08:27:54.741480+00:00,2.258487
2025-08-13 08:28:07.906506+00:00,2.2584878
2025-08-13 08:28:20.237473+00:00,2.2584877
2025-08-13 08:28:33.715930+00:00,2.2584871
2025-08-13 08:28:46.117895+00:00,2.2584877
2025-08-13 08:28:59.827268+00:00,2.2584878
2025-08-13 08:29:11.935146+00:00,2.2584872
2025-08-13 08:29:24.148234+00:00,2.2584875
2025-08-13 08:29:37.569008+00:00,2.2584876
2025-08-13 08:29:49.767402+00:00,2.258487
2025-08-13 08:30:03.382983+00:00,2.2584876
2025-08-13 08:30:16.400054+00:00,2.258487
2025-08-13 08:30:29.132034+00:00,2.2584876
2025-08-13 08:30:42.487261+00:00,2.2584871
2025-08-13 08:30:54.044156+00:00,2.2584874
2025-08-13 08:31:12.276378+00:00,2.2584876
2025-08-13 08:31:20.612340+00:00,2.2584874
2025-08-13 08:31:38.064818+00:00,2.2584875
2025-08-13 08:31:47.200521+00:00,2.2584873
2025-08-13 08:31:59.771422+00:00,2.258487
2025-08-13 08:32:13.030409+00:00,2.2584868
2025-08-13 08:32:24.946286+00:00,2.2584874
2025-08-13 08:32:39.708880+00:00,2.2584876
2025-08-13 08:32:51.879327+00:00,2.2584868
2025-08-13 08:33:05.359305+00:00,2.2584873
2025-08-13 08:33:17.870320+00:00,2.2584866
2025-08-13 08:33:30.684255+00:00,2.2584875
2025-08-13 08:33:44.174503+00:00,2.258487
2025-08-13 08:33:57.596448+00:00,2.2584872
2025-08-13 08:34:09.591439+00:00,2.2584871
2025-08-13 08:34:22.314394+00:00,2.2584871
2025-08-13 08:34:35.782896+00:00,2.2584872
2025-08-13 08:34:48.433548+00:00,2.258487
2025-08-13 08:35:03.256007+00:00,2.2584873
2025-08-13 08:35:14.047931+00:00,2.258487
2025-08-13 08:35:28.760163+00:00,2.2584867
2025-08-13 08:35:39.717308+00:00,2.2584878
2025-08-13 08:35:52.043688+00:00,2.2584872
2025-08-13 08:36:05.224083+00:00,2.2584868
2025-08-13 08:36:20.276865+00:00,2.2584875
2025-08-13 08:36:29.911854+00:00,2.258487
2025-08-13 08:36:42.500767+00:00,2.258487
2025-08-13 08:36:55.321870+00:00,2.2584877
2025-08-13 08:37:08.562512+00:00,2.258487
2025-08-13 08:37:21.658638+00:00,2.258487
2025-08-13 08:37:33.719653+00:00,2.2584875
2025-08-13 08:37:50.193374+00:00,2.2584871
2025-08-13 08:37:59.353456+00:00,2.2584871
2025-08-13 08:38:12.584240+00:00,2.2584872
2025-08-13 08:38:27.396068+00:00,2.2584869
2025-08-13 08:38:37.424539+00:00,2.258487
2025-08-13 08:38:50.085056+00:00,2.2584875
2025-08-13 08:39:03.093005+00:00,2.2584871
2025-08-13 08:39:16.375969+00:00,2.2584865
2025-08-13 08:39:28.521533+00:00,2.2584871
2025-08-13 08:39:41.195845+00:00,2.2584877
2025-08-13 08:39:57.949332+00:00,2.2584877
2025-08-13 08:40:06.918618+00:00,2.2584871
2025-08-13 08:40:19.849755+00:00,2.2584873
2025-08-13 08:40:32.930253+00:00,2.2584871
2025-08-13 08:40:45.625270+00:00,2.2584867
2025-08-13 08:41:04.115008+00:00,2.2584873
2025-08-13 08:41:11.249175+00:00,2.2584873
2025-08-13 08:41:24.327851+00:00,2.2584877
2025-08-13 08:41:36.987963+00:00,2.2584873
2025-08-13 08:41:49.561659+00:00,2.2584871
2025-08-13 08:42:02.479242+00:00,2.2584879
2025-08-13 08:42:15.121956+00:00,2.2584871
2025-08-13 08:42:27.794555+00:00,2.2584873
2025-08-13 08:42:43.085726+00:00,2.2584868
2025-08-13 08:42:54.260745+00:00,2.2584877
2025-08-13 08:43:07.206536+00:00,2.2584872
2025-08-13 08:43:19.601903+00:00,2.2584866
2025-08-13 08:43:32.446461+00:00,2.2584869
2025-08-13 08:43:45.636571+00:00,2.2584871
2025-08-13 08:43:58.941380+00:00,2.258487
2025-08-13 08:44:11.886481+00:00,2.2584871
2025-08-13 08:44:24.273884+00:00,2.2584871
2025-08-13 08:44:39.462066+00:00,2.2584875
2025-08-13 08:44:51.335684+00:00,2.258487
2025-08-13 08:45:06.007286+00:00,2.2584865
2025-08-13 08:45:17.695628+00:00,2.2584877
2025-08-13 08:45:30.331898+00:00,2.2584876
2025-08-13 08:45:43.424758+00:00,2.2584874
2025-08-13 08:45:55.474593+00:00,2.2584871
2025-08-13 08:46:10.832108+00:00,2.2584873
2025-08-13 08:46:23.574989+00:00,2.258487
2025-08-13 08:46:35.468632+00:00,2.2584871
2025-08-13 08:46:49.971873+00:00,2.2584867
2025-08-13 08:47:00.107355+00:00,2.2584876
2025-08-13 08:47:13.585759+00:00,2.258487
2025-08-13 08:47:25.999217+00:00,2.2584868
2025-08-13 08:47:40.386381+00:00,2.2584876
2025-08-13 08:47:54.438524+00:00,2.2584872
2025-08-13 08:48:05.163209+00:00,2.2584874
2025-08-13 08:48:17.527169+00:00,2.2584871
2025-08-13 08:48:29.521464+00:00,2.2584876
2025-08-13 08:48:42.279874+00:00,2.2584874
2025-08-13 08:48:55.580477+00:00,2.2584873
2025-08-13 08:49:07.753079+00:00,2.2584869
2025-08-13 08:49:23.422138+00:00,2.2584867
2025-08-13 08:49:33.927251+00:00,2.258487
2025-08-13 08:49:46.793033+00:00,2.2584874
2025-08-13 08:50:01.663474+00:00,2.2584868
2025-08-13 08:50:12.351259+00:00,2.2584868
2025-08-13 08:50:24.633669+00:00,2.2584866
2025-08-13 08:50:37.850138+00:00,2.2584875
2025-08-13 08:50:51.322222+00:00,2.2584869
2025-08-13 08:51:05.320159+00:00,2.2584871
2025-08-13 08:51:16.315299+00:00,2.2584871
2025-08-13 08:51:33.292971+00:00,2.258487
2025-08-13 08:51:49.564283+00:00,2.2584871
2025-08-13 08:51:54.476247+00:00,2.2584875
2025-08-13 08:52:07.732409+00:00,2.2584871
2025-08-13 08:52:19.836850+00:00,2.2584872
2025-08-13 08:52:32.782037+00:00,2.258487
2025-08-13 08:52:45.155508+00:00,2.2584868
2025-08-13 08:52:58.111013+00:00,2.2584873
2025-08-13 08:53:13.412700+00:00,2.2584872
2025-08-13 08:53:23.559002+00:00,2.2584878
2025-08-13 08:53:36.104920+00:00,2.2584868
2025-08-13 08:53:49.596072+00:00,2.2584876
2025-08-13 08:54:02.212383+00:00,2.2584871
2025-08-13 08:54:15.660193+00:00,2.2584869
2025-08-13 08:54:27.915241+00:00,2.2584875
2025-08-13 08:54:40.798003+00:00,2.2584875
2025-08-13 08:54:54.147831+00:00,2.2584874
2025-08-13 08:55:07.762207+00:00,2.2584876
2025-08-13 08:55:23.050787+00:00,2.2584876
2025-08-13 08:55:46.816926+00:00,2.2584876
2025-08-13 08:55:59.491194+00:00,2.2584871
2025-08-13 08:56:13.073760+00:00,2.2584876
2025-08-13 08:56:25.238475+00:00,2.2584865
2025-08-13 08:56:38.336814+00:00,2.2584871
2025-08-13 08:56:51.071204+00:00,2.2584869
2025-08-13 08:57:04.473387+00:00,2.2584873
2025-08-13 08:57:18.200577+00:00,2.2584869
2025-08-13 08:57:30.259852+00:00,2.2584877
2025-08-13 08:57:43.091767+00:00,2.2584874
2025-08-13 08:57:57.199772+00:00,2.2584871
2025-08-13 08:58:10.339394+00:00,2.2584876
2025-08-13 08:58:23.356959+00:00,2.2584866
2025-08-13 08:58:35.025457+00:00,2.2584873
2025-08-13 08:58:52.479503+00:00,2.2584875
2025-08-13 08:59:00.674704+00:00,2.2584869
2025-08-13 08:59:14.463384+00:00,2.2584869
2025-08-13 08:59:25.937653+00:00,2.2584874
2025-08-13 08:59:38.263040+00:00,2.2584877
2025-08-13 08:59:50.918319+00:00,2.2584875
2025-08-13 09:00:03.814913+00:00,2.2584872
2025-08-13 09:00:17.342161+00:00,2.2584876
2025-08-13 09:00:31.203795+00:00,2.2584868
2025-08-13 09:00:42.814363+00:00,2.2584874
2025-08-13 09:00:55.396295+00:00,2.2584872
2025-08-13 09:01:08.599009+00:00,2.2584867
2025-08-13 09:01:21.075823+00:00,2.2584876
2025-08-13 09:01:35.357512+00:00,2.2584868
2025-08-13 09:01:46.562130+00:00,2.2584874
2025-08-13 09:01:59.359570+00:00,2.2584873
2025-08-13 09:02:12.365331+00:00,2.2584879
2025-08-13 09:02:24.803459+00:00,2.2584869
2025-08-13 09:02:38.954962+00:00,2.2584873
2025-08-13 09:02:52.890272+00:00,2.2584868
2025-08-13 09:03:06.848283+00:00,2.2584871
2025-08-13 09:03:16.738650+00:00,2.258487
2025-08-13 09:03:29.365032+00:00,2.258487
2025-08-13 09:03:41.876213+00:00,2.2584866
2025-08-13 09:03:54.912256+00:00,2.2584869
2025-08-13 09:04:08.102736+00:00,2.2584871
2025-08-13 09:04:20.719769+00:00,2.2584876
2025-08-13 09:04:33.378937+00:00,2.2584873
2025-08-13 09:04:46.077432+00:00,2.258487
2025-08-13 09:04:58.985846+00:00,2.2584875
2025-08-13 09:05:13.144698+00:00,2.2584872
2025-08-13 09:05:24.979944+00:00,2.2584878
2025-08-13 09:05:42.008072+00:00,2.2584869
2025-08-13 09:06:11.308788+00:00,2.2584876
2025-08-13 09:06:19.096425+00:00,2.2584877
2025-08-13 09:06:29.621295+00:00,2.2584872
2025-08-13 09:06:42.277337+00:00,2.2584874
2025-08-13 09:06:55.361023+00:00,2.2584867
2025-08-13 09:07:08.756589+00:00,2.2584873
2025-08-13 09:07:21.250745+00:00,2.2584871
2025-08-13 09:07:36.693635+00:00,2.2584877
2025-08-13 09:07:47.321066+00:00,2.2584869
2025-08-13 09:08:01.288449+00:00,2.2584865
2025-08-13 09:08:13.226305+00:00,2.2584869
2025-08-13 09:08:25.738110+00:00,2.258487
2025-08-13 09:08:38.578862+00:00,2.2584867
2025-08-13 09:08:52.079063+00:00,2.2584867
2025-08-13 09:09:04.962672+00:00,2.2584872
2025-08-13 09:09:17.762736+00:00,2.2584876
2025-08-13 09:09:30.377986+00:00,2.2584877
2025-08-13 09:09:43.232179+00:00,2.2584871
2025-08-13 09:09:57.537141+00:00,2.2584874
2025-08-13 09:10:11.251143+00:00,2.2584868
2025-08-13 09:10:21.718964+00:00,2.2584874
2025-08-13 09:10:35.538787+00:00,2.2584874
2025-08-13 09:10:46.977666+00:00,2.2584871
2025-08-13 09:11:00.644385+00:00,2.2584872
2025-08-13 09:11:12.205026+00:00,2.2584869
2025-08-13 09:11:24.488293+00:00,2.258487
2025-08-13 09:11:37.562656+00:00,2.2584869
2025-08-13 09:11:50.215803+00:00,2.258487
2025-08-13 09:12:16.148794+00:00,2.2584877
2025-08-13 09:12:30.364933+00:00,2.2584869
2025-08-13 09:12:42.444777+00:00,2.2584873
2025-08-13 09:12:54.282039+00:00,2.2584872
2025-08-13 09:13:08.910932+00:00,2.2584878
2025-08-13 09:13:22.885690+00:00,2.2584869
2025-08-13 09:13:34.388671+00:00,2.258488
2025-08-13 09:13:49.107284+00:00,2.2584875
2025-08-13 09:13:59.466570+00:00,2.2584872
2025-08-13 09:14:11.518525+00:00,2.2584865
2025-08-13 09:14:24.366494+00:00,2.2584874
2025-08-13 09:14:39.616998+00:00,2.2584866
2025-08-13 09:14:49.511244+00:00,2.2584873
2025-08-13 09:15:03.382775+00:00,2.2584868
2025-08-13 09:15:22.445144+00:00,2.2584872
2025-08-13 09:15:29.017349+00:00,2.258487
2025-08-13 09:15:41.659847+00:00,2.2584867
2025-08-13 09:15:54.134633+00:00,2.2584873
2025-08-13 09:16:07.477363+00:00,2.258487
2025-08-13 09:16:20.606989+00:00,2.2584875
2025-08-13 09:16:34.941457+00:00,2.2584873
2025-08-13 09:16:46.643802+00:00,2.2584874
2025-08-13 09:16:59.448900+00:00,2.2584875
2025-08-13 09:17:12.832815+00:00,2.2584878
2025-08-13 09:17:25.262920+00:00,2.258487
2025-08-13 09:17:38.018009+00:00,2.2584873
2025-08-13 09:17:51.083238+00:00,2.2584876
2025-08-13 09:18:04.538539+00:00,2.2584874
2025-08-13 09:18:19.673796+00:00,2.2584869
2025-08-13 09:18:30.105282+00:00,2.2584869
2025-08-13 09:18:42.381650+00:00,2.2584874
2025-08-13 09:18:56.165902+00:00,2.2584875
2025-08-13 09:19:09.543992+00:00,2.258488
2025-08-13 09:19:21.419477+00:00,2.2584868
2025-08-13 09:19:35.247833+00:00,2.2584871
2025-08-13 09:19:46.896446+00:00,2.2584872
2025-08-13 09:19:59.540560+00:00,2.2584872
2025-08-13 09:20:13.862510+00:00,2.2584877
2025-08-13 09:20:28.542538+00:00,2.2584874
2025-08-13 09:20:45.772111+00:00,2.2584871
2025-08-13 09:20:50.756450+00:00,2.2584874
2025-08-13 09:21:03.434768+00:00,2.2584873
2025-08-13 09:21:16.075444+00:00,2.258487
2025-08-13 09:21:28.921374+00:00,2.2584876
2025-08-13 09:21:41.388244+00:00,2.2584879
2025-08-13 09:21:54.010441+00:00,2.2584873
2025-08-13 09:22:07.350143+00:00,2.258487
2025-08-13 09:22:20.769710+00:00,2.2584874
2025-08-13 09:22:35.482471+00:00,2.2584874
2025-08-13 09:22:46.516938+00:00,2.2584867
2025-08-13 09:22:58.447961+00:00,2.2584873
2025-08-13 09:23:12.487799+00:00,2.2584874
2025-08-13 09:23:23.773077+00:00,2.2584875
2025-08-13 09:23:36.786321+00:00,2.2584876
2025-08-13 09:23:50.417366+00:00,2.2584869
2025-08-13 09:24:03.136102+00:00,2.2584876
2025-08-13 09:24:17.024099+00:00,2.2584869
2025-08-13 09:24:27.630547+00:00,2.2584876
2025-08-13 09:24:40.248888+00:00,2.2584876
2025-08-13 09:24:53.401042+00:00,2.2584869
2025-08-13 09:25:06.936155+00:00,2.2584869
2025-08-13 09:25:19.325016+00:00,2.2584874
2025-08-13 09:25:31.883086+00:00,2.2584869
2025-08-13 09:25:44.543477+00:00,2.2584869
2025-08-13 09:25:57.520686+00:00,2.2584871
2025-08-13 09:26:11.650914+00:00,2.2584875
2025-08-13 09:26:23.865970+00:00,2.2584879
2025-08-13 09:26:36.803802+00:00,2.2584876
2025-08-13 09:26:50.226730+00:00,2.2584871
2025-08-13 09:27:03.780362+00:00,2.2584869
2025-08-13 09:27:16.002216+00:00,2.2584874
2025-08-13 09:27:28.947547+00:00,2.2584873
2025-08-13 09:27:41.943673+00:00,2.2584875
2025-08-13 09:27:54.712567+00:00,2.258487
2025-08-13 09:28:07.700235+00:00,2.2584875
2025-08-13 09:28:20.266711+00:00,2.2584876
2025-08-13 09:28:33.457215+00:00,2.2584874
2025-08-13 09:28:46.859101+00:00,2.2584876
2025-08-13 09:28:59.042959+00:00,2.2584872
2025-08-13 09:29:11.649055+00:00,2.2584871
2025-08-13 09:29:24.926315+00:00,2.2584873
2025-08-13 09:29:37.599702+00:00,2.2584871
2025-08-13 09:29:51.185776+00:00,2.2584868
2025-08-13 09:30:03.400342+00:00,2.2584871
2025-08-13 09:30:16.344900+00:00,2.2584876
2025-08-13 09:30:31.608029+00:00,2.2584876
2025-08-13 09:30:43.855939+00:00,2.2584876
2025-08-13 09:30:54.260107+00:00,2.2584873
2025-08-13 09:31:19.575789+00:00,2.2584871
2025-08-13 09:31:33.888476+00:00,2.2584877
2025-08-13 09:31:45.907335+00:00,2.2584868
2025-08-13 09:31:58.496598+00:00,2.2584875
2025-08-13 09:32:11.672692+00:00,2.2584876
2025-08-13 09:32:23.672790+00:00,2.2584873
2025-08-13 09:32:36.546896+00:00,2.2584867
2025-08-13 09:32:48.896738+00:00,2.2584872
2025-08-13 09:33:06.617911+00:00,2.258487
2025-08-13 09:33:14.736672+00:00,2.2584878
2025-08-13 09:33:28.480542+00:00,2.2584868
2025-08-13 09:33:40.085810+00:00,2.2584865
2025-08-13 09:33:53.621596+00:00,2.2584878
2025-08-13 09:34:06.828903+00:00,2.2584871
2025-08-13 09:34:19.231424+00:00,2.2584877
2025-08-13 09:34:31.957811+00:00,2.258487
2025-08-13 09:34:45.075112+00:00,2.2584879
2025-08-13 09:34:57.418511+00:00,2.2584868
2025-08-13 09:35:10.201826+00:00,2.2584875
2025-08-13 09:35:23.046290+00:00,2.2584875
2025-08-13 09:35:36.310243+00:00,2.2584872
2025-08-13 09:35:48.584208+00:00,2.2584866
2025-08-13 09:36:05.367430+00:00,2.2584875
2025-08-13 09:36:14.665876+00:00,2.258487
2025-08-13 09:36:26.848923+00:00,2.2584877
2025-08-13 09:36:39.726922+00:00,2.2584877
2025-08-13 09:36:52.438630+00:00,2.2584873
2025-08-13 09:37:09.779038+00:00,2.2584878
2025-08-13 09:37:18.631533+00:00,2.2584875
2025-08-13 09:37:31.443844+00:00,2.2584873
2025-08-13 09:37:44.339881+00:00,2.2584874
2025-08-13 09:37:57.520034+00:00,2.2584874
2025-08-13 09:38:11.204331+00:00,2.2584879
2025-08-13 09:38:23.925574+00:00,2.2584875
2025-08-13 09:38:36.809898+00:00,2.2584873
2025-08-13 09:38:49.747158+00:00,2.2584868
2025-08-13 09:39:02.988829+00:00,2.2584872
2025-08-13 09:39:15.971835+00:00,2.2584868
2025-08-13 09:39:28.603109+00:00,2.2584874
2025-08-13 09:39:41.533509+00:00,2.2584871
2025-08-13 09:39:54.549173+00:00,2.2584874
2025-08-13 09:40:07.686270+00:00,2.2584877
2025-08-13 09:40:20.964387+00:00,2.2584876
2025-08-13 09:40:36.696860+00:00,2.2584876
2025-08-13 09:40:46.230622+00:00,2.258487
2025-08-13 09:41:00.718963+00:00,2.2584871
2025-08-13 09:41:11.986446+00:00,2.2584878
2025-08-13 09:41:24.587213+00:00,2.2584871
2025-08-13 09:41:37.584326+00:00,2.2584872
2025-08-13 09:42:03.004121+00:00,2.2584872
2025-08-13 09:42:15.771307+00:00,2.2584866
2025-08-13 09:42:28.623757+00:00,2.2584877
2025-08-13 09:42:40.905290+00:00,2.2584874
2025-08-13 09:42:54.960367+00:00,2.2584872
2025-08-13 09:43:08.443653+00:00,2.2584873
2025-08-13 09:43:20.698824+00:00,2.2584875
2025-08-13 09:43:33.074070+00:00,2.2584872
2025-08-13 09:43:45.936564+00:00,2.2584869
2025-08-13 09:43:58.294429+00:00,2.2584874
2025-08-13 09:44:13.323377+00:00,2.2584869
2025-08-13 09:44:23.531916+00:00,2.2584873
2025-08-13 09:44:36.207650+00:00,2.2584877
2025-08-13 09:44:48.999276+00:00,2.2584875
2025-08-13 09:45:01.958506+00:00,2.2584873
2025-08-13 09:45:15.452933+00:00,2.2584874
2025-08-13 09:45:28.317065+00:00,2.258487
2025-08-13 09:45:40.956224+00:00,2.258487
2025-08-13 09:45:53.070968+00:00,2.2584878
2025-08-13 09:46:06.071510+00:00,2.2584875
2025-08-13 09:46:18.814341+00:00,2.2584877
2025-08-13 09:46:31.900543+00:00,2.2584869
2025-08-13 09:46:44.304193+00:00,2.2584869
2025-08-13 09:46:57.229037+00:00,2.2584875
2025-08-13 09:47:10.214918+00:00,2.2584872
2025-08-13 09:47:22.884482+00:00,2.258487
2025-08-13 09:47:35.719116+00:00,2.2584877
2025-08-13 09:47:49.637555+00:00,2.2584868
2025-08-13 09:48:02.087241+00:00,2.2584872
2025-08-13 09:48:19.135512+00:00,2.2584878
2025-08-13 09:48:27.338403+00:00,2.258487
2025-08-13 09:48:40.474255+00:00,2.2584876
2025-08-13 09:48:53.317598+00:00,2.2584868
2025-08-13 09:49:07.469430+00:00,2.2584871
2025-08-13 09:49:19.988555+00:00,2.2584874
2025-08-13 09:49:32.535279+00:00,2.2584873
2025-08-13 09:49:45.180051+00:00,2.258487
2025-08-13 09:49:58.412296+00:00,2.2584867
2025-08-13 09:50:11.470984+00:00,2.2584865
2025-08-13 09:50:25.059172+00:00,2.2584873
2025-08-13 09:50:38.572094+00:00,2.2584875
2025-08-13 09:50:50.107942+00:00,2.2584871
2025-08-13 09:51:02.720748+00:00,2.2584869
2025-08-13 09:51:15.612245+00:00,2.2584867
2025-08-13 09:51:28.732559+00:00,2.2584873
2025-08-13 09:51:43.081344+00:00,2.2584875
2025-08-13 09:51:56.110631+00:00,2.2584873
2025-08-13 09:52:07.386733+00:00,2.2584873
2025-08-13 09:52:19.692551+00:00,2.2584875
2025-08-13 09:52:33.203726+00:00,2.2584877
2025-08-13 09:52:44.813275+00:00,2.2584869
2025-08-13 09:52:58.567543+00:00,2.2584877
2025-08-13 09:53:10.396573+00:00,2.258487
2025-08-13 09:53:22.741076+00:00,2.2584873
2025-08-13 09:53:35.528766+00:00,2.2584872
2025-08-13 09:53:49.038791+00:00,2.2584877
2025-08-13 09:54:01.541012+00:00,2.2584873
2025-08-13 09:54:15.531400+00:00,2.2584871
2025-08-13 09:54:28.018582+00:00,2.2584876
2025-08-13 09:54:40.073791+00:00,2.2584874
2025-08-13 09:54:54.828394+00:00,2.2584878
2025-08-13 09:55:05.704422+00:00,2.2584877
2025-08-13 09:55:18.435684+00:00,2.2584883
2025-08-13 09:55:31.109058+00:00,2.2584873
2025-08-13 09:55:44.535947+00:00,2.2584878
2025-08-13 09:55:56.902501+00:00,2.2584877
2025-08-13 09:56:09.815699+00:00,2.2584871
2025-08-13 09:56:22.285382+00:00,2.2584877
2025-08-13 09:56:35.375945+00:00,2.2584868
2025-08-13 09:56:47.956141+00:00,2.2584871
2025-08-13 09:57:02.356515+00:00,2.2584873
2025-08-13 09:57:13.577786+00:00,2.2584878
2025-08-13 09:57:26.643818+00:00,2.2584872
2025-08-13 09:57:38.865667+00:00,2.2584868
2025-08-13 09:57:52.058482+00:00,2.2584871
2025-08-13 09:58:05.798754+00:00,2.2584879
2025-08-13 09:58:17.496030+00:00,2.258487
2025-08-13 09:58:30.307865+00:00,2.2584871
2025-08-13 09:58:43.597765+00:00,2.2584872
2025-08-13 09:58:56.307110+00:00,2.2584866
2025-08-13 09:59:09.992522+00:00,2.2584877
2025-08-13 09:59:26.038037+00:00,2.2584869
2025-08-13 09:59:34.641738+00:00,2.2584877
2025-08-13 09:59:48.262719+00:00,2.2584875
2025-08-13 09:59:59.540544+00:00,2.2584867
2025-08-13 10:00:12.988923+00:00,2.2584867
2025-08-13 10:00:25.761814+00:00,2.2584875
2025-08-13 10:00:40.496215+00:00,2.2584871
2025-08-13 10:00:51.344294+00:00,2.2584868
2025-08-13 10:01:05.869900+00:00,2.2584869
2025-08-13 10:01:30.361984+00:00,2.258487
2025-08-13 10:01:43.326624+00:00,2.2584875
2025-08-13 10:01:57.661010+00:00,2.2584876
2025-08-13 10:02:09.640233+00:00,2.2584872
2025-08-13 10:02:22.688362+00:00,2.2584874
2025-08-13 10:02:36.265296+00:00,2.2584868
2025-08-13 10:02:48.626383+00:00,2.2584874
2025-08-13 10:03:01.680296+00:00,2.2584869
2025-08-13 10:03:14.274858+00:00,2.2584873
2025-08-13 10:03:27.243984+00:00,2.2584868
2025-08-13 10:03:39.916030+00:00,2.2584872
2025-08-13 10:03:54.577240+00:00,2.258487
2025-08-13 10:04:06.215542+00:00,2.258487
2025-08-13 10:04:19.937360+00:00,2.2584874
2025-08-13 10:04:32.639597+00:00,2.2584877
2025-08-13 10:04:45.311813+00:00,2.2584867
2025-08-13 10:04:57.811976+00:00,2.2584874
2025-08-13 10:05:11.095131+00:00,2.2584875
2025-08-13 10:05:24.229361+00:00,2.2584874
2025-08-13 10:05:36.503631+00:00,2.2584867
2025-08-13 10:05:49.333059+00:00,2.2584869
2025-08-13 10:06:01.468917+00:00,2.2584876
2025-08-13 10:06:14.049849+00:00,2.258487
2025-08-13 10:06:27.037921+00:00,2.258487
2025-08-13 10:06:39.616551+00:00,2.2584871
2025-08-13 10:06:52.294958+00:00,2.2584874
2025-08-13 10:07:05.754936+00:00,2.2584874
2025-08-13 10:07:18.044891+00:00,2.2584873
2025-08-13 10:07:31.814310+00:00,2.2584869
2025-08-13 10:07:43.737917+00:00,2.2584869
2025-08-13 10:08:10.322277+00:00,2.2584868
2025-08-13 10:08:23.662723+00:00,2.2584869
2025-08-13 10:08:35.487032+00:00,2.2584869
2025-08-13 10:08:48.122555+00:00,2.2584874
2025-08-13 10:09:00.696234+00:00,2.2584874
2025-08-13 10:09:13.752313+00:00,2.2584871
2025-08-13 10:09:26.391659+00:00,2.2584876
2025-08-13 10:09:39.059719+00:00,2.258487
2025-08-13 10:09:52.710887+00:00,2.2584875
2025-08-13 10:10:04.935981+00:00,2.2584872
2025-08-13 10:10:19.979210+00:00,2.2584867
2025-08-13 10:10:30.585805+00:00,2.258487
2025-08-13 10:10:43.736546+00:00,2.2584874
2025-08-13 10:10:56.050394+00:00,2.2584874
2025-08-13 10:11:09.444414+00:00,2.2584875
2025-08-13 10:11:22.279798+00:00,2.2584878
2025-08-13 10:11:35.605016+00:00,2.2584869
2025-08-13 10:11:48.175509+00:00,2.2584873
2025-08-13 10:12:00.784664+00:00,2.2584871
2025-08-13 10:12:14.098353+00:00,2.2584875
2025-08-13 10:12:26.816326+00:00,2.2584876
2025-08-13 10:12:41.256159+00:00,2.2584873
2025-08-13 10:12:53.007020+00:00,2.2584875
2025-08-13 10:13:06.629892+00:00,2.2584869
2025-08-13 10:13:20.303979+00:00,2.2584869
2025-08-13 10:13:32.513764+00:00,2.2584868
2025-08-13 10:13:45.557436+00:00,2.2584871
2025-08-13 10:13:57.695813+00:00,2.2584871
2025-08-13 10:14:11.047249+00:00,2.2584869
2025-08-13 10:14:23.679301+00:00,2.2584873
2025-08-13 10:14:36.657299+00:00,2.2584876
2025-08-13 10:14:51.103131+00:00,2.2584868
2025-08-13 10:15:02.903822+00:00,2.2584868
2025-08-13 10:15:27.109021+00:00,2.258487
2025-08-13 10:15:28.252168+00:00,2.2584877
2025-08-13 10:15:42.070127+00:00,2.258487
2025-08-13 10:15:53.909023+00:00,2.2584875
2025-08-13 10:16:07.260846+00:00,2.2584867
2025-08-13 10:16:19.258953+00:00,2.2584877
2025-08-13 10:16:33.903548+00:00,2.2584873
2025-08-13 10:16:44.767794+00:00,2.2584866
2025-08-13 10:16:57.835341+00:00,2.2584878
2025-08-13 10:17:14.981440+00:00,2.258487
2025-08-13 10:17:25.983350+00:00,2.2584873
2025-08-13 10:17:36.516582+00:00,2.258487
2025-08-13 10:17:49.099192+00:00,2.2584872
2025-08-13 10:18:03.150961+00:00,2.2584876
2025-08-13 10:18:14.802822+00:00,2.2584878
2025-08-13 10:18:27.141628+00:00,2.258487
2025-08-13 10:18:39.899736+00:00,2.2584876
2025-08-13 10:18:53.022809+00:00,2.2584874
2025-08-13 10:19:06.374121+00:00,2.2584877
2025-08-13 10:19:20.850144+00:00,2.2584871
2025-08-13 10:19:33.825301+00:00,2.2584869
2025-08-13 10:19:44.315392+00:00,2.2584875
2025-08-13 10:19:57.215077+00:00,2.2584876
2025-08-13 10:20:10.480226+00:00,2.2584873
2025-08-13 10:20:23.269723+00:00,2.2584875
2025-08-13 10:20:38.100691+00:00,2.258487
2025-08-13 10:20:49.425435+00:00,2.2584872
2025-08-13 10:21:05.621752+00:00,2.2584871
2025-08-13 10:21:14.369083+00:00,2.2584872
2025-08-13 10:21:26.612703+00:00,2.2584876
2025-08-13 10:21:39.476277+00:00,2.2584875
2025-08-13 10:21:52.502018+00:00,2.258487
2025-08-13 10:22:16.978277+00:00,2.2584872
2025-08-13 10:22:18.394087+00:00,2.2584875
2025-08-13 10:22:31.155863+00:00,2.2584867
2025-08-13 10:22:44.756575+00:00,2.2584868
2025-08-13 10:22:58.926925+00:00,2.2584869
2025-08-13 10:23:16.525540+00:00,2.2584875
2025-08-13 10:23:23.825895+00:00,2.2584876
2025-08-13 10:23:35.958460+00:00,2.2584874
2025-08-13 10:23:49.704747+00:00,2.2584879
2025-08-13 10:24:02.543236+00:00,2.2584876
2025-08-13 10:24:15.144945+00:00,2.2584871
2025-08-13 10:24:28.212475+00:00,2.2584868
2025-08-13 10:24:40.577828+00:00,2.2584871
2025-08-13 10:24:53.407692+00:00,2.258487
2025-08-13 10:25:07.311523+00:00,2.2584875
2025-08-13 10:25:20.579641+00:00,2.2584874
2025-08-13 10:25:32.256249+00:00,2.2584873
2025-08-13 10:25:45.256078+00:00,2.2584872
2025-08-13 10:25:57.848881+00:00,2.2584871
2025-08-13 10:26:10.779648+00:00,2.2584874
2025-08-13 10:26:23.960447+00:00,2.2584866
2025-08-13 10:26:35.688883+00:00,2.258487
2025-08-13 10:27:01.295868+00:00,2.2584867
2025-08-13 10:27:13.984270+00:00,2.2584877
2025-08-13 10:27:26.469550+00:00,2.2584874
2025-08-13 10:27:38.847251+00:00,2.2584869
2025-08-13 10:27:51.703550+00:00,2.258487
2025-08-13 10:28:09.333830+00:00,2.2584876
2025-08-13 10:28:17.649701+00:00,2.258487
2025-08-13 10:28:31.071456+00:00,2.2584876
2025-08-13 10:28:42.867317+00:00,2.2584873
2025-08-13 10:28:57.054468+00:00,2.2584869
2025-08-13 10:29:09.216597+00:00,2.2584872
2025-08-13 10:29:22.990064+00:00,2.2584877
2025-08-13 10:29:34.808375+00:00,2.2584878
2025-08-13 10:29:47.351171+00:00,2.2584874
2025-08-13 10:29:59.929599+00:00,2.2584872
2025-08-13 10:30:12.779195+00:00,2.2584875
2025-08-13 10:30:25.736942+00:00,2.258488
2025-08-13 10:30:39.206032+00:00,2.2584867
2025-08-13 10:30:53.897861+00:00,2.2584867
2025-08-13 10:31:04.366579+00:00,2.2584868
2025-08-13 10:31:17.143856+00:00,2.2584865
2025-08-13 10:31:30.110246+00:00,2.2584875
2025-08-13 10:31:42.775427+00:00,2.2584876
2025-08-13 10:31:57.912245+00:00,2.2584871
2025-08-13 10:32:10.863596+00:00,2.2584879
2025-08-13 10:32:20.681435+00:00,2.2584877
2025-08-13 10:32:34.262784+00:00,2.2584872
2025-08-13 10:32:46.724776+00:00,2.2584868
2025-08-13 10:33:02.619517+00:00,2.2584875
2025-08-13 10:33:14.412834+00:00,2.2584871
2025-08-13 10:33:24.872990+00:00,2.2584874
2025-08-13 10:33:37.946420+00:00,2.2584867
2025-08-13 10:33:51.658562+00:00,2.2584871
2025-08-13 10:34:03.666898+00:00,2.2584867
2025-08-13 10:34:16.565539+00:00,2.2584877
2025-08-13 10:34:29.462160+00:00,2.2584875
2025-08-13 10:34:43.489427+00:00,2.2584877
2025-08-13 10:34:55.900751+00:00,2.2584874
2025-08-13 10:35:18.948056+00:00,2.2584872
2025-08-13 10:35:23.006788+00:00,2.2584872
2025-08-13 10:35:36.662379+00:00,2.2584873
2025-08-13 10:35:49.070367+00:00,2.2584872
2025-08-13 10:36:01.204393+00:00,2.258487
2025-08-13 10:36:15.813938+00:00,2.2584873
2025-08-13 10:36:26.893816+00:00,2.2584869
2025-08-13 10:36:40.661113+00:00,2.2584874
2025-08-13 10:37:05.960832+00:00,2.258487
2025-08-13 10:37:19.139596+00:00,2.258487
2025-08-13 10:37:31.725477+00:00,2.2584878
2025-08-13 10:37:44.250164+00:00,2.2584869
2025-08-13 10:37:58.103655+00:00,2.2584873
2025-08-13 10:38:12.868424+00:00,2.2584874
2025-08-13 10:38:23.072187+00:00,2.2584873
2025-08-13 10:38:36.762976+00:00,2.2584872
2025-08-13 10:38:48.993889+00:00,2.2584874
2025-08-13 10:39:01.070439+00:00,2.2584876
2025-08-13 10:39:13.606122+00:00,2.2584879
2025-08-13 10:39:26.271502+00:00,2.2584871
2025-08-13 10:39:38.501025+00:00,2.2584878
2025-08-13 10:39:51.583587+00:00,2.2584872
2025-08-13 10:40:09.718351+00:00,2.2584871
2025-08-13 10:40:19.357229+00:00,2.258487
2025-08-13 10:40:30.715763+00:00,2.258487
2025-08-13 10:40:43.657546+00:00,2.2584877
2025-08-13 10:40:56.113261+00:00,2.2584873
2025-08-13 10:41:09.230741+00:00,2.2584868
2025-08-13 10:41:22.227828+00:00,2.2584875
2025-08-13 10:41:35.111427+00:00,2.2584873
2025-08-13 10:41:47.494176+00:00,2.2584872
2025-08-13 10:42:01.826551+00:00,2.2584868
2025-08-13 10:42:13.385695+00:00,2.258487
2025-08-13 10:42:27.710704+00:00,2.2584869
2025-08-13 10:42:38.889182+00:00,2.2584872
2025-08-13 10:42:52.189690+00:00,2.2584873
2025-08-13 10:43:05.860776+00:00,2.2584867
2025-08-13 10:43:17.813486+00:00,2.258487
2025-08-13 10:43:31.175279+00:00,2.2584867
2025-08-13 10:43:43.303428+00:00,2.2584875
2025-08-13 10:43:57.776648+00:00,2.2584869
2025-08-13 10:44:15.011203+00:00,2.2584869
2025-08-13 10:44:21.823544+00:00,2.2584867
2025-08-13 10:44:34.578025+00:00,2.258487
2025-08-13 10:44:47.337780+00:00,2.2584873
2025-08-13 10:45:01.868065+00:00,2.2584872
2025-08-13 10:45:16.749540+00:00,2.258487
2025-08-13 10:45:25.939235+00:00,2.2584875
2025-08-13 10:45:38.975505+00:00,2.2584874
2025-08-13 10:45:51.246185+00:00,2.2584875
2025-08-13 10:46:05.232936+00:00,2.2584874
2025-08-13 10:46:18.615639+00:00,2.2584873
2025-08-13 10:46:30.290151+00:00,2.2584867
2025-08-13 10:46:43.523146+00:00,2.258487
2025-08-13 10:46:56.486085+00:00,2.2584872
2025-08-13 10:47:10.637567+00:00,2.2584869
2025-08-13 10:47:22.877726+00:00,2.2584868
2025-08-13 10:47:36.053771+00:00,2.2584872
2025-08-13 10:47:50.388894+00:00,2.2584868
2025-08-13 10:48:02.822214+00:00,2.2584875
2025-08-13 10:48:19.781870+00:00,2.2584877
2025-08-13 10:48:27.523785+00:00,2.2584872
2025-08-13 10:48:41.855356+00:00,2.2584866
2025-08-13 10:48:53.345135+00:00,2.2584873
2025-08-13 10:49:10.286388+00:00,2.258487
2025-08-13 10:49:19.317964+00:00,2.2584874
2025-08-13 10:49:32.308995+00:00,2.258487
2025-08-13 10:49:45.461965+00:00,2.258487
2025-08-13 10:49:58.149902+00:00,2.2584875
2025-08-13 10:50:11.147119+00:00,2.258487
2025-08-13 10:50:24.002324+00:00,2.2584879
2025-08-13 10:50:36.928469+00:00,2.2584868
2025-08-13 10:50:49.242260+00:00,2.2584872
2025-08-13 10:51:02.108153+00:00,2.258487
2025-08-13 10:51:14.467307+00:00,2.2584873
2025-08-13 10:51:27.820645+00:00,2.2584873
2025-08-13 10:51:39.798281+00:00,2.2584875
2025-08-13 10:51:53.914040+00:00,2.2584876
2025-08-13 10:52:06.007590+00:00,2.2584877
2025-08-13 10:52:19.016399+00:00,2.2584875
2025-08-13 10:52:39.604896+00:00,2.2584871
2025-08-13 10:52:43.900364+00:00,2.2584874
2025-08-13 10:52:57.066401+00:00,2.2584869
2025-08-13 10:53:10.791411+00:00,2.2584869
2025-08-13 10:53:23.488337+00:00,2.2584874
2025-08-13 10:53:36.296063+00:00,2.2584869
2025-08-13 10:53:50.593641+00:00,2.2584869
2025-08-13 10:54:01.990996+00:00,2.2584872
2025-08-13 10:54:14.109277+00:00,2.258487
2025-08-13 10:54:27.632814+00:00,2.2584875
2025-08-13 10:54:42.766929+00:00,2.2584867
2025-08-13 10:54:52.765549+00:00,2.2584873
2025-08-13 10:55:05.587901+00:00,2.2584873
2025-08-13 10:55:18.253317+00:00,2.2584869
2025-08-13 10:55:31.638796+00:00,2.2584871
2025-08-13 10:55:44.498442+00:00,2.2584871
2025-08-13 10:55:57.440474+00:00,2.2584871
2025-08-13 10:56:09.679476+00:00,2.2584866
2025-08-13 10:56:23.737116+00:00,2.2584874
2025-08-13 10:56:36.006421+00:00,2.2584877
2025-08-13 10:56:54.743361+00:00,2.2584879
2025-08-13 10:57:02.174372+00:00,2.2584877
2025-08-13 10:57:15.542066+00:00,2.2584869
2025-08-13 10:57:28.837751+00:00,2.2584873
2025-08-13 10:57:41.045765+00:00,2.2584876
2025-08-13 10:57:54.029327+00:00,2.2584869
2025-08-13 10:58:07.463259+00:00,2.2584871
2025-08-13 10:58:20.024758+00:00,2.2584871
2025-08-13 10:58:33.516309+00:00,2.258487
2025-08-13 10:58:46.748425+00:00,2.2584865
2025-08-13 10:58:58.798274+00:00,2.2584875
2025-08-13 10:59:12.459026+00:00,2.2584877
2025-08-13 10:59:26.247505+00:00,2.2584874
2025-08-13 10:59:37.699339+00:00,2.2584877
2025-08-13 10:59:52.144696+00:00,2.2584878
2025-08-13 11:00:03.671488+00:00,2.2584869
2025-08-13 11:00:22.554754+00:00,2.2584869
2025-08-13 11:00:30.263494+00:00,2.2584875
2025-08-13 11:00:41.891380+00:00,2.2584878
2025-08-13 11:00:58.521051+00:00,2.2584873
2025-08-13 11:01:19.735712+00:00,2.2584872
2025-08-13 11:01:35.331360+00:00,2.2584876
2025-08-13 11:01:46.562727+00:00,2.258487
2025-08-13 11:01:59.563244+00:00,2.2584865
2025-08-13 11:02:11.079282+00:00,2.2584866
2025-08-13 11:02:23.879853+00:00,2.2584868
2025-08-13 11:02:36.521827+00:00,2.2584873
2025-08-13 11:02:49.758209+00:00,2.2584877
2025-08-13 11:03:06.992266+00:00,2.2584873
2025-08-13 11:03:15.866889+00:00,2.2584875
2025-08-13 11:03:27.874144+00:00,2.2584871
2025-08-13 11:03:41.517562+00:00,2.2584876
2025-08-13 11:03:53.721252+00:00,2.2584877
2025-08-13 11:04:06.740834+00:00,2.258487
2025-08-13 11:04:19.287304+00:00,2.2584875
2025-08-13 11:04:34.184631+00:00,2.258487
2025-08-13 11:04:45.105894+00:00,2.2584871
2025-08-13 11:04:57.985762+00:00,2.2584874
2025-08-13 11:05:12.259039+00:00,2.2584872
2025-08-13 11:05:24.757192+00:00,2.258487
2025-08-13 11:05:42.367683+00:00,2.258487
2025-08-13 11:05:49.530762+00:00,2.2584869
2025-08-13 11:06:02.589732+00:00,2.2584869
2025-08-13 11:06:15.897343+00:00,2.2584873
2025-08-13 11:06:27.875282+00:00,2.2584878
2025-08-13 11:06:40.766828+00:00,2.2584871
2025-08-13 11:06:54.172712+00:00,2.2584873
2025-08-13 11:07:07.269067+00:00,2.258487
2025-08-13 11:07:19.352112+00:00,2.2584873
2025-08-13 11:07:34.474373+00:00,2.2584873
2025-08-13 11:07:45.418560+00:00,2.2584875
2025-08-13 11:08:01.685835+00:00,2.2584871
2025-08-13 11:08:17.625458+00:00,2.2584875
2025-08-13 11:08:24.258293+00:00,2.2584873
2025-08-13 11:08:37.444225+00:00,2.258487
2025-08-13 11:08:50.658659+00:00,2.2584865
2025-08-13 11:09:03.842070+00:00,2.2584869
2025-08-13 11:09:17.001950+00:00,2.2584866
2025-08-13 11:09:29.892818+00:00,2.258487
2025-08-13 11:09:43.030110+00:00,2.2584867
2025-08-13 11:09:56.012144+00:00,2.2584876
2025-08-13 11:10:08.798933+00:00,2.2584872
2025-08-13 11:10:24.365080+00:00,2.2584873
2025-08-13 11:10:37.624121+00:00,2.2584876
2025-08-13 11:11:01.689240+00:00,2.2584873
2025-08-13 11:11:14.055732+00:00,2.2584868
2025-08-13 11:11:26.044527+00:00,2.2584873
2025-08-13 11:11:38.989842+00:00,2.2584871
2025-08-13 11:11:51.749455+00:00,2.2584866
2025-08-13 11:12:04.977722+00:00,2.2584872
2025-08-13 11:12:17.798858+00:00,2.2584873
2025-08-13 11:12:42.576777+00:00,2.258487
2025-08-13 11:12:56.335124+00:00,2.2584872
2025-08-13 11:13:09.303034+00:00,2.2584873
2025-08-13 11:13:20.668697+00:00,2.258487
2025-08-13 11:13:33.694808+00:00,2.2584872
2025-08-13 11:13:46.842864+00:00,2.2584872
2025-08-13 11:13:59.551132+00:00,2.2584868
2025-08-13 11:14:14.376342+00:00,2.2584873
2025-08-13 11:14:25.322290+00:00,2.2584869
2025-08-13 11:14:38.464548+00:00,2.2584872
2025-08-13 11:14:51.377954+00:00,2.2584868
2025-08-13 11:15:04.041478+00:00,2.2584867
2025-08-13 11:15:17.115857+00:00,2.258487
2025-08-13 11:15:30.173199+00:00,2.2584877
2025-08-13 11:15:42.780647+00:00,2.2584876
2025-08-13 11:15:55.697846+00:00,2.2584871
2025-08-13 11:16:10.897785+00:00,2.2584869
2025-08-13 11:16:20.688758+00:00,2.2584873
2025-08-13 11:16:36.614803+00:00,2.258487
2025-08-13 11:16:46.629724+00:00,2.2584874
2025-08-13 11:17:02.900176+00:00,2.2584874
2025-08-13 11:17:16.080633+00:00,2.2584872
2025-08-13 11:17:25.998533+00:00,2.2584864
2025-08-13 11:17:37.808464+00:00,2.2584873
2025-08-13 11:17:51.342815+00:00,2.2584871
2025-08-13 11:18:06.169439+00:00,2.2584876
2025-08-13 11:18:17.121205+00:00,2.2584871
2025-08-13 11:18:30.170835+00:00,2.2584874
2025-08-13 11:18:43.137039+00:00,2.258487
2025-08-13 11:18:55.983894+00:00,2.2584869
2025-08-13 11:19:09.632704+00:00,2.2584872
2025-08-13 11:19:22.856343+00:00,2.2584874
2025-08-13 11:19:35.160931+00:00,2.2584874
2025-08-13 11:19:49.218426+00:00,2.2584868
2025-08-13 11:20:20.371054+00:00,2.2584867
2025-08-13 11:20:27.858506+00:00,2.2584876
2025-08-13 11:20:49.200107+00:00,2.2584879
2025-08-13 11:20:53.092936+00:00,2.2584869
2025-08-13 11:21:07.673295+00:00,2.2584875
2025-08-13 11:21:18.923138+00:00,2.2584874
2025-08-13 11:21:31.729969+00:00,2.258487
2025-08-13 11:21:44.470353+00:00,2.2584868
2025-08-13 11:21:57.541487+00:00,2.2584865
2025-08-13 11:22:09.881072+00:00,2.2584871
2025-08-13 11:22:22.468053+00:00,2.2584877
2025-08-13 11:22:35.977080+00:00,2.258487
2025-08-13 11:22:48.001862+00:00,2.2584874
2025-08-13 11:23:01.110017+00:00,2.2584872
2025-08-13 11:23:14.229936+00:00,2.258487
2025-08-13 11:23:26.264792+00:00,2.2584871
2025-08-13 11:23:39.134728+00:00,2.2584869
2025-08-13 11:23:53.707455+00:00,2.2584875
2025-08-13 11:24:05.018027+00:00,2.2584873
2025-08-13 11:24:19.868280+00:00,2.2584872
2025-08-13 11:24:30.550749+00:00,2.2584866
2025-08-13 11:24:43.303463+00:00,2.258487
2025-08-13 11:24:56.729860+00:00,2.2584868
2025-08-13 11:25:09.076584+00:00,2.258487
2025-08-13 11:25:21.993696+00:00,2.2584874
2025-08-13 11:25:36.310997+00:00,2.2584868
2025-08-13 11:25:47.533457+00:00,2.2584869
2025-08-13 11:26:02.314925+00:00,2.2584873
2025-08-13 11:26:13.157141+00:00,2.2584878
2025-08-13 11:26:25.625522+00:00,2.2584867
2025-08-13 11:26:40.369484+00:00,2.2584872
2025-08-13 11:26:51.560702+00:00,2.2584877
2025-08-13 11:27:08.948554+00:00,2.2584868
2025-08-13 11:27:19.554999+00:00,2.2584864
2025-08-13 11:27:30.322343+00:00,2.2584874
2025-08-13 11:27:43.582585+00:00,2.2584872
2025-08-13 11:27:56.110061+00:00,2.2584873
2025-08-13 11:28:09.325105+00:00,2.2584872
2025-08-13 11:28:22.768070+00:00,2.2584875
2025-08-13 11:28:35.152050+00:00,2.2584875
2025-08-13 11:28:48.119299+00:00,2.2584877
2025-08-13 11:29:01.411824+00:00,2.2584866
2025-08-13 11:29:13.974760+00:00,2.2584867
2025-08-13 11:29:27.480773+00:00,2.2584867
2025-08-13 11:29:40.690824+00:00,2.2584873
2025-08-13 11:29:53.840256+00:00,2.2584867
2025-08-13 11:30:18.859426+00:00,2.258487
2025-08-13 11:30:32.025564+00:00,2.2584873
2025-08-13 11:30:45.107540+00:00,2.2584863
2025-08-13 11:30:58.546145+00:00,2.2584871
2025-08-13 11:31:12.763608+00:00,2.2584873
2025-08-13 11:31:23.446548+00:00,2.2584872
2025-08-13 11:31:36.054025+00:00,2.258487
2025-08-13 11:31:49.485624+00:00,2.2584868
2025-08-13 11:32:02.253121+00:00,2.2584875
2025-08-13 11:32:14.881997+00:00,2.2584868
2025-08-13 11:32:27.195790+00:00,2.2584873
2025-08-13 11:32:39.870793+00:00,2.2584872
2025-08-13 11:32:52.711956+00:00,2.2584874
2025-08-13 11:33:07.703930+00:00,2.2584867
2025-08-13 11:33:18.724070+00:00,2.2584878
2025-08-13 11:33:31.565001+00:00,2.2584875
2025-08-13 11:33:44.130736+00:00,2.2584873
2025-08-13 11:33:56.771416+00:00,2.2584868
2025-08-13 11:34:10.369285+00:00,2.2584882
2025-08-13 11:34:22.788085+00:00,2.2584874
2025-08-13 11:34:35.143936+00:00,2.2584869
2025-08-13 11:34:48.828368+00:00,2.2584872
2025-08-13 11:35:01.785925+00:00,2.2584873
2025-08-13 11:35:14.496276+00:00,2.2584871
2025-08-13 11:35:29.392123+00:00,2.2584873
2025-08-13 11:35:41.325147+00:00,2.2584872
2025-08-13 11:35:52.508394+00:00,2.2584866
2025-08-13 11:36:06.076048+00:00,2.258487
2025-08-13 11:36:19.000872+00:00,2.258487
2025-08-13 11:36:31.925397+00:00,2.2584867
2025-08-13 11:36:43.690468+00:00,2.2584871
2025-08-13 11:36:59.555547+00:00,2.2584871
2025-08-13 11:37:10.316317+00:00,2.2584872
2025-08-13 11:37:22.368818+00:00,2.2584868
2025-08-13 11:37:35.640563+00:00,2.2584872
2025-08-13 11:37:48.113680+00:00,2.2584871
2025-08-13 11:38:00.508862+00:00,2.2584874
2025-08-13 11:38:13.519746+00:00,2.2584867
2025-08-13 11:38:27.044971+00:00,2.2584869
2025-08-13 11:38:39.663691+00:00,2.2584873
2025-08-13 11:39:06.279503+00:00,2.2584868
2025-08-13 11:39:18.962337+00:00,2.2584867
2025-08-13 11:39:32.505825+00:00,2.2584876
2025-08-13 11:39:44.515217+00:00,2.2584875
2025-08-13 11:39:57.706213+00:00,2.2584874
2025-08-13 11:40:10.994708+00:00,2.2584861
2025-08-13 11:40:23.770569+00:00,2.258487
2025-08-13 11:40:37.611081+00:00,2.2584872
2025-08-13 11:40:50.563072+00:00,2.2584869
2025-08-13 11:41:02.670119+00:00,2.2584874
2025-08-13 11:41:14.863783+00:00,2.2584868
2025-08-13 11:41:27.846414+00:00,2.2584862
2025-08-13 11:41:41.014775+00:00,2.258487
2025-08-13 11:41:53.888534+00:00,2.2584872
2025-08-13 11:42:12.584708+00:00,2.2584867
2025-08-13 11:42:19.860799+00:00,2.2584866
2025-08-13 11:42:35.336015+00:00,2.2584865
2025-08-13 11:42:48.874294+00:00,2.2584868
2025-08-13 11:42:58.177918+00:00,2.258487
2025-08-13 11:43:10.884134+00:00,2.258487
2025-08-13 11:43:23.357835+00:00,2.2584874
2025-08-13 11:43:35.901445+00:00,2.258487
2025-08-13 11:43:50.182529+00:00,2.2584875
2025-08-13 11:44:01.920930+00:00,2.2584872
2025-08-13 11:44:27.184484+00:00,2.2584873
2025-08-13 11:44:39.976524+00:00,2.2584877
2025-08-13 11:44:52.485367+00:00,2.2584869
2025-08-13 11:45:05.721480+00:00,2.2584874
2025-08-13 11:45:18.937259+00:00,2.258487
2025-08-13 11:45:30.913552+00:00,2.2584869
2025-08-13 11:45:43.844933+00:00,2.258487
2025-08-13 11:45:58.670031+00:00,2.2584865
2025-08-13 11:46:09.830465+00:00,2.2584872
2025-08-13 11:46:22.974753+00:00,2.2584871
2025-08-13 11:46:36.696264+00:00,2.2584871
2025-08-13 11:46:48.186472+00:00,2.2584875
2025-08-13 11:47:01.888723+00:00,2.2584873
2025-08-13 11:47:13.464404+00:00,2.258487
2025-08-13 11:47:26.763876+00:00,2.2584877
2025-08-13 11:47:39.369992+00:00,2.2584871
2025-08-13 11:47:51.802156+00:00,2.2584878
2025-08-13 11:48:05.290891+00:00,2.2584871
2025-08-13 11:48:17.375832+00:00,2.2584866
2025-08-13 11:48:30.051334+00:00,2.2584872
2025-08-13 11:48:43.530819+00:00,2.2584868
2025-08-13 11:48:56.070320+00:00,2.2584872
2025-08-13 11:49:15.263240+00:00,2.2584876
2025-08-13 11:49:22.326083+00:00,2.2584876
2025-08-13 11:49:37.458906+00:00,2.2584868
2025-08-13 11:49:48.279487+00:00,2.2584871
2025-08-13 11:50:01.705131+00:00,2.2584874
2025-08-13 11:50:15.996629+00:00,2.258487
2025-08-13 11:50:28.506445+00:00,2.2584875
2025-08-13 11:50:41.054752+00:00,2.2584875
2025-08-13 11:51:19.369756+00:00,2.2584868
2025-08-13 11:51:33.803568+00:00,2.2584871
2025-08-13 11:51:44.934478+00:00,2.2584867
2025-08-13 11:51:57.526824+00:00,2.2584871
2025-08-13 11:52:11.604294+00:00,2.2584876
2025-08-13 11:52:24.942247+00:00,2.2584871
2025-08-13 11:52:36.438509+00:00,2.258487
2025-08-13 11:52:50.797891+00:00,2.2584869
2025-08-13 11:53:02.776563+00:00,2.2584871
2025-08-13 11:53:15.215027+00:00,2.2584868
2025-08-13 11:53:28.611403+00:00,2.2584872
2025-08-13 11:53:40.442399+00:00,2.2584868
2025-08-13 11:53:52.732841+00:00,2.2584873
2025-08-13 11:54:06.264811+00:00,2.2584877
2025-08-13 11:54:18.810673+00:00,2.2584873
2025-08-13 11:54:31.666414+00:00,2.2584868
2025-08-13 11:54:44.047451+00:00,2.2584878
2025-08-13 11:54:56.729520+00:00,2.2584871
2025-08-13 11:55:13.585107+00:00,2.2584869
2025-08-13 11:55:35.831203+00:00,2.2584869
2025-08-13 11:55:48.760960+00:00,2.258487
2025-08-13 11:56:01.600946+00:00,2.2584875
2025-08-13 11:56:14.121743+00:00,2.2584866
2025-08-13 11:56:27.685461+00:00,2.2584874
2025-08-13 11:56:40.775272+00:00,2.2584867
2025-08-13 11:56:52.929697+00:00,2.258487
2025-08-13 11:57:05.329085+00:00,2.2584867
2025-08-13 11:57:18.346620+00:00,2.2584873
2025-08-13 11:57:31.105952+00:00,2.2584867
2025-08-13 11:57:44.345318+00:00,2.2584867
2025-08-13 11:57:58.455909+00:00,2.2584873
2025-08-13 11:58:09.773463+00:00,2.2584875
2025-08-13 11:58:22.046492+00:00,2.258487
2025-08-13 11:58:34.677813+00:00,2.2584873
2025-08-13 11:58:47.729397+00:00,2.2584872
2025-08-13 11:59:01.493425+00:00,2.2584875
2025-08-13 11:59:13.500429+00:00,2.2584873
2025-08-13 11:59:26.431035+00:00,2.258487
2025-08-13 11:59:38.836022+00:00,2.2584872
2025-08-13 11:59:52.041551+00:00,2.2584869
2025-08-13 12:00:08.306974+00:00,2.2584876
2025-08-13 12:00:18.391540+00:00,2.2584868
2025-08-13 12:00:31.871349+00:00,2.2584872
2025-08-13 12:00:50.516465+00:00,2.2584869
2025-08-13 12:00:57.813278+00:00,2.2584873
2025-08-13 12:01:10.890099+00:00,2.2584869
2025-08-13 12:01:23.693490+00:00,2.2584868
2025-08-13 12:01:39.806112+00:00,2.2584869
2025-08-13 12:01:49.541738+00:00,2.258487
2025-08-13 12:02:02.328978+00:00,2.2584868
2025-08-13 12:02:15.897552+00:00,2.2584867
2025-08-13 12:02:28.006416+00:00,2.258487
2025-08-13 12:02:40.925666+00:00,2.258487
2025-08-13 12:02:54.034764+00:00,2.2584871
2025-08-13 12:03:07.142981+00:00,2.258487
2025-08-13 12:03:20.112252+00:00,2.2584869
2025-08-13 12:03:33.085716+00:00,2.2584868
2025-08-13 12:03:45.832924+00:00,2.2584874
2025-08-13 12:03:58.366022+00:00,2.2584873
2025-08-13 12:04:12.901930+00:00,2.2584878
2025-08-13 12:04:23.609730+00:00,2.2584873
2025-08-13 12:04:36.249570+00:00,2.2584874
2025-08-13 12:04:49.423947+00:00,2.2584872
2025-08-13 12:05:02.078789+00:00,2.2584877
2025-08-13 12:05:14.802960+00:00,2.2584872
2025-08-13 12:05:27.924473+00:00,2.2584872
2025-08-13 12:05:41.549726+00:00,2.2584869
2025-08-13 12:05:53.822473+00:00,2.2584874
2025-08-13 12:06:06.837309+00:00,2.2584873
2025-08-13 12:06:19.829110+00:00,2.2584869
2025-08-13 12:06:33.006200+00:00,2.2584875
2025-08-13 12:06:48.378801+00:00,2.2584872
2025-08-13 12:06:57.725988+00:00,2.2584871
2025-08-13 12:07:10.874854+00:00,2.2584875
2025-08-13 12:07:23.495511+00:00,2.2584869
2025-08-13 12:07:36.432149+00:00,2.2584869
2025-08-13 12:07:53.404347+00:00,2.2584867
2025-08-13 12:08:03.265036+00:00,2.2584874
2025-08-13 12:08:15.011183+00:00,2.2584869
2025-08-13 12:08:27.376741+00:00,2.2584866
2025-08-13 12:08:40.143520+00:00,2.2584873
2025-08-13 12:08:54.909581+00:00,2.2584871
2025-08-13 12:09:07.128117+00:00,2.2584867
2025-08-13 12:09:19.082447+00:00,2.2584868
2025-08-13 12:09:32.190819+00:00,2.2584875
2025-08-13 12:09:44.489254+00:00,2.2584872
2025-08-13 12:09:58.809415+00:00,2.2584872
2025-08-13 12:10:10.924869+00:00,2.258487
2025-08-13 12:10:24.047412+00:00,2.2584877
2025-08-13 12:10:38.106234+00:00,2.2584873
2025-08-13 12:10:49.898266+00:00,2.2584867
2025-08-13 12:11:03.741905+00:00,2.258487
2025-08-13 12:11:16.032064+00:00,2.2584868
2025-08-13 12:11:28.741006+00:00,2.2584872
2025-08-13 12:11:45.258326+00:00,2.258487
2025-08-13 12:11:54.598361+00:00,2.2584872
2025-08-13 12:12:10.908639+00:00,2.2584873
2025-08-13 12:12:21.332477+00:00,2.258487
2025-08-13 12:12:34.641216+00:00,2.2584874
2025-08-13 12:12:46.739635+00:00,2.2584867
2025-08-13 12:12:59.943825+00:00,2.258487
2025-08-13 12:13:14.977461+00:00,2.2584875
2025-08-13 12:13:25.621436+00:00,2.2584876
2025-08-13 12:13:38.860212+00:00,2.2584874
2025-08-13 12:13:51.421310+00:00,2.2584866
2025-08-13 12:14:06.481838+00:00,2.2584866
2025-08-13 12:14:17.028523+00:00,2.2584868
2025-08-13 12:14:29.047374+00:00,2.2584867
2025-08-13 12:14:41.929479+00:00,2.258487
2025-08-13 12:14:54.811568+00:00,2.258487
2025-08-13 12:15:08.201425+00:00,2.2584867
2025-08-13 12:15:21.345416+00:00,2.2584871
2025-08-13 12:15:33.375103+00:00,2.2584871
2025-08-13 12:15:46.501333+00:00,2.2584868
2025-08-13 12:15:58.830890+00:00,2.2584872
2025-08-13 12:16:12.226702+00:00,2.2584868
2025-08-13 12:16:24.573882+00:00,2.2584872
2025-08-13 12:16:37.888184+00:00,2.2584865
2025-08-13 12:16:50.695467+00:00,2.2584874
2025-08-13 12:17:03.199509+00:00,2.258487
2025-08-13 12:17:18.173398+00:00,2.2584875
2025-08-13 12:17:28.482811+00:00,2.2584869
2025-08-13 12:17:41.795582+00:00,2.2584873
2025-08-13 12:17:54.386504+00:00,2.2584867
2025-08-13 12:18:07.308986+00:00,2.2584871
2025-08-13 12:18:20.665386+00:00,2.2584871
2025-08-13 12:18:32.757159+00:00,2.2584867
2025-08-13 12:18:45.552776+00:00,2.2584872
2025-08-13 12:18:58.500179+00:00,2.2584867
2025-08-13 12:19:13.069597+00:00,2.2584875
2025-08-13 12:19:26.798279+00:00,2.2584875
2025-08-13 12:19:37.164990+00:00,2.2584871
2025-08-13 12:19:50.555854+00:00,2.2584873
2025-08-13 12:20:05.260579+00:00,2.258487
2025-08-13 12:20:17.814440+00:00,2.2584869
2025-08-13 12:20:29.874856+00:00,2.2584868
2025-08-13 12:20:43.889520+00:00,2.2584868
2025-08-13 12:20:56.035461+00:00,2.2584866
2025-08-13 12:21:08.865553+00:00,2.2584875
2025-08-13 12:21:21.648671+00:00,2.2584875
2025-08-13 12:21:35.200846+00:00,2.2584872
2025-08-13 12:21:50.252546+00:00,2.2584875
2025-08-13 12:22:00.754022+00:00,2.2584873
2025-08-13 12:22:13.492347+00:00,2.2584873
2025-08-13 12:22:26.176263+00:00,2.2584871
2025-08-13 12:22:40.558154+00:00,2.2584869
2025-08-13 12:22:53.884852+00:00,2.2584866
2025-08-13 12:23:05.293917+00:00,2.2584867
2025-08-13 12:23:20.179942+00:00,2.2584867
2025-08-13 12:23:31.370704+00:00,2.2584873
2025-08-13 12:23:43.692311+00:00,2.2584874
2025-08-13 12:23:56.401133+00:00,2.2584869
2025-08-13 12:24:11.288989+00:00,2.2584872
2025-08-13 12:24:21.913229+00:00,2.258487
2025-08-13 12:24:35.307704+00:00,2.2584865
2025-08-13 12:24:47.647487+00:00,2.2584873
2025-08-13 12:25:00.281908+00:00,2.2584868
2025-08-13 12:25:13.358268+00:00,2.2584869
2025-08-13 12:25:26.030935+00:00,2.2584874
2025-08-13 12:25:39.705828+00:00,2.2584873
2025-08-13 12:25:51.379657+00:00,2.2584871
2025-08-13 12:26:04.454924+00:00,2.2584864
2025-08-13 12:26:18.379675+00:00,2.2584872
2025-08-13 12:26:31.609206+00:00,2.2584875
2025-08-13 12:26:42.986118+00:00,2.2584878
2025-08-13 12:26:55.782047+00:00,2.2584876
2025-08-13 12:27:08.592713+00:00,2.2584871
2025-08-13 12:27:21.333796+00:00,2.2584874
2025-08-13 12:27:34.988385+00:00,2.2584873
2025-08-13 12:27:46.934857+00:00,2.2584872
2025-08-13 12:27:59.887270+00:00,2.2584873
2025-08-13 12:28:12.638897+00:00,2.2584866
2025-08-13 12:28:25.047202+00:00,2.2584871
2025-08-13 12:28:37.952857+00:00,2.2584875
2025-08-13 12:28:50.729238+00:00,2.2584869
2025-08-13 12:29:05.865505+00:00,2.2584869
2025-08-13 12:29:16.879000+00:00,2.2584872
2025-08-13 12:29:29.528903+00:00,2.2584871
2025-08-13 12:29:42.803929+00:00,2.2584869
2025-08-13 12:29:55.587257+00:00,2.2584874
2025-08-13 12:30:09.073727+00:00,2.2584864
2025-08-13 12:30:21.831347+00:00,2.2584873
2025-08-13 12:30:34.847232+00:00,2.2584867
2025-08-13 12:30:49.859017+00:00,2.2584867
2025-08-13 12:31:00.961874+00:00,2.2584872
2025-08-13 12:31:14.117592+00:00,2.2584869
2025-08-13 12:31:26.854765+00:00,2.2584878
2025-08-13 12:31:39.569237+00:00,2.2584878
2025-08-13 12:31:54.538118+00:00,2.258487
2025-08-13 12:32:07.204964+00:00,2.2584872
2025-08-13 12:32:18.609986+00:00,2.2584877
2025-08-13 12:32:33.051439+00:00,2.2584868
2025-08-13 12:32:44.316204+00:00,2.2584868
2025-08-13 12:32:57.984018+00:00,2.2584874
2025-08-13 12:33:10.616593+00:00,2.2584871
2025-08-13 12:33:22.914152+00:00,2.2584868
2025-08-13 12:33:35.596358+00:00,2.2584871
2025-08-13 12:33:48.716937+00:00,2.2584873
2025-08-13 12:34:01.109852+00:00,2.2584874
2025-08-13 12:34:13.673582+00:00,2.2584874
2025-08-13 12:34:28.148250+00:00,2.2584873
2025-08-13 12:34:40.677686+00:00,2.2584871
2025-08-13 12:34:52.049271+00:00,2.2584874
2025-08-13 12:35:07.481072+00:00,2.258487
2025-08-13 12:35:17.774668+00:00,2.2584869
2025-08-13 12:35:30.263591+00:00,2.2584868
2025-08-13 12:35:43.539796+00:00,2.2584867
2025-08-13 12:35:55.929722+00:00,2.2584871
2025-08-13 12:36:12.814987+00:00,2.2584868
2025-08-13 12:36:24.695417+00:00,2.2584874
2025-08-13 12:36:34.947109+00:00,2.2584872
2025-08-13 12:36:47.951676+00:00,2.2584872
2025-08-13 12:37:00.970506+00:00,2.2584875
2025-08-13 12:37:13.162363+00:00,2.2584871
2025-08-13 12:37:25.667310+00:00,2.258487
2025-08-13 12:37:38.870658+00:00,2.2584868
2025-08-13 12:37:51.920081+00:00,2.2584868
2025-08-13 12:38:04.712018+00:00,2.2584869
2025-08-13 12:38:17.205947+00:00,2.2584871
2025-08-13 12:38:29.815246+00:00,2.2584869
2025-08-13 12:38:44.293252+00:00,2.2584876
2025-08-13 12:38:55.378584+00:00,2.2584874
2025-08-13 12:39:21.311456+00:00,2.2584875
2025-08-13 12:39:34.230789+00:00,2.2584867
2025-08-13 12:39:47.011122+00:00,2.2584871
2025-08-13 12:39:59.650240+00:00,2.2584874
2025-08-13 12:40:13.493332+00:00,2.2584874
2025-08-13 12:40:26.701929+00:00,2.2584872
2025-08-13 12:40:39.923194+00:00,2.2584866
2025-08-13 12:40:52.542790+00:00,2.2584873
2025-08-13 12:41:06.499759+00:00,2.2584876
2025-08-13 12:41:21.466180+00:00,2.2584869
2025-08-13 12:41:31.391165+00:00,2.258487
2025-08-13 12:41:44.640093+00:00,2.2584867
2025-08-13 12:41:56.777843+00:00,2.2584872
2025-08-13 12:42:09.971992+00:00,2.2584872
2025-08-13 12:42:22.712190+00:00,2.2584867
2025-08-13 12:42:35.570339+00:00,2.2584874
2025-08-13 12:42:48.651940+00:00,2.2584875
2025-08-13 12:43:01.892708+00:00,2.2584874
2025-08-13 12:43:15.172112+00:00,2.2584875
2025-08-13 12:43:27.381162+00:00,2.258487
2025-08-13 12:43:43.084378+00:00,2.2584869
2025-08-13 12:43:53.394397+00:00,2.2584866
2025-08-13 12:44:06.723677+00:00,2.2584876
2025-08-13 12:44:18.817829+00:00,2.2584872
2025-08-13 12:44:31.893708+00:00,2.2584867
2025-08-13 12:44:43.971529+00:00,2.2584868
2025-08-13 12:44:57.628188+00:00,2.2584874
2025-08-13 12:45:11.776596+00:00,2.2584875
2025-08-13 12:45:22.410837+00:00,2.2584869
2025-08-13 12:45:35.466707+00:00,2.2584865
2025-08-13 12:45:48.083448+00:00,2.2584866
2025-08-13 12:46:03.428931+00:00,2.2584872
2025-08-13 12:46:13.206848+00:00,2.258487
2025-08-13 12:46:25.785896+00:00,2.2584869
2025-08-13 12:46:38.560373+00:00,2.2584872
2025-08-13 12:46:51.428350+00:00,2.2584872
2025-08-13 12:47:04.427848+00:00,2.2584867
2025-08-13 12:47:17.882358+00:00,2.2584868
2025-08-13 12:47:30.620746+00:00,2.258487
2025-08-13 12:47:42.899571+00:00,2.2584876
2025-08-13 12:47:56.004816+00:00,2.2584872
2025-08-13 12:48:09.073556+00:00,2.2584872
2025-08-13 12:48:21.524589+00:00,2.2584871
2025-08-13 12:48:34.623558+00:00,2.2584868
2025-08-13 12:48:49.937035+00:00,2.2584867
2025-08-13 12:48:59.839455+00:00,2.2584867
2025-08-13 12:49:14.328471+00:00,2.2584871
2025-08-13 12:49:25.220634+00:00,2.2584874
2025-08-13 12:49:38.416541+00:00,2.2584871
2025-08-13 12:49:50.931386+00:00,2.2584874
2025-08-13 12:50:03.901622+00:00,2.2584869
2025-08-13 12:50:21.198766+00:00,2.2584875
2025-08-13 12:50:29.618362+00:00,2.2584864
2025-08-13 12:50:55.428213+00:00,2.2584871
2025-08-13 12:51:08.751479+00:00,2.2584872
2025-08-13 12:51:21.590730+00:00,2.2584873
2025-08-13 12:51:39.245935+00:00,2.2584869
2025-08-13 12:51:49.234078+00:00,2.2584871
2025-08-13 12:52:02.894723+00:00,2.2584868
2025-08-13 12:52:14.010788+00:00,2.2584868
2025-08-13 12:52:26.857994+00:00,2.2584865
2025-08-13 12:52:39.909294+00:00,2.2584876
2025-08-13 12:52:53.831191+00:00,2.2584872
2025-08-13 12:53:08.147463+00:00,2.2584869
2025-08-13 12:53:18.936300+00:00,2.2584868
2025-08-13 12:53:31.479027+00:00,2.2584871
2025-08-13 12:53:44.445284+00:00,2.2584874
2025-08-13 12:53:57.275186+00:00,2.2584879
2025-08-13 12:54:10.631837+00:00,2.2584868
2025-08-13 12:54:23.692374+00:00,2.2584869
2025-08-13 12:54:37.035139+00:00,2.2584871
2025-08-13 12:54:49.088681+00:00,2.2584873
2025-08-13 12:55:03.245786+00:00,2.2584872
2025-08-13 12:55:14.915890+00:00,2.258487
2025-08-13 12:55:40.410829+00:00,2.2584873
2025-08-13 12:55:53.234841+00:00,2.2584873
2025-08-13 12:56:07.117838+00:00,2.2584877
2025-08-13 12:56:19.267445+00:00,2.2584869
2025-08-13 12:56:31.794400+00:00,2.2584872
2025-08-13 12:56:44.239599+00:00,2.2584873
2025-08-13 12:56:57.154060+00:00,2.258487
2025-08-13 12:57:11.271964+00:00,2.2584873
2025-08-13 12:57:23.398222+00:00,2.2584872
2025-08-13 12:57:35.917157+00:00,2.2584865
2025-08-13 12:57:48.863478+00:00,2.2584873
2025-08-13 12:58:02.166167+00:00,2.2584868
2025-08-13 12:58:14.396211+00:00,2.2584874
2025-08-13 12:58:34.498016+00:00,2.2584871
2025-08-13 12:58:39.911209+00:00,2.258487
2025-08-13 12:58:52.669690+00:00,2.2584876
2025-08-13 12:59:06.064189+00:00,2.2584875
2025-08-13 12:59:19.722771+00:00,2.2584866
2025-08-13 12:59:31.052461+00:00,2.258487
2025-08-13 12:59:43.786732+00:00,2.2584874
2025-08-13 12:59:56.583135+00:00,2.2584869
2025-08-13 13:00:09.479560+00:00,2.2584871
2025-08-13 13:00:22.081720+00:00,2.2584872
2025-08-13 13:00:35.163197+00:00,2.2584869
2025-08-13 13:00:49.617446+00:00,2.2584869
2025-08-13 13:01:00.861795+00:00,2.2584869
2025-08-13 13:01:13.963019+00:00,2.2584877
2025-08-13 13:01:26.824853+00:00,2.2584869
2025-08-13 13:01:39.692872+00:00,2.2584872
2025-08-13 13:01:52.902112+00:00,2.2584864
2025-08-13 13:02:09.061101+00:00,2.2584868
2025-08-13 13:02:19.069428+00:00,2.2584875
2025-08-13 13:02:32.948278+00:00,2.2584871
2025-08-13 13:02:45.770277+00:00,2.2584874
2025-08-13 13:02:58.275383+00:00,2.2584869
2025-08-13 13:03:12.219936+00:00,2.2584876
2025-08-13 13:03:31.933983+00:00,2.2584868
2025-08-13 13:03:37.314312+00:00,2.2584867
2025-08-13 13:03:50.514288+00:00,2.258487
2025-08-13 13:04:03.064676+00:00,2.2584874
2025-08-13 13:04:18.548213+00:00,2.2584871
2025-08-13 13:04:29.062300+00:00,2.2584869
2025-08-13 13:04:41.974090+00:00,2.2584865
2025-08-13 13:04:54.839256+00:00,2.2584872
2025-08-13 13:05:07.630123+00:00,2.258487
2025-08-13 13:05:21.402793+00:00,2.2584869
2025-08-13 13:05:36.530665+00:00,2.2584873
2025-08-13 13:05:58.197851+00:00,2.2584872
2025-08-13 13:06:13.654497+00:00,2.258487
2025-08-13 13:06:24.839315+00:00,2.2584873
2025-08-13 13:06:36.696470+00:00,2.2584867
2025-08-13 13:06:49.418277+00:00,2.2584872
2025-08-13 13:07:11.215003+00:00,2.258487
2025-08-13 13:07:14.665176+00:00,2.2584869
2025-08-13 13:07:28.812020+00:00,2.2584878
2025-08-13 13:07:40.599426+00:00,2.2584865
2025-08-13 13:07:58.101225+00:00,2.2584873
2025-08-13 13:08:06.201665+00:00,2.2584866
2025-08-13 13:08:18.893009+00:00,2.2584867
2025-08-13 13:08:32.122557+00:00,2.2584867
2025-08-13 13:08:44.595052+00:00,2.2584868
2025-08-13 13:08:57.329902+00:00,2.2584869
2025-08-13 13:09:15.542663+00:00,2.2584867
2025-08-13 13:09:22.781001+00:00,2.2584878
2025-08-13 13:09:35.810191+00:00,2.2584869
2025-08-13 13:09:48.617028+00:00,2.2584869
2025-08-13 13:10:08.007775+00:00,2.2584875
2025-08-13 13:10:15.006505+00:00,2.258487
2025-08-13 13:10:27.072384+00:00,2.2584875
2025-08-13 13:10:40.437081+00:00,2.2584875
2025-08-13 13:10:55.366506+00:00,2.2584871
2025-08-13 13:11:08.655866+00:00,2.2584876
2025-08-13 13:11:19.800542+00:00,2.2584872
2025-08-13 13:11:31.914464+00:00,2.2584871
2025-08-13 13:11:44.258580+00:00,2.258487
2025-08-13 13:11:57.288113+00:00,2.2584874
2025-08-13 13:12:10.462697+00:00,2.2584865
2025-08-13 13:12:23.448164+00:00,2.2584867
2025-08-13 13:12:37.044381+00:00,2.2584871
2025-08-13 13:12:49.682523+00:00,2.2584876
2025-08-13 13:13:03.281290+00:00,2.2584874
2025-08-13 13:13:15.469092+00:00,2.2584875
2025-08-13 13:13:28.986212+00:00,2.2584872
2025-08-13 13:13:43.335245+00:00,2.2584871
2025-08-13 13:13:56.228018+00:00,2.2584869
2025-08-13 13:14:14.869726+00:00,2.2584872
2025-08-13 13:14:21.225776+00:00,2.2584871
2025-08-13 13:14:33.264406+00:00,2.2584874
2025-08-13 13:14:46.307749+00:00,2.2584869
2025-08-13 13:14:59.237151+00:00,2.2584868
2025-08-13 13:15:12.093857+00:00,2.2584877
2025-08-13 13:15:28.823112+00:00,2.258487
2025-08-13 13:15:37.861229+00:00,2.2584873
2025-08-13 13:15:52.728107+00:00,2.2584874
2025-08-13 13:16:04.431217+00:00,2.2584871
2025-08-13 13:16:18.873885+00:00,2.2584865
2025-08-13 13:16:29.442033+00:00,2.2584872
2025-08-13 13:16:41.637371+00:00,2.2584871
2025-08-13 13:17:11.461724+00:00,2.2584878
2025-08-13 13:17:19.185119+00:00,2.2584875
2025-08-13 13:17:32.956578+00:00,2.2584875
2025-08-13 13:17:44.739999+00:00,2.2584873
2025-08-13 13:18:01.945929+00:00,2.2584868
2025-08-13 13:18:10.776703+00:00,2.258487
2025-08-13 13:18:23.374372+00:00,2.2584872
2025-08-13 13:18:36.707524+00:00,2.2584868
2025-08-13 13:18:49.464199+00:00,2.2584874
2025-08-13 13:19:02.445271+00:00,2.2584876
2025-08-13 13:19:15.469823+00:00,2.2584876
2025-08-13 13:19:28.037913+00:00,2.2584874
2025-08-13 13:19:40.863092+00:00,2.258487
2025-08-13 13:19:57.006237+00:00,2.2584872
2025-08-13 13:20:08.012770+00:00,2.2584867
2025-08-13 13:20:19.259746+00:00,2.2584867
2025-08-13 13:20:32.486128+00:00,2.2584871
2025-08-13 13:20:44.548581+00:00,2.2584867
2025-08-13 13:21:00.958520+00:00,2.2584874
2025-08-13 13:21:14.318977+00:00,2.2584867
2025-08-13 13:21:23.919046+00:00,2.2584873
2025-08-13 13:21:36.428758+00:00,2.258487
2025-08-13 13:21:49.272455+00:00,2.2584868
2025-08-13 13:22:04.465367+00:00,2.2584869
2025-08-13 13:22:15.682275+00:00,2.2584874
2025-08-13 13:22:28.344635+00:00,2.2584876
2025-08-13 13:22:41.377500+00:00,2.2584873
2025-08-13 13:22:57.325850+00:00,2.2584867
2025-08-13 13:23:07.715130+00:00,2.2584869
2025-08-13 13:23:20.696008+00:00,2.2584872
2025-08-13 13:23:34.113520+00:00,2.2584876
2025-08-13 13:23:47.261543+00:00,2.2584874
2025-08-13 13:24:00.633403+00:00,2.2584869
2025-08-13 13:24:16.403962+00:00,2.2584865
2025-08-13 13:24:26.004863+00:00,2.2584871
2025-08-13 13:24:38.857785+00:00,2.2584871
2025-08-13 13:24:52.869758+00:00,2.2584875
2025-08-13 13:25:05.322073+00:00,2.2584865
2025-08-13 13:25:32.483161+00:00,2.2584869
2025-08-13 13:25:44.148558+00:00,2.2584869
2025-08-13 13:25:57.771937+00:00,2.2584866
2025-08-13 13:26:16.459494+00:00,2.2584872
2025-08-13 13:26:22.729608+00:00,2.2584872
2025-08-13 13:26:35.551156+00:00,2.2584871
2025-08-13 13:26:49.097709+00:00,2.2584868
2025-08-13 13:27:00.998147+00:00,2.2584875
2025-08-13 13:27:13.876289+00:00,2.2584871
2025-08-13 13:27:26.348757+00:00,2.2584873
2025-08-13 13:27:39.212975+00:00,2.258487
2025-08-13 13:27:51.636136+00:00,2.2584869
2025-08-13 13:28:04.735949+00:00,2.2584877
2025-08-13 13:28:17.712858+00:00,2.2584873
2025-08-13 13:28:30.496194+00:00,2.2584869
2025-08-13 13:28:42.345264+00:00,2.2584869
2025-08-13 13:28:56.759524+00:00,2.2584875
2025-08-13 13:29:13.081760+00:00,2.258487
2025-08-13 13:29:20.686452+00:00,2.2584876
2025-08-13 13:29:34.199942+00:00,2.2584873
2025-08-13 13:29:46.319960+00:00,2.2584873
2025-08-13 13:29:59.560978+00:00,2.2584871
2025-08-13 13:30:12.945457+00:00,2.2584863
2025-08-13 13:30:26.574778+00:00,2.2584872
2025-08-13 13:30:40.394473+00:00,2.258487
2025-08-13 13:30:51.727021+00:00,2.2584869
2025-08-13 13:31:04.667938+00:00,2.2584868
2025-08-13 13:31:16.078516+00:00,2.2584876
2025-08-13 13:31:28.643548+00:00,2.2584868
2025-08-13 13:31:41.631202+00:00,2.2584872
2025-08-13 13:31:55.918354+00:00,2.2584871
2025-08-13 13:32:07.082318+00:00,2.2584867
2025-08-13 13:32:19.786214+00:00,2.2584871
2025-08-13 13:32:33.634350+00:00,2.2584873
2025-08-13 13:32:45.380473+00:00,2.2584867
2025-08-13 13:32:58.375238+00:00,2.2584872
2025-08-13 13:33:11.551065+00:00,2.2584866
2025-08-13 13:33:23.982276+00:00,2.2584869
2025-08-13 13:33:37.680289+00:00,2.258487
2025-08-13 13:33:50.302638+00:00,2.2584867
2025-08-13 13:34:03.679934+00:00,2.2584867
2025-08-13 13:34:17.158008+00:00,2.2584874
2025-08-13 13:34:29.957307+00:00,2.258487
2025-08-13 13:34:43.269397+00:00,2.2584868
2025-08-13 13:34:55.398549+00:00,2.2584864
2025-08-13 13:35:09.141176+00:00,2.2584868
2025-08-13 13:35:21.504645+00:00,2.2584872
2025-08-13 13:35:34.678562+00:00,2.2584876
2025-08-13 13:35:47.695818+00:00,2.2584869
2025-08-13 13:36:01.051069+00:00,2.2584868
2025-08-13 13:36:13.982420+00:00,2.2584872
2025-08-13 13:36:26.131742+00:00,2.2584876
2025-08-13 13:36:39.148954+00:00,2.2584873
2025-08-13 13:36:51.949586+00:00,2.2584872
2025-08-13 13:37:05.578795+00:00,2.2584873
2025-08-13 13:37:18.458808+00:00,2.2584875
2025-08-13 13:37:30.102198+00:00,2.2584868
2025-08-13 13:37:43.760749+00:00,2.2584863
2025-08-13 13:37:55.796031+00:00,2.2584868
2025-08-13 13:38:08.466815+00:00,2.2584874
2025-08-13 13:38:47.409649+00:00,2.2584875
2025-08-13 13:38:59.129776+00:00,2.2584869
2025-08-13 13:39:12.200686+00:00,2.2584868
2025-08-13 13:39:24.834007+00:00,2.2584872
2025-08-13 13:39:38.089023+00:00,2.2584873
2025-08-13 13:39:50.544771+00:00,2.2584871
2025-08-13 13:40:28.987783+00:00,2.2584872
2025-08-13 13:40:54.526096+00:00,2.258487
2025-08-13 13:41:45.562719+00:00,2.2584866
2025-08-13 13:41:58.349676+00:00,2.258487
2025-08-13 13:42:37.235033+00:00,2.2584873
2025-08-13 13:42:49.525252+00:00,2.2584871
2025-08-13 13:43:28.422991+00:00,2.2584867
2025-08-13 14:13:32.686791+00:00,2.2584874
2025-08-13 16:10:23.065989+00:00,2.2584862
2025-08-13 16:11:01.235999+00:00,2.2584861
2025-08-13 16:26:02.731297+00:00,2.2584866
2025-08-13 16:29:27.972304+00:00,2.2584874
2025-08-13 16:29:40.520494+00:00,2.2584872
2025-08-13 16:29:53.439480+00:00,2.2584869
2025-08-13 16:31:10.798127+00:00,2.2584864
2025-08-13 16:31:23.380617+00:00,2.2584859
2025-08-13 16:31:35.818831+00:00,2.2584868
2025-08-13 16:32:14.539160+00:00,2.2584861
2025-08-13 16:32:27.441904+00:00,2.2584862
2025-08-13 16:33:58.328967+00:00,2.2584864
2025-08-13 16:35:04.283733+00:00,2.2584858
2025-08-13 16:35:16.285015+00:00,2.2584865
2025-08-13 16:35:29.277666+00:00,2.2584873
2025-08-13 16:35:42.336324+00:00,2.2584868
2025-08-13 16:35:55.106990+00:00,2.2584866
2025-08-13 16:36:08.465770+00:00,2.2584861
2025-08-13 16:36:20.809676+00:00,2.2584862
2025-08-13 16:36:35.062018+00:00,2.2584861
2025-08-13 16:36:46.698447+00:00,2.2584868
2025-08-13 16:36:59.115683+00:00,2.2584868
2025-08-13 16:37:13.027005+00:00,2.2584863
2025-08-13 16:37:38.752715+00:00,2.2584866
2025-08-13 16:37:50.258219+00:00,2.2584871
2025-08-13 16:38:03.339570+00:00,2.2584868
2025-08-13 16:38:16.074862+00:00,2.2584869
2025-08-13 16:38:28.887285+00:00,2.258487
2025-08-13 16:38:41.661928+00:00,2.258487
2025-08-13 16:38:54.595448+00:00,2.2584867
2025-08-13 16:39:07.194482+00:00,2.2584863
2025-08-13 16:39:20.005302+00:00,2.2584863
2025-08-13 16:39:34.207279+00:00,2.2584868
2025-08-13 16:39:46.241989+00:00,2.2584869
2025-08-13 16:39:58.598587+00:00,2.2584871
2025-08-13 16:40:13.615732+00:00,2.2584865
2025-08-13 16:40:25.193359+00:00,2.2584862
2025-08-13 16:40:36.899537+00:00,2.2584866
2025-08-13 16:40:49.718398+00:00,2.2584867
2025-08-13 16:41:02.427216+00:00,2.2584861
2025-08-13 16:41:15.055422+00:00,2.2584864
2025-08-13 16:41:28.202710+00:00,2.2584865
2025-08-13 16:41:40.598700+00:00,2.2584864
2025-08-13 16:41:53.361381+00:00,2.2584866
2025-08-13 16:42:07.085268+00:00,2.2584872
2025-08-13 16:42:20.124600+00:00,2.2584863
2025-08-13 16:42:32.115317+00:00,2.2584871
2025-08-13 16:42:44.603067+00:00,2.2584866
2025-08-13 16:42:57.588271+00:00,2.2584863
2025-08-13 16:43:12.863557+00:00,2.2584864
2025-08-13 16:43:24.043773+00:00,2.2584864
2025-08-13 16:43:36.806781+00:00,2.2584869
2025-08-13 16:43:49.997432+00:00,2.2584872
2025-08-13 16:44:03.266851+00:00,2.258486
2025-08-13 16:44:16.354017+00:00,2.2584862
2025-08-13 16:44:29.365051+00:00,2.2584866
2025-08-13 16:44:42.503327+00:00,2.258486
2025-08-13 16:44:56.764863+00:00,2.258487
2025-08-13 16:45:08.742731+00:00,2.2584867
2025-08-13 16:45:21.605348+00:00,2.2584868
2025-08-13 16:45:34.462105+00:00,2.258487
2025-08-13 16:45:48.655448+00:00,2.2584862
2025-08-13 16:46:00.527159+00:00,2.2584864
2025-08-13 16:46:13.322190+00:00,2.258487
2025-08-13 16:46:26.293773+00:00,2.2584865
2025-08-13 16:46:39.276077+00:00,2.2584859
2025-08-13 16:46:52.273619+00:00,2.2584867
2025-08-13 16:47:04.834797+00:00,2.2584867
2025-08-13 16:47:17.467441+00:00,2.2584865
2025-08-13 16:47:30.150517+00:00,2.2584866
2025-08-13 16:47:42.534662+00:00,2.2584874
2025-08-13 16:47:55.390502+00:00,2.2584871
2025-08-13 16:48:08.282718+00:00,2.2584862
2025-08-13 16:48:21.017059+00:00,2.2584864
2025-08-13 16:48:34.734770+00:00,2.2584863
2025-08-13 16:48:48.486276+00:00,2.2584866
2025-08-13 16:48:59.750141+00:00,2.2584865
2025-08-13 16:49:12.858149+00:00,2.2584865
2025-08-13 16:49:51.399050+00:00,2.2584859
2025-08-13 16:50:04.079065+00:00,2.2584862
2025-08-13 16:50:16.809347+00:00,2.2584869
2025-08-13 16:50:42.634920+00:00,2.2584858
2025-08-13 16:51:07.854572+00:00,2.2584864
2025-08-13 16:53:16.625443+00:00,2.2584862
2025-08-13 16:53:42.843342+00:00,2.2584867
2025-08-13 16:54:08.726570+00:00,2.2584864
2025-08-13 16:54:22.179594+00:00,2.2584873
2025-08-13 16:54:35.264768+00:00,2.2584868
2025-08-13 16:54:48.015206+00:00,2.2584862
2025-08-13 16:55:01.497369+00:00,2.2584863
2025-08-13 16:55:13.751128+00:00,2.258486
2025-08-13 16:55:27.090547+00:00,2.258487
2025-08-13 16:56:18.314154+00:00,2.2584869
2025-08-13 16:56:31.505021+00:00,2.2584862
2025-08-13 16:56:43.953554+00:00,2.2584865
2025-08-13 16:58:38.791944+00:00,2.2584861
2025-08-13 16:58:51.564694+00:00,2.2584864
2025-08-13 16:59:05.202021+00:00,2.2584862
2025-08-13 16:59:29.915871+00:00,2.2584865
2025-08-13 17:00:59.294237+00:00,2.2584862
2025-08-13 17:01:12.390016+00:00,2.2584872
2025-08-13 17:01:38.055309+00:00,2.2584871
2025-08-13 17:01:52.351831+00:00,2.2584859
2025-08-13 17:02:04.612836+00:00,2.2584869
2025-08-13 17:02:17.129544+00:00,2.2584868
2025-08-13 17:02:30.543879+00:00,2.2584861
2025-08-13 17:02:43.330468+00:00,2.2584867
2025-08-13 17:02:57.365913+00:00,2.2584861
2025-08-13 17:03:09.477719+00:00,2.2584867
2025-08-13 17:03:22.199131+00:00,2.2584868
2025-08-13 17:03:35.195315+00:00,2.258487
2025-08-13 17:03:48.279799+00:00,2.2584862
2025-08-13 17:04:03.375660+00:00,2.258487
2025-08-13 17:04:14.123188+00:00,2.2584863
2025-08-13 17:04:27.069353+00:00,2.2584867
2025-08-13 17:04:40.090344+00:00,2.2584868
2025-08-13 17:04:53.041129+00:00,2.2584871
2025-08-13 17:05:06.542482+00:00,2.2584871
2025-08-13 17:05:18.713978+00:00,2.258487
2025-08-13 17:05:32.543281+00:00,2.2584869
2025-08-13 17:05:44.487565+00:00,2.2584868
2025-08-13 17:05:57.130068+00:00,2.2584865
2025-08-13 17:06:09.831184+00:00,2.2584864
2025-08-13 17:06:22.652221+00:00,2.2584868
2025-08-13 17:06:48.535588+00:00,2.2584866
2025-08-13 17:07:01.040400+00:00,2.2584867
2025-08-13 17:07:14.251515+00:00,2.2584863
2025-08-13 17:07:26.500837+00:00,2.2584866
2025-08-13 17:07:39.301358+00:00,2.2584868
2025-08-13 17:07:52.207644+00:00,2.2584866
2025-08-13 17:08:06.673879+00:00,2.2584866
2025-08-13 17:08:17.671422+00:00,2.2584864
2025-08-13 17:08:30.985261+00:00,2.2584863
2025-08-13 17:08:43.203304+00:00,2.2584868
2025-08-13 17:08:56.005818+00:00,2.2584864
2025-08-13 17:09:08.912794+00:00,2.2584868
2025-08-13 17:09:22.061424+00:00,2.2584868
2025-08-13 17:09:34.317772+00:00,2.2584868
2025-08-13 17:09:46.995519+00:00,2.2584865
2025-08-13 17:09:59.583785+00:00,2.2584868
2025-08-13 17:10:12.500534+00:00,2.2584872
2025-08-13 17:10:26.409884+00:00,2.2584864
2025-08-13 17:10:40.626172+00:00,2.2584866
2025-08-13 17:10:51.210130+00:00,2.2584869
2025-08-13 17:11:03.551006+00:00,2.2584865
2025-08-13 17:11:16.313269+00:00,2.2584869
2025-08-13 17:11:29.171358+00:00,2.2584866
2025-08-13 17:11:42.212274+00:00,2.2584865
2025-08-13 17:11:55.172081+00:00,2.2584871
2025-08-13 17:12:07.823819+00:00,2.2584864
2025-08-13 17:12:20.870916+00:00,2.2584865
2025-08-13 17:12:34.067885+00:00,2.2584868
2025-08-13 17:12:47.797763+00:00,2.2584864
2025-08-13 17:13:03.613019+00:00,2.2584866
2025-08-13 17:13:13.636741+00:00,2.2584862
2025-08-13 17:13:26.969957+00:00,2.2584868
2025-08-13 17:13:39.565000+00:00,2.2584862
2025-08-13 17:13:52.737951+00:00,2.2584865
2025-08-13 17:14:05.586399+00:00,2.258487
2025-08-13 17:14:18.666538+00:00,2.2584869
2025-08-13 17:14:31.814898+00:00,2.2584861
2025-08-13 17:14:45.119043+00:00,2.2584863
2025-08-13 17:14:57.559006+00:00,2.2584865
2025-08-13 17:15:10.552408+00:00,2.2584868
2025-08-13 17:15:24.369442+00:00,2.2584863
2025-08-13 17:15:36.801489+00:00,2.2584867
2025-08-13 17:15:49.852743+00:00,2.2584868
2025-08-13 17:16:02.310013+00:00,2.2584861
2025-08-13 17:16:15.013552+00:00,2.2584865
2025-08-13 17:16:27.740330+00:00,2.2584863
2025-08-13 17:16:40.527378+00:00,2.2584861
2025-08-13 17:16:53.010546+00:00,2.258486
2025-08-13 17:17:06.458354+00:00,2.2584864
2025-08-13 17:17:19.462523+00:00,2.2584871
2025-08-13 17:17:31.741523+00:00,2.2584862
2025-08-13 17:17:44.624732+00:00,2.2584872
2025-08-13 17:17:57.314633+00:00,2.2584859
2025-08-13 17:18:10.506778+00:00,2.2584861
2025-08-13 17:18:23.100127+00:00,2.2584865
2025-08-13 17:18:35.784709+00:00,2.2584869
2025-08-13 17:18:48.749306+00:00,2.2584861
2025-08-13 17:19:01.664769+00:00,2.2584869
2025-08-13 17:19:14.765903+00:00,2.2584865
2025-08-13 17:19:27.553752+00:00,2.2584865
2025-08-13 17:19:40.381244+00:00,2.2584869
2025-08-13 17:19:53.248735+00:00,2.258487
2025-08-13 17:20:05.712810+00:00,2.2584868
2025-08-13 17:20:18.735972+00:00,2.2584864
2025-08-13 17:20:33.169680+00:00,2.2584868
2025-08-13 17:20:44.531412+00:00,2.2584871
2025-08-13 17:20:57.292265+00:00,2.2584871
2025-08-13 17:21:09.984298+00:00,2.2584873
2025-08-13 17:21:23.898026+00:00,2.2584868
2025-08-13 17:21:35.351229+00:00,2.2584868
2025-08-13 17:21:48.323835+00:00,2.2584862
2025-08-13 17:22:04.127635+00:00,2.2584865
2025-08-13 17:22:13.931175+00:00,2.2584864
2025-08-13 17:22:27.054446+00:00,2.258487
2025-08-13 17:22:42.593805+00:00,2.2584868
2025-08-13 17:22:52.956111+00:00,2.2584866
2025-08-13 17:23:06.107680+00:00,2.2584863
2025-08-13 17:23:19.320933+00:00,2.2584865
2025-08-13 17:23:45.463844+00:00,2.2584865
2025-08-13 17:23:57.970400+00:00,2.2584868
2025-08-13 17:24:11.214893+00:00,2.2584869
2025-08-13 17:24:23.906859+00:00,2.2584863
2025-08-13 17:24:36.850692+00:00,2.2584864
2025-08-13 17:24:50.080231+00:00,2.2584869
2025-08-13 17:25:02.808727+00:00,2.2584864
2025-08-13 17:25:15.926453+00:00,2.2584866
2025-08-13 17:25:29.428667+00:00,2.258487
2025-08-13 17:25:42.384127+00:00,2.2584869
2025-08-13 17:25:54.561143+00:00,2.2584867
2025-08-13 17:26:07.402594+00:00,2.2584864
2025-08-13 17:26:19.978706+00:00,2.2584865
2025-08-13 17:26:33.966118+00:00,2.2584865
2025-08-13 17:26:45.570698+00:00,2.2584867
2025-08-13 17:26:58.324801+00:00,2.2584867
2025-08-13 17:27:11.159582+00:00,2.258487
2025-08-13 17:27:23.826348+00:00,2.2584867
2025-08-13 17:27:37.465151+00:00,2.2584869
2025-08-13 17:27:49.908555+00:00,2.2584871
2025-08-13 17:28:02.815114+00:00,2.2584867
2025-08-13 17:28:16.309771+00:00,2.2584863
2025-08-13 17:28:28.492494+00:00,2.2584868
2025-08-13 17:28:41.637939+00:00,2.258487
2025-08-13 17:28:54.107836+00:00,2.2584861
2025-08-13 17:29:07.059973+00:00,2.2584867
2025-08-13 17:29:19.893769+00:00,2.2584865
2025-08-13 17:29:33.185187+00:00,2.2584866
2025-08-13 17:29:45.705213+00:00,2.2584872
2025-08-13 17:30:00.118781+00:00,2.2584864
2025-08-13 17:30:11.438375+00:00,2.2584864
2025-08-13 17:30:24.707537+00:00,2.2584861
2025-08-13 17:30:37.864636+00:00,2.2584866
2025-08-13 17:30:50.229759+00:00,2.2584864
2025-08-13 17:31:03.791379+00:00,2.2584865
2025-08-13 17:31:16.272358+00:00,2.2584866
2025-08-13 17:31:29.587827+00:00,2.2584866
2025-08-13 17:31:44.315856+00:00,2.2584869
2025-08-13 17:31:55.964421+00:00,2.2584871
2025-08-13 17:32:09.104200+00:00,2.2584865
2025-08-13 17:32:21.797767+00:00,2.2584867
2025-08-13 17:32:34.820936+00:00,2.258487
2025-08-13 17:32:49.112262+00:00,2.2584865
2025-08-13 17:33:01.554334+00:00,2.2584866
2025-08-13 17:33:14.418772+00:00,2.2584865
2025-08-13 17:33:26.966904+00:00,2.2584867
2025-08-13 17:33:39.977138+00:00,2.2584867
2025-08-13 17:33:53.077564+00:00,2.2584865
2025-08-13 17:34:06.744216+00:00,2.2584862
2025-08-13 17:34:18.957973+00:00,2.2584863
2025-08-13 17:34:32.836715+00:00,2.2584865
2025-08-13 17:34:45.193895+00:00,2.2584869
2025-08-13 17:34:57.917303+00:00,2.2584867
2025-08-13 17:35:12.285900+00:00,2.258487
2025-08-13 17:35:25.972814+00:00,2.258487
2025-08-13 17:35:36.261277+00:00,2.2584871
2025-08-13 17:35:48.982920+00:00,2.2584867
2025-08-13 17:36:02.141373+00:00,2.2584864
2025-08-13 17:36:14.715277+00:00,2.2584871
2025-08-13 17:36:28.636882+00:00,2.2584866
2025-08-13 17:36:40.174213+00:00,2.2584865
2025-08-13 17:36:54.233065+00:00,2.2584859
2025-08-13 17:37:06.819475+00:00,2.2584865
2025-08-13 17:37:20.504415+00:00,2.2584867
2025-08-13 17:37:32.462683+00:00,2.2584867
2025-08-13 17:37:45.346678+00:00,2.2584865
2025-08-13 17:37:57.740342+00:00,2.2584863
2025-08-13 17:38:10.681223+00:00,2.2584863
2025-08-13 17:38:23.370568+00:00,2.2584862
2025-08-13 17:38:36.206094+00:00,2.2584867
2025-08-13 17:38:49.052832+00:00,2.2584868
2025-08-13 17:39:01.993852+00:00,2.258487
2025-08-13 17:39:14.800036+00:00,2.2584871
2025-08-13 17:39:27.843571+00:00,2.2584867
2025-08-13 17:39:40.609666+00:00,2.2584863
2025-08-13 17:39:55.002260+00:00,2.2584866
2025-08-13 17:40:06.631445+00:00,2.2584866
2025-08-13 17:40:19.779010+00:00,2.258486
2025-08-13 17:40:32.838639+00:00,2.2584872
2025-08-13 17:40:45.830779+00:00,2.2584863
2025-08-13 17:40:58.993192+00:00,2.2584871
2025-08-13 17:41:12.024395+00:00,2.2584864
2025-08-13 17:41:25.783538+00:00,2.2584859
2025-08-13 17:41:38.277188+00:00,2.2584862
2025-08-13 17:41:51.408442+00:00,2.2584866
2025-08-13 17:42:04.458575+00:00,2.258486
2025-08-13 17:42:17.560284+00:00,2.2584866
2025-08-13 17:42:30.622922+00:00,2.258487
2025-08-13 17:42:43.511093+00:00,2.258487
2025-08-13 17:42:56.465850+00:00,2.2584865
2025-08-13 17:43:09.364648+00:00,2.2584868
2025-08-13 17:43:23.214426+00:00,2.2584864
2025-08-13 17:43:35.414204+00:00,2.2584867
2025-08-13 17:43:48.792014+00:00,2.2584872
2025-08-13 17:44:01.489162+00:00,2.2584867
2025-08-13 17:44:14.300984+00:00,2.2584868
2025-08-13 17:44:27.375722+00:00,2.2584867
2025-08-13 17:44:40.286390+00:00,2.2584867
2025-08-13 17:44:52.400515+00:00,2.2584864
2025-08-13 17:45:05.872844+00:00,2.2584865
2025-08-13 17:45:19.844475+00:00,2.2584872
2025-08-13 17:45:30.835382+00:00,2.2584868
2025-08-13 17:45:43.688703+00:00,2.2584866
2025-08-13 17:45:57.121961+00:00,2.2584865
2025-08-13 17:46:09.767135+00:00,2.2584869
2025-08-13 17:46:21.878305+00:00,2.2584864
2025-08-13 17:46:34.721786+00:00,2.2584869
2025-08-13 17:46:49.720383+00:00,2.2584863
2025-08-13 17:47:02.386125+00:00,2.2584869
2025-08-13 17:47:13.087554+00:00,2.2584865
2025-08-13 17:47:25.828091+00:00,2.2584864
2025-08-13 17:47:38.642559+00:00,2.2584866
2025-08-13 17:47:51.662179+00:00,2.2584871
2025-08-13 17:48:04.817760+00:00,2.2584869
2025-08-13 17:48:17.520825+00:00,2.2584864
2025-08-13 17:48:30.326722+00:00,2.2584864
2025-08-13 17:48:42.984586+00:00,2.258487
2025-08-13 17:48:55.851600+00:00,2.2584869
2025-08-13 17:49:08.805111+00:00,2.2584869
2025-08-13 17:49:21.476340+00:00,2.2584868
2025-08-13 17:49:34.134220+00:00,2.2584871
2025-08-13 17:49:48.980450+00:00,2.2584869
2025-08-13 17:50:00.426772+00:00,2.2584864
2025-08-13 17:50:13.089399+00:00,2.2584864
2025-08-13 17:50:26.002523+00:00,2.2584865
2025-08-13 17:50:38.907945+00:00,2.2584863
2025-08-13 17:50:54.191392+00:00,2.2584869
2025-08-13 17:51:05.141393+00:00,2.2584873
2025-08-13 17:51:19.385777+00:00,2.2584865
2025-08-13 17:51:31.867376+00:00,2.2584867
2025-08-13 17:51:44.242235+00:00,2.2584866
2025-08-13 17:51:57.327656+00:00,2.2584868
2025-08-13 17:52:10.531174+00:00,2.2584866
2025-08-13 17:52:23.784811+00:00,2.2584866
2025-08-13 17:52:36.507834+00:00,2.258486
2025-08-13 17:52:50.637388+00:00,2.2584871
2025-08-13 17:53:02.644371+00:00,2.2584864
2025-08-13 17:53:15.362228+00:00,2.2584863
2025-08-13 17:53:28.523855+00:00,2.2584859
2025-08-13 17:53:41.402735+00:00,2.2584866
2025-08-13 17:53:54.371740+00:00,2.2584861
2025-08-13 17:54:08.063424+00:00,2.2584869
2025-08-13 17:54:20.560499+00:00,2.2584867
2025-08-13 17:54:33.293292+00:00,2.2584867
2025-08-13 17:54:47.620231+00:00,2.2584869
2025-08-13 17:54:59.078455+00:00,2.258487
2025-08-13 17:55:11.919427+00:00,2.2584868
2025-08-13 17:55:26.675309+00:00,2.2584866
2025-08-13 17:55:38.004769+00:00,2.2584862
2025-08-13 17:55:50.128425+00:00,2.2584869
2025-08-13 17:56:02.971161+00:00,2.2584869
2025-08-13 17:56:16.030863+00:00,2.258487
2025-08-13 17:56:28.530599+00:00,2.2584864
2025-08-13 17:56:41.467653+00:00,2.2584865
2025-08-13 17:56:54.216810+00:00,2.2584871
2025-08-13 17:57:07.244494+00:00,2.2584869
2025-08-13 17:57:19.838997+00:00,2.258487
2025-08-13 17:57:32.838206+00:00,2.2584865
2025-08-13 17:57:45.608446+00:00,2.2584864
2025-08-13 17:57:58.576750+00:00,2.2584863
2025-08-13 17:58:11.690583+00:00,2.2584862
2025-08-13 17:58:24.212274+00:00,2.2584868
2025-08-13 17:58:37.483453+00:00,2.258487
2025-08-13 17:58:51.682982+00:00,2.2584866
2025-08-13 17:59:02.765045+00:00,2.258487
2025-08-13 17:59:16.005469+00:00,2.2584865
2025-08-13 17:59:28.641392+00:00,2.258487
2025-08-13 17:59:41.099223+00:00,2.2584865
2025-08-13 17:59:53.758505+00:00,2.2584868
2025-08-13 18:00:06.624715+00:00,2.2584869
2025-08-13 18:00:19.553186+00:00,2.2584869
2025-08-13 18:00:32.400914+00:00,2.2584865
2025-08-13 18:00:46.311812+00:00,2.2584867
2025-08-13 18:00:58.291807+00:00,2.2584862
2025-08-13 18:01:11.783929+00:00,2.2584865
2025-08-13 18:01:24.453958+00:00,2.2584862
2025-08-13 18:01:38.368541+00:00,2.258487
2025-08-13 18:01:51.014631+00:00,2.2584864
2025-08-13 18:02:04.535097+00:00,2.2584871
2025-08-13 18:02:16.839219+00:00,2.2584867
2025-08-13 18:02:29.687238+00:00,2.2584868
2025-08-13 18:02:42.979508+00:00,2.2584868
2025-08-13 18:02:57.481708+00:00,2.2584869
2025-08-13 18:03:09.895742+00:00,2.258486
2025-08-13 18:03:21.816732+00:00,2.2584862
2025-08-13 18:03:34.603225+00:00,2.2584863
2025-08-13 18:03:47.817438+00:00,2.258487
2025-08-13 18:04:00.760538+00:00,2.2584863
2025-08-13 18:04:13.437509+00:00,2.2584862
2025-08-13 18:04:27.689801+00:00,2.2584864
2025-08-13 18:04:39.238920+00:00,2.2584861
2025-08-13 18:04:53.126526+00:00,2.2584864
2025-08-13 18:05:04.888486+00:00,2.2584868
2025-08-13 18:05:17.555467+00:00,2.2584868
2025-08-13 18:05:31.296253+00:00,2.2584865
2025-08-13 18:05:42.987375+00:00,2.2584866
2025-08-13 18:05:56.049145+00:00,2.2584869
2025-08-13 18:06:08.762756+00:00,2.2584863
2025-08-13 18:06:21.829440+00:00,2.2584869
2025-08-13 18:06:34.278381+00:00,2.2584872
2025-08-13 18:06:46.987485+00:00,2.2584871
2025-08-13 18:06:59.836136+00:00,2.2584863
2025-08-13 18:07:13.266956+00:00,2.2584864
2025-08-13 18:07:25.314148+00:00,2.258487
2025-08-13 18:07:38.159141+00:00,2.2584863
2025-08-13 18:07:51.039541+00:00,2.2584867
2025-08-13 18:08:04.086698+00:00,2.2584868
2025-08-13 18:08:16.793467+00:00,2.2584869
2025-08-13 18:08:29.708945+00:00,2.2584862
2025-08-13 18:08:42.227772+00:00,2.2584861
2025-08-13 18:08:55.229064+00:00,2.2584865
2025-08-13 18:09:07.837396+00:00,2.2584865
2025-08-13 18:09:20.845162+00:00,2.2584872
2025-08-13 18:09:34.130736+00:00,2.2584869
2025-08-13 18:09:46.501793+00:00,2.2584862
2025-08-13 18:09:59.501096+00:00,2.2584866
2025-08-13 18:10:12.650477+00:00,2.2584863
2025-08-13 18:10:26.143433+00:00,2.2584869
2025-08-13 18:10:38.655968+00:00,2.2584869
2025-08-13 18:10:51.849451+00:00,2.2584871
2025-08-13 18:11:04.812140+00:00,2.2584871
2025-08-13 18:11:18.012378+00:00,2.2584867
2025-08-13 18:11:33.198019+00:00,2.2584863
2025-08-13 18:11:44.333930+00:00,2.2584864
2025-08-13 18:11:57.536367+00:00,2.2584869
2025-08-13 18:12:11.507127+00:00,2.2584861
2025-08-13 18:12:23.636470+00:00,2.2584869
2025-08-13 18:12:36.760408+00:00,2.2584867
2025-08-13 18:12:49.714646+00:00,2.258487
2025-08-13 18:13:02.744235+00:00,2.2584865
2025-08-13 18:13:16.147569+00:00,2.2584868
2025-08-13 18:13:29.940534+00:00,2.2584863
2025-08-13 18:13:41.720289+00:00,2.2584867
2025-08-13 18:13:55.212426+00:00,2.2584864
2025-08-13 18:14:07.609380+00:00,2.258487
2025-08-13 18:14:20.384312+00:00,2.2584869
2025-08-13 18:14:33.208507+00:00,2.2584865
2025-08-13 18:14:46.700129+00:00,2.2584867
2025-08-13 18:14:58.529536+00:00,2.2584868
2025-08-13 18:15:11.524111+00:00,2.2584871
2025-08-13 18:15:24.195622+00:00,2.2584864
2025-08-13 18:15:36.925686+00:00,2.2584863
2025-08-13 18:15:49.841461+00:00,2.258486
2025-08-13 18:16:03.016552+00:00,2.2584873
2025-08-13 18:16:15.777134+00:00,2.2584873
2025-08-13 18:16:28.235959+00:00,2.2584864
2025-08-13 18:16:40.983534+00:00,2.2584872
2025-08-13 18:16:54.016467+00:00,2.2584873
2025-08-13 18:17:06.654081+00:00,2.2584864
2025-08-13 18:17:19.401400+00:00,2.2584867
2025-08-13 18:17:32.274682+00:00,2.258487
2025-08-13 18:17:45.637226+00:00,2.2584867
2025-08-13 18:17:59.212267+00:00,2.2584862
2025-08-13 18:18:10.944875+00:00,2.2584869
2025-08-13 18:18:23.626063+00:00,2.258487
2025-08-13 18:18:36.834150+00:00,2.2584865
2025-08-13 18:18:49.107204+00:00,2.2584867
2025-08-13 18:19:05.844868+00:00,2.2584866
2025-08-13 18:19:14.654326+00:00,2.2584866
2025-08-13 18:19:27.963698+00:00,2.2584866
2025-08-13 18:19:40.234976+00:00,2.258487
2025-08-13 18:19:53.564995+00:00,2.2584871
2025-08-13 18:20:05.775405+00:00,2.2584866
2025-08-13 18:20:18.756421+00:00,2.2584862
2025-08-13 18:20:31.293109+00:00,2.2584872
2025-08-13 18:20:45.675033+00:00,2.2584868
2025-08-13 18:20:57.086968+00:00,2.2584868
2025-08-13 18:21:09.948938+00:00,2.2584865
2025-08-13 18:21:22.969780+00:00,2.2584869
2025-08-13 18:21:37.221506+00:00,2.2584868
2025-08-13 18:21:49.132715+00:00,2.2584868
2025-08-13 18:22:02.157494+00:00,2.2584868
2025-08-13 18:22:15.372139+00:00,2.2584866
2025-08-13 18:22:28.647241+00:00,2.2584868
2025-08-13 18:22:44.150513+00:00,2.2584871
2025-08-13 18:22:55.345190+00:00,2.258487
2025-08-13 18:23:07.788376+00:00,2.2584872
2025-08-13 18:23:20.732458+00:00,2.2584863
2025-08-13 18:23:33.729088+00:00,2.2584869
2025-08-13 18:23:54.335096+00:00,2.2584864
2025-08-13 18:23:59.518082+00:00,2.2584863
2025-08-13 18:24:13.804544+00:00,2.2584869
2025-08-13 18:24:25.450429+00:00,2.2584863
2025-08-13 18:24:39.008288+00:00,2.2584863
2025-08-13 18:24:52.133104+00:00,2.2584864
2025-08-13 18:25:04.156229+00:00,2.2584868
2025-08-13 18:25:18.545122+00:00,2.258487
2025-08-13 18:25:30.235192+00:00,2.2584871
2025-08-13 18:25:42.501692+00:00,2.2584871
2025-08-13 18:25:55.201440+00:00,2.2584872
2025-08-13 18:26:07.826322+00:00,2.2584872
2025-08-13 18:26:20.517235+00:00,2.2584862
2025-08-13 18:26:32.873988+00:00,2.2584863
2025-08-13 18:26:45.923681+00:00,2.2584863
2025-08-13 18:26:58.438570+00:00,2.2584865
2025-08-13 18:27:11.232301+00:00,2.258487
2025-08-13 18:27:24.796308+00:00,2.2584865
2025-08-13 18:27:38.991069+00:00,2.2584866
2025-08-13 18:27:49.364490+00:00,2.2584863
2025-08-13 18:28:02.758787+00:00,2.2584873
2025-08-13 18:28:14.847683+00:00,2.2584869
2025-08-13 18:28:28.001400+00:00,2.258487
2025-08-13 18:28:40.130185+00:00,2.2584872
2025-08-13 18:28:52.992784+00:00,2.2584871
2025-08-13 18:29:06.831415+00:00,2.2584866
2025-08-13 18:29:18.580247+00:00,2.2584864
2025-08-13 18:29:33.579079+00:00,2.2584862
2025-08-13 18:29:44.771557+00:00,2.2584868
2025-08-13 18:29:56.780112+00:00,2.2584866
2025-08-13 18:30:09.724242+00:00,2.2584869
2025-08-13 18:30:22.260087+00:00,2.2584862
2025-08-13 18:30:35.625322+00:00,2.2584869
2025-08-13 18:30:47.743013+00:00,2.2584867
2025-08-13 18:31:00.811541+00:00,2.2584869
2025-08-13 18:31:13.618910+00:00,2.2584867
2025-08-13 18:31:25.970849+00:00,2.2584866
2025-08-13 18:31:39.460924+00:00,2.2584863
2025-08-13 18:31:51.694166+00:00,2.2584872
2025-08-13 18:32:04.350298+00:00,2.2584863
2025-08-13 18:32:17.134039+00:00,2.2584867
2025-08-13 18:32:29.843211+00:00,2.2584866
2025-08-13 18:32:42.985360+00:00,2.2584865
2025-08-13 18:32:56.745104+00:00,2.2584867
2025-08-13 18:33:11.820287+00:00,2.2584868
2025-08-13 18:33:22.571899+00:00,2.2584871
2025-08-13 18:33:35.012524+00:00,2.2584873
2025-08-13 18:33:48.141569+00:00,2.2584863
2025-08-13 18:34:01.239021+00:00,2.2584865
2025-08-13 18:34:14.273006+00:00,2.2584866
2025-08-13 18:34:27.459080+00:00,2.258486
2025-08-13 18:34:40.693418+00:00,2.2584869
2025-08-13 18:34:53.684731+00:00,2.2584869
2025-08-13 18:35:06.384259+00:00,2.2584865
2025-08-13 18:35:19.604955+00:00,2.2584866
2025-08-13 18:35:32.236722+00:00,2.2584867
2025-08-13 18:35:45.122035+00:00,2.258487
2025-08-13 18:35:58.196589+00:00,2.2584869
2025-08-13 18:36:11.114384+00:00,2.2584868
2025-08-13 18:36:24.208469+00:00,2.2584869
2025-08-13 18:36:37.909040+00:00,2.2584862
2025-08-13 18:36:50.160892+00:00,2.2584864
2025-08-13 18:37:02.608270+00:00,2.2584864
2025-08-13 18:37:15.340785+00:00,2.2584872
2025-08-13 18:37:27.958389+00:00,2.2584874
2025-08-13 18:37:41.377908+00:00,2.2584864
2025-08-13 18:37:53.409543+00:00,2.2584872
2025-08-13 18:38:06.224560+00:00,2.2584867
2025-08-13 18:38:19.135540+00:00,2.2584867
2025-08-13 18:38:31.925107+00:00,2.2584863
2025-08-13 18:38:44.395848+00:00,2.2584863
2025-08-13 18:38:58.012627+00:00,2.2584872
2025-08-13 18:39:09.950824+00:00,2.2584869
2025-08-13 18:39:22.621916+00:00,2.2584866
2025-08-13 18:39:35.367492+00:00,2.258487
2025-08-13 18:39:48.224915+00:00,2.2584865
2025-08-13 18:40:01.563091+00:00,2.2584868
2025-08-13 18:40:14.599878+00:00,2.2584862
2025-08-13 18:40:28.856369+00:00,2.2584872
2025-08-13 18:40:40.662721+00:00,2.2584866
2025-08-13 18:40:52.384267+00:00,2.2584861
2025-08-13 18:41:06.049451+00:00,2.2584874
2025-08-13 18:41:17.878458+00:00,2.2584864
2025-08-13 18:41:30.586679+00:00,2.2584864
2025-08-13 18:41:43.451795+00:00,2.2584872
2025-08-13 18:41:56.716587+00:00,2.2584868
2025-08-13 18:42:08.703224+00:00,2.2584868
2025-08-13 18:42:21.803116+00:00,2.258487
2025-08-13 18:42:35.121571+00:00,2.2584869
2025-08-13 18:42:47.033021+00:00,2.2584868
2025-08-13 18:42:59.767213+00:00,2.2584864
2025-08-13 18:43:12.908514+00:00,2.2584869
2025-08-13 18:43:26.008284+00:00,2.2584873
2025-08-13 18:43:40.281793+00:00,2.2584863
2025-08-13 18:43:52.396455+00:00,2.2584863
2025-08-13 18:44:04.825073+00:00,2.2584865
2025-08-13 18:44:17.919510+00:00,2.2584863
2025-08-13 18:44:31.182301+00:00,2.258487
2025-08-13 18:44:44.237567+00:00,2.2584868
2025-08-13 18:44:58.020896+00:00,2.2584873
2025-08-13 18:45:10.444723+00:00,2.2584862
2025-08-13 18:45:24.217312+00:00,2.2584871
2025-08-13 18:45:36.486770+00:00,2.2584866
2025-08-13 18:45:49.686936+00:00,2.2584862
2025-08-13 18:46:02.496412+00:00,2.2584872
2025-08-13 18:46:15.711971+00:00,2.258486
2025-08-13 18:46:28.169089+00:00,2.2584873
2025-08-13 18:46:41.987119+00:00,2.2584875
2025-08-13 18:46:53.960258+00:00,2.258487
2025-08-13 18:47:07.628411+00:00,2.2584871
2025-08-13 18:47:19.745066+00:00,2.2584863
2025-08-13 18:47:32.452362+00:00,2.2584862
2025-08-13 18:47:45.091870+00:00,2.2584872
2025-08-13 18:47:57.665917+00:00,2.2584865
2025-08-13 18:48:10.368341+00:00,2.2584871
2025-08-13 18:48:22.936194+00:00,2.258487
2025-08-13 18:48:35.753059+00:00,2.2584869
2025-08-13 18:48:48.973875+00:00,2.2584865
2025-08-13 18:49:01.592731+00:00,2.2584865
2025-08-13 18:49:14.112144+00:00,2.2584871
2025-08-13 18:49:26.746806+00:00,2.258487
2025-08-13 18:49:39.513933+00:00,2.258487
2025-08-13 18:49:52.380801+00:00,2.2584864
2025-08-13 18:50:05.432305+00:00,2.258487
2025-08-13 18:50:18.015520+00:00,2.2584869
2025-08-13 18:50:30.723219+00:00,2.258487
2025-08-13 18:50:43.431937+00:00,2.2584869
2025-08-13 18:50:57.760952+00:00,2.2584871
2025-08-13 18:51:09.083927+00:00,2.2584865
2025-08-13 18:51:21.453077+00:00,2.2584868
2025-08-13 18:51:34.755909+00:00,2.2584874
2025-08-13 18:51:47.203472+00:00,2.2584871
2025-08-13 18:52:00.321481+00:00,2.2584873
2025-08-13 18:52:13.043444+00:00,2.2584863
2025-08-13 18:52:25.811715+00:00,2.2584868
2025-08-13 18:52:38.902192+00:00,2.2584864
2025-08-13 18:52:51.277577+00:00,2.2584875
2025-08-13 18:53:04.383933+00:00,2.2584868
2025-08-13 18:53:16.885049+00:00,2.2584867
2025-08-13 18:53:29.853085+00:00,2.2584869
2025-08-13 18:53:42.193466+00:00,2.2584867
2025-08-13 18:53:54.881660+00:00,2.258487
2025-08-13 18:54:07.950935+00:00,2.258487
2025-08-13 18:54:20.377366+00:00,2.2584864
2025-08-13 18:54:33.311000+00:00,2.2584866
2025-08-13 18:54:47.011919+00:00,2.2584874
2025-08-13 18:54:59.422238+00:00,2.2584864
2025-08-13 18:55:11.965415+00:00,2.2584868
2025-08-13 18:55:26.248364+00:00,2.2584867
2025-08-13 18:55:38.216333+00:00,2.2584864
2025-08-13 18:55:51.139776+00:00,2.2584871
2025-08-13 18:56:04.152559+00:00,2.2584874
2025-08-13 18:56:19.777265+00:00,2.2584871
2025-08-13 18:56:30.332467+00:00,2.2584867
2025-08-13 18:56:44.542292+00:00,2.2584872
2025-08-13 18:56:56.215180+00:00,2.2584867
2025-08-13 18:57:09.224312+00:00,2.2584876
2025-08-13 18:57:22.279351+00:00,2.2584867
2025-08-13 18:57:35.038306+00:00,2.2584876
2025-08-13 18:57:48.156273+00:00,2.2584867
2025-08-13 18:58:01.144859+00:00,2.258487
2025-08-13 18:58:13.746796+00:00,2.2584871
2025-08-13 18:58:26.925125+00:00,2.2584869
2025-08-13 18:58:39.533489+00:00,2.2584869
2025-08-13 18:58:53.785833+00:00,2.2584865
2025-08-13 18:59:05.629278+00:00,2.2584874
2025-08-13 18:59:18.345319+00:00,2.2584867
2025-08-13 18:59:30.934639+00:00,2.2584868
2025-08-13 18:59:43.586650+00:00,2.2584867
2025-08-13 18:59:56.157979+00:00,2.2584871
2025-08-13 19:00:08.911492+00:00,2.2584872
2025-08-13 19:00:23.716546+00:00,2.2584871
2025-08-13 19:00:34.231597+00:00,2.2584865
2025-08-13 19:00:47.465647+00:00,2.2584877
2025-08-13 19:00:59.879755+00:00,2.2584869
2025-08-13 19:01:12.658855+00:00,2.2584872
2025-08-13 19:01:25.280373+00:00,2.2584867
2025-08-13 19:01:38.042202+00:00,2.2584869
2025-08-13 19:01:50.749163+00:00,2.2584864
2025-08-13 19:02:03.685073+00:00,2.2584868
2025-08-13 19:02:16.359476+00:00,2.2584872
2025-08-13 19:02:29.783860+00:00,2.258487
2025-08-13 19:02:41.843188+00:00,2.2584865
2025-08-13 19:02:55.894139+00:00,2.258487
2025-08-13 19:03:07.453397+00:00,2.2584872
2025-08-13 19:03:20.106788+00:00,2.258487
2025-08-13 19:03:35.074823+00:00,2.2584862
2025-08-13 19:03:48.137341+00:00,2.2584869
2025-08-13 19:03:58.405742+00:00,2.2584871
2025-08-13 19:04:11.108938+00:00,2.258487
2025-08-13 19:04:23.867237+00:00,2.2584871
2025-08-13 19:04:36.666863+00:00,2.2584868
2025-08-13 19:04:49.272644+00:00,2.2584866
2025-08-13 19:05:04.573843+00:00,2.2584872
2025-08-13 19:05:15.001728+00:00,2.2584864
2025-08-13 19:05:27.917372+00:00,2.2584866
2025-08-13 19:05:41.368376+00:00,2.2584867
2025-08-13 19:05:54.147231+00:00,2.2584873
2025-08-13 19:06:07.180812+00:00,2.2584869
2025-08-13 19:06:20.604357+00:00,2.2584875
2025-08-13 19:06:33.487344+00:00,2.2584863
2025-08-13 19:06:46.482349+00:00,2.2584869
2025-08-13 19:06:59.435852+00:00,2.2584869
2025-08-13 19:07:12.683746+00:00,2.2584869
2025-08-13 19:07:25.610966+00:00,2.2584861
2025-08-13 19:07:38.653644+00:00,2.2584864
2025-08-13 19:07:51.828346+00:00,2.2584864
2025-08-13 19:08:04.741800+00:00,2.2584867
2025-08-13 19:08:18.181637+00:00,2.258487
2025-08-13 19:08:30.725952+00:00,2.2584865
2025-08-13 19:08:44.390566+00:00,2.258487
2025-08-13 19:08:56.553245+00:00,2.2584868
2025-08-13 19:09:09.613612+00:00,2.2584869
2025-08-13 19:09:22.251659+00:00,2.2584867
2025-08-13 19:09:35.530703+00:00,2.2584869
2025-08-13 19:09:48.510952+00:00,2.2584872
2025-08-13 19:10:00.524740+00:00,2.2584869
2025-08-13 19:10:12.925590+00:00,2.2584872
2025-08-13 19:10:26.351545+00:00,2.2584865
2025-08-13 19:10:38.224052+00:00,2.258487
2025-08-13 19:10:50.899804+00:00,2.2584871
2025-08-13 19:11:04.794169+00:00,2.2584866
2025-08-13 19:11:16.527844+00:00,2.2584867
2025-08-13 19:11:29.268155+00:00,2.2584866
2025-08-13 19:11:41.824521+00:00,2.2584867
2025-08-13 19:11:54.659120+00:00,2.2584871
2025-08-13 19:12:07.775087+00:00,2.2584864
2025-08-13 19:12:20.348004+00:00,2.2584873
2025-08-13 19:12:33.638993+00:00,2.258487
2025-08-13 19:12:46.332415+00:00,2.2584864
2025-08-13 19:12:58.768035+00:00,2.2584869
2025-08-13 19:13:11.765679+00:00,2.258487
2025-08-13 19:13:24.319988+00:00,2.258487
2025-08-13 19:13:36.823887+00:00,2.258487
2025-08-13 19:13:49.631150+00:00,2.2584871
2025-08-13 19:14:04.763837+00:00,2.2584872
2025-08-13 19:14:15.289833+00:00,2.2584869
2025-08-13 19:14:29.677293+00:00,2.2584869
2025-08-13 19:14:40.776542+00:00,2.258487
2025-08-13 19:14:53.696354+00:00,2.2584867
2025-08-13 19:15:06.446496+00:00,2.2584864
2025-08-13 19:15:19.462727+00:00,2.2584875
2025-08-13 19:15:34.538067+00:00,2.2584865
2025-08-13 19:15:45.212281+00:00,2.2584867
2025-08-13 19:15:58.815789+00:00,2.2584866
2025-08-13 19:16:10.324800+00:00,2.2584876
2025-08-13 19:16:24.713929+00:00,2.2584869
2025-08-13 19:16:36.025177+00:00,2.2584872
2025-08-13 19:16:49.558343+00:00,2.258487
2025-08-13 19:17:02.252830+00:00,2.2584868
2025-08-13 19:17:15.264637+00:00,2.2584872
2025-08-13 19:17:28.515348+00:00,2.2584867
2025-08-13 19:17:42.683162+00:00,2.2584864
2025-08-13 19:17:54.560098+00:00,2.2584867
2025-08-13 19:18:07.485268+00:00,2.2584865
2025-08-13 19:18:22.403712+00:00,2.258487
2025-08-13 19:18:33.565081+00:00,2.2584873
2025-08-13 19:18:46.603557+00:00,2.2584875
2025-08-13 19:18:59.436060+00:00,2.2584867
2025-08-13 19:19:12.321787+00:00,2.2584869
2025-08-13 19:19:25.211747+00:00,2.2584873
2025-08-13 19:19:38.613712+00:00,2.2584872
2025-08-13 19:19:51.715678+00:00,2.2584872
2025-08-13 19:20:03.931296+00:00,2.2584867
2025-08-13 19:20:17.397700+00:00,2.2584865
2025-08-13 19:20:31.114288+00:00,2.2584871
2025-08-13 19:20:42.327924+00:00,2.2584862
2025-08-13 19:20:55.452333+00:00,2.2584873
2025-08-13 19:21:07.920868+00:00,2.2584872
2025-08-13 19:21:21.017518+00:00,2.2584873
2025-08-13 19:21:33.528698+00:00,2.2584875
2025-08-13 19:21:46.863712+00:00,2.2584867
2025-08-13 19:21:58.962038+00:00,2.2584871
2025-08-13 19:22:14.351596+00:00,2.2584871
2025-08-13 19:22:26.856404+00:00,2.2584871
2025-08-13 19:22:37.556689+00:00,2.2584872
2025-08-13 19:22:51.077768+00:00,2.2584867
2025-08-13 19:23:04.426035+00:00,2.2584864
2025-08-13 19:23:15.755934+00:00,2.2584868
2025-08-13 19:23:28.390023+00:00,2.2584872
2025-08-13 19:23:41.133787+00:00,2.2584864
2025-08-13 19:23:54.362390+00:00,2.2584873
2025-08-13 19:24:06.986070+00:00,2.258487
2025-08-13 19:24:19.607070+00:00,2.2584869
2025-08-13 19:24:33.115936+00:00,2.2584868
2025-08-13 19:24:45.398250+00:00,2.2584871
2025-08-13 19:24:58.024181+00:00,2.2584867
2025-08-13 19:25:11.973397+00:00,2.258487
2025-08-13 19:25:23.453108+00:00,2.258487
2025-08-13 19:25:37.972547+00:00,2.2584871
2025-08-13 19:25:49.339138+00:00,2.2584867
2025-08-13 19:26:01.652459+00:00,2.2584868
2025-08-13 19:26:14.463851+00:00,2.2584868
2025-08-13 19:26:29.096063+00:00,2.2584877
2025-08-13 19:26:40.265571+00:00,2.2584864
2025-08-13 19:26:53.371005+00:00,2.2584872
2025-08-13 19:27:05.995942+00:00,2.2584869
2025-08-13 19:27:18.728531+00:00,2.2584868
2025-08-13 19:27:32.919238+00:00,2.2584865
2025-08-13 19:27:44.745314+00:00,2.258487
2025-08-13 19:27:58.520270+00:00,2.2584867
2025-08-13 19:28:11.523637+00:00,2.2584873
2025-08-13 19:28:24.093901+00:00,2.258487
2025-08-13 19:28:37.733913+00:00,2.2584878
2025-08-13 19:28:50.370330+00:00,2.258487
2025-08-13 19:29:03.484330+00:00,2.2584871
2025-08-13 19:29:16.349983+00:00,2.2584868
2025-08-13 19:29:30.385578+00:00,2.2584876
2025-08-13 19:29:42.392660+00:00,2.2584864
2025-08-13 19:29:54.967362+00:00,2.2584874
2025-08-13 19:30:08.273575+00:00,2.2584865
2025-08-13 19:30:21.034323+00:00,2.2584862
2025-08-13 19:30:33.790531+00:00,2.2584864
2025-08-13 19:30:46.498214+00:00,2.2584873
2025-08-13 19:30:59.358672+00:00,2.2584872
2025-08-13 19:31:12.718317+00:00,2.2584873
2025-08-13 19:31:24.897013+00:00,2.2584868
2025-08-13 19:31:37.681832+00:00,2.2584864
2025-08-13 19:31:50.280254+00:00,2.258487
2025-08-13 19:32:06.163220+00:00,2.2584876
2025-08-13 19:32:20.272268+00:00,2.2584874
2025-08-13 19:32:29.665416+00:00,2.2584868
2025-08-13 19:32:41.304980+00:00,2.2584868
2025-08-13 19:32:55.387394+00:00,2.2584869
2025-08-13 19:33:07.215266+00:00,2.2584873
2025-08-13 19:33:19.861803+00:00,2.2584863
2025-08-13 19:33:32.527278+00:00,2.2584868
2025-08-13 19:33:45.768321+00:00,2.2584873
2025-08-13 19:33:59.420656+00:00,2.2584868
2025-08-13 19:34:11.393547+00:00,2.2584868
2025-08-13 19:34:24.021199+00:00,2.2584872
2025-08-13 19:34:36.885953+00:00,2.2584869
2025-08-13 19:34:49.519449+00:00,2.258487
2025-08-13 19:35:04.336563+00:00,2.2584868
2025-08-13 19:35:15.233751+00:00,2.2584874
2025-08-13 19:35:28.440679+00:00,2.2584873
2025-08-13 19:35:41.616514+00:00,2.2584864
2025-08-13 19:35:53.541377+00:00,2.2584874
2025-08-13 19:36:07.973652+00:00,2.2584872
2025-08-13 19:36:19.221991+00:00,2.2584866
2025-08-13 19:36:33.532597+00:00,2.258487
2025-08-13 19:36:45.052787+00:00,2.258487
2025-08-13 19:36:57.684889+00:00,2.2584874
2025-08-13 19:37:10.606468+00:00,2.2584868
2025-08-13 19:37:23.668821+00:00,2.2584863
2025-08-13 19:37:36.905008+00:00,2.2584873
2025-08-13 19:37:49.499863+00:00,2.2584874
2025-08-13 19:38:05.646701+00:00,2.2584873
2025-08-13 19:38:15.684347+00:00,2.2584867
2025-08-13 19:38:32.191589+00:00,2.258487
2025-08-13 19:38:42.493450+00:00,2.2584871
2025-08-13 19:38:56.166516+00:00,2.2584872
2025-08-13 19:39:08.276896+00:00,2.2584868
2025-08-13 19:39:21.310594+00:00,2.2584875
2025-08-13 19:39:34.252123+00:00,2.2584869
2025-08-13 19:39:48.137343+00:00,2.2584873
2025-08-13 19:40:01.240111+00:00,2.2584869
2025-08-13 19:40:13.434692+00:00,2.2584872
2025-08-13 19:40:26.304526+00:00,2.258487
2025-08-13 19:40:40.854276+00:00,2.2584864
2025-08-13 19:40:52.212041+00:00,2.2584867
2025-08-13 19:41:05.199482+00:00,2.2584867
2025-08-13 19:41:17.942017+00:00,2.2584871
2025-08-13 19:41:30.982437+00:00,2.258487
2025-08-13 19:41:44.283534+00:00,2.2584868
2025-08-13 19:41:59.586761+00:00,2.2584866
2025-08-13 19:42:09.473815+00:00,2.2584876
2025-08-13 19:42:21.568646+00:00,2.2584864
2025-08-13 19:42:34.239267+00:00,2.2584873
2025-08-13 19:42:47.689035+00:00,2.2584864
2025-08-13 19:42:59.844142+00:00,2.2584864
2025-08-13 19:43:13.000121+00:00,2.258487
2025-08-13 19:43:26.471370+00:00,2.2584867
2025-08-13 19:43:37.714798+00:00,2.258487
2025-08-13 19:43:51.608927+00:00,2.2584873
2025-08-13 19:44:03.051637+00:00,2.2584868
2025-08-13 19:44:18.545084+00:00,2.2584871
2025-08-13 19:44:28.351387+00:00,2.258487
2025-08-13 19:44:42.785726+00:00,2.2584868
2025-08-13 19:44:57.153315+00:00,2.2584872
2025-08-13 19:45:06.957681+00:00,2.2584869
2025-08-13 19:45:19.252065+00:00,2.2584867
2025-08-13 19:45:33.834100+00:00,2.2584871
2025-08-13 19:45:44.839582+00:00,2.2584866
2025-08-13 19:45:57.608275+00:00,2.2584869
2025-08-13 19:46:10.502491+00:00,2.258487
2025-08-13 19:46:23.964058+00:00,2.2584866
2025-08-13 19:46:35.873252+00:00,2.2584864
2025-08-13 19:46:49.346705+00:00,2.2584873
2025-08-13 19:47:01.505693+00:00,2.2584875
2025-08-13 19:47:15.448954+00:00,2.2584873
2025-08-13 19:47:26.835392+00:00,2.2584869
2025-08-13 19:47:39.905577+00:00,2.2584874
2025-08-13 19:47:53.679433+00:00,2.2584866
2025-08-13 19:48:05.639728+00:00,2.2584868
2025-08-13 19:48:19.104505+00:00,2.2584871
2025-08-13 19:48:31.039518+00:00,2.2584868
2025-08-13 19:48:43.821105+00:00,2.2584871
2025-08-13 19:48:57.785995+00:00,2.2584866
2025-08-13 19:49:09.920895+00:00,2.2584868
2025-08-13 19:49:22.750750+00:00,2.2584873
2025-08-13 19:49:36.240089+00:00,2.2584874
2025-08-13 19:49:48.943530+00:00,2.2584868
2025-08-13 19:50:01.995021+00:00,2.2584863
2025-08-13 19:50:15.264003+00:00,2.2584872
2025-08-13 19:50:28.253596+00:00,2.2584875
2025-08-13 19:50:41.267316+00:00,2.2584869
2025-08-13 19:50:54.181716+00:00,2.2584871
2025-08-13 19:51:07.453927+00:00,2.2584866
2025-08-13 19:51:21.404736+00:00,2.2584865
2025-08-13 19:51:34.201815+00:00,2.2584868
2025-08-13 19:51:46.095059+00:00,2.258487
2025-08-13 19:51:58.908059+00:00,2.2584864
2025-08-13 19:52:11.893711+00:00,2.2584864
2025-08-13 19:52:24.703681+00:00,2.2584866
2025-08-13 19:52:37.800539+00:00,2.2584868
2025-08-13 19:52:50.771347+00:00,2.2584873
2025-08-13 19:53:03.515739+00:00,2.2584876
2025-08-13 19:53:16.626377+00:00,2.2584867
2025-08-13 19:53:28.728942+00:00,2.2584867
2025-08-13 19:53:41.313937+00:00,2.2584874
2025-08-13 19:53:54.122790+00:00,2.2584872
2025-08-13 19:54:06.974368+00:00,2.2584872
2025-08-13 19:54:20.033905+00:00,2.2584873
2025-08-13 19:54:32.496314+00:00,2.2584866
2025-08-13 19:54:45.406788+00:00,2.2584871
2025-08-13 19:54:58.763114+00:00,2.2584868
2025-08-13 19:55:11.302895+00:00,2.2584865
2025-08-13 19:55:23.974689+00:00,2.2584871
2025-08-13 19:55:37.222317+00:00,2.2584867
2025-08-13 19:55:50.312526+00:00,2.258487
2025-08-13 19:56:02.974867+00:00,2.2584876
2025-08-13 19:56:15.646452+00:00,2.2584871
2025-08-13 19:56:28.290298+00:00,2.2584873
2025-08-13 19:56:41.112352+00:00,2.2584873
2025-08-13 19:56:53.818075+00:00,2.258487
2025-08-13 19:57:07.027538+00:00,2.258487
2025-08-13 19:57:19.676730+00:00,2.2584869
2025-08-13 19:57:32.868914+00:00,2.2584871
2025-08-13 19:57:44.693171+00:00,2.2584874
2025-08-13 19:57:57.681967+00:00,2.2584872
2025-08-13 19:58:10.733297+00:00,2.258487
2025-08-13 19:58:23.247592+00:00,2.2584874
2025-08-13 19:58:36.071767+00:00,2.2584873
2025-08-13 19:58:49.059337+00:00,2.2584867
2025-08-13 19:59:02.462964+00:00,2.2584872
2025-08-13 19:59:15.411369+00:00,2.2584872
2025-08-13 19:59:28.381961+00:00,2.2584874
2025-08-13 19:59:41.690789+00:00,2.2584867
2025-08-13 19:59:54.519912+00:00,2.258487
2025-08-13 20:00:08.545945+00:00,2.2584869
2025-08-13 20:00:20.893235+00:00,2.2584873
2025-08-13 20:00:34.533032+00:00,2.2584871
2025-08-13 20:00:46.830644+00:00,2.2584874
2025-08-13 20:00:59.972512+00:00,2.2584869
2025-08-13 20:01:12.432815+00:00,2.2584878
2025-08-13 20:01:25.397849+00:00,2.2584872
2025-08-13 20:01:38.784864+00:00,2.2584871
2025-08-13 20:01:51.208553+00:00,2.2584869
2025-08-13 20:02:04.979171+00:00,2.258487
2025-08-13 20:02:16.927972+00:00,2.2584873
2025-08-13 20:02:29.888792+00:00,2.2584864
2025-08-13 20:02:42.692872+00:00,2.2584876
2025-08-13 20:02:55.175429+00:00,2.2584874
2025-08-13 20:03:08.269879+00:00,2.2584869
2025-08-13 20:03:20.478986+00:00,2.2584873
2025-08-13 20:03:33.823006+00:00,2.2584871
2025-08-13 20:03:46.342955+00:00,2.2584866
2025-08-13 20:03:58.815779+00:00,2.2584866
2025-08-13 20:04:11.802019+00:00,2.2584874
2025-08-13 20:04:25.397799+00:00,2.2584872
2025-08-13 20:04:37.423891+00:00,2.2584871
2025-08-13 20:04:49.913768+00:00,2.2584872
2025-08-13 20:05:02.872693+00:00,2.2584874
2025-08-13 20:05:15.776378+00:00,2.2584872
2025-08-13 20:05:29.273150+00:00,2.258487
2025-08-13 20:05:41.086435+00:00,2.2584863
2025-08-13 20:05:53.701837+00:00,2.2584868
2025-08-13 20:06:07.666340+00:00,2.2584869
2025-08-13 20:06:18.995594+00:00,2.258487
2025-08-13 20:06:32.346726+00:00,2.2584868
2025-08-13 20:06:44.638803+00:00,2.2584869
2025-08-13 20:06:57.741073+00:00,2.2584875
2025-08-13 20:07:10.525743+00:00,2.2584869
2025-08-13 20:07:23.444714+00:00,2.2584876
2025-08-13 20:07:37.857901+00:00,2.2584868
2025-08-13 20:07:48.727080+00:00,2.258487
2025-08-13 20:08:02.742345+00:00,2.258487
2025-08-13 20:08:14.065453+00:00,2.2584868
2025-08-13 20:08:27.274332+00:00,2.2584872
2025-08-13 20:08:39.690279+00:00,2.2584867
2025-08-13 20:08:52.193348+00:00,2.2584867
2025-08-13 20:09:04.994575+00:00,2.2584868
2025-08-13 20:09:18.881041+00:00,2.2584866
2025-08-13 20:09:31.101134+00:00,2.2584879
2025-08-13 20:09:43.381465+00:00,2.258487
2025-08-13 20:09:56.346682+00:00,2.2584876
2025-08-13 20:10:09.189300+00:00,2.2584867
2025-08-13 20:10:22.043143+00:00,2.258487
2025-08-13 20:10:35.106998+00:00,2.2584872
2025-08-13 20:10:49.672827+00:00,2.2584865
2025-08-13 20:11:02.244546+00:00,2.2584875
2025-08-13 20:11:14.260026+00:00,2.2584868
2025-08-13 20:11:27.197490+00:00,2.2584873
2025-08-13 20:11:41.515926+00:00,2.2584874
2025-08-13 20:11:53.485479+00:00,2.2584866
2025-08-13 20:12:07.315882+00:00,2.2584872
2025-08-13 20:12:19.144092+00:00,2.2584874
2025-08-13 20:12:33.304935+00:00,2.2584874
2025-08-13 20:12:45.138024+00:00,2.2584871
2025-08-13 20:12:58.029996+00:00,2.258487
2025-08-13 20:13:12.695202+00:00,2.2584867
2025-08-13 20:13:24.016554+00:00,2.2584869
2025-08-13 20:13:37.007260+00:00,2.2584867
2025-08-13 20:13:49.818065+00:00,2.2584874
2025-08-13 20:14:03.951664+00:00,2.2584869
2025-08-13 20:14:16.726847+00:00,2.2584871
2025-08-13 20:14:27.963492+00:00,2.2584871
2025-08-13 20:14:40.516046+00:00,2.2584871
2025-08-13 20:14:53.275169+00:00,2.2584872
2025-08-13 20:15:05.924915+00:00,2.2584869
2025-08-13 20:15:18.777308+00:00,2.2584874
2025-08-13 20:15:32.736029+00:00,2.2584876
2025-08-13 20:15:44.464558+00:00,2.2584867
2025-08-13 20:15:58.056668+00:00,2.2584871
2025-08-13 20:16:10.106541+00:00,2.2584871
2025-08-13 20:16:23.572591+00:00,2.2584875
2025-08-13 20:16:35.920692+00:00,2.258487
2025-08-13 20:16:49.238431+00:00,2.2584873
2025-08-13 20:17:01.844723+00:00,2.2584866
2025-08-13 20:17:14.447816+00:00,2.2584871
2025-08-13 20:17:27.304505+00:00,2.2584877
2025-08-13 20:17:40.671106+00:00,2.2584863
2025-08-13 20:17:52.669751+00:00,2.258487
2025-08-13 20:18:06.438405+00:00,2.2584878
2025-08-13 20:18:18.404364+00:00,2.2584869
2025-08-13 20:18:31.320679+00:00,2.258487
2025-08-13 20:18:43.519327+00:00,2.2584873
2025-08-13 20:18:56.402902+00:00,2.2584874
2025-08-13 20:19:09.706545+00:00,2.2584876
2025-08-13 20:19:22.253724+00:00,2.2584872
2025-08-13 20:19:34.751463+00:00,2.2584873
2025-08-13 20:19:47.926287+00:00,2.258487
2025-08-13 20:20:00.851168+00:00,2.2584875
2025-08-13 20:20:14.062415+00:00,2.2584866
2025-08-13 20:20:27.034666+00:00,2.2584875
2025-08-13 20:20:39.759413+00:00,2.2584871
2025-08-13 20:20:52.799654+00:00,2.2584874
2025-08-13 20:21:06.201738+00:00,2.258487
2025-08-13 20:21:19.031514+00:00,2.2584869
2025-08-13 20:21:32.003251+00:00,2.2584871
2025-08-13 20:21:45.224154+00:00,2.2584867
2025-08-13 20:21:57.979115+00:00,2.2584867
2025-08-13 20:22:11.065919+00:00,2.2584869
2025-08-13 20:22:23.940640+00:00,2.2584869
2025-08-13 20:22:38.157079+00:00,2.2584871
2025-08-13 20:22:49.720223+00:00,2.2584869
2025-08-13 20:23:02.693185+00:00,2.258487
2025-08-13 20:23:15.329188+00:00,2.2584867
2025-08-13 20:23:28.213975+00:00,2.2584873
2025-08-13 20:23:41.157489+00:00,2.2584872
2025-08-13 20:23:54.050883+00:00,2.2584867
2025-08-13 20:24:06.788766+00:00,2.258487
2025-08-13 20:24:19.667760+00:00,2.2584873
2025-08-13 20:24:32.706782+00:00,2.2584869
2025-08-13 20:24:45.668276+00:00,2.2584868
2025-08-13 20:24:57.856127+00:00,2.2584874
2025-08-13 20:25:10.613780+00:00,2.258487
2025-08-13 20:25:23.656483+00:00,2.2584873
2025-08-13 20:25:37.760235+00:00,2.2584869
2025-08-13 20:25:48.636755+00:00,2.2584875
2025-08-13 20:26:01.903637+00:00,2.2584866
2025-08-13 20:26:14.115873+00:00,2.2584872
2025-08-13 20:26:27.610506+00:00,2.2584875
2025-08-13 20:26:40.101278+00:00,2.2584872
2025-08-13 20:26:52.931215+00:00,2.2584871
2025-08-13 20:27:06.070521+00:00,2.2584874
2025-08-13 20:27:18.668412+00:00,2.258487
2025-08-13 20:27:31.076199+00:00,2.258487
2025-08-13 20:27:44.138119+00:00,2.258487
2025-08-13 20:27:57.187757+00:00,2.2584872
2025-08-13 20:28:09.514801+00:00,2.2584874
2025-08-13 20:28:22.209917+00:00,2.258487
2025-08-13 20:28:35.177559+00:00,2.2584871
2025-08-13 20:29:00.963289+00:00,2.258487
2025-08-13 20:29:13.609476+00:00,2.2584875
2025-08-13 20:29:26.280772+00:00,2.2584875
2025-08-13 20:29:39.958176+00:00,2.2584875
2025-08-13 20:29:51.723304+00:00,2.2584875
2025-08-13 20:30:04.494800+00:00,2.2584872
2025-08-13 20:30:17.332681+00:00,2.2584868
2025-08-13 20:30:30.119713+00:00,2.2584866
2025-08-13 20:30:42.746904+00:00,2.258487
2025-08-13 20:30:56.238768+00:00,2.258487
2025-08-13 20:31:08.455125+00:00,2.2584874
2025-08-13 20:31:21.098155+00:00,2.2584873
2025-08-13 20:31:33.992738+00:00,2.2584873
2025-08-13 20:31:49.706917+00:00,2.2584868
2025-08-13 20:31:59.822366+00:00,2.2584867
2025-08-13 20:32:12.904731+00:00,2.258487
2025-08-13 20:32:26.279817+00:00,2.2584869
2025-08-13 20:32:39.257023+00:00,2.2584872
2025-08-13 20:32:53.193800+00:00,2.2584871
2025-08-13 20:33:07.544333+00:00,2.2584873
2025-08-13 20:33:18.897779+00:00,2.2584873
2025-08-13 20:33:32.282726+00:00,2.2584871
2025-08-13 20:33:45.791773+00:00,2.2584873
2025-08-13 20:33:58.769775+00:00,2.2584873
2025-08-13 20:34:13.217812+00:00,2.2584876
2025-08-13 20:34:24.387803+00:00,2.2584873
2025-08-13 20:34:37.604065+00:00,2.2584869
2025-08-13 20:34:50.929829+00:00,2.2584872
2025-08-13 20:35:04.119457+00:00,2.2584863
2025-08-13 20:35:16.821143+00:00,2.2584873
2025-08-13 20:35:29.970462+00:00,2.2584876
2025-08-13 20:35:43.244022+00:00,2.2584872
2025-08-13 20:35:55.325796+00:00,2.258487
2025-08-13 20:36:08.133338+00:00,2.2584873
2025-08-13 20:36:20.738460+00:00,2.258487
2025-08-13 20:36:33.653241+00:00,2.2584866
2025-08-13 20:36:47.127896+00:00,2.2584872
2025-08-13 20:36:59.682758+00:00,2.2584873
2025-08-13 20:37:13.113684+00:00,2.2584869
2025-08-13 20:37:26.157810+00:00,2.2584866
2025-08-13 20:37:39.303563+00:00,2.2584873
2025-08-13 20:37:51.961662+00:00,2.2584878
2025-08-13 20:38:04.500537+00:00,2.2584875
2025-08-13 20:38:17.133516+00:00,2.2584867
2025-08-13 20:38:29.980752+00:00,2.2584871
2025-08-13 20:38:42.905777+00:00,2.258487
2025-08-13 20:38:57.603353+00:00,2.258487
2025-08-13 20:39:08.781706+00:00,2.2584875
2025-08-13 20:39:21.814437+00:00,2.258487
2025-08-13 20:39:34.811596+00:00,2.2584871
2025-08-13 20:39:47.586999+00:00,2.258487
2025-08-13 20:40:00.538140+00:00,2.2584878
2025-08-13 20:40:13.274254+00:00,2.2584867
2025-08-13 20:40:26.119401+00:00,2.2584868
2025-08-13 20:40:38.981370+00:00,2.2584872
2025-08-13 20:40:51.468558+00:00,2.2584865
2025-08-13 20:41:05.721261+00:00,2.2584872
2025-08-13 20:41:17.947878+00:00,2.2584874
2025-08-13 20:41:30.604623+00:00,2.2584872
2025-08-13 20:41:42.877380+00:00,2.258487
2025-08-13 20:41:55.350283+00:00,2.2584874
2025-08-13 20:42:08.427655+00:00,2.2584871
2025-08-13 20:42:20.957938+00:00,2.2584866
2025-08-13 20:42:36.060943+00:00,2.2584864
2025-08-13 20:42:47.511356+00:00,2.2584873
2025-08-13 20:43:02.321673+00:00,2.2584873
2025-08-13 20:43:16.236036+00:00,2.2584878
2025-08-13 20:43:28.488882+00:00,2.2584867
2025-08-13 20:43:41.750006+00:00,2.2584876
2025-08-13 20:43:54.937049+00:00,2.2584871
2025-08-13 20:44:08.552327+00:00,2.2584864
2025-08-13 20:44:21.428642+00:00,2.2584877
2025-08-13 20:44:34.824439+00:00,2.2584877
2025-08-13 20:44:48.145875+00:00,2.2584867
2025-08-13 20:45:00.787473+00:00,2.258487
2025-08-13 20:45:13.726424+00:00,2.2584873
2025-08-13 20:45:26.813246+00:00,2.2584878
2025-08-13 20:45:39.721709+00:00,2.2584869
2025-08-13 20:45:52.692474+00:00,2.258487
2025-08-13 20:46:05.880140+00:00,2.2584879
2025-08-13 20:46:19.079353+00:00,2.2584879
2025-08-13 20:46:31.438623+00:00,2.2584878
2025-08-13 20:46:44.192916+00:00,2.258487
2025-08-13 20:46:56.804419+00:00,2.2584872
2025-08-13 20:47:10.994227+00:00,2.2584876
2025-08-13 20:47:22.110301+00:00,2.258487
2025-08-13 20:47:35.677704+00:00,2.2584871
2025-08-13 20:47:47.953775+00:00,2.2584875
2025-08-13 20:48:01.898863+00:00,2.2584872
2025-08-13 20:48:13.793963+00:00,2.2584874
2025-08-13 20:48:26.769807+00:00,2.2584872
2025-08-13 20:48:39.793488+00:00,2.2584875
2025-08-13 20:48:52.812657+00:00,2.2584871
2025-08-13 20:49:05.350952+00:00,2.2584868
2025-08-13 20:49:19.074521+00:00,2.2584871
2025-08-13 20:49:30.909362+00:00,2.2584867
2025-08-13 20:49:43.599656+00:00,2.258487
2025-08-13 20:49:56.306903+00:00,2.2584868
2025-08-13 20:50:09.321221+00:00,2.2584876
2025-08-13 20:50:22.412577+00:00,2.258487
2025-08-13 20:50:35.051308+00:00,2.2584872
2025-08-13 20:50:47.707745+00:00,2.2584871
2025-08-13 20:51:00.530250+00:00,2.2584875
2025-08-13 20:51:13.376065+00:00,2.2584871
2025-08-13 20:51:26.619567+00:00,2.2584873
2025-08-13 20:51:39.217126+00:00,2.258487
2025-08-13 20:51:51.937141+00:00,2.2584872
2025-08-13 20:52:04.625229+00:00,2.2584872
2025-08-13 20:52:17.301299+00:00,2.2584871
2025-08-13 20:52:30.309020+00:00,2.2584868
2025-08-13 20:52:43.102761+00:00,2.2584876
2025-08-13 20:52:55.574757+00:00,2.258487
2025-08-13 20:53:08.921843+00:00,2.2584876
2025-08-13 20:53:21.849986+00:00,2.2584867
2025-08-13 20:53:34.515451+00:00,2.2584875
2025-08-13 20:53:47.487771+00:00,2.2584875
2025-08-13 20:54:00.744698+00:00,2.2584862
2025-08-13 20:54:14.655343+00:00,2.2584872
2025-08-13 20:54:27.555520+00:00,2.2584867
2025-08-13 20:54:41.254939+00:00,2.2584867
2025-08-13 20:54:54.571449+00:00,2.2584872
2025-08-13 20:55:08.058751+00:00,2.2584868
2025-08-13 20:55:22.459917+00:00,2.2584875
2025-08-13 20:55:36.663988+00:00,2.2584875
2025-08-13 20:55:49.578433+00:00,2.2584876
2025-08-13 20:56:02.508810+00:00,2.2584867
2025-08-13 20:56:15.983597+00:00,2.2584868
2025-08-13 20:56:27.311094+00:00,2.2584875
2025-08-13 20:56:40.278678+00:00,2.2584868
2025-08-13 20:56:53.313000+00:00,2.2584871
2025-08-13 20:57:06.509424+00:00,2.2584878
2025-08-13 20:57:20.404465+00:00,2.2584867
2025-08-13 20:57:32.998739+00:00,2.2584879
2025-08-13 20:57:46.029394+00:00,2.2584871
2025-08-13 20:57:58.641676+00:00,2.2584873
2025-08-13 20:58:11.579640+00:00,2.2584867
2025-08-13 20:58:24.546522+00:00,2.2584868
2025-08-13 20:58:37.149811+00:00,2.2584869
2025-08-13 20:58:50.268747+00:00,2.2584869
2025-08-13 20:59:02.864324+00:00,2.2584873
2025-08-13 20:59:16.668903+00:00,2.258487
2025-08-13 20:59:28.841498+00:00,2.2584877
2025-08-13 20:59:41.806146+00:00,2.2584874
2025-08-13 20:59:54.790147+00:00,2.2584875
2025-08-13 21:00:07.585062+00:00,2.2584873
2025-08-13 21:00:20.486534+00:00,2.2584872
2025-08-13 21:00:33.352987+00:00,2.2584873
2025-08-13 21:00:46.280483+00:00,2.2584868
2025-08-13 21:00:58.800063+00:00,2.2584872
2025-08-13 21:01:12.714250+00:00,2.2584871
2025-08-13 21:01:24.622974+00:00,2.2584869
2025-08-13 21:01:37.055302+00:00,2.2584875
2025-08-13 21:01:49.950855+00:00,2.2584874
2025-08-13 21:02:02.949680+00:00,2.2584871
2025-08-13 21:02:15.710211+00:00,2.2584876
2025-08-13 21:02:28.679795+00:00,2.2584871
2025-08-13 21:02:41.828675+00:00,2.2584877
2025-08-13 21:02:55.515494+00:00,2.2584867
2025-08-13 21:03:08.356222+00:00,2.2584867
2025-08-13 21:03:21.722504+00:00,2.2584877
2025-08-13 21:03:34.819889+00:00,2.2584865
2025-08-13 21:03:49.934743+00:00,2.2584876
2025-08-13 21:04:01.613590+00:00,2.2584869
2025-08-13 21:04:16.582020+00:00,2.2584871
2025-08-13 21:04:28.316789+00:00,2.2584869
2025-08-13 21:04:41.393053+00:00,2.2584873
2025-08-13 21:04:54.942900+00:00,2.2584868
2025-08-13 21:05:08.839700+00:00,2.2584875
2025-08-13 21:05:21.472758+00:00,2.2584872
2025-08-13 21:05:33.806493+00:00,2.2584876
2025-08-13 21:05:46.926412+00:00,2.2584873
2025-08-13 21:05:59.676363+00:00,2.2584876
2025-08-13 21:06:12.902262+00:00,2.2584873
2025-08-13 21:06:25.636200+00:00,2.2584869
2025-08-13 21:06:38.722064+00:00,2.2584872
2025-08-13 21:06:51.715020+00:00,2.2584874
2025-08-13 21:07:04.726338+00:00,2.2584872
2025-08-13 21:07:17.737965+00:00,2.2584863
2025-08-13 21:07:30.139557+00:00,2.2584868
2025-08-13 21:07:43.035167+00:00,2.2584872
2025-08-13 21:07:55.336855+00:00,2.2584875
2025-08-13 21:08:08.339742+00:00,2.2584868
2025-08-13 21:08:20.934872+00:00,2.2584875
2025-08-13 21:08:33.901492+00:00,2.2584871
2025-08-13 21:08:47.869925+00:00,2.2584874
2025-08-13 21:08:59.311306+00:00,2.2584869
2025-08-13 21:09:12.284804+00:00,2.2584869
2025-08-13 21:09:24.885839+00:00,2.2584872
2025-08-13 21:09:37.760024+00:00,2.2584866
2025-08-13 21:09:50.717474+00:00,2.2584869
2025-08-13 21:10:03.836316+00:00,2.2584877
2025-08-13 21:10:17.159560+00:00,2.2584869
2025-08-13 21:10:30.749008+00:00,2.2584868
2025-08-13 21:10:42.485273+00:00,2.2584863
2025-08-13 21:10:55.196313+00:00,2.2584871
2025-08-13 21:11:10.602549+00:00,2.2584876
2025-08-13 21:11:21.134802+00:00,2.2584877
2025-08-13 21:11:34.626077+00:00,2.2584866
2025-08-13 21:11:46.616443+00:00,2.2584866
2025-08-13 21:11:59.231371+00:00,2.2584869
2025-08-13 21:12:12.072979+00:00,2.2584875
2025-08-13 21:12:24.842126+00:00,2.2584862
2025-08-13 21:12:37.949644+00:00,2.2584877
2025-08-13 21:12:50.750759+00:00,2.2584871
2025-08-13 21:13:04.362052+00:00,2.2584869
2025-08-13 21:13:16.982040+00:00,2.258487
2025-08-13 21:13:30.441560+00:00,2.2584863
2025-08-13 21:13:43.455591+00:00,2.2584858
2025-08-13 21:13:56.831434+00:00,2.2584866
2025-08-13 21:14:11.517374+00:00,2.2584874
2025-08-13 21:14:24.760079+00:00,2.2584876
2025-08-13 21:14:37.153000+00:00,2.2584871
2025-08-13 21:14:50.572742+00:00,2.2584865
2025-08-13 21:15:06.629282+00:00,2.2584874
2025-08-13 21:15:21.164451+00:00,2.2584874
2025-08-13 21:15:30.324297+00:00,2.2584869
2025-08-13 21:15:43.218461+00:00,2.258487
2025-08-13 21:15:56.385145+00:00,2.2584867
2025-08-13 21:16:09.470714+00:00,2.2584876
2025-08-13 21:16:22.393773+00:00,2.2584864
2025-08-13 21:16:35.399892+00:00,2.2584873
2025-08-13 21:16:48.917083+00:00,2.2584864
2025-08-13 21:17:01.367688+00:00,2.2584873
2025-08-13 21:17:14.370486+00:00,2.2584874
2025-08-13 21:17:27.193934+00:00,2.2584867
2025-08-13 21:17:40.120056+00:00,2.2584874
2025-08-13 21:17:52.895554+00:00,2.2584869
2025-08-13 21:18:10.202090+00:00,2.2584867
2025-08-13 21:18:18.363808+00:00,2.2584868
2025-08-13 21:18:31.100430+00:00,2.2584868
2025-08-13 21:18:43.896125+00:00,2.2584866
2025-08-13 21:18:57.014854+00:00,2.2584868
2025-08-13 21:19:09.901196+00:00,2.258487
2025-08-13 21:19:22.772279+00:00,2.2584875
2025-08-13 21:19:35.786992+00:00,2.2584878
2025-08-13 21:19:48.691819+00:00,2.2584871
2025-08-13 21:20:01.327117+00:00,2.258487
2025-08-13 21:20:14.097219+00:00,2.2584869
2025-08-13 21:20:27.330901+00:00,2.2584874
2025-08-13 21:20:39.939787+00:00,2.2584874
2025-08-13 21:20:52.717025+00:00,2.2584876
2025-08-13 21:21:06.878988+00:00,2.2584873
2025-08-13 21:21:18.852898+00:00,2.2584866
2025-08-13 21:21:32.253218+00:00,2.2584879
2025-08-13 21:21:46.286637+00:00,2.2584874
2025-08-13 21:21:57.747749+00:00,2.2584876
2025-08-13 21:22:10.662865+00:00,2.258487
2025-08-13 21:22:23.965173+00:00,2.2584875
2025-08-13 21:22:36.046704+00:00,2.2584869
2025-08-13 21:22:48.971729+00:00,2.2584867
2025-08-13 21:23:01.752350+00:00,2.2584874
2025-08-13 21:23:14.804987+00:00,2.2584868
2025-08-13 21:23:27.274341+00:00,2.2584868
2025-08-13 21:23:40.579933+00:00,2.2584871
2025-08-13 21:23:53.086364+00:00,2.2584874
2025-08-13 21:24:06.362813+00:00,2.2584865
2025-08-13 21:24:19.187520+00:00,2.258487
2025-08-13 21:24:32.524332+00:00,2.2584869
2025-08-13 21:24:45.817171+00:00,2.258486
2025-08-13 21:24:59.365025+00:00,2.2584873
2025-08-13 21:25:13.306850+00:00,2.2584865
2025-08-13 21:25:27.348722+00:00,2.2584869
2025-08-13 21:25:40.565655+00:00,2.2584867
2025-08-13 21:25:52.456202+00:00,2.2584876
2025-08-13 21:26:05.853857+00:00,2.258487
2025-08-13 21:26:18.628165+00:00,2.2584879
2025-08-13 21:26:31.881689+00:00,2.2584866
2025-08-13 21:26:45.268169+00:00,2.2584871
2025-08-13 21:26:58.106997+00:00,2.2584865
2025-08-13 21:27:11.864429+00:00,2.2584871
2025-08-13 21:27:24.144155+00:00,2.2584874
2025-08-13 21:27:37.132364+00:00,2.2584866
2025-08-13 21:27:50.198257+00:00,2.2584866
2025-08-13 21:28:03.285321+00:00,2.2584867
2025-08-13 21:28:16.818007+00:00,2.2584875
2025-08-13 21:28:29.530930+00:00,2.2584873
2025-08-13 21:28:42.179022+00:00,2.2584869
2025-08-13 21:28:55.261720+00:00,2.2584871
2025-08-13 21:29:08.488239+00:00,2.2584867
2025-08-13 21:29:20.710147+00:00,2.2584871
2025-08-13 21:29:33.745863+00:00,2.2584868
2025-08-13 21:29:46.153694+00:00,2.2584869
2025-08-13 21:29:59.206647+00:00,2.2584873
2025-08-13 21:30:12.019468+00:00,2.258487
2025-08-13 21:30:25.922078+00:00,2.2584871
2025-08-13 21:30:38.259367+00:00,2.2584874
2025-08-13 21:30:51.000405+00:00,2.2584876
2025-08-13 21:31:06.019776+00:00,2.2584878
2025-08-13 21:31:16.796082+00:00,2.2584874
2025-08-13 21:31:29.990085+00:00,2.2584875
2025-08-13 21:31:42.598399+00:00,2.2584867
2025-08-13 21:31:55.416182+00:00,2.2584879
2025-08-13 21:32:08.177360+00:00,2.2584871
2025-08-13 21:32:20.991478+00:00,2.258487
2025-08-13 21:32:34.105537+00:00,2.2584865
2025-08-13 21:32:48.336485+00:00,2.2584867
2025-08-13 21:32:59.357322+00:00,2.2584873
2025-08-13 21:33:12.141428+00:00,2.2584878
2025-08-13 21:33:25.365304+00:00,2.258487
2025-08-13 21:33:38.582247+00:00,2.2584869
2025-08-13 21:33:50.471363+00:00,2.2584872
2025-08-13 21:34:03.846376+00:00,2.2584876
2025-08-13 21:34:16.726667+00:00,2.2584872
2025-08-13 21:34:29.856960+00:00,2.2584873
2025-08-13 21:34:43.333762+00:00,2.2584861
2025-08-13 21:34:56.661888+00:00,2.2584867
2025-08-13 21:35:10.665648+00:00,2.2584869
2025-08-13 21:35:23.351157+00:00,2.2584859
2025-08-13 21:35:36.889707+00:00,2.2584876
2025-08-13 21:35:49.864634+00:00,2.2584861
2025-08-13 21:36:03.101350+00:00,2.2584861
2025-08-13 21:36:17.614578+00:00,2.2584867
2025-08-13 21:36:42.334405+00:00,2.2584869
2025-08-13 21:36:55.388043+00:00,2.2584871
2025-08-13 21:37:11.077687+00:00,2.2584876
2025-08-13 21:37:23.563505+00:00,2.2584871
2025-08-13 21:37:34.565320+00:00,2.2584873
2025-08-13 21:37:48.487097+00:00,2.2584875
2025-08-13 21:38:00.726944+00:00,2.2584877
2025-08-13 21:38:13.673679+00:00,2.2584876
2025-08-13 21:38:26.574910+00:00,2.2584874
2025-08-13 21:38:40.547354+00:00,2.2584877
2025-08-13 21:38:52.333621+00:00,2.258487
2025-08-13 21:39:04.715133+00:00,2.2584877
2025-08-13 21:39:18.744647+00:00,2.2584868
2025-08-13 21:39:30.509395+00:00,2.2584873
2025-08-13 21:39:43.340790+00:00,2.2584869
2025-08-13 21:39:56.318115+00:00,2.2584871
2025-08-13 21:40:09.322418+00:00,2.258487
2025-08-13 21:40:24.892496+00:00,2.2584874
2025-08-13 21:40:35.325860+00:00,2.2584877
2025-08-13 21:40:48.664892+00:00,2.2584869
2025-08-13 21:41:01.273182+00:00,2.2584867
2025-08-13 21:41:13.470851+00:00,2.2584866
2025-08-13 21:41:26.539114+00:00,2.2584868
2025-08-13 21:41:39.600727+00:00,2.2584874
2025-08-13 21:41:52.610453+00:00,2.2584872
2025-08-13 21:42:06.763920+00:00,2.2584876
2025-08-13 21:42:18.517402+00:00,2.2584876
2025-08-13 21:42:31.554751+00:00,2.2584871
2025-08-13 21:42:44.224404+00:00,2.2584868
2025-08-13 21:42:57.776338+00:00,2.2584876
2025-08-13 21:43:10.119139+00:00,2.2584874
2025-08-13 21:43:22.879666+00:00,2.2584881
2025-08-13 21:43:35.627212+00:00,2.2584871
2025-08-13 21:43:48.992812+00:00,2.2584868
2025-08-13 21:44:05.609011+00:00,2.258487
2025-08-13 21:44:13.891754+00:00,2.2584876
2025-08-13 21:44:27.854299+00:00,2.2584878
2025-08-13 21:44:39.999170+00:00,2.2584863
2025-08-13 21:44:53.392013+00:00,2.2584866
2025-08-13 21:45:06.524768+00:00,2.258487
2025-08-13 21:45:20.242554+00:00,2.2584869
2025-08-13 21:45:33.382527+00:00,2.2584874
2025-08-13 21:45:46.739824+00:00,2.2584874
2025-08-13 21:46:01.149640+00:00,2.2584877
2025-08-13 21:46:13.281144+00:00,2.2584873
2025-08-13 21:46:26.416175+00:00,2.2584871
2025-08-13 21:46:40.059157+00:00,2.2584875
2025-08-13 21:46:52.707761+00:00,2.2584876
2025-08-13 21:47:06.215015+00:00,2.2584872
2025-08-13 21:47:18.988801+00:00,2.2584873
2025-08-13 21:47:33.289367+00:00,2.2584869
2025-08-13 21:47:46.829424+00:00,2.2584879
2025-08-13 21:47:58.149287+00:00,2.2584876
2025-08-13 21:48:11.633968+00:00,2.2584877
2025-08-13 21:48:24.269365+00:00,2.2584871
2025-08-13 21:48:37.003366+00:00,2.2584874
2025-08-13 21:48:50.062104+00:00,2.2584873
2025-08-13 21:49:02.994517+00:00,2.2584881
2025-08-13 21:49:16.013716+00:00,2.2584876
2025-08-13 21:49:29.800631+00:00,2.2584872
2025-08-13 21:49:41.574439+00:00,2.2584873
2025-08-13 21:49:54.609997+00:00,2.2584869
2025-08-13 21:50:07.651169+00:00,2.2584875
2025-08-13 21:50:20.375943+00:00,2.2584872
2025-08-13 21:50:33.834394+00:00,2.2584876
2025-08-13 21:50:47.550098+00:00,2.2584869
2025-08-13 21:50:59.753799+00:00,2.2584873
2025-08-13 21:51:12.196013+00:00,2.258486
2025-08-13 21:51:26.079057+00:00,2.2584866
2025-08-13 21:51:38.440046+00:00,2.2584871
2025-08-13 21:51:50.622025+00:00,2.2584873
2025-08-13 21:52:03.747198+00:00,2.2584873
2025-08-13 21:52:16.737503+00:00,2.2584871
2025-08-13 21:52:29.586364+00:00,2.2584875
2025-08-13 21:52:42.349335+00:00,2.2584874
2025-08-13 21:52:55.031202+00:00,2.2584877
2025-08-13 21:53:08.041797+00:00,2.2584867
2025-08-13 21:53:21.258750+00:00,2.2584875
2025-08-13 21:53:34.303748+00:00,2.2584872
2025-08-13 21:53:47.768199+00:00,2.2584868
2025-08-13 21:54:02.394124+00:00,2.2584873
2025-08-13 21:54:14.232318+00:00,2.2584873
2025-08-13 21:54:27.517208+00:00,2.2584875
2025-08-13 21:54:41.151048+00:00,2.2584864
2025-08-13 21:54:53.945810+00:00,2.2584872
2025-08-13 21:55:08.245172+00:00,2.2584862
2025-08-13 21:55:21.084152+00:00,2.2584868
2025-08-13 21:55:33.824012+00:00,2.2584874
2025-08-13 21:55:47.042097+00:00,2.2584871
2025-08-13 21:56:00.992133+00:00,2.2584876
2025-08-13 21:56:13.112145+00:00,2.258487
2025-08-13 21:56:26.110347+00:00,2.2584874
2025-08-13 21:56:39.277780+00:00,2.2584872
2025-08-13 21:56:52.062042+00:00,2.258487
2025-08-13 21:57:05.224562+00:00,2.2584869
2025-08-13 21:57:18.232517+00:00,2.2584877
2025-08-13 21:57:32.424421+00:00,2.2584875
2025-08-13 21:57:44.307403+00:00,2.2584876
2025-08-13 21:57:56.951117+00:00,2.258487
2025-08-13 21:58:09.764718+00:00,2.2584874
2025-08-13 21:58:22.891600+00:00,2.2584872
2025-08-13 21:58:36.288185+00:00,2.2584871
2025-08-13 21:58:48.129956+00:00,2.2584872
2025-08-13 21:59:00.834359+00:00,2.2584872
2025-08-13 21:59:14.742158+00:00,2.258488
2025-08-13 21:59:26.524682+00:00,2.2584871
2025-08-13 21:59:39.513666+00:00,2.2584874
2025-08-13 21:59:52.318489+00:00,2.2584877
2025-08-13 22:00:05.194312+00:00,2.2584871
2025-08-13 22:00:20.036904+00:00,2.2584874
2025-08-13 22:00:31.673027+00:00,2.2584873
2025-08-13 22:00:43.744712+00:00,2.2584872
2025-08-13 22:00:57.088686+00:00,2.2584875
2025-08-13 22:01:10.169121+00:00,2.258488
2025-08-13 22:01:23.270317+00:00,2.2584876
2025-08-13 22:01:35.600454+00:00,2.2584873
2025-08-13 22:01:48.627116+00:00,2.2584869
2025-08-13 22:02:01.816533+00:00,2.2584875
2025-08-13 22:02:14.671321+00:00,2.2584875
2025-08-13 22:02:27.142846+00:00,2.2584876
2025-08-13 22:02:39.642911+00:00,2.2584873
2025-08-13 22:02:52.401444+00:00,2.2584866
2025-08-13 22:03:05.375056+00:00,2.2584874
2025-08-13 22:03:19.111888+00:00,2.2584877
2025-08-13 22:03:31.221428+00:00,2.2584872
2025-08-13 22:03:44.284033+00:00,2.2584875
2025-08-13 22:03:57.374840+00:00,2.2584871
2025-08-13 22:04:10.806654+00:00,2.2584871
2025-08-13 22:04:24.298455+00:00,2.2584874
2025-08-13 22:04:37.807016+00:00,2.258486
2025-08-13 22:04:50.657865+00:00,2.2584865
2025-08-13 22:05:04.182403+00:00,2.2584879
2025-08-13 22:05:17.313587+00:00,2.2584875
2025-08-13 22:05:30.812436+00:00,2.258487
2025-08-13 22:05:43.556189+00:00,2.2584865
2025-08-13 22:05:56.543828+00:00,2.2584874
2025-08-13 22:06:09.803138+00:00,2.2584871
2025-08-13 22:06:23.456630+00:00,2.2584877
2025-08-13 22:06:36.008195+00:00,2.2584872
2025-08-13 22:06:48.912664+00:00,2.2584877
2025-08-13 22:07:02.423140+00:00,2.2584872
2025-08-13 22:07:15.195851+00:00,2.2584875
2025-08-13 22:07:27.860408+00:00,2.2584871
2025-08-13 22:07:40.796868+00:00,2.2584876
2025-08-13 22:07:53.734781+00:00,2.2584873
2025-08-13 22:08:06.694821+00:00,2.2584873
2025-08-13 22:08:19.559985+00:00,2.2584869
2025-08-13 22:08:32.543834+00:00,2.2584872
2025-08-13 22:08:46.025424+00:00,2.2584872
2025-08-13 22:08:57.985621+00:00,2.2584868
2025-08-13 22:09:10.329743+00:00,2.2584869
2025-08-13 22:09:23.228212+00:00,2.258488
2025-08-13 22:09:36.012198+00:00,2.2584882
2025-08-13 22:09:48.644300+00:00,2.258487
2025-08-13 22:10:02.239768+00:00,2.2584879
2025-08-13 22:10:14.702186+00:00,2.2584878
2025-08-13 22:10:27.633209+00:00,2.2584867
2025-08-13 22:10:42.470062+00:00,2.2584873
2025-08-13 22:10:53.439352+00:00,2.2584875
2025-08-13 22:11:06.414744+00:00,2.2584879
2025-08-13 22:11:19.313836+00:00,2.2584879
2025-08-13 22:11:32.802442+00:00,2.2584881
2025-08-13 22:11:47.274719+00:00,2.2584873
2025-08-13 22:11:57.498193+00:00,2.2584869
2025-08-13 22:12:10.564420+00:00,2.2584871
2025-08-13 22:12:24.169587+00:00,2.2584874
2025-08-13 22:12:36.541395+00:00,2.2584867
2025-08-13 22:12:50.096340+00:00,2.2584871
2025-08-13 22:13:03.611988+00:00,2.2584868
2025-08-13 22:13:15.341207+00:00,2.2584863
2025-08-13 22:13:28.800960+00:00,2.2584877
2025-08-13 22:13:41.061518+00:00,2.2584874
2025-08-13 22:13:53.822161+00:00,2.2584871
2025-08-13 22:14:06.829597+00:00,2.2584868
2025-08-13 22:14:19.443299+00:00,2.2584872
2025-08-13 22:14:32.993182+00:00,2.2584877
2025-08-13 22:14:45.225818+00:00,2.2584874
2025-08-13 22:14:58.231450+00:00,2.258487
2025-08-13 22:15:11.059546+00:00,2.2584879
2025-08-13 22:15:24.173702+00:00,2.2584872
2025-08-13 22:15:37.069897+00:00,2.2584873
2025-08-13 22:15:50.341192+00:00,2.2584868
2025-08-13 22:16:03.903119+00:00,2.2584866
2025-08-13 22:16:17.276486+00:00,2.2584877
2025-08-13 22:16:30.600148+00:00,2.2584869
2025-08-13 22:16:43.824284+00:00,2.2584874
2025-08-13 22:16:57.769559+00:00,2.2584872
2025-08-13 22:17:11.408559+00:00,2.2584868
2025-08-13 22:17:23.909076+00:00,2.2584868
2025-08-13 22:17:38.216174+00:00,2.258487
2025-08-13 22:17:50.275082+00:00,2.2584866
2025-08-13 22:18:03.545096+00:00,2.2584871
2025-08-13 22:18:17.908286+00:00,2.2584869
2025-08-13 22:18:29.890802+00:00,2.258487
2025-08-13 22:18:42.643212+00:00,2.2584878
2025-08-13 22:18:55.819540+00:00,2.2584873
2025-08-13 22:19:08.928430+00:00,2.2584877
2025-08-13 22:19:22.450028+00:00,2.2584874
2025-08-13 22:19:35.389694+00:00,2.2584868
2025-08-13 22:19:48.327298+00:00,2.2584869
2025-08-13 22:20:01.492362+00:00,2.2584869
2025-08-13 22:20:14.024500+00:00,2.2584877
2025-08-13 22:20:26.919313+00:00,2.2584868
2025-08-13 22:20:39.484724+00:00,2.2584872
2025-08-13 22:20:52.437642+00:00,2.2584867
2025-08-13 22:21:13.552807+00:00,2.2584874
2025-08-13 22:21:18.287926+00:00,2.258487
2025-08-13 22:21:31.341897+00:00,2.2584871
2025-08-13 22:21:44.203012+00:00,2.2584874
2025-08-13 22:21:57.040747+00:00,2.2584875
2025-08-13 22:22:10.058918+00:00,2.2584873
2025-08-13 22:22:22.944470+00:00,2.2584866
2025-08-13 22:22:35.786741+00:00,2.2584872
2025-08-13 22:22:49.078645+00:00,2.2584876
2025-08-13 22:23:01.752975+00:00,2.2584872
2025-08-13 22:23:15.339455+00:00,2.258487
2025-08-13 22:23:27.509214+00:00,2.258488
2025-08-13 22:23:39.993246+00:00,2.2584872
2025-08-13 22:23:53.529881+00:00,2.258487
2025-08-13 22:24:06.994562+00:00,2.2584874
2025-08-13 22:24:21.989127+00:00,2.2584873
2025-08-13 22:24:31.747059+00:00,2.2584876
2025-08-13 22:24:44.655223+00:00,2.258487
2025-08-13 22:24:57.603713+00:00,2.2584869
2025-08-13 22:25:10.410753+00:00,2.2584869
2025-08-13 22:25:24.394241+00:00,2.2584872
2025-08-13 22:25:37.806298+00:00,2.2584873
2025-08-13 22:25:50.301629+00:00,2.2584876
2025-08-13 22:26:04.367283+00:00,2.2584876
2025-08-13 22:26:18.518462+00:00,2.2584867
2025-08-13 22:26:29.682897+00:00,2.2584867
2025-08-13 22:26:43.034974+00:00,2.2584873
2025-08-13 22:26:56.527410+00:00,2.2584876
2025-08-13 22:27:09.747400+00:00,2.2584873
2025-08-13 22:27:23.411698+00:00,2.2584877
2025-08-13 22:27:36.178701+00:00,2.2584875
2025-08-13 22:27:49.985377+00:00,2.2584876
2025-08-13 22:28:02.522287+00:00,2.2584862
2025-08-13 22:28:15.663058+00:00,2.2584871
2025-08-13 22:28:28.774478+00:00,2.2584879
2025-08-13 22:28:42.732372+00:00,2.2584871
2025-08-13 22:28:54.886313+00:00,2.2584869
2025-08-13 22:29:07.975870+00:00,2.2584872
2025-08-13 22:29:21.516194+00:00,2.2584872
2025-08-13 22:29:33.911143+00:00,2.2584869
2025-08-13 22:29:47.452670+00:00,2.258487
2025-08-13 22:29:59.741636+00:00,2.2584872
2025-08-13 22:30:12.695925+00:00,2.2584873
2025-08-13 22:30:25.462266+00:00,2.2584875
2025-08-13 22:30:38.255052+00:00,2.258487
2025-08-13 22:30:50.876184+00:00,2.2584872
2025-08-13 22:31:04.377432+00:00,2.2584871
2025-08-13 22:31:16.494720+00:00,2.2584877
2025-08-13 22:31:29.335204+00:00,2.258487
2025-08-13 22:31:42.327870+00:00,2.2584866
2025-08-13 22:31:55.377560+00:00,2.2584873
2025-08-13 22:32:10.459119+00:00,2.2584866
2025-08-13 22:32:21.464172+00:00,2.2584873
2025-08-13 22:32:34.341397+00:00,2.2584879
2025-08-13 22:32:47.575105+00:00,2.258487
2025-08-13 22:33:01.861913+00:00,2.258487
2025-08-13 22:33:12.929867+00:00,2.2584874
2025-08-13 22:33:26.123294+00:00,2.2584881
2025-08-13 22:33:39.777074+00:00,2.2584869
2025-08-13 22:33:51.348694+00:00,2.2584878
2025-08-13 22:34:04.546083+00:00,2.2584867
2025-08-13 22:34:18.437953+00:00,2.2584871
2025-08-13 22:34:29.843436+00:00,2.2584869
2025-08-13 22:34:44.298817+00:00,2.2584883
2025-08-13 22:34:57.155356+00:00,2.2584876
2025-08-13 22:35:09.179979+00:00,2.2584878
2025-08-13 22:35:22.909392+00:00,2.2584878
2025-08-13 22:35:35.695817+00:00,2.2584866
2025-08-13 22:35:48.983352+00:00,2.2584873
2025-08-13 22:36:02.481366+00:00,2.2584869
2025-08-13 22:36:18.688698+00:00,2.2584865
2025-08-13 22:36:31.229183+00:00,2.2584862
2025-08-13 22:36:42.126553+00:00,2.2584874
2025-08-13 22:36:55.231138+00:00,2.2584866
2025-08-13 22:37:08.532209+00:00,2.2584877
2025-08-13 22:37:21.510506+00:00,2.2584868
2025-08-13 22:37:35.574635+00:00,2.2584872
2025-08-13 22:37:47.702162+00:00,2.2584872
2025-08-13 22:38:00.610372+00:00,2.2584869
2025-08-13 22:38:14.411806+00:00,2.2584876
2025-08-13 22:38:27.045254+00:00,2.2584861
2025-08-13 22:38:39.759020+00:00,2.2584874
2025-08-13 22:38:53.905552+00:00,2.2584874
2025-08-13 22:39:05.889505+00:00,2.2584877
2025-08-13 22:39:19.113462+00:00,2.2584862
2025-08-13 22:39:33.540809+00:00,2.2584874
2025-08-13 22:39:44.733110+00:00,2.2584877
2025-08-13 22:39:56.873440+00:00,2.2584878
2025-08-13 22:40:10.809520+00:00,2.2584873
2025-08-13 22:40:22.744133+00:00,2.2584867
2025-08-13 22:40:35.655461+00:00,2.2584874
2025-08-13 22:40:48.141618+00:00,2.2584876
2025-08-13 22:41:01.111037+00:00,2.2584872
2025-08-13 22:41:14.419600+00:00,2.2584874
2025-08-13 22:41:26.945499+00:00,2.2584875
2025-08-13 22:41:39.868140+00:00,2.2584877
2025-08-13 22:41:52.854718+00:00,2.2584871
2025-08-13 22:42:05.658343+00:00,2.258487
2025-08-13 22:42:19.438524+00:00,2.2584877
2025-08-13 22:42:31.194787+00:00,2.2584879
2025-08-13 22:42:44.173062+00:00,2.2584873
2025-08-13 22:42:56.836332+00:00,2.2584873
2025-08-13 22:43:09.650853+00:00,2.2584869
2025-08-13 22:43:22.418188+00:00,2.2584877
2025-08-13 22:43:35.236574+00:00,2.2584878
2025-08-13 22:43:47.957565+00:00,2.2584874
2025-08-13 22:44:01.356225+00:00,2.2584875
2025-08-13 22:44:13.977962+00:00,2.258488
2025-08-13 22:44:27.642766+00:00,2.2584871
2025-08-13 22:44:40.385569+00:00,2.2584873
2025-08-13 22:44:53.716631+00:00,2.2584873
2025-08-13 22:45:06.794094+00:00,2.2584872
2025-08-13 22:45:20.578139+00:00,2.2584858
2025-08-13 22:45:33.605589+00:00,2.2584864
2025-08-13 22:45:46.438318+00:00,2.2584873
2025-08-13 22:45:59.901385+00:00,2.2584869
2025-08-13 22:46:12.799870+00:00,2.2584871
2025-08-13 22:46:25.491589+00:00,2.2584873
2025-08-13 22:46:38.524226+00:00,2.2584878
2025-08-13 22:46:51.491227+00:00,2.2584867
2025-08-13 22:47:04.783958+00:00,2.2584876
2025-08-13 22:47:17.535396+00:00,2.2584876
2025-08-13 22:47:30.521498+00:00,2.2584872
2025-08-13 22:47:43.479726+00:00,2.2584859
2025-08-13 22:47:56.595298+00:00,2.2584873
2025-08-13 22:48:09.314024+00:00,2.2584871
2025-08-13 22:48:22.354918+00:00,2.2584882
2025-08-13 22:48:35.930661+00:00,2.2584875
2025-08-13 22:48:48.006091+00:00,2.2584874
2025-08-13 22:49:00.671159+00:00,2.2584877
2025-08-13 22:49:13.297012+00:00,2.2584874
2025-08-13 22:49:26.191741+00:00,2.2584875
2025-08-13 22:49:38.705841+00:00,2.2584875
2025-08-13 22:49:51.897512+00:00,2.2584876
2025-08-13 22:50:04.590809+00:00,2.2584875
2025-08-13 22:50:22.138685+00:00,2.2584871
2025-08-13 22:50:30.582437+00:00,2.2584871
2025-08-13 22:50:42.966888+00:00,2.2584877
2025-08-13 22:50:55.756291+00:00,2.2584875
2025-08-13 22:51:08.345014+00:00,2.2584877
2025-08-13 22:51:21.681879+00:00,2.2584878
2025-08-13 22:51:35.725249+00:00,2.2584873
2025-08-13 22:51:49.737534+00:00,2.258487
2025-08-13 22:51:59.717378+00:00,2.2584868
2025-08-13 22:52:13.134026+00:00,2.2584872
2025-08-13 22:52:25.466310+00:00,2.2584872
2025-08-13 22:52:38.589745+00:00,2.2584871
2025-08-13 22:52:51.481373+00:00,2.2584876
2025-08-13 22:53:04.608014+00:00,2.2584881
2025-08-13 22:53:17.179093+00:00,2.2584881
2025-08-13 22:53:30.219746+00:00,2.2584878
2025-08-13 22:53:42.586876+00:00,2.2584877
2025-08-13 22:53:55.564927+00:00,2.2584872
2025-08-13 22:54:08.501516+00:00,2.2584876
2025-08-13 22:54:21.342134+00:00,2.258487
2025-08-13 22:54:34.322316+00:00,2.2584877
2025-08-13 22:54:46.656778+00:00,2.2584881
2025-08-13 22:54:59.689422+00:00,2.258487
2025-08-13 22:55:12.590332+00:00,2.2584875
2025-08-13 22:55:25.524716+00:00,2.2584876
2025-08-13 22:55:38.620941+00:00,2.2584873
2025-08-13 22:55:51.637212+00:00,2.258487
2025-08-13 22:56:05.163205+00:00,2.2584874
2025-08-13 22:56:18.546586+00:00,2.2584872
2025-08-13 22:56:31.264086+00:00,2.2584878
2025-08-13 22:56:45.004034+00:00,2.2584868
2025-08-13 22:56:58.044571+00:00,2.2584873
2025-08-13 22:57:10.829315+00:00,2.2584869
2025-08-13 22:57:24.017460+00:00,2.258487
2025-08-13 22:57:36.970119+00:00,2.2584871
2025-08-13 22:57:50.177198+00:00,2.2584873
2025-08-13 22:58:04.610232+00:00,2.2584882
2025-08-13 22:58:16.194335+00:00,2.2584877
2025-08-13 22:58:29.594242+00:00,2.2584873
2025-08-13 22:58:43.343717+00:00,2.258487
2025-08-13 22:58:55.010721+00:00,2.2584876
2025-08-13 22:59:09.386565+00:00,2.258487
2025-08-13 22:59:20.873941+00:00,2.2584868
2025-08-13 22:59:33.668284+00:00,2.2584877
2025-08-13 22:59:46.585545+00:00,2.2584866
2025-08-13 23:00:00.364131+00:00,2.2584877
2025-08-13 23:00:12.516778+00:00,2.2584878
2025-08-13 23:00:24.933253+00:00,2.2584875
2025-08-13 23:00:39.429490+00:00,2.2584876
2025-08-13 23:00:50.769347+00:00,2.2584875
2025-08-13 23:01:03.813980+00:00,2.2584883
2025-08-13 23:01:16.273063+00:00,2.2584876
2025-08-13 23:01:28.980477+00:00,2.2584872
2025-08-13 23:01:41.854018+00:00,2.2584881
2025-08-13 23:01:56.603762+00:00,2.2584864
2025-08-13 23:02:09.630536+00:00,2.2584867
2025-08-13 23:02:20.850436+00:00,2.2584875
2025-08-13 23:02:34.080493+00:00,2.2584874
2025-08-13 23:02:46.719851+00:00,2.2584877
2025-08-13 23:02:59.664051+00:00,2.2584871
2025-08-13 23:03:12.864862+00:00,2.2584871
2025-08-13 23:03:26.677914+00:00,2.2584865
2025-08-13 23:03:39.150526+00:00,2.2584871
2025-08-13 23:03:51.137167+00:00,2.258487
2025-08-13 23:04:03.837246+00:00,2.2584877
2025-08-13 23:04:16.983923+00:00,2.2584879
2025-08-13 23:04:29.556634+00:00,2.2584867
2025-08-13 23:04:42.606171+00:00,2.2584876
2025-08-13 23:04:56.185196+00:00,2.2584876
2025-08-13 23:05:08.579563+00:00,2.2584881
2025-08-13 23:05:22.177286+00:00,2.2584874
2025-08-13 23:05:34.231780+00:00,2.2584878
2025-08-13 23:05:47.130755+00:00,2.2584872
2025-08-13 23:06:00.955250+00:00,2.2584872
2025-08-13 23:06:12.658025+00:00,2.2584872
2025-08-13 23:06:25.433966+00:00,2.2584873
2025-08-13 23:06:38.695564+00:00,2.2584872
2025-08-13 23:06:51.118627+00:00,2.2584881
2025-08-13 23:07:03.992026+00:00,2.2584871
2025-08-13 23:07:16.969195+00:00,2.2584877
2025-08-13 23:07:29.897675+00:00,2.2584868
2025-08-13 23:07:42.699923+00:00,2.2584866
2025-08-13 23:07:55.903576+00:00,2.2584872
2025-08-13 23:08:09.713950+00:00,2.2584879
2025-08-13 23:08:21.865268+00:00,2.2584869
2025-08-13 23:08:35.093383+00:00,2.2584876
2025-08-13 23:08:48.309551+00:00,2.258488
2025-08-13 23:09:01.567999+00:00,2.2584859
2025-08-13 23:09:14.759533+00:00,2.2584862
2025-08-13 23:09:27.875207+00:00,2.258488
2025-08-13 23:09:41.125135+00:00,2.2584872
2025-08-13 23:09:54.291818+00:00,2.2584874
2025-08-13 23:10:07.757088+00:00,2.2584882
2025-08-13 23:10:20.919457+00:00,2.2584879
2025-08-13 23:10:35.473535+00:00,2.2584874
2025-08-13 23:10:46.524070+00:00,2.2584869
2025-08-13 23:10:59.394074+00:00,2.2584877
2025-08-13 23:11:14.817182+00:00,2.2584878
2025-08-13 23:11:25.541392+00:00,2.2584871
2025-08-13 23:11:39.400656+00:00,2.2584871
2025-08-13 23:11:52.619431+00:00,2.2584877
2025-08-13 23:12:04.598629+00:00,2.2584862
2025-08-13 23:12:18.005091+00:00,2.2584878
2025-08-13 23:12:30.855363+00:00,2.2584882
2025-08-13 23:12:43.067834+00:00,2.258487
2025-08-13 23:12:55.778120+00:00,2.2584872
2025-08-13 23:13:08.530075+00:00,2.258487
2025-08-13 23:13:21.211676+00:00,2.2584876
2025-08-13 23:13:33.918902+00:00,2.258487
2025-08-13 23:13:47.321542+00:00,2.2584876
2025-08-13 23:13:59.566413+00:00,2.2584879
2025-08-13 23:14:12.308475+00:00,2.2584872
2025-08-13 23:14:25.208064+00:00,2.2584874
2025-08-13 23:14:38.278173+00:00,2.2584875
2025-08-13 23:14:51.245514+00:00,2.2584871
2025-08-13 23:15:09.710098+00:00,2.2584873
2025-08-13 23:15:16.800523+00:00,2.2584866
2025-08-13 23:15:29.794388+00:00,2.2584877
2025-08-13 23:15:42.905188+00:00,2.2584876
2025-08-13 23:15:54.959844+00:00,2.2584876
2025-08-13 23:16:07.750308+00:00,2.2584872
2025-08-13 23:16:21.025689+00:00,2.2584873
2025-08-13 23:16:33.821915+00:00,2.2584879
2025-08-13 23:16:46.473826+00:00,2.2584871
2025-08-13 23:16:59.207130+00:00,2.2584882
2025-08-13 23:17:12.706670+00:00,2.2584871
2025-08-13 23:17:24.862367+00:00,2.2584871
2025-08-13 23:17:37.924877+00:00,2.2584869
2025-08-13 23:17:50.454971+00:00,2.2584865
2025-08-13 23:18:03.520769+00:00,2.2584879
2025-08-13 23:18:15.600822+00:00,2.2584868
2025-08-13 23:18:28.430275+00:00,2.2584874
2025-08-13 23:18:42.862981+00:00,2.2584882
2025-08-13 23:18:54.546413+00:00,2.2584877
2025-08-13 23:19:07.995116+00:00,2.2584877
2025-08-13 23:19:20.160250+00:00,2.2584874
2025-08-13 23:19:33.285862+00:00,2.2584873
2025-08-13 23:19:59.597138+00:00,2.2584874
2025-08-13 23:20:13.138199+00:00,2.2584873
2025-08-13 23:20:27.322078+00:00,2.258487
2025-08-13 23:20:40.367001+00:00,2.2584871
2025-08-13 23:20:52.370598+00:00,2.2584866
2025-08-13 23:21:06.122422+00:00,2.2584876
2025-08-13 23:21:18.695232+00:00,2.2584871
2025-08-13 23:21:31.591635+00:00,2.2584876
2025-08-13 23:21:44.599959+00:00,2.2584871
2025-08-13 23:21:57.676378+00:00,2.2584869
2025-08-13 23:22:10.867926+00:00,2.2584872
2025-08-13 23:22:24.146107+00:00,2.2584877
2025-08-13 23:22:36.467320+00:00,2.2584869
2025-08-13 23:22:49.292394+00:00,2.2584869
2025-08-13 23:23:02.474558+00:00,2.2584873
2025-08-13 23:23:16.477167+00:00,2.2584872
2025-08-13 23:23:28.036940+00:00,2.2584872
2025-08-13 23:23:40.905197+00:00,2.2584868
2025-08-13 23:23:53.740213+00:00,2.2584861
2025-08-13 23:24:06.666961+00:00,2.2584877
2025-08-13 23:24:19.393658+00:00,2.2584876
2025-08-13 23:24:32.636438+00:00,2.258487
2025-08-13 23:24:44.744450+00:00,2.2584868
2025-08-13 23:24:57.253763+00:00,2.2584872
2025-08-13 23:25:10.111898+00:00,2.2584882
2025-08-13 23:25:22.944089+00:00,2.2584876
2025-08-13 23:25:35.668422+00:00,2.2584873
2025-08-13 23:25:48.570038+00:00,2.2584873
2025-08-13 23:26:01.710468+00:00,2.2584876
2025-08-13 23:26:13.983175+00:00,2.2584876
2025-08-13 23:26:26.861305+00:00,2.2584869
2025-08-13 23:26:39.617233+00:00,2.2584874
2025-08-13 23:26:55.739980+00:00,2.258487
2025-08-13 23:27:05.215842+00:00,2.2584873
2025-08-13 23:27:18.099116+00:00,2.2584873
2025-08-13 23:27:30.646293+00:00,2.2584879
2025-08-13 23:27:43.346268+00:00,2.2584876
2025-08-13 23:27:56.169133+00:00,2.2584881
2025-08-13 23:28:09.064091+00:00,2.2584874
2025-08-13 23:28:21.800205+00:00,2.258487
2025-08-13 23:28:34.515641+00:00,2.2584863
2025-08-13 23:28:47.763803+00:00,2.2584872
2025-08-13 23:29:00.417041+00:00,2.2584872
2025-08-13 23:29:13.143305+00:00,2.2584878
2025-08-13 23:29:26.199019+00:00,2.2584871
2025-08-13 23:29:38.617203+00:00,2.2584874
2025-08-13 23:29:53.280919+00:00,2.2584867
2025-08-13 23:30:04.156307+00:00,2.2584878
2025-08-13 23:30:17.399052+00:00,2.2584861
2025-08-13 23:30:31.514889+00:00,2.2584873
2025-08-13 23:30:42.404779+00:00,2.2584869
2025-08-13 23:30:55.746726+00:00,2.2584879
2025-08-13 23:31:09.078274+00:00,2.2584874
2025-08-13 23:31:20.995038+00:00,2.2584872
2025-08-13 23:31:34.199360+00:00,2.2584881
2025-08-13 23:31:48.102349+00:00,2.2584877
2025-08-13 23:32:00.907232+00:00,2.2584875
2025-08-13 23:32:13.650287+00:00,2.2584872
2025-08-13 23:32:27.310917+00:00,2.258487
2025-08-13 23:32:40.124358+00:00,2.2584878
2025-08-13 23:32:53.531629+00:00,2.2584872
2025-08-13 23:33:06.983416+00:00,2.2584876
2025-08-13 23:33:19.718755+00:00,2.258487
2025-08-13 23:33:32.964481+00:00,2.2584872
2025-08-13 23:33:45.338344+00:00,2.258487
2025-08-13 23:33:58.418249+00:00,2.2584866
2025-08-13 23:34:11.408241+00:00,2.2584873
2025-08-13 23:34:24.464576+00:00,2.2584866
2025-08-13 23:34:37.278887+00:00,2.2584871
2025-08-13 23:34:50.207826+00:00,2.2584875
2025-08-13 23:35:03.444197+00:00,2.2584875
2025-08-13 23:35:16.383075+00:00,2.2584878
2025-08-13 23:35:29.486270+00:00,2.258487
2025-08-13 23:35:42.110587+00:00,2.2584879
2025-08-13 23:35:55.023518+00:00,2.2584878
2025-08-13 23:36:07.597468+00:00,2.2584878
2025-08-13 23:36:20.408808+00:00,2.258487
2025-08-13 23:36:36.778376+00:00,2.2584877
2025-08-13 23:36:46.375235+00:00,2.2584878
2025-08-13 23:36:58.941221+00:00,2.2584881
2025-08-13 23:37:11.880303+00:00,2.2584871
2025-08-13 23:37:25.670291+00:00,2.2584871
2025-08-13 23:37:39.105207+00:00,2.2584877
2025-08-13 23:37:50.752312+00:00,2.2584873
2025-08-13 23:38:05.565826+00:00,2.2584872
2025-08-13 23:38:16.216697+00:00,2.2584873
2025-08-13 23:38:28.787401+00:00,2.2584875
2025-08-13 23:38:55.145685+00:00,2.2584876
2025-08-13 23:39:07.283121+00:00,2.258488
2025-08-13 23:39:23.100974+00:00,2.2584876
2025-08-13 23:39:33.310188+00:00,2.258487
2025-08-13 23:39:48.218216+00:00,2.2584868
2025-08-13 23:39:58.412003+00:00,2.2584871
2025-08-13 23:40:11.066252+00:00,2.2584869
2025-08-13 23:40:26.163686+00:00,2.2584872
2025-08-13 23:40:36.858363+00:00,2.2584878
2025-08-13 23:40:49.228513+00:00,2.2584872
2025-08-13 23:41:02.503832+00:00,2.2584874
2025-08-13 23:41:15.306189+00:00,2.258487
2025-08-13 23:41:28.308280+00:00,2.2584868
2025-08-13 23:41:40.676122+00:00,2.2584877
2025-08-13 23:41:53.961296+00:00,2.2584874
2025-08-13 23:42:07.962829+00:00,2.258486
2025-08-13 23:42:19.990977+00:00,2.2584876
2025-08-13 23:42:33.293226+00:00,2.2584882
2025-08-13 23:42:47.577733+00:00,2.258486
2025-08-13 23:43:12.908526+00:00,2.2584871
2025-08-13 23:43:26.166773+00:00,2.2584875
2025-08-13 23:43:39.290351+00:00,2.2584874
2025-08-13 23:43:52.375787+00:00,2.2584875
2025-08-13 23:44:06.101647+00:00,2.2584881
2025-08-13 23:44:18.683944+00:00,2.2584877
2025-08-13 23:44:31.555821+00:00,2.2584869
2025-08-13 23:44:44.337404+00:00,2.2584876
2025-08-13 23:44:57.402858+00:00,2.2584878
2025-08-13 23:45:10.379681+00:00,2.2584876
2025-08-13 23:45:24.272324+00:00,2.2584864
2025-08-13 23:45:36.996633+00:00,2.2584878
2025-08-13 23:45:50.279216+00:00,2.2584879
2025-08-13 23:46:02.448702+00:00,2.2584882
2025-08-13 23:46:28.311434+00:00,2.2584865
2025-08-13 23:46:41.320766+00:00,2.2584879
2025-08-13 23:46:53.695412+00:00,2.2584875
2025-08-13 23:47:06.257254+00:00,2.2584868
2025-08-13 23:47:18.414230+00:00,2.2584876
2025-08-13 23:47:31.342230+00:00,2.2584873
2025-08-13 23:47:44.350054+00:00,2.2584873
2025-08-13 23:47:56.765054+00:00,2.2584871
2025-08-13 23:48:09.737003+00:00,2.2584873
2025-08-13 23:48:22.626498+00:00,2.2584871
2025-08-13 23:48:35.174115+00:00,2.2584868
2025-08-13 23:48:49.658329+00:00,2.2584873
2025-08-13 23:49:01.143075+00:00,2.2584872
2025-08-13 23:49:13.977402+00:00,2.2584871
2025-08-13 23:49:26.819397+00:00,2.2584872
2025-08-13 23:49:39.456099+00:00,2.2584867
2025-08-13 23:49:52.637351+00:00,2.2584872
2025-08-13 23:50:18.414065+00:00,2.2584872
2025-08-13 23:50:32.355425+00:00,2.258487
2025-08-13 23:50:43.456990+00:00,2.2584875
2025-08-13 23:50:56.163149+00:00,2.2584858
2025-08-13 23:51:09.129488+00:00,2.2584874
2025-08-13 23:51:22.205012+00:00,2.258487
2025-08-13 23:51:34.577138+00:00,2.2584864
2025-08-13 23:51:47.590181+00:00,2.2584874
2025-08-13 23:52:00.597953+00:00,2.2584872
2025-08-13 23:52:13.302119+00:00,2.2584873
2025-08-13 23:52:26.093091+00:00,2.258488
2025-08-13 23:52:39.833388+00:00,2.2584881
2025-08-13 23:52:52.487918+00:00,2.2584862
2025-08-13 23:53:05.493325+00:00,2.2584881
2025-08-13 23:53:19.150649+00:00,2.2584862
2025-08-13 23:53:45.350428+00:00,2.2584871
2025-08-13 23:53:58.221064+00:00,2.2584868
2025-08-13 23:54:12.508076+00:00,2.2584882
2025-08-13 23:54:37.978418+00:00,2.258486
2025-08-13 23:54:51.364122+00:00,2.2584873
2025-08-13 23:55:04.680781+00:00,2.2584878
2025-08-13 23:55:19.532104+00:00,2.2584866
2025-08-13 23:55:30.648086+00:00,2.2584873
2025-08-13 23:55:43.414812+00:00,2.2584868
2025-08-13 23:55:56.421532+00:00,2.2584869
2025-08-13 23:56:10.505404+00:00,2.2584874
2025-08-13 23:56:22.313995+00:00,2.2584875
2025-08-13 23:56:35.425189+00:00,2.2584867
2025-08-13 23:56:49.196827+00:00,2.2584876
2025-08-13 23:57:02.086016+00:00,2.2584873
2025-08-13 23:57:14.237880+00:00,2.2584877
2025-08-13 23:57:27.261943+00:00,2.258487
2025-08-13 23:57:41.004848+00:00,2.2584876
2025-08-13 23:58:05.403173+00:00,2.2584883
2025-08-13 23:58:18.610763+00:00,2.2584874
2025-08-13 23:58:30.859505+00:00,2.2584869
2025-08-13 23:58:43.473756+00:00,2.2584881
2025-08-13 23:58:56.153865+00:00,2.2584875
2025-08-13 23:59:09.642377+00:00,2.2584873
2025-08-13 23:59:22.119240+00:00,2.2584872
2025-08-13 23:59:34.920782+00:00,2.2584871
2025-08-13 23:59:48.175896+00:00,2.2584876
