time,counts_ratio
2025-07-02 06:26:21.048054+00:00,2.2584878
2025-07-02 06:30:32.962635+00:00,2.2584881
2025-07-02 06:30:44.999228+00:00,2.2584883
2025-07-02 06:31:22.659651+00:00,2.2584876
2025-07-02 06:31:39.582723+00:00,2.2584876
2025-07-02 06:32:16.686331+00:00,2.2584879
2025-07-02 06:33:30.157619+00:00,2.2584878
2025-07-02 06:33:49.579847+00:00,2.2584874
2025-07-02 06:33:59.396153+00:00,2.2584884
2025-07-02 06:34:33.503121+00:00,2.2584881
2025-07-02 06:34:46.754067+00:00,2.2584883
2025-07-02 06:35:37.872132+00:00,2.2584882
2025-07-02 06:35:50.498274+00:00,2.2584873
2025-07-02 06:37:06.396278+00:00,2.2584878
2025-07-02 06:37:31.734232+00:00,2.2584884
2025-07-02 06:37:56.858145+00:00,2.2584882
2025-07-02 06:38:47.781930+00:00,2.2584883
2025-07-02 06:40:02.948565+00:00,2.2584872
2025-07-02 06:40:15.647125+00:00,2.2584876
2025-07-02 06:40:30.465029+00:00,2.2584879
2025-07-02 06:41:07.622257+00:00,2.258488
2025-07-02 06:42:32.823733+00:00,2.258488
2025-07-02 06:42:45.060919+00:00,2.2584883
2025-07-02 06:43:11.637141+00:00,2.2584879
2025-07-02 06:43:25.928565+00:00,2.2584881
2025-07-02 06:43:35.719881+00:00,2.2584879
2025-07-02 06:43:48.430252+00:00,2.2584882
2025-07-02 06:44:06.116137+00:00,2.2584876
2025-07-02 06:44:39.134549+00:00,2.2584882
2025-07-02 06:44:57.642837+00:00,2.2584879
2025-07-02 06:45:05.442094+00:00,2.2584882
2025-07-02 06:45:18.392751+00:00,2.2584884
2025-07-02 06:45:31.424890+00:00,2.258488
2025-07-02 06:45:44.454777+00:00,2.2584883
2025-07-02 06:45:56.710351+00:00,2.2584881
2025-07-02 06:46:09.067831+00:00,2.2584868
2025-07-02 06:46:34.533849+00:00,2.258488
2025-07-02 06:46:47.535738+00:00,2.2584877
2025-07-02 06:46:59.996906+00:00,2.2584879
2025-07-02 06:47:13.110087+00:00,2.2584884
2025-07-02 06:47:28.573010+00:00,2.2584882
2025-07-02 06:47:37.753394+00:00,2.2584884
2025-07-02 06:48:09.496548+00:00,2.2584881
2025-07-02 06:48:15.396325+00:00,2.2584878
2025-07-02 06:48:40.447030+00:00,2.2584877
2025-07-02 06:48:52.892598+00:00,2.2584884
2025-07-02 06:49:07.081986+00:00,2.2584874
2025-07-02 06:49:32.895745+00:00,2.2584874
2025-07-02 06:49:43.051697+00:00,2.2584884
2025-07-02 06:50:10.923078+00:00,2.2584876
2025-07-02 06:50:21.336149+00:00,2.2584872
2025-07-02 06:50:34.026915+00:00,2.2584882
2025-07-02 06:50:46.501707+00:00,2.2584873
2025-07-02 06:51:49.144919+00:00,2.258488
2025-07-02 06:52:13.993545+00:00,2.2584883
2025-07-02 06:52:26.622216+00:00,2.2584883
2025-07-02 06:52:39.075364+00:00,2.2584882
2025-07-02 06:52:53.373454+00:00,2.2584882
2025-07-02 06:53:05.448390+00:00,2.2584883
2025-07-02 06:53:30.389720+00:00,2.2584874
2025-07-02 06:53:43.395278+00:00,2.2584882
2025-07-02 06:53:58.749905+00:00,2.2584882
2025-07-02 06:54:09.405380+00:00,2.2584881
2025-07-02 06:54:21.636225+00:00,2.258488
2025-07-02 06:54:49.089522+00:00,2.2584878
2025-07-02 06:55:15.737266+00:00,2.2584878
2025-07-02 06:55:25.589857+00:00,2.2584881
2025-07-02 06:55:39.069850+00:00,2.2584878
2025-07-02 06:55:51.063740+00:00,2.2584874
2025-07-02 06:56:16.873001+00:00,2.2584882
2025-07-02 06:56:41.831405+00:00,2.2584876
2025-07-02 06:56:55.221568+00:00,2.2584879
2025-07-02 06:57:07.194107+00:00,2.2584879
2025-07-02 06:57:31.792192+00:00,2.258488
2025-07-02 06:57:44.256325+00:00,2.2584879
2025-07-02 06:57:58.613958+00:00,2.2584881
2025-07-02 06:58:09.783094+00:00,2.2584879
2025-07-02 06:58:34.763658+00:00,2.258488
2025-07-02 06:59:50.536978+00:00,2.2584875
2025-07-02 07:00:28.786793+00:00,2.2584878
2025-07-02 07:00:42.727384+00:00,2.2584884
2025-07-02 07:01:06.683885+00:00,2.2584884
2025-07-02 07:01:19.293171+00:00,2.2584883
2025-07-02 07:01:31.418101+00:00,2.2584879
2025-07-02 07:01:43.983160+00:00,2.2584879
2025-07-02 07:01:56.365665+00:00,2.2584882
2025-07-02 07:02:09.588021+00:00,2.2584881
2025-07-02 07:02:27.166750+00:00,2.2584879
2025-07-02 07:03:19.211281+00:00,2.2584878
2025-07-02 07:03:24.766620+00:00,2.2584877
2025-07-02 07:04:18.718553+00:00,2.2584879
2025-07-02 07:04:27.398505+00:00,2.2584881
2025-07-02 07:06:08.985962+00:00,2.2584884
2025-07-02 07:08:42.026431+00:00,2.2584883
2025-07-02 07:08:53.639676+00:00,2.2584877
2025-07-02 07:09:06.402361+00:00,2.258488
2025-07-02 07:09:19.174643+00:00,2.2584882
2025-07-02 07:09:31.764849+00:00,2.2584878
2025-07-02 07:09:44.938927+00:00,2.258488
2025-07-02 07:11:05.842260+00:00,2.2584878
2025-07-02 07:11:18.264431+00:00,2.2584883
2025-07-02 07:11:23.953052+00:00,2.2584877
2025-07-02 07:11:36.868618+00:00,2.2584879
2025-07-02 07:12:09.577106+00:00,2.2584881
2025-07-02 07:12:14.078717+00:00,2.2584881
2025-07-02 07:12:26.568944+00:00,2.2584881
2025-07-02 07:13:04.365297+00:00,2.2584884
2025-07-02 07:13:17.068750+00:00,2.2584872
2025-07-02 07:13:41.475423+00:00,2.2584883
2025-07-02 07:13:54.078424+00:00,2.2584882
2025-07-02 07:14:07.117416+00:00,2.2584881
2025-07-02 07:14:19.550336+00:00,2.2584882
2025-07-02 07:14:33.281102+00:00,2.258488
2025-07-02 07:14:45.430451+00:00,2.2584883
2025-07-02 07:14:57.798654+00:00,2.2584878
2025-07-02 07:15:11.027475+00:00,2.2584883
2025-07-02 07:15:36.885186+00:00,2.2584882
2025-07-02 07:15:50.926818+00:00,2.2584881
2025-07-02 07:16:02.695358+00:00,2.258488
2025-07-02 07:16:25.153545+00:00,2.2584881
2025-07-02 07:16:28.344012+00:00,2.2584875
2025-07-02 07:16:40.591191+00:00,2.2584882
2025-07-02 07:16:54.412340+00:00,2.2584878
2025-07-02 07:17:07.108015+00:00,2.2584876
2025-07-02 07:17:35.195162+00:00,2.2584881
2025-07-02 07:17:57.288975+00:00,2.2584878
2025-07-02 07:18:22.236488+00:00,2.2584878
2025-07-02 07:18:35.178750+00:00,2.2584881
2025-07-02 07:18:48.400516+00:00,2.2584884
2025-07-02 07:19:12.296815+00:00,2.2584883
2025-07-02 07:19:24.870678+00:00,2.2584882
2025-07-02 07:19:38.119505+00:00,2.2584878
2025-07-02 07:19:49.785276+00:00,2.2584879
2025-07-02 07:20:02.964666+00:00,2.2584884
2025-07-02 07:20:16.280980+00:00,2.2584881
2025-07-02 07:20:28.258204+00:00,2.2584882
2025-07-02 07:20:40.501202+00:00,2.2584882
2025-07-02 07:20:52.941754+00:00,2.258488
2025-07-02 07:21:05.606114+00:00,2.258488
2025-07-02 07:21:18.430659+00:00,2.2584878
2025-07-02 07:21:30.394928+00:00,2.2584881
2025-07-02 07:21:42.949430+00:00,2.2584878
2025-07-02 07:21:55.666065+00:00,2.2584875
2025-07-02 07:22:09.146953+00:00,2.2584869
2025-07-02 07:22:20.620421+00:00,2.2584877
2025-07-02 07:22:33.324598+00:00,2.2584879
2025-07-02 07:22:46.070000+00:00,2.2584882
2025-07-02 07:23:00.765836+00:00,2.2584878
2025-07-02 07:23:11.875326+00:00,2.2584881
2025-07-02 07:24:23.130667+00:00,2.2584876
2025-07-02 07:24:26.190329+00:00,2.2584884
2025-07-02 07:24:51.519250+00:00,2.2584878
2025-07-02 07:25:28.374792+00:00,2.2584882
2025-07-02 07:25:29.248301+00:00,2.2584873
2025-07-02 07:25:44.826276+00:00,2.2584884
2025-07-02 07:25:54.590672+00:00,2.2584879
2025-07-02 07:26:14.806536+00:00,2.258488
2025-07-02 07:26:33.396116+00:00,2.2584881
2025-07-02 07:27:03.291987+00:00,2.2584874
2025-07-02 07:27:24.254680+00:00,2.2584879
2025-07-02 07:27:38.287472+00:00,2.2584876
2025-07-02 07:27:49.894706+00:00,2.2584879
2025-07-02 07:28:16.592528+00:00,2.2584884
2025-07-02 07:28:30.897592+00:00,2.258488
2025-07-02 07:28:41.506090+00:00,2.2584878
2025-07-02 07:29:07.281454+00:00,2.2584882
2025-07-02 07:29:45.435910+00:00,2.2584878
2025-07-02 07:29:57.156177+00:00,2.2584878
2025-07-02 07:30:21.409992+00:00,2.2584876
2025-07-02 07:30:48.781900+00:00,2.2584881
2025-07-02 07:30:58.583127+00:00,2.2584884
2025-07-02 07:31:11.410806+00:00,2.258488
2025-07-02 07:31:23.882422+00:00,2.2584878
2025-07-02 07:31:37.606695+00:00,2.2584876
2025-07-02 07:31:49.289436+00:00,2.2584881
2025-07-02 07:32:01.706671+00:00,2.2584878
2025-07-02 07:32:14.138846+00:00,2.258488
2025-07-02 07:32:39.346574+00:00,2.2584874
2025-07-02 07:32:51.590677+00:00,2.2584882
2025-07-02 07:33:05.509248+00:00,2.2584882
2025-07-02 07:33:17.204234+00:00,2.2584878
2025-07-02 07:33:34.582553+00:00,2.2584881
2025-07-02 07:33:42.272250+00:00,2.2584879
2025-07-02 07:33:58.802797+00:00,2.2584874
2025-07-02 07:34:07.353691+00:00,2.2584875
2025-07-02 07:34:25.272714+00:00,2.2584882
2025-07-02 07:34:32.207078+00:00,2.258488
2025-07-02 07:35:10.038100+00:00,2.2584883
2025-07-02 07:35:47.666588+00:00,2.2584882
2025-07-02 07:35:59.646010+00:00,2.2584873
2025-07-02 07:36:13.193494+00:00,2.2584884
2025-07-02 07:36:25.233659+00:00,2.2584875
2025-07-02 07:36:38.159653+00:00,2.2584879
2025-07-02 07:36:51.267083+00:00,2.2584878
2025-07-02 07:37:03.832503+00:00,2.2584875
2025-07-02 07:37:16.767365+00:00,2.2584879
2025-07-02 07:37:42.173646+00:00,2.258488
2025-07-02 07:37:55.226856+00:00,2.2584884
2025-07-02 07:38:08.083188+00:00,2.2584876
2025-07-02 07:38:20.327565+00:00,2.2584882
2025-07-02 07:38:58.539433+00:00,2.2584876
2025-07-02 07:39:11.427972+00:00,2.2584878
2025-07-02 07:39:24.056534+00:00,2.2584883
2025-07-02 07:39:37.598003+00:00,2.2584882
2025-07-02 07:39:49.646473+00:00,2.2584878
2025-07-02 07:40:02.580792+00:00,2.2584878
2025-07-02 07:40:27.119971+00:00,2.2584876
2025-07-02 07:40:43.575318+00:00,2.2584874
2025-07-02 07:40:52.029959+00:00,2.2584874
2025-07-02 07:41:04.796895+00:00,2.2584878
2025-07-02 07:41:17.529249+00:00,2.2584882
2025-07-02 07:41:32.004592+00:00,2.2584882
2025-07-02 07:41:42.649000+00:00,2.2584879
2025-07-02 07:42:07.564809+00:00,2.2584879
2025-07-02 07:42:20.464876+00:00,2.2584881
2025-07-02 07:42:33.358636+00:00,2.2584882
2025-07-02 07:42:45.720488+00:00,2.2584879
2025-07-02 07:42:59.139860+00:00,2.2584877
2025-07-02 07:43:23.377372+00:00,2.2584882
2025-07-02 07:43:35.688097+00:00,2.2584884
2025-07-02 07:43:48.975510+00:00,2.2584877
2025-07-02 07:44:01.537021+00:00,2.2584884
2025-07-02 07:44:14.341576+00:00,2.258488
2025-07-02 07:44:27.321245+00:00,2.2584881
2025-07-02 07:44:52.424940+00:00,2.2584877
2025-07-02 07:45:06.772726+00:00,2.2584879
2025-07-02 07:45:31.264409+00:00,2.258488
2025-07-02 07:45:42.973919+00:00,2.2584883
2025-07-02 07:46:08.253437+00:00,2.2584881
2025-07-02 07:46:19.600950+00:00,2.2584883
2025-07-02 07:46:32.496285+00:00,2.2584883
2025-07-02 07:47:17.134948+00:00,2.258488
2025-07-02 07:47:22.539799+00:00,2.2584878
2025-07-02 07:47:34.947282+00:00,2.2584879
2025-07-02 07:47:48.177351+00:00,2.2584874
2025-07-02 07:48:00.791935+00:00,2.2584881
2025-07-02 07:48:14.174357+00:00,2.258488
2025-07-02 07:50:34.515428+00:00,2.2584874
2025-07-02 07:50:47.472195+00:00,2.2584882
2025-07-02 07:50:59.752035+00:00,2.2584879
2025-07-02 07:51:12.244060+00:00,2.2584882
2025-07-02 07:51:25.225664+00:00,2.2584884
2025-07-02 07:51:37.120134+00:00,2.258488
2025-07-02 07:51:50.605094+00:00,2.2584881
2025-07-02 07:52:20.136787+00:00,2.2584878
2025-07-02 07:52:27.991564+00:00,2.2584878
2025-07-02 07:52:42.561562+00:00,2.2584877
2025-07-02 07:53:06.654047+00:00,2.2584878
2025-07-02 07:53:19.171309+00:00,2.2584879
2025-07-02 07:53:31.928412+00:00,2.2584882
2025-07-02 07:53:45.126926+00:00,2.2584881
2025-07-02 07:54:10.609447+00:00,2.2584876
2025-07-02 07:54:24.549803+00:00,2.258488
2025-07-02 07:54:53.015993+00:00,2.258488
2025-07-02 07:55:00.864810+00:00,2.2584878
2025-07-02 07:55:13.459636+00:00,2.2584876
2025-07-02 07:55:53.156787+00:00,2.2584878
2025-07-02 07:56:50.496215+00:00,2.2584879
2025-07-02 07:56:56.084832+00:00,2.2584883
2025-07-02 07:57:23.804945+00:00,2.2584884
2025-07-02 07:57:33.218119+00:00,2.2584881
2025-07-02 07:57:47.128899+00:00,2.2584882
2025-07-02 07:57:58.102476+00:00,2.258488
2025-07-02 07:58:10.678210+00:00,2.2584883
2025-07-02 07:58:23.096758+00:00,2.2584879
2025-07-02 07:58:35.613425+00:00,2.2584875
2025-07-02 07:58:49.844064+00:00,2.2584884
2025-07-02 07:59:07.644333+00:00,2.2584878
2025-07-02 07:59:26.870388+00:00,2.2584877
2025-07-02 07:59:50.694697+00:00,2.2584876
2025-07-02 07:59:51.360685+00:00,2.2584876
2025-07-02 08:00:04.450708+00:00,2.2584883
2025-07-02 08:00:43.609724+00:00,2.2584882
2025-07-02 08:00:53.925567+00:00,2.258488
2025-07-02 08:01:06.748061+00:00,2.2584883
2025-07-02 08:01:19.534238+00:00,2.2584883
2025-07-02 08:01:31.752442+00:00,2.2584876
2025-07-02 08:02:10.126361+00:00,2.2584874
2025-07-02 08:03:01.582161+00:00,2.2584879
2025-07-02 08:03:14.191841+00:00,2.258488
2025-07-02 08:03:27.418700+00:00,2.2584877
2025-07-02 08:03:41.342786+00:00,2.2584877
2025-07-02 08:03:55.113137+00:00,2.2584883
2025-07-02 08:04:05.753998+00:00,2.258488
2025-07-02 08:04:48.466414+00:00,2.258488
2025-07-02 08:04:57.487382+00:00,2.2584882
2025-07-02 08:05:22.564817+00:00,2.2584881
2025-07-02 08:05:39.426436+00:00,2.2584884
2025-07-02 08:06:02.797705+00:00,2.2584878
2025-07-02 08:06:12.110180+00:00,2.2584884
2025-07-02 08:06:24.722272+00:00,2.258488
2025-07-02 08:06:36.965326+00:00,2.258488
2025-07-02 08:06:49.897735+00:00,2.2584878
2025-07-02 08:07:02.851038+00:00,2.2584878
2025-07-02 08:07:16.674762+00:00,2.2584879
2025-07-02 08:07:30.837314+00:00,2.2584881
2025-07-02 08:07:41.413650+00:00,2.2584881
2025-07-02 08:07:53.858418+00:00,2.2584882
2025-07-02 08:08:10.156422+00:00,2.258488
2025-07-02 08:08:33.653997+00:00,2.2584881
2025-07-02 08:08:46.513044+00:00,2.2584876
2025-07-02 08:08:58.214330+00:00,2.2584882
2025-07-02 08:09:12.661729+00:00,2.2584878
2025-07-02 08:09:23.770746+00:00,2.2584877
2025-07-02 08:09:42.688340+00:00,2.2584884
2025-07-02 08:10:01.928091+00:00,2.2584881
2025-07-02 08:10:15.384318+00:00,2.2584877
2025-07-02 08:10:29.275501+00:00,2.2584883
2025-07-02 08:10:41.935354+00:00,2.258488
2025-07-02 08:11:18.691825+00:00,2.258488
2025-07-02 08:12:09.493648+00:00,2.2584877
2025-07-02 08:12:35.665926+00:00,2.2584883
2025-07-02 08:12:47.033382+00:00,2.2584879
2025-07-02 08:13:03.335912+00:00,2.258488
2025-07-02 08:13:22.491718+00:00,2.258488
2025-07-02 08:13:40.236581+00:00,2.2584877
2025-07-02 08:13:50.890414+00:00,2.258488
2025-07-02 08:14:03.565122+00:00,2.2584878
2025-07-02 08:14:21.147749+00:00,2.2584878
2025-07-02 08:14:28.566194+00:00,2.2584875
2025-07-02 08:14:40.898656+00:00,2.2584878
2025-07-02 08:15:06.930738+00:00,2.2584882
2025-07-02 08:15:20.516474+00:00,2.2584876
2025-07-02 08:15:31.981081+00:00,2.2584879
2025-07-02 08:15:47.053518+00:00,2.2584877
2025-07-02 08:16:07.804856+00:00,2.2584884
2025-07-02 08:16:10.527985+00:00,2.2584876
2025-07-02 08:16:22.479194+00:00,2.2584874
2025-07-02 08:16:34.687858+00:00,2.2584881
2025-07-02 08:16:58.987958+00:00,2.2584878
2025-07-02 08:17:11.644208+00:00,2.2584879
2025-07-02 08:17:48.838241+00:00,2.258488
2025-07-02 08:18:02.779923+00:00,2.2584883
2025-07-02 08:18:26.918590+00:00,2.258488
2025-07-02 08:18:39.603697+00:00,2.2584877
2025-07-02 08:19:07.753267+00:00,2.2584872
2025-07-02 08:19:35.807684+00:00,2.2584879
2025-07-02 08:20:22.758660+00:00,2.2584878
2025-07-02 08:20:35.578452+00:00,2.2584881
2025-07-02 08:20:48.235985+00:00,2.2584884
2025-07-02 08:21:00.853216+00:00,2.2584884
2025-07-02 08:21:13.236637+00:00,2.2584881
2025-07-02 08:21:26.143852+00:00,2.2584882
2025-07-02 08:21:38.758141+00:00,2.2584877
2025-07-02 08:21:51.575876+00:00,2.2584878
2025-07-02 08:22:05.288424+00:00,2.2584879
2025-07-02 08:22:16.950733+00:00,2.258488
2025-07-02 08:22:28.667329+00:00,2.2584876
2025-07-02 08:23:39.043648+00:00,2.2584875
2025-07-02 08:23:44.004792+00:00,2.258488
2025-07-02 08:23:56.845677+00:00,2.2584876
2025-07-02 08:24:09.332730+00:00,2.2584883
2025-07-02 08:24:21.552350+00:00,2.2584877
2025-07-02 08:24:54.153084+00:00,2.2584877
2025-07-02 08:24:59.775057+00:00,2.2584877
2025-07-02 08:25:12.934201+00:00,2.2584884
2025-07-02 08:25:48.167994+00:00,2.2584881
2025-07-02 08:26:18.287018+00:00,2.2584883
2025-07-02 08:26:29.333412+00:00,2.2584874
2025-07-02 08:26:43.018569+00:00,2.2584876
2025-07-02 08:26:56.255344+00:00,2.2584875
2025-07-02 08:27:07.910393+00:00,2.2584876
2025-07-02 08:27:22.685487+00:00,2.2584873
2025-07-02 08:27:33.880716+00:00,2.258488
2025-07-02 08:27:46.306168+00:00,2.2584873
2025-07-02 08:28:00.139183+00:00,2.2584878
2025-07-02 08:28:12.078258+00:00,2.2584884
2025-07-02 08:28:25.688242+00:00,2.258488
2025-07-02 08:28:37.773115+00:00,2.2584882
2025-07-02 08:28:50.150561+00:00,2.2584875
2025-07-02 08:29:02.710939+00:00,2.2584883
2025-07-02 08:29:15.236491+00:00,2.2584879
2025-07-02 08:29:27.931895+00:00,2.2584879
2025-07-02 08:29:40.565954+00:00,2.2584879
2025-07-02 08:29:53.594685+00:00,2.2584877
2025-07-02 08:30:06.687974+00:00,2.2584878
2025-07-02 08:30:19.175831+00:00,2.2584882
2025-07-02 08:30:33.652220+00:00,2.258488
2025-07-02 08:30:44.811573+00:00,2.258488
2025-07-02 08:30:59.126299+00:00,2.2584876
2025-07-02 08:31:47.124323+00:00,2.2584883
2025-07-02 08:32:00.661274+00:00,2.2584878
2025-07-02 08:32:13.371287+00:00,2.2584879
2025-07-02 08:32:38.726449+00:00,2.2584877
2025-07-02 08:32:51.355228+00:00,2.2584876
2025-07-02 08:33:04.125195+00:00,2.2584882
2025-07-02 08:33:17.221307+00:00,2.2584881
2025-07-02 08:33:29.229143+00:00,2.2584882
2025-07-02 08:33:42.117339+00:00,2.2584881
2025-07-02 08:33:55.257148+00:00,2.2584878
2025-07-02 08:34:07.721961+00:00,2.258488
2025-07-02 08:34:20.128108+00:00,2.258488
2025-07-02 08:34:33.553370+00:00,2.2584878
2025-07-02 08:34:46.244572+00:00,2.2584882
2025-07-02 08:34:58.934494+00:00,2.2584878
2025-07-02 08:35:11.733744+00:00,2.2584884
2025-07-02 08:35:36.660428+00:00,2.2584879
2025-07-02 08:35:49.338717+00:00,2.258488
2025-07-02 08:36:03.220738+00:00,2.2584879
2025-07-02 08:36:14.139670+00:00,2.2584878
2025-07-02 08:36:26.979635+00:00,2.2584881
2025-07-02 08:36:39.415398+00:00,2.2584884
2025-07-02 08:36:51.990321+00:00,2.2584878
2025-07-02 08:37:05.092351+00:00,2.2584879
2025-07-02 08:37:17.048885+00:00,2.2584877
2025-07-02 08:37:29.230282+00:00,2.2584879
2025-07-02 08:37:41.948499+00:00,2.2584875
2025-07-02 08:37:54.481888+00:00,2.2584883
2025-07-02 08:38:07.619189+00:00,2.2584883
2025-07-02 08:38:20.220790+00:00,2.2584882
2025-07-02 08:38:32.676277+00:00,2.2584881
2025-07-02 08:38:57.562262+00:00,2.2584881
2025-07-02 08:39:11.592359+00:00,2.258488
2025-07-02 08:39:24.721265+00:00,2.2584879
2025-07-02 08:39:36.077744+00:00,2.2584876
2025-07-02 08:39:47.962160+00:00,2.2584879
2025-07-02 08:40:08.901419+00:00,2.2584877
2025-07-02 08:40:12.839505+00:00,2.2584881
2025-07-02 08:40:25.177906+00:00,2.2584884
2025-07-02 08:40:37.428120+00:00,2.2584879
2025-07-02 08:40:50.141323+00:00,2.2584877
2025-07-02 08:41:02.454008+00:00,2.2584878
2025-07-02 08:41:16.091729+00:00,2.2584876
2025-07-02 08:41:28.110208+00:00,2.2584883
2025-07-02 08:41:53.591446+00:00,2.2584884
2025-07-02 08:42:07.085496+00:00,2.2584883
2025-07-02 08:42:22.141812+00:00,2.2584879
2025-07-02 08:42:51.018027+00:00,2.258488
2025-07-02 08:43:00.234849+00:00,2.2584878
2025-07-02 08:43:12.518825+00:00,2.2584877
2025-07-02 08:43:23.297424+00:00,2.2584881
2025-07-02 08:43:35.749192+00:00,2.2584881
2025-07-02 08:44:13.779165+00:00,2.2584875
2025-07-02 08:44:53.536162+00:00,2.2584879
2025-07-02 08:45:04.989596+00:00,2.2584879
2025-07-02 08:45:16.816048+00:00,2.2584884
2025-07-02 08:45:29.634472+00:00,2.2584882
2025-07-02 08:45:41.590568+00:00,2.2584884
2025-07-02 08:45:54.351800+00:00,2.258488
2025-07-02 08:46:19.153782+00:00,2.2584878
2025-07-02 08:46:19.733684+00:00,2.2584876
2025-07-02 08:46:32.786851+00:00,2.2584881
2025-07-02 08:47:01.993077+00:00,2.2584882
2025-07-02 08:47:22.127155+00:00,2.2584881
2025-07-02 08:47:36.193177+00:00,2.2584883
2025-07-02 08:47:48.734112+00:00,2.2584878
2025-07-02 08:48:13.759323+00:00,2.2584882
2025-07-02 08:48:26.508736+00:00,2.2584882
2025-07-02 08:48:40.591467+00:00,2.2584874
2025-07-02 08:49:19.429698+00:00,2.2584881
2025-07-02 08:49:40.014760+00:00,2.2584876
2025-07-02 08:50:37.805366+00:00,2.2584881
2025-07-02 08:50:47.039724+00:00,2.2584881
2025-07-02 08:50:59.410127+00:00,2.2584878
2025-07-02 08:51:12.146150+00:00,2.2584875
2025-07-02 08:51:24.448667+00:00,2.2584881
2025-07-02 08:51:49.458959+00:00,2.2584876
2025-07-02 08:52:02.621879+00:00,2.2584881
2025-07-02 08:52:15.220449+00:00,2.2584876
2025-07-02 08:52:27.178875+00:00,2.2584881
2025-07-02 08:52:39.895528+00:00,2.2584875
2025-07-02 08:52:52.122906+00:00,2.2584875
2025-07-02 08:53:04.644493+00:00,2.2584882
2025-07-02 08:53:17.132419+00:00,2.2584876
2025-07-02 08:53:29.483068+00:00,2.2584877
2025-07-02 08:53:42.568456+00:00,2.2584882
2025-07-02 08:53:57.802360+00:00,2.2584878
2025-07-02 08:54:36.611538+00:00,2.2584882
2025-07-02 08:57:12.093597+00:00,2.2584879
2025-07-02 08:57:15.968236+00:00,2.2584882
2025-07-02 08:57:28.516208+00:00,2.2584881
2025-07-02 08:57:41.352358+00:00,2.258488
2025-07-02 08:57:54.501432+00:00,2.2584882
2025-07-02 08:58:10.141408+00:00,2.2584877
2025-07-02 08:58:20.095551+00:00,2.2584884
2025-07-02 08:58:33.338357+00:00,2.2584881
2025-07-02 08:58:46.205668+00:00,2.2584877
2025-07-02 08:58:58.504810+00:00,2.258488
2025-07-02 08:59:11.494965+00:00,2.2584878
2025-07-02 08:59:43.048355+00:00,2.2584883
2025-07-02 08:59:49.274833+00:00,2.2584876
2025-07-02 09:00:02.301203+00:00,2.2584882
2025-07-02 09:00:15.226158+00:00,2.2584877
2025-07-02 09:00:27.791880+00:00,2.2584881
2025-07-02 09:00:40.427883+00:00,2.2584877
2025-07-02 09:00:52.831237+00:00,2.2584879
2025-07-02 09:01:06.134403+00:00,2.2584883
2025-07-02 09:01:18.802250+00:00,2.2584884
2025-07-02 09:01:31.090768+00:00,2.2584876
2025-07-02 09:01:43.160144+00:00,2.2584882
2025-07-02 09:01:55.993962+00:00,2.2584879
2025-07-02 09:02:11.085772+00:00,2.2584877
2025-07-02 09:02:33.943264+00:00,2.2584877
2025-07-02 09:02:46.554227+00:00,2.2584876
2025-07-02 09:02:58.892550+00:00,2.2584882
2025-07-02 09:03:11.723186+00:00,2.2584876
2025-07-02 09:03:57.091866+00:00,2.2584879
2025-07-02 09:04:02.329351+00:00,2.2584879
2025-07-02 09:04:15.640939+00:00,2.2584883
2025-07-02 09:04:54.491219+00:00,2.2584879
2025-07-02 09:05:16.870249+00:00,2.2584875
2025-07-02 09:05:32.042533+00:00,2.2584879
2025-07-02 09:06:19.765281+00:00,2.2584877
2025-07-02 09:06:34.411988+00:00,2.258488
2025-07-02 09:07:37.812820+00:00,2.2584884
2025-07-02 09:07:48.450372+00:00,2.2584876
2025-07-02 09:08:05.138926+00:00,2.2584878
2025-07-02 09:08:13.819852+00:00,2.2584883
2025-07-02 09:08:26.618338+00:00,2.2584867
2025-07-02 09:08:43.133709+00:00,2.2584876
2025-07-02 09:08:51.515967+00:00,2.2584883
2025-07-02 09:09:04.660244+00:00,2.2584879
2025-07-02 09:09:21.850843+00:00,2.2584879
2025-07-02 09:09:30.236705+00:00,2.2584882
2025-07-02 09:09:42.734958+00:00,2.2584881
2025-07-02 09:09:55.859898+00:00,2.2584879
2025-07-02 09:10:08.738548+00:00,2.2584875
2025-07-02 09:10:25.233651+00:00,2.2584877
2025-07-02 09:10:34.287345+00:00,2.2584877
2025-07-02 09:10:46.636277+00:00,2.258488
2025-07-02 09:10:59.188761+00:00,2.2584881
2025-07-02 09:11:11.728810+00:00,2.2584882
2025-07-02 09:11:25.212185+00:00,2.2584879
2025-07-02 09:11:39.023985+00:00,2.2584876
2025-07-02 09:11:51.184942+00:00,2.258488
2025-07-02 09:12:04.716524+00:00,2.258488
2025-07-02 09:12:29.561387+00:00,2.2584874
2025-07-02 09:12:56.955279+00:00,2.2584878
2025-07-02 09:13:24.624474+00:00,2.2584873
2025-07-02 09:14:28.442641+00:00,2.2584881
2025-07-02 09:14:40.501945+00:00,2.2584884
2025-07-02 09:14:46.665010+00:00,2.2584877
2025-07-02 09:15:12.547079+00:00,2.2584879
2025-07-02 09:15:37.014177+00:00,2.258488
2025-07-02 09:15:49.826939+00:00,2.2584883
2025-07-02 09:16:02.472341+00:00,2.2584875
2025-07-02 09:16:17.470337+00:00,2.2584878
2025-07-02 09:16:34.952374+00:00,2.2584878
2025-07-02 09:16:42.752917+00:00,2.2584881
2025-07-02 09:16:57.836811+00:00,2.2584879
2025-07-02 09:17:05.202409+00:00,2.2584883
2025-07-02 09:17:18.306779+00:00,2.2584876
2025-07-02 09:18:03.847079+00:00,2.2584883
2025-07-02 09:19:02.033921+00:00,2.258488
2025-07-02 09:19:10.445529+00:00,2.258488
2025-07-02 09:19:35.093212+00:00,2.2584882
2025-07-02 09:19:49.019203+00:00,2.2584873
2025-07-02 09:20:00.376726+00:00,2.2584881
2025-07-02 09:20:13.298126+00:00,2.2584875
2025-07-02 09:20:37.544867+00:00,2.2584881
2025-07-02 09:20:56.319304+00:00,2.2584882
2025-07-02 09:21:04.166566+00:00,2.2584878
2025-07-02 09:21:15.916826+00:00,2.2584876
2025-07-02 09:21:42.050856+00:00,2.2584879
2025-07-02 09:21:54.464155+00:00,2.2584883
2025-07-02 09:22:07.282686+00:00,2.2584879
2025-07-02 09:22:33.282453+00:00,2.2584883
2025-07-02 09:22:45.914592+00:00,2.2584884
2025-07-02 09:22:58.989593+00:00,2.258488
2025-07-02 09:23:11.135477+00:00,2.2584877
2025-07-02 09:23:23.732371+00:00,2.258488
2025-07-02 09:23:36.655916+00:00,2.2584876
2025-07-02 09:23:50.573544+00:00,2.2584882
2025-07-02 09:24:02.143987+00:00,2.2584883
2025-07-02 09:24:14.469173+00:00,2.2584876
2025-07-02 09:24:58.518675+00:00,2.2584882
2025-07-02 09:26:18.362806+00:00,2.2584878
2025-07-02 09:26:20.371814+00:00,2.2584877
2025-07-02 09:26:34.144071+00:00,2.2584878
2025-07-02 09:26:45.448474+00:00,2.2584881
2025-07-02 09:27:23.737619+00:00,2.2584877
2025-07-02 09:27:35.839009+00:00,2.2584882
2025-07-02 09:27:48.457868+00:00,2.258488
2025-07-02 09:28:01.096066+00:00,2.2584881
2025-07-02 09:28:13.637671+00:00,2.2584879
2025-07-02 09:28:25.902932+00:00,2.2584882
2025-07-02 09:28:38.651721+00:00,2.258488
2025-07-02 09:28:50.714981+00:00,2.2584879
2025-07-02 09:29:03.782188+00:00,2.258488
2025-07-02 09:29:16.526981+00:00,2.2584881
2025-07-02 09:29:28.482716+00:00,2.2584882
2025-07-02 09:29:41.318139+00:00,2.2584881
2025-07-02 09:29:53.977412+00:00,2.2584882
2025-07-02 09:30:07.523501+00:00,2.2584881
2025-07-02 09:30:19.903397+00:00,2.2584883
2025-07-02 09:30:44.901254+00:00,2.2584883
2025-07-02 09:30:58.189970+00:00,2.2584876
2025-07-02 09:31:10.764495+00:00,2.2584884
2025-07-02 09:31:23.599958+00:00,2.2584875
2025-07-02 09:31:36.443266+00:00,2.2584882
2025-07-02 09:31:53.321893+00:00,2.2584877
2025-07-02 09:32:42.790675+00:00,2.2584884
2025-07-02 09:33:06.197912+00:00,2.2584883
2025-07-02 09:33:55.877889+00:00,2.2584883
2025-07-02 09:34:08.604372+00:00,2.2584883
2025-07-02 09:34:33.722225+00:00,2.258488
2025-07-02 09:34:46.663436+00:00,2.2584884
2025-07-02 09:35:14.518002+00:00,2.2584876
2025-07-02 09:35:24.725406+00:00,2.258488
2025-07-02 09:35:36.427120+00:00,2.2584881
2025-07-02 09:35:55.365122+00:00,2.2584883
2025-07-02 09:36:51.960579+00:00,2.2584877
2025-07-02 09:37:04.822384+00:00,2.2584881
2025-07-02 09:37:17.109091+00:00,2.2584879
2025-07-02 09:37:30.449054+00:00,2.2584883
2025-07-02 09:37:54.484211+00:00,2.2584876
2025-07-02 09:38:07.726040+00:00,2.2584876
2025-07-02 09:38:33.490453+00:00,2.2584879
2025-07-02 09:38:45.846562+00:00,2.2584882
2025-07-02 09:38:59.274082+00:00,2.258488
2025-07-02 09:39:11.166109+00:00,2.2584881
2025-07-02 09:39:23.999591+00:00,2.2584883
2025-07-02 09:39:38.341050+00:00,2.2584877
2025-07-02 09:39:51.510518+00:00,2.2584879
2025-07-02 09:40:03.618775+00:00,2.2584878
2025-07-02 09:40:15.132244+00:00,2.2584876
2025-07-02 09:40:28.280410+00:00,2.2584873
2025-07-02 09:40:53.471313+00:00,2.2584877
2025-07-02 09:41:06.110686+00:00,2.2584879
2025-07-02 09:41:18.549172+00:00,2.2584879
2025-07-02 09:41:31.471192+00:00,2.2584881
2025-07-02 09:41:44.282722+00:00,2.2584883
2025-07-02 09:41:57.208567+00:00,2.2584883
2025-07-02 09:42:09.625878+00:00,2.2584878
2025-07-02 09:42:22.847581+00:00,2.2584877
2025-07-02 09:42:34.556351+00:00,2.2584879
2025-07-02 09:42:49.455914+00:00,2.2584884
2025-07-02 09:42:59.527300+00:00,2.2584879
2025-07-02 09:43:12.373051+00:00,2.2584877
2025-07-02 09:43:25.298693+00:00,2.2584883
2025-07-02 09:43:37.798135+00:00,2.2584876
2025-07-02 09:44:39.730252+00:00,2.2584874
2025-07-02 09:44:42.871816+00:00,2.2584878
2025-07-02 09:44:53.685773+00:00,2.2584881
2025-07-02 09:45:07.696367+00:00,2.2584877
2025-07-02 09:45:21.422914+00:00,2.2584881
2025-07-02 09:45:31.954122+00:00,2.258488
2025-07-02 09:45:43.835050+00:00,2.258488
2025-07-02 09:45:56.107016+00:00,2.2584884
2025-07-02 09:46:08.603951+00:00,2.2584881
2025-07-02 09:46:21.068555+00:00,2.2584883
2025-07-02 09:46:33.618954+00:00,2.2584876
2025-07-02 09:46:46.926499+00:00,2.2584876
2025-07-02 09:46:59.991798+00:00,2.2584876
2025-07-02 09:47:39.746022+00:00,2.2584884
2025-07-02 09:47:48.423569+00:00,2.2584882
2025-07-02 09:48:13.451539+00:00,2.2584882
2025-07-02 09:48:28.885731+00:00,2.2584882
2025-07-02 09:48:38.515517+00:00,2.258488
2025-07-02 09:49:11.468455+00:00,2.258488
2025-07-02 09:49:41.032004+00:00,2.2584881
2025-07-02 09:49:53.306773+00:00,2.258488
2025-07-02 09:50:06.208310+00:00,2.2584878
2025-07-02 09:50:55.239745+00:00,2.2584883
2025-07-02 09:51:08.690038+00:00,2.258488
2025-07-02 09:51:21.114077+00:00,2.2584879
2025-07-02 09:51:37.022389+00:00,2.2584873
2025-07-02 09:52:01.548864+00:00,2.2584879
2025-07-02 09:52:12.396244+00:00,2.2584877
2025-07-02 09:52:25.187470+00:00,2.2584881
2025-07-02 09:53:13.160166+00:00,2.2584877
2025-07-02 09:53:41.998941+00:00,2.2584878
2025-07-02 09:53:54.312419+00:00,2.2584883
2025-07-02 09:54:07.302219+00:00,2.2584883
2025-07-02 09:54:19.817359+00:00,2.2584883
2025-07-02 09:54:33.011311+00:00,2.2584881
2025-07-02 09:54:45.302532+00:00,2.2584884
2025-07-02 09:54:58.942538+00:00,2.2584877
2025-07-02 09:55:10.632166+00:00,2.2584882
2025-07-02 09:55:23.010813+00:00,2.2584879
2025-07-02 09:55:35.444394+00:00,2.258488
2025-07-02 09:55:48.308720+00:00,2.2584882
2025-07-02 09:56:01.091154+00:00,2.2584876
2025-07-02 09:56:13.256828+00:00,2.2584882
2025-07-02 09:56:26.005149+00:00,2.2584884
2025-07-02 09:56:42.181267+00:00,2.2584882
2025-07-02 09:56:55.616234+00:00,2.2584879
2025-07-02 09:57:36.391023+00:00,2.2584875
2025-07-02 09:57:55.388027+00:00,2.2584884
2025-07-02 09:58:19.013709+00:00,2.2584877
2025-07-02 09:58:31.051325+00:00,2.2584879
2025-07-02 09:58:43.153661+00:00,2.2584883
2025-07-02 09:58:55.499556+00:00,2.2584879
2025-07-02 09:59:08.427468+00:00,2.2584883
2025-07-02 09:59:20.861881+00:00,2.2584882
2025-07-02 09:59:34.219529+00:00,2.258488
2025-07-02 09:59:46.002705+00:00,2.2584881
2025-07-02 10:00:16.929138+00:00,2.2584875
2025-07-02 10:00:29.264903+00:00,2.2584877
2025-07-02 10:00:36.702158+00:00,2.2584875
2025-07-02 10:00:48.747545+00:00,2.2584884
2025-07-02 10:01:08.895414+00:00,2.2584878
2025-07-02 10:01:14.448921+00:00,2.2584882
2025-07-02 10:01:26.992450+00:00,2.2584884
2025-07-02 10:01:38.878011+00:00,2.2584882
2025-07-02 10:01:51.887664+00:00,2.2584883
2025-07-02 10:02:04.381329+00:00,2.2584881
2025-07-02 10:02:41.699309+00:00,2.2584878
2025-07-02 10:02:54.500065+00:00,2.2584878
2025-07-02 10:03:07.658075+00:00,2.2584875
2025-07-02 10:03:21.737562+00:00,2.2584884
2025-07-02 10:03:34.431295+00:00,2.2584881
2025-07-02 10:03:47.021376+00:00,2.2584882
2025-07-02 10:03:59.242452+00:00,2.2584875
2025-07-02 10:04:11.422022+00:00,2.2584882
2025-07-02 10:04:36.798086+00:00,2.2584877
2025-07-02 10:04:49.989193+00:00,2.2584875
2025-07-02 10:05:05.320003+00:00,2.258488
2025-07-02 10:05:31.837496+00:00,2.2584879
2025-07-02 10:05:53.926465+00:00,2.2584877
2025-07-02 10:06:06.218312+00:00,2.2584878
2025-07-02 10:06:18.741514+00:00,2.2584876
2025-07-02 10:06:32.697825+00:00,2.2584874
2025-07-02 10:06:56.623842+00:00,2.2584881
2025-07-02 10:07:12.064277+00:00,2.258488
2025-07-02 10:07:22.024948+00:00,2.2584881
2025-07-02 10:07:47.178872+00:00,2.2584881
2025-07-02 10:08:24.200322+00:00,2.2584884
2025-07-02 10:09:03.087031+00:00,2.2584878
2025-07-02 10:09:15.615022+00:00,2.2584876
2025-07-02 10:09:40.834340+00:00,2.2584881
2025-07-02 10:09:53.841237+00:00,2.2584881
2025-07-02 10:10:19.046274+00:00,2.2584883
2025-07-02 10:10:44.537503+00:00,2.2584876
2025-07-02 10:10:57.273741+00:00,2.2584882
2025-07-02 10:11:10.469281+00:00,2.258488
2025-07-02 10:11:34.955773+00:00,2.2584881
2025-07-02 10:11:47.971857+00:00,2.2584877
2025-07-02 10:12:00.485552+00:00,2.2584881
2025-07-02 10:12:12.766577+00:00,2.2584876
2025-07-02 10:12:35.493420+00:00,2.258488
2025-07-02 10:12:37.941457+00:00,2.2584876
2025-07-02 10:13:00.900327+00:00,2.258488
2025-07-02 10:13:16.354290+00:00,2.258488
2025-07-02 10:13:28.362767+00:00,2.2584883
2025-07-02 10:13:40.750481+00:00,2.2584877
2025-07-02 10:13:53.994463+00:00,2.2584879
2025-07-02 10:14:06.341039+00:00,2.2584881
2025-07-02 10:14:18.836116+00:00,2.2584879
2025-07-02 10:14:30.891421+00:00,2.2584882
2025-07-02 10:14:43.301792+00:00,2.258488
2025-07-02 10:14:56.477462+00:00,2.2584884
2025-07-02 10:15:08.753327+00:00,2.2584877
2025-07-02 10:15:20.992975+00:00,2.2584873
2025-07-02 10:15:33.759090+00:00,2.2584883
2025-07-02 10:15:46.525372+00:00,2.2584882
2025-07-02 10:15:59.960747+00:00,2.2584882
2025-07-02 10:16:49.592840+00:00,2.2584882
2025-07-02 10:17:03.675482+00:00,2.258488
2025-07-02 10:17:15.427947+00:00,2.2584881
2025-07-02 10:17:27.987412+00:00,2.2584881
2025-07-02 10:17:42.299600+00:00,2.2584876
2025-07-02 10:18:07.068675+00:00,2.2584875
2025-07-02 10:18:18.920979+00:00,2.2584881
2025-07-02 10:18:32.134589+00:00,2.2584877
2025-07-02 10:18:44.482006+00:00,2.2584881
2025-07-02 10:18:57.298346+00:00,2.2584884
2025-07-02 10:19:38.445597+00:00,2.2584874
2025-07-02 10:19:48.336719+00:00,2.2584883
2025-07-02 10:20:25.642148+00:00,2.2584878
2025-07-02 10:20:54.712446+00:00,2.2584882
2025-07-02 10:21:03.722953+00:00,2.2584884
2025-07-02 10:21:15.601452+00:00,2.2584884
2025-07-02 10:21:30.902581+00:00,2.2584877
2025-07-02 10:21:41.515510+00:00,2.2584883
2025-07-02 10:21:53.612031+00:00,2.2584876
2025-07-02 10:22:07.344927+00:00,2.2584875
2025-07-02 10:22:19.749722+00:00,2.2584876
2025-07-02 10:22:32.212230+00:00,2.258488
2025-07-02 10:22:56.544373+00:00,2.2584878
2025-07-02 10:23:21.601212+00:00,2.2584883
2025-07-02 10:23:34.141140+00:00,2.2584878
2025-07-02 10:23:47.558021+00:00,2.2584883
2025-07-02 10:23:59.597179+00:00,2.258488
2025-07-02 10:24:11.838091+00:00,2.2584884
2025-07-02 10:24:25.014598+00:00,2.2584879
2025-07-02 10:24:37.567562+00:00,2.2584879
2025-07-02 10:24:51.595057+00:00,2.2584875
2025-07-02 10:25:03.434212+00:00,2.2584874
2025-07-02 10:25:16.677518+00:00,2.2584875
2025-07-02 10:25:39.270307+00:00,2.2584882
2025-07-02 10:26:37.601438+00:00,2.2584877
2025-07-02 10:26:58.439179+00:00,2.2584881
2025-07-02 10:27:58.041194+00:00,2.2584884
2025-07-02 10:28:27.931736+00:00,2.2584877
2025-07-02 10:28:41.215799+00:00,2.2584879
2025-07-02 10:28:51.856166+00:00,2.2584876
2025-07-02 10:29:05.068236+00:00,2.2584884
2025-07-02 10:29:17.602686+00:00,2.258488
2025-07-02 10:29:31.167642+00:00,2.2584881
2025-07-02 10:29:42.718219+00:00,2.2584883
2025-07-02 10:30:36.540032+00:00,2.2584877
2025-07-02 10:30:46.173013+00:00,2.2584883
2025-07-02 10:30:59.424526+00:00,2.2584882
2025-07-02 10:31:21.414523+00:00,2.2584881
2025-07-02 10:31:24.730756+00:00,2.2584883
2025-07-02 10:31:37.302189+00:00,2.2584881
2025-07-02 10:32:17.665730+00:00,2.2584877
2025-07-02 10:33:23.605015+00:00,2.2584884
2025-07-02 10:34:03.526852+00:00,2.2584882
2025-07-02 10:34:07.919059+00:00,2.2584882
2025-07-02 10:34:36.207771+00:00,2.2584879
2025-07-02 10:34:45.007911+00:00,2.2584878
2025-07-02 10:34:57.709054+00:00,2.2584883
2025-07-02 10:35:10.686643+00:00,2.2584884
2025-07-02 10:35:23.655119+00:00,2.2584879
2025-07-02 10:35:35.875552+00:00,2.2584879
2025-07-02 10:35:48.135208+00:00,2.2584876
2025-07-02 10:36:01.127297+00:00,2.2584881
2025-07-02 10:36:14.496174+00:00,2.2584879
2025-07-02 10:36:25.824761+00:00,2.2584883
2025-07-02 10:36:51.354764+00:00,2.2584874
2025-07-02 10:37:03.549327+00:00,2.2584874
2025-07-02 10:37:16.548918+00:00,2.2584881
2025-07-02 10:37:28.594515+00:00,2.2584879
2025-07-02 10:37:44.542208+00:00,2.258488
2025-07-02 10:38:09.574279+00:00,2.2584881
2025-07-02 10:38:19.207325+00:00,2.2584884
2025-07-02 10:38:32.306008+00:00,2.2584878
2025-07-02 10:38:47.732284+00:00,2.2584883
2025-07-02 10:38:58.725531+00:00,2.2584875
2025-07-02 10:39:24.331668+00:00,2.2584882
2025-07-02 10:39:49.149210+00:00,2.2584883
2025-07-02 10:40:06.351427+00:00,2.2584884
2025-07-02 10:40:15.730700+00:00,2.2584874
2025-07-02 10:40:37.371489+00:00,2.2584881
2025-07-02 10:40:52.718292+00:00,2.258488
2025-07-02 10:41:06.127172+00:00,2.2584877
2025-07-02 10:41:17.845833+00:00,2.2584883
2025-07-02 10:41:30.460040+00:00,2.2584878
2025-07-02 10:41:56.893568+00:00,2.2584877
2025-07-02 10:42:07.709148+00:00,2.2584876
2025-07-02 10:42:19.723180+00:00,2.2584879
2025-07-02 10:42:32.645273+00:00,2.2584877
2025-07-02 10:42:45.074313+00:00,2.2584876
2025-07-02 10:43:10.686710+00:00,2.2584881
2025-07-02 10:43:44.542596+00:00,2.2584882
2025-07-02 10:44:02.131172+00:00,2.2584877
2025-07-02 10:44:14.084557+00:00,2.2584879
2025-07-02 10:44:26.419823+00:00,2.2584882
2025-07-02 10:44:39.417246+00:00,2.258488
2025-07-02 10:44:54.733711+00:00,2.2584877
2025-07-02 10:45:07.726143+00:00,2.2584884
2025-07-02 10:45:18.288103+00:00,2.2584884
2025-07-02 10:45:29.167101+00:00,2.258488
2025-07-02 10:47:34.504234+00:00,2.2584875
2025-07-02 10:47:47.000615+00:00,2.2584882
2025-07-02 10:47:59.740864+00:00,2.2584876
2025-07-02 10:48:13.078818+00:00,2.2584876
2025-07-02 10:48:27.345152+00:00,2.2584882
2025-07-02 10:48:38.423169+00:00,2.2584877
2025-07-02 10:48:50.220434+00:00,2.2584882
2025-07-02 10:49:03.428794+00:00,2.2584878
2025-07-02 10:49:16.157094+00:00,2.2584875
2025-07-02 10:49:39.237845+00:00,2.2584883
2025-07-02 10:50:07.475051+00:00,2.2584883
2025-07-02 10:50:20.663684+00:00,2.2584881
2025-07-02 10:50:33.292432+00:00,2.2584884
2025-07-02 10:50:46.452675+00:00,2.258488
2025-07-02 10:51:01.359088+00:00,2.258488
2025-07-02 10:51:40.958727+00:00,2.2584883
2025-07-02 10:51:49.633142+00:00,2.2584879
2025-07-02 10:52:11.298135+00:00,2.2584874
2025-07-02 10:52:15.260384+00:00,2.2584878
2025-07-02 10:52:40.350019+00:00,2.2584879
2025-07-02 10:52:53.967653+00:00,2.2584881
2025-07-02 10:53:05.506841+00:00,2.2584875
2025-07-02 10:53:17.934926+00:00,2.2584874
2025-07-02 10:53:30.784365+00:00,2.2584876
2025-07-02 10:53:49.040993+00:00,2.2584882
2025-07-02 10:53:55.423807+00:00,2.2584882
2025-07-02 10:54:08.523803+00:00,2.2584879
2025-07-02 10:54:20.811981+00:00,2.2584874
2025-07-02 10:54:33.914941+00:00,2.2584877
2025-07-02 10:54:46.831384+00:00,2.258488
2025-07-02 10:54:58.613161+00:00,2.2584875
2025-07-02 10:55:11.847089+00:00,2.258488
2025-07-02 10:55:24.192586+00:00,2.2584876
2025-07-02 10:55:42.402411+00:00,2.2584882
2025-07-02 10:55:48.963333+00:00,2.2584879
2025-07-02 10:56:01.847773+00:00,2.2584877
2025-07-02 10:56:14.079820+00:00,2.2584881
2025-07-02 10:56:26.671319+00:00,2.2584882
2025-07-02 10:56:39.093627+00:00,2.2584883
2025-07-02 10:56:51.907281+00:00,2.2584883
2025-07-02 10:57:04.670996+00:00,2.2584879
2025-07-02 10:57:18.789518+00:00,2.2584882
2025-07-02 10:57:29.945068+00:00,2.2584878
2025-07-02 10:57:43.533937+00:00,2.2584882
2025-07-02 10:57:54.601101+00:00,2.258488
2025-07-02 10:58:07.810129+00:00,2.258488
2025-07-02 10:58:20.312545+00:00,2.2584879
2025-07-02 10:58:33.549882+00:00,2.2584879
2025-07-02 10:58:46.160449+00:00,2.2584883
2025-07-02 10:58:59.679659+00:00,2.2584874
2025-07-02 10:59:11.551271+00:00,2.2584881
2025-07-02 10:59:24.484880+00:00,2.2584877
2025-07-02 10:59:37.632840+00:00,2.2584881
2025-07-02 10:59:49.958518+00:00,2.2584878
2025-07-02 11:00:02.742518+00:00,2.2584878
2025-07-02 11:00:15.833832+00:00,2.2584878
2025-07-02 11:00:31.582124+00:00,2.258488
2025-07-02 11:00:41.165795+00:00,2.2584879
2025-07-02 11:00:53.070751+00:00,2.2584882
2025-07-02 11:01:06.504255+00:00,2.2584873
2025-07-02 11:01:26.881654+00:00,2.2584875
2025-07-02 11:01:52.162801+00:00,2.2584882
2025-07-02 11:02:13.540726+00:00,2.2584883
2025-07-02 11:02:58.670169+00:00,2.2584876
2025-07-02 11:03:11.188172+00:00,2.2584875
2025-07-02 11:03:26.927849+00:00,2.2584879
2025-07-02 11:03:36.276396+00:00,2.2584878
2025-07-02 11:03:49.203971+00:00,2.2584884
2025-07-02 11:04:02.176786+00:00,2.2584877
2025-07-02 11:04:14.179368+00:00,2.2584883
2025-07-02 11:04:26.934802+00:00,2.2584879
2025-07-02 11:04:39.193825+00:00,2.2584874
2025-07-02 11:04:51.847386+00:00,2.2584883
2025-07-02 11:05:04.892289+00:00,2.2584883
2025-07-02 11:05:17.443747+00:00,2.2584879
2025-07-02 11:05:29.949450+00:00,2.2584884
2025-07-02 11:05:42.140527+00:00,2.258488
2025-07-02 11:05:54.935446+00:00,2.2584879
2025-07-02 11:06:07.833373+00:00,2.2584883
2025-07-02 11:06:19.834433+00:00,2.2584882
2025-07-02 11:06:32.408231+00:00,2.2584881
2025-07-02 11:06:45.025210+00:00,2.2584884
2025-07-02 11:06:57.722847+00:00,2.2584875
2025-07-02 11:07:10.501297+00:00,2.2584877
2025-07-02 11:07:35.620110+00:00,2.2584878
2025-07-02 11:07:49.847924+00:00,2.2584877
2025-07-02 11:08:01.547555+00:00,2.2584878
2025-07-02 11:08:14.184289+00:00,2.258488
2025-07-02 11:08:27.275961+00:00,2.2584877
2025-07-02 11:08:41.332202+00:00,2.2584875
2025-07-02 11:08:53.431903+00:00,2.2584868
2025-07-02 11:09:13.061875+00:00,2.2584884
2025-07-02 11:09:20.137249+00:00,2.2584879
2025-07-02 11:09:33.865389+00:00,2.2584877
2025-07-02 11:09:44.314545+00:00,2.2584875
2025-07-02 11:10:22.973504+00:00,2.2584877
2025-07-02 11:10:35.694980+00:00,2.2584874
2025-07-02 11:10:48.274885+00:00,2.2584881
2025-07-02 11:11:01.776456+00:00,2.2584881
2025-07-02 11:11:13.682213+00:00,2.2584883
2025-07-02 11:11:26.097974+00:00,2.2584881
2025-07-02 11:11:38.465719+00:00,2.2584879
2025-07-02 11:11:51.809943+00:00,2.2584874
2025-07-02 11:12:19.985433+00:00,2.2584881
2025-07-02 11:12:32.519882+00:00,2.2584877
2025-07-02 11:12:41.686926+00:00,2.2584878
2025-07-02 11:12:54.294540+00:00,2.2584876
2025-07-02 11:13:08.584064+00:00,2.2584882
2025-07-02 11:13:19.411974+00:00,2.258488
2025-07-02 11:13:32.372369+00:00,2.258488
2025-07-02 11:13:44.933324+00:00,2.2584879
2025-07-02 11:14:11.025730+00:00,2.2584882
2025-07-02 11:14:22.241746+00:00,2.2584884
2025-07-02 11:14:35.100595+00:00,2.2584881
2025-07-02 11:14:47.438801+00:00,2.2584878
2025-07-02 11:14:59.999586+00:00,2.2584884
2025-07-02 11:15:13.825672+00:00,2.2584876
2025-07-02 11:15:25.008142+00:00,2.2584879
2025-07-02 11:15:37.454049+00:00,2.2584884
2025-07-02 11:15:50.240347+00:00,2.2584879
2025-07-02 11:16:02.653977+00:00,2.258488
2025-07-02 11:16:15.236769+00:00,2.2584875
2025-07-02 11:16:27.653142+00:00,2.2584874
2025-07-02 11:16:40.198284+00:00,2.2584877
2025-07-02 11:16:52.716933+00:00,2.2584877
2025-07-02 11:17:05.846883+00:00,2.2584878
2025-07-02 11:17:18.789109+00:00,2.2584884
2025-07-02 11:17:32.610178+00:00,2.2584878
2025-07-02 11:17:44.300194+00:00,2.2584881
2025-07-02 11:17:57.551062+00:00,2.2584875
2025-07-02 11:18:11.188569+00:00,2.2584884
2025-07-02 11:18:23.375404+00:00,2.2584884
2025-07-02 11:18:35.459244+00:00,2.258488
2025-07-02 11:18:48.470204+00:00,2.2584882
2025-07-02 11:19:01.503680+00:00,2.2584879
2025-07-02 11:19:14.929512+00:00,2.2584884
2025-07-02 11:19:27.221156+00:00,2.258488
2025-07-02 11:19:44.623666+00:00,2.2584883
2025-07-02 11:19:52.118450+00:00,2.2584875
2025-07-02 11:20:06.066027+00:00,2.2584873
2025-07-02 11:20:17.607847+00:00,2.2584882
2025-07-02 11:20:30.668371+00:00,2.2584877
2025-07-02 11:20:43.188808+00:00,2.2584875
2025-07-02 11:20:55.019589+00:00,2.2584882
2025-07-02 11:21:08.246335+00:00,2.2584881
2025-07-02 11:21:19.799044+00:00,2.2584877
2025-07-02 11:21:33.119651+00:00,2.2584883
2025-07-02 11:21:45.726861+00:00,2.2584876
2025-07-02 11:21:58.474042+00:00,2.2584881
2025-07-02 11:22:11.091715+00:00,2.2584878
2025-07-02 11:22:42.239052+00:00,2.2584877
2025-07-02 11:23:13.991130+00:00,2.258488
2025-07-02 11:23:26.203646+00:00,2.2584875
2025-07-02 11:23:38.907196+00:00,2.2584877
2025-07-02 11:23:51.382177+00:00,2.2584882
2025-07-02 11:24:04.448912+00:00,2.2584883
2025-07-02 11:24:29.048710+00:00,2.2584875
2025-07-02 11:24:41.487957+00:00,2.2584869
2025-07-02 11:24:54.044395+00:00,2.2584877
2025-07-02 11:25:06.923078+00:00,2.2584876
2025-07-02 11:25:23.164115+00:00,2.2584881
2025-07-02 11:25:32.448158+00:00,2.2584878
2025-07-02 11:25:44.849801+00:00,2.2584877
2025-07-02 11:25:57.963284+00:00,2.2584875
2025-07-02 11:26:09.903260+00:00,2.2584881
2025-07-02 11:26:22.084637+00:00,2.2584878
2025-07-02 11:26:35.267846+00:00,2.2584875
2025-07-02 11:26:48.802707+00:00,2.2584876
2025-07-02 11:27:00.987064+00:00,2.2584876
2025-07-02 11:27:14.328575+00:00,2.2584875
2025-07-02 11:27:26.567213+00:00,2.2584881
2025-07-02 11:27:42.158093+00:00,2.2584884
2025-07-02 11:28:05.603906+00:00,2.2584876
2025-07-02 11:28:30.376796+00:00,2.2584884
2025-07-02 11:28:46.701828+00:00,2.2584875
2025-07-02 11:29:33.993133+00:00,2.2584884
2025-07-02 11:29:47.366365+00:00,2.2584878
2025-07-02 11:29:58.503941+00:00,2.2584879
2025-07-02 11:30:11.857102+00:00,2.2584879
2025-07-02 11:30:23.567008+00:00,2.2584882
2025-07-02 11:30:35.891066+00:00,2.258488
2025-07-02 11:30:48.448402+00:00,2.2584877
2025-07-02 11:31:02.724891+00:00,2.2584882
2025-07-02 11:31:14.201533+00:00,2.2584878
2025-07-02 11:31:26.051411+00:00,2.2584883
2025-07-02 11:31:38.424357+00:00,2.2584875
2025-07-02 11:31:50.949659+00:00,2.2584879
2025-07-02 11:32:05.529582+00:00,2.2584877
2025-07-02 11:32:16.178629+00:00,2.2584878
2025-07-02 11:32:29.228031+00:00,2.2584882
2025-07-02 11:32:41.581561+00:00,2.2584882
2025-07-02 11:32:57.356388+00:00,2.2584878
2025-07-02 11:33:07.587632+00:00,2.2584874
2025-07-02 11:33:18.902967+00:00,2.2584879
2025-07-02 11:33:32.442590+00:00,2.2584877
2025-07-02 11:33:44.037053+00:00,2.2584881
2025-07-02 11:33:56.392238+00:00,2.258488
2025-07-02 11:34:11.539926+00:00,2.2584875
2025-07-02 11:34:27.782735+00:00,2.2584883
2025-07-02 11:34:38.775582+00:00,2.2584882
2025-07-02 11:34:59.494235+00:00,2.2584882
2025-07-02 11:35:12.391228+00:00,2.2584884
2025-07-02 11:35:24.866442+00:00,2.2584878
2025-07-02 11:35:37.282698+00:00,2.2584878
2025-07-02 11:35:50.372358+00:00,2.2584875
2025-07-02 11:36:03.789648+00:00,2.2584879
2025-07-02 11:36:16.090545+00:00,2.2584878
2025-07-02 11:36:29.038269+00:00,2.2584879
2025-07-02 11:36:41.859542+00:00,2.258488
2025-07-02 11:36:55.710432+00:00,2.258488
2025-07-02 11:37:10.016685+00:00,2.2584879
2025-07-02 11:37:38.136736+00:00,2.2584881
2025-07-02 11:37:45.775998+00:00,2.2584884
2025-07-02 11:38:00.113465+00:00,2.2584881
2025-07-02 11:38:11.422189+00:00,2.2584876
2025-07-02 11:38:27.586721+00:00,2.258488
2025-07-02 11:38:49.431548+00:00,2.258488
2025-07-02 11:39:03.824690+00:00,2.2584877
2025-07-02 11:39:15.216478+00:00,2.2584879
2025-07-02 11:39:27.218437+00:00,2.2584874
2025-07-02 11:39:40.441901+00:00,2.2584879
2025-07-02 11:39:52.309525+00:00,2.2584874
2025-07-02 11:40:05.909930+00:00,2.2584881
2025-07-02 11:40:30.985337+00:00,2.2584881
2025-07-02 11:40:42.212530+00:00,2.2584875
2025-07-02 11:40:54.842624+00:00,2.2584881
2025-07-02 11:41:08.545270+00:00,2.2584882
2025-07-02 11:41:20.480956+00:00,2.2584879
2025-07-02 11:41:34.371728+00:00,2.2584875
2025-07-02 11:41:45.555218+00:00,2.2584881
2025-07-02 11:42:12.942532+00:00,2.2584882
2025-07-02 11:42:23.876129+00:00,2.2584881
2025-07-02 11:42:36.046491+00:00,2.2584878
2025-07-02 11:42:49.074818+00:00,2.2584875
2025-07-02 11:43:01.511182+00:00,2.2584884
2025-07-02 11:43:14.513359+00:00,2.2584881
2025-07-02 11:43:26.888173+00:00,2.258488
2025-07-02 11:43:39.619496+00:00,2.258488
2025-07-02 11:43:54.773431+00:00,2.2584874
2025-07-02 11:44:04.926485+00:00,2.258488
2025-07-02 11:44:17.682339+00:00,2.2584884
2025-07-02 11:44:28.846928+00:00,2.2584877
2025-07-02 11:44:41.514301+00:00,2.2584881
2025-07-02 11:44:54.570192+00:00,2.2584882
2025-07-02 11:45:07.110833+00:00,2.2584875
2025-07-02 11:45:20.334029+00:00,2.2584879
2025-07-02 11:45:32.177188+00:00,2.2584878
2025-07-02 11:45:44.249321+00:00,2.258488
2025-07-02 11:45:57.120729+00:00,2.2584879
2025-07-02 11:46:09.435279+00:00,2.2584877
2025-07-02 11:46:21.923904+00:00,2.2584879
2025-07-02 11:46:34.235009+00:00,2.2584877
2025-07-02 11:46:47.204542+00:00,2.2584879
2025-07-02 11:46:59.740118+00:00,2.2584876
2025-07-02 11:47:25.421973+00:00,2.2584881
2025-07-02 11:47:38.263952+00:00,2.2584877
2025-07-02 11:47:51.214045+00:00,2.2584878
2025-07-02 11:48:04.346818+00:00,2.2584877
2025-07-02 11:48:17.002102+00:00,2.2584874
2025-07-02 11:48:29.587317+00:00,2.258488
2025-07-02 11:48:42.394365+00:00,2.2584881
2025-07-02 11:48:55.304010+00:00,2.2584884
2025-07-02 11:49:13.094430+00:00,2.2584874
2025-07-02 11:49:38.791837+00:00,2.2584879
2025-07-02 11:49:46.839263+00:00,2.2584883
2025-07-02 11:49:59.252518+00:00,2.2584876
2025-07-02 11:50:12.157979+00:00,2.2584875
2025-07-02 11:50:24.911965+00:00,2.2584877
2025-07-02 11:50:37.581817+00:00,2.2584877
2025-07-02 11:50:49.712153+00:00,2.2584878
2025-07-02 11:51:02.427745+00:00,2.2584881
2025-07-02 11:51:14.696145+00:00,2.2584879
2025-07-02 11:51:27.166275+00:00,2.2584883
2025-07-02 11:51:39.640548+00:00,2.2584874
2025-07-02 11:51:52.324686+00:00,2.2584875
2025-07-02 11:52:04.927034+00:00,2.2584877
2025-07-02 11:52:17.798828+00:00,2.2584883
2025-07-02 11:52:30.227293+00:00,2.2584881
2025-07-02 11:52:42.868081+00:00,2.258488
2025-07-02 11:52:56.748967+00:00,2.2584884
2025-07-02 11:53:11.525749+00:00,2.258488
2025-07-02 11:53:20.115579+00:00,2.2584877
2025-07-02 11:53:36.424929+00:00,2.2584879
2025-07-02 11:53:47.466567+00:00,2.258487
2025-07-02 11:53:58.089345+00:00,2.2584881
2025-07-02 11:54:56.344317+00:00,2.2584875
2025-07-02 11:55:21.954349+00:00,2.2584881
2025-07-02 11:55:38.203740+00:00,2.2584878
2025-07-02 11:55:50.891760+00:00,2.2584875
2025-07-02 11:56:19.319303+00:00,2.2584876
2025-07-02 11:56:40.758120+00:00,2.258488
2025-07-02 11:57:09.291849+00:00,2.2584879
2025-07-02 11:57:19.777952+00:00,2.258488
2025-07-02 11:57:31.962697+00:00,2.2584879
2025-07-02 11:57:44.814976+00:00,2.258488
2025-07-02 11:57:57.910499+00:00,2.2584883
2025-07-02 11:58:13.775334+00:00,2.2584882
2025-07-02 11:58:23.494149+00:00,2.2584878
2025-07-02 11:58:36.425530+00:00,2.2584879
2025-07-02 11:58:49.642980+00:00,2.2584882
2025-07-02 11:59:15.658487+00:00,2.2584879
2025-07-02 11:59:27.408048+00:00,2.2584877
2025-07-02 11:59:42.259024+00:00,2.2584878
2025-07-02 11:59:53.750461+00:00,2.2584871
2025-07-02 12:00:06.335318+00:00,2.2584879
2025-07-02 12:00:19.115453+00:00,2.2584875
2025-07-02 12:00:31.904193+00:00,2.2584878
2025-07-02 12:00:44.733612+00:00,2.258488
2025-07-02 12:01:08.678343+00:00,2.2584884
2025-07-02 12:01:11.127529+00:00,2.2584873
2025-07-02 12:01:22.905903+00:00,2.2584877
2025-07-02 12:01:34.789541+00:00,2.2584876
2025-07-02 12:01:47.471790+00:00,2.2584881
2025-07-02 12:02:01.054233+00:00,2.2584883
2025-07-02 12:02:12.430618+00:00,2.2584876
2025-07-02 12:02:38.814960+00:00,2.2584884
2025-07-02 12:02:50.018264+00:00,2.2584877
2025-07-02 12:03:03.976407+00:00,2.2584879
2025-07-02 12:03:15.368191+00:00,2.258488
2025-07-02 12:03:29.069649+00:00,2.2584879
2025-07-02 12:03:40.777654+00:00,2.2584882
2025-07-02 12:03:53.854765+00:00,2.2584874
2025-07-02 12:04:07.461872+00:00,2.2584877
2025-07-02 12:04:19.609976+00:00,2.2584875
2025-07-02 12:04:32.216528+00:00,2.2584881
2025-07-02 12:04:57.868776+00:00,2.258488
2025-07-02 12:05:10.125150+00:00,2.258488
2025-07-02 12:05:22.266406+00:00,2.2584881
2025-07-02 12:05:36.371791+00:00,2.2584873
2025-07-02 12:05:46.893078+00:00,2.2584877
2025-07-02 12:06:24.425936+00:00,2.2584877
2025-07-02 12:06:38.510323+00:00,2.2584877
2025-07-02 12:06:50.468383+00:00,2.2584882
2025-07-02 12:07:04.289260+00:00,2.2584883
2025-07-02 12:07:16.513643+00:00,2.2584877
2025-07-02 12:07:28.563435+00:00,2.2584875
2025-07-02 12:07:41.340868+00:00,2.2584877
2025-07-02 12:08:08.846486+00:00,2.2584878
2025-07-02 12:08:51.321970+00:00,2.2584874
2025-07-02 12:08:58.422094+00:00,2.258488
2025-07-02 12:09:12.070914+00:00,2.2584884
2025-07-02 12:09:25.698118+00:00,2.2584876
2025-07-02 12:09:36.482891+00:00,2.2584876
2025-07-02 12:09:52.982172+00:00,2.2584884
2025-07-02 12:10:02.252290+00:00,2.2584882
2025-07-02 12:10:15.839701+00:00,2.2584884
2025-07-02 12:10:27.348590+00:00,2.2584877
2025-07-02 12:10:40.031309+00:00,2.2584881
2025-07-02 12:10:52.561655+00:00,2.2584876
2025-07-02 12:11:05.504221+00:00,2.2584882
2025-07-02 12:11:17.925474+00:00,2.2584874
2025-07-02 12:11:30.156941+00:00,2.2584878
2025-07-02 12:11:42.705394+00:00,2.2584878
2025-07-02 12:11:55.756637+00:00,2.258488
2025-07-02 12:12:08.302597+00:00,2.2584878
2025-07-02 12:12:20.910405+00:00,2.2584876
2025-07-02 12:12:45.773484+00:00,2.2584883
2025-07-02 12:13:06.869997+00:00,2.2584881
2025-07-02 12:13:12.869714+00:00,2.2584882
2025-07-02 12:13:48.525193+00:00,2.2584882
2025-07-02 12:14:13.450928+00:00,2.2584878
2025-07-02 12:14:53.801165+00:00,2.2584873
2025-07-02 12:15:36.710913+00:00,2.2584874
2025-07-02 12:15:40.925017+00:00,2.2584879
2025-07-02 12:15:53.599394+00:00,2.2584881
2025-07-02 12:16:07.006360+00:00,2.2584882
2025-07-02 12:16:19.635976+00:00,2.2584876
2025-07-02 12:16:31.961013+00:00,2.2584883
2025-07-02 12:16:43.646914+00:00,2.258488
2025-07-02 12:16:56.125313+00:00,2.2584875
2025-07-02 12:17:09.258656+00:00,2.258488
2025-07-02 12:17:21.100781+00:00,2.2584873
2025-07-02 12:17:50.791807+00:00,2.2584877
2025-07-02 12:17:58.785818+00:00,2.2584881
2025-07-02 12:18:11.548237+00:00,2.2584876
2025-07-02 12:18:27.905161+00:00,2.2584877
2025-07-02 12:18:42.499316+00:00,2.258488
2025-07-02 12:18:50.644848+00:00,2.2584878
2025-07-02 12:19:01.654414+00:00,2.2584881
2025-07-02 12:19:27.045419+00:00,2.258488
2025-07-02 12:19:41.927037+00:00,2.2584884
2025-07-02 12:19:52.636033+00:00,2.2584877
2025-07-02 12:20:05.967022+00:00,2.2584881
2025-07-02 12:20:20.789433+00:00,2.258488
2025-07-02 12:20:35.546683+00:00,2.2584876
2025-07-02 12:21:04.321280+00:00,2.2584884
2025-07-02 12:21:10.652458+00:00,2.2584878
2025-07-02 12:21:29.093299+00:00,2.2584877
2025-07-02 12:21:38.352354+00:00,2.2584881
2025-07-02 12:21:49.469965+00:00,2.2584876
2025-07-02 12:22:01.425733+00:00,2.2584877
2025-07-02 12:22:13.204415+00:00,2.2584879
2025-07-02 12:22:27.389234+00:00,2.258488
2025-07-02 12:22:38.771187+00:00,2.2584879
2025-07-02 12:22:51.967121+00:00,2.2584878
2025-07-02 12:23:04.773289+00:00,2.2584881
2025-07-02 12:23:34.403096+00:00,2.2584877
2025-07-02 12:23:41.673571+00:00,2.2584882
2025-07-02 12:23:58.131258+00:00,2.2584881
2025-07-02 12:24:07.124682+00:00,2.2584881
2025-07-02 12:24:22.721905+00:00,2.2584879
2025-07-02 12:24:32.484729+00:00,2.2584876
2025-07-02 12:24:44.552396+00:00,2.2584882
2025-07-02 12:26:12.554967+00:00,2.2584881
2025-07-02 12:26:25.224593+00:00,2.2584877
2025-07-02 12:26:48.763890+00:00,2.2584877
2025-07-02 12:26:50.460866+00:00,2.258488
2025-07-02 12:27:03.615855+00:00,2.2584883
2025-07-02 12:27:16.630180+00:00,2.2584882
2025-07-02 12:27:27.918301+00:00,2.2584878
2025-07-02 12:27:42.549864+00:00,2.2584875
2025-07-02 12:27:53.345292+00:00,2.2584876
2025-07-02 12:28:05.874383+00:00,2.2584876
2025-07-02 12:28:18.380023+00:00,2.258488
2025-07-02 12:28:31.352237+00:00,2.2584882
2025-07-02 12:28:44.015871+00:00,2.2584882
2025-07-02 12:28:56.321292+00:00,2.2584884
2025-07-02 12:29:10.511047+00:00,2.2584874
2025-07-02 12:29:21.178536+00:00,2.2584874
2025-07-02 12:29:33.982568+00:00,2.2584881
2025-07-02 12:29:49.484709+00:00,2.2584882
2025-07-02 12:30:25.928784+00:00,2.2584876
2025-07-02 12:30:51.098788+00:00,2.2584883
2025-07-02 12:31:16.049508+00:00,2.258488
2025-07-02 12:32:30.968616+00:00,2.2584875
2025-07-02 12:32:33.005127+00:00,2.2584883
2025-07-02 12:33:50.636471+00:00,2.2584879
2025-07-02 12:34:14.275402+00:00,2.2584881
2025-07-02 12:34:26.677734+00:00,2.2584875
2025-07-02 12:34:38.640565+00:00,2.2584884
2025-07-02 12:34:51.393341+00:00,2.2584878
2025-07-02 12:35:10.386546+00:00,2.2584874
2025-07-02 12:35:16.745143+00:00,2.2584877
2025-07-02 12:35:32.784392+00:00,2.2584879
2025-07-02 12:35:41.848901+00:00,2.2584877
2025-07-02 12:35:54.667031+00:00,2.2584882
2025-07-02 12:36:20.225127+00:00,2.2584882
2025-07-02 12:36:36.758664+00:00,2.2584882
2025-07-02 12:36:44.907822+00:00,2.258488
2025-07-02 12:36:57.343032+00:00,2.258488
2025-07-02 12:37:10.425241+00:00,2.2584876
2025-07-02 12:37:22.732314+00:00,2.2584878
2025-07-02 12:37:48.724588+00:00,2.2584882
2025-07-02 12:38:00.970007+00:00,2.2584878
2025-07-02 12:38:12.887942+00:00,2.2584882
2025-07-02 12:38:26.717477+00:00,2.2584872
2025-07-02 12:38:37.654250+00:00,2.2584877
2025-07-02 12:38:52.547734+00:00,2.2584879
2025-07-02 12:39:16.212960+00:00,2.2584879
2025-07-02 12:39:29.106753+00:00,2.2584876
2025-07-02 12:39:54.865233+00:00,2.2584882
2025-07-02 12:40:09.093747+00:00,2.2584882
2025-07-02 12:40:20.298994+00:00,2.2584876
2025-07-02 12:40:34.063792+00:00,2.2584882
2025-07-02 12:40:45.883777+00:00,2.2584877
2025-07-02 12:40:58.405655+00:00,2.2584881
2025-07-02 12:41:11.116470+00:00,2.2584881
2025-07-02 12:41:24.135695+00:00,2.2584875
2025-07-02 12:41:37.021005+00:00,2.2584882
2025-07-02 12:41:49.415158+00:00,2.2584882
2025-07-02 12:42:02.946043+00:00,2.2584875
2025-07-02 12:42:15.607115+00:00,2.2584881
2025-07-02 12:42:27.572235+00:00,2.2584879
2025-07-02 12:42:41.643620+00:00,2.2584878
2025-07-02 12:42:52.747503+00:00,2.2584883
2025-07-02 12:43:06.465424+00:00,2.258488
2025-07-02 12:43:30.786514+00:00,2.2584878
2025-07-02 12:43:55.851860+00:00,2.2584877
2025-07-02 12:44:08.606375+00:00,2.2584878
2025-07-02 12:44:22.743103+00:00,2.2584873
2025-07-02 12:44:33.549854+00:00,2.2584874
2025-07-02 12:44:48.246825+00:00,2.2584882
2025-07-02 12:44:59.309953+00:00,2.258488
2025-07-02 12:45:12.061628+00:00,2.2584881
2025-07-02 12:45:30.545163+00:00,2.2584875
2025-07-02 12:45:37.291031+00:00,2.258488
2025-07-02 12:45:49.273306+00:00,2.2584877
2025-07-02 12:46:02.482556+00:00,2.2584878
2025-07-02 12:46:27.072046+00:00,2.2584883
2025-07-02 12:46:39.361880+00:00,2.2584875
2025-07-02 12:46:52.289731+00:00,2.2584882
2025-07-02 12:47:04.997825+00:00,2.2584883
2025-07-02 12:47:17.476002+00:00,2.2584874
2025-07-02 12:47:29.921340+00:00,2.258488
2025-07-02 12:47:42.137302+00:00,2.2584877
2025-07-02 12:47:55.004875+00:00,2.2584873
2025-07-02 12:48:07.749576+00:00,2.258488
2025-07-02 12:48:33.386243+00:00,2.2584878
2025-07-02 12:48:46.241351+00:00,2.258488
2025-07-02 12:48:58.420057+00:00,2.258488
2025-07-02 12:49:24.247408+00:00,2.2584877
2025-07-02 12:49:37.019176+00:00,2.2584878
2025-07-02 12:49:50.549052+00:00,2.2584875
2025-07-02 12:50:03.379061+00:00,2.2584875
2025-07-02 12:50:16.621107+00:00,2.2584881
2025-07-02 12:50:29.113226+00:00,2.2584878
2025-07-02 12:50:55.047052+00:00,2.2584881
2025-07-02 12:51:06.639512+00:00,2.2584882
2025-07-02 12:51:19.233065+00:00,2.2584882
2025-07-02 12:51:32.361636+00:00,2.2584883
2025-07-02 12:52:59.100117+00:00,2.2584882
2025-07-02 12:53:01.357287+00:00,2.2584881
2025-07-02 12:53:13.665540+00:00,2.258488
2025-07-02 12:53:26.382093+00:00,2.2584883
2025-07-02 12:53:38.980731+00:00,2.2584883
2025-07-02 12:53:51.130449+00:00,2.2584877
2025-07-02 12:54:04.344694+00:00,2.2584882
2025-07-02 12:54:16.820588+00:00,2.2584882
2025-07-02 12:54:54.262058+00:00,2.258488
2025-07-02 12:55:20.021209+00:00,2.2584883
2025-07-02 12:55:32.222491+00:00,2.2584881
2025-07-02 12:55:44.500375+00:00,2.2584882
2025-07-02 12:55:56.991540+00:00,2.2584877
2025-07-02 12:56:09.778874+00:00,2.2584875
2025-07-02 12:56:23.604981+00:00,2.2584881
2025-07-02 12:56:34.585262+00:00,2.2584882
2025-07-02 12:56:47.604179+00:00,2.2584882
2025-07-02 12:57:12.668841+00:00,2.2584879
2025-07-02 12:57:24.901579+00:00,2.2584876
2025-07-02 12:57:37.194121+00:00,2.2584875
2025-07-02 12:57:50.075199+00:00,2.2584874
2025-07-02 12:58:03.368900+00:00,2.258488
2025-07-02 12:58:40.632998+00:00,2.2584879
2025-07-02 12:59:08.336360+00:00,2.2584876
2025-07-02 12:59:22.698885+00:00,2.2584882
2025-07-02 12:59:32.790480+00:00,2.2584882
2025-07-02 12:59:45.612735+00:00,2.2584879
2025-07-02 12:59:58.380417+00:00,2.2584878
2025-07-02 13:00:18.861515+00:00,2.258488
2025-07-02 13:00:24.414067+00:00,2.2584882
2025-07-02 13:00:37.215658+00:00,2.2584875
2025-07-02 13:00:51.362794+00:00,2.2584876
2025-07-02 13:01:02.946818+00:00,2.2584882
2025-07-02 13:01:15.421376+00:00,2.258488
2025-07-02 13:01:27.618660+00:00,2.2584882
2025-07-02 13:01:40.575323+00:00,2.2584881
2025-07-02 13:01:53.303359+00:00,2.258488
2025-07-02 13:02:07.345058+00:00,2.258488
2025-07-02 13:02:18.571348+00:00,2.2584878
2025-07-02 13:02:30.464004+00:00,2.2584877
2025-07-02 13:02:42.744543+00:00,2.2584878
2025-07-02 13:02:56.320303+00:00,2.2584879
2025-07-02 13:03:08.521665+00:00,2.2584879
2025-07-02 13:03:21.564965+00:00,2.2584877
2025-07-02 13:03:33.276940+00:00,2.2584882
2025-07-02 13:03:47.959654+00:00,2.2584873
2025-07-02 13:03:57.884513+00:00,2.2584883
2025-07-02 13:04:10.556744+00:00,2.2584874
2025-07-02 13:04:36.326861+00:00,2.2584878
2025-07-02 13:04:48.537367+00:00,2.2584883
2025-07-02 13:05:01.407927+00:00,2.2584874
2025-07-02 13:05:14.133287+00:00,2.2584875
2025-07-02 13:05:26.675081+00:00,2.2584884
2025-07-02 13:05:39.225565+00:00,2.2584875
2025-07-02 13:05:51.373524+00:00,2.2584875
2025-07-02 13:06:03.990565+00:00,2.2584877
2025-07-02 13:06:16.681980+00:00,2.2584878
2025-07-02 13:06:29.331506+00:00,2.2584881
2025-07-02 13:06:41.852712+00:00,2.2584876
2025-07-02 13:06:54.673677+00:00,2.2584875
2025-07-02 13:07:08.071860+00:00,2.2584877
2025-07-02 13:07:19.180586+00:00,2.2584878
2025-07-02 13:07:36.872393+00:00,2.258488
2025-07-02 13:07:44.074902+00:00,2.2584883
2025-07-02 13:07:57.009701+00:00,2.2584875
2025-07-02 13:08:22.888153+00:00,2.258488
2025-07-02 13:08:36.571447+00:00,2.2584878
2025-07-02 13:08:49.297779+00:00,2.2584879
2025-07-02 13:09:06.868805+00:00,2.2584875
2025-07-02 13:09:27.206347+00:00,2.2584881
2025-07-02 13:09:39.525830+00:00,2.2584877
2025-07-02 13:09:52.192244+00:00,2.2584883
2025-07-02 13:10:05.450553+00:00,2.2584879
2025-07-02 13:10:18.285959+00:00,2.2584879
2025-07-02 13:10:31.373383+00:00,2.2584883
2025-07-02 13:10:55.982354+00:00,2.2584876
2025-07-02 13:11:09.445498+00:00,2.2584876
2025-07-02 13:11:23.257742+00:00,2.2584878
2025-07-02 13:11:45.115073+00:00,2.2584879
2025-07-02 13:11:48.842780+00:00,2.2584876
2025-07-02 13:11:59.611001+00:00,2.2584879
2025-07-02 13:12:12.017129+00:00,2.258488
2025-07-02 13:12:31.894078+00:00,2.2584884
2025-07-02 13:12:43.633954+00:00,2.2584875
2025-07-02 13:12:50.105183+00:00,2.2584882
2025-07-02 13:13:09.947703+00:00,2.2584876
2025-07-02 13:13:19.987895+00:00,2.2584881
2025-07-02 13:13:27.604407+00:00,2.2584878
2025-07-02 13:13:39.920541+00:00,2.2584872
2025-07-02 13:13:52.599390+00:00,2.258488
2025-07-02 13:14:05.464286+00:00,2.2584879
2025-07-02 13:14:17.937708+00:00,2.2584878
2025-07-02 13:14:30.470057+00:00,2.2584879
2025-07-02 13:14:42.541697+00:00,2.2584877
2025-07-02 13:14:58.656576+00:00,2.258488
2025-07-02 13:15:08.052729+00:00,2.2584877
2025-07-02 13:15:21.144788+00:00,2.2584879
2025-07-02 13:15:33.345734+00:00,2.258488
2025-07-02 13:15:47.949735+00:00,2.2584883
2025-07-02 13:16:01.868084+00:00,2.2584883
2025-07-02 13:17:20.327371+00:00,2.2584873
2025-07-02 13:17:26.636521+00:00,2.2584878
2025-07-02 13:17:39.564502+00:00,2.2584874
2025-07-02 13:17:52.519700+00:00,2.2584873
2025-07-02 13:18:05.573483+00:00,2.2584882
2025-07-02 13:18:19.328453+00:00,2.2584881
2025-07-02 13:18:32.763525+00:00,2.2584874
2025-07-02 13:18:44.039808+00:00,2.2584876
2025-07-02 13:18:57.805926+00:00,2.2584875
2025-07-02 13:19:20.764480+00:00,2.2584882
2025-07-02 13:19:22.161550+00:00,2.2584883
2025-07-02 13:19:35.118273+00:00,2.258488
2025-07-02 13:19:48.309791+00:00,2.2584876
2025-07-02 13:20:08.186705+00:00,2.2584878
2025-07-02 13:20:39.357540+00:00,2.2584882
2025-07-02 13:20:51.790539+00:00,2.2584881
2025-07-02 13:21:04.582874+00:00,2.258488
2025-07-02 13:21:16.805579+00:00,2.2584881
2025-07-02 13:21:28.877489+00:00,2.2584879
2025-07-02 13:21:41.399470+00:00,2.2584877
2025-07-02 13:21:53.895885+00:00,2.2584879
2025-07-02 13:22:07.542651+00:00,2.2584884
2025-07-02 13:22:19.360651+00:00,2.2584876
2025-07-02 13:22:32.179283+00:00,2.2584878
2025-07-02 13:22:44.406427+00:00,2.2584877
2025-07-02 13:22:57.080465+00:00,2.2584882
2025-07-02 13:23:10.188049+00:00,2.2584882
2025-07-02 13:23:27.724739+00:00,2.2584882
2025-07-02 13:23:34.401367+00:00,2.2584881
2025-07-02 13:23:47.874172+00:00,2.2584881
2025-07-02 13:23:59.604865+00:00,2.258488
2025-07-02 13:24:13.000738+00:00,2.2584876
2025-07-02 13:24:38.281116+00:00,2.2584882
2025-07-02 13:24:49.877567+00:00,2.2584884
2025-07-02 13:25:02.730139+00:00,2.2584875
2025-07-02 13:25:15.938800+00:00,2.2584877
2025-07-02 13:25:28.548440+00:00,2.2584875
2025-07-02 13:25:40.562931+00:00,2.2584878
2025-07-02 13:25:53.228328+00:00,2.2584875
2025-07-02 13:26:06.078651+00:00,2.2584877
2025-07-02 13:26:19.148123+00:00,2.2584878
2025-07-02 13:26:31.425075+00:00,2.2584884
2025-07-02 13:26:43.921145+00:00,2.2584878
2025-07-02 13:26:57.189925+00:00,2.2584877
2025-07-02 13:27:10.319515+00:00,2.2584877
2025-07-02 13:27:23.633315+00:00,2.2584879
2025-07-02 13:27:35.684144+00:00,2.258488
2025-07-02 13:27:48.382558+00:00,2.2584875
2025-07-02 13:28:01.444736+00:00,2.2584882
2025-07-02 13:28:13.644594+00:00,2.2584877
2025-07-02 13:28:26.710673+00:00,2.2584883
2025-07-02 13:28:39.066759+00:00,2.2584878
2025-07-02 13:28:52.150375+00:00,2.2584882
2025-07-02 13:29:04.643363+00:00,2.2584879
2025-07-02 13:29:17.517824+00:00,2.2584873
2025-07-02 13:29:30.492683+00:00,2.2584878
2025-07-02 13:29:45.008584+00:00,2.2584881
2025-07-02 13:29:55.515818+00:00,2.2584875
2025-07-02 13:30:58.094890+00:00,2.2584879
2025-07-02 13:31:50.184917+00:00,2.2584879
2025-07-02 13:32:27.642500+00:00,2.2584875
2025-07-02 13:32:38.389802+00:00,2.2584877
2025-07-02 13:32:51.097890+00:00,2.258488
2025-07-02 13:33:04.196346+00:00,2.2584877
2025-07-02 13:33:18.675074+00:00,2.2584882
2025-07-02 13:33:29.314081+00:00,2.2584873
2025-07-02 13:33:45.013560+00:00,2.2584878
2025-07-02 13:33:54.386513+00:00,2.2584884
2025-07-02 13:34:19.884862+00:00,2.2584883
2025-07-02 13:34:32.634965+00:00,2.2584875
2025-07-02 13:34:45.518929+00:00,2.2584881
2025-07-02 13:35:00.073055+00:00,2.2584883
2025-07-02 13:35:28.405172+00:00,2.2584876
2025-07-02 13:35:35.613768+00:00,2.2584882
2025-07-02 13:35:49.716402+00:00,2.2584878
2025-07-02 13:36:14.151510+00:00,2.2584874
2025-07-02 13:37:04.241892+00:00,2.2584879
2025-07-02 13:37:17.193219+00:00,2.2584876
2025-07-02 13:37:29.555980+00:00,2.2584882
2025-07-02 13:37:42.660789+00:00,2.2584878
2025-07-02 13:37:56.239291+00:00,2.2584881
2025-07-02 13:38:47.236544+00:00,2.2584878
2025-07-02 13:38:59.226371+00:00,2.2584882
2025-07-02 13:39:12.573524+00:00,2.2584874
2025-07-02 13:39:25.417583+00:00,2.2584873
2025-07-02 13:39:37.707049+00:00,2.2584882
2025-07-02 13:40:27.679104+00:00,2.2584877
2025-07-02 13:40:28.767599+00:00,2.2584873
2025-07-02 13:40:40.300441+00:00,2.2584882
2025-07-02 13:40:53.235764+00:00,2.2584874
2025-07-02 13:41:58.241531+00:00,2.2584875
2025-07-02 13:43:13.986288+00:00,2.2584877
2025-07-02 13:43:24.151841+00:00,2.2584881
2025-07-02 13:43:36.854060+00:00,2.2584878
2025-07-02 13:43:49.465632+00:00,2.2584881
2025-07-02 13:44:03.205942+00:00,2.2584871
2025-07-02 13:44:15.457674+00:00,2.2584875
2025-07-02 13:44:27.492126+00:00,2.2584877
2025-07-02 13:44:39.825650+00:00,2.2584874
2025-07-02 13:44:52.149645+00:00,2.2584881
2025-07-02 13:45:05.486764+00:00,2.2584873
2025-07-02 13:45:31.252498+00:00,2.2584884
2025-07-02 13:45:42.340061+00:00,2.2584877
2025-07-02 13:45:55.255960+00:00,2.2584876
2025-07-02 13:46:19.467713+00:00,2.258488
2025-07-02 13:46:20.336718+00:00,2.2584878
2025-07-02 13:46:34.209076+00:00,2.2584883
2025-07-02 13:46:46.305216+00:00,2.2584873
2025-07-02 13:46:58.187529+00:00,2.2584882
2025-07-02 13:47:11.904129+00:00,2.2584877
2025-07-02 13:47:22.915573+00:00,2.2584874
2025-07-02 13:47:35.961508+00:00,2.2584878
2025-07-02 13:47:48.550557+00:00,2.2584879
2025-07-02 13:48:01.043124+00:00,2.2584873
2025-07-02 13:48:16.050865+00:00,2.2584872
2025-07-02 13:48:26.120720+00:00,2.2584876
2025-07-02 13:48:38.216684+00:00,2.2584878
2025-07-02 13:48:50.900420+00:00,2.258488
2025-07-02 13:49:04.315634+00:00,2.2584877
2025-07-02 13:49:17.723822+00:00,2.2584884
2025-07-02 13:49:29.781711+00:00,2.258488
2025-07-02 13:49:42.668484+00:00,2.2584879
2025-07-02 13:49:55.466214+00:00,2.2584874
2025-07-02 13:50:08.562974+00:00,2.2584874
2025-07-02 13:50:34.703968+00:00,2.2584883
2025-07-02 13:50:47.354006+00:00,2.2584874
2025-07-02 13:50:59.429827+00:00,2.258488
2025-07-02 13:51:12.282259+00:00,2.2584875
2025-07-02 13:51:25.366797+00:00,2.2584873
2025-07-02 13:51:38.148619+00:00,2.2584875
2025-07-02 13:51:50.678229+00:00,2.258488
2025-07-02 13:52:12.304142+00:00,2.2584875
2025-07-02 13:52:29.472333+00:00,2.2584879
2025-07-02 13:52:41.213854+00:00,2.2584873
2025-07-02 13:52:53.373188+00:00,2.2584881
2025-07-02 13:53:06.508573+00:00,2.258488
2025-07-02 13:53:18.931153+00:00,2.2584876
2025-07-02 13:53:31.737128+00:00,2.258488
2025-07-02 13:53:49.109495+00:00,2.258488
2025-07-02 13:53:56.929494+00:00,2.258488
2025-07-02 13:54:10.014731+00:00,2.2584873
2025-07-02 13:54:22.371846+00:00,2.2584878
2025-07-02 13:54:34.835935+00:00,2.2584881
2025-07-02 13:54:48.132578+00:00,2.2584877
2025-07-02 13:55:04.237073+00:00,2.2584882
2025-07-02 13:55:54.906846+00:00,2.2584876
2025-07-02 13:57:40.587153+00:00,2.2584879
2025-07-02 13:59:11.740777+00:00,2.2584875
2025-07-02 13:59:25.583347+00:00,2.2584883
2025-07-02 13:59:40.786459+00:00,2.2584878
2025-07-02 13:59:51.783938+00:00,2.2584877
2025-07-02 14:00:07.474286+00:00,2.258488
2025-07-02 14:00:16.349479+00:00,2.2584873
2025-07-02 14:00:28.922755+00:00,2.2584878
2025-07-02 14:00:41.905910+00:00,2.2584879
2025-07-02 14:00:53.889437+00:00,2.2584881
2025-07-02 14:01:06.305938+00:00,2.2584879
2025-07-02 14:01:19.963792+00:00,2.2584877
2025-07-02 14:01:31.406582+00:00,2.258488
2025-07-02 14:01:44.438226+00:00,2.2584874
2025-07-02 14:01:56.635158+00:00,2.2584878
2025-07-02 14:02:20.164329+00:00,2.2584881
2025-07-02 14:02:21.987042+00:00,2.258488
2025-07-02 14:02:34.864592+00:00,2.2584876
2025-07-02 14:02:51.552997+00:00,2.2584883
2025-07-02 14:02:59.765952+00:00,2.2584876
2025-07-02 14:03:13.256411+00:00,2.2584877
2025-07-02 14:03:25.103471+00:00,2.2584877
2025-07-02 14:03:37.715247+00:00,2.2584876
2025-07-02 14:03:52.269410+00:00,2.2584881
2025-07-02 14:04:20.136719+00:00,2.258488
2025-07-02 14:04:35.688761+00:00,2.2584881
2025-07-02 14:04:40.518998+00:00,2.2584877
2025-07-02 14:05:08.450991+00:00,2.2584879
2025-07-02 14:05:37.666416+00:00,2.2584879
2025-07-02 14:05:45.223504+00:00,2.2584881
2025-07-02 14:06:11.277650+00:00,2.2584881
2025-07-02 14:06:23.685852+00:00,2.2584881
2025-07-02 14:06:36.591540+00:00,2.2584877
2025-07-02 14:06:49.207845+00:00,2.2584879
2025-07-02 14:07:02.306852+00:00,2.2584877
2025-07-02 14:07:15.636574+00:00,2.2584875
2025-07-02 14:07:27.319769+00:00,2.2584877
2025-07-02 14:07:40.300366+00:00,2.258488
2025-07-02 14:07:52.839032+00:00,2.2584877
2025-07-02 14:08:06.181889+00:00,2.2584879
2025-07-02 14:08:18.785897+00:00,2.2584874
2025-07-02 14:08:34.208845+00:00,2.2584879
2025-07-02 14:08:43.797266+00:00,2.2584879
2025-07-02 14:08:56.206728+00:00,2.2584882
2025-07-02 14:09:39.966361+00:00,2.2584874
2025-07-02 14:09:51.107692+00:00,2.2584876
2025-07-02 14:10:07.776429+00:00,2.2584881
2025-07-02 14:11:14.896454+00:00,2.2584881
2025-07-02 14:11:27.606621+00:00,2.2584884
2025-07-02 14:11:58.560622+00:00,2.258488
2025-07-02 14:12:18.321721+00:00,2.2584875
2025-07-02 14:12:47.198330+00:00,2.2584875
2025-07-02 14:13:37.889861+00:00,2.2584873
2025-07-02 14:14:06.846551+00:00,2.2584878
2025-07-02 14:14:14.046749+00:00,2.2584884
2025-07-02 14:14:23.649852+00:00,2.258488
2025-07-02 14:16:06.115064+00:00,2.258488
2025-07-02 14:16:18.881259+00:00,2.2584881
2025-07-02 14:16:44.186107+00:00,2.2584876
2025-07-02 14:16:57.215917+00:00,2.2584874
2025-07-02 14:17:10.841823+00:00,2.2584881
2025-07-02 14:17:22.907384+00:00,2.2584877
2025-07-02 14:17:35.748963+00:00,2.2584877
2025-07-02 14:17:56.190668+00:00,2.2584876
2025-07-02 14:18:13.582925+00:00,2.2584877
2025-07-02 14:18:26.725387+00:00,2.2584879
2025-07-02 14:18:40.494486+00:00,2.2584879
2025-07-02 14:18:52.251619+00:00,2.2584876
2025-07-02 14:19:07.197924+00:00,2.2584875
2025-07-02 14:19:38.613527+00:00,2.2584877
2025-07-02 14:20:01.411511+00:00,2.2584879
2025-07-02 14:20:07.529096+00:00,2.2584881
2025-07-02 14:20:20.402786+00:00,2.2584876
2025-07-02 14:20:34.502798+00:00,2.2584879
2025-07-02 14:20:45.642556+00:00,2.2584879
2025-07-02 14:20:58.239482+00:00,2.2584876
2025-07-02 14:21:11.034774+00:00,2.2584876
2025-07-02 14:21:25.120219+00:00,2.2584881
2025-07-02 14:21:36.321058+00:00,2.2584879
2025-07-02 14:21:49.176166+00:00,2.2584877
2025-07-02 14:22:01.717349+00:00,2.2584881
2025-07-02 14:22:13.749638+00:00,2.2584873
2025-07-02 14:22:26.680313+00:00,2.2584876
2025-07-02 14:22:38.688523+00:00,2.2584884
2025-07-02 14:22:51.511568+00:00,2.2584879
2025-07-02 14:23:04.133640+00:00,2.2584875
2025-07-02 14:23:20.743122+00:00,2.2584876
2025-07-02 14:23:29.058088+00:00,2.2584879
2025-07-02 14:23:41.739745+00:00,2.2584882
2025-07-02 14:23:55.020553+00:00,2.2584875
2025-07-02 14:24:21.620631+00:00,2.2584876
2025-07-02 14:24:44.771061+00:00,2.2584881
2025-07-02 14:24:57.104784+00:00,2.2584871
2025-07-02 14:25:09.953008+00:00,2.2584871
2025-07-02 14:25:22.855960+00:00,2.2584873
2025-07-02 14:25:37.370245+00:00,2.2584876
2025-07-02 14:25:47.632321+00:00,2.2584881
2025-07-02 14:25:59.962263+00:00,2.2584878
2025-07-02 14:26:13.094052+00:00,2.2584873
2025-07-02 14:26:25.876282+00:00,2.2584876
2025-07-02 14:26:39.437716+00:00,2.2584875
2025-07-02 14:26:51.635530+00:00,2.2584874
2025-07-02 14:27:04.570110+00:00,2.2584878
2025-07-02 14:27:21.165334+00:00,2.2584882
2025-07-02 14:27:52.112745+00:00,2.2584876
2025-07-02 14:27:55.883854+00:00,2.2584879
2025-07-02 14:28:10.510294+00:00,2.2584877
2025-07-02 14:28:21.504166+00:00,2.2584875
2025-07-02 14:28:33.915672+00:00,2.258488
2025-07-02 14:28:48.175005+00:00,2.2584876
2025-07-02 14:29:00.966400+00:00,2.2584876
2025-07-02 14:29:12.352585+00:00,2.2584875
2025-07-02 14:29:25.507140+00:00,2.2584877
2025-07-02 14:29:37.966216+00:00,2.2584879
2025-07-02 14:30:26.532189+00:00,2.2584876
2025-07-02 14:30:31.815714+00:00,2.2584874
2025-07-02 14:30:40.562000+00:00,2.258488
2025-07-02 14:31:14.040579+00:00,2.2584882
2025-07-02 14:31:19.272064+00:00,2.2584879
2025-07-02 14:31:31.931411+00:00,2.2584879
2025-07-02 14:32:09.536012+00:00,2.2584877
2025-07-02 14:32:22.131045+00:00,2.2584875
2025-07-02 14:32:34.492073+00:00,2.258488
2025-07-02 14:32:48.575553+00:00,2.2584875
2025-07-02 14:33:00.465669+00:00,2.2584875
2025-07-02 14:33:12.994042+00:00,2.2584881
2025-07-02 14:33:25.597253+00:00,2.2584878
2025-07-02 14:33:41.888661+00:00,2.2584881
2025-07-02 14:34:12.449911+00:00,2.2584878
2025-07-02 14:34:17.019669+00:00,2.2584882
2025-07-02 14:34:29.634463+00:00,2.258488
2025-07-02 14:34:42.066776+00:00,2.2584882
2025-07-02 14:34:54.932200+00:00,2.2584878
2025-07-02 14:35:08.311714+00:00,2.2584879
2025-07-02 14:35:20.555080+00:00,2.2584872
2025-07-02 14:35:33.224671+00:00,2.2584876
2025-07-02 14:35:45.543792+00:00,2.2584872
2025-07-02 14:35:59.923736+00:00,2.2584878
2025-07-02 14:36:26.786186+00:00,2.2584874
2025-07-02 14:36:36.289348+00:00,2.2584881
2025-07-02 14:36:52.989094+00:00,2.2584873
2025-07-02 14:37:25.912830+00:00,2.2584878
2025-07-02 14:37:38.514527+00:00,2.2584877
2025-07-02 14:37:51.151890+00:00,2.2584877
2025-07-02 14:38:28.800381+00:00,2.2584882
2025-07-02 14:38:41.513221+00:00,2.2584882
2025-07-02 14:38:53.763693+00:00,2.2584878
2025-07-02 14:39:06.663958+00:00,2.2584874
2025-07-02 14:39:19.471140+00:00,2.2584878
2025-07-02 14:39:32.444304+00:00,2.2584874
2025-07-02 14:39:44.683055+00:00,2.2584876
2025-07-02 14:39:57.284838+00:00,2.2584878
2025-07-02 14:40:10.233692+00:00,2.2584878
2025-07-02 14:40:22.932978+00:00,2.2584875
2025-07-02 14:40:40.340744+00:00,2.2584873
2025-07-02 14:40:48.441738+00:00,2.2584876
2025-07-02 14:41:01.531152+00:00,2.2584876
2025-07-02 14:41:14.125146+00:00,2.2584876
2025-07-02 14:41:26.830874+00:00,2.2584881
2025-07-02 14:41:39.734126+00:00,2.2584873
2025-07-02 14:41:53.177572+00:00,2.2584882
2025-07-02 14:42:06.114561+00:00,2.2584882
2025-07-02 14:42:19.046199+00:00,2.2584879
2025-07-02 14:42:31.313127+00:00,2.2584877
2025-07-02 14:42:43.875036+00:00,2.2584874
2025-07-02 14:42:56.571365+00:00,2.2584875
2025-07-02 14:43:09.421409+00:00,2.2584878
2025-07-02 14:43:34.921132+00:00,2.2584878
2025-07-02 14:43:48.352406+00:00,2.2584876
2025-07-02 14:43:59.994139+00:00,2.2584875
2025-07-02 14:44:12.286953+00:00,2.2584876
2025-07-02 14:44:24.906189+00:00,2.2584879
2025-07-02 14:44:37.342568+00:00,2.258488
2025-07-02 14:44:50.269486+00:00,2.2584879
2025-07-02 14:45:21.886782+00:00,2.2584876
2025-07-02 14:45:30.411378+00:00,2.2584875
2025-07-02 14:45:40.815398+00:00,2.2584879
2025-07-02 14:45:54.184817+00:00,2.2584875
2025-07-02 14:46:06.218813+00:00,2.2584873
2025-07-02 14:46:18.631479+00:00,2.2584881
2025-07-02 14:46:52.201443+00:00,2.2584877
2025-07-02 14:47:15.147077+00:00,2.2584876
2025-07-02 14:47:22.627429+00:00,2.2584877
2025-07-02 14:47:35.207571+00:00,2.2584875
2025-07-02 14:47:47.173401+00:00,2.2584875
2025-07-02 14:48:01.282485+00:00,2.2584877
2025-07-02 14:48:25.240148+00:00,2.2584877
2025-07-02 14:48:41.474723+00:00,2.2584876
2025-07-02 14:48:56.409746+00:00,2.2584879
2025-07-02 14:49:04.288148+00:00,2.2584883
2025-07-02 14:49:26.910272+00:00,2.2584882
2025-07-02 14:49:29.484935+00:00,2.258488
2025-07-02 14:49:55.288231+00:00,2.2584879
2025-07-02 14:50:08.371192+00:00,2.2584878
2025-07-02 14:50:21.170133+00:00,2.2584879
2025-07-02 14:50:33.924229+00:00,2.2584879
2025-07-02 14:50:46.413191+00:00,2.2584876
2025-07-02 14:50:58.966018+00:00,2.2584874
2025-07-02 14:51:12.178415+00:00,2.2584877
2025-07-02 14:51:28.477453+00:00,2.258488
2025-07-02 14:51:37.548500+00:00,2.2584878
2025-07-02 14:51:50.357861+00:00,2.2584876
2025-07-02 14:52:02.770060+00:00,2.2584875
2025-07-02 14:52:14.770443+00:00,2.2584882
2025-07-02 14:52:29.925813+00:00,2.2584879
2025-07-02 14:52:43.741457+00:00,2.2584877
2025-07-02 14:52:52.361201+00:00,2.258488
2025-07-02 14:53:05.848575+00:00,2.2584875
2025-07-02 14:53:20.883221+00:00,2.258488
2025-07-02 14:53:31.499422+00:00,2.258488
2025-07-02 14:53:54.246074+00:00,2.2584878
2025-07-02 14:54:07.862829+00:00,2.2584876
2025-07-02 14:54:20.748812+00:00,2.2584883
2025-07-02 14:54:33.416009+00:00,2.2584873
2025-07-02 14:54:46.567175+00:00,2.2584879
2025-07-02 14:54:59.834264+00:00,2.2584882
2025-07-02 14:55:20.754588+00:00,2.2584883
2025-07-02 14:55:24.211773+00:00,2.2584872
2025-07-02 14:55:36.703568+00:00,2.2584876
2025-07-02 14:55:48.911679+00:00,2.2584874
2025-07-02 14:56:03.695432+00:00,2.2584876
2025-07-02 14:56:28.014029+00:00,2.2584874
2025-07-02 14:56:40.104439+00:00,2.2584881
2025-07-02 14:56:52.671069+00:00,2.2584875
2025-07-02 14:57:05.169150+00:00,2.2584881
2025-07-02 14:57:17.979850+00:00,2.2584877
2025-07-02 14:57:29.661485+00:00,2.2584873
2025-07-02 14:57:42.628567+00:00,2.2584879
2025-07-02 14:58:00.805390+00:00,2.2584881
2025-07-02 14:58:08.099192+00:00,2.2584878
2025-07-02 14:58:20.203910+00:00,2.2584875
2025-07-02 14:58:33.875572+00:00,2.2584876
2025-07-02 14:58:45.490413+00:00,2.2584883
2025-07-02 14:58:58.169248+00:00,2.2584877
2025-07-02 14:59:11.120083+00:00,2.2584873
2025-07-02 14:59:23.486700+00:00,2.2584876
2025-07-02 14:59:36.077305+00:00,2.2584875
2025-07-02 14:59:48.877591+00:00,2.2584874
2025-07-02 15:00:02.337575+00:00,2.2584873
2025-07-02 15:00:15.445937+00:00,2.2584881
2025-07-02 15:00:27.763346+00:00,2.2584877
2025-07-02 15:00:40.793353+00:00,2.2584876
2025-07-02 15:00:53.370071+00:00,2.2584873
2025-07-02 15:01:09.686779+00:00,2.2584879
2025-07-02 15:01:19.249150+00:00,2.2584871
2025-07-02 15:01:32.038856+00:00,2.2584877
2025-07-02 15:01:44.662302+00:00,2.2584876
2025-07-02 15:02:14.650957+00:00,2.258488
2025-07-02 15:03:00.177134+00:00,2.2584874
2025-07-02 15:03:12.632871+00:00,2.2584874
2025-07-02 15:04:03.600850+00:00,2.2584875
2025-07-02 15:04:19.830533+00:00,2.2584875
2025-07-02 15:04:28.989238+00:00,2.2584875
2025-07-02 15:05:40.463491+00:00,2.2584878
2025-07-02 15:05:44.153736+00:00,2.258488
2025-07-02 15:05:56.964805+00:00,2.258488
2025-07-02 15:06:34.953788+00:00,2.2584873
2025-07-02 15:06:47.551494+00:00,2.2584873
2025-07-02 15:06:59.613868+00:00,2.258488
2025-07-02 15:07:24.716699+00:00,2.2584877
2025-07-02 15:07:49.923637+00:00,2.2584882
2025-07-02 15:08:02.878266+00:00,2.2584881
2025-07-02 15:08:15.511915+00:00,2.2584875
2025-07-02 15:08:28.256311+00:00,2.2584881
2025-07-02 15:08:40.493794+00:00,2.2584879
2025-07-02 15:08:53.213842+00:00,2.2584879
2025-07-02 15:09:06.684077+00:00,2.2584876
2025-07-02 15:09:18.557964+00:00,2.2584874
2025-07-02 15:09:32.159065+00:00,2.2584881
2025-07-02 15:09:49.372599+00:00,2.2584875
2025-07-02 15:09:57.275263+00:00,2.2584874
2025-07-02 15:10:10.417681+00:00,2.2584874
2025-07-02 15:10:23.125824+00:00,2.2584879
2025-07-02 15:10:36.064578+00:00,2.2584878
2025-07-02 15:10:48.764882+00:00,2.2584873
2025-07-02 15:11:01.940822+00:00,2.2584878
2025-07-02 15:11:15.474378+00:00,2.2584883
2025-07-02 15:11:26.876924+00:00,2.2584878
2025-07-02 15:11:39.673839+00:00,2.2584881
2025-07-02 15:11:52.622260+00:00,2.2584872
2025-07-02 15:12:05.806325+00:00,2.2584882
2025-07-02 15:12:18.163658+00:00,2.2584882
2025-07-02 15:12:32.557390+00:00,2.2584878
2025-07-02 15:12:44.651299+00:00,2.2584878
2025-07-02 15:12:56.623000+00:00,2.2584877
2025-07-02 15:13:09.805095+00:00,2.2584882
2025-07-02 15:13:21.650760+00:00,2.2584881
2025-07-02 15:13:35.988445+00:00,2.2584879
2025-07-02 15:13:47.020854+00:00,2.2584881
2025-07-02 15:15:11.183243+00:00,2.2584872
2025-07-02 15:15:15.535542+00:00,2.2584876
2025-07-02 15:15:28.178714+00:00,2.2584877
2025-07-02 15:15:40.838352+00:00,2.2584874
2025-07-02 15:15:53.421795+00:00,2.2584875
2025-07-02 15:16:06.635463+00:00,2.2584875
2025-07-02 15:16:18.869544+00:00,2.2584877
2025-07-02 15:16:32.375160+00:00,2.2584874
2025-07-02 15:16:47.140184+00:00,2.2584877
2025-07-02 15:16:56.255898+00:00,2.2584874
2025-07-02 15:17:10.488372+00:00,2.2584882
2025-07-02 15:17:21.762341+00:00,2.2584876
2025-07-02 15:17:59.478801+00:00,2.2584877
2025-07-02 15:18:12.347758+00:00,2.2584873
2025-07-02 15:18:24.740163+00:00,2.2584875
2025-07-02 15:18:37.809175+00:00,2.2584879
2025-07-02 15:18:53.927857+00:00,2.2584874
2025-07-02 15:19:16.211745+00:00,2.2584879
2025-07-02 15:19:28.874109+00:00,2.2584876
2025-07-02 15:19:41.906771+00:00,2.2584881
2025-07-02 15:19:54.731196+00:00,2.2584877
2025-07-02 15:20:10.593860+00:00,2.2584873
2025-07-02 15:20:20.836085+00:00,2.2584882
2025-07-02 15:20:57.856070+00:00,2.2584881
2025-07-02 15:21:26.850234+00:00,2.2584881
2025-07-02 15:21:39.352860+00:00,2.2584872
2025-07-02 15:21:49.866705+00:00,2.2584878
2025-07-02 15:22:02.788520+00:00,2.258488
2025-07-02 15:22:28.215273+00:00,2.2584883
2025-07-02 15:22:43.251092+00:00,2.2584883
2025-07-02 15:22:53.286326+00:00,2.2584876
2025-07-02 15:23:06.236655+00:00,2.2584873
2025-07-02 15:23:18.386001+00:00,2.2584874
2025-07-02 15:23:31.334075+00:00,2.2584881
2025-07-02 15:23:43.573746+00:00,2.2584875
2025-07-02 15:23:56.617689+00:00,2.2584877
2025-07-02 15:24:21.436122+00:00,2.258488
2025-07-02 15:24:33.754436+00:00,2.2584874
2025-07-02 15:24:56.794090+00:00,2.258488
2025-07-02 15:24:59.273349+00:00,2.2584877
2025-07-02 15:25:24.830267+00:00,2.2584883
2025-07-02 15:25:38.336265+00:00,2.258488
2025-07-02 15:25:49.892798+00:00,2.2584876
2025-07-02 15:26:27.131829+00:00,2.2584878
2025-07-02 15:26:53.593828+00:00,2.2584877
2025-07-02 15:27:06.536692+00:00,2.2584881
2025-07-02 15:27:44.682776+00:00,2.2584879
2025-07-02 15:27:56.072006+00:00,2.2584881
2025-07-02 15:28:09.982661+00:00,2.2584874
2025-07-02 15:28:21.548770+00:00,2.2584875
2025-07-02 15:28:34.583283+00:00,2.2584876
2025-07-02 15:28:47.516566+00:00,2.2584876
2025-07-02 15:28:59.942864+00:00,2.2584878
2025-07-02 15:29:13.294883+00:00,2.2584878
2025-07-02 15:29:26.022148+00:00,2.2584878
2025-07-02 15:29:39.450338+00:00,2.2584876
2025-07-02 15:29:51.669517+00:00,2.2584875
2025-07-02 15:30:04.523356+00:00,2.2584876
2025-07-02 15:30:17.680949+00:00,2.2584875
2025-07-02 15:30:30.072786+00:00,2.258488
2025-07-02 15:30:44.356122+00:00,2.2584873
2025-07-02 15:30:55.289737+00:00,2.2584878
2025-07-02 15:31:08.610686+00:00,2.2584884
2025-07-02 15:31:22.774282+00:00,2.2584876
2025-07-02 15:31:34.410175+00:00,2.2584874
2025-07-02 15:31:59.250744+00:00,2.2584872
2025-07-02 15:32:12.134526+00:00,2.2584876
2025-07-02 15:32:24.629619+00:00,2.258488
2025-07-02 15:32:36.774612+00:00,2.2584878
2025-07-02 15:32:49.206765+00:00,2.2584878
2025-07-02 15:33:24.727585+00:00,2.2584877
2025-07-02 15:33:27.429509+00:00,2.2584876
2025-07-02 15:33:40.084206+00:00,2.2584881
2025-07-02 15:33:52.373387+00:00,2.2584874
2025-07-02 15:34:39.573818+00:00,2.2584875
2025-07-02 15:34:52.722512+00:00,2.2584881
2025-07-02 15:35:38.762027+00:00,2.2584873
2025-07-02 15:35:58.614966+00:00,2.2584877
2025-07-02 15:36:59.695981+00:00,2.2584876
2025-07-02 15:37:01.904264+00:00,2.2584873
2025-07-02 15:37:27.764003+00:00,2.258488
2025-07-02 15:37:40.729382+00:00,2.258488
2025-07-02 15:39:04.217238+00:00,2.2584876
2025-07-02 15:39:10.268629+00:00,2.2584877
2025-07-02 15:39:23.316905+00:00,2.258488
2025-07-02 15:39:37.826092+00:00,2.2584879
2025-07-02 15:39:48.473722+00:00,2.2584877
2025-07-02 15:40:01.532714+00:00,2.2584875
2025-07-02 15:40:14.900913+00:00,2.2584872
2025-07-02 15:40:27.528187+00:00,2.2584872
2025-07-02 15:40:43.929906+00:00,2.2584879
2025-07-02 15:40:52.504340+00:00,2.2584879
2025-07-02 15:41:18.474632+00:00,2.2584876
2025-07-02 15:41:42.641980+00:00,2.2584881
2025-07-02 15:41:57.221910+00:00,2.2584879
2025-07-02 15:42:08.373587+00:00,2.2584877
2025-07-02 15:42:23.169670+00:00,2.2584878
2025-07-02 15:42:40.800796+00:00,2.258488
2025-07-02 15:42:58.403150+00:00,2.2584875
2025-07-02 15:43:11.618130+00:00,2.2584884
2025-07-02 15:43:24.126696+00:00,2.2584882
2025-07-02 15:43:36.704203+00:00,2.2584879
2025-07-02 15:43:49.978407+00:00,2.2584875
2025-07-02 15:44:02.502261+00:00,2.2584878
2025-07-02 15:44:14.953137+00:00,2.258488
2025-07-02 15:44:27.363950+00:00,2.2584884
2025-07-02 15:44:48.842615+00:00,2.2584873
2025-07-02 15:44:53.012835+00:00,2.2584878
2025-07-02 15:45:05.177195+00:00,2.2584883
2025-07-02 15:45:17.875142+00:00,2.2584873
2025-07-02 15:45:30.726415+00:00,2.2584877
2025-07-02 15:45:42.724510+00:00,2.2584872
2025-07-02 15:45:55.573463+00:00,2.2584881
2025-07-02 15:46:07.976062+00:00,2.2584874
2025-07-02 15:46:20.576712+00:00,2.2584871
2025-07-02 15:46:36.439194+00:00,2.2584877
2025-07-02 15:46:47.616343+00:00,2.2584879
2025-07-02 15:46:58.457912+00:00,2.2584878
2025-07-02 15:47:13.796509+00:00,2.2584872
2025-07-02 15:47:23.819650+00:00,2.2584878
2025-07-02 15:47:36.713655+00:00,2.2584878
2025-07-02 15:47:49.815259+00:00,2.2584877
2025-07-02 15:48:02.640948+00:00,2.2584873
2025-07-02 15:48:16.779662+00:00,2.2584876
2025-07-02 15:48:53.785527+00:00,2.2584878
2025-07-02 15:49:19.030300+00:00,2.258488
2025-07-02 15:49:32.629831+00:00,2.258488
2025-07-02 15:49:45.421332+00:00,2.2584875
2025-07-02 15:49:57.528339+00:00,2.2584879
2025-07-02 15:50:10.378025+00:00,2.2584882
2025-07-02 15:50:23.387104+00:00,2.2584883
2025-07-02 15:50:36.603168+00:00,2.2584875
2025-07-02 15:50:48.929894+00:00,2.258488
2025-07-02 15:51:01.514460+00:00,2.2584875
2025-07-02 15:51:13.809155+00:00,2.2584875
2025-07-02 15:51:26.015018+00:00,2.258488
2025-07-02 15:51:38.590749+00:00,2.2584881
2025-07-02 15:51:51.257642+00:00,2.2584883
2025-07-02 15:52:15.083558+00:00,2.2584881
2025-07-02 15:52:16.844297+00:00,2.2584875
2025-07-02 15:52:29.409413+00:00,2.2584879
2025-07-02 15:52:41.623991+00:00,2.2584878
2025-07-02 15:52:54.057200+00:00,2.2584878
2025-07-02 15:53:21.357630+00:00,2.2584875
2025-07-02 15:53:32.317136+00:00,2.2584875
2025-07-02 15:53:44.723287+00:00,2.2584878
2025-07-02 15:53:57.510450+00:00,2.2584881
2025-07-02 15:54:11.098534+00:00,2.258488
2025-07-02 15:54:22.253950+00:00,2.2584876
2025-07-02 15:54:35.505689+00:00,2.2584881
2025-07-02 15:54:48.030485+00:00,2.2584876
2025-07-02 15:55:01.244545+00:00,2.2584878
2025-07-02 15:55:13.486951+00:00,2.258488
2025-07-02 15:55:25.950758+00:00,2.258488
2025-07-02 15:55:38.138103+00:00,2.2584874
2025-07-02 15:55:51.728014+00:00,2.2584883
2025-07-02 15:56:03.853749+00:00,2.2584876
2025-07-02 15:56:16.384314+00:00,2.2584882
2025-07-02 15:56:28.514297+00:00,2.2584877
2025-07-02 15:56:41.197835+00:00,2.2584874
2025-07-02 15:56:54.354910+00:00,2.2584875
2025-07-02 15:57:07.044832+00:00,2.2584881
2025-07-02 15:57:21.313711+00:00,2.2584878
2025-07-02 15:57:33.360693+00:00,2.2584881
2025-07-02 15:57:46.094892+00:00,2.2584884
2025-07-02 15:58:12.145832+00:00,2.2584876
2025-07-02 15:58:24.848397+00:00,2.2584873
2025-07-02 15:58:37.297050+00:00,2.258488
2025-07-02 15:58:49.788353+00:00,2.258487
2025-07-02 15:59:02.865999+00:00,2.2584881
2025-07-02 15:59:28.315343+00:00,2.2584879
2025-07-02 15:59:42.444148+00:00,2.258488
2025-07-02 15:59:56.500504+00:00,2.2584879
2025-07-02 16:00:07.319918+00:00,2.2584878
2025-07-02 16:00:31.689043+00:00,2.258488
2025-07-02 16:00:44.130551+00:00,2.258488
2025-07-02 16:00:56.286551+00:00,2.2584874
2025-07-02 16:01:20.090169+00:00,2.2584874
2025-07-02 16:01:21.850402+00:00,2.2584877
2025-07-02 16:01:34.546413+00:00,2.2584876
2025-07-02 16:01:47.441147+00:00,2.2584881
2025-07-02 16:02:00.138926+00:00,2.258488
2025-07-02 16:02:12.612306+00:00,2.2584881
2025-07-02 16:02:25.154034+00:00,2.2584873
2025-07-02 16:02:37.733115+00:00,2.2584878
2025-07-02 16:02:50.238118+00:00,2.2584879
2025-07-02 16:03:03.271531+00:00,2.258488
2025-07-02 16:03:16.587165+00:00,2.2584879
2025-07-02 16:03:29.321812+00:00,2.2584883
2025-07-02 16:03:41.029278+00:00,2.2584872
2025-07-02 16:03:53.837529+00:00,2.2584878
2025-07-02 16:04:06.826880+00:00,2.2584879
2025-07-02 16:04:19.327724+00:00,2.258488
2025-07-02 16:04:31.559387+00:00,2.2584881
2025-07-02 16:04:44.234019+00:00,2.2584872
2025-07-02 16:04:56.901918+00:00,2.2584875
2025-07-02 16:05:09.549597+00:00,2.2584879
2025-07-02 16:05:22.292918+00:00,2.2584883
2025-07-02 16:05:47.418174+00:00,2.2584882
2025-07-02 16:05:59.892333+00:00,2.2584877
2025-07-02 16:06:12.553508+00:00,2.2584874
2025-07-02 16:06:25.695042+00:00,2.258488
2025-07-02 16:06:38.684400+00:00,2.2584881
2025-07-02 16:06:51.337227+00:00,2.2584878
2025-07-02 16:07:04.730490+00:00,2.2584881
2025-07-02 16:07:17.957087+00:00,2.2584882
2025-07-02 16:07:29.929322+00:00,2.258488
2025-07-02 16:07:50.508526+00:00,2.2584878
2025-07-02 16:07:55.330832+00:00,2.2584874
2025-07-02 16:08:10.895939+00:00,2.258488
2025-07-02 16:08:20.730807+00:00,2.2584874
2025-07-02 16:08:34.031026+00:00,2.2584883
2025-07-02 16:08:46.753637+00:00,2.2584875
2025-07-02 16:08:59.355035+00:00,2.2584875
2025-07-02 16:09:11.864685+00:00,2.2584872
2025-07-02 16:09:24.594423+00:00,2.2584875
2025-07-02 16:09:37.035179+00:00,2.2584877
2025-07-02 16:09:49.796166+00:00,2.2584875
2025-07-02 16:10:02.917271+00:00,2.2584879
2025-07-02 16:10:15.341621+00:00,2.258488
2025-07-02 16:10:40.414859+00:00,2.2584879
2025-07-02 16:11:25.697794+00:00,2.2584874
2025-07-02 16:11:31.415107+00:00,2.258488
2025-07-02 16:12:21.593792+00:00,2.2584881
2025-07-02 16:12:41.829082+00:00,2.2584884
2025-07-02 16:13:24.949888+00:00,2.2584874
2025-07-02 16:13:37.723750+00:00,2.2584881
2025-07-02 16:13:49.974212+00:00,2.2584877
2025-07-02 16:14:14.757873+00:00,2.2584876
2025-07-02 16:15:01.452009+00:00,2.2584881
2025-07-02 16:15:27.190913+00:00,2.2584875
2025-07-02 16:15:40.971470+00:00,2.2584874
2025-07-02 16:15:43.797981+00:00,2.258488
2025-07-02 16:16:06.963386+00:00,2.2584881
2025-07-02 16:16:21.661247+00:00,2.2584873
2025-07-02 16:16:34.831036+00:00,2.2584878
2025-07-02 16:16:48.438445+00:00,2.2584879
2025-07-02 16:17:00.962785+00:00,2.2584878
2025-07-02 16:17:20.613061+00:00,2.2584877
2025-07-02 16:17:26.777686+00:00,2.2584878
2025-07-02 16:17:40.045667+00:00,2.2584881
2025-07-02 16:17:51.768171+00:00,2.2584877
2025-07-02 16:18:06.063224+00:00,2.258488
2025-07-02 16:18:17.804315+00:00,2.2584881
2025-07-02 16:18:33.077036+00:00,2.2584881
2025-07-02 16:19:08.103623+00:00,2.2584878
2025-07-02 16:19:09.918077+00:00,2.2584883
2025-07-02 16:19:21.451403+00:00,2.258488
2025-07-02 16:19:33.680704+00:00,2.2584878
2025-07-02 16:19:46.334040+00:00,2.2584879
2025-07-02 16:19:58.474622+00:00,2.2584879
2025-07-02 16:20:11.910180+00:00,2.2584876
2025-07-02 16:20:24.485821+00:00,2.2584883
2025-07-02 16:20:36.591530+00:00,2.258488
2025-07-02 16:20:49.074454+00:00,2.2584879
2025-07-02 16:21:02.476357+00:00,2.2584883
2025-07-02 16:21:14.945677+00:00,2.2584882
2025-07-02 16:21:28.548127+00:00,2.2584874
2025-07-02 16:21:39.524811+00:00,2.2584879
2025-07-02 16:21:52.183983+00:00,2.2584878
2025-07-02 16:22:05.231276+00:00,2.2584879
2025-07-02 16:22:17.648949+00:00,2.258488
2025-07-02 16:22:31.288553+00:00,2.2584874
2025-07-02 16:22:43.305439+00:00,2.2584877
2025-07-02 16:22:55.224075+00:00,2.2584876
2025-07-02 16:23:08.155164+00:00,2.2584876
2025-07-02 16:23:20.778217+00:00,2.258488
2025-07-02 16:23:36.695376+00:00,2.2584875
2025-07-02 16:23:59.195405+00:00,2.2584881
2025-07-02 16:24:11.661917+00:00,2.2584874
2025-07-02 16:24:24.574780+00:00,2.2584873
2025-07-02 16:24:36.931213+00:00,2.2584878
2025-07-02 16:24:49.826797+00:00,2.2584879
2025-07-02 16:25:02.330515+00:00,2.2584884
2025-07-02 16:25:32.202031+00:00,2.2584873
2025-07-02 16:25:39.671368+00:00,2.2584879
2025-07-02 16:26:00.535508+00:00,2.2584882
2025-07-02 16:26:05.760221+00:00,2.2584876
2025-07-02 16:26:18.119398+00:00,2.2584874
2025-07-02 16:26:30.876234+00:00,2.258488
2025-07-02 16:26:44.013269+00:00,2.2584872
2025-07-02 16:26:56.060493+00:00,2.2584881
2025-07-02 16:27:08.683869+00:00,2.2584881
2025-07-02 16:27:20.192950+00:00,2.2584881
2025-07-02 16:27:34.444997+00:00,2.258488
2025-07-02 16:27:45.668488+00:00,2.2584877
2025-07-02 16:27:58.652443+00:00,2.2584876
2025-07-02 16:28:11.564130+00:00,2.2584874
2025-07-02 16:28:23.605585+00:00,2.2584872
2025-07-02 16:28:36.091704+00:00,2.2584881
2025-07-02 16:28:48.679868+00:00,2.2584875
2025-07-02 16:29:01.672343+00:00,2.2584872
2025-07-02 16:29:14.143847+00:00,2.2584884
2025-07-02 16:30:05.637629+00:00,2.2584878
2025-07-02 16:30:19.488773+00:00,2.2584882
2025-07-02 16:30:31.966244+00:00,2.258488
2025-07-02 16:30:44.932398+00:00,2.2584879
2025-07-02 16:30:57.068271+00:00,2.2584878
2025-07-02 16:31:13.929266+00:00,2.258488
2025-07-02 16:31:23.688358+00:00,2.2584875
2025-07-02 16:31:35.322059+00:00,2.258488
2025-07-02 16:32:03.167267+00:00,2.2584877
2025-07-02 16:32:26.492415+00:00,2.2584875
2025-07-02 16:32:40.709289+00:00,2.2584875
2025-07-02 16:32:51.944574+00:00,2.2584883
2025-07-02 16:33:04.684926+00:00,2.2584879
2025-07-02 16:33:55.424638+00:00,2.2584879
2025-07-02 16:34:23.163994+00:00,2.258488
2025-07-02 16:34:55.451087+00:00,2.2584876
2025-07-02 16:34:57.834655+00:00,2.2584881
2025-07-02 16:35:10.390575+00:00,2.2584879
2025-07-02 16:35:23.641084+00:00,2.2584881
2025-07-02 16:35:34.958959+00:00,2.2584871
2025-07-02 16:35:47.938084+00:00,2.2584872
2025-07-02 16:36:00.037270+00:00,2.2584881
2025-07-02 16:36:12.870360+00:00,2.258488
2025-07-02 16:36:26.459974+00:00,2.2584875
2025-07-02 16:36:38.258285+00:00,2.2584877
2025-07-02 16:36:50.740322+00:00,2.2584875
2025-07-02 16:39:21.354116+00:00,2.2584873
2025-07-02 16:39:46.099406+00:00,2.2584873
2025-07-02 16:39:56.960363+00:00,2.2584875
2025-07-02 16:40:03.714077+00:00,2.2584881
2025-07-02 16:40:13.572579+00:00,2.2584874
2025-07-02 16:40:26.592611+00:00,2.2584873
2025-07-02 16:40:39.057833+00:00,2.2584872
2025-07-02 16:40:52.193853+00:00,2.258488
2025-07-02 16:41:07.681657+00:00,2.2584876
2025-07-02 16:41:17.307621+00:00,2.2584873
2025-07-02 16:41:29.547952+00:00,2.2584878
2025-07-02 16:41:42.260957+00:00,2.2584878
2025-07-02 16:41:55.501329+00:00,2.2584874
2025-07-02 16:42:08.370080+00:00,2.2584875
2025-07-02 16:42:20.631019+00:00,2.2584878
2025-07-02 16:42:33.553830+00:00,2.2584883
2025-07-02 16:42:46.561353+00:00,2.2584878
2025-07-02 16:42:59.005798+00:00,2.2584878
2025-07-02 16:43:10.812392+00:00,2.2584881
2025-07-02 16:43:23.645372+00:00,2.2584878
2025-07-02 16:43:49.555505+00:00,2.258488
2025-07-02 16:44:26.004885+00:00,2.2584881
2025-07-02 16:44:38.598557+00:00,2.258488
2025-07-02 16:45:43.939025+00:00,2.2584881
2025-07-02 16:45:53.770864+00:00,2.2584877
2025-07-02 16:46:10.192922+00:00,2.2584876
2025-07-02 16:46:18.608671+00:00,2.2584874
2025-07-02 16:46:31.940591+00:00,2.2584871
2025-07-02 16:48:13.053325+00:00,2.2584875
2025-07-02 16:48:23.982512+00:00,2.2584879
2025-07-02 16:48:36.925773+00:00,2.2584882
2025-07-02 16:48:49.532865+00:00,2.2584877
2025-07-02 16:49:08.396694+00:00,2.2584874
2025-07-02 16:49:36.850544+00:00,2.2584874
2025-07-02 16:49:40.091214+00:00,2.2584874
2025-07-02 16:49:52.450679+00:00,2.2584884
2025-07-02 16:50:05.057160+00:00,2.2584877
2025-07-02 16:50:18.991492+00:00,2.2584879
2025-07-02 16:50:31.019093+00:00,2.2584877
2025-07-02 16:50:43.507655+00:00,2.2584873
2025-07-02 16:50:56.215817+00:00,2.258488
2025-07-02 16:51:09.747270+00:00,2.2584879
2025-07-02 16:51:35.618352+00:00,2.2584874
2025-07-02 16:51:47.968825+00:00,2.2584875
2025-07-02 16:52:00.531358+00:00,2.2584878
2025-07-02 16:52:13.096902+00:00,2.2584879
2025-07-02 16:52:26.867063+00:00,2.258488
2025-07-02 16:52:38.433382+00:00,2.2584877
2025-07-02 16:52:51.343285+00:00,2.2584876
2025-07-02 16:53:04.473634+00:00,2.2584881
2025-07-02 16:53:17.121917+00:00,2.2584883
2025-07-02 16:53:29.404333+00:00,2.2584876
2025-07-02 16:53:41.924245+00:00,2.2584878
2025-07-02 16:53:54.611656+00:00,2.2584875
2025-07-02 16:54:07.013418+00:00,2.258488
2025-07-02 16:54:19.751865+00:00,2.2584881
2025-07-02 16:54:33.694574+00:00,2.2584877
2025-07-02 16:54:46.667088+00:00,2.2584877
2025-07-02 16:54:58.100879+00:00,2.2584876
2025-07-02 16:55:41.050071+00:00,2.2584877
2025-07-02 16:56:50.024350+00:00,2.2584875
2025-07-02 16:57:02.541592+00:00,2.2584876
2025-07-02 16:57:18.669061+00:00,2.2584878
2025-07-02 16:57:27.426164+00:00,2.2584882
2025-07-02 16:57:39.896686+00:00,2.2584878
2025-07-02 16:57:52.572504+00:00,2.2584883
2025-07-02 16:58:06.133988+00:00,2.2584876
2025-07-02 16:58:18.022448+00:00,2.2584881
2025-07-02 16:58:30.500505+00:00,2.2584874
2025-07-02 16:58:42.744499+00:00,2.2584878
2025-07-02 16:58:55.462951+00:00,2.2584874
2025-07-02 16:59:08.212511+00:00,2.2584881
2025-07-02 16:59:20.629885+00:00,2.2584876
2025-07-02 16:59:33.581166+00:00,2.2584873
2025-07-02 16:59:46.606320+00:00,2.2584878
2025-07-02 16:59:59.034469+00:00,2.2584882
2025-07-02 17:00:12.680861+00:00,2.2584877
2025-07-02 17:00:25.866931+00:00,2.2584873
2025-07-02 17:00:38.369245+00:00,2.2584871
2025-07-02 17:00:51.046426+00:00,2.2584876
2025-07-02 17:01:04.204761+00:00,2.2584877
2025-07-02 17:01:17.304699+00:00,2.2584882
2025-07-02 17:01:29.611634+00:00,2.258488
2025-07-02 17:02:20.735475+00:00,2.2584881
2025-07-02 17:02:33.811056+00:00,2.2584881
2025-07-02 17:02:46.610558+00:00,2.2584877
2025-07-02 17:02:58.898452+00:00,2.2584878
2025-07-02 17:03:11.617650+00:00,2.2584879
2025-07-02 17:03:25.726227+00:00,2.2584875
2025-07-02 17:03:56.521348+00:00,2.2584874
2025-07-02 17:04:02.825696+00:00,2.2584879
2025-07-02 17:04:36.471033+00:00,2.2584876
2025-07-02 17:04:52.832490+00:00,2.2584877
2025-07-02 17:05:08.764067+00:00,2.258488
2025-07-02 17:05:20.598728+00:00,2.2584876
2025-07-02 17:05:36.623578+00:00,2.2584876
2025-07-02 17:05:42.322007+00:00,2.2584878
2025-07-02 17:05:54.723319+00:00,2.2584874
2025-07-02 17:06:08.613376+00:00,2.2584882
2025-07-02 17:06:19.690059+00:00,2.2584878
2025-07-02 17:06:32.789655+00:00,2.2584882
2025-07-02 17:06:57.564268+00:00,2.2584882
2025-07-02 17:07:10.454399+00:00,2.258488
2025-07-02 17:07:22.655539+00:00,2.258488
2025-07-02 17:07:35.456511+00:00,2.2584881
2025-07-02 17:07:48.110208+00:00,2.258488
2025-07-02 17:08:20.203999+00:00,2.2584882
2025-07-02 17:08:37.510324+00:00,2.2584883
2025-07-02 17:09:09.335653+00:00,2.2584878
2025-07-02 17:09:19.260395+00:00,2.2584876
2025-07-02 17:09:28.136232+00:00,2.2584875
2025-07-02 17:09:40.662066+00:00,2.2584881
2025-07-02 17:09:53.617200+00:00,2.2584882
2025-07-02 17:10:06.899511+00:00,2.258488
2025-07-02 17:10:18.998384+00:00,2.2584879
2025-07-02 17:10:32.232502+00:00,2.2584876
2025-07-02 17:10:45.872392+00:00,2.258488
2025-07-02 17:11:00.258054+00:00,2.2584881
2025-07-02 17:11:11.014493+00:00,2.2584884
2025-07-02 17:11:25.229598+00:00,2.2584883
2025-07-02 17:11:36.230393+00:00,2.2584876
2025-07-02 17:11:49.291652+00:00,2.2584881
2025-07-02 17:12:02.489426+00:00,2.2584877
2025-07-02 17:12:14.670613+00:00,2.2584881
2025-07-02 17:12:27.384891+00:00,2.2584878
2025-07-02 17:12:40.207467+00:00,2.2584877
2025-07-02 17:12:53.137376+00:00,2.2584876
2025-07-02 17:13:06.563757+00:00,2.2584882
2025-07-02 17:13:18.936272+00:00,2.2584875
2025-07-02 17:13:43.248413+00:00,2.2584875
2025-07-02 17:13:55.643307+00:00,2.2584879
2025-07-02 17:14:08.578398+00:00,2.2584879
2025-07-02 17:14:21.566454+00:00,2.2584878
2025-07-02 17:14:34.021140+00:00,2.2584874
2025-07-02 17:14:46.011522+00:00,2.2584873
2025-07-02 17:15:03.825727+00:00,2.2584878
2025-07-02 17:15:23.939073+00:00,2.258488
2025-07-02 17:15:36.176816+00:00,2.2584876
2025-07-02 17:16:02.814125+00:00,2.2584878
2025-07-02 17:16:15.003244+00:00,2.2584882
2025-07-02 17:16:26.998018+00:00,2.2584875
2025-07-02 17:16:39.437820+00:00,2.2584878
2025-07-02 17:16:51.712121+00:00,2.2584879
2025-07-02 17:17:10.123858+00:00,2.2584876
2025-07-02 17:17:18.072817+00:00,2.258488
2025-07-02 17:17:29.617424+00:00,2.2584877
2025-07-02 17:18:32.998783+00:00,2.2584877
2025-07-02 17:18:45.810897+00:00,2.2584873
2025-07-02 17:18:58.182588+00:00,2.258488
2025-07-02 17:19:11.742022+00:00,2.2584881
2025-07-02 17:19:36.224531+00:00,2.2584878
2025-07-02 17:19:49.224261+00:00,2.2584876
2025-07-02 17:20:02.367647+00:00,2.2584882
2025-07-02 17:20:15.437435+00:00,2.2584877
2025-07-02 17:20:28.502745+00:00,2.2584882
2025-07-02 17:20:41.523349+00:00,2.258488
2025-07-02 17:20:55.122488+00:00,2.2584875
2025-07-02 17:21:06.775547+00:00,2.2584877
2025-07-02 17:21:39.447513+00:00,2.2584882
2025-07-02 17:21:57.555248+00:00,2.2584879
2025-07-02 17:22:10.684898+00:00,2.2584876
2025-07-02 17:22:23.418913+00:00,2.2584876
2025-07-02 17:22:36.870301+00:00,2.2584882
2025-07-02 17:23:01.248578+00:00,2.2584874
2025-07-02 17:23:13.678950+00:00,2.2584875
2025-07-02 17:23:25.993429+00:00,2.2584878
2025-07-02 17:23:38.638983+00:00,2.2584878
2025-07-02 17:23:51.230643+00:00,2.2584875
2025-07-02 17:24:16.822239+00:00,2.2584881
2025-07-02 17:24:42.215838+00:00,2.2584879
2025-07-02 17:24:54.276831+00:00,2.2584881
2025-07-02 17:25:07.670916+00:00,2.2584875
2025-07-02 17:25:33.803546+00:00,2.258488
2025-07-02 17:25:44.992269+00:00,2.2584878
2025-07-02 17:25:57.191536+00:00,2.2584879
2025-07-02 17:26:10.121989+00:00,2.2584875
2025-07-02 17:26:22.555890+00:00,2.2584884
2025-07-02 17:26:34.946282+00:00,2.2584881
2025-07-02 17:26:47.610073+00:00,2.2584877
2025-07-02 17:27:00.416174+00:00,2.2584875
2025-07-02 17:27:24.974009+00:00,2.2584879
2025-07-02 17:28:16.391543+00:00,2.2584874
2025-07-02 17:29:12.161876+00:00,2.2584876
2025-07-02 17:29:59.856388+00:00,2.2584876
2025-07-02 17:30:51.805750+00:00,2.2584878
2025-07-02 17:31:19.252117+00:00,2.2584879
2025-07-02 17:31:32.590269+00:00,2.2584883
2025-07-02 17:32:31.179341+00:00,2.2584875
2025-07-02 17:32:56.604760+00:00,2.2584884
2025-07-02 17:33:09.635052+00:00,2.2584881
2025-07-02 17:33:46.674327+00:00,2.2584876
2025-07-02 17:33:59.119475+00:00,2.2584881
2025-07-02 17:34:11.836328+00:00,2.258488
2025-07-02 17:34:24.326192+00:00,2.2584875
2025-07-02 17:34:36.879404+00:00,2.2584875
2025-07-02 17:34:49.100660+00:00,2.258488
2025-07-02 17:35:02.210384+00:00,2.2584881
2025-07-02 17:35:14.892934+00:00,2.2584876
2025-07-02 17:35:27.332921+00:00,2.2584876
2025-07-02 17:35:39.450687+00:00,2.2584874
2025-07-02 17:35:51.552711+00:00,2.2584881
2025-07-02 17:36:29.097427+00:00,2.2584876
2025-07-02 17:36:41.858437+00:00,2.2584877
2025-07-02 17:37:26.520208+00:00,2.2584879
2025-07-02 17:37:33.485375+00:00,2.2584879
2025-07-02 17:37:46.711791+00:00,2.2584879
2025-07-02 17:38:09.972354+00:00,2.2584876
2025-07-02 17:38:38.091183+00:00,2.2584882
2025-07-02 17:38:50.437864+00:00,2.2584876
2025-07-02 17:39:06.636222+00:00,2.2584882
2025-07-02 17:39:20.480513+00:00,2.2584879
2025-07-02 17:39:34.648858+00:00,2.2584877
2025-07-02 17:39:41.936577+00:00,2.2584877
2025-07-02 17:40:08.158116+00:00,2.2584875
2025-07-02 17:40:26.848478+00:00,2.258488
2025-07-02 17:40:33.483843+00:00,2.258488
2025-07-02 17:40:45.164462+00:00,2.2584875
2025-07-02 17:40:57.516699+00:00,2.2584883
2025-07-02 17:41:11.174428+00:00,2.2584874
2025-07-02 17:41:44.953138+00:00,2.258488
2025-07-02 17:41:52.002715+00:00,2.2584879
2025-07-02 17:43:16.262251+00:00,2.2584875
2025-07-02 17:43:33.749994+00:00,2.2584883
2025-07-02 17:43:44.391235+00:00,2.2584883
2025-07-02 17:43:54.167676+00:00,2.2584874
2025-07-02 17:44:06.013065+00:00,2.2584878
2025-07-02 17:44:19.425897+00:00,2.2584881
2025-07-02 17:44:31.138944+00:00,2.2584876
2025-07-02 17:44:56.121317+00:00,2.2584874
2025-07-02 17:45:42.083838+00:00,2.2584876
2025-07-02 17:45:52.604325+00:00,2.258488
2025-07-02 17:47:10.613872+00:00,2.258488
2025-07-02 17:47:15.479988+00:00,2.2584874
2025-07-02 17:47:28.481564+00:00,2.2584879
2025-07-02 17:47:56.688329+00:00,2.2584875
2025-07-02 17:48:18.986317+00:00,2.2584882
2025-07-02 17:48:36.254457+00:00,2.258488
2025-07-02 17:48:52.327503+00:00,2.2584883
2025-07-02 17:48:56.902789+00:00,2.2584879
2025-07-02 17:49:13.527011+00:00,2.258488
2025-07-02 17:49:22.406976+00:00,2.2584882
2025-07-02 17:50:14.143146+00:00,2.2584876
2025-07-02 17:50:41.696809+00:00,2.2584882
2025-07-02 17:50:53.102675+00:00,2.2584877
2025-07-02 17:51:19.675872+00:00,2.2584883
2025-07-02 17:51:53.446857+00:00,2.2584883
2025-07-02 17:52:18.670117+00:00,2.2584884
2025-07-02 17:52:40.506252+00:00,2.2584875
2025-07-02 17:52:44.435841+00:00,2.2584884
2025-07-02 17:52:57.123810+00:00,2.2584875
2025-07-02 17:53:09.837319+00:00,2.2584882
2025-07-02 17:53:22.214001+00:00,2.2584877
2025-07-02 17:53:34.352830+00:00,2.2584874
2025-07-02 17:53:48.697443+00:00,2.2584882
2025-07-02 17:54:03.496344+00:00,2.2584873
2025-07-02 17:54:17.171470+00:00,2.2584873
2025-07-02 17:54:24.799168+00:00,2.2584879
2025-07-02 17:54:38.736358+00:00,2.2584879
2025-07-02 17:54:49.609708+00:00,2.2584874
2025-07-02 17:55:02.693853+00:00,2.2584878
2025-07-02 17:55:15.252635+00:00,2.2584876
2025-07-02 17:55:27.935011+00:00,2.2584876
2025-07-02 17:56:06.653171+00:00,2.2584875
2025-07-02 17:56:18.673850+00:00,2.2584884
2025-07-02 17:56:33.253351+00:00,2.2584877
2025-07-02 17:56:45.057467+00:00,2.2584879
2025-07-02 17:56:57.553214+00:00,2.2584878
2025-07-02 17:57:10.411059+00:00,2.2584879
2025-07-02 17:57:23.641736+00:00,2.2584877
2025-07-02 17:57:36.209216+00:00,2.2584881
2025-07-02 17:57:49.214214+00:00,2.2584872
2025-07-02 17:58:01.750534+00:00,2.2584882
2025-07-02 17:58:14.593155+00:00,2.2584876
2025-07-02 17:58:27.174334+00:00,2.2584873
2025-07-02 17:58:42.924683+00:00,2.2584876
2025-07-02 17:59:06.314963+00:00,2.258488
2025-07-02 17:59:19.072778+00:00,2.2584878
2025-07-02 17:59:31.973267+00:00,2.2584872
2025-07-02 17:59:56.483217+00:00,2.258488
2025-07-02 18:00:08.622850+00:00,2.2584873
2025-07-02 18:00:21.447828+00:00,2.2584878
2025-07-02 18:00:34.340443+00:00,2.2584884
2025-07-02 18:00:47.069189+00:00,2.2584874
2025-07-02 18:00:59.032453+00:00,2.2584875
2025-07-02 18:01:11.662829+00:00,2.2584877
2025-07-02 18:01:24.755269+00:00,2.2584881
2025-07-02 18:01:37.104047+00:00,2.2584884
2025-07-02 18:01:49.822382+00:00,2.2584878
2025-07-02 18:02:03.776750+00:00,2.258488
2025-07-02 18:02:16.211019+00:00,2.2584879
2025-07-02 18:02:28.154959+00:00,2.2584884
2025-07-02 18:02:40.369413+00:00,2.2584884
2025-07-02 18:02:53.111750+00:00,2.2584882
2025-07-02 18:03:05.935278+00:00,2.258488
2025-07-02 18:03:18.686401+00:00,2.2584876
2025-07-02 18:03:32.125883+00:00,2.2584878
2025-07-02 18:03:56.720398+00:00,2.2584878
2025-07-02 18:04:37.273195+00:00,2.2584875
2025-07-02 18:04:53.533585+00:00,2.2584879
2025-07-02 18:04:59.474550+00:00,2.2584877
2025-07-02 18:05:25.017858+00:00,2.2584878
2025-07-02 18:05:37.275082+00:00,2.258488
2025-07-02 18:05:49.957131+00:00,2.2584884
2025-07-02 18:06:02.713543+00:00,2.2584882
2025-07-02 18:07:23.456212+00:00,2.2584878
2025-07-02 18:07:43.959672+00:00,2.2584873
2025-07-02 18:07:59.498772+00:00,2.2584879
2025-07-02 18:08:34.168673+00:00,2.2584876
2025-07-02 18:08:48.936024+00:00,2.2584879
2025-07-02 18:08:59.954362+00:00,2.2584876
2025-07-02 18:09:12.980520+00:00,2.2584879
2025-07-02 18:09:25.695405+00:00,2.2584881
2025-07-02 18:09:38.802086+00:00,2.2584877
2025-07-02 18:10:05.431913+00:00,2.2584876
2025-07-02 18:10:17.847934+00:00,2.2584877
2025-07-02 18:12:16.658962+00:00,2.2584882
2025-07-02 18:12:49.199599+00:00,2.258488
2025-07-02 18:13:09.144562+00:00,2.2584877
2025-07-02 18:13:56.158668+00:00,2.2584876
2025-07-02 18:14:05.173159+00:00,2.2584883
2025-07-02 18:14:17.833802+00:00,2.2584873
2025-07-02 18:14:30.619175+00:00,2.2584878
2025-07-02 18:14:43.727251+00:00,2.2584878
2025-07-02 18:15:08.703363+00:00,2.2584884
2025-07-02 18:15:20.550710+00:00,2.2584881
2025-07-02 18:15:33.993071+00:00,2.258488
2025-07-02 18:15:45.786719+00:00,2.258488
2025-07-02 18:15:58.182144+00:00,2.2584874
2025-07-02 18:16:10.609792+00:00,2.2584878
2025-07-02 18:16:23.539511+00:00,2.2584881
2025-07-02 18:16:36.869950+00:00,2.2584879
2025-07-02 18:16:48.428579+00:00,2.2584878
2025-07-02 18:17:01.512928+00:00,2.2584877
2025-07-02 18:17:26.428030+00:00,2.2584876
2025-07-02 18:17:42.822787+00:00,2.2584874
2025-07-02 18:17:52.536910+00:00,2.2584877
2025-07-02 18:18:05.840273+00:00,2.2584879
2025-07-02 18:18:19.046090+00:00,2.2584878
2025-07-02 18:18:31.491720+00:00,2.2584884
2025-07-02 18:18:44.134777+00:00,2.2584879
2025-07-02 18:18:56.769263+00:00,2.2584883
2025-07-02 18:19:09.637382+00:00,2.2584874
2025-07-02 18:19:22.354037+00:00,2.258488
2025-07-02 18:20:03.759275+00:00,2.2584876
2025-07-02 18:20:14.991576+00:00,2.2584876
2025-07-02 18:20:26.396314+00:00,2.2584883
2025-07-02 18:20:38.980147+00:00,2.2584881
2025-07-02 18:20:51.702253+00:00,2.2584881
2025-07-02 18:21:04.672742+00:00,2.2584875
2025-07-02 18:21:16.448478+00:00,2.258488
2025-07-02 18:21:28.648753+00:00,2.258488
2025-07-02 18:21:41.836344+00:00,2.2584881
2025-07-02 18:21:53.836425+00:00,2.2584878
2025-07-02 18:22:06.979223+00:00,2.2584883
2025-07-02 18:22:19.091921+00:00,2.2584874
2025-07-02 18:22:32.616542+00:00,2.2584879
2025-07-02 18:22:47.273095+00:00,2.2584873
2025-07-02 18:22:57.325698+00:00,2.2584876
2025-07-02 18:23:10.191088+00:00,2.2584884
2025-07-02 18:23:22.340949+00:00,2.2584878
2025-07-02 18:23:34.857271+00:00,2.2584883
2025-07-02 18:23:53.464756+00:00,2.2584881
2025-07-02 18:23:59.739697+00:00,2.2584882
2025-07-02 18:24:23.139128+00:00,2.2584869
2025-07-02 18:25:02.520364+00:00,2.2584879
2025-07-02 18:25:29.171416+00:00,2.2584881
2025-07-02 18:25:41.678765+00:00,2.2584876
2025-07-02 18:26:21.240143+00:00,2.2584877
2025-07-02 18:26:53.360179+00:00,2.258488
2025-07-02 18:27:18.468515+00:00,2.2584877
2025-07-02 18:27:36.602124+00:00,2.2584877
2025-07-02 18:28:28.242669+00:00,2.2584879
2025-07-02 18:28:40.674551+00:00,2.2584883
2025-07-02 18:29:15.271937+00:00,2.2584875
2025-07-02 18:29:17.949556+00:00,2.2584877
2025-07-02 18:29:30.122340+00:00,2.2584883
2025-07-02 18:29:42.995356+00:00,2.2584878
2025-07-02 18:29:55.540147+00:00,2.2584874
2025-07-02 18:30:08.471069+00:00,2.258488
2025-07-02 18:30:21.114808+00:00,2.2584884
2025-07-02 18:30:33.962248+00:00,2.2584882
2025-07-02 18:31:17.726975+00:00,2.2584883
2025-07-02 18:31:23.972419+00:00,2.2584878
2025-07-02 18:31:36.397861+00:00,2.2584876
2025-07-02 18:31:49.504598+00:00,2.2584881
2025-07-02 18:32:03.068476+00:00,2.2584878
2025-07-02 18:32:14.395758+00:00,2.2584879
2025-07-02 18:32:26.887781+00:00,2.2584881
2025-07-02 18:32:39.352545+00:00,2.2584879
2025-07-02 18:32:52.964877+00:00,2.2584877
2025-07-02 18:33:05.428439+00:00,2.2584876
2025-07-02 18:33:17.121447+00:00,2.2584876
2025-07-02 18:33:30.358137+00:00,2.2584881
2025-07-02 18:33:41.991645+00:00,2.2584876
2025-07-02 18:34:07.924630+00:00,2.258488
2025-07-02 18:34:53.308763+00:00,2.2584875
2025-07-02 18:35:16.795259+00:00,2.258488
2025-07-02 18:35:27.306249+00:00,2.258488
2025-07-02 18:35:37.515030+00:00,2.2584882
2025-07-02 18:35:49.931185+00:00,2.2584882
2025-07-02 18:36:03.235012+00:00,2.2584876
2025-07-02 18:36:15.896313+00:00,2.2584876
2025-07-02 18:36:28.399054+00:00,2.2584881
2025-07-02 18:36:41.054183+00:00,2.2584878
2025-07-02 18:36:53.962993+00:00,2.2584877
2025-07-02 18:37:07.668505+00:00,2.2584879
2025-07-02 18:37:19.347285+00:00,2.2584883
2025-07-02 18:37:32.468445+00:00,2.2584876
2025-07-02 18:37:46.826143+00:00,2.2584882
2025-07-02 18:37:57.238454+00:00,2.258488
2025-07-02 18:38:10.351491+00:00,2.2584875
2025-07-02 18:38:22.286120+00:00,2.2584876
2025-07-02 18:38:34.712311+00:00,2.2584873
2025-07-02 18:38:47.435958+00:00,2.2584884
2025-07-02 18:39:59.254187+00:00,2.2584879
2025-07-02 18:40:38.134860+00:00,2.2584881
2025-07-02 18:40:41.392681+00:00,2.2584878
2025-07-02 18:40:53.863486+00:00,2.2584875
2025-07-02 18:41:07.055890+00:00,2.2584875
2025-07-02 18:41:20.007916+00:00,2.2584877
2025-07-02 18:41:32.704845+00:00,2.2584883
2025-07-02 18:41:46.932714+00:00,2.2584875
2025-07-02 18:41:59.648809+00:00,2.2584875
2025-07-02 18:42:22.404481+00:00,2.2584884
2025-07-02 18:42:56.145411+00:00,2.2584879
2025-07-02 18:43:25.451967+00:00,2.2584879
2025-07-02 18:43:38.494346+00:00,2.2584881
2025-07-02 18:44:18.313775+00:00,2.2584877
2025-07-02 18:44:39.632175+00:00,2.258488
2025-07-02 18:44:54.583637+00:00,2.2584876
2025-07-02 18:45:08.309033+00:00,2.2584881
2025-07-02 18:45:20.828358+00:00,2.2584879
2025-07-02 18:45:59.053823+00:00,2.2584884
2025-07-02 18:46:12.527480+00:00,2.2584873
2025-07-02 18:46:24.103055+00:00,2.2584877
2025-07-02 18:46:38.322984+00:00,2.2584878
2025-07-02 18:46:49.669036+00:00,2.2584881
2025-07-02 18:47:02.552899+00:00,2.258488
2025-07-02 18:47:15.660888+00:00,2.2584878
2025-07-02 18:47:40.875368+00:00,2.2584882
2025-07-02 18:48:06.086712+00:00,2.2584876
2025-07-02 18:48:18.294557+00:00,2.2584883
2025-07-02 18:48:31.103777+00:00,2.2584876
2025-07-02 18:48:55.908711+00:00,2.2584878
2025-07-02 18:49:08.561387+00:00,2.2584874
2025-07-02 18:49:21.381997+00:00,2.2584879
2025-07-02 18:49:34.568414+00:00,2.2584877
2025-07-02 18:49:46.231821+00:00,2.2584882
2025-07-02 18:49:58.963732+00:00,2.2584884
2025-07-02 18:50:11.587066+00:00,2.2584883
2025-07-02 18:50:23.873121+00:00,2.2584879
2025-07-02 18:50:36.556297+00:00,2.2584876
2025-07-02 18:50:49.191429+00:00,2.2584877
2025-07-02 18:51:01.282648+00:00,2.2584875
2025-07-02 18:51:13.645062+00:00,2.2584876
2025-07-02 18:51:27.842565+00:00,2.2584879
2025-07-02 18:51:39.206572+00:00,2.2584876
2025-07-02 18:51:51.523923+00:00,2.2584874
2025-07-02 18:52:05.194669+00:00,2.2584879
2025-07-02 18:52:29.349454+00:00,2.2584876
2025-07-02 18:52:42.843261+00:00,2.2584882
2025-07-02 18:52:54.624049+00:00,2.2584883
2025-07-02 18:53:31.779411+00:00,2.2584875
2025-07-02 18:53:33.600954+00:00,2.2584882
2025-07-02 18:53:59.711555+00:00,2.2584876
2025-07-02 18:54:26.935474+00:00,2.2584874
2025-07-02 18:54:37.061322+00:00,2.2584884
2025-07-02 18:54:49.721894+00:00,2.2584875
2025-07-02 18:55:03.018484+00:00,2.2584877
2025-07-02 18:55:15.402028+00:00,2.2584878
2025-07-02 18:55:28.392301+00:00,2.2584882
2025-07-02 18:55:40.037122+00:00,2.2584877
2025-07-02 18:55:52.739070+00:00,2.2584881
2025-07-02 18:56:06.298258+00:00,2.2584884
2025-07-02 18:56:27.925141+00:00,2.2584878
2025-07-02 18:56:42.599638+00:00,2.2584884
2025-07-02 18:56:55.280822+00:00,2.2584881
2025-07-02 18:57:20.765294+00:00,2.2584881
2025-07-02 18:57:34.548752+00:00,2.2584875
2025-07-02 18:57:45.922113+00:00,2.2584881
2025-07-02 18:57:58.279498+00:00,2.258488
2025-07-02 18:58:11.496444+00:00,2.2584883
2025-07-02 18:58:23.175792+00:00,2.2584876
2025-07-02 18:58:35.892907+00:00,2.2584877
2025-07-02 18:58:48.365553+00:00,2.2584882
2025-07-02 18:59:01.325666+00:00,2.2584884
2025-07-02 18:59:14.126993+00:00,2.2584881
2025-07-02 18:59:26.251482+00:00,2.2584877
2025-07-02 18:59:38.974200+00:00,2.258488
2025-07-02 18:59:51.731338+00:00,2.258488
2025-07-02 19:00:04.620755+00:00,2.2584876
2025-07-02 19:00:17.394666+00:00,2.2584878
2025-07-02 19:00:29.604338+00:00,2.2584876
2025-07-02 19:00:41.907181+00:00,2.258488
2025-07-02 19:00:54.262222+00:00,2.2584878
2025-07-02 19:01:13.285799+00:00,2.2584875
2025-07-02 19:01:44.437324+00:00,2.2584879
2025-07-02 19:01:56.745316+00:00,2.258488
2025-07-02 19:02:25.938559+00:00,2.2584879
2025-07-02 19:02:34.827128+00:00,2.2584882
2025-07-02 19:02:47.710498+00:00,2.2584883
2025-07-02 19:03:00.734534+00:00,2.2584875
2025-07-02 19:03:13.642496+00:00,2.2584875
2025-07-02 19:03:27.123405+00:00,2.2584882
2025-07-02 19:03:39.741418+00:00,2.2584881
2025-07-02 19:03:52.209654+00:00,2.258488
2025-07-02 19:04:05.359442+00:00,2.2584883
2025-07-02 19:04:38.848584+00:00,2.2584882
2025-07-02 19:04:43.436730+00:00,2.2584879
2025-07-02 19:05:22.147871+00:00,2.2584881
2025-07-02 19:05:34.476106+00:00,2.2584875
2025-07-02 19:05:48.128422+00:00,2.2584878
2025-07-02 19:05:59.613748+00:00,2.2584875
2025-07-02 19:06:19.285089+00:00,2.2584884
2025-07-02 19:06:39.729855+00:00,2.258488
2025-07-02 19:07:02.404209+00:00,2.2584875
2025-07-02 19:07:14.485637+00:00,2.2584877
2025-07-02 19:07:27.029713+00:00,2.2584879
2025-07-02 19:07:39.647665+00:00,2.2584876
2025-07-02 19:07:52.207844+00:00,2.2584876
2025-07-02 19:08:05.234319+00:00,2.2584877
2025-07-02 19:08:21.281586+00:00,2.2584879
2025-07-02 19:08:29.679363+00:00,2.2584884
2025-07-02 19:08:42.336986+00:00,2.2584881
2025-07-02 19:08:55.025588+00:00,2.2584876
2025-07-02 19:09:07.627240+00:00,2.2584884
2025-07-02 19:09:21.703012+00:00,2.2584876
2025-07-02 19:09:32.641086+00:00,2.258488
2025-07-02 19:09:46.106867+00:00,2.258488
2025-07-02 19:09:57.617868+00:00,2.2584882
2025-07-02 19:10:10.716068+00:00,2.2584883
2025-07-02 19:10:22.914101+00:00,2.2584881
2025-07-02 19:10:35.814538+00:00,2.2584877
2025-07-02 19:11:01.272104+00:00,2.2584883
2025-07-02 19:11:26.973471+00:00,2.2584882
2025-07-02 19:11:41.920980+00:00,2.2584874
2025-07-02 19:11:53.193825+00:00,2.2584883
2025-07-02 19:12:12.289145+00:00,2.258488
2025-07-02 19:12:31.530849+00:00,2.2584881
2025-07-02 19:12:43.881986+00:00,2.2584884
2025-07-02 19:12:56.441219+00:00,2.2584878
2025-07-02 19:13:09.444474+00:00,2.2584881
2025-07-02 19:13:21.730969+00:00,2.258488
2025-07-02 19:13:34.584487+00:00,2.2584881
2025-07-02 19:13:47.693975+00:00,2.2584877
2025-07-02 19:14:00.175088+00:00,2.2584884
2025-07-02 19:14:12.644675+00:00,2.258488
2025-07-02 19:14:25.344509+00:00,2.258488
2025-07-02 19:14:38.571260+00:00,2.2584884
2025-07-02 19:14:51.351258+00:00,2.2584878
2025-07-02 19:15:41.620058+00:00,2.2584879
2025-07-02 19:16:21.833408+00:00,2.2584882
2025-07-02 19:16:31.383171+00:00,2.2584874
2025-07-02 19:16:44.704486+00:00,2.2584877
2025-07-02 19:16:56.653554+00:00,2.2584876
2025-07-02 19:17:21.762633+00:00,2.2584881
2025-07-02 19:17:47.053443+00:00,2.2584883
2025-07-02 19:17:58.926662+00:00,2.2584883
2025-07-02 19:18:24.000433+00:00,2.258488
2025-07-02 19:18:36.651262+00:00,2.2584884
2025-07-02 19:19:02.129176+00:00,2.2584875
2025-07-02 19:19:14.591429+00:00,2.2584878
2025-07-02 19:19:51.718521+00:00,2.2584884
2025-07-02 19:20:04.935354+00:00,2.2584878
2025-07-02 19:20:20.236747+00:00,2.2584883
2025-07-02 19:20:57.688745+00:00,2.2584883
2025-07-02 19:21:07.560930+00:00,2.2584879
2025-07-02 19:21:19.890098+00:00,2.2584884
2025-07-02 19:21:32.939160+00:00,2.2584881
2025-07-02 19:21:44.717751+00:00,2.2584883
2025-07-02 19:22:27.804789+00:00,2.2584881
2025-07-02 19:23:33.695195+00:00,2.2584879
2025-07-02 19:23:39.852554+00:00,2.2584883
2025-07-02 19:23:52.728576+00:00,2.2584882
2025-07-02 19:24:06.096212+00:00,2.2584883
2025-07-02 19:24:23.269805+00:00,2.2584884
2025-07-02 19:24:30.933251+00:00,2.2584881
2025-07-02 19:24:56.300879+00:00,2.2584884
2025-07-02 19:25:09.683562+00:00,2.2584878
2025-07-02 19:25:21.691802+00:00,2.2584877
2025-07-02 19:25:34.150886+00:00,2.2584879
2025-07-02 19:25:48.888309+00:00,2.2584879
2025-07-02 19:25:58.639884+00:00,2.2584883
2025-07-02 19:26:26.732231+00:00,2.2584878
2025-07-02 19:26:36.315667+00:00,2.2584871
2025-07-02 19:26:49.495101+00:00,2.2584881
2025-07-02 19:27:01.499722+00:00,2.2584883
2025-07-02 19:27:26.413576+00:00,2.2584883
2025-07-02 19:27:38.958098+00:00,2.258488
2025-07-02 19:27:51.163166+00:00,2.2584881
2025-07-02 19:28:03.940873+00:00,2.2584879
2025-07-02 19:28:28.931138+00:00,2.2584879
2025-07-02 19:28:41.208162+00:00,2.2584877
2025-07-02 19:28:54.535675+00:00,2.2584877
2025-07-02 19:29:07.209939+00:00,2.258488
2025-07-02 19:29:19.626164+00:00,2.2584879
2025-07-02 19:29:43.845618+00:00,2.2584881
2025-07-02 19:29:56.238369+00:00,2.2584881
2025-07-02 19:30:09.119660+00:00,2.2584879
2025-07-02 19:30:21.866552+00:00,2.2584872
2025-07-02 19:30:34.264664+00:00,2.2584877
2025-07-02 19:30:51.067152+00:00,2.2584883
2025-07-02 19:30:59.694637+00:00,2.2584877
2025-07-02 19:31:15.360183+00:00,2.2584879
2025-07-02 19:31:48.678899+00:00,2.2584882
2025-07-02 19:32:41.841808+00:00,2.2584878
2025-07-02 19:32:55.757049+00:00,2.2584877
2025-07-02 19:33:07.842652+00:00,2.2584883
2025-07-02 19:33:33.899192+00:00,2.2584883
2025-07-02 19:33:45.624449+00:00,2.2584877
2025-07-02 19:34:13.016172+00:00,2.258488
2025-07-02 19:34:23.343328+00:00,2.2584879
2025-07-02 19:34:36.282568+00:00,2.2584878
2025-07-02 19:34:48.503309+00:00,2.2584881
2025-07-02 19:35:01.213264+00:00,2.2584881
2025-07-02 19:35:13.816519+00:00,2.2584881
2025-07-02 19:35:26.130051+00:00,2.2584878
2025-07-02 19:35:38.839254+00:00,2.2584878
2025-07-02 19:36:19.079030+00:00,2.2584877
2025-07-02 19:36:28.621712+00:00,2.2584884
2025-07-02 19:37:18.979788+00:00,2.2584879
2025-07-02 19:37:47.664565+00:00,2.2584883
2025-07-02 19:38:02.336922+00:00,2.2584884
2025-07-02 19:38:22.397207+00:00,2.2584882
2025-07-02 19:38:34.596726+00:00,2.2584883
2025-07-02 19:38:59.559974+00:00,2.2584882
2025-07-02 19:39:36.870014+00:00,2.2584878
2025-07-02 19:39:50.693264+00:00,2.2584878
2025-07-02 19:40:02.138916+00:00,2.2584881
2025-07-02 19:40:14.831220+00:00,2.2584884
2025-07-02 19:40:27.383120+00:00,2.2584875
2025-07-02 19:40:39.481189+00:00,2.2584879
2025-07-02 19:41:05.222498+00:00,2.2584876
2025-07-02 19:41:42.808903+00:00,2.2584879
2025-07-02 19:41:55.850431+00:00,2.2584876
2025-07-02 19:42:10.028156+00:00,2.2584882
2025-07-02 19:42:21.583493+00:00,2.258487
2025-07-02 19:42:47.576120+00:00,2.2584881
2025-07-02 19:42:59.986265+00:00,2.2584881
2025-07-02 19:43:12.673843+00:00,2.2584884
2025-07-02 19:43:25.518901+00:00,2.2584876
2025-07-02 19:43:38.330065+00:00,2.2584879
2025-07-02 19:43:51.320372+00:00,2.2584878
2025-07-02 19:44:04.276102+00:00,2.2584884
2025-07-02 19:44:17.130568+00:00,2.2584881
2025-07-02 19:44:29.099412+00:00,2.2584884
2025-07-02 19:44:55.517444+00:00,2.2584879
2025-07-02 19:45:06.882545+00:00,2.258488
2025-07-02 19:45:19.523629+00:00,2.2584882
2025-07-02 19:45:31.835347+00:00,2.2584884
2025-07-02 19:45:44.081212+00:00,2.2584883
2025-07-02 19:45:56.402479+00:00,2.2584882
2025-07-02 19:46:09.221850+00:00,2.2584881
2025-07-02 19:46:21.671874+00:00,2.2584881
2025-07-02 19:46:34.246410+00:00,2.2584878
2025-07-02 19:46:47.229463+00:00,2.2584883
2025-07-02 19:47:13.177433+00:00,2.2584879
2025-07-02 19:47:24.944244+00:00,2.2584882
2025-07-02 19:47:37.090450+00:00,2.2584878
2025-07-02 19:47:49.724500+00:00,2.2584875
2025-07-02 19:48:02.629059+00:00,2.2584878
2025-07-02 19:48:14.867566+00:00,2.2584879
2025-07-02 19:48:27.525544+00:00,2.2584882
2025-07-02 19:48:52.481801+00:00,2.2584884
2025-07-02 19:49:17.685979+00:00,2.2584883
2025-07-02 19:49:29.636208+00:00,2.2584879
2025-07-02 19:49:42.655183+00:00,2.2584873
2025-07-02 19:50:07.470688+00:00,2.2584882
2025-07-02 19:50:20.747386+00:00,2.2584884
2025-07-02 19:50:33.192219+00:00,2.2584882
2025-07-02 19:50:45.255348+00:00,2.2584883
2025-07-02 19:50:57.945158+00:00,2.2584877
2025-07-02 19:51:23.019009+00:00,2.258488
2025-07-02 19:51:50.064210+00:00,2.2584879
2025-07-02 19:52:40.997541+00:00,2.2584875
2025-07-02 19:52:53.206145+00:00,2.258488
2025-07-02 19:53:10.127883+00:00,2.2584868
2025-07-02 19:53:48.411577+00:00,2.258487
2025-07-02 19:54:18.998414+00:00,2.2584884
2025-07-02 19:54:22.169307+00:00,2.2584881
2025-07-02 19:54:34.469275+00:00,2.2584883
2025-07-02 19:55:05.058944+00:00,2.2584879
2025-07-02 19:56:06.475766+00:00,2.2584883
2025-07-02 19:56:43.206369+00:00,2.2584879
2025-07-02 19:57:17.900090+00:00,2.2584871
2025-07-02 19:57:30.964833+00:00,2.2584872
2025-07-02 19:59:29.294445+00:00,2.2584873
2025-07-02 20:01:53.490544+00:00,2.2584877
2025-07-02 20:02:57.487460+00:00,2.258488
2025-07-02 20:03:11.433230+00:00,2.2584881
2025-07-02 20:04:13.998468+00:00,2.2584884
2025-07-02 20:04:40.578284+00:00,2.2584869
2025-07-02 20:05:05.878343+00:00,2.2584875
2025-07-02 20:12:23.402186+00:00,2.2584881
