time,counts_ratio
2025-06-27 07:12:42.257438+00:00,2.2584869
2025-06-27 07:19:00.907210+00:00,2.2584884
2025-06-27 07:19:50.965518+00:00,2.2584882
2025-06-27 07:20:41.427818+00:00,2.2584884
2025-06-27 07:20:56.632066+00:00,2.2584879
2025-06-27 07:21:09.156192+00:00,2.2584878
2025-06-27 07:21:45.231638+00:00,2.2584879
2025-06-27 07:23:40.665571+00:00,2.2584873
2025-06-27 07:24:17.199484+00:00,2.2584875
2025-06-27 07:24:29.842010+00:00,2.2584876
2025-06-27 07:25:35.657781+00:00,2.2584878
2025-06-27 07:25:56.091225+00:00,2.2584879
2025-06-27 07:26:21.252326+00:00,2.2584882
2025-06-27 07:26:58.928518+00:00,2.2584881
2025-06-27 07:27:24.248302+00:00,2.2584882
2025-06-27 07:27:42.751510+00:00,2.2584876
2025-06-27 07:28:14.696464+00:00,2.2584881
2025-06-27 07:28:27.305347+00:00,2.2584884
2025-06-27 07:28:40.538467+00:00,2.258488
2025-06-27 07:28:53.428850+00:00,2.2584879
2025-06-27 07:30:35.468166+00:00,2.258488
2025-06-27 07:30:47.802000+00:00,2.2584882
2025-06-27 07:31:00.014579+00:00,2.2584879
2025-06-27 07:31:13.110383+00:00,2.2584881
2025-06-27 07:31:26.723128+00:00,2.2584883
2025-06-27 07:32:04.431165+00:00,2.258488
2025-06-27 07:32:17.181205+00:00,2.258488
2025-06-27 07:32:29.674877+00:00,2.2584884
2025-06-27 07:32:56.483902+00:00,2.2584879
2025-06-27 07:33:22.483234+00:00,2.2584883
2025-06-27 07:33:56.507912+00:00,2.2584884
2025-06-27 07:34:23.363036+00:00,2.258488
2025-06-27 07:34:37.728544+00:00,2.2584876
2025-06-27 07:35:14.021460+00:00,2.2584881
2025-06-27 07:35:44.355245+00:00,2.258488
2025-06-27 07:36:06.086299+00:00,2.2584879
2025-06-27 07:36:40.892659+00:00,2.2584878
2025-06-27 07:37:44.234583+00:00,2.2584879
2025-06-27 07:38:09.309088+00:00,2.2584879
2025-06-27 07:38:33.880559+00:00,2.258488
2025-06-27 07:38:46.501881+00:00,2.2584882
2025-06-27 07:38:59.020427+00:00,2.2584884
2025-06-27 07:39:12.110506+00:00,2.2584884
2025-06-27 07:39:36.590978+00:00,2.2584879
2025-06-27 07:40:02.158630+00:00,2.2584877
2025-06-27 07:40:27.335281+00:00,2.2584883
2025-06-27 07:40:39.378458+00:00,2.2584884
2025-06-27 07:40:51.345457+00:00,2.258488
2025-06-27 07:41:04.400843+00:00,2.2584883
2025-06-27 07:41:29.432076+00:00,2.2584883
2025-06-27 07:41:42.154102+00:00,2.2584884
2025-06-27 07:41:55.308202+00:00,2.258488
2025-06-27 07:42:08.691501+00:00,2.2584884
2025-06-27 07:42:20.870526+00:00,2.2584882
2025-06-27 07:42:33.936303+00:00,2.2584883
2025-06-27 07:42:53.048152+00:00,2.2584878
2025-06-27 07:43:40.429806+00:00,2.2584882
2025-06-27 07:43:53.842283+00:00,2.2584881
2025-06-27 07:44:41.274674+00:00,2.2584883
2025-06-27 07:45:20.270789+00:00,2.2584883
2025-06-27 07:45:32.488839+00:00,2.2584884
2025-06-27 07:45:44.444826+00:00,2.2584879
2025-06-27 07:45:57.313303+00:00,2.2584884
2025-06-27 07:46:23.282461+00:00,2.2584882
2025-06-27 07:46:37.541547+00:00,2.2584882
2025-06-27 07:47:00.316148+00:00,2.258488
2025-06-27 07:47:38.257698+00:00,2.2584882
2025-06-27 07:47:51.098097+00:00,2.2584882
2025-06-27 07:48:05.358375+00:00,2.2584883
2025-06-27 07:48:16.383337+00:00,2.258488
2025-06-27 07:48:28.829549+00:00,2.2584881
2025-06-27 07:48:41.554675+00:00,2.2584879
2025-06-27 07:48:54.097187+00:00,2.2584876
2025-06-27 07:49:20.151056+00:00,2.2584878
2025-06-27 07:49:59.619273+00:00,2.2584878
2025-06-27 07:50:36.766958+00:00,2.2584881
2025-06-27 07:51:14.818042+00:00,2.258488
2025-06-27 07:51:27.831587+00:00,2.2584879
2025-06-27 07:52:18.256200+00:00,2.2584878
2025-06-27 07:52:30.150995+00:00,2.2584879
2025-06-27 07:52:42.488882+00:00,2.2584884
2025-06-27 07:52:55.688211+00:00,2.2584879
2025-06-27 07:53:08.559804+00:00,2.258488
2025-06-27 07:53:20.574246+00:00,2.2584879
2025-06-27 07:53:33.078860+00:00,2.2584883
2025-06-27 07:53:45.731594+00:00,2.2584884
2025-06-27 07:53:57.813983+00:00,2.2584882
2025-06-27 07:54:23.115331+00:00,2.258488
2025-06-27 07:54:35.571236+00:00,2.2584884
2025-06-27 07:54:48.198347+00:00,2.2584882
2025-06-27 07:55:00.930422+00:00,2.2584881
2025-06-27 07:55:15.740346+00:00,2.2584879
2025-06-27 07:55:37.815413+00:00,2.2584881
2025-06-27 07:55:50.391417+00:00,2.2584878
2025-06-27 07:56:03.939039+00:00,2.2584882
2025-06-27 07:56:16.370611+00:00,2.2584875
2025-06-27 07:56:40.470769+00:00,2.2584882
2025-06-27 07:56:52.958391+00:00,2.258488
2025-06-27 07:57:21.327524+00:00,2.2584876
2025-06-27 07:57:31.029471+00:00,2.2584882
2025-06-27 07:57:43.069318+00:00,2.2584878
2025-06-27 07:57:55.745057+00:00,2.2584879
2025-06-27 07:58:09.355186+00:00,2.2584883
2025-06-27 07:58:21.060659+00:00,2.2584881
2025-06-27 07:58:46.601835+00:00,2.2584872
2025-06-27 07:59:12.018340+00:00,2.2584882
2025-06-27 07:59:23.785039+00:00,2.2584878
2025-06-27 07:59:37.205239+00:00,2.2584883
2025-06-27 07:59:49.133918+00:00,2.2584879
2025-06-27 08:00:02.156448+00:00,2.2584884
2025-06-27 08:00:14.232389+00:00,2.2584878
2025-06-27 08:00:28.875764+00:00,2.2584884
2025-06-27 08:00:39.426141+00:00,2.258488
2025-06-27 08:01:04.585978+00:00,2.258488
2025-06-27 08:01:17.442956+00:00,2.2584882
2025-06-27 08:01:42.504400+00:00,2.258488
2025-06-27 08:01:55.741740+00:00,2.2584883
2025-06-27 08:02:08.469651+00:00,2.2584879
2025-06-27 08:02:20.623901+00:00,2.2584882
2025-06-27 08:02:33.558842+00:00,2.2584882
2025-06-27 08:02:46.645373+00:00,2.2584882
2025-06-27 08:03:11.800084+00:00,2.2584879
2025-06-27 08:03:24.296304+00:00,2.2584878
2025-06-27 08:03:37.225161+00:00,2.2584882
2025-06-27 08:03:49.693167+00:00,2.2584881
2025-06-27 08:04:03.767189+00:00,2.2584878
2025-06-27 08:04:15.224148+00:00,2.2584884
2025-06-27 08:04:28.048855+00:00,2.2584883
2025-06-27 08:04:53.681669+00:00,2.2584883
2025-06-27 08:05:07.989775+00:00,2.2584882
2025-06-27 08:05:19.334322+00:00,2.2584881
2025-06-27 08:05:31.446707+00:00,2.2584878
2025-06-27 08:05:57.106992+00:00,2.2584882
2025-06-27 08:06:12.198273+00:00,2.2584883
2025-06-27 08:06:56.042486+00:00,2.2584876
2025-06-27 08:06:58.435699+00:00,2.2584884
2025-06-27 08:07:12.236888+00:00,2.2584876
2025-06-27 08:07:24.360263+00:00,2.2584883
2025-06-27 08:08:07.003641+00:00,2.258488
2025-06-27 08:08:27.520057+00:00,2.2584883
2025-06-27 08:08:42.847864+00:00,2.2584884
2025-06-27 08:08:53.170040+00:00,2.2584878
2025-06-27 08:09:05.802926+00:00,2.2584881
2025-06-27 08:09:18.534825+00:00,2.2584884
2025-06-27 08:09:30.735442+00:00,2.2584877
2025-06-27 08:09:43.134210+00:00,2.2584882
2025-06-27 08:09:56.041505+00:00,2.2584881
2025-06-27 08:10:08.849939+00:00,2.2584877
2025-06-27 08:10:21.402017+00:00,2.2584884
2025-06-27 08:10:34.100476+00:00,2.2584881
2025-06-27 08:10:46.907607+00:00,2.2584883
2025-06-27 08:10:59.423917+00:00,2.2584883
2025-06-27 08:11:12.279350+00:00,2.2584879
2025-06-27 08:11:25.137031+00:00,2.2584881
2025-06-27 08:11:50.314090+00:00,2.2584881
2025-06-27 08:12:06.064794+00:00,2.2584881
2025-06-27 08:12:56.695296+00:00,2.2584879
2025-06-27 08:13:06.981273+00:00,2.258488
2025-06-27 08:13:19.637336+00:00,2.258488
2025-06-27 08:13:32.842023+00:00,2.2584881
2025-06-27 08:13:44.840047+00:00,2.2584881
2025-06-27 08:13:57.665052+00:00,2.2584879
2025-06-27 08:14:25.586684+00:00,2.2584876
2025-06-27 08:14:35.529012+00:00,2.2584878
2025-06-27 08:15:01.995221+00:00,2.258488
2025-06-27 08:15:38.218614+00:00,2.2584878
2025-06-27 08:15:50.479160+00:00,2.2584883
2025-06-27 08:16:03.687588+00:00,2.2584879
2025-06-27 08:16:22.024908+00:00,2.2584879
2025-06-27 08:16:28.235229+00:00,2.2584882
2025-06-27 08:16:40.270488+00:00,2.2584881
2025-06-27 08:16:53.085852+00:00,2.2584879
2025-06-27 08:17:06.454490+00:00,2.2584882
2025-06-27 08:17:18.107822+00:00,2.2584875
2025-06-27 08:17:31.037145+00:00,2.2584882
2025-06-27 08:17:43.416710+00:00,2.2584878
2025-06-27 08:17:55.835900+00:00,2.2584884
2025-06-27 08:18:08.956991+00:00,2.258488
2025-06-27 08:18:20.957368+00:00,2.2584879
2025-06-27 08:18:58.426544+00:00,2.2584882
2025-06-27 08:19:11.557110+00:00,2.2584883
2025-06-27 08:19:23.731717+00:00,2.258488
2025-06-27 08:21:10.615171+00:00,2.2584881
2025-06-27 08:21:18.941572+00:00,2.2584881
2025-06-27 08:21:31.518509+00:00,2.2584881
2025-06-27 08:21:47.134455+00:00,2.2584882
2025-06-27 08:21:57.089458+00:00,2.2584876
2025-06-27 08:22:09.952260+00:00,2.258488
2025-06-27 08:22:22.554772+00:00,2.2584878
2025-06-27 08:22:36.456030+00:00,2.2584879
2025-06-27 08:22:47.859440+00:00,2.2584879
2025-06-27 08:23:00.906584+00:00,2.2584878
2025-06-27 08:23:50.954929+00:00,2.258488
2025-06-27 08:24:04.148138+00:00,2.2584878
2025-06-27 08:24:16.454726+00:00,2.2584879
2025-06-27 08:24:28.627563+00:00,2.2584882
2025-06-27 08:25:32.581876+00:00,2.2584878
2025-06-27 08:25:52.021670+00:00,2.258488
2025-06-27 08:26:48.059372+00:00,2.2584882
2025-06-27 08:27:51.329442+00:00,2.2584881
2025-06-27 08:28:04.830534+00:00,2.2584883
2025-06-27 08:28:17.176312+00:00,2.2584883
2025-06-27 08:28:29.731726+00:00,2.2584876
2025-06-27 08:28:42.599198+00:00,2.2584882
2025-06-27 08:28:55.103261+00:00,2.258488
2025-06-27 08:29:08.491151+00:00,2.2584884
2025-06-27 08:29:21.818649+00:00,2.2584879
2025-06-27 08:29:46.328814+00:00,2.2584883
2025-06-27 08:29:58.538851+00:00,2.2584878
2025-06-27 08:30:24.600320+00:00,2.2584877
2025-06-27 08:30:37.138616+00:00,2.2584882
2025-06-27 08:30:49.328968+00:00,2.2584881
2025-06-27 08:31:02.568198+00:00,2.258488
2025-06-27 08:31:14.687203+00:00,2.2584884
2025-06-27 08:31:27.077610+00:00,2.2584881
2025-06-27 08:31:39.400321+00:00,2.2584878
2025-06-27 08:31:52.777486+00:00,2.2584883
2025-06-27 08:32:05.269356+00:00,2.2584876
2025-06-27 08:32:18.541818+00:00,2.258488
2025-06-27 08:32:31.122257+00:00,2.2584874
2025-06-27 08:32:43.001241+00:00,2.2584879
2025-06-27 08:32:55.734133+00:00,2.2584881
2025-06-27 08:33:08.877295+00:00,2.2584881
2025-06-27 08:33:21.126926+00:00,2.2584879
2025-06-27 08:33:33.992250+00:00,2.2584879
2025-06-27 08:33:46.317112+00:00,2.2584879
2025-06-27 08:33:58.923486+00:00,2.2584884
2025-06-27 08:34:11.516232+00:00,2.2584883
2025-06-27 08:34:23.591333+00:00,2.2584881
2025-06-27 08:34:35.839692+00:00,2.2584882
2025-06-27 08:34:49.647761+00:00,2.2584881
2025-06-27 08:35:00.907891+00:00,2.2584882
2025-06-27 08:35:13.899741+00:00,2.2584881
2025-06-27 08:35:59.792904+00:00,2.258488
2025-06-27 08:36:03.924004+00:00,2.2584884
2025-06-27 08:36:28.889009+00:00,2.2584876
2025-06-27 08:36:41.304552+00:00,2.2584884
2025-06-27 08:37:06.357341+00:00,2.2584883
2025-06-27 08:37:18.846136+00:00,2.2584875
2025-06-27 08:37:31.504236+00:00,2.258488
2025-06-27 08:37:43.785794+00:00,2.2584884
2025-06-27 08:37:56.470234+00:00,2.2584877
2025-06-27 08:38:09.636466+00:00,2.2584878
2025-06-27 08:38:21.867575+00:00,2.2584884
2025-06-27 08:38:34.111462+00:00,2.2584878
2025-06-27 08:38:47.188554+00:00,2.258488
2025-06-27 08:38:59.216228+00:00,2.2584882
2025-06-27 08:39:11.981932+00:00,2.2584877
2025-06-27 08:39:25.023416+00:00,2.2584882
2025-06-27 08:39:37.800903+00:00,2.2584883
2025-06-27 08:39:50.073854+00:00,2.2584878
2025-06-27 08:40:19.810785+00:00,2.2584876
2025-06-27 08:40:29.420747+00:00,2.2584883
2025-06-27 08:40:54.334542+00:00,2.2584881
2025-06-27 08:41:07.174550+00:00,2.258488
2025-06-27 08:41:19.901137+00:00,2.2584883
2025-06-27 08:41:33.707402+00:00,2.2584881
2025-06-27 08:41:45.304732+00:00,2.258488
2025-06-27 08:41:57.801856+00:00,2.2584882
2025-06-27 08:43:01.462617+00:00,2.2584882
2025-06-27 08:43:13.921663+00:00,2.2584878
2025-06-27 08:43:51.379693+00:00,2.2584877
2025-06-27 08:44:13.311048+00:00,2.2584881
2025-06-27 08:44:16.444296+00:00,2.2584877
2025-06-27 08:44:29.320754+00:00,2.2584884
2025-06-27 08:44:41.961155+00:00,2.2584883
2025-06-27 08:44:54.551332+00:00,2.2584877
2025-06-27 08:45:20.188125+00:00,2.2584884
2025-06-27 08:45:33.397585+00:00,2.2584882
2025-06-27 08:45:45.567554+00:00,2.2584878
2025-06-27 08:45:59.290709+00:00,2.2584881
2025-06-27 08:46:10.726888+00:00,2.2584877
2025-06-27 08:46:23.348920+00:00,2.2584877
2025-06-27 08:46:36.258235+00:00,2.2584879
2025-06-27 08:47:04.915690+00:00,2.2584879
2025-06-27 08:47:27.255757+00:00,2.2584876
2025-06-27 08:47:50.166652+00:00,2.2584883
2025-06-27 08:47:52.965361+00:00,2.258488
2025-06-27 08:48:06.149635+00:00,2.258488
2025-06-27 08:48:40.462071+00:00,2.2584883
2025-06-27 08:48:43.998378+00:00,2.2584876
2025-06-27 08:48:56.565385+00:00,2.2584881
2025-06-27 08:49:09.644038+00:00,2.2584884
2025-06-27 08:49:21.804142+00:00,2.2584879
2025-06-27 08:49:35.464773+00:00,2.258488
2025-06-27 08:49:48.044426+00:00,2.258488
2025-06-27 08:50:00.809245+00:00,2.2584884
2025-06-27 08:50:27.064512+00:00,2.258488
2025-06-27 08:50:52.579880+00:00,2.2584879
2025-06-27 08:51:18.319978+00:00,2.2584882
2025-06-27 08:51:30.347935+00:00,2.2584878
2025-06-27 08:51:43.025149+00:00,2.2584881
2025-06-27 08:51:56.287593+00:00,2.258488
2025-06-27 08:52:20.192892+00:00,2.2584881
2025-06-27 08:52:33.334423+00:00,2.2584877
2025-06-27 08:52:48.009873+00:00,2.2584879
2025-06-27 08:53:01.716146+00:00,2.2584882
2025-06-27 08:53:10.643142+00:00,2.2584884
2025-06-27 08:54:01.262494+00:00,2.2584877
2025-06-27 08:54:39.773570+00:00,2.2584878
2025-06-27 08:54:50.572745+00:00,2.2584878
2025-06-27 08:55:41.562684+00:00,2.2584882
2025-06-27 08:55:53.117114+00:00,2.258488
2025-06-27 08:56:06.572755+00:00,2.2584882
2025-06-27 08:56:18.083306+00:00,2.2584881
2025-06-27 08:56:43.390581+00:00,2.2584882
2025-06-27 08:56:55.705559+00:00,2.2584881
2025-06-27 08:57:15.783279+00:00,2.2584883
2025-06-27 08:57:20.694280+00:00,2.2584882
2025-06-27 08:57:33.646104+00:00,2.2584878
2025-06-27 08:57:46.091427+00:00,2.2584881
2025-06-27 08:58:12.070749+00:00,2.2584881
2025-06-27 08:58:37.145655+00:00,2.2584878
2025-06-27 08:58:49.268806+00:00,2.2584884
2025-06-27 08:59:02.247906+00:00,2.2584884
2025-06-27 08:59:14.834908+00:00,2.2584882
2025-06-27 08:59:27.683915+00:00,2.2584878
2025-06-27 08:59:41.011210+00:00,2.2584881
2025-06-27 08:59:53.174848+00:00,2.2584878
2025-06-27 09:00:06.129810+00:00,2.2584878
2025-06-27 09:00:18.842555+00:00,2.258488
2025-06-27 09:00:31.608273+00:00,2.2584883
2025-06-27 09:01:00.052800+00:00,2.2584879
2025-06-27 09:01:22.230171+00:00,2.2584878
2025-06-27 09:01:34.713039+00:00,2.2584879
2025-06-27 09:01:52.792928+00:00,2.2584884
2025-06-27 09:02:12.736236+00:00,2.2584882
2025-06-27 09:03:18.305326+00:00,2.2584884
2025-06-27 09:03:27.735735+00:00,2.2584877
2025-06-27 09:03:40.849007+00:00,2.2584882
2025-06-27 09:03:53.781537+00:00,2.2584882
2025-06-27 09:04:18.895343+00:00,2.2584876
2025-06-27 09:04:32.448066+00:00,2.258488
2025-06-27 09:04:43.753827+00:00,2.2584874
2025-06-27 09:04:56.680071+00:00,2.2584879
2025-06-27 09:05:59.758124+00:00,2.2584876
2025-06-27 09:06:15.604821+00:00,2.2584872
2025-06-27 09:06:25.407745+00:00,2.258488
2025-06-27 09:06:50.008134+00:00,2.2584877
2025-06-27 09:07:41.043661+00:00,2.2584878
2025-06-27 09:08:34.138924+00:00,2.2584881
2025-06-27 09:08:42.326980+00:00,2.2584877
2025-06-27 09:08:54.862892+00:00,2.2584883
2025-06-27 09:09:12.629894+00:00,2.2584881
2025-06-27 09:09:45.907126+00:00,2.2584879
2025-06-27 09:10:35.139014+00:00,2.258488
2025-06-27 09:10:48.064567+00:00,2.2584877
2025-06-27 09:11:00.639633+00:00,2.2584878
2025-06-27 09:11:17.974637+00:00,2.2584878
2025-06-27 09:11:25.499288+00:00,2.2584881
2025-06-27 09:11:49.256104+00:00,2.258488
2025-06-27 09:11:58.729395+00:00,2.2584879
2025-06-27 09:12:09.026408+00:00,2.2584884
2025-06-27 09:12:40.615007+00:00,2.258488
2025-06-27 09:12:54.786679+00:00,2.2584875
2025-06-27 09:13:41.944586+00:00,2.2584875
2025-06-27 09:13:56.685803+00:00,2.2584884
2025-06-27 09:14:10.167722+00:00,2.2584878
2025-06-27 09:14:40.441809+00:00,2.2584876
2025-06-27 09:15:28.517684+00:00,2.2584875
2025-06-27 09:15:39.177620+00:00,2.2584877
2025-06-27 09:15:53.242033+00:00,2.2584876
2025-06-27 09:16:29.729626+00:00,2.2584878
2025-06-27 09:16:42.342362+00:00,2.2584879
2025-06-27 09:16:56.222955+00:00,2.2584882
2025-06-27 09:17:20.499568+00:00,2.258488
2025-06-27 09:17:38.620806+00:00,2.2584882
2025-06-27 09:17:45.379374+00:00,2.2584879
2025-06-27 09:18:01.454350+00:00,2.2584877
2025-06-27 09:18:12.347891+00:00,2.2584881
2025-06-27 09:18:27.852392+00:00,2.258488
2025-06-27 09:18:48.805895+00:00,2.2584879
2025-06-27 09:19:35.141782+00:00,2.2584883
2025-06-27 09:19:57.453110+00:00,2.2584882
2025-06-27 09:20:11.750495+00:00,2.2584877
2025-06-27 09:20:58.824670+00:00,2.2584877
2025-06-27 09:21:18.025338+00:00,2.2584882
2025-06-27 09:21:34.139034+00:00,2.2584877
2025-06-27 09:21:43.204781+00:00,2.2584883
2025-06-27 09:21:55.669620+00:00,2.258488
2025-06-27 09:22:10.446202+00:00,2.2584877
2025-06-27 09:22:20.943368+00:00,2.2584876
2025-06-27 09:22:35.694165+00:00,2.2584882
2025-06-27 09:22:46.227188+00:00,2.2584876
2025-06-27 09:22:58.993338+00:00,2.2584875
2025-06-27 09:23:12.879219+00:00,2.258488
2025-06-27 09:23:23.864633+00:00,2.258488
2025-06-27 09:23:36.917285+00:00,2.2584878
2025-06-27 09:23:49.521867+00:00,2.2584881
2025-06-27 09:24:02.388415+00:00,2.2584875
2025-06-27 09:24:15.329513+00:00,2.2584876
2025-06-27 09:24:27.933889+00:00,2.258488
2025-06-27 09:24:56.431566+00:00,2.2584874
2025-06-27 09:25:06.577648+00:00,2.2584878
2025-06-27 09:25:31.568324+00:00,2.2584876
2025-06-27 09:25:44.150780+00:00,2.2584881
2025-06-27 09:25:57.173222+00:00,2.2584881
2025-06-27 09:26:10.913420+00:00,2.2584881
2025-06-27 09:26:22.438998+00:00,2.2584881
2025-06-27 09:26:34.980511+00:00,2.2584883
2025-06-27 09:27:01.379102+00:00,2.2584882
2025-06-27 09:27:13.473068+00:00,2.2584879
2025-06-27 09:27:38.501430+00:00,2.2584875
2025-06-27 09:27:51.326438+00:00,2.2584877
2025-06-27 09:28:03.979501+00:00,2.2584881
2025-06-27 09:28:16.621487+00:00,2.2584883
2025-06-27 09:28:41.087260+00:00,2.2584877
2025-06-27 09:28:58.805693+00:00,2.2584878
2025-06-27 09:29:18.763034+00:00,2.258488
2025-06-27 09:30:09.617407+00:00,2.2584874
2025-06-27 09:30:22.130429+00:00,2.2584884
2025-06-27 09:30:47.891776+00:00,2.258488
2025-06-27 09:31:11.818021+00:00,2.2584881
2025-06-27 09:31:26.242327+00:00,2.2584876
2025-06-27 09:31:40.204780+00:00,2.2584874
2025-06-27 09:31:50.303487+00:00,2.2584879
2025-06-27 09:32:03.451895+00:00,2.2584879
2025-06-27 09:32:24.850218+00:00,2.2584876
2025-06-27 09:32:57.458261+00:00,2.2584875
2025-06-27 09:33:05.919985+00:00,2.2584881
2025-06-27 09:33:21.082770+00:00,2.2584879
2025-06-27 09:33:43.417577+00:00,2.2584877
2025-06-27 09:33:59.707375+00:00,2.2584882
2025-06-27 09:34:33.816391+00:00,2.2584884
2025-06-27 09:34:46.720962+00:00,2.2584876
2025-06-27 09:34:59.456412+00:00,2.2584883
2025-06-27 09:35:20.020969+00:00,2.2584884
2025-06-27 09:35:37.723482+00:00,2.2584875
2025-06-27 09:35:55.835907+00:00,2.2584876
2025-06-27 09:36:25.457629+00:00,2.2584881
2025-06-27 09:36:48.736954+00:00,2.2584879
2025-06-27 09:37:12.528234+00:00,2.2584884
2025-06-27 09:37:33.285052+00:00,2.2584876
2025-06-27 09:38:14.535354+00:00,2.258488
2025-06-27 09:38:24.200666+00:00,2.258488
2025-06-27 09:38:41.725989+00:00,2.2584876
2025-06-27 09:38:52.245372+00:00,2.258488
2025-06-27 09:39:04.680218+00:00,2.2584884
2025-06-27 09:39:28.741018+00:00,2.2584883
2025-06-27 09:39:39.048539+00:00,2.2584876
2025-06-27 09:39:52.684829+00:00,2.2584875
2025-06-27 09:40:04.381087+00:00,2.2584881
2025-06-27 09:40:16.557661+00:00,2.2584878
2025-06-27 09:40:29.497835+00:00,2.258488
2025-06-27 09:40:41.864395+00:00,2.2584879
2025-06-27 09:40:54.339903+00:00,2.2584884
2025-06-27 09:41:08.530718+00:00,2.2584876
2025-06-27 09:41:19.173066+00:00,2.2584873
2025-06-27 09:41:31.572640+00:00,2.2584874
2025-06-27 09:41:44.271660+00:00,2.2584876
2025-06-27 09:41:56.778878+00:00,2.2584881
2025-06-27 09:42:09.623209+00:00,2.2584883
2025-06-27 09:42:21.897430+00:00,2.2584883
2025-06-27 09:42:53.022910+00:00,2.258488
2025-06-27 09:43:48.852182+00:00,2.258488
2025-06-27 09:43:54.462190+00:00,2.2584878
2025-06-27 09:44:38.149868+00:00,2.2584875
2025-06-27 09:44:43.655089+00:00,2.2584879
2025-06-27 09:46:13.174714+00:00,2.2584883
2025-06-27 09:46:21.369793+00:00,2.258488
2025-06-27 09:46:34.251693+00:00,2.258487
2025-06-27 09:46:47.048233+00:00,2.2584878
2025-06-27 09:47:00.231674+00:00,2.2584878
2025-06-27 09:47:13.443883+00:00,2.2584882
2025-06-27 09:47:25.884888+00:00,2.258487
2025-06-27 09:47:38.751095+00:00,2.2584876
2025-06-27 09:48:42.437091+00:00,2.2584862
2025-06-27 09:49:08.751808+00:00,2.2584875
2025-06-27 09:50:12.871507+00:00,2.2584878
2025-06-27 09:50:24.517192+00:00,2.258487
2025-06-27 09:53:21.487242+00:00,2.2584873
2025-06-27 09:54:24.815965+00:00,2.2584866
2025-06-27 09:54:36.678754+00:00,2.2584874
2025-06-27 09:54:49.437616+00:00,2.2584877
2025-06-27 09:55:57.046962+00:00,2.2584859
2025-06-27 09:56:32.973088+00:00,2.258488
2025-06-27 09:56:57.537054+00:00,2.2584869
2025-06-27 09:57:48.322657+00:00,2.2584866
2025-06-27 09:58:52.536671+00:00,2.2584866
2025-06-27 09:59:05.205658+00:00,2.2584883
2025-06-27 09:59:18.111211+00:00,2.2584879
2025-06-27 09:59:30.854537+00:00,2.258488
2025-06-27 09:59:43.151594+00:00,2.2584877
2025-06-27 09:59:55.711028+00:00,2.2584881
2025-06-27 10:00:21.453363+00:00,2.2584866
2025-06-27 10:00:34.719406+00:00,2.2584861
2025-06-27 10:00:59.459831+00:00,2.2584881
2025-06-27 10:01:24.973800+00:00,2.2584866
2025-06-27 10:01:36.849751+00:00,2.2584863
2025-06-27 10:02:02.456002+00:00,2.2584863
2025-06-27 10:02:18.640656+00:00,2.2584863
2025-06-27 10:02:26.943175+00:00,2.2584876
2025-06-27 10:02:40.337106+00:00,2.2584878
2025-06-27 10:02:51.933427+00:00,2.2584879
2025-06-27 10:03:04.707188+00:00,2.2584879
2025-06-27 10:03:34.072551+00:00,2.2584866
2025-06-27 10:03:41.599148+00:00,2.2584878
2025-06-27 10:04:07.206483+00:00,2.2584875
2025-06-27 10:04:19.420289+00:00,2.2584881
2025-06-27 10:04:31.998047+00:00,2.2584878
2025-06-27 10:04:44.469917+00:00,2.2584875
2025-06-27 10:04:56.552047+00:00,2.2584882
2025-06-27 10:05:09.654181+00:00,2.2584876
2025-06-27 10:05:22.204712+00:00,2.2584879
2025-06-27 10:05:34.712395+00:00,2.258488
2025-06-27 10:05:47.595013+00:00,2.2584877
2025-06-27 10:05:59.199980+00:00,2.2584878
2025-06-27 10:06:12.545546+00:00,2.258488
2025-06-27 10:06:24.936145+00:00,2.2584877
2025-06-27 10:06:50.126634+00:00,2.2584878
2025-06-27 10:07:02.658835+00:00,2.2584872
2025-06-27 10:07:15.047988+00:00,2.2584881
2025-06-27 10:07:28.507358+00:00,2.258488
2025-06-27 10:07:40.600792+00:00,2.2584879
2025-06-27 10:08:33.214279+00:00,2.2584878
2025-06-27 10:08:44.594498+00:00,2.2584868
2025-06-27 10:09:16.630215+00:00,2.2584878
2025-06-27 10:09:22.847537+00:00,2.2584882
2025-06-27 10:09:35.496931+00:00,2.258488
2025-06-27 10:09:48.239481+00:00,2.2584878
2025-06-27 10:10:03.662764+00:00,2.2584884
2025-06-27 10:10:22.346392+00:00,2.2584881
2025-06-27 10:10:30.329396+00:00,2.2584877
2025-06-27 10:10:38.890955+00:00,2.2584879
2025-06-27 10:10:51.900702+00:00,2.2584877
2025-06-27 10:11:04.220988+00:00,2.2584881
2025-06-27 10:11:16.870743+00:00,2.2584876
2025-06-27 10:11:50.211786+00:00,2.2584875
2025-06-27 10:15:16.936376+00:00,2.2584873
2025-06-27 10:15:41.666542+00:00,2.2584879
2025-06-27 10:15:54.269363+00:00,2.2584883
2025-06-27 10:16:08.964538+00:00,2.2584881
2025-06-27 10:16:19.694476+00:00,2.2584879
2025-06-27 10:16:32.955722+00:00,2.2584878
2025-06-27 10:16:57.006596+00:00,2.2584879
2025-06-27 10:17:09.991345+00:00,2.2584879
2025-06-27 10:17:35.321217+00:00,2.2584882
2025-06-27 10:18:02.743509+00:00,2.2584882
2025-06-27 10:18:37.621978+00:00,2.2584881
2025-06-27 10:18:50.466818+00:00,2.258488
2025-06-27 10:19:03.743895+00:00,2.2584882
2025-06-27 10:19:44.732752+00:00,2.2584882
2025-06-27 10:20:16.281373+00:00,2.2584875
2025-06-27 10:20:18.540403+00:00,2.2584874
2025-06-27 10:20:31.113321+00:00,2.2584882
2025-06-27 10:20:44.069484+00:00,2.2584874
2025-06-27 10:20:55.966087+00:00,2.2584884
2025-06-27 10:21:10.299555+00:00,2.2584881
2025-06-27 10:21:46.191054+00:00,2.2584878
2025-06-27 10:21:58.536242+00:00,2.258488
2025-06-27 10:22:11.598571+00:00,2.2584881
2025-06-27 10:22:24.045377+00:00,2.2584884
2025-06-27 10:22:36.816951+00:00,2.2584881
2025-06-27 10:22:48.942743+00:00,2.258488
2025-06-27 10:23:01.588969+00:00,2.2584878
2025-06-27 10:23:14.190186+00:00,2.2584877
2025-06-27 10:23:29.198991+00:00,2.2584879
2025-06-27 10:23:47.958836+00:00,2.2584875
2025-06-27 10:24:40.373892+00:00,2.2584882
2025-06-27 10:25:48.182454+00:00,2.2584879
2025-06-27 10:26:23.124532+00:00,2.2584873
2025-06-27 10:26:48.101864+00:00,2.258488
2025-06-27 10:26:51.404395+00:00,2.2584882
2025-06-27 10:27:08.506056+00:00,2.258488
2025-06-27 10:27:29.042867+00:00,2.2584875
2025-06-27 10:27:42.106697+00:00,2.2584879
2025-06-27 10:29:21.568452+00:00,2.2584876
2025-06-27 10:29:33.934398+00:00,2.2584879
2025-06-27 10:29:48.509982+00:00,2.2584876
2025-06-27 10:30:52.480831+00:00,2.2584879
2025-06-27 10:32:19.637261+00:00,2.2584878
2025-06-27 10:32:35.720687+00:00,2.2584874
2025-06-27 10:32:43.379866+00:00,2.2584884
2025-06-27 10:32:56.038345+00:00,2.2584878
2025-06-27 10:33:08.619144+00:00,2.2584879
2025-06-27 10:33:26.387335+00:00,2.2584875
2025-06-27 10:33:37.918475+00:00,2.2584878
2025-06-27 10:33:49.931868+00:00,2.2584875
2025-06-27 10:33:59.143844+00:00,2.2584875
2025-06-27 10:34:11.782844+00:00,2.2584874
2025-06-27 10:34:24.026540+00:00,2.2584883
2025-06-27 10:35:17.054058+00:00,2.2584874
2025-06-27 10:36:03.727162+00:00,2.2584875
2025-06-27 10:36:06.817599+00:00,2.2584878
2025-06-27 10:36:20.748849+00:00,2.2584876
2025-06-27 10:37:11.101006+00:00,2.2584879
2025-06-27 10:37:22.921823+00:00,2.2584874
2025-06-27 10:37:35.595641+00:00,2.258488
2025-06-27 10:37:53.081355+00:00,2.2584883
2025-06-27 10:38:01.506595+00:00,2.2584873
2025-06-27 10:38:14.347480+00:00,2.2584879
2025-06-27 10:38:26.927974+00:00,2.2584877
2025-06-27 10:38:40.331203+00:00,2.2584877
2025-06-27 10:38:52.685973+00:00,2.2584874
2025-06-27 10:39:05.869909+00:00,2.2584884
2025-06-27 10:39:17.918154+00:00,2.2584878
2025-06-27 10:39:29.967694+00:00,2.258488
2025-06-27 10:39:42.692375+00:00,2.2584879
2025-06-27 10:39:54.882026+00:00,2.2584881
2025-06-27 10:40:09.008203+00:00,2.2584877
2025-06-27 10:40:22.395662+00:00,2.258488
2025-06-27 10:40:38.112569+00:00,2.2584876
2025-06-27 10:40:45.894716+00:00,2.2584876
2025-06-27 10:40:58.603008+00:00,2.2584877
2025-06-27 10:41:12.327257+00:00,2.2584882
2025-06-27 10:41:23.976703+00:00,2.2584878
2025-06-27 10:41:37.034482+00:00,2.2584876
2025-06-27 10:41:50.585066+00:00,2.2584881
2025-06-27 10:42:02.451135+00:00,2.2584882
2025-06-27 10:42:15.564407+00:00,2.2584883
2025-06-27 10:42:27.792142+00:00,2.2584877
2025-06-27 10:42:40.754389+00:00,2.2584876
2025-06-27 10:42:53.716651+00:00,2.2584876
2025-06-27 10:43:06.724656+00:00,2.2584876
2025-06-27 10:43:19.665884+00:00,2.2584881
2025-06-27 10:43:36.582514+00:00,2.2584876
2025-06-27 10:43:57.589250+00:00,2.2584878
2025-06-27 10:44:10.730409+00:00,2.258488
2025-06-27 10:44:23.979575+00:00,2.2584877
2025-06-27 10:44:35.591749+00:00,2.2584881
2025-06-27 10:44:48.616679+00:00,2.2584877
2025-06-27 10:45:01.429428+00:00,2.2584877
2025-06-27 10:45:14.239411+00:00,2.2584879
2025-06-27 10:45:27.904588+00:00,2.2584876
2025-06-27 10:45:39.521599+00:00,2.258488
2025-06-27 10:45:51.783943+00:00,2.2584876
2025-06-27 10:46:05.220236+00:00,2.2584881
2025-06-27 10:46:19.541469+00:00,2.2584874
2025-06-27 10:47:33.485998+00:00,2.2584876
2025-06-27 10:47:45.213728+00:00,2.2584877
2025-06-27 10:48:00.277099+00:00,2.2584873
2025-06-27 10:48:11.292118+00:00,2.258488
2025-06-27 10:48:36.617652+00:00,2.2584866
2025-06-27 10:49:13.316161+00:00,2.2584875
2025-06-27 10:49:32.280558+00:00,2.2584884
2025-06-27 10:49:38.334062+00:00,2.2584881
2025-06-27 10:50:03.463666+00:00,2.258488
2025-06-27 10:50:16.183193+00:00,2.2584879
2025-06-27 10:50:28.657251+00:00,2.2584876
2025-06-27 10:50:56.041239+00:00,2.2584884
2025-06-27 10:51:06.390876+00:00,2.258488
2025-06-27 10:51:18.938706+00:00,2.2584882
2025-06-27 10:51:31.604575+00:00,2.2584877
2025-06-27 10:51:43.899580+00:00,2.2584878
2025-06-27 10:51:56.588221+00:00,2.2584882
2025-06-27 10:52:09.967772+00:00,2.2584882
2025-06-27 10:52:22.405333+00:00,2.2584879
2025-06-27 10:52:35.305596+00:00,2.2584877
2025-06-27 10:52:48.703071+00:00,2.2584877
2025-06-27 10:53:07.992092+00:00,2.2584877
2025-06-27 10:53:13.746357+00:00,2.2584876
2025-06-27 10:53:39.016397+00:00,2.2584879
2025-06-27 10:53:51.571501+00:00,2.2584878
2025-06-27 10:54:04.760058+00:00,2.2584883
2025-06-27 10:54:17.108956+00:00,2.2584882
2025-06-27 10:54:29.365433+00:00,2.2584884
2025-06-27 10:54:42.238908+00:00,2.2584878
2025-06-27 10:54:56.323698+00:00,2.2584882
2025-06-27 10:55:08.006442+00:00,2.2584875
2025-06-27 10:55:33.388118+00:00,2.2584875
2025-06-27 10:55:44.875935+00:00,2.2584876
2025-06-27 10:55:57.470021+00:00,2.2584877
2025-06-27 10:56:10.577800+00:00,2.2584876
2025-06-27 10:56:22.717364+00:00,2.2584869
2025-06-27 10:56:35.518118+00:00,2.2584882
2025-06-27 10:56:48.371008+00:00,2.2584875
2025-06-27 10:57:13.583932+00:00,2.2584884
2025-06-27 10:57:38.816981+00:00,2.2584883
2025-06-27 10:58:04.086047+00:00,2.2584865
2025-06-27 10:58:17.810518+00:00,2.2584873
2025-06-27 10:58:29.116340+00:00,2.2584866
2025-06-27 11:03:55.409329+00:00,2.258488
2025-06-27 11:05:00.734009+00:00,2.2584875
2025-06-27 11:05:38.450870+00:00,2.2584871
2025-06-27 11:05:50.486202+00:00,2.2584879
2025-06-27 11:06:03.613059+00:00,2.2584878
2025-06-27 11:06:19.877894+00:00,2.2584879
2025-06-27 11:06:28.489390+00:00,2.258488
2025-06-27 11:06:41.415119+00:00,2.2584873
2025-06-27 11:06:54.731989+00:00,2.2584877
2025-06-27 11:07:07.232820+00:00,2.2584884
2025-06-27 11:07:20.829196+00:00,2.2584879
2025-06-27 11:07:32.640764+00:00,2.2584877
2025-06-27 11:07:44.850795+00:00,2.2584877
2025-06-27 11:07:57.655112+00:00,2.2584876
2025-06-27 11:08:10.588080+00:00,2.2584884
2025-06-27 11:08:26.253555+00:00,2.2584878
2025-06-27 11:08:35.282879+00:00,2.2584875
2025-06-27 11:08:48.004073+00:00,2.2584884
2025-06-27 11:09:00.229969+00:00,2.2584875
2025-06-27 11:09:15.487276+00:00,2.2584883
2025-06-27 11:09:36.369724+00:00,2.2584883
2025-06-27 11:09:39.853576+00:00,2.258488
2025-06-27 11:09:51.010877+00:00,2.2584882
2025-06-27 11:11:07.626960+00:00,2.2584879
2025-06-27 11:11:40.874108+00:00,2.2584883
2025-06-27 11:11:46.243186+00:00,2.2584882
2025-06-27 11:11:57.954487+00:00,2.2584878
2025-06-27 11:12:11.175497+00:00,2.2584875
2025-06-27 11:12:23.242058+00:00,2.2584875
2025-06-27 11:12:36.537502+00:00,2.2584875
2025-06-27 11:12:53.381036+00:00,2.2584875
2025-06-27 11:13:00.981684+00:00,2.2584879
2025-06-27 11:13:13.303707+00:00,2.2584879
2025-06-27 11:13:25.993524+00:00,2.258488
2025-06-27 11:13:38.495871+00:00,2.2584876
2025-06-27 11:13:51.109482+00:00,2.2584877
2025-06-27 11:14:04.413884+00:00,2.2584876
2025-06-27 11:14:16.638411+00:00,2.258488
2025-06-27 11:14:29.117272+00:00,2.258488
2025-06-27 11:14:41.596328+00:00,2.2584877
2025-06-27 11:14:54.188279+00:00,2.2584877
2025-06-27 11:15:06.911926+00:00,2.2584876
2025-06-27 11:15:32.363518+00:00,2.2584882
2025-06-27 11:15:44.727698+00:00,2.2584877
2025-06-27 11:15:57.479046+00:00,2.2584879
2025-06-27 11:16:10.189459+00:00,2.2584879
2025-06-27 11:16:24.773683+00:00,2.2584878
2025-06-27 11:16:35.537319+00:00,2.2584878
2025-06-27 11:16:48.703013+00:00,2.2584884
2025-06-27 11:17:01.030656+00:00,2.2584878
2025-06-27 11:17:13.469142+00:00,2.2584878
2025-06-27 11:17:26.119976+00:00,2.2584875
2025-06-27 11:17:38.319499+00:00,2.2584881
2025-06-27 11:17:51.375737+00:00,2.2584873
2025-06-27 11:18:04.507829+00:00,2.2584879
2025-06-27 11:18:17.465969+00:00,2.2584877
2025-06-27 11:18:29.274958+00:00,2.2584869
2025-06-27 11:18:41.892536+00:00,2.2584884
2025-06-27 11:18:56.634081+00:00,2.2584878
2025-06-27 11:19:07.594870+00:00,2.2584879
2025-06-27 11:19:20.040456+00:00,2.2584874
2025-06-27 11:19:33.024107+00:00,2.2584876
2025-06-27 11:19:45.580488+00:00,2.2584882
2025-06-27 11:19:57.997170+00:00,2.2584882
2025-06-27 11:20:12.370804+00:00,2.2584879
2025-06-27 11:20:23.196443+00:00,2.2584876
2025-06-27 11:20:35.933231+00:00,2.2584876
2025-06-27 11:20:50.613122+00:00,2.2584883
2025-06-27 11:21:02.172825+00:00,2.2584877
2025-06-27 11:21:25.946030+00:00,2.2584883
2025-06-27 11:21:42.047733+00:00,2.2584877
2025-06-27 11:21:51.204129+00:00,2.2584884
2025-06-27 11:22:06.709960+00:00,2.2584873
2025-06-27 11:22:42.454150+00:00,2.2584874
2025-06-27 11:23:37.681309+00:00,2.2584882
2025-06-27 11:23:44.244952+00:00,2.2584878
2025-06-27 11:23:56.801309+00:00,2.2584882
2025-06-27 11:24:09.541020+00:00,2.2584878
2025-06-27 11:24:34.667884+00:00,2.2584877
2025-06-27 11:24:47.517360+00:00,2.2584883
2025-06-27 11:24:59.756961+00:00,2.2584881
2025-06-27 11:25:35.639636+00:00,2.2584878
2025-06-27 11:25:42.187963+00:00,2.2584873
2025-06-27 11:26:15.981296+00:00,2.2584875
2025-06-27 11:26:27.857042+00:00,2.2584879
2025-06-27 11:26:42.423567+00:00,2.258488
2025-06-27 11:27:05.679182+00:00,2.2584873
2025-06-27 11:27:18.555739+00:00,2.2584881
2025-06-27 11:27:32.039801+00:00,2.2584878
2025-06-27 11:27:55.772982+00:00,2.2584881
2025-06-27 11:28:08.941322+00:00,2.2584875
2025-06-27 11:28:21.326972+00:00,2.2584881
2025-06-27 11:28:34.102579+00:00,2.2584877
2025-06-27 11:28:46.992552+00:00,2.2584879
2025-06-27 11:29:12.610219+00:00,2.2584877
2025-06-27 11:29:24.898721+00:00,2.2584878
2025-06-27 11:29:37.769543+00:00,2.2584877
2025-06-27 11:29:50.322355+00:00,2.2584874
2025-06-27 11:30:03.406739+00:00,2.258488
2025-06-27 11:30:16.650246+00:00,2.2584876
2025-06-27 11:30:28.873723+00:00,2.2584878
2025-06-27 11:30:41.204865+00:00,2.2584881
2025-06-27 11:30:53.782273+00:00,2.2584882
2025-06-27 11:31:07.518580+00:00,2.2584883
2025-06-27 11:31:20.804898+00:00,2.2584882
2025-06-27 11:31:32.083954+00:00,2.258488
2025-06-27 11:31:44.362311+00:00,2.2584877
2025-06-27 11:31:56.993194+00:00,2.2584878
2025-06-27 11:32:09.734858+00:00,2.2584879
2025-06-27 11:32:23.124532+00:00,2.2584879
2025-06-27 11:32:34.495927+00:00,2.2584881
2025-06-27 11:32:47.602442+00:00,2.2584878
2025-06-27 11:32:59.909508+00:00,2.2584877
2025-06-27 11:33:25.594331+00:00,2.2584877
2025-06-27 11:33:39.883752+00:00,2.2584883
2025-06-27 11:33:50.373952+00:00,2.2584878
2025-06-27 11:34:03.625626+00:00,2.2584879
2025-06-27 11:34:15.860316+00:00,2.2584877
2025-06-27 11:34:28.596719+00:00,2.2584878
2025-06-27 11:35:24.936615+00:00,2.258488
2025-06-27 11:36:25.669267+00:00,2.2584882
2025-06-27 11:36:49.819887+00:00,2.2584882
2025-06-27 11:36:59.370687+00:00,2.2584876
2025-06-27 11:37:11.400356+00:00,2.2584877
2025-06-27 11:37:25.103597+00:00,2.2584877
2025-06-27 11:37:38.474186+00:00,2.2584877
2025-06-27 11:37:51.244388+00:00,2.258488
2025-06-27 11:38:10.275213+00:00,2.2584875
2025-06-27 11:38:15.595428+00:00,2.2584884
2025-06-27 11:38:27.511832+00:00,2.2584879
2025-06-27 11:38:40.291739+00:00,2.2584878
2025-06-27 11:38:53.188527+00:00,2.2584877
2025-06-27 11:39:05.961969+00:00,2.2584875
2025-06-27 11:39:21.159238+00:00,2.2584881
2025-06-27 11:39:30.578488+00:00,2.2584876
2025-06-27 11:39:43.351136+00:00,2.2584879
2025-06-27 11:39:57.556820+00:00,2.2584882
2025-06-27 11:40:42.436566+00:00,2.258488
2025-06-27 11:40:45.738591+00:00,2.258488
2025-06-27 11:40:58.080404+00:00,2.2584873
2025-06-27 11:41:11.700143+00:00,2.2584881
2025-06-27 11:41:25.069211+00:00,2.2584877
2025-06-27 11:42:01.579356+00:00,2.2584881
2025-06-27 11:42:13.887454+00:00,2.2584876
2025-06-27 11:42:26.540784+00:00,2.2584875
2025-06-27 11:42:38.894756+00:00,2.2584875
2025-06-27 11:42:51.572591+00:00,2.2584881
2025-06-27 11:43:04.783038+00:00,2.2584877
2025-06-27 11:43:19.314897+00:00,2.2584884
2025-06-27 11:43:58.274724+00:00,2.2584875
2025-06-27 11:44:07.420258+00:00,2.2584876
2025-06-27 11:44:19.412141+00:00,2.2584884
2025-06-27 11:44:32.196394+00:00,2.2584884
2025-06-27 11:44:44.582427+00:00,2.2584877
2025-06-27 11:44:57.635473+00:00,2.2584881
2025-06-27 11:45:36.743413+00:00,2.2584875
2025-06-27 11:45:48.927903+00:00,2.2584875
2025-06-27 11:46:01.793999+00:00,2.258488
2025-06-27 11:46:14.061148+00:00,2.2584879
2025-06-27 11:46:26.956464+00:00,2.2584877
2025-06-27 11:46:39.376128+00:00,2.2584875
2025-06-27 11:46:53.286050+00:00,2.2584876
2025-06-27 11:47:05.616940+00:00,2.2584881
2025-06-27 11:47:18.824923+00:00,2.2584883
2025-06-27 11:47:36.418647+00:00,2.2584877
2025-06-27 11:47:51.024372+00:00,2.2584875
2025-06-27 11:48:25.484672+00:00,2.258488
2025-06-27 11:48:44.706678+00:00,2.2584876
2025-06-27 11:48:48.500220+00:00,2.2584879
2025-06-27 11:49:11.648368+00:00,2.2584878
2025-06-27 11:49:36.631288+00:00,2.2584877
2025-06-27 11:49:49.217538+00:00,2.258488
2025-06-27 11:50:02.349934+00:00,2.2584882
2025-06-27 11:50:14.930731+00:00,2.2584883
2025-06-27 11:50:27.130647+00:00,2.258488
2025-06-27 11:50:39.235399+00:00,2.2584876
2025-06-27 11:50:52.122696+00:00,2.2584877
2025-06-27 11:51:05.492426+00:00,2.2584879
2025-06-27 11:51:17.829641+00:00,2.2584873
2025-06-27 11:51:31.268519+00:00,2.2584881
2025-06-27 11:52:46.287597+00:00,2.2584876
2025-06-27 11:52:58.216636+00:00,2.2584874
2025-06-27 11:53:11.924708+00:00,2.2584877
2025-06-27 11:53:23.678306+00:00,2.2584874
2025-06-27 11:53:36.336899+00:00,2.2584877
2025-06-27 11:53:48.650416+00:00,2.2584875
2025-06-27 11:54:01.285782+00:00,2.2584877
2025-06-27 11:54:14.217974+00:00,2.2584876
2025-06-27 11:54:26.434822+00:00,2.2584881
2025-06-27 11:54:38.664237+00:00,2.2584875
2025-06-27 11:54:51.210119+00:00,2.2584878
2025-06-27 11:55:05.592750+00:00,2.2584878
2025-06-27 11:55:17.558949+00:00,2.2584884
2025-06-27 11:55:29.271770+00:00,2.2584884
2025-06-27 11:55:49.899779+00:00,2.258488
2025-06-27 11:56:13.764212+00:00,2.258488
2025-06-27 11:56:20.966651+00:00,2.2584882
2025-06-27 11:56:32.837246+00:00,2.2584882
2025-06-27 11:56:46.025210+00:00,2.2584882
2025-06-27 11:56:59.795622+00:00,2.2584879
2025-06-27 11:57:13.164965+00:00,2.2584876
2025-06-27 11:57:37.938549+00:00,2.2584877
2025-06-27 11:57:49.063369+00:00,2.2584875
2025-06-27 11:58:02.176167+00:00,2.2584882
2025-06-27 11:58:14.396932+00:00,2.2584876
2025-06-27 11:58:27.213271+00:00,2.2584876
2025-06-27 11:58:40.003597+00:00,2.2584873
2025-06-27 11:58:53.138717+00:00,2.2584878
2025-06-27 11:59:06.217139+00:00,2.2584878
2025-06-27 11:59:18.407449+00:00,2.258488
2025-06-27 11:59:35.836408+00:00,2.2584873
2025-06-27 11:59:43.584440+00:00,2.2584881
2025-06-27 12:00:07.356189+00:00,2.2584884
2025-06-27 12:00:21.647848+00:00,2.2584874
2025-06-27 12:00:39.697454+00:00,2.2584877
2025-06-27 12:00:47.147781+00:00,2.2584881
2025-06-27 12:00:59.568666+00:00,2.2584879
2025-06-27 12:01:12.791487+00:00,2.2584881
2025-06-27 12:01:25.122418+00:00,2.258488
2025-06-27 12:01:37.708674+00:00,2.258488
2025-06-27 12:01:50.475384+00:00,2.2584873
2025-06-27 12:02:04.038251+00:00,2.2584879
2025-06-27 12:02:16.704951+00:00,2.2584872
2025-06-27 12:02:33.820515+00:00,2.2584879
2025-06-27 12:02:42.297083+00:00,2.2584878
2025-06-27 12:03:00.326801+00:00,2.2584875
2025-06-27 12:03:14.698424+00:00,2.2584882
2025-06-27 12:03:21.760092+00:00,2.2584876
2025-06-27 12:03:33.158436+00:00,2.2584876
2025-06-27 12:03:45.610467+00:00,2.2584881
2025-06-27 12:03:58.056437+00:00,2.2584881
2025-06-27 12:04:11.323467+00:00,2.2584875
2025-06-27 12:04:23.674943+00:00,2.2584877
2025-06-27 12:04:55.887244+00:00,2.2584882
2025-06-27 12:05:41.284464+00:00,2.2584883
2025-06-27 12:05:58.566211+00:00,2.2584879
2025-06-27 12:06:06.094626+00:00,2.2584875
2025-06-27 12:06:18.408309+00:00,2.2584879
2025-06-27 12:06:31.831273+00:00,2.2584877
2025-06-27 12:06:43.538074+00:00,2.2584881
2025-06-27 12:06:56.928235+00:00,2.2584876
2025-06-27 12:07:09.417754+00:00,2.2584884
2025-06-27 12:07:21.712723+00:00,2.2584877
2025-06-27 12:08:23.025167+00:00,2.2584876
2025-06-27 12:08:37.571490+00:00,2.2584878
2025-06-27 12:09:27.658946+00:00,2.2584878
2025-06-27 12:10:06.119119+00:00,2.2584861
2025-06-27 12:10:31.433141+00:00,2.2584879
2025-06-27 12:10:56.050928+00:00,2.2584875
2025-06-27 12:11:08.930915+00:00,2.2584884
2025-06-27 12:11:21.615675+00:00,2.2584881
2025-06-27 12:11:34.139988+00:00,2.2584879
2025-06-27 12:11:58.882060+00:00,2.2584883
2025-06-27 12:12:37.570893+00:00,2.2584876
2025-06-27 12:12:49.356934+00:00,2.2584874
2025-06-27 12:13:02.680754+00:00,2.2584875
2025-06-27 12:13:14.846366+00:00,2.2584882
2025-06-27 12:13:28.449498+00:00,2.2584874
2025-06-27 12:13:40.616037+00:00,2.2584876
2025-06-27 12:13:53.646259+00:00,2.2584883
2025-06-27 12:14:07.052090+00:00,2.2584881
2025-06-27 12:14:19.262186+00:00,2.2584879
2025-06-27 12:14:32.085754+00:00,2.2584882
2025-06-27 12:14:44.861982+00:00,2.2584882
2025-06-27 12:14:57.515049+00:00,2.258488
2025-06-27 12:15:10.613941+00:00,2.2584871
2025-06-27 12:15:22.928674+00:00,2.2584876
2025-06-27 12:15:36.160179+00:00,2.2584879
2025-06-27 12:15:48.707991+00:00,2.2584875
2025-06-27 12:16:02.725584+00:00,2.2584877
2025-06-27 12:16:13.759488+00:00,2.2584875
2025-06-27 12:16:39.216744+00:00,2.2584878
2025-06-27 12:16:51.617420+00:00,2.2584872
2025-06-27 12:17:05.689577+00:00,2.2584875
2025-06-27 12:17:16.823991+00:00,2.2584877
2025-06-27 12:17:29.001156+00:00,2.2584883
2025-06-27 12:17:41.828019+00:00,2.2584873
2025-06-27 12:17:55.781327+00:00,2.2584874
2025-06-27 12:18:08.905319+00:00,2.2584874
2025-06-27 12:18:19.890640+00:00,2.2584877
2025-06-27 12:18:32.487924+00:00,2.2584873
2025-06-27 12:18:58.514278+00:00,2.2584883
2025-06-27 12:19:13.231628+00:00,2.2584876
2025-06-27 12:19:23.914879+00:00,2.2584877
2025-06-27 12:19:36.235539+00:00,2.2584879
2025-06-27 12:19:49.112430+00:00,2.258488
2025-06-27 12:20:02.212512+00:00,2.2584881
2025-06-27 12:20:15.545040+00:00,2.2584882
2025-06-27 12:20:29.854116+00:00,2.2584875
2025-06-27 12:20:40.750495+00:00,2.2584879
2025-06-27 12:20:54.192111+00:00,2.2584878
2025-06-27 12:21:06.476478+00:00,2.2584878
2025-06-27 12:21:19.069430+00:00,2.2584879
2025-06-27 12:21:31.792063+00:00,2.2584876
2025-06-27 12:21:43.742495+00:00,2.2584881
2025-06-27 12:21:56.536737+00:00,2.2584883
2025-06-27 12:22:09.526210+00:00,2.2584883
2025-06-27 12:22:21.490474+00:00,2.2584872
2025-06-27 12:22:34.231338+00:00,2.258488
2025-06-27 12:23:48.083495+00:00,2.2584873
2025-06-27 12:23:49.371335+00:00,2.2584875
2025-06-27 12:24:02.580373+00:00,2.2584874
2025-06-27 12:24:14.900265+00:00,2.2584876
2025-06-27 12:24:27.724598+00:00,2.2584876
2025-06-27 12:24:40.816411+00:00,2.2584879
2025-06-27 12:24:53.410672+00:00,2.2584881
2025-06-27 12:25:32.190239+00:00,2.2584879
2025-06-27 12:25:56.015484+00:00,2.2584878
2025-06-27 12:25:56.867694+00:00,2.2584884
2025-06-27 12:26:13.268571+00:00,2.2584875
2025-06-27 12:26:22.149920+00:00,2.2584878
2025-06-27 12:26:35.906527+00:00,2.2584881
2025-06-27 12:26:47.889157+00:00,2.2584883
2025-06-27 12:27:00.476617+00:00,2.2584875
2025-06-27 12:27:13.275957+00:00,2.2584877
2025-06-27 12:27:26.365249+00:00,2.2584881
2025-06-27 12:27:39.032215+00:00,2.2584882
2025-06-27 12:27:51.741232+00:00,2.2584876
2025-06-27 12:28:12.682080+00:00,2.2584881
2025-06-27 12:28:18.172039+00:00,2.2584883
2025-06-27 12:28:30.185807+00:00,2.2584881
2025-06-27 12:28:42.748263+00:00,2.2584884
2025-06-27 12:28:55.289418+00:00,2.2584881
2025-06-27 12:29:09.420663+00:00,2.2584879
2025-06-27 12:29:24.528267+00:00,2.2584874
2025-06-27 12:29:57.298010+00:00,2.2584878
2025-06-27 12:31:24.095953+00:00,2.2584883
2025-06-27 12:31:28.668642+00:00,2.2584876
2025-06-27 12:32:04.843270+00:00,2.2584876
2025-06-27 12:32:17.546250+00:00,2.2584884
2025-06-27 12:32:35.999431+00:00,2.2584881
2025-06-27 12:32:48.884880+00:00,2.2584878
2025-06-27 12:32:56.974640+00:00,2.2584876
2025-06-27 12:33:11.913239+00:00,2.2584883
2025-06-27 12:33:21.545725+00:00,2.2584876
2025-06-27 12:33:34.060056+00:00,2.2584875
2025-06-27 12:33:47.008175+00:00,2.2584884
2025-06-27 12:33:59.873524+00:00,2.258488
2025-06-27 12:34:32.139408+00:00,2.2584878
2025-06-27 12:34:38.522435+00:00,2.258488
2025-06-27 12:34:51.021967+00:00,2.2584878
2025-06-27 12:35:04.206243+00:00,2.2584883
2025-06-27 12:35:16.689733+00:00,2.2584878
2025-06-27 12:35:29.656032+00:00,2.2584877
2025-06-27 12:35:42.128924+00:00,2.2584878
2025-06-27 12:35:54.501088+00:00,2.2584876
2025-06-27 12:36:07.516653+00:00,2.2584876
2025-06-27 12:36:23.570849+00:00,2.2584878
2025-06-27 12:36:33.823649+00:00,2.2584879
2025-06-27 12:36:44.592822+00:00,2.2584881
2025-06-27 12:36:57.308997+00:00,2.258488
2025-06-27 12:37:10.402347+00:00,2.2584876
2025-06-27 12:37:22.626351+00:00,2.258488
2025-06-27 12:37:35.093528+00:00,2.2584878
2025-06-27 12:37:56.051032+00:00,2.2584876
2025-06-27 12:37:59.923678+00:00,2.2584878
2025-06-27 12:38:12.329528+00:00,2.2584878
2025-06-27 12:38:25.953904+00:00,2.2584878
2025-06-27 12:38:44.294027+00:00,2.2584884
2025-06-27 12:38:56.405062+00:00,2.2584881
2025-06-27 12:39:15.734175+00:00,2.2584876
2025-06-27 12:39:38.365294+00:00,2.2584877
2025-06-27 12:39:52.533668+00:00,2.2584881
2025-06-27 12:40:06.191224+00:00,2.258488
2025-06-27 12:40:18.631297+00:00,2.2584881
2025-06-27 12:40:31.466280+00:00,2.2584875
2025-06-27 12:40:44.207524+00:00,2.2584875
2025-06-27 12:41:00.556375+00:00,2.2584876
2025-06-27 12:41:12.440022+00:00,2.258488
2025-06-27 12:41:22.764490+00:00,2.2584876
2025-06-27 12:41:37.620418+00:00,2.2584875
2025-06-27 12:42:01.670739+00:00,2.2584875
2025-06-27 12:42:14.870445+00:00,2.2584879
2025-06-27 12:42:26.538056+00:00,2.2584877
2025-06-27 12:42:42.722248+00:00,2.2584879
2025-06-27 12:42:51.696174+00:00,2.2584881
2025-06-27 12:43:05.219396+00:00,2.2584884
2025-06-27 12:43:17.679097+00:00,2.2584883
2025-06-27 12:43:29.666236+00:00,2.258488
2025-06-27 12:43:42.829171+00:00,2.2584882
2025-06-27 12:43:55.700033+00:00,2.258488
2025-06-27 12:44:08.502750+00:00,2.2584879
2025-06-27 12:44:20.827786+00:00,2.2584878
2025-06-27 12:44:33.724752+00:00,2.2584879
2025-06-27 12:44:53.655071+00:00,2.2584878
2025-06-27 12:45:26.208345+00:00,2.2584879
2025-06-27 12:46:02.548001+00:00,2.2584881
2025-06-27 12:46:27.269660+00:00,2.2584877
2025-06-27 12:46:39.476788+00:00,2.2584878
2025-06-27 12:47:04.705009+00:00,2.2584877
2025-06-27 12:47:26.308984+00:00,2.2584874
2025-06-27 12:47:47.913227+00:00,2.2584877
2025-06-27 12:47:54.664813+00:00,2.2584875
2025-06-27 12:48:08.497993+00:00,2.2584878
2025-06-27 12:48:20.236847+00:00,2.2584878
2025-06-27 12:48:32.946979+00:00,2.2584873
2025-06-27 12:48:44.828036+00:00,2.258488
2025-06-27 12:48:57.466497+00:00,2.2584881
2025-06-27 12:49:10.457898+00:00,2.2584875
2025-06-27 12:49:22.920280+00:00,2.2584878
2025-06-27 12:49:35.186714+00:00,2.2584877
2025-06-27 12:49:48.567834+00:00,2.2584881
2025-06-27 12:50:01.649943+00:00,2.2584882
2025-06-27 12:50:14.504318+00:00,2.2584876
2025-06-27 12:50:25.766151+00:00,2.2584883
2025-06-27 12:50:40.188785+00:00,2.2584873
2025-06-27 12:50:52.905359+00:00,2.2584882
2025-06-27 12:51:04.176394+00:00,2.2584883
2025-06-27 12:51:17.030769+00:00,2.2584875
2025-06-27 12:51:29.491639+00:00,2.2584884
2025-06-27 12:51:42.526862+00:00,2.2584879
2025-06-27 12:51:56.204324+00:00,2.2584876
2025-06-27 12:52:08.691683+00:00,2.2584879
2025-06-27 12:52:22.905778+00:00,2.2584875
2025-06-27 12:52:36.144737+00:00,2.2584875
2025-06-27 12:52:49.245983+00:00,2.2584874
2025-06-27 12:53:00.965038+00:00,2.2584878
2025-06-27 12:53:49.750526+00:00,2.2584876
2025-06-27 12:54:03.354753+00:00,2.2584871
2025-06-27 12:54:54.419484+00:00,2.2584873
2025-06-27 12:55:06.868778+00:00,2.2584875
2025-06-27 12:55:25.876500+00:00,2.2584882
2025-06-27 12:55:32.403249+00:00,2.2584876
2025-06-27 12:55:44.074917+00:00,2.2584877
2025-06-27 12:55:56.680600+00:00,2.2584884
2025-06-27 12:56:09.443912+00:00,2.2584876
2025-06-27 12:56:21.902035+00:00,2.2584872
2025-06-27 12:56:35.051412+00:00,2.2584873
2025-06-27 12:56:47.481505+00:00,2.2584874
2025-06-27 12:56:59.922993+00:00,2.2584881
2025-06-27 12:57:12.437208+00:00,2.2584876
2025-06-27 12:57:31.266458+00:00,2.2584879
2025-06-27 12:57:37.857531+00:00,2.2584877
2025-06-27 12:57:50.347154+00:00,2.2584879
2025-06-27 12:58:02.739593+00:00,2.2584873
2025-06-27 12:58:16.089018+00:00,2.2584877
2025-06-27 12:58:32.661818+00:00,2.258488
2025-06-27 12:58:41.682416+00:00,2.2584878
2025-06-27 12:58:52.880628+00:00,2.2584878
2025-06-27 12:59:05.533128+00:00,2.2584876
2025-06-27 12:59:20.278202+00:00,2.2584878
2025-06-27 12:59:31.780327+00:00,2.2584882
2025-06-27 12:59:43.168455+00:00,2.2584878
2025-06-27 12:59:55.789010+00:00,2.2584877
2025-06-27 13:00:09.014156+00:00,2.2584883
2025-06-27 13:00:21.587622+00:00,2.2584878
2025-06-27 13:00:33.588224+00:00,2.2584883
2025-06-27 13:00:46.219017+00:00,2.2584874
2025-06-27 13:00:58.607250+00:00,2.2584874
2025-06-27 13:01:11.693800+00:00,2.2584881
2025-06-27 13:01:23.862708+00:00,2.258488
2025-06-27 13:01:36.376930+00:00,2.2584878
2025-06-27 13:02:00.067065+00:00,2.2584877
2025-06-27 13:02:02.227399+00:00,2.2584878
2025-06-27 13:02:14.394948+00:00,2.2584881
2025-06-27 13:02:27.632399+00:00,2.2584879
2025-06-27 13:02:40.932424+00:00,2.258488
2025-06-27 13:02:51.807834+00:00,2.2584875
2025-06-27 13:03:05.841994+00:00,2.2584879
2025-06-27 13:03:17.941818+00:00,2.2584876
2025-06-27 13:03:30.581788+00:00,2.2584875
2025-06-27 13:03:55.066214+00:00,2.2584878
2025-06-27 13:04:08.731186+00:00,2.258488
2025-06-27 13:04:21.545005+00:00,2.2584879
2025-06-27 13:04:33.847633+00:00,2.2584879
2025-06-27 13:04:58.961296+00:00,2.2584874
2025-06-27 13:05:12.914227+00:00,2.2584875
2025-06-27 13:05:25.826385+00:00,2.2584876
2025-06-27 13:05:39.890525+00:00,2.2584876
2025-06-27 13:05:49.858769+00:00,2.2584877
2025-06-27 13:06:03.064141+00:00,2.2584874
2025-06-27 13:06:16.049848+00:00,2.2584877
2025-06-27 13:06:49.029329+00:00,2.2584883
2025-06-27 13:07:18.912136+00:00,2.2584882
2025-06-27 13:07:31.975873+00:00,2.2584878
2025-06-27 13:07:57.944901+00:00,2.2584884
2025-06-27 13:08:22.888123+00:00,2.2584881
2025-06-27 13:08:48.348731+00:00,2.2584882
2025-06-27 13:08:59.992697+00:00,2.258488
2025-06-27 13:09:19.131747+00:00,2.2584875
2025-06-27 13:09:43.627580+00:00,2.2584879
2025-06-27 13:11:07.358526+00:00,2.2584883
2025-06-27 13:11:19.395557+00:00,2.2584875
2025-06-27 13:11:32.378804+00:00,2.2584882
2025-06-27 13:11:44.803703+00:00,2.258488
2025-06-27 13:11:57.333688+00:00,2.2584875
2025-06-27 13:12:10.915886+00:00,2.2584875
2025-06-27 13:12:22.681704+00:00,2.2584877
2025-06-27 13:12:34.905093+00:00,2.2584877
2025-06-27 13:12:47.764573+00:00,2.2584879
2025-06-27 13:12:59.864482+00:00,2.2584883
2025-06-27 13:13:13.192151+00:00,2.2584873
2025-06-27 13:13:25.277416+00:00,2.258488
2025-06-27 13:13:37.923445+00:00,2.2584876
2025-06-27 13:13:50.441968+00:00,2.2584876
2025-06-27 13:14:03.834547+00:00,2.2584879
2025-06-27 13:14:21.981564+00:00,2.2584879
2025-06-27 13:14:28.463759+00:00,2.2584874
2025-06-27 13:14:40.888984+00:00,2.2584875
2025-06-27 13:14:55.443790+00:00,2.2584879
2025-06-27 13:15:06.427513+00:00,2.2584879
2025-06-27 13:15:19.253933+00:00,2.2584882
2025-06-27 13:15:32.273591+00:00,2.2584875
2025-06-27 13:15:43.782897+00:00,2.258488
2025-06-27 13:16:22.039342+00:00,2.258488
2025-06-27 13:16:34.761410+00:00,2.2584884
2025-06-27 13:16:47.989214+00:00,2.2584878
2025-06-27 13:17:00.804808+00:00,2.2584877
2025-06-27 13:17:13.589086+00:00,2.2584875
2025-06-27 13:17:26.655936+00:00,2.2584875
2025-06-27 13:17:39.291430+00:00,2.2584881
2025-06-27 13:17:54.275079+00:00,2.2584881
2025-06-27 13:18:14.284926+00:00,2.2584879
2025-06-27 13:19:22.266144+00:00,2.2584874
2025-06-27 13:19:42.497573+00:00,2.2584877
2025-06-27 13:19:47.342278+00:00,2.2584882
2025-06-27 13:20:00.216028+00:00,2.2584884
2025-06-27 13:20:13.467433+00:00,2.258488
2025-06-27 13:20:38.476123+00:00,2.2584883
2025-06-27 13:20:59.348781+00:00,2.2584883
2025-06-27 13:21:16.032828+00:00,2.2584873
2025-06-27 13:21:28.675082+00:00,2.2584876
2025-06-27 13:21:41.313716+00:00,2.2584884
2025-06-27 13:21:54.395668+00:00,2.2584883
2025-06-27 13:22:06.729125+00:00,2.2584874
2025-06-27 13:22:18.950559+00:00,2.2584878
2025-06-27 13:22:31.921458+00:00,2.2584875
2025-06-27 13:22:44.109156+00:00,2.2584881
2025-06-27 13:22:56.712917+00:00,2.2584883
2025-06-27 13:23:14.213079+00:00,2.2584884
2025-06-27 13:23:23.524869+00:00,2.258488
2025-06-27 13:23:34.371412+00:00,2.2584877
2025-06-27 13:23:48.911963+00:00,2.2584874
2025-06-27 13:23:59.712352+00:00,2.2584881
2025-06-27 13:24:13.640728+00:00,2.2584879
2025-06-27 13:24:25.049140+00:00,2.2584874
2025-06-27 13:24:38.571644+00:00,2.258488
2025-06-27 13:24:50.348092+00:00,2.2584876
2025-06-27 13:25:03.345809+00:00,2.2584881
2025-06-27 13:25:15.945938+00:00,2.2584876
2025-06-27 13:25:28.278972+00:00,2.2584876
2025-06-27 13:25:40.881274+00:00,2.2584883
2025-06-27 13:25:53.270117+00:00,2.2584874
2025-06-27 13:26:07.209591+00:00,2.2584884
2025-06-27 13:26:19.558346+00:00,2.2584882
2025-06-27 13:26:33.925468+00:00,2.258488
2025-06-27 13:26:43.837306+00:00,2.2584878
2025-06-27 13:26:56.384874+00:00,2.2584884
2025-06-27 13:27:08.517692+00:00,2.2584875
2025-06-27 13:27:21.208123+00:00,2.2584881
2025-06-27 13:27:33.563944+00:00,2.2584873
2025-06-27 13:27:46.900641+00:00,2.2584878
2025-06-27 13:28:11.920532+00:00,2.2584879
2025-06-27 13:28:25.048199+00:00,2.2584876
2025-06-27 13:28:53.314428+00:00,2.2584881
2025-06-27 13:29:04.964883+00:00,2.2584875
2025-06-27 13:29:21.837569+00:00,2.258488
2025-06-27 13:29:30.606001+00:00,2.2584882
2025-06-27 13:29:42.299562+00:00,2.2584881
2025-06-27 13:29:55.349303+00:00,2.2584873
2025-06-27 13:30:20.579554+00:00,2.2584878
2025-06-27 13:30:34.460647+00:00,2.2584879
2025-06-27 13:30:47.553092+00:00,2.2584881
2025-06-27 13:31:00.526807+00:00,2.2584879
2025-06-27 13:31:12.732428+00:00,2.258488
2025-06-27 13:31:25.120331+00:00,2.2584875
2025-06-27 13:32:03.069276+00:00,2.2584875
2025-06-27 13:32:15.293419+00:00,2.2584877
2025-06-27 13:32:29.113018+00:00,2.258488
2025-06-27 13:32:40.856729+00:00,2.2584875
2025-06-27 13:32:53.007036+00:00,2.2584878
2025-06-27 13:33:06.334450+00:00,2.2584876
2025-06-27 13:33:18.292583+00:00,2.2584876
2025-06-27 13:33:43.148700+00:00,2.2584878
2025-06-27 13:33:56.077467+00:00,2.258488
2025-06-27 13:34:08.876354+00:00,2.2584878
2025-06-27 13:34:21.192408+00:00,2.2584879
2025-06-27 13:34:39.403223+00:00,2.2584877
2025-06-27 13:34:51.441176+00:00,2.2584879
2025-06-27 13:36:38.640539+00:00,2.2584884
2025-06-27 13:36:51.250337+00:00,2.2584877
2025-06-27 13:37:04.659841+00:00,2.2584877
2025-06-27 13:37:17.243159+00:00,2.2584877
2025-06-27 13:37:32.810253+00:00,2.2584882
2025-06-27 13:37:42.001170+00:00,2.2584881
2025-06-27 13:37:55.213082+00:00,2.258488
2025-06-27 13:38:15.408955+00:00,2.2584873
2025-06-27 13:38:20.908592+00:00,2.2584879
2025-06-27 13:38:54.732709+00:00,2.2584882
2025-06-27 13:38:58.818263+00:00,2.2584883
2025-06-27 13:39:24.530581+00:00,2.2584876
2025-06-27 13:39:40.211447+00:00,2.2584884
2025-06-27 13:39:50.327311+00:00,2.2584879
2025-06-27 13:40:02.581838+00:00,2.2584875
2025-06-27 13:40:15.762918+00:00,2.2584873
2025-06-27 13:40:28.508273+00:00,2.258488
2025-06-27 13:40:40.794843+00:00,2.2584881
2025-06-27 13:40:53.911202+00:00,2.258488
2025-06-27 13:41:07.001380+00:00,2.258488
2025-06-27 13:41:32.924242+00:00,2.2584884
2025-06-27 13:41:57.123874+00:00,2.2584881
2025-06-27 13:42:22.537268+00:00,2.2584881
2025-06-27 13:43:19.304124+00:00,2.2584879
2025-06-27 13:43:24.810530+00:00,2.2584876
2025-06-27 13:43:37.736358+00:00,2.2584878
2025-06-27 13:43:49.689914+00:00,2.2584882
2025-06-27 13:44:16.947615+00:00,2.2584879
2025-06-27 13:44:27.756110+00:00,2.2584877
2025-06-27 13:44:40.429151+00:00,2.2584878
2025-06-27 13:44:52.758210+00:00,2.2584883
2025-06-27 13:46:22.046526+00:00,2.2584882
2025-06-27 13:46:34.269900+00:00,2.2584877
2025-06-27 13:46:47.362395+00:00,2.2584884
2025-06-27 13:46:59.488906+00:00,2.2584881
2025-06-27 13:47:13.435963+00:00,2.258488
2025-06-27 13:47:24.990302+00:00,2.2584879
2025-06-27 13:47:37.420953+00:00,2.2584882
2025-06-27 13:47:49.643808+00:00,2.2584877
2025-06-27 13:48:02.706112+00:00,2.2584882
2025-06-27 13:48:22.738430+00:00,2.2584882
2025-06-27 13:48:27.660439+00:00,2.2584882
2025-06-27 13:48:40.401325+00:00,2.2584884
2025-06-27 13:48:52.639000+00:00,2.2584873
2025-06-27 13:49:05.836577+00:00,2.2584875
2025-06-27 13:49:31.108998+00:00,2.2584875
2025-06-27 13:49:43.144452+00:00,2.2584876
2025-06-27 13:49:55.590974+00:00,2.2584877
2025-06-27 13:50:08.566306+00:00,2.2584875
2025-06-27 13:50:21.808206+00:00,2.2584877
2025-06-27 13:50:35.416205+00:00,2.2584878
2025-06-27 13:50:51.394295+00:00,2.2584877
2025-06-27 13:51:11.935777+00:00,2.2584882
2025-06-27 13:51:52.199995+00:00,2.2584879
2025-06-27 13:52:04.414189+00:00,2.2584881
2025-06-27 13:52:18.984174+00:00,2.2584877
2025-06-27 13:52:29.866099+00:00,2.2584879
2025-06-27 13:52:42.173132+00:00,2.2584882
2025-06-27 13:52:55.449021+00:00,2.2584879
2025-06-27 13:53:08.016770+00:00,2.2584878
2025-06-27 13:53:20.363944+00:00,2.2584879
2025-06-27 13:53:33.637000+00:00,2.2584876
2025-06-27 13:53:46.345977+00:00,2.2584882
2025-06-27 13:53:58.588656+00:00,2.2584879
2025-06-27 13:54:11.529858+00:00,2.2584876
2025-06-27 13:54:25.045023+00:00,2.2584878
2025-06-27 13:54:36.828616+00:00,2.2584883
2025-06-27 13:54:49.521031+00:00,2.2584875
2025-06-27 13:55:52.562655+00:00,2.2584881
2025-06-27 13:56:07.148914+00:00,2.2584878
2025-06-27 13:56:18.927434+00:00,2.2584881
2025-06-27 13:56:30.683544+00:00,2.2584876
2025-06-27 13:56:42.719374+00:00,2.2584877
2025-06-27 13:56:57.089907+00:00,2.2584873
2025-06-27 13:57:08.401291+00:00,2.2584881
2025-06-27 13:57:21.074655+00:00,2.258488
2025-06-27 13:57:34.066517+00:00,2.2584873
2025-06-27 13:57:47.167099+00:00,2.2584881
2025-06-27 13:57:59.749023+00:00,2.2584876
2025-06-27 13:58:21.295157+00:00,2.2584879
2025-06-27 13:58:26.743522+00:00,2.2584881
2025-06-27 13:58:37.771046+00:00,2.2584875
2025-06-27 13:58:50.238463+00:00,2.2584879
2025-06-27 13:59:05.980987+00:00,2.2584879
2025-06-27 13:59:19.944248+00:00,2.2584879
2025-06-27 13:59:29.925525+00:00,2.258488
2025-06-27 13:59:42.147123+00:00,2.2584879
2025-06-27 14:00:12.759798+00:00,2.2584881
2025-06-27 14:00:20.386799+00:00,2.2584878
2025-06-27 14:00:33.380009+00:00,2.258488
2025-06-27 14:00:45.806033+00:00,2.2584881
2025-06-27 14:00:57.974256+00:00,2.2584879
2025-06-27 14:01:11.716394+00:00,2.2584881
2025-06-27 14:01:23.309837+00:00,2.2584877
2025-06-27 14:01:35.671650+00:00,2.2584875
2025-06-27 14:01:48.527960+00:00,2.2584879
2025-06-27 14:02:03.499486+00:00,2.2584878
2025-06-27 14:02:13.484339+00:00,2.2584875
2025-06-27 14:02:26.425566+00:00,2.2584881
2025-06-27 14:02:38.461135+00:00,2.2584879
2025-06-27 14:02:51.193046+00:00,2.258488
2025-06-27 14:03:04.125343+00:00,2.2584884
2025-06-27 14:03:19.506975+00:00,2.2584875
2025-06-27 14:03:28.820275+00:00,2.2584875
2025-06-27 14:03:41.358075+00:00,2.2584879
2025-06-27 14:03:54.188998+00:00,2.258488
2025-06-27 14:04:07.152072+00:00,2.2584877
2025-06-27 14:04:20.247869+00:00,2.2584877
2025-06-27 14:04:32.086959+00:00,2.2584876
2025-06-27 14:04:44.408943+00:00,2.2584882
2025-06-27 14:05:09.876660+00:00,2.2584879
2025-06-27 14:05:22.670406+00:00,2.2584874
2025-06-27 14:05:34.636696+00:00,2.2584881
2025-06-27 14:05:47.067301+00:00,2.2584877
2025-06-27 14:05:59.640814+00:00,2.2584876
2025-06-27 14:06:12.082461+00:00,2.2584878
2025-06-27 14:07:10.932006+00:00,2.2584876
2025-06-27 14:07:19.182443+00:00,2.2584879
2025-06-27 14:07:36.705752+00:00,2.2584879
2025-06-27 14:07:44.138419+00:00,2.2584876
2025-06-27 14:07:58.856397+00:00,2.2584881
2025-06-27 14:08:07.575238+00:00,2.2584876
2025-06-27 14:08:19.830597+00:00,2.2584874
2025-06-27 14:08:33.033127+00:00,2.2584879
2025-06-27 14:08:45.982073+00:00,2.258488
2025-06-27 14:08:58.341922+00:00,2.2584876
2025-06-27 14:09:11.537875+00:00,2.2584881
2025-06-27 14:09:24.574541+00:00,2.2584876
2025-06-27 14:09:36.928447+00:00,2.2584876
2025-06-27 14:09:49.409695+00:00,2.2584876
2025-06-27 14:10:01.806090+00:00,2.2584875
2025-06-27 14:10:15.065919+00:00,2.2584875
2025-06-27 14:10:27.318503+00:00,2.2584883
2025-06-27 14:10:42.578314+00:00,2.2584877
2025-06-27 14:10:52.183331+00:00,2.2584875
2025-06-27 14:11:05.572003+00:00,2.2584878
2025-06-27 14:11:17.523377+00:00,2.2584882
2025-06-27 14:11:44.293382+00:00,2.2584875
2025-06-27 14:11:55.620288+00:00,2.2584877
2025-06-27 14:12:09.233342+00:00,2.2584882
2025-06-27 14:12:20.742352+00:00,2.2584878
2025-06-27 14:12:33.715507+00:00,2.2584882
2025-06-27 14:12:46.542767+00:00,2.2584882
2025-06-27 14:12:58.717872+00:00,2.2584877
2025-06-27 14:13:11.724459+00:00,2.2584881
2025-06-27 14:13:24.299152+00:00,2.2584878
2025-06-27 14:13:37.116090+00:00,2.2584879
2025-06-27 14:13:49.194086+00:00,2.2584884
2025-06-27 14:14:02.475396+00:00,2.2584877
2025-06-27 14:14:15.006936+00:00,2.2584876
2025-06-27 14:14:27.311954+00:00,2.258488
2025-06-27 14:14:40.240794+00:00,2.2584876
2025-06-27 14:14:56.969849+00:00,2.2584876
2025-06-27 14:15:41.463641+00:00,2.2584878
2025-06-27 14:15:43.729460+00:00,2.2584881
2025-06-27 14:15:56.031156+00:00,2.2584883
2025-06-27 14:16:08.804790+00:00,2.2584874
2025-06-27 14:16:21.412734+00:00,2.2584883
2025-06-27 14:16:33.563244+00:00,2.2584883
2025-06-27 14:16:46.945338+00:00,2.258488
2025-06-27 14:16:58.853379+00:00,2.2584882
2025-06-27 14:17:18.653504+00:00,2.2584879
2025-06-27 14:17:24.170196+00:00,2.2584881
2025-06-27 14:17:36.836383+00:00,2.2584874
2025-06-27 14:17:49.551833+00:00,2.2584873
2025-06-27 14:18:02.884506+00:00,2.2584884
2025-06-27 14:18:39.973264+00:00,2.2584884
2025-06-27 14:18:54.024834+00:00,2.2584882
2025-06-27 14:19:05.401993+00:00,2.2584875
2025-06-27 14:19:18.755801+00:00,2.2584881
2025-06-27 14:19:43.658933+00:00,2.2584881
2025-06-27 14:19:57.459090+00:00,2.2584877
2025-06-27 14:20:10.524909+00:00,2.2584881
2025-06-27 14:20:22.840802+00:00,2.258488
2025-06-27 14:20:35.651183+00:00,2.2584876
2025-06-27 14:20:48.631795+00:00,2.258488
2025-06-27 14:21:01.471990+00:00,2.2584881
2025-06-27 14:21:50.255495+00:00,2.2584881
2025-06-27 14:21:52.730930+00:00,2.258488
2025-06-27 14:22:08.555127+00:00,2.258488
2025-06-27 14:22:17.337599+00:00,2.2584877
2025-06-27 14:22:39.564516+00:00,2.2584877
2025-06-27 14:22:42.366411+00:00,2.2584882
2025-06-27 14:23:01.588384+00:00,2.2584873
2025-06-27 14:23:10.138147+00:00,2.2584881
2025-06-27 14:23:20.938783+00:00,2.2584874
2025-06-27 14:23:45.006861+00:00,2.2584883
2025-06-27 14:23:56.482966+00:00,2.2584881
2025-06-27 14:24:09.717921+00:00,2.258488
2025-06-27 14:24:22.067473+00:00,2.2584878
2025-06-27 14:24:34.831735+00:00,2.2584882
2025-06-27 14:24:52.094398+00:00,2.2584879
2025-06-27 14:25:38.958528+00:00,2.2584883
2025-06-27 14:25:51.621597+00:00,2.2584877
2025-06-27 14:26:04.815510+00:00,2.2584881
2025-06-27 14:26:17.431711+00:00,2.2584883
2025-06-27 14:26:30.839806+00:00,2.2584879
2025-06-27 14:26:43.028336+00:00,2.2584874
2025-06-27 14:26:55.510661+00:00,2.2584874
2025-06-27 14:27:09.364780+00:00,2.2584881
2025-06-27 14:27:21.109633+00:00,2.2584877
2025-06-27 14:27:35.611476+00:00,2.2584875
2025-06-27 14:27:46.642175+00:00,2.2584877
2025-06-27 14:28:46.661704+00:00,2.258488
2025-06-27 14:28:49.172848+00:00,2.2584877
2025-06-27 14:29:02.038861+00:00,2.2584875
2025-06-27 14:29:14.722865+00:00,2.2584881
2025-06-27 14:29:52.451057+00:00,2.2584877
2025-06-27 14:32:11.684145+00:00,2.2584876
2025-06-27 14:32:22.960717+00:00,2.2584884
2025-06-27 14:32:35.383720+00:00,2.258488
2025-06-27 14:32:48.460516+00:00,2.2584877
2025-06-27 14:33:00.994744+00:00,2.2584878
2025-06-27 14:33:13.468191+00:00,2.2584875
2025-06-27 14:33:26.152715+00:00,2.2584878
2025-06-27 14:33:38.634558+00:00,2.2584884
2025-06-27 14:33:51.672773+00:00,2.2584878
2025-06-27 14:34:06.127559+00:00,2.258488
2025-06-27 14:34:21.474761+00:00,2.2584882
2025-06-27 14:34:42.443367+00:00,2.2584883
2025-06-27 14:34:55.290437+00:00,2.258488
2025-06-27 14:35:08.452699+00:00,2.2584882
2025-06-27 14:35:21.059216+00:00,2.2584883
2025-06-27 14:35:35.098595+00:00,2.2584879
2025-06-27 14:35:46.843780+00:00,2.2584878
2025-06-27 14:35:59.244165+00:00,2.2584883
2025-06-27 14:36:12.155378+00:00,2.2584873
2025-06-27 14:36:25.106187+00:00,2.2584877
2025-06-27 14:36:38.006799+00:00,2.2584877
2025-06-27 14:36:50.724674+00:00,2.2584875
2025-06-27 14:37:03.357397+00:00,2.2584877
2025-06-27 14:37:16.699352+00:00,2.258488
2025-06-27 14:37:42.597955+00:00,2.2584881
2025-06-27 14:37:53.817400+00:00,2.2584877
2025-06-27 14:38:06.423083+00:00,2.2584878
2025-06-27 14:38:43.169546+00:00,2.2584875
2025-06-27 14:38:55.878562+00:00,2.2584879
2025-06-27 14:39:08.445383+00:00,2.2584876
2025-06-27 14:39:21.087432+00:00,2.2584878
2025-06-27 14:39:33.770049+00:00,2.2584883
2025-06-27 14:39:46.887916+00:00,2.2584874
2025-06-27 14:39:59.971127+00:00,2.2584878
2025-06-27 14:40:38.625241+00:00,2.2584881
2025-06-27 14:41:04.334730+00:00,2.2584877
2025-06-27 14:41:23.333919+00:00,2.258488
2025-06-27 14:41:30.176106+00:00,2.2584875
2025-06-27 14:41:54.415580+00:00,2.2584876
2025-06-27 14:42:07.234085+00:00,2.2584874
2025-06-27 14:42:19.360742+00:00,2.2584879
2025-06-27 14:42:32.749448+00:00,2.2584884
2025-06-27 14:42:45.349376+00:00,2.2584877
2025-06-27 14:42:57.408097+00:00,2.2584884
2025-06-27 14:43:10.740937+00:00,2.2584868
2025-06-27 14:43:23.356663+00:00,2.2584882
2025-06-27 14:43:35.355146+00:00,2.258488
2025-06-27 14:43:47.999513+00:00,2.2584882
2025-06-27 14:44:00.664870+00:00,2.2584878
2025-06-27 14:44:13.104057+00:00,2.2584882
2025-06-27 14:44:26.090184+00:00,2.2584875
2025-06-27 14:44:38.582072+00:00,2.2584876
2025-06-27 14:44:50.906500+00:00,2.2584873
2025-06-27 14:45:03.770674+00:00,2.258488
2025-06-27 14:45:16.139016+00:00,2.2584883
2025-06-27 14:45:30.230313+00:00,2.2584884
2025-06-27 14:45:41.710570+00:00,2.2584875
2025-06-27 14:45:53.535412+00:00,2.2584883
2025-06-27 14:46:19.393829+00:00,2.2584879
2025-06-27 14:46:31.519080+00:00,2.2584879
2025-06-27 14:46:43.802489+00:00,2.2584877
2025-06-27 14:46:56.187082+00:00,2.2584876
2025-06-27 14:47:09.481169+00:00,2.2584877
2025-06-27 14:47:34.169335+00:00,2.2584883
2025-06-27 14:47:47.403585+00:00,2.2584876
2025-06-27 14:47:59.736112+00:00,2.2584883
2025-06-27 14:48:19.319691+00:00,2.2584875
2025-06-27 14:48:24.844386+00:00,2.2584879
2025-06-27 14:48:37.752077+00:00,2.2584883
2025-06-27 14:48:50.708973+00:00,2.2584874
2025-06-27 14:50:04.206481+00:00,2.258488
2025-06-27 14:50:08.924443+00:00,2.2584878
2025-06-27 14:50:20.170939+00:00,2.2584876
2025-06-27 14:50:33.262468+00:00,2.2584884
2025-06-27 14:51:16.487774+00:00,2.2584877
2025-06-27 14:52:52.901381+00:00,2.2584881
2025-06-27 14:53:06.002965+00:00,2.2584877
2025-06-27 14:53:19.043211+00:00,2.2584878
2025-06-27 14:53:40.822836+00:00,2.2584874
2025-06-27 14:54:23.114547+00:00,2.2584876
2025-06-27 14:54:34.210553+00:00,2.2584876
2025-06-27 14:54:59.401008+00:00,2.2584882
2025-06-27 14:55:44.137305+00:00,2.2584879
2025-06-27 14:56:13.635591+00:00,2.2584878
2025-06-27 14:56:14.666937+00:00,2.2584877
2025-06-27 14:56:27.278202+00:00,2.2584879
2025-06-27 14:56:52.646625+00:00,2.2584873
2025-06-27 14:57:05.854244+00:00,2.2584878
2025-06-27 14:57:18.554673+00:00,2.2584882
2025-06-27 14:57:30.784088+00:00,2.2584884
2025-06-27 14:57:43.153837+00:00,2.2584878
2025-06-27 14:57:55.634173+00:00,2.2584876
2025-06-27 14:58:08.806690+00:00,2.2584879
2025-06-27 14:58:20.466269+00:00,2.2584879
2025-06-27 14:58:48.547793+00:00,2.2584875
2025-06-27 14:59:13.906215+00:00,2.2584876
2025-06-27 14:59:23.276296+00:00,2.2584878
2025-06-27 14:59:36.217103+00:00,2.2584877
2025-06-27 14:59:49.028559+00:00,2.2584877
2025-06-27 15:00:01.338979+00:00,2.2584873
2025-06-27 15:00:14.039669+00:00,2.2584877
2025-06-27 15:00:27.473745+00:00,2.2584882
2025-06-27 15:00:40.065301+00:00,2.2584877
2025-06-27 15:00:52.253241+00:00,2.2584876
2025-06-27 15:01:05.821205+00:00,2.2584877
2025-06-27 15:01:19.188033+00:00,2.258488
2025-06-27 15:01:32.112470+00:00,2.2584881
2025-06-27 15:01:44.937492+00:00,2.2584882
2025-06-27 15:01:56.940921+00:00,2.2584879
2025-06-27 15:02:10.955233+00:00,2.2584884
2025-06-27 15:02:24.256780+00:00,2.2584881
2025-06-27 15:02:48.229477+00:00,2.2584875
2025-06-27 15:03:00.384156+00:00,2.2584874
2025-06-27 15:03:14.032140+00:00,2.2584883
2025-06-27 15:06:02.774354+00:00,2.258488
2025-06-27 15:06:10.724313+00:00,2.2584877
2025-06-27 15:06:23.652024+00:00,2.2584879
2025-06-27 15:06:41.507067+00:00,2.2584881
2025-06-27 15:07:07.931033+00:00,2.2584874
2025-06-27 15:07:34.207615+00:00,2.2584875
2025-06-27 15:07:52.070321+00:00,2.2584879
2025-06-27 15:08:05.034619+00:00,2.2584873
2025-06-27 15:08:29.705571+00:00,2.2584881
2025-06-27 15:08:46.260805+00:00,2.2584882
2025-06-27 15:08:54.578505+00:00,2.2584877
2025-06-27 15:09:19.453348+00:00,2.2584879
2025-06-27 15:09:32.293270+00:00,2.2584878
2025-06-27 15:09:44.552287+00:00,2.2584883
2025-06-27 15:10:16.427467+00:00,2.2584876
2025-06-27 15:10:22.790796+00:00,2.2584873
2025-06-27 15:10:35.406095+00:00,2.2584877
2025-06-27 15:10:47.707025+00:00,2.2584874
2025-06-27 15:11:00.946359+00:00,2.2584878
2025-06-27 15:11:12.824590+00:00,2.2584875
2025-06-27 15:11:25.309036+00:00,2.2584874
2025-06-27 15:11:38.766906+00:00,2.2584881
2025-06-27 15:11:51.033162+00:00,2.2584876
2025-06-27 15:12:05.201205+00:00,2.2584881
2025-06-27 15:12:17.399741+00:00,2.2584881
2025-06-27 15:12:30.352963+00:00,2.2584882
2025-06-27 15:13:09.907101+00:00,2.2584879
2025-06-27 15:13:21.129850+00:00,2.2584873
2025-06-27 15:13:34.540418+00:00,2.2584883
2025-06-27 15:14:38.413772+00:00,2.2584877
2025-06-27 15:14:50.664765+00:00,2.2584879
2025-06-27 15:15:03.159159+00:00,2.2584883
2025-06-27 15:15:16.980167+00:00,2.2584884
2025-06-27 15:15:33.778813+00:00,2.258488
2025-06-27 15:15:52.589851+00:00,2.258488
2025-06-27 15:16:05.592948+00:00,2.258488
2025-06-27 15:16:18.190768+00:00,2.2584875
2025-06-27 15:16:30.072623+00:00,2.258488
2025-06-27 15:16:42.545024+00:00,2.2584877
2025-06-27 15:16:55.147679+00:00,2.2584873
2025-06-27 15:17:08.441396+00:00,2.2584877
2025-06-27 15:17:21.509578+00:00,2.2584883
2025-06-27 15:17:34.946684+00:00,2.2584879
2025-06-27 15:17:46.631804+00:00,2.2584877
2025-06-27 15:18:12.022737+00:00,2.2584877
2025-06-27 15:18:25.059157+00:00,2.2584876
2025-06-27 15:18:36.398525+00:00,2.2584881
2025-06-27 15:18:49.495657+00:00,2.2584877
2025-06-27 15:19:02.521520+00:00,2.2584879
2025-06-27 15:19:14.270873+00:00,2.2584875
2025-06-27 15:19:27.568191+00:00,2.2584881
2025-06-27 15:19:51.843102+00:00,2.2584882
2025-06-27 15:20:07.382241+00:00,2.2584877
2025-06-27 15:20:26.871809+00:00,2.2584878
2025-06-27 15:20:41.552162+00:00,2.2584879
2025-06-27 15:20:54.410999+00:00,2.2584878
2025-06-27 15:21:16.951803+00:00,2.2584877
2025-06-27 15:21:21.290664+00:00,2.2584879
2025-06-27 15:21:35.884339+00:00,2.258488
2025-06-27 15:21:51.025713+00:00,2.2584875
2025-06-27 15:21:58.516451+00:00,2.2584882
2025-06-27 15:22:10.408497+00:00,2.2584877
2025-06-27 15:22:23.353202+00:00,2.2584884
2025-06-27 15:22:37.692066+00:00,2.2584881
2025-06-27 15:22:49.017662+00:00,2.258488
2025-06-27 15:23:02.110207+00:00,2.2584878
2025-06-27 15:23:14.384565+00:00,2.258488
2025-06-27 15:23:27.183431+00:00,2.2584876
2025-06-27 15:23:45.341238+00:00,2.2584879
2025-06-27 15:23:52.674159+00:00,2.2584876
2025-06-27 15:24:39.956737+00:00,2.2584878
2025-06-27 15:25:11.378843+00:00,2.2584877
2025-06-27 15:25:34.150570+00:00,2.2584878
2025-06-27 15:25:47.488066+00:00,2.2584874
2025-06-27 15:25:58.332348+00:00,2.2584872
2025-06-27 15:26:13.680981+00:00,2.2584878
2025-06-27 15:26:23.368147+00:00,2.258488
2025-06-27 15:26:36.030339+00:00,2.258488
2025-06-27 15:26:49.961449+00:00,2.2584881
2025-06-27 15:27:01.570669+00:00,2.2584879
2025-06-27 15:27:13.936508+00:00,2.2584875
2025-06-27 15:27:26.396442+00:00,2.258488
2025-06-27 15:27:39.143815+00:00,2.2584875
2025-06-27 15:27:51.794745+00:00,2.258488
2025-06-27 15:28:04.800177+00:00,2.2584875
2025-06-27 15:28:18.117725+00:00,2.2584877
2025-06-27 15:28:29.370428+00:00,2.2584878
2025-06-27 15:28:41.904549+00:00,2.2584877
2025-06-27 15:28:54.734106+00:00,2.2584881
2025-06-27 15:29:07.361436+00:00,2.2584875
2025-06-27 15:29:19.794043+00:00,2.2584878
2025-06-27 15:29:33.980110+00:00,2.2584884
2025-06-27 15:29:45.582056+00:00,2.2584879
2025-06-27 15:29:58.693189+00:00,2.2584879
2025-06-27 15:30:10.963050+00:00,2.258488
2025-06-27 15:30:23.508215+00:00,2.258488
2025-06-27 15:30:39.771110+00:00,2.2584881
2025-06-27 15:30:48.631183+00:00,2.2584875
2025-06-27 15:31:01.185891+00:00,2.2584883
2025-06-27 15:31:13.817463+00:00,2.2584878
2025-06-27 15:31:25.941687+00:00,2.2584881
2025-06-27 15:31:38.843490+00:00,2.2584882
2025-06-27 15:31:51.463808+00:00,2.2584881
2025-06-27 15:32:04.612424+00:00,2.258488
2025-06-27 15:32:18.953539+00:00,2.2584879
2025-06-27 15:32:29.222663+00:00,2.2584877
2025-06-27 15:32:41.934896+00:00,2.2584876
2025-06-27 15:32:54.689266+00:00,2.2584883
2025-06-27 15:33:07.760315+00:00,2.2584875
2025-06-27 15:33:20.196525+00:00,2.2584883
2025-06-27 15:33:33.176746+00:00,2.2584877
2025-06-27 15:33:46.242719+00:00,2.2584878
2025-06-27 15:33:58.586256+00:00,2.2584876
2025-06-27 15:34:11.893031+00:00,2.2584884
2025-06-27 15:34:23.816159+00:00,2.2584881
2025-06-27 15:34:37.213627+00:00,2.2584882
2025-06-27 15:34:49.350683+00:00,2.2584879
2025-06-27 15:35:02.881646+00:00,2.2584881
2025-06-27 15:35:17.372237+00:00,2.2584884
2025-06-27 15:35:28.828263+00:00,2.2584875
2025-06-27 15:35:40.844965+00:00,2.2584878
2025-06-27 15:36:23.702761+00:00,2.2584879
2025-06-27 15:37:09.546771+00:00,2.2584877
2025-06-27 15:37:21.204267+00:00,2.2584883
2025-06-27 15:37:34.285850+00:00,2.2584881
2025-06-27 15:37:46.629548+00:00,2.2584879
2025-06-27 15:37:58.785437+00:00,2.2584875
2025-06-27 15:38:12.166308+00:00,2.2584881
2025-06-27 15:38:24.284089+00:00,2.2584881
2025-06-27 15:39:08.744563+00:00,2.2584876
2025-06-27 15:39:35.557839+00:00,2.2584875
2025-06-27 15:39:53.138367+00:00,2.2584882
2025-06-27 15:40:06.274547+00:00,2.2584877
2025-06-27 15:40:19.408128+00:00,2.258488
2025-06-27 15:40:31.549116+00:00,2.2584882
2025-06-27 15:40:56.704298+00:00,2.2584877
2025-06-27 15:42:00.914114+00:00,2.2584883
2025-06-27 15:42:38.464932+00:00,2.2584877
2025-06-27 15:42:50.719709+00:00,2.2584884
2025-06-27 15:43:16.969807+00:00,2.2584878
2025-06-27 15:43:28.954972+00:00,2.2584878
2025-06-27 15:43:41.038138+00:00,2.258488
2025-06-27 15:43:53.417965+00:00,2.258488
2025-06-27 15:44:06.297142+00:00,2.2584879
2025-06-27 15:44:43.938110+00:00,2.258488
2025-06-27 15:45:22.646860+00:00,2.2584884
2025-06-27 15:45:35.102638+00:00,2.2584884
2025-06-27 15:46:14.118371+00:00,2.258488
2025-06-27 15:46:37.463408+00:00,2.2584882
2025-06-27 15:46:49.314474+00:00,2.258488
2025-06-27 15:47:02.138316+00:00,2.2584882
2025-06-27 15:47:21.049970+00:00,2.2584877
2025-06-27 15:47:27.158875+00:00,2.2584879
2025-06-27 15:47:40.433453+00:00,2.258488
2025-06-27 15:47:52.797944+00:00,2.2584878
2025-06-27 15:48:06.030767+00:00,2.2584879
2025-06-27 15:48:18.913299+00:00,2.2584877
2025-06-27 15:48:32.048058+00:00,2.2584883
2025-06-27 15:48:48.151159+00:00,2.2584882
2025-06-27 15:48:57.344105+00:00,2.2584882
2025-06-27 15:49:10.465843+00:00,2.2584879
2025-06-27 15:49:25.273343+00:00,2.2584875
2025-06-27 15:49:36.773749+00:00,2.2584883
2025-06-27 15:49:49.761543+00:00,2.2584876
2025-06-27 15:50:01.146705+00:00,2.2584883
2025-06-27 15:50:14.030208+00:00,2.2584877
2025-06-27 15:52:10.981323+00:00,2.2584875
2025-06-27 15:52:19.869274+00:00,2.2584882
2025-06-27 15:52:32.827576+00:00,2.2584882
2025-06-27 15:52:45.324526+00:00,2.2584877
2025-06-27 15:52:59.884978+00:00,2.2584878
2025-06-27 15:53:13.882215+00:00,2.2584877
2025-06-27 15:53:23.319358+00:00,2.258488
2025-06-27 15:53:36.100101+00:00,2.2584882
2025-06-27 15:53:49.229886+00:00,2.2584883
2025-06-27 15:54:04.481832+00:00,2.258488
2025-06-27 15:54:27.208054+00:00,2.2584879
2025-06-27 15:54:39.845236+00:00,2.2584875
2025-06-27 15:54:52.751575+00:00,2.2584878
2025-06-27 15:55:05.520817+00:00,2.258488
2025-06-27 15:55:18.113766+00:00,2.2584884
2025-06-27 15:55:44.021951+00:00,2.2584878
2025-06-27 15:55:56.525516+00:00,2.2584884
2025-06-27 15:57:40.230600+00:00,2.2584883
2025-06-27 15:57:50.858395+00:00,2.2584883
2025-06-27 15:58:40.896317+00:00,2.2584883
2025-06-27 15:59:04.334288+00:00,2.2584881
2025-06-27 15:59:05.957654+00:00,2.258488
2025-06-27 15:59:18.433162+00:00,2.2584878
2025-06-27 15:59:32.839791+00:00,2.2584884
2025-06-27 15:59:42.918410+00:00,2.2584882
2025-06-27 15:59:57.193043+00:00,2.2584884
2025-06-27 16:00:08.297369+00:00,2.258488
2025-06-27 16:00:20.881741+00:00,2.2584879
2025-06-27 16:00:33.459514+00:00,2.2584879
2025-06-27 16:00:45.556565+00:00,2.2584882
2025-06-27 16:00:57.902725+00:00,2.2584878
2025-06-27 16:01:10.577317+00:00,2.2584876
2025-06-27 16:01:22.766544+00:00,2.2584883
2025-06-27 16:01:35.280630+00:00,2.2584878
2025-06-27 16:01:48.436610+00:00,2.2584881
2025-06-27 16:02:01.152861+00:00,2.2584878
2025-06-27 16:03:25.816611+00:00,2.2584881
2025-06-27 16:03:29.002059+00:00,2.2584877
2025-06-27 16:03:41.749397+00:00,2.2584878
2025-06-27 16:03:57.724037+00:00,2.2584884
2025-06-27 16:04:07.584098+00:00,2.258488
2025-06-27 16:04:19.883548+00:00,2.2584879
2025-06-27 16:04:33.824340+00:00,2.2584879
2025-06-27 16:04:46.296711+00:00,2.2584874
2025-06-27 16:04:59.019086+00:00,2.2584881
2025-06-27 16:05:37.157369+00:00,2.2584884
2025-06-27 16:05:49.934115+00:00,2.2584878
2025-06-27 16:06:15.399961+00:00,2.2584883
2025-06-27 16:06:39.344085+00:00,2.2584878
2025-06-27 16:06:59.650471+00:00,2.2584882
2025-06-27 16:07:19.245903+00:00,2.258488
2025-06-27 16:07:37.428662+00:00,2.2584882
2025-06-27 16:07:44.782081+00:00,2.2584879
2025-06-27 16:07:56.380474+00:00,2.2584877
2025-06-27 16:08:10.102600+00:00,2.2584881
2025-06-27 16:08:21.597799+00:00,2.2584874
2025-06-27 16:08:34.591395+00:00,2.2584877
2025-06-27 16:08:47.226528+00:00,2.2584882
2025-06-27 16:08:59.594046+00:00,2.2584883
2025-06-27 16:09:13.008902+00:00,2.2584877
2025-06-27 16:09:25.749438+00:00,2.258488
2025-06-27 16:09:38.148281+00:00,2.2584879
2025-06-27 16:10:32.966396+00:00,2.2584881
2025-06-27 16:11:39.178430+00:00,2.258488
2025-06-27 16:11:58.977995+00:00,2.2584882
2025-06-27 16:12:11.163599+00:00,2.258488
2025-06-27 16:12:23.584346+00:00,2.2584883
2025-06-27 16:12:51.018902+00:00,2.2584878
2025-06-27 16:13:01.961811+00:00,2.2584876
2025-06-27 16:13:15.812007+00:00,2.258488
2025-06-27 16:13:27.092117+00:00,2.2584881
2025-06-27 16:13:39.305594+00:00,2.2584878
2025-06-27 16:13:52.333776+00:00,2.2584873
2025-06-27 16:14:04.994701+00:00,2.2584875
2025-06-27 16:14:28.424702+00:00,2.2584882
2025-06-27 16:14:45.335837+00:00,2.2584884
2025-06-27 16:14:55.569484+00:00,2.2584878
2025-06-27 16:16:56.091439+00:00,2.2584884
2025-06-27 16:17:00.959958+00:00,2.2584879
2025-06-27 16:17:13.464886+00:00,2.2584884
2025-06-27 16:17:25.823675+00:00,2.2584877
2025-06-27 16:17:38.245646+00:00,2.2584883
2025-06-27 16:17:50.778202+00:00,2.2584881
2025-06-27 16:18:03.947548+00:00,2.2584881
2025-06-27 16:18:16.613697+00:00,2.2584875
2025-06-27 16:18:28.502328+00:00,2.2584876
2025-06-27 16:18:41.394778+00:00,2.258488
2025-06-27 16:18:53.835461+00:00,2.2584877
2025-06-27 16:19:32.562676+00:00,2.2584879
2025-06-27 16:19:44.994110+00:00,2.2584874
2025-06-27 16:20:10.746633+00:00,2.2584875
2025-06-27 16:20:23.624211+00:00,2.258488
2025-06-27 16:20:36.531796+00:00,2.2584875
2025-06-27 16:20:48.817424+00:00,2.2584879
2025-06-27 16:21:15.008295+00:00,2.2584884
2025-06-27 16:21:27.086433+00:00,2.2584877
2025-06-27 16:21:39.958249+00:00,2.2584875
2025-06-27 16:22:08.141008+00:00,2.2584882
2025-06-27 16:22:20.838704+00:00,2.2584882
2025-06-27 16:22:30.965378+00:00,2.2584879
2025-06-27 16:22:44.065198+00:00,2.2584883
2025-06-27 16:22:55.785796+00:00,2.2584878
2025-06-27 16:23:08.691097+00:00,2.2584884
2025-06-27 16:23:21.273424+00:00,2.2584884
2025-06-27 16:23:34.700974+00:00,2.2584882
2025-06-27 16:23:46.791970+00:00,2.258488
2025-06-27 16:24:02.539502+00:00,2.2584882
2025-06-27 16:24:11.759307+00:00,2.258488
2025-06-27 16:24:23.732047+00:00,2.2584883
2025-06-27 16:24:36.274498+00:00,2.2584879
2025-06-27 16:24:54.614299+00:00,2.2584877
2025-06-27 16:25:13.772590+00:00,2.2584883
2025-06-27 16:25:27.210766+00:00,2.2584883
2025-06-27 16:25:40.345512+00:00,2.2584877
2025-06-27 16:25:52.322389+00:00,2.2584879
2025-06-27 16:26:05.226781+00:00,2.2584878
2025-06-27 16:26:18.948791+00:00,2.2584882
2025-06-27 16:26:30.777408+00:00,2.2584884
2025-06-27 16:26:57.070520+00:00,2.2584879
2025-06-27 16:27:08.975426+00:00,2.2584879
2025-06-27 16:27:21.011846+00:00,2.2584879
2025-06-27 16:27:35.093379+00:00,2.2584878
2025-06-27 16:27:47.124510+00:00,2.2584876
2025-06-27 16:28:01.049202+00:00,2.2584878
2025-06-27 16:28:37.609561+00:00,2.2584876
2025-06-27 16:28:50.359438+00:00,2.258488
2025-06-27 16:29:15.845312+00:00,2.2584883
2025-06-27 16:29:28.436522+00:00,2.2584882
2025-06-27 16:29:57.610740+00:00,2.2584878
2025-06-27 16:30:06.477739+00:00,2.2584882
2025-06-27 16:30:18.796244+00:00,2.258488
2025-06-27 16:30:44.494292+00:00,2.2584884
2025-06-27 16:32:01.579153+00:00,2.2584879
2025-06-27 16:32:10.905229+00:00,2.2584881
2025-06-27 16:32:23.115362+00:00,2.2584883
2025-06-27 16:32:35.406235+00:00,2.2584879
2025-06-27 16:33:00.685391+00:00,2.2584879
2025-06-27 16:33:13.780806+00:00,2.258488
2025-06-27 16:33:25.250648+00:00,2.2584883
2025-06-27 16:33:37.840200+00:00,2.2584878
2025-06-27 16:34:35.686240+00:00,2.258488
2025-06-27 16:34:53.386832+00:00,2.258488
2025-06-27 16:35:06.027089+00:00,2.2584875
2025-06-27 16:35:18.487571+00:00,2.2584882
2025-06-27 16:35:31.490362+00:00,2.2584882
2025-06-27 16:35:44.131955+00:00,2.258488
2025-06-27 16:35:57.768845+00:00,2.2584883
2025-06-27 16:36:13.038566+00:00,2.2584883
2025-06-27 16:36:20.223368+00:00,2.2584877
2025-06-27 16:36:37.133647+00:00,2.2584876
2025-06-27 16:36:45.986093+00:00,2.258488
2025-06-27 16:36:58.319693+00:00,2.2584874
2025-06-27 16:37:11.270143+00:00,2.2584877
2025-06-27 16:37:23.784255+00:00,2.258488
2025-06-27 16:37:36.742278+00:00,2.2584879
2025-06-27 16:37:49.535386+00:00,2.2584884
2025-06-27 16:38:02.661763+00:00,2.2584884
2025-06-27 16:38:14.961543+00:00,2.2584877
2025-06-27 16:38:27.666355+00:00,2.2584879
2025-06-27 16:38:40.524193+00:00,2.2584875
2025-06-27 16:38:53.256911+00:00,2.2584877
2025-06-27 16:39:19.386167+00:00,2.2584884
2025-06-27 16:40:23.108776+00:00,2.2584883
2025-06-27 16:40:34.699299+00:00,2.2584876
2025-06-27 16:40:47.203630+00:00,2.258488
2025-06-27 16:40:59.127980+00:00,2.2584879
2025-06-27 16:41:24.114069+00:00,2.2584879
2025-06-27 16:41:37.214848+00:00,2.2584878
2025-06-27 16:42:03.727837+00:00,2.2584875
2025-06-27 16:42:26.670504+00:00,2.2584882
2025-06-27 16:42:39.354286+00:00,2.2584877
2025-06-27 16:42:51.851626+00:00,2.2584884
2025-06-27 16:43:17.824927+00:00,2.2584882
2025-06-27 16:43:29.589199+00:00,2.2584881
2025-06-27 16:43:51.283999+00:00,2.258488
2025-06-27 16:43:54.903321+00:00,2.258488
2025-06-27 16:44:13.732533+00:00,2.2584883
2025-06-27 16:44:19.935071+00:00,2.2584882
2025-06-27 16:44:32.926705+00:00,2.2584884
2025-06-27 16:45:01.874557+00:00,2.2584876
2025-06-27 16:45:20.159529+00:00,2.2584882
2025-06-27 16:45:23.319968+00:00,2.2584882
2025-06-27 16:45:43.007475+00:00,2.2584877
2025-06-27 16:45:48.273739+00:00,2.2584875
2025-06-27 16:46:00.941496+00:00,2.2584877
2025-06-27 16:46:13.195073+00:00,2.2584883
2025-06-27 16:46:25.343508+00:00,2.2584882
2025-06-27 16:46:40.343111+00:00,2.2584881
2025-06-27 16:46:50.234041+00:00,2.2584882
2025-06-27 16:47:15.615644+00:00,2.2584884
2025-06-27 16:47:27.784827+00:00,2.2584874
2025-06-27 16:47:41.811842+00:00,2.2584876
2025-06-27 16:47:58.689161+00:00,2.2584884
2025-06-27 16:48:06.553990+00:00,2.2584881
2025-06-27 16:48:19.700036+00:00,2.2584878
2025-06-27 16:48:32.771168+00:00,2.2584876
2025-06-27 16:48:44.697083+00:00,2.2584884
2025-06-27 16:48:58.078481+00:00,2.2584882
2025-06-27 16:49:10.935640+00:00,2.2584884
2025-06-27 16:49:30.676667+00:00,2.2584875
2025-06-27 16:49:50.439501+00:00,2.2584882
2025-06-27 16:50:07.225688+00:00,2.2584879
2025-06-27 16:50:42.621212+00:00,2.2584878
2025-06-27 16:50:54.570463+00:00,2.2584878
2025-06-27 16:51:08.149130+00:00,2.2584876
2025-06-27 16:51:18.946041+00:00,2.258488
2025-06-27 16:51:34.967218+00:00,2.2584884
2025-06-27 16:51:46.297734+00:00,2.2584879
2025-06-27 16:51:57.053713+00:00,2.2584878
2025-06-27 16:52:48.088738+00:00,2.2584877
2025-06-27 16:52:59.191006+00:00,2.2584882
2025-06-27 16:53:12.718172+00:00,2.2584876
2025-06-27 16:53:38.112978+00:00,2.2584882
2025-06-27 16:53:50.123748+00:00,2.2584883
2025-06-27 16:54:02.709411+00:00,2.2584877
2025-06-27 16:54:18.948715+00:00,2.258488
2025-06-27 16:54:26.676656+00:00,2.2584883
2025-06-27 16:54:39.395058+00:00,2.2584884
2025-06-27 16:54:51.587764+00:00,2.258488
2025-06-27 16:55:04.934089+00:00,2.2584884
2025-06-27 16:55:31.327208+00:00,2.2584884
2025-06-27 16:55:42.440189+00:00,2.2584879
2025-06-27 16:55:54.587558+00:00,2.2584879
2025-06-27 16:56:07.593848+00:00,2.2584878
2025-06-27 16:56:24.825967+00:00,2.2584878
2025-06-27 16:56:34.258667+00:00,2.2584876
2025-06-27 16:56:45.849713+00:00,2.2584882
2025-06-27 16:56:57.089791+00:00,2.2584881
2025-06-27 16:57:22.614998+00:00,2.2584876
2025-06-27 16:57:35.063646+00:00,2.2584882
2025-06-27 16:57:47.898263+00:00,2.2584881
2025-06-27 16:57:59.948891+00:00,2.2584876
2025-06-27 16:58:12.955857+00:00,2.2584884
2025-06-27 16:58:25.362969+00:00,2.2584875
2025-06-27 16:58:38.199023+00:00,2.2584874
2025-06-27 16:59:02.746974+00:00,2.2584876
2025-06-27 16:59:04.637325+00:00,2.2584878
2025-06-27 16:59:17.545399+00:00,2.2584875
2025-06-27 16:59:29.921299+00:00,2.2584874
2025-06-27 16:59:42.562429+00:00,2.2584876
2025-06-27 16:59:55.380665+00:00,2.2584879
2025-06-27 17:00:13.975174+00:00,2.2584881
2025-06-27 17:00:21.051896+00:00,2.2584881
2025-06-27 17:00:34.357765+00:00,2.2584884
2025-06-27 17:00:46.484189+00:00,2.2584879
2025-06-27 17:00:59.476203+00:00,2.2584883
2025-06-27 17:01:19.944202+00:00,2.2584881
2025-06-27 17:01:38.932533+00:00,2.2584884
2025-06-27 17:01:52.204875+00:00,2.2584875
2025-06-27 17:02:04.249852+00:00,2.2584883
2025-06-27 17:02:27.681889+00:00,2.2584881
2025-06-27 17:02:39.837677+00:00,2.2584884
2025-06-27 17:02:52.173566+00:00,2.2584879
2025-06-27 17:03:08.941843+00:00,2.2584876
2025-06-27 17:03:17.965371+00:00,2.2584876
2025-06-27 17:03:29.830072+00:00,2.2584879
2025-06-27 17:03:42.538763+00:00,2.2584875
2025-06-27 17:03:55.288071+00:00,2.2584878
2025-06-27 17:04:08.815070+00:00,2.2584877
2025-06-27 17:04:20.328308+00:00,2.258488
2025-06-27 17:04:33.281392+00:00,2.2584877
2025-06-27 17:04:46.153077+00:00,2.2584877
2025-06-27 17:05:11.356057+00:00,2.2584878
2025-06-27 17:07:03.375429+00:00,2.2584879
2025-06-27 17:07:28.098375+00:00,2.2584882
2025-06-27 17:07:40.497038+00:00,2.258488
2025-06-27 17:07:54.436541+00:00,2.2584873
2025-06-27 17:08:06.198708+00:00,2.2584877
2025-06-27 17:08:20.593418+00:00,2.2584879
2025-06-27 17:09:14.438838+00:00,2.2584882
2025-06-27 17:09:21.868089+00:00,2.258488
2025-06-27 17:09:53.460133+00:00,2.2584883
2025-06-27 17:09:59.485727+00:00,2.2584883
2025-06-27 17:10:14.455557+00:00,2.2584881
2025-06-27 17:10:38.224526+00:00,2.2584884
2025-06-27 17:10:52.341742+00:00,2.2584879
2025-06-27 17:11:03.677342+00:00,2.2584881
2025-06-27 17:11:16.982587+00:00,2.2584879
2025-06-27 17:11:29.457146+00:00,2.2584878
2025-06-27 17:11:42.024652+00:00,2.2584875
2025-06-27 17:11:54.697743+00:00,2.2584874
2025-06-27 17:12:09.158288+00:00,2.2584881
2025-06-27 17:12:20.192688+00:00,2.2584883
2025-06-27 17:12:33.249824+00:00,2.2584881
2025-06-27 17:12:45.742570+00:00,2.2584881
2025-06-27 17:12:58.260469+00:00,2.258488
2025-06-27 17:13:11.422244+00:00,2.2584881
2025-06-27 17:13:23.621348+00:00,2.2584877
2025-06-27 17:13:36.096049+00:00,2.2584884
2025-06-27 17:13:49.030263+00:00,2.2584876
2025-06-27 17:14:01.331731+00:00,2.2584881
2025-06-27 17:14:27.659911+00:00,2.2584876
2025-06-27 17:14:52.528323+00:00,2.2584878
2025-06-27 17:15:06.705870+00:00,2.2584883
2025-06-27 17:15:17.296934+00:00,2.2584877
2025-06-27 17:15:42.454740+00:00,2.2584884
2025-06-27 17:15:55.094276+00:00,2.2584877
2025-06-27 17:17:51.685435+00:00,2.2584884
2025-06-27 17:18:01.017704+00:00,2.2584884
2025-06-27 17:18:15.918389+00:00,2.2584879
2025-06-27 17:18:25.765178+00:00,2.2584882
2025-06-27 17:18:38.514421+00:00,2.2584879
2025-06-27 17:19:04.426467+00:00,2.258488
2025-06-27 17:19:19.973214+00:00,2.2584875
2025-06-27 17:19:29.083420+00:00,2.2584877
2025-06-27 17:19:42.232965+00:00,2.2584883
2025-06-27 17:19:55.644901+00:00,2.2584879
2025-06-27 17:20:12.937894+00:00,2.2584881
2025-06-27 17:20:21.159780+00:00,2.2584882
2025-06-27 17:20:32.865731+00:00,2.2584874
2025-06-27 17:20:45.320361+00:00,2.258488
2025-06-27 17:20:59.911593+00:00,2.2584882
2025-06-27 17:22:01.304875+00:00,2.2584882
2025-06-27 17:22:51.117786+00:00,2.2584879
2025-06-27 17:23:03.994812+00:00,2.2584884
2025-06-27 17:23:16.933502+00:00,2.2584882
2025-06-27 17:23:29.212687+00:00,2.2584883
2025-06-27 17:23:42.132635+00:00,2.2584881
2025-06-27 17:23:54.917963+00:00,2.2584879
2025-06-27 17:24:20.514699+00:00,2.2584884
2025-06-27 17:24:33.512050+00:00,2.2584876
2025-06-27 17:24:50.042908+00:00,2.258488
2025-06-27 17:24:58.613224+00:00,2.2584878
2025-06-27 17:25:36.819050+00:00,2.2584883
2025-06-27 17:25:49.452791+00:00,2.2584883
2025-06-27 17:26:27.481682+00:00,2.2584878
2025-06-27 17:27:19.403157+00:00,2.2584881
2025-06-27 17:27:33.978896+00:00,2.2584882
2025-06-27 17:27:55.283187+00:00,2.2584882
2025-06-27 17:28:45.869078+00:00,2.2584877
2025-06-27 17:28:58.135875+00:00,2.2584878
2025-06-27 17:29:10.964485+00:00,2.2584882
2025-06-27 17:29:50.036272+00:00,2.258488
2025-06-27 17:30:01.089245+00:00,2.2584882
2025-06-27 17:30:50.663143+00:00,2.2584877
2025-06-27 17:31:16.038268+00:00,2.2584884
2025-06-27 17:31:28.025064+00:00,2.2584875
2025-06-27 17:31:40.465879+00:00,2.2584882
2025-06-27 17:31:53.069637+00:00,2.2584883
2025-06-27 17:32:05.883767+00:00,2.2584881
2025-06-27 17:32:18.160582+00:00,2.2584879
2025-06-27 17:32:31.008283+00:00,2.2584876
2025-06-27 17:32:43.140449+00:00,2.258488
2025-06-27 17:32:55.664916+00:00,2.2584878
2025-06-27 17:33:08.348226+00:00,2.2584876
2025-06-27 17:33:33.428077+00:00,2.2584881
2025-06-27 17:33:58.609587+00:00,2.2584881
2025-06-27 17:34:11.799553+00:00,2.2584878
2025-06-27 17:34:24.070972+00:00,2.2584881
2025-06-27 17:34:36.512871+00:00,2.258488
2025-06-27 17:35:02.702669+00:00,2.258488
2025-06-27 17:35:20.728141+00:00,2.2584883
2025-06-27 17:35:27.820468+00:00,2.258488
2025-06-27 17:35:42.360510+00:00,2.2584881
2025-06-27 17:36:08.910125+00:00,2.2584881
2025-06-27 17:36:19.052003+00:00,2.2584875
2025-06-27 17:36:38.892867+00:00,2.2584877
2025-06-27 17:37:24.859119+00:00,2.2584881
2025-06-27 17:37:35.660930+00:00,2.2584879
2025-06-27 17:38:01.684878+00:00,2.2584875
2025-06-27 17:38:25.234802+00:00,2.2584879
2025-06-27 17:38:37.599792+00:00,2.258488
2025-06-27 17:38:50.157039+00:00,2.2584877
2025-06-27 17:39:02.505995+00:00,2.2584883
2025-06-27 17:39:15.103164+00:00,2.2584884
2025-06-27 17:39:27.716682+00:00,2.258488
2025-06-27 17:39:40.509829+00:00,2.2584879
2025-06-27 17:39:53.211063+00:00,2.2584878
2025-06-27 17:40:06.030316+00:00,2.2584881
2025-06-27 17:40:18.823553+00:00,2.2584883
2025-06-27 17:40:31.420639+00:00,2.2584882
2025-06-27 17:40:45.022581+00:00,2.258488
2025-06-27 17:42:02.073542+00:00,2.2584876
2025-06-27 17:42:14.395943+00:00,2.2584882
2025-06-27 17:42:26.127049+00:00,2.2584875
2025-06-27 17:42:37.554111+00:00,2.2584876
2025-06-27 17:42:50.285387+00:00,2.2584877
2025-06-27 17:43:03.029219+00:00,2.2584879
2025-06-27 17:43:27.815171+00:00,2.2584882
2025-06-27 17:43:52.858702+00:00,2.2584882
2025-06-27 17:44:05.434851+00:00,2.2584882
2025-06-27 17:44:18.050210+00:00,2.2584878
2025-06-27 17:44:30.274652+00:00,2.2584877
2025-06-27 17:44:42.651158+00:00,2.2584884
2025-06-27 17:44:55.189836+00:00,2.2584876
2025-06-27 17:45:20.862134+00:00,2.2584879
2025-06-27 17:45:34.463467+00:00,2.2584877
2025-06-27 17:45:58.789688+00:00,2.258488
2025-06-27 17:46:11.013954+00:00,2.258488
2025-06-27 17:46:23.119597+00:00,2.2584876
2025-06-27 17:46:35.859597+00:00,2.2584882
2025-06-27 17:46:58.434954+00:00,2.2584883
2025-06-27 17:47:01.435906+00:00,2.2584877
2025-06-27 17:47:13.782932+00:00,2.2584879
2025-06-27 17:47:38.312714+00:00,2.2584881
2025-06-27 17:47:51.282693+00:00,2.2584877
2025-06-27 17:48:04.519218+00:00,2.2584878
2025-06-27 17:48:17.119518+00:00,2.2584879
2025-06-27 17:48:33.216334+00:00,2.2584877
2025-06-27 17:48:42.027192+00:00,2.2584879
2025-06-27 17:49:20.345124+00:00,2.2584879
2025-06-27 17:49:34.092963+00:00,2.2584883
2025-06-27 17:49:46.472855+00:00,2.2584882
2025-06-27 17:49:59.405358+00:00,2.2584881
2025-06-27 17:50:38.442815+00:00,2.2584882
2025-06-27 17:50:50.439278+00:00,2.2584881
2025-06-27 17:51:03.402449+00:00,2.2584879
2025-06-27 17:51:28.326265+00:00,2.2584879
2025-06-27 17:51:43.626554+00:00,2.2584884
2025-06-27 17:51:57.005987+00:00,2.258488
2025-06-27 17:52:07.078332+00:00,2.2584882
2025-06-27 17:52:19.538004+00:00,2.2584878
2025-06-27 17:52:43.990460+00:00,2.2584871
2025-06-27 17:52:56.462131+00:00,2.2584877
2025-06-27 17:53:09.220098+00:00,2.2584881
2025-06-27 17:53:21.550040+00:00,2.2584882
2025-06-27 17:53:34.398641+00:00,2.2584877
2025-06-27 17:53:46.968645+00:00,2.2584882
2025-06-27 17:53:59.716468+00:00,2.2584879
2025-06-27 17:54:20.063054+00:00,2.2584877
2025-06-27 17:54:38.054390+00:00,2.2584878
2025-06-27 17:54:50.793430+00:00,2.2584882
2025-06-27 17:55:04.160962+00:00,2.2584883
2025-06-27 17:55:17.067428+00:00,2.2584877
2025-06-27 17:55:42.497745+00:00,2.258488
2025-06-27 17:55:54.660320+00:00,2.2584884
2025-06-27 17:56:08.027938+00:00,2.2584882
2025-06-27 17:56:20.362166+00:00,2.258488
2025-06-27 17:56:34.188706+00:00,2.2584878
2025-06-27 17:56:45.755174+00:00,2.2584883
2025-06-27 17:57:00.039366+00:00,2.2584881
2025-06-27 17:57:11.727202+00:00,2.2584883
2025-06-27 17:57:23.760531+00:00,2.2584879
2025-06-27 17:57:36.558570+00:00,2.2584877
2025-06-27 17:57:49.599384+00:00,2.2584877
2025-06-27 17:58:01.864397+00:00,2.2584884
2025-06-27 17:58:14.276507+00:00,2.2584878
2025-06-27 17:58:26.841166+00:00,2.2584877
2025-06-27 17:58:52.208457+00:00,2.258488
2025-06-27 17:59:05.169535+00:00,2.258488
2025-06-27 17:59:17.911239+00:00,2.2584876
2025-06-27 17:59:30.992315+00:00,2.2584883
2025-06-27 17:59:43.857042+00:00,2.2584881
2025-06-27 17:59:56.260908+00:00,2.2584879
2025-06-27 18:00:09.575400+00:00,2.2584878
2025-06-27 18:00:22.203033+00:00,2.258488
2025-06-27 18:00:34.906661+00:00,2.2584879
2025-06-27 18:00:47.599787+00:00,2.2584882
2025-06-27 18:01:00.102801+00:00,2.2584884
2025-06-27 18:01:12.692265+00:00,2.2584879
2025-06-27 18:01:25.287404+00:00,2.2584878
2025-06-27 18:01:37.828754+00:00,2.2584881
2025-06-27 18:02:03.338299+00:00,2.2584877
2025-06-27 18:02:15.713163+00:00,2.2584878
2025-06-27 18:02:40.599268+00:00,2.2584874
2025-06-27 18:03:13.910934+00:00,2.2584877
2025-06-27 18:03:59.611597+00:00,2.2584877
2025-06-27 18:05:00.451715+00:00,2.2584878
2025-06-27 18:05:11.513011+00:00,2.258488
2025-06-27 18:05:48.075744+00:00,2.2584878
2025-06-27 18:06:06.934370+00:00,2.2584881
2025-06-27 18:06:15.720456+00:00,2.2584879
2025-06-27 18:06:42.942956+00:00,2.2584876
2025-06-27 18:06:51.831777+00:00,2.2584877
2025-06-27 18:07:04.501650+00:00,2.2584877
2025-06-27 18:07:17.491933+00:00,2.2584881
2025-06-27 18:07:42.150758+00:00,2.2584883
2025-06-27 18:08:33.905105+00:00,2.2584881
2025-06-27 18:08:49.465773+00:00,2.258488
2025-06-27 18:08:59.519877+00:00,2.2584878
2025-06-27 18:09:39.206146+00:00,2.2584883
2025-06-27 18:09:50.770481+00:00,2.2584882
2025-06-27 18:10:03.464201+00:00,2.2584884
2025-06-27 18:10:30.169275+00:00,2.2584876
2025-06-27 18:10:41.795816+00:00,2.2584884
2025-06-27 18:10:54.235860+00:00,2.2584883
2025-06-27 18:11:19.486529+00:00,2.2584877
2025-06-27 18:11:32.972394+00:00,2.2584881
2025-06-27 18:11:57.233331+00:00,2.2584878
2025-06-27 18:12:10.875723+00:00,2.2584882
2025-06-27 18:12:22.212263+00:00,2.2584877
2025-06-27 18:12:34.761527+00:00,2.2584883
2025-06-27 18:12:53.774089+00:00,2.2584878
2025-06-27 18:13:02.389057+00:00,2.2584874
2025-06-27 18:13:13.055491+00:00,2.2584882
2025-06-27 18:13:24.854131+00:00,2.2584881
2025-06-27 18:13:37.381343+00:00,2.2584878
2025-06-27 18:13:51.405779+00:00,2.258488
2025-06-27 18:14:27.420204+00:00,2.2584879
2025-06-27 18:14:39.879197+00:00,2.2584879
2025-06-27 18:14:52.255677+00:00,2.2584878
2025-06-27 18:15:05.320672+00:00,2.2584875
2025-06-27 18:15:34.411454+00:00,2.2584881
2025-06-27 18:15:46.807835+00:00,2.2584883
2025-06-27 18:15:55.227155+00:00,2.2584876
2025-06-27 18:16:10.189700+00:00,2.258488
2025-06-27 18:16:20.761560+00:00,2.2584883
2025-06-27 18:16:33.303152+00:00,2.2584877
2025-06-27 18:16:46.236797+00:00,2.258488
2025-06-27 18:17:22.827059+00:00,2.2584879
2025-06-27 18:17:48.417738+00:00,2.2584878
2025-06-27 18:18:13.130985+00:00,2.2584879
2025-06-27 18:18:25.826699+00:00,2.2584877
2025-06-27 18:19:03.279131+00:00,2.2584882
2025-06-27 18:19:30.101846+00:00,2.2584883
2025-06-27 18:19:41.448335+00:00,2.2584881
2025-06-27 18:19:53.925770+00:00,2.2584883
2025-06-27 18:20:19.866466+00:00,2.2584882
2025-06-27 18:20:32.989459+00:00,2.2584884
2025-06-27 18:20:45.748409+00:00,2.2584882
2025-06-27 18:21:23.687188+00:00,2.2584883
2025-06-27 18:21:36.161646+00:00,2.2584884
2025-06-27 18:21:49.655346+00:00,2.2584876
2025-06-27 18:22:01.927192+00:00,2.258488
2025-06-27 18:22:27.155476+00:00,2.2584883
2025-06-27 18:22:41.701915+00:00,2.2584883
2025-06-27 18:22:52.770072+00:00,2.2584883
2025-06-27 18:23:07.699446+00:00,2.2584881
2025-06-27 18:23:54.843214+00:00,2.2584877
2025-06-27 18:25:10.626023+00:00,2.2584875
2025-06-27 18:25:27.081283+00:00,2.258488
2025-06-27 18:25:35.231240+00:00,2.2584883
2025-06-27 18:25:48.562028+00:00,2.2584882
2025-06-27 18:26:46.911800+00:00,2.2584884
2025-06-27 18:26:53.323056+00:00,2.2584881
2025-06-27 18:28:11.880263+00:00,2.258488
2025-06-27 18:28:27.926155+00:00,2.2584876
2025-06-27 18:28:48.085885+00:00,2.2584881
2025-06-27 18:28:58.817870+00:00,2.2584884
2025-06-27 18:29:20.794002+00:00,2.2584879
2025-06-27 18:29:33.989275+00:00,2.2584877
2025-06-27 18:29:58.245777+00:00,2.2584881
2025-06-27 18:30:17.175316+00:00,2.2584884
2025-06-27 18:30:24.113928+00:00,2.2584881
2025-06-27 18:30:36.989758+00:00,2.2584876
2025-06-27 18:30:50.352921+00:00,2.2584882
2025-06-27 18:31:02.992870+00:00,2.2584881
2025-06-27 18:31:15.379840+00:00,2.2584884
2025-06-27 18:31:27.851584+00:00,2.258488
2025-06-27 18:31:42.405708+00:00,2.2584879
2025-06-27 18:31:53.384936+00:00,2.2584883
2025-06-27 18:32:58.166970+00:00,2.2584877
2025-06-27 18:33:10.211105+00:00,2.2584879
2025-06-27 18:33:22.706924+00:00,2.2584878
2025-06-27 18:33:35.250124+00:00,2.2584881
2025-06-27 18:33:49.449659+00:00,2.2584878
2025-06-27 18:34:00.567842+00:00,2.2584884
2025-06-27 18:38:13.899114+00:00,2.2584884
2025-06-27 18:38:23.235547+00:00,2.2584884
2025-06-27 18:38:48.606276+00:00,2.2584878
2025-06-27 18:39:28.444308+00:00,2.2584879
2025-06-27 18:39:52.914067+00:00,2.2584882
2025-06-27 18:40:09.395719+00:00,2.2584875
2025-06-27 18:40:18.332698+00:00,2.2584876
2025-06-27 18:40:30.187364+00:00,2.2584879
2025-06-27 18:40:42.909471+00:00,2.2584882
2025-06-27 18:40:55.324588+00:00,2.2584882
2025-06-27 18:41:21.277446+00:00,2.258488
2025-06-27 18:41:33.666017+00:00,2.2584882
2025-06-27 18:41:58.981092+00:00,2.2584883
2025-06-27 18:42:12.156419+00:00,2.2584875
2025-06-27 18:42:24.658439+00:00,2.2584884
2025-06-27 18:42:37.198952+00:00,2.258488
2025-06-27 18:42:53.995412+00:00,2.2584882
2025-06-27 18:43:03.280685+00:00,2.2584884
2025-06-27 18:43:27.967447+00:00,2.2584882
2025-06-27 18:43:40.465133+00:00,2.2584884
2025-06-27 18:43:52.371650+00:00,2.2584881
2025-06-27 18:44:06.688305+00:00,2.2584879
2025-06-27 18:44:17.688766+00:00,2.2584881
2025-06-27 18:44:30.871690+00:00,2.258488
2025-06-27 18:44:43.025334+00:00,2.258488
2025-06-27 18:44:55.778306+00:00,2.2584879
2025-06-27 18:45:21.711739+00:00,2.2584877
2025-06-27 18:45:34.156065+00:00,2.2584883
2025-06-27 18:45:46.385024+00:00,2.258488
2025-06-27 18:45:58.636125+00:00,2.2584876
2025-06-27 18:46:11.361013+00:00,2.2584882
2025-06-27 18:46:23.805905+00:00,2.2584883
2025-06-27 18:46:36.276657+00:00,2.2584879
2025-06-27 18:46:49.014089+00:00,2.2584879
2025-06-27 18:47:01.687311+00:00,2.2584884
2025-06-27 18:47:14.916545+00:00,2.2584878
2025-06-27 18:47:26.670868+00:00,2.2584878
2025-06-27 18:48:31.363865+00:00,2.2584883
2025-06-27 18:48:41.499754+00:00,2.2584879
2025-06-27 18:49:09.473578+00:00,2.2584879
2025-06-27 18:49:22.014235+00:00,2.2584881
2025-06-27 18:49:44.180495+00:00,2.2584881
2025-06-27 18:50:11.238022+00:00,2.2584879
2025-06-27 18:50:35.360964+00:00,2.2584878
2025-06-27 18:50:50.002618+00:00,2.2584878
2025-06-27 18:50:59.780456+00:00,2.258488
2025-06-27 18:51:25.121108+00:00,2.2584879
2025-06-27 18:51:37.794968+00:00,2.2584883
2025-06-27 18:52:16.707266+00:00,2.2584882
2025-06-27 18:52:29.320916+00:00,2.2584878
2025-06-27 18:52:41.771355+00:00,2.2584877
2025-06-27 18:53:07.306542+00:00,2.258488
2025-06-27 18:53:20.115689+00:00,2.2584876
2025-06-27 18:53:32.749012+00:00,2.2584879
2025-06-27 18:53:45.250809+00:00,2.258488
2025-06-27 18:54:10.741642+00:00,2.2584879
2025-06-27 18:54:24.956339+00:00,2.2584882
2025-06-27 18:54:35.900774+00:00,2.2584882
2025-06-27 18:54:51.750456+00:00,2.2584879
2025-06-27 18:55:13.755765+00:00,2.2584878
2025-06-27 18:55:27.668659+00:00,2.2584884
2025-06-27 18:55:50.448125+00:00,2.258488
2025-06-27 18:56:16.249155+00:00,2.2584879
2025-06-27 18:56:40.881355+00:00,2.258488
2025-06-27 18:56:53.678327+00:00,2.2584881
2025-06-27 18:57:07.268036+00:00,2.258488
2025-06-27 18:57:19.462244+00:00,2.2584883
2025-06-27 18:57:44.402101+00:00,2.2584883
2025-06-27 18:57:56.988194+00:00,2.2584884
2025-06-27 18:58:14.061517+00:00,2.258488
2025-06-27 18:58:25.268469+00:00,2.2584877
2025-06-27 18:58:40.578806+00:00,2.2584884
2025-06-27 18:58:48.899751+00:00,2.2584876
2025-06-27 18:58:59.946355+00:00,2.2584876
2025-06-27 18:59:25.220915+00:00,2.258488
2025-06-27 18:59:37.786047+00:00,2.2584881
2025-06-27 18:59:51.477969+00:00,2.2584877
2025-06-27 19:00:06.087295+00:00,2.2584877
2025-06-27 19:00:27.858537+00:00,2.2584878
2025-06-27 19:00:53.195070+00:00,2.2584877
2025-06-27 19:01:05.857250+00:00,2.258488
2025-06-27 19:01:19.283738+00:00,2.2584884
2025-06-27 19:01:31.265361+00:00,2.2584883
2025-06-27 19:01:43.460824+00:00,2.258488
2025-06-27 19:01:56.834049+00:00,2.2584876
2025-06-27 19:02:09.043886+00:00,2.2584883
2025-06-27 19:02:21.592672+00:00,2.2584883
2025-06-27 19:02:35.708345+00:00,2.2584884
2025-06-27 19:02:48.252350+00:00,2.2584884
2025-06-27 19:02:58.957007+00:00,2.258488
2025-06-27 19:03:11.557017+00:00,2.2584881
2025-06-27 19:03:24.168532+00:00,2.258488
2025-06-27 19:04:02.248729+00:00,2.2584876
2025-06-27 19:04:20.702856+00:00,2.2584881
2025-06-27 19:04:52.811028+00:00,2.2584883
2025-06-27 19:05:18.457732+00:00,2.2584877
2025-06-27 19:06:22.054213+00:00,2.258488
2025-06-27 19:06:35.734261+00:00,2.2584881
2025-06-27 19:06:47.914214+00:00,2.2584879
2025-06-27 19:07:00.470061+00:00,2.2584881
2025-06-27 19:07:51.717384+00:00,2.2584882
2025-06-27 19:08:03.592590+00:00,2.2584883
2025-06-27 19:08:21.567763+00:00,2.258488
2025-06-27 19:08:28.446357+00:00,2.2584881
2025-06-27 19:08:45.527310+00:00,2.2584882
2025-06-27 19:08:55.210072+00:00,2.258488
2025-06-27 19:09:08.319064+00:00,2.258488
2025-06-27 19:09:19.154060+00:00,2.258488
2025-06-27 19:09:31.343419+00:00,2.2584875
2025-06-27 19:09:54.607224+00:00,2.2584879
2025-06-27 19:09:56.448708+00:00,2.2584879
2025-06-27 19:10:09.099848+00:00,2.2584877
2025-06-27 19:10:30.157028+00:00,2.2584884
2025-06-27 19:10:46.673746+00:00,2.2584883
2025-06-27 19:10:58.989240+00:00,2.258488
2025-06-27 19:11:36.339127+00:00,2.2584882
2025-06-27 19:12:01.747358+00:00,2.2584882
2025-06-27 19:12:14.489799+00:00,2.2584881
2025-06-27 19:12:26.386927+00:00,2.2584877
2025-06-27 19:12:38.918220+00:00,2.2584883
2025-06-27 19:12:51.305478+00:00,2.2584878
2025-06-27 19:13:04.294071+00:00,2.2584882
2025-06-27 19:13:16.820528+00:00,2.2584879
2025-06-27 19:13:53.737383+00:00,2.2584881
2025-06-27 19:14:06.747977+00:00,2.2584876
2025-06-27 19:14:19.136673+00:00,2.2584884
2025-06-27 19:14:31.397147+00:00,2.258488
2025-06-27 19:14:43.552299+00:00,2.2584884
2025-06-27 19:14:56.163929+00:00,2.2584878
2025-06-27 19:15:09.384166+00:00,2.258488
2025-06-27 19:15:21.964513+00:00,2.2584882
2025-06-27 19:15:35.220902+00:00,2.258488
2025-06-27 19:15:59.634241+00:00,2.2584884
2025-06-27 19:16:25.762304+00:00,2.2584881
2025-06-27 19:16:51.745841+00:00,2.2584879
2025-06-27 19:17:05.124053+00:00,2.2584883
2025-06-27 19:17:18.783042+00:00,2.2584881
2025-06-27 19:17:52.282357+00:00,2.2584881
2025-06-27 19:17:57.669525+00:00,2.2584879
2025-06-27 19:18:21.191983+00:00,2.2584884
2025-06-27 19:18:33.356971+00:00,2.258488
2025-06-27 19:19:13.831330+00:00,2.2584881
2025-06-27 19:19:29.655535+00:00,2.2584878
2025-06-27 19:19:39.174320+00:00,2.258488
2025-06-27 19:19:50.832101+00:00,2.2584882
2025-06-27 19:20:13.644702+00:00,2.2584878
2025-06-27 19:20:29.910281+00:00,2.2584882
2025-06-27 19:21:20.238429+00:00,2.2584881
2025-06-27 19:21:36.778576+00:00,2.2584884
2025-06-27 19:21:41.569970+00:00,2.2584878
2025-06-27 19:22:08.719916+00:00,2.2584876
2025-06-27 19:22:24.296567+00:00,2.2584881
2025-06-27 19:23:19.636350+00:00,2.2584882
2025-06-27 19:24:25.550657+00:00,2.2584884
2025-06-27 19:24:37.898920+00:00,2.2584877
2025-06-27 19:24:50.499833+00:00,2.2584877
2025-06-27 19:25:03.622594+00:00,2.2584884
2025-06-27 19:25:16.386034+00:00,2.258488
2025-06-27 19:25:36.384299+00:00,2.2584877
2025-06-27 19:25:41.311648+00:00,2.2584881
2025-06-27 19:25:53.631232+00:00,2.2584878
2025-06-27 19:26:13.776765+00:00,2.2584879
2025-06-27 19:26:32.001127+00:00,2.2584878
2025-06-27 19:26:45.995138+00:00,2.2584882
2025-06-27 19:27:19.597525+00:00,2.2584878
2025-06-27 19:27:36.843692+00:00,2.2584878
2025-06-27 19:27:48.819900+00:00,2.2584884
2025-06-27 19:28:02.214694+00:00,2.2584881
2025-06-27 19:28:14.313299+00:00,2.2584883
2025-06-27 19:28:27.128736+00:00,2.2584884
2025-06-27 19:28:39.729372+00:00,2.2584882
2025-06-27 19:29:05.285584+00:00,2.2584883
2025-06-27 19:29:17.800033+00:00,2.2584879
2025-06-27 19:29:36.635960+00:00,2.2584878
2025-06-27 19:29:43.246421+00:00,2.2584883
2025-06-27 19:29:55.813787+00:00,2.258488
2025-06-27 19:30:08.680874+00:00,2.2584884
2025-06-27 19:30:20.804849+00:00,2.2584878
2025-06-27 19:30:46.161726+00:00,2.2584879
2025-06-27 19:31:41.958869+00:00,2.2584882
2025-06-27 19:31:59.063462+00:00,2.258488
2025-06-27 19:32:13.484906+00:00,2.2584879
2025-06-27 19:34:33.916434+00:00,2.2584881
2025-06-27 19:34:44.067185+00:00,2.2584878
2025-06-27 19:35:09.483807+00:00,2.2584882
2025-06-27 19:35:23.939042+00:00,2.2584883
2025-06-27 19:35:34.437851+00:00,2.2584883
2025-06-27 19:35:46.834672+00:00,2.2584881
2025-06-27 19:35:59.121652+00:00,2.2584872
2025-06-27 19:36:36.844892+00:00,2.2584879
2025-06-27 19:36:49.944039+00:00,2.2584878
2025-06-27 19:37:02.996245+00:00,2.2584877
2025-06-27 19:37:15.372111+00:00,2.2584879
2025-06-27 19:37:29.012266+00:00,2.2584883
2025-06-27 19:37:42.742812+00:00,2.2584882
2025-06-27 19:37:53.793952+00:00,2.2584879
2025-06-27 19:38:07.009367+00:00,2.258488
2025-06-27 19:38:19.109073+00:00,2.258488
2025-06-27 19:38:31.671451+00:00,2.2584881
2025-06-27 19:38:44.716387+00:00,2.2584884
2025-06-27 19:38:56.743299+00:00,2.258488
2025-06-27 19:39:47.936287+00:00,2.2584884
2025-06-27 19:40:00.623229+00:00,2.2584879
2025-06-27 19:40:14.124095+00:00,2.2584881
2025-06-27 19:40:50.891102+00:00,2.2584883
2025-06-27 19:41:03.566275+00:00,2.2584883
2025-06-27 19:41:34.870106+00:00,2.258488
2025-06-27 19:42:05.663533+00:00,2.258488
2025-06-27 19:42:59.835082+00:00,2.2584882
2025-06-27 19:44:05.817713+00:00,2.2584878
2025-06-27 19:44:10.808496+00:00,2.2584881
2025-06-27 19:44:23.674949+00:00,2.2584882
2025-06-27 19:44:35.783084+00:00,2.2584883
2025-06-27 19:45:01.927358+00:00,2.258488
2025-06-27 19:45:15.832812+00:00,2.2584881
2025-06-27 19:45:32.610666+00:00,2.2584884
2025-06-27 19:45:42.035964+00:00,2.2584884
2025-06-27 19:46:48.957618+00:00,2.2584879
2025-06-27 19:46:54.203432+00:00,2.2584883
2025-06-27 19:47:06.780792+00:00,2.2584874
2025-06-27 19:47:57.976407+00:00,2.2584883
2025-06-27 19:48:10.954176+00:00,2.2584883
2025-06-27 19:48:36.115660+00:00,2.2584881
2025-06-27 19:48:48.999440+00:00,2.2584881
2025-06-27 19:49:01.602987+00:00,2.2584884
2025-06-27 19:49:14.407630+00:00,2.2584882
2025-06-27 19:49:27.022423+00:00,2.2584876
2025-06-27 19:49:51.825134+00:00,2.2584883
2025-06-27 19:50:17.471202+00:00,2.2584879
2025-06-27 19:50:42.060835+00:00,2.2584884
2025-06-27 19:52:22.606945+00:00,2.2584883
2025-06-27 19:52:48.095658+00:00,2.2584875
2025-06-27 19:57:22.458775+00:00,2.2584879
2025-06-27 19:58:50.200295+00:00,2.2584875
2025-06-27 20:01:12.562866+00:00,2.2584874
