time,counts_ratio
2025-08-12 07:06:28.795673+00:00,2.2584878
2025-08-12 07:08:11.391442+00:00,2.2584861
2025-08-12 07:08:36.889845+00:00,2.2584858
2025-08-12 07:09:41.706210+00:00,2.258487
2025-08-12 07:10:33.411430+00:00,2.2584877
2025-08-12 07:10:46.697495+00:00,2.2584876
2025-08-12 07:11:25.022158+00:00,2.2584881
2025-08-12 07:13:19.743477+00:00,2.2584881
2025-08-12 07:13:58.825856+00:00,2.2584865
2025-08-12 07:14:23.637351+00:00,2.2584873
2025-08-12 07:14:36.534441+00:00,2.2584875
2025-08-12 07:15:02.095800+00:00,2.2584874
2025-08-12 07:15:16.032656+00:00,2.258486
2025-08-12 07:15:53.497212+00:00,2.2584868
2025-08-12 07:16:06.405666+00:00,2.2584869
2025-08-12 07:16:19.172708+00:00,2.2584869
2025-08-12 07:16:32.743578+00:00,2.2584869
2025-08-12 07:16:45.462530+00:00,2.2584872
2025-08-12 07:16:57.634828+00:00,2.2584872
2025-08-12 07:17:10.536108+00:00,2.2584876
2025-08-12 07:17:24.123092+00:00,2.2584873
2025-08-12 07:17:35.862931+00:00,2.258487
2025-08-12 07:17:48.860787+00:00,2.2584875
2025-08-12 07:18:01.769297+00:00,2.2584872
2025-08-12 07:18:14.613538+00:00,2.2584878
2025-08-12 07:18:28.032303+00:00,2.2584872
2025-08-12 07:18:40.720956+00:00,2.2584876
2025-08-12 07:18:53.612660+00:00,2.258488
2025-08-12 07:19:07.999709+00:00,2.258487
2025-08-12 07:19:19.757217+00:00,2.2584873
2025-08-12 07:19:34.001338+00:00,2.2584864
2025-08-12 07:19:46.115863+00:00,2.2584879
2025-08-12 07:19:58.543834+00:00,2.2584865
2025-08-12 07:20:12.477115+00:00,2.2584869
2025-08-12 07:20:50.193845+00:00,2.258487
2025-08-12 07:21:02.972994+00:00,2.258487
2025-08-12 07:21:16.864376+00:00,2.2584868
2025-08-12 07:21:28.710277+00:00,2.258488
2025-08-12 07:21:41.891540+00:00,2.2584878
2025-08-12 07:21:54.811892+00:00,2.2584874
2025-08-12 07:22:07.636754+00:00,2.2584877
2025-08-12 07:22:20.390785+00:00,2.258488
2025-08-12 07:22:33.596551+00:00,2.2584877
2025-08-12 07:22:45.903873+00:00,2.2584873
2025-08-12 07:22:58.300984+00:00,2.2584881
2025-08-12 07:23:10.745567+00:00,2.2584877
2025-08-12 07:23:23.496006+00:00,2.2584881
2025-08-12 07:23:36.451630+00:00,2.2584879
2025-08-12 07:23:50.414841+00:00,2.2584869
2025-08-12 07:24:01.900723+00:00,2.2584871
2025-08-12 07:24:16.104493+00:00,2.2584879
2025-08-12 07:24:27.722387+00:00,2.2584874
2025-08-12 07:24:40.357417+00:00,2.258488
2025-08-12 07:24:54.558991+00:00,2.2584878
2025-08-12 07:25:06.169954+00:00,2.2584882
2025-08-12 07:25:18.957071+00:00,2.2584882
2025-08-12 07:25:31.508572+00:00,2.2584878
2025-08-12 07:25:44.104834+00:00,2.2584879
2025-08-12 07:25:56.803399+00:00,2.2584882
2025-08-12 07:26:09.900030+00:00,2.2584876
2025-08-12 07:26:23.293835+00:00,2.2584879
2025-08-12 07:26:35.778550+00:00,2.2584877
2025-08-12 07:26:48.528778+00:00,2.2584877
2025-08-12 07:27:01.055045+00:00,2.2584879
2025-08-12 07:27:13.870236+00:00,2.2584862
2025-08-12 07:27:27.060773+00:00,2.2584873
2025-08-12 07:27:39.518128+00:00,2.2584872
2025-08-12 07:27:52.298357+00:00,2.2584875
2025-08-12 07:28:05.662936+00:00,2.2584877
2025-08-12 07:28:17.982187+00:00,2.2584873
2025-08-12 07:28:30.746945+00:00,2.2584881
2025-08-12 07:28:43.518324+00:00,2.2584878
2025-08-12 07:28:56.424748+00:00,2.2584871
2025-08-12 07:29:09.386903+00:00,2.2584876
2025-08-12 07:29:22.250679+00:00,2.2584875
2025-08-12 07:29:35.548363+00:00,2.2584874
2025-08-12 07:29:47.957338+00:00,2.2584881
2025-08-12 07:30:01.109890+00:00,2.2584879
2025-08-12 07:30:16.083943+00:00,2.2584876
2025-08-12 07:30:27.801284+00:00,2.2584874
2025-08-12 07:30:40.195186+00:00,2.2584862
2025-08-12 07:30:53.631994+00:00,2.2584877
2025-08-12 07:31:09.025678+00:00,2.2584879
2025-08-12 07:31:19.518021+00:00,2.2584872
2025-08-12 07:31:31.987480+00:00,2.258488
2025-08-12 07:31:44.702586+00:00,2.2584869
2025-08-12 07:31:57.554984+00:00,2.2584872
2025-08-12 07:32:10.795783+00:00,2.2584879
2025-08-12 07:32:24.657636+00:00,2.2584873
2025-08-12 07:32:36.163574+00:00,2.2584879
2025-08-12 07:32:49.075462+00:00,2.258488
2025-08-12 07:33:01.944561+00:00,2.2584878
2025-08-12 07:33:16.025388+00:00,2.2584874
2025-08-12 07:33:27.628217+00:00,2.2584862
2025-08-12 07:33:40.537746+00:00,2.2584882
2025-08-12 07:33:53.970466+00:00,2.258488
2025-08-12 07:34:06.045023+00:00,2.2584868
2025-08-12 07:34:18.633373+00:00,2.2584868
2025-08-12 07:34:31.321634+00:00,2.2584866
2025-08-12 07:34:44.077532+00:00,2.2584883
2025-08-12 07:34:57.078118+00:00,2.2584877
2025-08-12 07:35:11.486363+00:00,2.2584876
2025-08-12 07:35:22.534946+00:00,2.2584874
2025-08-12 07:35:35.405923+00:00,2.2584876
2025-08-12 07:35:48.978957+00:00,2.258488
2025-08-12 07:36:01.108930+00:00,2.2584879
2025-08-12 07:36:13.713996+00:00,2.2584878
2025-08-12 07:36:26.417660+00:00,2.2584879
2025-08-12 07:36:39.613425+00:00,2.2584866
2025-08-12 07:36:52.151504+00:00,2.2584883
2025-08-12 07:37:05.048838+00:00,2.2584875
2025-08-12 07:37:18.117305+00:00,2.2584871
2025-08-12 07:37:30.537779+00:00,2.258487
2025-08-12 07:37:44.140971+00:00,2.2584879
2025-08-12 07:37:55.919494+00:00,2.2584874
2025-08-12 07:38:10.888399+00:00,2.2584878
2025-08-12 07:38:21.764469+00:00,2.258487
2025-08-12 07:38:34.423314+00:00,2.258487
2025-08-12 07:38:47.198405+00:00,2.2584874
2025-08-12 07:38:59.947715+00:00,2.2584878
2025-08-12 07:39:12.628382+00:00,2.2584873
2025-08-12 07:39:25.260301+00:00,2.2584874
2025-08-12 07:39:38.307925+00:00,2.2584872
2025-08-12 07:39:51.432702+00:00,2.2584875
2025-08-12 07:40:04.300173+00:00,2.258488
2025-08-12 07:40:17.099356+00:00,2.2584866
2025-08-12 07:40:32.277670+00:00,2.2584877
2025-08-12 07:40:43.160726+00:00,2.2584878
2025-08-12 07:40:56.289267+00:00,2.2584874
2025-08-12 07:41:10.151000+00:00,2.258487
2025-08-12 07:41:22.396645+00:00,2.2584871
2025-08-12 07:41:35.355590+00:00,2.2584875
2025-08-12 07:41:48.414990+00:00,2.2584878
2025-08-12 07:42:01.650913+00:00,2.2584868
2025-08-12 07:42:14.203119+00:00,2.2584872
2025-08-12 07:42:28.170317+00:00,2.2584872
2025-08-12 07:42:40.157771+00:00,2.2584875
2025-08-12 07:42:52.893487+00:00,2.258488
2025-08-12 07:43:05.932523+00:00,2.2584876
2025-08-12 07:43:19.269823+00:00,2.2584877
2025-08-12 07:43:32.168063+00:00,2.2584878
2025-08-12 07:43:45.052834+00:00,2.258487
2025-08-12 07:44:00.964868+00:00,2.2584877
2025-08-12 07:44:11.193692+00:00,2.2584882
2025-08-12 07:44:22.918324+00:00,2.2584874
2025-08-12 07:44:35.562156+00:00,2.2584877
2025-08-12 07:44:48.275351+00:00,2.2584871
2025-08-12 07:45:00.980014+00:00,2.2584872
2025-08-12 07:45:13.470805+00:00,2.2584875
2025-08-12 07:45:26.695296+00:00,2.2584872
2025-08-12 07:45:38.936784+00:00,2.2584881
2025-08-12 07:45:51.754893+00:00,2.2584877
2025-08-12 07:46:07.745439+00:00,2.2584874
2025-08-12 07:46:17.707633+00:00,2.2584872
2025-08-12 07:46:30.751681+00:00,2.2584878
2025-08-12 07:46:43.765241+00:00,2.2584876
2025-08-12 07:46:56.466826+00:00,2.2584878
2025-08-12 07:47:09.077667+00:00,2.2584873
2025-08-12 07:47:22.120285+00:00,2.258488
2025-08-12 07:47:35.772955+00:00,2.2584874
2025-08-12 07:47:47.492710+00:00,2.2584876
2025-08-12 07:48:00.823878+00:00,2.2584874
2025-08-12 07:48:13.247711+00:00,2.2584872
2025-08-12 07:48:26.601212+00:00,2.2584874
2025-08-12 07:48:38.857835+00:00,2.2584873
2025-08-12 07:48:51.713950+00:00,2.2584876
2025-08-12 07:49:04.872565+00:00,2.258488
2025-08-12 07:49:18.155619+00:00,2.2584877
2025-08-12 07:49:30.733068+00:00,2.2584879
2025-08-12 07:49:43.463621+00:00,2.2584876
2025-08-12 07:49:56.740666+00:00,2.2584872
2025-08-12 07:50:09.158504+00:00,2.2584878
2025-08-12 07:50:22.216248+00:00,2.2584877
2025-08-12 07:50:34.720080+00:00,2.2584874
2025-08-12 07:50:47.575650+00:00,2.2584876
2025-08-12 07:51:00.412379+00:00,2.2584875
2025-08-12 07:51:14.596120+00:00,2.2584877
2025-08-12 07:51:25.951750+00:00,2.2584877
2025-08-12 07:51:38.764444+00:00,2.2584869
2025-08-12 07:51:51.697937+00:00,2.2584875
2025-08-12 07:52:04.921277+00:00,2.2584874
2025-08-12 07:52:17.601042+00:00,2.2584877
2025-08-12 07:52:30.569437+00:00,2.2584871
2025-08-12 07:52:43.562221+00:00,2.2584878
2025-08-12 07:52:56.569599+00:00,2.2584883
2025-08-12 07:53:09.735239+00:00,2.258488
2025-08-12 07:53:22.641247+00:00,2.2584876
2025-08-12 07:53:35.758412+00:00,2.2584876
2025-08-12 07:53:48.737421+00:00,2.2584879
2025-08-12 07:54:01.815473+00:00,2.2584872
2025-08-12 07:54:15.232810+00:00,2.2584871
2025-08-12 07:54:27.415967+00:00,2.2584881
2025-08-12 07:54:42.350759+00:00,2.2584871
2025-08-12 07:54:53.306681+00:00,2.2584879
2025-08-12 07:55:06.333174+00:00,2.2584875
2025-08-12 07:55:19.072271+00:00,2.2584875
2025-08-12 07:55:32.130479+00:00,2.2584881
2025-08-12 07:55:44.844099+00:00,2.2584868
2025-08-12 07:55:59.953559+00:00,2.2584873
2025-08-12 07:56:10.604903+00:00,2.2584872
2025-08-12 07:56:23.425123+00:00,2.258487
2025-08-12 07:56:36.235539+00:00,2.2584874
2025-08-12 07:56:48.711320+00:00,2.2584875
2025-08-12 07:57:01.252347+00:00,2.2584881
2025-08-12 07:57:13.824693+00:00,2.2584873
2025-08-12 07:57:28.415624+00:00,2.2584873
2025-08-12 07:57:39.310544+00:00,2.2584874
2025-08-12 07:57:52.381125+00:00,2.2584875
2025-08-12 07:58:05.235216+00:00,2.2584879
2025-08-12 07:58:18.207991+00:00,2.2584878
2025-08-12 07:58:31.003046+00:00,2.2584874
2025-08-12 07:58:43.861310+00:00,2.2584879
2025-08-12 07:58:56.953769+00:00,2.2584876
2025-08-12 07:59:10.690907+00:00,2.2584875
2025-08-12 07:59:22.764685+00:00,2.2584872
2025-08-12 07:59:35.685515+00:00,2.2584879
2025-08-12 07:59:48.425558+00:00,2.2584881
2025-08-12 08:00:02.072844+00:00,2.2584873
2025-08-12 08:00:14.134885+00:00,2.258488
2025-08-12 08:00:28.306903+00:00,2.2584873
2025-08-12 08:00:39.833445+00:00,2.2584873
2025-08-12 08:00:53.092539+00:00,2.2584879
2025-08-12 08:01:05.841791+00:00,2.258488
2025-08-12 08:01:18.377963+00:00,2.2584879
2025-08-12 08:01:31.314468+00:00,2.2584877
2025-08-12 08:01:43.914466+00:00,2.2584874
2025-08-12 08:01:56.898325+00:00,2.2584872
2025-08-12 08:02:09.456048+00:00,2.2584871
2025-08-12 08:02:22.226049+00:00,2.2584876
2025-08-12 08:02:35.128230+00:00,2.2584879
2025-08-12 08:02:49.324869+00:00,2.2584877
2025-08-12 08:03:00.635411+00:00,2.2584873
2025-08-12 08:03:14.289685+00:00,2.2584877
2025-08-12 08:03:26.420685+00:00,2.258488
2025-08-12 08:03:38.983013+00:00,2.2584871
2025-08-12 08:03:52.335942+00:00,2.2584876
2025-08-12 08:04:05.554117+00:00,2.2584866
2025-08-12 08:04:17.891455+00:00,2.2584874
2025-08-12 08:04:30.909159+00:00,2.2584876
2025-08-12 08:04:45.449739+00:00,2.2584873
2025-08-12 08:04:57.285511+00:00,2.2584879
2025-08-12 08:05:10.056589+00:00,2.2584877
2025-08-12 08:05:23.057999+00:00,2.2584873
2025-08-12 08:05:36.527661+00:00,2.2584873
2025-08-12 08:05:49.717992+00:00,2.2584877
2025-08-12 08:06:02.372433+00:00,2.2584879
2025-08-12 08:06:14.957617+00:00,2.258488
2025-08-12 08:06:27.899935+00:00,2.2584876
2025-08-12 08:06:40.573781+00:00,2.2584877
2025-08-12 08:06:53.632608+00:00,2.2584876
2025-08-12 08:07:06.792019+00:00,2.2584879
2025-08-12 08:07:19.417389+00:00,2.2584873
2025-08-12 08:07:32.527160+00:00,2.2584878
2025-08-12 08:07:45.152543+00:00,2.2584864
2025-08-12 08:07:57.905855+00:00,2.2584878
2025-08-12 08:08:11.504535+00:00,2.2584877
2025-08-12 08:08:23.069380+00:00,2.2584873
2025-08-12 08:08:36.787766+00:00,2.2584879
2025-08-12 08:08:48.873229+00:00,2.2584875
2025-08-12 08:09:01.418436+00:00,2.2584879
2025-08-12 08:09:14.311917+00:00,2.2584875
2025-08-12 08:09:27.169682+00:00,2.258488
2025-08-12 08:09:40.046617+00:00,2.2584874
2025-08-12 08:09:53.984682+00:00,2.2584879
2025-08-12 08:10:06.122146+00:00,2.2584879
2025-08-12 08:10:19.098193+00:00,2.2584871
2025-08-12 08:10:31.709519+00:00,2.2584872
2025-08-12 08:10:44.092291+00:00,2.2584874
2025-08-12 08:10:57.028846+00:00,2.2584879
2025-08-12 08:11:09.937017+00:00,2.2584873
2025-08-12 08:11:22.938831+00:00,2.2584877
2025-08-12 08:11:35.731328+00:00,2.2584876
2025-08-12 08:11:48.727471+00:00,2.2584879
2025-08-12 08:12:01.505258+00:00,2.2584875
2025-08-12 08:12:14.914003+00:00,2.258487
2025-08-12 08:12:27.244036+00:00,2.2584871
2025-08-12 08:12:39.801215+00:00,2.2584878
2025-08-12 08:12:53.062821+00:00,2.2584875
2025-08-12 08:13:05.629228+00:00,2.2584876
2025-08-12 08:13:18.095856+00:00,2.2584878
2025-08-12 08:13:31.315438+00:00,2.2584864
2025-08-12 08:13:43.956941+00:00,2.2584878
2025-08-12 08:13:56.723224+00:00,2.2584871
2025-08-12 08:14:09.235141+00:00,2.2584869
2025-08-12 08:14:22.053985+00:00,2.2584876
2025-08-12 08:14:34.975638+00:00,2.2584871
2025-08-12 08:14:48.574154+00:00,2.2584876
2025-08-12 08:15:00.849583+00:00,2.2584873
2025-08-12 08:15:14.249187+00:00,2.2584877
2025-08-12 08:15:26.932709+00:00,2.2584874
2025-08-12 08:15:39.769715+00:00,2.2584872
2025-08-12 08:15:53.614052+00:00,2.2584877
2025-08-12 08:16:07.544937+00:00,2.2584875
2025-08-12 08:16:18.801336+00:00,2.2584873
2025-08-12 08:16:33.857428+00:00,2.2584873
2025-08-12 08:16:44.887260+00:00,2.2584874
2025-08-12 08:16:57.446453+00:00,2.2584873
2025-08-12 08:17:10.498860+00:00,2.2584878
2025-08-12 08:17:23.274888+00:00,2.2584875
2025-08-12 08:17:36.431996+00:00,2.2584877
2025-08-12 08:17:49.219152+00:00,2.2584874
2025-08-12 08:18:02.438961+00:00,2.258487
2025-08-12 08:18:14.942362+00:00,2.258487
2025-08-12 08:18:27.445536+00:00,2.2584872
2025-08-12 08:18:40.602557+00:00,2.2584874
2025-08-12 08:18:52.769693+00:00,2.2584878
2025-08-12 08:19:05.454165+00:00,2.2584878
2025-08-12 08:19:18.151925+00:00,2.2584876
2025-08-12 08:19:32.620781+00:00,2.2584878
2025-08-12 08:19:43.446880+00:00,2.2584877
2025-08-12 08:19:56.279277+00:00,2.2584875
2025-08-12 08:20:09.108965+00:00,2.2584877
2025-08-12 08:20:21.846468+00:00,2.2584874
2025-08-12 08:20:34.994329+00:00,2.2584872
2025-08-12 08:20:47.300460+00:00,2.2584875
2025-08-12 08:21:00.150111+00:00,2.2584873
2025-08-12 08:21:13.266594+00:00,2.2584875
2025-08-12 08:21:25.981975+00:00,2.2584875
2025-08-12 08:21:38.774250+00:00,2.2584876
2025-08-12 08:21:51.605089+00:00,2.258487
2025-08-12 08:22:04.673019+00:00,2.2584871
2025-08-12 08:22:17.426476+00:00,2.2584871
2025-08-12 08:22:30.390297+00:00,2.2584874
2025-08-12 08:22:42.796851+00:00,2.2584872
2025-08-12 08:22:56.196874+00:00,2.2584873
2025-08-12 08:23:08.254461+00:00,2.2584877
2025-08-12 08:23:21.129716+00:00,2.2584878
2025-08-12 08:23:33.760627+00:00,2.2584875
2025-08-12 08:23:46.962091+00:00,2.2584873
2025-08-12 08:23:59.330346+00:00,2.258487
2025-08-12 08:24:11.928763+00:00,2.258487
2025-08-12 08:24:24.642551+00:00,2.2584876
2025-08-12 08:24:37.486672+00:00,2.258487
2025-08-12 08:24:50.737572+00:00,2.2584874
2025-08-12 08:25:04.460996+00:00,2.2584875
2025-08-12 08:25:16.745301+00:00,2.2584868
2025-08-12 08:25:30.034527+00:00,2.2584875
2025-08-12 08:25:42.422600+00:00,2.2584881
2025-08-12 08:25:55.439341+00:00,2.2584875
2025-08-12 08:26:09.435404+00:00,2.2584869
2025-08-12 08:26:21.649390+00:00,2.2584875
2025-08-12 08:26:36.001300+00:00,2.2584873
2025-08-12 08:26:47.641092+00:00,2.2584873
2025-08-12 08:27:00.484137+00:00,2.2584876
2025-08-12 08:27:13.580431+00:00,2.2584876
2025-08-12 08:27:27.024369+00:00,2.2584881
2025-08-12 08:27:39.117775+00:00,2.2584877
2025-08-12 08:27:52.016919+00:00,2.2584874
2025-08-12 08:28:04.741346+00:00,2.2584868
2025-08-12 08:28:17.449838+00:00,2.2584875
2025-08-12 08:28:30.396880+00:00,2.2584877
2025-08-12 08:28:42.871641+00:00,2.2584879
2025-08-12 08:28:56.050800+00:00,2.2584869
2025-08-12 08:29:08.315900+00:00,2.2584879
2025-08-12 08:29:21.506871+00:00,2.2584883
2025-08-12 08:29:33.706725+00:00,2.258487
2025-08-12 08:29:47.394348+00:00,2.2584872
2025-08-12 08:29:59.026256+00:00,2.2584877
2025-08-12 08:30:12.309294+00:00,2.2584878
2025-08-12 08:30:24.687014+00:00,2.2584874
2025-08-12 08:30:37.845730+00:00,2.2584875
2025-08-12 08:30:50.413175+00:00,2.2584867
2025-08-12 08:31:04.035256+00:00,2.2584878
2025-08-12 08:31:16.235543+00:00,2.2584877
2025-08-12 08:31:28.904859+00:00,2.2584873
2025-08-12 08:31:41.725063+00:00,2.2584878
2025-08-12 08:31:54.680126+00:00,2.2584871
2025-08-12 08:32:08.326463+00:00,2.2584874
2025-08-12 08:32:20.845338+00:00,2.2584871
2025-08-12 08:32:33.030561+00:00,2.2584873
2025-08-12 08:32:45.765952+00:00,2.2584874
2025-08-12 08:32:58.405362+00:00,2.2584873
2025-08-12 08:33:11.744634+00:00,2.2584875
2025-08-12 08:33:23.951475+00:00,2.258488
2025-08-12 08:33:36.650941+00:00,2.258487
2025-08-12 08:33:49.764504+00:00,2.2584872
2025-08-12 08:34:03.421658+00:00,2.2584877
2025-08-12 08:34:15.317251+00:00,2.2584869
2025-08-12 08:34:28.371097+00:00,2.2584878
2025-08-12 08:34:41.078722+00:00,2.2584869
2025-08-12 08:34:55.119304+00:00,2.2584872
2025-08-12 08:35:07.047933+00:00,2.2584876
2025-08-12 08:35:20.148764+00:00,2.2584877
2025-08-12 08:35:33.140139+00:00,2.2584876
2025-08-12 08:35:46.501325+00:00,2.2584872
2025-08-12 08:35:59.174036+00:00,2.2584871
2025-08-12 08:36:12.008797+00:00,2.2584873
2025-08-12 08:36:25.200221+00:00,2.2584878
2025-08-12 08:36:38.127337+00:00,2.2584868
2025-08-12 08:36:50.668628+00:00,2.2584875
2025-08-12 08:37:04.124085+00:00,2.2584872
2025-08-12 08:37:16.383573+00:00,2.2584873
2025-08-12 08:37:30.332007+00:00,2.2584874
2025-08-12 08:37:42.545486+00:00,2.2584871
2025-08-12 08:37:55.047585+00:00,2.2584871
2025-08-12 08:38:07.897114+00:00,2.2584878
2025-08-12 08:38:21.078941+00:00,2.2584871
2025-08-12 08:38:33.727758+00:00,2.2584869
2025-08-12 08:38:46.464466+00:00,2.2584878
2025-08-12 08:38:59.943783+00:00,2.2584879
2025-08-12 08:39:11.888043+00:00,2.2584874
2025-08-12 08:39:24.569769+00:00,2.2584878
2025-08-12 08:39:37.244248+00:00,2.2584879
2025-08-12 08:39:50.272953+00:00,2.258487
2025-08-12 08:40:03.050477+00:00,2.2584877
2025-08-12 08:40:15.981563+00:00,2.2584874
2025-08-12 08:40:29.654420+00:00,2.2584873
2025-08-12 08:40:40.815839+00:00,2.258488
2025-08-12 08:40:54.353007+00:00,2.2584872
2025-08-12 08:41:10.224581+00:00,2.258488
2025-08-12 08:41:19.708696+00:00,2.2584873
2025-08-12 08:41:32.809837+00:00,2.2584873
2025-08-12 08:41:45.384077+00:00,2.2584871
2025-08-12 08:41:58.024082+00:00,2.2584876
2025-08-12 08:42:10.876049+00:00,2.2584878
2025-08-12 08:42:23.457750+00:00,2.2584872
2025-08-12 08:42:36.201266+00:00,2.2584874
2025-08-12 08:42:49.046829+00:00,2.258488
2025-08-12 08:43:02.149450+00:00,2.2584877
2025-08-12 08:43:16.706569+00:00,2.2584872
2025-08-12 08:43:27.993395+00:00,2.2584874
2025-08-12 08:43:40.932670+00:00,2.2584872
2025-08-12 08:43:53.644020+00:00,2.2584869
2025-08-12 08:44:07.234331+00:00,2.2584878
2025-08-12 08:44:19.907119+00:00,2.2584878
2025-08-12 08:44:31.829898+00:00,2.2584874
2025-08-12 08:44:46.049407+00:00,2.2584878
2025-08-12 08:44:57.524486+00:00,2.2584873
2025-08-12 08:45:10.146717+00:00,2.2584879
2025-08-12 08:45:23.212386+00:00,2.2584875
2025-08-12 08:45:36.161066+00:00,2.2584872
2025-08-12 08:45:49.712820+00:00,2.2584873
2025-08-12 08:46:01.482097+00:00,2.2584882
2025-08-12 08:46:14.431848+00:00,2.2584876
2025-08-12 08:46:28.276720+00:00,2.2584878
2025-08-12 08:46:40.212566+00:00,2.2584871
2025-08-12 08:46:53.785887+00:00,2.2584875
2025-08-12 08:47:07.589681+00:00,2.2584877
2025-08-12 08:47:19.279113+00:00,2.2584872
2025-08-12 08:47:32.315555+00:00,2.2584876
2025-08-12 08:47:47.572379+00:00,2.2584873
2025-08-12 08:47:58.620222+00:00,2.2584877
2025-08-12 08:48:11.348541+00:00,2.2584874
2025-08-12 08:48:24.492542+00:00,2.2584878
2025-08-12 08:48:36.935812+00:00,2.2584875
2025-08-12 08:48:50.844579+00:00,2.2584873
2025-08-12 08:49:02.801909+00:00,2.2584867
2025-08-12 08:49:15.652999+00:00,2.2584873
2025-08-12 08:49:28.764277+00:00,2.2584875
2025-08-12 08:49:41.343750+00:00,2.2584879
2025-08-12 08:49:54.452691+00:00,2.2584869
2025-08-12 08:50:07.162757+00:00,2.2584875
2025-08-12 08:50:20.029885+00:00,2.258487
2025-08-12 08:50:32.549011+00:00,2.258487
2025-08-12 08:50:47.826720+00:00,2.2584871
2025-08-12 08:50:57.703332+00:00,2.2584874
2025-08-12 08:51:10.556517+00:00,2.2584877
2025-08-12 08:51:23.256995+00:00,2.2584871
2025-08-12 08:51:37.737349+00:00,2.2584869
2025-08-12 08:51:48.900583+00:00,2.2584872
2025-08-12 08:52:01.895927+00:00,2.258488
2025-08-12 08:52:14.781452+00:00,2.258488
2025-08-12 08:52:27.606187+00:00,2.2584872
2025-08-12 08:52:40.427110+00:00,2.2584875
2025-08-12 08:52:53.152105+00:00,2.2584874
2025-08-12 08:53:06.139267+00:00,2.258487
2025-08-12 08:53:19.648376+00:00,2.2584874
2025-08-12 08:53:32.587935+00:00,2.2584879
2025-08-12 08:53:44.382872+00:00,2.2584871
2025-08-12 08:53:57.301633+00:00,2.2584878
2025-08-12 08:54:10.332877+00:00,2.2584877
2025-08-12 08:54:23.024939+00:00,2.2584874
2025-08-12 08:54:35.996849+00:00,2.2584878
2025-08-12 08:54:49.141918+00:00,2.2584877
2025-08-12 08:55:02.074511+00:00,2.2584873
2025-08-12 08:55:14.173438+00:00,2.2584877
2025-08-12 08:55:26.896633+00:00,2.2584869
2025-08-12 08:55:39.713387+00:00,2.2584871
2025-08-12 08:55:52.442161+00:00,2.2584871
2025-08-12 08:56:05.212986+00:00,2.2584868
2025-08-12 08:56:18.053324+00:00,2.2584876
2025-08-12 08:56:31.852888+00:00,2.2584874
2025-08-12 08:56:43.385457+00:00,2.2584877
2025-08-12 08:56:58.017583+00:00,2.2584878
2025-08-12 08:57:09.352596+00:00,2.2584874
2025-08-12 08:57:22.222450+00:00,2.2584875
2025-08-12 08:57:35.284912+00:00,2.2584874
2025-08-12 08:57:49.088308+00:00,2.2584875
2025-08-12 08:58:01.566537+00:00,2.2584878
2025-08-12 08:58:14.546844+00:00,2.2584876
2025-08-12 08:58:28.173792+00:00,2.2584873
2025-08-12 08:58:41.810967+00:00,2.2584874
2025-08-12 08:58:55.004287+00:00,2.2584879
2025-08-12 08:59:06.598573+00:00,2.2584873
2025-08-12 08:59:20.291017+00:00,2.2584872
2025-08-12 08:59:32.154017+00:00,2.2584877
2025-08-12 08:59:45.015379+00:00,2.258488
2025-08-12 08:59:58.823354+00:00,2.2584877
2025-08-12 09:00:11.556524+00:00,2.2584878
2025-08-12 09:00:24.236963+00:00,2.2584873
2025-08-12 09:00:36.866767+00:00,2.2584873
2025-08-12 09:00:49.846956+00:00,2.2584877
2025-08-12 09:01:02.538560+00:00,2.2584871
2025-08-12 09:01:15.333999+00:00,2.2584872
2025-08-12 09:01:27.747039+00:00,2.2584875
2025-08-12 09:01:40.456214+00:00,2.258487
2025-08-12 09:01:53.841125+00:00,2.2584877
2025-08-12 09:02:06.389958+00:00,2.2584874
2025-08-12 09:02:18.944239+00:00,2.2584876
2025-08-12 09:02:31.996876+00:00,2.2584877
2025-08-12 09:02:46.847954+00:00,2.2584873
2025-08-12 09:02:57.579418+00:00,2.258487
2025-08-12 09:03:10.693563+00:00,2.2584876
2025-08-12 09:03:24.769416+00:00,2.2584872
2025-08-12 09:03:36.209693+00:00,2.2584871
2025-08-12 09:03:48.926240+00:00,2.2584873
2025-08-12 09:04:01.771778+00:00,2.2584878
2025-08-12 09:04:14.486981+00:00,2.2584874
2025-08-12 09:04:27.352734+00:00,2.2584872
2025-08-12 09:04:40.135594+00:00,2.2584873
2025-08-12 09:04:53.194591+00:00,2.2584872
2025-08-12 09:05:06.155711+00:00,2.2584873
2025-08-12 09:05:18.752860+00:00,2.2584876
2025-08-12 09:05:31.497097+00:00,2.2584874
2025-08-12 09:05:44.299240+00:00,2.2584872
2025-08-12 09:05:58.139847+00:00,2.2584877
2025-08-12 09:06:09.856003+00:00,2.2584877
2025-08-12 09:06:24.725080+00:00,2.2584875
2025-08-12 09:06:35.351829+00:00,2.2584878
2025-08-12 09:06:48.171353+00:00,2.2584874
2025-08-12 09:07:00.860954+00:00,2.2584869
2025-08-12 09:07:13.889181+00:00,2.2584873
2025-08-12 09:07:26.549234+00:00,2.2584873
2025-08-12 09:07:39.681751+00:00,2.2584868
2025-08-12 09:07:53.973963+00:00,2.2584873
2025-08-12 09:08:06.551395+00:00,2.2584875
2025-08-12 09:08:18.795036+00:00,2.2584872
2025-08-12 09:08:31.458478+00:00,2.2584875
2025-08-12 09:08:44.630272+00:00,2.2584873
2025-08-12 09:08:57.561972+00:00,2.2584879
2025-08-12 09:09:10.262795+00:00,2.2584879
2025-08-12 09:09:23.109056+00:00,2.2584878
2025-08-12 09:09:35.972740+00:00,2.258488
2025-08-12 09:09:49.462860+00:00,2.2584875
2025-08-12 09:10:02.191589+00:00,2.2584878
2025-08-12 09:10:14.819827+00:00,2.258487
2025-08-12 09:10:27.721057+00:00,2.2584872
2025-08-12 09:10:41.622285+00:00,2.2584871
2025-08-12 09:10:54.788257+00:00,2.258487
2025-08-12 09:11:06.381079+00:00,2.2584874
2025-08-12 09:11:19.468753+00:00,2.2584878
2025-08-12 09:11:32.114487+00:00,2.2584875
2025-08-12 09:11:44.234746+00:00,2.2584879
2025-08-12 09:11:57.292933+00:00,2.2584875
2025-08-12 09:12:09.827129+00:00,2.2584871
2025-08-12 09:12:22.579914+00:00,2.2584867
2025-08-12 09:12:36.076529+00:00,2.258487
2025-08-12 09:12:49.356793+00:00,2.2584869
2025-08-12 09:13:01.165786+00:00,2.2584871
2025-08-12 09:13:13.741943+00:00,2.2584871
2025-08-12 09:13:26.833780+00:00,2.2584871
2025-08-12 09:13:39.392456+00:00,2.2584872
2025-08-12 09:13:52.254683+00:00,2.2584878
2025-08-12 09:14:05.050499+00:00,2.2584876
2025-08-12 09:14:18.386380+00:00,2.2584867
2025-08-12 09:14:32.192594+00:00,2.2584872
2025-08-12 09:14:45.374962+00:00,2.2584868
2025-08-12 09:14:56.809014+00:00,2.2584869
2025-08-12 09:15:09.141785+00:00,2.2584865
2025-08-12 09:15:22.368927+00:00,2.2584875
2025-08-12 09:15:35.641589+00:00,2.2584874
2025-08-12 09:15:47.969698+00:00,2.2584872
2025-08-12 09:16:00.432411+00:00,2.2584877
2025-08-12 09:16:13.368144+00:00,2.2584878
2025-08-12 09:16:26.397771+00:00,2.2584875
2025-08-12 09:16:38.645168+00:00,2.2584873
2025-08-12 09:16:51.913050+00:00,2.2584878
2025-08-12 09:17:04.662656+00:00,2.2584869
2025-08-12 09:17:17.038342+00:00,2.2584873
2025-08-12 09:17:29.869076+00:00,2.2584872
2025-08-12 09:17:42.862312+00:00,2.2584877
2025-08-12 09:17:55.768367+00:00,2.2584873
2025-08-12 09:18:09.220486+00:00,2.2584876
2025-08-12 09:18:22.141233+00:00,2.2584875
2025-08-12 09:18:35.239064+00:00,2.2584877
2025-08-12 09:18:47.945095+00:00,2.2584878
2025-08-12 09:19:01.033205+00:00,2.2584876
2025-08-12 09:19:13.791052+00:00,2.2584871
2025-08-12 09:19:26.664864+00:00,2.258487
2025-08-12 09:19:39.500548+00:00,2.2584874
2025-08-12 09:19:52.686075+00:00,2.258487
2025-08-12 09:20:05.592348+00:00,2.2584875
2025-08-12 09:20:19.769738+00:00,2.2584874
2025-08-12 09:20:31.199878+00:00,2.2584873
2025-08-12 09:20:44.150687+00:00,2.2584878
2025-08-12 09:20:58.072868+00:00,2.2584874
2025-08-12 09:21:09.906721+00:00,2.2584874
2025-08-12 09:21:22.576495+00:00,2.2584878
2025-08-12 09:21:35.621490+00:00,2.2584874
2025-08-12 09:21:49.797016+00:00,2.2584878
2025-08-12 09:22:00.730494+00:00,2.2584871
2025-08-12 09:22:13.257799+00:00,2.2584872
2025-08-12 09:22:26.093705+00:00,2.2584875
2025-08-12 09:22:40.430160+00:00,2.2584875
2025-08-12 09:22:51.860591+00:00,2.2584873
2025-08-12 09:23:04.343492+00:00,2.2584875
2025-08-12 09:23:17.346276+00:00,2.2584874
2025-08-12 09:23:29.819825+00:00,2.2584871
2025-08-12 09:23:42.483003+00:00,2.2584873
2025-08-12 09:23:55.352190+00:00,2.2584874
2025-08-12 09:24:08.536883+00:00,2.2584871
2025-08-12 09:24:20.672855+00:00,2.2584876
2025-08-12 09:24:33.720667+00:00,2.2584876
2025-08-12 09:24:47.077676+00:00,2.2584872
2025-08-12 09:24:59.508670+00:00,2.2584876
2025-08-12 09:25:12.279902+00:00,2.2584874
2025-08-12 09:25:25.418725+00:00,2.258487
2025-08-12 09:25:37.932634+00:00,2.2584873
2025-08-12 09:25:50.185829+00:00,2.2584879
2025-08-12 09:26:03.121086+00:00,2.2584872
2025-08-12 09:26:15.898376+00:00,2.2584872
2025-08-12 09:26:28.532627+00:00,2.2584878
2025-08-12 09:26:41.300624+00:00,2.2584873
2025-08-12 09:26:54.276482+00:00,2.2584879
2025-08-12 09:27:08.308840+00:00,2.2584873
2025-08-12 09:27:20.449874+00:00,2.2584875
2025-08-12 09:27:33.216928+00:00,2.2584867
2025-08-12 09:27:46.637524+00:00,2.2584873
2025-08-12 09:27:59.164491+00:00,2.2584876
2025-08-12 09:28:13.824500+00:00,2.2584871
2025-08-12 09:28:25.391483+00:00,2.2584877
2025-08-12 09:28:38.207524+00:00,2.2584872
2025-08-12 09:28:55.991572+00:00,2.2584869
2025-08-12 09:29:03.982060+00:00,2.258487
2025-08-12 09:29:17.070492+00:00,2.2584875
2025-08-12 09:29:29.749120+00:00,2.258487
2025-08-12 09:29:42.885578+00:00,2.2584868
2025-08-12 09:29:55.724669+00:00,2.2584874
2025-08-12 09:30:08.727282+00:00,2.2584872
2025-08-12 09:30:22.173197+00:00,2.2584877
2025-08-12 09:30:34.676372+00:00,2.2584871
2025-08-12 09:30:47.469292+00:00,2.2584877
2025-08-12 09:31:00.216070+00:00,2.2584877
2025-08-12 09:31:13.884795+00:00,2.258487
2025-08-12 09:31:25.740888+00:00,2.2584874
2025-08-12 09:31:38.496846+00:00,2.2584875
2025-08-12 09:31:51.321339+00:00,2.2584876
2025-08-12 09:32:04.964932+00:00,2.2584873
2025-08-12 09:32:18.851634+00:00,2.2584872
2025-08-12 09:32:29.227662+00:00,2.2584874
2025-08-12 09:32:41.771310+00:00,2.2584878
2025-08-12 09:32:54.502210+00:00,2.2584872
2025-08-12 09:33:07.422737+00:00,2.2584871
2025-08-12 09:33:20.389979+00:00,2.2584869
2025-08-12 09:33:33.191039+00:00,2.2584868
2025-08-12 09:33:46.843183+00:00,2.2584874
2025-08-12 09:33:58.959444+00:00,2.2584873
2025-08-12 09:34:11.796430+00:00,2.2584875
2025-08-12 09:34:24.571750+00:00,2.2584875
2025-08-12 09:34:37.300390+00:00,2.2584874
2025-08-12 09:34:50.575048+00:00,2.2584873
2025-08-12 09:35:02.807304+00:00,2.2584876
2025-08-12 09:35:15.590419+00:00,2.2584871
2025-08-12 09:35:28.451776+00:00,2.2584876
2025-08-12 09:35:41.351993+00:00,2.2584874
2025-08-12 09:35:54.237039+00:00,2.2584874
2025-08-12 09:36:06.933847+00:00,2.2584874
2025-08-12 09:36:19.631022+00:00,2.2584873
2025-08-12 09:36:33.234977+00:00,2.2584874
2025-08-12 09:36:45.097829+00:00,2.2584877
2025-08-12 09:36:57.936628+00:00,2.2584872
2025-08-12 09:37:11.734182+00:00,2.2584874
2025-08-12 09:37:23.711544+00:00,2.2584869
2025-08-12 09:37:36.675504+00:00,2.2584873
2025-08-12 09:37:50.423536+00:00,2.2584878
2025-08-12 09:38:02.760000+00:00,2.2584872
2025-08-12 09:38:15.881855+00:00,2.2584875
2025-08-12 09:38:28.488112+00:00,2.2584871
2025-08-12 09:38:43.463191+00:00,2.2584876
2025-08-12 09:38:54.749438+00:00,2.2584875
2025-08-12 09:39:07.620698+00:00,2.2584869
2025-08-12 09:39:20.437445+00:00,2.2584867
2025-08-12 09:39:33.425382+00:00,2.2584871
2025-08-12 09:39:46.539427+00:00,2.2584873
2025-08-12 09:39:59.140258+00:00,2.258487
2025-08-12 09:40:12.820039+00:00,2.2584871
2025-08-12 09:40:25.468895+00:00,2.2584872
2025-08-12 09:40:37.907367+00:00,2.2584872
2025-08-12 09:40:50.937849+00:00,2.2584879
2025-08-12 09:41:05.692299+00:00,2.2584869
2025-08-12 09:41:16.904895+00:00,2.2584875
2025-08-12 09:41:30.121063+00:00,2.258487
2025-08-12 09:41:43.652071+00:00,2.2584875
2025-08-12 09:41:55.171991+00:00,2.2584874
2025-08-12 09:42:08.017132+00:00,2.2584872
2025-08-12 09:42:20.775590+00:00,2.2584868
2025-08-12 09:42:33.341119+00:00,2.258487
2025-08-12 09:42:45.944640+00:00,2.2584875
2025-08-12 09:42:58.709025+00:00,2.2584868
2025-08-12 09:43:13.325232+00:00,2.2584871
2025-08-12 09:43:24.518791+00:00,2.2584872
2025-08-12 09:43:37.357142+00:00,2.258487
2025-08-12 09:43:51.820405+00:00,2.2584873
2025-08-12 09:44:02.976080+00:00,2.2584876
2025-08-12 09:44:15.811961+00:00,2.2584873
2025-08-12 09:44:29.391137+00:00,2.2584875
2025-08-12 09:44:42.384244+00:00,2.2584874
2025-08-12 09:44:54.401863+00:00,2.258487
2025-08-12 09:45:07.345675+00:00,2.2584869
2025-08-12 09:45:23.145227+00:00,2.258487
2025-08-12 09:45:32.908834+00:00,2.2584874
2025-08-12 09:45:46.459520+00:00,2.2584877
2025-08-12 09:45:58.474230+00:00,2.2584879
2025-08-12 09:46:11.236010+00:00,2.2584876
2025-08-12 09:46:23.939359+00:00,2.2584877
2025-08-12 09:46:37.158710+00:00,2.2584876
2025-08-12 09:46:50.594434+00:00,2.2584876
2025-08-12 09:47:04.269325+00:00,2.2584876
2025-08-12 09:47:15.780359+00:00,2.2584868
2025-08-12 09:47:29.017230+00:00,2.2584869
2025-08-12 09:47:42.105627+00:00,2.2584875
2025-08-12 09:47:53.790152+00:00,2.2584871
2025-08-12 09:48:07.408286+00:00,2.2584871
2025-08-12 09:48:20.088413+00:00,2.2584878
2025-08-12 09:48:33.631947+00:00,2.2584876
2025-08-12 09:48:46.790595+00:00,2.2584873
2025-08-12 09:48:58.961304+00:00,2.258487
2025-08-12 09:49:12.091147+00:00,2.2584875
2025-08-12 09:49:25.040173+00:00,2.2584877
2025-08-12 09:49:37.881122+00:00,2.2584875
2025-08-12 09:49:51.023711+00:00,2.2584877
2025-08-12 09:50:04.058276+00:00,2.2584873
2025-08-12 09:50:16.546905+00:00,2.2584873
2025-08-12 09:50:29.438257+00:00,2.258488
2025-08-12 09:50:42.994896+00:00,2.2584876
2025-08-12 09:50:55.228013+00:00,2.2584874
2025-08-12 09:51:08.634176+00:00,2.2584869
2025-08-12 09:51:21.370934+00:00,2.2584869
2025-08-12 09:51:33.957293+00:00,2.2584868
2025-08-12 09:51:46.921745+00:00,2.2584874
2025-08-12 09:51:59.639484+00:00,2.2584876
2025-08-12 09:52:12.492930+00:00,2.2584877
2025-08-12 09:52:25.111318+00:00,2.2584875
2025-08-12 09:52:37.675046+00:00,2.2584873
2025-08-12 09:52:50.653135+00:00,2.2584869
2025-08-12 09:53:03.209013+00:00,2.2584876
2025-08-12 09:53:15.936274+00:00,2.2584872
2025-08-12 09:53:28.786159+00:00,2.2584877
2025-08-12 09:53:42.236289+00:00,2.2584873
2025-08-12 09:53:54.512018+00:00,2.2584877
2025-08-12 09:54:07.512706+00:00,2.2584871
2025-08-12 09:54:20.349357+00:00,2.2584873
2025-08-12 09:54:33.273693+00:00,2.2584876
2025-08-12 09:54:46.563423+00:00,2.2584871
2025-08-12 09:54:58.771840+00:00,2.2584872
2025-08-12 09:55:12.058068+00:00,2.2584864
2025-08-12 09:55:24.806209+00:00,2.2584875
2025-08-12 09:55:37.749058+00:00,2.2584866
2025-08-12 09:55:51.598907+00:00,2.258487
2025-08-12 09:56:03.429418+00:00,2.2584876
2025-08-12 09:56:17.296188+00:00,2.2584874
2025-08-12 09:56:28.836823+00:00,2.2584875
2025-08-12 09:56:42.117087+00:00,2.2584874
2025-08-12 09:56:54.599401+00:00,2.2584869
2025-08-12 09:57:08.044137+00:00,2.2584876
2025-08-12 09:57:20.153028+00:00,2.258487
2025-08-12 09:57:33.011956+00:00,2.2584875
2025-08-12 09:57:47.288268+00:00,2.2584879
2025-08-12 09:57:58.553627+00:00,2.2584877
2025-08-12 09:58:11.415797+00:00,2.2584867
2025-08-12 09:58:24.269099+00:00,2.2584873
2025-08-12 09:58:37.420574+00:00,2.2584875
2025-08-12 09:58:50.085545+00:00,2.2584868
2025-08-12 09:59:03.266074+00:00,2.2584874
2025-08-12 09:59:16.235014+00:00,2.2584877
2025-08-12 09:59:29.480573+00:00,2.2584874
2025-08-12 09:59:42.652943+00:00,2.2584869
2025-08-12 09:59:55.217936+00:00,2.2584879
2025-08-12 10:00:08.241384+00:00,2.2584868
2025-08-12 10:00:22.100871+00:00,2.2584875
2025-08-12 10:00:34.300215+00:00,2.2584871
2025-08-12 10:00:47.114750+00:00,2.2584874
2025-08-12 10:00:59.822153+00:00,2.2584876
2025-08-12 10:01:12.779774+00:00,2.2584871
2025-08-12 10:01:25.562045+00:00,2.2584869
2025-08-12 10:01:38.655968+00:00,2.2584869
2025-08-12 10:01:51.381681+00:00,2.2584875
2025-08-12 10:02:06.432375+00:00,2.2584874
2025-08-12 10:02:17.316410+00:00,2.2584878
2025-08-12 10:02:30.436699+00:00,2.2584876
2025-08-12 10:02:42.882051+00:00,2.2584876
2025-08-12 10:02:55.131394+00:00,2.2584872
2025-08-12 10:03:10.308030+00:00,2.2584872
2025-08-12 10:03:20.774392+00:00,2.2584876
2025-08-12 10:03:34.308502+00:00,2.2584871
2025-08-12 10:03:47.442104+00:00,2.2584875
2025-08-12 10:04:04.410294+00:00,2.2584873
2025-08-12 10:04:12.605207+00:00,2.2584877
2025-08-12 10:04:25.622921+00:00,2.2584872
2025-08-12 10:04:38.130197+00:00,2.2584868
2025-08-12 10:04:50.871888+00:00,2.2584873
2025-08-12 10:05:03.937532+00:00,2.258487
2025-08-12 10:05:16.825216+00:00,2.2584874
2025-08-12 10:05:29.694550+00:00,2.2584879
2025-08-12 10:05:42.902957+00:00,2.2584871
2025-08-12 10:05:55.175900+00:00,2.2584876
2025-08-12 10:06:08.015675+00:00,2.2584872
2025-08-12 10:06:20.861343+00:00,2.2584876
2025-08-12 10:06:33.622875+00:00,2.2584878
2025-08-12 10:06:48.117456+00:00,2.2584873
2025-08-12 10:07:00.405409+00:00,2.258487
2025-08-12 10:07:12.843058+00:00,2.2584874
2025-08-12 10:07:24.756252+00:00,2.2584873
2025-08-12 10:07:37.495118+00:00,2.2584874
2025-08-12 10:07:50.526256+00:00,2.2584872
2025-08-12 10:08:04.198252+00:00,2.258487
2025-08-12 10:08:16.527429+00:00,2.2584871
2025-08-12 10:08:30.393125+00:00,2.2584872
2025-08-12 10:08:42.509190+00:00,2.2584873
2025-08-12 10:08:55.559902+00:00,2.258487
2025-08-12 10:09:08.886868+00:00,2.2584872
2025-08-12 10:09:21.567370+00:00,2.2584877
2025-08-12 10:09:34.586228+00:00,2.2584868
2025-08-12 10:09:47.672251+00:00,2.2584878
2025-08-12 10:10:00.508016+00:00,2.258487
2025-08-12 10:10:13.954240+00:00,2.2584876
2025-08-12 10:10:26.840072+00:00,2.2584876
2025-08-12 10:10:39.434831+00:00,2.2584879
2025-08-12 10:10:52.124710+00:00,2.2584876
2025-08-12 10:11:05.431624+00:00,2.2584873
2025-08-12 10:11:18.525128+00:00,2.2584872
2025-08-12 10:11:31.813533+00:00,2.2584878
2025-08-12 10:11:43.757463+00:00,2.258487
2025-08-12 10:11:56.705507+00:00,2.2584873
2025-08-12 10:12:10.179484+00:00,2.2584871
2025-08-12 10:12:22.339835+00:00,2.2584873
2025-08-12 10:12:34.649331+00:00,2.258487
2025-08-12 10:12:47.353364+00:00,2.2584875
2025-08-12 10:13:00.120774+00:00,2.2584873
2025-08-12 10:13:13.106296+00:00,2.2584876
2025-08-12 10:13:25.862109+00:00,2.2584878
2025-08-12 10:13:39.288395+00:00,2.2584871
2025-08-12 10:13:51.841416+00:00,2.2584876
2025-08-12 10:14:06.651593+00:00,2.2584871
2025-08-12 10:14:18.702478+00:00,2.2584876
2025-08-12 10:14:30.326180+00:00,2.2584868
2025-08-12 10:14:43.635063+00:00,2.2584871
2025-08-12 10:14:55.760648+00:00,2.2584876
2025-08-12 10:15:09.143099+00:00,2.258487
2025-08-12 10:15:21.517653+00:00,2.2584876
2025-08-12 10:15:34.912796+00:00,2.2584872
2025-08-12 10:15:47.632808+00:00,2.2584871
2025-08-12 10:16:00.132203+00:00,2.2584873
2025-08-12 10:16:13.848638+00:00,2.2584868
2025-08-12 10:16:26.059096+00:00,2.2584873
2025-08-12 10:16:38.629483+00:00,2.258487
2025-08-12 10:16:52.842368+00:00,2.2584871
2025-08-12 10:17:04.429546+00:00,2.2584867
2025-08-12 10:17:16.968727+00:00,2.2584877
2025-08-12 10:17:29.924461+00:00,2.2584868
2025-08-12 10:17:42.847896+00:00,2.2584876
2025-08-12 10:17:55.846886+00:00,2.2584878
2025-08-12 10:18:08.488222+00:00,2.2584876
2025-08-12 10:18:22.157573+00:00,2.2584872
2025-08-12 10:18:34.797940+00:00,2.2584872
2025-08-12 10:18:46.739851+00:00,2.2584874
2025-08-12 10:18:59.879099+00:00,2.2584871
2025-08-12 10:19:12.560529+00:00,2.258487
2025-08-12 10:19:25.813560+00:00,2.2584876
2025-08-12 10:19:39.261087+00:00,2.2584877
2025-08-12 10:19:51.545406+00:00,2.2584874
2025-08-12 10:20:05.699398+00:00,2.2584879
2025-08-12 10:20:17.668689+00:00,2.2584879
2025-08-12 10:20:31.060692+00:00,2.2584872
2025-08-12 10:20:43.666288+00:00,2.2584867
2025-08-12 10:20:56.590887+00:00,2.2584876
2025-08-12 10:21:10.036231+00:00,2.2584873
2025-08-12 10:21:22.581808+00:00,2.2584869
2025-08-12 10:21:35.349400+00:00,2.2584874
2025-08-12 10:21:48.936898+00:00,2.2584874
2025-08-12 10:22:01.197841+00:00,2.2584871
2025-08-12 10:22:13.914303+00:00,2.2584869
2025-08-12 10:22:26.860298+00:00,2.2584878
2025-08-12 10:22:39.630485+00:00,2.2584874
2025-08-12 10:22:52.369084+00:00,2.2584871
2025-08-12 10:23:05.005254+00:00,2.2584869
2025-08-12 10:23:17.713925+00:00,2.2584876
2025-08-12 10:23:30.970424+00:00,2.2584868
2025-08-12 10:23:42.929897+00:00,2.2584877
2025-08-12 10:23:55.639978+00:00,2.2584868
2025-08-12 10:24:08.615940+00:00,2.2584873
2025-08-12 10:24:21.381272+00:00,2.2584874
2025-08-12 10:24:36.459010+00:00,2.2584876
2025-08-12 10:24:47.469084+00:00,2.2584877
2025-08-12 10:25:00.767264+00:00,2.2584866
2025-08-12 10:25:13.869096+00:00,2.2584872
2025-08-12 10:25:26.130875+00:00,2.2584876
2025-08-12 10:25:39.063899+00:00,2.2584875
2025-08-12 10:25:51.624307+00:00,2.2584871
2025-08-12 10:26:04.679830+00:00,2.2584873
2025-08-12 10:26:17.252388+00:00,2.2584872
2025-08-12 10:26:30.205728+00:00,2.2584869
2025-08-12 10:26:42.947450+00:00,2.2584876
2025-08-12 10:26:55.714275+00:00,2.258488
2025-08-12 10:27:09.022748+00:00,2.2584875
2025-08-12 10:27:21.722950+00:00,2.2584875
2025-08-12 10:27:35.337605+00:00,2.2584871
2025-08-12 10:27:46.746589+00:00,2.2584873
2025-08-12 10:27:59.597666+00:00,2.2584873
2025-08-12 10:28:12.545545+00:00,2.2584874
2025-08-12 10:28:25.815850+00:00,2.2584868
2025-08-12 10:28:38.832257+00:00,2.2584875
2025-08-12 10:28:50.646327+00:00,2.2584869
2025-08-12 10:29:03.426876+00:00,2.2584865
2025-08-12 10:29:16.171752+00:00,2.2584868
2025-08-12 10:29:29.387766+00:00,2.2584868
2025-08-12 10:29:42.043865+00:00,2.2584875
2025-08-12 10:29:55.064239+00:00,2.2584869
2025-08-12 10:30:08.127203+00:00,2.2584873
2025-08-12 10:30:21.509120+00:00,2.2584872
2025-08-12 10:30:34.217236+00:00,2.258487
2025-08-12 10:30:50.126478+00:00,2.2584875
2025-08-12 10:31:00.651268+00:00,2.2584872
2025-08-12 10:31:13.092546+00:00,2.258487
2025-08-12 10:31:28.341835+00:00,2.2584877
2025-08-12 10:31:39.360086+00:00,2.2584872
2025-08-12 10:31:51.972435+00:00,2.2584873
2025-08-12 10:32:04.950246+00:00,2.2584873
2025-08-12 10:32:17.866185+00:00,2.2584875
2025-08-12 10:32:32.124539+00:00,2.2584867
2025-08-12 10:32:43.697169+00:00,2.2584869
2025-08-12 10:32:56.737490+00:00,2.2584869
2025-08-12 10:33:09.789154+00:00,2.2584876
2025-08-12 10:33:24.653811+00:00,2.2584878
2025-08-12 10:33:35.264713+00:00,2.2584876
2025-08-12 10:33:48.444430+00:00,2.2584868
2025-08-12 10:34:01.380488+00:00,2.2584876
2025-08-12 10:34:13.238237+00:00,2.2584868
2025-08-12 10:34:26.508230+00:00,2.2584873
2025-08-12 10:34:38.389249+00:00,2.2584873
2025-08-12 10:34:51.712970+00:00,2.2584877
2025-08-12 10:35:04.446728+00:00,2.2584876
2025-08-12 10:35:16.695069+00:00,2.2584871
2025-08-12 10:35:29.341565+00:00,2.2584873
2025-08-12 10:35:42.795998+00:00,2.2584869
2025-08-12 10:35:55.929784+00:00,2.2584874
2025-08-12 10:36:08.484250+00:00,2.2584871
2025-08-12 10:36:20.686222+00:00,2.2584874
2025-08-12 10:36:34.231709+00:00,2.2584869
2025-08-12 10:36:46.917451+00:00,2.2584874
2025-08-12 10:37:00.013258+00:00,2.2584871
2025-08-12 10:37:12.050288+00:00,2.2584871
2025-08-12 10:37:24.769333+00:00,2.2584868
2025-08-12 10:37:38.082821+00:00,2.2584875
2025-08-12 10:37:50.300977+00:00,2.258487
2025-08-12 10:38:03.123065+00:00,2.2584871
2025-08-12 10:38:16.539216+00:00,2.2584868
2025-08-12 10:38:29.444978+00:00,2.2584869
2025-08-12 10:38:41.480042+00:00,2.258487
2025-08-12 10:38:54.192764+00:00,2.2584876
2025-08-12 10:39:07.213388+00:00,2.2584875
2025-08-12 10:39:20.188973+00:00,2.2584876
2025-08-12 10:39:33.360276+00:00,2.2584868
2025-08-12 10:39:46.027499+00:00,2.2584875
2025-08-12 10:39:59.445382+00:00,2.258487
2025-08-12 10:40:12.452822+00:00,2.2584867
2025-08-12 10:40:25.235944+00:00,2.2584868
2025-08-12 10:40:38.491835+00:00,2.2584871
2025-08-12 10:40:52.184687+00:00,2.2584871
2025-08-12 10:41:04.701904+00:00,2.2584877
2025-08-12 10:41:18.409906+00:00,2.2584871
2025-08-12 10:41:30.301205+00:00,2.258488
2025-08-12 10:41:43.114261+00:00,2.2584872
2025-08-12 10:41:55.976294+00:00,2.2584871
2025-08-12 10:42:09.365052+00:00,2.2584876
2025-08-12 10:42:21.800116+00:00,2.2584871
2025-08-12 10:42:34.727572+00:00,2.2584873
2025-08-12 10:42:47.734817+00:00,2.2584867
2025-08-12 10:43:01.075280+00:00,2.2584872
2025-08-12 10:43:13.522988+00:00,2.2584872
2025-08-12 10:43:26.438925+00:00,2.2584876
2025-08-12 10:43:39.507269+00:00,2.2584867
2025-08-12 10:43:52.697954+00:00,2.2584865
2025-08-12 10:44:04.878053+00:00,2.2584876
2025-08-12 10:44:30.162110+00:00,2.2584872
2025-08-12 10:44:43.080834+00:00,2.2584876
2025-08-12 10:44:57.028795+00:00,2.2584871
2025-08-12 10:45:08.702680+00:00,2.2584873
2025-08-12 10:45:22.224809+00:00,2.2584869
2025-08-12 10:45:35.336143+00:00,2.2584873
2025-08-12 10:45:48.477842+00:00,2.2584869
2025-08-12 10:45:59.685305+00:00,2.2584869
2025-08-12 10:46:12.828592+00:00,2.2584872
2025-08-12 10:46:25.957619+00:00,2.2584871
2025-08-12 10:46:38.536800+00:00,2.2584879
2025-08-12 10:46:51.935979+00:00,2.2584873
2025-08-12 10:47:04.284549+00:00,2.2584873
2025-08-12 10:47:17.167964+00:00,2.2584874
2025-08-12 10:47:32.837190+00:00,2.2584872
2025-08-12 10:47:42.572314+00:00,2.2584873
2025-08-12 10:47:55.765655+00:00,2.2584871
2025-08-12 10:48:09.257226+00:00,2.2584868
2025-08-12 10:48:20.763060+00:00,2.2584865
2025-08-12 10:48:34.636394+00:00,2.2584872
2025-08-12 10:48:46.532669+00:00,2.2584873
2025-08-12 10:48:59.102776+00:00,2.2584869
2025-08-12 10:49:11.997151+00:00,2.2584868
2025-08-12 10:49:24.769690+00:00,2.2584875
2025-08-12 10:49:37.715701+00:00,2.2584872
2025-08-12 10:49:50.837192+00:00,2.2584875
2025-08-12 10:50:04.124084+00:00,2.2584866
2025-08-12 10:50:16.930464+00:00,2.2584869
2025-08-12 10:50:30.735253+00:00,2.2584872
2025-08-12 10:50:43.114126+00:00,2.2584874
2025-08-12 10:50:56.023022+00:00,2.258487
2025-08-12 10:51:09.170578+00:00,2.2584869
2025-08-12 10:51:21.846482+00:00,2.2584874
2025-08-12 10:51:36.710188+00:00,2.2584873
2025-08-12 10:51:47.854095+00:00,2.2584873
2025-08-12 10:52:00.574753+00:00,2.2584873
2025-08-12 10:52:13.472119+00:00,2.2584875
2025-08-12 10:52:26.413131+00:00,2.2584876
2025-08-12 10:52:39.273647+00:00,2.2584869
2025-08-12 10:52:52.180402+00:00,2.2584871
2025-08-12 10:53:05.202449+00:00,2.2584876
2025-08-12 10:53:17.984200+00:00,2.2584868
2025-08-12 10:53:31.024947+00:00,2.2584875
2025-08-12 10:53:43.932758+00:00,2.2584875
2025-08-12 10:53:56.255740+00:00,2.2584866
2025-08-12 10:54:09.690190+00:00,2.2584869
2025-08-12 10:54:21.561009+00:00,2.2584869
2025-08-12 10:54:34.030398+00:00,2.258488
2025-08-12 10:54:46.988920+00:00,2.2584873
2025-08-12 10:54:59.786267+00:00,2.2584871
2025-08-12 10:55:12.807885+00:00,2.2584866
2025-08-12 10:55:25.623272+00:00,2.258487
2025-08-12 10:55:38.196942+00:00,2.2584876
2025-08-12 10:55:53.456058+00:00,2.2584874
2025-08-12 10:56:05.467423+00:00,2.2584877
2025-08-12 10:56:17.712922+00:00,2.2584874
2025-08-12 10:56:29.901009+00:00,2.258488
2025-08-12 10:56:43.084465+00:00,2.2584875
2025-08-12 10:56:56.319364+00:00,2.2584876
2025-08-12 10:57:08.378705+00:00,2.2584876
2025-08-12 10:57:21.025231+00:00,2.2584868
2025-08-12 10:57:33.709139+00:00,2.2584873
2025-08-12 10:57:47.076587+00:00,2.2584871
2025-08-12 10:57:59.339913+00:00,2.2584877
2025-08-12 10:58:11.956900+00:00,2.2584876
2025-08-12 10:58:25.031875+00:00,2.2584872
2025-08-12 10:58:37.650222+00:00,2.2584874
2025-08-12 10:58:50.987484+00:00,2.2584868
2025-08-12 10:59:03.275104+00:00,2.2584875
2025-08-12 10:59:16.159767+00:00,2.2584876
2025-08-12 10:59:28.809979+00:00,2.2584872
2025-08-12 10:59:41.483776+00:00,2.2584872
2025-08-12 10:59:54.482420+00:00,2.2584875
2025-08-12 11:00:07.465853+00:00,2.2584873
2025-08-12 11:00:21.374302+00:00,2.258487
2025-08-12 11:00:33.563040+00:00,2.2584868
2025-08-12 11:00:46.550689+00:00,2.2584873
2025-08-12 11:00:59.916566+00:00,2.258487
2025-08-12 11:01:12.780176+00:00,2.2584872
2025-08-12 11:01:25.534273+00:00,2.2584877
2025-08-12 11:01:39.180456+00:00,2.2584874
2025-08-12 11:01:51.354045+00:00,2.2584878
2025-08-12 11:02:04.247737+00:00,2.258487
2025-08-12 11:02:17.145591+00:00,2.2584875
2025-08-12 11:02:31.070271+00:00,2.258487
2025-08-12 11:02:43.043969+00:00,2.258487
2025-08-12 11:02:55.844248+00:00,2.2584874
2025-08-12 11:03:09.128164+00:00,2.2584869
2025-08-12 11:03:21.906779+00:00,2.2584874
2025-08-12 11:03:34.625006+00:00,2.2584875
2025-08-12 11:03:48.329465+00:00,2.2584871
2025-08-12 11:04:00.227727+00:00,2.2584872
2025-08-12 11:04:12.959303+00:00,2.2584875
2025-08-12 11:04:25.810462+00:00,2.2584874
2025-08-12 11:04:39.277416+00:00,2.2584875
2025-08-12 11:04:52.762812+00:00,2.2584879
2025-08-12 11:05:04.616269+00:00,2.2584866
2025-08-12 11:05:16.875827+00:00,2.2584874
2025-08-12 11:05:29.484659+00:00,2.2584874
2025-08-12 11:05:42.325478+00:00,2.2584876
2025-08-12 11:05:55.457777+00:00,2.2584874
2025-08-12 11:06:08.308829+00:00,2.2584873
2025-08-12 11:06:21.475250+00:00,2.2584869
2025-08-12 11:06:34.191539+00:00,2.2584869
2025-08-12 11:06:47.082632+00:00,2.2584873
2025-08-12 11:06:59.956405+00:00,2.2584874
2025-08-12 11:07:12.562583+00:00,2.2584874
2025-08-12 11:07:25.439274+00:00,2.2584877
2025-08-12 11:07:38.230429+00:00,2.2584873
2025-08-12 11:07:51.188934+00:00,2.2584872
2025-08-12 11:08:04.097828+00:00,2.2584875
2025-08-12 11:08:17.747353+00:00,2.2584875
2025-08-12 11:08:30.931227+00:00,2.2584869
2025-08-12 11:08:42.575731+00:00,2.258487
2025-08-12 11:08:55.435213+00:00,2.2584873
2025-08-12 11:09:08.193424+00:00,2.258487
2025-08-12 11:09:20.839223+00:00,2.2584869
2025-08-12 11:09:33.627176+00:00,2.2584873
2025-08-12 11:09:46.599586+00:00,2.2584876
2025-08-12 11:09:59.280509+00:00,2.2584873
2025-08-12 11:10:12.136274+00:00,2.258487
2025-08-12 11:10:25.896976+00:00,2.2584873
2025-08-12 11:10:38.025014+00:00,2.2584871
2025-08-12 11:10:50.587812+00:00,2.2584875
2025-08-12 11:11:03.831077+00:00,2.2584875
2025-08-12 11:11:16.918363+00:00,2.258487
2025-08-12 11:11:29.421167+00:00,2.2584875
2025-08-12 11:11:42.310030+00:00,2.2584869
2025-08-12 11:11:56.193406+00:00,2.2584868
2025-08-12 11:12:08.437482+00:00,2.258487
2025-08-12 11:12:21.755224+00:00,2.258487
2025-08-12 11:12:34.440509+00:00,2.2584874
2025-08-12 11:12:48.743696+00:00,2.2584876
2025-08-12 11:13:00.475018+00:00,2.2584876
2025-08-12 11:13:13.933807+00:00,2.2584871
2025-08-12 11:13:26.376164+00:00,2.2584872
2025-08-12 11:13:39.564449+00:00,2.2584875
2025-08-12 11:13:51.970162+00:00,2.2584877
2025-08-12 11:14:04.870497+00:00,2.2584869
2025-08-12 11:14:17.657315+00:00,2.2584869
2025-08-12 11:14:30.697509+00:00,2.2584868
2025-08-12 11:14:44.180721+00:00,2.2584876
2025-08-12 11:14:57.090768+00:00,2.2584873
2025-08-12 11:15:09.692428+00:00,2.2584872
2025-08-12 11:15:22.213202+00:00,2.2584878
2025-08-12 11:15:34.659076+00:00,2.2584869
2025-08-12 11:15:47.504135+00:00,2.2584874
2025-08-12 11:16:00.545945+00:00,2.2584872
2025-08-12 11:16:12.882668+00:00,2.2584874
2025-08-12 11:16:25.257394+00:00,2.2584872
2025-08-12 11:16:38.075867+00:00,2.2584868
2025-08-12 11:16:51.060825+00:00,2.2584871
2025-08-12 11:17:03.911232+00:00,2.2584879
2025-08-12 11:17:17.452272+00:00,2.2584871
2025-08-12 11:17:29.549219+00:00,2.2584867
2025-08-12 11:17:42.274554+00:00,2.2584867
2025-08-12 11:17:55.060560+00:00,2.258487
2025-08-12 11:18:08.186972+00:00,2.2584873
2025-08-12 11:18:21.259844+00:00,2.2584872
2025-08-12 11:18:33.691200+00:00,2.2584875
2025-08-12 11:18:46.693213+00:00,2.2584876
2025-08-12 11:18:59.390065+00:00,2.2584871
2025-08-12 11:19:12.738758+00:00,2.2584876
2025-08-12 11:19:25.109863+00:00,2.2584869
2025-08-12 11:19:38.164172+00:00,2.2584874
2025-08-12 11:19:51.914584+00:00,2.258487
2025-08-12 11:20:03.534921+00:00,2.2584875
2025-08-12 11:20:16.313305+00:00,2.2584872
2025-08-12 11:20:30.856302+00:00,2.2584875
2025-08-12 11:20:41.808484+00:00,2.2584874
2025-08-12 11:20:56.021728+00:00,2.2584872
2025-08-12 11:21:07.624719+00:00,2.2584875
2025-08-12 11:21:21.028919+00:00,2.258487
2025-08-12 11:21:33.408844+00:00,2.2584878
2025-08-12 11:21:46.512230+00:00,2.2584876
2025-08-12 11:21:59.345194+00:00,2.2584873
2025-08-12 11:22:12.343188+00:00,2.2584876
2025-08-12 11:22:26.581559+00:00,2.2584877
2025-08-12 11:22:38.386100+00:00,2.2584868
2025-08-12 11:22:52.272383+00:00,2.2584872
2025-08-12 11:23:05.247758+00:00,2.258487
2025-08-12 11:23:17.479097+00:00,2.2584873
2025-08-12 11:23:30.612159+00:00,2.2584868
2025-08-12 11:23:43.173945+00:00,2.2584874
2025-08-12 11:23:56.095586+00:00,2.2584871
2025-08-12 11:24:09.021581+00:00,2.2584877
2025-08-12 11:24:21.904149+00:00,2.2584875
2025-08-12 11:24:34.849922+00:00,2.2584878
2025-08-12 11:24:47.701741+00:00,2.2584874
2025-08-12 11:25:01.525586+00:00,2.2584867
2025-08-12 11:25:13.676552+00:00,2.2584874
2025-08-12 11:25:26.644489+00:00,2.2584876
2025-08-12 11:25:39.484345+00:00,2.2584875
2025-08-12 11:25:51.986674+00:00,2.2584875
2025-08-12 11:26:04.997421+00:00,2.2584875
2025-08-12 11:26:17.497230+00:00,2.2584867
2025-08-12 11:26:30.148472+00:00,2.258487
2025-08-12 11:26:42.733738+00:00,2.2584874
2025-08-12 11:26:55.409086+00:00,2.2584869
2025-08-12 11:27:08.271375+00:00,2.2584875
2025-08-12 11:27:21.117088+00:00,2.2584874
2025-08-12 11:27:33.993188+00:00,2.2584874
2025-08-12 11:27:47.230929+00:00,2.2584877
2025-08-12 11:27:59.920477+00:00,2.2584871
2025-08-12 11:28:13.265142+00:00,2.2584868
2025-08-12 11:28:25.586475+00:00,2.2584869
2025-08-12 11:28:38.678244+00:00,2.2584872
2025-08-12 11:28:52.272253+00:00,2.2584871
2025-08-12 11:29:04.461439+00:00,2.2584874
2025-08-12 11:29:17.323908+00:00,2.2584871
2025-08-12 11:29:30.761012+00:00,2.2584868
2025-08-12 11:29:44.703591+00:00,2.2584873
2025-08-12 11:29:56.634068+00:00,2.2584869
2025-08-12 11:30:08.697243+00:00,2.258487
2025-08-12 11:30:24.538052+00:00,2.2584874
2025-08-12 11:30:36.433137+00:00,2.2584871
2025-08-12 11:30:47.077961+00:00,2.2584876
2025-08-12 11:30:59.798180+00:00,2.2584878
2025-08-12 11:31:12.724590+00:00,2.2584876
2025-08-12 11:31:25.336521+00:00,2.2584868
2025-08-12 11:31:39.977063+00:00,2.2584875
2025-08-12 11:31:50.904810+00:00,2.2584874
2025-08-12 11:32:03.850643+00:00,2.2584876
2025-08-12 11:32:16.645515+00:00,2.2584866
2025-08-12 11:32:29.534268+00:00,2.2584875
2025-08-12 11:32:42.093367+00:00,2.2584872
2025-08-12 11:32:54.883978+00:00,2.2584871
2025-08-12 11:33:07.925648+00:00,2.2584873
2025-08-12 11:33:20.877940+00:00,2.258487
2025-08-12 11:33:34.150792+00:00,2.2584873
2025-08-12 11:33:46.483431+00:00,2.2584867
2025-08-12 11:34:00.188818+00:00,2.2584867
2025-08-12 11:34:12.535077+00:00,2.2584872
2025-08-12 11:34:25.686254+00:00,2.2584871
2025-08-12 11:34:38.529709+00:00,2.258487
2025-08-12 11:34:51.557915+00:00,2.2584867
2025-08-12 11:35:04.488598+00:00,2.2584872
2025-08-12 11:35:17.769758+00:00,2.2584868
2025-08-12 11:35:30.309113+00:00,2.2584877
2025-08-12 11:35:43.597076+00:00,2.2584873
2025-08-12 11:35:57.640941+00:00,2.258487
2025-08-12 11:36:10.001162+00:00,2.2584871
2025-08-12 11:36:21.972523+00:00,2.2584878
2025-08-12 11:36:35.044830+00:00,2.2584876
2025-08-12 11:36:47.963232+00:00,2.2584873
2025-08-12 11:37:00.717116+00:00,2.2584875
2025-08-12 11:37:13.479320+00:00,2.2584873
2025-08-12 11:37:26.023438+00:00,2.2584873
2025-08-12 11:37:38.704029+00:00,2.2584872
2025-08-12 11:37:51.360685+00:00,2.2584868
2025-08-12 11:38:04.021310+00:00,2.2584868
2025-08-12 11:38:16.920633+00:00,2.2584876
2025-08-12 11:38:29.545722+00:00,2.2584873
2025-08-12 11:38:42.411402+00:00,2.2584875
2025-08-12 11:38:56.016794+00:00,2.2584867
2025-08-12 11:39:09.360302+00:00,2.2584868
2025-08-12 11:39:21.546337+00:00,2.2584872
2025-08-12 11:39:34.080388+00:00,2.2584875
2025-08-12 11:39:47.129686+00:00,2.258487
2025-08-12 11:40:01.053769+00:00,2.2584866
2025-08-12 11:40:13.128437+00:00,2.2584867
2025-08-12 11:40:25.709755+00:00,2.2584875
2025-08-12 11:40:38.546443+00:00,2.2584866
2025-08-12 11:40:52.648706+00:00,2.258487
2025-08-12 11:41:04.189254+00:00,2.2584872
2025-08-12 11:41:17.202327+00:00,2.2584868
2025-08-12 11:41:29.703948+00:00,2.2584867
2025-08-12 11:41:42.805717+00:00,2.2584869
2025-08-12 11:41:55.239397+00:00,2.2584868
2025-08-12 11:42:08.086808+00:00,2.2584872
2025-08-12 11:42:20.889967+00:00,2.2584875
2025-08-12 11:42:34.278954+00:00,2.2584874
2025-08-12 11:42:46.449911+00:00,2.2584872
2025-08-12 11:42:59.345485+00:00,2.2584871
2025-08-12 11:43:11.792945+00:00,2.2584869
2025-08-12 11:43:24.804159+00:00,2.2584868
2025-08-12 11:43:37.779740+00:00,2.2584875
2025-08-12 11:43:51.938086+00:00,2.2584873
2025-08-12 11:44:04.382362+00:00,2.2584873
2025-08-12 11:44:16.573558+00:00,2.2584872
2025-08-12 11:44:29.622356+00:00,2.2584865
2025-08-12 11:44:43.007808+00:00,2.2584873
2025-08-12 11:44:56.337932+00:00,2.2584869
2025-08-12 11:45:08.455878+00:00,2.2584876
2025-08-12 11:45:21.304334+00:00,2.2584876
2025-08-12 11:45:34.221919+00:00,2.258487
2025-08-12 11:45:47.385941+00:00,2.2584865
2025-08-12 11:46:00.119955+00:00,2.2584872
2025-08-12 11:46:13.280266+00:00,2.2584866
2025-08-12 11:46:26.213549+00:00,2.2584872
2025-08-12 11:46:38.660965+00:00,2.2584876
2025-08-12 11:46:52.138141+00:00,2.2584871
2025-08-12 11:47:04.449689+00:00,2.2584867
2025-08-12 11:47:17.092909+00:00,2.2584875
2025-08-12 11:47:30.249487+00:00,2.2584872
2025-08-12 11:47:42.442394+00:00,2.258487
2025-08-12 11:47:55.041649+00:00,2.2584871
2025-08-12 11:48:07.876210+00:00,2.2584872
2025-08-12 11:48:20.551230+00:00,2.2584877
2025-08-12 11:48:33.978852+00:00,2.2584872
2025-08-12 11:48:46.692970+00:00,2.2584869
2025-08-12 11:49:01.592367+00:00,2.2584872
2025-08-12 11:49:12.191871+00:00,2.2584869
2025-08-12 11:49:25.114669+00:00,2.2584874
2025-08-12 11:49:37.815423+00:00,2.2584873
2025-08-12 11:49:50.505364+00:00,2.2584873
2025-08-12 11:50:03.731064+00:00,2.2584876
2025-08-12 11:50:16.429499+00:00,2.2584871
2025-08-12 11:50:29.138861+00:00,2.2584879
2025-08-12 11:50:41.878569+00:00,2.2584869
2025-08-12 11:50:56.894804+00:00,2.2584869
2025-08-12 11:51:08.047130+00:00,2.2584876
2025-08-12 11:51:20.644413+00:00,2.2584873
2025-08-12 11:51:34.007895+00:00,2.2584874
2025-08-12 11:51:46.350229+00:00,2.2584867
2025-08-12 11:51:59.074127+00:00,2.2584874
2025-08-12 11:52:12.286223+00:00,2.2584874
2025-08-12 11:52:25.386455+00:00,2.2584871
2025-08-12 11:52:37.969437+00:00,2.2584871
2025-08-12 11:52:50.292978+00:00,2.2584873
2025-08-12 11:53:03.392136+00:00,2.2584871
2025-08-12 11:53:15.983874+00:00,2.2584865
2025-08-12 11:53:31.441672+00:00,2.2584868
2025-08-12 11:53:41.639541+00:00,2.2584875
2025-08-12 11:53:55.459435+00:00,2.2584874
2025-08-12 11:54:07.898201+00:00,2.2584868
2025-08-12 11:54:20.510996+00:00,2.2584877
2025-08-12 11:54:33.209421+00:00,2.2584877
2025-08-12 11:54:46.322872+00:00,2.2584871
2025-08-12 11:54:59.355136+00:00,2.258487
2025-08-12 11:55:12.316330+00:00,2.2584875
2025-08-12 11:55:26.597566+00:00,2.2584868
2025-08-12 11:55:38.413965+00:00,2.2584868
2025-08-12 11:55:51.396581+00:00,2.2584873
2025-08-12 11:56:05.415394+00:00,2.2584871
2025-08-12 11:56:17.140807+00:00,2.2584871
2025-08-12 11:56:29.996248+00:00,2.2584872
2025-08-12 11:56:43.589654+00:00,2.2584869
2025-08-12 11:56:55.981433+00:00,2.2584869
2025-08-12 11:57:10.159198+00:00,2.2584872
2025-08-12 11:57:21.761392+00:00,2.2584869
2025-08-12 11:57:35.527548+00:00,2.2584872
2025-08-12 11:57:47.723948+00:00,2.258487
2025-08-12 11:58:01.094745+00:00,2.2584872
2025-08-12 11:58:13.370727+00:00,2.2584868
2025-08-12 11:58:32.560173+00:00,2.2584871
2025-08-12 11:58:38.678874+00:00,2.258487
2025-08-12 11:58:51.415341+00:00,2.2584872
2025-08-12 11:59:03.992137+00:00,2.2584868
2025-08-12 11:59:16.643349+00:00,2.2584868
2025-08-12 11:59:31.401893+00:00,2.2584875
2025-08-12 11:59:42.689979+00:00,2.2584872
2025-08-12 11:59:55.372526+00:00,2.2584868
2025-08-12 12:00:08.339515+00:00,2.2584877
2025-08-12 12:00:21.118021+00:00,2.2584868
2025-08-12 12:00:33.952443+00:00,2.2584877
2025-08-12 12:00:46.707811+00:00,2.2584879
2025-08-12 12:00:59.311125+00:00,2.2584872
2025-08-12 12:01:12.064847+00:00,2.2584875
2025-08-12 12:01:24.850718+00:00,2.2584874
2025-08-12 12:01:37.939298+00:00,2.2584874
2025-08-12 12:01:51.305741+00:00,2.2584874
2025-08-12 12:02:03.362682+00:00,2.2584868
2025-08-12 12:02:16.463171+00:00,2.2584874
2025-08-12 12:02:29.161711+00:00,2.258487
2025-08-12 12:02:42.717015+00:00,2.258487
2025-08-12 12:02:54.686545+00:00,2.2584867
2025-08-12 12:03:07.319324+00:00,2.2584869
2025-08-12 12:03:20.042167+00:00,2.2584871
2025-08-12 12:03:33.379588+00:00,2.2584872
2025-08-12 12:03:45.741407+00:00,2.2584868
2025-08-12 12:03:59.459659+00:00,2.2584869
2025-08-12 12:04:11.670793+00:00,2.2584869
2025-08-12 12:04:24.168716+00:00,2.2584871
2025-08-12 12:04:37.124836+00:00,2.2584866
2025-08-12 12:04:50.185535+00:00,2.2584867
2025-08-12 12:05:04.523835+00:00,2.2584874
2025-08-12 12:05:16.333179+00:00,2.2584875
2025-08-12 12:05:29.426948+00:00,2.2584879
2025-08-12 12:05:42.564815+00:00,2.2584869
2025-08-12 12:05:55.079568+00:00,2.2584868
2025-08-12 12:06:08.992030+00:00,2.2584875
2025-08-12 12:06:24.845448+00:00,2.2584875
2025-08-12 12:06:34.262030+00:00,2.2584868
2025-08-12 12:06:47.328268+00:00,2.2584875
2025-08-12 12:07:00.507721+00:00,2.2584873
2025-08-12 12:07:12.723999+00:00,2.2584868
2025-08-12 12:07:25.584967+00:00,2.2584874
2025-08-12 12:07:39.788026+00:00,2.2584871
2025-08-12 12:07:51.715058+00:00,2.2584871
2025-08-12 12:08:04.480683+00:00,2.2584872
2025-08-12 12:08:17.801249+00:00,2.2584869
2025-08-12 12:08:30.262656+00:00,2.2584875
2025-08-12 12:08:44.239177+00:00,2.2584875
2025-08-12 12:08:56.405220+00:00,2.2584876
2025-08-12 12:09:08.459943+00:00,2.2584871
2025-08-12 12:09:21.522363+00:00,2.2584869
2025-08-12 12:09:34.431257+00:00,2.2584873
2025-08-12 12:09:47.087661+00:00,2.2584867
2025-08-12 12:09:59.857653+00:00,2.2584872
2025-08-12 12:10:19.708294+00:00,2.258487
2025-08-12 12:10:25.666760+00:00,2.2584871
2025-08-12 12:10:38.257502+00:00,2.2584875
2025-08-12 12:10:51.094174+00:00,2.2584875
2025-08-12 12:11:03.889593+00:00,2.2584866
2025-08-12 12:11:16.967343+00:00,2.258487
2025-08-12 12:11:29.781485+00:00,2.2584875
2025-08-12 12:11:42.935203+00:00,2.2584869
2025-08-12 12:11:55.654787+00:00,2.2584871
2025-08-12 12:12:08.399927+00:00,2.2584874
2025-08-12 12:12:21.193455+00:00,2.2584878
2025-08-12 12:12:34.916580+00:00,2.2584868
2025-08-12 12:12:46.829097+00:00,2.258487
2025-08-12 12:13:00.433320+00:00,2.2584872
2025-08-12 12:13:12.784691+00:00,2.2584868
2025-08-12 12:13:25.502471+00:00,2.2584869
2025-08-12 12:13:37.950745+00:00,2.2584873
2025-08-12 12:13:50.740479+00:00,2.2584873
2025-08-12 12:14:03.602455+00:00,2.258487
2025-08-12 12:14:16.610001+00:00,2.2584872
2025-08-12 12:14:29.466521+00:00,2.2584873
2025-08-12 12:14:42.255162+00:00,2.2584871
2025-08-12 12:14:55.156495+00:00,2.258487
2025-08-12 12:15:09.139702+00:00,2.2584868
2025-08-12 12:15:21.226321+00:00,2.2584873
2025-08-12 12:15:35.462349+00:00,2.2584873
2025-08-12 12:15:47.581552+00:00,2.2584872
2025-08-12 12:16:02.959478+00:00,2.2584872
2025-08-12 12:16:14.081124+00:00,2.2584869
2025-08-12 12:16:26.580535+00:00,2.2584867
2025-08-12 12:16:39.536113+00:00,2.258487
2025-08-12 12:16:52.403574+00:00,2.2584873
2025-08-12 12:17:05.298759+00:00,2.2584873
2025-08-12 12:17:18.106772+00:00,2.2584877
2025-08-12 12:17:31.190917+00:00,2.2584871
2025-08-12 12:17:43.958191+00:00,2.2584871
2025-08-12 12:17:56.661775+00:00,2.2584871
2025-08-12 12:18:13.088883+00:00,2.2584867
2025-08-12 12:18:22.536577+00:00,2.2584869
2025-08-12 12:18:35.651354+00:00,2.2584866
2025-08-12 12:18:48.453761+00:00,2.2584869
2025-08-12 12:19:00.985643+00:00,2.2584866
2025-08-12 12:19:13.625736+00:00,2.2584868
2025-08-12 12:19:26.217640+00:00,2.2584876
2025-08-12 12:19:38.934227+00:00,2.258487
2025-08-12 12:19:51.557545+00:00,2.258487
2025-08-12 12:20:04.222556+00:00,2.2584871
2025-08-12 12:20:17.191219+00:00,2.2584873
2025-08-12 12:20:30.018214+00:00,2.2584872
2025-08-12 12:20:42.542295+00:00,2.2584868
2025-08-12 12:20:56.226102+00:00,2.2584873
2025-08-12 12:21:08.409385+00:00,2.2584875
2025-08-12 12:21:21.221854+00:00,2.2584874
2025-08-12 12:21:34.290712+00:00,2.2584875
2025-08-12 12:21:46.866043+00:00,2.2584876
2025-08-12 12:21:59.654912+00:00,2.2584871
2025-08-12 12:22:12.878370+00:00,2.2584876
2025-08-12 12:22:25.266306+00:00,2.2584874
2025-08-12 12:22:38.073544+00:00,2.2584874
2025-08-12 12:22:50.887199+00:00,2.2584877
2025-08-12 12:23:04.454713+00:00,2.2584871
2025-08-12 12:23:16.798705+00:00,2.2584877
2025-08-12 12:23:30.706048+00:00,2.2584876
2025-08-12 12:23:42.597036+00:00,2.2584874
2025-08-12 12:23:55.895023+00:00,2.2584874
2025-08-12 12:24:07.854289+00:00,2.2584868
2025-08-12 12:24:20.507196+00:00,2.2584869
2025-08-12 12:24:33.724268+00:00,2.2584868
2025-08-12 12:24:46.244786+00:00,2.2584877
2025-08-12 12:24:58.910764+00:00,2.2584869
2025-08-12 12:25:11.722718+00:00,2.2584866
2025-08-12 12:25:25.050000+00:00,2.2584877
2025-08-12 12:25:37.368228+00:00,2.2584871
2025-08-12 12:25:49.998820+00:00,2.258487
2025-08-12 12:26:04.001728+00:00,2.2584872
2025-08-12 12:26:15.692305+00:00,2.2584873
2025-08-12 12:26:28.893906+00:00,2.258487
2025-08-12 12:26:41.559551+00:00,2.258487
2025-08-12 12:26:54.342669+00:00,2.258487
2025-08-12 12:27:07.525148+00:00,2.2584869
2025-08-12 12:27:20.685080+00:00,2.2584868
2025-08-12 12:27:34.261230+00:00,2.2584871
2025-08-12 12:27:47.082461+00:00,2.2584873
2025-08-12 12:28:05.391786+00:00,2.2584876
2025-08-12 12:28:12.648831+00:00,2.2584873
2025-08-12 12:28:25.960361+00:00,2.2584869
2025-08-12 12:28:38.305717+00:00,2.2584875
2025-08-12 12:28:51.008384+00:00,2.2584872
2025-08-12 12:29:04.451222+00:00,2.258487
2025-08-12 12:29:17.122002+00:00,2.2584869
2025-08-12 12:29:29.926821+00:00,2.2584871
2025-08-12 12:29:43.157161+00:00,2.2584877
2025-08-12 12:29:56.373428+00:00,2.2584878
2025-08-12 12:30:08.393637+00:00,2.2584872
2025-08-12 12:30:23.546404+00:00,2.258487
2025-08-12 12:30:33.881734+00:00,2.2584873
2025-08-12 12:30:46.637036+00:00,2.258487
2025-08-12 12:30:59.251025+00:00,2.2584877
2025-08-12 12:31:11.923991+00:00,2.2584875
2025-08-12 12:31:25.623751+00:00,2.2584874
2025-08-12 12:31:38.372865+00:00,2.2584875
2025-08-12 12:31:51.129826+00:00,2.2584875
2025-08-12 12:32:04.108374+00:00,2.2584873
2025-08-12 12:32:17.668174+00:00,2.2584876
2025-08-12 12:32:29.839500+00:00,2.2584873
2025-08-12 12:32:42.293340+00:00,2.2584867
2025-08-12 12:32:55.269251+00:00,2.2584867
2025-08-12 12:33:08.108967+00:00,2.2584867
2025-08-12 12:33:20.759662+00:00,2.2584871
2025-08-12 12:33:33.834061+00:00,2.2584871
2025-08-12 12:33:47.577354+00:00,2.2584871
2025-08-12 12:33:59.301526+00:00,2.2584873
2025-08-12 12:34:12.870926+00:00,2.2584872
2025-08-12 12:34:25.398896+00:00,2.2584869
2025-08-12 12:34:37.510485+00:00,2.2584868
2025-08-12 12:34:50.322010+00:00,2.2584866
2025-08-12 12:35:03.120695+00:00,2.2584872
2025-08-12 12:35:16.358040+00:00,2.2584867
2025-08-12 12:43:38.739134+00:00,2.258487
2025-08-12 12:45:08.846828+00:00,2.2584871
2025-08-12 12:45:22.030592+00:00,2.2584876
2025-08-12 12:45:33.746134+00:00,2.2584864
2025-08-12 12:45:46.847915+00:00,2.2584875
2025-08-12 12:45:59.608299+00:00,2.2584867
2025-08-12 12:46:12.062449+00:00,2.2584869
2025-08-12 12:46:37.885523+00:00,2.2584874
2025-08-12 12:46:50.837415+00:00,2.2584864
2025-08-12 12:47:03.750659+00:00,2.2584875
2025-08-12 12:47:17.011310+00:00,2.258487
2025-08-12 12:47:31.991332+00:00,2.2584874
2025-08-12 12:47:42.840334+00:00,2.2584871
2025-08-12 12:47:55.681951+00:00,2.2584868
2025-08-12 12:48:08.868926+00:00,2.2584871
2025-08-12 12:48:21.730430+00:00,2.2584867
2025-08-12 12:48:36.057260+00:00,2.2584867
2025-08-12 12:48:49.542281+00:00,2.2584867
2025-08-12 12:49:00.500993+00:00,2.2584871
2025-08-12 12:49:14.638414+00:00,2.2584866
2025-08-12 12:49:26.049426+00:00,2.258487
2025-08-12 12:49:39.719298+00:00,2.2584868
2025-08-12 12:49:52.407524+00:00,2.2584875
2025-08-12 12:50:05.037160+00:00,2.2584867
2025-08-12 12:50:31.030810+00:00,2.2584861
2025-08-12 12:50:43.575352+00:00,2.2584866
2025-08-12 12:51:46.912071+00:00,2.2584875
2025-08-12 12:51:59.560830+00:00,2.2584866
2025-08-12 12:52:12.362039+00:00,2.2584867
2025-08-12 12:52:25.126685+00:00,2.2584871
2025-08-12 12:52:38.260695+00:00,2.2584878
2025-08-12 12:52:51.170693+00:00,2.2584872
2025-08-12 12:53:03.812224+00:00,2.2584876
2025-08-12 12:53:17.123419+00:00,2.2584867
2025-08-12 12:53:29.708844+00:00,2.2584875
2025-08-12 12:53:42.434774+00:00,2.2584869
2025-08-12 12:53:55.628262+00:00,2.2584871
2025-08-12 12:54:09.462412+00:00,2.2584875
2025-08-12 12:54:20.996430+00:00,2.2584873
2025-08-12 12:54:33.761743+00:00,2.2584873
2025-08-12 12:54:46.745384+00:00,2.2584868
2025-08-12 12:54:59.279501+00:00,2.2584872
2025-08-12 12:55:12.933337+00:00,2.2584875
2025-08-12 12:55:25.191628+00:00,2.2584868
2025-08-12 12:55:38.140907+00:00,2.2584869
2025-08-12 12:55:52.324693+00:00,2.2584869
2025-08-12 12:56:03.755369+00:00,2.258487
2025-08-12 12:56:16.706431+00:00,2.2584869
2025-08-12 12:56:29.116281+00:00,2.2584866
2025-08-12 12:56:41.899862+00:00,2.2584873
2025-08-12 12:56:54.755706+00:00,2.2584874
2025-08-12 12:57:07.756730+00:00,2.2584866
2025-08-12 12:57:20.845517+00:00,2.2584867
2025-08-12 12:57:33.246390+00:00,2.2584872
2025-08-12 12:57:45.904922+00:00,2.2584869
2025-08-12 12:57:59.297322+00:00,2.2584868
2025-08-12 12:58:11.573001+00:00,2.258487
2025-08-12 12:58:24.396960+00:00,2.2584868
2025-08-12 12:58:37.362544+00:00,2.2584869
2025-08-12 12:58:50.521779+00:00,2.2584872
2025-08-12 12:59:03.310307+00:00,2.2584878
2025-08-12 12:59:16.387136+00:00,2.258487
2025-08-12 12:59:29.404343+00:00,2.2584873
2025-08-12 12:59:42.469200+00:00,2.2584865
2025-08-12 12:59:55.269969+00:00,2.2584868
2025-08-12 13:00:08.224584+00:00,2.2584875
2025-08-12 13:00:21.490212+00:00,2.2584869
2025-08-12 13:00:33.979477+00:00,2.2584867
2025-08-12 13:00:48.240472+00:00,2.2584869
2025-08-12 13:00:59.620258+00:00,2.2584874
2025-08-12 13:01:12.566311+00:00,2.2584871
2025-08-12 13:01:25.281383+00:00,2.2584866
2025-08-12 13:01:38.255655+00:00,2.2584875
2025-08-12 13:01:51.130795+00:00,2.2584869
2025-08-12 13:02:04.987023+00:00,2.2584872
2025-08-12 13:02:16.740689+00:00,2.2584869
2025-08-12 13:02:29.267700+00:00,2.2584868
2025-08-12 13:02:41.974864+00:00,2.2584869
2025-08-12 13:02:54.692122+00:00,2.2584871
2025-08-12 13:03:08.559966+00:00,2.2584871
2025-08-12 13:03:19.841440+00:00,2.258487
2025-08-12 13:03:33.889013+00:00,2.2584876
2025-08-12 13:03:45.682250+00:00,2.2584868
2025-08-12 13:03:59.054920+00:00,2.2584871
2025-08-12 13:04:11.187546+00:00,2.2584877
2025-08-12 13:04:23.990504+00:00,2.258487
2025-08-12 13:04:36.543016+00:00,2.2584871
2025-08-12 13:04:49.477917+00:00,2.2584869
2025-08-12 13:05:02.447094+00:00,2.2584872
2025-08-12 13:05:15.629063+00:00,2.2584871
2025-08-12 13:05:27.986072+00:00,2.2584869
2025-08-12 13:05:41.113471+00:00,2.2584874
2025-08-12 13:05:53.995353+00:00,2.2584874
2025-08-12 13:06:08.125559+00:00,2.2584877
2025-08-12 13:06:19.834761+00:00,2.258487
2025-08-12 13:06:32.485197+00:00,2.2584866
2025-08-12 13:06:44.995952+00:00,2.2584876
2025-08-12 13:06:57.776679+00:00,2.2584869
2025-08-12 13:07:11.323199+00:00,2.2584875
2025-08-12 13:07:24.406290+00:00,2.2584875
2025-08-12 13:07:36.138155+00:00,2.2584869
2025-08-12 13:07:49.179384+00:00,2.2584869
2025-08-12 13:08:02.139476+00:00,2.2584873
2025-08-12 13:08:14.302661+00:00,2.2584874
2025-08-12 13:08:26.975446+00:00,2.2584868
2025-08-12 13:08:39.806027+00:00,2.2584872
2025-08-12 13:08:53.076817+00:00,2.2584869
2025-08-12 13:09:07.524149+00:00,2.2584873
2025-08-12 13:09:18.537167+00:00,2.2584874
2025-08-12 13:09:30.959782+00:00,2.2584875
2025-08-12 13:09:44.054420+00:00,2.258487
2025-08-12 13:09:57.319532+00:00,2.2584877
2025-08-12 13:10:09.617202+00:00,2.2584875
2025-08-12 13:10:22.611171+00:00,2.2584868
2025-08-12 13:10:35.514589+00:00,2.2584874
2025-08-12 13:10:49.451264+00:00,2.2584874
2025-08-12 13:11:01.258678+00:00,2.258487
2025-08-12 13:11:14.102750+00:00,2.2584872
2025-08-12 13:11:27.051201+00:00,2.2584866
2025-08-12 13:11:41.167383+00:00,2.2584877
2025-08-12 13:11:53.040417+00:00,2.2584873
2025-08-12 13:12:06.274874+00:00,2.2584878
2025-08-12 13:12:18.674742+00:00,2.2584875
2025-08-12 13:12:31.711425+00:00,2.2584873
2025-08-12 13:12:44.265553+00:00,2.2584872
2025-08-12 13:12:57.223901+00:00,2.2584876
2025-08-12 13:13:10.172054+00:00,2.2584873
2025-08-12 13:13:23.602141+00:00,2.2584871
2025-08-12 13:13:35.731489+00:00,2.2584869
2025-08-12 13:13:50.927280+00:00,2.2584873
2025-08-12 13:14:01.647741+00:00,2.2584868
2025-08-12 13:14:14.367008+00:00,2.2584874
2025-08-12 13:14:27.007280+00:00,2.2584872
2025-08-12 13:14:40.563089+00:00,2.2584877
2025-08-12 13:14:52.463282+00:00,2.2584866
2025-08-12 13:15:05.643591+00:00,2.2584875
2025-08-12 13:15:21.316215+00:00,2.2584871
2025-08-12 13:15:32.617233+00:00,2.2584869
2025-08-12 13:15:43.202228+00:00,2.2584869
2025-08-12 13:15:57.346151+00:00,2.2584876
2025-08-12 13:16:08.916635+00:00,2.2584867
2025-08-12 13:16:21.467508+00:00,2.2584868
2025-08-12 13:16:34.443299+00:00,2.2584867
2025-08-12 13:16:47.172940+00:00,2.2584869
2025-08-12 13:16:59.711173+00:00,2.2584867
2025-08-12 13:17:12.652259+00:00,2.2584868
2025-08-12 13:17:25.209236+00:00,2.258487
2025-08-12 13:17:37.993486+00:00,2.2584873
2025-08-12 13:17:51.363377+00:00,2.258487
2025-08-12 13:18:03.740084+00:00,2.2584872
2025-08-12 13:18:16.357436+00:00,2.2584866
2025-08-12 13:18:28.888888+00:00,2.2584874
2025-08-12 13:18:41.958088+00:00,2.258487
2025-08-12 13:18:54.744596+00:00,2.2584873
2025-08-12 13:19:07.500088+00:00,2.2584871
2025-08-12 13:19:19.796855+00:00,2.258487
2025-08-12 13:19:34.190109+00:00,2.2584868
2025-08-12 13:19:47.260003+00:00,2.2584874
2025-08-12 13:19:58.891123+00:00,2.258487
2025-08-12 13:20:10.736357+00:00,2.2584873
2025-08-12 13:20:23.658572+00:00,2.2584876
2025-08-12 13:20:36.248018+00:00,2.2584871
2025-08-12 13:20:50.006889+00:00,2.2584868
2025-08-12 13:21:03.653471+00:00,2.2584869
2025-08-12 13:21:14.777312+00:00,2.2584875
2025-08-12 13:21:27.660779+00:00,2.2584864
2025-08-12 13:21:40.560551+00:00,2.2584873
2025-08-12 13:21:54.008909+00:00,2.2584876
2025-08-12 13:22:07.260402+00:00,2.2584868
2025-08-12 13:22:19.253722+00:00,2.2584865
2025-08-12 13:22:32.582813+00:00,2.2584875
2025-08-12 13:22:45.407949+00:00,2.2584865
2025-08-12 13:22:58.046899+00:00,2.2584872
2025-08-12 13:23:12.519694+00:00,2.2584876
2025-08-12 13:23:23.885167+00:00,2.2584872
2025-08-12 13:23:37.519495+00:00,2.2584874
2025-08-12 13:23:49.409898+00:00,2.2584872
2025-08-12 13:24:02.450931+00:00,2.2584869
2025-08-12 13:24:15.304036+00:00,2.258487
2025-08-12 13:24:28.643875+00:00,2.2584865
2025-08-12 13:24:40.950009+00:00,2.2584869
2025-08-12 13:24:53.749673+00:00,2.2584872
2025-08-12 13:25:07.730938+00:00,2.2584874
2025-08-12 13:25:19.325305+00:00,2.2584871
2025-08-12 13:25:31.964187+00:00,2.2584874
2025-08-12 13:25:45.698080+00:00,2.2584869
2025-08-12 13:25:57.327623+00:00,2.2584869
2025-08-12 13:26:10.995436+00:00,2.2584871
2025-08-12 13:26:22.672570+00:00,2.2584874
2025-08-12 13:26:35.422475+00:00,2.2584874
2025-08-12 13:26:48.383210+00:00,2.2584869
2025-08-12 13:27:01.296592+00:00,2.2584872
2025-08-12 13:27:13.814360+00:00,2.2584875
2025-08-12 13:27:26.713354+00:00,2.2584873
2025-08-12 13:27:39.896157+00:00,2.2584876
2025-08-12 13:27:52.113353+00:00,2.2584864
2025-08-12 13:28:04.950357+00:00,2.2584875
2025-08-12 13:28:18.007197+00:00,2.2584869
2025-08-12 13:28:30.974720+00:00,2.2584871
2025-08-12 13:28:43.036318+00:00,2.2584876
2025-08-12 13:28:55.750386+00:00,2.2584873
2025-08-12 13:29:08.573562+00:00,2.2584871
2025-08-12 13:29:21.421059+00:00,2.2584869
2025-08-12 13:29:35.877473+00:00,2.2584871
2025-08-12 13:29:47.351878+00:00,2.2584869
2025-08-12 13:30:00.337537+00:00,2.2584877
2025-08-12 13:30:12.865415+00:00,2.2584867
2025-08-12 13:30:26.885375+00:00,2.2584874
2025-08-12 13:30:38.856462+00:00,2.2584875
2025-08-12 13:30:51.967526+00:00,2.2584877
2025-08-12 13:31:05.634834+00:00,2.2584873
2025-08-12 13:31:17.562150+00:00,2.2584869
2025-08-12 13:31:30.325130+00:00,2.2584871
2025-08-12 13:31:43.165381+00:00,2.2584876
2025-08-12 13:31:55.995681+00:00,2.2584867
2025-08-12 13:32:08.855495+00:00,2.2584871
2025-08-12 13:32:22.383514+00:00,2.2584869
2025-08-12 13:32:34.338915+00:00,2.2584867
2025-08-12 13:32:48.110586+00:00,2.2584868
2025-08-12 13:33:00.327577+00:00,2.2584876
2025-08-12 13:33:13.059696+00:00,2.2584871
2025-08-12 13:33:26.248701+00:00,2.2584866
2025-08-12 13:33:38.896875+00:00,2.2584868
2025-08-12 13:33:51.536262+00:00,2.2584869
2025-08-12 13:34:04.482593+00:00,2.2584867
2025-08-12 13:34:17.382571+00:00,2.2584869
2025-08-12 13:34:30.657382+00:00,2.2584877
2025-08-12 13:34:42.043095+00:00,2.2584871
2025-08-12 13:34:54.790458+00:00,2.2584867
2025-08-12 13:35:07.653467+00:00,2.2584869
2025-08-12 13:35:20.772458+00:00,2.2584875
2025-08-12 13:35:35.380426+00:00,2.2584874
2025-08-12 13:35:46.930001+00:00,2.2584872
2025-08-12 13:35:58.930073+00:00,2.2584867
2025-08-12 13:36:13.867532+00:00,2.2584877
2025-08-12 13:36:25.123222+00:00,2.2584866
2025-08-12 13:36:38.426331+00:00,2.2584868
2025-08-12 13:36:50.004460+00:00,2.258487
2025-08-12 13:37:04.225364+00:00,2.2584875
2025-08-12 13:37:15.833686+00:00,2.2584873
2025-08-12 13:37:28.521097+00:00,2.2584876
2025-08-12 13:37:41.577553+00:00,2.2584869
2025-08-12 13:37:54.211156+00:00,2.2584868
2025-08-12 13:38:07.495143+00:00,2.2584872
2025-08-12 13:38:19.893792+00:00,2.258487
2025-08-12 13:38:34.267265+00:00,2.2584872
2025-08-12 13:38:45.734952+00:00,2.2584869
2025-08-12 13:38:58.969311+00:00,2.258487
2025-08-12 13:39:11.567189+00:00,2.2584869
2025-08-12 13:39:25.604664+00:00,2.2584874
2025-08-12 13:39:37.735308+00:00,2.2584874
2025-08-12 13:39:50.912918+00:00,2.258487
2025-08-12 13:40:03.683202+00:00,2.2584874
2025-08-12 13:40:16.559461+00:00,2.2584872
2025-08-12 13:40:29.414950+00:00,2.258487
2025-08-12 13:40:43.532322+00:00,2.2584875
2025-08-12 13:40:55.567526+00:00,2.2584875
2025-08-12 13:41:08.157584+00:00,2.2584871
2025-08-12 13:41:20.841671+00:00,2.2584869
2025-08-12 13:41:33.606175+00:00,2.2584871
2025-08-12 13:41:46.705564+00:00,2.2584869
2025-08-12 13:41:59.160398+00:00,2.2584872
2025-08-12 13:42:12.133129+00:00,2.2584868
2025-08-12 13:42:24.782410+00:00,2.2584872
2025-08-12 13:42:37.823910+00:00,2.2584874
2025-08-12 13:42:51.289748+00:00,2.2584876
2025-08-12 13:43:03.320463+00:00,2.2584878
2025-08-12 13:43:16.559423+00:00,2.2584876
2025-08-12 13:43:28.860705+00:00,2.2584869
2025-08-12 13:43:41.538104+00:00,2.2584872
2025-08-12 13:43:54.840963+00:00,2.2584872
2025-08-12 13:44:07.578468+00:00,2.2584869
2025-08-12 13:44:19.549848+00:00,2.2584877
2025-08-12 13:44:32.392966+00:00,2.2584876
2025-08-12 13:44:46.776937+00:00,2.2584872
2025-08-12 13:44:59.699693+00:00,2.2584872
2025-08-12 13:45:10.786285+00:00,2.2584866
2025-08-12 13:45:25.983673+00:00,2.258487
2025-08-12 13:45:37.329207+00:00,2.258487
2025-08-12 13:45:49.612198+00:00,2.2584868
2025-08-12 13:46:02.028216+00:00,2.2584869
2025-08-12 13:46:14.608418+00:00,2.2584869
2025-08-12 13:46:27.208707+00:00,2.2584873
2025-08-12 13:46:40.201776+00:00,2.2584865
2025-08-12 13:46:52.649165+00:00,2.2584873
2025-08-12 13:47:18.147485+00:00,2.2584874
2025-08-12 13:47:31.371972+00:00,2.2584871
2025-08-12 13:47:43.871228+00:00,2.2584865
2025-08-12 13:47:56.769379+00:00,2.2584875
2025-08-12 13:48:10.774817+00:00,2.2584871
2025-08-12 13:48:22.350267+00:00,2.2584868
2025-08-12 13:48:34.899647+00:00,2.2584866
2025-08-12 13:48:47.897097+00:00,2.2584874
2025-08-12 13:49:01.594469+00:00,2.2584872
2025-08-12 13:49:13.827708+00:00,2.2584868
2025-08-12 13:49:26.485236+00:00,2.2584873
2025-08-12 13:49:39.010956+00:00,2.2584871
2025-08-12 13:49:52.334758+00:00,2.2584876
2025-08-12 13:50:04.960071+00:00,2.2584869
2025-08-12 13:50:17.324789+00:00,2.2584874
2025-08-12 13:50:30.417775+00:00,2.258487
2025-08-12 13:50:43.598090+00:00,2.2584869
2025-08-12 13:50:56.182882+00:00,2.2584874
2025-08-12 13:51:10.198044+00:00,2.2584876
2025-08-12 13:51:22.381156+00:00,2.2584872
2025-08-12 13:51:35.269248+00:00,2.2584869
2025-08-12 13:51:48.423718+00:00,2.2584868
2025-08-12 13:52:01.256451+00:00,2.2584871
2025-08-12 13:52:13.794098+00:00,2.2584871
2025-08-12 13:52:26.844377+00:00,2.2584871
2025-08-12 13:52:39.555047+00:00,2.2584872
2025-08-12 13:52:52.538715+00:00,2.2584872
2025-08-12 13:53:05.433770+00:00,2.2584875
2025-08-12 13:53:18.421180+00:00,2.2584868
2025-08-12 13:53:31.387715+00:00,2.2584874
2025-08-12 13:53:45.618982+00:00,2.2584868
2025-08-12 13:53:56.778223+00:00,2.2584875
2025-08-12 13:54:09.626984+00:00,2.258487
2025-08-12 13:54:22.162375+00:00,2.2584873
2025-08-12 13:54:34.628961+00:00,2.258487
2025-08-12 13:54:47.593470+00:00,2.2584865
2025-08-12 13:55:00.284427+00:00,2.2584873
2025-08-12 13:55:16.225459+00:00,2.2584871
2025-08-12 13:55:26.354113+00:00,2.2584872
2025-08-12 13:55:39.917526+00:00,2.2584866
2025-08-12 13:55:51.413528+00:00,2.2584876
2025-08-12 13:56:04.251692+00:00,2.2584867
2025-08-12 13:56:17.408101+00:00,2.2584869
2025-08-12 13:56:30.625384+00:00,2.2584872
2025-08-12 13:56:42.840825+00:00,2.2584875
2025-08-12 13:56:55.448029+00:00,2.2584872
2025-08-12 13:57:08.955488+00:00,2.2584868
2025-08-12 13:57:21.314674+00:00,2.2584873
2025-08-12 13:57:33.681292+00:00,2.2584871
2025-08-12 13:57:46.859243+00:00,2.2584871
2025-08-12 13:57:59.392339+00:00,2.2584876
2025-08-12 13:58:12.327153+00:00,2.2584867
2025-08-12 13:58:24.853444+00:00,2.2584876
2025-08-12 13:58:37.492088+00:00,2.2584872
2025-08-12 13:58:50.784592+00:00,2.2584874
2025-08-12 13:59:03.851074+00:00,2.2584876
2025-08-12 13:59:15.711263+00:00,2.2584868
2025-08-12 13:59:28.830179+00:00,2.2584869
2025-08-12 13:59:41.412499+00:00,2.2584875
2025-08-12 13:59:55.305368+00:00,2.258487
2025-08-12 14:00:07.111620+00:00,2.2584874
2025-08-12 14:00:19.701561+00:00,2.258487
2025-08-12 14:00:33.409255+00:00,2.258487
2025-08-12 14:00:45.619871+00:00,2.2584871
2025-08-12 14:00:58.369875+00:00,2.2584873
2025-08-12 14:01:11.326361+00:00,2.2584867
2025-08-12 14:01:24.034513+00:00,2.2584872
2025-08-12 14:01:37.536564+00:00,2.2584871
2025-08-12 14:01:50.138466+00:00,2.2584872
2025-08-12 14:02:02.991574+00:00,2.2584871
2025-08-12 14:02:16.777313+00:00,2.2584869
2025-08-12 14:02:29.718466+00:00,2.2584872
2025-08-12 14:02:41.725530+00:00,2.2584874
2025-08-12 14:02:54.543868+00:00,2.2584873
2025-08-12 14:03:08.834881+00:00,2.2584868
2025-08-12 14:03:20.145691+00:00,2.2584874
2025-08-12 14:03:33.296062+00:00,2.2584867
2025-08-12 14:03:50.689854+00:00,2.2584871
2025-08-12 14:03:58.727805+00:00,2.2584869
2025-08-12 14:04:11.771932+00:00,2.2584874
2025-08-12 14:04:24.861755+00:00,2.2584864
2025-08-12 14:04:37.152942+00:00,2.2584869
2025-08-12 14:04:51.111306+00:00,2.258487
2025-08-12 14:05:03.676529+00:00,2.2584872
2025-08-12 14:05:16.289010+00:00,2.2584868
2025-08-12 14:05:28.372901+00:00,2.2584876
2025-08-12 14:05:41.540513+00:00,2.2584876
2025-08-12 14:05:53.741059+00:00,2.2584869
2025-08-12 14:06:05.902450+00:00,2.2584868
2025-08-12 14:06:19.359634+00:00,2.2584868
2025-08-12 14:06:31.422866+00:00,2.2584874
2025-08-12 14:06:44.364637+00:00,2.2584864
2025-08-12 14:06:59.116901+00:00,2.2584873
2025-08-12 14:07:10.766913+00:00,2.2584872
2025-08-12 14:07:23.068417+00:00,2.2584866
2025-08-12 14:07:36.097029+00:00,2.2584872
2025-08-12 14:07:48.779232+00:00,2.258487
2025-08-12 14:08:01.623457+00:00,2.258487
2025-08-12 14:08:14.435889+00:00,2.2584865
2025-08-12 14:08:27.529934+00:00,2.2584875
2025-08-12 14:08:39.899453+00:00,2.2584871
2025-08-12 14:08:52.614032+00:00,2.2584868
2025-08-12 14:09:05.292053+00:00,2.2584869
2025-08-12 14:09:18.748693+00:00,2.2584866
2025-08-12 14:09:30.999401+00:00,2.2584864
2025-08-12 14:09:43.497691+00:00,2.2584875
2025-08-12 14:09:56.346806+00:00,2.2584874
2025-08-12 14:10:09.511695+00:00,2.2584865
2025-08-12 14:10:21.941080+00:00,2.2584871
2025-08-12 14:10:34.743955+00:00,2.2584871
2025-08-12 14:10:47.369353+00:00,2.2584877
2025-08-12 14:11:00.338765+00:00,2.258487
2025-08-12 14:11:13.630804+00:00,2.2584874
2025-08-12 14:11:26.055503+00:00,2.2584873
2025-08-12 14:11:39.151264+00:00,2.2584874
2025-08-12 14:11:52.747517+00:00,2.2584875
2025-08-12 14:12:05.725787+00:00,2.2584868
2025-08-12 14:12:17.932711+00:00,2.2584874
2025-08-12 14:12:31.339308+00:00,2.2584869
2025-08-12 14:12:43.675414+00:00,2.2584868
2025-08-12 14:12:56.417454+00:00,2.2584877
2025-08-12 14:13:09.760244+00:00,2.2584871
2025-08-12 14:13:23.291438+00:00,2.2584869
2025-08-12 14:13:35.220922+00:00,2.2584871
2025-08-12 14:13:47.756791+00:00,2.2584871
2025-08-12 14:14:00.615932+00:00,2.2584874
2025-08-12 14:14:13.614785+00:00,2.2584871
2025-08-12 14:14:26.427417+00:00,2.2584867
2025-08-12 14:14:39.087783+00:00,2.2584868
2025-08-12 14:14:51.773560+00:00,2.2584877
2025-08-12 14:15:06.805247+00:00,2.2584868
2025-08-12 14:15:17.557305+00:00,2.2584868
2025-08-12 14:15:30.060257+00:00,2.2584866
2025-08-12 14:15:43.953753+00:00,2.2584873
2025-08-12 14:15:55.565929+00:00,2.2584867
2025-08-12 14:16:08.161983+00:00,2.2584876
2025-08-12 14:16:20.902537+00:00,2.258487
2025-08-12 14:16:33.371742+00:00,2.2584868
2025-08-12 14:16:46.793443+00:00,2.2584871
2025-08-12 14:16:58.945282+00:00,2.2584875
2025-08-12 14:17:12.109027+00:00,2.2584876
2025-08-12 14:17:25.249308+00:00,2.258487
2025-08-12 14:17:38.004207+00:00,2.2584878
2025-08-12 14:17:51.850152+00:00,2.2584867
2025-08-12 14:18:04.143501+00:00,2.2584873
2025-08-12 14:18:16.439302+00:00,2.258487
2025-08-12 14:18:29.164986+00:00,2.2584869
2025-08-12 14:18:42.304687+00:00,2.2584871
2025-08-12 14:18:54.802901+00:00,2.2584878
2025-08-12 14:19:07.951303+00:00,2.2584862
2025-08-12 14:19:20.394088+00:00,2.2584867
2025-08-12 14:19:34.463579+00:00,2.2584868
2025-08-12 14:19:46.191251+00:00,2.2584872
2025-08-12 14:19:59.094686+00:00,2.2584869
2025-08-12 14:20:11.986379+00:00,2.2584869
2025-08-12 14:20:24.539025+00:00,2.2584876
2025-08-12 14:20:37.513093+00:00,2.2584872
2025-08-12 14:20:50.085695+00:00,2.2584872
2025-08-12 14:21:03.221915+00:00,2.2584868
2025-08-12 14:21:15.469766+00:00,2.2584867
2025-08-12 14:21:28.287660+00:00,2.2584869
2025-08-12 14:21:40.994901+00:00,2.2584871
2025-08-12 14:21:54.046964+00:00,2.2584863
2025-08-12 14:22:08.266105+00:00,2.2584874
2025-08-12 14:22:20.033000+00:00,2.2584869
2025-08-12 14:22:33.957770+00:00,2.2584868
2025-08-12 14:22:47.654640+00:00,2.2584866
2025-08-12 14:22:59.230052+00:00,2.2584875
2025-08-12 14:23:12.225548+00:00,2.2584875
2025-08-12 14:23:24.949739+00:00,2.2584873
2025-08-12 14:23:38.279961+00:00,2.2584862
2025-08-12 14:23:51.448193+00:00,2.2584874
2025-08-12 14:24:03.600455+00:00,2.2584874
2025-08-12 14:24:16.516798+00:00,2.2584871
2025-08-12 14:24:29.141444+00:00,2.2584873
2025-08-12 14:24:41.960370+00:00,2.2584873
2025-08-12 14:24:54.928072+00:00,2.2584869
2025-08-12 14:25:07.740196+00:00,2.258487
2025-08-12 14:25:21.623877+00:00,2.2584871
2025-08-12 14:25:33.547932+00:00,2.2584872
2025-08-12 14:25:49.271781+00:00,2.2584871
2025-08-12 14:25:58.988562+00:00,2.2584867
2025-08-12 14:26:12.855939+00:00,2.2584868
2025-08-12 14:26:24.286377+00:00,2.2584866
2025-08-12 14:26:37.125482+00:00,2.2584876
2025-08-12 14:26:51.103387+00:00,2.2584872
2025-08-12 14:27:02.503576+00:00,2.2584869
2025-08-12 14:27:15.399700+00:00,2.2584866
2025-08-12 14:27:28.301726+00:00,2.2584872
2025-08-12 14:27:41.138964+00:00,2.2584871
2025-08-12 14:27:54.003994+00:00,2.2584867
2025-08-12 14:28:06.810916+00:00,2.2584867
2025-08-12 14:28:19.494209+00:00,2.2584868
2025-08-12 14:28:34.113278+00:00,2.2584866
2025-08-12 14:28:45.362154+00:00,2.2584866
2025-08-12 14:28:58.802736+00:00,2.2584872
2025-08-12 14:29:11.563644+00:00,2.2584874
2025-08-12 14:29:24.407479+00:00,2.2584867
2025-08-12 14:29:37.692122+00:00,2.2584869
2025-08-12 14:29:50.557845+00:00,2.2584871
2025-08-12 14:30:02.855780+00:00,2.2584868
2025-08-12 14:30:15.241065+00:00,2.258487
2025-08-12 14:30:28.128113+00:00,2.2584869
2025-08-12 14:30:40.740440+00:00,2.2584868
2025-08-12 14:30:53.590272+00:00,2.2584877
2025-08-12 14:31:06.292848+00:00,2.2584871
2025-08-12 14:31:18.915933+00:00,2.2584874
2025-08-12 14:31:32.432943+00:00,2.2584867
2025-08-12 14:31:44.518001+00:00,2.2584867
2025-08-12 14:31:57.809337+00:00,2.2584872
2025-08-12 14:32:10.547467+00:00,2.2584877
2025-08-12 14:32:23.478703+00:00,2.2584878
2025-08-12 14:32:38.422682+00:00,2.2584873
2025-08-12 14:32:49.589946+00:00,2.2584867
2025-08-12 14:33:02.627959+00:00,2.2584869
2025-08-12 14:33:17.704658+00:00,2.2584869
2025-08-12 14:33:28.552301+00:00,2.2584871
2025-08-12 14:33:41.367830+00:00,2.2584872
2025-08-12 14:33:54.146571+00:00,2.2584866
2025-08-12 14:34:07.051004+00:00,2.2584872
2025-08-12 14:34:19.934374+00:00,2.2584874
2025-08-12 14:34:32.595167+00:00,2.2584873
2025-08-12 14:34:45.423637+00:00,2.2584875
2025-08-12 14:34:58.219344+00:00,2.2584874
2025-08-12 14:35:11.316830+00:00,2.258487
2025-08-12 14:35:25.158663+00:00,2.2584869
2025-08-12 14:35:37.747258+00:00,2.2584872
2025-08-12 14:35:49.811826+00:00,2.2584876
2025-08-12 14:36:02.195285+00:00,2.2584875
2025-08-12 14:36:17.306040+00:00,2.2584873
2025-08-12 14:36:27.568407+00:00,2.2584873
2025-08-12 14:36:40.668380+00:00,2.2584867
2025-08-12 14:36:54.693470+00:00,2.2584873
2025-08-12 14:37:06.650514+00:00,2.2584871
2025-08-12 14:37:21.225422+00:00,2.258487
2025-08-12 14:37:32.349927+00:00,2.2584871
2025-08-12 14:37:45.812634+00:00,2.2584871
2025-08-12 14:37:57.959215+00:00,2.2584872
2025-08-12 14:38:12.135800+00:00,2.2584866
2025-08-12 14:38:23.070625+00:00,2.2584875
2025-08-12 14:38:36.033515+00:00,2.2584872
2025-08-12 14:38:49.047071+00:00,2.2584871
2025-08-12 14:39:01.681310+00:00,2.2584872
2025-08-12 14:39:14.490489+00:00,2.2584873
2025-08-12 14:39:27.019836+00:00,2.2584868
2025-08-12 14:39:40.005167+00:00,2.2584872
2025-08-12 14:39:52.379266+00:00,2.2584874
2025-08-12 14:40:05.883049+00:00,2.2584868
2025-08-12 14:40:18.211087+00:00,2.2584868
2025-08-12 14:40:30.770159+00:00,2.2584873
2025-08-12 14:40:43.668070+00:00,2.2584872
2025-08-12 14:40:56.414521+00:00,2.258487
2025-08-12 14:41:10.032051+00:00,2.2584867
2025-08-12 14:41:23.141020+00:00,2.2584876
2025-08-12 14:41:35.304237+00:00,2.2584875
2025-08-12 14:41:48.382972+00:00,2.2584869
2025-08-12 14:42:01.273831+00:00,2.2584868
2025-08-12 14:42:14.407725+00:00,2.2584872
2025-08-12 14:42:28.979934+00:00,2.2584868
2025-08-12 14:42:40.071549+00:00,2.2584866
2025-08-12 14:42:53.192673+00:00,2.2584868
2025-08-12 14:43:09.845915+00:00,2.258487
2025-08-12 14:43:18.837938+00:00,2.2584866
2025-08-12 14:43:31.945011+00:00,2.2584869
2025-08-12 14:43:44.245632+00:00,2.258487
2025-08-12 14:43:57.054118+00:00,2.2584872
2025-08-12 14:44:10.068351+00:00,2.2584866
2025-08-12 14:44:22.901012+00:00,2.2584871
2025-08-12 14:44:36.611513+00:00,2.2584874
2025-08-12 14:44:49.101055+00:00,2.2584869
2025-08-12 14:45:01.551268+00:00,2.2584869
2025-08-12 14:45:14.577072+00:00,2.258487
2025-08-12 14:45:28.306175+00:00,2.2584868
2025-08-12 14:45:39.316979+00:00,2.2584868
2025-08-12 14:45:51.699876+00:00,2.2584873
2025-08-12 14:46:04.492266+00:00,2.2584871
2025-08-12 14:46:17.290988+00:00,2.2584874
2025-08-12 14:46:30.125041+00:00,2.2584872
2025-08-12 14:46:43.124524+00:00,2.2584867
2025-08-12 14:46:56.565030+00:00,2.2584872
2025-08-12 14:47:09.114987+00:00,2.2584874
2025-08-12 14:47:22.378403+00:00,2.258487
2025-08-12 14:47:35.530002+00:00,2.2584869
2025-08-12 14:47:47.564892+00:00,2.2584873
2025-08-12 14:48:00.529675+00:00,2.2584869
2025-08-12 14:48:13.528913+00:00,2.2584875
2025-08-12 14:48:27.227470+00:00,2.2584872
2025-08-12 14:48:41.074786+00:00,2.2584864
2025-08-12 14:48:52.072364+00:00,2.2584865
2025-08-12 14:49:06.438423+00:00,2.2584875
2025-08-12 14:49:17.836134+00:00,2.2584866
2025-08-12 14:49:30.536037+00:00,2.2584868
2025-08-12 14:49:43.047728+00:00,2.2584866
2025-08-12 14:49:55.809246+00:00,2.2584867
2025-08-12 14:50:09.384299+00:00,2.2584872
2025-08-12 14:50:21.577839+00:00,2.2584871
2025-08-12 14:50:34.288580+00:00,2.258487
2025-08-12 14:50:47.578223+00:00,2.2584867
2025-08-12 14:51:12.399529+00:00,2.2584874
2025-08-12 14:51:25.722934+00:00,2.2584875
2025-08-12 14:51:38.335301+00:00,2.2584864
2025-08-12 14:51:52.391716+00:00,2.2584875
2025-08-12 14:52:04.559308+00:00,2.258487
2025-08-12 14:52:17.193831+00:00,2.258487
2025-08-12 14:52:30.240572+00:00,2.2584875
2025-08-12 14:52:45.291876+00:00,2.2584869
2025-08-12 14:52:56.210163+00:00,2.2584876
2025-08-12 14:53:09.531467+00:00,2.2584874
2025-08-12 14:53:22.226160+00:00,2.2584867
2025-08-12 14:53:35.043635+00:00,2.2584872
2025-08-12 14:53:47.979537+00:00,2.2584867
2025-08-12 14:54:00.797032+00:00,2.2584873
2025-08-12 14:54:13.670983+00:00,2.2584874
2025-08-12 14:54:26.635050+00:00,2.2584865
2025-08-12 14:54:39.554034+00:00,2.2584876
2025-08-12 14:54:52.370060+00:00,2.2584866
2025-08-12 14:55:05.356365+00:00,2.2584874
2025-08-12 14:55:17.896917+00:00,2.2584862
2025-08-12 14:55:57.094350+00:00,2.258487
2025-08-12 14:56:22.148357+00:00,2.2584866
2025-08-12 14:56:47.407961+00:00,2.2584866
2025-08-12 14:57:38.990124+00:00,2.2584871
2025-08-12 14:57:51.657220+00:00,2.2584873
2025-08-12 14:58:05.279067+00:00,2.258487
2025-08-12 14:58:17.521847+00:00,2.258487
2025-08-12 15:00:12.604501+00:00,2.2584859
2025-08-12 15:00:25.656630+00:00,2.2584871
2025-08-12 15:01:28.978513+00:00,2.258486
2025-08-12 15:01:41.940574+00:00,2.2584873
2025-08-12 15:02:34.125288+00:00,2.2584877
2025-08-12 15:02:47.274799+00:00,2.2584872
2025-08-12 15:02:59.862899+00:00,2.2584865
2025-08-12 15:03:13.918247+00:00,2.2584873
2025-08-12 15:03:25.290407+00:00,2.2584869
2025-08-12 15:03:38.224964+00:00,2.2584869
2025-08-12 15:03:50.874266+00:00,2.2584876
2025-08-12 15:04:03.683329+00:00,2.2584868
2025-08-12 15:04:16.645295+00:00,2.2584869
2025-08-12 15:04:29.233681+00:00,2.2584872
2025-08-12 15:04:42.641251+00:00,2.258487
2025-08-12 15:04:54.933063+00:00,2.2584865
2025-08-12 15:05:07.612222+00:00,2.2584871
2025-08-12 15:05:20.354438+00:00,2.2584872
2025-08-12 15:05:33.996282+00:00,2.2584866
2025-08-12 15:05:47.622472+00:00,2.2584868
2025-08-12 15:05:58.066011+00:00,2.2584876
2025-08-12 15:06:10.711323+00:00,2.2584867
2025-08-12 15:06:23.462440+00:00,2.2584871
2025-08-12 15:06:36.506494+00:00,2.2584872
2025-08-12 15:06:49.011727+00:00,2.2584873
2025-08-12 15:07:01.975095+00:00,2.2584874
2025-08-12 15:07:14.674493+00:00,2.2584873
2025-08-12 15:07:28.022038+00:00,2.2584871
2025-08-12 15:07:40.128996+00:00,2.2584873
2025-08-12 15:07:53.446074+00:00,2.2584873
2025-08-12 15:08:05.775059+00:00,2.2584872
2025-08-12 15:08:18.319575+00:00,2.2584876
2025-08-12 15:08:32.826072+00:00,2.2584872
2025-08-12 15:08:43.901350+00:00,2.2584863
2025-08-12 15:08:56.900459+00:00,2.2584868
2025-08-12 15:09:09.657754+00:00,2.2584874
2025-08-12 15:09:22.344786+00:00,2.2584873
2025-08-12 15:09:36.079154+00:00,2.2584868
2025-08-12 15:09:48.553303+00:00,2.2584875
2025-08-12 15:10:00.663456+00:00,2.2584869
2025-08-12 15:10:13.860360+00:00,2.2584877
2025-08-12 15:10:27.002348+00:00,2.2584868
2025-08-12 15:10:39.041201+00:00,2.2584874
2025-08-12 15:10:52.072209+00:00,2.2584867
2025-08-12 15:11:06.547205+00:00,2.2584867
2025-08-12 15:11:18.593840+00:00,2.2584869
2025-08-12 15:11:30.899261+00:00,2.2584871
2025-08-12 15:11:43.435881+00:00,2.2584869
2025-08-12 15:11:55.563958+00:00,2.2584875
2025-08-12 15:12:08.377450+00:00,2.2584865
2025-08-12 15:12:21.373554+00:00,2.2584871
2025-08-12 15:12:34.268266+00:00,2.2584873
2025-08-12 15:12:46.500039+00:00,2.2584874
2025-08-12 15:12:59.333730+00:00,2.2584869
2025-08-12 15:13:12.475331+00:00,2.2584869
2025-08-12 15:13:25.614736+00:00,2.2584872
2025-08-12 15:13:38.351347+00:00,2.2584873
2025-08-12 15:13:51.634176+00:00,2.2584866
2025-08-12 15:14:04.791095+00:00,2.2584875
2025-08-12 15:14:17.164019+00:00,2.258487
2025-08-12 15:14:30.094477+00:00,2.258487
2025-08-12 15:14:42.828819+00:00,2.2584871
2025-08-12 15:14:55.632474+00:00,2.2584868
2025-08-12 15:15:08.764056+00:00,2.2584867
2025-08-12 15:15:21.601156+00:00,2.2584877
2025-08-12 15:15:34.347553+00:00,2.258487
2025-08-12 15:15:48.796356+00:00,2.2584876
2025-08-12 15:15:59.844264+00:00,2.2584873
2025-08-12 15:16:14.067805+00:00,2.2584874
2025-08-12 15:16:25.285659+00:00,2.2584869
2025-08-12 15:16:37.885559+00:00,2.2584872
2025-08-12 15:16:50.770198+00:00,2.2584869
2025-08-12 15:17:03.677986+00:00,2.2584872
2025-08-12 15:17:15.897827+00:00,2.2584871
2025-08-12 15:17:28.595246+00:00,2.2584871
2025-08-12 15:17:42.367285+00:00,2.258487
2025-08-12 15:17:54.030354+00:00,2.2584867
2025-08-12 15:18:06.966016+00:00,2.2584869
2025-08-12 15:18:20.433110+00:00,2.2584869
2025-08-12 15:18:32.975543+00:00,2.2584877
2025-08-12 15:18:45.908832+00:00,2.2584872
2025-08-12 15:18:58.848516+00:00,2.2584869
2025-08-12 15:19:11.408517+00:00,2.2584872
2025-08-12 15:19:23.846696+00:00,2.2584872
2025-08-12 15:19:36.770696+00:00,2.2584869
2025-08-12 15:19:49.199844+00:00,2.2584873
2025-08-12 15:20:02.539431+00:00,2.258487
2025-08-12 15:20:21.502664+00:00,2.2584871
2025-08-12 15:20:28.131383+00:00,2.258487
2025-08-12 15:20:41.714556+00:00,2.258487
2025-08-12 15:20:53.041752+00:00,2.2584869
2025-08-12 15:21:06.664349+00:00,2.2584875
2025-08-12 15:21:20.602506+00:00,2.2584867
2025-08-12 15:21:32.095265+00:00,2.2584873
2025-08-12 15:21:44.721600+00:00,2.2584875
2025-08-12 15:21:57.855104+00:00,2.2584876
2025-08-12 15:22:11.237042+00:00,2.2584874
2025-08-12 15:22:23.662879+00:00,2.258487
2025-08-12 15:22:37.197202+00:00,2.2584868
2025-08-12 15:22:49.503682+00:00,2.2584871
2025-08-12 15:23:02.781043+00:00,2.2584865
2025-08-12 15:23:16.614109+00:00,2.2584873
2025-08-12 15:23:28.298249+00:00,2.2584865
2025-08-12 15:23:41.526404+00:00,2.2584867
2025-08-12 15:23:53.983313+00:00,2.2584868
2025-08-12 15:24:07.949511+00:00,2.258487
2025-08-12 15:24:19.611901+00:00,2.2584872
2025-08-12 15:24:32.627404+00:00,2.2584864
2025-08-12 15:24:45.463162+00:00,2.2584874
2025-08-12 15:25:00.289195+00:00,2.2584871
2025-08-12 15:25:11.173681+00:00,2.2584871
2025-08-12 15:25:23.906715+00:00,2.2584878
2025-08-12 15:25:36.818163+00:00,2.2584876
2025-08-12 15:25:49.515365+00:00,2.2584872
2025-08-12 15:26:02.203337+00:00,2.2584866
2025-08-12 15:26:14.880236+00:00,2.258487
2025-08-12 15:26:28.301870+00:00,2.258487
2025-08-12 15:26:40.058444+00:00,2.2584868
2025-08-12 15:26:52.647104+00:00,2.2584869
2025-08-12 15:27:05.580989+00:00,2.258487
2025-08-12 15:27:19.644272+00:00,2.2584874
2025-08-12 15:27:30.933024+00:00,2.2584876
2025-08-12 15:27:43.474346+00:00,2.2584868
2025-08-12 15:27:56.306494+00:00,2.2584871
2025-08-12 15:28:09.318425+00:00,2.258487
2025-08-12 15:28:22.192456+00:00,2.2584872
2025-08-12 15:28:34.942175+00:00,2.2584869
2025-08-12 15:28:47.954729+00:00,2.258487
2025-08-12 15:29:00.752858+00:00,2.258487
2025-08-12 15:29:13.448404+00:00,2.258487
2025-08-12 15:29:26.442898+00:00,2.2584866
2025-08-12 15:29:38.964143+00:00,2.2584867
2025-08-12 15:29:51.817568+00:00,2.2584872
2025-08-12 15:30:04.598259+00:00,2.2584873
2025-08-12 15:30:17.698889+00:00,2.2584868
2025-08-12 15:30:32.181266+00:00,2.2584866
2025-08-12 15:30:43.076654+00:00,2.258487
2025-08-12 15:30:55.933350+00:00,2.2584866
2025-08-12 15:31:09.072150+00:00,2.2584871
2025-08-12 15:31:22.333620+00:00,2.2584872
2025-08-12 15:31:34.843212+00:00,2.2584868
2025-08-12 15:31:47.792371+00:00,2.2584873
2025-08-12 15:32:01.248153+00:00,2.2584872
2025-08-12 15:32:13.810035+00:00,2.2584874
2025-08-12 15:32:26.725181+00:00,2.2584872
2025-08-12 15:32:39.890178+00:00,2.2584873
2025-08-12 15:32:52.298306+00:00,2.2584875
2025-08-12 15:33:05.046211+00:00,2.258487
2025-08-12 15:33:18.602022+00:00,2.2584871
2025-08-12 15:33:30.936575+00:00,2.2584873
2025-08-12 15:33:43.290330+00:00,2.2584875
2025-08-12 15:33:56.840260+00:00,2.2584867
2025-08-12 15:34:09.653907+00:00,2.258487
2025-08-12 15:34:22.083268+00:00,2.2584868
2025-08-12 15:34:34.943535+00:00,2.2584869
2025-08-12 15:34:47.658018+00:00,2.2584868
2025-08-12 15:35:00.342169+00:00,2.2584868
2025-08-12 15:35:13.359786+00:00,2.2584871
2025-08-12 15:35:25.753538+00:00,2.2584873
2025-08-12 15:35:38.741194+00:00,2.2584875
2025-08-12 15:35:51.379690+00:00,2.2584871
2025-08-12 15:36:03.813075+00:00,2.2584875
2025-08-12 15:36:19.070593+00:00,2.2584874
2025-08-12 15:36:29.754704+00:00,2.2584872
2025-08-12 15:36:43.987955+00:00,2.2584872
2025-08-12 15:36:55.295755+00:00,2.2584866
2025-08-12 15:37:08.119772+00:00,2.2584868
2025-08-12 15:37:20.918020+00:00,2.2584866
2025-08-12 15:37:33.736840+00:00,2.2584868
2025-08-12 15:37:47.416755+00:00,2.2584877
2025-08-12 15:38:00.488450+00:00,2.2584872
2025-08-12 15:38:12.619905+00:00,2.2584873
2025-08-12 15:38:25.391945+00:00,2.2584869
2025-08-12 15:38:38.168389+00:00,2.2584876
2025-08-12 15:38:51.622408+00:00,2.258487
2025-08-12 15:39:04.314759+00:00,2.2584868
2025-08-12 15:39:16.459523+00:00,2.2584866
2025-08-12 15:39:29.109837+00:00,2.2584873
2025-08-12 15:39:42.056883+00:00,2.2584867
2025-08-12 15:39:54.603407+00:00,2.2584871
2025-08-12 15:40:07.726882+00:00,2.2584874
2025-08-12 15:40:20.339053+00:00,2.2584871
2025-08-12 15:40:33.290859+00:00,2.2584868
2025-08-12 15:40:45.915312+00:00,2.2584873
2025-08-12 15:40:58.615791+00:00,2.2584872
2025-08-12 15:41:11.689440+00:00,2.2584867
2025-08-12 15:41:25.406166+00:00,2.2584868
2025-08-12 15:41:37.765255+00:00,2.2584871
2025-08-12 15:41:51.282107+00:00,2.2584868
2025-08-12 15:42:03.556071+00:00,2.2584869
2025-08-12 15:42:16.335297+00:00,2.2584868
2025-08-12 15:42:29.414966+00:00,2.2584868
2025-08-12 15:42:42.322485+00:00,2.2584869
2025-08-12 15:42:55.380013+00:00,2.2584869
2025-08-12 15:43:07.944380+00:00,2.2584864
2025-08-12 15:43:20.876498+00:00,2.2584871
2025-08-12 15:43:36.143969+00:00,2.2584872
2025-08-12 15:43:47.378512+00:00,2.2584873
2025-08-12 15:44:07.091376+00:00,2.258487
2025-08-12 15:44:12.477099+00:00,2.2584869
2025-08-12 15:44:25.023522+00:00,2.2584869
2025-08-12 15:44:37.874596+00:00,2.2584872
2025-08-12 15:44:50.608226+00:00,2.2584866
2025-08-12 15:45:03.520480+00:00,2.2584869
2025-08-12 15:45:16.286638+00:00,2.258487
2025-08-12 15:45:28.634861+00:00,2.2584872
2025-08-12 15:45:41.287271+00:00,2.2584872
2025-08-12 15:45:53.927399+00:00,2.2584866
2025-08-12 15:46:06.700385+00:00,2.2584868
2025-08-12 15:46:19.194950+00:00,2.2584875
2025-08-12 15:46:33.031720+00:00,2.2584873
2025-08-12 15:46:46.681887+00:00,2.2584873
2025-08-12 15:46:57.850531+00:00,2.2584873
2025-08-12 15:47:13.510705+00:00,2.258487
2025-08-12 15:47:23.612655+00:00,2.258487
2025-08-12 15:47:36.376294+00:00,2.2584868
2025-08-12 15:47:49.185320+00:00,2.2584872
2025-08-12 15:48:02.145880+00:00,2.2584867
2025-08-12 15:48:14.789654+00:00,2.2584876
2025-08-12 15:48:27.249947+00:00,2.2584867
2025-08-12 15:48:40.085353+00:00,2.2584876
2025-08-12 15:48:53.347976+00:00,2.2584866
2025-08-12 15:49:06.214173+00:00,2.2584871
2025-08-12 15:49:18.702913+00:00,2.2584873
2025-08-12 15:49:31.546334+00:00,2.2584875
2025-08-12 15:49:44.158314+00:00,2.2584871
2025-08-12 15:49:57.472544+00:00,2.2584874
2025-08-12 15:50:09.715559+00:00,2.2584874
2025-08-12 15:50:22.376479+00:00,2.2584874
2025-08-12 15:50:35.368080+00:00,2.2584873
2025-08-12 15:50:47.978971+00:00,2.2584867
2025-08-12 15:51:00.625400+00:00,2.2584869
2025-08-12 15:51:13.388161+00:00,2.2584867
2025-08-12 15:51:26.613336+00:00,2.2584868
2025-08-12 15:51:39.771227+00:00,2.2584865
2025-08-12 15:51:53.088326+00:00,2.2584875
2025-08-12 15:52:05.225691+00:00,2.2584871
2025-08-12 15:52:18.784300+00:00,2.2584866
2025-08-12 15:52:31.355650+00:00,2.2584868
2025-08-12 15:52:44.824587+00:00,2.2584872
2025-08-12 15:52:57.194781+00:00,2.2584874
2025-08-12 15:53:10.655894+00:00,2.2584872
2025-08-12 15:53:23.355003+00:00,2.2584871
2025-08-12 15:53:36.067729+00:00,2.2584867
2025-08-12 15:53:48.454201+00:00,2.2584867
2025-08-12 15:54:01.525679+00:00,2.2584876
2025-08-12 15:54:14.291429+00:00,2.258487
2025-08-12 15:54:27.004349+00:00,2.2584867
2025-08-12 15:54:39.832099+00:00,2.2584865
2025-08-12 15:54:53.287695+00:00,2.2584873
2025-08-12 15:55:05.358358+00:00,2.258487
2025-08-12 15:55:19.764148+00:00,2.258487
2025-08-12 15:55:30.801097+00:00,2.2584872
2025-08-12 15:55:43.107128+00:00,2.2584876
2025-08-12 15:55:55.778129+00:00,2.2584874
2025-08-12 15:56:08.744267+00:00,2.2584866
2025-08-12 15:56:22.492012+00:00,2.258487
2025-08-12 15:56:34.667797+00:00,2.2584873
2025-08-12 15:56:47.151216+00:00,2.2584872
2025-08-12 15:57:00.231282+00:00,2.258487
2025-08-12 15:57:14.089964+00:00,2.2584872
2025-08-12 15:57:25.623220+00:00,2.258487
2025-08-12 15:57:38.410357+00:00,2.2584874
2025-08-12 15:57:51.300873+00:00,2.2584867
2025-08-12 15:58:04.364201+00:00,2.2584872
2025-08-12 15:58:16.731419+00:00,2.258487
2025-08-12 15:58:32.757374+00:00,2.258487
2025-08-12 15:58:45.640893+00:00,2.2584864
2025-08-12 15:58:56.044992+00:00,2.2584868
2025-08-12 15:59:09.222520+00:00,2.2584873
2025-08-12 15:59:20.956318+00:00,2.2584867
2025-08-12 15:59:33.662963+00:00,2.258487
2025-08-12 15:59:47.661358+00:00,2.258487
2025-08-12 15:59:59.427728+00:00,2.2584869
2025-08-12 16:00:12.137264+00:00,2.2584872
2025-08-12 16:00:25.143899+00:00,2.2584871
2025-08-12 16:00:37.718460+00:00,2.258487
2025-08-12 16:00:50.563433+00:00,2.2584873
2025-08-12 16:01:03.263574+00:00,2.258487
2025-08-12 16:01:16.792827+00:00,2.2584871
2025-08-12 16:01:29.293051+00:00,2.2584871
2025-08-12 16:01:42.313194+00:00,2.2584874
2025-08-12 16:01:54.906029+00:00,2.2584876
2025-08-12 16:02:08.242318+00:00,2.2584866
2025-08-12 16:02:21.178347+00:00,2.2584874
2025-08-12 16:02:34.132546+00:00,2.2584875
2025-08-12 16:02:48.088113+00:00,2.2584873
2025-08-12 16:03:00.636995+00:00,2.2584869
2025-08-12 16:03:13.432436+00:00,2.2584875
2025-08-12 16:03:25.610784+00:00,2.258487
2025-08-12 16:03:39.872076+00:00,2.2584873
2025-08-12 16:03:51.573000+00:00,2.2584868
2025-08-12 16:04:04.191070+00:00,2.2584873
2025-08-12 16:04:17.396368+00:00,2.2584869
2025-08-12 16:04:29.864232+00:00,2.2584867
2025-08-12 16:04:43.245768+00:00,2.2584866
2025-08-12 16:04:55.614041+00:00,2.2584875
2025-08-12 16:05:08.937728+00:00,2.2584874
2025-08-12 16:05:21.454307+00:00,2.258487
2025-08-12 16:05:34.450386+00:00,2.2584878
2025-08-12 16:05:48.227259+00:00,2.2584864
2025-08-12 16:05:59.471039+00:00,2.2584873
2025-08-12 16:06:12.049019+00:00,2.2584875
2025-08-12 16:06:24.837092+00:00,2.258487
2025-08-12 16:06:37.272318+00:00,2.2584867
2025-08-12 16:06:50.250489+00:00,2.2584867
2025-08-12 16:07:02.906572+00:00,2.2584871
2025-08-12 16:07:16.451112+00:00,2.2584869
2025-08-12 16:07:31.350590+00:00,2.2584871
2025-08-12 16:07:41.704515+00:00,2.2584867
2025-08-12 16:07:55.701282+00:00,2.2584873
2025-08-12 16:08:07.215784+00:00,2.2584874
2025-08-12 16:08:20.208476+00:00,2.2584872
2025-08-12 16:08:33.196287+00:00,2.2584872
2025-08-12 16:08:45.866658+00:00,2.2584866
2025-08-12 16:08:59.381440+00:00,2.2584873
2025-08-12 16:09:13.375319+00:00,2.2584867
2025-08-12 16:09:24.421278+00:00,2.2584874
2025-08-12 16:09:37.601716+00:00,2.2584871
2025-08-12 16:09:49.851492+00:00,2.2584869
2025-08-12 16:10:02.655233+00:00,2.2584869
2025-08-12 16:10:16.728559+00:00,2.2584868
2025-08-12 16:10:28.148185+00:00,2.2584873
2025-08-12 16:10:43.222816+00:00,2.2584874
2025-08-12 16:10:55.313501+00:00,2.2584868
2025-08-12 16:11:06.599699+00:00,2.2584869
2025-08-12 16:11:19.180103+00:00,2.2584867
2025-08-12 16:11:33.330570+00:00,2.2584876
2025-08-12 16:11:44.687478+00:00,2.2584872
2025-08-12 16:11:57.496478+00:00,2.2584867
2025-08-12 16:12:10.566981+00:00,2.2584871
2025-08-12 16:12:24.850977+00:00,2.2584872
2025-08-12 16:12:36.547527+00:00,2.2584867
2025-08-12 16:12:50.576952+00:00,2.2584867
2025-08-12 16:13:02.729202+00:00,2.2584862
2025-08-12 16:13:15.661274+00:00,2.2584867
2025-08-12 16:13:28.738299+00:00,2.2584872
2025-08-12 16:13:41.644113+00:00,2.2584873
2025-08-12 16:13:54.350657+00:00,2.258487
2025-08-12 16:14:07.365459+00:00,2.2584871
2025-08-12 16:14:20.143711+00:00,2.2584873
2025-08-12 16:14:33.824141+00:00,2.258487
2025-08-12 16:14:46.218439+00:00,2.258487
2025-08-12 16:14:59.554704+00:00,2.2584868
2025-08-12 16:15:13.164934+00:00,2.2584863
2025-08-12 16:15:24.296831+00:00,2.2584871
2025-08-12 16:15:37.326172+00:00,2.2584877
2025-08-12 16:15:49.911234+00:00,2.2584876
2025-08-12 16:16:05.086239+00:00,2.2584869
2025-08-12 16:16:17.896102+00:00,2.2584869
2025-08-12 16:16:28.009538+00:00,2.2584868
2025-08-12 16:16:40.666050+00:00,2.2584877
2025-08-12 16:16:53.382840+00:00,2.2584871
2025-08-12 16:17:06.151241+00:00,2.258487
2025-08-12 16:17:18.966751+00:00,2.2584868
2025-08-12 16:17:31.554296+00:00,2.2584873
2025-08-12 16:17:44.355343+00:00,2.2584874
2025-08-12 16:17:58.555159+00:00,2.2584871
2025-08-12 16:18:10.434128+00:00,2.2584867
2025-08-12 16:18:26.751466+00:00,2.2584869
2025-08-12 16:18:35.897589+00:00,2.2584867
2025-08-12 16:18:48.580016+00:00,2.2584872
2025-08-12 16:19:01.390064+00:00,2.2584874
2025-08-12 16:19:14.082881+00:00,2.2584867
2025-08-12 16:19:27.202938+00:00,2.2584872
2025-08-12 16:19:40.569745+00:00,2.2584873
2025-08-12 16:19:52.418393+00:00,2.2584869
2025-08-12 16:20:08.667963+00:00,2.2584866
2025-08-12 16:20:19.580041+00:00,2.2584868
2025-08-12 16:20:31.040408+00:00,2.258487
2025-08-12 16:20:44.000716+00:00,2.2584871
2025-08-12 16:20:56.700463+00:00,2.2584872
2025-08-12 16:21:09.949556+00:00,2.2584873
2025-08-12 16:21:23.009358+00:00,2.258487
2025-08-12 16:21:35.822410+00:00,2.2584874
2025-08-12 16:21:48.723138+00:00,2.2584872
2025-08-12 16:22:01.860049+00:00,2.2584871
2025-08-12 16:22:15.636536+00:00,2.2584866
2025-08-12 16:22:27.551897+00:00,2.2584873
2025-08-12 16:22:40.602109+00:00,2.2584868
2025-08-12 16:22:54.117946+00:00,2.2584878
2025-08-12 16:23:06.529884+00:00,2.2584867
2025-08-12 16:23:19.136339+00:00,2.2584874
2025-08-12 16:23:32.025035+00:00,2.2584868
2025-08-12 16:23:44.873756+00:00,2.2584872
2025-08-12 16:23:57.724591+00:00,2.2584872
2025-08-12 16:24:11.290506+00:00,2.258487
2025-08-12 16:24:23.467330+00:00,2.2584877
2025-08-12 16:24:36.124043+00:00,2.2584872
2025-08-12 16:24:48.714894+00:00,2.2584872
2025-08-12 16:25:02.089881+00:00,2.2584872
2025-08-12 16:25:15.882985+00:00,2.2584873
2025-08-12 16:25:26.590287+00:00,2.2584871
2025-08-12 16:25:39.463264+00:00,2.2584873
2025-08-12 16:25:51.968318+00:00,2.2584864
2025-08-12 16:26:06.079013+00:00,2.2584865
2025-08-12 16:26:18.096414+00:00,2.2584868
2025-08-12 16:26:31.570365+00:00,2.2584869
2025-08-12 16:26:43.494981+00:00,2.258487
2025-08-12 16:26:56.481122+00:00,2.2584867
2025-08-12 16:27:10.878564+00:00,2.2584871
2025-08-12 16:27:22.023160+00:00,2.2584873
2025-08-12 16:27:35.144915+00:00,2.2584865
2025-08-12 16:27:47.818746+00:00,2.2584867
2025-08-12 16:28:04.611293+00:00,2.2584868
2025-08-12 16:28:13.252067+00:00,2.2584865
2025-08-12 16:28:25.945060+00:00,2.2584868
2025-08-12 16:30:59.921751+00:00,2.2584865
2025-08-12 16:31:38.821533+00:00,2.2584877
2025-08-12 16:32:05.305030+00:00,2.2584861
2025-08-12 16:32:17.921231+00:00,2.2584869
2025-08-12 16:32:30.644378+00:00,2.258487
2025-08-12 16:32:43.525890+00:00,2.2584872
2025-08-12 16:32:56.354982+00:00,2.2584871
2025-08-12 16:33:09.972179+00:00,2.2584873
2025-08-12 16:33:22.195615+00:00,2.2584875
2025-08-12 16:33:34.824884+00:00,2.2584872
2025-08-12 16:33:47.751480+00:00,2.2584875
2025-08-12 16:34:01.925732+00:00,2.2584868
2025-08-12 16:34:13.648955+00:00,2.2584872
2025-08-12 16:34:26.264931+00:00,2.2584872
2025-08-12 16:34:39.420730+00:00,2.258487
2025-08-12 16:34:51.553530+00:00,2.258487
2025-08-12 16:35:04.195167+00:00,2.2584873
2025-08-12 16:35:16.832007+00:00,2.2584869
2025-08-12 16:35:42.421840+00:00,2.258487
2025-08-12 16:35:58.857423+00:00,2.2584871
2025-08-12 16:36:09.718914+00:00,2.2584873
2025-08-12 16:36:21.105475+00:00,2.2584867
2025-08-12 16:36:34.082936+00:00,2.2584872
2025-08-12 16:36:49.234681+00:00,2.2584872
2025-08-12 16:37:01.890859+00:00,2.2584866
2025-08-12 16:37:17.896871+00:00,2.2584868
2025-08-12 16:37:25.650137+00:00,2.2584869
2025-08-12 16:37:38.366227+00:00,2.258487
2025-08-12 16:37:52.357022+00:00,2.258487
2025-08-12 16:38:05.279967+00:00,2.2584866
2025-08-12 16:38:18.740493+00:00,2.2584868
2025-08-12 16:38:29.931290+00:00,2.2584875
2025-08-12 16:38:43.098464+00:00,2.2584876
2025-08-12 16:38:55.478658+00:00,2.2584869
2025-08-12 16:39:08.791660+00:00,2.2584869
2025-08-12 16:39:20.956039+00:00,2.2584868
2025-08-12 16:39:33.754313+00:00,2.2584874
2025-08-12 16:39:46.946263+00:00,2.258487
2025-08-12 16:39:58.955273+00:00,2.2584872
2025-08-12 16:40:12.077272+00:00,2.2584868
2025-08-12 16:40:25.639715+00:00,2.2584873
2025-08-12 16:40:37.801537+00:00,2.2584873
2025-08-12 16:40:50.612096+00:00,2.2584875
2025-08-12 16:41:04.163006+00:00,2.2584868
2025-08-12 16:41:15.925633+00:00,2.2584873
2025-08-12 16:41:29.581935+00:00,2.2584872
2025-08-12 16:41:41.285417+00:00,2.2584875
2025-08-12 16:41:54.009887+00:00,2.2584867
2025-08-12 16:42:10.457844+00:00,2.2584873
2025-08-12 16:42:19.888685+00:00,2.2584874
2025-08-12 16:42:32.990222+00:00,2.2584878
2025-08-12 16:42:46.298283+00:00,2.2584874
2025-08-12 16:42:58.577864+00:00,2.2584866
2025-08-12 16:43:11.994771+00:00,2.2584872
2025-08-12 16:43:24.771966+00:00,2.2584871
2025-08-12 16:43:51.494904+00:00,2.2584867
2025-08-12 16:44:03.879233+00:00,2.2584866
2025-08-12 16:44:16.887971+00:00,2.2584876
2025-08-12 16:44:29.856128+00:00,2.2584876
2025-08-12 16:44:42.202268+00:00,2.2584872
2025-08-12 16:44:55.062918+00:00,2.2584873
2025-08-12 16:45:08.833404+00:00,2.2584874
2025-08-12 16:45:21.562243+00:00,2.2584878
2025-08-12 16:45:35.120303+00:00,2.2584875
2025-08-12 16:45:47.955565+00:00,2.2584868
2025-08-12 16:45:59.140696+00:00,2.2584877
2025-08-12 16:46:12.794448+00:00,2.2584874
2025-08-12 16:46:27.592041+00:00,2.2584879
2025-08-12 16:46:37.365967+00:00,2.2584868
2025-08-12 16:46:50.461145+00:00,2.2584865
2025-08-12 16:47:03.100772+00:00,2.2584872
2025-08-12 16:47:19.604861+00:00,2.2584869
2025-08-12 16:47:28.729015+00:00,2.2584874
2025-08-12 16:47:42.569024+00:00,2.2584871
2025-08-12 16:47:54.471596+00:00,2.2584871
2025-08-12 16:48:07.340121+00:00,2.2584873
2025-08-12 16:48:19.881543+00:00,2.2584868
2025-08-12 16:48:32.747117+00:00,2.2584873
2025-08-12 16:48:46.928051+00:00,2.2584867
2025-08-12 16:48:58.374424+00:00,2.2584868
2025-08-12 16:49:12.796829+00:00,2.2584869
2025-08-12 16:49:24.276747+00:00,2.2584871
2025-08-12 16:49:37.205219+00:00,2.258487
2025-08-12 16:49:52.292493+00:00,2.2584874
2025-08-12 16:50:03.169886+00:00,2.2584863
2025-08-12 16:50:15.912938+00:00,2.2584871
2025-08-12 16:50:28.461317+00:00,2.2584871
2025-08-12 16:50:44.419338+00:00,2.2584871
2025-08-12 16:50:54.381879+00:00,2.258487
2025-08-12 16:51:19.611621+00:00,2.2584875
2025-08-12 16:51:32.609532+00:00,2.2584875
2025-08-12 16:51:44.770322+00:00,2.2584873
2025-08-12 16:52:12.751500+00:00,2.2584871
2025-08-12 16:52:23.623467+00:00,2.2584868
2025-08-12 16:52:36.598843+00:00,2.2584872
2025-08-12 16:52:50.123768+00:00,2.258487
2025-08-12 16:53:02.514006+00:00,2.2584868
2025-08-12 16:53:15.897569+00:00,2.2584875
2025-08-12 16:53:28.296347+00:00,2.2584868
2025-08-12 16:53:41.430531+00:00,2.2584867
2025-08-12 16:53:54.337185+00:00,2.2584874
2025-08-12 16:54:07.814473+00:00,2.258487
2025-08-12 16:54:20.210708+00:00,2.2584868
2025-08-12 16:54:33.581021+00:00,2.2584872
2025-08-12 16:54:47.197081+00:00,2.2584871
2025-08-12 16:54:58.937777+00:00,2.2584874
2025-08-12 16:55:11.811557+00:00,2.2584865
2025-08-12 16:55:24.746685+00:00,2.2584867
2025-08-12 16:55:37.754501+00:00,2.2584872
2025-08-12 16:55:50.425719+00:00,2.2584867
2025-08-12 16:56:03.495386+00:00,2.2584871
2025-08-12 16:56:16.311059+00:00,2.2584866
2025-08-12 16:56:28.819229+00:00,2.2584871
2025-08-12 16:56:41.918953+00:00,2.2584871
2025-08-12 16:56:53.660600+00:00,2.258487
2025-08-12 16:57:06.855239+00:00,2.2584872
2025-08-12 16:57:19.351523+00:00,2.2584876
2025-08-12 16:57:31.716328+00:00,2.258487
2025-08-12 16:57:44.382522+00:00,2.2584864
2025-08-12 16:57:58.710176+00:00,2.258487
2025-08-12 16:58:10.080388+00:00,2.258487
2025-08-12 16:58:22.661742+00:00,2.2584871
2025-08-12 16:58:35.452191+00:00,2.2584868
2025-08-12 16:58:48.734975+00:00,2.2584872
2025-08-12 16:59:01.322715+00:00,2.2584869
2025-08-12 16:59:14.279897+00:00,2.2584875
2025-08-12 16:59:26.763402+00:00,2.2584871
2025-08-12 16:59:39.045683+00:00,2.2584868
2025-08-12 16:59:51.943325+00:00,2.2584869
2025-08-12 17:00:05.064074+00:00,2.2584874
2025-08-12 17:00:21.879582+00:00,2.2584874
2025-08-12 17:00:30.664130+00:00,2.2584874
2025-08-12 17:00:43.130358+00:00,2.258487
2025-08-12 17:00:55.284820+00:00,2.2584871
2025-08-12 17:01:08.621437+00:00,2.2584873
2025-08-12 17:01:20.926864+00:00,2.2584874
2025-08-12 17:01:34.036372+00:00,2.2584873
2025-08-12 17:01:46.719827+00:00,2.258487
2025-08-12 17:01:59.748276+00:00,2.2584871
2025-08-12 17:02:12.793210+00:00,2.2584877
2025-08-12 17:02:26.503584+00:00,2.258487
2025-08-12 17:02:39.169476+00:00,2.2584869
2025-08-12 17:02:51.639473+00:00,2.2584877
2025-08-12 17:03:04.858998+00:00,2.2584878
2025-08-12 17:03:19.274733+00:00,2.2584874
2025-08-12 17:03:30.317147+00:00,2.2584869
2025-08-12 17:03:43.104576+00:00,2.2584867
2025-08-12 17:03:55.752200+00:00,2.2584869
2025-08-12 17:04:10.084214+00:00,2.2584872
2025-08-12 17:04:21.412589+00:00,2.2584872
2025-08-12 17:04:34.766454+00:00,2.2584871
2025-08-12 17:04:48.172747+00:00,2.2584866
2025-08-12 17:04:59.820552+00:00,2.2584866
2025-08-12 17:05:13.063745+00:00,2.2584872
2025-08-12 17:05:25.840994+00:00,2.2584873
2025-08-12 17:05:39.548061+00:00,2.258487
2025-08-12 17:05:51.413764+00:00,2.2584873
2025-08-12 17:06:03.472058+00:00,2.2584876
2025-08-12 17:06:16.170321+00:00,2.2584874
2025-08-12 17:06:29.676913+00:00,2.2584872
2025-08-12 17:06:41.874183+00:00,2.2584874
2025-08-12 17:06:54.325736+00:00,2.2584873
2025-08-12 17:07:07.782385+00:00,2.2584875
2025-08-12 17:07:20.713367+00:00,2.2584876
2025-08-12 17:07:34.774239+00:00,2.2584871
2025-08-12 17:07:49.003760+00:00,2.2584869
2025-08-12 17:07:58.384181+00:00,2.258487
2025-08-12 17:08:12.019048+00:00,2.2584869
2025-08-12 17:08:23.754550+00:00,2.2584869
2025-08-12 17:08:36.674814+00:00,2.2584869
2025-08-12 17:08:49.880043+00:00,2.2584866
2025-08-12 17:09:02.608831+00:00,2.2584872
2025-08-12 17:09:16.806224+00:00,2.2584869
2025-08-12 17:09:27.739842+00:00,2.2584871
2025-08-12 17:09:40.601514+00:00,2.2584872
2025-08-12 17:09:53.407133+00:00,2.2584865
2025-08-12 17:10:06.949872+00:00,2.2584871
2025-08-12 17:10:18.907572+00:00,2.2584865
2025-08-12 17:10:31.650734+00:00,2.2584875
2025-08-12 17:10:44.689073+00:00,2.2584879
2025-08-12 17:10:56.732009+00:00,2.2584867
2025-08-12 17:11:10.323276+00:00,2.2584874
2025-08-12 17:11:22.558718+00:00,2.2584867
2025-08-12 17:11:35.673554+00:00,2.258487
2025-08-12 17:11:51.221566+00:00,2.2584877
2025-08-12 17:12:01.553623+00:00,2.2584867
2025-08-12 17:12:27.329416+00:00,2.2584876
2025-08-12 17:12:40.170782+00:00,2.2584873
2025-08-12 17:12:54.111932+00:00,2.2584873
2025-08-12 17:13:07.554217+00:00,2.2584874
2025-08-12 17:13:20.975732+00:00,2.2584872
2025-08-12 17:13:32.193668+00:00,2.2584874
2025-08-12 17:13:44.482757+00:00,2.258487
2025-08-12 17:13:57.319060+00:00,2.2584873
2025-08-12 17:14:10.283707+00:00,2.258487
2025-08-12 17:14:24.367968+00:00,2.2584873
2025-08-12 17:14:35.731267+00:00,2.2584872
2025-08-12 17:14:48.801688+00:00,2.2584872
2025-08-12 17:15:03.903782+00:00,2.258487
2025-08-12 17:15:14.251500+00:00,2.2584868
2025-08-12 17:15:45.610439+00:00,2.2584874
2025-08-12 17:15:51.532986+00:00,2.2584872
2025-08-12 17:16:10.109831+00:00,2.2584872
2025-08-12 17:16:17.767471+00:00,2.2584869
2025-08-12 17:16:29.701186+00:00,2.2584869
2025-08-12 17:16:42.822289+00:00,2.2584873
2025-08-12 17:16:55.357363+00:00,2.2584875
2025-08-12 17:17:08.898437+00:00,2.2584866
2025-08-12 17:17:23.578037+00:00,2.2584868
2025-08-12 17:17:34.026537+00:00,2.2584876
2025-08-12 17:17:46.788243+00:00,2.2584874
2025-08-12 17:17:59.264307+00:00,2.2584872
2025-08-12 17:18:12.379292+00:00,2.2584874
2025-08-12 17:18:25.680086+00:00,2.2584876
2025-08-12 17:18:37.374972+00:00,2.258487
2025-08-12 17:18:50.600947+00:00,2.2584868
2025-08-12 17:19:04.452802+00:00,2.2584874
2025-08-12 17:19:29.138751+00:00,2.2584873
2025-08-12 17:19:41.729946+00:00,2.2584873
2025-08-12 17:19:54.060058+00:00,2.2584867
2025-08-12 17:20:07.696489+00:00,2.2584875
2025-08-12 17:20:20.425795+00:00,2.2584871
2025-08-12 17:20:34.434840+00:00,2.2584875
2025-08-12 17:20:51.274624+00:00,2.2584869
2025-08-12 17:20:59.387003+00:00,2.258487
2025-08-12 17:21:12.804797+00:00,2.258487
2025-08-12 17:21:24.994419+00:00,2.2584872
2025-08-12 17:21:37.818419+00:00,2.258487
2025-08-12 17:21:51.094219+00:00,2.2584868
2025-08-12 17:22:04.973183+00:00,2.2584866
2025-08-12 17:22:17.185327+00:00,2.2584864
2025-08-12 17:22:29.465782+00:00,2.2584868
2025-08-12 17:22:47.282113+00:00,2.2584865
2025-08-12 17:22:55.326135+00:00,2.2584868
2025-08-12 17:23:08.824217+00:00,2.258487
2025-08-12 17:23:21.198973+00:00,2.2584875
2025-08-12 17:23:33.847266+00:00,2.2584873
2025-08-12 17:24:04.803678+00:00,2.2584873
2025-08-12 17:24:12.546672+00:00,2.2584872
2025-08-12 17:24:26.201661+00:00,2.2584867
2025-08-12 17:24:37.874328+00:00,2.2584865
2025-08-12 17:24:50.369961+00:00,2.2584872
2025-08-12 17:25:03.351532+00:00,2.2584868
2025-08-12 17:25:16.244768+00:00,2.2584868
2025-08-12 17:25:30.350765+00:00,2.2584874
2025-08-12 17:25:42.501669+00:00,2.2584864
2025-08-12 17:25:55.027555+00:00,2.2584868
2025-08-12 17:26:07.970179+00:00,2.258487
2025-08-12 17:26:21.451550+00:00,2.2584867
2025-08-12 17:26:33.225722+00:00,2.2584869
2025-08-12 17:26:47.434267+00:00,2.2584868
2025-08-12 17:26:58.354874+00:00,2.2584871
2025-08-12 17:27:11.692270+00:00,2.2584874
2025-08-12 17:27:24.516154+00:00,2.258487
2025-08-12 17:27:37.041403+00:00,2.2584873
2025-08-12 17:27:50.189226+00:00,2.2584873
2025-08-12 17:28:02.665431+00:00,2.258487
2025-08-12 17:28:15.681457+00:00,2.2584876
2025-08-12 17:28:28.243276+00:00,2.2584874
2025-08-12 17:28:40.985742+00:00,2.2584872
2025-08-12 17:28:53.758359+00:00,2.258487
2025-08-12 17:29:06.698881+00:00,2.2584868
2025-08-12 17:29:20.319836+00:00,2.2584867
2025-08-12 17:29:32.281135+00:00,2.2584874
2025-08-12 17:29:44.692301+00:00,2.2584866
2025-08-12 17:29:57.295549+00:00,2.2584872
2025-08-12 17:30:10.170980+00:00,2.2584873
2025-08-12 17:30:23.096563+00:00,2.2584874
2025-08-12 17:30:39.493397+00:00,2.2584869
2025-08-12 17:30:48.883180+00:00,2.2584873
2025-08-12 17:31:01.697340+00:00,2.2584873
2025-08-12 17:31:14.463847+00:00,2.2584869
2025-08-12 17:31:27.505935+00:00,2.2584868
2025-08-12 17:31:40.614488+00:00,2.2584869
2025-08-12 17:31:53.251201+00:00,2.2584868
2025-08-12 17:32:06.807240+00:00,2.2584868
2025-08-12 17:32:19.200305+00:00,2.2584873
2025-08-12 17:32:35.126428+00:00,2.2584874
2025-08-12 17:32:46.656267+00:00,2.2584869
2025-08-12 17:32:58.300439+00:00,2.2584877
2025-08-12 17:33:11.718502+00:00,2.2584865
2025-08-12 17:33:23.594883+00:00,2.2584874
2025-08-12 17:33:37.170170+00:00,2.2584872
2025-08-12 17:33:55.533092+00:00,2.2584871
2025-08-12 17:34:02.409721+00:00,2.2584867
2025-08-12 17:34:15.204149+00:00,2.2584865
2025-08-12 17:34:27.715055+00:00,2.2584873
2025-08-12 17:34:40.780051+00:00,2.2584877
2025-08-12 17:34:58.596847+00:00,2.2584866
2025-08-12 17:35:06.873541+00:00,2.2584868
2025-08-12 17:35:18.847050+00:00,2.2584874
2025-08-12 17:35:33.132327+00:00,2.2584874
2025-08-12 17:35:44.529156+00:00,2.2584867
2025-08-12 17:35:58.054523+00:00,2.2584873
2025-08-12 17:36:10.554382+00:00,2.2584876
2025-08-12 17:36:22.993120+00:00,2.2584868
2025-08-12 17:36:35.440827+00:00,2.2584875
2025-08-12 17:36:48.396307+00:00,2.2584869
2025-08-12 17:37:01.905344+00:00,2.2584868
2025-08-12 17:37:14.130364+00:00,2.2584869
2025-08-12 17:37:28.858913+00:00,2.2584865
2025-08-12 17:37:39.971276+00:00,2.2584872
2025-08-12 17:37:52.839664+00:00,2.258487
2025-08-12 17:38:05.820524+00:00,2.2584872
2025-08-12 17:38:18.641866+00:00,2.2584869
2025-08-12 17:38:31.578628+00:00,2.2584866
2025-08-12 17:38:47.037769+00:00,2.2584869
2025-08-12 17:38:56.607886+00:00,2.2584871
2025-08-12 17:39:10.894247+00:00,2.2584877
2025-08-12 17:39:22.469969+00:00,2.2584867
2025-08-12 17:39:40.856012+00:00,2.2584875
2025-08-12 17:39:49.735438+00:00,2.2584866
2025-08-12 17:40:03.912859+00:00,2.2584873
2025-08-12 17:40:13.201569+00:00,2.2584873
2025-08-12 17:40:26.677080+00:00,2.2584872
2025-08-12 17:40:43.110226+00:00,2.2584869
2025-08-12 17:40:52.432585+00:00,2.258487
2025-08-12 17:41:04.837724+00:00,2.2584869
2025-08-12 17:41:17.899246+00:00,2.2584869
2025-08-12 17:41:32.352446+00:00,2.2584874
2025-08-12 17:41:43.718467+00:00,2.2584875
2025-08-12 17:41:57.200087+00:00,2.2584868
2025-08-12 17:42:10.218082+00:00,2.2584868
2025-08-12 17:42:22.835479+00:00,2.2584868
2025-08-12 17:42:35.465887+00:00,2.2584875
2025-08-12 17:42:48.734773+00:00,2.2584869
2025-08-12 17:43:04.806749+00:00,2.258487
2025-08-12 17:43:14.459779+00:00,2.2584877
2025-08-12 17:43:27.638410+00:00,2.2584871
2025-08-12 17:43:40.045276+00:00,2.2584869
2025-08-12 17:43:53.085443+00:00,2.2584874
2025-08-12 17:44:06.208436+00:00,2.2584868
2025-08-12 17:44:20.049039+00:00,2.2584871
2025-08-12 17:44:31.673426+00:00,2.2584869
2025-08-12 17:44:44.368430+00:00,2.2584875
2025-08-12 17:44:57.396971+00:00,2.2584873
2025-08-12 17:45:10.548228+00:00,2.2584871
2025-08-12 17:45:23.419590+00:00,2.258487
2025-08-12 17:45:37.117116+00:00,2.258487
2025-08-12 17:45:53.785107+00:00,2.2584878
2025-08-12 17:46:00.884936+00:00,2.2584876
2025-08-12 17:46:13.647082+00:00,2.2584873
2025-08-12 17:46:26.366920+00:00,2.258487
2025-08-12 17:46:39.406669+00:00,2.2584867
2025-08-12 17:46:53.116939+00:00,2.2584869
2025-08-12 17:47:05.151837+00:00,2.2584869
2025-08-12 17:47:18.061262+00:00,2.2584875
2025-08-12 17:47:31.011394+00:00,2.258487
2025-08-12 17:47:43.265782+00:00,2.2584867
2025-08-12 17:47:56.199996+00:00,2.2584869
2025-08-12 17:48:08.973725+00:00,2.2584867
2025-08-12 17:48:21.925475+00:00,2.2584874
2025-08-12 17:48:35.671419+00:00,2.2584872
2025-08-12 17:48:49.390478+00:00,2.2584873
2025-08-12 17:49:00.000410+00:00,2.2584873
2025-08-12 17:49:18.841385+00:00,2.2584875
2025-08-12 17:49:25.567210+00:00,2.2584869
2025-08-12 17:49:38.388440+00:00,2.2584875
2025-08-12 17:49:52.439200+00:00,2.2584875
2025-08-12 17:50:04.636480+00:00,2.258487
2025-08-12 17:50:18.913965+00:00,2.2584872
2025-08-12 17:50:30.873361+00:00,2.2584874
2025-08-12 17:50:43.564922+00:00,2.2584873
2025-08-12 17:50:57.329415+00:00,2.2584868
2025-08-12 17:51:09.934882+00:00,2.2584873
2025-08-12 17:51:22.354670+00:00,2.2584871
2025-08-12 17:51:35.320540+00:00,2.258487
2025-08-12 17:51:49.008859+00:00,2.2584868
2025-08-12 17:52:01.155496+00:00,2.2584868
2025-08-12 17:52:14.234839+00:00,2.2584871
2025-08-12 17:52:26.914125+00:00,2.2584871
2025-08-12 17:52:40.093267+00:00,2.258487
2025-08-12 17:52:52.537496+00:00,2.2584873
2025-08-12 17:53:08.751422+00:00,2.2584872
2025-08-12 17:53:19.274202+00:00,2.258487
2025-08-12 17:53:32.984591+00:00,2.2584875
2025-08-12 17:53:57.060511+00:00,2.2584874
2025-08-12 17:54:09.848085+00:00,2.2584876
2025-08-12 17:54:22.423405+00:00,2.2584868
2025-08-12 17:54:34.994104+00:00,2.2584878
2025-08-12 17:54:49.379680+00:00,2.2584874
2025-08-12 17:55:00.958968+00:00,2.2584877
2025-08-12 17:55:14.056712+00:00,2.2584867
2025-08-12 17:55:26.956955+00:00,2.2584875
2025-08-12 17:55:41.622264+00:00,2.2584867
2025-08-12 17:56:05.632508+00:00,2.2584873
2025-08-12 17:56:18.139562+00:00,2.2584867
2025-08-12 17:56:31.159561+00:00,2.2584874
2025-08-12 17:56:43.748722+00:00,2.258487
2025-08-12 17:56:56.842573+00:00,2.2584874
2025-08-12 17:57:10.091892+00:00,2.2584872
2025-08-12 17:57:22.236408+00:00,2.2584867
2025-08-12 17:57:36.719778+00:00,2.2584874
2025-08-12 17:57:48.083134+00:00,2.2584872
2025-08-12 17:58:01.142291+00:00,2.2584867
2025-08-12 17:58:13.507366+00:00,2.2584863
2025-08-12 17:58:26.394819+00:00,2.2584875
2025-08-12 17:58:39.783734+00:00,2.2584868
2025-08-12 17:58:51.720559+00:00,2.2584869
2025-08-12 17:59:04.539150+00:00,2.258487
2025-08-12 17:59:17.302652+00:00,2.2584868
2025-08-12 17:59:30.516064+00:00,2.2584872
2025-08-12 17:59:42.777941+00:00,2.2584872
2025-08-12 17:59:55.801687+00:00,2.2584876
2025-08-12 18:00:08.785503+00:00,2.2584874
2025-08-12 18:00:21.810655+00:00,2.258487
2025-08-12 18:00:37.077739+00:00,2.2584868
2025-08-12 18:00:47.873487+00:00,2.2584874
2025-08-12 18:01:01.326234+00:00,2.2584866
2025-08-12 18:01:14.066369+00:00,2.2584867
2025-08-12 18:01:26.732401+00:00,2.2584874
2025-08-12 18:01:40.648654+00:00,2.2584871
2025-08-12 18:01:54.589095+00:00,2.2584873
2025-08-12 18:02:17.357675+00:00,2.2584866
2025-08-12 18:02:18.672124+00:00,2.2584872
2025-08-12 18:02:31.689549+00:00,2.2584876
2025-08-12 18:02:44.192499+00:00,2.2584868
2025-08-12 18:02:57.886739+00:00,2.2584875
2025-08-12 18:03:14.044823+00:00,2.2584875
2025-08-12 18:03:23.040841+00:00,2.2584868
2025-08-12 18:03:36.238087+00:00,2.2584867
2025-08-12 18:03:51.366675+00:00,2.2584868
2025-08-12 18:04:03.002891+00:00,2.2584868
2025-08-12 18:04:15.578060+00:00,2.2584873
2025-08-12 18:04:27.064862+00:00,2.2584872
2025-08-12 18:04:41.244220+00:00,2.2584872
2025-08-12 18:04:53.231259+00:00,2.2584872
2025-08-12 18:05:05.117176+00:00,2.258487
2025-08-12 18:05:21.624499+00:00,2.2584873
2025-08-12 18:05:31.591111+00:00,2.2584867
2025-08-12 18:05:45.455630+00:00,2.2584869
2025-08-12 18:05:55.966435+00:00,2.2584873
2025-08-12 18:06:09.196966+00:00,2.2584868
2025-08-12 18:06:23.554950+00:00,2.2584873
2025-08-12 18:06:35.359989+00:00,2.2584873
2025-08-12 18:06:47.704707+00:00,2.2584864
2025-08-12 18:07:00.010095+00:00,2.2584875
2025-08-12 18:07:13.807672+00:00,2.2584869
2025-08-12 18:07:26.476884+00:00,2.2584867
2025-08-12 18:07:38.953506+00:00,2.2584874
2025-08-12 18:07:51.616848+00:00,2.2584875
2025-08-12 18:08:04.863213+00:00,2.2584874
2025-08-12 18:08:18.813928+00:00,2.2584869
2025-08-12 18:08:31.419950+00:00,2.2584869
2025-08-12 18:08:42.530236+00:00,2.2584874
2025-08-12 18:08:55.493673+00:00,2.2584876
2025-08-12 18:09:08.518356+00:00,2.2584868
2025-08-12 18:09:21.728919+00:00,2.2584879
2025-08-12 18:09:34.302469+00:00,2.2584878
2025-08-12 18:09:46.566880+00:00,2.2584873
2025-08-12 18:09:59.079034+00:00,2.2584866
2025-08-12 18:10:12.566238+00:00,2.2584865
2025-08-12 18:10:24.808724+00:00,2.2584868
2025-08-12 18:10:37.299589+00:00,2.2584869
2025-08-12 18:10:50.275314+00:00,2.2584867
2025-08-12 18:11:03.045354+00:00,2.2584877
2025-08-12 18:11:15.982355+00:00,2.2584876
2025-08-12 18:11:28.804148+00:00,2.258487
2025-08-12 18:11:41.588338+00:00,2.2584873
2025-08-12 18:11:55.468958+00:00,2.2584872
2025-08-12 18:12:13.620496+00:00,2.2584873
2025-08-12 18:12:20.458816+00:00,2.2584868
2025-08-12 18:12:34.022126+00:00,2.2584871
2025-08-12 18:12:46.491883+00:00,2.2584873
2025-08-12 18:12:59.380442+00:00,2.2584873
2025-08-12 18:13:13.793651+00:00,2.2584874
2025-08-12 18:13:24.767253+00:00,2.2584865
2025-08-12 18:13:38.367295+00:00,2.2584868
2025-08-12 18:13:50.624931+00:00,2.2584873
2025-08-12 18:14:03.628912+00:00,2.2584864
2025-08-12 18:14:16.582864+00:00,2.2584872
2025-08-12 18:14:30.918130+00:00,2.2584871
2025-08-12 18:14:46.366510+00:00,2.2584873
2025-08-12 18:14:56.123990+00:00,2.2584874
2025-08-12 18:15:09.062155+00:00,2.2584872
2025-08-12 18:15:20.190748+00:00,2.2584866
2025-08-12 18:15:32.876836+00:00,2.2584874
2025-08-12 18:15:46.154718+00:00,2.2584875
2025-08-12 18:15:57.543831+00:00,2.2584868
2025-08-12 18:16:10.726392+00:00,2.2584872
2025-08-12 18:16:22.947736+00:00,2.2584873
2025-08-12 18:16:35.813299+00:00,2.2584872
2025-08-12 18:16:49.179775+00:00,2.258487
2025-08-12 18:17:02.002061+00:00,2.2584869
2025-08-12 18:17:14.073889+00:00,2.2584869
2025-08-12 18:17:26.978858+00:00,2.258487
2025-08-12 18:17:39.416884+00:00,2.2584873
2025-08-12 18:17:56.811387+00:00,2.2584872
2025-08-12 18:18:06.397747+00:00,2.2584871
2025-08-12 18:18:18.206912+00:00,2.2584867
2025-08-12 18:18:31.427516+00:00,2.2584871
2025-08-12 18:18:46.748486+00:00,2.2584871
2025-08-12 18:18:57.360049+00:00,2.2584867
2025-08-12 18:19:09.226387+00:00,2.2584875
2025-08-12 18:19:21.758752+00:00,2.2584875
2025-08-12 18:19:34.560671+00:00,2.2584875
2025-08-12 18:19:47.368803+00:00,2.2584869
2025-08-12 18:20:14.212298+00:00,2.2584867
2025-08-12 18:20:26.749293+00:00,2.2584875
2025-08-12 18:20:38.461648+00:00,2.2584876
2025-08-12 18:20:50.850050+00:00,2.258487
2025-08-12 18:21:03.834820+00:00,2.2584871
2025-08-12 18:21:16.852285+00:00,2.2584868
2025-08-12 18:21:31.273025+00:00,2.2584869
2025-08-12 18:21:43.212017+00:00,2.2584872
2025-08-12 18:21:55.164337+00:00,2.2584878
2025-08-12 18:22:08.561467+00:00,2.2584875
2025-08-12 18:22:20.834406+00:00,2.2584873
2025-08-12 18:22:34.862144+00:00,2.258487
2025-08-12 18:22:47.338713+00:00,2.258487
2025-08-12 18:22:59.928718+00:00,2.2584874
2025-08-12 18:23:13.119325+00:00,2.2584867
2025-08-12 18:23:26.091137+00:00,2.2584871
2025-08-12 18:23:38.865249+00:00,2.258488
2025-08-12 18:23:52.131982+00:00,2.2584869
2025-08-12 18:24:04.821074+00:00,2.2584866
2025-08-12 18:24:17.780250+00:00,2.2584875
2025-08-12 18:24:30.011765+00:00,2.258487
2025-08-12 18:24:42.987114+00:00,2.2584875
2025-08-12 18:24:56.121656+00:00,2.2584869
2025-08-12 18:25:13.109497+00:00,2.2584877
2025-08-12 18:25:23.734034+00:00,2.258487
2025-08-12 18:25:38.061059+00:00,2.2584872
2025-08-12 18:25:46.993340+00:00,2.2584871
2025-08-12 18:25:59.464327+00:00,2.2584877
2025-08-12 18:26:12.916895+00:00,2.2584872
2025-08-12 18:26:25.368304+00:00,2.2584871
2025-08-12 18:26:38.516896+00:00,2.2584874
2025-08-12 18:26:50.988216+00:00,2.2584873
2025-08-12 18:27:03.203597+00:00,2.2584871
2025-08-12 18:27:16.391327+00:00,2.2584875
2025-08-12 18:27:28.799364+00:00,2.2584873
2025-08-12 18:27:41.759035+00:00,2.2584869
2025-08-12 18:27:55.342881+00:00,2.2584873
2025-08-12 18:28:07.599752+00:00,2.2584866
2025-08-12 18:28:20.829189+00:00,2.2584871
2025-08-12 18:28:33.763630+00:00,2.2584876
2025-08-12 18:28:46.004492+00:00,2.2584868
2025-08-12 18:28:58.508026+00:00,2.2584872
2025-08-12 18:29:12.497289+00:00,2.2584872
2025-08-12 18:29:24.598812+00:00,2.2584875
2025-08-12 18:29:37.262680+00:00,2.2584877
2025-08-12 18:29:49.329144+00:00,2.2584869
2025-08-12 18:30:02.222512+00:00,2.2584867
2025-08-12 18:30:18.239823+00:00,2.2584866
2025-08-12 18:30:28.814759+00:00,2.2584868
2025-08-12 18:30:40.630842+00:00,2.2584874
2025-08-12 18:30:53.099362+00:00,2.2584868
2025-08-12 18:31:05.963698+00:00,2.2584868
2025-08-12 18:31:18.461767+00:00,2.258487
2025-08-12 18:31:43.453043+00:00,2.2584876
2025-08-12 18:31:57.231101+00:00,2.2584869
2025-08-12 18:32:09.861894+00:00,2.2584875
2025-08-12 18:32:26.279784+00:00,2.2584875
2025-08-12 18:32:37.844258+00:00,2.2584874
2025-08-12 18:32:48.164487+00:00,2.2584874
2025-08-12 18:33:01.359809+00:00,2.2584872
2025-08-12 18:33:14.619334+00:00,2.2584869
2025-08-12 18:33:28.293641+00:00,2.2584874
2025-08-12 18:33:40.678071+00:00,2.2584871
2025-08-12 18:33:52.926457+00:00,2.2584864
2025-08-12 18:34:07.197931+00:00,2.2584871
2025-08-12 18:34:18.716851+00:00,2.2584873
2025-08-12 18:34:31.594203+00:00,2.258487
2025-08-12 18:34:47.449138+00:00,2.2584879
2025-08-12 18:34:57.531667+00:00,2.2584875
2025-08-12 18:35:10.322008+00:00,2.258487
2025-08-12 18:35:23.072656+00:00,2.2584871
2025-08-12 18:35:35.710899+00:00,2.2584875
2025-08-12 18:35:48.393938+00:00,2.258487
2025-08-12 18:36:01.141715+00:00,2.2584876
2025-08-12 18:36:18.849992+00:00,2.2584878
2025-08-12 18:36:26.257115+00:00,2.2584872
2025-08-12 18:36:38.489091+00:00,2.2584877
2025-08-12 18:36:57.433039+00:00,2.2584867
2025-08-12 18:37:04.351668+00:00,2.2584875
2025-08-12 18:37:17.708272+00:00,2.2584873
2025-08-12 18:37:29.923718+00:00,2.2584869
2025-08-12 18:37:42.890880+00:00,2.2584872
2025-08-12 18:37:57.139551+00:00,2.2584872
2025-08-12 18:38:08.291133+00:00,2.2584877
2025-08-12 18:38:20.841317+00:00,2.2584876
2025-08-12 18:38:35.796224+00:00,2.2584875
2025-08-12 18:38:46.815693+00:00,2.2584871
2025-08-12 18:38:59.429312+00:00,2.2584875
2025-08-12 18:39:12.383054+00:00,2.2584869
2025-08-12 18:39:25.125799+00:00,2.2584875
2025-08-12 18:39:38.069495+00:00,2.2584872
2025-08-12 18:39:50.642020+00:00,2.2584874
2025-08-12 18:40:03.261346+00:00,2.2584879
2025-08-12 18:40:29.353654+00:00,2.2584867
2025-08-12 18:40:41.340220+00:00,2.2584867
2025-08-12 18:40:54.736118+00:00,2.2584875
2025-08-12 18:41:07.452474+00:00,2.2584867
2025-08-12 18:41:19.733836+00:00,2.258487
2025-08-12 18:41:35.514666+00:00,2.2584875
2025-08-12 18:41:45.125238+00:00,2.2584877
2025-08-12 18:41:59.156655+00:00,2.2584871
2025-08-12 18:42:11.669338+00:00,2.2584878
2025-08-12 18:42:27.695683+00:00,2.2584866
2025-08-12 18:42:37.001570+00:00,2.2584865
2025-08-12 18:42:49.951484+00:00,2.2584867
2025-08-12 18:43:03.232896+00:00,2.258487
2025-08-12 18:43:16.885480+00:00,2.2584868
2025-08-12 18:43:29.576525+00:00,2.2584872
2025-08-12 18:43:42.016465+00:00,2.2584875
2025-08-12 18:43:54.931494+00:00,2.2584872
2025-08-12 18:44:07.990168+00:00,2.2584876
2025-08-12 18:44:20.534467+00:00,2.2584876
2025-08-12 18:44:35.460300+00:00,2.2584872
2025-08-12 18:44:46.406502+00:00,2.2584865
2025-08-12 18:44:59.744969+00:00,2.2584873
2025-08-12 18:45:12.013514+00:00,2.2584876
2025-08-12 18:45:24.781989+00:00,2.2584873
2025-08-12 18:45:37.686136+00:00,2.2584874
2025-08-12 18:45:50.460480+00:00,2.258487
2025-08-12 18:46:03.741886+00:00,2.2584876
2025-08-12 18:46:17.145499+00:00,2.2584874
2025-08-12 18:46:28.403112+00:00,2.2584872
2025-08-12 18:46:41.958031+00:00,2.2584878
2025-08-12 18:46:53.664474+00:00,2.2584863
2025-08-12 18:47:07.587942+00:00,2.2584875
2025-08-12 18:47:19.446626+00:00,2.2584869
2025-08-12 18:47:32.640568+00:00,2.258487
2025-08-12 18:47:45.268230+00:00,2.2584872
2025-08-12 18:47:58.111336+00:00,2.258487
2025-08-12 18:48:12.554503+00:00,2.2584874
2025-08-12 18:48:23.372414+00:00,2.2584878
2025-08-12 18:48:38.468335+00:00,2.2584874
2025-08-12 18:48:49.191943+00:00,2.2584868
2025-08-12 18:49:02.273044+00:00,2.2584872
2025-08-12 18:49:18.714104+00:00,2.2584877
2025-08-12 18:49:27.559221+00:00,2.2584873
2025-08-12 18:49:40.217075+00:00,2.2584874
2025-08-12 18:49:53.074549+00:00,2.258487
2025-08-12 18:50:05.988359+00:00,2.2584871
2025-08-12 18:50:21.623546+00:00,2.2584866
2025-08-12 18:50:31.496058+00:00,2.2584876
2025-08-12 18:50:44.621155+00:00,2.258487
2025-08-12 18:50:56.763314+00:00,2.2584872
2025-08-12 18:51:10.235488+00:00,2.2584868
2025-08-12 18:51:23.010155+00:00,2.2584872
2025-08-12 18:51:36.014881+00:00,2.2584872
2025-08-12 18:51:48.780591+00:00,2.2584877
2025-08-12 18:52:01.088600+00:00,2.2584868
2025-08-12 18:52:13.969980+00:00,2.2584873
2025-08-12 18:52:26.866673+00:00,2.2584867
2025-08-12 18:52:39.914161+00:00,2.2584874
2025-08-12 18:52:53.217572+00:00,2.2584867
2025-08-12 18:53:07.394720+00:00,2.2584877
2025-08-12 18:53:19.907556+00:00,2.2584873
2025-08-12 18:53:31.894261+00:00,2.2584872
2025-08-12 18:53:44.644421+00:00,2.2584871
2025-08-12 18:53:57.603791+00:00,2.2584874
2025-08-12 18:54:10.529596+00:00,2.2584873
2025-08-12 18:54:23.170347+00:00,2.2584873
2025-08-12 18:54:36.634521+00:00,2.2584869
2025-08-12 18:54:49.047672+00:00,2.2584858
2025-08-12 18:55:02.140734+00:00,2.2584871
2025-08-12 18:55:14.939334+00:00,2.2584867
2025-08-12 18:55:28.429075+00:00,2.258487
2025-08-12 18:55:40.614331+00:00,2.2584859
2025-08-12 18:55:53.223744+00:00,2.2584875
2025-08-12 18:56:18.937948+00:00,2.2584873
2025-08-12 18:56:38.669840+00:00,2.2584861
2025-08-12 18:56:43.913298+00:00,2.2584869
2025-08-12 18:56:56.639560+00:00,2.2584865
2025-08-12 18:57:09.507891+00:00,2.2584876
2025-08-12 18:57:22.214446+00:00,2.2584871
2025-08-12 18:57:39.155798+00:00,2.258487
2025-08-12 18:58:13.297336+00:00,2.2584871
2025-08-12 18:58:27.341501+00:00,2.2584867
2025-08-12 18:58:51.261326+00:00,2.2584872
2025-08-12 18:59:17.028627+00:00,2.2584862
2025-08-12 18:59:31.617208+00:00,2.2584877
2025-08-12 18:59:43.363065+00:00,2.2584867
2025-08-12 19:00:08.012398+00:00,2.2584863
2025-08-12 19:00:20.413352+00:00,2.2584862
2025-08-12 19:00:46.230973+00:00,2.2584867
2025-08-12 19:01:24.069429+00:00,2.2584869
2025-08-12 19:01:49.950559+00:00,2.2584872
2025-08-12 19:02:15.805999+00:00,2.2584875
2025-08-12 19:02:29.583214+00:00,2.2584871
2025-08-12 19:02:41.561664+00:00,2.2584869
2025-08-12 19:02:55.109854+00:00,2.2584869
2025-08-12 19:03:08.913929+00:00,2.2584862
2025-08-12 19:03:37.902390+00:00,2.2584867
2025-08-12 19:03:47.428468+00:00,2.2584865
2025-08-12 19:03:59.039799+00:00,2.2584859
2025-08-12 19:04:12.567172+00:00,2.2584869
2025-08-12 19:04:24.891175+00:00,2.2584869
2025-08-12 19:04:37.804048+00:00,2.2584862
2025-08-12 19:04:50.480741+00:00,2.2584865
2025-08-12 19:06:57.896815+00:00,2.2584867
2025-08-12 19:07:11.472361+00:00,2.2584868
2025-08-12 19:07:22.692091+00:00,2.2584868
2025-08-12 19:08:02.671112+00:00,2.258487
2025-08-12 19:08:13.960304+00:00,2.2584869
2025-08-12 19:08:26.936218+00:00,2.2584872
2025-08-12 19:08:39.986163+00:00,2.2584873
2025-08-12 19:08:52.580972+00:00,2.2584864
2025-08-12 19:09:06.121964+00:00,2.2584864
2025-08-12 19:09:18.531446+00:00,2.2584876
2025-08-12 19:09:31.111758+00:00,2.258487
2025-08-12 19:09:43.600737+00:00,2.2584873
2025-08-12 19:10:10.708631+00:00,2.2584872
2025-08-12 19:10:22.035986+00:00,2.2584863
2025-08-12 19:10:34.965532+00:00,2.2584868
2025-08-12 19:10:49.705859+00:00,2.2584863
2025-08-12 19:10:59.891948+00:00,2.258487
2025-08-12 19:11:14.451276+00:00,2.2584872
2025-08-12 19:11:25.630535+00:00,2.2584867
2025-08-12 19:11:38.484074+00:00,2.2584876
2025-08-12 19:11:51.646302+00:00,2.258487
2025-08-12 19:12:04.615090+00:00,2.2584877
2025-08-12 19:12:17.497287+00:00,2.2584879
2025-08-12 19:12:30.369591+00:00,2.2584872
2025-08-12 19:12:43.348067+00:00,2.2584869
2025-08-12 19:12:56.165044+00:00,2.2584868
2025-08-12 19:13:09.567327+00:00,2.2584868
2025-08-12 19:13:22.297347+00:00,2.2584867
2025-08-12 19:13:35.583152+00:00,2.2584871
2025-08-12 19:13:49.422683+00:00,2.2584871
2025-08-12 19:14:01.543797+00:00,2.2584871
2025-08-12 19:14:16.004402+00:00,2.2584877
2025-08-12 19:14:26.537522+00:00,2.2584869
2025-08-12 19:14:39.483264+00:00,2.2584871
2025-08-12 19:14:52.572435+00:00,2.2584875
2025-08-12 19:15:05.477016+00:00,2.2584874
2025-08-12 19:15:18.435329+00:00,2.258487
2025-08-12 19:15:30.948042+00:00,2.2584875
2025-08-12 19:15:43.619851+00:00,2.2584873
2025-08-12 19:15:56.582879+00:00,2.2584875
2025-08-12 19:16:09.118059+00:00,2.2584866
2025-08-12 19:16:26.714512+00:00,2.2584871
2025-08-12 19:16:33.992354+00:00,2.2584868
2025-08-12 19:16:47.115848+00:00,2.2584873
2025-08-12 19:16:59.379300+00:00,2.2584872
2025-08-12 19:17:12.825484+00:00,2.2584869
2025-08-12 19:17:25.336025+00:00,2.2584875
2025-08-12 19:17:37.708052+00:00,2.2584878
2025-08-12 19:17:50.535253+00:00,2.258487
2025-08-12 19:18:03.946073+00:00,2.2584874
2025-08-12 19:18:16.429924+00:00,2.2584877
2025-08-12 19:18:29.386038+00:00,2.2584877
2025-08-12 19:18:42.314093+00:00,2.2584873
2025-08-12 19:18:55.462563+00:00,2.2584875
2025-08-12 19:19:08.151984+00:00,2.2584871
2025-08-12 19:19:20.586251+00:00,2.2584872
2025-08-12 19:19:33.994664+00:00,2.258487
2025-08-12 19:19:45.952452+00:00,2.2584873
2025-08-12 19:19:58.457363+00:00,2.2584873
2025-08-12 19:20:11.869177+00:00,2.2584868
2025-08-12 19:20:24.986305+00:00,2.2584868
2025-08-12 19:20:38.615711+00:00,2.2584871
2025-08-12 19:20:49.206453+00:00,2.2584874
2025-08-12 19:21:05.353734+00:00,2.2584877
2025-08-12 19:21:15.833619+00:00,2.2584871
2025-08-12 19:21:27.786961+00:00,2.2584872
2025-08-12 19:21:40.666433+00:00,2.2584877
2025-08-12 19:21:53.636916+00:00,2.2584873
2025-08-12 19:22:07.035455+00:00,2.2584876
2025-08-12 19:22:20.812985+00:00,2.2584873
2025-08-12 19:22:33.324740+00:00,2.2584878
2025-08-12 19:22:49.524867+00:00,2.2584875
2025-08-12 19:22:58.978089+00:00,2.2584877
2025-08-12 19:23:11.760882+00:00,2.2584875
2025-08-12 19:23:24.152159+00:00,2.2584875
2025-08-12 19:23:37.358340+00:00,2.2584875
2025-08-12 19:23:49.811868+00:00,2.2584871
2025-08-12 19:24:03.228956+00:00,2.2584876
2025-08-12 19:24:17.237108+00:00,2.2584874
2025-08-12 19:24:29.604609+00:00,2.2584872
2025-08-12 19:24:41.754196+00:00,2.2584869
2025-08-12 19:24:54.361487+00:00,2.2584875
2025-08-12 19:25:10.927100+00:00,2.2584873
2025-08-12 19:25:20.352190+00:00,2.2584872
2025-08-12 19:25:33.283322+00:00,2.2584871
2025-08-12 19:25:46.632989+00:00,2.2584872
2025-08-12 19:25:58.133461+00:00,2.2584873
2025-08-12 19:26:11.426444+00:00,2.2584868
2025-08-12 19:26:23.306180+00:00,2.2584875
2025-08-12 19:26:37.086021+00:00,2.2584875
2025-08-12 19:26:49.231924+00:00,2.2584873
2025-08-12 19:27:01.999730+00:00,2.2584867
2025-08-12 19:27:14.616288+00:00,2.2584869
2025-08-12 19:27:27.594661+00:00,2.2584876
2025-08-12 19:27:40.530906+00:00,2.2584873
2025-08-12 19:27:53.436872+00:00,2.2584873
2025-08-12 19:28:05.722947+00:00,2.2584866
2025-08-12 19:28:18.481837+00:00,2.2584871
2025-08-12 19:28:30.968351+00:00,2.2584877
2025-08-12 19:28:43.731750+00:00,2.2584869
2025-08-12 19:28:56.845113+00:00,2.2584875
2025-08-12 19:29:09.356743+00:00,2.2584873
2025-08-12 19:29:21.980582+00:00,2.2584867
2025-08-12 19:29:34.554056+00:00,2.2584871
2025-08-12 19:29:49.638464+00:00,2.2584871
2025-08-12 19:30:00.205139+00:00,2.2584874
2025-08-12 19:30:12.902764+00:00,2.2584877
2025-08-12 19:30:25.820343+00:00,2.2584866
2025-08-12 19:30:39.686056+00:00,2.2584873
2025-08-12 19:30:51.127500+00:00,2.2584877
2025-08-12 19:31:04.001826+00:00,2.2584876
2025-08-12 19:31:18.094302+00:00,2.2584877
2025-08-12 19:31:29.601956+00:00,2.2584871
2025-08-12 19:31:43.318223+00:00,2.2584869
2025-08-12 19:31:55.247066+00:00,2.2584869
2025-08-12 19:32:08.533809+00:00,2.258488
2025-08-12 19:32:21.170278+00:00,2.2584879
2025-08-12 19:32:34.465877+00:00,2.258487
2025-08-12 19:32:47.395894+00:00,2.2584874
2025-08-12 19:33:01.120801+00:00,2.258487
2025-08-12 19:33:15.330000+00:00,2.2584869
2025-08-12 19:33:26.237416+00:00,2.2584875
2025-08-12 19:33:38.747368+00:00,2.2584876
2025-08-12 19:33:51.633899+00:00,2.2584871
2025-08-12 19:34:05.208199+00:00,2.2584874
2025-08-12 19:34:17.295868+00:00,2.2584868
2025-08-12 19:34:29.953843+00:00,2.2584876
2025-08-12 19:34:42.923197+00:00,2.258487
2025-08-12 19:34:55.957194+00:00,2.2584871
2025-08-12 19:35:14.228997+00:00,2.2584869
2025-08-12 19:35:24.948257+00:00,2.2584871
2025-08-12 19:35:34.309519+00:00,2.2584866
2025-08-12 19:35:46.444600+00:00,2.2584872
2025-08-12 19:35:58.718855+00:00,2.2584875
2025-08-12 19:36:17.626792+00:00,2.2584878
2025-08-12 19:36:24.488798+00:00,2.2584865
2025-08-12 19:36:37.566841+00:00,2.2584873
2025-08-12 19:36:49.971649+00:00,2.2584874
2025-08-12 19:37:02.969342+00:00,2.2584874
2025-08-12 19:37:16.009145+00:00,2.2584876
2025-08-12 19:37:29.601745+00:00,2.2584868
2025-08-12 19:37:41.029918+00:00,2.2584874
2025-08-12 19:37:53.730299+00:00,2.2584874
2025-08-12 19:38:06.964106+00:00,2.2584871
2025-08-12 19:38:23.892555+00:00,2.2584873
2025-08-12 19:38:34.200287+00:00,2.2584872
2025-08-12 19:38:45.390905+00:00,2.258487
2025-08-12 19:39:01.531695+00:00,2.2584869
2025-08-12 19:39:10.557704+00:00,2.2584878
2025-08-12 19:39:23.256384+00:00,2.2584872
2025-08-12 19:39:35.958791+00:00,2.2584873
2025-08-12 19:39:48.851035+00:00,2.2584874
2025-08-12 19:40:03.188474+00:00,2.2584876
2025-08-12 19:40:14.612018+00:00,2.2584872
2025-08-12 19:40:27.305437+00:00,2.2584871
2025-08-12 19:40:42.089513+00:00,2.2584872
2025-08-12 19:40:52.544308+00:00,2.2584877
2025-08-12 19:41:08.662027+00:00,2.2584872
2025-08-12 19:41:18.439946+00:00,2.2584869
2025-08-12 19:41:31.848321+00:00,2.258487
2025-08-12 19:41:44.764461+00:00,2.2584876
2025-08-12 19:41:57.258695+00:00,2.2584868
2025-08-12 19:42:12.348564+00:00,2.2584878
2025-08-12 19:42:24.317783+00:00,2.2584878
2025-08-12 19:42:35.999098+00:00,2.2584875
2025-08-12 19:42:49.203551+00:00,2.2584875
2025-08-12 19:43:01.989093+00:00,2.2584874
2025-08-12 19:43:14.836397+00:00,2.2584874
2025-08-12 19:43:27.926380+00:00,2.258487
2025-08-12 19:43:40.911784+00:00,2.258487
2025-08-12 19:43:52.954400+00:00,2.2584873
2025-08-12 19:44:05.869422+00:00,2.2584875
2025-08-12 19:44:19.153056+00:00,2.258487
2025-08-12 19:44:32.680090+00:00,2.2584876
2025-08-12 19:44:44.590536+00:00,2.258487
2025-08-12 19:44:56.624133+00:00,2.258487
2025-08-12 19:45:09.534115+00:00,2.2584872
2025-08-12 19:45:22.704407+00:00,2.2584878
2025-08-12 19:45:37.699870+00:00,2.2584876
2025-08-12 19:45:49.872285+00:00,2.2584873
2025-08-12 19:46:00.726555+00:00,2.2584876
2025-08-12 19:46:13.071293+00:00,2.2584878
2025-08-12 19:46:25.784699+00:00,2.2584866
2025-08-12 19:46:38.675914+00:00,2.2584874
2025-08-12 19:46:51.862892+00:00,2.2584872
2025-08-12 19:47:05.360883+00:00,2.2584874
2025-08-12 19:47:17.676651+00:00,2.258487
2025-08-12 19:47:33.396841+00:00,2.2584871
2025-08-12 19:47:42.926503+00:00,2.2584876
2025-08-12 19:47:55.767587+00:00,2.2584871
2025-08-12 19:48:21.350238+00:00,2.2584874
2025-08-12 19:48:33.990498+00:00,2.2584871
2025-08-12 19:48:52.506718+00:00,2.2584875
2025-08-12 19:48:59.998837+00:00,2.2584874
2025-08-12 19:49:12.353538+00:00,2.2584876
2025-08-12 19:49:24.953751+00:00,2.2584876
2025-08-12 19:49:37.746104+00:00,2.2584878
2025-08-12 19:49:50.588655+00:00,2.2584875
2025-08-12 19:50:03.285177+00:00,2.2584875
2025-08-12 19:50:19.334906+00:00,2.2584871
2025-08-12 19:50:30.956044+00:00,2.258487
2025-08-12 19:50:42.091312+00:00,2.2584872
2025-08-12 19:50:54.908961+00:00,2.2584871
2025-08-12 19:51:09.749102+00:00,2.2584874
2025-08-12 19:51:21.741521+00:00,2.2584875
2025-08-12 19:51:33.825200+00:00,2.2584873
2025-08-12 19:51:47.751702+00:00,2.2584875
2025-08-12 19:51:59.972461+00:00,2.2584871
2025-08-12 19:52:12.479235+00:00,2.258487
2025-08-12 19:52:25.482648+00:00,2.2584877
2025-08-12 19:52:40.405205+00:00,2.2584869
2025-08-12 19:52:52.300336+00:00,2.2584879
2025-08-12 19:53:04.519443+00:00,2.2584876
2025-08-12 19:53:16.900585+00:00,2.2584877
2025-08-12 19:53:30.992470+00:00,2.2584871
2025-08-12 19:53:42.856385+00:00,2.2584867
2025-08-12 19:53:55.112141+00:00,2.2584872
2025-08-12 19:54:08.058287+00:00,2.2584871
2025-08-12 19:54:20.690753+00:00,2.2584876
2025-08-12 19:54:33.415684+00:00,2.2584876
2025-08-12 19:54:46.507120+00:00,2.2584873
2025-08-12 19:54:58.500066+00:00,2.2584878
2025-08-12 19:55:11.398453+00:00,2.2584872
2025-08-12 19:55:24.432230+00:00,2.2584869
2025-08-12 19:55:37.458404+00:00,2.2584869
2025-08-12 19:55:49.612782+00:00,2.2584875
2025-08-12 19:56:02.703143+00:00,2.2584872
2025-08-12 19:56:19.371019+00:00,2.2584872
2025-08-12 19:56:37.769350+00:00,2.2584872
2025-08-12 19:56:53.677034+00:00,2.2584878
2025-08-12 19:57:06.506093+00:00,2.2584871
2025-08-12 19:57:19.128541+00:00,2.258487
2025-08-12 19:57:33.419022+00:00,2.2584871
2025-08-12 19:57:44.622311+00:00,2.2584874
2025-08-12 19:57:57.243945+00:00,2.2584873
2025-08-12 19:58:10.551440+00:00,2.2584872
2025-08-12 19:58:22.849836+00:00,2.2584871
2025-08-12 19:58:35.732831+00:00,2.2584871
2025-08-12 19:58:48.758340+00:00,2.258487
2025-08-12 19:59:03.459032+00:00,2.2584869
2025-08-12 19:59:14.227074+00:00,2.2584873
2025-08-12 19:59:29.107400+00:00,2.2584871
2025-08-12 19:59:41.021680+00:00,2.2584875
2025-08-12 19:59:52.646874+00:00,2.2584879
2025-08-12 20:00:05.782567+00:00,2.258487
2025-08-12 20:00:18.395144+00:00,2.2584872
2025-08-12 20:00:31.621093+00:00,2.2584877
2025-08-12 20:00:44.819462+00:00,2.2584876
2025-08-12 20:00:58.098380+00:00,2.2584877
2025-08-12 20:01:12.492440+00:00,2.2584878
2025-08-12 20:01:23.008468+00:00,2.2584872
2025-08-12 20:01:36.573074+00:00,2.2584877
2025-08-12 20:01:49.001339+00:00,2.2584875
2025-08-12 20:02:02.002549+00:00,2.2584878
2025-08-12 20:02:14.670787+00:00,2.2584877
2025-08-12 20:02:27.509331+00:00,2.2584874
2025-08-12 20:02:40.537679+00:00,2.2584876
2025-08-12 20:02:53.728577+00:00,2.2584871
2025-08-12 20:03:06.434876+00:00,2.2584869
2025-08-12 20:03:19.889331+00:00,2.2584871
2025-08-12 20:03:31.719226+00:00,2.2584878
2025-08-12 20:03:44.130167+00:00,2.2584875
2025-08-12 20:03:58.893580+00:00,2.258487
2025-08-12 20:04:12.786526+00:00,2.2584872
2025-08-12 20:04:21.685899+00:00,2.2584871
2025-08-12 20:04:34.844113+00:00,2.2584878
2025-08-12 20:04:48.223031+00:00,2.258487
2025-08-12 20:04:59.909714+00:00,2.2584877
2025-08-12 20:05:13.354278+00:00,2.258487
2025-08-12 20:05:25.597343+00:00,2.2584873
2025-08-12 20:05:38.876188+00:00,2.2584871
2025-08-12 20:05:51.622823+00:00,2.2584871
2025-08-12 20:06:03.963718+00:00,2.2584876
2025-08-12 20:06:28.608116+00:00,2.258487
2025-08-12 20:06:41.884046+00:00,2.2584872
2025-08-12 20:06:54.848543+00:00,2.2584877
2025-08-12 20:07:07.630451+00:00,2.2584876
2025-08-12 20:07:20.104163+00:00,2.2584876
2025-08-12 20:07:32.912105+00:00,2.2584878
2025-08-12 20:07:49.168089+00:00,2.2584879
2025-08-12 20:07:59.697092+00:00,2.2584868
2025-08-12 20:08:11.809746+00:00,2.2584874
2025-08-12 20:08:25.421835+00:00,2.2584871
2025-08-12 20:08:38.447000+00:00,2.2584873
2025-08-12 20:08:49.396976+00:00,2.2584874
2025-08-12 20:09:03.167817+00:00,2.258487
2025-08-12 20:09:15.989487+00:00,2.2584869
2025-08-12 20:09:28.986848+00:00,2.2584876
2025-08-12 20:09:41.370071+00:00,2.2584873
2025-08-12 20:09:54.604490+00:00,2.2584875
2025-08-12 20:10:09.716539+00:00,2.2584879
2025-08-12 20:10:20.174495+00:00,2.2584878
2025-08-12 20:10:39.849222+00:00,2.2584873
2025-08-12 20:10:46.073925+00:00,2.2584875
2025-08-12 20:10:58.655145+00:00,2.2584871
2025-08-12 20:11:11.823372+00:00,2.2584876
2025-08-12 20:11:25.611204+00:00,2.2584877
2025-08-12 20:11:37.689524+00:00,2.2584867
2025-08-12 20:11:50.236069+00:00,2.258487
2025-08-12 20:12:03.117194+00:00,2.2584873
2025-08-12 20:12:19.191505+00:00,2.2584869
2025-08-12 20:12:31.334693+00:00,2.2584874
2025-08-12 20:12:41.526355+00:00,2.2584877
2025-08-12 20:12:54.242847+00:00,2.2584879
2025-08-12 20:13:07.262630+00:00,2.2584872
2025-08-12 20:13:20.228743+00:00,2.2584871
2025-08-12 20:13:32.382440+00:00,2.2584875
2025-08-12 20:13:44.816438+00:00,2.258487
2025-08-12 20:13:57.673593+00:00,2.2584876
2025-08-12 20:14:10.413258+00:00,2.2584877
2025-08-12 20:14:22.893867+00:00,2.2584868
2025-08-12 20:14:35.494044+00:00,2.258487
2025-08-12 20:14:49.532959+00:00,2.2584877
2025-08-12 20:15:03.268920+00:00,2.2584873
2025-08-12 20:15:14.014194+00:00,2.2584873
2025-08-12 20:15:29.015125+00:00,2.2584874
2025-08-12 20:15:41.935369+00:00,2.2584874
2025-08-12 20:15:52.517269+00:00,2.2584867
2025-08-12 20:16:05.365156+00:00,2.2584869
2025-08-12 20:16:18.718695+00:00,2.2584867
2025-08-12 20:16:32.089271+00:00,2.2584872
2025-08-12 20:16:43.737083+00:00,2.2584875
2025-08-12 20:16:56.328209+00:00,2.2584873
2025-08-12 20:17:09.201410+00:00,2.2584878
2025-08-12 20:17:21.681154+00:00,2.2584873
2025-08-12 20:17:34.678383+00:00,2.2584875
2025-08-12 20:17:48.825396+00:00,2.2584872
2025-08-12 20:18:00.790863+00:00,2.2584871
2025-08-12 20:18:13.376692+00:00,2.258487
2025-08-12 20:18:25.335279+00:00,2.2584874
2025-08-12 20:18:38.470015+00:00,2.2584876
2025-08-12 20:18:52.683449+00:00,2.2584877
2025-08-12 20:19:04.218497+00:00,2.2584873
2025-08-12 20:19:17.385135+00:00,2.2584872
2025-08-12 20:19:30.018091+00:00,2.2584873
2025-08-12 20:19:43.219014+00:00,2.2584875
2025-08-12 20:19:57.965526+00:00,2.2584876
2025-08-12 20:20:08.758253+00:00,2.2584866
2025-08-12 20:20:22.461537+00:00,2.2584871
2025-08-12 20:20:34.891683+00:00,2.2584876
2025-08-12 20:20:48.022204+00:00,2.2584877
2025-08-12 20:21:00.908981+00:00,2.2584872
2025-08-12 20:21:17.139459+00:00,2.2584873
2025-08-12 20:21:26.324102+00:00,2.2584872
2025-08-12 20:21:40.809797+00:00,2.2584878
2025-08-12 20:21:52.161702+00:00,2.2584873
2025-08-12 20:22:11.022257+00:00,2.2584871
2025-08-12 20:22:18.081200+00:00,2.2584877
2025-08-12 20:22:31.317067+00:00,2.2584875
2025-08-12 20:22:47.462216+00:00,2.2584878
2025-08-12 20:22:56.434639+00:00,2.2584873
2025-08-12 20:23:09.199204+00:00,2.2584879
2025-08-12 20:23:21.820828+00:00,2.2584869
2025-08-12 20:23:34.954012+00:00,2.2584868
2025-08-12 20:23:49.765572+00:00,2.2584874
2025-08-12 20:24:00.527149+00:00,2.2584871
2025-08-12 20:24:12.439476+00:00,2.2584875
2025-08-12 20:24:25.919479+00:00,2.2584875
2025-08-12 20:24:37.681200+00:00,2.2584877
2025-08-12 20:24:50.151541+00:00,2.2584878
2025-08-12 20:25:03.242764+00:00,2.2584875
2025-08-12 20:25:15.942059+00:00,2.2584874
2025-08-12 20:25:29.410196+00:00,2.258487
2025-08-12 20:25:41.849194+00:00,2.258488
2025-08-12 20:25:54.285302+00:00,2.2584876
2025-08-12 20:26:09.543543+00:00,2.2584869
2025-08-12 20:26:19.883732+00:00,2.2584877
2025-08-12 20:26:32.548997+00:00,2.2584869
2025-08-12 20:26:45.488790+00:00,2.2584871
2025-08-12 20:26:58.459896+00:00,2.2584871
2025-08-12 20:27:11.379850+00:00,2.2584877
2025-08-12 20:27:24.166651+00:00,2.2584872
2025-08-12 20:27:36.973484+00:00,2.2584864
2025-08-12 20:27:49.354396+00:00,2.2584873
2025-08-12 20:28:02.936189+00:00,2.2584874
2025-08-12 20:28:15.421139+00:00,2.2584878
2025-08-12 20:28:28.899504+00:00,2.2584878
2025-08-12 20:28:40.039391+00:00,2.2584872
2025-08-12 20:28:53.714148+00:00,2.2584878
2025-08-12 20:29:05.971849+00:00,2.258487
2025-08-12 20:29:22.713473+00:00,2.2584873
2025-08-12 20:29:31.861429+00:00,2.2584878
2025-08-12 20:29:44.802308+00:00,2.2584874
2025-08-12 20:29:57.846210+00:00,2.2584878
2025-08-12 20:30:10.776896+00:00,2.258487
2025-08-12 20:30:24.734524+00:00,2.2584878
2025-08-12 20:30:37.617810+00:00,2.2584868
2025-08-12 20:30:50.759312+00:00,2.2584876
2025-08-12 20:31:03.764525+00:00,2.2584871
2025-08-12 20:31:15.733663+00:00,2.2584874
2025-08-12 20:31:28.319699+00:00,2.2584868
2025-08-12 20:31:41.143630+00:00,2.258487
2025-08-12 20:31:53.934731+00:00,2.2584871
2025-08-12 20:32:08.870017+00:00,2.2584877
2025-08-12 20:32:19.400048+00:00,2.2584873
2025-08-12 20:32:32.754145+00:00,2.2584877
2025-08-12 20:32:45.800193+00:00,2.2584872
2025-08-12 20:32:58.063626+00:00,2.2584876
2025-08-12 20:33:11.221264+00:00,2.2584871
2025-08-12 20:33:23.492727+00:00,2.2584873
2025-08-12 20:33:36.178226+00:00,2.2584878
2025-08-12 20:33:48.958537+00:00,2.2584874
2025-08-12 20:34:01.555143+00:00,2.2584872
2025-08-12 20:34:14.661548+00:00,2.2584876
2025-08-12 20:34:26.900836+00:00,2.2584876
2025-08-12 20:34:39.843599+00:00,2.2584874
2025-08-12 20:34:52.707514+00:00,2.2584871
2025-08-12 20:35:05.389341+00:00,2.2584879
2025-08-12 20:35:31.034011+00:00,2.2584878
2025-08-12 20:35:43.496022+00:00,2.2584876
2025-08-12 20:35:58.563630+00:00,2.258487
2025-08-12 20:36:09.459846+00:00,2.2584876
2025-08-12 20:36:21.810536+00:00,2.2584875
2025-08-12 20:36:36.202274+00:00,2.258487
2025-08-12 20:36:47.524311+00:00,2.2584873
2025-08-12 20:37:05.131796+00:00,2.2584873
2025-08-12 20:37:13.020158+00:00,2.2584869
2025-08-12 20:37:25.768787+00:00,2.2584877
2025-08-12 20:37:38.723059+00:00,2.258488
2025-08-12 20:37:50.867749+00:00,2.2584872
2025-08-12 20:38:03.734746+00:00,2.2584878
2025-08-12 20:38:16.393273+00:00,2.2584878
2025-08-12 20:38:29.181688+00:00,2.2584873
2025-08-12 20:38:41.922799+00:00,2.2584874
2025-08-12 20:38:54.655458+00:00,2.2584873
2025-08-12 20:39:10.319755+00:00,2.2584873
2025-08-12 20:39:20.267827+00:00,2.2584874
2025-08-12 20:39:34.665359+00:00,2.2584871
2025-08-12 20:39:47.894747+00:00,2.2584876
2025-08-12 20:39:59.140302+00:00,2.2584875
2025-08-12 20:40:12.027347+00:00,2.2584875
2025-08-12 20:40:25.307907+00:00,2.2584874
2025-08-12 20:40:39.197373+00:00,2.2584874
2025-08-12 20:40:51.118011+00:00,2.2584873
2025-08-12 20:41:04.167019+00:00,2.2584876
2025-08-12 20:41:16.885813+00:00,2.2584876
2025-08-12 20:41:30.196559+00:00,2.2584875
2025-08-12 20:41:42.814426+00:00,2.2584873
2025-08-12 20:41:55.373069+00:00,2.2584875
2025-08-12 20:42:08.772476+00:00,2.2584872
2025-08-12 20:42:21.486969+00:00,2.2584878
2025-08-12 20:42:34.226395+00:00,2.2584874
2025-08-12 20:42:47.556802+00:00,2.2584876
2025-08-12 20:43:00.114038+00:00,2.2584879
2025-08-12 20:43:12.745828+00:00,2.258487
2025-08-12 20:43:24.856933+00:00,2.258487
2025-08-12 20:43:37.581274+00:00,2.2584871
2025-08-12 20:43:50.276656+00:00,2.2584874
2025-08-12 20:44:03.308681+00:00,2.2584874
2025-08-12 20:44:16.895774+00:00,2.2584879
2025-08-12 20:44:29.691391+00:00,2.258488
2025-08-12 20:44:41.336450+00:00,2.2584874
2025-08-12 20:44:53.795049+00:00,2.2584871
2025-08-12 20:45:06.594119+00:00,2.2584873
2025-08-12 20:45:20.743596+00:00,2.2584874
2025-08-12 20:45:32.552531+00:00,2.2584875
2025-08-12 20:45:45.348223+00:00,2.2584872
2025-08-12 20:46:02.461810+00:00,2.2584875
2025-08-12 20:46:23.259299+00:00,2.258487
2025-08-12 20:46:35.943061+00:00,2.2584879
2025-08-12 20:46:49.869386+00:00,2.2584881
2025-08-12 20:47:02.783117+00:00,2.2584874
2025-08-12 20:47:14.763643+00:00,2.2584877
2025-08-12 20:47:27.129343+00:00,2.2584878
2025-08-12 20:47:41.140134+00:00,2.2584876
2025-08-12 20:47:52.331669+00:00,2.2584876
2025-08-12 20:48:05.750330+00:00,2.2584869
2025-08-12 20:48:17.672011+00:00,2.2584873
2025-08-12 20:48:32.582312+00:00,2.2584872
2025-08-12 20:48:43.472402+00:00,2.2584873
2025-08-12 20:48:57.213480+00:00,2.2584875
2025-08-12 20:49:11.210456+00:00,2.2584878
2025-08-12 20:49:22.241549+00:00,2.2584877
2025-08-12 20:49:35.240470+00:00,2.2584871
2025-08-12 20:49:48.835028+00:00,2.2584875
2025-08-12 20:50:00.982425+00:00,2.2584876
2025-08-12 20:50:16.360532+00:00,2.258488
2025-08-12 20:50:27.728508+00:00,2.2584876
2025-08-12 20:50:41.447156+00:00,2.2584878
2025-08-12 20:50:52.785808+00:00,2.258487
2025-08-12 20:51:06.869932+00:00,2.258487
2025-08-12 20:51:18.779028+00:00,2.2584881
2025-08-12 20:51:31.216727+00:00,2.2584875
2025-08-12 20:51:44.164044+00:00,2.2584878
2025-08-12 20:51:56.924391+00:00,2.2584877
2025-08-12 20:52:16.167771+00:00,2.2584882
2025-08-12 20:52:22.551220+00:00,2.2584871
2025-08-12 20:52:35.494554+00:00,2.2584878
2025-08-12 20:52:48.650413+00:00,2.258487
2025-08-12 20:53:01.106585+00:00,2.2584873
2025-08-12 20:53:23.033378+00:00,2.2584877
2025-08-12 20:53:25.818058+00:00,2.2584875
2025-08-12 20:53:38.600403+00:00,2.2584874
2025-08-12 20:53:52.928707+00:00,2.2584871
2025-08-12 20:54:03.964870+00:00,2.2584872
2025-08-12 20:54:16.889620+00:00,2.2584874
2025-08-12 20:54:29.815841+00:00,2.2584873
2025-08-12 20:54:42.316057+00:00,2.2584878
2025-08-12 20:54:56.041643+00:00,2.2584871
2025-08-12 20:55:08.080109+00:00,2.2584873
2025-08-12 20:55:23.861617+00:00,2.2584876
2025-08-12 20:55:35.559528+00:00,2.2584876
2025-08-12 20:55:46.739464+00:00,2.258487
2025-08-12 20:55:59.131208+00:00,2.2584874
2025-08-12 20:56:12.063933+00:00,2.2584872
2025-08-12 20:56:25.169617+00:00,2.2584878
2025-08-12 20:56:37.350147+00:00,2.2584871
2025-08-12 20:56:50.177356+00:00,2.258487
2025-08-12 20:57:02.843989+00:00,2.2584874
2025-08-12 20:57:15.883315+00:00,2.2584876
2025-08-12 20:57:28.329543+00:00,2.2584869
2025-08-12 20:57:42.559790+00:00,2.2584875
2025-08-12 20:57:53.681498+00:00,2.2584874
2025-08-12 20:58:06.669350+00:00,2.2584872
2025-08-12 20:58:19.827118+00:00,2.2584877
2025-08-12 20:58:32.007136+00:00,2.258487
2025-08-12 20:58:44.663354+00:00,2.2584871
2025-08-12 20:58:57.632618+00:00,2.2584873
2025-08-12 20:59:10.854433+00:00,2.2584875
2025-08-12 20:59:23.501101+00:00,2.2584874
2025-08-12 20:59:37.592642+00:00,2.258487
2025-08-12 20:59:49.649727+00:00,2.2584872
2025-08-12 21:00:02.526886+00:00,2.2584878
2025-08-12 21:00:15.985417+00:00,2.2584881
2025-08-12 21:00:28.645090+00:00,2.2584874
2025-08-12 21:00:42.629068+00:00,2.2584877
2025-08-12 21:00:54.294120+00:00,2.2584878
2025-08-12 21:01:12.106092+00:00,2.2584874
2025-08-12 21:01:19.814783+00:00,2.2584875
2025-08-12 21:01:37.146659+00:00,2.2584872
2025-08-12 21:01:46.317169+00:00,2.2584879
2025-08-12 21:02:01.875223+00:00,2.2584873
2025-08-12 21:02:12.638303+00:00,2.2584871
2025-08-12 21:02:24.470248+00:00,2.2584873
2025-08-12 21:02:36.807547+00:00,2.2584876
2025-08-12 21:02:49.571131+00:00,2.2584881
2025-08-12 21:03:02.742541+00:00,2.2584872
2025-08-12 21:03:14.789857+00:00,2.2584869
2025-08-12 21:03:28.067168+00:00,2.2584877
2025-08-12 21:03:40.398557+00:00,2.2584873
2025-08-12 21:03:53.465651+00:00,2.2584872
2025-08-12 21:04:05.897092+00:00,2.2584877
2025-08-12 21:04:18.795649+00:00,2.2584879
2025-08-12 21:04:31.440273+00:00,2.2584873
2025-08-12 21:04:46.955800+00:00,2.258487
2025-08-12 21:04:56.493980+00:00,2.2584877
2025-08-12 21:05:09.572018+00:00,2.258488
2025-08-12 21:05:23.741733+00:00,2.2584872
2025-08-12 21:05:35.952367+00:00,2.2584868
2025-08-12 21:05:49.449983+00:00,2.2584871
2025-08-12 21:06:01.235399+00:00,2.2584873
2025-08-12 21:06:13.682399+00:00,2.2584871
2025-08-12 21:06:26.519043+00:00,2.2584881
2025-08-12 21:06:39.085585+00:00,2.2584877
2025-08-12 21:06:52.804215+00:00,2.2584867
2025-08-12 21:07:04.588862+00:00,2.2584862
2025-08-12 21:07:17.264459+00:00,2.2584875
2025-08-12 21:07:29.834485+00:00,2.2584874
2025-08-12 21:07:42.672860+00:00,2.2584873
2025-08-12 21:07:55.567730+00:00,2.2584874
2025-08-12 21:08:08.140651+00:00,2.2584876
2025-08-12 21:08:20.691694+00:00,2.2584875
2025-08-12 21:08:33.885029+00:00,2.258488
2025-08-12 21:08:46.649184+00:00,2.2584874
2025-08-12 21:08:59.815209+00:00,2.2584871
2025-08-12 21:09:12.465595+00:00,2.2584873
2025-08-12 21:09:25.567505+00:00,2.2584877
2025-08-12 21:09:38.245796+00:00,2.2584872
2025-08-12 21:09:51.554103+00:00,2.2584871
2025-08-12 21:10:04.836500+00:00,2.2584874
2025-08-12 21:10:17.598819+00:00,2.2584875
2025-08-12 21:10:30.154994+00:00,2.2584874
2025-08-12 21:10:42.486803+00:00,2.2584875
2025-08-12 21:10:55.527680+00:00,2.2584872
2025-08-12 21:11:15.287966+00:00,2.2584874
2025-08-12 21:11:21.177359+00:00,2.2584877
2025-08-12 21:11:36.786731+00:00,2.2584879
2025-08-12 21:11:47.268957+00:00,2.2584875
2025-08-12 21:11:59.778594+00:00,2.2584871
2025-08-12 21:12:12.869143+00:00,2.2584868
2025-08-12 21:12:25.285728+00:00,2.2584873
2025-08-12 21:12:37.850799+00:00,2.2584881
2025-08-12 21:12:51.978689+00:00,2.2584878
2025-08-12 21:13:03.028129+00:00,2.2584871
2025-08-12 21:13:20.438132+00:00,2.2584877
2025-08-12 21:13:28.266113+00:00,2.2584879
2025-08-12 21:13:41.220090+00:00,2.2584867
2025-08-12 21:13:53.909920+00:00,2.2584876
2025-08-12 21:14:07.433246+00:00,2.2584873
2025-08-12 21:14:19.233755+00:00,2.2584863
2025-08-12 21:14:32.368158+00:00,2.2584872
2025-08-12 21:14:45.001467+00:00,2.2584872
2025-08-12 21:14:59.480829+00:00,2.2584871
2025-08-12 21:15:12.559270+00:00,2.2584878
2025-08-12 21:15:30.164524+00:00,2.2584872
2025-08-12 21:15:37.082786+00:00,2.2584878
2025-08-12 21:15:49.049510+00:00,2.2584874
2025-08-12 21:16:02.907867+00:00,2.2584881
2025-08-12 21:16:15.060336+00:00,2.2584879
2025-08-12 21:16:27.680713+00:00,2.2584869
2025-08-12 21:16:39.938431+00:00,2.2584872
2025-08-12 21:16:54.558304+00:00,2.2584875
2025-08-12 21:17:05.587435+00:00,2.2584874
2025-08-12 21:17:18.875773+00:00,2.2584876
2025-08-12 21:17:31.045956+00:00,2.2584873
2025-08-12 21:17:43.963240+00:00,2.2584874
2025-08-12 21:17:56.585189+00:00,2.2584879
2025-08-12 21:18:10.412083+00:00,2.2584875
2025-08-12 21:18:23.094524+00:00,2.2584876
2025-08-12 21:18:35.581708+00:00,2.2584874
2025-08-12 21:18:49.064655+00:00,2.2584875
2025-08-12 21:19:02.500889+00:00,2.2584875
2025-08-12 21:19:14.356772+00:00,2.2584877
2025-08-12 21:19:39.947575+00:00,2.2584867
2025-08-12 21:19:52.964290+00:00,2.2584873
2025-08-12 21:20:06.378363+00:00,2.2584869
2025-08-12 21:20:19.180844+00:00,2.2584874
2025-08-12 21:20:31.984626+00:00,2.2584874
2025-08-12 21:20:44.573385+00:00,2.2584872
2025-08-12 21:20:57.833899+00:00,2.2584869
2025-08-12 21:21:10.610095+00:00,2.2584878
2025-08-12 21:21:23.598893+00:00,2.258488
2025-08-12 21:21:36.940848+00:00,2.2584877
2025-08-12 21:21:48.974257+00:00,2.2584872
2025-08-12 21:22:01.344290+00:00,2.2584872
2025-08-12 21:22:14.165125+00:00,2.258487
2025-08-12 21:22:26.526193+00:00,2.2584875
2025-08-12 21:22:39.252869+00:00,2.2584871
2025-08-12 21:22:52.142518+00:00,2.2584874
2025-08-12 21:23:04.885959+00:00,2.2584872
2025-08-12 21:23:19.364805+00:00,2.2584877
2025-08-12 21:23:30.903600+00:00,2.2584873
2025-08-12 21:23:43.313943+00:00,2.2584877
2025-08-12 21:23:56.706993+00:00,2.2584873
2025-08-12 21:24:09.552515+00:00,2.2584878
2025-08-12 21:24:21.431011+00:00,2.2584876
2025-08-12 21:24:34.701958+00:00,2.2584876
2025-08-12 21:24:47.267458+00:00,2.2584879
2025-08-12 21:24:59.805933+00:00,2.2584874
2025-08-12 21:25:13.117124+00:00,2.2584869
2025-08-12 21:25:25.295984+00:00,2.258488
2025-08-12 21:25:38.703753+00:00,2.2584874
2025-08-12 21:25:50.702641+00:00,2.2584873
2025-08-12 21:26:04.940753+00:00,2.2584876
2025-08-12 21:26:17.687570+00:00,2.2584874
2025-08-12 21:26:28.961079+00:00,2.2584878
2025-08-12 21:26:41.831125+00:00,2.2584877
2025-08-12 21:26:55.280668+00:00,2.2584874
2025-08-12 21:27:07.743496+00:00,2.2584866
2025-08-12 21:27:20.156524+00:00,2.2584879
2025-08-12 21:27:36.508966+00:00,2.2584878
2025-08-12 21:27:48.557279+00:00,2.2584866
2025-08-12 21:27:59.727358+00:00,2.2584874
2025-08-12 21:28:14.940896+00:00,2.2584873
2025-08-12 21:28:25.101887+00:00,2.2584866
2025-08-12 21:28:38.653487+00:00,2.258488
2025-08-12 21:28:51.922412+00:00,2.2584874
2025-08-12 21:29:04.544657+00:00,2.2584871
2025-08-12 21:29:30.198022+00:00,2.2584872
2025-08-12 21:29:42.859962+00:00,2.2584878
2025-08-12 21:29:55.762351+00:00,2.2584869
2025-08-12 21:30:11.476548+00:00,2.2584872
2025-08-12 21:30:21.525939+00:00,2.2584865
2025-08-12 21:30:35.213429+00:00,2.2584871
2025-08-12 21:30:47.220853+00:00,2.258487
2025-08-12 21:31:00.632390+00:00,2.2584873
2025-08-12 21:31:14.038910+00:00,2.2584877
2025-08-12 21:31:25.019106+00:00,2.2584882
2025-08-12 21:31:37.539902+00:00,2.2584873
2025-08-12 21:31:50.738519+00:00,2.258487
2025-08-12 21:32:05.102072+00:00,2.2584881
2025-08-12 21:32:15.556299+00:00,2.258487
2025-08-12 21:32:32.371439+00:00,2.2584876
2025-08-12 21:32:40.995052+00:00,2.2584879
2025-08-12 21:32:53.586805+00:00,2.2584877
2025-08-12 21:33:07.046215+00:00,2.2584879
2025-08-12 21:33:19.680369+00:00,2.2584874
2025-08-12 21:33:34.320812+00:00,2.2584869
2025-08-12 21:33:44.802124+00:00,2.2584876
2025-08-12 21:33:57.635135+00:00,2.2584879
2025-08-12 21:34:10.569289+00:00,2.2584879
2025-08-12 21:34:23.280834+00:00,2.2584882
2025-08-12 21:34:35.561070+00:00,2.2584874
2025-08-12 21:34:48.868055+00:00,2.2584871
2025-08-12 21:35:01.981623+00:00,2.2584874
2025-08-12 21:35:16.577566+00:00,2.2584881
2025-08-12 21:35:27.543066+00:00,2.2584878
2025-08-12 21:35:39.826436+00:00,2.2584876
2025-08-12 21:35:52.379887+00:00,2.2584878
2025-08-12 21:36:08.493577+00:00,2.2584879
2025-08-12 21:36:19.809818+00:00,2.2584874
2025-08-12 21:36:30.661127+00:00,2.2584874
2025-08-12 21:36:43.438382+00:00,2.2584875
2025-08-12 21:36:56.259009+00:00,2.2584873
2025-08-12 21:37:14.954888+00:00,2.2584878
2025-08-12 21:37:21.884853+00:00,2.2584877
2025-08-12 21:37:34.232939+00:00,2.2584871
2025-08-12 21:37:47.329216+00:00,2.2584873
2025-08-12 21:38:00.963944+00:00,2.2584879
2025-08-12 21:38:13.625572+00:00,2.2584876
2025-08-12 21:38:26.225895+00:00,2.2584872
2025-08-12 21:38:38.706907+00:00,2.2584875
2025-08-12 21:38:51.555296+00:00,2.2584881
2025-08-12 21:39:08.532714+00:00,2.2584875
2025-08-12 21:39:18.565245+00:00,2.258487
2025-08-12 21:39:31.054438+00:00,2.2584875
2025-08-12 21:39:43.468866+00:00,2.2584875
2025-08-12 21:39:56.618788+00:00,2.2584882
2025-08-12 21:40:09.776728+00:00,2.2584877
2025-08-12 21:40:23.400752+00:00,2.2584876
2025-08-12 21:40:35.529922+00:00,2.2584879
2025-08-12 21:40:50.363911+00:00,2.2584878
2025-08-12 21:41:00.775831+00:00,2.2584874
2025-08-12 21:41:13.927292+00:00,2.2584874
2025-08-12 21:41:26.179281+00:00,2.2584872
2025-08-12 21:41:39.040641+00:00,2.2584871
2025-08-12 21:41:52.943182+00:00,2.2584875
2025-08-12 21:42:05.891716+00:00,2.2584874
2025-08-12 21:42:17.375234+00:00,2.2584877
2025-08-12 21:42:29.905485+00:00,2.2584874
2025-08-12 21:42:42.302069+00:00,2.2584876
2025-08-12 21:42:54.929988+00:00,2.2584874
2025-08-12 21:43:08.472919+00:00,2.2584873
2025-08-12 21:43:20.752992+00:00,2.258488
2025-08-12 21:43:34.401931+00:00,2.2584878
2025-08-12 21:43:46.574846+00:00,2.2584878
2025-08-12 21:43:59.051820+00:00,2.2584877
2025-08-12 21:44:12.308374+00:00,2.2584881
2025-08-12 21:44:24.847429+00:00,2.2584873
2025-08-12 21:44:37.164877+00:00,2.2584872
2025-08-12 21:44:50.245488+00:00,2.2584872
2025-08-12 21:45:03.354684+00:00,2.2584875
2025-08-12 21:45:16.905188+00:00,2.258487
2025-08-12 21:45:28.834562+00:00,2.2584875
2025-08-12 21:45:44.793348+00:00,2.2584868
2025-08-12 21:45:53.956091+00:00,2.258488
2025-08-12 21:46:07.294620+00:00,2.2584878
2025-08-12 21:46:19.517703+00:00,2.258488
2025-08-12 21:46:32.685526+00:00,2.2584869
2025-08-12 21:46:44.969575+00:00,2.2584875
2025-08-12 21:46:57.781441+00:00,2.2584879
2025-08-12 21:47:10.599683+00:00,2.2584865
2025-08-12 21:47:23.152188+00:00,2.2584882
2025-08-12 21:47:36.202004+00:00,2.2584871
2025-08-12 21:47:49.472291+00:00,2.2584872
2025-08-12 21:48:01.941184+00:00,2.2584872
2025-08-12 21:48:14.712454+00:00,2.2584874
2025-08-12 21:48:34.618560+00:00,2.2584877
2025-08-12 21:48:41.021503+00:00,2.258488
2025-08-12 21:48:53.635728+00:00,2.2584873
2025-08-12 21:49:08.438792+00:00,2.2584872
2025-08-12 21:49:20.055748+00:00,2.2584869
2025-08-12 21:49:33.165025+00:00,2.2584879
2025-08-12 21:49:46.524024+00:00,2.258488
2025-08-12 21:49:59.071032+00:00,2.258487
2025-08-12 21:50:11.735407+00:00,2.2584879
2025-08-12 21:50:25.721103+00:00,2.2584881
2025-08-12 21:50:50.358596+00:00,2.2584878
2025-08-12 21:51:03.716247+00:00,2.2584877
2025-08-12 21:51:16.523227+00:00,2.2584876
2025-08-12 21:51:29.026954+00:00,2.258488
2025-08-12 21:51:41.671526+00:00,2.2584872
2025-08-12 21:51:54.432571+00:00,2.2584871
2025-08-12 21:52:07.452260+00:00,2.258488
2025-08-12 21:52:20.018847+00:00,2.2584873
2025-08-12 21:52:45.197198+00:00,2.2584879
2025-08-12 21:52:57.814914+00:00,2.2584862
2025-08-12 21:53:11.040902+00:00,2.2584872
2025-08-12 21:53:24.613679+00:00,2.258488
2025-08-12 21:53:36.415769+00:00,2.2584874
2025-08-12 21:53:48.945498+00:00,2.2584877
2025-08-12 21:54:01.799764+00:00,2.2584868
2025-08-12 21:54:14.749772+00:00,2.2584876
2025-08-12 21:54:29.278360+00:00,2.2584873
2025-08-12 21:54:40.278923+00:00,2.2584875
2025-08-12 21:54:53.061706+00:00,2.2584876
2025-08-12 21:55:09.431460+00:00,2.2584875
2025-08-12 21:55:21.265110+00:00,2.2584875
2025-08-12 21:55:33.691474+00:00,2.2584875
2025-08-12 21:55:45.879557+00:00,2.2584872
2025-08-12 21:55:56.836803+00:00,2.2584876
2025-08-12 21:56:09.903318+00:00,2.258488
2025-08-12 21:56:22.656064+00:00,2.2584877
2025-08-12 21:56:36.167523+00:00,2.2584871
2025-08-12 21:56:48.158859+00:00,2.2584875
2025-08-12 21:57:01.204925+00:00,2.2584873
2025-08-12 21:57:13.937444+00:00,2.2584876
2025-08-12 21:57:26.166902+00:00,2.2584876
2025-08-12 21:57:38.950458+00:00,2.2584876
2025-08-12 21:57:51.563245+00:00,2.2584875
2025-08-12 21:58:04.866189+00:00,2.2584875
2025-08-12 21:58:17.584921+00:00,2.258488
2025-08-12 21:58:29.941817+00:00,2.2584878
2025-08-12 21:58:42.568734+00:00,2.2584873
2025-08-12 21:58:55.495201+00:00,2.2584871
2025-08-12 21:59:09.201019+00:00,2.258488
2025-08-12 21:59:21.353143+00:00,2.2584871
2025-08-12 21:59:34.235947+00:00,2.2584876
2025-08-12 21:59:51.186252+00:00,2.2584874
2025-08-12 22:00:03.159151+00:00,2.258487
2025-08-12 22:00:14.294013+00:00,2.2584877
2025-08-12 22:00:27.171897+00:00,2.2584875
2025-08-12 22:00:40.513062+00:00,2.2584877
2025-08-12 22:00:52.010299+00:00,2.2584878
2025-08-12 22:01:05.191125+00:00,2.2584873
2025-08-12 22:01:18.630479+00:00,2.2584873
2025-08-12 22:01:33.323208+00:00,2.2584868
2025-08-12 22:01:43.407652+00:00,2.2584877
2025-08-12 22:01:56.206508+00:00,2.2584879
2025-08-12 22:02:08.995274+00:00,2.2584874
2025-08-12 22:02:34.491222+00:00,2.2584872
2025-08-12 22:02:52.840670+00:00,2.2584877
2025-08-12 22:03:00.273488+00:00,2.2584879
2025-08-12 22:03:14.334057+00:00,2.2584878
2025-08-12 22:03:25.717904+00:00,2.2584875
2025-08-12 22:03:38.584073+00:00,2.2584876
2025-08-12 22:03:51.133951+00:00,2.2584874
2025-08-12 22:04:04.083916+00:00,2.2584879
2025-08-12 22:04:17.531772+00:00,2.2584877
2025-08-12 22:04:29.046574+00:00,2.2584873
2025-08-12 22:04:41.609220+00:00,2.2584881
2025-08-12 22:04:54.381641+00:00,2.2584874
2025-08-12 22:05:07.123231+00:00,2.2584875
2025-08-12 22:05:20.212203+00:00,2.2584877
2025-08-12 22:05:32.387306+00:00,2.2584869
2025-08-12 22:05:45.112509+00:00,2.2584873
2025-08-12 22:05:57.620073+00:00,2.2584873
2025-08-12 22:06:11.330007+00:00,2.2584873
2025-08-12 22:06:23.255253+00:00,2.2584878
2025-08-12 22:06:36.591076+00:00,2.2584878
2025-08-12 22:06:51.031236+00:00,2.2584866
2025-08-12 22:07:01.858949+00:00,2.2584877
2025-08-12 22:07:27.051564+00:00,2.2584874
2025-08-12 22:07:39.811728+00:00,2.2584874
2025-08-12 22:07:52.361866+00:00,2.2584881
2025-08-12 22:08:05.277581+00:00,2.2584878
2025-08-12 22:08:18.181174+00:00,2.2584877
2025-08-12 22:08:31.104355+00:00,2.2584873
2025-08-12 22:08:43.132462+00:00,2.2584873
2025-08-12 22:08:56.625713+00:00,2.2584879
2025-08-12 22:09:09.391795+00:00,2.2584879
2025-08-12 22:09:21.467903+00:00,2.2584877
2025-08-12 22:09:34.818853+00:00,2.258488
2025-08-12 22:09:47.110872+00:00,2.2584878
2025-08-12 22:09:59.536120+00:00,2.2584881
2025-08-12 22:10:18.982188+00:00,2.2584873
2025-08-12 22:10:25.611102+00:00,2.2584875
2025-08-12 22:10:43.158409+00:00,2.2584874
2025-08-12 22:10:51.123890+00:00,2.2584874
2025-08-12 22:11:04.515038+00:00,2.2584876
2025-08-12 22:11:17.178169+00:00,2.2584878
2025-08-12 22:11:30.329802+00:00,2.258488
2025-08-12 22:11:43.260120+00:00,2.2584872
2025-08-12 22:11:55.660400+00:00,2.2584876
2025-08-12 22:12:11.096484+00:00,2.2584876
2025-08-12 22:12:21.687498+00:00,2.2584874
2025-08-12 22:12:34.406364+00:00,2.2584867
2025-08-12 22:12:48.159958+00:00,2.2584872
2025-08-12 22:13:00.152579+00:00,2.2584874
2025-08-12 22:13:13.404671+00:00,2.2584875
2025-08-12 22:13:26.071493+00:00,2.2584877
2025-08-12 22:13:38.463564+00:00,2.2584872
2025-08-12 22:13:51.671641+00:00,2.2584879
2025-08-12 22:14:04.378121+00:00,2.258488
2025-08-12 22:14:17.136431+00:00,2.2584878
2025-08-12 22:14:29.294089+00:00,2.2584881
2025-08-12 22:14:41.854060+00:00,2.2584881
2025-08-12 22:14:54.606666+00:00,2.2584878
2025-08-12 22:15:07.375319+00:00,2.2584872
2025-08-12 22:15:20.494418+00:00,2.2584876
2025-08-12 22:15:32.950544+00:00,2.2584876
2025-08-12 22:15:45.308438+00:00,2.2584879
2025-08-12 22:15:58.279314+00:00,2.2584877
2025-08-12 22:16:11.225319+00:00,2.2584873
2025-08-12 22:16:24.281326+00:00,2.2584867
2025-08-12 22:16:36.136582+00:00,2.2584872
2025-08-12 22:16:50.161761+00:00,2.2584878
2025-08-12 22:17:02.126111+00:00,2.2584878
2025-08-12 22:17:14.716894+00:00,2.2584871
2025-08-12 22:17:27.578140+00:00,2.2584877
2025-08-12 22:17:40.301504+00:00,2.2584881
2025-08-12 22:17:53.107146+00:00,2.2584868
2025-08-12 22:18:06.614206+00:00,2.2584869
2025-08-12 22:18:18.926068+00:00,2.2584875
2025-08-12 22:18:31.324255+00:00,2.2584876
2025-08-12 22:18:43.884474+00:00,2.2584873
2025-08-12 22:18:57.124205+00:00,2.2584876
2025-08-12 22:19:09.620784+00:00,2.2584876
2025-08-12 22:19:22.334498+00:00,2.258487
2025-08-12 22:19:35.007150+00:00,2.2584873
2025-08-12 22:19:47.881485+00:00,2.2584868
2025-08-12 22:20:03.134683+00:00,2.2584864
2025-08-12 22:20:17.776533+00:00,2.2584877
2025-08-12 22:20:26.509670+00:00,2.2584875
2025-08-12 22:20:39.559481+00:00,2.258488
2025-08-12 22:20:53.208877+00:00,2.2584878
2025-08-12 22:21:06.308739+00:00,2.2584882
2025-08-12 22:21:18.527262+00:00,2.2584877
2025-08-12 22:21:31.252121+00:00,2.2584873
2025-08-12 22:21:44.150965+00:00,2.2584871
2025-08-12 22:21:57.070901+00:00,2.2584883
2025-08-12 22:22:10.383301+00:00,2.2584877
2025-08-12 22:22:23.430004+00:00,2.258488
2025-08-12 22:22:35.861090+00:00,2.2584877
2025-08-12 22:22:49.143998+00:00,2.2584867
2025-08-12 22:23:05.546631+00:00,2.2584879
2025-08-12 22:23:15.828301+00:00,2.2584877
2025-08-12 22:23:27.616088+00:00,2.2584881
2025-08-12 22:23:42.596277+00:00,2.2584878
2025-08-12 22:23:53.061470+00:00,2.2584875
2025-08-12 22:24:06.087696+00:00,2.2584878
2025-08-12 22:24:19.474564+00:00,2.2584876
2025-08-12 22:24:31.729891+00:00,2.2584882
2025-08-12 22:24:44.251861+00:00,2.2584867
2025-08-12 22:24:56.746236+00:00,2.2584867
2025-08-12 22:25:09.852262+00:00,2.2584876
2025-08-12 22:25:24.870240+00:00,2.2584874
2025-08-12 22:25:35.349087+00:00,2.2584883
2025-08-12 22:25:50.056841+00:00,2.2584878
2025-08-12 22:26:00.602432+00:00,2.2584878
2025-08-12 22:26:13.518073+00:00,2.2584881
2025-08-12 22:26:28.551985+00:00,2.2584874
2025-08-12 22:26:38.691091+00:00,2.2584879
2025-08-12 22:26:51.326165+00:00,2.2584877
2025-08-12 22:27:05.285030+00:00,2.2584871
2025-08-12 22:27:20.929497+00:00,2.2584874
2025-08-12 22:27:29.791227+00:00,2.258488
2025-08-12 22:27:42.545454+00:00,2.258488
2025-08-12 22:27:54.985349+00:00,2.2584884
2025-08-12 22:28:07.916391+00:00,2.2584872
2025-08-12 22:28:28.188703+00:00,2.258488
2025-08-12 22:28:33.433539+00:00,2.258488
2025-08-12 22:29:02.121665+00:00,2.2584877
2025-08-12 22:29:11.401663+00:00,2.2584881
2025-08-12 22:29:23.792828+00:00,2.2584879
2025-08-12 22:29:36.594168+00:00,2.2584873
2025-08-12 22:29:49.057084+00:00,2.2584873
2025-08-12 22:30:02.288055+00:00,2.2584877
2025-08-12 22:30:16.014453+00:00,2.2584877
2025-08-12 22:30:28.664219+00:00,2.258487
2025-08-12 22:30:41.745789+00:00,2.2584876
2025-08-12 22:30:54.704900+00:00,2.2584874
2025-08-12 22:31:06.614576+00:00,2.2584864
2025-08-12 22:31:19.839646+00:00,2.2584883
2025-08-12 22:31:32.815001+00:00,2.2584875
2025-08-12 22:31:58.186341+00:00,2.2584875
2025-08-12 22:32:12.061327+00:00,2.2584872
2025-08-12 22:32:25.930344+00:00,2.258487
2025-08-12 22:32:38.909243+00:00,2.2584871
2025-08-12 22:33:03.533810+00:00,2.2584871
2025-08-12 22:33:15.387658+00:00,2.258488
2025-08-12 22:33:28.090278+00:00,2.2584878
2025-08-12 22:33:41.343229+00:00,2.2584882
2025-08-12 22:33:53.830344+00:00,2.258488
2025-08-12 22:34:31.939440+00:00,2.2584878
2025-08-12 22:34:56.845275+00:00,2.2584877
2025-08-12 22:35:23.172111+00:00,2.2584879
2025-08-12 22:35:36.772574+00:00,2.2584879
2025-08-12 22:36:01.671059+00:00,2.2584876
2025-08-12 22:36:13.761262+00:00,2.2584864
2025-08-12 22:36:26.197102+00:00,2.2584876
2025-08-12 22:36:39.062170+00:00,2.2584879
2025-08-12 22:36:52.340736+00:00,2.2584875
2025-08-12 22:37:04.845557+00:00,2.2584875
2025-08-12 22:37:20.594392+00:00,2.2584877
2025-08-12 22:37:37.044037+00:00,2.2584871
2025-08-12 22:37:46.053355+00:00,2.258488
2025-08-12 22:37:57.022517+00:00,2.2584876
2025-08-12 22:38:09.901683+00:00,2.2584884
2025-08-12 22:38:22.890253+00:00,2.2584877
2025-08-12 22:38:34.252353+00:00,2.2584879
2025-08-12 22:38:46.516195+00:00,2.2584858
2025-08-12 22:38:59.430631+00:00,2.2584877
2025-08-12 22:39:24.463665+00:00,2.2584873
2025-08-12 22:39:37.247836+00:00,2.2584862
2025-08-12 22:39:57.313424+00:00,2.2584878
2025-08-12 22:40:03.089250+00:00,2.2584876
2025-08-12 22:40:16.049290+00:00,2.2584877
2025-08-12 22:40:28.305692+00:00,2.2584865
2025-08-12 22:40:53.553974+00:00,2.2584881
2025-08-12 22:41:07.081709+00:00,2.2584875
2025-08-12 22:41:19.726777+00:00,2.2584872
2025-08-12 22:41:32.996186+00:00,2.2584867
2025-08-12 22:41:59.212379+00:00,2.258488
2025-08-12 22:42:11.919357+00:00,2.2584866
2025-08-12 22:42:24.976717+00:00,2.258488
2025-08-12 22:42:37.409341+00:00,2.258487
2025-08-12 22:42:51.237980+00:00,2.2584873
2025-08-12 22:43:09.390175+00:00,2.2584878
2025-08-12 22:43:16.281926+00:00,2.2584867
2025-08-12 22:43:29.169022+00:00,2.2584878
2025-08-12 22:43:41.355478+00:00,2.2584877
2025-08-12 22:44:07.576576+00:00,2.2584867
2025-08-12 22:44:33.451964+00:00,2.2584874
2025-08-12 22:44:46.407804+00:00,2.2584871
2025-08-12 22:45:11.975403+00:00,2.2584867
2025-08-12 22:46:14.764769+00:00,2.2584881
2025-08-12 22:46:27.086333+00:00,2.2584863
2025-08-12 22:46:39.612366+00:00,2.2584864
2025-08-12 22:46:52.407594+00:00,2.2584883
2025-08-12 22:47:19.070632+00:00,2.2584878
2025-08-12 22:47:30.779352+00:00,2.2584875
2025-08-12 22:47:43.320583+00:00,2.2584875
2025-08-12 22:48:09.537492+00:00,2.2584877
2025-08-12 22:48:23.653387+00:00,2.2584877
2025-08-12 22:49:00.932130+00:00,2.2584881
2025-08-12 22:49:13.067978+00:00,2.2584874
2025-08-12 22:49:25.450305+00:00,2.2584876
2025-08-12 22:49:38.711269+00:00,2.2584865
2025-08-12 22:49:50.700912+00:00,2.2584871
2025-08-12 22:50:03.849771+00:00,2.2584874
2025-08-12 22:50:54.203547+00:00,2.258488
2025-08-12 22:51:07.416904+00:00,2.258487
2025-08-12 22:51:58.625679+00:00,2.2584869
2025-08-12 22:52:11.860039+00:00,2.2584864
2025-08-12 22:52:50.371306+00:00,2.2584865
2025-08-12 22:53:28.902101+00:00,2.258488
2025-08-12 22:54:33.876698+00:00,2.2584881
2025-08-12 22:55:13.267878+00:00,2.2584873
2025-08-12 22:56:52.877029+00:00,2.2584872
2025-08-12 22:57:09.462926+00:00,2.2584884
2025-08-12 22:59:55.227288+00:00,2.2584869
2025-08-12 23:00:05.301073+00:00,2.2584867
2025-08-12 23:00:42.299083+00:00,2.2584873
2025-08-12 23:01:47.034994+00:00,2.2584882
2025-08-12 23:02:26.359962+00:00,2.2584882
2025-08-12 23:03:42.326113+00:00,2.2584867
2025-08-12 23:04:09.112486+00:00,2.2584879
2025-08-12 23:04:20.744409+00:00,2.2584876
2025-08-12 23:06:07.000630+00:00,2.258488
2025-08-12 23:06:28.211934+00:00,2.2584875
2025-08-12 23:06:44.316222+00:00,2.2584883
2025-08-12 23:08:24.685118+00:00,2.2584877
2025-08-12 23:11:36.003506+00:00,2.258487
2025-08-12 23:12:00.666098+00:00,2.2584873
2025-08-12 23:12:13.266909+00:00,2.2584884
