time,counts_ratio
2025-08-14 00:00:00.288585+00:00,2.2584877
2025-08-14 00:00:13.012651+00:00,2.258487
2025-08-14 00:00:26.889084+00:00,2.2584877
2025-08-14 00:00:39.060463+00:00,2.2584879
2025-08-14 00:00:51.958514+00:00,2.2584863
2025-08-14 00:01:04.645764+00:00,2.2584881
2025-08-14 00:01:17.506373+00:00,2.258487
2025-08-14 00:01:31.766283+00:00,2.2584875
2025-08-14 00:01:43.083857+00:00,2.2584868
2025-08-14 00:01:55.849947+00:00,2.2584875
2025-08-14 00:02:08.803498+00:00,2.2584872
2025-08-14 00:02:21.656566+00:00,2.2584873
2025-08-14 00:02:34.478338+00:00,2.2584868
2025-08-14 00:02:47.185296+00:00,2.258487
2025-08-14 00:03:00.022953+00:00,2.2584867
2025-08-14 00:03:12.934401+00:00,2.2584868
2025-08-14 00:03:25.726087+00:00,2.2584876
2025-08-14 00:03:38.510555+00:00,2.2584878
2025-08-14 00:03:51.316259+00:00,2.2584878
2025-08-14 00:04:04.845182+00:00,2.2584876
2025-08-14 00:04:30.039124+00:00,2.2584875
2025-08-14 00:04:42.802886+00:00,2.2584874
2025-08-14 00:04:55.523400+00:00,2.2584876
2025-08-14 00:05:09.981802+00:00,2.2584875
2025-08-14 00:05:23.292794+00:00,2.2584877
2025-08-14 00:05:34.662155+00:00,2.2584869
2025-08-14 00:06:01.446898+00:00,2.2584862
2025-08-14 00:06:14.652348+00:00,2.2584872
2025-08-14 00:06:27.908538+00:00,2.2584876
2025-08-14 00:06:55.045356+00:00,2.2584874
2025-08-14 00:07:07.686619+00:00,2.2584866
2025-08-14 00:07:20.547364+00:00,2.2584874
2025-08-14 00:07:46.843578+00:00,2.2584861
2025-08-14 00:07:59.875955+00:00,2.2584873
2025-08-14 00:08:27.320820+00:00,2.2584869
2025-08-14 00:08:39.514351+00:00,2.2584866
2025-08-14 00:09:18.092483+00:00,2.2584866
2025-08-14 00:09:43.778188+00:00,2.2584871
2025-08-14 00:09:57.006036+00:00,2.2584876
2025-08-14 00:10:09.934368+00:00,2.2584877
2025-08-14 00:10:23.328805+00:00,2.258488
2025-08-14 00:10:47.981713+00:00,2.2584872
2025-08-14 00:11:00.814274+00:00,2.2584874
2025-08-14 00:11:13.500028+00:00,2.2584884
2025-08-14 00:11:27.220472+00:00,2.2584868
2025-08-14 00:11:52.479818+00:00,2.2584872
2025-08-14 00:12:05.030502+00:00,2.2584869
2025-08-14 00:12:31.152768+00:00,2.2584871
2025-08-14 00:12:44.318383+00:00,2.2584863
2025-08-14 00:13:10.252437+00:00,2.2584871
2025-08-14 00:13:22.443020+00:00,2.2584875
2025-08-14 00:13:35.000551+00:00,2.2584876
2025-08-14 00:13:47.954179+00:00,2.2584864
2025-08-14 00:14:01.025796+00:00,2.2584868
2025-08-14 00:14:13.626973+00:00,2.2584865
2025-08-14 00:14:26.526807+00:00,2.2584884
2025-08-14 00:14:39.279010+00:00,2.258488
2025-08-14 00:14:52.133103+00:00,2.2584875
2025-08-14 00:15:04.902465+00:00,2.2584874
2025-08-14 00:15:17.984785+00:00,2.2584874
2025-08-14 00:15:32.131395+00:00,2.2584882
2025-08-14 00:15:43.235171+00:00,2.2584867
2025-08-14 00:16:22.072151+00:00,2.2584873
2025-08-14 00:16:34.878700+00:00,2.2584865
2025-08-14 00:16:48.148653+00:00,2.258487
2025-08-14 00:17:01.249996+00:00,2.2584866
2025-08-14 00:17:14.966733+00:00,2.2584866
2025-08-14 00:17:27.546962+00:00,2.2584858
2025-08-14 00:17:41.175937+00:00,2.2584871
2025-08-14 00:17:54.333964+00:00,2.258486
2025-08-14 00:18:07.564278+00:00,2.2584882
2025-08-14 00:18:20.710162+00:00,2.2584859
2025-08-14 00:18:46.983651+00:00,2.258487
2025-08-14 00:19:25.827417+00:00,2.2584874
2025-08-14 00:19:38.902382+00:00,2.2584875
2025-08-14 00:19:53.151012+00:00,2.2584868
2025-08-14 00:20:04.922702+00:00,2.2584873
2025-08-14 00:20:18.418813+00:00,2.2584872
2025-08-14 00:20:30.986408+00:00,2.2584868
2025-08-14 00:20:43.969999+00:00,2.2584865
2025-08-14 00:20:56.673409+00:00,2.2584876
2025-08-14 00:21:11.224729+00:00,2.2584881
2025-08-14 00:21:22.906173+00:00,2.2584872
2025-08-14 00:22:01.496173+00:00,2.2584884
2025-08-14 00:22:38.784220+00:00,2.2584863
2025-08-14 00:23:04.797384+00:00,2.2584874
2025-08-14 00:23:30.079835+00:00,2.2584878
2025-08-14 00:23:43.185590+00:00,2.2584876
2025-08-14 00:23:55.743387+00:00,2.258488
2025-08-14 00:24:09.089370+00:00,2.2584879
2025-08-14 00:24:22.054620+00:00,2.2584875
2025-08-14 00:25:12.585351+00:00,2.2584883
2025-08-14 00:26:16.879628+00:00,2.258488
2025-08-14 00:27:12.055329+00:00,2.2584879
2025-08-14 00:27:22.567341+00:00,2.2584864
2025-08-14 00:28:02.622880+00:00,2.2584879
2025-08-14 00:28:17.891362+00:00,2.2584877
2025-08-14 00:28:28.568244+00:00,2.2584881
2025-08-14 00:28:43.899554+00:00,2.2584877
2025-08-14 00:28:54.656965+00:00,2.2584884
2025-08-14 00:29:21.417132+00:00,2.2584876
2025-08-14 00:29:33.461633+00:00,2.2584872
2025-08-14 00:29:46.572113+00:00,2.258488
2025-08-14 00:30:12.232408+00:00,2.2584879
2025-08-14 00:31:02.937250+00:00,2.2584877
2025-08-14 00:31:54.237942+00:00,2.2584877
2025-08-14 00:32:19.884761+00:00,2.2584871
2025-08-14 00:32:58.596389+00:00,2.2584879
2025-08-14 00:35:19.869760+00:00,2.258488
2025-08-14 00:35:32.651529+00:00,2.2584865
2025-08-14 00:35:58.357789+00:00,2.2584883
2025-08-14 00:36:11.868346+00:00,2.2584873
2025-08-14 00:37:18.221288+00:00,2.2584862
2025-08-14 00:37:44.520465+00:00,2.2584876
2025-08-14 00:37:57.759950+00:00,2.2584879
2025-08-14 00:38:24.009688+00:00,2.258488
2025-08-14 00:40:33.299101+00:00,2.2584883
2025-08-14 00:41:51.042158+00:00,2.2584873
2025-08-14 00:43:32.222868+00:00,2.2584877
2025-08-14 00:43:45.430777+00:00,2.2584876
2025-08-14 00:43:58.022068+00:00,2.2584876
2025-08-14 00:48:04.328862+00:00,2.2584862
2025-08-14 00:48:56.749220+00:00,2.2584871
2025-08-14 00:49:48.752087+00:00,2.2584868
2025-08-14 00:57:16.419569+00:00,2.2584864
2025-08-14 00:57:29.757479+00:00,2.2584874
2025-08-14 05:53:10.445842+00:00,2.2584869
2025-08-14 05:54:56.714396+00:00,2.2584883
2025-08-14 05:56:04.328333+00:00,2.258487
2025-08-14 05:59:02.414509+00:00,2.2584873
2025-08-14 05:59:28.389096+00:00,2.2584878
2025-08-14 05:59:53.708119+00:00,2.2584881
2025-08-14 06:00:32.829776+00:00,2.2584862
2025-08-14 06:01:49.749428+00:00,2.2584877
2025-08-14 06:02:55.964268+00:00,2.2584873
2025-08-14 06:03:08.693737+00:00,2.2584876
2025-08-14 06:03:21.699668+00:00,2.2584871
2025-08-14 06:03:35.179039+00:00,2.2584865
2025-08-14 06:04:15.148283+00:00,2.2584866
2025-08-14 06:04:28.497596+00:00,2.2584859
2025-08-14 06:04:41.951156+00:00,2.258487
2025-08-14 06:05:09.400283+00:00,2.2584865
2025-08-14 06:05:22.354756+00:00,2.2584881
2025-08-14 06:05:35.128927+00:00,2.258487
2025-08-14 06:05:50.638973+00:00,2.2584867
2025-08-14 06:06:01.572904+00:00,2.2584877
2025-08-14 06:06:28.168988+00:00,2.2584878
2025-08-14 06:06:41.321931+00:00,2.2584875
2025-08-14 06:06:54.539203+00:00,2.2584878
2025-08-14 06:07:07.559708+00:00,2.2584883
2025-08-14 06:07:33.807210+00:00,2.2584884
2025-08-14 06:07:47.426258+00:00,2.2584879
2025-08-14 06:08:38.750506+00:00,2.2584869
2025-08-14 06:08:52.203045+00:00,2.2584875
2025-08-14 06:09:17.640718+00:00,2.2584879
2025-08-14 06:09:31.811933+00:00,2.2584882
2025-08-14 06:10:09.254868+00:00,2.2584883
2025-08-14 06:10:21.967194+00:00,2.2584879
2025-08-14 06:10:47.900815+00:00,2.2584883
2025-08-14 06:11:13.846050+00:00,2.2584881
2025-08-14 06:11:53.708989+00:00,2.2584879
2025-08-14 06:12:33.697802+00:00,2.2584884
2025-08-14 06:12:46.511847+00:00,2.2584882
2025-08-14 06:13:13.466917+00:00,2.2584875
2025-08-14 06:14:06.150808+00:00,2.2584874
2025-08-14 06:14:45.388848+00:00,2.2584875
2025-08-14 06:14:58.512988+00:00,2.2584883
2025-08-14 06:15:26.685946+00:00,2.2584884
2025-08-14 06:15:38.048100+00:00,2.2584875
2025-08-14 06:15:50.732892+00:00,2.2584882
2025-08-14 06:16:29.816807+00:00,2.2584881
2025-08-14 06:16:42.311221+00:00,2.2584879
2025-08-14 06:17:20.956920+00:00,2.2584883
2025-08-14 06:17:59.831526+00:00,2.2584881
2025-08-14 06:18:51.555685+00:00,2.2584883
2025-08-14 06:19:04.203565+00:00,2.2584884
2025-08-14 06:19:42.662546+00:00,2.2584883
2025-08-14 06:19:55.564122+00:00,2.2584883
2025-08-14 06:20:08.948920+00:00,2.2584883
2025-08-14 06:20:21.486232+00:00,2.2584884
2025-08-14 06:20:35.015591+00:00,2.2584873
2025-08-14 06:20:48.221311+00:00,2.2584878
2025-08-14 06:21:01.178816+00:00,2.2584883
2025-08-14 06:21:15.859994+00:00,2.2584864
2025-08-14 06:21:28.234655+00:00,2.2584884
2025-08-14 06:21:41.459393+00:00,2.2584865
2025-08-14 06:21:54.744802+00:00,2.2584877
2025-08-14 06:22:09.366834+00:00,2.2584883
2025-08-14 06:22:21.438731+00:00,2.2584863
2025-08-14 06:22:35.059571+00:00,2.2584882
2025-08-14 06:22:48.148255+00:00,2.2584882
2025-08-14 06:23:01.307230+00:00,2.2584878
2025-08-14 06:23:14.406751+00:00,2.2584883
2025-08-14 06:24:07.513275+00:00,2.258488
2025-08-14 06:25:38.893970+00:00,2.2584884
2025-08-14 06:25:50.733917+00:00,2.2584883
2025-08-14 06:26:03.737364+00:00,2.2584884
2025-08-14 06:26:43.487700+00:00,2.2584881
2025-08-14 06:26:55.017762+00:00,2.258488
2025-08-14 06:27:34.235182+00:00,2.258488
2025-08-14 06:27:47.329323+00:00,2.258488
2025-08-14 06:28:38.745211+00:00,2.2584884
2025-08-14 06:28:53.008060+00:00,2.2584882
2025-08-14 06:29:56.265870+00:00,2.2584882
2025-08-14 06:30:09.519775+00:00,2.258488
2025-08-14 06:30:22.760160+00:00,2.2584882
2025-08-14 06:31:03.100233+00:00,2.2584882
2025-08-14 06:31:16.532991+00:00,2.2584879
2025-08-14 06:31:29.164800+00:00,2.2584878
2025-08-14 06:31:42.577365+00:00,2.2584876
2025-08-14 06:31:55.832345+00:00,2.2584883
2025-08-14 06:33:01.488180+00:00,2.2584884
2025-08-14 06:33:14.515790+00:00,2.2584878
2025-08-14 06:33:41.735520+00:00,2.2584882
2025-08-14 06:34:06.869480+00:00,2.2584884
2025-08-14 06:34:20.090521+00:00,2.2584884
2025-08-14 06:34:59.749870+00:00,2.258488
2025-08-14 06:35:37.816124+00:00,2.2584882
2025-08-14 06:36:16.680709+00:00,2.258488
2025-08-14 06:36:43.213633+00:00,2.2584884
2025-08-14 06:36:55.368504+00:00,2.2584881
2025-08-14 06:38:25.764333+00:00,2.2584882
2025-08-14 06:38:39.089302+00:00,2.2584884
2025-08-14 06:38:52.204880+00:00,2.2584881
2025-08-14 06:39:18.911175+00:00,2.2584881
2025-08-14 06:39:58.694275+00:00,2.2584881
2025-08-14 06:40:26.387172+00:00,2.2584882
2025-08-14 06:40:39.180424+00:00,2.2584882
2025-08-14 06:41:18.085030+00:00,2.2584884
2025-08-14 06:42:10.281206+00:00,2.2584883
2025-08-14 06:43:02.340154+00:00,2.2584881
2025-08-14 06:43:15.556969+00:00,2.2584881
2025-08-14 06:43:30.529966+00:00,2.2584883
2025-08-14 06:43:53.641966+00:00,2.2584884
2025-08-14 06:44:06.678082+00:00,2.2584883
2025-08-14 06:44:58.568785+00:00,2.2584883
2025-08-14 06:45:37.385850+00:00,2.2584884
2025-08-14 06:46:15.834284+00:00,2.2584881
2025-08-14 06:47:20.192126+00:00,2.2584884
2025-08-14 06:47:46.369788+00:00,2.2584882
2025-08-14 06:48:26.542461+00:00,2.2584884
2025-08-14 06:48:39.810105+00:00,2.2584883
2025-08-14 06:50:12.376907+00:00,2.2584883
2025-08-14 06:51:05.037745+00:00,2.2584879
2025-08-14 06:51:30.713093+00:00,2.2584884
2025-08-14 06:52:47.601000+00:00,2.2584884
2025-08-14 06:54:43.809487+00:00,2.2584883
2025-08-14 06:55:09.649290+00:00,2.2584883
2025-08-14 06:55:22.427005+00:00,2.2584884
2025-08-14 06:56:26.712796+00:00,2.2584881
2025-08-14 06:56:52.601956+00:00,2.2584881
2025-08-14 06:57:45.922247+00:00,2.2584879
2025-08-14 06:58:38.742139+00:00,2.258488
2025-08-14 06:58:52.561691+00:00,2.2584884
2025-08-14 06:59:05.609933+00:00,2.2584882
2025-08-14 07:00:24.710077+00:00,2.2584881
2025-08-14 07:00:51.757197+00:00,2.2584881
2025-08-14 07:01:17.356753+00:00,2.2584884
2025-08-14 07:01:30.590066+00:00,2.2584879
2025-08-14 07:01:56.158669+00:00,2.2584884
2025-08-14 07:02:21.862229+00:00,2.2584883
2025-08-14 07:02:48.000856+00:00,2.2584879
2025-08-14 07:05:48.624720+00:00,2.2584882
2025-08-14 07:06:27.559586+00:00,2.2584883
2025-08-14 07:06:53.745726+00:00,2.2584883
2025-08-14 07:08:00.438534+00:00,2.2584879
2025-08-14 07:08:40.488226+00:00,2.2584878
2025-08-14 07:08:53.728829+00:00,2.2584882
2025-08-14 07:09:46.403944+00:00,2.2584884
2025-08-14 07:09:59.526663+00:00,2.2584881
2025-08-14 07:10:12.858239+00:00,2.2584884
2025-08-14 07:10:25.586912+00:00,2.2584884
2025-08-14 07:10:38.692853+00:00,2.2584884
2025-08-14 07:10:51.838769+00:00,2.258488
2025-08-14 07:11:04.589288+00:00,2.2584881
2025-08-14 07:11:42.935353+00:00,2.2584882
2025-08-14 07:12:09.186338+00:00,2.2584881
2025-08-14 07:13:01.882811+00:00,2.2584882
2025-08-14 07:13:26.422891+00:00,2.2584881
2025-08-14 07:15:48.539517+00:00,2.2584883
2025-08-14 07:16:01.946345+00:00,2.2584881
2025-08-14 07:18:02.351122+00:00,2.2584883
2025-08-14 07:20:13.489046+00:00,2.2584882
2025-08-14 07:20:38.805758+00:00,2.2584882
2025-08-14 07:20:51.754665+00:00,2.258488
2025-08-14 07:21:30.607489+00:00,2.2584884
2025-08-14 07:21:43.474807+00:00,2.2584884
2025-08-14 07:22:35.277748+00:00,2.2584883
2025-08-14 07:24:43.425056+00:00,2.2584883
2025-08-14 07:24:56.506174+00:00,2.2584884
2025-08-14 07:26:14.303582+00:00,2.2584884
2025-08-14 07:27:20.742738+00:00,2.2584884
2025-08-14 07:28:01.131395+00:00,2.2584883
2025-08-14 07:29:07.331397+00:00,2.2584884
2025-08-14 07:29:19.821788+00:00,2.2584884
2025-08-14 07:33:39.717187+00:00,2.2584879
2025-08-14 07:34:44.478360+00:00,2.2584882
2025-08-14 07:35:23.007452+00:00,2.2584884
2025-08-14 07:35:36.149114+00:00,2.2584882
2025-08-14 07:36:03.692801+00:00,2.2584879
2025-08-14 07:36:16.096859+00:00,2.258488
2025-08-14 07:36:43.033900+00:00,2.2584878
2025-08-14 07:36:55.901159+00:00,2.2584883
2025-08-14 07:37:23.090907+00:00,2.2584882
2025-08-14 07:38:41.739850+00:00,2.2584884
2025-08-14 07:38:54.729394+00:00,2.2584884
2025-08-14 07:39:46.998878+00:00,2.2584881
2025-08-14 07:40:38.082190+00:00,2.2584883
2025-08-14 07:41:03.764919+00:00,2.2584884
2025-08-14 07:41:42.975309+00:00,2.2584883
2025-08-14 07:41:55.994194+00:00,2.2584884
2025-08-14 07:42:22.011534+00:00,2.2584884
2025-08-14 07:44:18.233221+00:00,2.2584883
2025-08-14 07:44:44.674094+00:00,2.2584884
2025-08-14 07:45:10.749590+00:00,2.2584881
2025-08-14 07:46:04.068394+00:00,2.2584884
2025-08-14 07:47:36.073069+00:00,2.258488
2025-08-14 07:48:28.479679+00:00,2.2584882
2025-08-14 07:49:20.444802+00:00,2.2584884
2025-08-14 07:49:45.828888+00:00,2.2584882
2025-08-14 07:50:11.656941+00:00,2.2584883
2025-08-14 07:50:24.566726+00:00,2.2584884
2025-08-14 07:50:50.713346+00:00,2.2584884
2025-08-14 07:52:33.856438+00:00,2.2584877
2025-08-14 07:52:48.752828+00:00,2.2584882
2025-08-14 07:53:52.985391+00:00,2.2584883
2025-08-14 07:54:19.895001+00:00,2.2584883
2025-08-14 07:54:47.030487+00:00,2.2584882
2025-08-14 07:55:39.859040+00:00,2.258488
2025-08-14 07:56:46.350349+00:00,2.258488
2025-08-14 07:57:25.028778+00:00,2.2584883
2025-08-14 08:00:12.336007+00:00,2.2584884
2025-08-14 08:01:41.976017+00:00,2.2584884
2025-08-14 08:01:54.933221+00:00,2.2584882
2025-08-14 08:02:08.018298+00:00,2.258488
2025-08-14 08:03:02.915063+00:00,2.2584883
2025-08-14 08:04:07.995263+00:00,2.2584881
2025-08-14 08:05:52.535523+00:00,2.2584879
2025-08-14 08:06:06.411240+00:00,2.2584882
2025-08-14 08:06:20.034409+00:00,2.2584884
2025-08-14 08:06:44.543228+00:00,2.2584881
2025-08-14 08:07:22.885154+00:00,2.2584882
2025-08-14 08:08:27.500012+00:00,2.2584882
2025-08-14 08:10:11.071364+00:00,2.2584882
2025-08-14 08:10:37.504555+00:00,2.258488
2025-08-14 08:11:15.048169+00:00,2.2584881
2025-08-14 08:13:00.912516+00:00,2.2584884
2025-08-14 08:13:40.974410+00:00,2.2584881
2025-08-14 08:14:08.625036+00:00,2.2584883
2025-08-14 08:14:20.486547+00:00,2.2584882
2025-08-14 08:14:46.955739+00:00,2.2584883
2025-08-14 08:15:52.804379+00:00,2.2584883
2025-08-14 08:16:18.166776+00:00,2.2584881
2025-08-14 08:16:30.860009+00:00,2.2584877
2025-08-14 08:16:56.315908+00:00,2.2584884
2025-08-14 08:18:02.286046+00:00,2.2584881
2025-08-14 08:19:33.621788+00:00,2.2584882
2025-08-14 08:20:50.475801+00:00,2.2584884
2025-08-14 08:22:37.347033+00:00,2.2584883
2025-08-14 08:23:42.368139+00:00,2.2584883
2025-08-14 08:24:46.970388+00:00,2.2584884
2025-08-14 08:26:32.301514+00:00,2.2584884
2025-08-14 08:27:10.129780+00:00,2.2584882
2025-08-14 08:27:23.085687+00:00,2.2584882
2025-08-14 08:27:47.880248+00:00,2.2584884
2025-08-14 08:28:52.492014+00:00,2.2584882
2025-08-14 08:29:05.858754+00:00,2.2584882
2025-08-14 08:29:19.005558+00:00,2.2584881
2025-08-14 08:29:59.650265+00:00,2.2584882
2025-08-14 08:30:40.422828+00:00,2.2584881
2025-08-14 08:31:19.873738+00:00,2.2584879
2025-08-14 08:31:33.850911+00:00,2.2584879
2025-08-14 08:31:59.755260+00:00,2.2584883
2025-08-14 08:32:12.284099+00:00,2.2584883
2025-08-14 08:33:04.228089+00:00,2.2584883
2025-08-14 08:33:30.800709+00:00,2.2584881
2025-08-14 08:33:42.640681+00:00,2.2584884
2025-08-14 08:34:21.393193+00:00,2.2584884
2025-08-14 08:34:34.436485+00:00,2.2584884
2025-08-14 08:35:52.563959+00:00,2.2584882
2025-08-14 08:36:05.721214+00:00,2.2584883
2025-08-14 08:36:44.174569+00:00,2.2584883
2025-08-14 08:36:57.346073+00:00,2.2584883
2025-08-14 08:37:12.838497+00:00,2.258488
2025-08-14 08:38:44.062210+00:00,2.2584882
2025-08-14 08:38:57.569331+00:00,2.2584883
2025-08-14 08:39:50.555099+00:00,2.2584884
2025-08-14 08:40:04.417428+00:00,2.2584881
2025-08-14 08:40:18.232337+00:00,2.2584884
2025-08-14 08:40:57.517349+00:00,2.2584881
2025-08-14 08:41:11.310452+00:00,2.2584882
2025-08-14 08:41:22.336222+00:00,2.2584883
2025-08-14 08:41:35.327067+00:00,2.2584882
2025-08-14 08:42:00.988972+00:00,2.2584882
2025-08-14 08:42:27.152345+00:00,2.2584882
2025-08-14 08:43:06.956600+00:00,2.2584884
2025-08-14 08:43:32.665445+00:00,2.2584878
2025-08-14 08:44:11.824732+00:00,2.2584884
2025-08-14 08:44:36.767868+00:00,2.2584883
2025-08-14 08:44:49.725046+00:00,2.2584883
2025-08-14 08:45:16.190298+00:00,2.2584879
2025-08-14 08:45:31.021386+00:00,2.2584883
2025-08-14 08:46:09.270417+00:00,2.2584882
2025-08-14 08:47:03.291016+00:00,2.258488
2025-08-14 08:47:18.078105+00:00,2.2584883
2025-08-14 08:47:29.802836+00:00,2.2584883
2025-08-14 08:47:42.976145+00:00,2.2584884
2025-08-14 08:48:09.666184+00:00,2.2584883
2025-08-14 08:48:48.661411+00:00,2.2584881
2025-08-14 08:50:44.941538+00:00,2.2584884
2025-08-14 08:51:49.131921+00:00,2.2584883
2025-08-14 08:52:27.559963+00:00,2.2584883
2025-08-14 08:53:06.507485+00:00,2.258488
2025-08-14 08:53:19.509062+00:00,2.2584884
2025-08-14 08:56:09.597597+00:00,2.2584881
2025-08-14 08:56:23.274087+00:00,2.258488
2025-08-14 08:57:55.932716+00:00,2.2584879
2025-08-14 09:00:05.527519+00:00,2.2584884
2025-08-14 09:01:48.945870+00:00,2.2584883
2025-08-14 09:02:53.491364+00:00,2.2584884
2025-08-14 09:03:33.442790+00:00,2.2584882
2025-08-14 09:04:13.697476+00:00,2.2584878
2025-08-14 09:04:26.549901+00:00,2.2584884
2025-08-14 09:04:39.793741+00:00,2.2584883
2025-08-14 09:05:06.710333+00:00,2.2584884
2025-08-14 09:07:05.237496+00:00,2.2584884
2025-08-14 09:07:18.876707+00:00,2.2584881
2025-08-14 09:07:56.335398+00:00,2.2584884
2025-08-14 09:08:48.106336+00:00,2.2584882
2025-08-14 09:09:14.441265+00:00,2.2584869
2025-08-14 09:09:52.783341+00:00,2.2584884
2025-08-14 09:10:18.763471+00:00,2.2584884
2025-08-14 09:10:57.148981+00:00,2.2584884
2025-08-14 09:11:10.564173+00:00,2.2584881
2025-08-14 09:11:24.167002+00:00,2.2584882
2025-08-14 09:12:02.351643+00:00,2.2584884
2025-08-14 09:12:15.426596+00:00,2.2584882
2025-08-14 09:13:35.059840+00:00,2.2584884
2025-08-14 09:14:14.970399+00:00,2.258488
2025-08-14 09:14:41.279094+00:00,2.2584884
2025-08-14 09:14:54.627572+00:00,2.2584878
2025-08-14 09:16:00.027382+00:00,2.2584884
2025-08-14 09:16:13.127394+00:00,2.2584881
2025-08-14 09:16:39.185005+00:00,2.2584881
2025-08-14 09:18:22.998026+00:00,2.2584883
2025-08-14 09:18:36.732295+00:00,2.2584879
2025-08-14 09:18:49.311205+00:00,2.2584882
2025-08-14 09:19:40.828442+00:00,2.2584884
2025-08-14 09:21:12.108072+00:00,2.2584882
2025-08-14 09:21:39.138433+00:00,2.2584883
2025-08-14 09:21:52.320443+00:00,2.2584877
2025-08-14 09:22:32.349071+00:00,2.2584884
2025-08-14 09:22:58.509598+00:00,2.2584882
2025-08-14 09:23:11.810750+00:00,2.2584879
2025-08-14 09:23:24.799454+00:00,2.2584879
2025-08-14 09:23:37.614684+00:00,2.258488
2025-08-14 09:24:03.724779+00:00,2.2584884
2025-08-14 09:24:30.144976+00:00,2.2584883
2025-08-14 09:26:25.531237+00:00,2.2584884
2025-08-14 09:27:04.887055+00:00,2.2584883
2025-08-14 09:27:18.191847+00:00,2.2584883
2025-08-14 09:27:30.396343+00:00,2.2584881
2025-08-14 09:27:43.072596+00:00,2.2584882
2025-08-14 09:27:55.571389+00:00,2.2584883
2025-08-14 09:28:08.414891+00:00,2.2584883
2025-08-14 09:30:05.042165+00:00,2.2584884
2025-08-14 09:31:38.151744+00:00,2.2584882
2025-08-14 09:32:30.547941+00:00,2.2584881
2025-08-14 09:33:35.997077+00:00,2.2584881
2025-08-14 09:34:27.357438+00:00,2.2584882
2025-08-14 09:35:44.726156+00:00,2.2584884
2025-08-14 09:36:23.513063+00:00,2.2584877
2025-08-14 09:37:52.807290+00:00,2.2584883
2025-08-14 09:38:19.569405+00:00,2.2584884
2025-08-14 09:38:45.864283+00:00,2.2584883
2025-08-14 09:39:12.065069+00:00,2.258488
2025-08-14 09:39:24.974339+00:00,2.2584883
2025-08-14 09:40:18.089751+00:00,2.2584882
2025-08-14 09:40:58.517185+00:00,2.2584884
2025-08-14 09:41:23.975492+00:00,2.2584883
2025-08-14 09:41:50.811729+00:00,2.2584884
2025-08-14 09:42:03.600641+00:00,2.258488
2025-08-14 09:42:16.949486+00:00,2.2584884
2025-08-14 09:42:55.199312+00:00,2.2584882
2025-08-14 09:43:33.787554+00:00,2.2584882
2025-08-14 09:43:59.107779+00:00,2.2584884
2025-08-14 09:44:51.316993+00:00,2.2584882
2025-08-14 09:45:42.589283+00:00,2.2584879
2025-08-14 09:45:55.240593+00:00,2.2584883
2025-08-14 09:46:21.481038+00:00,2.2584883
2025-08-14 09:47:26.309549+00:00,2.258488
2025-08-14 09:47:40.711417+00:00,2.258488
2025-08-14 09:47:52.567757+00:00,2.2584884
2025-08-14 09:48:05.905985+00:00,2.2584884
2025-08-14 09:48:19.579221+00:00,2.2584877
2025-08-14 09:48:46.386863+00:00,2.2584881
2025-08-14 09:49:13.416110+00:00,2.2584882
2025-08-14 09:50:32.083413+00:00,2.2584884
2025-08-14 09:50:45.413230+00:00,2.2584881
2025-08-14 09:51:24.339386+00:00,2.2584879
2025-08-14 09:52:54.590646+00:00,2.2584882
2025-08-14 09:53:07.492987+00:00,2.2584883
2025-08-14 09:53:20.861790+00:00,2.2584883
2025-08-14 09:54:11.893008+00:00,2.2584883
2025-08-14 09:56:08.199060+00:00,2.2584884
2025-08-14 09:56:22.584077+00:00,2.2584883
2025-08-14 09:57:41.631286+00:00,2.2584879
2025-08-14 09:58:34.016566+00:00,2.2584882
2025-08-14 09:59:00.447446+00:00,2.2584879
2025-08-14 10:00:05.587213+00:00,2.2584883
2025-08-14 10:01:35.219660+00:00,2.2584882
2025-08-14 10:01:48.677958+00:00,2.2584881
2025-08-14 10:02:27.039809+00:00,2.2584883
2025-08-14 10:02:39.855812+00:00,2.2584884
2025-08-14 10:03:44.932966+00:00,2.2584883
2025-08-14 10:04:49.002849+00:00,2.2584883
2025-08-14 10:05:02.889935+00:00,2.2584884
2025-08-14 10:05:42.306615+00:00,2.2584881
2025-08-14 10:05:55.477091+00:00,2.2584884
2025-08-14 10:06:08.799222+00:00,2.2584882
2025-08-14 10:06:35.009813+00:00,2.2584884
2025-08-14 10:06:48.138061+00:00,2.2584879
2025-08-14 10:09:23.951679+00:00,2.2584883
2025-08-14 10:10:41.897563+00:00,2.2584881
2025-08-14 10:11:07.474311+00:00,2.2584884
2025-08-14 10:11:45.980388+00:00,2.2584884
2025-08-14 10:12:11.723612+00:00,2.2584883
2025-08-14 10:12:24.715788+00:00,2.258488
2025-08-14 10:13:17.138270+00:00,2.2584884
2025-08-14 10:13:30.488501+00:00,2.2584879
2025-08-14 10:14:23.589351+00:00,2.2584884
2025-08-14 10:14:36.813717+00:00,2.2584883
2025-08-14 10:15:03.196966+00:00,2.2584884
2025-08-14 10:15:16.518014+00:00,2.2584879
2025-08-14 10:15:29.296087+00:00,2.2584879
2025-08-14 10:15:56.420671+00:00,2.2584883
2025-08-14 10:16:09.145632+00:00,2.2584882
2025-08-14 10:16:21.560135+00:00,2.2584882
2025-08-14 10:16:34.512056+00:00,2.2584883
2025-08-14 10:17:25.652028+00:00,2.2584884
2025-08-14 10:18:04.989656+00:00,2.2584884
2025-08-14 10:18:17.187344+00:00,2.2584883
2025-08-14 10:18:30.260451+00:00,2.2584882
2025-08-14 10:18:43.200518+00:00,2.2584883
2025-08-14 10:19:47.435516+00:00,2.258488
2025-08-14 10:21:18.156367+00:00,2.2584884
2025-08-14 10:21:44.150462+00:00,2.2584881
2025-08-14 10:22:10.663441+00:00,2.2584882
2025-08-14 10:22:37.289038+00:00,2.2584883
2025-08-14 10:22:50.681885+00:00,2.2584883
2025-08-14 10:23:17.240860+00:00,2.2584882
2025-08-14 10:23:46.936447+00:00,2.2584881
2025-08-14 10:23:56.482686+00:00,2.2584883
2025-08-14 10:24:09.537073+00:00,2.2584884
2025-08-14 10:24:22.816812+00:00,2.2584883
2025-08-14 10:24:49.061448+00:00,2.2584883
2025-08-14 10:25:14.571123+00:00,2.2584884
2025-08-14 10:25:52.702986+00:00,2.2584882
2025-08-14 10:26:18.659506+00:00,2.2584883
2025-08-14 10:26:31.740029+00:00,2.2584878
2025-08-14 10:26:44.994383+00:00,2.2584883
2025-08-14 10:26:57.308803+00:00,2.2584881
2025-08-14 10:27:12.559780+00:00,2.2584882
2025-08-14 10:27:23.334829+00:00,2.2584877
2025-08-14 10:27:36.914446+00:00,2.2584881
2025-08-14 10:27:49.122995+00:00,2.2584879
2025-08-14 10:28:02.198686+00:00,2.2584883
2025-08-14 10:28:15.031919+00:00,2.2584883
2025-08-14 10:28:27.656155+00:00,2.2584882
2025-08-14 10:28:41.297492+00:00,2.2584876
2025-08-14 10:28:54.842404+00:00,2.2584881
2025-08-14 10:29:32.167936+00:00,2.2584882
2025-08-14 10:30:51.988714+00:00,2.2584883
2025-08-14 10:31:07.671405+00:00,2.2584882
2025-08-14 10:31:44.307831+00:00,2.2584878
2025-08-14 10:31:57.504140+00:00,2.2584882
2025-08-14 10:33:03.035596+00:00,2.2584883
2025-08-14 10:33:16.008063+00:00,2.2584882
2025-08-14 10:33:42.242564+00:00,2.2584882
2025-08-14 10:33:55.374922+00:00,2.2584872
2025-08-14 10:35:25.621231+00:00,2.258488
2025-08-14 10:36:17.944718+00:00,2.2584883
2025-08-14 10:37:22.759188+00:00,2.2584882
2025-08-14 10:37:34.817374+00:00,2.258488
2025-08-14 10:38:13.458516+00:00,2.2584884
2025-08-14 10:38:27.333022+00:00,2.2584877
2025-08-14 10:38:39.562677+00:00,2.2584884
2025-08-14 10:39:05.975138+00:00,2.2584879
2025-08-14 10:39:19.030562+00:00,2.2584883
2025-08-14 10:39:32.798449+00:00,2.2584883
2025-08-14 10:39:45.357066+00:00,2.258488
2025-08-14 10:40:25.540154+00:00,2.2584882
2025-08-14 10:40:52.227226+00:00,2.2584884
2025-08-14 10:41:32.195567+00:00,2.2584879
2025-08-14 10:41:58.107630+00:00,2.258488
2025-08-14 10:42:12.095278+00:00,2.2584882
2025-08-14 10:43:16.043004+00:00,2.2584881
2025-08-14 10:43:54.937439+00:00,2.2584882
2025-08-14 10:44:07.983002+00:00,2.2584882
2025-08-14 10:44:33.714007+00:00,2.2584884
2025-08-14 10:45:12.778354+00:00,2.2584884
2025-08-14 10:45:25.657847+00:00,2.2584882
2025-08-14 10:48:27.986753+00:00,2.2584883
2025-08-14 10:48:41.320823+00:00,2.2584882
2025-08-14 10:48:55.007586+00:00,2.258488
2025-08-14 10:49:09.910592+00:00,2.2584882
2025-08-14 10:49:21.432498+00:00,2.2584882
2025-08-14 10:50:15.874577+00:00,2.258488
2025-08-14 10:50:41.119042+00:00,2.2584878
2025-08-14 10:50:54.136106+00:00,2.2584878
2025-08-14 10:51:07.017747+00:00,2.2584883
2025-08-14 10:51:47.521966+00:00,2.2584881
2025-08-14 10:52:24.723102+00:00,2.2584881
2025-08-14 10:53:29.136553+00:00,2.2584883
2025-08-14 10:53:54.466742+00:00,2.2584884
2025-08-14 10:54:23.557516+00:00,2.2584874
2025-08-14 10:54:33.362442+00:00,2.2584881
2025-08-14 10:54:48.487433+00:00,2.2584882
2025-08-14 10:54:58.979194+00:00,2.258488
2025-08-14 10:55:12.026034+00:00,2.2584882
2025-08-14 10:55:24.415244+00:00,2.2584883
2025-08-14 10:55:38.021420+00:00,2.2584883
2025-08-14 10:55:50.219655+00:00,2.2584884
2025-08-14 10:56:02.859417+00:00,2.2584883
2025-08-14 10:56:28.761556+00:00,2.258488
2025-08-14 10:56:41.709273+00:00,2.2584883
2025-08-14 10:57:08.401472+00:00,2.2584884
2025-08-14 10:57:21.153589+00:00,2.2584882
2025-08-14 10:57:34.662969+00:00,2.2584879
2025-08-14 10:57:49.615017+00:00,2.2584882
2025-08-14 10:58:01.273033+00:00,2.2584882
2025-08-14 10:58:41.251126+00:00,2.2584884
2025-08-14 10:59:07.415186+00:00,2.2584881
2025-08-14 10:59:20.432086+00:00,2.2584882
2025-08-14 10:59:33.701729+00:00,2.2584879
2025-08-14 10:59:59.540150+00:00,2.2584881
2025-08-14 11:00:12.988022+00:00,2.2584884
2025-08-14 11:00:25.745280+00:00,2.2584883
2025-08-14 11:00:39.577574+00:00,2.258488
2025-08-14 11:00:51.540336+00:00,2.2584882
2025-08-14 11:01:04.438052+00:00,2.2584883
2025-08-14 11:01:29.830644+00:00,2.258488
2025-08-14 11:02:08.646352+00:00,2.2584876
2025-08-14 11:02:21.894874+00:00,2.2584881
2025-08-14 11:02:34.729194+00:00,2.2584882
2025-08-14 11:03:00.840593+00:00,2.2584883
2025-08-14 11:03:13.461315+00:00,2.2584883
2025-08-14 11:03:51.938844+00:00,2.2584883
2025-08-14 11:04:05.813323+00:00,2.258488
2025-08-14 11:04:17.717154+00:00,2.2584882
2025-08-14 11:04:30.622696+00:00,2.2584879
2025-08-14 11:04:43.499816+00:00,2.2584882
2025-08-14 11:04:56.532043+00:00,2.258488
2025-08-14 11:05:09.533471+00:00,2.2584879
2025-08-14 11:05:26.429045+00:00,2.2584876
2025-08-14 11:05:36.542440+00:00,2.2584882
2025-08-14 11:06:03.672350+00:00,2.258488
2025-08-14 11:06:15.679813+00:00,2.2584879
2025-08-14 11:06:28.746969+00:00,2.2584879
2025-08-14 11:06:42.313480+00:00,2.2584882
2025-08-14 11:06:55.206153+00:00,2.2584882
2025-08-14 11:07:08.901043+00:00,2.2584876
2025-08-14 11:07:21.753398+00:00,2.2584883
2025-08-14 11:07:48.648168+00:00,2.2584883
2025-08-14 11:08:01.410431+00:00,2.2584881
2025-08-14 11:08:53.797431+00:00,2.2584884
2025-08-14 11:09:08.203795+00:00,2.2584879
2025-08-14 11:09:20.471508+00:00,2.2584881
2025-08-14 11:09:32.689364+00:00,2.2584882
2025-08-14 11:09:45.663516+00:00,2.258488
2025-08-14 11:09:59.119215+00:00,2.2584878
2025-08-14 11:10:23.775370+00:00,2.2584878
2025-08-14 11:10:36.630342+00:00,2.2584881
2025-08-14 11:10:50.458940+00:00,2.2584876
2025-08-14 11:11:28.077544+00:00,2.2584881
2025-08-14 11:11:54.002399+00:00,2.2584884
2025-08-14 11:12:08.187053+00:00,2.2584881
2025-08-14 11:12:32.826746+00:00,2.2584884
2025-08-14 11:12:46.454014+00:00,2.2584883
2025-08-14 11:12:58.592501+00:00,2.2584881
2025-08-14 11:13:11.116855+00:00,2.2584884
2025-08-14 11:13:24.399960+00:00,2.2584878
2025-08-14 11:13:36.686542+00:00,2.2584882
2025-08-14 11:13:49.525747+00:00,2.2584884
2025-08-14 11:14:28.815910+00:00,2.2584882
2025-08-14 11:14:45.223422+00:00,2.258488
2025-08-14 11:14:55.063674+00:00,2.2584882
2025-08-14 11:15:23.329775+00:00,2.2584883
2025-08-14 11:15:48.532493+00:00,2.2584883
2025-08-14 11:16:02.053159+00:00,2.2584882
2025-08-14 11:16:15.053795+00:00,2.2584883
2025-08-14 11:16:28.337699+00:00,2.2584881
2025-08-14 11:16:41.407743+00:00,2.2584881
2025-08-14 11:17:07.586046+00:00,2.258488
2025-08-14 11:17:21.412448+00:00,2.2584883
2025-08-14 11:17:34.377247+00:00,2.2584876
2025-08-14 11:17:46.878208+00:00,2.258488
2025-08-14 11:17:59.756359+00:00,2.2584884
2025-08-14 11:18:12.862644+00:00,2.2584878
2025-08-14 11:18:25.889286+00:00,2.2584882
2025-08-14 11:18:51.898012+00:00,2.2584876
2025-08-14 11:19:04.420273+00:00,2.2584879
2025-08-14 11:19:18.023832+00:00,2.258488
2025-08-14 11:19:31.227451+00:00,2.2584881
2025-08-14 11:19:43.829464+00:00,2.2584883
2025-08-14 11:19:57.197624+00:00,2.2584878
2025-08-14 11:20:09.740028+00:00,2.258488
2025-08-14 11:20:22.774913+00:00,2.2584881
2025-08-14 11:20:35.895416+00:00,2.2584878
2025-08-14 11:20:48.647990+00:00,2.2584883
2025-08-14 11:21:01.553819+00:00,2.2584884
2025-08-14 11:21:14.502001+00:00,2.2584877
2025-08-14 11:21:27.311034+00:00,2.2584878
2025-08-14 11:21:39.994250+00:00,2.2584879
2025-08-14 11:21:53.271638+00:00,2.2584881
2025-08-14 11:22:07.839687+00:00,2.2584878
2025-08-14 11:22:18.809870+00:00,2.2584876
2025-08-14 11:22:32.155298+00:00,2.2584878
2025-08-14 11:22:44.435075+00:00,2.2584884
2025-08-14 11:22:57.483673+00:00,2.258488
2025-08-14 11:23:12.812403+00:00,2.2584876
2025-08-14 11:23:28.925256+00:00,2.258488
2025-08-14 11:23:36.985168+00:00,2.2584881
2025-08-14 11:24:03.568825+00:00,2.2584884
2025-08-14 11:24:16.833558+00:00,2.2584881
2025-08-14 11:24:30.324111+00:00,2.2584882
2025-08-14 11:24:57.465188+00:00,2.2584878
2025-08-14 11:25:22.883134+00:00,2.2584877
2025-08-14 11:25:35.943211+00:00,2.2584879
2025-08-14 11:25:49.201534+00:00,2.258488
2025-08-14 11:26:02.131823+00:00,2.2584884
2025-08-14 11:26:28.192520+00:00,2.2584881
2025-08-14 11:27:46.172302+00:00,2.2584879
2025-08-14 11:27:58.638727+00:00,2.2584878
2025-08-14 11:28:11.903101+00:00,2.2584879
2025-08-14 11:28:51.777049+00:00,2.258488
2025-08-14 11:29:04.441403+00:00,2.2584881
2025-08-14 11:29:17.756089+00:00,2.2584882
2025-08-14 11:29:30.379528+00:00,2.258488
2025-08-14 11:29:43.221288+00:00,2.2584883
2025-08-14 11:29:55.666675+00:00,2.2584878
2025-08-14 11:30:22.151444+00:00,2.2584884
2025-08-14 11:30:35.940418+00:00,2.2584881
2025-08-14 11:30:48.949549+00:00,2.2584883
2025-08-14 11:31:13.631667+00:00,2.2584881
2025-08-14 11:31:26.789740+00:00,2.2584882
2025-08-14 11:32:08.077813+00:00,2.2584879
2025-08-14 11:32:19.732557+00:00,2.2584882
2025-08-14 11:32:33.227506+00:00,2.2584883
2025-08-14 11:32:59.859424+00:00,2.2584879
2025-08-14 11:33:12.912358+00:00,2.2584884
2025-08-14 11:33:26.445567+00:00,2.2584881
2025-08-14 11:33:39.239282+00:00,2.2584877
2025-08-14 11:33:52.441879+00:00,2.2584882
2025-08-14 11:34:06.288173+00:00,2.2584879
2025-08-14 11:34:35.319691+00:00,2.2584881
2025-08-14 11:34:58.492177+00:00,2.2584878
2025-08-14 11:35:11.611897+00:00,2.2584878
2025-08-14 11:35:24.460942+00:00,2.2584884
2025-08-14 11:35:39.296903+00:00,2.2584881
2025-08-14 11:36:16.116831+00:00,2.2584881
2025-08-14 11:36:29.529935+00:00,2.2584878
2025-08-14 11:36:42.392024+00:00,2.2584882
2025-08-14 11:36:54.854704+00:00,2.2584884
2025-08-14 11:37:07.955261+00:00,2.2584884
2025-08-14 11:37:20.919823+00:00,2.2584879
2025-08-14 11:37:33.786548+00:00,2.2584883
2025-08-14 11:37:47.281694+00:00,2.2584877
2025-08-14 11:38:00.682723+00:00,2.2584883
2025-08-14 11:38:12.524903+00:00,2.2584881
2025-08-14 11:38:25.421774+00:00,2.2584882
2025-08-14 11:38:51.039251+00:00,2.2584882
2025-08-14 11:39:04.030780+00:00,2.2584878
2025-08-14 11:39:16.902866+00:00,2.2584879
2025-08-14 11:39:29.718702+00:00,2.2584879
2025-08-14 11:39:43.104988+00:00,2.2584876
2025-08-14 11:39:55.998042+00:00,2.2584876
2025-08-14 11:40:08.804482+00:00,2.258488
2025-08-14 11:40:22.716927+00:00,2.2584884
2025-08-14 11:40:35.686116+00:00,2.2584876
2025-08-14 11:40:48.784307+00:00,2.2584884
2025-08-14 11:41:02.287062+00:00,2.258488
2025-08-14 11:41:16.149934+00:00,2.2584877
2025-08-14 11:41:43.022134+00:00,2.2584878
2025-08-14 11:41:55.997737+00:00,2.2584878
2025-08-14 11:42:22.695950+00:00,2.258488
2025-08-14 11:42:48.494671+00:00,2.2584884
2025-08-14 11:43:01.932018+00:00,2.2584875
2025-08-14 11:43:14.893351+00:00,2.2584877
2025-08-14 11:43:27.837447+00:00,2.2584884
2025-08-14 11:43:41.733418+00:00,2.2584879
2025-08-14 11:43:54.084273+00:00,2.2584881
2025-08-14 11:44:19.913854+00:00,2.2584884
2025-08-14 11:44:45.934977+00:00,2.258488
2025-08-14 11:45:24.301454+00:00,2.2584883
2025-08-14 11:45:37.071282+00:00,2.2584873
2025-08-14 11:45:50.722278+00:00,2.2584874
2025-08-14 11:46:02.737219+00:00,2.2584884
2025-08-14 11:46:16.158689+00:00,2.2584877
2025-08-14 11:46:28.491278+00:00,2.2584878
2025-08-14 11:46:55.689716+00:00,2.2584884
2025-08-14 11:47:07.423413+00:00,2.2584881
2025-08-14 11:47:33.355399+00:00,2.2584882
2025-08-14 11:48:13.317139+00:00,2.2584877
2025-08-14 11:48:24.615560+00:00,2.2584878
2025-08-14 11:48:37.532841+00:00,2.2584879
2025-08-14 11:48:50.532802+00:00,2.258488
2025-08-14 11:49:04.290321+00:00,2.2584876
2025-08-14 11:49:16.998670+00:00,2.2584879
2025-08-14 11:49:29.916125+00:00,2.2584879
2025-08-14 11:49:43.484082+00:00,2.2584883
2025-08-14 11:49:58.629171+00:00,2.2584882
2025-08-14 11:50:10.261971+00:00,2.2584877
2025-08-14 11:50:23.792758+00:00,2.2584881
2025-08-14 11:50:37.442461+00:00,2.2584879
2025-08-14 11:50:50.446698+00:00,2.2584877
2025-08-14 11:51:17.073412+00:00,2.258488
2025-08-14 11:51:29.644450+00:00,2.258488
2025-08-14 11:51:42.657806+00:00,2.2584874
2025-08-14 11:51:55.833482+00:00,2.2584881
2025-08-14 11:52:09.315713+00:00,2.2584881
2025-08-14 11:52:21.879289+00:00,2.2584874
2025-08-14 11:52:48.341945+00:00,2.2584879
2025-08-14 11:53:02.781277+00:00,2.2584884
2025-08-14 11:53:13.881505+00:00,2.258488
2025-08-14 11:53:26.612938+00:00,2.2584878
2025-08-14 11:53:39.575263+00:00,2.2584879
2025-08-14 11:53:52.975318+00:00,2.2584884
2025-08-14 11:54:05.548085+00:00,2.2584879
2025-08-14 11:54:18.641157+00:00,2.2584884
2025-08-14 11:54:31.215641+00:00,2.2584881
2025-08-14 11:54:44.643827+00:00,2.2584884
2025-08-14 11:54:57.174572+00:00,2.2584883
2025-08-14 11:55:11.512087+00:00,2.2584878
2025-08-14 11:55:24.439146+00:00,2.2584873
2025-08-14 11:55:48.436438+00:00,2.2584884
2025-08-14 11:56:01.347185+00:00,2.2584881
2025-08-14 11:56:14.411667+00:00,2.2584883
2025-08-14 11:56:27.256149+00:00,2.2584882
2025-08-14 11:56:40.222701+00:00,2.2584884
2025-08-14 11:56:53.215142+00:00,2.258488
2025-08-14 11:57:06.481560+00:00,2.2584879
2025-08-14 11:57:32.958597+00:00,2.2584878
2025-08-14 11:57:46.134472+00:00,2.2584882
2025-08-14 11:58:13.452848+00:00,2.2584884
2025-08-14 11:58:26.026751+00:00,2.2584876
2025-08-14 11:58:39.677285+00:00,2.2584881
2025-08-14 11:58:52.608704+00:00,2.2584882
2025-08-14 11:59:06.205649+00:00,2.2584881
2025-08-14 11:59:31.939079+00:00,2.258488
2025-08-14 11:59:44.814136+00:00,2.2584881
2025-08-14 12:00:11.314141+00:00,2.258488
2025-08-14 12:00:24.281760+00:00,2.258488
2025-08-14 12:00:37.694346+00:00,2.2584884
2025-08-14 12:00:50.507844+00:00,2.258488
2025-08-14 12:01:04.240274+00:00,2.2584879
2025-08-14 12:01:29.561457+00:00,2.2584882
2025-08-14 12:01:43.010242+00:00,2.258488
2025-08-14 12:01:57.395194+00:00,2.2584883
2025-08-14 12:02:09.301009+00:00,2.2584884
2025-08-14 12:02:33.703766+00:00,2.2584879
2025-08-14 12:02:46.476489+00:00,2.2584876
2025-08-14 12:02:58.765733+00:00,2.2584877
2025-08-14 12:03:11.759908+00:00,2.2584882
2025-08-14 12:03:24.431233+00:00,2.2584884
2025-08-14 12:03:37.225776+00:00,2.2584881
2025-08-14 12:03:50.081040+00:00,2.2584876
2025-08-14 12:04:03.215992+00:00,2.258488
2025-08-14 12:04:16.282036+00:00,2.2584882
2025-08-14 12:04:42.213869+00:00,2.2584879
2025-08-14 12:04:54.529571+00:00,2.2584876
2025-08-14 12:05:07.422101+00:00,2.2584883
2025-08-14 12:05:20.529244+00:00,2.2584884
2025-08-14 12:05:33.751425+00:00,2.2584878
2025-08-14 12:05:46.936476+00:00,2.258488
2025-08-14 12:06:00.241395+00:00,2.2584875
2025-08-14 12:06:13.474148+00:00,2.2584882
2025-08-14 12:06:26.655649+00:00,2.2584876
2025-08-14 12:06:40.137490+00:00,2.2584879
2025-08-14 12:06:53.373345+00:00,2.2584879
2025-08-14 12:07:06.761228+00:00,2.2584879
2025-08-14 12:07:21.290166+00:00,2.2584882
2025-08-14 12:07:33.135221+00:00,2.2584876
2025-08-14 12:07:59.235864+00:00,2.258488
2025-08-14 12:08:12.365776+00:00,2.2584879
2025-08-14 12:08:25.326712+00:00,2.2584878
2025-08-14 12:09:04.459362+00:00,2.2584878
2025-08-14 12:09:17.563010+00:00,2.2584883
2025-08-14 12:09:56.850713+00:00,2.2584878
2025-08-14 12:10:09.165047+00:00,2.2584878
2025-08-14 12:10:22.241901+00:00,2.258488
2025-08-14 12:10:34.774334+00:00,2.2584882
2025-08-14 12:10:47.847287+00:00,2.2584876
2025-08-14 12:11:00.622052+00:00,2.2584884
2025-08-14 12:11:13.715206+00:00,2.2584884
2025-08-14 12:11:26.390879+00:00,2.2584882
2025-08-14 12:11:39.327096+00:00,2.258488
2025-08-14 12:11:52.663422+00:00,2.2584884
2025-08-14 12:12:05.106753+00:00,2.2584879
2025-08-14 12:12:30.946038+00:00,2.2584881
2025-08-14 12:12:44.332102+00:00,2.2584884
2025-08-14 12:12:56.653471+00:00,2.2584882
2025-08-14 12:13:10.043518+00:00,2.2584884
2025-08-14 12:13:22.605002+00:00,2.2584884
2025-08-14 12:13:49.229787+00:00,2.2584877
2025-08-14 12:14:01.699934+00:00,2.2584882
2025-08-14 12:14:14.683243+00:00,2.258488
2025-08-14 12:14:27.390200+00:00,2.2584881
2025-08-14 12:14:41.297462+00:00,2.2584877
2025-08-14 12:14:53.863136+00:00,2.2584875
2025-08-14 12:15:07.211715+00:00,2.2584883
2025-08-14 12:15:21.600904+00:00,2.2584878
2025-08-14 12:15:34.039196+00:00,2.2584882
2025-08-14 12:15:47.090873+00:00,2.2584884
2025-08-14 12:16:13.942080+00:00,2.2584881
2025-08-14 12:16:26.602880+00:00,2.258488
2025-08-14 12:16:40.885138+00:00,2.2584878
2025-08-14 12:16:52.945838+00:00,2.2584875
2025-08-14 12:17:06.121223+00:00,2.2584881
2025-08-14 12:17:19.597955+00:00,2.2584879
2025-08-14 12:17:32.331911+00:00,2.2584884
2025-08-14 12:17:46.210546+00:00,2.2584878
2025-08-14 12:17:58.343967+00:00,2.258488
2025-08-14 12:18:24.591506+00:00,2.2584879
2025-08-14 12:18:36.978176+00:00,2.2584879
2025-08-14 12:18:50.124959+00:00,2.258488
2025-08-14 12:19:02.753412+00:00,2.2584883
2025-08-14 12:19:17.135989+00:00,2.2584874
2025-08-14 12:19:28.540915+00:00,2.2584875
2025-08-14 12:19:41.633710+00:00,2.2584879
2025-08-14 12:19:55.113144+00:00,2.2584882
2025-08-14 12:20:07.860317+00:00,2.2584879
2025-08-14 12:20:21.006831+00:00,2.2584884
2025-08-14 12:20:46.245758+00:00,2.258488
2025-08-14 12:21:00.992106+00:00,2.2584879
2025-08-14 12:21:12.016508+00:00,2.2584875
2025-08-14 12:21:25.428999+00:00,2.2584884
2025-08-14 12:21:50.238097+00:00,2.2584878
2025-08-14 12:22:03.505539+00:00,2.2584877
2025-08-14 12:22:29.517518+00:00,2.2584882
2025-08-14 12:22:43.442313+00:00,2.2584882
2025-08-14 12:22:56.475295+00:00,2.2584884
2025-08-14 12:23:09.581460+00:00,2.2584878
2025-08-14 12:23:22.345465+00:00,2.2584883
2025-08-14 12:23:35.771418+00:00,2.2584875
2025-08-14 12:23:49.061490+00:00,2.2584882
2025-08-14 12:24:02.387368+00:00,2.2584879
2025-08-14 12:24:15.778817+00:00,2.2584875
2025-08-14 12:24:28.884550+00:00,2.2584877
2025-08-14 12:24:42.049933+00:00,2.2584881
2025-08-14 12:24:55.669901+00:00,2.2584881
2025-08-14 12:25:08.309306+00:00,2.2584879
2025-08-14 12:25:34.634124+00:00,2.2584877
2025-08-14 12:25:47.701663+00:00,2.2584883
2025-08-14 12:26:13.882081+00:00,2.2584883
2025-08-14 12:26:26.661803+00:00,2.2584879
2025-08-14 12:26:39.838655+00:00,2.2584879
2025-08-14 12:26:52.400790+00:00,2.2584883
2025-08-14 12:27:05.425911+00:00,2.2584877
2025-08-14 12:27:18.603371+00:00,2.2584881
2025-08-14 12:27:31.059551+00:00,2.2584883
2025-08-14 12:27:43.887152+00:00,2.2584877
2025-08-14 12:27:56.605739+00:00,2.258488
2025-08-14 12:28:12.171397+00:00,2.2584879
2025-08-14 12:28:22.773183+00:00,2.258488
2025-08-14 12:28:36.913322+00:00,2.2584881
2025-08-14 12:28:48.621470+00:00,2.2584879
2025-08-14 12:29:01.566306+00:00,2.2584881
2025-08-14 12:29:14.542723+00:00,2.258488
2025-08-14 12:29:27.647471+00:00,2.2584876
2025-08-14 12:29:40.545405+00:00,2.2584877
2025-08-14 12:29:53.395041+00:00,2.2584881
2025-08-14 12:30:05.760748+00:00,2.2584884
2025-08-14 12:30:18.638788+00:00,2.258488
2025-08-14 12:30:31.494542+00:00,2.2584879
2025-08-14 12:30:44.236800+00:00,2.2584882
2025-08-14 12:30:59.490331+00:00,2.2584877
2025-08-14 12:31:10.547337+00:00,2.258488
2025-08-14 12:31:23.109322+00:00,2.2584883
2025-08-14 12:31:36.154296+00:00,2.258488
2025-08-14 12:31:52.286157+00:00,2.2584883
2025-08-14 12:32:02.857890+00:00,2.258488
2025-08-14 12:32:15.985315+00:00,2.2584876
2025-08-14 12:32:29.210540+00:00,2.2584878
2025-08-14 12:32:42.790800+00:00,2.2584876
2025-08-14 12:32:56.260549+00:00,2.2584875
2025-08-14 12:33:09.426789+00:00,2.2584875
2025-08-14 12:33:22.816383+00:00,2.2584877
2025-08-14 12:33:49.777236+00:00,2.2584872
2025-08-14 12:34:03.630336+00:00,2.2584881
2025-08-14 12:34:15.212359+00:00,2.2584883
2025-08-14 12:34:28.399267+00:00,2.2584874
2025-08-14 12:34:41.781425+00:00,2.2584884
2025-08-14 12:34:54.674714+00:00,2.2584881
2025-08-14 12:35:07.624024+00:00,2.258488
2025-08-14 12:35:20.754645+00:00,2.2584875
2025-08-14 12:35:33.544522+00:00,2.2584877
2025-08-14 12:35:46.357123+00:00,2.2584884
2025-08-14 12:35:59.648375+00:00,2.2584881
2025-08-14 12:36:11.996324+00:00,2.2584876
2025-08-14 12:36:24.902467+00:00,2.2584874
2025-08-14 12:36:38.415005+00:00,2.2584875
2025-08-14 12:36:51.649253+00:00,2.2584882
2025-08-14 12:37:05.776388+00:00,2.2584877
2025-08-14 12:37:16.976908+00:00,2.258488
2025-08-14 12:37:30.774313+00:00,2.2584879
2025-08-14 12:37:42.892508+00:00,2.2584873
2025-08-14 12:37:58.896413+00:00,2.2584879
2025-08-14 12:38:09.583033+00:00,2.2584878
2025-08-14 12:38:21.455018+00:00,2.2584879
2025-08-14 12:38:34.210406+00:00,2.2584874
2025-08-14 12:38:47.139797+00:00,2.2584882
2025-08-14 12:39:01.821631+00:00,2.2584877
2025-08-14 12:39:13.345196+00:00,2.2584878
2025-08-14 12:39:27.482401+00:00,2.2584883
2025-08-14 12:39:40.996427+00:00,2.2584876
2025-08-14 12:39:53.139509+00:00,2.2584877
2025-08-14 12:40:06.689067+00:00,2.2584883
2025-08-14 12:40:19.812433+00:00,2.258488
2025-08-14 12:40:33.088210+00:00,2.2584884
2025-08-14 12:41:02.304722+00:00,2.2584884
2025-08-14 12:41:26.598268+00:00,2.2584875
2025-08-14 12:41:39.887187+00:00,2.2584881
2025-08-14 12:41:52.129534+00:00,2.2584874
2025-08-14 12:42:05.388416+00:00,2.2584874
2025-08-14 12:42:19.797016+00:00,2.2584877
2025-08-14 12:42:32.777618+00:00,2.2584882
2025-08-14 12:42:44.954878+00:00,2.2584881
2025-08-14 12:42:57.093672+00:00,2.2584883
2025-08-14 12:43:10.012978+00:00,2.2584876
2025-08-14 12:43:22.693188+00:00,2.2584881
2025-08-14 12:43:35.670888+00:00,2.2584879
2025-08-14 12:44:01.648669+00:00,2.2584884
2025-08-14 12:44:27.768421+00:00,2.2584878
2025-08-14 12:44:53.859748+00:00,2.2584877
2025-08-14 12:45:19.800204+00:00,2.2584876
2025-08-14 12:45:32.854554+00:00,2.2584878
2025-08-14 12:45:44.971014+00:00,2.2584875
2025-08-14 12:45:58.874501+00:00,2.2584873
2025-08-14 12:46:10.663231+00:00,2.2584879
2025-08-14 12:46:24.450451+00:00,2.2584878
2025-08-14 12:46:36.622842+00:00,2.2584884
2025-08-14 12:46:49.992095+00:00,2.2584882
2025-08-14 12:47:02.974275+00:00,2.2584884
2025-08-14 12:47:16.489458+00:00,2.2584877
2025-08-14 12:47:29.410711+00:00,2.258488
2025-08-14 12:47:42.896317+00:00,2.258488
2025-08-14 12:47:57.966493+00:00,2.2584877
2025-08-14 12:48:10.051584+00:00,2.2584881
2025-08-14 12:48:22.872851+00:00,2.2584882
2025-08-14 12:48:36.141157+00:00,2.2584878
2025-08-14 12:49:19.094884+00:00,2.2584877
2025-08-14 12:49:29.269018+00:00,2.2584882
2025-08-14 12:49:42.062188+00:00,2.2584875
2025-08-14 12:49:55.177212+00:00,2.2584872
2025-08-14 12:50:08.912287+00:00,2.2584882
2025-08-14 12:50:34.316435+00:00,2.2584881
2025-08-14 12:50:47.197701+00:00,2.2584884
2025-08-14 12:51:00.723053+00:00,2.258488
2025-08-14 12:51:12.778962+00:00,2.2584874
2025-08-14 12:51:26.144666+00:00,2.258488
2025-08-14 12:51:38.517996+00:00,2.2584879
2025-08-14 12:51:51.560948+00:00,2.2584883
2025-08-14 12:52:05.581406+00:00,2.2584878
2025-08-14 12:52:20.813806+00:00,2.2584878
2025-08-14 12:52:30.760764+00:00,2.2584884
2025-08-14 12:52:44.608384+00:00,2.2584883
2025-08-14 12:53:22.326366+00:00,2.2584881
2025-08-14 12:53:35.233407+00:00,2.258488
2025-08-14 12:53:48.450686+00:00,2.2584884
2025-08-14 12:54:01.332673+00:00,2.2584878
2025-08-14 12:54:13.943078+00:00,2.2584877
2025-08-14 12:54:26.670440+00:00,2.2584877
2025-08-14 12:54:39.476527+00:00,2.258488
2025-08-14 12:54:52.689042+00:00,2.2584884
2025-08-14 12:55:21.148296+00:00,2.2584875
2025-08-14 12:55:32.192740+00:00,2.2584881
2025-08-14 12:55:45.372804+00:00,2.2584883
2025-08-14 12:55:58.582179+00:00,2.2584879
2025-08-14 12:56:12.462792+00:00,2.2584881
2025-08-14 12:56:25.363312+00:00,2.2584883
2025-08-14 12:56:40.007331+00:00,2.2584879
2025-08-14 12:56:51.964237+00:00,2.258488
2025-08-14 12:57:05.371693+00:00,2.2584881
2025-08-14 12:57:18.547711+00:00,2.2584879
2025-08-14 12:57:45.239452+00:00,2.2584879
2025-08-14 12:58:24.281319+00:00,2.258488
2025-08-14 12:58:37.388408+00:00,2.2584881
2025-08-14 12:58:50.254638+00:00,2.2584879
2025-08-14 12:59:02.663913+00:00,2.2584875
2025-08-14 12:59:15.977734+00:00,2.2584877
2025-08-14 12:59:28.144497+00:00,2.2584884
2025-08-14 12:59:40.829769+00:00,2.2584877
2025-08-14 12:59:54.021628+00:00,2.2584881
2025-08-14 13:00:06.959474+00:00,2.2584877
2025-08-14 13:00:19.983778+00:00,2.2584879
2025-08-14 13:00:33.466861+00:00,2.258488
2025-08-14 13:00:46.637340+00:00,2.2584874
2025-08-14 13:00:58.545923+00:00,2.2584879
2025-08-14 13:01:11.662426+00:00,2.2584878
2025-08-14 13:01:24.188699+00:00,2.2584879
2025-08-14 13:01:37.026086+00:00,2.2584876
2025-08-14 13:01:50.317246+00:00,2.2584876
2025-08-14 13:02:03.372954+00:00,2.2584883
2025-08-14 13:02:16.235348+00:00,2.2584879
2025-08-14 13:02:28.706870+00:00,2.258488
2025-08-14 13:02:41.835186+00:00,2.2584884
2025-08-14 13:03:08.779152+00:00,2.2584878
2025-08-14 13:03:21.924764+00:00,2.2584876
2025-08-14 13:03:35.750144+00:00,2.2584875
2025-08-14 13:03:48.515013+00:00,2.2584875
2025-08-14 13:04:02.727504+00:00,2.2584875
2025-08-14 13:04:15.702119+00:00,2.258488
2025-08-14 13:04:28.549458+00:00,2.2584883
2025-08-14 13:04:54.607137+00:00,2.2584883
2025-08-14 13:05:07.734759+00:00,2.2584878
2025-08-14 13:05:21.193084+00:00,2.2584883
2025-08-14 13:05:34.035238+00:00,2.2584881
2025-08-14 13:05:47.158568+00:00,2.2584884
2025-08-14 13:06:00.125048+00:00,2.2584882
2025-08-14 13:06:13.162708+00:00,2.2584884
2025-08-14 13:06:26.247049+00:00,2.2584877
2025-08-14 13:06:41.217121+00:00,2.2584882
2025-08-14 13:06:52.080245+00:00,2.2584878
2025-08-14 13:07:04.939588+00:00,2.258488
2025-08-14 13:07:17.663787+00:00,2.2584874
2025-08-14 13:07:43.394041+00:00,2.2584883
2025-08-14 13:07:56.443900+00:00,2.2584883
2025-08-14 13:08:09.331944+00:00,2.2584879
2025-08-14 13:08:22.539495+00:00,2.2584882
2025-08-14 13:08:35.463947+00:00,2.2584883
2025-08-14 13:08:47.979836+00:00,2.2584883
2025-08-14 13:09:01.170719+00:00,2.2584881
2025-08-14 13:09:14.838306+00:00,2.2584874
2025-08-14 13:09:52.758637+00:00,2.2584884
2025-08-14 13:10:06.119432+00:00,2.2584875
2025-08-14 13:10:19.079528+00:00,2.2584879
2025-08-14 13:10:33.228679+00:00,2.2584877
2025-08-14 13:10:44.167694+00:00,2.2584881
2025-08-14 13:11:10.050859+00:00,2.2584875
2025-08-14 13:11:23.067025+00:00,2.258488
2025-08-14 13:11:36.358055+00:00,2.2584878
2025-08-14 13:11:49.470377+00:00,2.258488
2025-08-14 13:12:03.271581+00:00,2.2584879
2025-08-14 13:12:16.275152+00:00,2.2584876
2025-08-14 13:12:29.536658+00:00,2.2584877
2025-08-14 13:12:43.056676+00:00,2.2584881
2025-08-14 13:12:57.094942+00:00,2.258488
2025-08-14 13:13:09.481519+00:00,2.2584877
2025-08-14 13:13:22.700628+00:00,2.2584879
2025-08-14 13:13:36.855133+00:00,2.2584876
2025-08-14 13:13:49.032102+00:00,2.2584874
2025-08-14 13:14:02.206857+00:00,2.2584878
2025-08-14 13:14:15.400724+00:00,2.2584882
2025-08-14 13:14:28.774278+00:00,2.2584883
2025-08-14 13:14:41.551701+00:00,2.2584882
2025-08-14 13:15:07.279373+00:00,2.2584882
2025-08-14 13:15:20.350209+00:00,2.2584876
2025-08-14 13:15:32.886711+00:00,2.2584881
2025-08-14 13:15:47.130665+00:00,2.2584878
2025-08-14 13:15:58.579230+00:00,2.2584881
2025-08-14 13:16:11.726146+00:00,2.258488
2025-08-14 13:16:24.235572+00:00,2.2584879
2025-08-14 13:16:37.124280+00:00,2.2584879
2025-08-14 13:16:50.083572+00:00,2.2584882
2025-08-14 13:17:03.078725+00:00,2.2584874
2025-08-14 13:17:16.167513+00:00,2.2584882
2025-08-14 13:17:29.141266+00:00,2.2584881
2025-08-14 13:17:42.985879+00:00,2.2584878
2025-08-14 13:17:54.911477+00:00,2.2584882
2025-08-14 13:18:08.163971+00:00,2.2584882
2025-08-14 13:18:20.636790+00:00,2.2584881
2025-08-14 13:18:33.437640+00:00,2.2584881
2025-08-14 13:18:46.482220+00:00,2.258488
2025-08-14 13:18:59.460834+00:00,2.2584882
2025-08-14 13:19:12.441023+00:00,2.258488
2025-08-14 13:19:25.288240+00:00,2.2584879
2025-08-14 13:19:38.403556+00:00,2.2584882
2025-08-14 13:19:52.972013+00:00,2.258488
2025-08-14 13:20:07.238143+00:00,2.2584876
2025-08-14 13:20:31.861402+00:00,2.2584882
2025-08-14 13:20:45.024009+00:00,2.2584874
2025-08-14 13:20:59.204235+00:00,2.2584881
2025-08-14 13:21:11.787210+00:00,2.258488
2025-08-14 13:21:25.004436+00:00,2.2584877
2025-08-14 13:21:38.193494+00:00,2.2584881
2025-08-14 13:21:51.402018+00:00,2.2584876
2025-08-14 13:22:04.853482+00:00,2.2584881
2025-08-14 13:22:17.826482+00:00,2.2584873
2025-08-14 13:22:32.058793+00:00,2.2584881
2025-08-14 13:22:44.205170+00:00,2.2584879
2025-08-14 13:22:57.354930+00:00,2.2584882
2025-08-14 13:23:13.158414+00:00,2.2584884
2025-08-14 13:23:23.572273+00:00,2.2584884
2025-08-14 13:23:49.610499+00:00,2.2584878
2025-08-14 13:24:02.776836+00:00,2.2584881
2025-08-14 13:24:15.868283+00:00,2.2584875
2025-08-14 13:24:28.625302+00:00,2.2584881
2025-08-14 13:24:41.196072+00:00,2.2584877
2025-08-14 13:24:54.280933+00:00,2.2584878
2025-08-14 13:25:08.519327+00:00,2.2584883
2025-08-14 13:25:20.704798+00:00,2.2584883
2025-08-14 13:25:34.836885+00:00,2.2584879
2025-08-14 13:25:48.845033+00:00,2.258488
2025-08-14 13:26:00.489073+00:00,2.2584877
2025-08-14 13:26:12.597036+00:00,2.2584875
2025-08-14 13:26:24.935495+00:00,2.258488
2025-08-14 13:26:38.368872+00:00,2.2584878
2025-08-14 13:26:51.032099+00:00,2.2584883
2025-08-14 13:27:03.795201+00:00,2.2584883
2025-08-14 13:27:16.801063+00:00,2.2584878
2025-08-14 13:27:29.699204+00:00,2.2584879
2025-08-14 13:27:42.822560+00:00,2.2584884
2025-08-14 13:27:56.145397+00:00,2.2584881
2025-08-14 13:28:09.512112+00:00,2.2584878
2025-08-14 13:28:22.941427+00:00,2.2584878
2025-08-14 13:28:36.697014+00:00,2.2584881
2025-08-14 13:28:49.997097+00:00,2.2584881
2025-08-14 13:29:03.490651+00:00,2.2584876
2025-08-14 13:29:16.594148+00:00,2.2584874
2025-08-14 13:29:29.624699+00:00,2.2584883
2025-08-14 13:29:43.942848+00:00,2.2584884
2025-08-14 13:29:56.244231+00:00,2.2584874
2025-08-14 13:30:09.175250+00:00,2.2584876
2025-08-14 13:30:23.443767+00:00,2.2584878
2025-08-14 13:30:35.426888+00:00,2.2584881
2025-08-14 13:30:48.531001+00:00,2.2584873
2025-08-14 13:31:01.781487+00:00,2.2584881
2025-08-14 13:31:14.570737+00:00,2.2584881
2025-08-14 13:31:27.247772+00:00,2.2584884
2025-08-14 13:31:40.546942+00:00,2.2584882
2025-08-14 13:31:55.346956+00:00,2.2584883
2025-08-14 13:32:06.146016+00:00,2.2584884
2025-08-14 13:32:18.973726+00:00,2.2584881
2025-08-14 13:32:31.444395+00:00,2.2584877
2025-08-14 13:32:44.231646+00:00,2.2584884
2025-08-14 13:32:57.320742+00:00,2.2584877
2025-08-14 13:33:10.441092+00:00,2.2584879
2025-08-14 13:33:23.269210+00:00,2.2584874
2025-08-14 13:33:36.465062+00:00,2.2584882
2025-08-14 13:34:02.410659+00:00,2.2584876
2025-08-14 13:34:28.249296+00:00,2.2584883
2025-08-14 13:34:41.096285+00:00,2.2584877
2025-08-14 13:34:55.459877+00:00,2.2584876
2025-08-14 13:35:07.497145+00:00,2.2584879
2025-08-14 13:35:20.160695+00:00,2.2584879
2025-08-14 13:35:33.709077+00:00,2.2584883
2025-08-14 13:35:46.492807+00:00,2.2584874
2025-08-14 13:36:00.546072+00:00,2.2584878
2025-08-14 13:36:13.317739+00:00,2.2584879
2025-08-14 13:36:26.400670+00:00,2.2584878
2025-08-14 13:36:42.169393+00:00,2.2584881
2025-08-14 13:36:53.132743+00:00,2.2584879
2025-08-14 13:37:07.231668+00:00,2.2584878
2025-08-14 13:37:19.998151+00:00,2.2584872
2025-08-14 13:37:34.000693+00:00,2.2584879
2025-08-14 13:37:46.139103+00:00,2.2584879
2025-08-14 13:37:59.054975+00:00,2.258488
2025-08-14 13:38:17.010896+00:00,2.2584877
2025-08-14 13:38:25.159314+00:00,2.2584877
2025-08-14 13:38:38.107824+00:00,2.2584877
2025-08-14 13:38:51.099713+00:00,2.2584882
2025-08-14 13:39:05.136842+00:00,2.258488
2025-08-14 13:39:18.990511+00:00,2.2584881
2025-08-14 13:39:31.081441+00:00,2.2584882
2025-08-14 13:39:43.185876+00:00,2.2584883
2025-08-14 13:40:09.492782+00:00,2.2584884
2025-08-14 13:40:37.299388+00:00,2.2584878
2025-08-14 13:40:48.257794+00:00,2.2584879
2025-08-14 13:41:02.708635+00:00,2.2584883
2025-08-14 13:41:14.328216+00:00,2.2584883
2025-08-14 13:41:26.872681+00:00,2.2584872
2025-08-14 13:41:39.864685+00:00,2.2584883
2025-08-14 13:41:52.630215+00:00,2.2584877
2025-08-14 13:42:05.632586+00:00,2.2584875
2025-08-14 13:42:18.374153+00:00,2.2584874
2025-08-14 13:42:31.713210+00:00,2.258488
2025-08-14 13:42:44.055154+00:00,2.2584881
2025-08-14 13:42:59.775598+00:00,2.2584879
2025-08-14 13:43:10.578079+00:00,2.2584876
2025-08-14 13:43:23.637374+00:00,2.2584875
2025-08-14 13:43:36.840071+00:00,2.2584882
2025-08-14 13:43:49.988710+00:00,2.2584884
2025-08-14 13:44:03.613116+00:00,2.2584884
2025-08-14 13:44:16.986694+00:00,2.258488
2025-08-14 13:44:44.634518+00:00,2.2584879
2025-08-14 13:44:57.237287+00:00,2.2584879
2025-08-14 13:45:10.129420+00:00,2.2584882
2025-08-14 13:45:24.044232+00:00,2.2584879
2025-08-14 13:45:49.551123+00:00,2.258488
2025-08-14 13:46:15.859031+00:00,2.2584877
2025-08-14 13:46:29.110516+00:00,2.2584876
2025-08-14 13:46:42.617382+00:00,2.2584877
2025-08-14 13:46:57.422159+00:00,2.2584878
2025-08-14 13:47:08.450045+00:00,2.258488
2025-08-14 13:47:21.259017+00:00,2.2584881
2025-08-14 13:47:36.246736+00:00,2.2584882
2025-08-14 13:47:47.891438+00:00,2.2584876
2025-08-14 13:47:59.837746+00:00,2.2584875
2025-08-14 13:48:14.703354+00:00,2.2584874
2025-08-14 13:48:25.624768+00:00,2.2584874
2025-08-14 13:48:38.640318+00:00,2.2584878
2025-08-14 13:48:51.480295+00:00,2.2584871
2025-08-14 13:49:05.889703+00:00,2.2584882
2025-08-14 13:49:18.805884+00:00,2.2584875
2025-08-14 13:49:31.296026+00:00,2.2584877
2025-08-14 13:49:44.355154+00:00,2.2584881
2025-08-14 13:49:56.662230+00:00,2.258488
2025-08-14 13:50:22.074249+00:00,2.2584882
2025-08-14 13:50:35.253689+00:00,2.2584881
2025-08-14 13:50:48.310593+00:00,2.2584875
2025-08-14 13:51:00.940777+00:00,2.2584874
2025-08-14 13:51:14.094502+00:00,2.2584875
2025-08-14 13:51:26.378507+00:00,2.2584881
2025-08-14 13:51:39.713718+00:00,2.2584882
2025-08-14 13:51:53.789192+00:00,2.2584877
2025-08-14 13:52:09.447731+00:00,2.2584876
2025-08-14 13:52:22.202523+00:00,2.2584876
2025-08-14 13:52:34.673758+00:00,2.2584878
2025-08-14 13:52:46.878649+00:00,2.2584878
2025-08-14 13:53:00.365858+00:00,2.2584881
2025-08-14 13:53:13.102025+00:00,2.2584875
2025-08-14 13:53:39.224314+00:00,2.2584874
2025-08-14 13:53:52.505513+00:00,2.2584882
2025-08-14 13:54:07.220939+00:00,2.2584876
2025-08-14 13:54:20.058750+00:00,2.2584876
2025-08-14 13:54:32.392478+00:00,2.2584873
2025-08-14 13:54:47.614537+00:00,2.2584882
2025-08-14 13:54:58.041495+00:00,2.2584879
2025-08-14 13:55:11.230737+00:00,2.2584883
2025-08-14 13:55:25.890142+00:00,2.2584882
2025-08-14 13:55:37.264322+00:00,2.2584879
2025-08-14 13:55:49.490786+00:00,2.2584876
2025-08-14 13:56:02.405630+00:00,2.2584881
2025-08-14 13:56:15.368563+00:00,2.2584877
2025-08-14 13:56:29.007056+00:00,2.2584876
2025-08-14 13:56:40.921263+00:00,2.2584884
2025-08-14 13:56:54.707410+00:00,2.2584877
2025-08-14 13:57:07.256749+00:00,2.2584879
2025-08-14 13:57:22.773083+00:00,2.2584879
2025-08-14 13:57:34.036800+00:00,2.2584875
2025-08-14 13:57:46.419322+00:00,2.2584877
2025-08-14 13:57:59.429371+00:00,2.2584882
2025-08-14 13:58:14.390320+00:00,2.2584882
2025-08-14 13:58:37.987830+00:00,2.2584876
2025-08-14 13:58:51.406599+00:00,2.2584882
2025-08-14 13:59:04.344237+00:00,2.2584872
2025-08-14 13:59:17.555640+00:00,2.2584881
2025-08-14 13:59:32.748449+00:00,2.258488
2025-08-14 13:59:42.266265+00:00,2.2584876
2025-08-14 13:59:55.843195+00:00,2.258488
2025-08-14 14:00:11.507090+00:00,2.2584881
2025-08-14 14:00:22.484553+00:00,2.2584881
2025-08-14 14:00:37.080436+00:00,2.2584876
2025-08-14 14:00:50.576855+00:00,2.2584883
2025-08-14 14:01:02.405678+00:00,2.2584877
2025-08-14 14:01:16.047440+00:00,2.2584876
2025-08-14 14:01:29.645306+00:00,2.2584878
2025-08-14 14:01:43.640783+00:00,2.2584875
2025-08-14 14:01:55.296342+00:00,2.2584875
2025-08-14 14:02:10.271744+00:00,2.2584877
2025-08-14 14:02:23.651998+00:00,2.2584879
2025-08-14 14:02:35.335273+00:00,2.2584879
2025-08-14 14:02:48.101891+00:00,2.2584872
2025-08-14 14:03:01.535473+00:00,2.2584881
2025-08-14 14:03:13.876885+00:00,2.2584877
2025-08-14 14:03:28.636125+00:00,2.2584878
2025-08-14 14:03:39.932702+00:00,2.2584872
2025-08-14 14:03:55.367783+00:00,2.2584883
2025-08-14 14:04:05.297654+00:00,2.2584876
2025-08-14 14:04:18.425136+00:00,2.2584873
2025-08-14 14:04:33.584206+00:00,2.2584884
2025-08-14 14:04:44.025515+00:00,2.2584882
2025-08-14 14:04:57.153813+00:00,2.258488
2025-08-14 14:05:10.623139+00:00,2.2584881
2025-08-14 14:05:23.658371+00:00,2.2584879
2025-08-14 14:07:06.576792+00:00,2.2584882
2025-08-14 14:45:56.497329+00:00,2.2584877
2025-08-14 14:46:08.047759+00:00,2.2584867
2025-08-14 14:46:20.627931+00:00,2.2584875
2025-08-14 14:46:34.200559+00:00,2.2584871
2025-08-14 14:46:46.664205+00:00,2.2584876
2025-08-14 14:46:59.747283+00:00,2.2584867
2025-08-14 14:47:12.279429+00:00,2.2584874
2025-08-14 14:47:25.000643+00:00,2.2584871
2025-08-14 14:47:41.619126+00:00,2.2584864
2025-08-14 14:47:51.307085+00:00,2.258487
2025-08-14 14:48:04.519439+00:00,2.2584875
2025-08-14 14:48:23.237557+00:00,2.2584869
2025-08-14 14:48:33.986406+00:00,2.2584872
2025-08-14 14:48:44.536325+00:00,2.2584872
2025-08-14 14:48:58.618805+00:00,2.2584874
2025-08-14 14:49:12.953554+00:00,2.2584867
2025-08-14 14:49:24.556154+00:00,2.2584871
2025-08-14 14:49:38.528440+00:00,2.2584876
2025-08-14 14:49:51.007962+00:00,2.2584868
2025-08-14 14:50:04.691137+00:00,2.2584865
2025-08-14 14:50:18.109717+00:00,2.2584874
2025-08-14 14:50:35.797898+00:00,2.2584874
2025-08-14 14:50:48.228127+00:00,2.2584863
2025-08-14 14:50:58.233485+00:00,2.2584874
2025-08-14 14:51:10.922675+00:00,2.2584869
2025-08-14 14:51:24.578928+00:00,2.2584872
2025-08-14 14:51:36.918841+00:00,2.258487
2025-08-14 14:51:50.942748+00:00,2.2584864
2025-08-14 14:52:03.813588+00:00,2.258487
2025-08-14 14:52:15.846686+00:00,2.2584868
2025-08-14 14:52:28.478377+00:00,2.2584874
2025-08-14 14:52:41.012585+00:00,2.258487
2025-08-14 14:52:53.935196+00:00,2.2584866
2025-08-14 14:53:07.381288+00:00,2.2584869
2025-08-14 14:53:20.173784+00:00,2.2584874
2025-08-14 14:53:33.532215+00:00,2.2584871
2025-08-14 14:53:46.127139+00:00,2.2584873
2025-08-14 14:53:58.903294+00:00,2.2584875
2025-08-14 14:54:12.851422+00:00,2.2584864
2025-08-14 14:54:24.918935+00:00,2.2584864
2025-08-14 14:54:38.028595+00:00,2.2584868
2025-08-14 14:54:50.638567+00:00,2.2584869
2025-08-14 14:55:17.060927+00:00,2.2584868
2025-08-14 14:55:33.175395+00:00,2.2584868
2025-08-14 14:55:44.282058+00:00,2.2584867
2025-08-14 14:55:55.576183+00:00,2.2584872
2025-08-14 14:56:09.524989+00:00,2.2584871
2025-08-14 14:56:22.625001+00:00,2.2584872
2025-08-14 14:56:35.324468+00:00,2.258487
2025-08-14 14:56:48.531710+00:00,2.2584869
2025-08-14 14:57:02.380865+00:00,2.2584866
2025-08-14 14:57:15.339960+00:00,2.258487
2025-08-14 14:57:28.726710+00:00,2.2584867
2025-08-14 14:57:41.605772+00:00,2.2584866
2025-08-14 14:57:55.047424+00:00,2.2584869
2025-08-14 14:58:08.613775+00:00,2.258487
2025-08-14 14:58:21.703757+00:00,2.2584867
2025-08-14 14:58:34.622173+00:00,2.258487
2025-08-14 14:58:47.898304+00:00,2.2584867
2025-08-14 14:59:01.394025+00:00,2.2584874
2025-08-14 14:59:14.444706+00:00,2.2584868
2025-08-14 14:59:27.092399+00:00,2.2584872
2025-08-14 14:59:40.550248+00:00,2.2584867
2025-08-14 14:59:53.647008+00:00,2.2584868
2025-08-14 15:00:06.959284+00:00,2.2584873
2025-08-14 15:00:20.553105+00:00,2.2584876
2025-08-14 15:00:32.383182+00:00,2.258487
2025-08-14 15:00:48.357973+00:00,2.2584869
2025-08-14 15:00:57.627484+00:00,2.2584872
2025-08-14 15:01:10.984255+00:00,2.2584867
2025-08-14 15:01:24.260057+00:00,2.258487
2025-08-14 15:01:38.368851+00:00,2.2584868
2025-08-14 15:01:49.539359+00:00,2.2584866
2025-08-14 15:02:05.315430+00:00,2.2584872
2025-08-14 15:02:19.604485+00:00,2.2584874
2025-08-14 15:02:28.587811+00:00,2.2584864
2025-08-14 15:02:41.425886+00:00,2.2584869
2025-08-14 15:02:54.800343+00:00,2.2584869
2025-08-14 15:03:10.138682+00:00,2.2584865
2025-08-14 15:03:20.533121+00:00,2.2584865
2025-08-14 15:03:33.159080+00:00,2.2584876
2025-08-14 15:03:46.420262+00:00,2.2584875
2025-08-14 15:03:58.920086+00:00,2.2584863
2025-08-14 15:04:12.236259+00:00,2.258487
2025-08-14 15:04:25.400224+00:00,2.258487
2025-08-14 15:04:38.342229+00:00,2.2584874
2025-08-14 15:04:51.712420+00:00,2.2584871
2025-08-14 15:05:05.152033+00:00,2.2584872
2025-08-14 15:05:18.843184+00:00,2.2584874
2025-08-14 15:05:34.070118+00:00,2.258487
2025-08-14 15:05:48.345747+00:00,2.2584865
2025-08-14 15:05:58.798806+00:00,2.2584869
2025-08-14 15:06:12.468053+00:00,2.2584871
2025-08-14 15:06:27.579428+00:00,2.2584871
2025-08-14 15:06:38.078346+00:00,2.2584864
2025-08-14 15:06:51.291700+00:00,2.2584873
2025-08-14 15:07:05.272060+00:00,2.2584868
2025-08-14 15:07:17.541823+00:00,2.2584873
2025-08-14 15:07:30.630201+00:00,2.2584872
2025-08-14 15:07:43.575667+00:00,2.2584866
2025-08-14 15:07:57.063782+00:00,2.2584863
2025-08-14 15:08:10.481544+00:00,2.2584872
2025-08-14 15:08:22.393949+00:00,2.258487
2025-08-14 15:08:35.360314+00:00,2.2584864
2025-08-14 15:08:48.993450+00:00,2.2584871
2025-08-14 15:09:01.209520+00:00,2.2584872
2025-08-14 15:09:14.141414+00:00,2.2584866
2025-08-14 15:09:26.936638+00:00,2.2584866
2025-08-14 15:09:40.004067+00:00,2.2584872
2025-08-14 15:09:54.698367+00:00,2.2584867
2025-08-14 15:10:06.102676+00:00,2.2584869
2025-08-14 15:10:20.046726+00:00,2.2584872
2025-08-14 15:10:43.485218+00:00,2.2584873
2025-08-14 15:10:44.678411+00:00,2.2584872
2025-08-14 15:10:56.984309+00:00,2.2584871
2025-08-14 15:11:10.910660+00:00,2.2584868
2025-08-14 15:11:22.759174+00:00,2.2584873
2025-08-14 15:11:35.905870+00:00,2.2584868
2025-08-14 15:11:49.535797+00:00,2.2584873
2025-08-14 15:12:01.743920+00:00,2.2584869
2025-08-14 15:12:14.492186+00:00,2.2584863
2025-08-14 15:12:29.025877+00:00,2.2584867
2025-08-14 15:12:42.403339+00:00,2.2584864
2025-08-14 15:12:54.402501+00:00,2.2584869
2025-08-14 15:13:08.707443+00:00,2.2584867
2025-08-14 15:13:22.847328+00:00,2.2584865
2025-08-14 15:13:38.980516+00:00,2.2584869
2025-08-14 15:13:50.905224+00:00,2.2584869
2025-08-14 15:14:02.080620+00:00,2.2584867
2025-08-14 15:14:17.707013+00:00,2.2584864
2025-08-14 15:14:28.846111+00:00,2.2584867
2025-08-14 15:14:41.733381+00:00,2.258487
2025-08-14 15:14:56.053658+00:00,2.258487
2025-08-14 15:15:07.970634+00:00,2.2584869
2025-08-14 15:15:21.598252+00:00,2.258487
2025-08-14 15:15:35.081532+00:00,2.2584876
2025-08-14 15:15:51.841786+00:00,2.2584874
2025-08-14 15:16:00.041495+00:00,2.2584875
2025-08-14 15:16:13.950248+00:00,2.2584867
2025-08-14 15:16:26.513372+00:00,2.2584869
2025-08-14 15:16:38.499015+00:00,2.2584865
2025-08-14 15:16:52.849550+00:00,2.2584871
2025-08-14 15:17:05.034322+00:00,2.2584873
2025-08-14 15:17:19.542841+00:00,2.2584869
2025-08-14 15:17:31.009729+00:00,2.2584871
2025-08-14 15:17:44.050549+00:00,2.2584876
2025-08-14 15:17:57.795431+00:00,2.2584871
2025-08-14 15:18:10.356826+00:00,2.2584865
2025-08-14 15:18:22.704775+00:00,2.2584874
2025-08-14 15:18:35.980222+00:00,2.258487
2025-08-14 15:18:52.350425+00:00,2.2584865
2025-08-14 15:19:01.824974+00:00,2.2584863
2025-08-14 15:19:14.441830+00:00,2.2584875
2025-08-14 15:19:27.230392+00:00,2.2584865
2025-08-14 15:19:40.323526+00:00,2.2584872
2025-08-14 15:19:53.054101+00:00,2.258487
2025-08-14 15:20:06.906443+00:00,2.2584872
2025-08-14 15:20:20.065185+00:00,2.2584869
2025-08-14 15:20:33.303034+00:00,2.258487
2025-08-14 15:20:53.178733+00:00,2.258487
2025-08-14 15:20:59.597150+00:00,2.258487
2025-08-14 15:21:13.013701+00:00,2.2584867
2025-08-14 15:21:25.991240+00:00,2.2584874
2025-08-14 15:21:39.297557+00:00,2.2584871
2025-08-14 15:21:53.167664+00:00,2.2584872
2025-08-14 15:22:06.359451+00:00,2.2584865
2025-08-14 15:22:22.846389+00:00,2.2584869
2025-08-14 15:22:32.370637+00:00,2.2584871
2025-08-14 15:22:45.413105+00:00,2.2584867
2025-08-14 15:22:58.525198+00:00,2.2584867
2025-08-14 15:23:11.593415+00:00,2.2584871
2025-08-14 15:23:24.359099+00:00,2.2584867
2025-08-14 15:23:37.354982+00:00,2.2584862
2025-08-14 15:23:50.653168+00:00,2.2584874
2025-08-14 15:24:03.998946+00:00,2.2584863
2025-08-14 15:24:17.149867+00:00,2.2584867
2025-08-14 15:24:29.693341+00:00,2.2584868
2025-08-14 15:24:42.248341+00:00,2.2584871
2025-08-14 15:24:55.748858+00:00,2.2584864
2025-08-14 15:25:07.906117+00:00,2.2584869
2025-08-14 15:25:21.066182+00:00,2.2584866
2025-08-14 15:25:33.846626+00:00,2.2584867
2025-08-14 15:25:46.759180+00:00,2.258487
2025-08-14 15:25:59.461534+00:00,2.2584865
2025-08-14 15:26:12.490593+00:00,2.2584872
2025-08-14 15:26:37.815931+00:00,2.2584867
2025-08-14 15:26:54.009579+00:00,2.2584872
2025-08-14 15:27:03.920832+00:00,2.2584867
2025-08-14 15:27:18.612698+00:00,2.2584866
2025-08-14 15:27:29.217225+00:00,2.2584865
2025-08-14 15:27:41.982130+00:00,2.2584861
2025-08-14 15:27:55.135200+00:00,2.2584873
2025-08-14 15:28:08.880270+00:00,2.258487
2025-08-14 15:28:21.620262+00:00,2.2584873
2025-08-14 15:28:33.913042+00:00,2.2584868
2025-08-14 15:28:50.778457+00:00,2.2584865
2025-08-14 15:29:00.905283+00:00,2.2584872
2025-08-14 15:29:13.784981+00:00,2.2584871
2025-08-14 15:29:27.445314+00:00,2.2584867
2025-08-14 15:29:41.885802+00:00,2.2584865
2025-08-14 15:29:53.440444+00:00,2.2584864
2025-08-14 15:30:07.459004+00:00,2.258487
2025-08-14 15:30:20.518651+00:00,2.2584862
2025-08-14 15:30:33.979486+00:00,2.2584865
2025-08-14 15:30:47.374555+00:00,2.2584871
2025-08-14 15:31:02.507914+00:00,2.2584866
2025-08-14 15:31:14.394350+00:00,2.2584873
2025-08-14 15:31:27.933235+00:00,2.2584871
2025-08-14 15:31:39.821018+00:00,2.2584871
2025-08-14 15:31:52.851043+00:00,2.2584875
2025-08-14 15:32:06.317046+00:00,2.258487
2025-08-14 15:32:20.276672+00:00,2.258487
2025-08-14 15:32:34.168473+00:00,2.2584875
2025-08-14 15:32:45.245245+00:00,2.2584862
2025-08-14 15:32:57.899548+00:00,2.2584868
2025-08-14 15:33:12.692207+00:00,2.258487
2025-08-14 15:33:26.498891+00:00,2.2584864
2025-08-14 15:33:36.678083+00:00,2.2584871
2025-08-14 15:33:51.225187+00:00,2.2584869
2025-08-14 15:34:02.503766+00:00,2.2584872
2025-08-14 15:34:16.001721+00:00,2.2584873
2025-08-14 15:34:28.124279+00:00,2.2584869
2025-08-14 15:34:41.678107+00:00,2.2584866
2025-08-14 15:34:54.515121+00:00,2.2584867
2025-08-14 15:35:07.350425+00:00,2.2584874
2025-08-14 15:35:20.500210+00:00,2.2584863
2025-08-14 15:35:33.490672+00:00,2.2584864
2025-08-14 15:35:46.860677+00:00,2.2584875
2025-08-14 15:35:58.649889+00:00,2.2584876
2025-08-14 15:36:11.549337+00:00,2.2584868
2025-08-14 15:36:24.990819+00:00,2.2584869
2025-08-14 15:36:37.147459+00:00,2.2584867
2025-08-14 15:37:03.790663+00:00,2.2584867
2025-08-14 15:37:16.992451+00:00,2.2584867
2025-08-14 15:37:29.884628+00:00,2.2584867
2025-08-14 15:37:43.516920+00:00,2.2584874
2025-08-14 15:37:56.405638+00:00,2.2584872
2025-08-14 15:38:10.202509+00:00,2.2584865
2025-08-14 15:38:23.428842+00:00,2.2584872
2025-08-14 15:38:36.642210+00:00,2.2584867
2025-08-14 15:38:50.318969+00:00,2.258487
2025-08-14 15:39:03.420937+00:00,2.2584875
2025-08-14 15:39:17.449285+00:00,2.2584866
2025-08-14 15:39:34.301471+00:00,2.2584871
2025-08-14 15:39:43.573211+00:00,2.2584864
2025-08-14 15:39:56.135777+00:00,2.2584875
2025-08-14 15:40:11.052596+00:00,2.258487
2025-08-14 15:40:23.537844+00:00,2.2584866
2025-08-14 15:40:36.061718+00:00,2.2584872
2025-08-14 15:40:49.549386+00:00,2.258487
2025-08-14 15:41:01.752532+00:00,2.2584868
2025-08-14 15:41:14.366970+00:00,2.2584873
2025-08-14 15:41:27.160932+00:00,2.2584873
2025-08-14 15:41:40.357335+00:00,2.2584866
2025-08-14 15:41:53.174971+00:00,2.2584871
2025-08-14 15:42:06.350525+00:00,2.2584873
2025-08-14 15:42:19.230881+00:00,2.2584872
2025-08-14 15:42:35.817591+00:00,2.2584866
2025-08-14 15:42:44.990568+00:00,2.2584874
2025-08-14 15:43:05.130373+00:00,2.2584868
2025-08-14 15:43:11.942344+00:00,2.2584868
2025-08-14 15:43:24.550758+00:00,2.2584865
2025-08-14 15:43:36.815814+00:00,2.2584869
2025-08-14 15:43:49.891231+00:00,2.2584874
2025-08-14 15:44:03.005939+00:00,2.2584872
2025-08-14 15:44:16.697220+00:00,2.2584869
2025-08-14 15:44:28.224854+00:00,2.2584869
2025-08-14 15:44:41.165865+00:00,2.2584866
2025-08-14 15:44:54.094387+00:00,2.258487
2025-08-14 15:45:08.230249+00:00,2.2584875
2025-08-14 15:45:20.632204+00:00,2.2584872
2025-08-14 15:45:36.265442+00:00,2.2584874
2025-08-14 15:45:47.422850+00:00,2.2584865
2025-08-14 15:45:59.813982+00:00,2.2584869
2025-08-14 15:46:13.261975+00:00,2.2584869
2025-08-14 15:46:26.285422+00:00,2.2584865
2025-08-14 15:46:39.789824+00:00,2.2584869
2025-08-14 15:46:53.370535+00:00,2.258487
2025-08-14 15:47:06.977693+00:00,2.2584867
2025-08-14 15:47:19.798478+00:00,2.2584873
2025-08-14 15:47:33.326393+00:00,2.2584865
2025-08-14 15:47:58.018700+00:00,2.2584868
2025-08-14 15:48:25.076108+00:00,2.258487
2025-08-14 15:48:38.321737+00:00,2.258487
2025-08-14 15:48:51.493809+00:00,2.2584871
2025-08-14 15:49:12.936712+00:00,2.258487
2025-08-14 15:49:18.544926+00:00,2.2584871
2025-08-14 15:49:31.202784+00:00,2.2584869
2025-08-14 15:49:42.914441+00:00,2.2584872
2025-08-14 15:49:55.710365+00:00,2.2584868
2025-08-14 15:50:13.362873+00:00,2.2584867
2025-08-14 15:50:22.791915+00:00,2.2584871
2025-08-14 15:50:34.928568+00:00,2.2584867
2025-08-14 15:50:47.997774+00:00,2.2584866
2025-08-14 15:51:01.896215+00:00,2.2584866
2025-08-14 15:51:13.905187+00:00,2.2584868
2025-08-14 15:51:27.781454+00:00,2.258487
2025-08-14 15:51:40.163459+00:00,2.2584871
2025-08-14 15:51:52.689010+00:00,2.2584865
2025-08-14 15:52:06.128958+00:00,2.2584865
2025-08-14 15:52:19.014576+00:00,2.2584867
2025-08-14 15:52:32.563876+00:00,2.2584873
2025-08-14 15:52:43.931270+00:00,2.2584875
2025-08-14 15:52:56.789883+00:00,2.258487
2025-08-14 15:53:11.410412+00:00,2.2584873
2025-08-14 15:53:22.681338+00:00,2.2584868
2025-08-14 15:53:35.881728+00:00,2.2584867
2025-08-14 15:53:51.345360+00:00,2.2584867
2025-08-14 15:54:02.693211+00:00,2.2584873
2025-08-14 15:54:16.273886+00:00,2.2584868
2025-08-14 15:54:29.684260+00:00,2.2584868
2025-08-14 15:54:43.455109+00:00,2.2584871
2025-08-14 15:54:55.813180+00:00,2.2584865
2025-08-14 15:55:11.433935+00:00,2.2584872
2025-08-14 15:55:23.572539+00:00,2.2584871
2025-08-14 15:55:36.432180+00:00,2.2584867
2025-08-14 15:55:49.406275+00:00,2.2584865
2025-08-14 15:56:02.800687+00:00,2.258487
2025-08-14 15:56:15.674362+00:00,2.2584865
2025-08-14 15:56:28.766654+00:00,2.258487
2025-08-14 15:56:42.699536+00:00,2.2584875
2025-08-14 15:56:55.951788+00:00,2.2584865
2025-08-14 15:57:11.043284+00:00,2.2584872
2025-08-14 15:57:21.036403+00:00,2.2584865
2025-08-14 15:57:34.651371+00:00,2.2584871
2025-08-14 15:57:47.363093+00:00,2.2584864
2025-08-14 15:57:59.771155+00:00,2.2584863
2025-08-14 15:58:13.549695+00:00,2.2584866
2025-08-14 15:58:25.651293+00:00,2.2584871
2025-08-14 15:58:38.653805+00:00,2.2584871
2025-08-14 15:58:51.400017+00:00,2.258487
2025-08-14 15:59:05.353895+00:00,2.2584877
2025-08-14 15:59:22.583518+00:00,2.2584864
2025-08-14 15:59:30.526779+00:00,2.2584873
2025-08-14 15:59:44.105503+00:00,2.2584875
2025-08-14 15:59:56.088721+00:00,2.2584872
2025-08-14 16:00:10.618038+00:00,2.2584874
2025-08-14 16:00:23.085249+00:00,2.2584869
2025-08-14 16:00:35.323236+00:00,2.2584876
2025-08-14 16:00:49.074253+00:00,2.2584865
2025-08-14 16:01:00.683390+00:00,2.2584867
2025-08-14 16:01:13.429647+00:00,2.2584871
2025-08-14 16:01:26.532118+00:00,2.2584869
2025-08-14 16:01:39.674797+00:00,2.2584873
2025-08-14 16:01:53.030076+00:00,2.2584872
2025-08-14 16:02:06.642632+00:00,2.2584868
2025-08-14 16:02:23.059202+00:00,2.2584867
2025-08-14 16:02:35.537562+00:00,2.2584871
2025-08-14 16:02:46.689401+00:00,2.2584867
2025-08-14 16:02:59.655804+00:00,2.2584867
2025-08-14 16:03:13.428837+00:00,2.2584871
2025-08-14 16:03:26.801703+00:00,2.2584876
2025-08-14 16:03:39.567518+00:00,2.2584871
2025-08-14 16:03:52.761675+00:00,2.2584874
2025-08-14 16:04:05.871428+00:00,2.2584861
2025-08-14 16:04:19.095822+00:00,2.2584868
2025-08-14 16:04:33.003073+00:00,2.2584872
2025-08-14 16:04:45.669040+00:00,2.258487
2025-08-14 16:04:58.277731+00:00,2.2584871
2025-08-14 16:05:16.849586+00:00,2.2584868
2025-08-14 16:05:24.635353+00:00,2.2584867
2025-08-14 16:05:42.982720+00:00,2.2584868
2025-08-14 16:05:51.784575+00:00,2.2584877
2025-08-14 16:06:04.146214+00:00,2.2584866
2025-08-14 16:06:15.740527+00:00,2.2584873
2025-08-14 16:06:28.551478+00:00,2.2584867
2025-08-14 16:06:56.225586+00:00,2.2584872
2025-08-14 16:07:08.382720+00:00,2.2584865
2025-08-14 16:07:23.796536+00:00,2.2584868
2025-08-14 16:07:34.159898+00:00,2.2584869
2025-08-14 16:07:47.281240+00:00,2.2584868
2025-08-14 16:07:59.707872+00:00,2.2584867
2025-08-14 16:08:12.941758+00:00,2.2584873
2025-08-14 16:08:25.471163+00:00,2.258487
2025-08-14 16:08:38.224531+00:00,2.2584868
2025-08-14 16:08:50.873409+00:00,2.2584867
2025-08-14 16:09:07.082119+00:00,2.2584871
2025-08-14 16:09:18.119842+00:00,2.2584866
2025-08-14 16:09:30.134716+00:00,2.2584868
2025-08-14 16:09:43.521412+00:00,2.258487
2025-08-14 16:09:59.389414+00:00,2.2584873
2025-08-14 16:10:24.206083+00:00,2.2584871
2025-08-14 16:10:37.427411+00:00,2.258487
2025-08-14 16:10:50.178548+00:00,2.2584872
2025-08-14 16:11:04.118165+00:00,2.2584867
2025-08-14 16:11:17.276742+00:00,2.2584872
2025-08-14 16:11:30.275336+00:00,2.2584872
2025-08-14 16:11:45.906578+00:00,2.2584876
2025-08-14 16:11:57.321384+00:00,2.2584864
2025-08-14 16:12:11.233064+00:00,2.2584874
2025-08-14 16:12:22.814898+00:00,2.2584871
2025-08-14 16:12:36.075586+00:00,2.2584871
2025-08-14 16:12:49.468403+00:00,2.2584877
2025-08-14 16:13:02.991450+00:00,2.2584872
2025-08-14 16:13:16.743413+00:00,2.258487
2025-08-14 16:13:28.945364+00:00,2.2584875
2025-08-14 16:13:41.794075+00:00,2.2584865
2025-08-14 16:13:54.921832+00:00,2.2584872
2025-08-14 16:14:08.515911+00:00,2.2584869
2025-08-14 16:14:22.812260+00:00,2.2584872
2025-08-14 16:14:33.755229+00:00,2.2584872
2025-08-14 16:14:46.650318+00:00,2.2584871
2025-08-14 16:14:59.486736+00:00,2.2584867
2025-08-14 16:15:13.148764+00:00,2.2584875
2025-08-14 16:15:31.005170+00:00,2.2584863
2025-08-14 16:15:43.952729+00:00,2.2584864
2025-08-14 16:15:52.819043+00:00,2.2584871
2025-08-14 16:16:05.127094+00:00,2.2584869
2025-08-14 16:16:17.861176+00:00,2.2584868
2025-08-14 16:16:33.697077+00:00,2.2584866
2025-08-14 16:16:43.240783+00:00,2.2584873
2025-08-14 16:16:56.106105+00:00,2.2584872
2025-08-14 16:17:09.064885+00:00,2.2584873
2025-08-14 16:17:21.815307+00:00,2.2584868
2025-08-14 16:17:35.117073+00:00,2.258487
2025-08-14 16:17:48.692013+00:00,2.2584866
2025-08-14 16:18:01.982445+00:00,2.2584869
2025-08-14 16:18:15.313152+00:00,2.2584866
2025-08-14 16:18:28.526213+00:00,2.258487
2025-08-14 16:18:41.737998+00:00,2.2584874
2025-08-14 16:18:55.134719+00:00,2.2584871
2025-08-14 16:19:11.743006+00:00,2.2584872
2025-08-14 16:19:21.835274+00:00,2.258487
2025-08-14 16:19:49.363028+00:00,2.2584874
2025-08-14 16:20:01.444770+00:00,2.2584866
2025-08-14 16:20:16.248018+00:00,2.2584863
2025-08-14 16:20:29.337267+00:00,2.2584871
2025-08-14 16:20:40.816689+00:00,2.2584866
2025-08-14 16:20:53.782511+00:00,2.2584867
2025-08-14 16:21:07.286138+00:00,2.2584866
2025-08-14 16:21:20.094743+00:00,2.2584867
2025-08-14 16:21:33.352101+00:00,2.2584874
2025-08-14 16:21:45.972814+00:00,2.2584865
2025-08-14 16:21:58.611524+00:00,2.258487
2025-08-14 16:22:12.151409+00:00,2.2584866
2025-08-14 16:22:24.600233+00:00,2.2584867
2025-08-14 16:22:38.010457+00:00,2.2584872
2025-08-14 16:22:50.897065+00:00,2.2584872
2025-08-14 16:23:04.156526+00:00,2.2584867
2025-08-14 16:23:17.316237+00:00,2.2584876
2025-08-14 16:23:29.665192+00:00,2.2584876
2025-08-14 16:23:44.175438+00:00,2.2584867
2025-08-14 16:23:55.234031+00:00,2.2584876
2025-08-14 16:24:08.632681+00:00,2.2584866
2025-08-14 16:24:23.608544+00:00,2.2584868
2025-08-14 16:24:34.161409+00:00,2.2584872
2025-08-14 16:24:48.689164+00:00,2.2584869
2025-08-14 16:25:00.905220+00:00,2.258487
2025-08-14 16:25:13.614862+00:00,2.2584868
2025-08-14 16:25:26.880876+00:00,2.2584871
2025-08-14 16:25:43.353598+00:00,2.2584868
2025-08-14 16:25:53.759122+00:00,2.258487
2025-08-14 16:26:07.625827+00:00,2.2584868
2025-08-14 16:26:20.434334+00:00,2.2584868
2025-08-14 16:26:34.039338+00:00,2.258487
2025-08-14 16:26:51.645846+00:00,2.2584871
2025-08-14 16:27:02.427712+00:00,2.2584866
2025-08-14 16:27:13.823357+00:00,2.2584866
2025-08-14 16:27:26.672759+00:00,2.2584872
2025-08-14 16:27:39.978839+00:00,2.2584868
2025-08-14 16:27:55.367225+00:00,2.2584866
2025-08-14 16:28:06.742635+00:00,2.2584871
2025-08-14 16:28:19.344471+00:00,2.2584867
2025-08-14 16:28:33.070978+00:00,2.258487
2025-08-14 16:28:49.707358+00:00,2.258487
2025-08-14 16:28:58.320176+00:00,2.2584873
2025-08-14 16:29:12.303950+00:00,2.2584875
2025-08-14 16:29:24.471267+00:00,2.2584865
2025-08-14 16:29:38.606977+00:00,2.2584873
2025-08-14 16:29:49.997643+00:00,2.2584868
2025-08-14 16:30:04.043426+00:00,2.2584874
2025-08-14 16:30:22.555506+00:00,2.2584866
2025-08-14 16:30:29.214450+00:00,2.2584866
2025-08-14 16:30:42.441882+00:00,2.2584873
2025-08-14 16:30:55.726492+00:00,2.2584868
2025-08-14 16:31:21.101040+00:00,2.2584872
2025-08-14 16:31:35.624194+00:00,2.2584869
2025-08-14 16:31:47.167714+00:00,2.2584868
2025-08-14 16:31:59.730505+00:00,2.258487
2025-08-14 16:32:13.066816+00:00,2.2584866
2025-08-14 16:32:26.589411+00:00,2.2584873
2025-08-14 16:32:38.614540+00:00,2.2584869
2025-08-14 16:32:52.689071+00:00,2.2584868
2025-08-14 16:33:05.327247+00:00,2.2584865
2025-08-14 16:33:18.094225+00:00,2.2584871
2025-08-14 16:33:31.193465+00:00,2.2584869
2025-08-14 16:33:44.231682+00:00,2.2584868
2025-08-14 16:34:03.308960+00:00,2.258487
2025-08-14 16:34:11.809577+00:00,2.2584869
2025-08-14 16:34:24.118851+00:00,2.2584873
2025-08-14 16:34:37.428986+00:00,2.2584864
2025-08-14 16:34:52.845105+00:00,2.258487
2025-08-14 16:35:06.574323+00:00,2.2584865
2025-08-14 16:35:20.215175+00:00,2.2584873
2025-08-14 16:35:31.030988+00:00,2.2584874
2025-08-14 16:35:44.177116+00:00,2.2584868
2025-08-14 16:35:57.563034+00:00,2.2584868
2025-08-14 16:36:10.455801+00:00,2.2584872
2025-08-14 16:36:23.345624+00:00,2.258487
2025-08-14 16:36:36.600831+00:00,2.2584876
2025-08-14 16:36:49.594846+00:00,2.2584867
2025-08-14 16:37:03.076138+00:00,2.2584865
2025-08-14 16:37:16.203518+00:00,2.2584871
2025-08-14 16:37:28.308950+00:00,2.2584874
2025-08-14 16:37:41.987552+00:00,2.2584871
2025-08-14 16:37:54.330022+00:00,2.2584867
2025-08-14 16:38:07.693153+00:00,2.2584868
2025-08-14 16:38:20.884165+00:00,2.2584865
2025-08-14 16:38:34.349458+00:00,2.2584869
2025-08-14 16:38:46.190942+00:00,2.2584869
2025-08-14 16:39:01.087354+00:00,2.2584874
2025-08-14 16:39:12.861906+00:00,2.2584872
2025-08-14 16:39:25.085139+00:00,2.2584868
2025-08-14 16:39:39.659297+00:00,2.2584864
2025-08-14 16:39:50.681707+00:00,2.258487
2025-08-14 16:40:04.222335+00:00,2.2584867
2025-08-14 16:40:17.028947+00:00,2.258487
2025-08-14 16:40:30.609643+00:00,2.2584872
2025-08-14 16:40:42.698113+00:00,2.2584872
2025-08-14 16:40:56.631455+00:00,2.2584869
2025-08-14 16:41:08.897338+00:00,2.2584866
2025-08-14 16:41:21.237761+00:00,2.2584867
2025-08-14 16:41:34.706950+00:00,2.2584873
2025-08-14 16:41:48.379902+00:00,2.2584868
2025-08-14 16:42:03.947079+00:00,2.2584866
2025-08-14 16:42:14.604687+00:00,2.258487
2025-08-14 16:42:27.457899+00:00,2.2584875
2025-08-14 16:42:41.012005+00:00,2.258487
2025-08-14 16:42:54.450424+00:00,2.2584866
2025-08-14 16:43:08.310232+00:00,2.2584872
2025-08-14 16:43:20.666450+00:00,2.2584874
2025-08-14 16:43:34.613305+00:00,2.2584871
2025-08-14 16:43:47.211060+00:00,2.2584872
2025-08-14 16:43:59.931484+00:00,2.2584867
2025-08-14 16:44:13.218282+00:00,2.2584868
2025-08-14 16:44:25.954058+00:00,2.2584868
2025-08-14 16:44:39.134714+00:00,2.2584869
2025-08-14 16:44:52.379353+00:00,2.2584869
2025-08-14 16:45:05.884191+00:00,2.2584867
2025-08-14 16:45:18.930541+00:00,2.2584873
2025-08-14 16:45:31.691885+00:00,2.2584867
2025-08-14 16:45:44.699228+00:00,2.258487
2025-08-14 16:45:57.253549+00:00,2.2584868
2025-08-14 16:46:12.718565+00:00,2.2584874
2025-08-14 16:46:24.157432+00:00,2.2584863
2025-08-14 16:46:36.086342+00:00,2.2584869
2025-08-14 16:46:49.536788+00:00,2.2584869
2025-08-14 16:47:02.689015+00:00,2.2584874
2025-08-14 16:47:14.711235+00:00,2.2584866
2025-08-14 16:47:29.759228+00:00,2.2584868
2025-08-14 16:47:41.525768+00:00,2.2584863
2025-08-14 16:47:53.447714+00:00,2.2584868
2025-08-14 16:48:06.887915+00:00,2.2584872
2025-08-14 16:48:19.416774+00:00,2.258487
2025-08-14 16:48:33.944158+00:00,2.2584865
2025-08-14 16:48:45.953002+00:00,2.2584871
2025-08-14 16:48:57.844981+00:00,2.2584873
2025-08-14 16:49:23.825902+00:00,2.2584877
2025-08-14 16:49:36.618487+00:00,2.2584866
2025-08-14 16:49:50.166854+00:00,2.2584874
2025-08-14 16:50:03.477273+00:00,2.2584865
2025-08-14 16:50:17.352461+00:00,2.2584864
2025-08-14 16:50:29.804578+00:00,2.2584875
2025-08-14 16:50:42.751986+00:00,2.2584865
2025-08-14 16:50:56.572951+00:00,2.2584869
2025-08-14 16:51:09.355694+00:00,2.2584872
2025-08-14 16:51:23.170441+00:00,2.2584866
2025-08-14 16:51:36.055960+00:00,2.2584871
2025-08-14 16:51:49.606730+00:00,2.258487
2025-08-14 16:52:05.053997+00:00,2.2584875
2025-08-14 16:52:15.733924+00:00,2.258487
2025-08-14 16:52:28.672564+00:00,2.2584866
2025-08-14 16:52:41.923262+00:00,2.2584869
2025-08-14 16:52:54.898509+00:00,2.2584866
2025-08-14 16:53:08.932595+00:00,2.2584872
2025-08-14 16:53:21.148586+00:00,2.2584867
2025-08-14 16:53:34.251684+00:00,2.2584874
2025-08-14 16:53:46.989759+00:00,2.2584871
2025-08-14 16:53:59.932840+00:00,2.2584864
2025-08-14 16:54:12.864682+00:00,2.2584865
2025-08-14 16:54:25.564840+00:00,2.2584874
2025-08-14 16:54:38.079106+00:00,2.2584874
2025-08-14 16:54:51.042092+00:00,2.2584869
2025-08-14 16:55:07.288509+00:00,2.2584867
2025-08-14 16:55:17.245239+00:00,2.2584871
2025-08-14 16:55:30.637124+00:00,2.2584873
2025-08-14 16:55:43.513143+00:00,2.2584871
2025-08-14 16:55:55.753534+00:00,2.2584872
2025-08-14 16:56:10.120205+00:00,2.2584871
2025-08-14 16:56:21.874184+00:00,2.2584863
2025-08-14 16:56:35.235003+00:00,2.2584869
2025-08-14 16:56:47.899827+00:00,2.2584869
2025-08-14 16:57:00.759569+00:00,2.2584872
2025-08-14 16:57:13.678895+00:00,2.2584873
2025-08-14 16:57:26.429988+00:00,2.2584867
2025-08-14 16:57:39.651450+00:00,2.2584864
2025-08-14 16:57:52.202091+00:00,2.2584867
2025-08-14 16:58:05.418193+00:00,2.2584869
2025-08-14 16:58:19.301587+00:00,2.2584873
2025-08-14 16:58:32.182681+00:00,2.2584874
2025-08-14 16:58:45.465137+00:00,2.2584865
2025-08-14 16:58:58.446974+00:00,2.258487
2025-08-14 16:59:12.107346+00:00,2.2584868
2025-08-14 16:59:24.897450+00:00,2.2584876
2025-08-14 16:59:39.707537+00:00,2.2584869
2025-08-14 16:59:51.584216+00:00,2.2584872
2025-08-14 17:00:06.087347+00:00,2.2584871
2025-08-14 17:00:18.463867+00:00,2.258487
2025-08-14 17:00:31.916147+00:00,2.2584869
2025-08-14 17:00:44.634748+00:00,2.2584869
2025-08-14 17:00:57.965220+00:00,2.2584867
2025-08-14 17:01:10.755480+00:00,2.2584872
2025-08-14 17:01:24.244914+00:00,2.2584866
2025-08-14 17:01:36.623747+00:00,2.2584867
2025-08-14 17:01:51.131244+00:00,2.2584871
2025-08-14 17:02:02.845296+00:00,2.2584869
2025-08-14 17:02:16.568328+00:00,2.2584869
2025-08-14 17:02:28.728909+00:00,2.2584868
2025-08-14 17:02:41.480157+00:00,2.2584871
2025-08-14 17:02:55.296897+00:00,2.2584865
2025-08-14 17:03:08.543250+00:00,2.2584873
2025-08-14 17:03:20.293553+00:00,2.2584874
2025-08-14 17:03:35.846512+00:00,2.2584868
2025-08-14 17:03:46.384939+00:00,2.2584868
2025-08-14 17:03:59.147205+00:00,2.2584866
2025-08-14 17:04:12.420580+00:00,2.2584866
2025-08-14 17:04:24.908094+00:00,2.2584871
2025-08-14 17:04:37.691863+00:00,2.2584869
2025-08-14 17:04:50.564226+00:00,2.2584867
2025-08-14 17:05:04.007009+00:00,2.2584873
2025-08-14 17:05:18.507507+00:00,2.2584869
2025-08-14 17:05:30.799379+00:00,2.2584869
2025-08-14 17:05:43.837409+00:00,2.2584865
2025-08-14 17:05:55.494744+00:00,2.2584864
2025-08-14 17:06:08.895618+00:00,2.2584871
2025-08-14 17:06:21.871815+00:00,2.2584873
2025-08-14 17:06:35.481825+00:00,2.2584865
2025-08-14 17:06:48.795047+00:00,2.2584876
2025-08-14 17:07:01.996426+00:00,2.2584875
2025-08-14 17:07:15.436415+00:00,2.2584867
2025-08-14 17:07:27.955908+00:00,2.2584867
2025-08-14 17:07:41.333087+00:00,2.2584866
2025-08-14 17:07:54.676510+00:00,2.258487
2025-08-14 17:08:08.294464+00:00,2.258487
2025-08-14 17:08:21.617845+00:00,2.2584865
2025-08-14 17:08:34.409993+00:00,2.2584874
2025-08-14 17:08:47.102354+00:00,2.2584874
2025-08-14 17:08:59.834599+00:00,2.2584866
2025-08-14 17:09:12.937318+00:00,2.2584873
2025-08-14 17:09:26.091437+00:00,2.2584874
2025-08-14 17:09:40.266896+00:00,2.2584867
2025-08-14 17:09:52.304397+00:00,2.258487
2025-08-14 17:10:05.516946+00:00,2.2584866
2025-08-14 17:10:19.616645+00:00,2.258487
2025-08-14 17:10:33.198258+00:00,2.2584871
2025-08-14 17:10:44.572810+00:00,2.2584872
2025-08-14 17:10:56.600202+00:00,2.2584863
2025-08-14 17:11:22.876313+00:00,2.2584873
2025-08-14 17:11:35.518859+00:00,2.2584867
2025-08-14 17:11:51.333106+00:00,2.258487
2025-08-14 17:12:02.640590+00:00,2.2584874
2025-08-14 17:12:14.724672+00:00,2.2584873
2025-08-14 17:12:27.423444+00:00,2.2584869
2025-08-14 17:12:40.307488+00:00,2.2584869
2025-08-14 17:12:53.399215+00:00,2.2584866
2025-08-14 17:13:06.463184+00:00,2.2584873
2025-08-14 17:13:19.446683+00:00,2.2584866
2025-08-14 17:13:32.496736+00:00,2.2584867
2025-08-14 17:13:45.141144+00:00,2.2584871
2025-08-14 17:13:58.512089+00:00,2.2584868
2025-08-14 17:14:11.702785+00:00,2.2584872
2025-08-14 17:14:24.742627+00:00,2.258487
2025-08-14 17:14:37.996143+00:00,2.2584874
2025-08-14 17:14:51.208031+00:00,2.258487
2025-08-14 17:15:04.669686+00:00,2.2584871
2025-08-14 17:15:18.825342+00:00,2.2584868
2025-08-14 17:15:31.525224+00:00,2.2584869
2025-08-14 17:15:44.864927+00:00,2.2584865
2025-08-14 17:15:58.350225+00:00,2.2584874
2025-08-14 17:16:11.632374+00:00,2.2584871
2025-08-14 17:16:24.503262+00:00,2.2584866
2025-08-14 17:16:37.504461+00:00,2.2584866
2025-08-14 17:16:50.902728+00:00,2.2584869
2025-08-14 17:17:06.203591+00:00,2.2584871
2025-08-14 17:17:19.057876+00:00,2.2584864
2025-08-14 17:17:30.484690+00:00,2.2584866
2025-08-14 17:17:43.324183+00:00,2.2584873
2025-08-14 17:17:56.570541+00:00,2.2584866
2025-08-14 17:18:09.987939+00:00,2.2584875
2025-08-14 17:18:23.223884+00:00,2.2584874
2025-08-14 17:18:37.349041+00:00,2.2584872
2025-08-14 17:18:48.455112+00:00,2.2584865
2025-08-14 17:19:07.945303+00:00,2.2584875
2025-08-14 17:19:14.812033+00:00,2.2584871
2025-08-14 17:19:27.423294+00:00,2.2584868
2025-08-14 17:19:40.356084+00:00,2.2584864
2025-08-14 17:19:53.331619+00:00,2.2584865
2025-08-14 17:20:06.584782+00:00,2.2584873
2025-08-14 17:20:19.498609+00:00,2.2584867
2025-08-14 17:20:32.602696+00:00,2.2584871
2025-08-14 17:20:45.547132+00:00,2.2584868
2025-08-14 17:20:57.668168+00:00,2.2584872
2025-08-14 17:21:11.090959+00:00,2.2584869
2025-08-14 17:21:23.522537+00:00,2.2584874
2025-08-14 17:21:36.979921+00:00,2.2584872
2025-08-14 17:21:49.809745+00:00,2.2584865
2025-08-14 17:22:05.166876+00:00,2.2584873
2025-08-14 17:22:18.359288+00:00,2.2584865
2025-08-14 17:22:29.420584+00:00,2.2584867
2025-08-14 17:22:43.132073+00:00,2.2584869
2025-08-14 17:22:56.543810+00:00,2.2584871
2025-08-14 17:23:09.581945+00:00,2.2584867
2025-08-14 17:23:22.912855+00:00,2.2584869
2025-08-14 17:23:35.830716+00:00,2.2584864
2025-08-14 17:23:49.143213+00:00,2.2584874
2025-08-14 17:24:02.681644+00:00,2.2584873
2025-08-14 17:24:15.560902+00:00,2.2584873
2025-08-14 17:24:28.550247+00:00,2.2584875
2025-08-14 17:24:41.502424+00:00,2.2584869
2025-08-14 17:24:54.486927+00:00,2.2584869
2025-08-14 17:25:08.201567+00:00,2.2584863
2025-08-14 17:25:21.601438+00:00,2.2584871
2025-08-14 17:25:36.053460+00:00,2.2584865
2025-08-14 17:25:47.095895+00:00,2.2584871
2025-08-14 17:25:59.657807+00:00,2.2584872
2025-08-14 17:26:13.295688+00:00,2.258487
2025-08-14 17:26:26.067035+00:00,2.2584865
2025-08-14 17:26:38.202902+00:00,2.2584872
2025-08-14 17:26:52.474937+00:00,2.258487
2025-08-14 17:27:04.275796+00:00,2.2584867
2025-08-14 17:27:18.956022+00:00,2.2584867
2025-08-14 17:27:29.508851+00:00,2.2584864
2025-08-14 17:27:42.467795+00:00,2.2584866
2025-08-14 17:27:55.011429+00:00,2.2584869
2025-08-14 17:28:08.115638+00:00,2.258487
2025-08-14 17:28:20.979852+00:00,2.2584867
2025-08-14 17:28:35.490636+00:00,2.2584867
2025-08-14 17:28:47.090274+00:00,2.2584869
2025-08-14 17:29:00.471819+00:00,2.2584872
2025-08-14 17:29:12.694164+00:00,2.258487
2025-08-14 17:29:26.862111+00:00,2.2584873
2025-08-14 17:29:38.598826+00:00,2.2584869
2025-08-14 17:29:50.855969+00:00,2.2584867
2025-08-14 17:30:04.080211+00:00,2.2584871
2025-08-14 17:30:20.521673+00:00,2.2584868
2025-08-14 17:30:30.055303+00:00,2.2584867
2025-08-14 17:30:45.644233+00:00,2.2584872
2025-08-14 17:30:56.543932+00:00,2.2584869
2025-08-14 17:31:09.641780+00:00,2.2584864
2025-08-14 17:31:22.894474+00:00,2.2584875
2025-08-14 17:31:35.829736+00:00,2.2584875
2025-08-14 17:31:49.070284+00:00,2.2584868
2025-08-14 17:32:02.352235+00:00,2.2584872
2025-08-14 17:32:16.226034+00:00,2.2584872
2025-08-14 17:32:30.366826+00:00,2.2584873
2025-08-14 17:32:45.069022+00:00,2.2584866
2025-08-14 17:32:56.005015+00:00,2.2584872
2025-08-14 17:33:08.424686+00:00,2.2584868
2025-08-14 17:33:21.292376+00:00,2.2584867
2025-08-14 17:33:34.455262+00:00,2.258487
2025-08-14 17:33:53.302234+00:00,2.2584868
2025-08-14 17:34:00.557456+00:00,2.2584874
2025-08-14 17:34:13.760162+00:00,2.2584865
2025-08-14 17:34:26.252036+00:00,2.2584874
2025-08-14 17:34:39.207506+00:00,2.2584876
2025-08-14 17:34:52.647242+00:00,2.2584871
2025-08-14 17:35:11.829262+00:00,2.2584872
2025-08-14 17:35:18.744588+00:00,2.2584867
2025-08-14 17:35:31.305399+00:00,2.2584868
2025-08-14 17:35:44.379798+00:00,2.2584874
2025-08-14 17:35:57.842069+00:00,2.2584872
2025-08-14 17:36:11.995997+00:00,2.2584876
2025-08-14 17:36:22.450738+00:00,2.2584867
2025-08-14 17:36:36.851867+00:00,2.2584868
2025-08-14 17:36:48.843744+00:00,2.2584871
2025-08-14 17:37:08.435067+00:00,2.2584877
2025-08-14 17:37:14.226726+00:00,2.2584865
2025-08-14 17:37:28.873140+00:00,2.2584873
2025-08-14 17:37:40.317175+00:00,2.2584869
2025-08-14 17:37:54.238808+00:00,2.2584872
2025-08-14 17:38:06.859915+00:00,2.2584867
2025-08-14 17:38:18.916996+00:00,2.258487
2025-08-14 17:38:31.545355+00:00,2.2584874
2025-08-14 17:38:44.912624+00:00,2.2584867
2025-08-14 17:38:58.354409+00:00,2.258487
2025-08-14 17:39:11.651635+00:00,2.2584871
2025-08-14 17:39:22.472679+00:00,2.2584872
2025-08-14 17:39:35.535439+00:00,2.2584869
2025-08-14 17:39:48.706868+00:00,2.2584872
2025-08-14 17:40:01.853143+00:00,2.2584877
2025-08-14 17:40:15.156264+00:00,2.2584865
2025-08-14 17:40:34.339715+00:00,2.258487
2025-08-14 17:40:41.549743+00:00,2.2584874
2025-08-14 17:40:54.494637+00:00,2.2584872
2025-08-14 17:41:08.604831+00:00,2.2584872
2025-08-14 17:41:21.290191+00:00,2.2584867
2025-08-14 17:41:39.503552+00:00,2.2584869
2025-08-14 17:41:57.912371+00:00,2.2584874
2025-08-14 17:42:02.669789+00:00,2.2584874
2025-08-14 17:42:14.605630+00:00,2.2584873
2025-08-14 17:42:27.424276+00:00,2.2584865
2025-08-14 17:42:39.983267+00:00,2.2584868
2025-08-14 17:42:59.693592+00:00,2.2584868
2025-08-14 17:43:06.629037+00:00,2.2584865
2025-08-14 17:43:32.636458+00:00,2.258487
2025-08-14 17:43:45.618657+00:00,2.2584875
2025-08-14 17:43:58.071355+00:00,2.2584871
2025-08-14 17:44:11.726449+00:00,2.2584866
2025-08-14 17:44:23.699482+00:00,2.2584872
2025-08-14 17:44:36.598507+00:00,2.2584865
2025-08-14 17:44:49.305891+00:00,2.2584872
2025-08-14 17:45:03.491474+00:00,2.2584865
2025-08-14 17:45:15.252828+00:00,2.2584871
2025-08-14 17:45:27.702040+00:00,2.2584867
2025-08-14 17:45:42.568956+00:00,2.2584864
2025-08-14 17:45:53.243450+00:00,2.2584865
2025-08-14 17:46:07.299110+00:00,2.2584872
2025-08-14 17:46:21.527669+00:00,2.2584865
2025-08-14 17:46:32.908570+00:00,2.2584873
2025-08-14 17:46:44.727089+00:00,2.2584868
2025-08-14 17:46:57.561694+00:00,2.2584871
2025-08-14 17:47:10.971591+00:00,2.2584869
2025-08-14 17:47:24.031497+00:00,2.2584869
2025-08-14 17:47:35.774558+00:00,2.2584878
2025-08-14 17:47:48.952592+00:00,2.258487
2025-08-14 17:48:01.988209+00:00,2.2584869
2025-08-14 17:48:16.791095+00:00,2.2584865
2025-08-14 17:48:27.677234+00:00,2.2584866
2025-08-14 17:48:40.685536+00:00,2.2584873
2025-08-14 17:48:53.723731+00:00,2.2584869
2025-08-14 17:49:07.204221+00:00,2.2584872
2025-08-14 17:49:20.458795+00:00,2.2584867
2025-08-14 17:49:34.011834+00:00,2.2584869
2025-08-14 17:49:50.190358+00:00,2.258487
2025-08-14 17:49:59.803981+00:00,2.2584874
2025-08-14 17:50:13.178329+00:00,2.2584867
2025-08-14 17:50:26.359222+00:00,2.2584871
2025-08-14 17:50:46.323232+00:00,2.2584876
2025-08-14 17:50:52.611696+00:00,2.2584876
2025-08-14 17:51:19.598700+00:00,2.2584871
2025-08-14 17:51:32.505639+00:00,2.2584875
2025-08-14 17:51:44.487525+00:00,2.2584864
2025-08-14 17:52:10.863246+00:00,2.258487
2025-08-14 17:52:23.968099+00:00,2.258487
2025-08-14 17:52:36.400231+00:00,2.2584866
2025-08-14 17:52:49.011511+00:00,2.258487
2025-08-14 17:53:02.439368+00:00,2.2584873
2025-08-14 17:53:14.752155+00:00,2.2584866
2025-08-14 17:53:28.024168+00:00,2.2584877
2025-08-14 17:53:40.808021+00:00,2.258487
2025-08-14 17:53:53.542120+00:00,2.2584867
2025-08-14 17:54:07.219569+00:00,2.2584866
2025-08-14 17:54:22.016332+00:00,2.2584872
2025-08-14 17:54:33.726000+00:00,2.258487
2025-08-14 17:54:45.818879+00:00,2.2584866
2025-08-14 17:54:58.349548+00:00,2.2584873
2025-08-14 17:55:12.837392+00:00,2.2584868
2025-08-14 17:55:24.619165+00:00,2.258487
2025-08-14 17:55:38.308837+00:00,2.2584874
2025-08-14 17:55:50.231835+00:00,2.2584872
2025-08-14 17:56:03.237928+00:00,2.2584874
2025-08-14 17:56:16.811365+00:00,2.2584871
2025-08-14 17:56:31.984081+00:00,2.2584875
2025-08-14 17:56:42.583083+00:00,2.2584873
2025-08-14 17:56:56.704930+00:00,2.2584865
2025-08-14 17:57:09.457817+00:00,2.2584868
2025-08-14 17:57:22.440128+00:00,2.2584867
2025-08-14 17:57:36.237098+00:00,2.2584871
2025-08-14 17:57:50.604866+00:00,2.2584872
2025-08-14 17:58:02.847941+00:00,2.2584866
2025-08-14 17:58:16.472169+00:00,2.2584868
2025-08-14 17:58:28.994324+00:00,2.258487
2025-08-14 17:58:41.810038+00:00,2.2584869
2025-08-14 17:58:55.273230+00:00,2.2584872
2025-08-14 17:59:21.275717+00:00,2.2584874
2025-08-14 17:59:37.708733+00:00,2.2584867
2025-08-14 17:59:48.675939+00:00,2.2584873
2025-08-14 18:00:00.777997+00:00,2.2584863
2025-08-14 18:00:15.202178+00:00,2.2584872
2025-08-14 18:00:30.936353+00:00,2.2584868
2025-08-14 18:00:39.376761+00:00,2.2584869
2025-08-14 18:00:52.700699+00:00,2.2584864
2025-08-14 18:01:05.007715+00:00,2.2584872
2025-08-14 18:01:20.042962+00:00,2.2584867
2025-08-14 18:01:34.973366+00:00,2.2584871
2025-08-14 18:01:43.822846+00:00,2.2584867
2025-08-14 18:01:58.401255+00:00,2.2584871
2025-08-14 18:02:09.771312+00:00,2.2584869
2025-08-14 18:02:22.844032+00:00,2.2584872
2025-08-14 18:02:36.572333+00:00,2.258487
2025-08-14 18:02:48.116668+00:00,2.2584871
2025-08-14 18:03:01.203343+00:00,2.2584874
2025-08-14 18:03:14.940442+00:00,2.2584866
2025-08-14 18:03:27.240086+00:00,2.2584865
2025-08-14 18:03:39.907630+00:00,2.2584875
2025-08-14 18:03:52.126813+00:00,2.2584875
2025-08-14 18:04:10.360226+00:00,2.258487
2025-08-14 18:04:18.597114+00:00,2.2584873
2025-08-14 18:04:31.288288+00:00,2.2584866
2025-08-14 18:04:45.200442+00:00,2.2584868
2025-08-14 18:04:59.187346+00:00,2.2584875
2025-08-14 18:05:11.429765+00:00,2.2584873
2025-08-14 18:05:25.143875+00:00,2.2584868
2025-08-14 18:05:38.478768+00:00,2.2584868
2025-08-14 18:05:51.311200+00:00,2.258487
2025-08-14 18:06:04.919702+00:00,2.2584863
2025-08-14 18:06:17.915051+00:00,2.2584868
2025-08-14 18:06:30.702469+00:00,2.2584869
2025-08-14 18:06:43.620509+00:00,2.2584873
2025-08-14 18:06:57.248522+00:00,2.2584864
2025-08-14 18:07:12.820264+00:00,2.2584869
2025-08-14 18:07:22.787844+00:00,2.2584865
2025-08-14 18:07:35.787804+00:00,2.2584872
2025-08-14 18:07:49.200403+00:00,2.2584873
2025-08-14 18:08:02.795803+00:00,2.2584872
2025-08-14 18:08:15.200892+00:00,2.2584868
2025-08-14 18:08:27.692083+00:00,2.258487
2025-08-14 18:08:40.399925+00:00,2.2584867
2025-08-14 18:08:53.599937+00:00,2.2584864
2025-08-14 18:09:09.742843+00:00,2.2584876
2025-08-14 18:09:20.229178+00:00,2.2584871
2025-08-14 18:09:33.074446+00:00,2.2584867
2025-08-14 18:09:45.580933+00:00,2.258487
2025-08-14 18:09:58.133119+00:00,2.2584871
2025-08-14 18:10:11.178833+00:00,2.2584874
2025-08-14 18:10:24.702620+00:00,2.2584869
2025-08-14 18:10:36.767337+00:00,2.258487
2025-08-14 18:10:49.699654+00:00,2.2584874
2025-08-14 18:11:02.079779+00:00,2.2584869
2025-08-14 18:11:14.459162+00:00,2.2584873
2025-08-14 18:11:27.821917+00:00,2.2584869
2025-08-14 18:11:40.364945+00:00,2.2584867
2025-08-14 18:11:53.247187+00:00,2.2584877
2025-08-14 18:12:08.556677+00:00,2.2584872
2025-08-14 18:12:19.748456+00:00,2.258487
2025-08-14 18:12:32.851568+00:00,2.2584873
2025-08-14 18:12:49.485675+00:00,2.2584871
2025-08-14 18:13:00.465113+00:00,2.2584876
2025-08-14 18:13:12.292546+00:00,2.2584869
2025-08-14 18:13:25.148082+00:00,2.2584876
2025-08-14 18:13:39.295427+00:00,2.2584873
2025-08-14 18:13:51.719748+00:00,2.2584872
2025-08-14 18:14:04.947651+00:00,2.2584872
2025-08-14 18:14:18.866349+00:00,2.2584869
2025-08-14 18:14:33.748196+00:00,2.2584873
2025-08-14 18:14:44.402580+00:00,2.2584872
2025-08-14 18:14:57.827560+00:00,2.258487
2025-08-14 18:15:11.436071+00:00,2.258487
2025-08-14 18:15:24.064202+00:00,2.2584868
2025-08-14 18:15:39.218320+00:00,2.2584872
2025-08-14 18:15:51.429414+00:00,2.2584867
2025-08-14 18:16:04.696265+00:00,2.2584875
2025-08-14 18:16:15.854090+00:00,2.2584868
2025-08-14 18:16:28.346517+00:00,2.2584867
2025-08-14 18:16:41.049749+00:00,2.2584871
2025-08-14 18:16:54.022710+00:00,2.2584873
2025-08-14 18:17:08.515759+00:00,2.2584871
2025-08-14 18:17:19.875908+00:00,2.2584867
2025-08-14 18:17:34.642701+00:00,2.2584869
2025-08-14 18:17:45.445449+00:00,2.2584869
2025-08-14 18:17:58.275341+00:00,2.2584867
2025-08-14 18:18:12.217218+00:00,2.2584869
2025-08-14 18:18:30.040746+00:00,2.2584871
2025-08-14 18:18:37.730642+00:00,2.2584874
2025-08-14 18:18:50.067227+00:00,2.2584874
2025-08-14 18:19:04.225382+00:00,2.258487
2025-08-14 18:19:17.468434+00:00,2.2584866
2025-08-14 18:19:28.073328+00:00,2.2584872
2025-08-14 18:19:41.315156+00:00,2.2584866
2025-08-14 18:19:54.511442+00:00,2.2584865
2025-08-14 18:20:07.023095+00:00,2.2584868
2025-08-14 18:20:19.803568+00:00,2.2584876
2025-08-14 18:20:33.498062+00:00,2.258487
2025-08-14 18:20:45.368689+00:00,2.2584867
2025-08-14 18:20:58.505259+00:00,2.2584869
2025-08-14 18:21:11.730916+00:00,2.2584868
2025-08-14 18:21:28.214476+00:00,2.2584875
2025-08-14 18:21:37.695257+00:00,2.2584873
2025-08-14 18:21:51.826188+00:00,2.2584872
2025-08-14 18:22:04.470287+00:00,2.2584872
2025-08-14 18:22:17.909057+00:00,2.258487
2025-08-14 18:22:30.995206+00:00,2.2584871
2025-08-14 18:22:43.918407+00:00,2.2584873
2025-08-14 18:22:57.039060+00:00,2.2584875
2025-08-14 18:23:10.352868+00:00,2.2584871
2025-08-14 18:23:25.899775+00:00,2.2584872
2025-08-14 18:23:37.102352+00:00,2.2584869
2025-08-14 18:23:51.938676+00:00,2.2584876
2025-08-14 18:24:03.062900+00:00,2.2584869
2025-08-14 18:24:16.060029+00:00,2.2584872
2025-08-14 18:24:28.883910+00:00,2.2584873
2025-08-14 18:24:43.462315+00:00,2.2584872
2025-08-14 18:24:59.483051+00:00,2.2584869
2025-08-14 18:25:10.226392+00:00,2.2584869
2025-08-14 18:25:23.713533+00:00,2.2584873
2025-08-14 18:25:33.983974+00:00,2.2584866
2025-08-14 18:25:47.111937+00:00,2.2584874
2025-08-14 18:25:59.811997+00:00,2.2584869
2025-08-14 18:26:12.425555+00:00,2.2584866
2025-08-14 18:26:24.971288+00:00,2.2584869
2025-08-14 18:26:37.456030+00:00,2.2584873
2025-08-14 18:26:50.213597+00:00,2.2584868
2025-08-14 18:27:04.646083+00:00,2.2584871
2025-08-14 18:27:16.504686+00:00,2.2584869
2025-08-14 18:27:28.736118+00:00,2.2584875
2025-08-14 18:27:45.197970+00:00,2.2584868
2025-08-14 18:27:54.582068+00:00,2.2584869
2025-08-14 18:28:08.468922+00:00,2.2584873
2025-08-14 18:28:20.458936+00:00,2.2584871
2025-08-14 18:28:33.957024+00:00,2.2584869
2025-08-14 18:28:46.594439+00:00,2.2584866
2025-08-14 18:29:00.659829+00:00,2.2584871
2025-08-14 18:29:12.136770+00:00,2.2584874
2025-08-14 18:29:24.786508+00:00,2.2584872
2025-08-14 18:29:37.146007+00:00,2.2584873
2025-08-14 18:29:50.040151+00:00,2.2584867
2025-08-14 18:30:03.275949+00:00,2.2584867
2025-08-14 18:30:18.194977+00:00,2.2584872
2025-08-14 18:30:32.326198+00:00,2.2584869
2025-08-14 18:30:42.851846+00:00,2.2584868
2025-08-14 18:30:56.014274+00:00,2.2584864
2025-08-14 18:31:09.658170+00:00,2.2584869
2025-08-14 18:31:23.345482+00:00,2.2584871
2025-08-14 18:31:37.915739+00:00,2.2584873
2025-08-14 18:31:50.201486+00:00,2.2584865
2025-08-14 18:32:04.890069+00:00,2.2584866
2025-08-14 18:32:23.177075+00:00,2.2584869
2025-08-14 18:32:28.765838+00:00,2.2584869
2025-08-14 18:32:41.829314+00:00,2.2584865
2025-08-14 18:32:54.677745+00:00,2.258487
2025-08-14 18:33:08.023803+00:00,2.2584869
2025-08-14 18:33:22.937302+00:00,2.2584873
2025-08-14 18:33:34.044754+00:00,2.2584872
2025-08-14 18:33:47.772167+00:00,2.2584871
2025-08-14 18:33:59.959886+00:00,2.2584873
2025-08-14 18:34:13.179840+00:00,2.2584874
2025-08-14 18:34:26.593759+00:00,2.2584868
2025-08-14 18:34:38.553822+00:00,2.2584865
2025-08-14 18:34:51.436897+00:00,2.2584876
2025-08-14 18:35:08.793125+00:00,2.2584872
2025-08-14 18:35:18.226227+00:00,2.2584863
2025-08-14 18:35:32.492214+00:00,2.2584867
2025-08-14 18:35:43.694043+00:00,2.2584869
2025-08-14 18:35:56.039842+00:00,2.2584868
2025-08-14 18:36:08.942012+00:00,2.258487
2025-08-14 18:36:21.548953+00:00,2.2584867
2025-08-14 18:36:34.892574+00:00,2.2584869
2025-08-14 18:36:48.074880+00:00,2.2584864
2025-08-14 18:36:59.894317+00:00,2.2584873
2025-08-14 18:37:13.116817+00:00,2.2584872
2025-08-14 18:37:25.622805+00:00,2.2584864
2025-08-14 18:37:38.540315+00:00,2.2584873
2025-08-14 18:37:53.055980+00:00,2.2584872
2025-08-14 18:38:05.240906+00:00,2.2584871
2025-08-14 18:38:19.606368+00:00,2.2584872
2025-08-14 18:38:31.708996+00:00,2.2584866
2025-08-14 18:38:44.765880+00:00,2.2584868
2025-08-14 18:38:58.644865+00:00,2.258487
2025-08-14 18:39:12.004977+00:00,2.2584866
2025-08-14 18:39:25.030570+00:00,2.2584867
2025-08-14 18:39:39.971897+00:00,2.2584871
2025-08-14 18:39:51.833485+00:00,2.2584872
2025-08-14 18:40:05.305194+00:00,2.2584864
2025-08-14 18:40:18.063325+00:00,2.2584868
2025-08-14 18:40:31.271078+00:00,2.2584871
2025-08-14 18:40:45.001588+00:00,2.2584868
2025-08-14 18:40:57.011857+00:00,2.2584866
2025-08-14 18:41:13.868679+00:00,2.2584873
2025-08-14 18:41:23.217547+00:00,2.2584868
2025-08-14 18:41:36.577078+00:00,2.2584872
2025-08-14 18:41:50.109349+00:00,2.2584874
2025-08-14 18:42:02.858827+00:00,2.2584873
2025-08-14 18:42:18.643076+00:00,2.258487
2025-08-14 18:42:27.656110+00:00,2.2584872
2025-08-14 18:42:40.540668+00:00,2.2584866
2025-08-14 18:42:53.664415+00:00,2.2584872
2025-08-14 18:43:08.625256+00:00,2.2584874
2025-08-14 18:43:21.788499+00:00,2.2584868
2025-08-14 18:43:36.169349+00:00,2.2584873
2025-08-14 18:43:44.830756+00:00,2.2584869
2025-08-14 18:43:57.591639+00:00,2.2584871
2025-08-14 18:44:12.006501+00:00,2.2584875
2025-08-14 18:44:23.023778+00:00,2.2584868
2025-08-14 18:44:36.074550+00:00,2.258487
2025-08-14 18:44:48.780337+00:00,2.2584871
2025-08-14 18:45:01.797342+00:00,2.2584868
2025-08-14 18:45:14.962424+00:00,2.2584871
2025-08-14 18:45:29.335298+00:00,2.2584865
2025-08-14 18:45:40.345628+00:00,2.2584867
2025-08-14 18:45:53.936487+00:00,2.2584874
2025-08-14 18:46:06.664354+00:00,2.2584871
2025-08-14 18:46:19.463545+00:00,2.2584867
2025-08-14 18:46:32.710876+00:00,2.2584876
2025-08-14 18:46:45.916567+00:00,2.2584875
2025-08-14 18:46:59.661424+00:00,2.2584869
2025-08-14 18:47:13.628236+00:00,2.2584868
2025-08-14 18:47:26.577619+00:00,2.2584871
2025-08-14 18:47:40.121710+00:00,2.2584869
2025-08-14 18:47:52.691101+00:00,2.2584865
2025-08-14 18:48:05.485979+00:00,2.2584867
2025-08-14 18:48:20.612705+00:00,2.2584872
2025-08-14 18:48:33.767482+00:00,2.2584875
2025-08-14 18:48:44.155795+00:00,2.2584865
2025-08-14 18:48:57.221475+00:00,2.2584873
2025-08-14 18:49:11.016011+00:00,2.2584873
2025-08-14 18:49:23.344701+00:00,2.2584867
2025-08-14 18:49:36.470073+00:00,2.2584872
2025-08-14 18:49:54.786737+00:00,2.258487
2025-08-14 18:50:02.622757+00:00,2.2584876
2025-08-14 18:50:15.006842+00:00,2.2584868
2025-08-14 18:50:27.800295+00:00,2.2584871
2025-08-14 18:50:43.830368+00:00,2.2584869
2025-08-14 18:50:53.684722+00:00,2.2584876
2025-08-14 18:51:06.538464+00:00,2.2584868
2025-08-14 18:51:19.261303+00:00,2.258487
2025-08-14 18:51:31.826096+00:00,2.2584867
2025-08-14 18:51:44.525826+00:00,2.2584872
2025-08-14 18:51:57.815854+00:00,2.2584868
2025-08-14 18:52:14.274258+00:00,2.258487
2025-08-14 18:52:22.840348+00:00,2.2584868
2025-08-14 18:52:35.574243+00:00,2.2584877
2025-08-14 18:52:48.844076+00:00,2.2584875
2025-08-14 18:53:02.703175+00:00,2.2584872
2025-08-14 18:53:26.844312+00:00,2.2584869
2025-08-14 18:53:40.202522+00:00,2.2584865
2025-08-14 18:53:53.840760+00:00,2.258487
2025-08-14 18:54:06.405142+00:00,2.2584869
2025-08-14 18:54:20.188592+00:00,2.2584868
2025-08-14 18:54:32.448952+00:00,2.2584872
2025-08-14 18:54:45.566445+00:00,2.2584872
2025-08-14 18:54:59.404958+00:00,2.2584868
2025-08-14 18:55:12.477398+00:00,2.2584868
2025-08-14 18:55:25.691162+00:00,2.2584877
2025-08-14 18:55:38.885480+00:00,2.2584871
2025-08-14 18:55:51.871812+00:00,2.2584874
2025-08-14 18:56:12.330376+00:00,2.2584872
2025-08-14 18:56:18.077073+00:00,2.2584865
2025-08-14 18:56:31.639284+00:00,2.2584871
2025-08-14 18:56:44.210200+00:00,2.258487
2025-08-14 18:56:57.264596+00:00,2.2584872
2025-08-14 18:57:12.170232+00:00,2.2584873
2025-08-14 18:57:23.292288+00:00,2.258487
2025-08-14 18:57:36.942958+00:00,2.2584873
2025-08-14 18:57:49.478072+00:00,2.2584873
2025-08-14 18:58:08.102396+00:00,2.2584871
2025-08-14 18:58:15.342636+00:00,2.2584875
2025-08-14 18:58:28.077841+00:00,2.2584873
2025-08-14 18:58:40.590125+00:00,2.2584869
2025-08-14 18:58:53.092448+00:00,2.2584868
2025-08-14 18:59:07.338265+00:00,2.2584871
2025-08-14 18:59:18.955290+00:00,2.2584873
2025-08-14 18:59:34.724723+00:00,2.2584874
2025-08-14 18:59:44.551714+00:00,2.2584872
2025-08-14 18:59:57.208454+00:00,2.2584871
2025-08-14 19:00:11.542263+00:00,2.2584866
2025-08-14 19:00:24.615157+00:00,2.2584872
2025-08-14 19:00:36.347198+00:00,2.2584871
2025-08-14 19:00:48.491071+00:00,2.2584872
2025-08-14 19:01:02.674353+00:00,2.2584873
2025-08-14 19:01:14.268851+00:00,2.2584869
2025-08-14 19:01:32.531389+00:00,2.2584872
2025-08-14 19:01:40.847428+00:00,2.2584866
2025-08-14 19:01:52.579702+00:00,2.2584865
2025-08-14 19:02:05.956743+00:00,2.2584871
2025-08-14 19:02:18.889222+00:00,2.2584869
2025-08-14 19:02:33.993968+00:00,2.2584872
2025-08-14 19:02:45.221471+00:00,2.258487
2025-08-14 19:02:58.755396+00:00,2.2584868
2025-08-14 19:03:14.042883+00:00,2.2584865
2025-08-14 19:03:25.564920+00:00,2.2584872
2025-08-14 19:03:39.273826+00:00,2.2584872
2025-08-14 19:03:51.903201+00:00,2.2584871
2025-08-14 19:04:05.753781+00:00,2.2584877
2025-08-14 19:04:18.829466+00:00,2.258487
2025-08-14 19:04:31.624478+00:00,2.2584868
2025-08-14 19:04:45.086875+00:00,2.2584875
2025-08-14 19:04:56.999637+00:00,2.2584869
2025-08-14 19:05:10.543038+00:00,2.2584865
2025-08-14 19:05:24.627481+00:00,2.2584871
2025-08-14 19:05:37.019338+00:00,2.2584872
2025-08-14 19:06:01.952365+00:00,2.2584872
2025-08-14 19:06:14.566875+00:00,2.2584873
2025-08-14 19:06:28.805258+00:00,2.2584876
2025-08-14 19:06:41.665220+00:00,2.2584878
2025-08-14 19:06:52.933422+00:00,2.258487
2025-08-14 19:07:06.096935+00:00,2.2584869
2025-08-14 19:07:19.105551+00:00,2.2584873
2025-08-14 19:07:34.947128+00:00,2.2584868
2025-08-14 19:07:44.663166+00:00,2.258487
2025-08-14 19:07:57.418469+00:00,2.2584874
2025-08-14 19:08:27.807939+00:00,2.2584869
2025-08-14 19:08:35.864470+00:00,2.2584868
2025-08-14 19:08:50.312579+00:00,2.2584879
2025-08-14 19:09:01.043897+00:00,2.2584869
2025-08-14 19:09:14.061415+00:00,2.2584866
2025-08-14 19:09:26.652840+00:00,2.2584872
2025-08-14 19:09:39.702242+00:00,2.2584868
2025-08-14 19:09:52.366951+00:00,2.2584871
2025-08-14 19:10:06.125227+00:00,2.2584874
2025-08-14 19:10:20.767645+00:00,2.2584874
2025-08-14 19:10:35.767430+00:00,2.2584871
2025-08-14 19:10:45.142425+00:00,2.2584874
2025-08-14 19:10:58.933712+00:00,2.2584868
2025-08-14 19:11:11.890448+00:00,2.2584871
2025-08-14 19:11:24.880755+00:00,2.258487
2025-08-14 19:11:38.021875+00:00,2.2584867
2025-08-14 19:11:51.433820+00:00,2.2584872
2025-08-14 19:12:04.866659+00:00,2.2584869
2025-08-14 19:12:18.547189+00:00,2.2584876
2025-08-14 19:12:31.253688+00:00,2.2584874
2025-08-14 19:12:45.455968+00:00,2.2584877
2025-08-14 19:12:56.856347+00:00,2.2584869
2025-08-14 19:13:11.029344+00:00,2.2584866
2025-08-14 19:13:23.001326+00:00,2.2584876
2025-08-14 19:13:37.079520+00:00,2.2584871
2025-08-14 19:13:50.170652+00:00,2.2584872
2025-08-14 19:14:06.083895+00:00,2.2584868
2025-08-14 19:14:14.826019+00:00,2.2584873
2025-08-14 19:14:27.105861+00:00,2.2584869
2025-08-14 19:14:40.154322+00:00,2.2584875
2025-08-14 19:14:52.631855+00:00,2.2584875
2025-08-14 19:15:08.760034+00:00,2.2584865
2025-08-14 19:15:18.643146+00:00,2.2584872
2025-08-14 19:15:31.734482+00:00,2.258487
2025-08-14 19:15:44.953979+00:00,2.2584866
2025-08-14 19:15:57.353921+00:00,2.2584873
2025-08-14 19:16:11.634214+00:00,2.2584866
2025-08-14 19:16:23.400490+00:00,2.2584864
2025-08-14 19:16:37.366119+00:00,2.2584872
2025-08-14 19:16:48.695554+00:00,2.2584867
2025-08-14 19:17:01.564583+00:00,2.2584867
2025-08-14 19:17:21.033782+00:00,2.2584873
2025-08-14 19:17:27.305690+00:00,2.2584872
2025-08-14 19:17:40.735313+00:00,2.2584875
2025-08-14 19:17:53.083232+00:00,2.258487
2025-08-14 19:18:06.593684+00:00,2.2584876
2025-08-14 19:18:20.942192+00:00,2.2584873
2025-08-14 19:18:33.469425+00:00,2.2584873
2025-08-14 19:18:46.406822+00:00,2.2584867
2025-08-14 19:18:59.526594+00:00,2.2584871
2025-08-14 19:19:13.524231+00:00,2.2584875
2025-08-14 19:19:26.584775+00:00,2.2584872
2025-08-14 19:19:41.137421+00:00,2.2584873
2025-08-14 19:19:52.993927+00:00,2.2584875
2025-08-14 19:20:06.869345+00:00,2.2584869
2025-08-14 19:20:19.328121+00:00,2.2584876
2025-08-14 19:20:32.746847+00:00,2.2584865
2025-08-14 19:20:45.598928+00:00,2.2584868
2025-08-14 19:20:58.541569+00:00,2.2584872
2025-08-14 19:21:11.534662+00:00,2.2584868
2025-08-14 19:21:24.724848+00:00,2.2584871
2025-08-14 19:21:37.634302+00:00,2.2584877
2025-08-14 19:21:51.606395+00:00,2.2584869
2025-08-14 19:22:03.124404+00:00,2.2584872
2025-08-14 19:22:16.102103+00:00,2.2584875
2025-08-14 19:22:28.883314+00:00,2.2584867
2025-08-14 19:22:41.455230+00:00,2.2584875
2025-08-14 19:22:54.378787+00:00,2.2584879
2025-08-14 19:23:07.734264+00:00,2.2584872
2025-08-14 19:23:19.942975+00:00,2.2584869
2025-08-14 19:23:33.872708+00:00,2.2584868
2025-08-14 19:23:46.048010+00:00,2.2584874
2025-08-14 19:23:59.256179+00:00,2.2584866
2025-08-14 19:24:11.973023+00:00,2.2584872
2025-08-14 19:24:24.461936+00:00,2.2584869
2025-08-14 19:24:37.536133+00:00,2.2584868
2025-08-14 19:24:49.910216+00:00,2.2584872
2025-08-14 19:25:06.176984+00:00,2.2584871
2025-08-14 19:25:15.930650+00:00,2.2584868
2025-08-14 19:25:28.582465+00:00,2.2584874
2025-08-14 19:25:42.072758+00:00,2.2584868
2025-08-14 19:25:54.442273+00:00,2.2584874
2025-08-14 19:26:07.700196+00:00,2.2584868
2025-08-14 19:26:20.860042+00:00,2.2584872
2025-08-14 19:26:33.881263+00:00,2.2584875
2025-08-14 19:26:46.962126+00:00,2.2584875
2025-08-14 19:27:00.443684+00:00,2.2584873
2025-08-14 19:27:13.542197+00:00,2.2584873
2025-08-14 19:27:26.885058+00:00,2.2584866
2025-08-14 19:27:40.476417+00:00,2.2584871
2025-08-14 19:27:53.712380+00:00,2.2584875
2025-08-14 19:28:06.997816+00:00,2.2584867
2025-08-14 19:28:20.198460+00:00,2.2584868
2025-08-14 19:28:33.517403+00:00,2.2584874
2025-08-14 19:28:46.702816+00:00,2.2584872
2025-08-14 19:28:59.296154+00:00,2.2584876
2025-08-14 19:29:13.534217+00:00,2.2584875
2025-08-14 19:29:25.751216+00:00,2.2584871
2025-08-14 19:29:39.597770+00:00,2.2584872
2025-08-14 19:29:51.409837+00:00,2.2584868
2025-08-14 19:30:25.865129+00:00,2.2584875
2025-08-14 19:30:29.864941+00:00,2.258487
2025-08-14 19:30:42.636657+00:00,2.2584874
2025-08-14 19:30:55.445641+00:00,2.258487
2025-08-14 19:31:08.347691+00:00,2.2584865
2025-08-14 19:31:21.507553+00:00,2.2584872
2025-08-14 19:31:35.361478+00:00,2.2584874
2025-08-14 19:31:47.803421+00:00,2.2584875
2025-08-14 19:32:00.326629+00:00,2.2584873
2025-08-14 19:32:13.250171+00:00,2.2584875
2025-08-14 19:32:25.610102+00:00,2.2584866
2025-08-14 19:32:38.483473+00:00,2.2584867
2025-08-14 19:32:52.655108+00:00,2.2584872
2025-08-14 19:33:05.423150+00:00,2.2584867
2025-08-14 19:33:17.176300+00:00,2.258487
2025-08-14 19:33:29.595929+00:00,2.2584869
2025-08-14 19:33:42.465860+00:00,2.2584873
2025-08-14 19:33:55.625896+00:00,2.2584874
2025-08-14 19:34:09.141287+00:00,2.2584874
2025-08-14 19:34:23.083884+00:00,2.2584871
2025-08-14 19:34:35.174129+00:00,2.2584874
2025-08-14 19:34:48.963558+00:00,2.2584877
2025-08-14 19:35:03.495178+00:00,2.2584873
2025-08-14 19:35:15.366347+00:00,2.2584862
2025-08-14 19:35:28.956586+00:00,2.2584874
2025-08-14 19:35:41.853000+00:00,2.2584869
2025-08-14 19:35:54.661987+00:00,2.2584869
2025-08-14 19:36:07.954585+00:00,2.2584872
2025-08-14 19:36:21.092537+00:00,2.2584877
2025-08-14 19:36:34.040197+00:00,2.2584874
2025-08-14 19:36:48.416732+00:00,2.2584869
2025-08-14 19:37:00.072548+00:00,2.2584876
2025-08-14 19:37:14.274151+00:00,2.2584872
2025-08-14 19:37:26.026024+00:00,2.2584874
2025-08-14 19:37:39.459486+00:00,2.2584873
2025-08-14 19:37:52.671703+00:00,2.2584868
2025-08-14 19:38:14.384271+00:00,2.2584873
2025-08-14 19:38:18.795962+00:00,2.258487
2025-08-14 19:38:30.615854+00:00,2.2584875
2025-08-14 19:38:42.886350+00:00,2.2584873
2025-08-14 19:38:55.736776+00:00,2.2584878
2025-08-14 19:39:09.510458+00:00,2.2584868
2025-08-14 19:39:21.310471+00:00,2.2584875
2025-08-14 19:39:34.428515+00:00,2.2584874
2025-08-14 19:39:48.885868+00:00,2.2584871
2025-08-14 19:40:00.166787+00:00,2.2584867
2025-08-14 19:40:13.657652+00:00,2.2584868
2025-08-14 19:40:25.845434+00:00,2.2584866
2025-08-14 19:40:38.863080+00:00,2.2584874
2025-08-14 19:40:51.026215+00:00,2.2584875
2025-08-14 19:41:03.806282+00:00,2.2584871
2025-08-14 19:41:17.281753+00:00,2.2584875
2025-08-14 19:41:29.882282+00:00,2.2584867
2025-08-14 19:41:48.984727+00:00,2.2584873
2025-08-14 19:41:56.542833+00:00,2.2584875
2025-08-14 19:42:09.964267+00:00,2.2584874
2025-08-14 19:42:23.013647+00:00,2.2584869
2025-08-14 19:42:37.604829+00:00,2.2584875
2025-08-14 19:42:49.391826+00:00,2.2584871
2025-08-14 19:43:03.295399+00:00,2.2584868
2025-08-14 19:43:16.947543+00:00,2.258488
2025-08-14 19:43:29.469222+00:00,2.2584877
2025-08-14 19:43:42.650494+00:00,2.2584876
2025-08-14 19:43:55.715783+00:00,2.2584868
2025-08-14 19:44:08.651406+00:00,2.2584862
2025-08-14 19:44:21.813307+00:00,2.2584872
2025-08-14 19:44:36.388206+00:00,2.2584868
2025-08-14 19:44:48.075980+00:00,2.258487
2025-08-14 19:45:00.824858+00:00,2.2584874
2025-08-14 19:45:14.494873+00:00,2.258487
2025-08-14 19:45:27.267947+00:00,2.2584869
2025-08-14 19:45:39.795723+00:00,2.2584871
2025-08-14 19:45:52.330196+00:00,2.2584867
2025-08-14 19:46:07.210645+00:00,2.2584872
2025-08-14 19:46:18.733507+00:00,2.2584873
2025-08-14 19:46:35.744080+00:00,2.2584866
2025-08-14 19:46:43.564304+00:00,2.2584878
2025-08-14 19:46:56.692040+00:00,2.2584873
2025-08-14 19:47:14.819714+00:00,2.2584872
2025-08-14 19:47:22.752731+00:00,2.2584867
2025-08-14 19:47:35.946100+00:00,2.2584873
2025-08-14 19:47:48.513904+00:00,2.2584874
2025-08-14 19:48:01.312796+00:00,2.2584875
2025-08-14 19:48:13.850723+00:00,2.2584878
2025-08-14 19:48:26.677760+00:00,2.258487
2025-08-14 19:48:41.393324+00:00,2.2584875
2025-08-14 19:48:52.643157+00:00,2.258487
2025-08-14 19:49:10.726811+00:00,2.2584877
2025-08-14 19:49:18.685404+00:00,2.2584875
2025-08-14 19:49:34.225687+00:00,2.2584866
2025-08-14 19:49:44.491088+00:00,2.2584869
2025-08-14 19:49:57.900157+00:00,2.2584876
2025-08-14 19:50:11.420144+00:00,2.2584876
2025-08-14 19:50:24.714228+00:00,2.2584874
2025-08-14 19:50:38.283520+00:00,2.2584879
2025-08-14 19:50:51.137682+00:00,2.2584866
2025-08-14 19:51:04.482860+00:00,2.258487
2025-08-14 19:51:17.823271+00:00,2.2584866
2025-08-14 19:51:30.872144+00:00,2.2584871
2025-08-14 19:51:44.840788+00:00,2.2584877
2025-08-14 19:51:56.952770+00:00,2.2584877
2025-08-14 19:52:10.331074+00:00,2.2584866
2025-08-14 19:52:23.270764+00:00,2.2584873
2025-08-14 19:52:36.679965+00:00,2.2584872
2025-08-14 19:52:49.880673+00:00,2.2584866
2025-08-14 19:53:02.238090+00:00,2.2584871
2025-08-14 19:53:19.360354+00:00,2.258487
2025-08-14 19:53:28.035385+00:00,2.2584875
2025-08-14 19:53:42.647206+00:00,2.2584871
2025-08-14 19:53:54.817220+00:00,2.2584867
2025-08-14 19:54:06.196591+00:00,2.2584872
2025-08-14 19:54:19.688553+00:00,2.2584873
2025-08-14 19:54:31.753948+00:00,2.2584871
2025-08-14 19:54:44.405522+00:00,2.258487
2025-08-14 19:54:57.409671+00:00,2.2584868
2025-08-14 19:55:10.423351+00:00,2.2584868
2025-08-14 19:55:25.129042+00:00,2.2584874
2025-08-14 19:55:36.908776+00:00,2.2584872
2025-08-14 19:55:48.927379+00:00,2.2584872
2025-08-14 19:56:02.603508+00:00,2.2584872
2025-08-14 19:56:14.583593+00:00,2.2584873
2025-08-14 19:56:28.148658+00:00,2.2584875
2025-08-14 19:56:39.951033+00:00,2.2584872
2025-08-14 19:56:55.507210+00:00,2.2584871
2025-08-14 19:57:06.358039+00:00,2.2584871
2025-08-14 19:57:18.974038+00:00,2.2584867
2025-08-14 19:57:31.913149+00:00,2.2584877
2025-08-14 19:57:44.626990+00:00,2.2584869
2025-08-14 19:57:58.466661+00:00,2.2584869
2025-08-14 19:58:18.476997+00:00,2.2584866
2025-08-14 19:58:24.952714+00:00,2.2584868
2025-08-14 19:58:37.595208+00:00,2.2584872
2025-08-14 19:58:50.913964+00:00,2.2584873
2025-08-14 19:59:06.548924+00:00,2.2584878
2025-08-14 19:59:19.041242+00:00,2.2584878
2025-08-14 19:59:30.580756+00:00,2.2584869
2025-08-14 19:59:44.035987+00:00,2.2584867
2025-08-14 19:59:56.830926+00:00,2.2584879
2025-08-14 20:00:10.153476+00:00,2.2584866
2025-08-14 20:00:23.397498+00:00,2.258487
2025-08-14 20:00:36.548164+00:00,2.2584873
2025-08-14 20:00:50.547727+00:00,2.258487
2025-08-14 20:01:02.984379+00:00,2.2584871
2025-08-14 20:01:16.000415+00:00,2.2584875
2025-08-14 20:01:28.805344+00:00,2.2584876
2025-08-14 20:01:41.889674+00:00,2.258487
2025-08-14 20:01:54.290725+00:00,2.2584872
2025-08-14 20:02:07.691412+00:00,2.258487
2025-08-14 20:02:19.911176+00:00,2.2584871
2025-08-14 20:02:34.796428+00:00,2.2584873
2025-08-14 20:02:46.491768+00:00,2.2584872
2025-08-14 20:02:57.935862+00:00,2.2584877
2025-08-14 20:03:14.704832+00:00,2.2584873
2025-08-14 20:03:24.084676+00:00,2.2584876
2025-08-14 20:03:36.476295+00:00,2.2584867
2025-08-14 20:03:50.166388+00:00,2.2584879
2025-08-14 20:04:02.908595+00:00,2.2584871
2025-08-14 20:04:15.851565+00:00,2.2584877
2025-08-14 20:04:28.569140+00:00,2.2584879
2025-08-14 20:04:41.435532+00:00,2.2584869
2025-08-14 20:04:54.358029+00:00,2.2584872
2025-08-14 20:05:06.571865+00:00,2.2584873
2025-08-14 20:05:21.565124+00:00,2.258487
2025-08-14 20:05:32.204745+00:00,2.2584871
2025-08-14 20:05:45.355660+00:00,2.258487
2025-08-14 20:05:57.589574+00:00,2.2584867
2025-08-14 20:06:10.615461+00:00,2.2584878
2025-08-14 20:06:23.162963+00:00,2.2584874
2025-08-14 20:06:42.468648+00:00,2.2584873
2025-08-14 20:06:49.048203+00:00,2.2584873
2025-08-14 20:07:02.426299+00:00,2.2584872
2025-08-14 20:07:15.640089+00:00,2.2584869
2025-08-14 20:07:28.236596+00:00,2.2584871
2025-08-14 20:07:41.523873+00:00,2.2584863
2025-08-14 20:07:54.914927+00:00,2.2584875
2025-08-14 20:08:08.509687+00:00,2.2584874
2025-08-14 20:08:23.212116+00:00,2.2584876
2025-08-14 20:08:35.075527+00:00,2.2584871
2025-08-14 20:08:50.928446+00:00,2.2584871
2025-08-14 20:09:01.837865+00:00,2.2584876
2025-08-14 20:09:14.853581+00:00,2.2584875
2025-08-14 20:09:28.044145+00:00,2.2584871
2025-08-14 20:09:49.285059+00:00,2.2584871
2025-08-14 20:09:53.657465+00:00,2.2584867
2025-08-14 20:10:07.403470+00:00,2.2584873
2025-08-14 20:10:19.827599+00:00,2.2584875
2025-08-14 20:10:35.295165+00:00,2.2584873
2025-08-14 20:10:45.990503+00:00,2.2584875
2025-08-14 20:10:58.298265+00:00,2.2584875
2025-08-14 20:11:12.018894+00:00,2.2584875
2025-08-14 20:11:23.875969+00:00,2.2584874
2025-08-14 20:11:36.408485+00:00,2.2584873
2025-08-14 20:11:49.283435+00:00,2.2584873
2025-08-14 20:12:02.352753+00:00,2.2584874
2025-08-14 20:12:14.861169+00:00,2.258487
2025-08-14 20:12:27.688346+00:00,2.2584873
2025-08-14 20:12:40.373509+00:00,2.2584872
2025-08-14 20:12:53.321183+00:00,2.2584868
2025-08-14 20:13:06.867856+00:00,2.258487
2025-08-14 20:13:19.115504+00:00,2.2584877
2025-08-14 20:13:32.850547+00:00,2.2584871
2025-08-14 20:13:45.214356+00:00,2.2584878
2025-08-14 20:13:57.744162+00:00,2.258487
2025-08-14 20:14:10.634960+00:00,2.2584869
2025-08-14 20:14:23.107118+00:00,2.2584872
2025-08-14 20:14:35.765050+00:00,2.2584873
2025-08-14 20:14:48.914140+00:00,2.2584873
2025-08-14 20:15:01.713775+00:00,2.258488
2025-08-14 20:15:15.040041+00:00,2.2584872
2025-08-14 20:15:33.343025+00:00,2.2584874
2025-08-14 20:15:40.746773+00:00,2.2584876
2025-08-14 20:15:54.137515+00:00,2.2584875
2025-08-14 20:16:07.326296+00:00,2.2584876
2025-08-14 20:16:20.294706+00:00,2.258487
2025-08-14 20:16:35.129415+00:00,2.2584871
2025-08-14 20:16:48.505033+00:00,2.2584867
2025-08-14 20:17:00.417103+00:00,2.2584871
2025-08-14 20:17:14.205409+00:00,2.2584874
2025-08-14 20:17:26.991865+00:00,2.2584874
2025-08-14 20:17:40.562029+00:00,2.2584873
2025-08-14 20:17:53.244251+00:00,2.2584877
2025-08-14 20:18:06.621568+00:00,2.2584868
2025-08-14 20:18:19.477865+00:00,2.2584874
2025-08-14 20:18:32.910847+00:00,2.2584866
2025-08-14 20:18:48.705559+00:00,2.2584878
2025-08-14 20:18:59.025717+00:00,2.2584871
2025-08-14 20:19:11.983870+00:00,2.2584868
2025-08-14 20:19:24.858526+00:00,2.2584875
2025-08-14 20:19:39.784142+00:00,2.2584872
2025-08-14 20:19:50.941852+00:00,2.258487
2025-08-14 20:20:03.477345+00:00,2.2584868
2025-08-14 20:20:16.458831+00:00,2.2584873
2025-08-14 20:20:29.232332+00:00,2.2584871
2025-08-14 20:20:41.714767+00:00,2.2584868
2025-08-14 20:20:55.054237+00:00,2.2584867
2025-08-14 20:21:07.770291+00:00,2.2584879
2025-08-14 20:21:20.155521+00:00,2.2584873
2025-08-14 20:21:33.795554+00:00,2.2584872
2025-08-14 20:21:46.321100+00:00,2.258488
2025-08-14 20:21:59.986763+00:00,2.2584873
2025-08-14 20:22:11.972151+00:00,2.2584877
2025-08-14 20:22:24.849944+00:00,2.2584872
2025-08-14 20:22:37.651167+00:00,2.2584871
2025-08-14 20:22:49.900773+00:00,2.2584873
2025-08-14 20:23:03.468408+00:00,2.2584871
2025-08-14 20:23:15.694304+00:00,2.2584868
2025-08-14 20:23:28.286258+00:00,2.2584874
2025-08-14 20:23:41.157010+00:00,2.2584871
2025-08-14 20:23:54.638053+00:00,2.2584868
2025-08-14 20:24:07.611103+00:00,2.2584867
2025-08-14 20:24:20.569798+00:00,2.258488
2025-08-14 20:24:33.872129+00:00,2.2584876
2025-08-14 20:24:47.470008+00:00,2.2584864
2025-08-14 20:25:01.256238+00:00,2.2584868
2025-08-14 20:25:15.070508+00:00,2.2584869
2025-08-14 20:25:28.492019+00:00,2.2584875
2025-08-14 20:25:45.549922+00:00,2.2584874
2025-08-14 20:25:54.475165+00:00,2.258487
2025-08-14 20:26:08.318648+00:00,2.2584876
2025-08-14 20:26:20.866695+00:00,2.258487
2025-08-14 20:26:36.211899+00:00,2.2584871
2025-08-14 20:26:47.533736+00:00,2.2584875
2025-08-14 20:27:00.180936+00:00,2.2584872
2025-08-14 20:27:14.145825+00:00,2.2584868
2025-08-14 20:27:26.300858+00:00,2.2584873
2025-08-14 20:27:39.443030+00:00,2.2584874
2025-08-14 20:27:52.602633+00:00,2.2584874
2025-08-14 20:28:08.213509+00:00,2.2584874
2025-08-14 20:28:20.273148+00:00,2.2584873
2025-08-14 20:28:32.172983+00:00,2.2584863
2025-08-14 20:28:45.819779+00:00,2.2584875
2025-08-14 20:28:57.027258+00:00,2.2584871
2025-08-14 20:29:09.978726+00:00,2.258487
2025-08-14 20:29:22.657510+00:00,2.2584872
2025-08-14 20:29:35.586742+00:00,2.2584877
2025-08-14 20:29:49.348315+00:00,2.2584878
2025-08-14 20:30:02.818864+00:00,2.2584871
2025-08-14 20:30:15.160305+00:00,2.2584877
2025-08-14 20:30:28.272111+00:00,2.2584868
2025-08-14 20:30:41.162522+00:00,2.2584874
2025-08-14 20:30:53.414528+00:00,2.2584879
2025-08-14 20:31:06.392325+00:00,2.2584868
2025-08-14 20:31:18.984046+00:00,2.2584876
2025-08-14 20:31:32.284006+00:00,2.2584869
2025-08-14 20:31:45.165952+00:00,2.2584876
2025-08-14 20:31:58.915391+00:00,2.2584877
2025-08-14 20:32:10.847467+00:00,2.2584874
2025-08-14 20:32:26.678855+00:00,2.258487
2025-08-14 20:32:39.338528+00:00,2.2584871
2025-08-14 20:32:50.794689+00:00,2.2584869
2025-08-14 20:33:03.322594+00:00,2.2584883
2025-08-14 20:33:17.103843+00:00,2.2584872
2025-08-14 20:33:29.632334+00:00,2.2584873
2025-08-14 20:33:42.952818+00:00,2.2584874
2025-08-14 20:33:57.242905+00:00,2.2584873
2025-08-14 20:34:09.771596+00:00,2.2584876
2025-08-14 20:34:22.501781+00:00,2.258487
2025-08-14 20:34:36.100745+00:00,2.258487
2025-08-14 20:34:48.875953+00:00,2.2584868
2025-08-14 20:35:03.203486+00:00,2.2584863
2025-08-14 20:35:17.271311+00:00,2.2584871
2025-08-14 20:35:28.711662+00:00,2.2584875
2025-08-14 20:35:41.495565+00:00,2.2584875
2025-08-14 20:35:54.750580+00:00,2.2584877
2025-08-14 20:36:07.889900+00:00,2.2584869
2025-08-14 20:36:23.808473+00:00,2.2584872
2025-08-14 20:36:34.585571+00:00,2.2584869
2025-08-14 20:36:47.408594+00:00,2.2584874
2025-08-14 20:36:59.414547+00:00,2.2584872
2025-08-14 20:37:12.571380+00:00,2.2584872
2025-08-14 20:37:24.705958+00:00,2.2584874
2025-08-14 20:37:37.918977+00:00,2.258487
2025-08-14 20:37:50.673296+00:00,2.2584873
2025-08-14 20:38:03.742054+00:00,2.2584876
2025-08-14 20:38:16.623236+00:00,2.258487
2025-08-14 20:38:29.547556+00:00,2.258487
2025-08-14 20:38:43.920425+00:00,2.258487
2025-08-14 20:39:12.087979+00:00,2.2584874
2025-08-14 20:39:21.170880+00:00,2.2584873
2025-08-14 20:39:33.544660+00:00,2.2584873
2025-08-14 20:39:48.843700+00:00,2.2584869
2025-08-14 20:39:59.083563+00:00,2.2584871
2025-08-14 20:40:12.418358+00:00,2.2584872
2025-08-14 20:40:25.769713+00:00,2.2584878
2025-08-14 20:40:38.387053+00:00,2.2584872
2025-08-14 20:40:51.876235+00:00,2.2584875
2025-08-14 20:41:04.976407+00:00,2.2584876
2025-08-14 20:41:18.435845+00:00,2.2584873
2025-08-14 20:41:31.293042+00:00,2.2584875
2025-08-14 20:41:49.542765+00:00,2.2584871
2025-08-14 20:41:57.933804+00:00,2.2584874
2025-08-14 20:42:11.420721+00:00,2.2584876
2025-08-14 20:42:24.532285+00:00,2.2584877
2025-08-14 20:42:37.524763+00:00,2.2584875
2025-08-14 20:42:51.620305+00:00,2.2584867
2025-08-14 20:43:05.381541+00:00,2.2584868
2025-08-14 20:43:17.941503+00:00,2.2584872
2025-08-14 20:43:31.060039+00:00,2.2584876
2025-08-14 20:43:43.702939+00:00,2.2584867
2025-08-14 20:43:56.655514+00:00,2.2584872
2025-08-14 20:44:09.899748+00:00,2.2584874
2025-08-14 20:44:22.782000+00:00,2.2584867
2025-08-14 20:44:35.781502+00:00,2.2584876
2025-08-14 20:44:48.800574+00:00,2.2584868
2025-08-14 20:45:01.798176+00:00,2.2584878
2025-08-14 20:45:14.672005+00:00,2.2584873
2025-08-14 20:45:27.770725+00:00,2.2584877
2025-08-14 20:45:40.163536+00:00,2.2584873
2025-08-14 20:45:53.319261+00:00,2.2584875
2025-08-14 20:46:05.979366+00:00,2.2584876
2025-08-14 20:46:18.649870+00:00,2.2584869
2025-08-14 20:46:31.351922+00:00,2.2584868
2025-08-14 20:46:44.214140+00:00,2.2584874
2025-08-14 20:46:57.292680+00:00,2.2584867
2025-08-14 20:47:10.052055+00:00,2.2584878
2025-08-14 20:47:23.858735+00:00,2.2584878
2025-08-14 20:47:35.735694+00:00,2.2584875
2025-08-14 20:47:49.464226+00:00,2.2584876
2025-08-14 20:48:02.229233+00:00,2.2584871
2025-08-14 20:48:14.924212+00:00,2.2584876
2025-08-14 20:48:26.664849+00:00,2.2584873
2025-08-14 20:48:39.610654+00:00,2.2584869
2025-08-14 20:48:52.799195+00:00,2.2584876
2025-08-14 20:49:05.366300+00:00,2.2584876
2025-08-14 20:49:18.182806+00:00,2.2584871
2025-08-14 20:49:30.928266+00:00,2.2584871
2025-08-14 20:49:43.386003+00:00,2.2584868
2025-08-14 20:49:56.585092+00:00,2.2584875
2025-08-14 20:50:09.954562+00:00,2.2584875
2025-08-14 20:50:24.213729+00:00,2.2584878
2025-08-14 20:50:36.796513+00:00,2.2584871
2025-08-14 20:50:49.133181+00:00,2.258487
2025-08-14 20:51:02.821279+00:00,2.2584872
2025-08-14 20:51:16.165996+00:00,2.2584869
2025-08-14 20:51:29.800246+00:00,2.2584868
2025-08-14 20:51:42.746874+00:00,2.2584864
2025-08-14 20:51:56.463356+00:00,2.2584875
2025-08-14 20:52:11.644727+00:00,2.2584876
2025-08-14 20:52:22.438497+00:00,2.2584866
2025-08-14 20:52:35.650210+00:00,2.258487
2025-08-14 20:52:49.014554+00:00,2.2584867
2025-08-14 20:53:02.442313+00:00,2.2584866
2025-08-14 20:53:16.226055+00:00,2.2584869
2025-08-14 20:53:28.400662+00:00,2.2584874
2025-08-14 20:53:41.378309+00:00,2.2584879
2025-08-14 20:53:56.469178+00:00,2.2584868
2025-08-14 20:54:08.043235+00:00,2.2584876
2025-08-14 20:54:21.211702+00:00,2.2584873
2025-08-14 20:54:34.149241+00:00,2.2584875
2025-08-14 20:54:46.256054+00:00,2.2584875
2025-08-14 20:54:58.552279+00:00,2.2584877
2025-08-14 20:55:12.234086+00:00,2.2584876
2025-08-14 20:55:24.770557+00:00,2.2584879
2025-08-14 20:55:37.429851+00:00,2.258487
2025-08-14 20:55:50.027386+00:00,2.2584875
2025-08-14 20:56:03.363004+00:00,2.2584873
2025-08-14 20:56:18.300492+00:00,2.2584874
2025-08-14 20:56:28.584717+00:00,2.2584869
2025-08-14 20:56:41.717262+00:00,2.2584871
2025-08-14 20:56:54.216431+00:00,2.2584874
2025-08-14 20:57:07.678265+00:00,2.258487
2025-08-14 20:57:19.821400+00:00,2.2584873
2025-08-14 20:57:32.651934+00:00,2.2584867
2025-08-14 20:57:45.384151+00:00,2.2584869
2025-08-14 20:57:58.982832+00:00,2.2584874
2025-08-14 20:58:11.682827+00:00,2.2584876
2025-08-14 20:58:23.943143+00:00,2.2584871
2025-08-14 20:58:36.865201+00:00,2.2584872
2025-08-14 20:58:49.629647+00:00,2.2584874
2025-08-14 20:59:03.422361+00:00,2.2584877
2025-08-14 20:59:18.307007+00:00,2.2584873
2025-08-14 20:59:30.084057+00:00,2.2584872
2025-08-14 20:59:42.522205+00:00,2.2584873
2025-08-14 20:59:56.172515+00:00,2.2584876
2025-08-14 21:00:11.457485+00:00,2.2584868
2025-08-14 21:00:22.269845+00:00,2.2584869
2025-08-14 21:00:41.000990+00:00,2.2584872
2025-08-14 21:00:49.547757+00:00,2.2584872
2025-08-14 21:01:02.237760+00:00,2.2584878
2025-08-14 21:01:14.651956+00:00,2.2584872
2025-08-14 21:01:27.814161+00:00,2.2584867
2025-08-14 21:01:41.374918+00:00,2.2584878
2025-08-14 21:02:00.994121+00:00,2.2584873
2025-08-14 21:02:07.481074+00:00,2.2584873
2025-08-14 21:02:20.410591+00:00,2.2584868
2025-08-14 21:02:33.845355+00:00,2.2584872
2025-08-14 21:02:46.327717+00:00,2.2584874
2025-08-14 21:02:59.078424+00:00,2.2584876
2025-08-14 21:03:12.765836+00:00,2.2584873
2025-08-14 21:03:24.692516+00:00,2.2584873
2025-08-14 21:03:38.118833+00:00,2.2584875
2025-08-14 21:03:51.214186+00:00,2.2584879
2025-08-14 21:04:03.426127+00:00,2.2584877
2025-08-14 21:04:16.890041+00:00,2.2584879
2025-08-14 21:04:29.196827+00:00,2.2584875
2025-08-14 21:04:42.397815+00:00,2.2584871
2025-08-14 21:04:54.807137+00:00,2.2584877
2025-08-14 21:05:15.333687+00:00,2.2584871
2025-08-14 21:05:21.183969+00:00,2.2584873
2025-08-14 21:05:33.420950+00:00,2.258487
2025-08-14 21:05:46.498066+00:00,2.258487
2025-08-14 21:05:58.348036+00:00,2.2584873
2025-08-14 21:06:11.960784+00:00,2.2584872
2025-08-14 21:06:27.635428+00:00,2.2584872
2025-08-14 21:06:40.384074+00:00,2.2584874
2025-08-14 21:06:51.855593+00:00,2.2584871
2025-08-14 21:07:02.725423+00:00,2.258487
2025-08-14 21:07:15.676699+00:00,2.258488
2025-08-14 21:07:31.470597+00:00,2.2584874
2025-08-14 21:07:45.286385+00:00,2.2584878
2025-08-14 21:07:54.751975+00:00,2.2584867
2025-08-14 21:08:09.838119+00:00,2.2584874
2025-08-14 21:08:21.354744+00:00,2.2584863
2025-08-14 21:08:34.843847+00:00,2.2584871
2025-08-14 21:08:48.456761+00:00,2.2584872
2025-08-14 21:09:01.942263+00:00,2.2584868
2025-08-14 21:09:15.063210+00:00,2.2584877
2025-08-14 21:09:28.294177+00:00,2.2584878
2025-08-14 21:09:41.493830+00:00,2.2584868
2025-08-14 21:09:55.094901+00:00,2.2584874
2025-08-14 21:10:07.802741+00:00,2.2584877
2025-08-14 21:10:20.810370+00:00,2.2584873
2025-08-14 21:10:33.939912+00:00,2.2584873
2025-08-14 21:10:48.169448+00:00,2.2584872
2025-08-14 21:11:01.408876+00:00,2.2584876
2025-08-14 21:11:13.465732+00:00,2.2584869
2025-08-14 21:11:25.849380+00:00,2.2584865
2025-08-14 21:11:38.907302+00:00,2.2584875
2025-08-14 21:11:51.730468+00:00,2.2584874
2025-08-14 21:12:04.758308+00:00,2.2584871
2025-08-14 21:12:17.664507+00:00,2.2584872
2025-08-14 21:12:30.014486+00:00,2.2584871
2025-08-14 21:12:42.780809+00:00,2.2584869
2025-08-14 21:12:55.500823+00:00,2.2584871
2025-08-14 21:13:09.489677+00:00,2.2584874
2025-08-14 21:13:21.610219+00:00,2.2584873
2025-08-14 21:13:33.844465+00:00,2.2584869
2025-08-14 21:13:46.737691+00:00,2.2584878
2025-08-14 21:14:01.094869+00:00,2.2584874
2025-08-14 21:14:13.063270+00:00,2.2584873
2025-08-14 21:14:25.264196+00:00,2.2584873
2025-08-14 21:14:38.480590+00:00,2.2584865
2025-08-14 21:14:50.749191+00:00,2.2584878
2025-08-14 21:15:03.491664+00:00,2.2584876
2025-08-14 21:15:16.804327+00:00,2.258487
2025-08-14 21:15:29.453098+00:00,2.2584868
2025-08-14 21:15:41.995098+00:00,2.258487
2025-08-14 21:15:54.581769+00:00,2.2584877
2025-08-14 21:16:07.632965+00:00,2.2584872
2025-08-14 21:16:20.532238+00:00,2.2584876
2025-08-14 21:16:33.694390+00:00,2.2584875
2025-08-14 21:16:46.590082+00:00,2.2584875
2025-08-14 21:16:59.354958+00:00,2.2584873
2025-08-14 21:17:15.698226+00:00,2.258487
2025-08-14 21:17:26.115630+00:00,2.2584871
2025-08-14 21:17:39.996923+00:00,2.2584881
2025-08-14 21:17:54.602692+00:00,2.2584877
2025-08-14 21:18:06.341247+00:00,2.258487
2025-08-14 21:18:21.353734+00:00,2.258487
2025-08-14 21:18:32.488511+00:00,2.2584876
2025-08-14 21:18:48.723101+00:00,2.2584871
2025-08-14 21:18:59.163450+00:00,2.2584872
2025-08-14 21:19:11.594856+00:00,2.2584878
2025-08-14 21:19:24.419284+00:00,2.2584879
2025-08-14 21:19:37.098275+00:00,2.2584873
2025-08-14 21:19:52.205862+00:00,2.2584875
2025-08-14 21:20:04.005941+00:00,2.258487
2025-08-14 21:20:16.828322+00:00,2.2584869
2025-08-14 21:20:29.518752+00:00,2.2584876
2025-08-14 21:20:42.470291+00:00,2.258487
2025-08-14 21:20:54.882884+00:00,2.2584876
2025-08-14 21:21:08.867077+00:00,2.2584869
2025-08-14 21:21:20.867069+00:00,2.2584876
2025-08-14 21:21:34.201518+00:00,2.2584879
2025-08-14 21:21:46.450662+00:00,2.2584873
2025-08-14 21:21:58.888582+00:00,2.2584877
2025-08-14 21:22:12.322348+00:00,2.258487
2025-08-14 21:22:25.196419+00:00,2.2584871
2025-08-14 21:22:37.505760+00:00,2.2584878
2025-08-14 21:22:51.587047+00:00,2.2584871
2025-08-14 21:23:03.178144+00:00,2.2584877
2025-08-14 21:23:16.940559+00:00,2.2584876
2025-08-14 21:23:30.800688+00:00,2.2584873
2025-08-14 21:23:42.790147+00:00,2.2584872
2025-08-14 21:23:54.762124+00:00,2.2584868
2025-08-14 21:24:07.979460+00:00,2.2584879
2025-08-14 21:24:20.541631+00:00,2.2584871
2025-08-14 21:24:33.672323+00:00,2.2584872
2025-08-14 21:24:48.125988+00:00,2.2584877
2025-08-14 21:24:58.845523+00:00,2.2584871
2025-08-14 21:25:11.863137+00:00,2.2584872
2025-08-14 21:25:24.731231+00:00,2.2584872
2025-08-14 21:25:40.836201+00:00,2.2584878
2025-08-14 21:25:50.176192+00:00,2.2584877
2025-08-14 21:26:03.565637+00:00,2.2584862
2025-08-14 21:26:16.635405+00:00,2.2584874
2025-08-14 21:26:34.960109+00:00,2.2584878
2025-08-14 21:26:42.540334+00:00,2.2584874
2025-08-14 21:26:55.985079+00:00,2.2584876
2025-08-14 21:27:09.885290+00:00,2.2584874
2025-08-14 21:27:22.572438+00:00,2.2584869
2025-08-14 21:27:36.115932+00:00,2.2584867
2025-08-14 21:27:50.558882+00:00,2.2584865
2025-08-14 21:28:03.989894+00:00,2.2584869
2025-08-14 21:28:16.102247+00:00,2.2584876
2025-08-14 21:28:29.357102+00:00,2.2584877
2025-08-14 21:28:42.548556+00:00,2.2584869
2025-08-14 21:28:55.804967+00:00,2.2584872
2025-08-14 21:29:09.382191+00:00,2.2584878
2025-08-14 21:29:22.405023+00:00,2.2584873
2025-08-14 21:29:36.698798+00:00,2.2584876
2025-08-14 21:29:48.629856+00:00,2.2584876
2025-08-14 21:30:01.598141+00:00,2.2584877
2025-08-14 21:30:15.157300+00:00,2.2584876
2025-08-14 21:30:28.395852+00:00,2.2584871
2025-08-14 21:30:40.879790+00:00,2.2584873
2025-08-14 21:30:53.199651+00:00,2.2584874
2025-08-14 21:31:06.339035+00:00,2.2584872
2025-08-14 21:31:19.199271+00:00,2.2584875
2025-08-14 21:31:31.812748+00:00,2.2584879
2025-08-14 21:31:44.879263+00:00,2.2584871
2025-08-14 21:31:57.364808+00:00,2.2584872
2025-08-14 21:32:10.697104+00:00,2.2584871
2025-08-14 21:32:25.549512+00:00,2.2584871
2025-08-14 21:32:36.263915+00:00,2.2584868
2025-08-14 21:32:49.503403+00:00,2.258488
2025-08-14 21:33:02.427850+00:00,2.2584872
2025-08-14 21:33:17.985340+00:00,2.2584874
2025-08-14 21:33:28.573662+00:00,2.2584875
2025-08-14 21:33:39.988284+00:00,2.2584872
2025-08-14 21:33:54.232272+00:00,2.2584871
2025-08-14 21:34:07.239707+00:00,2.258487
2025-08-14 21:34:18.795116+00:00,2.2584876
2025-08-14 21:34:31.606911+00:00,2.258488
2025-08-14 21:34:44.594681+00:00,2.2584875
2025-08-14 21:34:57.784934+00:00,2.2584874
2025-08-14 21:35:12.636210+00:00,2.2584874
2025-08-14 21:35:25.521330+00:00,2.2584877
2025-08-14 21:35:39.665540+00:00,2.2584869
2025-08-14 21:35:51.249530+00:00,2.2584876
2025-08-14 21:36:04.121783+00:00,2.2584875
2025-08-14 21:36:19.264159+00:00,2.2584871
2025-08-14 21:36:31.222513+00:00,2.2584879
2025-08-14 21:36:43.966946+00:00,2.2584872
2025-08-14 21:36:58.218254+00:00,2.2584872
2025-08-14 21:37:10.920821+00:00,2.2584873
2025-08-14 21:37:24.430442+00:00,2.2584875
2025-08-14 21:37:36.505511+00:00,2.2584869
2025-08-14 21:37:50.555994+00:00,2.258488
2025-08-14 21:38:03.669989+00:00,2.2584874
2025-08-14 21:38:16.263156+00:00,2.2584876
2025-08-14 21:38:28.878061+00:00,2.2584876
2025-08-14 21:38:42.105298+00:00,2.2584871
2025-08-14 21:38:55.779637+00:00,2.2584875
2025-08-14 21:39:09.116081+00:00,2.2584875
2025-08-14 21:39:20.889104+00:00,2.2584875
2025-08-14 21:39:33.440567+00:00,2.2584876
2025-08-14 21:39:46.612310+00:00,2.2584877
2025-08-14 21:40:15.726591+00:00,2.2584875
2025-08-14 21:40:27.439738+00:00,2.2584875
2025-08-14 21:40:39.214698+00:00,2.258487
2025-08-14 21:40:51.154073+00:00,2.2584872
2025-08-14 21:41:18.276257+00:00,2.2584872
2025-08-14 21:41:29.749170+00:00,2.2584872
2025-08-14 21:41:42.465194+00:00,2.2584877
2025-08-14 21:41:56.421691+00:00,2.2584878
2025-08-14 21:42:08.905460+00:00,2.2584878
2025-08-14 21:42:21.641412+00:00,2.2584874
2025-08-14 21:42:33.953085+00:00,2.2584873
2025-08-14 21:42:46.769803+00:00,2.2584869
2025-08-14 21:43:01.393866+00:00,2.2584876
2025-08-14 21:43:14.150870+00:00,2.2584879
2025-08-14 21:43:26.124180+00:00,2.2584878
2025-08-14 21:43:39.091863+00:00,2.2584876
2025-08-14 21:43:53.157572+00:00,2.2584875
2025-08-14 21:44:06.653816+00:00,2.2584879
2025-08-14 21:44:21.062674+00:00,2.2584873
2025-08-14 21:44:32.537419+00:00,2.2584876
2025-08-14 21:44:50.530005+00:00,2.2584879
2025-08-14 21:45:01.610207+00:00,2.2584873
2025-08-14 21:45:13.214508+00:00,2.258487
2025-08-14 21:45:27.523097+00:00,2.2584871
2025-08-14 21:45:42.574215+00:00,2.2584866
2025-08-14 21:45:54.695986+00:00,2.2584869
2025-08-14 21:46:06.794780+00:00,2.2584876
2025-08-14 21:46:18.822071+00:00,2.2584871
2025-08-14 21:46:32.079836+00:00,2.2584875
2025-08-14 21:46:45.982820+00:00,2.258488
2025-08-14 21:46:57.987166+00:00,2.2584871
2025-08-14 21:47:11.841728+00:00,2.2584873
2025-08-14 21:47:24.824056+00:00,2.2584875
2025-08-14 21:47:37.729066+00:00,2.2584879
2025-08-14 21:47:51.200149+00:00,2.2584873
2025-08-14 21:48:03.121961+00:00,2.2584876
2025-08-14 21:48:17.341861+00:00,2.258487
2025-08-14 21:48:29.660499+00:00,2.258487
2025-08-14 21:48:43.834059+00:00,2.2584874
2025-08-14 21:48:54.654111+00:00,2.2584874
2025-08-14 21:49:08.014597+00:00,2.2584877
2025-08-14 21:49:20.833128+00:00,2.2584875
2025-08-14 21:49:33.544278+00:00,2.2584873
2025-08-14 21:49:47.050107+00:00,2.2584877
2025-08-14 21:49:58.982767+00:00,2.2584873
2025-08-14 21:50:12.491937+00:00,2.2584875
2025-08-14 21:50:25.009414+00:00,2.258487
2025-08-14 21:50:37.566059+00:00,2.2584869
2025-08-14 21:50:50.099163+00:00,2.2584877
2025-08-14 21:51:03.620231+00:00,2.2584872
2025-08-14 21:51:16.665206+00:00,2.2584871
2025-08-14 21:51:28.831161+00:00,2.2584875
2025-08-14 21:51:42.083383+00:00,2.2584874
2025-08-14 21:52:08.732283+00:00,2.2584867
2025-08-14 21:52:21.858485+00:00,2.2584865
2025-08-14 21:52:34.889712+00:00,2.2584864
2025-08-14 21:52:48.437453+00:00,2.2584859
2025-08-14 21:53:04.419216+00:00,2.2584868
2025-08-14 21:53:17.520643+00:00,2.2584875
2025-08-14 21:53:33.503286+00:00,2.2584871
2025-08-14 21:53:43.861929+00:00,2.2584873
2025-08-14 21:53:55.206553+00:00,2.2584875
2025-08-14 21:54:08.179220+00:00,2.2584876
2025-08-14 21:54:21.397836+00:00,2.2584876
2025-08-14 21:54:34.386517+00:00,2.2584871
2025-08-14 21:54:47.551802+00:00,2.258487
2025-08-14 21:55:01.802027+00:00,2.2584871
2025-08-14 21:55:13.468734+00:00,2.2584876
2025-08-14 21:55:26.566574+00:00,2.2584876
2025-08-14 21:55:39.714444+00:00,2.2584876
2025-08-14 21:55:52.138553+00:00,2.2584877
2025-08-14 21:56:06.175005+00:00,2.2584876
2025-08-14 21:56:17.634177+00:00,2.2584868
2025-08-14 21:56:32.482996+00:00,2.2584877
2025-08-14 21:56:42.977127+00:00,2.2584879
2025-08-14 21:56:55.856200+00:00,2.2584871
2025-08-14 21:57:11.024760+00:00,2.2584875
2025-08-14 21:57:21.532457+00:00,2.2584879
2025-08-14 21:57:34.526457+00:00,2.2584869
2025-08-14 21:58:00.599321+00:00,2.2584872
2025-08-14 21:58:14.708545+00:00,2.2584866
2025-08-14 21:58:25.772794+00:00,2.2584871
2025-08-14 21:58:38.532810+00:00,2.2584874
2025-08-14 21:58:53.052889+00:00,2.2584875
2025-08-14 21:59:09.188487+00:00,2.2584879
2025-08-14 21:59:17.287185+00:00,2.2584869
2025-08-14 21:59:29.339020+00:00,2.2584873
2025-08-14 21:59:42.173090+00:00,2.2584874
2025-08-14 21:59:55.053572+00:00,2.2584876
2025-08-14 22:00:09.176344+00:00,2.2584878
2025-08-14 22:00:22.766559+00:00,2.2584867
2025-08-14 22:00:35.723924+00:00,2.258488
2025-08-14 22:00:47.303811+00:00,2.2584868
2025-08-14 22:00:59.890109+00:00,2.258488
2025-08-14 22:01:13.309376+00:00,2.2584876
2025-08-14 22:01:25.911593+00:00,2.2584875
2025-08-14 22:01:40.128184+00:00,2.2584869
2025-08-14 22:01:52.833216+00:00,2.2584869
2025-08-14 22:02:07.256932+00:00,2.2584865
2025-08-14 22:02:19.768006+00:00,2.2584868
2025-08-14 22:02:38.753274+00:00,2.2584873
2025-08-14 22:02:46.323194+00:00,2.2584868
2025-08-14 22:03:01.053186+00:00,2.2584877
2025-08-14 22:03:12.981633+00:00,2.2584875
2025-08-14 22:03:26.666964+00:00,2.2584877
2025-08-14 22:03:39.042662+00:00,2.2584868
2025-08-14 22:03:51.786378+00:00,2.2584872
2025-08-14 22:04:05.345936+00:00,2.258487
2025-08-14 22:04:19.569109+00:00,2.258487
2025-08-14 22:04:30.953628+00:00,2.258488
2025-08-14 22:04:43.664053+00:00,2.2584871
2025-08-14 22:04:56.673366+00:00,2.2584866
2025-08-14 22:05:22.970114+00:00,2.2584872
2025-08-14 22:05:35.290753+00:00,2.2584871
2025-08-14 22:05:47.463917+00:00,2.2584866
2025-08-14 22:06:00.185003+00:00,2.2584873
2025-08-14 22:06:16.045995+00:00,2.2584878
2025-08-14 22:06:26.195132+00:00,2.2584872
2025-08-14 22:06:38.772517+00:00,2.2584875
2025-08-14 22:06:52.560377+00:00,2.2584878
2025-08-14 22:07:04.883971+00:00,2.2584874
2025-08-14 22:07:18.241223+00:00,2.2584873
2025-08-14 22:07:30.501501+00:00,2.2584871
2025-08-14 22:07:43.305448+00:00,2.2584874
2025-08-14 22:07:56.175072+00:00,2.2584871
2025-08-14 22:08:08.740897+00:00,2.2584874
2025-08-14 22:08:21.729079+00:00,2.2584876
2025-08-14 22:08:34.624268+00:00,2.2584872
2025-08-14 22:08:48.561885+00:00,2.2584868
2025-08-14 22:08:59.831735+00:00,2.2584879
2025-08-14 22:09:12.632745+00:00,2.2584879
2025-08-14 22:09:25.896185+00:00,2.2584867
2025-08-14 22:09:38.570971+00:00,2.2584874
2025-08-14 22:09:53.404452+00:00,2.2584872
2025-08-14 22:10:06.054223+00:00,2.2584882
2025-08-14 22:10:18.924983+00:00,2.2584879
2025-08-14 22:10:36.874553+00:00,2.258487
2025-08-14 22:10:45.193086+00:00,2.2584876
2025-08-14 22:10:58.717881+00:00,2.2584873
2025-08-14 22:11:12.462267+00:00,2.2584862
2025-08-14 22:11:25.902387+00:00,2.2584858
2025-08-14 22:11:39.171142+00:00,2.2584874
2025-08-14 22:11:52.224470+00:00,2.2584863
2025-08-14 22:12:05.679343+00:00,2.2584871
2025-08-14 22:12:19.058768+00:00,2.2584873
2025-08-14 22:12:31.637113+00:00,2.2584874
2025-08-14 22:12:49.944772+00:00,2.2584879
2025-08-14 22:12:57.717033+00:00,2.2584873
2025-08-14 22:13:12.426960+00:00,2.2584874
2025-08-14 22:13:23.651432+00:00,2.2584876
2025-08-14 22:13:37.310000+00:00,2.2584874
2025-08-14 22:13:50.320086+00:00,2.2584876
2025-08-14 22:14:02.973273+00:00,2.2584871
2025-08-14 22:14:15.465104+00:00,2.2584875
2025-08-14 22:14:27.904980+00:00,2.2584877
2025-08-14 22:14:40.646011+00:00,2.2584882
2025-08-14 22:14:53.797246+00:00,2.2584879
2025-08-14 22:15:06.424907+00:00,2.2584872
2025-08-14 22:15:21.507890+00:00,2.258487
2025-08-14 22:15:39.474233+00:00,2.2584874
2025-08-14 22:15:45.541181+00:00,2.2584875
2025-08-14 22:15:57.705692+00:00,2.2584871
2025-08-14 22:16:10.957498+00:00,2.2584878
2025-08-14 22:16:23.375084+00:00,2.2584876
2025-08-14 22:16:36.475762+00:00,2.2584878
2025-08-14 22:16:49.064441+00:00,2.2584876
2025-08-14 22:17:02.804361+00:00,2.258487
2025-08-14 22:17:14.507945+00:00,2.2584869
2025-08-14 22:17:27.364779+00:00,2.2584873
2025-08-14 22:17:40.527832+00:00,2.2584875
2025-08-14 22:17:52.835139+00:00,2.2584873
2025-08-14 22:18:06.806773+00:00,2.2584872
2025-08-14 22:18:19.297549+00:00,2.2584871
2025-08-14 22:18:32.249949+00:00,2.2584876
2025-08-14 22:18:49.444772+00:00,2.2584869
2025-08-14 22:18:58.916754+00:00,2.2584876
2025-08-14 22:19:11.980439+00:00,2.2584878
2025-08-14 22:19:25.696396+00:00,2.258487
2025-08-14 22:19:38.439701+00:00,2.2584874
2025-08-14 22:19:54.385915+00:00,2.2584867
2025-08-14 22:20:05.666875+00:00,2.2584868
2025-08-14 22:20:22.582803+00:00,2.2584869
2025-08-14 22:20:33.019858+00:00,2.2584871
2025-08-14 22:20:44.994312+00:00,2.2584869
2025-08-14 22:20:58.666084+00:00,2.2584874
2025-08-14 22:21:11.893819+00:00,2.2584875
2025-08-14 22:21:24.140495+00:00,2.2584879
2025-08-14 22:21:37.344558+00:00,2.2584874
2025-08-14 22:21:50.969727+00:00,2.258487
2025-08-14 22:22:03.683787+00:00,2.258488
2025-08-14 22:22:16.764805+00:00,2.2584871
2025-08-14 22:22:29.154373+00:00,2.2584873
2025-08-14 22:22:41.849678+00:00,2.2584876
2025-08-14 22:22:54.974942+00:00,2.2584874
2025-08-14 22:23:07.655433+00:00,2.2584871
2025-08-14 22:23:20.067047+00:00,2.2584871
2025-08-14 22:23:33.027722+00:00,2.2584874
2025-08-14 22:23:48.188744+00:00,2.2584874
2025-08-14 22:23:58.523280+00:00,2.2584876
2025-08-14 22:24:11.936596+00:00,2.2584874
2025-08-14 22:24:23.874765+00:00,2.2584875
2025-08-14 22:24:36.798451+00:00,2.2584875
2025-08-14 22:24:50.201355+00:00,2.2584875
2025-08-14 22:25:03.120379+00:00,2.2584872
2025-08-14 22:25:15.706988+00:00,2.2584871
2025-08-14 22:25:30.114405+00:00,2.2584879
2025-08-14 22:25:42.554825+00:00,2.2584867
2025-08-14 22:25:53.996331+00:00,2.2584873
2025-08-14 22:26:07.927043+00:00,2.2584878
2025-08-14 22:26:19.805164+00:00,2.2584874
2025-08-14 22:26:32.942009+00:00,2.2584871
2025-08-14 22:26:45.046244+00:00,2.2584875
2025-08-14 22:27:03.082505+00:00,2.2584881
2025-08-14 22:27:10.725160+00:00,2.258488
2025-08-14 22:27:23.376575+00:00,2.2584872
2025-08-14 22:27:36.152759+00:00,2.2584869
2025-08-14 22:27:49.226021+00:00,2.2584872
2025-08-14 22:28:04.815574+00:00,2.2584877
2025-08-14 22:28:15.355813+00:00,2.2584876
2025-08-14 22:28:28.002715+00:00,2.2584877
2025-08-14 22:28:41.918745+00:00,2.2584873
2025-08-14 22:28:55.065563+00:00,2.2584864
2025-08-14 22:29:09.809790+00:00,2.2584871
2025-08-14 22:29:21.713971+00:00,2.2584872
2025-08-14 22:29:35.584068+00:00,2.258487
2025-08-14 22:29:48.554849+00:00,2.2584873
2025-08-14 22:30:03.099353+00:00,2.2584865
2025-08-14 22:30:17.003195+00:00,2.2584859
2025-08-14 22:30:29.062050+00:00,2.2584866
2025-08-14 22:30:41.809506+00:00,2.2584869
2025-08-14 22:30:54.808421+00:00,2.2584869
2025-08-14 22:31:13.661005+00:00,2.2584869
2025-08-14 22:31:21.273025+00:00,2.2584873
2025-08-14 22:31:34.374154+00:00,2.2584877
2025-08-14 22:31:47.930632+00:00,2.2584875
2025-08-14 22:32:00.877795+00:00,2.2584869
2025-08-14 22:32:19.265450+00:00,2.2584879
2025-08-14 22:32:26.397510+00:00,2.2584874
2025-08-14 22:32:39.399268+00:00,2.2584869
2025-08-14 22:32:53.094739+00:00,2.258487
2025-08-14 22:33:04.973454+00:00,2.2584881
2025-08-14 22:33:18.206960+00:00,2.2584877
2025-08-14 22:33:31.794982+00:00,2.2584871
2025-08-14 22:33:43.176672+00:00,2.2584877
2025-08-14 22:33:56.214024+00:00,2.2584872
2025-08-14 22:34:11.512866+00:00,2.2584868
2025-08-14 22:34:27.142192+00:00,2.2584868
2025-08-14 22:34:34.980260+00:00,2.2584873
2025-08-14 22:34:48.363486+00:00,2.2584876
2025-08-14 22:35:01.770172+00:00,2.258488
2025-08-14 22:35:14.704703+00:00,2.2584873
2025-08-14 22:35:27.019713+00:00,2.2584874
2025-08-14 22:35:39.347759+00:00,2.2584878
2025-08-14 22:35:51.961824+00:00,2.2584874
2025-08-14 22:36:04.937255+00:00,2.2584878
2025-08-14 22:36:17.883260+00:00,2.2584867
2025-08-14 22:36:30.482231+00:00,2.2584873
2025-08-14 22:36:43.287762+00:00,2.258487
2025-08-14 22:36:56.259373+00:00,2.2584869
2025-08-14 22:37:09.600562+00:00,2.2584873
2025-08-14 22:37:24.669276+00:00,2.2584871
2025-08-14 22:37:36.128769+00:00,2.2584875
2025-08-14 22:37:48.760034+00:00,2.2584879
2025-08-14 22:38:01.707506+00:00,2.2584876
2025-08-14 22:38:33.517495+00:00,2.2584877
2025-08-14 22:38:41.734666+00:00,2.2584862
2025-08-14 22:38:55.219792+00:00,2.2584871
2025-08-14 22:39:08.614965+00:00,2.2584862
2025-08-14 22:39:21.983468+00:00,2.2584865
2025-08-14 22:39:35.778429+00:00,2.2584863
2025-08-14 22:39:48.130825+00:00,2.2584869
2025-08-14 22:40:01.432470+00:00,2.2584871
2025-08-14 22:40:19.635814+00:00,2.2584865
2025-08-14 22:40:29.204718+00:00,2.2584863
2025-08-14 22:40:53.148045+00:00,2.2584872
2025-08-14 22:41:06.414853+00:00,2.2584875
2025-08-14 22:41:20.535305+00:00,2.2584864
2025-08-14 22:41:32.269941+00:00,2.2584874
2025-08-14 22:41:45.108654+00:00,2.2584873
2025-08-14 22:41:57.745262+00:00,2.2584876
2025-08-14 22:42:11.536825+00:00,2.2584869
2025-08-14 22:42:23.679841+00:00,2.2584874
2025-08-14 22:42:36.481689+00:00,2.258488
2025-08-14 22:42:49.303205+00:00,2.2584877
2025-08-14 22:43:02.503685+00:00,2.2584868
2025-08-14 22:43:15.412591+00:00,2.2584872
2025-08-14 22:43:28.203478+00:00,2.2584877
2025-08-14 22:43:41.769023+00:00,2.2584876
2025-08-14 22:43:54.496092+00:00,2.258487
2025-08-14 22:44:07.508914+00:00,2.2584879
2025-08-14 22:44:20.178892+00:00,2.2584877
2025-08-14 22:44:33.040078+00:00,2.2584869
2025-08-14 22:44:49.771255+00:00,2.2584869
2025-08-14 22:44:58.657001+00:00,2.2584874
2025-08-14 22:45:24.296949+00:00,2.258488
2025-08-14 22:45:37.019968+00:00,2.2584875
2025-08-14 22:45:50.601204+00:00,2.2584877
2025-08-14 22:46:02.908098+00:00,2.2584874
2025-08-14 22:46:17.530626+00:00,2.2584864
2025-08-14 22:46:28.886752+00:00,2.2584864
2025-08-14 22:46:42.467111+00:00,2.2584868
2025-08-14 22:46:55.676269+00:00,2.2584871
2025-08-14 22:47:08.936647+00:00,2.2584862
2025-08-14 22:47:22.104285+00:00,2.2584862
2025-08-14 22:47:35.707281+00:00,2.2584875
2025-08-14 22:47:53.178163+00:00,2.2584869
2025-08-14 22:48:02.568194+00:00,2.2584879
2025-08-14 22:48:15.619817+00:00,2.2584869
2025-08-14 22:48:31.832008+00:00,2.2584868
2025-08-14 22:48:42.010865+00:00,2.2584874
2025-08-14 22:48:55.788634+00:00,2.2584871
2025-08-14 22:49:08.833515+00:00,2.2584869
2025-08-14 22:49:21.431292+00:00,2.2584871
2025-08-14 22:49:34.168926+00:00,2.2584878
2025-08-14 22:49:47.649651+00:00,2.2584874
2025-08-14 22:50:00.456557+00:00,2.2584873
2025-08-14 22:50:13.966372+00:00,2.2584879
2025-08-14 22:50:26.956235+00:00,2.2584873
2025-08-14 22:50:40.221159+00:00,2.2584874
2025-08-14 22:50:57.902025+00:00,2.2584867
2025-08-14 22:51:04.723073+00:00,2.258487
2025-08-14 22:51:17.780376+00:00,2.2584866
2025-08-14 22:51:30.321804+00:00,2.258487
2025-08-14 22:51:43.335715+00:00,2.2584873
2025-08-14 22:51:56.160302+00:00,2.2584875
2025-08-14 22:52:09.154859+00:00,2.258487
2025-08-14 22:52:22.067341+00:00,2.2584874
2025-08-14 22:52:34.955677+00:00,2.2584878
2025-08-14 22:52:47.977356+00:00,2.2584878
2025-08-14 22:53:01.601842+00:00,2.2584873
2025-08-14 22:53:14.461797+00:00,2.2584875
2025-08-14 22:53:28.285684+00:00,2.2584876
2025-08-14 22:53:38.866437+00:00,2.258487
2025-08-14 22:53:51.539757+00:00,2.2584875
2025-08-14 22:54:04.794040+00:00,2.2584874
2025-08-14 22:54:18.753089+00:00,2.2584869
2025-08-14 22:54:31.223492+00:00,2.2584877
2025-08-14 22:54:43.815956+00:00,2.2584872
2025-08-14 22:54:56.267636+00:00,2.2584865
2025-08-14 22:55:11.206423+00:00,2.2584874
2025-08-14 22:55:23.205199+00:00,2.2584867
2025-08-14 22:55:36.093316+00:00,2.2584875
2025-08-14 22:55:49.453132+00:00,2.258487
2025-08-14 22:56:19.859811+00:00,2.2584873
2025-08-14 22:56:29.396690+00:00,2.2584874
2025-08-14 22:56:43.002386+00:00,2.258486
2025-08-14 22:56:56.213988+00:00,2.2584866
2025-08-14 22:57:09.746586+00:00,2.2584858
2025-08-14 22:57:22.822071+00:00,2.2584875
2025-08-14 22:57:36.081035+00:00,2.258487
2025-08-14 22:57:49.165304+00:00,2.2584865
2025-08-14 22:58:03.311722+00:00,2.2584875
2025-08-14 22:58:16.328265+00:00,2.2584875
2025-08-14 22:58:28.554351+00:00,2.2584877
2025-08-14 22:58:41.710426+00:00,2.2584866
2025-08-14 22:58:54.364296+00:00,2.2584878
2025-08-14 22:59:08.470220+00:00,2.2584871
2025-08-14 22:59:21.892685+00:00,2.2584875
2025-08-14 22:59:33.576287+00:00,2.258487
2025-08-14 22:59:46.111409+00:00,2.2584875
2025-08-14 22:59:58.678840+00:00,2.2584877
2025-08-14 23:00:11.785892+00:00,2.2584878
2025-08-14 23:00:27.023862+00:00,2.2584876
2025-08-14 23:00:39.368729+00:00,2.2584872
2025-08-14 23:00:49.996451+00:00,2.258487
2025-08-14 23:01:04.232138+00:00,2.2584874
2025-08-14 23:01:16.499321+00:00,2.2584872
2025-08-14 23:01:29.428155+00:00,2.2584877
2025-08-14 23:01:41.493224+00:00,2.2584874
2025-08-14 23:01:54.782536+00:00,2.2584877
2025-08-14 23:02:07.806347+00:00,2.2584881
2025-08-14 23:02:20.514843+00:00,2.2584875
2025-08-14 23:02:33.357978+00:00,2.2584868
2025-08-14 23:02:46.132946+00:00,2.2584877
2025-08-14 23:02:58.982559+00:00,2.2584876
2025-08-14 23:03:11.324815+00:00,2.2584871
2025-08-14 23:03:23.856427+00:00,2.2584878
2025-08-14 23:03:36.597175+00:00,2.258488
2025-08-14 23:04:02.733027+00:00,2.2584873
2025-08-14 23:04:15.751864+00:00,2.258487
2025-08-14 23:04:28.838450+00:00,2.2584864
2025-08-14 23:04:41.703770+00:00,2.2584877
2025-08-14 23:04:55.833259+00:00,2.2584863
2025-08-14 23:05:11.363370+00:00,2.258487
2025-08-14 23:05:22.057028+00:00,2.2584869
2025-08-14 23:05:36.745778+00:00,2.2584861
2025-08-14 23:05:48.734035+00:00,2.2584861
2025-08-14 23:06:02.483507+00:00,2.2584879
2025-08-14 23:06:17.639912+00:00,2.2584866
2025-08-14 23:06:28.205095+00:00,2.2584869
2025-08-14 23:06:41.813482+00:00,2.2584859
2025-08-14 23:06:54.406001+00:00,2.2584873
2025-08-14 23:07:07.796365+00:00,2.2584877
2025-08-14 23:07:20.659883+00:00,2.2584879
2025-08-14 23:07:34.131001+00:00,2.2584869
2025-08-14 23:07:47.371395+00:00,2.2584875
2025-08-14 23:08:00.944375+00:00,2.258488
2025-08-14 23:08:12.970007+00:00,2.2584876
2025-08-14 23:08:25.477367+00:00,2.2584877
2025-08-14 23:08:39.170949+00:00,2.2584881
2025-08-14 23:08:51.067250+00:00,2.2584874
2025-08-14 23:09:04.060302+00:00,2.2584875
2025-08-14 23:09:16.685555+00:00,2.2584873
2025-08-14 23:09:42.283163+00:00,2.258488
2025-08-14 23:09:55.130358+00:00,2.2584878
2025-08-14 23:10:10.493148+00:00,2.2584878
2025-08-14 23:10:21.017350+00:00,2.2584871
2025-08-14 23:10:34.441487+00:00,2.2584874
2025-08-14 23:10:47.332179+00:00,2.2584876
2025-08-14 23:10:59.582702+00:00,2.2584874
2025-08-14 23:11:12.639182+00:00,2.2584877
2025-08-14 23:11:25.380117+00:00,2.2584879
2025-08-14 23:11:38.146394+00:00,2.2584869
2025-08-14 23:11:51.249921+00:00,2.2584872
2025-08-14 23:12:03.915950+00:00,2.2584878
2025-08-14 23:12:16.853137+00:00,2.2584879
2025-08-14 23:12:30.037668+00:00,2.2584866
2025-08-14 23:12:42.305566+00:00,2.258487
2025-08-14 23:12:56.390056+00:00,2.2584876
2025-08-14 23:13:08.322451+00:00,2.2584879
2025-08-14 23:13:22.292236+00:00,2.2584873
2025-08-14 23:13:34.329936+00:00,2.258487
2025-08-14 23:13:47.486743+00:00,2.2584871
2025-08-14 23:14:01.169189+00:00,2.2584859
2025-08-14 23:14:14.998829+00:00,2.258487
2025-08-14 23:14:41.010859+00:00,2.2584873
2025-08-14 23:14:54.663904+00:00,2.2584866
2025-08-14 23:15:08.074708+00:00,2.2584869
2025-08-14 23:15:22.516198+00:00,2.2584869
2025-08-14 23:15:34.819296+00:00,2.2584863
2025-08-14 23:15:47.998033+00:00,2.2584867
2025-08-14 23:16:01.155722+00:00,2.2584871
2025-08-14 23:16:13.969791+00:00,2.2584882
2025-08-14 23:16:26.784330+00:00,2.2584875
2025-08-14 23:16:39.885074+00:00,2.2584869
2025-08-14 23:16:53.759629+00:00,2.258487
2025-08-14 23:17:09.397724+00:00,2.2584864
2025-08-14 23:17:19.009775+00:00,2.2584872
2025-08-14 23:17:32.630744+00:00,2.2584872
2025-08-14 23:17:49.262984+00:00,2.258488
2025-08-14 23:17:58.846098+00:00,2.2584874
2025-08-14 23:18:10.571565+00:00,2.2584876
2025-08-14 23:18:23.036279+00:00,2.2584879
2025-08-14 23:18:35.786344+00:00,2.2584872
2025-08-14 23:18:48.997987+00:00,2.2584872
2025-08-14 23:19:01.819331+00:00,2.258487
2025-08-14 23:19:14.586482+00:00,2.2584874
2025-08-14 23:19:27.530172+00:00,2.2584872
2025-08-14 23:19:43.159345+00:00,2.2584877
2025-08-14 23:19:54.152662+00:00,2.2584869
2025-08-14 23:20:06.654830+00:00,2.2584877
2025-08-14 23:20:19.630777+00:00,2.2584869
2025-08-14 23:20:31.993254+00:00,2.2584873
2025-08-14 23:20:44.551036+00:00,2.2584879
2025-08-14 23:20:57.841631+00:00,2.2584872
2025-08-14 23:21:24.301180+00:00,2.2584873
2025-08-14 23:21:36.382593+00:00,2.2584868
2025-08-14 23:21:48.744288+00:00,2.2584879
2025-08-14 23:22:01.905199+00:00,2.2584872
2025-08-14 23:22:14.527265+00:00,2.2584882
2025-08-14 23:22:31.981961+00:00,2.2584867
2025-08-14 23:22:40.745293+00:00,2.2584877
2025-08-14 23:22:53.839733+00:00,2.2584868
2025-08-14 23:23:07.839571+00:00,2.2584872
2025-08-14 23:23:21.292109+00:00,2.2584865
2025-08-14 23:23:47.894271+00:00,2.2584876
2025-08-14 23:24:03.119420+00:00,2.2584874
2025-08-14 23:24:14.339633+00:00,2.2584864
2025-08-14 23:24:29.946515+00:00,2.2584869
2025-08-14 23:24:40.273880+00:00,2.2584868
2025-08-14 23:24:53.296239+00:00,2.2584873
2025-08-14 23:25:07.098016+00:00,2.2584874
2025-08-14 23:25:20.312554+00:00,2.2584873
2025-08-14 23:25:32.667370+00:00,2.2584877
2025-08-14 23:25:46.822841+00:00,2.2584861
2025-08-14 23:25:58.450641+00:00,2.2584872
2025-08-14 23:26:18.672425+00:00,2.2584878
2025-08-14 23:26:25.211952+00:00,2.258487
2025-08-14 23:26:37.791414+00:00,2.2584876
2025-08-14 23:26:49.443782+00:00,2.2584878
2025-08-14 23:27:02.544863+00:00,2.2584874
2025-08-14 23:27:15.276275+00:00,2.258488
2025-08-14 23:27:28.257279+00:00,2.2584872
2025-08-14 23:27:40.967580+00:00,2.2584872
2025-08-14 23:27:54.078504+00:00,2.2584872
2025-08-14 23:28:08.302834+00:00,2.2584859
2025-08-14 23:28:19.868189+00:00,2.258488
2025-08-14 23:28:33.262693+00:00,2.258487
2025-08-14 23:28:46.094034+00:00,2.2584873
2025-08-14 23:29:13.050386+00:00,2.258488
2025-08-14 23:29:24.265352+00:00,2.2584869
2025-08-14 23:29:37.538818+00:00,2.2584869
2025-08-14 23:29:50.658250+00:00,2.2584867
2025-08-14 23:30:02.550586+00:00,2.2584881
2025-08-14 23:30:16.859409+00:00,2.2584871
2025-08-14 23:30:28.018697+00:00,2.2584875
2025-08-14 23:30:44.948319+00:00,2.2584879
2025-08-14 23:30:53.752158+00:00,2.2584874
2025-08-14 23:31:06.816395+00:00,2.2584874
2025-08-14 23:31:32.972777+00:00,2.2584875
2025-08-14 23:31:46.457203+00:00,2.2584866
2025-08-14 23:32:02.997747+00:00,2.2584877
2025-08-14 23:32:13.470113+00:00,2.258486
2025-08-14 23:32:25.743042+00:00,2.2584866
2025-08-14 23:32:40.398455+00:00,2.2584874
2025-08-14 23:32:52.301155+00:00,2.2584868
2025-08-14 23:33:06.547655+00:00,2.2584872
2025-08-14 23:33:19.227054+00:00,2.2584871
2025-08-14 23:33:34.138682+00:00,2.2584871
2025-08-14 23:33:46.562210+00:00,2.2584867
2025-08-14 23:33:57.798204+00:00,2.258488
2025-08-14 23:34:11.720121+00:00,2.2584873
2025-08-14 23:34:25.328862+00:00,2.2584871
2025-08-14 23:34:37.735519+00:00,2.2584872
2025-08-14 23:34:50.662646+00:00,2.2584882
2025-08-14 23:35:03.422540+00:00,2.2584876
2025-08-14 23:35:16.408477+00:00,2.2584864
2025-08-14 23:35:29.576662+00:00,2.2584883
2025-08-14 23:35:42.034600+00:00,2.2584879
2025-08-14 23:35:55.807119+00:00,2.2584868
2025-08-14 23:36:07.533761+00:00,2.2584873
2025-08-14 23:36:22.511151+00:00,2.2584873
2025-08-14 23:36:33.152666+00:00,2.2584876
2025-08-14 23:36:46.526081+00:00,2.2584876
2025-08-14 23:36:59.540278+00:00,2.2584877
2025-08-14 23:37:26.158636+00:00,2.2584871
2025-08-14 23:37:37.472590+00:00,2.258487
2025-08-14 23:37:50.465559+00:00,2.2584874
2025-08-14 23:38:03.388274+00:00,2.2584874
2025-08-14 23:38:16.766913+00:00,2.2584873
2025-08-14 23:38:33.059259+00:00,2.2584869
2025-08-14 23:38:42.299437+00:00,2.2584872
2025-08-14 23:38:54.902584+00:00,2.2584865
2025-08-14 23:39:07.937394+00:00,2.2584869
2025-08-14 23:39:20.597328+00:00,2.2584874
2025-08-14 23:39:33.479512+00:00,2.2584878
2025-08-14 23:39:46.406444+00:00,2.2584867
2025-08-14 23:39:58.997946+00:00,2.2584866
2025-08-14 23:40:12.124202+00:00,2.2584873
2025-08-14 23:40:26.017754+00:00,2.2584873
2025-08-14 23:40:39.844150+00:00,2.2584869
2025-08-14 23:40:51.326420+00:00,2.2584864
2025-08-14 23:41:04.559035+00:00,2.2584863
2025-08-14 23:41:17.810395+00:00,2.2584866
2025-08-14 23:41:31.042977+00:00,2.2584877
2025-08-14 23:41:45.011828+00:00,2.258487
2025-08-14 23:41:57.954686+00:00,2.2584876
2025-08-14 23:42:12.485719+00:00,2.2584869
2025-08-14 23:42:24.935743+00:00,2.2584864
2025-08-14 23:42:37.248115+00:00,2.2584877
2025-08-14 23:42:51.151711+00:00,2.2584868
2025-08-14 23:43:03.809610+00:00,2.2584862
2025-08-14 23:43:17.139942+00:00,2.2584872
2025-08-14 23:43:44.789491+00:00,2.2584872
2025-08-14 23:43:57.096614+00:00,2.2584873
2025-08-14 23:44:10.014219+00:00,2.258487
2025-08-14 23:44:24.722659+00:00,2.2584868
2025-08-14 23:44:35.544883+00:00,2.2584871
2025-08-14 23:44:48.621388+00:00,2.258487
2025-08-14 23:45:01.417498+00:00,2.2584872
2025-08-14 23:45:14.562946+00:00,2.2584878
2025-08-14 23:45:26.785718+00:00,2.2584873
2025-08-14 23:45:41.891147+00:00,2.2584874
2025-08-14 23:45:52.085391+00:00,2.2584882
2025-08-14 23:46:05.973656+00:00,2.2584876
2025-08-14 23:46:19.863457+00:00,2.2584873
2025-08-14 23:46:33.167354+00:00,2.2584874
2025-08-14 23:46:43.765884+00:00,2.2584881
2025-08-14 23:46:56.499951+00:00,2.2584871
2025-08-14 23:47:09.552021+00:00,2.2584868
2025-08-14 23:47:22.327372+00:00,2.2584874
2025-08-14 23:47:35.320500+00:00,2.2584878
2025-08-14 23:47:49.482615+00:00,2.2584873
2025-08-14 23:48:00.556257+00:00,2.2584873
2025-08-14 23:48:13.727124+00:00,2.2584877
2025-08-14 23:48:26.428438+00:00,2.258488
2025-08-14 23:48:39.520977+00:00,2.2584866
2025-08-14 23:48:52.812072+00:00,2.2584866
2025-08-14 23:49:06.998912+00:00,2.2584869
2025-08-14 23:49:18.689330+00:00,2.2584871
2025-08-14 23:49:31.528509+00:00,2.2584874
2025-08-14 23:49:44.896448+00:00,2.2584863
2025-08-14 23:49:58.120765+00:00,2.2584871
2025-08-14 23:50:11.638283+00:00,2.2584875
2025-08-14 23:50:38.420463+00:00,2.2584862
2025-08-14 23:50:51.802106+00:00,2.2584869
2025-08-14 23:51:05.245262+00:00,2.2584865
2025-08-14 23:51:18.593773+00:00,2.2584876
2025-08-14 23:51:31.792460+00:00,2.2584865
2025-08-14 23:51:44.651142+00:00,2.2584877
2025-08-14 23:51:58.708100+00:00,2.2584872
2025-08-14 23:52:10.999327+00:00,2.2584864
2025-08-14 23:52:23.941433+00:00,2.2584865
2025-08-14 23:52:50.154472+00:00,2.2584878
2025-08-14 23:53:20.427664+00:00,2.2584858
2025-08-14 23:53:29.553796+00:00,2.2584875
2025-08-14 23:53:43.214648+00:00,2.2584882
2025-08-14 23:53:55.723823+00:00,2.258487
2025-08-14 23:54:12.746633+00:00,2.2584877
2025-08-14 23:54:20.592864+00:00,2.2584878
2025-08-14 23:54:34.039077+00:00,2.2584868
2025-08-14 23:54:48.086597+00:00,2.2584872
2025-08-14 23:54:58.824795+00:00,2.2584872
2025-08-14 23:55:12.080703+00:00,2.2584873
2025-08-14 23:55:25.285474+00:00,2.2584872
2025-08-14 23:55:37.749401+00:00,2.2584863
2025-08-14 23:55:50.070460+00:00,2.2584875
2025-08-14 23:56:04.510346+00:00,2.2584868
2025-08-14 23:56:16.319348+00:00,2.2584875
2025-08-14 23:56:28.789900+00:00,2.2584877
2025-08-14 23:56:41.685333+00:00,2.2584876
2025-08-14 23:57:07.293540+00:00,2.2584872
2025-08-14 23:57:19.925131+00:00,2.258487
2025-08-14 23:57:33.176598+00:00,2.2584879
2025-08-14 23:57:45.561919+00:00,2.2584874
2025-08-14 23:57:58.358329+00:00,2.258487
2025-08-14 23:58:24.053840+00:00,2.2584871
2025-08-14 23:58:37.327899+00:00,2.2584877
2025-08-14 23:58:51.822020+00:00,2.2584864
2025-08-14 23:59:03.998460+00:00,2.2584872
2025-08-14 23:59:18.141438+00:00,2.2584876
2025-08-14 23:59:34.576472+00:00,2.2584863
