time,counts_ratio
2025-01-10 00:00:02.130836+00:00,2.2584883
2025-01-10 00:02:55.816582+00:00,2.2584883
2025-01-10 00:03:06.733079+00:00,2.2584884
2025-01-10 00:03:20.799499+00:00,2.2584879
2025-01-10 00:03:57.721344+00:00,2.2584878
2025-01-10 00:04:49.114220+00:00,2.2584875
2025-01-10 00:05:01.601071+00:00,2.2584871
2025-01-10 00:05:15.078343+00:00,2.2584883
2025-01-10 00:05:26.987221+00:00,2.2584883
2025-01-10 00:05:40.026825+00:00,2.2584875
2025-01-10 00:05:52.644120+00:00,2.2584875
2025-01-10 00:06:18.279703+00:00,2.2584882
2025-01-10 00:06:45.055317+00:00,2.2584879
2025-01-10 00:08:01.987726+00:00,2.2584877
2025-01-10 00:08:13.765535+00:00,2.2584877
2025-01-10 00:08:25.404043+00:00,2.2584875
2025-01-10 00:08:52.466123+00:00,2.2584878
2025-01-10 00:09:08.024256+00:00,2.2584876
2025-01-10 00:09:16.673814+00:00,2.258488
2025-01-10 00:09:29.202559+00:00,2.2584883
2025-01-10 00:09:41.558240+00:00,2.2584882
2025-01-10 00:09:55.003813+00:00,2.2584883
2025-01-10 00:12:35.463355+00:00,2.2584884
2025-01-10 00:12:46.272792+00:00,2.2584884
2025-01-10 00:13:11.974469+00:00,2.2584881
2025-01-10 00:13:23.924541+00:00,2.2584883
2025-01-10 00:13:36.582572+00:00,2.2584883
2025-01-10 00:13:49.792353+00:00,2.2584883
2025-01-10 00:14:14.798944+00:00,2.2584879
2025-01-10 00:14:27.804253+00:00,2.258488
2025-01-10 00:14:40.597411+00:00,2.2584883
2025-01-10 00:14:53.281473+00:00,2.2584884
2025-01-10 00:15:31.681845+00:00,2.2584883
2025-01-10 00:15:44.738269+00:00,2.2584874
2025-01-10 00:15:57.119120+00:00,2.2584882
2025-01-10 00:16:10.173629+00:00,2.2584878
2025-01-10 00:16:22.540876+00:00,2.2584876
2025-01-10 00:17:01.119905+00:00,2.2584884
2025-01-10 00:17:13.942905+00:00,2.2584878
2025-01-10 00:17:39.271269+00:00,2.2584884
2025-01-10 00:17:51.969355+00:00,2.2584879
2025-01-10 00:18:04.595412+00:00,2.2584882
2025-01-10 00:18:18.132313+00:00,2.2584884
2025-01-10 00:18:29.801646+00:00,2.2584874
2025-01-10 00:18:42.552999+00:00,2.2584881
2025-01-10 00:19:08.159843+00:00,2.2584884
2025-01-10 00:19:33.637335+00:00,2.2584881
2025-01-10 00:19:46.701095+00:00,2.2584877
2025-01-10 00:19:59.890200+00:00,2.2584883
2025-01-10 00:23:17.105735+00:00,2.2584879
2025-01-10 00:23:34.980069+00:00,2.2584881
2025-01-10 00:24:08.495133+00:00,2.2584876
2025-01-10 00:24:34.302318+00:00,2.2584879
2025-01-10 00:24:46.969540+00:00,2.2584878
2025-01-10 00:25:15.997474+00:00,2.2584882
2025-01-10 00:25:25.352963+00:00,2.2584881
2025-01-10 00:25:50.395187+00:00,2.2584875
2025-01-10 00:26:03.767046+00:00,2.2584883
2025-01-10 00:26:16.249928+00:00,2.2584881
2025-01-10 00:26:41.857291+00:00,2.2584876
2025-01-10 00:26:54.150695+00:00,2.2584882
2025-01-10 00:27:32.831349+00:00,2.2584882
2025-01-10 00:27:58.041710+00:00,2.2584884
2025-01-10 00:28:11.807259+00:00,2.2584871
2025-01-10 00:28:24.185879+00:00,2.2584881
2025-01-10 00:28:48.856411+00:00,2.2584877
2025-01-10 00:29:01.754928+00:00,2.2584879
2025-01-10 00:29:26.924446+00:00,2.2584883
2025-01-10 00:29:39.198750+00:00,2.2584878
2025-01-10 00:30:04.576404+00:00,2.2584876
2025-01-10 00:30:42.761055+00:00,2.2584875
2025-01-10 00:38:53.700217+00:00,2.2584881
2025-01-10 00:39:14.638834+00:00,2.258488
2025-01-10 00:39:19.325753+00:00,2.2584882
2025-01-10 00:39:44.581583+00:00,2.2584881
2025-01-10 00:40:24.680915+00:00,2.2584879
2025-01-10 00:40:36.738945+00:00,2.2584879
2025-01-10 00:40:48.680475+00:00,2.2584881
2025-01-10 00:41:13.545302+00:00,2.2584883
2025-01-10 00:41:39.745666+00:00,2.2584882
2025-01-10 00:44:30.928907+00:00,2.2584881
2025-01-10 00:44:43.732631+00:00,2.2584878
2025-01-10 00:44:57.478699+00:00,2.2584874
2025-01-10 00:45:09.334518+00:00,2.2584881
2025-01-10 00:45:21.838353+00:00,2.2584871
2025-01-10 00:45:34.796379+00:00,2.2584874
2025-01-10 00:45:48.328751+00:00,2.2584878
2025-01-10 00:46:00.205832+00:00,2.2584875
2025-01-10 00:46:16.696828+00:00,2.2584878
2025-01-10 00:46:25.969098+00:00,2.2584884
2025-01-10 00:46:38.602125+00:00,2.2584882
2025-01-10 00:46:51.392686+00:00,2.2584877
2025-01-10 00:47:07.047832+00:00,2.2584875
2025-01-10 00:47:29.811015+00:00,2.2584877
2025-01-10 00:47:55.599595+00:00,2.258487
2025-01-10 00:48:10.073216+00:00,2.2584882
2025-01-10 00:48:21.142028+00:00,2.258487
2025-01-10 00:48:34.281368+00:00,2.2584879
2025-01-10 00:48:46.977225+00:00,2.258488
2025-01-10 00:48:59.403438+00:00,2.2584873
2025-01-10 00:49:12.259298+00:00,2.2584881
2025-01-10 00:49:24.879967+00:00,2.2584873
2025-01-10 00:49:39.585565+00:00,2.2584871
2025-01-10 00:49:49.668569+00:00,2.258488
2025-01-10 00:50:02.681475+00:00,2.2584873
2025-01-10 00:50:27.846756+00:00,2.2584879
2025-01-10 00:50:43.724268+00:00,2.2584876
2025-01-10 00:50:52.958374+00:00,2.258488
2025-01-10 00:51:05.943879+00:00,2.2584875
2025-01-10 00:51:18.646869+00:00,2.2584873
2025-01-10 00:51:31.881010+00:00,2.2584878
2025-01-10 00:54:10.171224+00:00,2.2584882
2025-01-10 00:54:24.182695+00:00,2.258488
2025-01-10 00:54:49.184755+00:00,2.2584873
2025-01-10 00:55:01.606909+00:00,2.2584877
2025-01-10 00:55:14.149780+00:00,2.258488
2025-01-10 00:55:26.876519+00:00,2.2584881
2025-01-10 00:55:52.576859+00:00,2.2584872
2025-01-10 00:56:06.050336+00:00,2.2584882
2025-01-10 00:56:18.320896+00:00,2.2584878
2025-01-10 00:56:31.191530+00:00,2.2584876
2025-01-10 00:56:57.244240+00:00,2.2584873
2025-01-10 00:57:13.863818+00:00,2.2584883
2025-01-10 00:57:22.120291+00:00,2.2584875
2025-01-10 00:57:47.474041+00:00,2.2584871
2025-01-10 00:57:59.964468+00:00,2.2584884
2025-01-10 00:58:12.907582+00:00,2.2584881
2025-01-10 00:58:28.145294+00:00,2.2584878
2025-01-10 00:58:38.478440+00:00,2.258488
2025-01-10 00:58:52.049186+00:00,2.2584876
2025-01-10 00:59:04.449159+00:00,2.2584871
2025-01-10 00:59:17.177516+00:00,2.2584883
2025-01-10 00:59:42.754807+00:00,2.2584876
2025-01-10 00:59:55.043367+00:00,2.2584876
2025-01-10 01:00:08.955539+00:00,2.258488
2025-01-10 01:00:20.661140+00:00,2.2584883
2025-01-10 01:00:33.201079+00:00,2.2584879
2025-01-10 01:00:45.980425+00:00,2.2584872
2025-01-10 01:00:58.372795+00:00,2.2584877
2025-01-10 01:01:11.256727+00:00,2.2584878
2025-01-10 01:01:24.331738+00:00,2.2584875
2025-01-10 01:01:36.465885+00:00,2.258488
2025-01-10 01:01:49.553487+00:00,2.258488
2025-01-10 01:02:02.305510+00:00,2.2584877
2025-01-10 01:04:28.076124+00:00,2.2584876
2025-01-10 01:04:40.945242+00:00,2.2584873
2025-01-10 01:04:53.925398+00:00,2.2584876
2025-01-10 01:05:06.811017+00:00,2.2584879
2025-01-10 01:05:19.815156+00:00,2.2584874
2025-01-10 01:05:32.193246+00:00,2.2584874
2025-01-10 01:05:44.663863+00:00,2.2584879
2025-01-10 01:05:58.879591+00:00,2.2584881
2025-01-10 01:06:10.344475+00:00,2.2584877
2025-01-10 01:06:22.688359+00:00,2.2584881
2025-01-10 01:06:35.520063+00:00,2.2584877
2025-01-10 01:06:48.367720+00:00,2.2584874
2025-01-10 01:07:01.077595+00:00,2.2584875
2025-01-10 01:07:14.151474+00:00,2.2584878
2025-01-10 01:07:26.858996+00:00,2.2584879
2025-01-10 01:07:39.401068+00:00,2.2584879
2025-01-10 01:07:52.106425+00:00,2.258488
2025-01-10 01:08:07.202276+00:00,2.2584884
2025-01-10 01:08:19.435294+00:00,2.2584884
2025-01-10 01:08:30.755221+00:00,2.2584876
2025-01-10 01:08:56.101512+00:00,2.2584878
2025-01-10 01:09:08.890698+00:00,2.2584873
2025-01-10 01:09:21.934791+00:00,2.2584872
2025-01-10 01:09:34.341738+00:00,2.2584872
2025-01-10 01:09:47.620103+00:00,2.2584878
2025-01-10 01:10:01.969793+00:00,2.258488
2025-01-10 01:10:13.093588+00:00,2.2584878
2025-01-10 01:10:32.873211+00:00,2.2584882
2025-01-10 01:10:38.830330+00:00,2.2584881
2025-01-10 01:10:50.718953+00:00,2.2584874
2025-01-10 01:11:03.279698+00:00,2.2584879
2025-01-10 01:11:16.450278+00:00,2.2584884
2025-01-10 01:11:28.912770+00:00,2.2584877
2025-01-10 01:11:54.544662+00:00,2.2584876
2025-01-10 01:12:07.265707+00:00,2.2584872
2025-01-10 01:12:19.399450+00:00,2.258488
2025-01-10 01:12:32.640826+00:00,2.2584884
2025-01-10 01:12:58.253310+00:00,2.2584881
2025-01-10 01:15:23.801466+00:00,2.2584881
2025-01-10 01:15:38.241464+00:00,2.2584883
2025-01-10 01:15:49.422300+00:00,2.2584879
2025-01-10 01:16:02.339384+00:00,2.2584873
2025-01-10 01:16:14.898918+00:00,2.2584877
2025-01-10 01:16:41.490503+00:00,2.2584878
2025-01-10 01:17:09.943547+00:00,2.2584883
2025-01-10 01:17:19.082383+00:00,2.2584875
2025-01-10 01:17:32.876430+00:00,2.258488
2025-01-10 01:17:45.595420+00:00,2.2584877
2025-01-10 01:18:12.041936+00:00,2.2584882
2025-01-10 01:19:27.765952+00:00,2.2584871
2025-01-10 01:19:39.480555+00:00,2.2584873
2025-01-10 01:19:52.197757+00:00,2.258488
2025-01-10 01:20:05.223308+00:00,2.2584874
2025-01-10 01:20:43.186250+00:00,2.2584879
2025-01-10 01:20:56.047412+00:00,2.2584884
2025-01-10 01:21:21.500667+00:00,2.2584881
2025-01-10 01:21:35.039196+00:00,2.258488
2025-01-10 01:21:50.508384+00:00,2.2584876
2025-01-10 01:21:59.206377+00:00,2.2584872
2025-01-10 01:22:12.513269+00:00,2.2584878
2025-01-10 01:22:25.212326+00:00,2.2584875
2025-01-10 01:22:51.199529+00:00,2.2584879
2025-01-10 01:25:29.524166+00:00,2.2584884
2025-01-10 01:25:42.514497+00:00,2.258488
2025-01-10 01:25:55.257340+00:00,2.258488
2025-01-10 01:26:10.924358+00:00,2.2584871
2025-01-10 01:26:20.680220+00:00,2.2584873
2025-01-10 01:26:34.049868+00:00,2.2584872
2025-01-10 01:26:58.736938+00:00,2.2584882
2025-01-10 01:27:12.104920+00:00,2.2584876
2025-01-10 01:27:37.075017+00:00,2.2584876
2025-01-10 01:28:02.872848+00:00,2.2584878
2025-01-10 01:28:15.498518+00:00,2.2584879
2025-01-10 01:28:28.149109+00:00,2.2584874
2025-01-10 01:28:53.634313+00:00,2.2584884
2025-01-10 01:29:07.318176+00:00,2.2584877
2025-01-10 01:29:19.182978+00:00,2.2584875
2025-01-10 01:29:32.485328+00:00,2.2584872
2025-01-10 01:29:44.789264+00:00,2.2584878
2025-01-10 01:29:57.745593+00:00,2.2584882
2025-01-10 01:30:23.347492+00:00,2.2584881
2025-01-10 01:30:35.855781+00:00,2.2584877
2025-01-10 01:30:48.538228+00:00,2.2584873
2025-01-10 01:31:01.050503+00:00,2.2584874
2025-01-10 01:31:13.838253+00:00,2.2584883
2025-01-10 01:31:26.323823+00:00,2.2584874
2025-01-10 01:31:38.928448+00:00,2.2584877
2025-01-10 01:31:51.548756+00:00,2.2584868
2025-01-10 01:32:05.720161+00:00,2.2584871
2025-01-10 01:32:17.549037+00:00,2.2584879
2025-01-10 01:32:30.572135+00:00,2.2584879
2025-01-10 01:32:42.778761+00:00,2.2584883
2025-01-10 01:32:55.654806+00:00,2.2584878
2025-01-10 01:34:28.688205+00:00,2.2584882
2025-01-10 01:34:41.828326+00:00,2.258488
2025-01-10 01:35:08.206502+00:00,2.2584877
2025-01-10 01:35:21.210404+00:00,2.2584876
2025-01-10 01:35:33.758938+00:00,2.2584872
2025-01-10 01:35:47.298505+00:00,2.2584877
2025-01-10 01:35:59.199248+00:00,2.2584876
2025-01-10 01:36:11.652952+00:00,2.2584876
2025-01-10 01:36:24.753184+00:00,2.2584884
2025-01-10 01:36:39.153597+00:00,2.2584879
2025-01-10 01:36:50.175576+00:00,2.2584875
2025-01-10 01:37:03.358739+00:00,2.2584875
2025-01-10 01:37:15.918910+00:00,2.2584874
2025-01-10 01:37:28.897489+00:00,2.2584882
2025-01-10 01:37:41.872217+00:00,2.2584875
2025-01-10 01:37:54.219681+00:00,2.2584868
2025-01-10 01:38:20.487795+00:00,2.2584884
2025-01-10 01:38:34.398065+00:00,2.2584876
2025-01-10 01:38:58.704553+00:00,2.2584878
2025-01-10 01:39:11.699956+00:00,2.2584882
2025-01-10 01:39:24.045457+00:00,2.2584879
2025-01-10 01:39:50.248684+00:00,2.2584876
2025-01-10 01:40:03.814957+00:00,2.2584879
2025-01-10 01:40:28.379652+00:00,2.2584875
2025-01-10 01:40:52.946036+00:00,2.2584883
2025-01-10 01:41:06.028453+00:00,2.258488
2025-01-10 01:41:18.764971+00:00,2.2584883
2025-01-10 01:41:32.072128+00:00,2.2584879
2025-01-10 01:41:43.751465+00:00,2.2584877
2025-01-10 01:41:56.452591+00:00,2.2584877
2025-01-10 01:44:35.218307+00:00,2.2584878
2025-01-10 01:45:01.007933+00:00,2.2584873
2025-01-10 01:45:26.859852+00:00,2.2584877
2025-01-10 01:45:39.929351+00:00,2.2584882
2025-01-10 01:45:53.347159+00:00,2.2584876
2025-01-10 01:46:06.454765+00:00,2.2584882
2025-01-10 01:46:17.944325+00:00,2.2584883
2025-01-10 01:46:56.068716+00:00,2.2584879
2025-01-10 01:47:08.891690+00:00,2.258488
2025-01-10 01:47:35.549386+00:00,2.2584869
2025-01-10 01:48:12.843145+00:00,2.2584878
2025-01-10 01:48:25.550535+00:00,2.2584875
2025-01-10 01:48:38.352040+00:00,2.2584876
2025-01-10 01:49:30.271684+00:00,2.2584878
2025-01-10 01:49:42.372181+00:00,2.2584881
2025-01-10 01:49:57.219024+00:00,2.2584872
2025-01-10 01:50:20.692435+00:00,2.2584884
2025-01-10 01:50:33.351455+00:00,2.2584879
2025-01-10 01:50:46.656315+00:00,2.2584872
2025-01-10 01:50:58.167573+00:00,2.2584878
2025-01-10 01:51:14.683024+00:00,2.2584877
2025-01-10 01:51:23.811746+00:00,2.2584872
2025-01-10 01:51:37.170207+00:00,2.2584882
2025-01-10 01:51:49.869653+00:00,2.2584884
2025-01-10 01:52:14.866853+00:00,2.2584881
2025-01-10 01:55:19.410108+00:00,2.2584876
2025-01-10 01:55:32.259542+00:00,2.2584882
2025-01-10 01:55:46.472186+00:00,2.2584876
2025-01-10 01:55:57.713830+00:00,2.2584873
2025-01-10 01:56:11.008415+00:00,2.2584883
2025-01-10 01:56:23.730638+00:00,2.2584874
2025-01-10 01:56:49.001259+00:00,2.2584881
2025-01-10 01:57:01.735732+00:00,2.2584883
2025-01-10 01:57:14.502815+00:00,2.2584876
2025-01-10 01:57:28.327220+00:00,2.258488
2025-01-10 01:57:53.049892+00:00,2.2584871
2025-01-10 01:58:07.870821+00:00,2.2584874
2025-01-10 01:58:18.713269+00:00,2.2584879
2025-01-10 01:58:31.598204+00:00,2.2584879
2025-01-10 01:58:43.896274+00:00,2.2584871
2025-01-10 01:58:56.812371+00:00,2.2584878
2025-01-10 01:59:09.904498+00:00,2.2584871
2025-01-10 01:59:24.928847+00:00,2.2584873
2025-01-10 01:59:35.160093+00:00,2.2584877
2025-01-10 01:59:47.797441+00:00,2.2584877
2025-01-10 02:00:13.856748+00:00,2.2584878
2025-01-10 02:00:27.311975+00:00,2.2584877
2025-01-10 02:00:39.089515+00:00,2.258488
2025-01-10 02:00:51.748760+00:00,2.258488
2025-01-10 02:01:04.547708+00:00,2.2584876
2025-01-10 02:01:17.217200+00:00,2.2584871
2025-01-10 02:01:29.906498+00:00,2.2584875
2025-01-10 02:01:43.552727+00:00,2.258487
2025-01-10 02:01:55.162979+00:00,2.2584873
2025-01-10 02:02:08.083668+00:00,2.258487
2025-01-10 02:02:21.661226+00:00,2.258488
2025-01-10 02:02:47.094091+00:00,2.2584873
2025-01-10 02:02:58.719109+00:00,2.2584878
2025-01-10 02:05:38.538863+00:00,2.2584878
2025-01-10 02:05:50.665204+00:00,2.2584874
2025-01-10 02:06:08.457282+00:00,2.2584874
2025-01-10 02:06:28.797304+00:00,2.2584881
2025-01-10 02:06:42.038086+00:00,2.2584876
2025-01-10 02:06:54.455182+00:00,2.258487
2025-01-10 02:07:08.666424+00:00,2.2584878
2025-01-10 02:07:19.968778+00:00,2.2584882
2025-01-10 02:07:32.682375+00:00,2.2584873
2025-01-10 02:07:45.929333+00:00,2.2584877
2025-01-10 02:07:58.296022+00:00,2.2584876
2025-01-10 02:08:11.862041+00:00,2.2584875
2025-01-10 02:08:36.602251+00:00,2.2584881
2025-01-10 02:08:50.142102+00:00,2.2584875
2025-01-10 02:09:02.496045+00:00,2.2584881
2025-01-10 02:09:15.204026+00:00,2.2584877
2025-01-10 02:09:27.814356+00:00,2.2584873
2025-01-10 02:09:40.728179+00:00,2.2584884
2025-01-10 02:09:53.420231+00:00,2.2584877
2025-01-10 02:10:31.873273+00:00,2.2584878
2025-01-10 02:10:57.388349+00:00,2.258487
2025-01-10 02:11:10.950222+00:00,2.2584878
2025-01-10 02:11:35.433377+00:00,2.2584873
2025-01-10 02:11:48.549714+00:00,2.2584878
2025-01-10 02:12:01.016474+00:00,2.2584873
2025-01-10 02:12:13.891355+00:00,2.2584875
2025-01-10 02:12:38.762421+00:00,2.2584873
2025-01-10 02:12:51.647510+00:00,2.258487
2025-01-10 02:13:04.490705+00:00,2.2584881
2025-01-10 02:13:18.246264+00:00,2.2584875
2025-01-10 02:13:42.638049+00:00,2.2584881
2025-01-10 02:13:56.131590+00:00,2.2584878
2025-01-10 02:16:08.404375+00:00,2.2584879
2025-01-10 02:16:33.769866+00:00,2.258488
2025-01-10 02:16:46.525458+00:00,2.258488
2025-01-10 02:17:00.001893+00:00,2.2584876
2025-01-10 02:17:24.641125+00:00,2.2584876
2025-01-10 02:17:50.476422+00:00,2.2584881
2025-01-10 02:18:03.501506+00:00,2.2584884
2025-01-10 02:18:15.877405+00:00,2.2584874
2025-01-10 02:18:41.754093+00:00,2.2584874
2025-01-10 02:19:10.208156+00:00,2.258488
2025-01-10 02:19:21.307760+00:00,2.2584876
2025-01-10 02:19:32.626527+00:00,2.2584878
2025-01-10 02:19:45.769825+00:00,2.2584878
2025-01-10 02:20:23.656115+00:00,2.2584883
2025-01-10 02:20:37.410316+00:00,2.2584876
2025-01-10 02:21:02.419933+00:00,2.2584883
2025-01-10 02:21:27.804348+00:00,2.2584883
2025-01-10 02:21:40.516168+00:00,2.2584874
2025-01-10 02:21:53.280149+00:00,2.2584874
2025-01-10 02:22:06.091669+00:00,2.2584877
2025-01-10 02:22:19.463733+00:00,2.258488
2025-01-10 02:22:31.206995+00:00,2.2584876
2025-01-10 02:22:43.891577+00:00,2.258488
2025-01-10 02:22:56.415538+00:00,2.2584871
2025-01-10 02:23:09.109951+00:00,2.2584881
2025-01-10 02:23:22.207742+00:00,2.2584877
2025-01-10 02:23:47.640840+00:00,2.2584881
2025-01-10 02:27:17.836352+00:00,2.2584884
2025-01-10 02:27:30.582422+00:00,2.2584879
2025-01-10 02:27:43.144980+00:00,2.2584884
2025-01-10 02:27:55.847697+00:00,2.2584875
2025-01-10 02:28:08.668598+00:00,2.258488
2025-01-10 02:28:48.054569+00:00,2.2584881
2025-01-10 02:29:25.710912+00:00,2.2584879
2025-01-10 02:29:38.607889+00:00,2.2584879
2025-01-10 02:30:04.324861+00:00,2.2584881
2025-01-10 02:30:16.888256+00:00,2.2584883
2025-01-10 02:30:30.381042+00:00,2.2584878
2025-01-10 02:30:42.998690+00:00,2.2584883
2025-01-10 02:30:56.387742+00:00,2.2584881
2025-01-10 02:31:20.710280+00:00,2.2584871
2025-01-10 02:31:34.453273+00:00,2.2584884
2025-01-10 02:31:46.653285+00:00,2.2584883
2025-01-10 02:31:59.033552+00:00,2.2584876
2025-01-10 02:32:11.480714+00:00,2.2584879
2025-01-10 02:32:36.591140+00:00,2.2584881
2025-01-10 02:32:49.604002+00:00,2.2584882
2025-01-10 02:33:14.602430+00:00,2.2584877
2025-01-10 02:33:52.900390+00:00,2.2584879
2025-01-10 02:36:31.820064+00:00,2.2584882
2025-01-10 02:36:44.868076+00:00,2.2584881
2025-01-10 02:37:10.489520+00:00,2.2584876
2025-01-10 02:37:22.829243+00:00,2.258488
2025-01-10 02:37:36.825958+00:00,2.2584881
2025-01-10 02:37:48.763174+00:00,2.2584881
2025-01-10 02:38:01.628739+00:00,2.2584882
2025-01-10 02:38:13.954298+00:00,2.2584878
2025-01-10 02:38:26.863283+00:00,2.2584873
2025-01-10 02:38:39.605842+00:00,2.2584879
2025-01-10 02:38:52.302136+00:00,2.2584884
2025-01-10 02:39:18.602889+00:00,2.2584876
2025-01-10 02:39:31.212091+00:00,2.2584878
2025-01-10 02:39:43.607469+00:00,2.2584871
2025-01-10 02:39:56.535266+00:00,2.2584884
2025-01-10 02:40:09.564048+00:00,2.2584869
2025-01-10 02:40:22.300878+00:00,2.2584877
2025-01-10 02:40:35.273288+00:00,2.2584875
2025-01-10 02:40:48.106865+00:00,2.2584877
2025-01-10 02:41:00.789883+00:00,2.2584879
2025-01-10 02:41:13.466390+00:00,2.2584876
2025-01-10 02:41:29.474557+00:00,2.258488
2025-01-10 02:41:40.300309+00:00,2.2584878
2025-01-10 02:41:51.330181+00:00,2.2584877
2025-01-10 02:42:04.036736+00:00,2.2584876
2025-01-10 02:42:16.754813+00:00,2.2584881
2025-01-10 02:42:29.907635+00:00,2.2584877
2025-01-10 02:42:42.017103+00:00,2.258487
2025-01-10 02:42:54.506987+00:00,2.2584872
2025-01-10 02:43:07.747162+00:00,2.2584878
2025-01-10 02:43:33.781260+00:00,2.2584883
2025-01-10 02:43:46.710444+00:00,2.2584874
2025-01-10 02:46:37.269333+00:00,2.2584879
2025-01-10 02:46:50.805995+00:00,2.258488
2025-01-10 02:47:02.792760+00:00,2.2584873
2025-01-10 02:47:16.569158+00:00,2.2584878
2025-01-10 02:47:27.982244+00:00,2.2584878
2025-01-10 02:47:40.812188+00:00,2.2584883
2025-01-10 02:47:53.482325+00:00,2.2584877
2025-01-10 02:48:08.973642+00:00,2.2584876
2025-01-10 02:48:19.324726+00:00,2.2584876
2025-01-10 02:48:32.120035+00:00,2.2584877
2025-01-10 02:48:44.555554+00:00,2.2584876
2025-01-10 02:48:57.266121+00:00,2.258488
2025-01-10 02:49:22.786904+00:00,2.2584869
2025-01-10 02:49:49.055841+00:00,2.2584868
2025-01-10 02:50:01.694220+00:00,2.2584879
2025-01-10 02:50:14.722935+00:00,2.2584874
2025-01-10 02:50:52.747842+00:00,2.2584873
2025-01-10 02:51:05.453531+00:00,2.2584873
2025-01-10 02:51:19.490582+00:00,2.2584881
2025-01-10 02:51:33.529136+00:00,2.2584872
2025-01-10 02:51:43.277862+00:00,2.258487
2025-01-10 02:51:55.894683+00:00,2.2584876
2025-01-10 02:52:08.920541+00:00,2.2584872
2025-01-10 02:52:20.935158+00:00,2.2584875
2025-01-10 02:52:34.209525+00:00,2.2584878
2025-01-10 02:52:46.626560+00:00,2.2584879
2025-01-10 02:52:59.280244+00:00,2.2584874
2025-01-10 02:53:12.352441+00:00,2.2584875
2025-01-10 02:56:16.777235+00:00,2.258487
2025-01-10 02:56:29.218938+00:00,2.2584881
2025-01-10 02:56:42.114537+00:00,2.2584884
2025-01-10 02:56:54.790350+00:00,2.2584879
2025-01-10 02:57:09.077871+00:00,2.2584874
2025-01-10 02:57:20.368019+00:00,2.2584869
2025-01-10 02:57:33.063801+00:00,2.2584874
2025-01-10 02:57:45.307375+00:00,2.2584869
2025-01-10 02:57:58.165956+00:00,2.2584883
2025-01-10 02:58:23.883223+00:00,2.2584874
2025-01-10 02:58:36.616042+00:00,2.2584874
2025-01-10 02:59:02.365978+00:00,2.2584878
2025-01-10 02:59:15.243589+00:00,2.2584867
2025-01-10 02:59:27.934673+00:00,2.2584876
2025-01-10 02:59:42.149565+00:00,2.2584878
2025-01-10 02:59:53.892383+00:00,2.2584874
2025-01-10 03:00:06.381255+00:00,2.258487
2025-01-10 03:00:19.180790+00:00,2.2584876
2025-01-10 03:00:32.669800+00:00,2.2584872
2025-01-10 03:00:44.491701+00:00,2.2584877
2025-01-10 03:00:58.735237+00:00,2.2584869
2025-01-10 03:01:10.346203+00:00,2.258488
2025-01-10 03:01:23.058483+00:00,2.2584866
2025-01-10 03:01:35.655508+00:00,2.2584881
2025-01-10 03:01:48.442347+00:00,2.2584883
2025-01-10 03:02:01.736345+00:00,2.2584866
2025-01-10 03:02:13.517562+00:00,2.2584869
2025-01-10 03:02:26.117486+00:00,2.2584877
2025-01-10 03:02:38.784099+00:00,2.2584876
2025-01-10 03:02:51.581497+00:00,2.2584868
2025-01-10 03:03:17.230408+00:00,2.2584874
2025-01-10 03:03:29.672547+00:00,2.2584867
2025-01-10 03:03:42.177391+00:00,2.2584883
2025-01-10 03:03:55.090563+00:00,2.2584872
2025-01-10 03:06:33.919386+00:00,2.2584874
2025-01-10 03:06:59.425537+00:00,2.2584873
2025-01-10 03:07:12.821212+00:00,2.2584878
2025-01-10 03:07:25.042850+00:00,2.258487
2025-01-10 03:07:37.800988+00:00,2.2584872
2025-01-10 03:07:50.976285+00:00,2.2584864
2025-01-10 03:08:03.759278+00:00,2.2584867
2025-01-10 03:08:17.255859+00:00,2.2584869
2025-01-10 03:08:41.863289+00:00,2.2584875
2025-01-10 03:08:54.527238+00:00,2.2584876
2025-01-10 03:09:10.896121+00:00,2.2584871
2025-01-10 03:09:21.167926+00:00,2.2584867
2025-01-10 03:09:33.427642+00:00,2.2584865
2025-01-10 03:09:49.137575+00:00,2.2584873
2025-01-10 03:09:58.651800+00:00,2.2584873
2025-01-10 03:10:13.192332+00:00,2.2584877
2025-01-10 03:10:24.573337+00:00,2.2584869
2025-01-10 03:10:37.201157+00:00,2.2584866
2025-01-10 03:10:49.785980+00:00,2.2584876
2025-01-10 03:11:02.658316+00:00,2.2584883
2025-01-10 03:11:15.564215+00:00,2.2584872
2025-01-10 03:11:28.053059+00:00,2.2584867
2025-01-10 03:11:40.752220+00:00,2.2584872
2025-01-10 03:11:53.273921+00:00,2.2584872
2025-01-10 03:12:10.907059+00:00,2.2584874
2025-01-10 03:12:19.369222+00:00,2.2584867
2025-01-10 03:12:44.633217+00:00,2.2584875
2025-01-10 03:12:56.999236+00:00,2.2584874
2025-01-10 03:13:09.907582+00:00,2.2584868
2025-01-10 03:13:23.721947+00:00,2.2584876
2025-01-10 03:13:48.432236+00:00,2.2584869
2025-01-10 03:14:00.425954+00:00,2.2584878
2025-01-10 03:14:13.252520+00:00,2.2584866
2025-01-10 03:14:25.690284+00:00,2.2584866
2025-01-10 03:14:38.638793+00:00,2.2584874
2025-01-10 03:14:51.327954+00:00,2.2584881
2025-01-10 03:15:18.817140+00:00,2.2584883
2025-01-10 03:15:44.288290+00:00,2.2584882
2025-01-10 03:17:34.900569+00:00,2.258488
2025-01-10 03:17:55.428069+00:00,2.2584874
2025-01-10 03:18:08.449541+00:00,2.2584878
2025-01-10 03:18:33.777759+00:00,2.2584872
2025-01-10 03:18:47.017900+00:00,2.2584872
2025-01-10 03:18:59.497916+00:00,2.2584868
2025-01-10 03:19:12.392638+00:00,2.2584883
2025-01-10 03:19:25.202741+00:00,2.2584875
2025-01-10 03:19:37.704751+00:00,2.2584866
2025-01-10 03:19:50.805922+00:00,2.2584875
2025-01-10 03:20:09.501275+00:00,2.2584871
2025-01-10 03:20:16.189851+00:00,2.2584874
2025-01-10 03:20:29.221654+00:00,2.2584876
2025-01-10 03:20:41.714166+00:00,2.2584877
2025-01-10 03:20:54.690394+00:00,2.2584872
2025-01-10 03:21:07.596694+00:00,2.2584872
2025-01-10 03:21:21.204548+00:00,2.2584876
2025-01-10 03:21:33.540099+00:00,2.2584875
2025-01-10 03:21:46.017498+00:00,2.2584881
2025-01-10 03:21:58.725167+00:00,2.258488
2025-01-10 03:22:11.449969+00:00,2.2584874
2025-01-10 03:22:36.579341+00:00,2.2584878
2025-01-10 03:22:49.248256+00:00,2.2584865
2025-01-10 03:23:01.846502+00:00,2.2584869
2025-01-10 03:23:14.132343+00:00,2.2584869
2025-01-10 03:23:26.922166+00:00,2.2584871
2025-01-10 03:23:39.595584+00:00,2.2584877
2025-01-10 03:23:56.366823+00:00,2.2584873
2025-01-10 03:24:08.120191+00:00,2.2584871
2025-01-10 03:24:18.376959+00:00,2.2584876
2025-01-10 03:24:31.616767+00:00,2.2584878
2025-01-10 03:24:44.377560+00:00,2.2584879
2025-01-10 03:27:24.473568+00:00,2.2584874
2025-01-10 03:27:34.877175+00:00,2.2584868
2025-01-10 03:27:48.366537+00:00,2.258487
2025-01-10 03:28:00.862266+00:00,2.2584871
2025-01-10 03:28:13.867830+00:00,2.2584865
2025-01-10 03:28:26.074044+00:00,2.2584872
2025-01-10 03:28:38.945184+00:00,2.2584877
2025-01-10 03:28:52.080545+00:00,2.2584869
2025-01-10 03:29:07.118984+00:00,2.258488
2025-01-10 03:29:17.371797+00:00,2.2584864
2025-01-10 03:29:29.802841+00:00,2.2584875
2025-01-10 03:29:42.479056+00:00,2.2584872
2025-01-10 03:29:55.257314+00:00,2.2584865
2025-01-10 03:30:08.496255+00:00,2.2584864
2025-01-10 03:30:24.544287+00:00,2.258488
2025-01-10 03:30:33.928043+00:00,2.2584871
2025-01-10 03:31:13.220242+00:00,2.2584874
2025-01-10 03:31:31.204589+00:00,2.2584877
2025-01-10 03:31:37.950693+00:00,2.2584866
2025-01-10 03:31:50.921375+00:00,2.2584868
2025-01-10 03:32:04.074524+00:00,2.2584872
2025-01-10 03:32:28.580281+00:00,2.2584871
2025-01-10 03:32:40.980429+00:00,2.2584873
2025-01-10 03:32:53.702518+00:00,2.258487
2025-01-10 03:33:06.608327+00:00,2.2584869
2025-01-10 03:33:22.597031+00:00,2.2584878
2025-01-10 03:33:32.326855+00:00,2.2584871
2025-01-10 03:33:44.457026+00:00,2.258488
2025-01-10 03:33:57.740308+00:00,2.2584877
2025-01-10 03:34:11.532052+00:00,2.2584877
2025-01-10 03:34:24.051854+00:00,2.2584874
2025-01-10 03:34:35.605220+00:00,2.2584867
2025-01-10 03:37:06.259285+00:00,2.2584881
2025-01-10 03:37:14.287207+00:00,2.2584872
2025-01-10 03:37:27.213774+00:00,2.2584866
2025-01-10 03:37:39.904524+00:00,2.2584883
2025-01-10 03:37:53.410965+00:00,2.2584874
2025-01-10 03:38:05.664280+00:00,2.2584872
2025-01-10 03:38:31.639283+00:00,2.2584874
2025-01-10 03:38:44.016401+00:00,2.2584869
2025-01-10 03:38:57.046765+00:00,2.2584874
2025-01-10 03:39:12.227140+00:00,2.2584883
2025-01-10 03:39:48.104668+00:00,2.2584873
2025-01-10 03:40:01.227922+00:00,2.2584876
2025-01-10 03:40:13.798738+00:00,2.2584871
2025-01-10 03:40:28.849777+00:00,2.2584867
2025-01-10 03:40:39.912845+00:00,2.2584872
2025-01-10 03:40:51.933969+00:00,2.2584872
2025-01-10 03:41:07.360261+00:00,2.2584867
2025-01-10 03:41:18.582854+00:00,2.2584869
2025-01-10 03:41:30.740033+00:00,2.2584874
2025-01-10 03:41:44.401422+00:00,2.258487
2025-01-10 03:41:56.656505+00:00,2.258487
2025-01-10 03:42:09.037960+00:00,2.2584872
2025-01-10 03:42:21.212727+00:00,2.2584877
2025-01-10 03:42:49.055339+00:00,2.2584872
2025-01-10 03:42:59.500343+00:00,2.2584875
2025-01-10 03:43:12.605119+00:00,2.2584867
2025-01-10 03:43:24.668514+00:00,2.2584876
2025-01-10 03:43:37.301799+00:00,2.2584872
2025-01-10 03:43:51.756922+00:00,2.2584864
2025-01-10 03:44:02.801416+00:00,2.2584877
2025-01-10 03:44:15.262752+00:00,2.2584868
2025-01-10 03:44:27.831225+00:00,2.2584875
2025-01-10 03:44:40.962427+00:00,2.2584882
2025-01-10 03:44:53.198013+00:00,2.2584873
2025-01-10 03:45:07.423701+00:00,2.2584868
2025-01-10 03:45:20.235972+00:00,2.2584877
2025-01-10 03:45:31.825230+00:00,2.2584881
2025-01-10 03:45:45.743913+00:00,2.258487
2025-01-10 03:47:32.254539+00:00,2.2584866
2025-01-10 03:47:43.935225+00:00,2.2584881
2025-01-10 03:48:00.049870+00:00,2.2584867
2025-01-10 03:48:22.589731+00:00,2.2584879
2025-01-10 03:48:35.511328+00:00,2.2584875
2025-01-10 03:48:48.707048+00:00,2.2584875
2025-01-10 03:49:09.331107+00:00,2.2584872
2025-01-10 03:49:14.165474+00:00,2.258488
2025-01-10 03:49:26.795347+00:00,2.2584864
2025-01-10 03:49:39.463335+00:00,2.2584875
2025-01-10 03:49:52.636148+00:00,2.2584873
2025-01-10 03:50:05.733863+00:00,2.2584866
2025-01-10 03:50:18.837812+00:00,2.2584872
2025-01-10 03:50:31.099763+00:00,2.2584875
2025-01-10 03:50:43.591460+00:00,2.2584869
2025-01-10 03:50:56.174018+00:00,2.2584874
2025-01-10 03:51:22.178043+00:00,2.2584867
2025-01-10 03:51:34.783349+00:00,2.2584862
2025-01-10 03:51:47.895178+00:00,2.2584872
2025-01-10 03:52:00.785998+00:00,2.2584865
2025-01-10 03:52:13.525187+00:00,2.2584872
2025-01-10 03:52:38.990709+00:00,2.2584865
2025-01-10 03:52:52.245461+00:00,2.2584869
2025-01-10 03:53:04.730869+00:00,2.2584863
2025-01-10 03:53:29.633410+00:00,2.2584864
2025-01-10 03:53:42.059120+00:00,2.2584868
2025-01-10 03:53:55.091521+00:00,2.2584875
2025-01-10 03:54:09.274049+00:00,2.2584883
2025-01-10 03:54:20.282315+00:00,2.2584869
2025-01-10 03:54:33.490552+00:00,2.2584865
2025-01-10 03:54:46.086153+00:00,2.2584865
2025-01-10 03:54:58.631342+00:00,2.2584871
2025-01-10 03:55:11.655074+00:00,2.2584872
2025-01-10 03:55:24.764326+00:00,2.258488
2025-01-10 03:56:04.400894+00:00,2.258488
2025-01-10 03:57:37.418737+00:00,2.2584868
2025-01-10 03:57:50.635341+00:00,2.2584876
2025-01-10 03:58:04.096055+00:00,2.2584873
2025-01-10 03:58:16.487754+00:00,2.258487
2025-01-10 03:58:28.701461+00:00,2.2584873
2025-01-10 03:58:41.735513+00:00,2.2584879
2025-01-10 03:58:54.541433+00:00,2.258487
2025-01-10 03:59:07.474511+00:00,2.258487
2025-01-10 03:59:33.144030+00:00,2.2584867
2025-01-10 03:59:46.024027+00:00,2.2584881
2025-01-10 03:59:59.185386+00:00,2.2584865
2025-01-10 04:00:11.816360+00:00,2.2584872
2025-01-10 04:00:24.164521+00:00,2.2584874
2025-01-10 04:00:39.298496+00:00,2.2584868
2025-01-10 04:00:49.749206+00:00,2.2584878
2025-01-10 04:01:05.788167+00:00,2.2584868
2025-01-10 04:01:15.670014+00:00,2.2584878
2025-01-10 04:01:28.082708+00:00,2.2584876
2025-01-10 04:01:41.550893+00:00,2.2584875
2025-01-10 04:02:08.885040+00:00,2.2584872
2025-01-10 04:02:19.089595+00:00,2.2584872
2025-01-10 04:02:57.548117+00:00,2.2584872
2025-01-10 04:03:11.562230+00:00,2.2584871
2025-01-10 04:03:23.253902+00:00,2.2584868
2025-01-10 04:03:36.025182+00:00,2.2584871
2025-01-10 04:03:48.387047+00:00,2.2584867
2025-01-10 04:04:02.839823+00:00,2.258488
2025-01-10 04:04:13.571856+00:00,2.2584872
2025-01-10 04:04:26.218061+00:00,2.2584878
2025-01-10 04:04:39.120318+00:00,2.2584874
2025-01-10 04:04:51.596961+00:00,2.2584878
2025-01-10 04:05:04.706240+00:00,2.2584875
2025-01-10 04:05:24.674877+00:00,2.258487
2025-01-10 04:05:43.733950+00:00,2.2584868
2025-01-10 04:08:08.691334+00:00,2.2584874
2025-01-10 04:08:34.220736+00:00,2.2584871
2025-01-10 04:08:46.940216+00:00,2.2584871
2025-01-10 04:08:59.677469+00:00,2.2584884
2025-01-10 04:09:12.544710+00:00,2.258488
2025-01-10 04:09:51.565500+00:00,2.2584875
2025-01-10 04:10:05.056172+00:00,2.2584878
2025-01-10 04:10:18.202478+00:00,2.2584879
2025-01-10 04:10:29.579767+00:00,2.2584872
2025-01-10 04:10:42.232234+00:00,2.2584873
2025-01-10 04:11:07.694799+00:00,2.2584865
2025-01-10 04:11:20.214298+00:00,2.2584872
2025-01-10 04:11:32.954922+00:00,2.2584876
2025-01-10 04:11:45.829874+00:00,2.2584877
2025-01-10 04:11:58.913948+00:00,2.2584875
2025-01-10 04:12:11.477387+00:00,2.2584878
2025-01-10 04:12:24.065317+00:00,2.2584876
2025-01-10 04:12:37.160204+00:00,2.258488
2025-01-10 04:12:52.099919+00:00,2.2584872
2025-01-10 04:13:03.107906+00:00,2.2584878
2025-01-10 04:13:15.261943+00:00,2.2584883
2025-01-10 04:13:41.809166+00:00,2.2584881
2025-01-10 04:14:06.554580+00:00,2.2584864
2025-01-10 04:14:18.672208+00:00,2.2584873
2025-01-10 04:14:43.723251+00:00,2.2584877
2025-01-10 04:14:58.956152+00:00,2.2584869
2025-01-10 04:15:09.099045+00:00,2.2584875
2025-01-10 04:15:21.773058+00:00,2.2584871
2025-01-10 04:15:35.491547+00:00,2.2584869
2025-01-10 04:15:48.095290+00:00,2.2584876
2025-01-10 04:16:13.151930+00:00,2.2584872
2025-01-10 04:18:51.604412+00:00,2.2584866
2025-01-10 04:19:04.687336+00:00,2.2584878
2025-01-10 04:19:18.102719+00:00,2.2584877
2025-01-10 04:19:30.720095+00:00,2.2584878
2025-01-10 04:19:43.658086+00:00,2.2584873
2025-01-10 04:19:55.908511+00:00,2.2584869
2025-01-10 04:20:08.645138+00:00,2.2584882
2025-01-10 04:20:22.276675+00:00,2.2584866
2025-01-10 04:20:34.591534+00:00,2.2584865
2025-01-10 04:20:47.202994+00:00,2.2584872
2025-01-10 04:21:01.090655+00:00,2.2584864
2025-01-10 04:21:14.580058+00:00,2.2584873
2025-01-10 04:21:25.671715+00:00,2.258487
2025-01-10 04:21:38.815424+00:00,2.2584878
2025-01-10 04:21:51.346734+00:00,2.2584871
2025-01-10 04:22:05.755513+00:00,2.2584873
2025-01-10 04:22:17.220860+00:00,2.2584871
2025-01-10 04:22:29.923910+00:00,2.258487
2025-01-10 04:22:54.858578+00:00,2.2584874
2025-01-10 04:23:08.907193+00:00,2.2584873
2025-01-10 04:23:33.999056+00:00,2.2584878
2025-01-10 04:23:47.022500+00:00,2.2584874
2025-01-10 04:23:59.039452+00:00,2.2584867
2025-01-10 04:24:11.863194+00:00,2.2584873
2025-01-10 04:24:24.510699+00:00,2.2584878
2025-01-10 04:24:36.688594+00:00,2.2584868
2025-01-10 04:24:49.402787+00:00,2.2584874
2025-01-10 04:25:02.299276+00:00,2.2584868
2025-01-10 04:25:15.036848+00:00,2.2584871
2025-01-10 04:25:27.776308+00:00,2.2584866
2025-01-10 04:25:40.257759+00:00,2.2584871
2025-01-10 04:25:52.871210+00:00,2.258487
2025-01-10 04:26:05.883574+00:00,2.2584879
2025-01-10 04:26:19.020236+00:00,2.2584877
2025-01-10 04:26:58.185253+00:00,2.2584877
2025-01-10 04:27:51.646505+00:00,2.2584876
2025-01-10 04:28:57.505294+00:00,2.2584877
2025-01-10 04:29:10.555933+00:00,2.2584877
2025-01-10 04:29:22.903961+00:00,2.2584871
2025-01-10 04:29:36.429403+00:00,2.2584873
2025-01-10 04:29:49.112039+00:00,2.2584869
2025-01-10 04:30:01.996044+00:00,2.258487
2025-01-10 04:30:13.590237+00:00,2.2584869
2025-01-10 04:30:28.943966+00:00,2.258488
2025-01-10 04:30:39.018395+00:00,2.258487
2025-01-10 04:30:52.430373+00:00,2.2584884
2025-01-10 04:31:08.434573+00:00,2.2584865
2025-01-10 04:31:17.611910+00:00,2.2584868
2025-01-10 04:31:30.243082+00:00,2.2584871
2025-01-10 04:31:43.157912+00:00,2.258487
2025-01-10 04:31:55.746515+00:00,2.258487
2025-01-10 04:32:09.283102+00:00,2.2584863
2025-01-10 04:32:21.197790+00:00,2.2584877
2025-01-10 04:32:34.031667+00:00,2.258486
2025-01-10 04:32:46.937032+00:00,2.2584868
2025-01-10 04:32:59.355379+00:00,2.2584869
2025-01-10 04:33:12.430231+00:00,2.2584869
2025-01-10 04:33:25.237558+00:00,2.258486
2025-01-10 04:33:38.752701+00:00,2.2584868
2025-01-10 04:33:51.012990+00:00,2.2584869
2025-01-10 04:34:03.613469+00:00,2.2584861
2025-01-10 04:34:15.889966+00:00,2.2584864
2025-01-10 04:34:28.856135+00:00,2.2584869
2025-01-10 04:34:41.234525+00:00,2.2584858
2025-01-10 04:34:53.735048+00:00,2.2584868
2025-01-10 04:35:08.699109+00:00,2.2584872
2025-01-10 04:35:21.339795+00:00,2.2584861
2025-01-10 04:35:44.532368+00:00,2.2584865
2025-01-10 04:35:59.587631+00:00,2.2584864
2025-01-10 04:36:23.578073+00:00,2.2584868
2025-01-10 04:36:35.916869+00:00,2.2584875
2025-01-10 04:38:49.957465+00:00,2.258488
2025-01-10 04:39:02.566638+00:00,2.2584874
2025-01-10 04:39:26.999050+00:00,2.2584864
2025-01-10 04:39:40.919406+00:00,2.2584871
2025-01-10 04:39:52.745215+00:00,2.2584863
2025-01-10 04:40:06.111996+00:00,2.2584866
2025-01-10 04:40:20.395340+00:00,2.2584864
2025-01-10 04:40:33.294823+00:00,2.2584866
2025-01-10 04:40:43.894150+00:00,2.258486
2025-01-10 04:40:56.595287+00:00,2.2584862
2025-01-10 04:41:09.964981+00:00,2.2584877
2025-01-10 04:41:22.077911+00:00,2.2584871
2025-01-10 04:41:38.436550+00:00,2.2584863
2025-01-10 04:41:52.710508+00:00,2.2584861
2025-01-10 04:42:00.778636+00:00,2.2584863
2025-01-10 04:42:13.202342+00:00,2.2584869
2025-01-10 04:42:25.833840+00:00,2.2584867
2025-01-10 04:42:38.660017+00:00,2.2584867
2025-01-10 04:42:51.285439+00:00,2.2584866
2025-01-10 04:43:04.200953+00:00,2.2584873
2025-01-10 04:43:17.768361+00:00,2.2584871
2025-01-10 04:43:29.680692+00:00,2.2584868
2025-01-10 04:43:44.268102+00:00,2.2584872
2025-01-10 04:43:55.466717+00:00,2.2584869
2025-01-10 04:44:23.600517+00:00,2.2584869
2025-01-10 04:44:34.447951+00:00,2.2584867
2025-01-10 04:44:46.091690+00:00,2.2584875
2025-01-10 04:44:58.340011+00:00,2.2584872
2025-01-10 04:45:11.429528+00:00,2.258486
2025-01-10 04:45:23.996533+00:00,2.2584877
2025-01-10 04:45:37.358679+00:00,2.2584864
2025-01-10 04:45:51.131243+00:00,2.2584876
2025-01-10 04:46:03.248310+00:00,2.2584869
2025-01-10 04:46:14.350643+00:00,2.2584881
2025-01-10 04:46:27.571308+00:00,2.2584869
2025-01-10 04:49:06.021079+00:00,2.2584878
2025-01-10 04:49:18.747685+00:00,2.2584876
2025-01-10 04:49:31.598821+00:00,2.2584879
2025-01-10 04:49:44.447565+00:00,2.2584875
2025-01-10 04:49:57.014555+00:00,2.2584868
2025-01-10 04:50:10.006636+00:00,2.2584872
2025-01-10 04:50:26.882537+00:00,2.2584879
2025-01-10 04:50:35.732221+00:00,2.2584872
2025-01-10 04:50:48.817464+00:00,2.258488
2025-01-10 04:51:02.071841+00:00,2.2584867
2025-01-10 04:51:14.417505+00:00,2.2584869
2025-01-10 04:51:28.412224+00:00,2.258487
2025-01-10 04:51:40.382378+00:00,2.2584867
2025-01-10 04:51:52.642854+00:00,2.2584867
2025-01-10 04:52:05.868679+00:00,2.2584865
2025-01-10 04:52:18.593919+00:00,2.2584867
2025-01-10 04:52:43.450645+00:00,2.2584872
2025-01-10 04:52:56.431983+00:00,2.258487
2025-01-10 04:53:11.071280+00:00,2.2584877
2025-01-10 04:53:22.319786+00:00,2.2584867
2025-01-10 04:53:34.881783+00:00,2.2584875
2025-01-10 04:53:47.934213+00:00,2.2584868
2025-01-10 04:54:01.014232+00:00,2.2584882
2025-01-10 04:54:12.877176+00:00,2.258487
2025-01-10 04:54:28.401159+00:00,2.2584858
2025-01-10 04:54:38.199562+00:00,2.2584874
2025-01-10 04:54:50.941914+00:00,2.2584872
2025-01-10 04:55:03.659863+00:00,2.2584871
2025-01-10 04:55:16.965323+00:00,2.2584877
2025-01-10 04:55:32.361098+00:00,2.2584868
2025-01-10 04:55:43.865253+00:00,2.2584872
2025-01-10 04:55:54.097851+00:00,2.258487
2025-01-10 04:56:08.673877+00:00,2.2584868
2025-01-10 04:56:19.310087+00:00,2.2584872
2025-01-10 04:56:33.034365+00:00,2.2584871
2025-01-10 04:56:45.545508+00:00,2.258487
2025-01-10 04:56:58.448038+00:00,2.2584882
2025-01-10 04:59:10.645660+00:00,2.2584884
2025-01-10 04:59:23.458660+00:00,2.2584876
2025-01-10 04:59:36.347539+00:00,2.2584877
2025-01-10 04:59:49.627670+00:00,2.2584858
2025-01-10 05:00:02.628895+00:00,2.2584869
2025-01-10 05:00:14.994312+00:00,2.2584872
2025-01-10 05:00:27.199185+00:00,2.2584871
2025-01-10 05:00:40.200352+00:00,2.2584879
2025-01-10 05:00:52.443207+00:00,2.2584869
2025-01-10 05:01:05.444764+00:00,2.2584871
2025-01-10 05:01:18.512464+00:00,2.2584877
2025-01-10 05:01:31.321993+00:00,2.2584874
2025-01-10 05:01:43.869276+00:00,2.2584869
2025-01-10 05:01:57.878468+00:00,2.2584875
2025-01-10 05:02:09.714797+00:00,2.2584866
2025-01-10 05:02:22.282398+00:00,2.2584876
2025-01-10 05:02:35.051490+00:00,2.2584877
2025-01-10 05:02:48.196073+00:00,2.2584872
2025-01-10 05:03:01.363622+00:00,2.2584868
2025-01-10 05:03:13.883395+00:00,2.2584872
2025-01-10 05:03:26.550707+00:00,2.2584876
2025-01-10 05:03:38.967406+00:00,2.2584871
2025-01-10 05:03:51.977828+00:00,2.2584876
2025-01-10 05:04:05.305496+00:00,2.2584868
2025-01-10 05:04:17.271193+00:00,2.2584875
2025-01-10 05:04:29.910111+00:00,2.2584869
2025-01-10 05:04:42.721691+00:00,2.2584866
2025-01-10 05:04:55.390598+00:00,2.2584871
2025-01-10 05:05:08.686987+00:00,2.2584869
2025-01-10 05:05:20.653530+00:00,2.2584868
2025-01-10 05:05:33.309747+00:00,2.2584874
2025-01-10 05:05:45.904061+00:00,2.2584876
2025-01-10 05:05:58.249539+00:00,2.258487
2025-01-10 05:06:11.850005+00:00,2.2584881
2025-01-10 05:06:24.891504+00:00,2.2584866
2025-01-10 05:06:36.752387+00:00,2.2584868
2025-01-10 05:06:49.117100+00:00,2.258487
2025-01-10 05:07:01.626315+00:00,2.2584884
2025-01-10 05:07:14.905191+00:00,2.2584876
2025-01-10 05:07:40.375941+00:00,2.2584869
2025-01-10 05:10:06.769145+00:00,2.2584881
2025-01-10 05:10:19.475359+00:00,2.2584875
2025-01-10 05:10:32.849078+00:00,2.2584877
2025-01-10 05:10:46.610675+00:00,2.2584881
2025-01-10 05:11:10.720804+00:00,2.2584875
2025-01-10 05:11:24.045728+00:00,2.2584872
2025-01-10 05:11:35.840387+00:00,2.2584876
2025-01-10 05:12:14.699863+00:00,2.258487
2025-01-10 05:12:27.331299+00:00,2.2584875
2025-01-10 05:12:40.255832+00:00,2.2584869
2025-01-10 05:12:52.851832+00:00,2.2584874
2025-01-10 05:13:05.906394+00:00,2.2584876
2025-01-10 05:13:31.518969+00:00,2.258487
2025-01-10 05:13:47.499176+00:00,2.2584871
2025-01-10 05:13:57.875395+00:00,2.258488
2025-01-10 05:15:14.924001+00:00,2.2584877
2025-01-10 05:15:52.919184+00:00,2.2584882
2025-01-10 05:16:06.078808+00:00,2.2584882
2025-01-10 05:16:31.321945+00:00,2.2584873
2025-01-10 05:16:43.272042+00:00,2.2584879
2025-01-10 05:16:56.004018+00:00,2.2584872
2025-01-10 05:17:08.796249+00:00,2.258488
2025-01-10 05:17:21.580758+00:00,2.2584877
2025-01-10 05:17:47.103663+00:00,2.2584876
2025-01-10 05:21:04.032521+00:00,2.2584881
2025-01-10 05:21:16.852420+00:00,2.2584881
2025-01-10 05:21:42.483287+00:00,2.2584875
2025-01-10 05:22:08.280558+00:00,2.2584877
2025-01-10 05:22:20.746167+00:00,2.2584884
2025-01-10 05:22:33.868795+00:00,2.2584875
2025-01-10 05:22:46.117597+00:00,2.2584873
2025-01-10 05:22:58.422833+00:00,2.2584882
2025-01-10 05:23:11.723449+00:00,2.2584877
2025-01-10 05:23:24.733945+00:00,2.2584873
2025-01-10 05:23:36.682438+00:00,2.2584882
2025-01-10 05:24:02.514177+00:00,2.2584884
2025-01-10 05:24:15.267488+00:00,2.2584874
2025-01-10 05:24:28.398031+00:00,2.2584882
2025-01-10 05:24:41.465810+00:00,2.258488
2025-01-10 05:24:54.635970+00:00,2.2584875
2025-01-10 05:25:06.607057+00:00,2.2584879
2025-01-10 05:25:32.660994+00:00,2.2584875
2025-01-10 05:25:44.774911+00:00,2.2584881
2025-01-10 05:26:10.717945+00:00,2.2584878
2025-01-10 05:26:36.185967+00:00,2.2584871
2025-01-10 05:26:48.980197+00:00,2.2584878
2025-01-10 05:27:14.435821+00:00,2.2584881
2025-01-10 05:27:27.328882+00:00,2.2584879
2025-01-10 05:27:40.182323+00:00,2.2584874
2025-01-10 05:27:52.796427+00:00,2.2584874
2025-01-10 05:28:18.044844+00:00,2.2584873
2025-01-10 05:28:30.537546+00:00,2.2584876
2025-01-10 05:28:43.257084+00:00,2.2584879
2025-01-10 05:28:55.666028+00:00,2.2584882
2025-01-10 05:29:22.243845+00:00,2.2584876
2025-01-10 05:29:34.147410+00:00,2.2584876
2025-01-10 05:32:26.525939+00:00,2.2584881
2025-01-10 05:32:40.723825+00:00,2.2584879
2025-01-10 05:32:51.440230+00:00,2.2584877
2025-01-10 05:33:06.291064+00:00,2.2584881
2025-01-10 05:33:22.841278+00:00,2.2584874
2025-01-10 05:33:30.233304+00:00,2.2584878
2025-01-10 05:33:42.639357+00:00,2.2584882
2025-01-10 05:33:55.725343+00:00,2.2584879
2025-01-10 05:34:08.212044+00:00,2.2584877
2025-01-10 05:34:20.941301+00:00,2.2584872
2025-01-10 05:34:34.203215+00:00,2.258488
2025-01-10 05:34:49.193594+00:00,2.2584871
2025-01-10 05:34:59.929116+00:00,2.2584872
2025-01-10 05:35:12.349862+00:00,2.2584884
2025-01-10 05:35:38.125494+00:00,2.2584882
2025-01-10 05:35:50.985150+00:00,2.2584882
2025-01-10 05:36:03.645355+00:00,2.2584879
2025-01-10 05:36:16.302849+00:00,2.2584877
2025-01-10 05:36:28.759313+00:00,2.2584873
2025-01-10 05:36:41.678157+00:00,2.258487
2025-01-10 05:36:54.443240+00:00,2.2584875
2025-01-10 05:37:07.707295+00:00,2.2584881
2025-01-10 05:37:19.849995+00:00,2.2584873
2025-01-10 05:37:33.047404+00:00,2.258487
2025-01-10 05:37:46.216086+00:00,2.2584879
2025-01-10 05:37:58.609035+00:00,2.2584874
2025-01-10 05:38:23.642073+00:00,2.2584872
2025-01-10 05:38:35.790735+00:00,2.2584878
2025-01-10 05:38:48.669704+00:00,2.2584877
2025-01-10 05:39:02.082444+00:00,2.2584872
2025-01-10 05:39:13.847710+00:00,2.2584882
2025-01-10 05:39:27.075814+00:00,2.2584881
2025-01-10 05:39:40.250520+00:00,2.2584878
2025-01-10 05:39:52.039694+00:00,2.2584871
2025-01-10 05:43:00.714370+00:00,2.2584876
2025-01-10 05:43:09.534866+00:00,2.258487
2025-01-10 05:43:22.062792+00:00,2.258488
2025-01-10 05:43:34.778113+00:00,2.2584876
2025-01-10 05:43:51.106830+00:00,2.2584873
2025-01-10 05:44:13.024716+00:00,2.258488
2025-01-10 05:44:25.919291+00:00,2.2584879
2025-01-10 05:44:38.856100+00:00,2.2584876
2025-01-10 05:44:51.362787+00:00,2.2584884
2025-01-10 05:45:18.324017+00:00,2.2584873
2025-01-10 05:45:30.349122+00:00,2.2584883
2025-01-10 05:45:44.487350+00:00,2.2584875
2025-01-10 05:45:55.344664+00:00,2.258488
2025-01-10 05:46:08.820702+00:00,2.258488
2025-01-10 05:46:21.123436+00:00,2.2584879
2025-01-10 05:46:34.005353+00:00,2.2584876
2025-01-10 05:46:46.868350+00:00,2.2584881
2025-01-10 05:46:59.594058+00:00,2.2584875
2025-01-10 05:47:13.126205+00:00,2.2584876
2025-01-10 05:47:24.771111+00:00,2.258488
2025-01-10 05:47:37.777386+00:00,2.2584878
2025-01-10 05:47:51.732335+00:00,2.2584878
2025-01-10 05:48:03.431552+00:00,2.2584875
2025-01-10 05:48:16.308859+00:00,2.258488
2025-01-10 05:48:29.255842+00:00,2.2584884
2025-01-10 05:48:53.835563+00:00,2.2584884
2025-01-10 05:49:07.526761+00:00,2.2584877
2025-01-10 05:49:19.207565+00:00,2.2584873
2025-01-10 05:49:32.203086+00:00,2.2584875
2025-01-10 05:49:44.382444+00:00,2.2584878
2025-01-10 05:50:10.237716+00:00,2.2584878
2025-01-10 05:50:49.389920+00:00,2.2584884
2025-01-10 05:53:27.887304+00:00,2.2584883
2025-01-10 05:53:40.739687+00:00,2.258488
2025-01-10 05:53:53.610082+00:00,2.258488
2025-01-10 05:54:07.143716+00:00,2.2584883
2025-01-10 05:54:18.940636+00:00,2.258488
2025-01-10 05:54:32.155138+00:00,2.2584882
2025-01-10 05:54:44.461769+00:00,2.2584879
2025-01-10 05:54:57.368138+00:00,2.2584881
2025-01-10 05:55:16.924598+00:00,2.2584878
2025-01-10 05:55:36.568133+00:00,2.2584877
2025-01-10 05:55:49.516030+00:00,2.2584879
2025-01-10 05:56:01.704837+00:00,2.2584877
2025-01-10 05:56:14.899770+00:00,2.2584879
2025-01-10 05:56:27.088421+00:00,2.2584879
2025-01-10 05:56:39.964302+00:00,2.2584881
2025-01-10 05:56:52.806089+00:00,2.2584883
2025-01-10 05:57:05.848094+00:00,2.2584879
2025-01-10 05:57:18.465597+00:00,2.2584881
2025-01-10 05:57:56.826787+00:00,2.258488
2025-01-10 05:58:09.714401+00:00,2.2584882
2025-01-10 05:58:22.386889+00:00,2.258488
2025-01-10 05:58:34.847531+00:00,2.2584877
2025-01-10 05:58:47.876918+00:00,2.2584877
2025-01-10 05:59:00.429328+00:00,2.2584877
2025-01-10 05:59:12.729382+00:00,2.2584876
2025-01-10 05:59:25.865758+00:00,2.258487
2025-01-10 05:59:42.086996+00:00,2.2584876
2025-01-10 05:59:50.980658+00:00,2.2584878
2025-01-10 06:00:20.319699+00:00,2.2584884
2025-01-10 06:00:29.083235+00:00,2.2584876
2025-01-10 06:00:54.814153+00:00,2.2584883
2025-01-10 06:03:21.386104+00:00,2.2584881
2025-01-10 06:03:47.072943+00:00,2.2584883
2025-01-10 06:03:59.851439+00:00,2.2584879
2025-01-10 06:04:12.232890+00:00,2.2584874
2025-01-10 06:04:25.241738+00:00,2.2584869
2025-01-10 06:04:37.975019+00:00,2.2584877
2025-01-10 06:05:03.924900+00:00,2.2584874
2025-01-10 06:05:16.719146+00:00,2.2584874
2025-01-10 06:05:30.969229+00:00,2.2584881
2025-01-10 06:05:42.126654+00:00,2.2584882
2025-01-10 06:06:20.584700+00:00,2.2584877
2025-01-10 06:06:33.580454+00:00,2.2584884
2025-01-10 06:06:58.572710+00:00,2.2584878
2025-01-10 06:07:11.892446+00:00,2.2584883
2025-01-10 06:07:24.400779+00:00,2.2584882
2025-01-10 06:07:37.330391+00:00,2.258488
2025-01-10 06:07:49.534225+00:00,2.2584877
2025-01-10 06:08:02.894134+00:00,2.2584881
2025-01-10 06:08:15.484419+00:00,2.2584879
2025-01-10 06:08:28.296221+00:00,2.2584879
2025-01-10 06:08:40.783364+00:00,2.2584882
2025-01-10 06:09:06.424352+00:00,2.2584874
2025-01-10 06:09:20.618770+00:00,2.258488
2025-01-10 06:09:31.433447+00:00,2.2584882
2025-01-10 06:09:43.834882+00:00,2.2584883
2025-01-10 06:09:56.882227+00:00,2.2584872
2025-01-10 06:10:09.573201+00:00,2.2584878
2025-01-10 06:10:22.443855+00:00,2.2584883
2025-01-10 06:10:34.855308+00:00,2.2584875
2025-01-10 06:10:47.954537+00:00,2.2584881
2025-01-10 06:13:00.565226+00:00,2.2584883
2025-01-10 06:13:26.951357+00:00,2.258488
2025-01-10 06:14:05.314566+00:00,2.258487
2025-01-10 06:14:17.914593+00:00,2.2584882
2025-01-10 06:14:30.823303+00:00,2.2584876
2025-01-10 06:14:55.875582+00:00,2.2584876
2025-01-10 06:15:08.812415+00:00,2.2584871
2025-01-10 06:15:23.729071+00:00,2.2584876
2025-01-10 06:15:34.411576+00:00,2.258487
2025-01-10 06:15:47.606512+00:00,2.2584877
2025-01-10 06:15:59.879633+00:00,2.2584873
2025-01-10 06:16:14.523335+00:00,2.2584882
2025-01-10 06:16:25.153179+00:00,2.2584881
2025-01-10 06:16:38.376092+00:00,2.2584874
2025-01-10 06:16:51.089314+00:00,2.2584875
2025-01-10 06:17:04.959203+00:00,2.2584875
2025-01-10 06:17:17.020040+00:00,2.2584872
2025-01-10 06:17:29.606657+00:00,2.2584875
2025-01-10 06:17:42.338413+00:00,2.2584874
2025-01-10 06:17:55.869516+00:00,2.2584883
2025-01-10 06:18:08.360446+00:00,2.2584881
2025-01-10 06:18:21.127463+00:00,2.2584878
2025-01-10 06:18:48.001144+00:00,2.2584872
2025-01-10 06:18:58.969203+00:00,2.2584878
2025-01-10 06:19:12.727073+00:00,2.2584881
2025-01-10 06:19:23.781300+00:00,2.2584874
2025-01-10 06:19:36.854594+00:00,2.2584877
2025-01-10 06:19:48.798481+00:00,2.258488
2025-01-10 06:20:01.830474+00:00,2.2584881
2025-01-10 06:20:14.555915+00:00,2.2584881
2025-01-10 06:20:27.353599+00:00,2.2584877
2025-01-10 06:20:40.157334+00:00,2.2584882
2025-01-10 06:20:52.702433+00:00,2.2584874
2025-01-10 06:21:05.838214+00:00,2.2584883
2025-01-10 06:24:10.666334+00:00,2.2584884
2025-01-10 06:24:23.031991+00:00,2.2584883
2025-01-10 06:24:35.883286+00:00,2.2584873
2025-01-10 06:24:48.680369+00:00,2.2584867
2025-01-10 06:25:27.124091+00:00,2.2584881
2025-01-10 06:25:40.795654+00:00,2.2584878
2025-01-10 06:25:52.559892+00:00,2.2584877
2025-01-10 06:26:25.094120+00:00,2.2584882
2025-01-10 06:26:43.991346+00:00,2.2584876
2025-01-10 06:27:09.960544+00:00,2.2584879
2025-01-10 06:27:22.860274+00:00,2.2584873
2025-01-10 06:27:36.271206+00:00,2.2584877
2025-01-10 06:27:48.252646+00:00,2.258488
2025-01-10 06:28:00.540666+00:00,2.2584878
2025-01-10 06:28:13.279406+00:00,2.2584879
2025-01-10 06:28:26.310973+00:00,2.2584883
2025-01-10 06:28:38.662581+00:00,2.2584881
2025-01-10 06:29:04.868411+00:00,2.2584875
2025-01-10 06:29:30.703844+00:00,2.2584876
2025-01-10 06:29:42.504095+00:00,2.2584883
2025-01-10 06:29:55.218874+00:00,2.2584877
2025-01-10 06:30:07.882661+00:00,2.258488
2025-01-10 06:30:20.489998+00:00,2.2584878
2025-01-10 06:30:34.442381+00:00,2.2584873
2025-01-10 06:30:46.128381+00:00,2.2584874
2025-01-10 06:31:11.829532+00:00,2.2584884
2025-01-10 06:31:23.940892+00:00,2.2584881
2025-01-10 06:31:37.942437+00:00,2.2584883
2025-01-10 06:34:16.024088+00:00,2.2584884
2025-01-10 06:34:28.595248+00:00,2.2584881
2025-01-10 06:34:43.079961+00:00,2.2584882
2025-01-10 06:34:54.341815+00:00,2.2584883
2025-01-10 06:35:07.546001+00:00,2.2584878
2025-01-10 06:35:20.087065+00:00,2.2584878
2025-01-10 06:35:46.458062+00:00,2.2584879
2025-01-10 06:35:58.177511+00:00,2.2584878
2025-01-10 06:36:24.325423+00:00,2.258488
2025-01-10 06:36:36.644203+00:00,2.2584883
2025-01-10 06:36:50.287977+00:00,2.2584882
2025-01-10 06:37:03.053813+00:00,2.2584869
2025-01-10 06:37:14.953174+00:00,2.2584879
2025-01-10 06:37:27.622466+00:00,2.2584881
2025-01-10 06:37:40.647673+00:00,2.258487
2025-01-10 06:37:54.649103+00:00,2.2584881
2025-01-10 06:38:19.063702+00:00,2.2584874
2025-01-10 06:38:32.025826+00:00,2.2584874
2025-01-10 06:38:57.363523+00:00,2.2584875
2025-01-10 06:39:13.357541+00:00,2.2584871
2025-01-10 06:39:22.891340+00:00,2.2584882
2025-01-10 06:39:36.063845+00:00,2.2584875
2025-01-10 06:39:48.408093+00:00,2.2584879
2025-01-10 06:40:01.068620+00:00,2.2584869
2025-01-10 06:40:13.890208+00:00,2.2584879
2025-01-10 06:40:26.122997+00:00,2.2584867
2025-01-10 06:40:38.953050+00:00,2.2584881
2025-01-10 06:40:51.514085+00:00,2.2584869
2025-01-10 06:41:05.536343+00:00,2.258488
2025-01-10 06:41:17.301030+00:00,2.2584878
2025-01-10 06:41:29.587159+00:00,2.2584873
2025-01-10 06:41:42.617782+00:00,2.2584883
2025-01-10 06:41:54.963465+00:00,2.2584884
2025-01-10 06:42:08.324595+00:00,2.2584873
2025-01-10 06:44:46.937545+00:00,2.2584879
2025-01-10 06:45:00.655502+00:00,2.2584884
2025-01-10 06:45:12.840511+00:00,2.2584879
2025-01-10 06:45:25.334797+00:00,2.258488
2025-01-10 06:45:37.824755+00:00,2.2584879
2025-01-10 06:45:52.053548+00:00,2.2584873
2025-01-10 06:46:16.402357+00:00,2.2584879
2025-01-10 06:46:29.135201+00:00,2.2584877
2025-01-10 06:46:42.218551+00:00,2.2584873
2025-01-10 06:46:54.498531+00:00,2.2584877
2025-01-10 06:47:08.664327+00:00,2.2584876
2025-01-10 06:47:20.303585+00:00,2.2584875
2025-01-10 06:47:46.683723+00:00,2.2584864
2025-01-10 06:48:04.911260+00:00,2.2584875
2025-01-10 06:48:11.649492+00:00,2.2584875
2025-01-10 06:48:37.097583+00:00,2.258488
2025-01-10 06:48:49.841728+00:00,2.2584871
2025-01-10 06:49:06.278462+00:00,2.258488
2025-01-10 06:49:16.220105+00:00,2.2584871
2025-01-10 06:49:27.976515+00:00,2.2584879
2025-01-10 06:49:42.320473+00:00,2.2584873
2025-01-10 06:50:06.795849+00:00,2.2584871
2025-01-10 06:50:19.284449+00:00,2.2584879
2025-01-10 06:50:31.680570+00:00,2.2584874
2025-01-10 06:50:43.939728+00:00,2.2584878
2025-01-10 06:50:56.676754+00:00,2.2584884
2025-01-10 06:51:09.584255+00:00,2.2584877
2025-01-10 06:51:22.378243+00:00,2.258488
2025-01-10 06:52:00.353907+00:00,2.258488
2025-01-10 06:52:13.891383+00:00,2.2584872
2025-01-10 06:54:40.435306+00:00,2.258488
2025-01-10 06:54:51.998151+00:00,2.2584876
2025-01-10 06:55:05.417014+00:00,2.2584873
2025-01-10 06:55:32.129787+00:00,2.2584881
2025-01-10 06:55:43.678278+00:00,2.2584873
2025-01-10 06:55:56.871376+00:00,2.2584875
2025-01-10 06:56:10.140527+00:00,2.2584877
2025-01-10 06:56:22.203742+00:00,2.2584874
2025-01-10 06:56:35.261438+00:00,2.2584882
2025-01-10 06:56:48.151358+00:00,2.2584877
2025-01-10 06:57:13.711166+00:00,2.258488
2025-01-10 06:57:26.361508+00:00,2.2584881
2025-01-10 06:57:39.127032+00:00,2.2584876
2025-01-10 06:57:51.946158+00:00,2.2584875
2025-01-10 06:58:04.877587+00:00,2.2584879
2025-01-10 06:58:42.978674+00:00,2.2584873
2025-01-10 06:59:09.190371+00:00,2.2584872
2025-01-10 06:59:21.415539+00:00,2.2584877
2025-01-10 06:59:47.913449+00:00,2.2584872
2025-01-10 07:00:00.997017+00:00,2.2584881
2025-01-10 07:00:12.735513+00:00,2.2584874
2025-01-10 07:00:38.321774+00:00,2.2584882
2025-01-10 07:00:53.628086+00:00,2.2584874
2025-01-10 07:01:04.331792+00:00,2.2584879
2025-01-10 07:01:16.888762+00:00,2.2584881
2025-01-10 07:01:41.391706+00:00,2.2584875
2025-01-10 07:01:54.034705+00:00,2.2584882
2025-01-10 07:02:06.960469+00:00,2.2584883
2025-01-10 07:02:33.193664+00:00,2.2584873
2025-01-10 07:02:45.132352+00:00,2.2584879
2025-01-10 07:03:10.760136+00:00,2.2584876
2025-01-10 07:03:23.090026+00:00,2.2584882
2025-01-10 07:06:27.744791+00:00,2.2584883
2025-01-10 07:06:40.616173+00:00,2.2584884
2025-01-10 07:06:57.721596+00:00,2.2584871
2025-01-10 07:07:06.594463+00:00,2.2584873
2025-01-10 07:07:31.711530+00:00,2.2584879
2025-01-10 07:07:44.113509+00:00,2.2584881
2025-01-10 07:07:58.459571+00:00,2.2584881
2025-01-10 07:08:12.403275+00:00,2.2584875
2025-01-10 07:08:22.651743+00:00,2.2584881
2025-01-10 07:08:35.396331+00:00,2.2584884
2025-01-10 07:08:48.555876+00:00,2.2584882
2025-01-10 07:09:13.936527+00:00,2.2584883
2025-01-10 07:09:26.622271+00:00,2.2584883
2025-01-10 07:09:39.843804+00:00,2.2584874
2025-01-10 07:09:52.380773+00:00,2.2584879
2025-01-10 07:10:05.240650+00:00,2.2584879
2025-01-10 07:10:17.848949+00:00,2.258488
2025-01-10 07:10:30.802725+00:00,2.2584872
2025-01-10 07:10:43.200125+00:00,2.2584879
2025-01-10 07:10:55.932105+00:00,2.2584874
2025-01-10 07:11:09.807517+00:00,2.2584883
2025-01-10 07:11:24.862256+00:00,2.2584875
2025-01-10 07:11:34.348220+00:00,2.2584881
2025-01-10 07:11:59.823969+00:00,2.2584877
2025-01-10 07:12:14.046186+00:00,2.2584875
2025-01-10 07:12:25.333677+00:00,2.258488
2025-01-10 07:12:37.695144+00:00,2.2584877
2025-01-10 07:12:50.377324+00:00,2.258488
2025-01-10 07:13:03.046748+00:00,2.2584875
2025-01-10 07:13:15.890927+00:00,2.2584877
2025-01-10 07:13:28.084005+00:00,2.2584874
2025-01-10 07:13:40.849066+00:00,2.2584883
2025-01-10 07:13:53.493354+00:00,2.258487
2025-01-10 07:14:06.803162+00:00,2.2584873
2025-01-10 07:14:20.546065+00:00,2.2584872
2025-01-10 07:14:32.217815+00:00,2.2584875
2025-01-10 07:17:23.305376+00:00,2.2584884
2025-01-10 07:17:35.862175+00:00,2.2584882
2025-01-10 07:17:48.958517+00:00,2.2584875
2025-01-10 07:18:01.623918+00:00,2.2584875
2025-01-10 07:18:14.906981+00:00,2.2584882
2025-01-10 07:18:27.756297+00:00,2.2584877
2025-01-10 07:18:39.458660+00:00,2.2584874
2025-01-10 07:18:51.598577+00:00,2.258487
2025-01-10 07:19:04.715073+00:00,2.258488
2025-01-10 07:19:18.161307+00:00,2.2584875
2025-01-10 07:19:30.362673+00:00,2.2584875
2025-01-10 07:19:43.089528+00:00,2.2584874
2025-01-10 07:19:55.779441+00:00,2.2584877
2025-01-10 07:20:10.343139+00:00,2.2584876
2025-01-10 07:20:23.518829+00:00,2.2584878
2025-01-10 07:20:34.906843+00:00,2.2584877
2025-01-10 07:20:48.552496+00:00,2.2584883
2025-01-10 07:21:00.376289+00:00,2.2584875
2025-01-10 07:21:16.860300+00:00,2.2584878
2025-01-10 07:21:41.044804+00:00,2.2584883
2025-01-10 07:21:51.110809+00:00,2.2584877
2025-01-10 07:22:19.409930+00:00,2.2584877
2025-01-10 07:22:29.352677+00:00,2.2584884
2025-01-10 07:22:41.971684+00:00,2.2584879
2025-01-10 07:22:54.869232+00:00,2.2584877
2025-01-10 07:23:19.703101+00:00,2.258488
2025-01-10 07:23:33.776664+00:00,2.2584877
2025-01-10 07:23:46.599737+00:00,2.2584872
2025-01-10 07:23:57.745409+00:00,2.2584872
2025-01-10 07:24:10.819829+00:00,2.2584879
2025-01-10 07:24:23.900314+00:00,2.2584881
2025-01-10 07:24:35.685920+00:00,2.2584872
2025-01-10 07:24:48.639082+00:00,2.2584881
2025-01-10 07:25:01.696774+00:00,2.2584883
2025-01-10 07:27:53.565782+00:00,2.2584883
2025-01-10 07:28:06.778212+00:00,2.2584881
2025-01-10 07:28:19.338817+00:00,2.2584874
2025-01-10 07:28:33.267801+00:00,2.2584876
2025-01-10 07:28:57.600414+00:00,2.2584874
2025-01-10 07:29:10.873066+00:00,2.2584872
2025-01-10 07:29:23.433269+00:00,2.2584878
2025-01-10 07:29:36.359414+00:00,2.2584876
2025-01-10 07:29:49.272007+00:00,2.2584878
2025-01-10 07:30:02.237898+00:00,2.2584879
2025-01-10 07:30:14.866038+00:00,2.2584872
2025-01-10 07:30:31.088058+00:00,2.2584875
2025-01-10 07:30:40.016070+00:00,2.2584877
2025-01-10 07:31:05.607128+00:00,2.2584877
2025-01-10 07:31:18.453769+00:00,2.258488
2025-01-10 07:31:31.780556+00:00,2.2584881
2025-01-10 07:31:43.874411+00:00,2.2584875
2025-01-10 07:31:56.641404+00:00,2.2584879
2025-01-10 07:32:09.653243+00:00,2.2584878
2025-01-10 07:32:35.703722+00:00,2.258488
2025-01-10 07:32:47.859473+00:00,2.2584881
2025-01-10 07:33:02.131686+00:00,2.258488
2025-01-10 07:33:38.614318+00:00,2.2584877
2025-01-10 07:33:51.051463+00:00,2.2584884
2025-01-10 07:34:04.711656+00:00,2.2584878
2025-01-10 07:34:17.215865+00:00,2.258487
2025-01-10 07:34:30.170641+00:00,2.2584875
2025-01-10 07:34:41.397638+00:00,2.2584878
2025-01-10 07:34:54.345522+00:00,2.2584873
2025-01-10 07:35:08.431557+00:00,2.2584882
2025-01-10 07:35:19.715747+00:00,2.2584879
2025-01-10 07:35:33.263880+00:00,2.2584876
2025-01-10 07:35:58.256785+00:00,2.2584878
2025-01-10 07:38:11.105360+00:00,2.2584872
2025-01-10 07:38:36.659371+00:00,2.2584884
2025-01-10 07:38:49.254796+00:00,2.2584881
2025-01-10 07:39:02.417000+00:00,2.2584876
2025-01-10 07:39:19.694988+00:00,2.2584872
2025-01-10 07:39:27.355500+00:00,2.2584874
2025-01-10 07:39:39.851178+00:00,2.2584874
2025-01-10 07:39:52.826540+00:00,2.2584873
2025-01-10 07:40:18.350729+00:00,2.2584873
2025-01-10 07:40:43.960882+00:00,2.2584879
2025-01-10 07:40:56.547253+00:00,2.2584878
2025-01-10 07:41:09.874185+00:00,2.2584877
2025-01-10 07:41:22.730498+00:00,2.2584877
2025-01-10 07:41:34.870720+00:00,2.2584879
2025-01-10 07:42:00.627469+00:00,2.2584878
2025-01-10 07:42:13.343106+00:00,2.258488
2025-01-10 07:42:25.945291+00:00,2.2584883
2025-01-10 07:42:39.445371+00:00,2.2584877
2025-01-10 07:42:51.571997+00:00,2.2584879
2025-01-10 07:43:05.353957+00:00,2.258488
2025-01-10 07:43:17.261943+00:00,2.2584874
2025-01-10 07:43:29.811312+00:00,2.2584874
2025-01-10 07:43:43.366135+00:00,2.2584877
2025-01-10 07:43:55.805931+00:00,2.258488
2025-01-10 07:44:11.696984+00:00,2.2584876
2025-01-10 07:44:21.044743+00:00,2.2584874
2025-01-10 07:44:33.757301+00:00,2.258488
2025-01-10 07:44:47.980053+00:00,2.2584878
2025-01-10 07:44:58.448521+00:00,2.2584879
2025-01-10 07:45:11.680887+00:00,2.2584876
2025-01-10 07:45:36.577577+00:00,2.2584872
2025-01-10 07:45:49.287938+00:00,2.2584878
2025-01-10 07:46:14.611901+00:00,2.2584883
2025-01-10 07:49:07.354193+00:00,2.2584884
2025-01-10 07:49:34.061331+00:00,2.2584883
2025-01-10 07:50:12.647498+00:00,2.2584878
2025-01-10 07:50:24.854365+00:00,2.2584876
2025-01-10 07:50:37.202820+00:00,2.258488
2025-01-10 07:51:16.174992+00:00,2.2584875
2025-01-10 07:51:27.951197+00:00,2.258488
2025-01-10 07:51:42.164491+00:00,2.2584883
2025-01-10 07:52:06.476702+00:00,2.258488
2025-01-10 07:52:19.598259+00:00,2.2584871
2025-01-10 07:52:34.148707+00:00,2.2584881
2025-01-10 07:52:57.485325+00:00,2.2584873
2025-01-10 07:53:23.439153+00:00,2.2584873
2025-01-10 07:53:48.692984+00:00,2.2584871
2025-01-10 07:54:01.569556+00:00,2.2584875
2025-01-10 07:54:17.247884+00:00,2.2584881
2025-01-10 07:54:39.061342+00:00,2.2584874
2025-01-10 07:54:52.167445+00:00,2.2584874
2025-01-10 07:55:17.458238+00:00,2.2584878
2025-01-10 07:55:34.662700+00:00,2.2584883
2025-01-10 07:55:42.437945+00:00,2.2584876
2025-01-10 07:56:08.035634+00:00,2.2584875
2025-01-10 07:56:20.737921+00:00,2.2584871
2025-01-10 07:56:33.297365+00:00,2.2584877
2025-01-10 07:57:00.031369+00:00,2.258488
2025-01-10 07:57:12.254534+00:00,2.2584884
2025-01-10 07:59:25.673242+00:00,2.2584872
2025-01-10 07:59:37.755066+00:00,2.2584874
2025-01-10 07:59:50.628232+00:00,2.2584874
2025-01-10 08:00:03.841531+00:00,2.2584875
2025-01-10 08:00:15.995753+00:00,2.2584879
2025-01-10 08:00:28.668697+00:00,2.2584881
2025-01-10 08:00:41.894202+00:00,2.2584882
2025-01-10 08:00:54.077399+00:00,2.258488
2025-01-10 08:01:07.677996+00:00,2.2584883
2025-01-10 08:01:21.332734+00:00,2.258488
2025-01-10 08:01:32.933131+00:00,2.2584879
2025-01-10 08:01:48.524458+00:00,2.2584874
2025-01-10 08:01:57.900161+00:00,2.258488
2025-01-10 08:02:15.644734+00:00,2.2584876
2025-01-10 08:02:23.668600+00:00,2.2584868
2025-01-10 08:02:36.885734+00:00,2.2584875
2025-01-10 08:02:49.613503+00:00,2.2584872
2025-01-10 08:03:01.763788+00:00,2.2584878
2025-01-10 08:03:17.330296+00:00,2.2584884
2025-01-10 08:03:27.462753+00:00,2.2584879
2025-01-10 08:03:40.651535+00:00,2.2584875
2025-01-10 08:03:53.175643+00:00,2.2584872
2025-01-10 08:04:07.267044+00:00,2.2584877
2025-01-10 08:04:19.536401+00:00,2.2584877
2025-01-10 08:04:32.344385+00:00,2.2584883
2025-01-10 08:04:56.427759+00:00,2.2584874
2025-01-10 08:05:09.088848+00:00,2.2584877
2025-01-10 08:05:22.224905+00:00,2.2584872
2025-01-10 08:05:34.511206+00:00,2.2584875
2025-01-10 08:05:47.117069+00:00,2.2584877
2025-01-10 08:05:59.875709+00:00,2.2584878
2025-01-10 08:06:12.692293+00:00,2.2584877
2025-01-10 08:09:05.122728+00:00,2.258488
2025-01-10 08:09:43.533483+00:00,2.2584883
2025-01-10 08:09:56.589892+00:00,2.2584884
2025-01-10 08:10:09.899304+00:00,2.2584877
2025-01-10 08:10:22.016928+00:00,2.2584876
2025-01-10 08:10:36.228955+00:00,2.2584872
2025-01-10 08:11:00.063878+00:00,2.2584879
2025-01-10 08:12:04.503146+00:00,2.2584879
2025-01-10 08:12:16.825299+00:00,2.258488
2025-01-10 08:12:29.372126+00:00,2.2584884
2025-01-10 08:12:42.291694+00:00,2.2584881
2025-01-10 08:13:07.921209+00:00,2.2584878
2025-01-10 08:13:20.489314+00:00,2.2584875
2025-01-10 08:13:33.585380+00:00,2.2584872
2025-01-10 08:13:46.371256+00:00,2.2584874
2025-01-10 08:13:58.984255+00:00,2.2584875
2025-01-10 08:14:24.225548+00:00,2.2584879
2025-01-10 08:14:37.093415+00:00,2.2584879
2025-01-10 08:14:49.845910+00:00,2.258488
2025-01-10 08:15:02.470000+00:00,2.2584877
2025-01-10 08:15:15.017906+00:00,2.258487
2025-01-10 08:15:27.768908+00:00,2.2584872
2025-01-10 08:15:40.796010+00:00,2.2584877
2025-01-10 08:16:05.749479+00:00,2.2584876
2025-01-10 08:16:19.234325+00:00,2.258488
2025-01-10 08:16:31.021425+00:00,2.2584878
2025-01-10 08:19:48.953847+00:00,2.2584884
2025-01-10 08:20:01.953830+00:00,2.258488
2025-01-10 08:20:14.951910+00:00,2.2584879
2025-01-10 08:20:27.586822+00:00,2.2584878
2025-01-10 08:20:40.534245+00:00,2.258488
2025-01-10 08:21:06.399695+00:00,2.2584878
2025-01-10 08:21:31.882161+00:00,2.2584882
2025-01-10 08:21:44.641254+00:00,2.2584879
2025-01-10 08:21:57.747835+00:00,2.2584881
2025-01-10 08:22:48.688378+00:00,2.2584876
2025-01-10 08:23:03.384388+00:00,2.258488
2025-01-10 08:23:13.951263+00:00,2.258488
2025-01-10 08:23:27.316048+00:00,2.2584881
2025-01-10 08:23:39.793908+00:00,2.2584884
2025-01-10 08:23:53.681478+00:00,2.2584879
2025-01-10 08:24:10.429013+00:00,2.2584877
2025-01-10 08:24:18.595682+00:00,2.2584874
2025-01-10 08:24:43.816137+00:00,2.2584874
2025-01-10 08:25:10.053434+00:00,2.2584875
2025-01-10 08:25:22.449494+00:00,2.2584881
2025-01-10 08:25:34.971684+00:00,2.2584879
2025-01-10 08:25:47.854048+00:00,2.2584877
2025-01-10 08:26:15.169488+00:00,2.2584874
2025-01-10 08:26:25.423250+00:00,2.258488
2025-01-10 08:26:37.940588+00:00,2.2584881
2025-01-10 08:26:51.072880+00:00,2.258488
2025-01-10 08:27:03.724791+00:00,2.2584872
2025-01-10 08:27:30.625470+00:00,2.2584877
2025-01-10 08:27:42.071069+00:00,2.2584877
2025-01-10 08:30:10.306714+00:00,2.2584879
2025-01-10 08:30:22.320173+00:00,2.2584884
2025-01-10 08:30:34.363939+00:00,2.2584881
2025-01-10 08:30:47.029955+00:00,2.258488
2025-01-10 08:31:00.051360+00:00,2.2584875
2025-01-10 08:31:12.498786+00:00,2.2584876
2025-01-10 08:31:26.431705+00:00,2.2584879
2025-01-10 08:31:51.954340+00:00,2.2584875
2025-01-10 08:32:04.379019+00:00,2.2584878
2025-01-10 08:32:17.072346+00:00,2.2584876
2025-01-10 08:32:29.539039+00:00,2.2584874
2025-01-10 08:32:55.321678+00:00,2.2584873
2025-01-10 08:33:08.792537+00:00,2.2584875
2025-01-10 08:33:33.849584+00:00,2.2584881
2025-01-10 08:33:59.319558+00:00,2.258488
2025-01-10 08:34:12.299567+00:00,2.2584869
2025-01-10 08:34:24.726075+00:00,2.2584879
2025-01-10 08:34:37.857286+00:00,2.2584877
2025-01-10 08:34:50.453044+00:00,2.2584884
2025-01-10 08:35:03.322975+00:00,2.258488
2025-01-10 08:35:16.195836+00:00,2.2584876
2025-01-10 08:35:28.643349+00:00,2.2584878
2025-01-10 08:35:41.031656+00:00,2.2584878
2025-01-10 08:35:53.376773+00:00,2.2584879
2025-01-10 08:36:07.781997+00:00,2.2584874
2025-01-10 08:36:18.829391+00:00,2.2584878
2025-01-10 08:36:31.868114+00:00,2.2584877
2025-01-10 08:36:44.430092+00:00,2.2584879
2025-01-10 08:36:57.390797+00:00,2.258488
2025-01-10 08:37:10.317770+00:00,2.2584874
2025-01-10 08:37:23.280290+00:00,2.2584876
2025-01-10 08:38:56.504388+00:00,2.2584884
2025-01-10 08:39:22.909838+00:00,2.2584882
2025-01-10 08:39:35.776506+00:00,2.2584878
2025-01-10 08:39:48.684386+00:00,2.258488
2025-01-10 08:40:14.779662+00:00,2.2584873
2025-01-10 08:40:27.736133+00:00,2.2584874
2025-01-10 08:40:40.039856+00:00,2.2584876
2025-01-10 08:40:52.585966+00:00,2.2584871
2025-01-10 08:41:05.889264+00:00,2.2584876
2025-01-10 08:41:19.147684+00:00,2.2584879
2025-01-10 08:41:32.361259+00:00,2.2584871
2025-01-10 08:41:45.498990+00:00,2.2584878
2025-01-10 08:41:57.890036+00:00,2.2584876
2025-01-10 08:42:09.844088+00:00,2.2584875
2025-01-10 08:42:35.556857+00:00,2.2584879
2025-01-10 08:43:01.262297+00:00,2.2584879
2025-01-10 08:43:13.645584+00:00,2.2584871
2025-01-10 08:43:26.606107+00:00,2.2584874
2025-01-10 08:43:39.297153+00:00,2.2584884
2025-01-10 08:43:52.882698+00:00,2.2584877
2025-01-10 08:44:06.343825+00:00,2.2584876
2025-01-10 08:44:20.129308+00:00,2.2584875
2025-01-10 08:44:30.662795+00:00,2.2584874
2025-01-10 08:44:43.427566+00:00,2.2584871
2025-01-10 08:44:57.056955+00:00,2.2584874
2025-01-10 08:45:09.227714+00:00,2.2584872
2025-01-10 08:45:27.743059+00:00,2.258487
2025-01-10 08:45:34.202205+00:00,2.2584871
2025-01-10 08:45:48.684829+00:00,2.2584867
2025-01-10 08:45:59.287141+00:00,2.2584871
2025-01-10 08:46:11.599089+00:00,2.2584879
2025-01-10 08:46:24.193502+00:00,2.2584863
2025-01-10 08:46:37.068074+00:00,2.258487
2025-01-10 08:46:50.125665+00:00,2.2584879
2025-01-10 08:47:03.937411+00:00,2.2584868
2025-01-10 08:49:29.169292+00:00,2.2584883
2025-01-10 08:49:42.113166+00:00,2.2584877
2025-01-10 08:50:08.412828+00:00,2.2584876
2025-01-10 08:50:20.880567+00:00,2.2584874
2025-01-10 08:50:35.140326+00:00,2.2584868
2025-01-10 08:50:46.958283+00:00,2.2584878
2025-01-10 08:50:59.802686+00:00,2.258487
2025-01-10 08:51:12.262258+00:00,2.2584876
2025-01-10 08:51:37.518152+00:00,2.2584875
2025-01-10 08:52:03.751120+00:00,2.2584877
2025-01-10 08:52:28.817372+00:00,2.2584874
2025-01-10 08:52:41.656022+00:00,2.2584878
2025-01-10 08:52:54.311141+00:00,2.2584874
2025-01-10 08:53:13.802827+00:00,2.2584877
2025-01-10 08:53:21.277108+00:00,2.2584872
2025-01-10 08:53:33.391457+00:00,2.2584876
2025-01-10 08:53:58.326330+00:00,2.2584872
2025-01-10 08:54:11.455339+00:00,2.2584875
2025-01-10 08:54:24.151921+00:00,2.2584879
2025-01-10 08:54:50.176487+00:00,2.2584875
2025-01-10 08:55:15.526928+00:00,2.2584879
2025-01-10 08:55:40.514473+00:00,2.2584874
2025-01-10 08:55:52.891528+00:00,2.2584879
2025-01-10 08:56:05.700785+00:00,2.2584884
2025-01-10 08:56:19.717986+00:00,2.2584875
2025-01-10 08:56:31.267011+00:00,2.2584881
2025-01-10 08:56:43.599841+00:00,2.2584878
2025-01-10 08:57:21.947971+00:00,2.2584874
2025-01-10 09:00:00.803743+00:00,2.2584882
2025-01-10 09:00:14.095236+00:00,2.2584881
2025-01-10 09:00:45.303452+00:00,2.2584874
2025-01-10 09:00:51.848742+00:00,2.258488
2025-01-10 09:01:04.944045+00:00,2.2584874
2025-01-10 09:01:19.050363+00:00,2.2584881
2025-01-10 09:01:29.821317+00:00,2.2584878
2025-01-10 09:01:55.632030+00:00,2.2584873
2025-01-10 09:02:09.111249+00:00,2.2584884
2025-01-10 09:02:21.141183+00:00,2.258487
2025-01-10 09:02:33.952530+00:00,2.2584882
2025-01-10 09:02:46.880991+00:00,2.2584884
2025-01-10 09:03:12.356440+00:00,2.2584881
2025-01-10 09:03:25.506731+00:00,2.258488
2025-01-10 09:03:38.108049+00:00,2.2584878
2025-01-10 09:03:50.959219+00:00,2.2584882
2025-01-10 09:04:04.097725+00:00,2.2584883
2025-01-10 09:04:19.204812+00:00,2.2584879
2025-01-10 09:04:30.886438+00:00,2.2584873
2025-01-10 09:04:42.244441+00:00,2.2584882
2025-01-10 09:04:55.470291+00:00,2.2584881
2025-01-10 09:05:21.147492+00:00,2.2584882
2025-01-10 09:05:33.872022+00:00,2.2584877
2025-01-10 09:05:46.378013+00:00,2.2584876
2025-01-10 09:05:58.828152+00:00,2.2584875
2025-01-10 09:06:11.786176+00:00,2.2584875
2025-01-10 09:06:23.818026+00:00,2.2584884
2025-01-10 09:06:36.560869+00:00,2.2584875
2025-01-10 09:06:49.250475+00:00,2.2584876
2025-01-10 09:07:03.244830+00:00,2.2584881
2025-01-10 09:07:14.633893+00:00,2.2584881
2025-01-10 09:07:26.959649+00:00,2.2584875
2025-01-10 09:07:39.932937+00:00,2.2584877
2025-01-10 09:07:53.095025+00:00,2.2584882
2025-01-10 09:08:23.676459+00:00,2.258488
2025-01-10 09:10:18.725982+00:00,2.2584874
2025-01-10 09:10:32.194296+00:00,2.2584875
2025-01-10 09:10:44.084435+00:00,2.2584878
2025-01-10 09:10:57.424014+00:00,2.2584875
2025-01-10 09:11:09.755594+00:00,2.2584878
2025-01-10 09:11:22.508941+00:00,2.2584875
2025-01-10 09:11:35.359437+00:00,2.2584875
2025-01-10 09:11:48.826718+00:00,2.2584881
2025-01-10 09:12:01.775417+00:00,2.2584879
2025-01-10 09:12:15.704178+00:00,2.2584881
2025-01-10 09:12:26.539076+00:00,2.2584877
2025-01-10 09:12:39.153138+00:00,2.2584871
2025-01-10 09:12:52.007771+00:00,2.2584879
2025-01-10 09:13:05.667190+00:00,2.2584876
2025-01-10 09:13:18.928128+00:00,2.2584872
2025-01-10 09:13:43.848360+00:00,2.258488
2025-01-10 09:13:56.401998+00:00,2.2584879
2025-01-10 09:14:10.167298+00:00,2.2584879
2025-01-10 09:14:21.877300+00:00,2.2584874
2025-01-10 09:14:38.263403+00:00,2.2584872
2025-01-10 09:14:47.633364+00:00,2.2584879
2025-01-10 09:14:59.921928+00:00,2.2584873
2025-01-10 09:15:15.768953+00:00,2.2584876
2025-01-10 09:15:25.326024+00:00,2.2584873
2025-01-10 09:15:38.626333+00:00,2.2584877
2025-01-10 09:15:51.036234+00:00,2.2584876
2025-01-10 09:16:03.440166+00:00,2.2584871
2025-01-10 09:16:16.653385+00:00,2.2584873
2025-01-10 09:16:29.949175+00:00,2.2584884
2025-01-10 09:16:41.642889+00:00,2.2584872
2025-01-10 09:16:56.056892+00:00,2.2584876
2025-01-10 09:17:09.930320+00:00,2.2584876
2025-01-10 09:17:20.551377+00:00,2.258487
2025-01-10 09:18:54.243656+00:00,2.2584881
2025-01-10 09:19:20.525043+00:00,2.2584881
2025-01-10 09:19:46.463359+00:00,2.2584871
2025-01-10 09:20:09.438950+00:00,2.2584873
2025-01-10 09:20:14.033201+00:00,2.2584884
2025-01-10 09:20:29.409270+00:00,2.2584882
2025-01-10 09:20:38.390832+00:00,2.2584878
2025-01-10 09:20:51.400801+00:00,2.2584871
2025-01-10 09:21:04.078444+00:00,2.2584879
2025-01-10 09:21:29.920326+00:00,2.2584871
2025-01-10 09:21:55.856920+00:00,2.2584875
2025-01-10 09:22:08.580380+00:00,2.2584874
2025-01-10 09:22:20.670224+00:00,2.2584872
2025-01-10 09:22:47.511689+00:00,2.2584884
2025-01-10 09:22:59.047093+00:00,2.2584875
2025-01-10 09:23:13.771436+00:00,2.2584879
2025-01-10 09:23:24.833084+00:00,2.2584871
2025-01-10 09:23:50.329326+00:00,2.2584876
2025-01-10 09:24:03.554061+00:00,2.2584884
2025-01-10 09:24:16.150238+00:00,2.2584877
2025-01-10 09:24:41.235917+00:00,2.2584883
2025-01-10 09:25:06.750472+00:00,2.2584876
2025-01-10 09:25:45.573391+00:00,2.2584882
2025-01-10 09:25:57.245629+00:00,2.2584877
2025-01-10 09:26:22.499101+00:00,2.2584881
2025-01-10 09:26:39.842182+00:00,2.258488
2025-01-10 09:27:00.785063+00:00,2.2584879
2025-01-10 09:30:04.723801+00:00,2.2584882
2025-01-10 09:31:21.696098+00:00,2.2584881
2025-01-10 09:31:34.780475+00:00,2.2584878
2025-01-10 09:32:51.479736+00:00,2.2584884
2025-01-10 09:33:04.342529+00:00,2.2584875
2025-01-10 09:33:42.602989+00:00,2.2584881
2025-01-10 09:33:55.788105+00:00,2.2584882
2025-01-10 09:34:14.907783+00:00,2.2584882
2025-01-10 09:34:21.007994+00:00,2.258488
2025-01-10 09:34:33.952031+00:00,2.258488
2025-01-10 09:36:06.229479+00:00,2.258488
2025-01-10 09:36:40.378384+00:00,2.2584876
2025-01-10 09:36:53.375047+00:00,2.2584879
2025-01-10 09:37:18.880038+00:00,2.2584883
2025-01-10 09:37:31.518678+00:00,2.2584884
2025-01-10 09:40:48.659577+00:00,2.258488
2025-01-10 09:41:14.377140+00:00,2.2584881
2025-01-10 09:42:05.874820+00:00,2.258488
2025-01-10 09:42:19.160001+00:00,2.2584875
2025-01-10 09:42:32.255471+00:00,2.2584878
2025-01-10 09:42:57.043017+00:00,2.2584876
2025-01-10 09:43:11.737491+00:00,2.2584878
2025-01-10 09:43:22.424032+00:00,2.258487
2025-01-10 09:44:00.946908+00:00,2.2584878
2025-01-10 09:44:13.561126+00:00,2.2584878
2025-01-10 09:44:26.952278+00:00,2.2584879
2025-01-10 09:44:39.183534+00:00,2.2584876
2025-01-10 09:45:04.929506+00:00,2.2584874
2025-01-10 09:45:19.107309+00:00,2.2584882
2025-01-10 09:45:30.619295+00:00,2.2584872
2025-01-10 09:45:48.029193+00:00,2.2584884
2025-01-10 09:46:08.726326+00:00,2.2584872
2025-01-10 09:46:20.989042+00:00,2.2584875
2025-01-10 09:46:33.515009+00:00,2.2584873
2025-01-10 09:46:46.403473+00:00,2.2584882
2025-01-10 09:47:12.030377+00:00,2.2584878
2025-01-10 09:47:24.598326+00:00,2.2584873
2025-01-10 09:50:30.984006+00:00,2.2584883
2025-01-10 09:50:43.059782+00:00,2.2584875
2025-01-10 09:50:55.416592+00:00,2.2584877
2025-01-10 09:51:12.268778+00:00,2.2584882
2025-01-10 09:51:21.658549+00:00,2.258487
2025-01-10 09:51:34.351295+00:00,2.2584874
2025-01-10 09:51:59.883688+00:00,2.2584871
2025-01-10 09:52:38.309527+00:00,2.2584874
2025-01-10 09:52:51.017986+00:00,2.2584874
2025-01-10 09:53:04.161781+00:00,2.2584874
2025-01-10 09:53:16.920456+00:00,2.2584872
2025-01-10 09:53:29.488767+00:00,2.2584873
2025-01-10 09:53:42.590678+00:00,2.2584879
2025-01-10 09:54:06.084680+00:00,2.2584872
2025-01-10 09:54:08.067556+00:00,2.2584881
2025-01-10 09:54:34.200292+00:00,2.2584873
2025-01-10 09:54:48.977829+00:00,2.2584882
2025-01-10 09:54:59.228555+00:00,2.2584883
2025-01-10 09:55:25.164258+00:00,2.2584873
2025-01-10 09:55:37.419136+00:00,2.2584879
2025-01-10 09:55:50.199383+00:00,2.258488
2025-01-10 09:56:03.900015+00:00,2.258488
2025-01-10 09:56:16.223098+00:00,2.2584876
2025-01-10 09:56:28.205487+00:00,2.2584881
2025-01-10 09:56:41.198776+00:00,2.2584874
2025-01-10 09:56:54.064067+00:00,2.2584879
2025-01-10 10:00:11.999293+00:00,2.2584877
2025-01-10 10:00:24.887567+00:00,2.2584877
2025-01-10 10:00:37.736340+00:00,2.2584871
2025-01-10 10:00:50.199757+00:00,2.2584875
2025-01-10 10:01:16.085348+00:00,2.258488
2025-01-10 10:02:07.892278+00:00,2.2584874
2025-01-10 10:02:20.334918+00:00,2.258488
2025-01-10 10:03:00.945975+00:00,2.2584883
2025-01-10 10:03:13.031991+00:00,2.2584878
2025-01-10 10:03:24.148916+00:00,2.2584878
2025-01-10 10:03:37.155304+00:00,2.2584878
2025-01-10 10:04:03.326502+00:00,2.2584877
2025-01-10 10:04:41.657969+00:00,2.2584883
2025-01-10 10:04:53.874530+00:00,2.2584883
2025-01-10 10:05:06.634789+00:00,2.2584878
2025-01-10 10:05:19.595713+00:00,2.2584878
2025-01-10 10:05:32.062133+00:00,2.2584881
2025-01-10 10:05:44.471458+00:00,2.2584884
2025-01-10 10:06:10.278535+00:00,2.2584881
2025-01-10 10:06:24.173165+00:00,2.2584881
2025-01-10 10:06:49.146450+00:00,2.2584878
2025-01-10 10:09:28.036899+00:00,2.2584877
2025-01-10 10:09:41.025277+00:00,2.2584884
2025-01-10 10:10:07.253894+00:00,2.2584881
2025-01-10 10:11:00.405329+00:00,2.2584878
2025-01-10 10:11:23.842363+00:00,2.2584882
2025-01-10 10:11:36.797867+00:00,2.258488
2025-01-10 10:11:49.339586+00:00,2.2584876
2025-01-10 10:12:04.473889+00:00,2.2584884
2025-01-10 10:12:14.988038+00:00,2.2584881
2025-01-10 10:12:27.919750+00:00,2.2584884
2025-01-10 10:12:40.868718+00:00,2.258488
2025-01-10 10:12:57.180506+00:00,2.2584882
2025-01-10 10:13:19.793870+00:00,2.2584884
2025-01-10 10:13:44.909908+00:00,2.2584883
2025-01-10 10:13:57.879321+00:00,2.258488
2025-01-10 10:14:10.725208+00:00,2.2584879
2025-01-10 10:14:22.997139+00:00,2.258488
2025-01-10 10:14:35.745016+00:00,2.2584884
2025-01-10 10:14:48.684651+00:00,2.258488
2025-01-10 10:15:01.307008+00:00,2.2584868
2025-01-10 10:15:26.381064+00:00,2.2584876
2025-01-10 10:16:17.963563+00:00,2.2584883
2025-01-10 10:19:12.077107+00:00,2.2584883
2025-01-10 10:19:35.279522+00:00,2.2584882
2025-01-10 10:19:48.333548+00:00,2.258488
2025-01-10 10:20:26.709416+00:00,2.2584873
2025-01-10 10:20:52.631813+00:00,2.2584881
2025-01-10 10:21:32.368461+00:00,2.2584881
2025-01-10 10:21:44.427664+00:00,2.2584883
2025-01-10 10:21:57.760729+00:00,2.2584872
2025-01-10 10:22:09.604807+00:00,2.2584882
2025-01-10 10:22:22.040351+00:00,2.2584874
2025-01-10 10:22:35.585432+00:00,2.2584874
2025-01-10 10:22:47.796426+00:00,2.2584881
2025-01-10 10:23:00.972993+00:00,2.258487
2025-01-10 10:23:13.161441+00:00,2.258488
2025-01-10 10:23:38.912324+00:00,2.2584875
2025-01-10 10:23:51.751373+00:00,2.2584882
2025-01-10 10:24:04.782658+00:00,2.2584883
2025-01-10 10:24:17.540230+00:00,2.2584881
2025-01-10 10:24:43.032965+00:00,2.2584882
2025-01-10 10:24:56.300509+00:00,2.2584872
2025-01-10 10:25:08.788948+00:00,2.2584877
2025-01-10 10:25:21.475280+00:00,2.2584874
2025-01-10 10:25:34.940285+00:00,2.2584869
2025-01-10 10:25:46.671391+00:00,2.2584879
2025-01-10 10:25:58.956981+00:00,2.2584871
2025-01-10 10:26:12.423520+00:00,2.2584872
2025-01-10 10:26:50.388660+00:00,2.2584877
2025-01-10 10:27:03.349306+00:00,2.2584884
2025-01-10 10:27:30.480110+00:00,2.2584882
2025-01-10 10:30:09.397710+00:00,2.2584879
2025-01-10 10:30:33.785737+00:00,2.2584883
2025-01-10 10:30:46.324843+00:00,2.2584871
2025-01-10 10:31:25.069996+00:00,2.2584871
2025-01-10 10:31:37.752060+00:00,2.2584879
2025-01-10 10:32:16.740257+00:00,2.2584882
2025-01-10 10:32:29.155108+00:00,2.2584884
2025-01-10 10:32:42.189832+00:00,2.2584883
2025-01-10 10:32:55.715367+00:00,2.2584882
2025-01-10 10:33:07.823298+00:00,2.2584882
2025-01-10 10:33:21.015410+00:00,2.2584881
2025-01-10 10:33:33.497738+00:00,2.2584882
2025-01-10 10:33:47.595495+00:00,2.2584879
2025-01-10 10:34:11.962288+00:00,2.258488
2025-01-10 10:34:37.244801+00:00,2.2584881
2025-01-10 10:34:49.854192+00:00,2.2584884
2025-01-10 10:35:03.375055+00:00,2.2584875
2025-01-10 10:35:29.181429+00:00,2.2584879
2025-01-10 10:35:40.431809+00:00,2.2584865
2025-01-10 10:36:32.971515+00:00,2.2584882
2025-01-10 10:36:44.095675+00:00,2.2584877
2025-01-10 10:36:57.539975+00:00,2.2584882
2025-01-10 10:39:49.643408+00:00,2.2584883
2025-01-10 10:40:44.883356+00:00,2.2584884
2025-01-10 10:40:54.135741+00:00,2.2584883
2025-01-10 10:41:07.549201+00:00,2.2584883
2025-01-10 10:41:19.690284+00:00,2.258488
2025-01-10 10:41:32.755537+00:00,2.2584883
2025-01-10 10:43:53.946558+00:00,2.2584879
2025-01-10 10:44:32.687627+00:00,2.2584877
2025-01-10 10:45:01.796211+00:00,2.2584879
2025-01-10 10:45:10.753783+00:00,2.258488
2025-01-10 10:45:35.841437+00:00,2.2584876
2025-01-10 10:45:54.134776+00:00,2.2584878
2025-01-10 10:46:01.252791+00:00,2.2584882
2025-01-10 10:46:16.006840+00:00,2.2584882
2025-01-10 10:46:39.840866+00:00,2.258488
2025-01-10 10:47:05.210338+00:00,2.2584883
2025-01-10 10:50:10.201180+00:00,2.258488
2025-01-10 10:50:35.233910+00:00,2.2584878
2025-01-10 10:51:26.108976+00:00,2.2584876
2025-01-10 10:51:41.554380+00:00,2.2584881
2025-01-10 10:51:53.336762+00:00,2.2584877
2025-01-10 10:52:07.436589+00:00,2.2584874
2025-01-10 10:52:31.244630+00:00,2.2584884
2025-01-10 10:53:09.708527+00:00,2.2584883
2025-01-10 10:53:22.694421+00:00,2.2584877
2025-01-10 10:53:47.518210+00:00,2.2584871
2025-01-10 10:54:13.742933+00:00,2.2584868
2025-01-10 10:54:25.806084+00:00,2.2584879
2025-01-10 10:54:39.245351+00:00,2.2584881
2025-01-10 10:55:04.773916+00:00,2.2584881
2025-01-10 10:55:17.395932+00:00,2.2584876
2025-01-10 10:55:30.764050+00:00,2.258488
2025-01-10 10:55:55.238232+00:00,2.2584883
2025-01-10 10:56:08.020684+00:00,2.2584882
2025-01-10 10:56:33.621978+00:00,2.2584879
2025-01-10 10:57:12.415522+00:00,2.2584883
2025-01-10 10:57:23.871280+00:00,2.2584878
2025-01-10 10:57:49.915706+00:00,2.2584881
2025-01-10 10:58:17.498413+00:00,2.2584879
2025-01-10 11:01:07.262581+00:00,2.2584884
2025-01-10 11:01:33.255799+00:00,2.2584876
2025-01-10 11:01:45.622375+00:00,2.2584876
2025-01-10 11:02:11.195948+00:00,2.2584879
2025-01-10 11:02:25.520649+00:00,2.2584878
2025-01-10 11:02:36.806506+00:00,2.258487
2025-01-10 11:02:50.768500+00:00,2.2584876
2025-01-10 11:03:02.975965+00:00,2.2584874
2025-01-10 11:03:41.147540+00:00,2.2584875
2025-01-10 11:03:53.930011+00:00,2.2584882
2025-01-10 11:04:09.095256+00:00,2.2584875
2025-01-10 11:04:19.895695+00:00,2.258488
2025-01-10 11:04:32.967972+00:00,2.2584874
2025-01-10 11:05:11.839953+00:00,2.2584875
2025-01-10 11:05:23.857715+00:00,2.258488
2025-01-10 11:05:49.353448+00:00,2.2584868
2025-01-10 11:06:02.184729+00:00,2.2584879
2025-01-10 11:06:14.768429+00:00,2.258488
2025-01-10 11:06:27.421358+00:00,2.2584876
2025-01-10 11:06:40.900556+00:00,2.2584878
2025-01-10 11:06:53.978347+00:00,2.2584882
2025-01-10 11:07:05.992941+00:00,2.2584883
2025-01-10 11:07:48.184079+00:00,2.2584875
2025-01-10 11:11:02.010779+00:00,2.2584883
2025-01-10 11:33:26.193808+00:00,2.2584884
2025-01-10 11:34:32.405369+00:00,2.2584878
2025-01-10 11:34:43.687739+00:00,2.2584882
2025-01-10 11:36:12.815475+00:00,2.2584882
2025-01-10 11:36:37.776191+00:00,2.2584884
2025-01-10 11:36:50.308087+00:00,2.2584882
2025-01-10 12:05:30.198828+00:00,2.2584877
2025-01-10 12:07:13.296371+00:00,2.2584877
2025-01-10 12:07:25.903254+00:00,2.2584882
2025-01-10 12:07:57.555510+00:00,2.2584882
2025-01-10 12:08:15.878770+00:00,2.2584883
2025-01-10 12:08:28.456535+00:00,2.2584884
2025-01-10 12:08:54.099638+00:00,2.2584879
2025-01-10 12:09:08.080140+00:00,2.2584882
2025-01-10 12:11:58.692560+00:00,2.2584882
2025-01-10 12:12:13.077185+00:00,2.2584879
2025-01-10 12:12:24.267828+00:00,2.2584884
2025-01-10 12:13:15.846481+00:00,2.2584884
2025-01-10 12:13:28.541818+00:00,2.2584884
2025-01-10 12:14:20.110406+00:00,2.2584876
2025-01-10 12:18:10.554571+00:00,2.2584878
2025-01-10 12:37:23.779934+00:00,2.2584881
2025-01-10 12:38:28.487372+00:00,2.2584883
2025-01-10 12:43:28.154571+00:00,2.2584872
2025-01-10 12:43:41.730242+00:00,2.2584875
2025-01-10 12:44:06.609519+00:00,2.2584874
2025-01-10 12:44:19.493795+00:00,2.258488
2025-01-10 12:44:44.995798+00:00,2.2584883
2025-01-10 12:45:11.210750+00:00,2.2584884
2025-01-10 12:45:24.307423+00:00,2.2584872
2025-01-10 12:45:49.458980+00:00,2.2584877
2025-01-10 12:46:28.760530+00:00,2.2584884
2025-01-10 12:46:54.198209+00:00,2.258487
2025-01-10 12:47:58.905195+00:00,2.2584879
2025-01-10 12:48:24.181401+00:00,2.2584881
2025-01-10 12:48:36.858517+00:00,2.2584874
2025-01-10 12:49:02.679494+00:00,2.2584877
2025-01-10 12:49:14.993971+00:00,2.2584882
2025-01-10 12:50:06.919481+00:00,2.2584875
2025-01-10 12:52:48.797901+00:00,2.2584883
2025-01-10 12:53:02.180400+00:00,2.2584884
2025-01-10 12:53:13.708812+00:00,2.2584879
2025-01-10 12:53:52.491389+00:00,2.2584873
2025-01-10 12:54:18.485304+00:00,2.2584875
2025-01-10 12:54:43.947386+00:00,2.2584879
2025-01-10 12:55:48.309452+00:00,2.2584875
2025-01-10 12:56:02.159776+00:00,2.2584881
2025-01-10 12:56:40.335514+00:00,2.2584877
2025-01-10 12:57:43.623266+00:00,2.2584879
2025-01-10 12:57:59.120330+00:00,2.2584881
2025-01-10 12:58:34.957070+00:00,2.2584879
2025-01-10 12:58:48.168841+00:00,2.2584877
2025-01-10 12:59:13.328762+00:00,2.2584881
2025-01-10 12:59:38.818665+00:00,2.2584881
2025-01-10 13:04:04.895253+00:00,2.2584883
2025-01-10 13:04:56.180275+00:00,2.2584884
2025-01-10 13:05:49.406970+00:00,2.2584875
2025-01-10 13:07:05.974375+00:00,2.2584882
2025-01-10 13:07:56.803055+00:00,2.258488
2025-01-10 13:08:23.064550+00:00,2.2584881
2025-01-10 13:08:48.601347+00:00,2.258488
2025-01-10 13:09:00.879883+00:00,2.2584882
2025-01-10 13:09:14.920963+00:00,2.2584884
2025-01-10 13:09:39.578151+00:00,2.2584881
2025-01-10 13:12:20.037236+00:00,2.2584862
2025-01-10 13:12:58.894936+00:00,2.2584879
2025-01-10 13:13:24.356812+00:00,2.2584877
2025-01-10 13:13:36.614500+00:00,2.2584875
2025-01-10 13:13:50.083482+00:00,2.258488
2025-01-10 13:14:03.997983+00:00,2.2584881
2025-01-10 13:14:14.805752+00:00,2.2584872
2025-01-10 13:14:40.565854+00:00,2.2584875
2025-01-10 13:14:54.448746+00:00,2.2584878
2025-01-10 13:15:06.916375+00:00,2.2584877
2025-01-10 13:15:32.373084+00:00,2.2584881
2025-01-10 13:15:44.665088+00:00,2.2584867
2025-01-10 13:15:57.500289+00:00,2.2584877
2025-01-10 13:16:10.579399+00:00,2.2584881
2025-01-10 13:16:23.237960+00:00,2.2584873
2025-01-10 13:16:36.298595+00:00,2.2584883
2025-01-10 13:16:48.883208+00:00,2.2584883
2025-01-10 13:17:01.885862+00:00,2.2584872
2025-01-10 13:17:14.872053+00:00,2.2584877
2025-01-10 13:17:27.201949+00:00,2.2584875
2025-01-10 13:17:39.872330+00:00,2.2584884
2025-01-10 13:17:53.545958+00:00,2.2584873
2025-01-10 13:18:07.012297+00:00,2.2584875
2025-01-10 13:18:18.377751+00:00,2.2584874
2025-01-10 13:18:30.942893+00:00,2.2584876
2025-01-10 13:18:44.272294+00:00,2.2584884
2025-01-10 13:18:56.370488+00:00,2.2584868
2025-01-10 13:19:09.375382+00:00,2.2584883
2025-01-10 13:24:26.414573+00:00,2.2584876
2025-01-10 13:27:01.133388+00:00,2.2584879
2025-01-10 13:45:33.223060+00:00,2.2584882
2025-01-10 13:45:44.860399+00:00,2.2584883
2025-01-10 13:47:27.568081+00:00,2.2584883
2025-01-10 13:49:09.882341+00:00,2.2584875
2025-01-10 13:53:48.912536+00:00,2.2584881
2025-01-10 13:56:09.884575+00:00,2.2584881
2025-01-10 13:56:36.438591+00:00,2.2584875
2025-01-10 13:57:14.342880+00:00,2.2584881
2025-01-10 13:57:27.070816+00:00,2.2584873
2025-01-10 13:57:39.667695+00:00,2.2584882
2025-01-10 13:58:30.856558+00:00,2.2584884
2025-01-10 14:25:05.461785+00:00,2.2584882
2025-01-10 14:26:34.141539+00:00,2.2584884
2025-01-10 15:05:32.997804+00:00,2.2584881
2025-01-10 15:23:57.892389+00:00,2.2584874
2025-01-10 16:10:36.686734+00:00,2.2584879
2025-01-10 16:15:44.823103+00:00,2.2584884
2025-01-10 16:35:24.285513+00:00,2.258488
2025-01-10 16:40:38.957981+00:00,2.2584874
2025-01-10 16:40:50.966450+00:00,2.2584881
2025-01-10 16:41:04.439590+00:00,2.2584877
2025-01-10 16:41:29.614260+00:00,2.2584875
2025-01-10 16:41:43.890142+00:00,2.2584877
2025-01-10 16:42:21.017641+00:00,2.2584874
2025-01-10 16:42:34.930835+00:00,2.2584871
2025-01-10 16:42:48.047232+00:00,2.2584874
2025-01-10 16:42:59.263272+00:00,2.2584874
2025-01-10 16:43:50.959013+00:00,2.2584881
2025-01-10 16:44:04.650746+00:00,2.258488
2025-01-10 16:44:31.410143+00:00,2.2584878
2025-01-10 16:44:42.702038+00:00,2.2584882
2025-01-10 16:44:55.178129+00:00,2.2584881
2025-01-10 16:45:22.377982+00:00,2.2584873
2025-01-10 16:45:34.147807+00:00,2.2584876
2025-01-10 16:45:47.536053+00:00,2.2584882
2025-01-10 16:45:59.089099+00:00,2.2584872
2025-01-10 16:46:36.821096+00:00,2.2584884
2025-01-10 16:47:02.471125+00:00,2.2584876
2025-01-10 16:47:16.661294+00:00,2.2584883
2025-01-10 16:47:27.768111+00:00,2.2584875
2025-01-10 16:47:41.160433+00:00,2.2584879
2025-01-10 16:47:53.499581+00:00,2.2584878
2025-01-10 16:48:19.425837+00:00,2.2584872
2025-01-10 16:51:24.432686+00:00,2.2584881
2025-01-10 16:51:37.577427+00:00,2.2584878
2025-01-10 16:51:49.822920+00:00,2.2584875
2025-01-10 16:52:41.067946+00:00,2.2584878
2025-01-10 16:53:07.209060+00:00,2.2584881
2025-01-10 16:53:19.798380+00:00,2.2584873
2025-01-10 16:53:45.246137+00:00,2.2584873
2025-01-10 16:54:23.782916+00:00,2.2584878
2025-01-10 16:54:36.815049+00:00,2.2584878
2025-01-10 16:55:02.208261+00:00,2.2584877
2025-01-10 16:55:40.473647+00:00,2.2584881
2025-01-10 16:55:53.049369+00:00,2.2584882
2025-01-10 16:56:38.841931+00:00,2.2584883
2025-01-10 16:57:21.637135+00:00,2.2584881
2025-01-10 17:06:28.111987+00:00,2.2584883
2025-01-10 17:11:29.531578+00:00,2.2584884
2025-01-10 17:11:55.226257+00:00,2.2584882
2025-01-10 17:12:13.025472+00:00,2.2584877
2025-01-10 17:12:21.278815+00:00,2.2584882
2025-01-10 17:12:37.126003+00:00,2.2584874
2025-01-10 17:13:12.172187+00:00,2.2584882
2025-01-10 17:13:38.214839+00:00,2.2584868
2025-01-10 17:14:16.540915+00:00,2.2584883
2025-01-10 17:14:28.907304+00:00,2.2584874
2025-01-10 17:14:41.863674+00:00,2.2584872
2025-01-10 17:14:54.509387+00:00,2.2584873
2025-01-10 17:15:10.624045+00:00,2.2584879
2025-01-10 17:15:20.838011+00:00,2.2584877
2025-01-10 17:15:33.780067+00:00,2.2584871
2025-01-10 17:15:49.314182+00:00,2.258488
2025-01-10 17:15:58.892662+00:00,2.2584876
2025-01-10 17:16:12.630229+00:00,2.2584874
2025-01-10 17:16:24.316485+00:00,2.2584876
2025-01-10 17:16:36.959186+00:00,2.2584867
2025-01-10 17:16:49.721373+00:00,2.2584875
2025-01-10 17:17:04.585475+00:00,2.2584882
2025-01-10 17:17:14.814154+00:00,2.2584881
2025-01-10 17:17:28.979727+00:00,2.2584868
2025-01-10 17:17:53.800494+00:00,2.2584866
2025-01-10 17:18:20.806689+00:00,2.2584877
2025-01-10 17:18:31.476948+00:00,2.258488
2025-01-10 17:19:11.209378+00:00,2.2584877
2025-01-10 17:21:12.359074+00:00,2.2584872
2025-01-10 17:21:24.008478+00:00,2.2584881
2025-01-10 17:21:36.898510+00:00,2.258488
2025-01-10 17:21:50.433158+00:00,2.2584875
2025-01-10 17:22:04.753207+00:00,2.2584879
2025-01-10 17:22:16.168261+00:00,2.2584868
2025-01-10 17:22:28.481739+00:00,2.2584876
2025-01-10 17:22:44.066204+00:00,2.2584878
2025-01-10 17:22:55.875071+00:00,2.258488
2025-01-10 17:23:19.862038+00:00,2.2584877
2025-01-10 17:23:32.972872+00:00,2.2584879
2025-01-10 17:24:11.130863+00:00,2.2584871
2025-01-10 17:24:26.492576+00:00,2.2584868
2025-01-10 17:24:36.358192+00:00,2.2584871
2025-01-10 17:24:51.021398+00:00,2.2584872
2025-01-10 17:25:02.240519+00:00,2.2584878
2025-01-10 17:25:14.920015+00:00,2.2584865
2025-01-10 17:25:28.593424+00:00,2.2584872
2025-01-10 17:25:41.096240+00:00,2.2584874
2025-01-10 17:26:10.323306+00:00,2.2584878
2025-01-10 17:26:19.061290+00:00,2.2584879
2025-01-10 17:26:32.228072+00:00,2.2584869
2025-01-10 17:26:44.360730+00:00,2.2584871
2025-01-10 17:26:57.008567+00:00,2.2584869
2025-01-10 17:27:09.945051+00:00,2.2584878
2025-01-10 17:27:34.906379+00:00,2.2584875
2025-01-10 17:27:48.112581+00:00,2.2584867
2025-01-10 17:28:00.001072+00:00,2.2584884
2025-01-10 17:28:15.070166+00:00,2.2584875
2025-01-10 17:28:25.690629+00:00,2.2584877
2025-01-10 17:28:38.606753+00:00,2.258487
2025-01-10 17:28:51.124665+00:00,2.2584879
2025-01-10 17:31:57.322497+00:00,2.258488
2025-01-10 17:32:14.220041+00:00,2.2584879
2025-01-10 17:32:23.118501+00:00,2.2584883
2025-01-10 17:32:36.177982+00:00,2.2584876
2025-01-10 17:32:49.301974+00:00,2.2584876
2025-01-10 17:33:02.228389+00:00,2.2584876
2025-01-10 17:33:31.139083+00:00,2.2584872
2025-01-10 17:33:42.183747+00:00,2.2584882
2025-01-10 17:33:57.237517+00:00,2.2584876
2025-01-10 17:34:18.987707+00:00,2.2584881
2025-01-10 17:34:44.408449+00:00,2.2584872
2025-01-10 17:34:57.324674+00:00,2.2584877
2025-01-10 17:35:10.845813+00:00,2.2584873
2025-01-10 17:35:36.341129+00:00,2.2584876
2025-01-10 17:35:48.467513+00:00,2.258488
2025-01-10 17:36:01.576711+00:00,2.258488
2025-01-10 17:36:13.933304+00:00,2.2584883
2025-01-10 17:36:39.585330+00:00,2.2584879
2025-01-10 17:37:18.179558+00:00,2.2584881
2025-01-10 17:37:30.692898+00:00,2.2584873
2025-01-10 17:37:43.308616+00:00,2.2584878
2025-01-10 17:37:56.120317+00:00,2.2584876
2025-01-10 17:38:09.093896+00:00,2.2584876
2025-01-10 17:38:47.056057+00:00,2.258488
2025-01-10 17:38:59.378220+00:00,2.2584884
2025-01-10 17:39:24.867786+00:00,2.2584876
2025-01-10 17:42:32.160216+00:00,2.2584877
2025-01-10 17:42:44.404522+00:00,2.2584876
2025-01-10 17:42:57.374696+00:00,2.2584875
2025-01-10 17:43:51.071181+00:00,2.2584875
2025-01-10 17:44:03.325380+00:00,2.2584879
2025-01-10 17:44:14.928296+00:00,2.2584877
2025-01-10 17:44:39.779725+00:00,2.2584873
2025-01-10 17:44:53.038058+00:00,2.2584872
2025-01-10 17:45:05.725376+00:00,2.2584876
2025-01-10 17:45:18.307687+00:00,2.2584879
2025-01-10 17:45:44.334865+00:00,2.2584875
2025-01-10 17:45:58.332180+00:00,2.2584884
2025-01-10 17:46:10.837074+00:00,2.2584877
2025-01-10 17:46:22.457790+00:00,2.2584869
2025-01-10 17:46:48.750183+00:00,2.2584882
2025-01-10 17:47:04.230193+00:00,2.2584872
2025-01-10 17:47:25.924415+00:00,2.2584876
2025-01-10 17:47:51.039076+00:00,2.2584877
2025-01-10 17:48:07.175988+00:00,2.2584868
2025-01-10 17:48:17.326532+00:00,2.258488
2025-01-10 17:48:29.015572+00:00,2.2584872
2025-01-10 17:48:42.138594+00:00,2.2584872
2025-01-10 17:48:54.772733+00:00,2.2584875
2025-01-10 17:49:08.449219+00:00,2.2584874
2025-01-10 17:49:21.536273+00:00,2.2584877
2025-01-10 17:49:34.061922+00:00,2.2584881
2025-01-10 17:52:14.632433+00:00,2.2584881
2025-01-10 17:52:27.007344+00:00,2.2584874
2025-01-10 17:52:39.850152+00:00,2.2584866
2025-01-10 17:53:25.418707+00:00,2.2584873
2025-01-10 17:53:31.384926+00:00,2.258488
2025-01-10 17:53:44.335717+00:00,2.2584882
2025-01-10 17:53:57.415003+00:00,2.2584874
2025-01-10 17:54:10.283915+00:00,2.2584875
2025-01-10 17:54:23.598889+00:00,2.2584874
2025-01-10 17:54:35.496763+00:00,2.258487
2025-01-10 17:54:49.097417+00:00,2.2584868
2025-01-10 17:55:01.507247+00:00,2.2584872
2025-01-10 17:55:16.546701+00:00,2.2584874
2025-01-10 17:55:29.890418+00:00,2.2584873
2025-01-10 17:55:40.197068+00:00,2.2584874
2025-01-10 17:56:06.321092+00:00,2.2584867
2025-01-10 17:56:18.178411+00:00,2.2584875
2025-01-10 17:56:30.922762+00:00,2.2584873
2025-01-10 17:56:43.326551+00:00,2.2584868
2025-01-10 17:56:56.020994+00:00,2.2584869
2025-01-10 17:57:09.217258+00:00,2.2584869
2025-01-10 17:57:21.423016+00:00,2.2584874
2025-01-10 17:57:34.576735+00:00,2.2584876
2025-01-10 17:57:47.288410+00:00,2.2584881
2025-01-10 17:57:59.904138+00:00,2.2584871
2025-01-10 17:58:25.339017+00:00,2.258488
2025-01-10 17:58:37.929690+00:00,2.2584878
2025-01-10 17:58:50.169567+00:00,2.2584866
2025-01-10 17:59:03.226719+00:00,2.2584877
2025-01-10 17:59:15.990880+00:00,2.2584876
2025-01-10 17:59:28.520737+00:00,2.2584881
2025-01-10 17:59:41.293095+00:00,2.2584874
2025-01-10 17:59:55.946807+00:00,2.2584873
2025-01-10 18:01:55.784876+00:00,2.2584882
2025-01-10 18:02:10.782531+00:00,2.2584883
2025-01-10 18:02:25.098276+00:00,2.2584872
2025-01-10 18:02:34.582069+00:00,2.2584878
2025-01-10 18:02:50.389111+00:00,2.2584877
2025-01-10 18:03:13.248811+00:00,2.2584873
2025-01-10 18:03:25.819503+00:00,2.2584873
2025-01-10 18:03:38.548598+00:00,2.2584882
2025-01-10 18:04:46.219693+00:00,2.2584881
2025-01-10 18:04:55.731551+00:00,2.2584882
2025-01-10 18:05:08.687058+00:00,2.2584883
2025-01-10 18:05:21.573028+00:00,2.2584884
2025-01-10 18:06:26.550006+00:00,2.2584883
2025-01-10 18:06:37.819736+00:00,2.2584884
2025-01-10 18:06:50.606707+00:00,2.2584878
2025-01-10 18:07:05.057209+00:00,2.2584875
2025-01-10 18:07:28.867067+00:00,2.2584875
2025-01-10 18:07:41.709052+00:00,2.2584873
2025-01-10 18:07:56.428303+00:00,2.2584878
2025-01-10 18:08:32.528443+00:00,2.2584876
2025-01-10 18:08:45.713863+00:00,2.2584881
2025-01-10 18:08:58.473996+00:00,2.2584879
2025-01-10 18:09:11.296585+00:00,2.2584878
2025-01-10 18:09:36.751684+00:00,2.258488
2025-01-10 18:12:29.377395+00:00,2.2584873
2025-01-10 18:12:42.326678+00:00,2.2584882
2025-01-10 18:12:55.425685+00:00,2.2584881
2025-01-10 18:13:10.416193+00:00,2.2584873
2025-01-10 18:13:34.004221+00:00,2.2584875
2025-01-10 18:13:58.665382+00:00,2.2584882
2025-01-10 18:14:24.514519+00:00,2.2584877
2025-01-10 18:14:40.110947+00:00,2.2584879
2025-01-10 18:14:50.000720+00:00,2.2584875
2025-01-10 18:15:03.030297+00:00,2.2584874
2025-01-10 18:15:41.718151+00:00,2.2584878
2025-01-10 18:16:07.392361+00:00,2.2584872
2025-01-10 18:16:46.424919+00:00,2.2584882
2025-01-10 18:17:11.509673+00:00,2.2584879
2025-01-10 18:17:23.810122+00:00,2.2584872
2025-01-10 18:17:36.283263+00:00,2.2584879
2025-01-10 18:17:49.044590+00:00,2.258487
2025-01-10 18:18:02.610002+00:00,2.2584879
2025-01-10 18:18:14.160125+00:00,2.258488
2025-01-10 18:18:39.380862+00:00,2.2584881
2025-01-10 18:22:00.405712+00:00,2.2584883
2025-01-10 18:22:26.528270+00:00,2.258488
2025-01-10 18:22:39.280507+00:00,2.2584876
2025-01-10 18:22:51.812312+00:00,2.2584875
2025-01-10 18:23:05.043828+00:00,2.2584882
2025-01-10 18:23:30.320289+00:00,2.2584876
2025-01-10 18:23:56.168697+00:00,2.2584878
2025-01-10 18:24:09.154172+00:00,2.2584879
2025-01-10 18:24:21.715572+00:00,2.2584878
2025-01-10 18:24:34.416353+00:00,2.2584874
2025-01-10 18:24:47.707106+00:00,2.258488
2025-01-10 18:25:00.426275+00:00,2.258487
2025-01-10 18:25:13.333209+00:00,2.2584881
2025-01-10 18:25:53.078224+00:00,2.258487
2025-01-10 18:26:04.302676+00:00,2.258487
2025-01-10 18:26:17.164534+00:00,2.2584873
2025-01-10 18:26:29.632681+00:00,2.2584879
2025-01-10 18:26:42.556111+00:00,2.2584872
2025-01-10 18:26:55.146414+00:00,2.2584877
2025-01-10 18:27:08.289241+00:00,2.2584871
2025-01-10 18:27:33.816317+00:00,2.2584869
2025-01-10 18:27:46.882694+00:00,2.2584874
2025-01-10 18:27:58.471662+00:00,2.2584876
2025-01-10 18:28:11.711938+00:00,2.2584877
2025-01-10 18:28:24.678735+00:00,2.2584878
2025-01-10 18:28:36.464819+00:00,2.2584876
2025-01-10 18:28:49.615989+00:00,2.2584872
2025-01-10 18:29:07.013720+00:00,2.2584877
2025-01-10 18:29:16.635945+00:00,2.2584876
2025-01-10 18:29:27.864236+00:00,2.2584876
2025-01-10 18:31:56.061822+00:00,2.258488
2025-01-10 18:32:08.751407+00:00,2.2584879
2025-01-10 18:32:21.978018+00:00,2.258488
2025-01-10 18:32:34.682424+00:00,2.2584882
2025-01-10 18:32:47.887484+00:00,2.2584874
2025-01-10 18:33:01.513341+00:00,2.2584873
2025-01-10 18:33:17.568081+00:00,2.2584878
2025-01-10 18:33:26.286402+00:00,2.2584874
2025-01-10 18:33:38.392032+00:00,2.2584874
2025-01-10 18:33:51.427306+00:00,2.2584876
2025-01-10 18:34:04.641009+00:00,2.2584878
2025-01-10 18:34:17.524647+00:00,2.2584867
2025-01-10 18:34:29.569629+00:00,2.258487
2025-01-10 18:34:55.226280+00:00,2.2584875
2025-01-10 18:35:10.517060+00:00,2.2584879
2025-01-10 18:35:21.375012+00:00,2.2584881
2025-01-10 18:35:34.658371+00:00,2.2584871
2025-01-10 18:36:02.700698+00:00,2.258488
2025-01-10 18:36:13.175889+00:00,2.2584872
2025-01-10 18:36:37.604775+00:00,2.258487
2025-01-10 18:36:50.317149+00:00,2.2584871
2025-01-10 18:37:03.812881+00:00,2.2584874
2025-01-10 18:37:20.699871+00:00,2.2584879
2025-01-10 18:37:28.573863+00:00,2.2584876
2025-01-10 18:37:42.441481+00:00,2.2584879
2025-01-10 18:37:59.314902+00:00,2.2584879
2025-01-10 18:38:07.951799+00:00,2.2584877
2025-01-10 18:38:21.205532+00:00,2.2584867
2025-01-10 18:38:31.638021+00:00,2.2584877
2025-01-10 18:39:12.938549+00:00,2.2584875
2025-01-10 18:42:05.672371+00:00,2.2584883
2025-01-10 18:42:30.077628+00:00,2.2584875
2025-01-10 18:42:55.535296+00:00,2.2584878
2025-01-10 18:43:08.753463+00:00,2.2584883
2025-01-10 18:43:20.865278+00:00,2.258488
2025-01-10 18:43:34.622880+00:00,2.2584873
2025-01-10 18:43:47.796903+00:00,2.2584872
2025-01-10 18:43:59.269374+00:00,2.2584872
2025-01-10 18:44:12.532557+00:00,2.2584868
2025-01-10 18:44:26.078618+00:00,2.2584874
2025-01-10 18:44:41.275186+00:00,2.2584877
2025-01-10 18:44:50.273792+00:00,2.2584872
2025-01-10 18:45:03.425538+00:00,2.2584876
2025-01-10 18:45:16.611051+00:00,2.2584877
2025-01-10 18:45:31.638224+00:00,2.2584876
2025-01-10 18:45:55.686087+00:00,2.2584873
2025-01-10 18:46:07.616460+00:00,2.2584872
2025-01-10 18:46:19.771583+00:00,2.2584882
2025-01-10 18:46:32.848390+00:00,2.258488
2025-01-10 18:46:45.631493+00:00,2.2584873
2025-01-10 18:46:58.432307+00:00,2.2584882
2025-01-10 18:47:11.718756+00:00,2.2584879
2025-01-10 18:47:23.343280+00:00,2.2584872
2025-01-10 18:47:36.030692+00:00,2.2584874
2025-01-10 18:47:48.800173+00:00,2.2584866
2025-01-10 18:48:01.546547+00:00,2.258487
2025-01-10 18:48:26.978391+00:00,2.2584871
2025-01-10 18:48:39.372275+00:00,2.2584882
2025-01-10 18:48:52.656815+00:00,2.2584877
2025-01-10 18:49:09.227791+00:00,2.2584878
2025-01-10 18:49:34.013170+00:00,2.2584873
2025-01-10 18:52:13.357484+00:00,2.2584879
2025-01-10 18:52:23.931860+00:00,2.2584875
2025-01-10 18:52:36.871600+00:00,2.2584874
2025-01-10 18:52:49.762883+00:00,2.2584871
2025-01-10 18:53:02.790383+00:00,2.2584879
2025-01-10 18:53:15.725147+00:00,2.2584879
2025-01-10 18:53:28.310969+00:00,2.2584877
2025-01-10 18:54:08.900512+00:00,2.2584875
2025-01-10 18:54:19.796751+00:00,2.2584871
2025-01-10 18:54:33.684995+00:00,2.2584873
2025-01-10 18:54:57.380514+00:00,2.2584875
2025-01-10 18:55:11.864688+00:00,2.2584873
2025-01-10 18:55:23.341637+00:00,2.2584874
2025-01-10 18:55:42.890469+00:00,2.2584876
2025-01-10 18:56:15.397642+00:00,2.2584882
2025-01-10 18:56:29.413699+00:00,2.2584881
2025-01-10 18:57:15.462035+00:00,2.2584873
2025-01-10 18:57:18.361108+00:00,2.2584874
2025-01-10 18:57:43.266663+00:00,2.2584873
2025-01-10 18:57:57.836044+00:00,2.2584884
2025-01-10 18:58:09.425410+00:00,2.2584877
2025-01-10 18:58:21.208283+00:00,2.2584877
2025-01-10 18:58:47.058684+00:00,2.2584873
2025-01-10 18:58:59.694216+00:00,2.2584878
2025-01-10 18:59:16.533704+00:00,2.2584878
2025-01-10 19:01:52.190886+00:00,2.2584878
2025-01-10 19:02:05.307308+00:00,2.2584873
2025-01-10 19:02:18.054474+00:00,2.2584882
2025-01-10 19:02:30.555091+00:00,2.2584874
2025-01-10 19:02:43.166475+00:00,2.2584869
2025-01-10 19:02:56.001116+00:00,2.2584868
2025-01-10 19:03:08.741379+00:00,2.2584876
2025-01-10 19:03:21.407877+00:00,2.258487
2025-01-10 19:03:34.905371+00:00,2.258488
2025-01-10 19:03:47.067846+00:00,2.258487
2025-01-10 19:03:59.610478+00:00,2.2584875
2025-01-10 19:04:12.586134+00:00,2.2584875
2025-01-10 19:04:25.559813+00:00,2.2584873
2025-01-10 19:04:37.719969+00:00,2.2584875
2025-01-10 19:04:51.297781+00:00,2.2584875
2025-01-10 19:05:04.095173+00:00,2.2584881
2025-01-10 19:05:16.504151+00:00,2.2584881
2025-01-10 19:05:29.902809+00:00,2.2584869
2025-01-10 19:05:41.726561+00:00,2.2584879
2025-01-10 19:05:54.387310+00:00,2.2584871
2025-01-10 19:06:12.711911+00:00,2.2584873
2025-01-10 19:06:20.709628+00:00,2.2584874
2025-01-10 19:06:33.565275+00:00,2.2584872
2025-01-10 19:06:45.957860+00:00,2.2584871
2025-01-10 19:06:58.121703+00:00,2.2584871
2025-01-10 19:07:11.102116+00:00,2.2584871
2025-01-10 19:07:36.557827+00:00,2.2584871
2025-01-10 19:07:50.264404+00:00,2.2584878
2025-01-10 19:08:01.345162+00:00,2.2584871
2025-01-10 19:08:13.813247+00:00,2.2584876
2025-01-10 19:08:26.967088+00:00,2.2584872
2025-01-10 19:08:40.014978+00:00,2.2584878
2025-01-10 19:08:51.869652+00:00,2.2584876
2025-01-10 19:09:18.248823+00:00,2.2584874
2025-01-10 19:09:58.637806+00:00,2.2584884
2025-01-10 19:11:07.537906+00:00,2.2584884
2025-01-10 19:11:31.166535+00:00,2.2584871
2025-01-10 19:11:43.857675+00:00,2.2584871
2025-01-10 19:11:57.191233+00:00,2.2584874
2025-01-10 19:12:14.320101+00:00,2.2584866
2025-01-10 19:12:24.263964+00:00,2.2584872
2025-01-10 19:12:35.727655+00:00,2.2584875
2025-01-10 19:12:48.812665+00:00,2.2584871
2025-01-10 19:13:01.224534+00:00,2.2584875
2025-01-10 19:13:26.668877+00:00,2.2584879
2025-01-10 19:13:39.845750+00:00,2.2584869
2025-01-10 19:13:53.077911+00:00,2.2584867
2025-01-10 19:14:05.986494+00:00,2.2584879
2025-01-10 19:14:18.625262+00:00,2.2584882
2025-01-10 19:14:31.125159+00:00,2.2584882
2025-01-10 19:15:09.359379+00:00,2.2584873
2025-01-10 19:15:22.686972+00:00,2.2584873
2025-01-10 19:15:35.169526+00:00,2.2584873
2025-01-10 19:16:00.945270+00:00,2.2584874
2025-01-10 19:16:13.719651+00:00,2.2584871
2025-01-10 19:16:25.653319+00:00,2.2584872
2025-01-10 19:16:38.388526+00:00,2.2584877
2025-01-10 19:17:03.959050+00:00,2.2584872
2025-01-10 19:17:16.615630+00:00,2.2584875
2025-01-10 19:17:29.143558+00:00,2.258487
2025-01-10 19:17:41.614881+00:00,2.2584875
2025-01-10 19:17:55.099426+00:00,2.2584876
2025-01-10 19:18:10.957397+00:00,2.2584874
2025-01-10 19:18:20.246882+00:00,2.2584882
2025-01-10 19:18:34.658633+00:00,2.2584874
2025-01-10 19:18:59.938769+00:00,2.258487
2025-01-10 19:19:11.765273+00:00,2.2584882
2025-01-10 19:21:38.281458+00:00,2.258488
2025-01-10 19:21:51.258267+00:00,2.2584883
2025-01-10 19:22:19.141578+00:00,2.258487
2025-01-10 19:22:29.937383+00:00,2.2584884
2025-01-10 19:22:44.640632+00:00,2.2584881
2025-01-10 19:22:57.568114+00:00,2.2584882
2025-01-10 19:23:09.013867+00:00,2.2584871
2025-01-10 19:23:47.267430+00:00,2.2584877
2025-01-10 19:23:59.396768+00:00,2.2584884
2025-01-10 19:24:12.505674+00:00,2.2584882
2025-01-10 19:24:24.810356+00:00,2.2584875
2025-01-10 19:24:37.549386+00:00,2.2584872
2025-01-10 19:24:50.483964+00:00,2.2584882
2025-01-10 19:25:04.089708+00:00,2.2584869
2025-01-10 19:25:16.160596+00:00,2.2584872
2025-01-10 19:25:54.793151+00:00,2.2584878
2025-01-10 19:26:07.392965+00:00,2.258488
2025-01-10 19:26:19.658666+00:00,2.258488
2025-01-10 19:26:35.684513+00:00,2.2584879
2025-01-10 19:26:45.375662+00:00,2.2584879
2025-01-10 19:27:02.802843+00:00,2.2584878
2025-01-10 19:27:35.883005+00:00,2.2584871
2025-01-10 19:27:49.109646+00:00,2.2584872
2025-01-10 19:28:01.444627+00:00,2.2584878
2025-01-10 19:28:13.954947+00:00,2.2584878
2025-01-10 19:28:38.880351+00:00,2.2584881
2025-01-10 19:28:51.692387+00:00,2.2584872
2025-01-10 19:29:05.609986+00:00,2.2584869
2025-01-10 19:29:17.479527+00:00,2.2584874
2025-01-10 19:29:30.000960+00:00,2.2584875
2025-01-10 19:29:42.583083+00:00,2.2584872
2025-01-10 19:32:23.012050+00:00,2.258488
2025-01-10 19:32:37.238896+00:00,2.2584883
2025-01-10 19:33:02.970850+00:00,2.258488
2025-01-10 19:33:14.530428+00:00,2.2584877
2025-01-10 19:33:27.703757+00:00,2.2584866
2025-01-10 19:33:39.960660+00:00,2.2584876
2025-01-10 19:33:53.181921+00:00,2.2584876
2025-01-10 19:34:06.376239+00:00,2.2584873
2025-01-10 19:34:18.703553+00:00,2.2584865
2025-01-10 19:34:31.469946+00:00,2.2584872
2025-01-10 19:34:44.125458+00:00,2.2584867
2025-01-10 19:34:56.945484+00:00,2.2584878
2025-01-10 19:35:11.613084+00:00,2.258488
2025-01-10 19:35:25.277704+00:00,2.2584882
2025-01-10 19:35:35.343958+00:00,2.2584877
2025-01-10 19:35:48.306231+00:00,2.258487
2025-01-10 19:36:01.393358+00:00,2.2584874
2025-01-10 19:36:13.713740+00:00,2.2584875
2025-01-10 19:36:26.084328+00:00,2.2584876
2025-01-10 19:36:39.529532+00:00,2.2584881
2025-01-10 19:36:51.526775+00:00,2.2584871
2025-01-10 19:37:05.119308+00:00,2.2584869
2025-01-10 19:37:17.389960+00:00,2.258487
2025-01-10 19:37:30.972016+00:00,2.2584877
2025-01-10 19:37:51.259069+00:00,2.2584884
2025-01-10 19:37:56.010026+00:00,2.2584877
2025-01-10 19:38:08.523459+00:00,2.2584872
2025-01-10 19:38:20.909229+00:00,2.2584871
2025-01-10 19:38:34.221900+00:00,2.2584879
2025-01-10 19:38:46.849472+00:00,2.2584873
2025-01-10 19:39:03.058266+00:00,2.2584877
2025-01-10 19:39:11.406121+00:00,2.2584877
2025-01-10 19:39:24.039279+00:00,2.2584874
2025-01-10 19:39:36.719970+00:00,2.2584883
2025-01-10 19:39:50.779818+00:00,2.2584872
2025-01-10 19:40:02.424489+00:00,2.2584878
2025-01-10 19:40:15.323497+00:00,2.258488
2025-01-10 19:40:28.782637+00:00,2.2584881
2025-01-10 19:40:42.400514+00:00,2.2584872
2025-01-10 19:41:09.273756+00:00,2.2584875
2025-01-10 19:43:21.410577+00:00,2.2584877
2025-01-10 19:43:34.734323+00:00,2.2584876
2025-01-10 19:43:47.893069+00:00,2.2584881
2025-01-10 19:43:59.793568+00:00,2.258488
2025-01-10 19:44:14.909216+00:00,2.2584881
2025-01-10 19:44:26.420327+00:00,2.2584877
2025-01-10 19:44:38.329891+00:00,2.2584877
2025-01-10 19:44:51.369007+00:00,2.2584882
2025-01-10 19:45:04.951734+00:00,2.2584866
2025-01-10 19:45:22.578186+00:00,2.2584875
2025-01-10 19:45:29.424581+00:00,2.2584873
2025-01-10 19:45:42.442136+00:00,2.2584872
2025-01-10 19:45:55.283462+00:00,2.2584875
2025-01-10 19:46:11.382986+00:00,2.2584867
2025-01-10 19:46:20.686137+00:00,2.2584875
2025-01-10 19:46:34.314203+00:00,2.2584869
2025-01-10 19:46:47.103376+00:00,2.2584869
2025-01-10 19:47:01.244870+00:00,2.2584872
2025-01-10 19:47:14.694871+00:00,2.2584873
2025-01-10 19:47:25.087766+00:00,2.2584864
2025-01-10 19:47:37.547555+00:00,2.2584879
2025-01-10 19:47:49.916903+00:00,2.2584871
2025-01-10 19:48:02.793402+00:00,2.2584877
2025-01-10 19:48:15.171235+00:00,2.2584877
2025-01-10 19:48:40.389184+00:00,2.2584871
2025-01-10 19:48:53.096319+00:00,2.258487
2025-01-10 19:49:06.448258+00:00,2.2584868
2025-01-10 19:49:18.677278+00:00,2.2584876
2025-01-10 19:49:31.535168+00:00,2.258488
2025-01-10 19:49:43.775889+00:00,2.2584871
2025-01-10 19:49:57.246554+00:00,2.2584875
2025-01-10 19:50:09.396942+00:00,2.2584873
2025-01-10 19:50:23.403588+00:00,2.2584869
2025-01-10 19:50:37.518132+00:00,2.2584875
2025-01-10 19:50:48.144938+00:00,2.2584878
2025-01-10 19:51:01.729444+00:00,2.2584876
2025-01-10 19:53:00.838370+00:00,2.2584881
2025-01-10 19:53:15.475170+00:00,2.258488
2025-01-10 19:53:26.539889+00:00,2.2584882
2025-01-10 19:53:39.789767+00:00,2.2584877
2025-01-10 19:53:52.389801+00:00,2.2584872
2025-01-10 19:54:05.323199+00:00,2.2584875
2025-01-10 19:54:43.969471+00:00,2.2584869
2025-01-10 19:54:56.570513+00:00,2.258488
2025-01-10 19:55:10.097979+00:00,2.2584871
2025-01-10 19:55:24.148390+00:00,2.2584882
2025-01-10 19:55:35.444823+00:00,2.2584871
2025-01-10 19:55:47.653194+00:00,2.2584868
2025-01-10 19:56:00.561005+00:00,2.2584875
2025-01-10 19:56:13.559491+00:00,2.2584879
2025-01-10 19:56:25.992778+00:00,2.2584875
2025-01-10 19:57:04.376319+00:00,2.2584877
2025-01-10 19:57:30.323232+00:00,2.2584878
2025-01-10 19:57:43.453154+00:00,2.2584879
2025-01-10 19:57:55.276267+00:00,2.2584866
2025-01-10 19:58:10.239210+00:00,2.2584879
2025-01-10 19:58:20.804188+00:00,2.2584882
2025-01-10 19:58:34.336515+00:00,2.258487
2025-01-10 19:58:46.813396+00:00,2.2584879
2025-01-10 19:58:59.117183+00:00,2.2584876
2025-01-10 19:59:11.905262+00:00,2.2584872
2025-01-10 19:59:24.076415+00:00,2.2584876
2025-01-10 19:59:36.815154+00:00,2.2584877
2025-01-10 19:59:49.663040+00:00,2.2584882
2025-01-10 20:00:15.279702+00:00,2.2584881
2025-01-10 20:00:29.880189+00:00,2.2584879
2025-01-10 20:00:41.004725+00:00,2.2584871
2025-01-10 20:01:20.088113+00:00,2.2584884
2025-01-10 20:03:58.691363+00:00,2.2584874
2025-01-10 20:04:11.778171+00:00,2.2584876
2025-01-10 20:04:25.426221+00:00,2.258487
2025-01-10 20:04:37.012256+00:00,2.2584877
2025-01-10 20:04:50.543141+00:00,2.2584884
2025-01-10 20:05:04.189385+00:00,2.2584872
2025-01-10 20:05:15.313401+00:00,2.2584872
2025-01-10 20:05:28.637338+00:00,2.2584879
2025-01-10 20:05:40.938935+00:00,2.2584878
2025-01-10 20:05:53.631458+00:00,2.2584883
2025-01-10 20:06:06.482171+00:00,2.2584876
2025-01-10 20:06:19.197542+00:00,2.2584874
2025-01-10 20:06:31.650751+00:00,2.2584872
2025-01-10 20:06:44.393790+00:00,2.2584872
2025-01-10 20:06:56.878463+00:00,2.2584878
2025-01-10 20:07:10.183172+00:00,2.258488
2025-01-10 20:07:22.799121+00:00,2.2584872
2025-01-10 20:07:35.181697+00:00,2.258488
2025-01-10 20:07:49.007480+00:00,2.2584877
2025-01-10 20:08:00.975737+00:00,2.258487
2025-01-10 20:08:13.762918+00:00,2.2584879
2025-01-10 20:08:26.816950+00:00,2.2584869
2025-01-10 20:08:39.074359+00:00,2.258488
2025-01-10 20:08:51.654201+00:00,2.258488
2025-01-10 20:09:04.589923+00:00,2.2584877
2025-01-10 20:09:32.580498+00:00,2.2584875
2025-01-10 20:09:42.395350+00:00,2.2584881
2025-01-10 20:09:54.927122+00:00,2.2584882
2025-01-10 20:10:08.270213+00:00,2.2584883
2025-01-10 20:10:20.541842+00:00,2.2584871
2025-01-10 20:10:33.329453+00:00,2.2584879
2025-01-10 20:10:47.194120+00:00,2.2584868
2025-01-10 20:10:58.148986+00:00,2.2584878
2025-01-10 20:11:11.382763+00:00,2.2584876
2025-01-10 20:11:23.580456+00:00,2.2584875
2025-01-10 20:11:36.653765+00:00,2.2584877
2025-01-10 20:11:49.646834+00:00,2.258488
2025-01-10 20:14:28.427118+00:00,2.2584877
2025-01-10 20:14:41.133579+00:00,2.2584874
2025-01-10 20:15:07.330866+00:00,2.258488
2025-01-10 20:15:20.876133+00:00,2.2584871
2025-01-10 20:15:32.698906+00:00,2.2584875
2025-01-10 20:15:45.925633+00:00,2.2584866
2025-01-10 20:15:58.289809+00:00,2.2584873
2025-01-10 20:16:10.729240+00:00,2.2584872
2025-01-10 20:16:35.849251+00:00,2.2584877
2025-01-10 20:16:49.295242+00:00,2.2584871
2025-01-10 20:17:01.756026+00:00,2.2584875
2025-01-10 20:17:14.686339+00:00,2.2584878
2025-01-10 20:17:27.061277+00:00,2.2584877
2025-01-10 20:17:39.730462+00:00,2.2584875
2025-01-10 20:17:52.918169+00:00,2.2584871
2025-01-10 20:18:07.135920+00:00,2.2584877
2025-01-10 20:18:18.227762+00:00,2.2584874
2025-01-10 20:18:31.232041+00:00,2.2584876
2025-01-10 20:18:43.836309+00:00,2.2584875
2025-01-10 20:18:57.432298+00:00,2.2584875
2025-01-10 20:19:08.998014+00:00,2.2584867
2025-01-10 20:19:21.617671+00:00,2.2584874
2025-01-10 20:19:35.037821+00:00,2.2584871
2025-01-10 20:19:47.856115+00:00,2.2584873
2025-01-10 20:19:59.840994+00:00,2.2584872
2025-01-10 20:20:12.969958+00:00,2.258487
2025-01-10 20:20:25.795317+00:00,2.2584882
2025-01-10 20:20:42.068489+00:00,2.2584872
2025-01-10 20:20:51.243145+00:00,2.2584875
2025-01-10 20:21:03.410387+00:00,2.2584876
2025-01-10 20:21:24.352383+00:00,2.2584869
2025-01-10 20:21:28.608352+00:00,2.2584874
2025-01-10 20:21:41.840533+00:00,2.2584874
2025-01-10 20:21:54.093497+00:00,2.2584875
2025-01-10 20:22:08.813652+00:00,2.2584884
2025-01-10 20:22:19.387337+00:00,2.2584873
2025-01-10 20:22:32.090593+00:00,2.258488
2025-01-10 20:22:44.545265+00:00,2.2584875
2025-01-10 20:23:10.561507+00:00,2.2584884
2025-01-10 20:25:10.100327+00:00,2.2584876
2025-01-10 20:25:35.412108+00:00,2.2584882
2025-01-10 20:25:48.545774+00:00,2.2584881
2025-01-10 20:26:00.995000+00:00,2.2584884
2025-01-10 20:26:13.793666+00:00,2.258488
2025-01-10 20:26:32.600981+00:00,2.2584883
2025-01-10 20:26:39.288021+00:00,2.2584869
2025-01-10 20:26:53.200665+00:00,2.2584869
2025-01-10 20:27:04.538677+00:00,2.2584871
2025-01-10 20:27:17.458494+00:00,2.2584871
2025-01-10 20:27:29.885476+00:00,2.2584874
2025-01-10 20:27:42.947325+00:00,2.2584875
2025-01-10 20:27:55.582008+00:00,2.2584881
2025-01-10 20:28:08.890103+00:00,2.2584881
2025-01-10 20:28:21.101044+00:00,2.2584872
2025-01-10 20:28:33.928097+00:00,2.2584874
2025-01-10 20:28:47.384998+00:00,2.2584874
2025-01-10 20:28:59.270298+00:00,2.2584876
2025-01-10 20:29:13.653527+00:00,2.2584875
2025-01-10 20:29:24.601131+00:00,2.2584869
2025-01-10 20:29:50.024902+00:00,2.2584879
2025-01-10 20:30:03.436874+00:00,2.2584876
2025-01-10 20:30:17.738665+00:00,2.2584879
2025-01-10 20:30:29.130173+00:00,2.2584876
2025-01-10 20:30:44.867561+00:00,2.258487
2025-01-10 20:30:53.851374+00:00,2.2584877
2025-01-10 20:31:06.688560+00:00,2.2584874
2025-01-10 20:31:19.172004+00:00,2.2584878
2025-01-10 20:31:31.606164+00:00,2.2584878
2025-01-10 20:31:59.557091+00:00,2.2584883
2025-01-10 20:32:09.315944+00:00,2.2584876
2025-01-10 20:32:34.614885+00:00,2.2584875
2025-01-10 20:32:47.539453+00:00,2.2584873
2025-01-10 20:33:00.230653+00:00,2.2584881
2025-01-10 20:33:12.994149+00:00,2.2584875
2025-01-10 20:33:27.763075+00:00,2.2584877
2025-01-10 20:36:05.669817+00:00,2.2584872
2025-01-10 20:36:18.223202+00:00,2.2584876
2025-01-10 20:36:32.446861+00:00,2.2584883
2025-01-10 20:36:43.200819+00:00,2.2584874
2025-01-10 20:37:09.474428+00:00,2.2584884
2025-01-10 20:37:21.839124+00:00,2.258487
2025-01-10 20:37:35.563412+00:00,2.2584877
2025-01-10 20:37:48.699395+00:00,2.2584879
2025-01-10 20:37:59.791891+00:00,2.2584877
2025-01-10 20:38:13.243631+00:00,2.2584876
2025-01-10 20:38:25.408785+00:00,2.2584878
2025-01-10 20:38:38.657188+00:00,2.2584878
2025-01-10 20:38:51.334675+00:00,2.2584878
2025-01-10 20:39:09.608493+00:00,2.2584879
2025-01-10 20:39:30.068169+00:00,2.2584876
2025-01-10 20:39:42.538284+00:00,2.2584875
2025-01-10 20:39:54.841843+00:00,2.2584878
2025-01-10 20:40:07.709438+00:00,2.2584877
2025-01-10 20:40:20.386867+00:00,2.2584876
2025-01-10 20:40:33.596330+00:00,2.2584876
2025-01-10 20:40:46.274349+00:00,2.2584877
2025-01-10 20:40:58.464522+00:00,2.2584882
2025-01-10 20:41:15.018711+00:00,2.2584873
2025-01-10 20:41:36.619876+00:00,2.2584878
2025-01-10 20:41:52.633819+00:00,2.2584875
2025-01-10 20:42:02.092698+00:00,2.2584872
2025-01-10 20:42:16.654975+00:00,2.2584873
2025-01-10 20:42:27.045598+00:00,2.2584876
2025-01-10 20:42:39.627679+00:00,2.2584875
2025-01-10 20:43:05.468784+00:00,2.2584874
2025-01-10 20:43:18.142482+00:00,2.2584875
2025-01-10 20:43:31.157712+00:00,2.2584874
2025-01-10 20:46:36.206738+00:00,2.258488
2025-01-10 20:46:49.034705+00:00,2.2584883
2025-01-10 20:47:02.580390+00:00,2.2584875
2025-01-10 20:47:14.907968+00:00,2.2584871
2025-01-10 20:47:27.834787+00:00,2.2584874
2025-01-10 20:47:40.378998+00:00,2.2584874
2025-01-10 20:47:52.821510+00:00,2.258488
2025-01-10 20:48:06.426835+00:00,2.258487
2025-01-10 20:48:18.597667+00:00,2.2584872
2025-01-10 20:48:31.344047+00:00,2.258488
2025-01-10 20:48:44.253657+00:00,2.2584872
2025-01-10 20:48:57.172462+00:00,2.2584875
2025-01-10 20:49:09.915499+00:00,2.2584876
2025-01-10 20:49:22.204688+00:00,2.2584879
2025-01-10 20:49:35.764962+00:00,2.258487
2025-01-10 20:49:47.777935+00:00,2.2584877
2025-01-10 20:50:00.398504+00:00,2.2584878
2025-01-10 20:50:14.094487+00:00,2.258487
2025-01-10 20:50:25.736891+00:00,2.258487
2025-01-10 20:50:38.863334+00:00,2.2584878
2025-01-10 20:50:51.286108+00:00,2.2584883
2025-01-10 20:51:04.489345+00:00,2.2584879
2025-01-10 20:51:17.892816+00:00,2.2584871
2025-01-10 20:51:34.477311+00:00,2.2584866
2025-01-10 20:51:42.179789+00:00,2.2584867
2025-01-10 20:51:54.783563+00:00,2.2584882
2025-01-10 20:52:08.321485+00:00,2.2584868
2025-01-10 20:52:21.864787+00:00,2.2584868
2025-01-10 20:52:33.146071+00:00,2.2584875
2025-01-10 20:52:45.871039+00:00,2.2584876
2025-01-10 20:52:58.164004+00:00,2.2584869
2025-01-10 20:53:11.341887+00:00,2.2584869
2025-01-10 20:53:24.102110+00:00,2.2584873
2025-01-10 20:53:36.099481+00:00,2.258487
2025-01-10 20:53:49.096916+00:00,2.2584874
2025-01-10 20:54:14.434236+00:00,2.258488
2025-01-10 20:54:27.321137+00:00,2.2584875
2025-01-10 20:54:40.837994+00:00,2.2584878
2025-01-10 20:57:38.628394+00:00,2.2584877
2025-01-10 20:57:46.540081+00:00,2.2584877
2025-01-10 20:57:59.263061+00:00,2.2584884
2025-01-10 20:58:12.126929+00:00,2.2584871
2025-01-10 20:58:24.530041+00:00,2.2584871
2025-01-10 20:58:37.791297+00:00,2.2584876
2025-01-10 20:58:50.752538+00:00,2.2584872
2025-01-10 20:59:03.491035+00:00,2.2584869
2025-01-10 20:59:16.134458+00:00,2.2584877
2025-01-10 20:59:28.734383+00:00,2.2584875
2025-01-10 20:59:41.909872+00:00,2.2584871
2025-01-10 20:59:53.981941+00:00,2.258488
2025-01-10 21:00:06.714563+00:00,2.2584877
2025-01-10 21:00:27.707686+00:00,2.2584876
2025-01-10 21:00:35.468286+00:00,2.2584873
2025-01-10 21:00:46.957031+00:00,2.2584879
2025-01-10 21:00:57.980497+00:00,2.2584874
2025-01-10 21:01:10.716222+00:00,2.2584873
2025-01-10 21:01:23.906565+00:00,2.2584869
2025-01-10 21:01:36.010076+00:00,2.2584873
2025-01-10 21:01:52.550518+00:00,2.2584877
2025-01-10 21:02:02.474184+00:00,2.2584884
2025-01-10 21:02:15.218901+00:00,2.2584872
2025-01-10 21:02:27.617528+00:00,2.2584873
2025-01-10 21:02:52.620419+00:00,2.258488
2025-01-10 21:03:05.403454+00:00,2.2584879
2025-01-10 21:03:17.665678+00:00,2.2584872
2025-01-10 21:03:30.598512+00:00,2.2584872
2025-01-10 21:03:42.760644+00:00,2.2584878
2025-01-10 21:03:55.376271+00:00,2.2584876
2025-01-10 21:04:09.039688+00:00,2.258487
2025-01-10 21:04:21.439067+00:00,2.258487
2025-01-10 21:04:34.121446+00:00,2.258488
2025-01-10 21:04:46.549572+00:00,2.2584875
2025-01-10 21:05:02.164750+00:00,2.2584882
2025-01-10 21:05:12.105525+00:00,2.2584873
2025-01-10 21:06:58.169491+00:00,2.2584876
2025-01-10 21:07:36.983437+00:00,2.2584876
2025-01-10 21:07:50.102311+00:00,2.2584878
2025-01-10 21:08:28.066965+00:00,2.2584867
2025-01-10 21:08:40.577152+00:00,2.2584868
2025-01-10 21:08:54.046165+00:00,2.2584868
2025-01-10 21:09:06.891435+00:00,2.2584876
2025-01-10 21:09:20.098364+00:00,2.2584879
2025-01-10 21:09:31.936591+00:00,2.2584876
2025-01-10 21:09:44.286377+00:00,2.2584881
2025-01-10 21:09:57.326835+00:00,2.2584878
2025-01-10 21:10:11.138096+00:00,2.2584878
2025-01-10 21:10:22.920800+00:00,2.2584875
2025-01-10 21:10:35.620118+00:00,2.2584879
2025-01-10 21:11:14.481639+00:00,2.2584877
2025-01-10 21:11:51.897656+00:00,2.258488
2025-01-10 21:12:17.793939+00:00,2.258487
2025-01-10 21:12:30.121644+00:00,2.2584882
2025-01-10 21:12:56.160974+00:00,2.2584881
2025-01-10 21:13:09.127054+00:00,2.2584877
2025-01-10 21:13:21.218858+00:00,2.258488
2025-01-10 21:13:33.693197+00:00,2.2584875
2025-01-10 21:13:46.143116+00:00,2.2584878
2025-01-10 21:13:58.489716+00:00,2.2584877
2025-01-10 21:14:11.256942+00:00,2.2584883
2025-01-10 21:14:23.558637+00:00,2.2584881
2025-01-10 21:14:41.136540+00:00,2.2584874
2025-01-10 21:14:51.408530+00:00,2.2584876
2025-01-10 21:15:01.912303+00:00,2.2584883
2025-01-10 21:15:22.176231+00:00,2.2584871
2025-01-10 21:18:23.625918+00:00,2.2584879
2025-01-10 21:18:46.198153+00:00,2.2584874
2025-01-10 21:18:58.693846+00:00,2.2584877
2025-01-10 21:19:11.903149+00:00,2.2584872
2025-01-10 21:19:25.681056+00:00,2.2584874
2025-01-10 21:19:37.617921+00:00,2.2584875
2025-01-10 21:19:50.522727+00:00,2.2584878
2025-01-10 21:20:02.808095+00:00,2.2584876
2025-01-10 21:20:18.189225+00:00,2.2584872
2025-01-10 21:20:29.195400+00:00,2.2584874
2025-01-10 21:20:41.317913+00:00,2.2584876
2025-01-10 21:20:54.312532+00:00,2.2584871
2025-01-10 21:21:06.912802+00:00,2.2584879
2025-01-10 21:21:19.322553+00:00,2.2584876
2025-01-10 21:21:31.973400+00:00,2.2584879
2025-01-10 21:21:44.481304+00:00,2.2584881
2025-01-10 21:21:57.385817+00:00,2.2584879
2025-01-10 21:22:10.583753+00:00,2.2584875
2025-01-10 21:22:23.015148+00:00,2.2584872
2025-01-10 21:22:35.965698+00:00,2.2584874
2025-01-10 21:22:49.343531+00:00,2.2584876
2025-01-10 21:23:02.241494+00:00,2.2584871
2025-01-10 21:23:15.572554+00:00,2.2584874
2025-01-10 21:23:26.663119+00:00,2.2584868
2025-01-10 21:23:39.300737+00:00,2.2584882
2025-01-10 21:23:53.826464+00:00,2.2584877
2025-01-10 21:24:04.744060+00:00,2.2584877
2025-01-10 21:24:17.257032+00:00,2.2584872
2025-01-10 21:24:30.005164+00:00,2.2584879
2025-01-10 21:24:42.319042+00:00,2.2584872
2025-01-10 21:25:21.812930+00:00,2.2584876
2025-01-10 21:25:34.211832+00:00,2.2584878
2025-01-10 21:25:45.888084+00:00,2.2584877
2025-01-10 21:28:52.205593+00:00,2.2584875
2025-01-10 21:29:05.934864+00:00,2.258488
2025-01-10 21:29:18.206054+00:00,2.2584876
2025-01-10 21:29:33.351018+00:00,2.2584878
2025-01-10 21:29:43.478806+00:00,2.2584873
2025-01-10 21:30:03.641849+00:00,2.2584875
2025-01-10 21:30:14.953030+00:00,2.2584868
2025-01-10 21:30:23.779156+00:00,2.2584876
2025-01-10 21:30:34.786291+00:00,2.2584877
2025-01-10 21:31:00.506639+00:00,2.258488
2025-01-10 21:31:13.755753+00:00,2.2584872
2025-01-10 21:31:25.625886+00:00,2.2584876
2025-01-10 21:31:53.686690+00:00,2.2584876
2025-01-10 21:32:16.738527+00:00,2.2584874
2025-01-10 21:32:29.279329+00:00,2.258487
2025-01-10 21:32:41.900145+00:00,2.2584876
2025-01-10 21:32:54.801810+00:00,2.2584869
2025-01-10 21:33:12.621147+00:00,2.2584882
2025-01-10 21:33:20.310334+00:00,2.2584879
2025-01-10 21:33:33.358931+00:00,2.2584875
2025-01-10 21:33:46.112501+00:00,2.2584872
2025-01-10 21:33:59.333555+00:00,2.2584879
2025-01-10 21:34:20.644141+00:00,2.2584874
2025-01-10 21:34:23.833277+00:00,2.2584872
2025-01-10 21:34:36.447147+00:00,2.2584876
2025-01-10 21:34:49.501548+00:00,2.2584873
2025-01-10 21:35:02.026326+00:00,2.2584873
2025-01-10 21:35:21.168208+00:00,2.2584882
2025-01-10 21:35:27.139021+00:00,2.2584869
2025-01-10 21:35:40.352005+00:00,2.2584874
2025-01-10 21:36:06.343455+00:00,2.2584883
2025-01-10 21:36:18.366829+00:00,2.2584871
2025-01-10 21:36:43.716916+00:00,2.2584884
2025-01-10 21:36:56.730354+00:00,2.2584882
2025-01-10 21:39:23.935808+00:00,2.2584884
2025-01-10 21:39:36.083900+00:00,2.2584879
2025-01-10 21:39:49.243187+00:00,2.2584881
2025-01-10 21:40:01.964209+00:00,2.2584878
2025-01-10 21:40:15.288305+00:00,2.258488
2025-01-10 21:40:27.595632+00:00,2.2584881
2025-01-10 21:40:40.309284+00:00,2.2584883
2025-01-10 21:41:06.149326+00:00,2.2584873
2025-01-10 21:41:19.740992+00:00,2.2584882
2025-01-10 21:41:31.752283+00:00,2.2584881
2025-01-10 21:41:44.199484+00:00,2.2584879
2025-01-10 21:41:57.071880+00:00,2.2584879
2025-01-10 21:42:10.914982+00:00,2.2584876
2025-01-10 21:42:35.162838+00:00,2.2584883
2025-01-10 21:42:48.048043+00:00,2.2584882
2025-01-10 21:43:00.880993+00:00,2.2584876
2025-01-10 21:43:39.007384+00:00,2.2584877
2025-01-10 21:43:51.428491+00:00,2.2584881
2025-01-10 21:44:04.361265+00:00,2.2584881
2025-01-10 21:44:18.216645+00:00,2.2584874
2025-01-10 21:44:44.623961+00:00,2.2584879
2025-01-10 21:44:54.689440+00:00,2.2584873
2025-01-10 21:45:09.510461+00:00,2.2584876
2025-01-10 21:45:33.094722+00:00,2.2584875
2025-01-10 21:45:47.079195+00:00,2.2584875
2025-01-10 21:45:57.919760+00:00,2.2584882
2025-01-10 21:46:11.097191+00:00,2.2584877
2025-01-10 21:46:23.279257+00:00,2.2584877
2025-01-10 21:46:36.160433+00:00,2.2584878
2025-01-10 21:49:15.979673+00:00,2.2584879
2025-01-10 21:49:54.562835+00:00,2.2584877
2025-01-10 21:50:08.055809+00:00,2.2584884
2025-01-10 21:50:20.631026+00:00,2.2584868
2025-01-10 21:50:32.841836+00:00,2.2584884
2025-01-10 21:50:45.614268+00:00,2.2584882
2025-01-10 21:51:11.344147+00:00,2.2584874
2025-01-10 21:51:24.218338+00:00,2.2584877
2025-01-10 21:51:36.791108+00:00,2.2584877
2025-01-10 21:51:49.484527+00:00,2.2584873
2025-01-10 21:52:02.686177+00:00,2.2584876
2025-01-10 21:52:14.889357+00:00,2.2584873
2025-01-10 21:52:27.240876+00:00,2.2584882
2025-01-10 21:52:40.539583+00:00,2.2584874
2025-01-10 21:52:53.153823+00:00,2.2584871
2025-01-10 21:53:06.882246+00:00,2.2584876
2025-01-10 21:53:19.150764+00:00,2.2584874
2025-01-10 21:53:31.393880+00:00,2.2584875
2025-01-10 21:53:43.955787+00:00,2.2584875
2025-01-10 21:53:56.606803+00:00,2.2584874
2025-01-10 21:54:11.216153+00:00,2.258487
2025-01-10 21:54:22.274302+00:00,2.2584884
2025-01-10 21:54:34.747307+00:00,2.258488
2025-01-10 21:54:47.509549+00:00,2.2584879
2025-01-10 21:55:13.146162+00:00,2.2584875
2025-01-10 21:55:25.654564+00:00,2.258487
2025-01-10 21:55:40.546405+00:00,2.2584879
2025-01-10 21:55:51.246969+00:00,2.2584879
2025-01-10 21:56:03.379819+00:00,2.2584872
2025-01-10 21:56:17.371598+00:00,2.2584876
2025-01-10 21:56:28.668371+00:00,2.2584876
2025-01-10 21:56:41.146049+00:00,2.2584877
2025-01-10 21:56:55.861705+00:00,2.2584877
2025-01-10 21:57:06.876220+00:00,2.2584877
2025-01-10 21:57:21.913743+00:00,2.2584874
2025-01-10 22:00:11.581944+00:00,2.2584874
2025-01-10 22:00:24.925942+00:00,2.2584873
2025-01-10 22:00:40.453644+00:00,2.2584871
2025-01-10 22:00:50.262213+00:00,2.258487
2025-01-10 22:01:02.362012+00:00,2.258488
2025-01-10 22:01:29.482266+00:00,2.2584883
2025-01-10 22:01:39.868523+00:00,2.258488
2025-01-10 22:01:52.530441+00:00,2.2584875
2025-01-10 22:02:31.746012+00:00,2.2584867
2025-01-10 22:02:43.979065+00:00,2.2584876
2025-01-10 22:02:56.576809+00:00,2.2584874
2025-01-10 22:03:09.492069+00:00,2.258487
2025-01-10 22:03:35.271876+00:00,2.2584882
2025-01-10 22:03:48.014537+00:00,2.2584873
2025-01-10 22:04:00.258591+00:00,2.2584873
2025-01-10 22:04:13.212348+00:00,2.2584871
2025-01-10 22:04:26.011320+00:00,2.2584882
2025-01-10 22:04:38.389948+00:00,2.2584877
2025-01-10 22:04:52.992416+00:00,2.2584879
2025-01-10 22:05:05.709076+00:00,2.258488
2025-01-10 22:05:17.242462+00:00,2.2584874
2025-01-10 22:05:29.517439+00:00,2.2584876
2025-01-10 22:05:42.597759+00:00,2.2584877
2025-01-10 22:05:54.600989+00:00,2.2584876
2025-01-10 22:06:07.688419+00:00,2.2584871
2025-01-10 22:06:20.010317+00:00,2.2584878
2025-01-10 22:06:32.672405+00:00,2.258487
2025-01-10 22:06:44.952351+00:00,2.2584875
2025-01-10 22:06:58.284431+00:00,2.2584877
2025-01-10 22:07:10.935880+00:00,2.2584879
2025-01-10 22:07:23.219459+00:00,2.2584873
2025-01-10 22:07:49.351993+00:00,2.2584881
2025-01-10 22:08:02.894356+00:00,2.2584878
2025-01-10 22:10:40.938882+00:00,2.2584874
2025-01-10 22:10:53.924296+00:00,2.2584879
2025-01-10 22:11:08.229670+00:00,2.2584882
2025-01-10 22:11:19.613178+00:00,2.2584877
2025-01-10 22:11:32.741316+00:00,2.2584872
2025-01-10 22:11:45.856201+00:00,2.2584883
2025-01-10 22:11:57.856192+00:00,2.2584877
2025-01-10 22:12:10.891092+00:00,2.2584871
2025-01-10 22:12:23.244154+00:00,2.2584872
2025-01-10 22:12:36.195104+00:00,2.2584874
2025-01-10 22:12:49.108537+00:00,2.2584876
2025-01-10 22:13:01.856489+00:00,2.2584875
2025-01-10 22:13:27.086888+00:00,2.2584871
2025-01-10 22:13:40.427241+00:00,2.2584876
2025-01-10 22:13:52.620882+00:00,2.2584873
2025-01-10 22:14:07.094169+00:00,2.2584877
2025-01-10 22:14:18.556087+00:00,2.2584876
2025-01-10 22:14:32.396170+00:00,2.2584874
2025-01-10 22:14:43.600490+00:00,2.2584877
2025-01-10 22:14:56.814304+00:00,2.2584878
2025-01-10 22:15:09.476015+00:00,2.258488
2025-01-10 22:15:22.455161+00:00,2.2584881
2025-01-10 22:15:40.221358+00:00,2.258488
2025-01-10 22:15:47.731226+00:00,2.2584882
2025-01-10 22:16:00.538218+00:00,2.2584869
2025-01-10 22:16:12.745866+00:00,2.2584877
2025-01-10 22:16:26.302327+00:00,2.2584873
2025-01-10 22:16:37.933282+00:00,2.2584871
2025-01-10 22:16:50.412502+00:00,2.258488
2025-01-10 22:17:03.310624+00:00,2.2584881
2025-01-10 22:17:15.972141+00:00,2.2584866
2025-01-10 22:17:28.215968+00:00,2.2584874
2025-01-10 22:17:41.066038+00:00,2.2584876
2025-01-10 22:17:54.200335+00:00,2.258488
2025-01-10 22:18:08.108569+00:00,2.2584873
2025-01-10 22:21:13.365756+00:00,2.2584877
2025-01-10 22:22:01.066495+00:00,2.2584873
2025-01-10 22:22:03.924700+00:00,2.2584879
2025-01-10 22:22:17.421057+00:00,2.2584879
2025-01-10 22:22:29.501842+00:00,2.258488
2025-01-10 22:22:42.386181+00:00,2.2584875
2025-01-10 22:22:54.731262+00:00,2.2584872
2025-01-10 22:23:07.867533+00:00,2.2584868
2025-01-10 22:23:20.582516+00:00,2.2584875
2025-01-10 22:23:33.355350+00:00,2.2584882
2025-01-10 22:23:46.141448+00:00,2.2584883
2025-01-10 22:23:58.564593+00:00,2.2584878
2025-01-10 22:24:11.531469+00:00,2.2584881
2025-01-10 22:24:24.431007+00:00,2.2584871
2025-01-10 22:24:36.922106+00:00,2.258488
2025-01-10 22:25:09.983907+00:00,2.2584883
2025-01-10 22:25:41.130334+00:00,2.2584876
2025-01-10 22:25:54.627006+00:00,2.2584875
2025-01-10 22:26:14.898789+00:00,2.2584876
2025-01-10 22:26:19.700561+00:00,2.2584882
2025-01-10 22:26:32.690024+00:00,2.2584877
2025-01-10 22:26:44.273752+00:00,2.2584884
2025-01-10 22:26:56.981680+00:00,2.2584875
2025-01-10 22:27:14.552584+00:00,2.2584872
2025-01-10 22:27:21.938757+00:00,2.2584878
2025-01-10 22:27:35.555845+00:00,2.2584882
2025-01-10 22:27:47.583078+00:00,2.2584873
2025-01-10 22:28:00.217300+00:00,2.2584877
2025-01-10 22:28:13.059751+00:00,2.2584876
2025-01-10 22:28:27.535084+00:00,2.2584875
2025-01-10 22:28:38.614518+00:00,2.2584875
2025-01-10 22:29:04.655359+00:00,2.2584881
2025-01-10 22:31:31.719821+00:00,2.2584883
2025-01-10 22:31:43.948241+00:00,2.258487
2025-01-10 22:31:56.705150+00:00,2.2584871
2025-01-10 22:32:10.093769+00:00,2.2584871
2025-01-10 22:32:22.046526+00:00,2.2584875
2025-01-10 22:32:34.795245+00:00,2.2584869
2025-01-10 22:32:48.378839+00:00,2.2584873
2025-01-10 22:33:00.617032+00:00,2.2584877
2025-01-10 22:33:13.388961+00:00,2.2584873
2025-01-10 22:33:25.577463+00:00,2.2584871
2025-01-10 22:33:38.788581+00:00,2.258488
2025-01-10 22:34:07.888355+00:00,2.2584872
2025-01-10 22:34:17.577147+00:00,2.2584877
2025-01-10 22:34:42.096195+00:00,2.2584872
2025-01-10 22:34:55.112386+00:00,2.2584877
2025-01-10 22:35:11.959589+00:00,2.2584879
2025-01-10 22:35:20.516111+00:00,2.2584872
2025-01-10 22:35:39.765780+00:00,2.2584873
2025-01-10 22:35:50.393265+00:00,2.2584881
2025-01-10 22:36:01.158021+00:00,2.2584874
2025-01-10 22:36:12.379718+00:00,2.2584875
2025-01-10 22:36:28.105439+00:00,2.2584879
2025-01-10 22:36:37.744479+00:00,2.2584869
2025-01-10 22:36:49.728466+00:00,2.2584869
2025-01-10 22:37:03.425243+00:00,2.258487
2025-01-10 22:37:16.014305+00:00,2.2584876
2025-01-10 22:37:28.001333+00:00,2.2584874
2025-01-10 22:37:40.752686+00:00,2.2584879
2025-01-10 22:37:53.343379+00:00,2.2584872
2025-01-10 22:38:06.657968+00:00,2.2584872
2025-01-10 22:38:18.363282+00:00,2.2584874
2025-01-10 22:38:33.609967+00:00,2.2584875
2025-01-10 22:38:44.682213+00:00,2.2584871
2025-01-10 22:38:57.485509+00:00,2.2584875
2025-01-10 22:39:10.435536+00:00,2.2584876
2025-01-10 22:39:21.669967+00:00,2.2584881
2025-01-10 22:39:34.781252+00:00,2.2584874
2025-01-10 22:42:16.201271+00:00,2.258488
2025-01-10 22:42:26.953996+00:00,2.2584874
2025-01-10 22:42:39.656481+00:00,2.2584874
2025-01-10 22:42:52.849035+00:00,2.2584884
2025-01-10 22:43:05.576070+00:00,2.2584883
2025-01-10 22:43:23.463447+00:00,2.2584875
2025-01-10 22:43:43.662710+00:00,2.2584881
2025-01-10 22:43:56.324523+00:00,2.2584876
2025-01-10 22:44:09.855899+00:00,2.2584875
2025-01-10 22:44:21.961909+00:00,2.2584878
2025-01-10 22:44:34.670120+00:00,2.2584876
2025-01-10 22:44:47.818876+00:00,2.258488
2025-01-10 22:44:59.984788+00:00,2.2584872
2025-01-10 22:45:13.003330+00:00,2.2584879
2025-01-10 22:45:25.904717+00:00,2.2584872
2025-01-10 22:45:42.308315+00:00,2.2584871
2025-01-10 22:45:51.245172+00:00,2.2584866
2025-01-10 22:46:18.813729+00:00,2.2584875
2025-01-10 22:46:32.623473+00:00,2.258487
2025-01-10 22:46:41.937228+00:00,2.2584876
2025-01-10 22:46:54.667548+00:00,2.2584871
2025-01-10 22:47:07.871914+00:00,2.2584876
2025-01-10 22:47:20.140136+00:00,2.2584878
2025-01-10 22:47:33.632562+00:00,2.2584877
2025-01-10 22:47:58.458394+00:00,2.258487
2025-01-10 22:48:11.594428+00:00,2.2584883
2025-01-10 22:48:24.125868+00:00,2.2584879
2025-01-10 22:48:37.395803+00:00,2.2584872
2025-01-10 22:48:49.665465+00:00,2.2584875
2025-01-10 22:49:01.995170+00:00,2.2584874
2025-01-10 22:49:14.697493+00:00,2.258487
2025-01-10 22:49:27.022575+00:00,2.2584874
2025-01-10 22:49:40.504070+00:00,2.2584878
2025-01-10 22:49:52.212914+00:00,2.2584878
2025-01-10 22:50:05.303004+00:00,2.2584876
2025-01-10 22:50:20.251789+00:00,2.2584878
2025-01-10 22:50:30.871178+00:00,2.2584876
2025-01-10 22:50:43.970473+00:00,2.2584873
2025-01-10 22:51:09.666132+00:00,2.2584883
2025-01-10 22:53:36.286965+00:00,2.2584873
2025-01-10 22:53:51.801699+00:00,2.258487
2025-01-10 22:54:08.201976+00:00,2.2584873
2025-01-10 22:54:15.258501+00:00,2.2584879
2025-01-10 22:54:27.797291+00:00,2.2584882
2025-01-10 22:54:40.689535+00:00,2.2584879
2025-01-10 22:54:53.659903+00:00,2.2584877
2025-01-10 22:55:06.346580+00:00,2.258488
2025-01-10 22:55:18.870484+00:00,2.2584868
2025-01-10 22:55:32.573776+00:00,2.2584876
2025-01-10 22:55:57.081471+00:00,2.2584876
2025-01-10 22:56:35.355807+00:00,2.2584876
2025-01-10 22:56:48.053927+00:00,2.2584884
2025-01-10 22:57:00.916929+00:00,2.2584881
2025-01-10 22:57:13.656424+00:00,2.2584875
2025-01-10 22:57:26.132244+00:00,2.2584879
2025-01-10 22:57:38.977454+00:00,2.2584883
2025-01-10 22:57:52.015809+00:00,2.2584879
2025-01-10 22:58:04.709031+00:00,2.2584871
2025-01-10 22:58:17.390331+00:00,2.2584881
2025-01-10 22:58:33.393493+00:00,2.2584875
2025-01-10 22:58:43.007843+00:00,2.2584877
2025-01-10 22:58:56.417120+00:00,2.2584874
2025-01-10 22:59:20.663958+00:00,2.2584869
2025-01-10 22:59:33.596702+00:00,2.2584873
2025-01-10 22:59:48.219854+00:00,2.2584874
2025-01-10 22:59:58.451283+00:00,2.258487
2025-01-10 23:00:11.054904+00:00,2.2584879
2025-01-10 23:00:26.179145+00:00,2.2584871
2025-01-10 23:00:37.004273+00:00,2.2584876
2025-01-10 23:00:50.227931+00:00,2.2584869
2025-01-10 23:01:02.748430+00:00,2.2584878
2025-01-10 23:01:16.475534+00:00,2.2584878
2025-01-10 23:01:27.524983+00:00,2.2584879
2025-01-10 23:03:41.914752+00:00,2.2584883
2025-01-10 23:04:07.644858+00:00,2.2584879
2025-01-10 23:04:23.498452+00:00,2.2584872
2025-01-10 23:04:34.733509+00:00,2.2584874
2025-01-10 23:04:45.417135+00:00,2.2584877
2025-01-10 23:04:57.686927+00:00,2.2584872
2025-01-10 23:05:10.880575+00:00,2.2584884
2025-01-10 23:05:23.266421+00:00,2.2584875
2025-01-10 23:05:35.924141+00:00,2.2584873
2025-01-10 23:05:48.531254+00:00,2.2584872
2025-01-10 23:06:01.937638+00:00,2.258488
2025-01-10 23:06:14.748386+00:00,2.2584876
2025-01-10 23:06:26.364942+00:00,2.2584872
2025-01-10 23:06:39.495414+00:00,2.2584878
2025-01-10 23:06:53.445244+00:00,2.258487
2025-01-10 23:07:05.739674+00:00,2.2584872
2025-01-10 23:07:17.664887+00:00,2.2584883
2025-01-10 23:07:29.936794+00:00,2.2584875
2025-01-10 23:07:42.522111+00:00,2.2584868
2025-01-10 23:07:56.106328+00:00,2.2584884
2025-01-10 23:08:14.488555+00:00,2.2584873
2025-01-10 23:08:20.923322+00:00,2.2584876
2025-01-10 23:08:34.145383+00:00,2.2584879
2025-01-10 23:08:46.553960+00:00,2.2584884
2025-01-10 23:08:58.785715+00:00,2.2584872
2025-01-10 23:09:11.702797+00:00,2.2584877
2025-01-10 23:09:25.440595+00:00,2.2584872
2025-01-10 23:09:37.610748+00:00,2.258488
2025-01-10 23:09:49.626727+00:00,2.258488
2025-01-10 23:10:02.367787+00:00,2.2584875
2025-01-10 23:10:15.626504+00:00,2.2584875
2025-01-10 23:10:27.746344+00:00,2.2584869
2025-01-10 23:10:52.582709+00:00,2.2584876
2025-01-10 23:11:20.075205+00:00,2.2584871
2025-01-10 23:11:31.207726+00:00,2.2584877
2025-01-10 23:11:43.506050+00:00,2.2584871
2025-01-10 23:11:56.213235+00:00,2.2584875
2025-01-10 23:12:21.971674+00:00,2.2584883
2025-01-10 23:14:34.865834+00:00,2.2584876
2025-01-10 23:14:47.902073+00:00,2.2584869
2025-01-10 23:15:01.013886+00:00,2.2584878
2025-01-10 23:15:13.661086+00:00,2.2584875
2025-01-10 23:15:26.652339+00:00,2.2584871
2025-01-10 23:15:40.507923+00:00,2.2584876
2025-01-10 23:16:04.733051+00:00,2.2584875
2025-01-10 23:16:17.425247+00:00,2.2584868
2025-01-10 23:16:29.894169+00:00,2.2584874
2025-01-10 23:16:43.547248+00:00,2.2584874
2025-01-10 23:16:55.364581+00:00,2.2584884
2025-01-10 23:17:08.458749+00:00,2.2584878
2025-01-10 23:17:20.779588+00:00,2.2584877
2025-01-10 23:17:34.429385+00:00,2.2584877
2025-01-10 23:17:46.560708+00:00,2.2584874
2025-01-10 23:17:58.993528+00:00,2.2584875
2025-01-10 23:18:12.155208+00:00,2.2584874
2025-01-10 23:18:24.574662+00:00,2.2584874
2025-01-10 23:18:37.274436+00:00,2.2584872
2025-01-10 23:18:49.946928+00:00,2.2584872
2025-01-10 23:19:02.901851+00:00,2.2584873
2025-01-10 23:19:15.564090+00:00,2.2584873
2025-01-10 23:19:28.485733+00:00,2.258488
2025-01-10 23:19:41.294430+00:00,2.2584879
2025-01-10 23:19:55.404271+00:00,2.2584878
2025-01-10 23:20:06.930022+00:00,2.2584882
2025-01-10 23:20:20.829718+00:00,2.2584868
2025-01-10 23:20:33.795153+00:00,2.2584877
2025-01-10 23:20:44.793254+00:00,2.2584872
2025-01-10 23:20:57.472987+00:00,2.2584879
2025-01-10 23:21:09.884216+00:00,2.2584878
2025-01-10 23:21:23.107041+00:00,2.2584871
2025-01-10 23:21:34.675785+00:00,2.2584883
2025-01-10 23:21:47.903450+00:00,2.2584873
2025-01-10 23:22:02.440014+00:00,2.2584871
2025-01-10 23:22:15.725635+00:00,2.2584879
2025-01-10 23:25:18.560257+00:00,2.2584878
2025-01-10 23:26:12.812303+00:00,2.2584883
2025-01-10 23:26:35.027143+00:00,2.2584878
2025-01-10 23:27:03.658024+00:00,2.2584875
2025-01-10 23:27:14.917321+00:00,2.258488
2025-01-10 23:27:25.644958+00:00,2.258488
2025-01-10 23:27:38.544144+00:00,2.258488
2025-01-10 23:27:51.359809+00:00,2.2584874
2025-01-10 23:28:04.142722+00:00,2.258487
2025-01-10 23:28:32.296456+00:00,2.2584881
2025-01-10 23:28:42.690223+00:00,2.2584877
2025-01-10 23:28:55.044092+00:00,2.258488
2025-01-10 23:29:08.262837+00:00,2.2584867
2025-01-10 23:29:20.601191+00:00,2.258488
2025-01-10 23:29:33.791450+00:00,2.2584883
2025-01-10 23:29:46.217033+00:00,2.258487
2025-01-10 23:29:58.663363+00:00,2.2584868
2025-01-10 23:30:24.468897+00:00,2.2584874
2025-01-10 23:30:37.178409+00:00,2.2584883
2025-01-10 23:30:49.750192+00:00,2.2584875
2025-01-10 23:31:02.687670+00:00,2.2584873
2025-01-10 23:31:17.373232+00:00,2.2584873
2025-01-10 23:31:27.524103+00:00,2.2584875
2025-01-10 23:31:40.144959+00:00,2.2584873
2025-01-10 23:31:52.570136+00:00,2.258488
2025-01-10 23:32:05.387916+00:00,2.2584882
2025-01-10 23:32:17.763953+00:00,2.258488
2025-01-10 23:32:30.852422+00:00,2.2584879
2025-01-10 23:32:43.522345+00:00,2.2584878
2025-01-10 23:33:10.560367+00:00,2.2584884
2025-01-10 23:35:36.207115+00:00,2.2584873
2025-01-10 23:35:48.990780+00:00,2.2584881
2025-01-10 23:36:02.149913+00:00,2.2584881
2025-01-10 23:36:14.696890+00:00,2.2584882
2025-01-10 23:36:27.545119+00:00,2.2584875
2025-01-10 23:36:40.650151+00:00,2.2584872
2025-01-10 23:36:53.302165+00:00,2.2584878
2025-01-10 23:37:05.388052+00:00,2.2584872
2025-01-10 23:37:19.456661+00:00,2.2584872
2025-01-10 23:37:30.788749+00:00,2.2584878
2025-01-10 23:37:44.234035+00:00,2.2584873
2025-01-10 23:37:57.649793+00:00,2.2584872
2025-01-10 23:38:10.971241+00:00,2.2584873
2025-01-10 23:38:23.207749+00:00,2.2584878
2025-01-10 23:38:34.629170+00:00,2.2584882
2025-01-10 23:38:47.572826+00:00,2.2584878
2025-01-10 23:38:59.916369+00:00,2.2584875
2025-01-10 23:39:12.690190+00:00,2.2584884
2025-01-10 23:39:25.390522+00:00,2.2584871
2025-01-10 23:39:38.077574+00:00,2.2584878
2025-01-10 23:39:51.625832+00:00,2.2584874
2025-01-10 23:40:03.787899+00:00,2.2584873
2025-01-10 23:40:17.634990+00:00,2.2584874
2025-01-10 23:40:28.750533+00:00,2.2584873
2025-01-10 23:40:41.441828+00:00,2.258488
2025-01-10 23:40:53.869520+00:00,2.2584867
2025-01-10 23:41:06.621223+00:00,2.2584873
2025-01-10 23:41:23.154487+00:00,2.2584874
2025-01-10 23:41:31.792194+00:00,2.2584876
2025-01-10 23:41:44.441227+00:00,2.2584871
2025-01-10 23:41:57.246500+00:00,2.2584873
2025-01-10 23:42:12.309202+00:00,2.2584877
2025-01-10 23:42:25.138421+00:00,2.2584873
2025-01-10 23:45:07.620563+00:00,2.2584872
2025-01-10 23:45:14.758691+00:00,2.2584869
2025-01-10 23:45:29.509514+00:00,2.2584881
2025-01-10 23:45:40.320489+00:00,2.2584868
2025-01-10 23:45:52.594186+00:00,2.2584869
2025-01-10 23:46:05.562759+00:00,2.2584868
2025-01-10 23:46:18.115992+00:00,2.2584876
2025-01-10 23:46:30.999316+00:00,2.258488
2025-01-10 23:46:43.383242+00:00,2.2584875
2025-01-10 23:46:56.529822+00:00,2.2584869
2025-01-10 23:47:09.055562+00:00,2.2584873
2025-01-10 23:47:22.741446+00:00,2.2584876
2025-01-10 23:47:35.022770+00:00,2.2584872
2025-01-10 23:47:47.356277+00:00,2.2584879
2025-01-10 23:48:02.501047+00:00,2.2584875
2025-01-10 23:48:12.972213+00:00,2.2584871
2025-01-10 23:48:26.912152+00:00,2.2584871
2025-01-10 23:48:38.020964+00:00,2.2584875
2025-01-10 23:48:50.865120+00:00,2.2584876
2025-01-10 23:49:04.368903+00:00,2.2584874
2025-01-10 23:49:16.550146+00:00,2.2584871
2025-01-10 23:49:29.092706+00:00,2.2584876
2025-01-10 23:49:50.919705+00:00,2.258487
2025-01-10 23:49:56.036765+00:00,2.2584879
2025-01-10 23:50:12.641070+00:00,2.2584872
2025-01-10 23:50:19.623534+00:00,2.2584873
2025-01-10 23:50:32.934123+00:00,2.2584871
2025-01-10 23:50:44.902523+00:00,2.2584873
2025-01-10 23:50:57.324535+00:00,2.2584878
2025-01-10 23:51:10.281811+00:00,2.2584877
2025-01-10 23:51:22.697509+00:00,2.2584877
2025-01-10 23:51:35.478801+00:00,2.2584874
2025-01-10 23:51:48.374168+00:00,2.2584877
2025-01-10 23:52:01.366684+00:00,2.2584881
2025-01-10 23:52:14.399003+00:00,2.2584871
2025-01-10 23:52:26.644682+00:00,2.2584873
2025-01-10 23:54:26.242714+00:00,2.2584878
2025-01-10 23:54:39.107501+00:00,2.2584873
2025-01-10 23:55:05.053020+00:00,2.2584883
2025-01-10 23:55:17.671621+00:00,2.2584875
2025-01-10 23:55:30.567310+00:00,2.2584879
2025-01-10 23:55:42.913328+00:00,2.2584873
2025-01-10 23:55:55.740828+00:00,2.2584883
2025-01-10 23:56:09.128032+00:00,2.2584881
2025-01-10 23:56:22.224591+00:00,2.2584878
2025-01-10 23:56:47.151462+00:00,2.2584879
2025-01-10 23:56:59.602950+00:00,2.2584876
2025-01-10 23:57:12.978985+00:00,2.2584876
2025-01-10 23:57:25.522255+00:00,2.2584868
2025-01-10 23:57:40.172217+00:00,2.2584875
2025-01-10 23:57:51.944325+00:00,2.2584877
2025-01-10 23:58:03.354550+00:00,2.2584881
2025-01-10 23:58:29.356238+00:00,2.258488
2025-01-10 23:58:41.662384+00:00,2.2584876
2025-01-10 23:58:54.028582+00:00,2.2584872
2025-01-10 23:59:08.090825+00:00,2.2584869
2025-01-10 23:59:22.593709+00:00,2.2584873
2025-01-10 23:59:37.779174+00:00,2.2584878
2025-01-10 23:59:46.247479+00:00,2.2584883
2025-01-10 23:59:57.882576+00:00,2.2584881
