time,counts_ratio
2025-07-20 07:54:03.940122+00:00,2.2584876
2025-07-20 08:02:00.612327+00:00,2.2584867
2025-07-20 08:02:25.002722+00:00,2.2584879
2025-07-20 08:02:37.779212+00:00,2.2584874
2025-07-20 08:03:04.560001+00:00,2.2584872
2025-07-20 08:03:28.571357+00:00,2.2584874
2025-07-20 08:03:42.777387+00:00,2.2584866
2025-07-20 08:04:19.359821+00:00,2.2584872
2025-07-20 08:04:57.250780+00:00,2.258488
2025-07-20 08:05:10.474336+00:00,2.258487
2025-07-20 08:05:38.347738+00:00,2.2584881
2025-07-20 08:05:49.576019+00:00,2.2584874
2025-07-20 08:07:03.387970+00:00,2.2584878
2025-07-20 08:07:15.104758+00:00,2.2584872
2025-07-20 08:07:26.827738+00:00,2.2584879
2025-07-20 08:07:39.394228+00:00,2.2584881
2025-07-20 08:07:54.051804+00:00,2.2584877
2025-07-20 08:08:04.811812+00:00,2.2584877
2025-07-20 08:08:20.543959+00:00,2.2584875
2025-07-20 08:08:29.628795+00:00,2.2584871
2025-07-20 08:08:42.602229+00:00,2.2584883
2025-07-20 08:08:55.052482+00:00,2.2584881
2025-07-20 08:09:08.051978+00:00,2.2584874
2025-07-20 08:09:21.124068+00:00,2.2584878
2025-07-20 08:09:37.394891+00:00,2.2584866
2025-07-20 08:09:46.609248+00:00,2.2584878
2025-07-20 08:09:58.454965+00:00,2.2584875
2025-07-20 08:10:24.308071+00:00,2.2584877
2025-07-20 08:11:50.290420+00:00,2.2584873
2025-07-20 08:12:02.862635+00:00,2.2584873
2025-07-20 08:12:15.389422+00:00,2.2584879
2025-07-20 08:12:27.832112+00:00,2.2584874
2025-07-20 08:12:40.388820+00:00,2.258488
2025-07-20 08:12:53.523023+00:00,2.2584881
2025-07-20 08:13:06.071179+00:00,2.2584878
2025-07-20 08:13:31.451343+00:00,2.2584868
2025-07-20 08:13:44.107309+00:00,2.2584878
2025-07-20 08:13:56.571769+00:00,2.2584882
2025-07-20 08:14:11.619535+00:00,2.2584873
2025-07-20 08:14:21.958655+00:00,2.2584875
2025-07-20 08:14:35.820708+00:00,2.2584874
2025-07-20 08:14:48.663317+00:00,2.2584881
2025-07-20 08:15:00.863673+00:00,2.2584879
2025-07-20 08:15:12.851492+00:00,2.2584875
2025-07-20 08:15:25.659596+00:00,2.2584873
2025-07-20 08:15:40.898345+00:00,2.258488
2025-07-20 08:15:50.765968+00:00,2.2584874
2025-07-20 08:16:03.957818+00:00,2.258488
2025-07-20 08:16:17.889739+00:00,2.2584875
2025-07-20 08:16:32.348182+00:00,2.2584874
2025-07-20 08:16:40.998009+00:00,2.2584877
2025-07-20 08:16:53.762207+00:00,2.2584879
2025-07-20 08:17:06.997034+00:00,2.2584876
2025-07-20 08:17:18.780794+00:00,2.2584871
2025-07-20 08:17:31.638892+00:00,2.2584876
2025-07-20 08:17:43.777557+00:00,2.258488
2025-07-20 08:17:56.670460+00:00,2.2584878
2025-07-20 08:18:08.585792+00:00,2.258488
2025-07-20 08:18:20.701802+00:00,2.2584878
2025-07-20 08:18:33.653414+00:00,2.2584878
2025-07-20 08:19:11.353902+00:00,2.2584875
2025-07-20 08:19:23.527913+00:00,2.2584878
2025-07-20 08:19:35.702045+00:00,2.258488
2025-07-20 08:19:48.428875+00:00,2.2584876
2025-07-20 08:20:00.809156+00:00,2.2584871
2025-07-20 08:20:13.668802+00:00,2.2584872
2025-07-20 08:20:26.496457+00:00,2.2584873
2025-07-20 08:20:40.129751+00:00,2.2584879
2025-07-20 08:20:51.424138+00:00,2.2584871
2025-07-20 08:21:04.117200+00:00,2.2584881
2025-07-20 08:21:16.787262+00:00,2.2584876
2025-07-20 08:21:29.140091+00:00,2.2584875
2025-07-20 08:21:42.012710+00:00,2.258487
2025-07-20 08:21:54.272378+00:00,2.258487
2025-07-20 08:22:07.031541+00:00,2.2584872
2025-07-20 08:22:19.046134+00:00,2.2584873
2025-07-20 08:22:33.996378+00:00,2.258488
2025-07-20 08:22:44.480219+00:00,2.2584874
2025-07-20 08:22:57.797276+00:00,2.2584873
2025-07-20 08:23:09.977038+00:00,2.2584873
2025-07-20 08:23:22.400348+00:00,2.2584878
2025-07-20 08:23:37.535324+00:00,2.2584879
2025-07-20 08:23:48.030974+00:00,2.2584873
2025-07-20 08:24:00.860511+00:00,2.2584875
2025-07-20 08:24:13.060223+00:00,2.258487
2025-07-20 08:24:25.852936+00:00,2.2584879
2025-07-20 08:24:38.702948+00:00,2.2584884
2025-07-20 08:24:51.399028+00:00,2.2584878
2025-07-20 08:25:04.189330+00:00,2.2584877
2025-07-20 08:25:17.159836+00:00,2.2584879
2025-07-20 08:25:30.306725+00:00,2.2584874
2025-07-20 08:25:42.576295+00:00,2.2584876
2025-07-20 08:25:55.782436+00:00,2.2584864
2025-07-20 08:26:08.587040+00:00,2.2584876
2025-07-20 08:26:21.009484+00:00,2.2584875
2025-07-20 08:26:34.367075+00:00,2.2584875
2025-07-20 08:26:49.093039+00:00,2.258488
2025-07-20 08:26:58.757016+00:00,2.258488
2025-07-20 08:27:12.001155+00:00,2.2584878
2025-07-20 08:27:24.022722+00:00,2.2584876
2025-07-20 08:27:36.624452+00:00,2.2584872
2025-07-20 08:27:49.383470+00:00,2.2584875
2025-07-20 08:28:02.732099+00:00,2.2584872
2025-07-20 08:28:14.366364+00:00,2.258488
2025-07-20 08:28:26.941144+00:00,2.258487
2025-07-20 08:28:39.148884+00:00,2.2584878
2025-07-20 08:29:03.996411+00:00,2.258488
2025-07-20 08:29:16.280251+00:00,2.2584872
2025-07-20 08:29:28.490412+00:00,2.2584878
2025-07-20 08:29:40.839960+00:00,2.2584873
2025-07-20 08:29:53.573464+00:00,2.2584882
2025-07-20 08:30:19.702469+00:00,2.258487
2025-07-20 08:30:32.281100+00:00,2.2584868
2025-07-20 08:30:43.656152+00:00,2.2584881
2025-07-20 08:30:56.625724+00:00,2.2584878
2025-07-20 08:31:13.304495+00:00,2.2584874
2025-07-20 08:31:24.240733+00:00,2.2584875
2025-07-20 08:31:35.621357+00:00,2.2584874
2025-07-20 08:31:47.180593+00:00,2.2584877
2025-07-20 08:31:59.286596+00:00,2.2584876
2025-07-20 08:32:11.724087+00:00,2.2584882
2025-07-20 08:32:23.867000+00:00,2.258488
2025-07-20 08:32:38.910880+00:00,2.2584874
2025-07-20 08:32:48.978793+00:00,2.2584877
2025-07-20 08:33:01.786906+00:00,2.2584874
2025-07-20 08:33:15.327600+00:00,2.2584877
2025-07-20 08:33:27.726587+00:00,2.2584873
2025-07-20 08:33:39.458956+00:00,2.2584881
2025-07-20 08:33:52.074848+00:00,2.2584877
2025-07-20 08:34:05.492179+00:00,2.2584877
2025-07-20 08:34:18.907025+00:00,2.2584873
2025-07-20 08:34:30.296109+00:00,2.2584874
2025-07-20 08:34:42.613597+00:00,2.258488
2025-07-20 08:34:55.445038+00:00,2.258487
2025-07-20 08:35:08.309713+00:00,2.258488
2025-07-20 08:35:24.808633+00:00,2.2584878
2025-07-20 08:35:36.486227+00:00,2.2584871
2025-07-20 08:35:46.960043+00:00,2.2584875
2025-07-20 08:35:58.737558+00:00,2.2584879
2025-07-20 08:36:11.711895+00:00,2.2584877
2025-07-20 08:36:26.369004+00:00,2.2584874
2025-07-20 08:36:37.515474+00:00,2.2584873
2025-07-20 08:36:49.621742+00:00,2.2584879
2025-07-20 08:37:03.617731+00:00,2.2584869
2025-07-20 08:37:14.958103+00:00,2.2584882
2025-07-20 08:37:28.505279+00:00,2.2584875
2025-07-20 08:37:40.820636+00:00,2.2584877
2025-07-20 08:37:52.599183+00:00,2.2584879
2025-07-20 08:38:05.574376+00:00,2.2584875
2025-07-20 08:38:18.661636+00:00,2.2584877
2025-07-20 08:38:31.207329+00:00,2.2584877
2025-07-20 08:38:42.127416+00:00,2.2584881
2025-07-20 08:38:54.344818+00:00,2.2584877
2025-07-20 08:39:08.163138+00:00,2.2584876
2025-07-20 08:39:19.302718+00:00,2.258488
2025-07-20 08:39:33.671504+00:00,2.2584874
2025-07-20 08:39:49.801951+00:00,2.2584874
2025-07-20 08:39:58.468366+00:00,2.2584875
2025-07-20 08:40:09.284727+00:00,2.2584879
2025-07-20 08:40:21.487624+00:00,2.2584871
2025-07-20 08:40:34.228856+00:00,2.2584871
2025-07-20 08:40:46.301858+00:00,2.2584875
2025-07-20 08:40:58.526099+00:00,2.2584879
2025-07-20 08:41:12.342442+00:00,2.2584878
2025-07-20 08:41:23.964720+00:00,2.2584877
2025-07-20 08:41:38.055228+00:00,2.2584875
2025-07-20 08:41:48.616074+00:00,2.2584876
2025-07-20 08:42:01.268836+00:00,2.2584876
2025-07-20 08:42:13.702738+00:00,2.258487
2025-07-20 08:42:26.338824+00:00,2.2584878
2025-07-20 08:42:40.289352+00:00,2.2584879
2025-07-20 08:42:51.727248+00:00,2.258488
2025-07-20 08:43:04.491693+00:00,2.2584882
2025-07-20 08:43:17.298332+00:00,2.2584872
2025-07-20 08:43:29.147807+00:00,2.2584881
2025-07-20 08:43:42.952665+00:00,2.2584877
2025-07-20 08:43:54.330223+00:00,2.2584875
2025-07-20 08:44:06.756984+00:00,2.2584874
2025-07-20 08:44:19.288255+00:00,2.2584878
2025-07-20 08:44:31.690205+00:00,2.2584873
2025-07-20 08:44:44.822967+00:00,2.2584873
2025-07-20 08:44:56.176016+00:00,2.2584872
2025-07-20 08:45:09.964228+00:00,2.2584872
2025-07-20 08:45:21.604956+00:00,2.2584873
2025-07-20 08:45:34.479324+00:00,2.258488
2025-07-20 08:45:47.102193+00:00,2.2584871
2025-07-20 08:45:59.555006+00:00,2.2584877
2025-07-20 08:46:12.754720+00:00,2.2584875
2025-07-20 08:46:25.251378+00:00,2.2584872
2025-07-20 08:46:37.886051+00:00,2.2584871
2025-07-20 08:46:50.742499+00:00,2.2584872
2025-07-20 08:47:08.181405+00:00,2.2584877
2025-07-20 08:47:16.204236+00:00,2.2584879
2025-07-20 08:47:28.617627+00:00,2.2584878
2025-07-20 08:47:41.350024+00:00,2.258488
2025-07-20 08:47:56.783937+00:00,2.2584873
2025-07-20 08:48:06.666446+00:00,2.2584881
2025-07-20 08:48:19.133955+00:00,2.258488
2025-07-20 08:48:31.917676+00:00,2.2584877
2025-07-20 08:48:44.910925+00:00,2.2584876
2025-07-20 08:48:56.540540+00:00,2.2584868
2025-07-20 08:49:10.317718+00:00,2.2584876
2025-07-20 08:49:22.082930+00:00,2.2584878
2025-07-20 08:49:34.472351+00:00,2.2584871
2025-07-20 08:49:47.332985+00:00,2.2584878
2025-07-20 08:50:01.032612+00:00,2.2584877
2025-07-20 08:50:12.307023+00:00,2.2584874
2025-07-20 08:50:26.173312+00:00,2.2584878
2025-07-20 08:50:36.412472+00:00,2.2584874
2025-07-20 08:50:48.413309+00:00,2.2584875
2025-07-20 08:51:00.656262+00:00,2.2584877
2025-07-20 08:51:13.388336+00:00,2.2584874
2025-07-20 08:51:25.155009+00:00,2.2584882
2025-07-20 08:51:37.528562+00:00,2.258487
2025-07-20 08:51:49.848419+00:00,2.2584873
2025-07-20 08:52:02.680785+00:00,2.2584872
2025-07-20 08:52:14.904874+00:00,2.2584879
2025-07-20 08:52:27.411740+00:00,2.2584872
2025-07-20 08:52:40.386956+00:00,2.2584872
2025-07-20 08:52:52.570002+00:00,2.2584876
2025-07-20 08:53:05.477262+00:00,2.258487
2025-07-20 08:53:18.734743+00:00,2.2584877
2025-07-20 08:53:31.182858+00:00,2.2584879
2025-07-20 08:53:43.066048+00:00,2.2584876
2025-07-20 08:53:55.834664+00:00,2.2584871
2025-07-20 08:54:08.972570+00:00,2.2584877
2025-07-20 08:54:21.493336+00:00,2.2584874
2025-07-20 08:54:33.765083+00:00,2.258487
2025-07-20 08:54:45.949126+00:00,2.2584877
2025-07-20 08:54:58.467366+00:00,2.2584876
2025-07-20 08:55:10.989199+00:00,2.2584878
2025-07-20 08:55:23.266521+00:00,2.2584876
2025-07-20 08:55:35.507817+00:00,2.2584875
2025-07-20 08:55:48.448122+00:00,2.2584874
2025-07-20 08:56:00.737586+00:00,2.2584878
2025-07-20 08:56:13.398710+00:00,2.2584878
2025-07-20 08:56:25.247524+00:00,2.2584877
2025-07-20 08:56:37.804830+00:00,2.2584874
2025-07-20 08:56:50.399281+00:00,2.2584881
2025-07-20 08:57:03.206759+00:00,2.2584872
2025-07-20 08:57:15.827974+00:00,2.2584877
2025-07-20 08:57:28.946808+00:00,2.2584876
2025-07-20 08:57:41.362222+00:00,2.2584878
2025-07-20 08:57:53.978632+00:00,2.2584876
2025-07-20 08:58:06.836015+00:00,2.2584877
2025-07-20 08:58:19.906165+00:00,2.2584872
2025-07-20 08:58:33.367679+00:00,2.2584877
2025-07-20 08:58:45.686492+00:00,2.2584873
2025-07-20 08:58:57.859651+00:00,2.2584877
2025-07-20 08:59:10.950232+00:00,2.2584873
2025-07-20 08:59:26.643823+00:00,2.2584878
2025-07-20 08:59:36.328391+00:00,2.2584876
2025-07-20 08:59:49.513209+00:00,2.2584874
2025-07-20 09:00:01.897689+00:00,2.2584875
2025-07-20 09:00:15.034002+00:00,2.2584879
2025-07-20 09:00:26.966236+00:00,2.2584872
2025-07-20 09:00:39.413343+00:00,2.2584873
2025-07-20 09:00:51.716416+00:00,2.2584871
2025-07-20 09:01:04.114326+00:00,2.2584871
2025-07-20 09:01:17.240039+00:00,2.2584872
2025-07-20 09:01:28.415547+00:00,2.2584874
2025-07-20 09:01:41.206785+00:00,2.2584877
2025-07-20 09:01:54.433317+00:00,2.2584872
2025-07-20 09:02:06.608206+00:00,2.258488
2025-07-20 09:02:19.063008+00:00,2.258488
2025-07-20 09:02:32.280508+00:00,2.2584877
2025-07-20 09:02:44.392282+00:00,2.2584877
2025-07-20 09:02:56.099074+00:00,2.258488
2025-07-20 09:03:09.115079+00:00,2.2584876
2025-07-20 09:03:21.449392+00:00,2.2584873
2025-07-20 09:03:34.378079+00:00,2.2584878
2025-07-20 09:03:47.527558+00:00,2.258487
2025-07-20 09:03:59.547272+00:00,2.2584877
2025-07-20 09:04:12.697022+00:00,2.2584876
2025-07-20 09:04:24.235131+00:00,2.2584878
2025-07-20 09:04:37.146736+00:00,2.258488
2025-07-20 09:04:49.388833+00:00,2.2584878
2025-07-20 09:05:02.807988+00:00,2.2584874
2025-07-20 09:05:15.408721+00:00,2.2584876
2025-07-20 09:05:27.367423+00:00,2.2584875
2025-07-20 09:05:39.861105+00:00,2.2584877
2025-07-20 09:05:52.795638+00:00,2.2584873
2025-07-20 09:06:05.582270+00:00,2.2584875
2025-07-20 09:06:17.167654+00:00,2.2584869
2025-07-20 09:06:29.580765+00:00,2.258488
2025-07-20 09:06:41.942079+00:00,2.2584879
2025-07-20 09:06:54.980999+00:00,2.2584872
2025-07-20 09:07:07.478782+00:00,2.2584874
2025-07-20 09:07:19.788338+00:00,2.2584874
2025-07-20 09:07:36.540291+00:00,2.2584875
2025-07-20 09:07:46.379720+00:00,2.2584875
2025-07-20 09:07:58.612629+00:00,2.2584873
2025-07-20 09:08:11.649495+00:00,2.2584871
2025-07-20 09:08:23.700272+00:00,2.2584869
2025-07-20 09:08:36.551414+00:00,2.2584874
2025-07-20 09:08:49.301133+00:00,2.2584873
2025-07-20 09:09:01.736009+00:00,2.2584872
2025-07-20 09:09:15.602414+00:00,2.2584868
2025-07-20 09:09:27.756554+00:00,2.2584869
2025-07-20 09:09:40.301072+00:00,2.2584875
2025-07-20 09:09:53.099132+00:00,2.258488
2025-07-20 09:10:05.573529+00:00,2.2584877
2025-07-20 09:10:18.051192+00:00,2.258487
2025-07-20 09:10:43.620982+00:00,2.2584875
2025-07-20 09:10:56.981224+00:00,2.2584874
2025-07-20 09:11:08.049625+00:00,2.2584873
2025-07-20 09:11:19.979690+00:00,2.2584872
2025-07-20 09:11:32.402295+00:00,2.2584881
2025-07-20 09:11:44.730122+00:00,2.2584876
2025-07-20 09:11:56.803121+00:00,2.2584872
2025-07-20 09:12:12.614456+00:00,2.2584876
2025-07-20 09:12:21.703039+00:00,2.2584875
2025-07-20 09:12:34.670374+00:00,2.258487
2025-07-20 09:12:47.803018+00:00,2.2584868
2025-07-20 09:13:02.480487+00:00,2.258487
2025-07-20 09:13:12.752484+00:00,2.2584874
2025-07-20 09:13:25.166727+00:00,2.258488
2025-07-20 09:13:37.510167+00:00,2.2584876
2025-07-20 09:13:50.188748+00:00,2.2584864
2025-07-20 09:14:03.327376+00:00,2.2584878
2025-07-20 09:14:15.468899+00:00,2.2584871
2025-07-20 09:14:27.551093+00:00,2.2584879
2025-07-20 09:14:41.026337+00:00,2.2584871
2025-07-20 09:14:53.072082+00:00,2.258487
2025-07-20 09:15:05.846300+00:00,2.2584871
2025-07-20 09:15:19.601711+00:00,2.2584874
2025-07-20 09:15:30.472666+00:00,2.2584874
2025-07-20 09:15:43.000763+00:00,2.2584878
2025-07-20 09:15:55.580561+00:00,2.2584877
2025-07-20 09:16:08.617496+00:00,2.258487
2025-07-20 09:16:21.015232+00:00,2.2584872
2025-07-20 09:16:34.223459+00:00,2.2584874
2025-07-20 09:16:46.846098+00:00,2.2584875
2025-07-20 09:16:59.248575+00:00,2.2584875
2025-07-20 09:17:11.906751+00:00,2.2584872
2025-07-20 09:17:24.515137+00:00,2.2584873
2025-07-20 09:17:39.350122+00:00,2.258487
2025-07-20 09:17:51.003882+00:00,2.2584876
2025-07-20 09:18:03.385060+00:00,2.2584874
2025-07-20 09:18:16.095103+00:00,2.2584878
2025-07-20 09:18:28.604169+00:00,2.2584872
2025-07-20 09:18:41.116368+00:00,2.2584872
2025-07-20 09:18:53.585024+00:00,2.2584875
2025-07-20 09:19:06.153371+00:00,2.2584875
2025-07-20 09:19:18.886638+00:00,2.2584874
2025-07-20 09:19:32.039046+00:00,2.2584877
2025-07-20 09:19:44.068161+00:00,2.2584876
2025-07-20 09:19:56.578777+00:00,2.2584871
2025-07-20 09:20:09.789326+00:00,2.2584878
2025-07-20 09:20:21.435184+00:00,2.2584872
2025-07-20 09:20:37.735864+00:00,2.2584876
2025-07-20 09:20:46.973636+00:00,2.2584876
2025-07-20 09:20:58.173669+00:00,2.2584866
2025-07-20 09:21:11.129630+00:00,2.2584868
2025-07-20 09:21:24.341652+00:00,2.2584859
2025-07-20 09:21:36.392395+00:00,2.2584868
2025-07-20 09:21:48.775909+00:00,2.2584869
2025-07-20 09:22:01.022389+00:00,2.2584874
2025-07-20 09:22:15.327067+00:00,2.2584876
2025-07-20 09:22:25.811161+00:00,2.2584874
2025-07-20 09:22:38.617438+00:00,2.2584879
2025-07-20 09:22:52.302167+00:00,2.2584875
2025-07-20 09:23:03.747685+00:00,2.258487
2025-07-20 09:23:16.723175+00:00,2.2584875
2025-07-20 09:23:30.077395+00:00,2.2584875
2025-07-20 09:23:41.466142+00:00,2.2584878
2025-07-20 09:23:53.889538+00:00,2.2584879
2025-07-20 09:24:06.712647+00:00,2.2584873
2025-07-20 09:24:19.525875+00:00,2.2584874
2025-07-20 09:24:31.836132+00:00,2.2584879
2025-07-20 09:24:44.123148+00:00,2.2584875
2025-07-20 09:24:56.456851+00:00,2.2584878
2025-07-20 09:25:11.128220+00:00,2.2584876
2025-07-20 09:25:22.009001+00:00,2.2584878
2025-07-20 09:25:35.353347+00:00,2.2584879
2025-07-20 09:25:47.026256+00:00,2.2584873
2025-07-20 09:25:58.956828+00:00,2.2584876
2025-07-20 09:26:11.920784+00:00,2.2584877
2025-07-20 09:26:24.819145+00:00,2.258488
2025-07-20 09:26:36.750824+00:00,2.2584879
2025-07-20 09:26:49.507142+00:00,2.2584873
2025-07-20 09:27:02.820269+00:00,2.2584878
2025-07-20 09:27:15.062736+00:00,2.258488
2025-07-20 09:27:28.296169+00:00,2.2584874
2025-07-20 09:27:46.538390+00:00,2.2584879
2025-07-20 09:27:53.602903+00:00,2.2584877
2025-07-20 09:28:06.836033+00:00,2.2584878
2025-07-20 09:28:18.897857+00:00,2.2584875
2025-07-20 09:28:32.421518+00:00,2.2584875
2025-07-20 09:28:44.808918+00:00,2.2584878
2025-07-20 09:28:57.581252+00:00,2.2584879
2025-07-20 09:29:11.004406+00:00,2.2584884
2025-07-20 09:29:22.528001+00:00,2.2584875
2025-07-20 09:29:36.523326+00:00,2.2584881
2025-07-20 09:29:48.758549+00:00,2.2584882
2025-07-20 09:30:00.651150+00:00,2.2584877
2025-07-20 09:30:13.976317+00:00,2.2584873
2025-07-20 09:30:26.236503+00:00,2.2584882
2025-07-20 09:30:41.028981+00:00,2.2584874
2025-07-20 09:30:55.992477+00:00,2.2584881
2025-07-20 09:31:04.749254+00:00,2.2584873
2025-07-20 09:31:16.966166+00:00,2.258488
2025-07-20 09:31:28.443302+00:00,2.2584875
2025-07-20 09:31:40.994722+00:00,2.258488
2025-07-20 09:31:56.525146+00:00,2.2584877
2025-07-20 09:32:06.924641+00:00,2.2584873
2025-07-20 09:32:19.022791+00:00,2.2584873
2025-07-20 09:32:33.691596+00:00,2.2584874
2025-07-20 09:32:43.326495+00:00,2.2584872
2025-07-20 09:32:55.985366+00:00,2.2584876
2025-07-20 09:33:08.715174+00:00,2.2584877
2025-07-20 09:33:20.790739+00:00,2.2584876
2025-07-20 09:33:33.939667+00:00,2.2584879
2025-07-20 09:33:46.592108+00:00,2.2584873
2025-07-20 09:33:59.196310+00:00,2.2584877
2025-07-20 09:34:12.518513+00:00,2.2584878
2025-07-20 09:34:24.654177+00:00,2.2584872
2025-07-20 09:34:37.146286+00:00,2.2584881
2025-07-20 09:34:50.370974+00:00,2.2584879
2025-07-20 09:35:02.396272+00:00,2.2584881
2025-07-20 09:35:14.870227+00:00,2.2584877
2025-07-20 09:35:27.719108+00:00,2.2584872
2025-07-20 09:35:40.054253+00:00,2.2584876
2025-07-20 09:35:52.358084+00:00,2.2584871
2025-07-20 09:36:05.772401+00:00,2.2584873
2025-07-20 09:36:18.018751+00:00,2.2584873
2025-07-20 09:36:30.267551+00:00,2.2584877
2025-07-20 09:36:42.347291+00:00,2.2584875
2025-07-20 09:36:55.268510+00:00,2.2584882
2025-07-20 09:37:08.116599+00:00,2.2584881
2025-07-20 09:37:20.534653+00:00,2.2584874
2025-07-20 09:37:34.141265+00:00,2.258487
2025-07-20 09:37:48.581803+00:00,2.2584874
2025-07-20 09:37:58.829010+00:00,2.2584882
2025-07-20 09:38:13.422458+00:00,2.2584878
2025-07-20 09:38:24.538489+00:00,2.2584878
2025-07-20 09:38:37.049032+00:00,2.2584877
2025-07-20 09:38:49.774528+00:00,2.2584878
2025-07-20 09:39:02.821941+00:00,2.2584875
2025-07-20 09:39:16.507049+00:00,2.2584883
2025-07-20 09:39:27.878439+00:00,2.2584881
2025-07-20 09:39:40.564151+00:00,2.2584873
2025-07-20 09:39:53.475007+00:00,2.2584879
2025-07-20 09:40:08.045731+00:00,2.2584874
2025-07-20 09:40:18.749774+00:00,2.2584875
2025-07-20 09:40:31.711577+00:00,2.2584879
2025-07-20 09:40:44.028710+00:00,2.2584874
2025-07-20 09:40:56.617096+00:00,2.2584863
2025-07-20 09:41:09.401481+00:00,2.2584877
2025-07-20 09:41:21.605444+00:00,2.2584876
2025-07-20 09:41:35.385501+00:00,2.2584873
2025-07-20 09:41:47.236091+00:00,2.2584877
2025-07-20 09:41:59.368404+00:00,2.2584878
2025-07-20 09:42:13.375569+00:00,2.2584871
2025-07-20 09:42:23.308532+00:00,2.258487
2025-07-20 09:42:35.660308+00:00,2.2584872
2025-07-20 09:42:48.143830+00:00,2.2584877
2025-07-20 09:43:00.845175+00:00,2.2584873
2025-07-20 09:43:13.615599+00:00,2.2584872
2025-07-20 09:43:25.851410+00:00,2.2584877
2025-07-20 09:43:38.440940+00:00,2.2584873
2025-07-20 09:43:51.341547+00:00,2.2584877
2025-07-20 09:44:04.039295+00:00,2.258488
2025-07-20 09:44:18.376952+00:00,2.2584876
2025-07-20 09:44:29.076572+00:00,2.2584877
2025-07-20 09:44:41.658073+00:00,2.2584876
2025-07-20 09:44:53.977958+00:00,2.2584877
2025-07-20 09:45:07.028788+00:00,2.2584877
2025-07-20 09:45:19.842186+00:00,2.2584873
2025-07-20 09:45:32.131667+00:00,2.258487
2025-07-20 09:45:44.857022+00:00,2.2584876
2025-07-20 09:45:57.331405+00:00,2.258488
2025-07-20 09:46:14.118861+00:00,2.2584878
2025-07-20 09:46:22.690523+00:00,2.258488
2025-07-20 09:46:34.994239+00:00,2.2584873
2025-07-20 09:46:47.410723+00:00,2.2584873
2025-07-20 09:46:59.480535+00:00,2.2584876
2025-07-20 09:47:12.208939+00:00,2.2584875
2025-07-20 09:47:24.777935+00:00,2.2584874
2025-07-20 09:47:37.495459+00:00,2.2584878
2025-07-20 09:47:51.490230+00:00,2.2584874
2025-07-20 09:48:02.881775+00:00,2.2584875
2025-07-20 09:48:16.684455+00:00,2.2584874
2025-07-20 09:48:29.418110+00:00,2.2584871
2025-07-20 09:48:42.429781+00:00,2.2584871
2025-07-20 09:48:53.711128+00:00,2.2584879
2025-07-20 09:49:06.727472+00:00,2.2584881
2025-07-20 09:49:18.919745+00:00,2.258488
2025-07-20 09:49:31.779344+00:00,2.2584879
2025-07-20 09:49:44.609732+00:00,2.2584872
2025-07-20 09:49:57.016237+00:00,2.2584871
2025-07-20 09:50:12.683584+00:00,2.2584873
2025-07-20 09:50:22.925889+00:00,2.2584874
2025-07-20 09:50:35.763347+00:00,2.2584877
2025-07-20 09:50:49.449143+00:00,2.2584875
2025-07-20 09:51:00.562585+00:00,2.2584882
2025-07-20 09:51:12.525141+00:00,2.2584873
2025-07-20 09:51:25.959209+00:00,2.2584878
2025-07-20 09:51:37.146361+00:00,2.258488
2025-07-20 09:51:49.509016+00:00,2.2584878
2025-07-20 09:52:03.054364+00:00,2.258488
2025-07-20 09:52:14.258152+00:00,2.2584874
2025-07-20 09:52:26.573695+00:00,2.2584875
2025-07-20 09:52:39.058158+00:00,2.2584873
2025-07-20 09:52:51.699503+00:00,2.2584872
2025-07-20 09:53:04.759562+00:00,2.2584871
2025-07-20 09:53:17.134298+00:00,2.2584872
2025-07-20 09:53:29.565813+00:00,2.2584877
2025-07-20 09:53:43.575708+00:00,2.2584871
2025-07-20 09:53:55.070757+00:00,2.2584874
2025-07-20 09:54:07.666516+00:00,2.2584881
2025-07-20 09:54:20.580150+00:00,2.2584876
2025-07-20 09:54:33.641548+00:00,2.2584871
2025-07-20 09:54:46.613386+00:00,2.2584878
2025-07-20 09:54:57.534835+00:00,2.2584872
2025-07-20 09:55:10.331669+00:00,2.2584878
2025-07-20 09:55:22.890432+00:00,2.2584881
2025-07-20 09:55:36.005311+00:00,2.2584874
2025-07-20 09:55:48.068390+00:00,2.2584878
2025-07-20 09:56:00.920291+00:00,2.2584875
2025-07-20 09:56:13.601220+00:00,2.2584878
2025-07-20 09:56:26.117936+00:00,2.2584872
2025-07-20 09:56:38.542033+00:00,2.2584878
2025-07-20 09:56:51.690587+00:00,2.2584873
2025-07-20 09:57:04.351088+00:00,2.2584877
2025-07-20 09:57:16.385838+00:00,2.2584875
2025-07-20 09:57:29.384325+00:00,2.2584876
2025-07-20 09:57:41.843915+00:00,2.2584878
2025-07-20 09:57:57.426318+00:00,2.2584877
2025-07-20 09:58:07.508579+00:00,2.2584878
2025-07-20 09:58:19.538021+00:00,2.2584877
2025-07-20 09:58:33.143563+00:00,2.2584875
2025-07-20 09:58:45.967434+00:00,2.2584872
2025-07-20 09:58:58.096497+00:00,2.258488
2025-07-20 09:59:10.990875+00:00,2.2584881
2025-07-20 09:59:25.288807+00:00,2.258487
2025-07-20 09:59:35.940814+00:00,2.2584878
2025-07-20 09:59:55.637205+00:00,2.2584879
2025-07-20 10:00:01.404658+00:00,2.2584875
2025-07-20 10:00:14.391728+00:00,2.2584871
2025-07-20 10:00:27.254810+00:00,2.258487
2025-07-20 10:00:39.750348+00:00,2.2584878
2025-07-20 10:00:52.518073+00:00,2.258488
2025-07-20 10:01:04.964369+00:00,2.2584873
2025-07-20 10:01:17.882230+00:00,2.2584874
2025-07-20 10:01:32.012021+00:00,2.2584875
2025-07-20 10:01:42.566731+00:00,2.2584873
2025-07-20 10:01:55.211243+00:00,2.2584876
2025-07-20 10:02:07.462074+00:00,2.258487
2025-07-20 10:02:19.397092+00:00,2.2584879
2025-07-20 10:02:32.271999+00:00,2.2584882
2025-07-20 10:02:50.383940+00:00,2.2584876
2025-07-20 10:02:56.734251+00:00,2.2584871
2025-07-20 10:03:11.956646+00:00,2.258487
2025-07-20 10:03:21.967043+00:00,2.2584876
2025-07-20 10:03:34.669867+00:00,2.2584879
2025-07-20 10:03:49.315804+00:00,2.2584877
2025-07-20 10:03:59.495776+00:00,2.2584874
2025-07-20 10:04:12.661034+00:00,2.2584873
2025-07-20 10:04:24.357057+00:00,2.2584874
2025-07-20 10:04:36.647364+00:00,2.2584876
2025-07-20 10:04:50.215447+00:00,2.2584875
2025-07-20 10:05:01.856118+00:00,2.2584874
2025-07-20 10:05:14.279182+00:00,2.2584873
2025-07-20 10:05:26.496904+00:00,2.258487
2025-07-20 10:05:38.537671+00:00,2.2584877
2025-07-20 10:05:51.002922+00:00,2.2584881
2025-07-20 10:06:03.829738+00:00,2.2584877
2025-07-20 10:06:16.344097+00:00,2.2584874
2025-07-20 10:06:28.649164+00:00,2.2584875
2025-07-20 10:06:42.900001+00:00,2.2584874
2025-07-20 10:06:54.246389+00:00,2.2584875
2025-07-20 10:07:07.438502+00:00,2.2584879
2025-07-20 10:07:22.508037+00:00,2.2584872
2025-07-20 10:07:33.401502+00:00,2.2584879
2025-07-20 10:07:44.202095+00:00,2.2584874
2025-07-20 10:07:57.270494+00:00,2.2584871
2025-07-20 10:08:09.929134+00:00,2.2584871
2025-07-20 10:08:25.951905+00:00,2.2584877
2025-07-20 10:08:34.654148+00:00,2.2584873
2025-07-20 10:08:50.144350+00:00,2.2584877
2025-07-20 10:08:59.418823+00:00,2.2584879
2025-07-20 10:09:12.351052+00:00,2.2584876
2025-07-20 10:09:24.531565+00:00,2.2584879
2025-07-20 10:09:37.255763+00:00,2.2584874
2025-07-20 10:09:51.508977+00:00,2.2584873
2025-07-20 10:10:02.647964+00:00,2.2584873
2025-07-20 10:10:15.640894+00:00,2.2584876
2025-07-20 10:10:29.548823+00:00,2.2584871
2025-07-20 10:10:40.203396+00:00,2.258488
2025-07-20 10:10:53.347448+00:00,2.2584874
2025-07-20 10:11:07.249898+00:00,2.2584872
2025-07-20 10:11:18.989186+00:00,2.258487
2025-07-20 10:11:31.555329+00:00,2.2584871
2025-07-20 10:11:44.866235+00:00,2.2584878
2025-07-20 10:11:56.450753+00:00,2.2584879
2025-07-20 10:12:12.808403+00:00,2.2584879
2025-07-20 10:12:21.519444+00:00,2.2584876
2025-07-20 10:12:34.371776+00:00,2.2584871
2025-07-20 10:12:48.338249+00:00,2.2584873
2025-07-20 10:12:59.389923+00:00,2.2584875
2025-07-20 10:13:12.329718+00:00,2.2584875
2025-07-20 10:13:24.789932+00:00,2.258487
2025-07-20 10:13:37.298031+00:00,2.2584876
2025-07-20 10:13:49.929420+00:00,2.2584873
2025-07-20 10:14:02.710847+00:00,2.2584877
2025-07-20 10:14:14.908132+00:00,2.2584874
2025-07-20 10:14:27.145451+00:00,2.2584875
2025-07-20 10:14:39.550177+00:00,2.2584875
2025-07-20 10:14:51.687657+00:00,2.2584878
2025-07-20 10:15:04.499273+00:00,2.2584874
2025-07-20 10:15:17.116675+00:00,2.2584871
2025-07-20 10:15:29.401493+00:00,2.2584873
2025-07-20 10:15:43.689718+00:00,2.2584878
2025-07-20 10:15:54.634651+00:00,2.2584874
2025-07-20 10:16:09.224279+00:00,2.2584876
2025-07-20 10:16:19.584565+00:00,2.2584876
2025-07-20 10:16:33.854983+00:00,2.2584873
2025-07-20 10:16:44.676100+00:00,2.2584877
2025-07-20 10:16:57.182225+00:00,2.2584879
2025-07-20 10:17:10.375901+00:00,2.2584875
2025-07-20 10:17:22.132339+00:00,2.2584879
2025-07-20 10:17:36.542985+00:00,2.2584873
2025-07-20 10:17:47.255161+00:00,2.2584877
2025-07-20 10:17:59.741302+00:00,2.2584873
2025-07-20 10:18:12.206421+00:00,2.2584871
2025-07-20 10:18:24.591017+00:00,2.2584873
2025-07-20 10:18:39.713825+00:00,2.2584872
2025-07-20 10:18:50.983793+00:00,2.2584876
2025-07-20 10:19:03.307562+00:00,2.2584878
2025-07-20 10:19:14.869679+00:00,2.2584877
2025-07-20 10:19:28.556540+00:00,2.2584878
2025-07-20 10:19:40.487392+00:00,2.2584869
2025-07-20 10:19:53.562575+00:00,2.2584873
2025-07-20 10:20:06.164386+00:00,2.2584875
2025-07-20 10:20:18.487406+00:00,2.2584876
2025-07-20 10:20:31.534858+00:00,2.2584873
2025-07-20 10:20:44.503344+00:00,2.2584873
2025-07-20 10:20:59.484060+00:00,2.2584871
2025-07-20 10:21:10.133538+00:00,2.2584876
2025-07-20 10:21:22.003089+00:00,2.2584879
2025-07-20 10:21:34.542837+00:00,2.2584874
2025-07-20 10:21:47.541425+00:00,2.2584874
2025-07-20 10:21:59.811582+00:00,2.2584875
2025-07-20 10:22:12.767658+00:00,2.2584874
2025-07-20 10:22:26.453402+00:00,2.2584876
2025-07-20 10:22:39.736097+00:00,2.2584872
2025-07-20 10:22:50.860677+00:00,2.2584875
2025-07-20 10:23:03.584944+00:00,2.2584877
2025-07-20 10:23:16.091898+00:00,2.2584876
2025-07-20 10:23:28.325539+00:00,2.2584878
2025-07-20 10:23:42.118795+00:00,2.2584871
2025-07-20 10:23:53.074713+00:00,2.2584878
2025-07-20 10:24:05.821259+00:00,2.2584876
2025-07-20 10:24:18.012545+00:00,2.2584876
2025-07-20 10:24:29.851382+00:00,2.2584874
2025-07-20 10:24:42.646113+00:00,2.2584868
2025-07-20 10:24:54.906412+00:00,2.2584865
2025-07-20 10:25:07.467325+00:00,2.2584878
2025-07-20 10:25:20.514713+00:00,2.2584876
2025-07-20 10:25:37.803147+00:00,2.2584876
2025-07-20 10:25:45.049340+00:00,2.2584872
2025-07-20 10:25:56.747763+00:00,2.258487
2025-07-20 10:26:21.505225+00:00,2.258487
2025-07-20 10:26:35.038207+00:00,2.2584876
2025-07-20 10:26:46.270982+00:00,2.2584871
2025-07-20 10:26:58.295999+00:00,2.2584873
2025-07-20 10:27:11.241541+00:00,2.2584877
2025-07-20 10:27:23.131831+00:00,2.2584873
2025-07-20 10:27:35.693753+00:00,2.2584875
2025-07-20 10:27:48.540149+00:00,2.2584874
2025-07-20 10:28:00.335449+00:00,2.2584879
2025-07-20 10:28:13.020139+00:00,2.2584877
2025-07-20 10:28:28.125257+00:00,2.2584879
2025-07-20 10:28:37.849701+00:00,2.2584874
2025-07-20 10:28:50.208941+00:00,2.2584872
2025-07-20 10:29:03.737333+00:00,2.2584871
2025-07-20 10:29:15.276326+00:00,2.2584871
2025-07-20 10:29:29.425102+00:00,2.258487
2025-07-20 10:29:40.876893+00:00,2.2584877
2025-07-20 10:29:52.782128+00:00,2.2584875
2025-07-20 10:30:06.027733+00:00,2.2584873
2025-07-20 10:30:18.409595+00:00,2.2584869
2025-07-20 10:30:31.749204+00:00,2.2584876
2025-07-20 10:30:42.902162+00:00,2.2584878
2025-07-20 10:30:55.966166+00:00,2.2584875
2025-07-20 10:31:08.269407+00:00,2.2584867
2025-07-20 10:31:20.832148+00:00,2.2584874
2025-07-20 10:31:32.451558+00:00,2.2584879
2025-07-20 10:31:44.770710+00:00,2.2584878
2025-07-20 10:31:57.248756+00:00,2.2584871
2025-07-20 10:32:09.908372+00:00,2.2584874
2025-07-20 10:32:22.805695+00:00,2.2584872
2025-07-20 10:32:34.629088+00:00,2.2584875
2025-07-20 10:32:47.417825+00:00,2.2584877
2025-07-20 10:33:01.558128+00:00,2.2584875
2025-07-20 10:33:12.740900+00:00,2.2584875
2025-07-20 10:33:26.476867+00:00,2.2584871
2025-07-20 10:33:37.704285+00:00,2.2584874
2025-07-20 10:33:50.221755+00:00,2.258487
2025-07-20 10:34:03.179724+00:00,2.2584876
2025-07-20 10:34:16.747861+00:00,2.2584875
2025-07-20 10:34:27.986373+00:00,2.2584873
2025-07-20 10:34:40.662443+00:00,2.2584878
2025-07-20 10:34:53.010792+00:00,2.2584879
2025-07-20 10:35:07.029160+00:00,2.2584875
2025-07-20 10:35:22.593225+00:00,2.2584867
2025-07-20 10:35:33.160180+00:00,2.2584878
2025-07-20 10:35:43.671028+00:00,2.2584879
2025-07-20 10:35:56.038067+00:00,2.2584873
2025-07-20 10:36:14.401975+00:00,2.2584876
2025-07-20 10:36:21.631313+00:00,2.2584877
2025-07-20 10:36:35.051716+00:00,2.2584875
2025-07-20 10:36:48.186732+00:00,2.2584875
2025-07-20 10:36:59.876512+00:00,2.2584874
2025-07-20 10:37:12.450354+00:00,2.2584872
2025-07-20 10:37:25.174316+00:00,2.2584873
2025-07-20 10:37:39.202491+00:00,2.2584877
2025-07-20 10:37:50.447036+00:00,2.2584871
2025-07-20 10:38:03.624458+00:00,2.2584873
2025-07-20 10:38:18.226760+00:00,2.2584871
2025-07-20 10:38:29.715587+00:00,2.2584873
2025-07-20 10:38:41.564787+00:00,2.2584877
2025-07-20 10:38:53.376941+00:00,2.2584874
2025-07-20 10:39:06.937960+00:00,2.2584873
2025-07-20 10:39:19.167923+00:00,2.2584871
2025-07-20 10:39:31.072852+00:00,2.2584876
2025-07-20 10:39:43.455381+00:00,2.2584876
2025-07-20 10:39:55.712907+00:00,2.2584873
2025-07-20 10:40:08.437598+00:00,2.2584871
2025-07-20 10:40:23.441727+00:00,2.2584874
2025-07-20 10:40:34.037537+00:00,2.258487
2025-07-20 10:40:47.019977+00:00,2.2584868
2025-07-20 10:40:59.245791+00:00,2.2584876
2025-07-20 10:41:10.786732+00:00,2.2584877
2025-07-20 10:41:23.435188+00:00,2.2584871
2025-07-20 10:41:35.826015+00:00,2.2584879
2025-07-20 10:41:48.743793+00:00,2.258488
2025-07-20 10:42:01.036501+00:00,2.2584876
2025-07-20 10:42:13.911474+00:00,2.2584871
2025-07-20 10:42:27.034797+00:00,2.2584876
2025-07-20 10:42:38.795268+00:00,2.2584874
2025-07-20 10:42:51.085124+00:00,2.258487
2025-07-20 10:43:04.188113+00:00,2.2584869
2025-07-20 10:43:16.067923+00:00,2.2584872
2025-07-20 10:43:30.729933+00:00,2.2584876
2025-07-20 10:43:40.817589+00:00,2.2584871
2025-07-20 10:43:53.565712+00:00,2.2584875
2025-07-20 10:44:06.314447+00:00,2.2584874
2025-07-20 10:44:18.734373+00:00,2.2584874
2025-07-20 10:44:32.496353+00:00,2.2584876
2025-07-20 10:44:43.716878+00:00,2.2584874
2025-07-20 10:44:56.423722+00:00,2.2584878
2025-07-20 10:45:11.933468+00:00,2.2584875
2025-07-20 10:45:21.873790+00:00,2.2584878
2025-07-20 10:45:34.467913+00:00,2.2584874
2025-07-20 10:45:46.637904+00:00,2.2584871
2025-07-20 10:45:58.757797+00:00,2.2584879
2025-07-20 10:46:11.404176+00:00,2.2584871
2025-07-20 10:46:23.931759+00:00,2.2584872
2025-07-20 10:46:36.577807+00:00,2.2584875
2025-07-20 10:46:48.838515+00:00,2.2584871
2025-07-20 10:47:02.682580+00:00,2.2584873
2025-07-20 10:47:13.693771+00:00,2.2584871
2025-07-20 10:47:26.446469+00:00,2.2584871
2025-07-20 10:47:39.144976+00:00,2.2584878
2025-07-20 10:47:51.742973+00:00,2.2584877
2025-07-20 10:48:04.838243+00:00,2.2584872
2025-07-20 10:48:17.462361+00:00,2.258488
2025-07-20 10:48:30.858006+00:00,2.258487
2025-07-20 10:48:42.583621+00:00,2.2584869
2025-07-20 10:48:55.160779+00:00,2.2584875
2025-07-20 10:49:07.924724+00:00,2.2584872
2025-07-20 10:49:20.506018+00:00,2.2584878
2025-07-20 10:49:33.207101+00:00,2.2584878
2025-07-20 10:49:46.312416+00:00,2.258487
2025-07-20 10:49:58.559172+00:00,2.258488
2025-07-20 10:50:11.776069+00:00,2.2584878
2025-07-20 10:50:24.582364+00:00,2.2584872
2025-07-20 10:50:36.802303+00:00,2.2584874
2025-07-20 10:50:50.160182+00:00,2.2584875
2025-07-20 10:51:02.713226+00:00,2.2584875
2025-07-20 10:51:14.934128+00:00,2.2584876
2025-07-20 10:51:27.742758+00:00,2.2584874
2025-07-20 10:51:40.728189+00:00,2.2584871
2025-07-20 10:51:53.541459+00:00,2.2584874
2025-07-20 10:52:06.155321+00:00,2.2584874
2025-07-20 10:52:17.432057+00:00,2.2584874
2025-07-20 10:52:29.502914+00:00,2.2584876
2025-07-20 10:52:42.098200+00:00,2.2584875
2025-07-20 10:52:57.202728+00:00,2.2584879
2025-07-20 10:53:07.438503+00:00,2.2584871
2025-07-20 10:53:19.588679+00:00,2.258487
2025-07-20 10:53:31.634124+00:00,2.2584871
2025-07-20 10:53:43.939007+00:00,2.258487
2025-07-20 10:53:56.394029+00:00,2.2584871
2025-07-20 10:54:08.973845+00:00,2.2584871
2025-07-20 10:54:21.128780+00:00,2.2584871
2025-07-20 10:54:34.421646+00:00,2.258487
2025-07-20 10:54:45.952476+00:00,2.258487
2025-07-20 10:54:58.506432+00:00,2.2584872
2025-07-20 10:55:11.003053+00:00,2.2584875
2025-07-20 10:55:23.373706+00:00,2.258487
2025-07-20 10:55:35.651845+00:00,2.2584875
2025-07-20 10:55:48.177012+00:00,2.2584875
2025-07-20 10:56:01.250599+00:00,2.2584874
2025-07-20 10:56:12.860236+00:00,2.2584878
2025-07-20 10:56:25.935189+00:00,2.2584875
2025-07-20 10:56:37.985961+00:00,2.2584874
2025-07-20 10:56:50.674860+00:00,2.2584871
2025-07-20 10:57:04.202014+00:00,2.2584874
2025-07-20 10:57:15.986420+00:00,2.2584868
2025-07-20 10:57:28.455908+00:00,2.2584873
2025-07-20 10:57:40.867542+00:00,2.2584872
2025-07-20 10:57:53.874678+00:00,2.2584875
2025-07-20 10:58:07.652553+00:00,2.2584874
2025-07-20 10:58:18.897703+00:00,2.258487
2025-07-20 10:58:31.858702+00:00,2.2584875
2025-07-20 10:58:44.040457+00:00,2.2584869
2025-07-20 10:58:56.582080+00:00,2.2584872
2025-07-20 10:59:09.451187+00:00,2.2584876
2025-07-20 10:59:23.561110+00:00,2.2584875
2025-07-20 10:59:34.285383+00:00,2.2584877
2025-07-20 10:59:46.945591+00:00,2.2584874
2025-07-20 10:59:59.317421+00:00,2.2584872
2025-07-20 11:00:11.872526+00:00,2.2584873
2025-07-20 11:00:24.473248+00:00,2.2584871
2025-07-20 11:00:37.270855+00:00,2.2584875
2025-07-20 11:00:49.746404+00:00,2.2584874
2025-07-20 11:01:04.704542+00:00,2.2584879
2025-07-20 11:01:15.263523+00:00,2.2584878
2025-07-20 11:01:28.752718+00:00,2.258487
2025-07-20 11:01:40.802130+00:00,2.2584877
2025-07-20 11:01:53.810479+00:00,2.2584869
2025-07-20 11:02:08.627082+00:00,2.2584871
2025-07-20 11:02:20.243458+00:00,2.2584877
2025-07-20 11:02:32.929423+00:00,2.2584876
2025-07-20 11:02:44.551707+00:00,2.2584869
2025-07-20 11:02:57.374284+00:00,2.2584872
2025-07-20 11:03:10.576862+00:00,2.2584875
2025-07-20 11:03:22.417287+00:00,2.2584869
2025-07-20 11:03:35.099470+00:00,2.2584872
2025-07-20 11:03:48.292831+00:00,2.2584868
2025-07-20 11:04:00.756248+00:00,2.2584875
2025-07-20 11:04:12.884222+00:00,2.2584879
2025-07-20 11:04:27.706541+00:00,2.2584875
2025-07-20 11:04:38.514643+00:00,2.2584873
2025-07-20 11:04:50.977576+00:00,2.2584872
2025-07-20 11:05:03.090847+00:00,2.2584875
2025-07-20 11:05:16.774945+00:00,2.2584876
2025-07-20 11:05:28.202505+00:00,2.2584868
2025-07-20 11:05:40.384748+00:00,2.2584879
2025-07-20 11:05:52.663948+00:00,2.2584869
2025-07-20 11:06:05.182224+00:00,2.2584876
2025-07-20 11:06:17.829693+00:00,2.2584868
2025-07-20 11:06:30.205120+00:00,2.2584875
2025-07-20 11:06:43.681277+00:00,2.258487
2025-07-20 11:06:55.414584+00:00,2.258487
2025-07-20 11:07:08.162388+00:00,2.2584869
2025-07-20 11:07:22.492041+00:00,2.2584875
2025-07-20 11:07:33.587622+00:00,2.2584872
2025-07-20 11:07:45.997263+00:00,2.2584872
2025-07-20 11:07:58.640949+00:00,2.2584869
2025-07-20 11:08:11.004077+00:00,2.2584872
2025-07-20 11:08:23.459257+00:00,2.258487
2025-07-20 11:08:36.191085+00:00,2.2584867
2025-07-20 11:08:49.007369+00:00,2.2584871
2025-07-20 11:09:03.597499+00:00,2.2584868
2025-07-20 11:09:13.784534+00:00,2.2584868
2025-07-20 11:09:26.201456+00:00,2.258487
2025-07-20 11:09:38.829418+00:00,2.2584871
2025-07-20 11:09:55.971812+00:00,2.2584871
2025-07-20 11:10:16.948243+00:00,2.2584873
2025-07-20 11:10:32.930259+00:00,2.2584879
2025-07-20 11:10:41.932931+00:00,2.2584877
2025-07-20 11:10:55.639717+00:00,2.2584875
2025-07-20 11:11:07.615357+00:00,2.2584877
2025-07-20 11:11:19.151130+00:00,2.2584876
2025-07-20 11:11:31.778976+00:00,2.2584873
2025-07-20 11:11:44.217766+00:00,2.258487
2025-07-20 11:11:56.882639+00:00,2.2584875
2025-07-20 11:12:09.680666+00:00,2.2584875
2025-07-20 11:12:22.463299+00:00,2.2584872
2025-07-20 11:12:34.376256+00:00,2.2584875
2025-07-20 11:12:47.001889+00:00,2.2584872
2025-07-20 11:13:04.706241+00:00,2.2584871
2025-07-20 11:13:11.860010+00:00,2.2584869
2025-07-20 11:13:25.531368+00:00,2.2584873
2025-07-20 11:13:38.269280+00:00,2.2584873
2025-07-20 11:13:50.144929+00:00,2.2584874
2025-07-20 11:14:02.466537+00:00,2.2584878
2025-07-20 11:14:15.428519+00:00,2.2584879
2025-07-20 11:14:27.651890+00:00,2.2584874
2025-07-20 11:14:40.547318+00:00,2.2584877
2025-07-20 11:14:53.745699+00:00,2.2584875
2025-07-20 11:15:06.936390+00:00,2.2584871
2025-07-20 11:15:18.484359+00:00,2.2584873
2025-07-20 11:15:31.600176+00:00,2.2584875
2025-07-20 11:15:44.199971+00:00,2.2584873
2025-07-20 11:15:56.521862+00:00,2.2584873
2025-07-20 11:16:09.650020+00:00,2.2584879
2025-07-20 11:16:22.030794+00:00,2.2584876
2025-07-20 11:16:35.385572+00:00,2.2584869
2025-07-20 11:16:49.950234+00:00,2.2584869
2025-07-20 11:17:01.973796+00:00,2.2584873
2025-07-20 11:17:16.840520+00:00,2.2584872
2025-07-20 11:17:25.902105+00:00,2.2584872
2025-07-20 11:17:38.732174+00:00,2.2584871
2025-07-20 11:17:53.857461+00:00,2.2584875
2025-07-20 11:18:04.238394+00:00,2.258487
2025-07-20 11:18:17.330270+00:00,2.2584872
2025-07-20 11:18:29.130025+00:00,2.2584875
2025-07-20 11:18:41.971815+00:00,2.2584872
2025-07-20 11:18:54.646314+00:00,2.2584875
2025-07-20 11:19:09.683531+00:00,2.2584875
2025-07-20 11:19:19.387405+00:00,2.2584873
2025-07-20 11:19:32.361257+00:00,2.258487
2025-07-20 11:19:43.728953+00:00,2.258487
2025-07-20 11:19:56.221678+00:00,2.2584875
2025-07-20 11:20:08.570968+00:00,2.2584873
2025-07-20 11:20:21.246528+00:00,2.2584875
2025-07-20 11:20:34.650509+00:00,2.2584869
2025-07-20 11:20:49.942521+00:00,2.2584873
2025-07-20 11:20:58.597598+00:00,2.258487
2025-07-20 11:21:11.085335+00:00,2.2584872
2025-07-20 11:21:23.336524+00:00,2.2584872
2025-07-20 11:21:37.781537+00:00,2.2584871
2025-07-20 11:21:51.935749+00:00,2.2584871
2025-07-20 11:22:01.035959+00:00,2.258487
2025-07-20 11:22:13.149189+00:00,2.2584874
2025-07-20 11:22:25.818408+00:00,2.2584875
2025-07-20 11:22:38.248904+00:00,2.2584876
2025-07-20 11:22:51.155464+00:00,2.2584877
2025-07-20 11:23:04.031001+00:00,2.2584875
2025-07-20 11:23:18.004649+00:00,2.2584871
2025-07-20 11:23:29.183520+00:00,2.2584874
2025-07-20 11:23:41.019764+00:00,2.2584875
2025-07-20 11:23:53.821752+00:00,2.258487
2025-07-20 11:24:06.884071+00:00,2.2584868
2025-07-20 11:24:18.865759+00:00,2.2584873
2025-07-20 11:24:32.398991+00:00,2.258487
2025-07-20 11:24:43.805202+00:00,2.2584868
2025-07-20 11:24:56.225731+00:00,2.2584873
2025-07-20 11:25:09.634732+00:00,2.2584877
2025-07-20 11:25:22.527408+00:00,2.2584872
2025-07-20 11:25:39.393504+00:00,2.2584869
2025-07-20 11:25:46.984454+00:00,2.258487
2025-07-20 11:25:59.521417+00:00,2.2584878
2025-07-20 11:26:13.760782+00:00,2.2584876
2025-07-20 11:26:24.954541+00:00,2.2584875
2025-07-20 11:26:38.162719+00:00,2.2584872
2025-07-20 11:26:50.547693+00:00,2.2584871
2025-07-20 11:27:04.066564+00:00,2.2584869
2025-07-20 11:27:19.838989+00:00,2.2584879
2025-07-20 11:27:28.863214+00:00,2.2584871
2025-07-20 11:27:41.752026+00:00,2.258487
2025-07-20 11:27:55.839923+00:00,2.2584877
2025-07-20 11:28:06.963952+00:00,2.2584874
2025-07-20 11:28:32.697598+00:00,2.2584873
2025-07-20 11:28:44.508342+00:00,2.2584869
2025-07-20 11:28:57.302337+00:00,2.2584875
2025-07-20 11:29:11.104943+00:00,2.2584871
2025-07-20 11:29:22.295266+00:00,2.2584869
2025-07-20 11:29:35.293010+00:00,2.2584871
2025-07-20 11:29:47.788813+00:00,2.2584868
2025-07-20 11:29:59.960579+00:00,2.2584874
2025-07-20 11:30:12.946952+00:00,2.2584875
2025-07-20 11:30:29.114052+00:00,2.2584872
2025-07-20 11:30:36.931836+00:00,2.2584871
2025-07-20 11:30:49.241230+00:00,2.2584872
2025-07-20 11:31:02.286738+00:00,2.2584868
2025-07-20 11:31:14.306935+00:00,2.2584866
2025-07-20 11:31:27.043875+00:00,2.2584872
2025-07-20 11:31:39.590580+00:00,2.258487
2025-07-20 11:31:52.406982+00:00,2.2584875
2025-07-20 11:32:04.283446+00:00,2.2584876
2025-07-20 11:32:16.805368+00:00,2.2584879
2025-07-20 11:32:29.034740+00:00,2.2584869
2025-07-20 11:32:41.472952+00:00,2.2584877
2025-07-20 11:32:54.145672+00:00,2.2584875
2025-07-20 11:33:07.306880+00:00,2.2584877
2025-07-20 11:33:19.529854+00:00,2.2584867
2025-07-20 11:33:32.081944+00:00,2.2584872
2025-07-20 11:33:44.869645+00:00,2.2584876
2025-07-20 11:33:56.998879+00:00,2.2584871
2025-07-20 11:34:10.713591+00:00,2.258487
2025-07-20 11:34:22.465906+00:00,2.2584871
2025-07-20 11:34:35.374173+00:00,2.2584869
2025-07-20 11:34:47.811336+00:00,2.2584873
2025-07-20 11:35:00.762504+00:00,2.2584868
2025-07-20 11:35:13.490831+00:00,2.2584873
2025-07-20 11:35:27.588600+00:00,2.2584872
2025-07-20 11:35:38.794802+00:00,2.2584874
2025-07-20 11:35:51.733507+00:00,2.2584876
2025-07-20 11:36:07.361932+00:00,2.2584876
2025-07-20 11:36:17.042851+00:00,2.2584871
2025-07-20 11:36:29.679749+00:00,2.2584871
2025-07-20 11:36:42.186061+00:00,2.2584877
2025-07-20 11:36:56.343497+00:00,2.2584874
2025-07-20 11:37:07.860699+00:00,2.2584871
2025-07-20 11:37:19.968745+00:00,2.2584872
2025-07-20 11:37:33.047903+00:00,2.2584871
2025-07-20 11:37:46.124743+00:00,2.258487
2025-07-20 11:37:58.917387+00:00,2.2584871
2025-07-20 11:38:11.603595+00:00,2.2584873
2025-07-20 11:38:23.715575+00:00,2.258487
2025-07-20 11:38:36.555325+00:00,2.2584869
2025-07-20 11:38:48.964857+00:00,2.2584867
2025-07-20 11:39:01.581064+00:00,2.2584866
2025-07-20 11:39:13.749430+00:00,2.2584875
2025-07-20 11:39:25.763575+00:00,2.2584871
2025-07-20 11:39:38.603645+00:00,2.2584875
2025-07-20 11:40:03.380238+00:00,2.2584873
2025-07-20 11:40:16.473652+00:00,2.258487
2025-07-20 11:40:28.205442+00:00,2.2584877
2025-07-20 11:40:41.020219+00:00,2.2584874
2025-07-20 11:40:52.972481+00:00,2.2584872
2025-07-20 11:41:06.252660+00:00,2.2584877
2025-07-20 11:41:18.332181+00:00,2.2584877
2025-07-20 11:41:30.853819+00:00,2.2584868
2025-07-20 11:41:43.110205+00:00,2.258487
2025-07-20 11:41:55.645206+00:00,2.2584873
2025-07-20 11:42:08.454977+00:00,2.2584872
2025-07-20 11:42:20.677359+00:00,2.2584868
2025-07-20 11:42:33.357205+00:00,2.2584872
2025-07-20 11:42:46.711383+00:00,2.2584874
2025-07-20 11:42:58.173532+00:00,2.2584875
2025-07-20 11:43:11.625701+00:00,2.2584873
2025-07-20 11:43:22.954986+00:00,2.2584871
2025-07-20 11:43:35.546101+00:00,2.2584869
2025-07-20 11:43:48.517396+00:00,2.2584871
2025-07-20 11:44:01.152305+00:00,2.2584873
2025-07-20 11:44:13.255211+00:00,2.2584877
2025-07-20 11:44:25.934937+00:00,2.2584872
2025-07-20 11:44:39.068033+00:00,2.2584869
2025-07-20 11:44:51.751648+00:00,2.2584871
2025-07-20 11:45:05.638783+00:00,2.2584875
2025-07-20 11:45:20.582150+00:00,2.2584871
2025-07-20 11:45:30.258238+00:00,2.2584875
2025-07-20 11:45:43.584492+00:00,2.2584873
2025-07-20 11:45:57.986790+00:00,2.2584872
2025-07-20 11:46:08.524454+00:00,2.2584873
2025-07-20 11:46:21.466097+00:00,2.2584875
2025-07-20 11:46:34.048121+00:00,2.2584874
2025-07-20 11:46:46.413561+00:00,2.2584875
2025-07-20 11:47:00.367076+00:00,2.2584871
2025-07-20 11:47:11.720707+00:00,2.2584868
2025-07-20 11:47:24.343366+00:00,2.2584872
2025-07-20 11:47:40.856132+00:00,2.2584868
2025-07-20 11:47:49.528746+00:00,2.2584869
2025-07-20 11:48:04.451675+00:00,2.2584871
2025-07-20 11:48:14.722003+00:00,2.2584867
2025-07-20 11:48:26.271919+00:00,2.2584871
2025-07-20 11:48:39.065139+00:00,2.2584872
2025-07-20 11:48:51.020523+00:00,2.2584867
2025-07-20 11:49:03.784264+00:00,2.2584873
2025-07-20 11:49:19.787689+00:00,2.2584871
2025-07-20 11:49:28.859334+00:00,2.2584876
2025-07-20 11:49:41.477709+00:00,2.2584869
2025-07-20 11:49:54.102719+00:00,2.2584873
2025-07-20 11:50:07.073009+00:00,2.2584876
2025-07-20 11:50:19.670491+00:00,2.2584873
2025-07-20 11:50:32.508476+00:00,2.258487
2025-07-20 11:50:44.241667+00:00,2.2584871
2025-07-20 11:50:56.794158+00:00,2.258487
2025-07-20 11:51:09.808010+00:00,2.2584871
2025-07-20 11:51:22.009083+00:00,2.2584865
2025-07-20 11:51:34.458501+00:00,2.2584876
2025-07-20 11:51:49.264204+00:00,2.2584872
2025-07-20 11:52:01.142134+00:00,2.2584867
2025-07-20 11:52:13.295161+00:00,2.2584874
2025-07-20 11:52:24.717579+00:00,2.2584872
2025-07-20 11:52:37.440881+00:00,2.2584872
2025-07-20 11:52:50.206817+00:00,2.2584868
2025-07-20 11:53:03.387546+00:00,2.2584871
2025-07-20 11:53:16.160082+00:00,2.2584871
2025-07-20 11:53:28.085270+00:00,2.2584875
2025-07-20 11:53:40.482171+00:00,2.2584875
2025-07-20 11:53:53.596545+00:00,2.2584869
2025-07-20 11:54:06.294182+00:00,2.2584871
2025-07-20 11:54:18.579841+00:00,2.2584868
2025-07-20 11:54:31.149857+00:00,2.2584874
2025-07-20 11:54:43.017442+00:00,2.2584872
2025-07-20 11:54:56.246052+00:00,2.2584873
2025-07-20 11:55:21.500286+00:00,2.2584869
2025-07-20 11:55:33.696515+00:00,2.2584871
2025-07-20 11:55:46.571468+00:00,2.2584874
2025-07-20 11:55:58.186046+00:00,2.2584865
2025-07-20 11:56:12.546434+00:00,2.258487
2025-07-20 11:56:23.994995+00:00,2.2584871
2025-07-20 11:56:36.454041+00:00,2.2584873
2025-07-20 11:56:49.360491+00:00,2.2584875
2025-07-20 11:57:02.296259+00:00,2.2584869
2025-07-20 11:57:14.694523+00:00,2.2584865
2025-07-20 11:57:27.636853+00:00,2.2584876
2025-07-20 11:57:40.175476+00:00,2.2584866
2025-07-20 11:57:52.816001+00:00,2.2584875
2025-07-20 11:58:06.267183+00:00,2.2584878
2025-07-20 11:58:18.659652+00:00,2.2584871
2025-07-20 11:58:31.659525+00:00,2.2584873
2025-07-20 11:58:43.776969+00:00,2.2584866
2025-07-20 11:58:56.725184+00:00,2.2584873
2025-07-20 11:59:10.243574+00:00,2.2584876
2025-07-20 11:59:22.032627+00:00,2.2584874
2025-07-20 11:59:37.295508+00:00,2.2584869
2025-07-20 11:59:47.691859+00:00,2.2584868
2025-07-20 12:00:13.823910+00:00,2.2584871
2025-07-20 12:00:25.110590+00:00,2.2584874
2025-07-20 12:00:38.557746+00:00,2.2584871
2025-07-20 12:00:49.865269+00:00,2.258486
2025-07-20 12:01:14.531324+00:00,2.2584873
2025-07-20 12:01:27.091850+00:00,2.2584873
2025-07-20 12:01:41.543455+00:00,2.2584871
2025-07-20 12:01:52.148192+00:00,2.2584871
2025-07-20 12:02:05.391493+00:00,2.2584875
2025-07-20 12:02:18.681037+00:00,2.2584878
2025-07-20 12:02:30.487398+00:00,2.2584869
2025-07-20 12:02:44.346235+00:00,2.2584866
2025-07-20 12:02:54.937005+00:00,2.2584863
2025-07-20 12:03:08.770955+00:00,2.2584874
2025-07-20 12:03:21.719331+00:00,2.2584864
2025-07-20 12:03:33.445259+00:00,2.2584875
2025-07-20 12:03:46.477302+00:00,2.2584869
2025-07-20 12:03:58.200274+00:00,2.2584873
2025-07-20 12:04:11.467886+00:00,2.2584864
2025-07-20 12:04:23.298240+00:00,2.258487
2025-07-20 12:04:35.385821+00:00,2.2584864
2025-07-20 12:04:49.657055+00:00,2.2584865
2025-07-20 12:05:01.441662+00:00,2.2584868
2025-07-20 12:05:27.059036+00:00,2.2584863
2025-07-20 12:07:57.397345+00:00,2.2584876
2025-07-20 12:08:11.872856+00:00,2.258487
2025-07-20 12:08:23.030210+00:00,2.258487
2025-07-20 12:08:35.575026+00:00,2.2584874
2025-07-20 12:08:48.679515+00:00,2.2584868
2025-07-20 12:09:01.658933+00:00,2.2584859
2025-07-20 12:10:06.125927+00:00,2.2584862
2025-07-20 12:10:15.866384+00:00,2.2584876
2025-07-20 12:10:29.681209+00:00,2.2584874
2025-07-20 12:10:53.645007+00:00,2.2584869
2025-07-20 12:11:06.508453+00:00,2.2584869
2025-07-20 12:11:19.487110+00:00,2.2584865
2025-07-20 12:11:31.563772+00:00,2.2584873
2025-07-20 12:11:43.756577+00:00,2.2584866
2025-07-20 12:11:56.551921+00:00,2.258487
2025-07-20 12:12:22.657717+00:00,2.2584867
2025-07-20 12:12:34.518837+00:00,2.2584871
2025-07-20 12:12:47.618599+00:00,2.2584873
2025-07-20 12:15:56.479201+00:00,2.2584865
2025-07-20 12:16:11.070847+00:00,2.2584869
2025-07-20 12:16:21.696656+00:00,2.2584866
2025-07-20 12:16:34.524683+00:00,2.2584864
2025-07-20 12:16:48.042946+00:00,2.2584866
2025-07-20 12:17:03.441225+00:00,2.2584871
2025-07-20 12:17:13.080893+00:00,2.2584863
2025-07-20 12:17:38.523085+00:00,2.258487
2025-07-20 12:20:47.226267+00:00,2.2584865
2025-07-20 12:20:58.431046+00:00,2.2584868
2025-07-20 12:21:11.531085+00:00,2.258487
2025-07-20 12:21:36.381776+00:00,2.2584876
2025-07-20 12:21:49.365240+00:00,2.2584872
2025-07-20 12:22:01.974966+00:00,2.2584874
2025-07-20 12:23:18.514490+00:00,2.2584867
2025-07-20 12:23:29.181200+00:00,2.2584873
2025-07-20 12:23:43.080229+00:00,2.258487
2025-07-20 12:23:55.469035+00:00,2.2584863
2025-07-20 12:24:20.539933+00:00,2.2584861
2025-07-20 12:24:33.485634+00:00,2.2584863
2025-07-20 12:24:46.427512+00:00,2.2584874
2025-07-20 12:24:59.961693+00:00,2.2584874
2025-07-20 12:25:12.111311+00:00,2.2584872
2025-07-20 12:25:24.361691+00:00,2.2584872
2025-07-20 12:25:37.784559+00:00,2.2584876
2025-07-20 12:25:50.360092+00:00,2.2584865
2025-07-20 12:26:02.656748+00:00,2.2584875
2025-07-20 12:26:42.908167+00:00,2.2584872
2025-07-20 12:27:06.366962+00:00,2.2584869
2025-07-20 12:28:33.537406+00:00,2.2584867
2025-07-20 12:28:46.206983+00:00,2.2584874
2025-07-20 12:29:48.434200+00:00,2.2584861
2025-07-20 12:30:03.787786+00:00,2.2584871
2025-07-20 12:30:13.369074+00:00,2.2584863
2025-07-20 12:31:40.719684+00:00,2.2584872
2025-07-20 12:32:19.412625+00:00,2.2584867
2025-07-20 12:32:43.673479+00:00,2.2584869
2025-07-20 12:33:46.190120+00:00,2.2584868
2025-07-20 12:34:23.173469+00:00,2.2584867
2025-07-20 12:34:35.777154+00:00,2.2584871
2025-07-20 12:34:49.058910+00:00,2.2584862
2025-07-20 12:35:00.943747+00:00,2.2584868
2025-07-20 12:35:13.837888+00:00,2.258487
2025-07-20 12:35:26.411415+00:00,2.2584867
2025-07-20 12:35:39.379830+00:00,2.2584868
2025-07-20 12:35:51.873117+00:00,2.2584872
2025-07-20 12:36:12.215553+00:00,2.2584869
2025-07-20 12:36:21.112212+00:00,2.2584875
2025-07-20 12:36:29.584411+00:00,2.2584866
2025-07-20 12:38:36.436405+00:00,2.2584861
2025-07-20 12:38:49.234076+00:00,2.2584865
2025-07-20 12:38:59.784555+00:00,2.2584872
2025-07-20 12:39:12.413572+00:00,2.258487
2025-07-20 12:39:25.305340+00:00,2.2584873
2025-07-20 12:39:38.042931+00:00,2.2584869
2025-07-20 12:39:50.797505+00:00,2.258487
2025-07-20 12:40:03.888193+00:00,2.2584872
2025-07-20 12:40:16.796365+00:00,2.2584869
2025-07-20 12:40:29.052867+00:00,2.2584873
2025-07-20 12:40:42.161125+00:00,2.2584869
2025-07-20 12:40:54.211456+00:00,2.2584871
2025-07-20 12:41:07.040157+00:00,2.2584867
2025-07-20 12:41:34.639768+00:00,2.2584873
2025-07-20 12:41:45.826338+00:00,2.2584869
2025-07-20 12:41:57.992179+00:00,2.2584865
2025-07-20 12:42:12.015580+00:00,2.2584869
2025-07-20 12:42:23.115410+00:00,2.2584874
2025-07-20 12:42:35.158832+00:00,2.2584871
2025-07-20 12:42:50.776501+00:00,2.2584874
2025-07-20 12:43:00.190567+00:00,2.2584867
2025-07-20 12:43:12.503830+00:00,2.2584869
2025-07-20 12:43:25.757320+00:00,2.2584868
2025-07-20 12:43:40.547243+00:00,2.258487
2025-07-20 12:43:50.793434+00:00,2.2584871
2025-07-20 12:44:05.020255+00:00,2.2584877
2025-07-20 12:44:16.197121+00:00,2.2584871
2025-07-20 12:44:29.011574+00:00,2.258487
2025-07-20 12:44:40.619174+00:00,2.2584872
2025-07-20 12:44:53.349580+00:00,2.2584869
2025-07-20 12:45:07.194541+00:00,2.2584868
2025-07-20 12:45:18.705182+00:00,2.2584868
2025-07-20 12:45:32.570262+00:00,2.2584864
2025-07-20 12:45:44.221084+00:00,2.2584873
2025-07-20 12:45:56.484666+00:00,2.258487
2025-07-20 12:46:08.996251+00:00,2.2584865
2025-07-20 12:46:21.757427+00:00,2.2584868
2025-07-20 12:46:34.084341+00:00,2.2584864
2025-07-20 12:46:46.652221+00:00,2.2584872
2025-07-20 12:46:58.651531+00:00,2.2584867
2025-07-20 12:47:12.191702+00:00,2.258487
2025-07-20 12:47:23.710710+00:00,2.2584868
2025-07-20 12:47:36.689886+00:00,2.2584866
2025-07-20 12:47:49.331230+00:00,2.2584868
2025-07-20 12:48:02.441246+00:00,2.2584873
2025-07-20 12:48:17.022855+00:00,2.258487
2025-07-20 12:48:26.766218+00:00,2.2584875
2025-07-20 12:48:40.489849+00:00,2.2584874
2025-07-20 12:48:53.687214+00:00,2.258487
2025-07-20 12:49:04.488352+00:00,2.2584871
2025-07-20 12:49:17.935901+00:00,2.2584871
2025-07-20 12:49:29.254095+00:00,2.2584875
2025-07-20 12:49:42.119150+00:00,2.2584874
2025-07-20 12:49:55.451644+00:00,2.2584869
2025-07-20 12:50:12.255984+00:00,2.2584872
2025-07-20 12:50:23.138269+00:00,2.2584874
2025-07-20 12:50:32.761472+00:00,2.2584874
2025-07-20 12:50:45.752740+00:00,2.2584877
2025-07-20 12:50:58.267981+00:00,2.2584873
2025-07-20 12:51:11.384919+00:00,2.2584866
2025-07-20 12:51:24.104973+00:00,2.2584875
2025-07-20 12:51:36.467232+00:00,2.2584873
2025-07-20 12:51:49.644075+00:00,2.2584866
2025-07-20 12:52:01.751470+00:00,2.2584876
2025-07-20 12:52:14.197054+00:00,2.2584875
2025-07-20 12:52:27.615355+00:00,2.2584869
2025-07-20 12:52:39.656737+00:00,2.2584869
2025-07-20 12:52:54.550027+00:00,2.2584871
2025-07-20 12:53:05.539955+00:00,2.258487
2025-07-20 12:53:17.575938+00:00,2.2584868
2025-07-20 12:53:29.665084+00:00,2.2584869
2025-07-20 12:53:42.398249+00:00,2.2584874
2025-07-20 12:53:58.146881+00:00,2.2584869
2025-07-20 12:54:13.934899+00:00,2.2584872
2025-07-20 12:54:19.779934+00:00,2.2584869
2025-07-20 12:54:32.408177+00:00,2.2584875
2025-07-20 12:54:44.979450+00:00,2.2584872
2025-07-20 12:54:57.779532+00:00,2.2584867
2025-07-20 12:55:11.245580+00:00,2.2584868
2025-07-20 12:55:22.970100+00:00,2.2584872
2025-07-20 12:55:36.195004+00:00,2.2584866
2025-07-20 12:55:48.178906+00:00,2.2584875
2025-07-20 12:56:01.097807+00:00,2.258487
2025-07-20 12:56:12.954018+00:00,2.2584865
2025-07-20 12:56:25.161181+00:00,2.2584868
2025-07-20 12:56:37.694104+00:00,2.2584872
2025-07-20 12:56:51.334430+00:00,2.2584873
2025-07-20 12:57:03.865028+00:00,2.2584869
2025-07-20 12:57:15.216308+00:00,2.2584867
2025-07-20 12:57:27.491557+00:00,2.2584868
2025-07-20 12:57:40.568331+00:00,2.2584871
2025-07-20 12:57:53.256356+00:00,2.2584865
2025-07-20 12:58:06.205380+00:00,2.2584864
2025-07-20 12:58:18.364871+00:00,2.2584868
2025-07-20 12:58:33.749570+00:00,2.2584871
2025-07-20 12:58:43.025528+00:00,2.2584871
2025-07-20 12:58:56.107451+00:00,2.2584869
2025-07-20 12:59:09.115394+00:00,2.2584874
2025-07-20 12:59:20.405769+00:00,2.2584872
2025-07-20 12:59:33.922403+00:00,2.258487
2025-07-20 12:59:45.372745+00:00,2.2584871
2025-07-20 12:59:57.895546+00:00,2.2584869
2025-07-20 13:00:10.761624+00:00,2.2584868
2025-07-20 13:00:23.087064+00:00,2.2584867
2025-07-20 13:00:48.165328+00:00,2.258487
2025-07-20 13:01:00.629813+00:00,2.2584872
2025-07-20 13:01:13.972934+00:00,2.2584873
2025-07-20 13:01:27.753935+00:00,2.2584873
2025-07-20 13:01:38.404420+00:00,2.2584869
2025-07-20 13:01:51.421558+00:00,2.2584873
2025-07-20 13:02:10.145594+00:00,2.2584872
2025-07-20 13:02:17.738335+00:00,2.2584867
2025-07-20 13:02:31.394124+00:00,2.2584874
2025-07-20 13:02:42.985015+00:00,2.2584875
2025-07-20 13:02:55.576961+00:00,2.2584874
2025-07-20 13:03:08.315769+00:00,2.2584872
2025-07-20 13:03:21.021395+00:00,2.2584866
2025-07-20 13:03:33.806988+00:00,2.2584875
2025-07-20 13:03:47.040880+00:00,2.2584876
2025-07-20 13:03:59.267408+00:00,2.2584873
2025-07-20 13:04:12.852332+00:00,2.2584876
2025-07-20 13:04:27.682838+00:00,2.2584875
2025-07-20 13:04:37.545764+00:00,2.2584866
2025-07-20 13:04:50.028682+00:00,2.2584869
2025-07-20 13:05:04.101861+00:00,2.2584872
2025-07-20 13:05:15.872590+00:00,2.2584871
2025-07-20 13:05:31.097587+00:00,2.2584872
2025-07-20 13:05:40.072831+00:00,2.2584868
2025-07-20 13:05:52.339596+00:00,2.2584871
2025-07-20 13:06:06.914088+00:00,2.258487
2025-07-20 13:06:17.661489+00:00,2.2584874
2025-07-20 13:06:33.628875+00:00,2.2584868
2025-07-20 13:06:42.877280+00:00,2.2584874
2025-07-20 13:06:55.190538+00:00,2.2584872
2025-07-20 13:07:07.919388+00:00,2.2584876
2025-07-20 13:07:20.209501+00:00,2.2584874
2025-07-20 13:07:35.703678+00:00,2.2584866
2025-07-20 13:07:45.875259+00:00,2.2584875
2025-07-20 13:07:58.512746+00:00,2.2584874
2025-07-20 13:08:12.042520+00:00,2.2584875
2025-07-20 13:08:24.735794+00:00,2.2584876
2025-07-20 13:08:50.415681+00:00,2.2584868
2025-07-20 13:09:01.850122+00:00,2.2584874
2025-07-20 13:09:14.049397+00:00,2.2584874
2025-07-20 13:09:28.701961+00:00,2.258487
2025-07-20 13:09:39.469145+00:00,2.258487
2025-07-20 13:09:51.860070+00:00,2.2584871
2025-07-20 13:10:05.673881+00:00,2.2584873
2025-07-20 13:10:17.326478+00:00,2.2584868
2025-07-20 13:10:42.714653+00:00,2.2584872
2025-07-20 13:10:54.367124+00:00,2.2584869
2025-07-20 13:11:07.197896+00:00,2.2584873
2025-07-20 13:11:19.936970+00:00,2.258487
2025-07-20 13:11:32.904074+00:00,2.2584873
2025-07-20 13:11:50.992086+00:00,2.2584867
2025-07-20 13:11:57.625881+00:00,2.2584868
2025-07-20 13:12:10.604275+00:00,2.2584866
2025-07-20 13:12:22.932710+00:00,2.2584867
2025-07-20 13:12:35.242443+00:00,2.2584872
2025-07-20 13:12:48.711048+00:00,2.2584864
2025-07-20 13:13:01.373402+00:00,2.2584874
2025-07-20 13:13:27.761881+00:00,2.2584871
2025-07-20 13:13:38.151661+00:00,2.2584867
2025-07-20 13:13:52.189192+00:00,2.2584871
2025-07-20 13:14:03.610153+00:00,2.2584866
2025-07-20 13:14:16.604060+00:00,2.2584872
2025-07-20 13:14:27.993677+00:00,2.2584877
2025-07-20 13:14:40.663483+00:00,2.2584872
2025-07-20 13:14:54.055857+00:00,2.2584868
2025-07-20 13:15:10.392323+00:00,2.2584877
2025-07-20 13:15:18.360593+00:00,2.2584876
2025-07-20 13:15:32.331062+00:00,2.2584867
2025-07-20 13:15:43.484654+00:00,2.2584868
2025-07-20 13:15:56.385351+00:00,2.258487
2025-07-20 13:16:09.506325+00:00,2.2584867
2025-07-20 13:16:23.668051+00:00,2.2584872
2025-07-20 13:16:34.957233+00:00,2.2584876
2025-07-20 13:16:49.535706+00:00,2.2584875
2025-07-20 13:16:59.885744+00:00,2.2584873
2025-07-20 13:17:12.618369+00:00,2.2584871
2025-07-20 13:17:25.217482+00:00,2.2584867
2025-07-20 13:17:38.018308+00:00,2.2584868
2025-07-20 13:17:50.944937+00:00,2.2584871
2025-07-20 13:18:04.675382+00:00,2.2584872
2025-07-20 13:18:16.851274+00:00,2.2584868
2025-07-20 13:18:28.420429+00:00,2.2584872
2025-07-20 13:18:41.290676+00:00,2.2584867
2025-07-20 13:18:56.407052+00:00,2.2584872
2025-07-20 13:19:07.311069+00:00,2.2584876
2025-07-20 13:19:19.401187+00:00,2.2584873
2025-07-20 13:19:33.929218+00:00,2.2584872
2025-07-20 13:19:43.805727+00:00,2.2584876
2025-07-20 13:19:56.450897+00:00,2.2584868
2025-07-20 13:20:10.508867+00:00,2.2584871
2025-07-20 13:20:21.617975+00:00,2.2584872
2025-07-20 13:20:33.653131+00:00,2.2584871
2025-07-20 13:20:51.139116+00:00,2.2584871
2025-07-20 13:20:58.574887+00:00,2.2584875
2025-07-20 13:21:16.379910+00:00,2.2584868
2025-07-20 13:21:23.821977+00:00,2.2584875
2025-07-20 13:21:36.115715+00:00,2.2584873
2025-07-20 13:21:49.206023+00:00,2.2584873
2025-07-20 13:22:01.604444+00:00,2.258487
2025-07-20 13:22:14.873025+00:00,2.2584875
2025-07-20 13:22:27.153220+00:00,2.2584869
2025-07-20 13:22:38.948945+00:00,2.2584869
2025-07-20 13:22:51.349505+00:00,2.2584871
2025-07-20 13:23:04.286040+00:00,2.258487
2025-07-20 13:23:17.194412+00:00,2.2584869
2025-07-20 13:23:29.343733+00:00,2.2584871
2025-07-20 13:23:41.963995+00:00,2.2584869
2025-07-20 13:23:54.068916+00:00,2.2584869
2025-07-20 13:24:07.099725+00:00,2.2584876
2025-07-20 13:24:20.409944+00:00,2.2584875
2025-07-20 13:24:31.935512+00:00,2.2584872
2025-07-20 13:24:45.329177+00:00,2.2584869
2025-07-20 13:24:56.326131+00:00,2.2584872
2025-07-20 13:25:22.651554+00:00,2.2584871
2025-07-20 13:25:34.911697+00:00,2.2584868
2025-07-20 13:25:46.984301+00:00,2.2584871
2025-07-20 13:25:59.782920+00:00,2.2584866
2025-07-20 13:26:12.249314+00:00,2.2584874
2025-07-20 13:26:25.424661+00:00,2.2584871
2025-07-20 13:26:37.436647+00:00,2.2584868
2025-07-20 13:26:49.723372+00:00,2.2584871
2025-07-20 13:27:02.873727+00:00,2.2584873
2025-07-20 13:27:15.547872+00:00,2.2584868
2025-07-20 13:27:29.639946+00:00,2.2584869
2025-07-20 13:27:42.946084+00:00,2.2584869
2025-07-20 13:27:53.646440+00:00,2.258487
2025-07-20 13:28:06.791831+00:00,2.258487
2025-07-20 13:28:19.702017+00:00,2.2584868
2025-07-20 13:28:32.196656+00:00,2.2584874
2025-07-20 13:28:46.038330+00:00,2.2584872
2025-07-20 13:28:59.526802+00:00,2.258487
2025-07-20 13:29:10.954354+00:00,2.2584878
2025-07-20 13:29:22.636746+00:00,2.2584868
2025-07-20 13:30:01.643891+00:00,2.2584872
2025-07-20 13:30:13.459014+00:00,2.2584876
2025-07-20 13:30:25.857188+00:00,2.2584868
2025-07-20 13:30:38.372011+00:00,2.258487
2025-07-20 13:30:50.763584+00:00,2.2584871
2025-07-20 13:31:03.455422+00:00,2.2584875
2025-07-20 13:31:16.825854+00:00,2.2584871
2025-07-20 13:31:29.394930+00:00,2.2584876
2025-07-20 13:31:42.293474+00:00,2.2584876
2025-07-20 13:31:52.894680+00:00,2.258487
2025-07-20 13:32:05.734790+00:00,2.2584869
2025-07-20 13:32:18.167772+00:00,2.2584875
2025-07-20 13:32:31.014652+00:00,2.2584875
2025-07-20 13:32:42.904500+00:00,2.2584869
2025-07-20 13:32:56.462259+00:00,2.2584876
2025-07-20 13:33:08.339821+00:00,2.2584866
2025-07-20 13:33:21.892081+00:00,2.258487
2025-07-20 13:33:33.747743+00:00,2.2584868
2025-07-20 13:33:58.914427+00:00,2.2584872
2025-07-20 13:34:12.161408+00:00,2.258487
2025-07-20 13:34:25.053721+00:00,2.2584869
2025-07-20 13:34:37.047317+00:00,2.2584871
2025-07-20 13:34:49.961579+00:00,2.2584878
2025-07-20 13:35:04.160737+00:00,2.2584875
2025-07-20 13:35:17.936070+00:00,2.2584873
2025-07-20 13:35:27.726208+00:00,2.2584872
2025-07-20 13:35:40.152010+00:00,2.2584867
2025-07-20 13:35:51.967783+00:00,2.2584875
2025-07-20 13:36:05.792368+00:00,2.258487
2025-07-20 13:36:17.135749+00:00,2.2584872
2025-07-20 13:36:29.720273+00:00,2.2584873
2025-07-20 13:36:45.277502+00:00,2.2584872
2025-07-20 13:36:54.493548+00:00,2.2584873
2025-07-20 13:37:08.169391+00:00,2.2584871
2025-07-20 13:37:20.395340+00:00,2.2584873
2025-07-20 13:37:36.050193+00:00,2.2584872
2025-07-20 13:37:47.289260+00:00,2.2584871
2025-07-20 13:37:58.303715+00:00,2.2584866
2025-07-20 13:38:11.506097+00:00,2.2584876
2025-07-20 13:38:23.793700+00:00,2.2584874
2025-07-20 13:38:36.610109+00:00,2.2584871
2025-07-20 13:38:49.466959+00:00,2.2584872
2025-07-20 13:39:02.818488+00:00,2.2584871
2025-07-20 13:39:15.191173+00:00,2.2584874
2025-07-20 13:39:28.002953+00:00,2.2584871
2025-07-20 13:39:40.686012+00:00,2.2584873
2025-07-20 13:39:54.052226+00:00,2.2584876
2025-07-20 13:40:06.461920+00:00,2.258487
2025-07-20 13:40:19.407901+00:00,2.258487
2025-07-20 13:40:33.332887+00:00,2.2584875
2025-07-20 13:40:46.010100+00:00,2.2584874
2025-07-20 13:40:57.528546+00:00,2.2584875
2025-07-20 13:41:10.195439+00:00,2.2584871
2025-07-20 13:41:22.316677+00:00,2.2584868
2025-07-20 13:41:35.759015+00:00,2.2584874
2025-07-20 13:41:47.588812+00:00,2.2584876
2025-07-20 13:41:59.864942+00:00,2.2584874
2025-07-20 13:42:12.618352+00:00,2.2584866
2025-07-20 13:42:24.282472+00:00,2.2584869
2025-07-20 13:42:36.687701+00:00,2.258487
2025-07-20 13:42:49.896897+00:00,2.2584875
2025-07-20 13:43:02.998069+00:00,2.2584872
2025-07-20 13:43:14.738327+00:00,2.2584873
2025-07-20 13:43:28.380845+00:00,2.2584868
2025-07-20 13:43:39.941810+00:00,2.2584871
2025-07-20 13:43:53.052901+00:00,2.2584872
2025-07-20 13:44:07.809854+00:00,2.2584873
2025-07-20 13:44:18.551916+00:00,2.2584873
2025-07-20 13:44:30.525484+00:00,2.2584871
2025-07-20 13:44:44.383619+00:00,2.2584876
2025-07-20 13:44:55.671135+00:00,2.2584872
2025-07-20 13:45:09.796649+00:00,2.2584872
2025-07-20 13:45:22.655250+00:00,2.2584871
2025-07-20 13:45:33.861938+00:00,2.2584876
2025-07-20 13:45:46.926439+00:00,2.2584874
2025-07-20 13:45:58.300818+00:00,2.2584873
2025-07-20 13:46:11.560262+00:00,2.2584873
2025-07-20 13:46:23.649747+00:00,2.258487
2025-07-20 13:46:38.805025+00:00,2.258487
2025-07-20 13:46:48.783915+00:00,2.2584875
2025-07-20 13:47:02.241787+00:00,2.2584873
2025-07-20 13:47:14.509059+00:00,2.2584875
2025-07-20 13:47:28.090632+00:00,2.2584873
2025-07-20 13:47:39.625395+00:00,2.2584874
2025-07-20 13:47:51.965195+00:00,2.2584864
2025-07-20 13:48:05.553032+00:00,2.2584871
2025-07-20 13:48:18.057076+00:00,2.258487
2025-07-20 13:48:29.592301+00:00,2.2584875
2025-07-20 13:48:42.582156+00:00,2.2584868
2025-07-20 13:48:55.371181+00:00,2.258487
2025-07-20 13:49:07.730187+00:00,2.2584872
2025-07-20 13:49:20.380886+00:00,2.2584875
2025-07-20 13:49:33.779055+00:00,2.2584876
2025-07-20 13:49:45.113277+00:00,2.2584873
2025-07-20 13:49:57.980321+00:00,2.2584879
2025-07-20 13:50:10.638713+00:00,2.2584867
2025-07-20 13:50:36.070580+00:00,2.2584866
2025-07-20 13:50:48.530039+00:00,2.258487
2025-07-20 13:51:01.635776+00:00,2.2584875
2025-07-20 13:51:13.711366+00:00,2.2584875
2025-07-20 13:51:27.425881+00:00,2.2584872
2025-07-20 13:51:40.833731+00:00,2.2584875
2025-07-20 13:51:52.661946+00:00,2.2584872
2025-07-20 13:52:05.693170+00:00,2.2584872
2025-07-20 13:52:17.887721+00:00,2.2584876
2025-07-20 13:52:31.199255+00:00,2.2584871
2025-07-20 13:52:43.543519+00:00,2.258487
2025-07-20 13:52:56.111394+00:00,2.2584874
2025-07-20 13:53:09.529467+00:00,2.2584873
2025-07-20 13:53:21.742776+00:00,2.2584872
2025-07-20 13:53:35.107808+00:00,2.2584869
2025-07-20 13:53:52.555249+00:00,2.2584871
2025-07-20 13:54:00.307307+00:00,2.2584879
2025-07-20 13:54:13.857819+00:00,2.2584873
2025-07-20 13:54:27.175183+00:00,2.2584869
2025-07-20 13:54:38.424913+00:00,2.2584873
2025-07-20 13:54:51.233568+00:00,2.2584868
2025-07-20 13:55:05.340282+00:00,2.2584867
2025-07-20 13:55:20.920832+00:00,2.2584877
2025-07-20 13:55:30.117725+00:00,2.2584866
2025-07-20 13:55:43.940304+00:00,2.2584876
2025-07-20 13:55:53.587978+00:00,2.2584873
2025-07-20 13:56:06.521267+00:00,2.258487
2025-07-20 13:56:18.599664+00:00,2.2584873
2025-07-20 13:56:32.120913+00:00,2.2584867
2025-07-20 13:56:44.410056+00:00,2.258487
2025-07-20 13:56:56.873772+00:00,2.2584871
2025-07-20 13:57:09.582809+00:00,2.2584869
2025-07-20 13:57:22.444876+00:00,2.2584868
2025-07-20 13:57:34.784123+00:00,2.2584871
2025-07-20 13:57:47.593282+00:00,2.258487
2025-07-20 13:58:01.633982+00:00,2.2584874
2025-07-20 13:58:12.610854+00:00,2.2584874
2025-07-20 13:58:25.807442+00:00,2.258487
2025-07-20 13:58:37.404137+00:00,2.2584869
2025-07-20 13:58:50.171029+00:00,2.2584871
2025-07-20 13:59:02.799427+00:00,2.2584871
2025-07-20 13:59:16.091451+00:00,2.2584872
2025-07-20 13:59:28.077845+00:00,2.2584872
2025-07-20 13:59:41.576634+00:00,2.258487
2025-07-20 13:59:53.852393+00:00,2.258487
2025-07-20 14:00:06.936672+00:00,2.2584868
2025-07-20 14:00:19.289449+00:00,2.2584869
2025-07-20 14:00:31.973962+00:00,2.258487
2025-07-20 14:00:44.126260+00:00,2.2584874
2025-07-20 14:00:56.554078+00:00,2.2584875
2025-07-20 14:01:09.563832+00:00,2.2584866
2025-07-20 14:01:24.601823+00:00,2.258487
2025-07-20 14:01:34.791362+00:00,2.2584876
2025-07-20 14:01:50.123945+00:00,2.2584866
2025-07-20 14:02:01.501301+00:00,2.258487
2025-07-20 14:02:12.759903+00:00,2.2584876
2025-07-20 14:02:25.716210+00:00,2.2584869
2025-07-20 14:02:38.721160+00:00,2.2584876
2025-07-20 14:02:50.683138+00:00,2.2584868
2025-07-20 14:03:06.089627+00:00,2.2584869
2025-07-20 14:03:19.045814+00:00,2.2584868
2025-07-20 14:03:29.437048+00:00,2.2584872
2025-07-20 14:03:42.173386+00:00,2.258487
2025-07-20 14:03:55.351814+00:00,2.2584871
2025-07-20 14:04:08.208984+00:00,2.2584872
2025-07-20 14:04:20.680049+00:00,2.2584869
2025-07-20 14:04:33.980666+00:00,2.2584868
2025-07-20 14:04:46.389541+00:00,2.258487
2025-07-20 14:04:59.824782+00:00,2.2584868
2025-07-20 14:05:12.912523+00:00,2.258487
2025-07-20 14:05:25.242484+00:00,2.2584877
2025-07-20 14:05:38.048406+00:00,2.2584876
2025-07-20 14:05:49.969082+00:00,2.2584873
2025-07-20 14:06:04.055752+00:00,2.2584875
2025-07-20 14:06:16.512167+00:00,2.2584877
2025-07-20 14:06:28.613171+00:00,2.2584877
2025-07-20 14:06:40.959292+00:00,2.2584875
2025-07-20 14:06:53.942671+00:00,2.2584869
2025-07-20 14:07:06.944982+00:00,2.258487
2025-07-20 14:07:18.676325+00:00,2.2584877
2025-07-20 14:07:31.020703+00:00,2.2584872
2025-07-20 14:07:46.445957+00:00,2.2584871
2025-07-20 14:07:56.268479+00:00,2.2584871
2025-07-20 14:08:10.511277+00:00,2.2584868
2025-07-20 14:08:21.275780+00:00,2.2584874
2025-07-20 14:08:33.752215+00:00,2.2584871
2025-07-20 14:08:47.009999+00:00,2.2584871
2025-07-20 14:08:59.194677+00:00,2.2584873
2025-07-20 14:09:12.843026+00:00,2.2584875
2025-07-20 14:09:24.572691+00:00,2.2584874
2025-07-20 14:09:38.045014+00:00,2.2584874
2025-07-20 14:09:49.921742+00:00,2.2584875
2025-07-20 14:10:03.781136+00:00,2.2584864
2025-07-20 14:10:15.980206+00:00,2.2584868
2025-07-20 14:10:28.866862+00:00,2.2584868
2025-07-20 14:10:39.906507+00:00,2.2584869
2025-07-20 14:10:52.215961+00:00,2.2584865
2025-07-20 14:11:05.397931+00:00,2.2584869
2025-07-20 14:11:18.015559+00:00,2.2584874
2025-07-20 14:11:30.755105+00:00,2.2584869
2025-07-20 14:11:43.249199+00:00,2.2584872
2025-07-20 14:11:55.588895+00:00,2.258487
2025-07-20 14:12:09.155564+00:00,2.258487
2025-07-20 14:12:21.092301+00:00,2.2584867
2025-07-20 14:12:33.639676+00:00,2.2584871
2025-07-20 14:12:46.494099+00:00,2.2584874
2025-07-20 14:12:58.333049+00:00,2.2584872
2025-07-20 14:13:11.328261+00:00,2.2584872
2025-07-20 14:13:24.395992+00:00,2.2584869
2025-07-20 14:13:36.243807+00:00,2.2584876
2025-07-20 14:13:49.359416+00:00,2.2584873
2025-07-20 14:14:03.685034+00:00,2.258487
2025-07-20 14:14:14.004505+00:00,2.258487
2025-07-20 14:14:26.442561+00:00,2.2584868
2025-07-20 14:14:39.080837+00:00,2.2584874
2025-07-20 14:14:51.930295+00:00,2.2584873
2025-07-20 14:15:05.029656+00:00,2.2584875
2025-07-20 14:15:18.918294+00:00,2.2584869
2025-07-20 14:15:31.175064+00:00,2.2584867
2025-07-20 14:15:43.432665+00:00,2.2584872
2025-07-20 14:15:55.903406+00:00,2.2584866
2025-07-20 14:16:09.034247+00:00,2.2584871
2025-07-20 14:16:21.704248+00:00,2.2584867
2025-07-20 14:16:34.707887+00:00,2.258487
2025-07-20 14:16:48.006932+00:00,2.2584869
2025-07-20 14:17:02.731891+00:00,2.2584866
2025-07-20 14:17:13.162483+00:00,2.2584879
2025-07-20 14:17:25.676061+00:00,2.2584866
2025-07-20 14:17:38.106433+00:00,2.2584873
2025-07-20 14:17:52.619396+00:00,2.2584867
2025-07-20 14:18:04.097638+00:00,2.2584868
2025-07-20 14:18:17.264787+00:00,2.2584877
2025-07-20 14:18:29.207791+00:00,2.258487
2025-07-20 14:18:41.215056+00:00,2.2584868
2025-07-20 14:18:53.667577+00:00,2.2584876
2025-07-20 14:19:06.748913+00:00,2.2584869
2025-07-20 14:19:20.001017+00:00,2.2584863
2025-07-20 14:19:35.276918+00:00,2.258487
2025-07-20 14:19:48.250720+00:00,2.2584871
2025-07-20 14:19:57.564165+00:00,2.2584869
2025-07-20 14:20:10.370840+00:00,2.2584876
2025-07-20 14:20:22.917041+00:00,2.2584874
2025-07-20 14:20:35.905114+00:00,2.2584869
2025-07-20 14:20:48.318327+00:00,2.258487
2025-07-20 14:21:00.923240+00:00,2.2584871
2025-07-20 14:21:13.875217+00:00,2.2584873
2025-07-20 14:21:25.700650+00:00,2.2584872
2025-07-20 14:21:39.199270+00:00,2.2584869
2025-07-20 14:21:52.550302+00:00,2.2584875
2025-07-20 14:22:05.346138+00:00,2.2584865
2025-07-20 14:22:16.566685+00:00,2.2584866
2025-07-20 14:22:28.967970+00:00,2.2584867
2025-07-20 14:22:42.075188+00:00,2.2584873
2025-07-20 14:22:54.424673+00:00,2.2584868
2025-07-20 14:23:07.721039+00:00,2.2584871
2025-07-20 14:23:19.755149+00:00,2.2584871
2025-07-20 14:23:33.830972+00:00,2.2584866
2025-07-20 14:23:45.099393+00:00,2.2584873
2025-07-20 14:23:57.273030+00:00,2.2584873
2025-07-20 14:24:10.228261+00:00,2.2584869
2025-07-20 14:24:23.057302+00:00,2.2584866
2025-07-20 14:24:35.443999+00:00,2.2584876
2025-07-20 14:24:52.666489+00:00,2.2584876
2025-07-20 14:25:00.880364+00:00,2.2584872
2025-07-20 14:25:13.571903+00:00,2.2584869
2025-07-20 14:25:38.784124+00:00,2.2584874
2025-07-20 14:25:54.603589+00:00,2.2584867
2025-07-20 14:26:04.494723+00:00,2.2584876
2025-07-20 14:26:17.311744+00:00,2.2584872
2025-07-20 14:26:29.960989+00:00,2.2584874
2025-07-20 14:26:43.152421+00:00,2.2584869
2025-07-20 14:26:57.959965+00:00,2.2584874
2025-07-20 14:27:11.155482+00:00,2.258487
2025-07-20 14:27:21.347881+00:00,2.2584867
2025-07-20 14:27:34.236223+00:00,2.2584866
2025-07-20 14:27:47.538497+00:00,2.2584878
2025-07-20 14:28:12.821832+00:00,2.258487
2025-07-20 14:28:25.575679+00:00,2.2584866
2025-07-20 14:28:38.400791+00:00,2.2584871
2025-07-20 14:28:51.109924+00:00,2.2584866
2025-07-20 14:29:16.585061+00:00,2.2584875
2025-07-20 14:29:28.999434+00:00,2.2584869
2025-07-20 14:29:41.393098+00:00,2.2584874
2025-07-20 14:29:53.937833+00:00,2.2584871
2025-07-20 14:30:06.765063+00:00,2.258487
2025-07-20 14:30:19.419458+00:00,2.2584872
2025-07-20 14:30:32.020449+00:00,2.2584871
2025-07-20 14:30:44.047960+00:00,2.2584873
2025-07-20 14:30:57.014279+00:00,2.2584877
2025-07-20 14:31:10.166206+00:00,2.2584873
2025-07-20 14:31:25.306595+00:00,2.2584872
2025-07-20 14:31:36.843291+00:00,2.2584872
2025-07-20 14:31:48.729476+00:00,2.2584868
2025-07-20 14:32:00.202402+00:00,2.258487
2025-07-20 14:32:17.940522+00:00,2.2584867
2025-07-20 14:32:25.673689+00:00,2.2584872
2025-07-20 14:32:38.471587+00:00,2.2584866
2025-07-20 14:32:51.478480+00:00,2.2584873
2025-07-20 14:33:03.946902+00:00,2.2584873
2025-07-20 14:33:16.668336+00:00,2.2584872
2025-07-20 14:33:28.935955+00:00,2.258487
2025-07-20 14:33:41.639892+00:00,2.2584867
2025-07-20 14:33:54.287444+00:00,2.258487
2025-07-20 14:34:07.374096+00:00,2.2584871
2025-07-20 14:34:22.111750+00:00,2.2584872
2025-07-20 14:34:32.285320+00:00,2.2584875
2025-07-20 14:34:45.785783+00:00,2.2584868
2025-07-20 14:34:57.529560+00:00,2.2584875
2025-07-20 14:35:10.375104+00:00,2.2584871
2025-07-20 14:35:25.516350+00:00,2.258487
2025-07-20 14:35:35.818348+00:00,2.2584871
2025-07-20 14:35:48.667797+00:00,2.2584868
2025-07-20 14:36:01.912143+00:00,2.2584871
2025-07-20 14:36:13.419895+00:00,2.258487
2025-07-20 14:36:26.315341+00:00,2.2584865
2025-07-20 14:36:39.075278+00:00,2.2584874
2025-07-20 14:36:52.284269+00:00,2.2584867
2025-07-20 14:37:05.166204+00:00,2.258487
2025-07-20 14:37:25.286495+00:00,2.2584867
2025-07-20 14:37:31.106418+00:00,2.2584871
2025-07-20 14:37:43.254727+00:00,2.2584871
2025-07-20 14:37:56.431364+00:00,2.2584868
2025-07-20 14:38:09.467556+00:00,2.2584874
2025-07-20 14:38:22.329995+00:00,2.2584866
2025-07-20 14:38:34.845404+00:00,2.2584871
2025-07-20 14:38:47.812017+00:00,2.2584865
2025-07-20 14:39:00.570547+00:00,2.2584867
2025-07-20 14:39:13.214068+00:00,2.2584866
2025-07-20 14:39:26.295673+00:00,2.2584872
2025-07-20 14:39:38.435986+00:00,2.2584872
2025-07-20 14:39:51.867944+00:00,2.2584869
2025-07-20 14:40:04.079902+00:00,2.2584874
2025-07-20 14:40:16.639896+00:00,2.258487
2025-07-20 14:40:29.660026+00:00,2.2584871
2025-07-20 14:40:41.443257+00:00,2.2584874
2025-07-20 14:40:53.353041+00:00,2.2584869
2025-07-20 14:41:06.416009+00:00,2.2584873
2025-07-20 14:41:18.533215+00:00,2.2584869
2025-07-20 14:41:31.557321+00:00,2.2584874
2025-07-20 14:41:44.358171+00:00,2.2584874
2025-07-20 14:41:56.152430+00:00,2.2584869
2025-07-20 14:42:09.274435+00:00,2.2584871
2025-07-20 14:42:22.742393+00:00,2.2584869
2025-07-20 14:42:34.785444+00:00,2.2584871
2025-07-20 14:42:47.180319+00:00,2.2584867
2025-07-20 14:43:00.061456+00:00,2.258487
2025-07-20 14:43:12.470957+00:00,2.2584873
2025-07-20 14:43:25.002425+00:00,2.2584872
2025-07-20 14:43:50.324042+00:00,2.2584876
2025-07-20 14:44:02.770063+00:00,2.2584868
2025-07-20 14:44:15.806589+00:00,2.2584872
2025-07-20 14:44:28.129654+00:00,2.2584865
2025-07-20 14:44:41.734730+00:00,2.2584869
2025-07-20 14:44:53.461836+00:00,2.2584874
2025-07-20 14:45:06.802022+00:00,2.2584871
2025-07-20 14:45:18.888584+00:00,2.2584872
2025-07-20 14:45:31.812237+00:00,2.2584866
2025-07-20 14:45:44.645591+00:00,2.2584868
2025-07-20 14:45:56.812068+00:00,2.2584867
2025-07-20 14:46:10.089156+00:00,2.2584867
2025-07-20 14:46:22.711406+00:00,2.2584869
2025-07-20 14:46:35.124207+00:00,2.2584867
2025-07-20 14:46:48.327831+00:00,2.2584867
2025-07-20 14:47:01.726964+00:00,2.2584874
2025-07-20 14:47:14.228634+00:00,2.2584873
2025-07-20 14:47:26.769640+00:00,2.2584869
2025-07-20 14:47:41.415892+00:00,2.2584875
2025-07-20 14:47:52.582572+00:00,2.2584869
2025-07-20 14:48:05.223808+00:00,2.258487
2025-07-20 14:48:17.939748+00:00,2.258487
2025-07-20 14:48:31.344566+00:00,2.2584868
2025-07-20 14:48:43.493525+00:00,2.2584865
2025-07-20 14:48:56.135762+00:00,2.2584875
2025-07-20 14:49:09.289288+00:00,2.2584876
2025-07-20 14:49:27.475895+00:00,2.2584867
2025-07-20 14:49:34.259644+00:00,2.2584871
2025-07-20 14:49:46.955337+00:00,2.2584871
2025-07-20 14:49:59.253850+00:00,2.258487
2025-07-20 14:50:12.014783+00:00,2.2584874
2025-07-20 14:50:25.535200+00:00,2.2584876
2025-07-20 14:50:37.369558+00:00,2.2584873
2025-07-20 14:50:50.523298+00:00,2.2584871
2025-07-20 14:51:05.063189+00:00,2.2584868
2025-07-20 14:51:14.624169+00:00,2.2584874
2025-07-20 14:51:27.957262+00:00,2.2584877
2025-07-20 14:51:41.179611+00:00,2.2584866
2025-07-20 14:51:53.040036+00:00,2.2584874
2025-07-20 14:52:10.562322+00:00,2.2584873
2025-07-20 14:52:18.902997+00:00,2.2584873
2025-07-20 14:52:31.626404+00:00,2.258487
2025-07-20 14:52:43.873470+00:00,2.2584875
2025-07-20 14:52:57.708443+00:00,2.2584873
2025-07-20 14:53:09.031858+00:00,2.2584873
2025-07-20 14:53:21.856433+00:00,2.2584869
2025-07-20 14:53:36.364546+00:00,2.2584875
2025-07-20 14:53:47.142971+00:00,2.2584869
2025-07-20 14:53:59.557087+00:00,2.2584876
2025-07-20 14:54:12.312643+00:00,2.2584871
2025-07-20 14:54:24.741781+00:00,2.2584871
2025-07-20 14:54:37.071680+00:00,2.2584871
2025-07-20 14:54:50.559401+00:00,2.2584871
2025-07-20 14:55:07.145987+00:00,2.2584874
2025-07-20 14:55:16.276376+00:00,2.258487
2025-07-20 14:55:31.430937+00:00,2.2584872
2025-07-20 14:55:41.476756+00:00,2.2584874
2025-07-20 14:55:54.999588+00:00,2.2584875
2025-07-20 14:56:09.727413+00:00,2.2584869
2025-07-20 14:56:21.667425+00:00,2.2584875
2025-07-20 14:56:32.892631+00:00,2.2584866
2025-07-20 14:56:45.567068+00:00,2.2584864
2025-07-20 14:56:58.549556+00:00,2.258487
2025-07-20 14:57:11.861411+00:00,2.2584871
2025-07-20 14:57:23.722053+00:00,2.2584873
2025-07-20 14:57:36.626782+00:00,2.2584868
2025-07-20 14:57:49.549567+00:00,2.258487
2025-07-20 14:58:02.349413+00:00,2.2584871
2025-07-20 14:58:15.908215+00:00,2.2584873
2025-07-20 14:58:27.793153+00:00,2.2584875
2025-07-20 14:58:40.398133+00:00,2.2584867
2025-07-20 14:58:52.866890+00:00,2.2584865
2025-07-20 14:59:08.411415+00:00,2.2584877
2025-07-20 14:59:19.713960+00:00,2.258487
2025-07-20 14:59:32.588998+00:00,2.2584867
2025-07-20 14:59:43.206561+00:00,2.2584873
2025-07-20 14:59:55.695335+00:00,2.258487
2025-07-20 15:00:09.095287+00:00,2.2584871
2025-07-20 15:00:24.120564+00:00,2.2584866
2025-07-20 15:00:33.851556+00:00,2.2584868
2025-07-20 15:00:49.106704+00:00,2.258487
2025-07-20 15:00:58.637419+00:00,2.2584869
2025-07-20 15:01:11.609689+00:00,2.2584869
2025-07-20 15:01:25.204125+00:00,2.2584867
2025-07-20 15:01:36.493832+00:00,2.2584872
2025-07-20 15:01:50.294911+00:00,2.2584874
2025-07-20 15:02:02.151527+00:00,2.2584868
2025-07-20 15:02:15.152500+00:00,2.258487
2025-07-20 15:02:27.234795+00:00,2.2584875
2025-07-20 15:02:39.577713+00:00,2.2584872
2025-07-20 15:02:52.034493+00:00,2.2584866
2025-07-20 15:03:04.891309+00:00,2.2584871
2025-07-20 15:03:17.883753+00:00,2.2584867
2025-07-20 15:03:30.556531+00:00,2.2584871
2025-07-20 15:03:42.948130+00:00,2.2584866
2025-07-20 15:03:55.717582+00:00,2.2584874
2025-07-20 15:04:08.874066+00:00,2.2584868
2025-07-20 15:04:20.769734+00:00,2.2584876
2025-07-20 15:04:34.490768+00:00,2.2584873
2025-07-20 15:04:48.882161+00:00,2.2584871
2025-07-20 15:04:59.851326+00:00,2.2584867
2025-07-20 15:05:12.153844+00:00,2.2584868
2025-07-20 15:05:24.327786+00:00,2.2584874
2025-07-20 15:05:49.822657+00:00,2.2584871
2025-07-20 15:06:02.562023+00:00,2.2584872
2025-07-20 15:06:14.338885+00:00,2.2584868
2025-07-20 15:06:27.245938+00:00,2.2584868
2025-07-20 15:06:40.137962+00:00,2.2584872
2025-07-20 15:06:53.687685+00:00,2.2584875
2025-07-20 15:07:05.460149+00:00,2.2584868
2025-07-20 15:07:18.370852+00:00,2.2584868
2025-07-20 15:07:30.151641+00:00,2.258487
2025-07-20 15:07:42.977597+00:00,2.2584867
2025-07-20 15:07:55.687703+00:00,2.2584873
2025-07-20 15:08:09.816148+00:00,2.2584877
2025-07-20 15:08:22.806273+00:00,2.2584874
2025-07-20 15:08:34.197850+00:00,2.2584867
2025-07-20 15:08:49.318005+00:00,2.2584867
2025-07-20 15:08:58.897089+00:00,2.258487
2025-07-20 15:09:11.915496+00:00,2.2584874
2025-07-20 15:09:24.332875+00:00,2.2584873
2025-07-20 15:09:39.491572+00:00,2.2584867
2025-07-20 15:09:49.953428+00:00,2.2584872
2025-07-20 15:10:03.896067+00:00,2.2584865
2025-07-20 15:10:16.504999+00:00,2.258487
2025-07-20 15:10:30.383552+00:00,2.2584874
2025-07-20 15:10:41.885838+00:00,2.2584868
2025-07-20 15:10:54.841093+00:00,2.2584866
2025-07-20 15:11:08.537438+00:00,2.2584876
2025-07-20 15:11:20.420717+00:00,2.2584873
2025-07-20 15:11:33.415508+00:00,2.2584875
2025-07-20 15:11:46.459774+00:00,2.2584872
2025-07-20 15:11:59.247525+00:00,2.2584871
2025-07-20 15:12:24.293012+00:00,2.2584868
2025-07-20 15:12:37.146831+00:00,2.2584867
2025-07-20 15:12:50.049526+00:00,2.2584877
2025-07-20 15:13:03.162874+00:00,2.258487
2025-07-20 15:13:15.305043+00:00,2.258487
2025-07-20 15:13:27.663755+00:00,2.2584869
2025-07-20 15:13:40.854354+00:00,2.258487
2025-07-20 15:13:53.583192+00:00,2.2584874
2025-07-20 15:14:06.716005+00:00,2.2584869
2025-07-20 15:14:20.218395+00:00,2.2584872
2025-07-20 15:14:31.523938+00:00,2.2584872
2025-07-20 15:14:42.950647+00:00,2.2584869
2025-07-20 15:14:56.722058+00:00,2.2584876
2025-07-20 15:15:08.535186+00:00,2.2584873
2025-07-20 15:15:22.180250+00:00,2.2584868
2025-07-20 15:15:33.088845+00:00,2.2584874
2025-07-20 15:15:46.092940+00:00,2.2584871
2025-07-20 15:15:59.777242+00:00,2.2584866
2025-07-20 15:16:11.366714+00:00,2.2584872
2025-07-20 15:16:24.311446+00:00,2.2584869
2025-07-20 15:16:36.199403+00:00,2.2584871
2025-07-20 15:16:48.790299+00:00,2.2584871
2025-07-20 15:17:02.484250+00:00,2.2584873
2025-07-20 15:17:14.327538+00:00,2.2584873
2025-07-20 15:17:26.425808+00:00,2.2584871
2025-07-20 15:17:39.113224+00:00,2.2584874
2025-07-20 15:17:52.143190+00:00,2.2584871
2025-07-20 15:18:07.671022+00:00,2.2584876
2025-07-20 15:18:20.101145+00:00,2.2584875
2025-07-20 15:18:31.669662+00:00,2.2584874
2025-07-20 15:18:43.009866+00:00,2.2584877
2025-07-20 15:18:56.104678+00:00,2.258487
2025-07-20 15:19:09.191626+00:00,2.2584871
2025-07-20 15:19:20.925917+00:00,2.2584864
2025-07-20 15:19:33.957664+00:00,2.2584876
2025-07-20 15:19:46.848446+00:00,2.258487
2025-07-20 15:19:58.892850+00:00,2.2584869
2025-07-20 15:20:11.999294+00:00,2.2584871
2025-07-20 15:20:24.641461+00:00,2.2584868
2025-07-20 15:20:37.539485+00:00,2.2584869
2025-07-20 15:20:50.373332+00:00,2.2584869
2025-07-20 15:21:02.781341+00:00,2.2584874
2025-07-20 15:21:16.406535+00:00,2.2584872
2025-07-20 15:21:28.648224+00:00,2.2584871
2025-07-20 15:21:42.922307+00:00,2.2584873
2025-07-20 15:21:53.805092+00:00,2.258487
2025-07-20 15:22:06.786622+00:00,2.2584873
2025-07-20 15:22:18.711813+00:00,2.2584871
2025-07-20 15:22:31.489325+00:00,2.2584874
2025-07-20 15:22:44.586505+00:00,2.2584868
2025-07-20 15:22:57.031297+00:00,2.2584871
2025-07-20 15:23:09.427327+00:00,2.2584867
2025-07-20 15:23:21.891007+00:00,2.2584877
2025-07-20 15:23:34.455466+00:00,2.2584869
2025-07-20 15:23:48.113107+00:00,2.258487
2025-07-20 15:24:01.005275+00:00,2.2584876
2025-07-20 15:24:13.438087+00:00,2.2584876
2025-07-20 15:24:27.251578+00:00,2.2584864
2025-07-20 15:24:37.926826+00:00,2.2584872
2025-07-20 15:24:51.117388+00:00,2.2584871
2025-07-20 15:25:03.495258+00:00,2.2584869
2025-07-20 15:25:16.241783+00:00,2.258487
2025-07-20 15:25:35.770120+00:00,2.2584874
2025-07-20 15:25:41.223013+00:00,2.2584871
2025-07-20 15:25:53.267046+00:00,2.2584877
2025-07-20 15:26:09.698738+00:00,2.2584874
2025-07-20 15:26:19.930007+00:00,2.2584873
2025-07-20 15:26:32.148029+00:00,2.2584871
2025-07-20 15:26:44.649546+00:00,2.2584874
2025-07-20 15:26:56.973560+00:00,2.2584876
2025-07-20 15:27:11.614847+00:00,2.2584871
2025-07-20 15:27:22.834252+00:00,2.2584871
2025-07-20 15:27:35.711180+00:00,2.258487
2025-07-20 15:27:48.467857+00:00,2.2584868
2025-07-20 15:28:00.268914+00:00,2.2584877
2025-07-20 15:28:12.749343+00:00,2.258487
2025-07-20 15:28:25.407002+00:00,2.2584875
2025-07-20 15:28:38.148454+00:00,2.2584875
2025-07-20 15:28:51.698021+00:00,2.2584874
2025-07-20 15:29:05.478367+00:00,2.2584873
2025-07-20 15:29:18.259555+00:00,2.2584873
2025-07-20 15:29:29.112426+00:00,2.258487
2025-07-20 15:29:41.629069+00:00,2.2584869
2025-07-20 15:29:54.610266+00:00,2.2584876
2025-07-20 15:30:07.664660+00:00,2.2584873
2025-07-20 15:30:20.635463+00:00,2.2584871
2025-07-20 15:30:33.737217+00:00,2.2584867
2025-07-20 15:30:46.614217+00:00,2.258487
2025-07-20 15:30:58.808938+00:00,2.2584868
2025-07-20 15:31:11.755167+00:00,2.2584869
2025-07-20 15:31:24.531118+00:00,2.2584871
2025-07-20 15:31:38.160743+00:00,2.2584868
2025-07-20 15:31:49.943764+00:00,2.2584871
2025-07-20 15:32:02.948299+00:00,2.2584872
2025-07-20 15:32:17.514512+00:00,2.2584874
2025-07-20 15:32:28.587334+00:00,2.258487
2025-07-20 15:32:41.256957+00:00,2.2584873
2025-07-20 15:32:53.284374+00:00,2.2584873
2025-07-20 15:33:05.781988+00:00,2.2584878
2025-07-20 15:33:18.662385+00:00,2.258487
2025-07-20 15:33:31.614387+00:00,2.258487
2025-07-20 15:33:44.533957+00:00,2.2584869
2025-07-20 15:33:56.656690+00:00,2.2584869
2025-07-20 15:34:10.009948+00:00,2.2584873
2025-07-20 15:34:22.706923+00:00,2.2584875
2025-07-20 15:34:35.281123+00:00,2.2584871
2025-07-20 15:34:47.952256+00:00,2.2584871
2025-07-20 15:35:01.388710+00:00,2.2584869
2025-07-20 15:35:13.998521+00:00,2.2584875
2025-07-20 15:35:26.880192+00:00,2.2584869
2025-07-20 15:35:38.971324+00:00,2.2584868
2025-07-20 15:35:52.586233+00:00,2.2584868
2025-07-20 15:36:04.643082+00:00,2.2584867
2025-07-20 15:36:16.946563+00:00,2.2584869
2025-07-20 15:36:29.157047+00:00,2.2584869
2025-07-20 15:36:41.384315+00:00,2.258487
2025-07-20 15:36:53.955967+00:00,2.2584877
2025-07-20 15:37:07.875708+00:00,2.2584874
2025-07-20 15:37:19.645838+00:00,2.2584879
2025-07-20 15:37:32.410811+00:00,2.2584871
2025-07-20 15:37:45.556542+00:00,2.2584873
2025-07-20 15:37:57.715775+00:00,2.2584869
2025-07-20 15:38:11.378096+00:00,2.2584872
2025-07-20 15:38:23.279154+00:00,2.258487
2025-07-20 15:38:35.552552+00:00,2.258487
2025-07-20 15:38:49.086237+00:00,2.2584874
2025-07-20 15:39:00.940892+00:00,2.2584877
2025-07-20 15:39:13.621924+00:00,2.2584871
2025-07-20 15:39:26.226534+00:00,2.2584867
2025-07-20 15:39:39.077056+00:00,2.2584874
2025-07-20 15:39:52.035901+00:00,2.2584867
2025-07-20 15:40:04.327126+00:00,2.2584872
2025-07-20 15:40:17.379671+00:00,2.258487
2025-07-20 15:40:29.979557+00:00,2.2584868
2025-07-20 15:40:42.271920+00:00,2.2584874
2025-07-20 15:40:55.158364+00:00,2.2584876
2025-07-20 15:41:09.459596+00:00,2.2584874
2025-07-20 15:41:20.067092+00:00,2.2584875
2025-07-20 15:41:32.861633+00:00,2.2584871
2025-07-20 15:41:45.701293+00:00,2.2584874
2025-07-20 15:41:58.273191+00:00,2.2584876
2025-07-20 15:42:11.176045+00:00,2.2584865
2025-07-20 15:42:23.445054+00:00,2.2584872
2025-07-20 15:42:36.458296+00:00,2.2584872
2025-07-20 15:42:49.125245+00:00,2.2584876
2025-07-20 15:43:01.726231+00:00,2.2584877
2025-07-20 15:43:13.994022+00:00,2.2584873
2025-07-20 15:43:26.749742+00:00,2.2584868
2025-07-20 15:43:39.856194+00:00,2.2584871
2025-07-20 15:43:52.706066+00:00,2.2584875
2025-07-20 15:44:07.547437+00:00,2.258487
2025-07-20 15:44:18.559010+00:00,2.258487
2025-07-20 15:44:29.702456+00:00,2.258487
2025-07-20 15:44:42.690011+00:00,2.2584873
2025-07-20 15:44:57.207712+00:00,2.2584874
2025-07-20 15:45:09.473955+00:00,2.2584868
2025-07-20 15:45:21.896851+00:00,2.2584876
2025-07-20 15:45:34.371708+00:00,2.2584871
2025-07-20 15:45:47.705125+00:00,2.2584877
2025-07-20 15:46:01.338166+00:00,2.2584875
2025-07-20 15:46:13.386638+00:00,2.2584867
2025-07-20 15:46:25.770070+00:00,2.2584874
2025-07-20 15:46:38.303639+00:00,2.258487
2025-07-20 15:46:53.384388+00:00,2.2584875
2025-07-20 15:47:04.352364+00:00,2.2584872
2025-07-20 15:47:17.722577+00:00,2.2584868
2025-07-20 15:47:29.303134+00:00,2.2584869
2025-07-20 15:47:42.236770+00:00,2.2584868
2025-07-20 15:47:54.902994+00:00,2.258487
2025-07-20 15:48:07.684858+00:00,2.258487
2025-07-20 15:48:22.534806+00:00,2.258487
2025-07-20 15:48:35.389509+00:00,2.2584877
2025-07-20 15:48:45.004256+00:00,2.2584872
2025-07-20 15:48:56.858748+00:00,2.2584877
2025-07-20 15:49:10.484833+00:00,2.2584879
2025-07-20 15:49:34.134395+00:00,2.2584868
2025-07-20 15:49:46.747808+00:00,2.258487
2025-07-20 15:49:59.215813+00:00,2.2584871
2025-07-20 15:50:15.380130+00:00,2.2584875
2025-07-20 15:50:25.739883+00:00,2.2584872
2025-07-20 15:50:38.000504+00:00,2.2584868
2025-07-20 15:50:49.921836+00:00,2.2584874
2025-07-20 15:51:04.321891+00:00,2.2584874
2025-07-20 15:51:15.296580+00:00,2.2584867
2025-07-20 15:51:27.856378+00:00,2.258487
2025-07-20 15:51:40.467945+00:00,2.2584875
2025-07-20 15:51:52.614285+00:00,2.2584868
2025-07-20 15:52:05.288167+00:00,2.2584872
2025-07-20 15:52:18.501467+00:00,2.2584869
2025-07-20 15:52:32.971502+00:00,2.2584872
2025-07-20 15:52:43.135951+00:00,2.2584876
2025-07-20 15:52:57.954230+00:00,2.2584878
2025-07-20 15:53:21.163591+00:00,2.2584874
2025-07-20 15:53:35.337041+00:00,2.2584877
2025-07-20 15:53:46.403678+00:00,2.2584876
2025-07-20 15:53:58.837737+00:00,2.2584877
2025-07-20 15:54:13.665825+00:00,2.2584877
2025-07-20 15:54:24.237410+00:00,2.2584876
2025-07-20 15:54:37.333381+00:00,2.2584871
2025-07-20 15:54:49.447069+00:00,2.2584872
2025-07-20 15:55:04.231844+00:00,2.2584875
2025-07-20 15:55:14.844531+00:00,2.2584871
2025-07-20 15:55:27.284062+00:00,2.2584871
2025-07-20 15:55:43.826895+00:00,2.2584878
2025-07-20 15:55:52.544953+00:00,2.2584873
2025-07-20 15:56:05.004347+00:00,2.2584875
2025-07-20 15:56:18.342511+00:00,2.2584872
2025-07-20 15:56:30.929104+00:00,2.2584872
2025-07-20 15:56:43.093202+00:00,2.2584875
2025-07-20 15:56:56.050207+00:00,2.2584877
2025-07-20 15:57:09.639793+00:00,2.2584873
2025-07-20 15:57:21.661526+00:00,2.2584873
2025-07-20 15:57:36.055198+00:00,2.2584873
2025-07-20 15:57:48.260660+00:00,2.2584879
2025-07-20 15:58:01.095444+00:00,2.2584873
2025-07-20 15:58:26.557125+00:00,2.2584873
2025-07-20 15:58:39.479523+00:00,2.2584875
2025-07-20 15:58:51.989713+00:00,2.2584878
2025-07-20 15:59:04.819200+00:00,2.2584875
2025-07-20 15:59:18.518368+00:00,2.258487
2025-07-20 15:59:30.101794+00:00,2.2584872
2025-07-20 15:59:47.380317+00:00,2.2584869
2025-07-20 15:59:56.283066+00:00,2.2584879
2025-07-20 16:00:08.467318+00:00,2.2584877
2025-07-20 16:00:22.947212+00:00,2.2584878
2025-07-20 16:00:32.984796+00:00,2.2584869
2025-07-20 16:00:45.391535+00:00,2.2584871
2025-07-20 16:00:57.765657+00:00,2.2584875
2025-07-20 16:01:11.119056+00:00,2.2584876
2025-07-20 16:01:23.394011+00:00,2.2584877
2025-07-20 16:01:35.697505+00:00,2.2584874
2025-07-20 16:01:48.890105+00:00,2.2584876
2025-07-20 16:02:01.630219+00:00,2.2584875
2025-07-20 16:02:13.992672+00:00,2.2584873
2025-07-20 16:02:27.581991+00:00,2.2584873
2025-07-20 16:02:39.401502+00:00,2.2584871
2025-07-20 16:02:52.576391+00:00,2.2584872
2025-07-20 16:03:05.688125+00:00,2.2584872
2025-07-20 16:03:19.410400+00:00,2.2584874
2025-07-20 16:03:30.446521+00:00,2.2584874
2025-07-20 16:03:42.974854+00:00,2.2584877
2025-07-20 16:03:56.231419+00:00,2.2584878
2025-07-20 16:04:09.018760+00:00,2.2584875
2025-07-20 16:04:21.372249+00:00,2.2584877
2025-07-20 16:04:34.295993+00:00,2.2584872
2025-07-20 16:04:47.082532+00:00,2.2584874
2025-07-20 16:05:00.149067+00:00,2.2584876
2025-07-20 16:05:13.140923+00:00,2.2584873
2025-07-20 16:05:30.217188+00:00,2.2584877
2025-07-20 16:05:40.753988+00:00,2.2584875
2025-07-20 16:05:50.389165+00:00,2.2584871
2025-07-20 16:06:03.915703+00:00,2.2584875
2025-07-20 16:06:15.388988+00:00,2.2584872
2025-07-20 16:06:29.877976+00:00,2.2584872
2025-07-20 16:06:40.820743+00:00,2.2584873
2025-07-20 16:06:53.560242+00:00,2.2584876
2025-07-20 16:07:11.001654+00:00,2.2584877
2025-07-20 16:07:31.779552+00:00,2.2584877
2025-07-20 16:07:47.430388+00:00,2.2584876
2025-07-20 16:07:57.170408+00:00,2.2584874
2025-07-20 16:08:10.792813+00:00,2.2584875
2025-07-20 16:08:22.527821+00:00,2.2584876
2025-07-20 16:08:35.527745+00:00,2.2584876
2025-07-20 16:08:49.412223+00:00,2.2584874
2025-07-20 16:09:00.361014+00:00,2.2584871
2025-07-20 16:09:13.843367+00:00,2.2584874
2025-07-20 16:09:25.578636+00:00,2.2584878
2025-07-20 16:09:38.910141+00:00,2.2584872
2025-07-20 16:09:53.198751+00:00,2.2584876
2025-07-20 16:10:03.450370+00:00,2.258487
2025-07-20 16:10:16.943399+00:00,2.2584878
2025-07-20 16:10:33.185714+00:00,2.2584872
2025-07-20 16:10:41.308632+00:00,2.2584877
2025-07-20 16:10:53.731413+00:00,2.2584879
2025-07-20 16:11:06.990137+00:00,2.2584873
2025-07-20 16:11:24.624292+00:00,2.2584875
2025-07-20 16:11:32.332441+00:00,2.2584877
2025-07-20 16:11:44.346075+00:00,2.2584875
2025-07-20 16:11:56.646884+00:00,2.2584874
2025-07-20 16:12:10.741152+00:00,2.2584879
2025-07-20 16:12:23.799240+00:00,2.258487
2025-07-20 16:12:34.455106+00:00,2.2584879
2025-07-20 16:12:47.597424+00:00,2.2584877
2025-07-20 16:13:09.330821+00:00,2.2584872
2025-07-20 16:13:12.372078+00:00,2.2584875
2025-07-20 16:13:25.371850+00:00,2.2584877
2025-07-20 16:13:37.930419+00:00,2.258488
2025-07-20 16:13:51.621922+00:00,2.2584873
2025-07-20 16:14:03.333712+00:00,2.2584881
2025-07-20 16:14:16.112242+00:00,2.2584877
2025-07-20 16:14:28.211620+00:00,2.2584874
2025-07-20 16:14:40.533447+00:00,2.258487
2025-07-20 16:14:54.702459+00:00,2.2584874
2025-07-20 16:15:06.919637+00:00,2.2584876
2025-07-20 16:15:22.405582+00:00,2.2584877
2025-07-20 16:15:31.467592+00:00,2.2584868
2025-07-20 16:15:43.843531+00:00,2.258487
2025-07-20 16:15:56.360048+00:00,2.2584877
2025-07-20 16:16:09.423176+00:00,2.2584875
2025-07-20 16:16:21.850784+00:00,2.2584874
2025-07-20 16:16:35.331563+00:00,2.2584878
2025-07-20 16:16:47.890348+00:00,2.2584871
2025-07-20 16:17:00.390076+00:00,2.2584875
2025-07-20 16:17:13.764460+00:00,2.2584874
2025-07-20 16:17:26.526847+00:00,2.2584877
2025-07-20 16:17:39.818045+00:00,2.2584875
2025-07-20 16:17:51.815001+00:00,2.2584882
2025-07-20 16:18:04.921587+00:00,2.2584877
2025-07-20 16:18:18.878995+00:00,2.2584876
2025-07-20 16:18:30.734830+00:00,2.2584869
2025-07-20 16:18:44.466406+00:00,2.2584876
2025-07-20 16:18:56.142901+00:00,2.2584873
2025-07-20 16:19:08.520404+00:00,2.2584877
2025-07-20 16:19:20.681471+00:00,2.2584873
2025-07-20 16:19:33.722366+00:00,2.2584875
2025-07-20 16:19:46.499115+00:00,2.2584872
2025-07-20 16:19:58.956188+00:00,2.2584875
2025-07-20 16:20:11.780393+00:00,2.2584869
2025-07-20 16:20:25.309752+00:00,2.2584878
2025-07-20 16:20:36.643960+00:00,2.2584872
2025-07-20 16:20:48.768099+00:00,2.2584876
2025-07-20 16:21:01.221346+00:00,2.2584875
2025-07-20 16:21:13.249371+00:00,2.258488
2025-07-20 16:21:26.013311+00:00,2.2584877
2025-07-20 16:21:38.352207+00:00,2.2584875
2025-07-20 16:21:51.063238+00:00,2.2584871
2025-07-20 16:22:06.771322+00:00,2.2584877
2025-07-20 16:22:17.734925+00:00,2.2584876
2025-07-20 16:22:29.276905+00:00,2.2584871
2025-07-20 16:22:42.535225+00:00,2.2584879
2025-07-20 16:22:54.443991+00:00,2.2584872
2025-07-20 16:23:07.030657+00:00,2.2584875
2025-07-20 16:23:20.990248+00:00,2.2584878
2025-07-20 16:23:32.329341+00:00,2.2584873
2025-07-20 16:23:44.614353+00:00,2.2584875
2025-07-20 16:23:57.630428+00:00,2.2584871
2025-07-20 16:24:10.778735+00:00,2.2584877
2025-07-20 16:24:24.428144+00:00,2.2584876
2025-07-20 16:24:35.478673+00:00,2.2584874
2025-07-20 16:24:48.121079+00:00,2.2584874
2025-07-20 16:25:00.959926+00:00,2.2584871
2025-07-20 16:25:14.001835+00:00,2.2584873
2025-07-20 16:25:26.252537+00:00,2.2584873
2025-07-20 16:25:40.299442+00:00,2.2584874
2025-07-20 16:25:51.619664+00:00,2.2584871
2025-07-20 16:26:07.451026+00:00,2.2584875
2025-07-20 16:26:17.378698+00:00,2.2584876
2025-07-20 16:26:30.039271+00:00,2.2584871
2025-07-20 16:26:42.827566+00:00,2.2584878
2025-07-20 16:26:55.794104+00:00,2.2584875
2025-07-20 16:27:08.440813+00:00,2.2584875
2025-07-20 16:27:21.073275+00:00,2.2584873
2025-07-20 16:27:34.162806+00:00,2.258488
2025-07-20 16:27:47.712417+00:00,2.2584872
2025-07-20 16:28:00.923749+00:00,2.2584874
2025-07-20 16:28:12.700328+00:00,2.258488
2025-07-20 16:28:24.621334+00:00,2.2584873
2025-07-20 16:28:37.549386+00:00,2.2584871
2025-07-20 16:28:50.145112+00:00,2.2584874
2025-07-20 16:29:04.249815+00:00,2.2584877
2025-07-20 16:29:17.245868+00:00,2.2584874
2025-07-20 16:29:27.962673+00:00,2.2584877
2025-07-20 16:29:40.616445+00:00,2.2584876
2025-07-20 16:29:53.051042+00:00,2.2584878
2025-07-20 16:30:07.443666+00:00,2.2584871
2025-07-20 16:30:19.400385+00:00,2.2584878
2025-07-20 16:30:31.952487+00:00,2.2584876
2025-07-20 16:30:45.218528+00:00,2.2584875
2025-07-20 16:30:57.088759+00:00,2.2584876
2025-07-20 16:31:10.241708+00:00,2.2584875
2025-07-20 16:31:21.749793+00:00,2.2584876
2025-07-20 16:31:34.407052+00:00,2.258488
2025-07-20 16:31:48.697910+00:00,2.2584871
2025-07-20 16:32:00.520933+00:00,2.2584873
2025-07-20 16:32:13.923899+00:00,2.2584872
2025-07-20 16:32:25.948918+00:00,2.258487
2025-07-20 16:32:38.643585+00:00,2.2584878
2025-07-20 16:32:51.417763+00:00,2.2584878
2025-07-20 16:33:04.213947+00:00,2.2584873
2025-07-20 16:33:17.457157+00:00,2.2584874
2025-07-20 16:33:34.337267+00:00,2.2584871
2025-07-20 16:33:42.563734+00:00,2.2584871
2025-07-20 16:33:55.223570+00:00,2.2584877
2025-07-20 16:34:08.277172+00:00,2.2584873
2025-07-20 16:34:20.658754+00:00,2.2584879
2025-07-20 16:34:36.634268+00:00,2.2584874
2025-07-20 16:34:46.071312+00:00,2.2584875
2025-07-20 16:34:58.344849+00:00,2.2584881
2025-07-20 16:35:11.511120+00:00,2.2584874
2025-07-20 16:35:25.012844+00:00,2.2584878
2025-07-20 16:35:39.053295+00:00,2.2584878
2025-07-20 16:35:50.481397+00:00,2.2584877
2025-07-20 16:36:02.260170+00:00,2.2584873
2025-07-20 16:36:14.540027+00:00,2.2584877
2025-07-20 16:36:26.953175+00:00,2.2584878
2025-07-20 16:36:39.838188+00:00,2.2584876
2025-07-20 16:36:52.169950+00:00,2.2584872
2025-07-20 16:37:05.344252+00:00,2.258487
2025-07-20 16:37:19.633440+00:00,2.2584878
2025-07-20 16:37:30.350416+00:00,2.2584872
2025-07-20 16:37:42.575085+00:00,2.2584874
2025-07-20 16:37:55.333984+00:00,2.2584872
2025-07-20 16:38:09.090173+00:00,2.2584881
2025-07-20 16:38:20.814405+00:00,2.2584878
2025-07-20 16:38:33.472234+00:00,2.2584872
2025-07-20 16:38:45.825692+00:00,2.2584871
2025-07-20 16:38:58.670525+00:00,2.2584873
2025-07-20 16:39:11.875151+00:00,2.2584878
2025-07-20 16:39:23.586886+00:00,2.2584873
2025-07-20 16:39:36.239095+00:00,2.2584879
2025-07-20 16:39:49.043938+00:00,2.2584881
2025-07-20 16:40:01.822372+00:00,2.2584875
2025-07-20 16:40:14.871587+00:00,2.2584876
2025-07-20 16:40:27.765316+00:00,2.2584877
2025-07-20 16:40:41.098492+00:00,2.2584873
2025-07-20 16:40:52.363917+00:00,2.2584874
2025-07-20 16:41:06.657306+00:00,2.2584875
2025-07-20 16:41:20.729254+00:00,2.2584873
2025-07-20 16:41:31.527067+00:00,2.2584876
2025-07-20 16:41:43.908710+00:00,2.2584879
2025-07-20 16:41:56.690978+00:00,2.2584872
2025-07-20 16:42:09.912179+00:00,2.2584875
2025-07-20 16:42:22.533992+00:00,2.258488
2025-07-20 16:42:36.199104+00:00,2.2584879
2025-07-20 16:42:48.076129+00:00,2.2584876
2025-07-20 16:43:03.491207+00:00,2.2584878
2025-07-20 16:43:13.170192+00:00,2.2584874
2025-07-20 16:43:26.043497+00:00,2.2584873
2025-07-20 16:43:45.706190+00:00,2.2584879
2025-07-20 16:43:51.176972+00:00,2.258487
2025-07-20 16:44:04.272473+00:00,2.2584879
2025-07-20 16:44:20.475131+00:00,2.2584874
2025-07-20 16:44:28.797290+00:00,2.2584879
2025-07-20 16:44:42.500680+00:00,2.2584873
2025-07-20 16:44:54.578931+00:00,2.2584875
2025-07-20 16:45:07.827838+00:00,2.2584875
2025-07-20 16:45:23.678753+00:00,2.2584878
2025-07-20 16:45:31.281692+00:00,2.2584875
2025-07-20 16:45:43.611829+00:00,2.2584872
2025-07-20 16:45:55.813543+00:00,2.2584879
2025-07-20 16:46:08.773819+00:00,2.2584878
2025-07-20 16:46:21.415661+00:00,2.2584873
2025-07-20 16:46:35.807419+00:00,2.2584877
2025-07-20 16:46:48.443184+00:00,2.2584879
2025-07-20 16:46:58.901753+00:00,2.2584874
2025-07-20 16:47:11.849147+00:00,2.2584872
2025-07-20 16:47:23.922517+00:00,2.2584871
2025-07-20 16:47:37.724518+00:00,2.2584875
2025-07-20 16:47:52.689145+00:00,2.2584877
2025-07-20 16:48:01.474081+00:00,2.2584877
2025-07-20 16:48:13.638336+00:00,2.2584875
2025-07-20 16:48:26.101421+00:00,2.258488
2025-07-20 16:48:38.817010+00:00,2.2584874
2025-07-20 16:48:51.452368+00:00,2.2584873
2025-07-20 16:49:04.641765+00:00,2.258488
2025-07-20 16:49:20.461142+00:00,2.2584877
2025-07-20 16:49:29.103559+00:00,2.2584872
2025-07-20 16:49:40.735061+00:00,2.2584872
2025-07-20 16:49:53.772715+00:00,2.2584875
2025-07-20 16:50:06.453969+00:00,2.2584878
2025-07-20 16:50:18.946974+00:00,2.2584875
2025-07-20 16:50:32.453732+00:00,2.2584872
2025-07-20 16:50:47.245401+00:00,2.2584879
2025-07-20 16:50:57.526293+00:00,2.2584879
2025-07-20 16:51:13.367679+00:00,2.2584872
2025-07-20 16:51:22.726257+00:00,2.2584875
2025-07-20 16:51:34.742229+00:00,2.2584876
2025-07-20 16:51:47.509984+00:00,2.2584882
2025-07-20 16:52:00.623164+00:00,2.2584878
2025-07-20 16:52:16.766725+00:00,2.2584873
2025-07-20 16:52:24.814508+00:00,2.2584872
2025-07-20 16:52:37.595138+00:00,2.2584875
2025-07-20 16:52:49.807596+00:00,2.2584879
2025-07-20 16:53:03.466910+00:00,2.2584877
2025-07-20 16:53:16.451470+00:00,2.258488
2025-07-20 16:53:27.946102+00:00,2.2584874
2025-07-20 16:53:39.984233+00:00,2.2584875
2025-07-20 16:53:53.038271+00:00,2.2584878
2025-07-20 16:54:07.061864+00:00,2.258488
2025-07-20 16:54:18.829196+00:00,2.2584878
2025-07-20 16:54:30.956324+00:00,2.2584873
2025-07-20 16:54:45.477968+00:00,2.2584873
2025-07-20 16:54:58.200798+00:00,2.2584876
2025-07-20 16:55:10.045352+00:00,2.2584874
2025-07-20 16:55:23.148006+00:00,2.258487
2025-07-20 16:55:37.220474+00:00,2.2584875
2025-07-20 16:55:48.435780+00:00,2.2584881
2025-07-20 16:56:00.709322+00:00,2.2584881
2025-07-20 16:56:14.094701+00:00,2.2584877
2025-07-20 16:56:26.559081+00:00,2.2584878
2025-07-20 16:56:39.175262+00:00,2.2584877
2025-07-20 16:56:51.225936+00:00,2.2584874
2025-07-20 16:57:04.293831+00:00,2.2584876
2025-07-20 16:57:16.802321+00:00,2.2584879
2025-07-20 16:57:28.768595+00:00,2.2584875
2025-07-20 16:57:41.234595+00:00,2.258488
2025-07-20 16:57:54.738682+00:00,2.2584881
2025-07-20 16:58:06.375762+00:00,2.2584869
2025-07-20 16:58:20.813934+00:00,2.2584883
2025-07-20 16:58:31.197353+00:00,2.2584882
2025-07-20 16:58:43.336588+00:00,2.2584877
2025-07-20 16:58:56.149947+00:00,2.2584871
2025-07-20 16:59:08.736411+00:00,2.2584879
2025-07-20 16:59:21.211584+00:00,2.2584879
2025-07-20 16:59:34.898897+00:00,2.258488
2025-07-20 16:59:46.688918+00:00,2.2584878
2025-07-20 17:00:00.228778+00:00,2.2584878
2025-07-20 17:00:11.439441+00:00,2.2584876
2025-07-20 17:00:24.263032+00:00,2.2584874
2025-07-20 17:00:38.275869+00:00,2.2584875
2025-07-20 17:00:49.618933+00:00,2.2584876
2025-07-20 17:01:01.961678+00:00,2.2584881
2025-07-20 17:01:14.299350+00:00,2.2584877
2025-07-20 17:01:26.837238+00:00,2.2584878
2025-07-20 17:01:40.354766+00:00,2.2584873
2025-07-20 17:01:52.062871+00:00,2.2584874
2025-07-20 17:02:05.077414+00:00,2.2584874
2025-07-20 17:02:30.387328+00:00,2.258488
2025-07-20 17:02:43.519540+00:00,2.2584876
2025-07-20 17:02:55.388033+00:00,2.2584878
2025-07-20 17:03:07.884355+00:00,2.2584882
2025-07-20 17:03:22.628370+00:00,2.2584878
2025-07-20 17:03:33.452631+00:00,2.2584876
2025-07-20 17:03:46.708791+00:00,2.2584873
2025-07-20 17:03:58.560940+00:00,2.2584878
2025-07-20 17:04:11.793825+00:00,2.2584874
2025-07-20 17:04:24.606144+00:00,2.2584882
2025-07-20 17:04:41.528227+00:00,2.2584875
2025-07-20 17:04:50.271364+00:00,2.2584874
2025-07-20 17:05:03.930008+00:00,2.258488
2025-07-20 17:05:16.256918+00:00,2.2584875
2025-07-20 17:05:38.041710+00:00,2.2584875
2025-07-20 17:05:41.256872+00:00,2.2584877
2025-07-20 17:05:56.801448+00:00,2.2584875
2025-07-20 17:06:07.258110+00:00,2.2584874
2025-07-20 17:06:19.128363+00:00,2.2584879
2025-07-20 17:06:32.367083+00:00,2.2584873
2025-07-20 17:06:45.745803+00:00,2.2584872
2025-07-20 17:06:57.849894+00:00,2.2584874
2025-07-20 17:07:11.115396+00:00,2.2584877
2025-07-20 17:07:24.031878+00:00,2.2584877
2025-07-20 17:07:36.670818+00:00,2.2584874
2025-07-20 17:07:48.565308+00:00,2.2584875
2025-07-20 17:08:04.352234+00:00,2.2584874
2025-07-20 17:08:13.473888+00:00,2.2584883
2025-07-20 17:08:25.532227+00:00,2.258488
2025-07-20 17:08:38.185210+00:00,2.2584881
2025-07-20 17:08:50.881465+00:00,2.2584877
2025-07-20 17:09:03.456088+00:00,2.2584874
2025-07-20 17:09:16.843541+00:00,2.2584883
2025-07-20 17:09:28.774996+00:00,2.2584881
2025-07-20 17:09:41.429148+00:00,2.2584874
2025-07-20 17:09:53.863079+00:00,2.2584881
2025-07-20 17:10:07.732897+00:00,2.2584882
2025-07-20 17:10:19.522918+00:00,2.2584879
2025-07-20 17:10:33.272685+00:00,2.258488
2025-07-20 17:10:45.236003+00:00,2.2584878
2025-07-20 17:10:57.018165+00:00,2.2584872
2025-07-20 17:11:11.123713+00:00,2.2584882
2025-07-20 17:11:23.054198+00:00,2.2584878
2025-07-20 17:11:35.309818+00:00,2.2584882
2025-07-20 17:11:48.325261+00:00,2.258488
2025-07-20 17:12:00.236951+00:00,2.258488
2025-07-20 17:12:12.733356+00:00,2.258487
2025-07-20 17:12:25.368032+00:00,2.2584879
2025-07-20 17:12:37.877888+00:00,2.2584883
2025-07-20 17:12:51.467001+00:00,2.2584874
2025-07-20 17:13:03.711027+00:00,2.2584871
2025-07-20 17:13:17.750854+00:00,2.2584873
2025-07-20 17:13:29.797560+00:00,2.2584876
2025-07-20 17:13:41.342679+00:00,2.2584872
2025-07-20 17:13:54.625362+00:00,2.2584882
2025-07-20 17:14:07.476052+00:00,2.2584881
2025-07-20 17:14:21.618205+00:00,2.2584877
2025-07-20 17:14:33.550852+00:00,2.2584871
2025-07-20 17:14:46.316513+00:00,2.2584876
2025-07-20 17:14:59.423058+00:00,2.2584879
2025-07-20 17:15:12.482535+00:00,2.2584875
2025-07-20 17:15:24.712780+00:00,2.2584875
2025-07-20 17:15:37.158692+00:00,2.2584878
2025-07-20 17:15:49.629114+00:00,2.2584879
2025-07-20 17:16:02.474406+00:00,2.2584882
2025-07-20 17:16:15.315099+00:00,2.2584878
2025-07-20 17:16:27.590854+00:00,2.2584876
2025-07-20 17:16:40.608535+00:00,2.2584877
2025-07-20 17:16:53.256437+00:00,2.2584874
2025-07-20 17:17:07.724030+00:00,2.2584874
2025-07-20 17:17:18.356093+00:00,2.2584881
2025-07-20 17:17:31.013456+00:00,2.2584879
2025-07-20 17:17:43.121628+00:00,2.258488
2025-07-20 17:17:55.217382+00:00,2.2584875
2025-07-20 17:18:08.192061+00:00,2.2584878
2025-07-20 17:18:21.327847+00:00,2.2584874
2025-07-20 17:18:33.716396+00:00,2.2584876
2025-07-20 17:18:46.527964+00:00,2.2584875
2025-07-20 17:19:09.169403+00:00,2.2584878
2025-07-20 17:19:11.743401+00:00,2.2584873
2025-07-20 17:19:23.743062+00:00,2.2584872
2025-07-20 17:19:37.458930+00:00,2.2584877
2025-07-20 17:19:49.242728+00:00,2.2584878
2025-07-20 17:20:02.151968+00:00,2.2584876
2025-07-20 17:20:18.205520+00:00,2.2584877
2025-07-20 17:20:28.900496+00:00,2.258488
2025-07-20 17:20:39.750952+00:00,2.2584879
2025-07-20 17:20:51.808294+00:00,2.2584881
2025-07-20 17:21:18.429913+00:00,2.2584878
2025-07-20 17:21:29.472245+00:00,2.2584874
2025-07-20 17:21:42.330795+00:00,2.2584875
2025-07-20 17:21:54.612396+00:00,2.258488
2025-07-20 17:22:07.372279+00:00,2.2584878
2025-07-20 17:22:20.328194+00:00,2.2584876
2025-07-20 17:22:33.780750+00:00,2.2584877
2025-07-20 17:22:45.369980+00:00,2.2584879
2025-07-20 17:22:58.375513+00:00,2.2584874
2025-07-20 17:23:23.294329+00:00,2.2584881
2025-07-20 17:23:35.673666+00:00,2.2584879
2025-07-20 17:23:48.581819+00:00,2.2584877
2025-07-20 17:24:03.920447+00:00,2.2584875
2025-07-20 17:24:13.917819+00:00,2.258488
2025-07-20 17:24:26.088197+00:00,2.2584871
2025-07-20 17:24:38.676650+00:00,2.2584879
2025-07-20 17:24:52.480825+00:00,2.2584869
2025-07-20 17:25:03.649196+00:00,2.2584883
2025-07-20 17:25:19.792786+00:00,2.2584879
2025-07-20 17:25:29.542105+00:00,2.2584879
2025-07-20 17:25:41.072739+00:00,2.2584875
2025-07-20 17:25:53.694896+00:00,2.2584876
2025-07-20 17:26:07.480182+00:00,2.2584873
2025-07-20 17:26:19.129303+00:00,2.2584882
2025-07-20 17:26:32.636636+00:00,2.2584869
2025-07-20 17:26:44.200701+00:00,2.2584878
2025-07-20 17:26:57.640875+00:00,2.2584875
2025-07-20 17:27:09.633030+00:00,2.2584882
2025-07-20 17:27:21.625165+00:00,2.2584874
2025-07-20 17:27:34.134338+00:00,2.2584872
2025-07-20 17:27:47.523243+00:00,2.2584873
2025-07-20 17:28:00.078190+00:00,2.2584878
2025-07-20 17:28:12.679777+00:00,2.2584879
2025-07-20 17:28:24.868263+00:00,2.2584873
2025-07-20 17:28:40.743328+00:00,2.2584876
2025-07-20 17:28:49.588105+00:00,2.2584878
2025-07-20 17:29:04.962552+00:00,2.2584866
2025-07-20 17:29:15.087247+00:00,2.2584876
2025-07-20 17:29:27.597358+00:00,2.2584876
2025-07-20 17:29:40.766438+00:00,2.258488
2025-07-20 17:29:53.510042+00:00,2.2584877
2025-07-20 17:30:06.888685+00:00,2.2584876
2025-07-20 17:30:19.628290+00:00,2.2584867
2025-07-20 17:30:32.935039+00:00,2.258487
2025-07-20 17:30:46.027715+00:00,2.2584867
2025-07-20 17:30:58.110377+00:00,2.2584876
2025-07-20 17:31:11.069014+00:00,2.2584883
2025-07-20 17:31:53.168214+00:00,2.2584875
2025-07-20 17:32:02.140764+00:00,2.2584878
2025-07-20 17:32:19.992103+00:00,2.2584873
2025-07-20 17:32:52.659808+00:00,2.2584883
2025-07-20 17:33:17.886743+00:00,2.2584876
2025-07-20 17:34:09.203395+00:00,2.2584875
2025-07-20 17:35:12.863065+00:00,2.2584876
2025-07-20 17:35:22.357799+00:00,2.2584876
2025-07-20 17:35:34.909022+00:00,2.2584884
2025-07-20 17:35:59.351429+00:00,2.258488
2025-07-20 17:36:36.982135+00:00,2.2584874
2025-07-20 17:37:15.025491+00:00,2.2584871
2025-07-20 17:37:27.556371+00:00,2.258488
2025-07-20 17:37:41.006809+00:00,2.2584876
2025-07-20 17:38:18.762798+00:00,2.2584875
2025-07-20 17:39:47.339878+00:00,2.2584882
2025-07-20 17:43:45.932048+00:00,2.2584882
2025-07-20 17:45:02.637909+00:00,2.2584879
