time,counts_ratio
2025-07-15 00:00:22.032757+00:00,2.258488
2025-07-15 00:00:23.307653+00:00,2.2584877
2025-07-15 00:00:36.460940+00:00,2.2584877
2025-07-15 00:00:48.631352+00:00,2.2584875
2025-07-15 00:01:01.397054+00:00,2.2584874
2025-07-15 00:01:13.778069+00:00,2.2584875
2025-07-15 00:01:28.177725+00:00,2.258488
2025-07-15 00:01:39.301858+00:00,2.2584877
2025-07-15 00:01:56.735797+00:00,2.2584873
2025-07-15 00:02:05.106992+00:00,2.2584873
2025-07-15 00:02:17.694920+00:00,2.2584879
2025-07-15 00:02:30.342541+00:00,2.2584874
2025-07-15 00:02:44.462262+00:00,2.258488
2025-07-15 00:02:55.482684+00:00,2.2584877
2025-07-15 00:03:08.663754+00:00,2.258487
2025-07-15 00:03:21.000388+00:00,2.2584876
2025-07-15 00:03:32.919504+00:00,2.2584882
2025-07-15 00:03:45.066502+00:00,2.2584878
2025-07-15 00:03:57.707336+00:00,2.2584874
2025-07-15 00:04:10.644034+00:00,2.2584875
2025-07-15 00:04:23.797473+00:00,2.2584881
2025-07-15 00:04:35.425784+00:00,2.2584878
2025-07-15 00:04:49.580971+00:00,2.2584872
2025-07-15 00:05:00.784003+00:00,2.2584877
2025-07-15 00:05:14.996806+00:00,2.2584875
2025-07-15 00:05:25.224355+00:00,2.2584879
2025-07-15 00:05:38.142034+00:00,2.258487
2025-07-15 00:06:02.410770+00:00,2.2584877
2025-07-15 00:06:16.567295+00:00,2.2584877
2025-07-15 00:06:26.788531+00:00,2.2584876
2025-07-15 00:06:39.024139+00:00,2.2584874
2025-07-15 00:06:51.606442+00:00,2.2584871
2025-07-15 00:07:04.435929+00:00,2.2584877
2025-07-15 00:07:21.309325+00:00,2.258488
2025-07-15 00:07:28.887663+00:00,2.2584882
2025-07-15 00:07:41.621471+00:00,2.2584881
2025-07-15 00:07:54.322257+00:00,2.2584875
2025-07-15 00:08:07.828310+00:00,2.2584875
2025-07-15 00:08:20.174110+00:00,2.2584871
2025-07-15 00:08:33.322553+00:00,2.2584876
2025-07-15 00:08:43.620124+00:00,2.258488
2025-07-15 00:08:56.135057+00:00,2.258488
2025-07-15 00:09:09.141735+00:00,2.2584881
2025-07-15 00:09:26.155595+00:00,2.2584869
2025-07-15 00:09:34.381816+00:00,2.2584881
2025-07-15 00:09:46.686757+00:00,2.2584878
2025-07-15 00:09:59.544043+00:00,2.2584872
2025-07-15 00:10:11.580594+00:00,2.2584879
2025-07-15 00:10:25.969871+00:00,2.2584877
2025-07-15 00:10:36.803032+00:00,2.2584874
2025-07-15 00:10:49.943414+00:00,2.2584881
2025-07-15 00:11:02.088562+00:00,2.258488
2025-07-15 00:11:15.001356+00:00,2.2584882
2025-07-15 00:11:27.023398+00:00,2.2584879
2025-07-15 00:11:40.538567+00:00,2.2584874
2025-07-15 00:11:54.311820+00:00,2.2584877
2025-07-15 00:12:05.959337+00:00,2.2584875
2025-07-15 00:12:17.986255+00:00,2.2584876
2025-07-15 00:12:31.203823+00:00,2.2584872
2025-07-15 00:12:43.240783+00:00,2.2584878
2025-07-15 00:12:55.793778+00:00,2.2584874
2025-07-15 00:13:08.515839+00:00,2.2584871
2025-07-15 00:13:20.857106+00:00,2.2584877
2025-07-15 00:13:34.865203+00:00,2.2584883
2025-07-15 00:13:46.889329+00:00,2.2584881
2025-07-15 00:13:58.487708+00:00,2.2584878
2025-07-15 00:14:11.492343+00:00,2.2584874
2025-07-15 00:14:23.494368+00:00,2.2584883
2025-07-15 00:14:36.181691+00:00,2.2584878
2025-07-15 00:14:48.813407+00:00,2.2584873
2025-07-15 00:15:02.536930+00:00,2.2584879
2025-07-15 00:15:13.454725+00:00,2.258488
2025-07-15 00:15:26.640907+00:00,2.2584883
2025-07-15 00:15:38.226694+00:00,2.2584876
2025-07-15 00:15:50.260438+00:00,2.2584875
2025-07-15 00:16:02.860415+00:00,2.2584876
2025-07-15 00:16:14.970005+00:00,2.2584873
2025-07-15 00:16:28.145929+00:00,2.2584875
2025-07-15 00:16:39.973986+00:00,2.2584874
2025-07-15 00:16:52.500259+00:00,2.2584876
2025-07-15 00:17:11.724704+00:00,2.258488
2025-07-15 00:17:17.704156+00:00,2.2584876
2025-07-15 00:17:30.056291+00:00,2.258487
2025-07-15 00:17:42.881285+00:00,2.2584876
2025-07-15 00:17:55.109652+00:00,2.2584871
2025-07-15 00:18:08.481470+00:00,2.2584878
2025-07-15 00:18:20.557920+00:00,2.2584881
2025-07-15 00:18:33.056843+00:00,2.258488
2025-07-15 00:18:45.823910+00:00,2.2584876
2025-07-15 00:18:57.718468+00:00,2.2584881
2025-07-15 00:19:22.916734+00:00,2.2584877
2025-07-15 00:19:35.787595+00:00,2.2584883
2025-07-15 00:19:49.881083+00:00,2.258488
2025-07-15 00:20:04.766994+00:00,2.2584872
2025-07-15 00:20:13.457005+00:00,2.2584875
2025-07-15 00:20:25.000201+00:00,2.2584877
2025-07-15 00:20:37.941927+00:00,2.2584873
2025-07-15 00:20:51.993645+00:00,2.2584877
2025-07-15 00:21:03.146389+00:00,2.2584882
2025-07-15 00:21:16.615041+00:00,2.2584874
2025-07-15 00:21:28.729989+00:00,2.2584869
2025-07-15 00:21:40.944215+00:00,2.2584874
2025-07-15 00:21:54.051524+00:00,2.258488
2025-07-15 00:22:07.042458+00:00,2.2584881
2025-07-15 00:22:20.049411+00:00,2.2584879
2025-07-15 00:22:43.834491+00:00,2.2584874
2025-07-15 00:22:59.926183+00:00,2.2584873
2025-07-15 00:23:09.725401+00:00,2.2584873
2025-07-15 00:23:22.636267+00:00,2.2584874
2025-07-15 00:23:34.532994+00:00,2.2584873
2025-07-15 00:23:47.012897+00:00,2.2584883
2025-07-15 00:23:59.360692+00:00,2.2584873
2025-07-15 00:24:12.105631+00:00,2.2584881
2025-07-15 00:24:25.325546+00:00,2.2584879
2025-07-15 00:24:36.619748+00:00,2.2584879
2025-07-15 00:24:49.118014+00:00,2.2584877
2025-07-15 00:25:05.414777+00:00,2.2584876
2025-07-15 00:25:13.676163+00:00,2.2584881
2025-07-15 00:25:26.543717+00:00,2.258488
2025-07-15 00:25:38.712848+00:00,2.2584876
2025-07-15 00:25:51.509702+00:00,2.2584875
2025-07-15 00:26:03.282696+00:00,2.2584876
2025-07-15 00:26:16.237441+00:00,2.2584873
2025-07-15 00:26:28.978346+00:00,2.2584875
2025-07-15 00:26:41.176344+00:00,2.2584879
2025-07-15 00:26:53.630519+00:00,2.2584879
2025-07-15 00:27:07.176213+00:00,2.2584871
2025-07-15 00:27:19.241967+00:00,2.2584874
2025-07-15 00:27:31.803747+00:00,2.2584878
2025-07-15 00:27:43.867560+00:00,2.2584883
2025-07-15 00:27:57.205208+00:00,2.2584879
2025-07-15 00:28:11.206105+00:00,2.2584877
2025-07-15 00:28:22.287993+00:00,2.258488
2025-07-15 00:28:35.120536+00:00,2.2584878
2025-07-15 00:28:46.715651+00:00,2.2584876
2025-07-15 00:28:58.820408+00:00,2.258488
2025-07-15 00:29:11.452130+00:00,2.2584879
2025-07-15 00:29:23.570103+00:00,2.2584876
2025-07-15 00:29:36.255797+00:00,2.2584882
2025-07-15 00:29:49.225079+00:00,2.2584879
2025-07-15 00:30:00.736000+00:00,2.2584879
2025-07-15 00:30:13.671841+00:00,2.2584874
2025-07-15 00:30:26.357844+00:00,2.2584875
2025-07-15 00:30:38.896421+00:00,2.2584876
2025-07-15 00:30:53.839725+00:00,2.258488
2025-07-15 00:31:05.586991+00:00,2.2584879
2025-07-15 00:31:16.319544+00:00,2.2584881
2025-07-15 00:31:29.016945+00:00,2.2584874
2025-07-15 00:31:43.117226+00:00,2.2584872
2025-07-15 00:31:57.026874+00:00,2.2584877
2025-07-15 00:32:07.527980+00:00,2.2584878
2025-07-15 00:32:19.782239+00:00,2.258488
2025-07-15 00:32:32.927949+00:00,2.2584878
2025-07-15 00:32:45.444793+00:00,2.2584875
2025-07-15 00:32:57.683427+00:00,2.2584876
2025-07-15 00:33:10.992642+00:00,2.258488
2025-07-15 00:33:23.198840+00:00,2.2584875
2025-07-15 00:33:36.782923+00:00,2.2584877
2025-07-15 00:33:50.853475+00:00,2.2584875
2025-07-15 00:34:00.906923+00:00,2.2584878
2025-07-15 00:34:13.748143+00:00,2.2584883
2025-07-15 00:34:25.579849+00:00,2.2584878
2025-07-15 00:34:37.964299+00:00,2.2584874
2025-07-15 00:34:53.513772+00:00,2.2584879
2025-07-15 00:35:02.597081+00:00,2.2584879
2025-07-15 00:35:15.163583+00:00,2.2584874
2025-07-15 00:35:31.786355+00:00,2.2584879
2025-07-15 00:35:40.142205+00:00,2.2584878
2025-07-15 00:35:52.056584+00:00,2.2584875
2025-07-15 00:36:08.304839+00:00,2.2584876
2025-07-15 00:36:18.036714+00:00,2.2584879
2025-07-15 00:36:29.684801+00:00,2.2584879
2025-07-15 00:36:42.259895+00:00,2.2584881
2025-07-15 00:36:55.398064+00:00,2.2584874
2025-07-15 00:37:08.146335+00:00,2.2584879
2025-07-15 00:37:20.225753+00:00,2.258488
2025-07-15 00:37:32.838083+00:00,2.2584883
2025-07-15 00:37:46.726614+00:00,2.2584882
2025-07-15 00:37:59.354215+00:00,2.2584875
2025-07-15 00:38:12.683448+00:00,2.2584876
2025-07-15 00:38:23.394082+00:00,2.2584875
2025-07-15 00:38:35.502194+00:00,2.2584873
2025-07-15 00:38:48.740651+00:00,2.2584875
2025-07-15 00:39:04.895302+00:00,2.2584874
2025-07-15 00:39:13.353441+00:00,2.2584882
2025-07-15 00:39:25.793669+00:00,2.2584877
2025-07-15 00:39:38.620482+00:00,2.2584873
2025-07-15 00:39:51.629356+00:00,2.2584875
2025-07-15 00:40:05.236952+00:00,2.258488
2025-07-15 00:40:17.408357+00:00,2.2584878
2025-07-15 00:40:31.266302+00:00,2.2584879
2025-07-15 00:40:42.952874+00:00,2.2584879
2025-07-15 00:40:55.173229+00:00,2.2584873
2025-07-15 00:41:09.606022+00:00,2.258488
2025-07-15 00:41:23.887808+00:00,2.2584869
2025-07-15 00:41:33.515679+00:00,2.258488
2025-07-15 00:41:45.703666+00:00,2.258488
2025-07-15 00:41:58.232622+00:00,2.2584882
2025-07-15 00:42:13.436802+00:00,2.2584877
2025-07-15 00:42:23.196175+00:00,2.2584867
2025-07-15 00:42:36.538965+00:00,2.2584879
2025-07-15 00:42:48.394560+00:00,2.2584875
2025-07-15 00:43:01.295748+00:00,2.2584883
2025-07-15 00:43:18.719586+00:00,2.2584881
2025-07-15 00:43:25.810896+00:00,2.2584874
2025-07-15 00:43:37.980109+00:00,2.258488
2025-07-15 00:43:50.403983+00:00,2.2584873
2025-07-15 00:44:03.279816+00:00,2.2584881
2025-07-15 00:44:14.825027+00:00,2.2584872
2025-07-15 00:44:27.026809+00:00,2.2584874
2025-07-15 00:44:39.825895+00:00,2.2584878
2025-07-15 00:44:52.129426+00:00,2.2584872
2025-07-15 00:45:05.999171+00:00,2.2584875
2025-07-15 00:45:17.085986+00:00,2.2584882
2025-07-15 00:45:30.270458+00:00,2.2584881
2025-07-15 00:45:43.139664+00:00,2.2584871
2025-07-15 00:45:53.726649+00:00,2.2584879
2025-07-15 00:46:07.023692+00:00,2.2584884
2025-07-15 00:46:19.660263+00:00,2.2584877
2025-07-15 00:46:31.040494+00:00,2.2584883
2025-07-15 00:46:43.083265+00:00,2.2584882
2025-07-15 00:46:55.756447+00:00,2.2584873
2025-07-15 00:47:08.697381+00:00,2.2584875
2025-07-15 00:47:21.101177+00:00,2.258488
2025-07-15 00:47:33.721835+00:00,2.2584873
2025-07-15 00:47:46.221085+00:00,2.2584879
2025-07-15 00:48:01.302860+00:00,2.2584879
2025-07-15 00:48:11.326951+00:00,2.2584876
2025-07-15 00:48:23.470449+00:00,2.2584873
2025-07-15 00:48:38.016887+00:00,2.2584875
2025-07-15 00:48:48.811251+00:00,2.2584873
2025-07-15 00:49:02.019721+00:00,2.2584884
2025-07-15 00:49:14.008122+00:00,2.258488
2025-07-15 00:49:25.718373+00:00,2.2584881
2025-07-15 00:49:38.330409+00:00,2.2584884
2025-07-15 00:49:50.831164+00:00,2.2584876
2025-07-15 00:50:03.751304+00:00,2.2584876
2025-07-15 00:50:16.084840+00:00,2.2584875
2025-07-15 00:50:28.860357+00:00,2.2584875
2025-07-15 00:50:41.949860+00:00,2.2584872
2025-07-15 00:50:57.077722+00:00,2.2584879
2025-07-15 00:51:07.206844+00:00,2.2584877
2025-07-15 00:51:19.855393+00:00,2.2584873
2025-07-15 00:51:35.501197+00:00,2.258488
2025-07-15 00:51:45.671211+00:00,2.2584879
2025-07-15 00:52:07.232444+00:00,2.2584872
2025-07-15 00:52:10.605993+00:00,2.258488
2025-07-15 00:52:23.566336+00:00,2.2584874
2025-07-15 00:52:37.080832+00:00,2.2584872
2025-07-15 00:52:48.406347+00:00,2.2584879
2025-07-15 00:53:00.994236+00:00,2.2584873
2025-07-15 00:53:13.586062+00:00,2.2584876
2025-07-15 00:53:25.674124+00:00,2.2584874
2025-07-15 00:53:40.055227+00:00,2.258488
2025-07-15 00:53:55.062629+00:00,2.2584879
2025-07-15 00:54:06.448775+00:00,2.2584878
2025-07-15 00:54:15.901914+00:00,2.2584873
2025-07-15 00:54:28.200883+00:00,2.2584875
2025-07-15 00:54:40.501655+00:00,2.2584877
2025-07-15 00:54:52.920294+00:00,2.2584878
2025-07-15 00:55:05.281702+00:00,2.2584874
2025-07-15 00:55:17.827305+00:00,2.2584881
2025-07-15 00:55:30.320415+00:00,2.2584875
2025-07-15 00:55:43.267907+00:00,2.2584876
2025-07-15 00:55:57.262531+00:00,2.258488
2025-07-15 00:56:08.101373+00:00,2.2584877
2025-07-15 00:56:20.158216+00:00,2.2584884
2025-07-15 00:56:35.180787+00:00,2.2584874
2025-07-15 00:56:57.670048+00:00,2.2584883
2025-07-15 00:57:10.731027+00:00,2.2584881
2025-07-15 00:57:22.969020+00:00,2.2584874
2025-07-15 00:57:37.823487+00:00,2.2584879
2025-07-15 00:57:49.662486+00:00,2.2584876
2025-07-15 00:58:00.872438+00:00,2.2584878
2025-07-15 00:58:13.955290+00:00,2.258488
2025-07-15 00:58:26.240679+00:00,2.2584876
2025-07-15 00:58:38.779142+00:00,2.258487
2025-07-15 00:58:51.578108+00:00,2.258488
2025-07-15 00:59:04.036913+00:00,2.2584875
2025-07-15 00:59:16.020099+00:00,2.2584873
2025-07-15 00:59:28.247127+00:00,2.2584879
2025-07-15 00:59:40.525778+00:00,2.2584877
2025-07-15 00:59:52.859220+00:00,2.2584879
2025-07-15 01:00:05.986566+00:00,2.2584878
2025-07-15 01:00:18.425967+00:00,2.2584875
2025-07-15 01:00:30.635889+00:00,2.2584881
2025-07-15 01:00:43.706726+00:00,2.258488
2025-07-15 01:00:55.076138+00:00,2.2584882
2025-07-15 01:01:11.376405+00:00,2.2584882
2025-07-15 01:01:19.833660+00:00,2.2584878
2025-07-15 01:01:33.416069+00:00,2.2584871
2025-07-15 01:01:45.617068+00:00,2.2584884
2025-07-15 01:01:57.609668+00:00,2.258488
2025-07-15 01:02:10.520704+00:00,2.258488
2025-07-15 01:02:22.657360+00:00,2.2584876
2025-07-15 01:02:36.006020+00:00,2.2584878
2025-07-15 01:02:49.868885+00:00,2.2584877
2025-07-15 01:03:02.488319+00:00,2.2584874
2025-07-15 01:03:13.764446+00:00,2.2584881
2025-07-15 01:03:26.099353+00:00,2.2584881
2025-07-15 01:03:41.539420+00:00,2.2584875
2025-07-15 01:03:51.462894+00:00,2.2584876
2025-07-15 01:04:04.580074+00:00,2.2584876
2025-07-15 01:04:16.839167+00:00,2.2584877
2025-07-15 01:04:29.313388+00:00,2.2584879
2025-07-15 01:04:42.516062+00:00,2.2584879
2025-07-15 01:04:54.302352+00:00,2.2584878
2025-07-15 01:05:07.681679+00:00,2.2584878
2025-07-15 01:05:19.850170+00:00,2.2584878
2025-07-15 01:05:32.361858+00:00,2.2584873
2025-07-15 01:05:45.071128+00:00,2.2584881
2025-07-15 01:05:56.892438+00:00,2.2584876
2025-07-15 01:06:08.925527+00:00,2.2584871
2025-07-15 01:06:20.870518+00:00,2.2584878
2025-07-15 01:06:34.372496+00:00,2.2584872
2025-07-15 01:06:46.860089+00:00,2.2584873
2025-07-15 01:06:58.436860+00:00,2.2584882
2025-07-15 01:07:24.385865+00:00,2.2584878
2025-07-15 01:07:35.651390+00:00,2.2584879
2025-07-15 01:07:48.141038+00:00,2.2584874
2025-07-15 01:08:05.281659+00:00,2.2584876
2025-07-15 01:08:13.564383+00:00,2.2584884
2025-07-15 01:08:25.402285+00:00,2.2584875
2025-07-15 01:08:38.935565+00:00,2.2584879
2025-07-15 01:08:50.880780+00:00,2.2584872
2025-07-15 01:09:03.429335+00:00,2.2584874
2025-07-15 01:09:16.242990+00:00,2.2584883
2025-07-15 01:09:28.174201+00:00,2.2584883
2025-07-15 01:09:40.851955+00:00,2.258488
2025-07-15 01:09:54.825852+00:00,2.2584878
2025-07-15 01:10:05.686317+00:00,2.2584876
2025-07-15 01:10:19.898313+00:00,2.2584881
2025-07-15 01:10:30.754232+00:00,2.2584882
2025-07-15 01:10:43.302213+00:00,2.2584877
2025-07-15 01:10:56.337027+00:00,2.2584883
2025-07-15 01:11:08.760471+00:00,2.2584877
2025-07-15 01:11:21.552546+00:00,2.2584876
2025-07-15 01:11:34.674717+00:00,2.2584877
2025-07-15 01:11:45.838329+00:00,2.2584868
2025-07-15 01:11:57.737464+00:00,2.2584874
2025-07-15 01:12:11.203755+00:00,2.2584877
2025-07-15 01:12:25.566252+00:00,2.2584879
2025-07-15 01:12:36.204231+00:00,2.258488
2025-07-15 01:12:49.387382+00:00,2.2584872
2025-07-15 01:13:02.547829+00:00,2.2584881
2025-07-15 01:13:14.411400+00:00,2.2584876
2025-07-15 01:13:27.091247+00:00,2.258488
2025-07-15 01:13:39.818255+00:00,2.2584881
2025-07-15 01:13:52.394172+00:00,2.2584881
2025-07-15 01:14:10.164701+00:00,2.2584879
2025-07-15 01:14:21.134627+00:00,2.258488
2025-07-15 01:14:30.091784+00:00,2.2584873
2025-07-15 01:14:42.468212+00:00,2.2584878
2025-07-15 01:14:55.198980+00:00,2.2584872
2025-07-15 01:15:08.142048+00:00,2.2584877
2025-07-15 01:15:21.920359+00:00,2.2584882
2025-07-15 01:15:32.890790+00:00,2.2584882
2025-07-15 01:15:45.392047+00:00,2.2584881
2025-07-15 01:15:57.513087+00:00,2.2584872
2025-07-15 01:16:10.263728+00:00,2.2584869
2025-07-15 01:16:21.809077+00:00,2.2584876
2025-07-15 01:16:34.943432+00:00,2.2584874
2025-07-15 01:16:47.112933+00:00,2.2584879
2025-07-15 01:16:59.257348+00:00,2.2584881
2025-07-15 01:17:12.152004+00:00,2.2584881
2025-07-15 01:17:24.360414+00:00,2.2584878
2025-07-15 01:17:36.877754+00:00,2.2584881
2025-07-15 01:17:49.696857+00:00,2.2584879
2025-07-15 01:18:02.333024+00:00,2.2584875
2025-07-15 01:18:14.857558+00:00,2.2584876
2025-07-15 01:18:27.097383+00:00,2.2584881
2025-07-15 01:18:39.846896+00:00,2.2584877
2025-07-15 01:18:52.422876+00:00,2.2584878
2025-07-15 01:19:11.065048+00:00,2.258488
2025-07-15 01:19:18.495041+00:00,2.2584872
2025-07-15 01:19:30.417020+00:00,2.2584873
2025-07-15 01:19:42.673120+00:00,2.2584877
2025-07-15 01:19:55.100748+00:00,2.2584876
2025-07-15 01:20:07.898908+00:00,2.2584879
2025-07-15 01:20:20.786111+00:00,2.2584878
2025-07-15 01:20:33.454551+00:00,2.2584881
2025-07-15 01:20:45.810671+00:00,2.2584882
2025-07-15 01:20:58.156314+00:00,2.2584873
2025-07-15 01:21:12.119510+00:00,2.2584878
2025-07-15 01:21:23.143809+00:00,2.2584876
2025-07-15 01:21:35.943961+00:00,2.2584872
2025-07-15 01:21:48.693741+00:00,2.2584882
2025-07-15 01:22:00.884980+00:00,2.2584882
2025-07-15 01:22:13.921775+00:00,2.2584872
2025-07-15 01:22:26.129933+00:00,2.2584877
2025-07-15 01:22:51.349295+00:00,2.2584872
2025-07-15 01:23:05.456321+00:00,2.2584875
2025-07-15 01:23:22.763392+00:00,2.2584878
2025-07-15 01:23:30.209885+00:00,2.2584876
2025-07-15 01:23:42.850343+00:00,2.2584879
2025-07-15 01:23:55.241947+00:00,2.2584882
2025-07-15 01:24:08.273140+00:00,2.2584876
2025-07-15 01:24:20.358969+00:00,2.2584877
2025-07-15 01:24:33.512181+00:00,2.2584879
2025-07-15 01:24:48.047275+00:00,2.2584879
2025-07-15 01:24:58.214257+00:00,2.2584879
2025-07-15 01:25:11.259224+00:00,2.2584879
2025-07-15 01:25:23.913345+00:00,2.2584879
2025-07-15 01:25:36.429205+00:00,2.2584882
2025-07-15 01:25:49.087561+00:00,2.2584881
2025-07-15 01:26:00.787487+00:00,2.2584881
2025-07-15 01:26:26.240956+00:00,2.2584879
2025-07-15 01:26:37.630073+00:00,2.2584879
2025-07-15 01:26:49.514140+00:00,2.2584875
2025-07-15 01:27:05.435773+00:00,2.2584875
2025-07-15 01:27:14.884697+00:00,2.2584877
2025-07-15 01:27:26.695596+00:00,2.2584874
2025-07-15 01:27:38.936917+00:00,2.2584875
2025-07-15 01:27:51.829206+00:00,2.2584875
2025-07-15 01:28:10.346070+00:00,2.2584873
2025-07-15 01:28:17.236252+00:00,2.2584875
2025-07-15 01:28:29.094746+00:00,2.2584875
2025-07-15 01:28:41.395440+00:00,2.2584877
2025-07-15 01:28:54.245595+00:00,2.2584882
2025-07-15 01:29:09.082223+00:00,2.2584875
2025-07-15 01:29:19.707120+00:00,2.2584877
2025-07-15 01:29:32.489319+00:00,2.2584876
2025-07-15 01:29:44.392815+00:00,2.2584876
2025-07-15 01:29:56.781237+00:00,2.258488
2025-07-15 01:30:12.655816+00:00,2.2584875
2025-07-15 01:30:22.116801+00:00,2.2584877
2025-07-15 01:30:34.406279+00:00,2.2584875
2025-07-15 01:30:47.130438+00:00,2.2584873
2025-07-15 01:30:59.203747+00:00,2.2584878
2025-07-15 01:31:13.594410+00:00,2.2584879
2025-07-15 01:31:27.261586+00:00,2.2584873
2025-07-15 01:31:37.299596+00:00,2.2584882
2025-07-15 01:31:49.226161+00:00,2.2584882
2025-07-15 01:32:02.476877+00:00,2.2584873
2025-07-15 01:32:15.390946+00:00,2.2584875
2025-07-15 01:32:27.535851+00:00,2.2584875
2025-07-15 01:32:40.307052+00:00,2.2584879
2025-07-15 01:32:53.907757+00:00,2.2584873
2025-07-15 01:33:06.634495+00:00,2.2584876
2025-07-15 01:33:19.059661+00:00,2.2584875
2025-07-15 01:33:32.306523+00:00,2.2584879
2025-07-15 01:33:43.935718+00:00,2.2584883
2025-07-15 01:33:56.582485+00:00,2.2584875
2025-07-15 01:34:09.407466+00:00,2.2584876
2025-07-15 01:34:21.722883+00:00,2.2584875
2025-07-15 01:34:35.140126+00:00,2.2584883
2025-07-15 01:34:47.102255+00:00,2.2584874
2025-07-15 01:35:01.938783+00:00,2.2584874
2025-07-15 01:35:12.556034+00:00,2.2584875
2025-07-15 01:35:24.863232+00:00,2.258488
2025-07-15 01:35:39.274220+00:00,2.2584876
2025-07-15 01:35:52.834105+00:00,2.258488
2025-07-15 01:36:02.494581+00:00,2.2584876
2025-07-15 01:36:17.726565+00:00,2.2584874
2025-07-15 01:36:26.543129+00:00,2.2584881
2025-07-15 01:36:40.838611+00:00,2.2584881
2025-07-15 01:36:51.124976+00:00,2.2584881
2025-07-15 01:37:05.743939+00:00,2.2584882
2025-07-15 01:37:16.300377+00:00,2.2584877
2025-07-15 01:37:28.910430+00:00,2.2584873
2025-07-15 01:37:41.352864+00:00,2.2584878
2025-07-15 01:37:53.118039+00:00,2.2584876
2025-07-15 01:38:14.368864+00:00,2.2584875
2025-07-15 01:38:21.824518+00:00,2.2584875
2025-07-15 01:38:30.191908+00:00,2.2584883
2025-07-15 01:38:44.084733+00:00,2.2584879
2025-07-15 01:38:55.848931+00:00,2.2584877
2025-07-15 01:39:08.626387+00:00,2.258488
2025-07-15 01:39:20.412262+00:00,2.2584879
2025-07-15 01:39:33.421733+00:00,2.258488
2025-07-15 01:39:47.471976+00:00,2.2584879
2025-07-15 01:39:58.138458+00:00,2.2584876
2025-07-15 01:40:10.940518+00:00,2.2584882
2025-07-15 01:40:22.897824+00:00,2.2584883
2025-07-15 01:40:35.435990+00:00,2.2584874
2025-07-15 01:40:50.197810+00:00,2.2584875
2025-07-15 01:41:00.581096+00:00,2.2584876
2025-07-15 01:41:13.928399+00:00,2.2584881
2025-07-15 01:41:26.442544+00:00,2.2584877
2025-07-15 01:41:38.116173+00:00,2.258488
2025-07-15 01:42:01.271770+00:00,2.2584877
2025-07-15 01:42:02.769535+00:00,2.2584876
2025-07-15 01:42:17.220125+00:00,2.2584884
2025-07-15 01:42:27.434110+00:00,2.2584877
2025-07-15 01:42:40.633280+00:00,2.2584879
2025-07-15 01:42:53.351378+00:00,2.2584871
2025-07-15 01:43:06.136213+00:00,2.2584875
2025-07-15 01:43:20.602170+00:00,2.2584872
2025-07-15 01:43:33.079669+00:00,2.2584879
2025-07-15 01:43:43.813162+00:00,2.2584878
2025-07-15 01:44:02.534900+00:00,2.2584875
2025-07-15 01:44:10.237037+00:00,2.2584874
2025-07-15 01:44:22.090186+00:00,2.2584872
2025-07-15 01:44:34.764293+00:00,2.2584877
2025-07-15 01:44:49.678287+00:00,2.2584872
2025-07-15 01:45:00.267975+00:00,2.2584881
2025-07-15 01:45:12.941756+00:00,2.2584879
2025-07-15 01:45:26.084811+00:00,2.2584872
2025-07-15 01:45:38.104732+00:00,2.2584881
2025-07-15 01:45:50.559408+00:00,2.2584871
2025-07-15 01:46:05.704306+00:00,2.2584878
2025-07-15 01:46:16.064953+00:00,2.2584876
2025-07-15 01:46:28.008404+00:00,2.2584883
2025-07-15 01:46:40.081640+00:00,2.258488
2025-07-15 01:46:55.544841+00:00,2.2584881
2025-07-15 01:47:05.614544+00:00,2.2584881
2025-07-15 01:47:20.622536+00:00,2.2584876
2025-07-15 01:47:32.224687+00:00,2.2584875
2025-07-15 01:47:41.401042+00:00,2.2584876
2025-07-15 01:47:55.170129+00:00,2.2584882
2025-07-15 01:48:19.103700+00:00,2.2584871
2025-07-15 01:48:31.427680+00:00,2.2584872
2025-07-15 01:48:43.891252+00:00,2.2584872
2025-07-15 01:48:56.710306+00:00,2.2584876
2025-07-15 01:49:09.544183+00:00,2.2584879
2025-07-15 01:49:21.723542+00:00,2.2584877
2025-07-15 01:49:34.375791+00:00,2.2584877
2025-07-15 01:49:46.633784+00:00,2.2584877
2025-07-15 01:50:01.278181+00:00,2.2584872
2025-07-15 01:50:11.778114+00:00,2.2584878
2025-07-15 01:50:24.030060+00:00,2.2584876
2025-07-15 01:50:36.931924+00:00,2.2584876
2025-07-15 01:50:49.807241+00:00,2.2584874
2025-07-15 01:51:02.472273+00:00,2.258488
2025-07-15 01:51:13.597313+00:00,2.2584874
2025-07-15 01:51:26.962370+00:00,2.2584877
2025-07-15 01:51:40.021364+00:00,2.2584882
2025-07-15 01:51:50.737397+00:00,2.2584883
2025-07-15 01:52:03.794943+00:00,2.2584877
2025-07-15 01:52:18.079048+00:00,2.2584874
2025-07-15 01:52:28.470571+00:00,2.2584879
2025-07-15 01:52:41.256178+00:00,2.2584878
2025-07-15 01:52:53.796275+00:00,2.2584878
2025-07-15 01:53:06.912451+00:00,2.2584883
2025-07-15 01:53:19.608427+00:00,2.2584883
2025-07-15 01:53:32.251162+00:00,2.2584879
2025-07-15 01:53:47.970559+00:00,2.2584876
2025-07-15 01:53:57.316938+00:00,2.2584875
2025-07-15 01:54:12.153199+00:00,2.2584879
2025-07-15 01:54:22.350882+00:00,2.2584879
2025-07-15 01:54:35.316921+00:00,2.2584872
2025-07-15 01:54:47.999751+00:00,2.2584878
2025-07-15 01:55:00.909350+00:00,2.2584875
2025-07-15 01:55:13.333322+00:00,2.2584877
2025-07-15 01:55:25.725070+00:00,2.2584879
2025-07-15 01:55:38.975972+00:00,2.2584881
2025-07-15 01:55:50.991359+00:00,2.2584881
2025-07-15 01:56:03.465615+00:00,2.2584873
2025-07-15 01:56:18.606295+00:00,2.2584883
2025-07-15 01:56:52.864956+00:00,2.2584881
2025-07-15 01:57:04.939923+00:00,2.2584876
2025-07-15 01:57:16.938674+00:00,2.2584873
2025-07-15 01:57:29.387659+00:00,2.2584875
2025-07-15 01:57:42.886278+00:00,2.2584878
2025-07-15 01:57:54.182029+00:00,2.258488
2025-07-15 01:58:07.213370+00:00,2.258488
2025-07-15 01:58:21.690003+00:00,2.2584879
2025-07-15 01:58:32.562864+00:00,2.2584875
2025-07-15 01:58:44.365643+00:00,2.2584879
2025-07-15 01:58:57.821271+00:00,2.2584874
2025-07-15 01:59:09.914110+00:00,2.258487
2025-07-15 01:59:22.436977+00:00,2.2584876
2025-07-15 01:59:34.857332+00:00,2.2584877
2025-07-15 01:59:53.597381+00:00,2.2584873
2025-07-15 02:00:02.852988+00:00,2.2584878
2025-07-15 02:00:12.825823+00:00,2.2584876
2025-07-15 02:00:30.134931+00:00,2.258488
2025-07-15 02:00:38.047422+00:00,2.2584877
2025-07-15 02:00:50.783844+00:00,2.2584878
2025-07-15 02:01:02.350524+00:00,2.258487
2025-07-15 02:01:14.603574+00:00,2.258488
2025-07-15 02:01:27.335397+00:00,2.2584878
2025-07-15 02:01:39.762777+00:00,2.2584881
2025-07-15 02:01:52.139245+00:00,2.258488
2025-07-15 02:02:04.758132+00:00,2.2584878
2025-07-15 02:02:17.156825+00:00,2.258488
2025-07-15 02:02:30.344681+00:00,2.2584878
2025-07-15 02:02:42.120193+00:00,2.2584875
2025-07-15 02:02:56.008235+00:00,2.2584872
2025-07-15 02:03:11.456621+00:00,2.2584881
2025-07-15 02:03:20.065677+00:00,2.2584879
2025-07-15 02:03:33.032311+00:00,2.2584875
2025-07-15 02:03:46.364136+00:00,2.2584872
2025-07-15 02:03:59.683122+00:00,2.258488
2025-07-15 02:04:12.152985+00:00,2.2584881
2025-07-15 02:04:23.967112+00:00,2.2584877
2025-07-15 02:04:36.480882+00:00,2.2584873
2025-07-15 02:04:49.364504+00:00,2.2584877
2025-07-15 02:05:01.407678+00:00,2.2584881
2025-07-15 02:05:13.915547+00:00,2.2584876
2025-07-15 02:05:26.995046+00:00,2.2584875
2025-07-15 02:05:39.031260+00:00,2.2584877
2025-07-15 02:05:50.614994+00:00,2.2584876
2025-07-15 02:06:03.821145+00:00,2.2584876
2025-07-15 02:06:16.157103+00:00,2.2584873
2025-07-15 02:06:27.936019+00:00,2.2584882
2025-07-15 02:06:40.160096+00:00,2.258488
2025-07-15 02:06:52.505514+00:00,2.258488
2025-07-15 02:07:05.994407+00:00,2.2584875
2025-07-15 02:07:18.144679+00:00,2.2584878
2025-07-15 02:07:32.571352+00:00,2.2584873
2025-07-15 02:07:41.745393+00:00,2.2584873
2025-07-15 02:07:55.922545+00:00,2.2584878
2025-07-15 02:08:08.180314+00:00,2.2584879
2025-07-15 02:08:19.350118+00:00,2.2584876
2025-07-15 02:08:31.898913+00:00,2.2584879
2025-07-15 02:08:56.819997+00:00,2.258488
2025-07-15 02:09:34.486267+00:00,2.2584875
2025-07-15 02:09:47.292333+00:00,2.2584874
2025-07-15 02:09:59.452801+00:00,2.2584876
2025-07-15 02:10:13.302128+00:00,2.2584876
2025-07-15 02:10:24.525515+00:00,2.258488
2025-07-15 02:10:37.173868+00:00,2.2584879
2025-07-15 02:10:49.929058+00:00,2.2584878
2025-07-15 02:11:01.760160+00:00,2.2584876
2025-07-15 02:11:14.518142+00:00,2.2584878
2025-07-15 02:11:27.575539+00:00,2.2584876
2025-07-15 02:11:38.862031+00:00,2.2584879
2025-07-15 02:11:51.479353+00:00,2.2584878
2025-07-15 02:12:04.533941+00:00,2.2584874
2025-07-15 02:12:17.962650+00:00,2.2584873
2025-07-15 02:12:33.741901+00:00,2.2584871
2025-07-15 02:12:42.080199+00:00,2.2584878
2025-07-15 02:12:54.660531+00:00,2.2584882
2025-07-15 02:13:07.971328+00:00,2.2584879
2025-07-15 02:13:20.738788+00:00,2.2584875
2025-07-15 02:13:33.202080+00:00,2.2584881
2025-07-15 02:13:45.756181+00:00,2.2584875
2025-07-15 02:13:58.281260+00:00,2.2584877
2025-07-15 02:14:13.502889+00:00,2.2584878
2025-07-15 02:14:25.880526+00:00,2.2584872
2025-07-15 02:14:36.247793+00:00,2.2584875
2025-07-15 02:14:48.972354+00:00,2.2584882
2025-07-15 02:15:01.525452+00:00,2.258488
2025-07-15 02:15:14.032630+00:00,2.2584879
2025-07-15 02:15:27.067121+00:00,2.258488
2025-07-15 02:15:39.613890+00:00,2.2584878
2025-07-15 02:15:51.403712+00:00,2.2584871
2025-07-15 02:16:04.476819+00:00,2.2584882
2025-07-15 02:16:16.612890+00:00,2.2584875
2025-07-15 02:16:28.834730+00:00,2.2584878
2025-07-15 02:16:53.479951+00:00,2.2584879
2025-07-15 02:17:05.938866+00:00,2.2584875
2025-07-15 02:17:17.953593+00:00,2.2584873
2025-07-15 02:17:31.630392+00:00,2.2584877
2025-07-15 02:17:49.109792+00:00,2.2584882
2025-07-15 02:17:55.678498+00:00,2.2584882
2025-07-15 02:18:08.986327+00:00,2.2584876
2025-07-15 02:18:23.371142+00:00,2.2584876
2025-07-15 02:18:34.508595+00:00,2.2584874
2025-07-15 02:18:46.880893+00:00,2.2584879
2025-07-15 02:18:59.478905+00:00,2.2584877
2025-07-15 02:19:11.931480+00:00,2.2584873
2025-07-15 02:19:24.018087+00:00,2.2584878
2025-07-15 02:19:36.771470+00:00,2.258488
2025-07-15 02:19:49.496191+00:00,2.258487
2025-07-15 02:20:01.591028+00:00,2.2584882
2025-07-15 02:20:14.251653+00:00,2.2584873
2025-07-15 02:20:27.391664+00:00,2.2584876
2025-07-15 02:20:41.449557+00:00,2.258488
2025-07-15 02:20:51.213832+00:00,2.2584883
2025-07-15 02:21:03.646623+00:00,2.2584879
2025-07-15 02:21:16.201684+00:00,2.2584882
2025-07-15 02:21:28.820313+00:00,2.2584876
2025-07-15 02:21:41.261560+00:00,2.2584877
2025-07-15 02:21:55.273325+00:00,2.2584876
2025-07-15 02:22:07.198747+00:00,2.2584879
2025-07-15 02:22:20.263747+00:00,2.2584882
2025-07-15 02:22:34.165068+00:00,2.2584875
2025-07-15 02:22:44.520865+00:00,2.258488
2025-07-15 02:22:57.072880+00:00,2.2584875
2025-07-15 02:23:09.921399+00:00,2.2584874
2025-07-15 02:23:22.571345+00:00,2.2584876
2025-07-15 02:23:37.345146+00:00,2.2584878
2025-07-15 02:23:47.514026+00:00,2.2584873
2025-07-15 02:24:01.889475+00:00,2.2584877
2025-07-15 02:24:12.748077+00:00,2.2584881
2025-07-15 02:24:24.993923+00:00,2.2584873
2025-07-15 02:24:37.777296+00:00,2.2584883
2025-07-15 02:24:50.365593+00:00,2.2584881
2025-07-15 02:25:04.670295+00:00,2.2584869
2025-07-15 02:25:15.314029+00:00,2.2584877
2025-07-15 02:25:27.404210+00:00,2.2584878
2025-07-15 02:25:39.984964+00:00,2.2584882
2025-07-15 02:25:52.577519+00:00,2.2584876
2025-07-15 02:26:04.660090+00:00,2.2584873
2025-07-15 02:26:19.450036+00:00,2.2584873
2025-07-15 02:26:29.147582+00:00,2.2584883
2025-07-15 02:26:42.171465+00:00,2.258488
2025-07-15 02:26:54.408518+00:00,2.2584878
2025-07-15 02:27:07.550932+00:00,2.2584881
2025-07-15 02:27:19.550697+00:00,2.2584882
2025-07-15 02:27:34.436850+00:00,2.2584879
2025-07-15 02:27:44.283124+00:00,2.2584874
2025-07-15 02:27:57.339492+00:00,2.2584881
2025-07-15 02:28:09.332682+00:00,2.2584873
2025-07-15 02:28:21.965959+00:00,2.2584874
2025-07-15 02:28:34.269426+00:00,2.258488
2025-07-15 02:28:49.620484+00:00,2.2584873
2025-07-15 02:28:58.741939+00:00,2.2584877
2025-07-15 02:29:11.416221+00:00,2.2584873
2025-07-15 02:29:24.772237+00:00,2.2584879
2025-07-15 02:29:49.081795+00:00,2.2584877
2025-07-15 02:30:01.351819+00:00,2.2584876
2025-07-15 02:30:13.939288+00:00,2.2584879
2025-07-15 02:30:27.054386+00:00,2.2584874
2025-07-15 02:30:38.877040+00:00,2.258488
2025-07-15 02:30:51.696343+00:00,2.2584881
2025-07-15 02:31:05.612572+00:00,2.2584872
2025-07-15 02:31:17.430053+00:00,2.258487
2025-07-15 02:31:29.737291+00:00,2.2584876
2025-07-15 02:31:42.470446+00:00,2.2584879
2025-07-15 02:31:55.427379+00:00,2.2584879
2025-07-15 02:32:09.465387+00:00,2.2584874
2025-07-15 02:32:20.602926+00:00,2.2584879
2025-07-15 02:32:33.482666+00:00,2.2584879
2025-07-15 02:32:48.068193+00:00,2.2584882
2025-07-15 02:32:59.736765+00:00,2.2584876
2025-07-15 02:33:12.457831+00:00,2.2584884
2025-07-15 02:33:24.354560+00:00,2.2584883
2025-07-15 02:33:36.358944+00:00,2.2584881
2025-07-15 02:33:49.785562+00:00,2.2584875
2025-07-15 02:34:03.855670+00:00,2.2584881
2025-07-15 02:34:14.284014+00:00,2.2584874
2025-07-15 02:34:26.238993+00:00,2.2584881
2025-07-15 02:34:38.466835+00:00,2.2584878
2025-07-15 02:34:50.407716+00:00,2.2584877
2025-07-15 02:35:03.287352+00:00,2.2584883
2025-07-15 02:35:27.834400+00:00,2.2584874
2025-07-15 02:35:52.707990+00:00,2.2584874
2025-07-15 02:36:04.819017+00:00,2.2584877
2025-07-15 02:36:17.821506+00:00,2.2584884
2025-07-15 02:36:29.900286+00:00,2.2584881
2025-07-15 02:36:42.512319+00:00,2.2584874
2025-07-15 02:36:56.542285+00:00,2.2584873
2025-07-15 02:37:08.580665+00:00,2.2584882
2025-07-15 02:37:20.914142+00:00,2.2584882
2025-07-15 02:37:34.680278+00:00,2.258488
2025-07-15 02:37:46.256173+00:00,2.2584875
2025-07-15 02:37:58.760263+00:00,2.2584881
2025-07-15 02:38:11.768181+00:00,2.2584879
2025-07-15 02:38:23.805912+00:00,2.2584873
2025-07-15 02:38:35.744384+00:00,2.2584879
2025-07-15 02:38:49.176032+00:00,2.2584878
2025-07-15 02:39:01.432561+00:00,2.2584881
2025-07-15 02:39:14.011169+00:00,2.258488
2025-07-15 02:39:25.743467+00:00,2.2584879
2025-07-15 02:39:38.437352+00:00,2.2584877
2025-07-15 02:39:51.349629+00:00,2.2584876
2025-07-15 02:40:03.620092+00:00,2.2584879
2025-07-15 02:40:16.956156+00:00,2.2584883
2025-07-15 02:40:28.823870+00:00,2.2584871
2025-07-15 02:40:42.304251+00:00,2.2584868
2025-07-15 02:40:54.625367+00:00,2.2584883
2025-07-15 02:41:07.263240+00:00,2.2584873
2025-07-15 02:41:19.754340+00:00,2.258488
2025-07-15 02:41:32.988754+00:00,2.2584876
2025-07-15 02:41:45.382357+00:00,2.2584876
2025-07-15 02:41:57.896168+00:00,2.2584875
2025-07-15 02:42:13.299804+00:00,2.2584873
2025-07-15 02:42:23.710236+00:00,2.2584872
2025-07-15 02:42:35.854489+00:00,2.2584877
2025-07-15 02:42:48.677056+00:00,2.258487
2025-07-15 02:43:13.512910+00:00,2.2584882
2025-07-15 02:43:26.267345+00:00,2.2584883
2025-07-15 02:43:39.941857+00:00,2.2584881
2025-07-15 02:43:51.879648+00:00,2.2584877
2025-07-15 02:44:04.697250+00:00,2.2584877
2025-07-15 02:44:17.235935+00:00,2.2584878
2025-07-15 02:44:34.642594+00:00,2.258488
2025-07-15 02:44:42.270565+00:00,2.2584879
2025-07-15 02:44:54.114338+00:00,2.258488
2025-07-15 02:45:08.123632+00:00,2.2584876
2025-07-15 02:45:18.583206+00:00,2.2584878
2025-07-15 02:45:30.819037+00:00,2.2584876
2025-07-15 02:45:43.325828+00:00,2.258488
2025-07-15 02:45:55.566456+00:00,2.2584881
2025-07-15 02:46:08.172766+00:00,2.258488
2025-07-15 02:46:20.967501+00:00,2.2584869
2025-07-15 02:46:33.453083+00:00,2.2584877
2025-07-15 02:46:45.992595+00:00,2.2584873
2025-07-15 02:46:57.858745+00:00,2.2584873
2025-07-15 02:47:10.915075+00:00,2.2584878
2025-07-15 02:47:23.005948+00:00,2.258488
2025-07-15 02:47:38.919232+00:00,2.2584877
2025-07-15 02:47:49.331785+00:00,2.2584874
2025-07-15 02:48:01.442424+00:00,2.2584874
2025-07-15 02:48:13.896059+00:00,2.2584875
2025-07-15 02:48:26.059372+00:00,2.2584877
2025-07-15 02:48:40.952878+00:00,2.2584881
2025-07-15 02:48:52.410448+00:00,2.2584873
2025-07-15 02:49:03.839012+00:00,2.2584878
2025-07-15 02:49:16.142859+00:00,2.2584871
2025-07-15 02:49:28.617839+00:00,2.2584881
2025-07-15 02:49:40.747512+00:00,2.2584882
2025-07-15 02:49:53.415986+00:00,2.2584881
2025-07-15 02:50:06.037338+00:00,2.2584882
2025-07-15 02:50:42.156221+00:00,2.2584883
2025-07-15 02:50:43.121344+00:00,2.2584877
2025-07-15 02:50:57.249384+00:00,2.2584873
2025-07-15 02:51:08.305855+00:00,2.2584878
2025-07-15 02:51:20.976298+00:00,2.2584878
2025-07-15 02:51:33.746810+00:00,2.2584875
2025-07-15 02:51:49.483076+00:00,2.2584876
2025-07-15 02:52:03.287537+00:00,2.2584879
2025-07-15 02:52:12.692262+00:00,2.2584872
2025-07-15 02:52:24.379917+00:00,2.2584881
2025-07-15 02:52:36.928662+00:00,2.2584873
2025-07-15 02:52:51.829801+00:00,2.2584877
2025-07-15 02:53:03.803242+00:00,2.2584877
2025-07-15 02:53:14.633400+00:00,2.2584868
2025-07-15 02:53:27.349007+00:00,2.2584881
2025-07-15 02:53:40.073795+00:00,2.2584883
2025-07-15 02:53:53.780867+00:00,2.2584878
2025-07-15 02:54:06.734175+00:00,2.2584876
2025-07-15 02:54:17.978650+00:00,2.2584875
2025-07-15 02:54:29.649118+00:00,2.2584874
2025-07-15 02:54:42.474879+00:00,2.2584871
2025-07-15 02:54:54.288717+00:00,2.2584877
2025-07-15 02:55:08.449041+00:00,2.2584872
2025-07-15 02:55:20.250913+00:00,2.2584878
2025-07-15 02:55:32.145031+00:00,2.2584876
2025-07-15 02:55:44.049598+00:00,2.2584874
2025-07-15 02:55:56.163900+00:00,2.2584882
2025-07-15 02:56:09.491599+00:00,2.2584881
2025-07-15 02:56:22.286519+00:00,2.2584878
2025-07-15 02:56:34.094585+00:00,2.2584876
2025-07-15 02:56:46.688475+00:00,2.2584877
2025-07-15 02:56:59.226591+00:00,2.2584874
2025-07-15 02:57:12.451562+00:00,2.2584875
2025-07-15 02:57:25.143144+00:00,2.2584878
2025-07-15 02:57:36.640651+00:00,2.2584879
2025-07-15 02:57:49.290404+00:00,2.2584879
2025-07-15 02:58:05.004599+00:00,2.2584873
2025-07-15 02:58:14.683415+00:00,2.2584882
2025-07-15 02:58:26.686426+00:00,2.2584874
2025-07-15 02:58:39.361063+00:00,2.2584877
2025-07-15 02:58:51.783345+00:00,2.2584879
2025-07-15 02:59:07.680517+00:00,2.2584884
2025-07-15 02:59:19.972285+00:00,2.2584875
2025-07-15 02:59:29.282006+00:00,2.2584873
2025-07-15 02:59:54.871006+00:00,2.2584875
2025-07-15 03:00:07.782560+00:00,2.2584881
2025-07-15 03:00:21.108884+00:00,2.2584884
2025-07-15 03:00:32.314945+00:00,2.258488
2025-07-15 03:00:43.859001+00:00,2.2584872
2025-07-15 03:00:56.534419+00:00,2.258488
2025-07-15 03:01:10.075546+00:00,2.2584863
2025-07-15 03:01:22.164851+00:00,2.2584879
2025-07-15 03:01:35.026709+00:00,2.258488
2025-07-15 03:01:48.525567+00:00,2.2584875
2025-07-15 03:02:00.810917+00:00,2.2584882
2025-07-15 03:02:13.397445+00:00,2.2584873
2025-07-15 03:02:26.379005+00:00,2.2584877
2025-07-15 03:02:39.199917+00:00,2.2584879
2025-07-15 03:02:51.704913+00:00,2.2584877
2025-07-15 03:03:16.878651+00:00,2.2584882
2025-07-15 03:03:29.377550+00:00,2.2584879
2025-07-15 03:03:42.262877+00:00,2.2584881
2025-07-15 03:03:54.494920+00:00,2.2584877
2025-07-15 03:04:07.593512+00:00,2.2584874
2025-07-15 03:04:19.673689+00:00,2.2584881
2025-07-15 03:04:36.248170+00:00,2.258488
2025-07-15 03:04:44.902850+00:00,2.2584882
2025-07-15 03:04:57.463503+00:00,2.2584879
2025-07-15 03:05:10.810825+00:00,2.2584876
2025-07-15 03:05:24.134710+00:00,2.2584883
2025-07-15 03:05:41.882672+00:00,2.2584881
2025-07-15 03:05:48.901762+00:00,2.2584876
2025-07-15 03:06:11.720070+00:00,2.258488
2025-07-15 03:06:23.835805+00:00,2.2584876
2025-07-15 03:06:37.978096+00:00,2.2584878
2025-07-15 03:07:02.291880+00:00,2.2584879
2025-07-15 03:07:13.673778+00:00,2.2584881
2025-07-15 03:07:26.243097+00:00,2.2584871
2025-07-15 03:07:39.214969+00:00,2.2584876
2025-07-15 03:07:51.689011+00:00,2.2584876
2025-07-15 03:08:16.880750+00:00,2.2584866
2025-07-15 03:08:31.980396+00:00,2.2584875
2025-07-15 03:08:54.121118+00:00,2.2584878
2025-07-15 03:09:19.294430+00:00,2.258487
2025-07-15 03:09:44.272907+00:00,2.2584877
2025-07-15 03:10:08.826372+00:00,2.2584875
2025-07-15 03:10:21.568382+00:00,2.2584876
2025-07-15 03:10:33.992413+00:00,2.2584879
2025-07-15 03:10:46.708853+00:00,2.2584877
2025-07-15 03:11:02.634666+00:00,2.2584881
2025-07-15 03:11:11.721881+00:00,2.2584877
2025-07-15 03:11:24.403839+00:00,2.2584877
2025-07-15 03:11:37.047893+00:00,2.2584883
2025-07-15 03:11:50.358676+00:00,2.2584877
2025-07-15 03:12:02.331693+00:00,2.2584871
2025-07-15 03:12:15.161258+00:00,2.2584876
2025-07-15 03:12:27.828675+00:00,2.2584883
2025-07-15 03:12:40.357841+00:00,2.2584883
2025-07-15 03:12:53.265670+00:00,2.2584876
2025-07-15 03:13:05.788722+00:00,2.2584874
2025-07-15 03:13:31.614245+00:00,2.2584876
2025-07-15 03:13:43.287378+00:00,2.2584876
2025-07-15 03:13:56.477518+00:00,2.2584883
2025-07-15 03:14:08.944568+00:00,2.258488
2025-07-15 03:14:21.065793+00:00,2.258488
2025-07-15 03:14:38.615272+00:00,2.2584869
2025-07-15 03:14:46.427924+00:00,2.2584878
2025-07-15 03:14:59.870954+00:00,2.2584883
2025-07-15 03:15:12.967912+00:00,2.2584875
2025-07-15 03:15:24.128440+00:00,2.2584881
2025-07-15 03:15:35.884384+00:00,2.2584883
2025-07-15 03:16:01.493073+00:00,2.2584882
2025-07-15 03:16:13.648962+00:00,2.2584881
2025-07-15 03:16:26.164592+00:00,2.2584872
2025-07-15 03:16:38.886797+00:00,2.258487
2025-07-15 03:16:52.033984+00:00,2.2584884
2025-07-15 03:17:04.824040+00:00,2.258488
2025-07-15 03:17:17.224794+00:00,2.2584875
2025-07-15 03:17:29.238560+00:00,2.2584878
2025-07-15 03:17:56.616232+00:00,2.2584884
2025-07-15 03:18:06.898136+00:00,2.2584875
2025-07-15 03:18:19.669429+00:00,2.258487
2025-07-15 03:18:33.802318+00:00,2.2584876
2025-07-15 03:18:43.870551+00:00,2.2584874
2025-07-15 03:18:56.586341+00:00,2.2584879
2025-07-15 03:19:21.241221+00:00,2.2584876
2025-07-15 03:19:33.902249+00:00,2.2584882
2025-07-15 03:19:47.631123+00:00,2.2584882
2025-07-15 03:19:59.072184+00:00,2.2584875
2025-07-15 03:20:23.436114+00:00,2.2584876
2025-07-15 03:20:37.047273+00:00,2.2584879
2025-07-15 03:20:50.751469+00:00,2.2584878
2025-07-15 03:21:02.652306+00:00,2.2584879
2025-07-15 03:21:15.441484+00:00,2.2584874
2025-07-15 03:21:27.864668+00:00,2.2584872
2025-07-15 03:21:40.591015+00:00,2.2584875
2025-07-15 03:21:56.679198+00:00,2.258487
2025-07-15 03:22:07.564441+00:00,2.258488
2025-07-15 03:22:18.517213+00:00,2.2584878
2025-07-15 03:22:31.663174+00:00,2.2584881
2025-07-15 03:22:43.816646+00:00,2.258487
2025-07-15 03:22:56.426857+00:00,2.2584883
2025-07-15 03:23:10.582179+00:00,2.2584878
2025-07-15 03:23:21.230313+00:00,2.2584878
2025-07-15 03:23:34.548319+00:00,2.258488
2025-07-15 03:23:46.621240+00:00,2.2584876
2025-07-15 03:24:11.295424+00:00,2.2584883
2025-07-15 03:24:23.202957+00:00,2.2584882
2025-07-15 03:24:35.464924+00:00,2.2584873
2025-07-15 03:25:00.828789+00:00,2.2584873
2025-07-15 03:25:14.611595+00:00,2.2584874
2025-07-15 03:25:25.996194+00:00,2.2584868
2025-07-15 03:25:38.578681+00:00,2.258488
2025-07-15 03:26:03.022312+00:00,2.2584872
2025-07-15 03:26:17.101309+00:00,2.2584875
2025-07-15 03:26:28.078464+00:00,2.2584876
2025-07-15 03:26:40.659566+00:00,2.2584876
2025-07-15 03:26:53.210952+00:00,2.258488
2025-07-15 03:27:06.029632+00:00,2.258488
2025-07-15 03:27:18.847866+00:00,2.2584879
2025-07-15 03:27:30.534042+00:00,2.258487
2025-07-15 03:27:54.914375+00:00,2.2584879
2025-07-15 03:28:20.704069+00:00,2.258487
2025-07-15 03:28:32.130878+00:00,2.2584871
2025-07-15 03:28:44.349689+00:00,2.2584876
2025-07-15 03:28:56.841957+00:00,2.2584874
2025-07-15 03:29:11.565637+00:00,2.2584872
2025-07-15 03:29:35.141689+00:00,2.2584878
2025-07-15 03:29:47.931252+00:00,2.2584868
2025-07-15 03:29:58.932368+00:00,2.258487
2025-07-15 03:30:17.031400+00:00,2.2584875
2025-07-15 03:30:24.776378+00:00,2.2584873
2025-07-15 03:30:38.116216+00:00,2.2584879
2025-07-15 03:30:50.202587+00:00,2.2584876
2025-07-15 03:31:03.559016+00:00,2.2584876
2025-07-15 03:31:15.913290+00:00,2.2584877
2025-07-15 03:31:29.442181+00:00,2.2584879
2025-07-15 03:32:07.263978+00:00,2.2584875
2025-07-15 03:32:19.808118+00:00,2.2584879
2025-07-15 03:32:33.033169+00:00,2.2584875
2025-07-15 03:32:44.320069+00:00,2.2584877
2025-07-15 03:32:57.179525+00:00,2.2584872
2025-07-15 03:33:09.242722+00:00,2.2584874
2025-07-15 03:33:24.679718+00:00,2.2584876
2025-07-15 03:33:49.752953+00:00,2.2584878
2025-07-15 03:33:58.711687+00:00,2.2584865
2025-07-15 03:34:10.929310+00:00,2.2584878
2025-07-15 03:34:25.134242+00:00,2.2584878
2025-07-15 03:34:35.964797+00:00,2.2584878
2025-07-15 03:34:48.976376+00:00,2.2584876
2025-07-15 03:35:01.530305+00:00,2.2584875
2025-07-15 03:35:14.069424+00:00,2.2584884
2025-07-15 03:35:26.941218+00:00,2.2584873
2025-07-15 03:35:39.051195+00:00,2.2584875
2025-07-15 03:35:52.065346+00:00,2.2584875
2025-07-15 03:36:04.502003+00:00,2.2584872
2025-07-15 03:36:17.037918+00:00,2.2584875
2025-07-15 03:36:29.460366+00:00,2.2584884
2025-07-15 03:36:41.894565+00:00,2.2584877
2025-07-15 03:36:54.309001+00:00,2.2584873
2025-07-15 03:37:06.879121+00:00,2.2584876
2025-07-15 03:37:32.336465+00:00,2.2584884
2025-07-15 03:37:43.883215+00:00,2.2584877
2025-07-15 03:37:56.072736+00:00,2.2584881
2025-07-15 03:38:08.919353+00:00,2.2584883
2025-07-15 03:38:21.148418+00:00,2.2584877
2025-07-15 03:38:34.273621+00:00,2.2584884
2025-07-15 03:38:46.248036+00:00,2.2584878
2025-07-15 03:38:59.416196+00:00,2.258488
2025-07-15 03:39:25.231334+00:00,2.2584877
2025-07-15 03:39:36.734027+00:00,2.2584877
2025-07-15 03:39:49.287712+00:00,2.2584876
2025-07-15 03:40:03.575089+00:00,2.2584871
2025-07-15 03:40:15.217568+00:00,2.258488
2025-07-15 03:40:27.433252+00:00,2.2584871
2025-07-15 03:40:40.468729+00:00,2.258488
2025-07-15 03:40:52.803029+00:00,2.2584882
2025-07-15 03:41:05.506207+00:00,2.2584874
2025-07-15 03:41:18.031916+00:00,2.2584877
2025-07-15 03:41:30.522447+00:00,2.2584878
2025-07-15 03:41:43.170394+00:00,2.2584877
2025-07-15 03:41:55.824389+00:00,2.2584872
2025-07-15 03:42:08.613219+00:00,2.2584876
2025-07-15 03:42:21.186557+00:00,2.2584883
2025-07-15 03:42:33.526829+00:00,2.2584877
2025-07-15 03:42:47.231831+00:00,2.2584878
2025-07-15 03:42:58.620314+00:00,2.2584879
2025-07-15 03:43:23.402071+00:00,2.258487
2025-07-15 03:43:59.908913+00:00,2.2584879
2025-07-15 03:44:36.799144+00:00,2.2584869
2025-07-15 03:44:50.465246+00:00,2.2584872
2025-07-15 03:45:02.309867+00:00,2.258488
2025-07-15 03:45:15.186875+00:00,2.2584877
2025-07-15 03:45:27.939025+00:00,2.258488
2025-07-15 03:45:40.566815+00:00,2.2584874
2025-07-15 03:45:53.664304+00:00,2.258488
2025-07-15 03:46:04.995439+00:00,2.2584879
2025-07-15 03:46:18.754913+00:00,2.2584877
2025-07-15 03:46:30.339098+00:00,2.2584883
2025-07-15 03:46:44.118386+00:00,2.2584874
2025-07-15 03:46:55.779822+00:00,2.2584874
2025-07-15 03:47:09.472951+00:00,2.2584883
2025-07-15 03:47:20.472514+00:00,2.2584869
2025-07-15 03:47:33.832464+00:00,2.2584875
2025-07-15 03:47:45.621322+00:00,2.2584876
2025-07-15 03:47:57.760837+00:00,2.2584874
2025-07-15 03:48:15.631257+00:00,2.2584875
2025-07-15 03:48:23.207551+00:00,2.2584871
2025-07-15 03:48:37.361962+00:00,2.2584872
2025-07-15 03:48:50.118939+00:00,2.2584878
2025-07-15 03:49:00.170310+00:00,2.258488
2025-07-15 03:49:12.758212+00:00,2.2584874
2025-07-15 03:49:37.964432+00:00,2.2584876
2025-07-15 03:49:53.961891+00:00,2.2584879
2025-07-15 03:50:05.006435+00:00,2.258488
2025-07-15 03:50:16.210503+00:00,2.2584884
2025-07-15 03:50:30.142884+00:00,2.258488
2025-07-15 03:50:41.498989+00:00,2.2584878
2025-07-15 03:50:54.019869+00:00,2.2584875
2025-07-15 03:51:08.715179+00:00,2.2584884
2025-07-15 03:51:31.998474+00:00,2.2584877
2025-07-15 03:51:44.475371+00:00,2.258488
2025-07-15 03:51:56.912798+00:00,2.258488
2025-07-15 03:52:09.783082+00:00,2.2584877
2025-07-15 03:52:22.298359+00:00,2.2584872
2025-07-15 03:52:35.158108+00:00,2.2584882
2025-07-15 03:52:47.955813+00:00,2.2584875
2025-07-15 03:53:00.736932+00:00,2.2584878
2025-07-15 03:53:12.826445+00:00,2.2584879
2025-07-15 03:53:25.580312+00:00,2.2584879
2025-07-15 03:53:37.960295+00:00,2.2584876
2025-07-15 03:53:50.557885+00:00,2.2584875
2025-07-15 03:54:02.838164+00:00,2.2584875
2025-07-15 03:54:15.413485+00:00,2.2584878
2025-07-15 03:54:30.891653+00:00,2.2584877
2025-07-15 03:54:40.297784+00:00,2.2584876
2025-07-15 03:54:52.327128+00:00,2.2584872
2025-07-15 03:55:05.410800+00:00,2.258488
2025-07-15 03:55:17.887766+00:00,2.2584868
2025-07-15 03:55:30.206251+00:00,2.2584878
2025-07-15 03:55:42.860943+00:00,2.2584879
2025-07-15 03:55:55.478703+00:00,2.2584875
2025-07-15 03:56:08.308214+00:00,2.2584881
2025-07-15 03:56:20.430289+00:00,2.2584878
2025-07-15 03:56:33.128566+00:00,2.2584883
2025-07-15 03:56:45.914372+00:00,2.2584875
2025-07-15 03:57:23.211689+00:00,2.258487
2025-07-15 03:57:35.447953+00:00,2.2584873
2025-07-15 03:57:49.206701+00:00,2.2584876
2025-07-15 03:58:00.492145+00:00,2.2584868
2025-07-15 03:58:13.106018+00:00,2.2584873
2025-07-15 03:58:25.939396+00:00,2.2584882
2025-07-15 03:58:38.285260+00:00,2.2584873
2025-07-15 03:58:51.208128+00:00,2.2584881
2025-07-15 03:59:15.578719+00:00,2.2584879
2025-07-15 03:59:28.894373+00:00,2.2584878
2025-07-15 03:59:41.145547+00:00,2.2584879
2025-07-15 03:59:53.492314+00:00,2.2584878
2025-07-15 04:00:07.493416+00:00,2.2584872
2025-07-15 04:00:19.292675+00:00,2.2584874
2025-07-15 04:00:32.338863+00:00,2.258487
2025-07-15 04:00:44.207481+00:00,2.2584878
2025-07-15 04:00:57.202144+00:00,2.2584876
2025-07-15 04:01:09.794997+00:00,2.2584881
2025-07-15 04:01:23.902160+00:00,2.2584879
2025-07-15 04:01:35.024166+00:00,2.2584875
2025-07-15 04:01:48.917660+00:00,2.2584872
2025-07-15 04:02:00.098929+00:00,2.2584877
2025-07-15 04:02:12.846052+00:00,2.2584871
2025-07-15 04:02:25.681126+00:00,2.2584875
2025-07-15 04:02:37.776097+00:00,2.2584875
2025-07-15 04:02:50.516247+00:00,2.2584879
2025-07-15 04:03:06.829432+00:00,2.258487
2025-07-15 04:03:15.787981+00:00,2.2584876
2025-07-15 04:03:28.273211+00:00,2.2584883
2025-07-15 04:03:40.101588+00:00,2.2584869
2025-07-15 04:03:52.582198+00:00,2.2584873
2025-07-15 04:04:07.142104+00:00,2.2584875
2025-07-15 04:04:17.473550+00:00,2.2584875
2025-07-15 04:04:29.434474+00:00,2.258487
2025-07-15 04:04:41.949359+00:00,2.2584877
2025-07-15 04:04:54.151311+00:00,2.2584883
2025-07-15 04:05:06.768371+00:00,2.258487
2025-07-15 04:05:19.753904+00:00,2.2584875
2025-07-15 04:05:33.027408+00:00,2.2584879
2025-07-15 04:05:44.666171+00:00,2.2584879
2025-07-15 04:05:56.511320+00:00,2.258487
2025-07-15 04:06:33.978135+00:00,2.2584873
2025-07-15 04:06:46.672421+00:00,2.2584877
2025-07-15 04:06:59.040185+00:00,2.2584877
2025-07-15 04:07:12.280064+00:00,2.2584877
2025-07-15 04:07:36.352859+00:00,2.2584872
2025-07-15 04:07:48.745279+00:00,2.2584878
2025-07-15 04:08:01.724467+00:00,2.2584881
2025-07-15 04:08:16.338121+00:00,2.2584879
2025-07-15 04:08:26.429428+00:00,2.2584866
2025-07-15 04:08:39.362739+00:00,2.2584874
2025-07-15 04:08:51.400710+00:00,2.2584874
2025-07-15 04:09:04.395958+00:00,2.258488
2025-07-15 04:09:15.993234+00:00,2.2584882
2025-07-15 04:09:28.521266+00:00,2.2584876
2025-07-15 04:09:40.465760+00:00,2.2584877
2025-07-15 04:09:53.256462+00:00,2.2584872
2025-07-15 04:10:06.935102+00:00,2.258488
2025-07-15 04:10:18.796261+00:00,2.2584875
2025-07-15 04:10:30.786384+00:00,2.2584876
2025-07-15 04:10:44.350010+00:00,2.2584867
2025-07-15 04:10:56.791788+00:00,2.2584879
2025-07-15 04:11:09.199433+00:00,2.2584875
2025-07-15 04:11:21.878638+00:00,2.2584878
2025-07-15 04:11:34.581857+00:00,2.2584871
2025-07-15 04:11:48.622640+00:00,2.2584873
2025-07-15 04:11:59.784396+00:00,2.258488
2025-07-15 04:12:12.400228+00:00,2.2584883
2025-07-15 04:12:25.484810+00:00,2.258487
2025-07-15 04:12:38.055865+00:00,2.2584872
2025-07-15 04:12:50.821972+00:00,2.2584877
2025-07-15 04:13:16.330763+00:00,2.258488
2025-07-15 04:13:52.936670+00:00,2.2584879
2025-07-15 04:14:05.419936+00:00,2.2584876
2025-07-15 04:14:17.713168+00:00,2.2584877
2025-07-15 04:14:30.260540+00:00,2.2584879
2025-07-15 04:14:41.965685+00:00,2.2584882
2025-07-15 04:14:54.348491+00:00,2.2584873
2025-07-15 04:15:06.814948+00:00,2.258488
2025-07-15 04:15:32.924999+00:00,2.2584876
2025-07-15 04:15:44.175984+00:00,2.2584874
2025-07-15 04:15:56.883021+00:00,2.2584875
2025-07-15 04:16:10.804565+00:00,2.258487
2025-07-15 04:16:21.393411+00:00,2.2584882
2025-07-15 04:16:34.071778+00:00,2.2584868
2025-07-15 04:17:00.329001+00:00,2.2584879
2025-07-15 04:17:12.008257+00:00,2.2584874
2025-07-15 04:17:24.666511+00:00,2.2584882
2025-07-15 04:17:37.178276+00:00,2.2584877
2025-07-15 04:18:02.829040+00:00,2.2584876
2025-07-15 04:18:14.565446+00:00,2.2584875
2025-07-15 04:18:27.203306+00:00,2.2584881
2025-07-15 04:18:40.489264+00:00,2.2584884
2025-07-15 04:18:52.328882+00:00,2.2584879
2025-07-15 04:19:05.147101+00:00,2.2584884
2025-07-15 04:19:19.676780+00:00,2.2584884
2025-07-15 04:19:54.600807+00:00,2.2584877
2025-07-15 04:20:19.895461+00:00,2.2584883
2025-07-15 04:20:32.800421+00:00,2.2584878
2025-07-15 04:20:45.211066+00:00,2.2584879
2025-07-15 04:20:57.750115+00:00,2.2584876
2025-07-15 04:21:10.724154+00:00,2.258487
2025-07-15 04:21:35.687410+00:00,2.2584864
2025-07-15 04:21:49.747740+00:00,2.2584879
2025-07-15 04:22:01.060751+00:00,2.2584881
2025-07-15 04:22:13.622345+00:00,2.2584878
2025-07-15 04:22:26.295212+00:00,2.2584878
2025-07-15 04:22:39.197710+00:00,2.2584878
2025-07-15 04:22:51.345163+00:00,2.2584871
2025-07-15 04:23:04.227393+00:00,2.2584875
2025-07-15 04:23:16.890086+00:00,2.2584874
2025-07-15 04:23:29.555329+00:00,2.2584874
2025-07-15 04:23:42.174654+00:00,2.2584878
2025-07-15 04:23:54.662076+00:00,2.258487
2025-07-15 04:24:20.330048+00:00,2.2584873
2025-07-15 04:24:32.951520+00:00,2.2584879
2025-07-15 04:24:44.104441+00:00,2.2584873
2025-07-15 04:24:56.293492+00:00,2.2584879
2025-07-15 04:25:09.391666+00:00,2.2584882
2025-07-15 04:25:21.903017+00:00,2.2584874
2025-07-15 04:25:34.087102+00:00,2.2584878
2025-07-15 04:25:47.766966+00:00,2.2584876
2025-07-15 04:25:59.044156+00:00,2.2584863
2025-07-15 04:26:23.801651+00:00,2.2584882
2025-07-15 04:26:36.453926+00:00,2.2584878
2025-07-15 04:27:01.817145+00:00,2.2584882
2025-07-15 04:27:14.277307+00:00,2.2584876
2025-07-15 04:27:38.973496+00:00,2.2584882
2025-07-15 04:27:51.765266+00:00,2.258488
2025-07-15 04:28:29.399446+00:00,2.258487
2025-07-15 04:28:41.690228+00:00,2.2584875
2025-07-15 04:28:53.544811+00:00,2.2584876
2025-07-15 04:29:06.163442+00:00,2.2584878
2025-07-15 04:29:20.131110+00:00,2.2584884
2025-07-15 04:29:31.299507+00:00,2.2584875
2025-07-15 04:29:43.689154+00:00,2.2584874
2025-07-15 04:29:56.548296+00:00,2.2584874
2025-07-15 04:30:09.997219+00:00,2.2584878
2025-07-15 04:30:22.154262+00:00,2.2584879
2025-07-15 04:30:34.810943+00:00,2.2584875
2025-07-15 04:31:01.766409+00:00,2.2584878
2025-07-15 04:31:13.257441+00:00,2.2584868
2025-07-15 04:31:25.673524+00:00,2.2584878
2025-07-15 04:31:41.287702+00:00,2.2584874
2025-07-15 04:31:54.644887+00:00,2.2584881
2025-07-15 04:32:03.835173+00:00,2.2584876
2025-07-15 04:32:16.347231+00:00,2.2584874
2025-07-15 04:32:41.859367+00:00,2.2584879
2025-07-15 04:32:53.872939+00:00,2.2584874
2025-07-15 04:33:07.227817+00:00,2.2584875
2025-07-15 04:33:19.345888+00:00,2.2584878
2025-07-15 04:33:31.528799+00:00,2.258488
2025-07-15 04:33:44.015975+00:00,2.2584872
2025-07-15 04:33:56.253435+00:00,2.2584871
2025-07-15 04:34:09.495797+00:00,2.2584879
2025-07-15 04:34:21.883702+00:00,2.2584881
2025-07-15 04:34:33.651053+00:00,2.2584874
2025-07-15 04:34:46.068900+00:00,2.2584872
2025-07-15 04:34:59.073077+00:00,2.2584884
2025-07-15 04:35:10.836035+00:00,2.2584873
2025-07-15 04:35:23.387109+00:00,2.2584876
2025-07-15 04:35:47.661844+00:00,2.258488
2025-07-15 04:36:24.598475+00:00,2.2584877
2025-07-15 04:36:37.503496+00:00,2.2584878
2025-07-15 04:36:49.519234+00:00,2.258488
2025-07-15 04:37:03.106765+00:00,2.2584875
2025-07-15 04:37:14.429561+00:00,2.2584868
2025-07-15 04:37:29.641273+00:00,2.2584878
2025-07-15 04:37:39.928716+00:00,2.2584874
2025-07-15 04:37:52.199338+00:00,2.2584876
2025-07-15 04:38:05.114070+00:00,2.2584873
2025-07-15 04:38:17.744745+00:00,2.2584878
2025-07-15 04:38:29.970590+00:00,2.2584881
2025-07-15 04:38:42.346588+00:00,2.2584879
2025-07-15 04:38:54.556044+00:00,2.2584865
2025-07-15 04:39:07.689124+00:00,2.2584875
2025-07-15 04:39:32.164495+00:00,2.258488
2025-07-15 04:39:44.524029+00:00,2.2584882
2025-07-15 04:39:56.977448+00:00,2.2584881
2025-07-15 04:40:09.789660+00:00,2.258488
2025-07-15 04:40:22.014779+00:00,2.2584876
2025-07-15 04:40:35.306011+00:00,2.2584875
2025-07-15 04:40:47.063403+00:00,2.2584881
2025-07-15 04:40:59.392136+00:00,2.2584878
2025-07-15 04:41:12.217857+00:00,2.2584881
2025-07-15 04:41:25.533633+00:00,2.258487
2025-07-15 04:41:38.922939+00:00,2.2584878
2025-07-15 04:41:50.333214+00:00,2.2584874
2025-07-15 04:42:03.265265+00:00,2.2584877
2025-07-15 04:42:15.832705+00:00,2.2584877
2025-07-15 04:42:28.636964+00:00,2.2584873
2025-07-15 04:42:40.838202+00:00,2.258488
2025-07-15 04:42:54.092228+00:00,2.2584874
2025-07-15 04:43:06.459817+00:00,2.2584873
2025-07-15 04:43:18.961425+00:00,2.2584884
2025-07-15 04:43:32.171265+00:00,2.2584882
2025-07-15 04:43:44.309271+00:00,2.2584875
2025-07-15 04:43:56.958448+00:00,2.2584882
2025-07-15 04:44:10.373009+00:00,2.2584876
2025-07-15 04:44:35.122710+00:00,2.2584877
2025-07-15 04:44:48.063437+00:00,2.2584872
2025-07-15 04:45:00.451974+00:00,2.258488
2025-07-15 04:45:37.661434+00:00,2.2584882
2025-07-15 04:45:48.896296+00:00,2.2584883
2025-07-15 04:46:01.314302+00:00,2.2584879
2025-07-15 04:46:13.645093+00:00,2.2584881
2025-07-15 04:46:26.255569+00:00,2.2584879
2025-07-15 04:46:38.714822+00:00,2.2584876
2025-07-15 04:46:51.143106+00:00,2.2584881
2025-07-15 04:47:03.938429+00:00,2.2584875
2025-07-15 04:47:16.498260+00:00,2.2584879
2025-07-15 04:47:40.963117+00:00,2.2584878
2025-07-15 04:47:53.760190+00:00,2.2584879
2025-07-15 04:48:06.552357+00:00,2.2584874
2025-07-15 04:48:19.317485+00:00,2.2584884
2025-07-15 04:48:32.102534+00:00,2.2584879
2025-07-15 04:48:44.676971+00:00,2.2584878
2025-07-15 04:48:57.065823+00:00,2.2584868
2025-07-15 04:49:21.853171+00:00,2.2584878
2025-07-15 04:49:34.524190+00:00,2.2584882
2025-07-15 04:49:47.683265+00:00,2.2584874
2025-07-15 04:50:13.023066+00:00,2.2584877
2025-07-15 04:50:24.157176+00:00,2.2584884
2025-07-15 04:50:37.033959+00:00,2.2584881
2025-07-15 04:50:48.823515+00:00,2.2584881
2025-07-15 04:51:13.743240+00:00,2.2584884
2025-07-15 04:51:26.739400+00:00,2.2584876
2025-07-15 04:51:39.546825+00:00,2.2584881
2025-07-15 04:51:56.556551+00:00,2.2584874
2025-07-15 04:52:05.212368+00:00,2.2584884
2025-07-15 04:52:18.093888+00:00,2.2584879
2025-07-15 04:52:31.620132+00:00,2.2584872
2025-07-15 04:52:43.480162+00:00,2.2584873
2025-07-15 04:52:56.342974+00:00,2.258488
2025-07-15 04:53:08.677586+00:00,2.2584876
2025-07-15 04:53:22.503904+00:00,2.2584883
2025-07-15 04:53:33.412145+00:00,2.2584875
2025-07-15 04:53:50.183000+00:00,2.2584872
2025-07-15 04:53:58.759126+00:00,2.2584875
2025-07-15 04:54:11.359234+00:00,2.258488
2025-07-15 04:54:23.865024+00:00,2.2584866
2025-07-15 04:54:36.651979+00:00,2.2584878
2025-07-15 04:54:51.209581+00:00,2.2584872
2025-07-15 04:55:01.887886+00:00,2.2584883
2025-07-15 04:55:14.144788+00:00,2.2584875
2025-07-15 04:55:26.302957+00:00,2.2584868
2025-07-15 04:55:38.432359+00:00,2.2584869
2025-07-15 04:55:51.489895+00:00,2.2584878
2025-07-15 04:56:03.684253+00:00,2.2584877
2025-07-15 04:56:18.016007+00:00,2.2584878
2025-07-15 04:56:30.097024+00:00,2.2584877
2025-07-15 04:56:40.926642+00:00,2.2584878
2025-07-15 04:56:52.954557+00:00,2.2584876
2025-07-15 04:57:06.739797+00:00,2.2584879
2025-07-15 04:57:18.434042+00:00,2.2584881
2025-07-15 04:57:31.951193+00:00,2.2584876
2025-07-15 04:57:43.193900+00:00,2.2584881
2025-07-15 04:57:55.915785+00:00,2.2584877
2025-07-15 04:58:09.486296+00:00,2.2584871
2025-07-15 04:58:20.999184+00:00,2.2584877
2025-07-15 04:58:33.686539+00:00,2.2584881
2025-07-15 04:58:46.002448+00:00,2.2584878
2025-07-15 04:58:58.278700+00:00,2.2584874
2025-07-15 04:59:12.156681+00:00,2.258487
2025-07-15 04:59:25.986189+00:00,2.2584879
2025-07-15 04:59:35.630310+00:00,2.2584881
2025-07-15 04:59:48.542142+00:00,2.258488
2025-07-15 05:00:01.882901+00:00,2.2584881
2025-07-15 05:00:14.083444+00:00,2.2584876
2025-07-15 05:00:27.696546+00:00,2.2584871
2025-07-15 05:00:38.579594+00:00,2.2584883
2025-07-15 05:00:51.243392+00:00,2.2584881
2025-07-15 05:01:05.288695+00:00,2.2584883
2025-07-15 05:01:17.112520+00:00,2.2584882
2025-07-15 05:01:28.931257+00:00,2.2584874
2025-07-15 05:01:41.792449+00:00,2.2584883
2025-07-15 05:01:54.538185+00:00,2.2584877
2025-07-15 05:02:08.319114+00:00,2.2584876
2025-07-15 05:02:20.128616+00:00,2.2584879
2025-07-15 05:02:32.493084+00:00,2.2584884
2025-07-15 05:02:45.412951+00:00,2.2584873
2025-07-15 05:02:58.167739+00:00,2.2584871
2025-07-15 05:03:10.999714+00:00,2.2584876
2025-07-15 05:03:24.138161+00:00,2.2584875
2025-07-15 05:03:36.062147+00:00,2.2584869
2025-07-15 05:03:48.988800+00:00,2.2584879
2025-07-15 05:04:01.738566+00:00,2.258488
2025-07-15 05:04:13.947298+00:00,2.2584878
2025-07-15 05:04:26.760749+00:00,2.2584877
2025-07-15 05:04:40.916809+00:00,2.2584879
2025-07-15 05:04:54.138433+00:00,2.2584874
2025-07-15 05:05:07.021479+00:00,2.2584875
2025-07-15 05:05:18.517687+00:00,2.2584876
2025-07-15 05:05:53.473481+00:00,2.2584874
2025-07-15 05:06:06.985399+00:00,2.2584881
2025-07-15 05:06:18.277812+00:00,2.2584869
2025-07-15 05:06:37.536491+00:00,2.2584876
2025-07-15 05:06:45.059948+00:00,2.2584881
2025-07-15 05:06:55.877252+00:00,2.2584871
2025-07-15 05:07:08.770265+00:00,2.2584881
2025-07-15 05:07:24.271668+00:00,2.2584874
2025-07-15 05:07:35.589056+00:00,2.2584871
2025-07-15 05:07:47.055978+00:00,2.2584874
2025-07-15 05:08:00.345354+00:00,2.2584881
2025-07-15 05:08:12.408295+00:00,2.2584878
2025-07-15 05:08:29.085090+00:00,2.2584884
2025-07-15 05:08:39.894696+00:00,2.2584882
2025-07-15 05:08:51.386830+00:00,2.2584877
2025-07-15 05:09:02.292318+00:00,2.2584878
2025-07-15 05:09:14.865476+00:00,2.2584877
2025-07-15 05:09:27.479715+00:00,2.2584879
2025-07-15 05:09:40.335528+00:00,2.2584878
2025-07-15 05:09:52.196874+00:00,2.2584873
2025-07-15 05:10:04.829079+00:00,2.2584882
2025-07-15 05:10:17.486257+00:00,2.258488
2025-07-15 05:10:29.917398+00:00,2.2584874
2025-07-15 05:10:43.218170+00:00,2.2584868
2025-07-15 05:10:59.502014+00:00,2.2584875
2025-07-15 05:11:08.293022+00:00,2.2584879
2025-07-15 05:11:20.662298+00:00,2.2584878
2025-07-15 05:11:34.365728+00:00,2.2584871
2025-07-15 05:11:46.668339+00:00,2.2584873
2025-07-15 05:11:59.016049+00:00,2.2584871
2025-07-15 05:12:12.008494+00:00,2.2584877
2025-07-15 05:12:24.706478+00:00,2.258488
2025-07-15 05:12:38.599267+00:00,2.2584878
2025-07-15 05:12:55.747828+00:00,2.2584867
2025-07-15 05:13:02.627041+00:00,2.2584882
2025-07-15 05:13:15.920068+00:00,2.2584873
2025-07-15 05:13:28.360020+00:00,2.2584874
2025-07-15 05:13:40.818465+00:00,2.2584878
2025-07-15 05:13:54.762993+00:00,2.2584878
2025-07-15 05:14:06.399759+00:00,2.2584881
2025-07-15 05:14:18.599098+00:00,2.258488
2025-07-15 05:14:30.919968+00:00,2.2584874
2025-07-15 05:14:43.279951+00:00,2.2584874
2025-07-15 05:14:56.607169+00:00,2.2584881
2025-07-15 05:15:08.672564+00:00,2.2584881
2025-07-15 05:15:20.435937+00:00,2.2584874
2025-07-15 05:15:46.147550+00:00,2.2584877
2025-07-15 05:15:59.204727+00:00,2.2584883
2025-07-15 05:16:10.658739+00:00,2.2584874
2025-07-15 05:16:22.626266+00:00,2.2584881
2025-07-15 05:16:35.069121+00:00,2.2584881
2025-07-15 05:16:48.543896+00:00,2.2584873
2025-07-15 05:17:00.407453+00:00,2.2584882
2025-07-15 05:17:13.092785+00:00,2.2584874
2025-07-15 05:17:25.302040+00:00,2.2584882
2025-07-15 05:17:39.048676+00:00,2.2584879
2025-07-15 05:17:53.257349+00:00,2.2584875
2025-07-15 05:18:09.997111+00:00,2.2584878
2025-07-15 05:18:15.658963+00:00,2.2584874
2025-07-15 05:18:28.398514+00:00,2.258488
2025-07-15 05:18:40.049242+00:00,2.2584875
2025-07-15 05:18:52.849530+00:00,2.2584872
2025-07-15 05:19:05.605634+00:00,2.258487
2025-07-15 05:19:18.099984+00:00,2.2584877
2025-07-15 05:19:32.637720+00:00,2.258488
2025-07-15 05:19:42.111635+00:00,2.2584874
2025-07-15 05:19:54.708955+00:00,2.2584879
2025-07-15 05:20:07.679289+00:00,2.2584876
2025-07-15 05:20:19.916562+00:00,2.2584877
2025-07-15 05:20:32.270541+00:00,2.2584883
2025-07-15 05:20:44.813839+00:00,2.2584872
2025-07-15 05:20:57.933785+00:00,2.2584874
2025-07-15 05:21:11.078349+00:00,2.2584877
2025-07-15 05:21:28.403331+00:00,2.2584873
2025-07-15 05:21:36.173895+00:00,2.258488
2025-07-15 05:21:49.099464+00:00,2.2584869
2025-07-15 05:22:02.184984+00:00,2.2584875
2025-07-15 05:22:15.635297+00:00,2.258488
2025-07-15 05:22:31.114387+00:00,2.2584881
2025-07-15 05:22:39.928484+00:00,2.2584883
2025-07-15 05:22:52.493317+00:00,2.2584873
2025-07-15 05:23:05.432785+00:00,2.2584878
2025-07-15 05:23:18.442754+00:00,2.2584883
2025-07-15 05:23:30.447974+00:00,2.2584877
2025-07-15 05:23:43.080848+00:00,2.2584881
2025-07-15 05:23:55.917958+00:00,2.2584876
2025-07-15 05:24:08.615297+00:00,2.2584878
2025-07-15 05:24:33.201773+00:00,2.2584874
2025-07-15 05:24:45.106156+00:00,2.2584875
2025-07-15 05:24:57.635824+00:00,2.2584876
2025-07-15 05:25:09.896131+00:00,2.2584878
2025-07-15 05:25:24.603188+00:00,2.2584877
2025-07-15 05:25:34.611145+00:00,2.2584878
2025-07-15 05:25:46.985328+00:00,2.2584878
2025-07-15 05:25:58.944526+00:00,2.258488
2025-07-15 05:26:12.105783+00:00,2.258488
2025-07-15 05:26:23.928414+00:00,2.2584874
2025-07-15 05:26:36.354152+00:00,2.2584876
2025-07-15 05:26:48.775589+00:00,2.2584872
2025-07-15 05:27:01.500723+00:00,2.2584877
2025-07-15 05:27:13.719977+00:00,2.2584882
2025-07-15 05:27:26.648636+00:00,2.2584877
2025-07-15 05:27:38.777933+00:00,2.2584873
2025-07-15 05:27:51.245092+00:00,2.2584879
2025-07-15 05:28:04.108495+00:00,2.2584877
2025-07-15 05:28:16.658333+00:00,2.258488
2025-07-15 05:28:29.068006+00:00,2.2584882
2025-07-15 05:28:41.253855+00:00,2.258488
2025-07-15 05:28:53.545498+00:00,2.2584877
2025-07-15 05:29:06.431640+00:00,2.2584878
2025-07-15 05:29:20.060043+00:00,2.2584875
2025-07-15 05:29:31.365320+00:00,2.2584874
2025-07-15 05:29:43.065435+00:00,2.2584877
2025-07-15 05:29:55.721000+00:00,2.2584883
2025-07-15 05:30:08.854446+00:00,2.2584878
2025-07-15 05:30:24.923880+00:00,2.2584876
2025-07-15 05:30:34.218711+00:00,2.2584878
2025-07-15 05:30:47.828425+00:00,2.2584883
2025-07-15 05:30:59.281134+00:00,2.2584876
2025-07-15 05:31:13.083767+00:00,2.2584877
2025-07-15 05:31:24.499919+00:00,2.2584876
2025-07-15 05:31:37.618191+00:00,2.2584881
2025-07-15 05:31:50.105926+00:00,2.2584878
2025-07-15 05:32:02.594318+00:00,2.2584881
2025-07-15 05:32:14.980888+00:00,2.2584879
2025-07-15 05:32:27.639478+00:00,2.2584881
2025-07-15 05:32:40.286343+00:00,2.2584875
2025-07-15 05:32:52.614140+00:00,2.2584879
2025-07-15 05:33:05.601336+00:00,2.2584882
2025-07-15 05:33:18.925330+00:00,2.2584879
2025-07-15 05:33:30.167765+00:00,2.2584884
2025-07-15 05:33:43.468712+00:00,2.2584879
2025-07-15 05:33:54.661908+00:00,2.2584863
2025-07-15 05:34:07.356237+00:00,2.258487
2025-07-15 05:34:19.392323+00:00,2.2584882
2025-07-15 05:34:32.501232+00:00,2.2584881
2025-07-15 05:34:44.515835+00:00,2.2584877
2025-07-15 05:34:58.152458+00:00,2.2584874
2025-07-15 05:35:22.893969+00:00,2.2584881
2025-07-15 05:35:35.192809+00:00,2.2584875
2025-07-15 05:35:51.471324+00:00,2.2584875
2025-07-15 05:35:59.711684+00:00,2.258488
2025-07-15 05:36:12.377275+00:00,2.2584876
2025-07-15 05:36:25.715094+00:00,2.2584876
2025-07-15 05:36:37.123671+00:00,2.258488
2025-07-15 05:36:53.164507+00:00,2.2584876
2025-07-15 05:37:01.919723+00:00,2.2584872
2025-07-15 05:37:14.913337+00:00,2.2584874
2025-07-15 05:37:26.584992+00:00,2.2584874
2025-07-15 05:37:39.020669+00:00,2.2584881
2025-07-15 05:37:53.615236+00:00,2.2584876
2025-07-15 05:38:04.073816+00:00,2.2584878
2025-07-15 05:38:18.964566+00:00,2.2584874
2025-07-15 05:38:28.948155+00:00,2.2584869
2025-07-15 05:38:41.764462+00:00,2.2584874
2025-07-15 05:38:54.701904+00:00,2.2584873
2025-07-15 05:39:09.204873+00:00,2.2584878
2025-07-15 05:39:20.357683+00:00,2.2584884
2025-07-15 05:39:36.519865+00:00,2.2584868
2025-07-15 05:39:47.380888+00:00,2.2584876
2025-07-15 05:39:59.369650+00:00,2.2584878
2025-07-15 05:40:24.364102+00:00,2.2584879
2025-07-15 05:40:39.145904+00:00,2.2584878
2025-07-15 05:40:49.713188+00:00,2.2584879
2025-07-15 05:41:03.671543+00:00,2.2584871
2025-07-15 05:41:14.263882+00:00,2.2584879
2025-07-15 05:41:27.833849+00:00,2.2584873
2025-07-15 05:41:39.406496+00:00,2.2584878
2025-07-15 05:41:51.850722+00:00,2.2584875
2025-07-15 05:42:05.437038+00:00,2.2584878
2025-07-15 05:42:18.387675+00:00,2.2584878
2025-07-15 05:42:28.975443+00:00,2.2584876
2025-07-15 05:42:41.214665+00:00,2.2584876
2025-07-15 05:42:53.715333+00:00,2.2584881
2025-07-15 05:43:10.273478+00:00,2.2584876
2025-07-15 05:43:18.823713+00:00,2.2584872
2025-07-15 05:43:31.134969+00:00,2.2584877
2025-07-15 05:43:46.201764+00:00,2.2584875
2025-07-15 05:44:05.974159+00:00,2.2584878
2025-07-15 05:44:09.333811+00:00,2.2584873
2025-07-15 05:44:20.674033+00:00,2.2584878
2025-07-15 05:44:35.510661+00:00,2.2584877
2025-07-15 05:44:47.341764+00:00,2.2584878
2025-07-15 05:44:58.351323+00:00,2.2584877
2025-07-15 05:45:12.247746+00:00,2.258488
2025-07-15 05:45:24.308296+00:00,2.2584874
2025-07-15 05:45:36.396417+00:00,2.2584878
2025-07-15 05:45:48.848044+00:00,2.2584879
2025-07-15 05:46:01.331512+00:00,2.2584882
2025-07-15 05:46:13.562799+00:00,2.258488
2025-07-15 05:46:26.471389+00:00,2.2584876
2025-07-15 05:46:38.255987+00:00,2.2584879
2025-07-15 05:46:51.079918+00:00,2.2584874
2025-07-15 05:47:04.278940+00:00,2.2584882
2025-07-15 05:47:21.687168+00:00,2.2584881
2025-07-15 05:47:28.971593+00:00,2.2584879
2025-07-15 05:47:41.323564+00:00,2.2584876
2025-07-15 05:47:53.557094+00:00,2.2584878
2025-07-15 05:48:06.760166+00:00,2.2584876
2025-07-15 05:48:19.046683+00:00,2.2584876
2025-07-15 05:48:31.620179+00:00,2.2584878
2025-07-15 05:48:44.930899+00:00,2.2584881
2025-07-15 05:48:56.736077+00:00,2.2584884
2025-07-15 05:49:09.760891+00:00,2.2584876
2025-07-15 05:49:23.735008+00:00,2.2584877
2025-07-15 05:49:36.731047+00:00,2.2584872
2025-07-15 05:49:49.557842+00:00,2.2584877
2025-07-15 05:50:02.891408+00:00,2.2584879
2025-07-15 05:50:13.659759+00:00,2.2584881
2025-07-15 05:50:28.859815+00:00,2.2584875
2025-07-15 05:50:38.323883+00:00,2.2584875
2025-07-15 05:50:50.257061+00:00,2.2584875
2025-07-15 05:51:03.400442+00:00,2.2584877
2025-07-15 05:51:15.797310+00:00,2.2584881
2025-07-15 05:51:29.032735+00:00,2.2584877
2025-07-15 05:51:41.102971+00:00,2.2584878
2025-07-15 05:51:54.493163+00:00,2.2584882
2025-07-15 05:52:06.560439+00:00,2.2584874
2025-07-15 05:52:19.199165+00:00,2.2584883
2025-07-15 05:52:31.829926+00:00,2.2584882
2025-07-15 05:52:43.802273+00:00,2.2584877
2025-07-15 05:52:55.938252+00:00,2.2584881
2025-07-15 05:53:08.827097+00:00,2.2584874
2025-07-15 05:53:20.619171+00:00,2.2584882
2025-07-15 05:53:34.299135+00:00,2.2584874
2025-07-15 05:53:47.260707+00:00,2.2584872
2025-07-15 05:53:58.028647+00:00,2.2584883
2025-07-15 05:54:11.428307+00:00,2.2584876
2025-07-15 05:54:23.562322+00:00,2.2584877
2025-07-15 05:54:37.585448+00:00,2.2584876
2025-07-15 05:54:48.793345+00:00,2.2584876
2025-07-15 05:55:01.350768+00:00,2.258488
2025-07-15 05:55:14.133075+00:00,2.2584881
2025-07-15 05:55:26.805228+00:00,2.2584874
2025-07-15 05:55:39.958403+00:00,2.2584881
2025-07-15 05:55:51.564537+00:00,2.2584878
2025-07-15 05:56:04.483570+00:00,2.258488
2025-07-15 05:56:16.981258+00:00,2.258488
2025-07-15 05:56:32.224362+00:00,2.2584879
2025-07-15 05:56:42.111904+00:00,2.2584875
2025-07-15 05:56:53.965823+00:00,2.2584874
2025-07-15 05:57:06.637473+00:00,2.2584879
2025-07-15 05:57:19.367139+00:00,2.2584883
2025-07-15 05:57:32.273904+00:00,2.2584874
2025-07-15 05:57:44.072210+00:00,2.2584881
2025-07-15 05:57:56.322228+00:00,2.2584876
2025-07-15 05:58:09.147737+00:00,2.2584878
2025-07-15 05:58:20.882291+00:00,2.258488
2025-07-15 05:58:33.672260+00:00,2.2584875
2025-07-15 05:58:46.565463+00:00,2.2584871
2025-07-15 05:59:00.059838+00:00,2.2584877
2025-07-15 05:59:12.040457+00:00,2.2584878
2025-07-15 05:59:37.180510+00:00,2.2584868
2025-07-15 05:59:50.262043+00:00,2.2584875
2025-07-15 06:00:03.101089+00:00,2.2584877
2025-07-15 06:00:15.777656+00:00,2.2584881
2025-07-15 06:00:31.262223+00:00,2.2584872
2025-07-15 06:00:41.243663+00:00,2.258488
2025-07-15 06:00:53.430088+00:00,2.2584878
2025-07-15 06:01:07.061821+00:00,2.2584875
2025-07-15 06:01:18.759487+00:00,2.2584883
2025-07-15 06:01:33.876573+00:00,2.2584882
2025-07-15 06:01:44.897964+00:00,2.2584873
2025-07-15 06:01:56.618286+00:00,2.2584874
2025-07-15 06:02:09.131235+00:00,2.2584879
2025-07-15 06:02:22.976686+00:00,2.2584882
2025-07-15 06:02:33.894003+00:00,2.2584874
2025-07-15 06:02:46.023711+00:00,2.2584883
2025-07-15 06:02:58.435144+00:00,2.2584877
2025-07-15 06:03:11.273486+00:00,2.2584874
2025-07-15 06:03:23.071128+00:00,2.2584881
2025-07-15 06:03:36.015044+00:00,2.2584875
2025-07-15 06:03:48.899842+00:00,2.2584881
2025-07-15 06:04:02.054763+00:00,2.2584875
2025-07-15 06:04:13.277866+00:00,2.2584883
2025-07-15 06:04:25.580761+00:00,2.2584874
2025-07-15 06:04:38.205518+00:00,2.2584879
2025-07-15 06:04:50.557927+00:00,2.2584879
2025-07-15 06:05:09.295369+00:00,2.2584874
2025-07-15 06:05:16.579008+00:00,2.2584879
2025-07-15 06:05:28.639357+00:00,2.2584873
2025-07-15 06:05:41.197582+00:00,2.2584872
2025-07-15 06:05:53.305211+00:00,2.2584875
2025-07-15 06:06:08.006495+00:00,2.2584875
2025-07-15 06:06:18.448376+00:00,2.2584875
2025-07-15 06:06:31.102980+00:00,2.2584882
2025-07-15 06:06:46.134995+00:00,2.2584877
2025-07-15 06:06:56.180361+00:00,2.2584872
2025-07-15 06:07:08.094625+00:00,2.2584877
2025-07-15 06:07:20.671499+00:00,2.2584877
2025-07-15 06:07:33.965343+00:00,2.2584873
2025-07-15 06:07:47.017402+00:00,2.2584872
2025-07-15 06:07:59.546358+00:00,2.2584871
2025-07-15 06:08:12.254738+00:00,2.2584879
2025-07-15 06:08:25.078396+00:00,2.2584873
2025-07-15 06:08:39.507975+00:00,2.2584877
2025-07-15 06:08:51.319863+00:00,2.2584876
2025-07-15 06:09:03.365298+00:00,2.2584875
2025-07-15 06:09:16.310307+00:00,2.2584883
2025-07-15 06:09:28.325218+00:00,2.2584875
2025-07-15 06:09:41.057791+00:00,2.2584874
2025-07-15 06:09:55.291425+00:00,2.2584875
2025-07-15 06:10:07.071966+00:00,2.2584875
2025-07-15 06:10:19.113095+00:00,2.2584879
2025-07-15 06:10:32.553854+00:00,2.2584875
2025-07-15 06:10:43.834237+00:00,2.2584875
2025-07-15 06:10:56.317061+00:00,2.2584874
2025-07-15 06:11:08.699767+00:00,2.2584882
2025-07-15 06:11:20.783380+00:00,2.2584876
2025-07-15 06:11:33.301751+00:00,2.2584881
2025-07-15 06:11:45.145893+00:00,2.2584877
2025-07-15 06:11:57.573472+00:00,2.2584877
2025-07-15 06:12:12.555124+00:00,2.2584877
2025-07-15 06:12:23.012828+00:00,2.2584874
2025-07-15 06:12:34.656234+00:00,2.258488
2025-07-15 06:12:48.837663+00:00,2.2584878
2025-07-15 06:13:00.773552+00:00,2.2584873
2025-07-15 06:13:13.872669+00:00,2.258487
2025-07-15 06:13:26.813250+00:00,2.2584878
2025-07-15 06:13:39.071678+00:00,2.2584881
2025-07-15 06:13:50.578270+00:00,2.2584874
2025-07-15 06:14:03.698519+00:00,2.2584878
2025-07-15 06:14:17.126822+00:00,2.2584875
2025-07-15 06:14:28.629482+00:00,2.2584874
2025-07-15 06:14:41.480231+00:00,2.2584868
2025-07-15 06:14:54.157730+00:00,2.2584878
2025-07-15 06:15:06.006151+00:00,2.2584882
2025-07-15 06:15:18.913140+00:00,2.2584881
2025-07-15 06:15:31.004971+00:00,2.2584879
2025-07-15 06:15:43.441187+00:00,2.2584876
2025-07-15 06:15:57.919208+00:00,2.2584879
2025-07-15 06:16:08.951061+00:00,2.2584872
2025-07-15 06:16:22.547792+00:00,2.258488
2025-07-15 06:16:34.776720+00:00,2.2584875
2025-07-15 06:16:46.201338+00:00,2.2584879
2025-07-15 06:16:58.791803+00:00,2.2584874
2025-07-15 06:17:11.976047+00:00,2.2584875
2025-07-15 06:17:24.457101+00:00,2.2584876
2025-07-15 06:17:37.293311+00:00,2.2584876
2025-07-15 06:17:50.005320+00:00,2.2584877
2025-07-15 06:18:02.878849+00:00,2.2584881
2025-07-15 06:18:15.419282+00:00,2.2584877
2025-07-15 06:18:29.622808+00:00,2.2584874
2025-07-15 06:18:40.488955+00:00,2.2584877
2025-07-15 06:18:53.846807+00:00,2.2584873
2025-07-15 06:19:06.166480+00:00,2.2584874
2025-07-15 06:19:19.109444+00:00,2.2584874
2025-07-15 06:19:31.267169+00:00,2.2584874
2025-07-15 06:19:43.782218+00:00,2.2584877
2025-07-15 06:19:56.473240+00:00,2.2584874
2025-07-15 06:20:09.229585+00:00,2.2584875
2025-07-15 06:20:21.796759+00:00,2.2584874
2025-07-15 06:20:34.214120+00:00,2.2584882
2025-07-15 06:20:48.019041+00:00,2.258488
2025-07-15 06:20:58.489762+00:00,2.258488
2025-07-15 06:21:11.118782+00:00,2.2584877
2025-07-15 06:21:23.313508+00:00,2.2584877
2025-07-15 06:21:50.063333+00:00,2.2584878
2025-07-15 06:22:01.299412+00:00,2.2584875
2025-07-15 06:22:13.262762+00:00,2.2584878
2025-07-15 06:22:28.797265+00:00,2.2584876
2025-07-15 06:22:38.334634+00:00,2.2584878
2025-07-15 06:22:53.366149+00:00,2.2584874
2025-07-15 06:23:03.642932+00:00,2.2584875
2025-07-15 06:23:16.517927+00:00,2.2584875
2025-07-15 06:23:29.252882+00:00,2.2584873
2025-07-15 06:23:41.944220+00:00,2.258488
2025-07-15 06:23:53.728310+00:00,2.2584874
2025-07-15 06:24:06.691957+00:00,2.2584876
2025-07-15 06:24:19.493072+00:00,2.2584875
2025-07-15 06:24:31.214103+00:00,2.258488
2025-07-15 06:24:44.011773+00:00,2.2584879
2025-07-15 06:24:56.233927+00:00,2.2584872
2025-07-15 06:25:09.821366+00:00,2.258488
2025-07-15 06:25:21.658040+00:00,2.2584882
2025-07-15 06:25:37.740780+00:00,2.2584873
2025-07-15 06:25:48.740305+00:00,2.2584875
2025-07-15 06:25:59.161541+00:00,2.258488
2025-07-15 06:26:12.806046+00:00,2.2584875
2025-07-15 06:26:24.862691+00:00,2.2584875
2025-07-15 06:26:37.643262+00:00,2.2584874
2025-07-15 06:26:50.205700+00:00,2.2584878
2025-07-15 06:27:03.472995+00:00,2.2584874
2025-07-15 06:27:17.825133+00:00,2.2584877
2025-07-15 06:27:28.567570+00:00,2.2584873
2025-07-15 06:27:42.962474+00:00,2.2584878
2025-07-15 06:27:54.744044+00:00,2.2584878
2025-07-15 06:28:06.626777+00:00,2.2584881
2025-07-15 06:28:19.527013+00:00,2.2584876
2025-07-15 06:28:32.884550+00:00,2.2584871
2025-07-15 06:28:44.205968+00:00,2.2584873
2025-07-15 06:28:57.757181+00:00,2.2584874
2025-07-15 06:29:09.599141+00:00,2.2584882
2025-07-15 06:29:21.970233+00:00,2.2584874
2025-07-15 06:29:34.452550+00:00,2.2584878
2025-07-15 06:29:47.008070+00:00,2.2584876
2025-07-15 06:30:00.023444+00:00,2.2584877
2025-07-15 06:30:12.063527+00:00,2.2584879
2025-07-15 06:30:25.388130+00:00,2.2584876
2025-07-15 06:30:36.829737+00:00,2.2584877
2025-07-15 06:30:48.780161+00:00,2.258488
2025-07-15 06:31:01.213984+00:00,2.2584883
2025-07-15 06:31:13.458945+00:00,2.2584875
2025-07-15 06:31:25.438107+00:00,2.2584872
2025-07-15 06:31:39.825331+00:00,2.2584875
2025-07-15 06:31:50.328099+00:00,2.258488
2025-07-15 06:32:03.411320+00:00,2.2584877
2025-07-15 06:32:15.582099+00:00,2.2584873
2025-07-15 06:32:28.218578+00:00,2.2584876
2025-07-15 06:32:40.719285+00:00,2.2584872
2025-07-15 06:32:55.099799+00:00,2.2584877
2025-07-15 06:33:10.793761+00:00,2.2584873
2025-07-15 06:33:21.980463+00:00,2.2584875
2025-07-15 06:33:32.081170+00:00,2.2584875
2025-07-15 06:33:43.594843+00:00,2.2584871
2025-07-15 06:33:55.657917+00:00,2.2584881
2025-07-15 06:34:08.498108+00:00,2.2584875
2025-07-15 06:34:21.935090+00:00,2.2584876
2025-07-15 06:34:33.540169+00:00,2.2584883
2025-07-15 06:34:46.183759+00:00,2.2584879
2025-07-15 06:34:59.111647+00:00,2.2584874
2025-07-15 06:35:11.247317+00:00,2.2584877
2025-07-15 06:35:25.023586+00:00,2.2584882
2025-07-15 06:35:37.436724+00:00,2.2584873
2025-07-15 06:35:48.796838+00:00,2.2584874
2025-07-15 06:36:02.570597+00:00,2.2584877
2025-07-15 06:36:14.453755+00:00,2.2584878
2025-07-15 06:36:27.787624+00:00,2.2584875
2025-07-15 06:36:40.350877+00:00,2.2584876
2025-07-15 06:36:52.982087+00:00,2.2584877
2025-07-15 06:37:07.645482+00:00,2.2584879
2025-07-15 06:37:18.547772+00:00,2.258487
2025-07-15 06:37:31.427065+00:00,2.2584874
2025-07-15 06:37:44.227382+00:00,2.258487
2025-07-15 06:37:56.351185+00:00,2.2584872
2025-07-15 06:38:10.247123+00:00,2.2584874
2025-07-15 06:38:22.200415+00:00,2.2584873
2025-07-15 06:38:34.126453+00:00,2.2584874
2025-07-15 06:38:46.883424+00:00,2.2584878
2025-07-15 06:38:59.086379+00:00,2.2584876
2025-07-15 06:39:11.652276+00:00,2.2584872
2025-07-15 06:39:26.652294+00:00,2.2584878
2025-07-15 06:39:36.599459+00:00,2.2584877
2025-07-15 06:39:52.535276+00:00,2.2584873
2025-07-15 06:40:08.236540+00:00,2.2584878
2025-07-15 06:40:15.423554+00:00,2.2584875
2025-07-15 06:40:26.760291+00:00,2.2584871
2025-07-15 06:40:39.941721+00:00,2.2584875
2025-07-15 06:40:50.759498+00:00,2.2584884
2025-07-15 06:41:03.348494+00:00,2.2584875
2025-07-15 06:41:15.688898+00:00,2.2584877
2025-07-15 06:41:29.601230+00:00,2.2584874
2025-07-15 06:41:40.439877+00:00,2.2584875
2025-07-15 06:41:52.931103+00:00,2.2584871
2025-07-15 06:42:06.588841+00:00,2.2584874
2025-07-15 06:42:17.831118+00:00,2.2584879
2025-07-15 06:42:30.406141+00:00,2.258488
2025-07-15 06:42:42.397419+00:00,2.2584878
2025-07-15 06:42:54.875298+00:00,2.2584873
2025-07-15 06:43:07.576343+00:00,2.2584876
2025-07-15 06:43:20.638328+00:00,2.2584881
2025-07-15 06:43:33.300952+00:00,2.2584876
2025-07-15 06:43:45.907364+00:00,2.2584874
2025-07-15 06:44:01.712804+00:00,2.2584877
2025-07-15 06:44:11.153868+00:00,2.2584881
2025-07-15 06:44:23.452132+00:00,2.2584879
2025-07-15 06:44:38.051974+00:00,2.2584874
2025-07-15 06:44:48.620097+00:00,2.2584878
2025-07-15 06:45:00.757020+00:00,2.258488
2025-07-15 06:45:13.183416+00:00,2.2584878
2025-07-15 06:45:27.254729+00:00,2.2584872
2025-07-15 06:45:37.903328+00:00,2.258488
2025-07-15 06:45:50.238344+00:00,2.2584882
2025-07-15 06:46:04.335149+00:00,2.2584881
2025-07-15 06:46:14.884304+00:00,2.2584878
2025-07-15 06:46:27.408706+00:00,2.258487
2025-07-15 06:46:40.273945+00:00,2.2584874
2025-07-15 06:46:53.960080+00:00,2.2584873
2025-07-15 06:47:06.259306+00:00,2.2584875
2025-07-15 06:47:19.098741+00:00,2.2584876
2025-07-15 06:47:31.329761+00:00,2.2584881
2025-07-15 06:47:44.209774+00:00,2.2584875
2025-07-15 06:47:56.815931+00:00,2.2584874
2025-07-15 06:48:10.102882+00:00,2.2584878
2025-07-15 06:48:23.515640+00:00,2.2584874
2025-07-15 06:48:35.138475+00:00,2.2584872
2025-07-15 06:48:48.569984+00:00,2.2584879
2025-07-15 06:49:00.185489+00:00,2.2584876
2025-07-15 06:49:13.007242+00:00,2.2584881
2025-07-15 06:49:25.247255+00:00,2.2584879
2025-07-15 06:49:38.633508+00:00,2.2584881
2025-07-15 06:49:51.815099+00:00,2.2584876
2025-07-15 06:50:03.214943+00:00,2.2584877
2025-07-15 06:50:16.447593+00:00,2.2584866
2025-07-15 06:50:28.438564+00:00,2.2584878
2025-07-15 06:50:41.097453+00:00,2.2584878
2025-07-15 06:50:53.521455+00:00,2.2584881
2025-07-15 06:51:05.998918+00:00,2.2584877
2025-07-15 06:51:29.553490+00:00,2.2584872
2025-07-15 06:51:41.984317+00:00,2.2584874
2025-07-15 06:51:54.988109+00:00,2.2584877
2025-07-15 06:52:08.847663+00:00,2.2584871
2025-07-15 06:52:18.979392+00:00,2.2584873
2025-07-15 06:52:32.612403+00:00,2.2584882
2025-07-15 06:52:43.968407+00:00,2.2584876
2025-07-15 06:52:57.190932+00:00,2.2584871
2025-07-15 06:53:09.412255+00:00,2.2584876
2025-07-15 06:53:21.737160+00:00,2.258488
2025-07-15 06:53:34.863830+00:00,2.2584878
2025-07-15 06:53:47.377719+00:00,2.2584879
2025-07-15 06:53:59.990705+00:00,2.2584881
2025-07-15 06:54:13.012000+00:00,2.2584876
2025-07-15 06:54:25.210768+00:00,2.2584873
2025-07-15 06:54:37.721401+00:00,2.2584878
2025-07-15 06:54:49.944766+00:00,2.2584865
2025-07-15 06:55:02.782750+00:00,2.2584879
2025-07-15 06:55:15.459672+00:00,2.2584881
2025-07-15 06:55:27.901412+00:00,2.258487
2025-07-15 06:55:41.849748+00:00,2.2584876
2025-07-15 06:55:53.249360+00:00,2.2584875
2025-07-15 06:56:08.308573+00:00,2.2584878
2025-07-15 06:56:18.685967+00:00,2.2584881
2025-07-15 06:56:30.770199+00:00,2.2584874
2025-07-15 06:56:44.431360+00:00,2.2584875
2025-07-15 06:56:55.825922+00:00,2.258487
2025-07-15 06:57:09.564123+00:00,2.2584875
2025-07-15 06:57:21.088073+00:00,2.2584872
2025-07-15 06:57:33.847853+00:00,2.2584879
2025-07-15 06:57:47.730154+00:00,2.258487
2025-07-15 06:57:59.530423+00:00,2.2584882
2025-07-15 06:58:12.200576+00:00,2.2584871
2025-07-15 06:58:24.601796+00:00,2.2584871
2025-07-15 06:58:37.526993+00:00,2.2584874
2025-07-15 06:58:51.815104+00:00,2.2584878
2025-07-15 06:59:02.612262+00:00,2.2584882
2025-07-15 06:59:18.329686+00:00,2.2584874
2025-07-15 06:59:27.677249+00:00,2.2584877
2025-07-15 06:59:40.387505+00:00,2.2584875
2025-07-15 06:59:52.927412+00:00,2.2584875
2025-07-15 07:00:05.719193+00:00,2.2584876
2025-07-15 07:00:18.594683+00:00,2.258488
2025-07-15 07:00:30.829153+00:00,2.2584876
2025-07-15 07:00:42.649146+00:00,2.2584872
2025-07-15 07:00:55.802536+00:00,2.2584873
2025-07-15 07:01:07.825926+00:00,2.2584882
2025-07-15 07:01:19.974045+00:00,2.2584877
2025-07-15 07:01:32.736452+00:00,2.2584873
2025-07-15 07:01:44.623793+00:00,2.2584872
2025-07-15 07:01:56.893112+00:00,2.2584881
2025-07-15 07:02:10.457299+00:00,2.258488
2025-07-15 07:02:23.634079+00:00,2.2584874
2025-07-15 07:02:33.900795+00:00,2.2584876
2025-07-15 07:02:46.839278+00:00,2.258488
2025-07-15 07:02:59.506783+00:00,2.2584872
2025-07-15 07:03:11.714472+00:00,2.2584872
2025-07-15 07:03:37.250187+00:00,2.2584878
2025-07-15 07:03:49.440230+00:00,2.258488
2025-07-15 07:04:04.815556+00:00,2.2584874
2025-07-15 07:04:14.199650+00:00,2.2584878
2025-07-15 07:04:27.104383+00:00,2.2584874
2025-07-15 07:04:38.989323+00:00,2.2584878
2025-07-15 07:04:51.649995+00:00,2.2584874
2025-07-15 07:05:04.460969+00:00,2.258487
2025-07-15 07:05:17.140754+00:00,2.2584871
2025-07-15 07:05:29.707509+00:00,2.2584875
2025-07-15 07:05:43.200238+00:00,2.258488
2025-07-15 07:05:54.232198+00:00,2.2584873
2025-07-15 07:06:06.770669+00:00,2.2584877
2025-07-15 07:06:22.546786+00:00,2.2584874
2025-07-15 07:06:32.596835+00:00,2.2584875
2025-07-15 07:06:43.932007+00:00,2.2584873
2025-07-15 07:06:56.546019+00:00,2.2584879
2025-07-15 07:07:09.374590+00:00,2.2584877
2025-07-15 07:07:22.072349+00:00,2.2584882
2025-07-15 07:07:34.987926+00:00,2.2584881
2025-07-15 07:07:47.361641+00:00,2.2584875
2025-07-15 07:07:59.809699+00:00,2.2584876
2025-07-15 07:08:12.859989+00:00,2.2584874
2025-07-15 07:08:25.852871+00:00,2.2584877
2025-07-15 07:08:38.568185+00:00,2.258487
2025-07-15 07:08:50.443020+00:00,2.2584878
2025-07-15 07:09:03.464014+00:00,2.2584877
2025-07-15 07:09:16.078829+00:00,2.2584877
2025-07-15 07:09:28.554360+00:00,2.2584876
2025-07-15 07:09:41.734580+00:00,2.2584877
2025-07-15 07:09:53.900458+00:00,2.2584876
2025-07-15 07:10:06.353618+00:00,2.2584876
2025-07-15 07:10:18.648521+00:00,2.258487
2025-07-15 07:10:31.161290+00:00,2.2584879
2025-07-15 07:10:43.687054+00:00,2.2584874
2025-07-15 07:10:55.299304+00:00,2.2584879
2025-07-15 07:11:20.695160+00:00,2.2584875
2025-07-15 07:11:32.761449+00:00,2.2584871
2025-07-15 07:11:48.646506+00:00,2.2584879
2025-07-15 07:11:56.831981+00:00,2.2584876
2025-07-15 07:12:09.612442+00:00,2.2584878
2025-07-15 07:12:21.671622+00:00,2.2584874
2025-07-15 07:12:34.244040+00:00,2.2584872
2025-07-15 07:12:46.619540+00:00,2.2584872
2025-07-15 07:12:58.996408+00:00,2.258487
2025-07-15 07:13:12.156005+00:00,2.2584875
2025-07-15 07:13:24.353197+00:00,2.2584874
2025-07-15 07:13:36.796392+00:00,2.2584871
2025-07-15 07:13:51.370031+00:00,2.2584874
2025-07-15 07:14:01.829427+00:00,2.2584874
2025-07-15 07:14:15.223590+00:00,2.2584874
2025-07-15 07:14:26.748645+00:00,2.2584873
2025-07-15 07:14:39.083350+00:00,2.258488
2025-07-15 07:14:53.606061+00:00,2.2584878
2025-07-15 07:15:05.207189+00:00,2.2584873
2025-07-15 07:15:16.368088+00:00,2.2584874
2025-07-15 07:15:29.053944+00:00,2.2584873
2025-07-15 07:15:42.072138+00:00,2.2584877
2025-07-15 07:15:53.801491+00:00,2.2584874
2025-07-15 07:16:06.875438+00:00,2.2584873
2025-07-15 07:16:19.140805+00:00,2.2584876
2025-07-15 07:16:31.959840+00:00,2.2584881
2025-07-15 07:16:44.470476+00:00,2.2584878
2025-07-15 07:16:57.476720+00:00,2.258487
2025-07-15 07:17:11.443755+00:00,2.2584871
2025-07-15 07:17:23.045384+00:00,2.2584873
2025-07-15 07:17:35.783964+00:00,2.258487
2025-07-15 07:17:48.949609+00:00,2.2584873
2025-07-15 07:18:01.441846+00:00,2.2584878
2025-07-15 07:18:14.216918+00:00,2.2584875
2025-07-15 07:18:26.942628+00:00,2.2584872
2025-07-15 07:18:39.693294+00:00,2.2584874
2025-07-15 07:18:52.093448+00:00,2.2584875
2025-07-15 07:19:05.164353+00:00,2.2584872
2025-07-15 07:19:17.898970+00:00,2.2584878
2025-07-15 07:19:30.214637+00:00,2.2584876
2025-07-15 07:19:42.355971+00:00,2.2584873
2025-07-15 07:19:54.787073+00:00,2.2584873
2025-07-15 07:20:07.446018+00:00,2.2584872
2025-07-15 07:20:19.666154+00:00,2.2584876
2025-07-15 07:20:31.956505+00:00,2.2584881
2025-07-15 07:20:44.034115+00:00,2.2584878
2025-07-15 07:20:56.495355+00:00,2.2584875
2025-07-15 07:21:10.146461+00:00,2.2584874
2025-07-15 07:21:21.646808+00:00,2.2584873
2025-07-15 07:21:34.202376+00:00,2.258488
2025-07-15 07:21:47.160212+00:00,2.2584877
2025-07-15 07:21:59.368932+00:00,2.2584877
2025-07-15 07:22:15.270061+00:00,2.2584873
2025-07-15 07:22:24.429833+00:00,2.2584873
2025-07-15 07:22:36.919126+00:00,2.2584875
2025-07-15 07:22:49.429428+00:00,2.2584875
2025-07-15 07:23:02.061152+00:00,2.2584879
2025-07-15 07:23:14.599226+00:00,2.2584875
2025-07-15 07:23:26.736801+00:00,2.2584876
2025-07-15 07:23:39.261419+00:00,2.2584873
2025-07-15 07:23:51.664489+00:00,2.2584867
2025-07-15 07:24:04.219456+00:00,2.2584868
2025-07-15 07:24:18.693769+00:00,2.2584873
2025-07-15 07:24:29.540726+00:00,2.2584879
2025-07-15 07:24:42.375699+00:00,2.2584874
2025-07-15 07:24:54.576563+00:00,2.2584871
2025-07-15 07:25:07.596988+00:00,2.2584875
2025-07-15 07:25:20.539562+00:00,2.2584875
2025-07-15 07:25:35.007983+00:00,2.2584872
2025-07-15 07:25:44.970945+00:00,2.2584879
2025-07-15 07:25:58.857087+00:00,2.2584876
2025-07-15 07:26:10.468222+00:00,2.2584869
2025-07-15 07:26:23.630429+00:00,2.2584871
2025-07-15 07:26:35.689330+00:00,2.258487
2025-07-15 07:26:48.831762+00:00,2.2584876
2025-07-15 07:27:01.577538+00:00,2.2584877
2025-07-15 07:27:15.628562+00:00,2.2584871
2025-07-15 07:27:27.552819+00:00,2.2584869
2025-07-15 07:27:38.979188+00:00,2.2584868
2025-07-15 07:27:51.877752+00:00,2.2584872
2025-07-15 07:28:04.598737+00:00,2.2584878
2025-07-15 07:28:18.988035+00:00,2.258487
2025-07-15 07:28:29.944207+00:00,2.2584875
2025-07-15 07:28:42.518902+00:00,2.2584878
2025-07-15 07:28:55.206240+00:00,2.2584875
2025-07-15 07:29:08.199733+00:00,2.258487
2025-07-15 07:29:20.450498+00:00,2.258488
2025-07-15 07:29:33.292384+00:00,2.2584876
2025-07-15 07:29:45.569324+00:00,2.2584874
2025-07-15 07:29:57.684490+00:00,2.2584876
2025-07-15 07:30:10.389359+00:00,2.2584873
2025-07-15 07:30:23.596503+00:00,2.2584875
2025-07-15 07:30:37.107217+00:00,2.2584872
2025-07-15 07:30:47.907006+00:00,2.258487
2025-07-15 07:31:01.512102+00:00,2.2584872
2025-07-15 07:31:12.827087+00:00,2.258488
2025-07-15 07:31:25.385322+00:00,2.2584875
2025-07-15 07:31:37.983792+00:00,2.258487
2025-07-15 07:31:50.888417+00:00,2.2584879
2025-07-15 07:32:03.118863+00:00,2.2584878
2025-07-15 07:32:15.537838+00:00,2.2584876
2025-07-15 07:32:28.203967+00:00,2.2584873
2025-07-15 07:32:41.959563+00:00,2.2584877
2025-07-15 07:32:53.413121+00:00,2.2584871
2025-07-15 07:33:05.186581+00:00,2.2584872
2025-07-15 07:33:17.752118+00:00,2.2584878
2025-07-15 07:33:30.376585+00:00,2.2584875
2025-07-15 07:33:42.580352+00:00,2.2584879
2025-07-15 07:33:54.988654+00:00,2.2584878
2025-07-15 07:34:07.938070+00:00,2.2584874
2025-07-15 07:34:19.911095+00:00,2.2584873
2025-07-15 07:34:32.401720+00:00,2.2584873
2025-07-15 07:34:44.820888+00:00,2.2584874
2025-07-15 07:34:58.871677+00:00,2.258488
2025-07-15 07:35:10.723347+00:00,2.2584873
2025-07-15 07:35:23.559478+00:00,2.2584875
2025-07-15 07:35:36.257372+00:00,2.2584874
2025-07-15 07:36:02.831367+00:00,2.2584881
2025-07-15 07:36:14.437034+00:00,2.2584869
2025-07-15 07:36:27.356690+00:00,2.2584878
2025-07-15 07:36:41.864985+00:00,2.2584873
2025-07-15 07:36:52.160146+00:00,2.2584878
2025-07-15 07:37:05.179578+00:00,2.2584878
2025-07-15 07:37:18.301929+00:00,2.2584878
2025-07-15 07:37:30.201109+00:00,2.2584877
2025-07-15 07:37:42.863931+00:00,2.2584875
2025-07-15 07:37:55.360211+00:00,2.2584873
2025-07-15 07:38:08.187022+00:00,2.2584876
2025-07-15 07:38:20.918526+00:00,2.2584871
2025-07-15 07:38:34.600595+00:00,2.2584874
2025-07-15 07:38:46.060676+00:00,2.2584869
2025-07-15 07:38:58.641482+00:00,2.2584876
2025-07-15 07:39:10.938408+00:00,2.2584871
2025-07-15 07:39:23.216284+00:00,2.2584865
2025-07-15 07:39:36.095219+00:00,2.258488
2025-07-15 07:39:49.502637+00:00,2.2584875
2025-07-15 07:40:00.667780+00:00,2.2584873
2025-07-15 07:40:13.349486+00:00,2.2584875
2025-07-15 07:40:25.939976+00:00,2.2584877
2025-07-15 07:40:38.173287+00:00,2.2584865
2025-07-15 07:40:50.160321+00:00,2.2584872
2025-07-15 07:41:03.672406+00:00,2.2584878
2025-07-15 07:41:18.872863+00:00,2.258486
2025-07-15 07:41:28.485736+00:00,2.2584875
2025-07-15 07:41:41.518644+00:00,2.2584874
2025-07-15 07:41:53.788479+00:00,2.2584878
2025-07-15 07:42:06.320583+00:00,2.2584874
2025-07-15 07:42:18.856708+00:00,2.2584877
2025-07-15 07:42:31.479411+00:00,2.2584866
2025-07-15 07:43:08.703810+00:00,2.2584869
2025-07-15 07:43:20.925780+00:00,2.2584879
2025-07-15 07:43:45.926238+00:00,2.2584872
2025-07-15 07:43:58.279073+00:00,2.2584873
2025-07-15 07:44:35.944835+00:00,2.2584877
2025-07-15 07:44:48.512481+00:00,2.2584876
2025-07-15 07:45:01.357480+00:00,2.2584877
2025-07-15 07:45:14.010141+00:00,2.2584868
2025-07-15 07:45:39.480008+00:00,2.2584865
2025-07-15 07:45:52.080223+00:00,2.2584871
2025-07-15 07:46:05.174210+00:00,2.2584874
2025-07-15 07:46:55.343552+00:00,2.258487
2025-07-15 07:47:14.081933+00:00,2.2584872
2025-07-15 07:47:20.595657+00:00,2.2584872
2025-07-15 07:47:33.866317+00:00,2.2584878
2025-07-15 07:47:46.393428+00:00,2.258487
2025-07-15 07:47:59.156020+00:00,2.2584867
2025-07-15 07:48:14.234800+00:00,2.2584871
2025-07-15 07:48:23.252348+00:00,2.2584876
2025-07-15 07:48:36.106443+00:00,2.2584874
2025-07-15 07:48:48.831121+00:00,2.2584878
2025-07-15 07:49:02.794193+00:00,2.2584865
2025-07-15 07:49:25.279135+00:00,2.2584868
2025-07-15 07:49:37.678630+00:00,2.2584879
2025-07-15 07:49:51.507139+00:00,2.2584873
2025-07-15 07:50:03.855774+00:00,2.2584873
2025-07-15 07:50:15.763281+00:00,2.2584872
2025-07-15 07:50:52.740889+00:00,2.2584882
2025-07-15 07:51:17.404505+00:00,2.258488
2025-07-15 07:51:29.373104+00:00,2.2584866
2025-07-15 07:51:54.299363+00:00,2.2584865
2025-07-15 07:52:19.366295+00:00,2.2584874
2025-07-15 07:52:32.535055+00:00,2.2584881
2025-07-15 07:52:44.560818+00:00,2.2584872
2025-07-15 07:53:09.367254+00:00,2.2584858
2025-07-15 07:54:11.762123+00:00,2.2584879
2025-07-15 07:54:23.971757+00:00,2.2584881
2025-07-15 07:54:36.486816+00:00,2.2584866
2025-07-15 07:54:49.488441+00:00,2.2584872
2025-07-15 07:55:16.187321+00:00,2.2584873
2025-07-15 07:55:27.152638+00:00,2.2584873
2025-07-15 07:55:51.935427+00:00,2.2584866
2025-07-15 07:56:17.426579+00:00,2.2584865
2025-07-15 07:56:31.582806+00:00,2.258486
2025-07-15 07:56:55.853674+00:00,2.2584875
2025-07-15 07:57:34.446686+00:00,2.2584874
2025-07-15 07:58:08.022081+00:00,2.2584865
2025-07-15 07:59:18.125811+00:00,2.2584875
2025-07-15 08:01:08.576653+00:00,2.2584866
2025-07-15 08:01:19.106970+00:00,2.258486
2025-07-15 08:02:21.299999+00:00,2.2584859
2025-07-15 08:02:34.339991+00:00,2.2584865
2025-07-15 08:02:48.324235+00:00,2.258487
2025-07-15 08:02:59.229815+00:00,2.2584876
2025-07-15 08:03:11.782637+00:00,2.2584876
2025-07-15 08:03:49.934357+00:00,2.2584878
2025-07-15 08:05:04.675960+00:00,2.2584871
2025-07-15 08:05:33.420680+00:00,2.2584876
2025-07-15 08:05:42.496192+00:00,2.2584878
2025-07-15 08:06:07.614307+00:00,2.2584872
2025-07-15 08:06:22.745361+00:00,2.2584872
2025-07-15 08:06:33.936983+00:00,2.2584871
2025-07-15 08:06:46.039740+00:00,2.2584874
2025-07-15 08:06:58.746231+00:00,2.2584868
2025-07-15 08:07:11.687486+00:00,2.2584875
2025-07-15 08:07:23.904171+00:00,2.2584873
2025-07-15 08:07:37.035342+00:00,2.2584875
2025-07-15 08:07:49.618860+00:00,2.2584876
2025-07-15 08:08:02.386220+00:00,2.258487
2025-07-15 08:08:14.724373+00:00,2.2584862
2025-07-15 08:08:27.432926+00:00,2.2584865
2025-07-15 08:08:52.820311+00:00,2.2584873
2025-07-15 08:09:05.573312+00:00,2.2584875
2025-07-15 08:09:18.633545+00:00,2.2584875
2025-07-15 08:09:43.192261+00:00,2.2584873
2025-07-15 08:09:55.542366+00:00,2.2584873
2025-07-15 08:10:08.190171+00:00,2.2584873
2025-07-15 08:10:20.879281+00:00,2.2584865
2025-07-15 08:10:36.204472+00:00,2.2584871
2025-07-15 08:10:45.525338+00:00,2.2584868
2025-07-15 08:10:57.319941+00:00,2.2584865
2025-07-15 08:11:10.303449+00:00,2.2584871
2025-07-15 08:11:34.291153+00:00,2.2584876
2025-07-15 08:12:24.739340+00:00,2.2584871
2025-07-15 08:13:14.490389+00:00,2.2584865
2025-07-15 08:13:27.293704+00:00,2.2584875
2025-07-15 08:13:52.738105+00:00,2.2584877
2025-07-15 08:14:32.353596+00:00,2.2584858
2025-07-15 08:15:33.789042+00:00,2.2584875
2025-07-15 08:15:45.461635+00:00,2.2584877
2025-07-15 08:15:57.983196+00:00,2.2584872
2025-07-15 08:16:35.948318+00:00,2.2584871
2025-07-15 08:17:00.583783+00:00,2.2584876
2025-07-15 08:17:25.797630+00:00,2.2584878
2025-07-15 08:17:38.515801+00:00,2.2584865
2025-07-15 08:17:51.713497+00:00,2.2584877
2025-07-15 08:18:20.902014+00:00,2.2584879
2025-07-15 08:18:29.169221+00:00,2.2584876
2025-07-15 08:18:45.586685+00:00,2.2584877
2025-07-15 08:18:54.788394+00:00,2.2584867
2025-07-15 08:19:19.996399+00:00,2.2584872
2025-07-15 08:19:34.057143+00:00,2.2584878
2025-07-15 08:19:45.538676+00:00,2.2584864
2025-07-15 08:20:13.987177+00:00,2.2584874
2025-07-15 08:20:23.552048+00:00,2.2584876
2025-07-15 08:22:03.786702+00:00,2.2584864
2025-07-15 08:23:42.583760+00:00,2.2584871
2025-07-15 08:23:54.898226+00:00,2.2584863
2025-07-15 08:24:32.074969+00:00,2.2584877
2025-07-15 08:42:04.226672+00:00,2.2584865
2025-07-15 08:42:16.874484+00:00,2.2584872
2025-07-15 08:42:29.129489+00:00,2.2584867
2025-07-15 08:42:41.633910+00:00,2.2584876
2025-07-15 08:42:54.369148+00:00,2.2584869
2025-07-15 08:43:08.225975+00:00,2.2584873
2025-07-15 08:43:19.262434+00:00,2.2584865
2025-07-15 08:43:31.778219+00:00,2.258487
2025-07-15 08:44:09.278390+00:00,2.2584869
2025-07-15 08:53:34.285476+00:00,2.2584871
2025-07-15 08:54:12.119354+00:00,2.2584872
2025-07-15 08:55:14.528888+00:00,2.2584862
2025-07-15 08:55:27.437586+00:00,2.2584869
2025-07-15 08:55:39.910484+00:00,2.2584873
2025-07-15 08:56:05.479366+00:00,2.2584875
2025-07-15 09:00:29.672333+00:00,2.2584874
2025-07-15 09:00:41.693025+00:00,2.2584861
2025-07-15 09:00:53.947413+00:00,2.2584874
2025-07-15 09:01:06.806296+00:00,2.2584872
2025-07-15 09:01:19.341016+00:00,2.2584879
2025-07-15 09:01:31.750626+00:00,2.2584867
2025-07-15 09:01:44.107571+00:00,2.2584871
2025-07-15 09:01:56.404532+00:00,2.2584874
2025-07-15 09:02:18.225662+00:00,2.2584879
2025-07-15 09:02:21.200984+00:00,2.2584871
2025-07-15 09:02:33.953803+00:00,2.2584874
2025-07-15 09:02:47.113151+00:00,2.2584878
2025-07-15 09:03:00.456523+00:00,2.2584871
2025-07-15 09:03:12.005138+00:00,2.2584871
2025-07-15 09:03:36.565330+00:00,2.2584859
2025-07-15 12:02:40.401228+00:00,2.2584881
2025-07-15 12:02:52.362816+00:00,2.2584877
2025-07-15 12:03:06.470483+00:00,2.258487
2025-07-15 12:03:18.487970+00:00,2.2584882
2025-07-15 12:03:30.062008+00:00,2.2584873
2025-07-15 12:03:42.594648+00:00,2.2584872
2025-07-15 12:03:56.172539+00:00,2.2584877
2025-07-15 12:04:09.093419+00:00,2.258488
2025-07-15 12:04:21.804838+00:00,2.2584879
2025-07-15 12:04:32.418238+00:00,2.2584874
2025-07-15 12:04:44.834419+00:00,2.2584874
2025-07-15 12:05:01.859327+00:00,2.2584878
2025-07-15 12:05:10.685577+00:00,2.258488
2025-07-15 12:05:23.868990+00:00,2.2584875
2025-07-15 12:05:35.786824+00:00,2.2584874
2025-07-15 12:06:01.383976+00:00,2.2584874
2025-07-15 12:06:13.938333+00:00,2.2584876
2025-07-15 12:06:29.948599+00:00,2.2584877
2025-07-15 12:06:38.572318+00:00,2.2584878
2025-07-15 12:06:51.363927+00:00,2.2584874
2025-07-15 12:07:06.169704+00:00,2.2584878
2025-07-15 12:07:16.617114+00:00,2.2584878
2025-07-15 12:07:29.574342+00:00,2.2584874
2025-07-15 12:07:41.244813+00:00,2.2584881
2025-07-15 12:07:53.944436+00:00,2.2584878
2025-07-15 12:08:06.553522+00:00,2.2584882
2025-07-15 12:08:19.401282+00:00,2.2584879
2025-07-15 12:08:33.495052+00:00,2.2584878
2025-07-15 12:08:44.776592+00:00,2.2584869
2025-07-15 12:08:57.259989+00:00,2.258488
2025-07-15 12:09:10.290906+00:00,2.2584881
2025-07-15 12:09:22.820679+00:00,2.2584877
2025-07-15 12:09:36.767115+00:00,2.2584876
2025-07-15 12:09:48.736941+00:00,2.2584871
2025-07-15 12:10:01.152002+00:00,2.2584874
2025-07-15 12:10:13.881042+00:00,2.2584881
2025-07-15 12:10:30.578774+00:00,2.2584873
2025-07-15 12:10:40.335246+00:00,2.2584872
2025-07-15 12:10:51.611282+00:00,2.2584879
2025-07-15 12:11:05.143360+00:00,2.2584878
2025-07-15 12:11:22.884496+00:00,2.2584872
2025-07-15 12:11:29.614965+00:00,2.2584877
2025-07-15 12:11:42.677631+00:00,2.258488
2025-07-15 12:11:55.044326+00:00,2.2584879
2025-07-15 12:12:10.920024+00:00,2.2584871
2025-07-15 12:12:20.179596+00:00,2.2584876
2025-07-15 12:12:38.371290+00:00,2.2584873
2025-07-15 12:12:45.977572+00:00,2.2584876
2025-07-15 12:12:56.906061+00:00,2.2584878
2025-07-15 12:13:09.663579+00:00,2.2584871
2025-07-15 12:13:21.663491+00:00,2.2584877
2025-07-15 12:13:38.371795+00:00,2.2584875
2025-07-15 12:13:48.576638+00:00,2.2584872
2025-07-15 12:13:59.807483+00:00,2.2584874
2025-07-15 12:14:12.963373+00:00,2.2584878
2025-07-15 12:14:24.630050+00:00,2.2584876
2025-07-15 12:14:39.535685+00:00,2.2584878
2025-07-15 12:14:50.470610+00:00,2.2584871
2025-07-15 12:15:05.984747+00:00,2.258487
2025-07-15 12:15:15.913054+00:00,2.2584871
2025-07-15 12:15:37.204648+00:00,2.2584869
2025-07-15 12:15:40.884549+00:00,2.2584875
2025-07-15 12:15:54.601544+00:00,2.258488
2025-07-15 12:16:09.291430+00:00,2.2584874
2025-07-15 12:16:18.114643+00:00,2.2584879
2025-07-15 12:16:30.819671+00:00,2.2584879
2025-07-15 12:16:43.902594+00:00,2.2584871
2025-07-15 12:16:56.420200+00:00,2.2584877
2025-07-15 12:17:08.526143+00:00,2.2584875
2025-07-15 12:17:20.648948+00:00,2.2584875
2025-07-15 12:17:32.974867+00:00,2.258487
2025-07-15 12:17:44.798096+00:00,2.2584875
2025-07-15 12:17:58.098288+00:00,2.258488
2025-07-15 12:18:09.824034+00:00,2.2584869
2025-07-15 12:18:22.797235+00:00,2.2584877
2025-07-15 12:18:37.597124+00:00,2.2584875
2025-07-15 12:18:47.651440+00:00,2.2584875
2025-07-15 12:19:00.641307+00:00,2.2584878
2025-07-15 12:19:13.641771+00:00,2.2584874
2025-07-15 12:19:25.324732+00:00,2.2584874
2025-07-15 12:19:37.924632+00:00,2.2584881
2025-07-15 12:19:50.653729+00:00,2.2584877
2025-07-15 12:20:04.879393+00:00,2.2584872
2025-07-15 12:20:16.247033+00:00,2.2584875
2025-07-15 12:20:29.086180+00:00,2.2584875
2025-07-15 12:20:41.437197+00:00,2.2584874
2025-07-15 12:20:54.391661+00:00,2.2584873
2025-07-15 12:21:08.051444+00:00,2.2584877
2025-07-15 12:21:19.041241+00:00,2.2584879
2025-07-15 12:21:34.226215+00:00,2.2584875
2025-07-15 12:21:44.615533+00:00,2.2584875
2025-07-15 12:21:56.764299+00:00,2.2584878
2025-07-15 12:22:10.359998+00:00,2.258487
2025-07-15 12:22:22.398506+00:00,2.2584878
2025-07-15 12:22:34.232212+00:00,2.2584879
2025-07-15 12:22:48.311649+00:00,2.2584878
2025-07-15 12:22:58.840927+00:00,2.2584873
2025-07-15 12:23:24.132000+00:00,2.2584873
2025-07-15 12:23:36.442858+00:00,2.2584872
2025-07-15 12:23:51.446067+00:00,2.2584878
2025-07-15 12:24:01.734900+00:00,2.2584877
2025-07-15 12:24:14.312303+00:00,2.2584879
2025-07-15 12:24:26.198802+00:00,2.258488
2025-07-15 12:24:38.719880+00:00,2.2584878
2025-07-15 12:24:51.669838+00:00,2.2584883
2025-07-15 12:25:03.955598+00:00,2.2584876
2025-07-15 12:25:17.269409+00:00,2.2584874
2025-07-15 12:25:29.205020+00:00,2.2584875
2025-07-15 12:25:43.123749+00:00,2.2584878
2025-07-15 12:25:53.964667+00:00,2.258488
2025-07-15 12:26:06.649748+00:00,2.2584875
2025-07-15 12:26:19.029861+00:00,2.2584876
2025-07-15 12:26:31.253291+00:00,2.2584879
2025-07-15 12:26:43.430340+00:00,2.258488
2025-07-15 12:26:55.949420+00:00,2.2584876
2025-07-15 12:27:11.382028+00:00,2.2584874
2025-07-15 12:27:23.527210+00:00,2.2584879
2025-07-15 12:27:33.246744+00:00,2.2584878
2025-07-15 12:27:46.009818+00:00,2.2584879
2025-07-15 12:27:58.822908+00:00,2.2584876
2025-07-15 12:28:13.151226+00:00,2.2584882
2025-07-15 12:28:24.077053+00:00,2.2584877
2025-07-15 12:28:36.729902+00:00,2.2584875
2025-07-15 12:28:49.374896+00:00,2.2584875
2025-07-15 12:29:02.920974+00:00,2.2584876
2025-07-15 12:29:16.550001+00:00,2.2584864
2025-07-15 12:29:28.548132+00:00,2.2584876
2025-07-15 12:29:40.512518+00:00,2.2584872
2025-07-15 12:29:53.255304+00:00,2.2584874
2025-07-15 12:30:05.905588+00:00,2.2584874
2025-07-15 12:30:18.864128+00:00,2.2584876
2025-07-15 12:30:33.698307+00:00,2.2584876
2025-07-15 12:30:43.802880+00:00,2.2584877
2025-07-15 12:30:56.223726+00:00,2.2584873
2025-07-15 12:31:09.021003+00:00,2.2584882
2025-07-15 12:31:21.265432+00:00,2.2584875
2025-07-15 12:31:34.967839+00:00,2.2584878
2025-07-15 12:31:46.628690+00:00,2.2584876
2025-07-15 12:31:58.639906+00:00,2.2584877
2025-07-15 12:32:11.509422+00:00,2.2584871
2025-07-15 12:32:23.955807+00:00,2.2584879
2025-07-15 12:32:35.327155+00:00,2.2584873
2025-07-15 12:32:48.284743+00:00,2.2584873
2025-07-15 12:33:00.223961+00:00,2.2584873
2025-07-15 12:33:15.042354+00:00,2.2584877
2025-07-15 12:33:25.364381+00:00,2.2584869
2025-07-15 12:33:38.315454+00:00,2.2584873
2025-07-15 12:33:50.625992+00:00,2.2584881
2025-07-15 12:34:04.567989+00:00,2.2584874
2025-07-15 12:34:17.055286+00:00,2.2584871
2025-07-15 12:34:27.996195+00:00,2.2584863
2025-07-15 12:34:41.225066+00:00,2.2584878
2025-07-15 12:34:52.902632+00:00,2.2584875
2025-07-15 12:35:05.821308+00:00,2.2584875
2025-07-15 12:35:21.200526+00:00,2.2584871
2025-07-15 12:35:30.709769+00:00,2.2584871
2025-07-15 12:35:45.384143+00:00,2.258487
2025-07-15 12:35:55.736953+00:00,2.2584875
2025-07-15 12:36:08.088596+00:00,2.2584877
2025-07-15 12:36:20.512421+00:00,2.2584876
2025-07-15 12:36:33.571428+00:00,2.2584881
2025-07-15 12:36:46.875617+00:00,2.2584869
2025-07-15 12:36:58.037957+00:00,2.2584874
2025-07-15 12:37:11.661136+00:00,2.2584877
2025-07-15 12:37:22.915861+00:00,2.2584873
2025-07-15 12:37:35.699102+00:00,2.2584876
2025-07-15 12:37:49.820204+00:00,2.2584873
2025-07-15 12:38:01.551990+00:00,2.2584878
2025-07-15 12:38:14.137528+00:00,2.2584879
2025-07-15 12:38:27.082716+00:00,2.2584873
2025-07-15 12:38:41.549037+00:00,2.2584871
2025-07-15 12:38:55.035593+00:00,2.2584876
2025-07-15 12:39:04.116665+00:00,2.2584869
2025-07-15 12:39:18.927992+00:00,2.2584875
2025-07-15 12:39:29.314569+00:00,2.2584877
2025-07-15 12:39:41.302397+00:00,2.2584873
2025-07-15 12:39:54.044884+00:00,2.2584874
2025-07-15 12:40:06.690457+00:00,2.2584869
2025-07-15 12:40:18.670093+00:00,2.2584876
2025-07-15 12:40:31.404508+00:00,2.2584872
2025-07-15 12:40:43.913166+00:00,2.2584877
2025-07-15 12:40:56.398232+00:00,2.2584877
2025-07-15 12:41:08.406823+00:00,2.2584871
2025-07-15 12:41:21.120279+00:00,2.2584879
2025-07-15 12:41:33.967093+00:00,2.2584874
2025-07-15 12:41:46.958661+00:00,2.2584871
2025-07-15 12:42:01.218046+00:00,2.2584876
2025-07-15 12:42:12.905771+00:00,2.2584877
2025-07-15 12:42:24.586674+00:00,2.2584875
2025-07-15 12:42:37.368884+00:00,2.2584876
2025-07-15 12:42:50.401207+00:00,2.2584873
2025-07-15 12:43:05.286092+00:00,2.2584877
2025-07-15 12:43:15.494986+00:00,2.2584879
2025-07-15 12:43:27.668245+00:00,2.2584867
2025-07-15 12:43:40.119235+00:00,2.258487
2025-07-15 12:43:53.275728+00:00,2.258488
2025-07-15 12:44:07.025178+00:00,2.258488
2025-07-15 12:44:19.849869+00:00,2.2584872
2025-07-15 12:44:31.621185+00:00,2.2584871
2025-07-15 12:44:43.935089+00:00,2.2584869
2025-07-15 12:44:56.317871+00:00,2.2584872
2025-07-15 12:45:11.665163+00:00,2.2584872
2025-07-15 12:45:21.640846+00:00,2.2584875
2025-07-15 12:45:35.065643+00:00,2.2584877
2025-07-15 12:45:46.841975+00:00,2.2584878
2025-07-15 12:45:59.419242+00:00,2.2584875
2025-07-15 12:46:13.088419+00:00,2.2584877
2025-07-15 12:46:24.389892+00:00,2.2584875
2025-07-15 12:46:36.643239+00:00,2.2584872
2025-07-15 12:46:49.684514+00:00,2.2584868
2025-07-15 12:47:02.429191+00:00,2.2584871
2025-07-15 12:48:29.687527+00:00,2.2584862
2025-07-15 12:50:10.635101+00:00,2.2584859
2025-07-15 12:50:49.071812+00:00,2.2584871
2025-07-15 12:51:15.665572+00:00,2.2584873
2025-07-15 12:51:27.685125+00:00,2.2584876
2025-07-15 12:51:51.700312+00:00,2.258487
2025-07-15 12:52:29.984164+00:00,2.2584874
2025-07-15 12:52:42.941655+00:00,2.2584866
2025-07-15 12:53:07.687557+00:00,2.2584874
2025-07-15 12:53:32.579925+00:00,2.2584858
2025-07-15 12:54:09.907855+00:00,2.2584876
2025-07-15 12:54:21.560208+00:00,2.2584878
2025-07-15 12:54:36.018384+00:00,2.2584864
2025-07-15 12:54:59.514132+00:00,2.258487
2025-07-15 12:55:12.058369+00:00,2.2584876
2025-07-15 12:55:25.458774+00:00,2.2584874
2025-07-15 12:55:37.899183+00:00,2.2584879
2025-07-15 12:55:50.225769+00:00,2.2584874
2025-07-15 12:56:03.790564+00:00,2.2584866
2025-07-15 12:56:14.794687+00:00,2.258487
2025-07-15 12:56:28.221448+00:00,2.258487
2025-07-15 12:56:41.475866+00:00,2.2584874
2025-07-15 12:57:05.278932+00:00,2.2584867
2025-07-15 12:57:18.388991+00:00,2.2584877
2025-07-15 12:57:30.148450+00:00,2.258487
2025-07-15 12:57:55.886007+00:00,2.258487
2025-07-15 12:58:07.947271+00:00,2.2584874
2025-07-15 12:58:20.169785+00:00,2.2584878
2025-07-15 12:58:33.227411+00:00,2.2584861
2025-07-15 12:58:45.594772+00:00,2.258487
2025-07-15 12:58:58.195535+00:00,2.2584875
2025-07-15 12:59:11.286426+00:00,2.2584876
2025-07-15 12:59:23.701774+00:00,2.2584873
2025-07-15 12:59:36.576371+00:00,2.2584874
2025-07-15 12:59:49.193910+00:00,2.2584875
2025-07-15 13:00:03.865743+00:00,2.2584874
2025-07-15 13:00:15.260682+00:00,2.2584873
2025-07-15 13:00:27.928235+00:00,2.2584877
2025-07-15 13:00:40.771730+00:00,2.258487
2025-07-15 13:00:52.931942+00:00,2.2584876
2025-07-15 13:01:07.497348+00:00,2.2584877
2025-07-15 13:01:18.483417+00:00,2.2584879
2025-07-15 13:01:31.345326+00:00,2.258488
2025-07-15 13:01:49.196990+00:00,2.2584868
2025-07-15 13:01:56.562879+00:00,2.258487
2025-07-15 13:02:09.192250+00:00,2.2584871
2025-07-15 13:02:23.846875+00:00,2.2584875
2025-07-15 13:02:34.581842+00:00,2.2584877
2025-07-15 13:02:47.346299+00:00,2.2584876
2025-07-15 13:02:59.040721+00:00,2.2584881
2025-07-15 13:03:12.020196+00:00,2.2584879
2025-07-15 13:03:24.918533+00:00,2.2584876
2025-07-15 13:03:37.095388+00:00,2.2584873
2025-07-15 13:03:49.389183+00:00,2.2584878
2025-07-15 13:04:02.653367+00:00,2.2584878
2025-07-15 13:04:15.270437+00:00,2.2584881
2025-07-15 13:04:27.740669+00:00,2.2584872
2025-07-15 13:04:41.735883+00:00,2.2584872
2025-07-15 13:04:53.362877+00:00,2.2584871
2025-07-15 13:05:05.967531+00:00,2.2584876
2025-07-15 13:05:18.052408+00:00,2.2584876
2025-07-15 13:05:30.442722+00:00,2.2584878
2025-07-15 13:05:42.921822+00:00,2.2584874
2025-07-15 13:05:55.150502+00:00,2.2584875
2025-07-15 13:06:09.375760+00:00,2.258487
2025-07-15 13:06:20.301719+00:00,2.2584879
2025-07-15 13:06:33.081629+00:00,2.2584875
2025-07-15 13:06:45.873873+00:00,2.2584872
2025-07-15 13:06:59.279943+00:00,2.2584878
2025-07-15 13:07:11.991256+00:00,2.2584872
2025-07-15 13:07:23.660416+00:00,2.2584877
2025-07-15 13:07:36.241057+00:00,2.2584874
2025-07-15 13:07:48.947129+00:00,2.2584873
2025-07-15 13:08:01.454439+00:00,2.2584876
2025-07-15 13:08:14.673067+00:00,2.2584874
2025-07-15 13:08:26.861854+00:00,2.2584872
2025-07-15 13:08:40.289412+00:00,2.258487
2025-07-15 13:08:52.316667+00:00,2.2584871
2025-07-15 13:09:05.338032+00:00,2.2584878
2025-07-15 13:09:18.110728+00:00,2.2584876
2025-07-15 13:09:30.411784+00:00,2.2584877
2025-07-15 13:09:42.854153+00:00,2.2584874
2025-07-15 13:09:56.090372+00:00,2.2584878
2025-07-15 13:10:08.469564+00:00,2.2584875
2025-07-15 13:10:21.504986+00:00,2.2584877
2025-07-15 13:10:34.444666+00:00,2.258488
2025-07-15 13:10:46.353171+00:00,2.2584871
2025-07-15 13:10:59.387391+00:00,2.2584875
2025-07-15 13:11:11.236537+00:00,2.2584869
2025-07-15 13:11:23.701805+00:00,2.2584872
2025-07-15 13:11:36.350863+00:00,2.2584871
2025-07-15 13:11:48.376692+00:00,2.2584873
2025-07-15 13:12:01.198381+00:00,2.2584875
2025-07-15 13:12:17.430957+00:00,2.2584873
2025-07-15 13:12:26.819316+00:00,2.2584875
2025-07-15 13:12:38.401586+00:00,2.2584874
2025-07-15 13:12:51.809875+00:00,2.2584868
2025-07-15 13:13:03.887544+00:00,2.2584876
2025-07-15 13:13:16.003403+00:00,2.2584875
2025-07-15 13:13:29.409426+00:00,2.2584876
2025-07-15 13:13:41.341564+00:00,2.2584878
2025-07-15 13:13:54.216667+00:00,2.258488
2025-07-15 13:14:07.080024+00:00,2.2584876
2025-07-15 13:14:19.409909+00:00,2.2584869
2025-07-15 13:14:31.715999+00:00,2.2584876
2025-07-15 13:14:44.599942+00:00,2.2584875
2025-07-15 13:14:57.576184+00:00,2.2584879
2025-07-15 13:15:08.826035+00:00,2.2584872
2025-07-15 13:15:21.470746+00:00,2.2584877
2025-07-15 13:15:33.947987+00:00,2.2584873
2025-07-15 13:15:46.197146+00:00,2.2584873
2025-07-15 13:15:58.695207+00:00,2.2584875
2025-07-15 13:16:11.660575+00:00,2.2584873
2025-07-15 13:16:23.670901+00:00,2.2584875
2025-07-15 13:16:36.392241+00:00,2.2584873
2025-07-15 13:16:49.279266+00:00,2.2584875
2025-07-15 13:17:02.313724+00:00,2.2584873
2025-07-15 13:17:21.869014+00:00,2.2584875
2025-07-15 13:17:27.674707+00:00,2.2584877
2025-07-15 13:17:40.721420+00:00,2.2584881
2025-07-15 13:17:54.696871+00:00,2.2584874
2025-07-15 13:18:06.867329+00:00,2.2584876
2025-07-15 13:18:19.306587+00:00,2.2584879
2025-07-15 13:18:32.124348+00:00,2.2584877
2025-07-15 13:18:44.788849+00:00,2.2584879
2025-07-15 13:18:57.701087+00:00,2.2584874
2025-07-15 13:19:09.713329+00:00,2.2584876
2025-07-15 13:19:26.730431+00:00,2.2584872
2025-07-15 13:19:34.838159+00:00,2.2584871
2025-07-15 13:19:47.256372+00:00,2.2584872
2025-07-15 13:20:00.462086+00:00,2.2584879
2025-07-15 13:20:12.335971+00:00,2.2584872
2025-07-15 13:20:24.987499+00:00,2.2584876
2025-07-15 13:20:49.950663+00:00,2.2584877
2025-07-15 13:21:02.057775+00:00,2.2584873
2025-07-15 13:21:14.316488+00:00,2.2584875
2025-07-15 13:21:27.992540+00:00,2.2584876
2025-07-15 13:21:42.141349+00:00,2.2584877
2025-07-15 13:21:53.802944+00:00,2.2584876
2025-07-15 13:22:05.408561+00:00,2.2584871
2025-07-15 13:22:18.089965+00:00,2.2584878
2025-07-15 13:22:30.976253+00:00,2.2584876
2025-07-15 13:22:43.287078+00:00,2.258488
2025-07-15 13:22:55.627459+00:00,2.2584877
2025-07-15 13:23:08.118046+00:00,2.2584875
2025-07-15 13:23:21.092519+00:00,2.2584875
2025-07-15 13:23:33.173486+00:00,2.2584878
2025-07-15 13:23:45.566187+00:00,2.2584879
2025-07-15 13:23:57.645563+00:00,2.2584872
2025-07-15 13:24:12.900248+00:00,2.2584876
2025-07-15 13:24:23.595386+00:00,2.258487
2025-07-15 13:24:34.728273+00:00,2.2584874
2025-07-15 13:24:47.488334+00:00,2.2584874
2025-07-15 13:25:01.176746+00:00,2.2584873
2025-07-15 13:25:14.925334+00:00,2.2584875
2025-07-15 13:25:27.272299+00:00,2.2584877
2025-07-15 13:25:38.333886+00:00,2.2584875
2025-07-15 13:25:52.409088+00:00,2.2584877
2025-07-15 13:26:08.710343+00:00,2.2584873
2025-07-15 13:26:17.995857+00:00,2.2584871
2025-07-15 13:26:28.771254+00:00,2.2584874
2025-07-15 13:26:43.262406+00:00,2.2584878
2025-07-15 13:26:58.619106+00:00,2.2584878
2025-07-15 13:27:07.148361+00:00,2.2584878
2025-07-15 13:27:19.573938+00:00,2.2584872
2025-07-15 13:27:32.329369+00:00,2.2584876
2025-07-15 13:27:45.993048+00:00,2.2584872
2025-07-15 13:27:57.717325+00:00,2.2584875
2025-07-15 13:28:11.759579+00:00,2.2584871
2025-07-15 13:28:22.540425+00:00,2.2584877
2025-07-15 13:28:35.009690+00:00,2.2584879
2025-07-15 13:28:47.906666+00:00,2.258487
2025-07-15 13:29:01.941033+00:00,2.2584874
2025-07-15 13:29:25.854929+00:00,2.2584878
2025-07-15 13:29:37.567041+00:00,2.2584875
2025-07-15 13:29:50.100132+00:00,2.2584871
2025-07-15 13:30:03.812756+00:00,2.2584872
2025-07-15 13:30:21.406081+00:00,2.2584881
2025-07-15 13:30:28.473006+00:00,2.2584869
2025-07-15 13:30:40.735852+00:00,2.2584876
2025-07-15 13:30:52.662452+00:00,2.2584873
2025-07-15 13:31:08.521049+00:00,2.2584876
2025-07-15 13:31:19.468913+00:00,2.2584874
2025-07-15 13:31:30.903398+00:00,2.258488
2025-07-15 13:31:43.802471+00:00,2.2584879
2025-07-15 13:31:56.019636+00:00,2.2584874
2025-07-15 13:32:11.194785+00:00,2.2584877
2025-07-15 13:32:21.754107+00:00,2.2584873
2025-07-15 13:32:34.122946+00:00,2.2584874
2025-07-15 13:32:47.478314+00:00,2.258487
2025-07-15 13:33:00.084589+00:00,2.2584873
2025-07-15 13:33:15.259398+00:00,2.2584871
2025-07-15 13:33:24.293576+00:00,2.2584874
2025-07-15 13:33:36.685283+00:00,2.2584873
2025-07-15 13:33:49.445624+00:00,2.2584872
2025-07-15 13:34:02.341709+00:00,2.2584869
2025-07-15 13:34:14.631805+00:00,2.2584871
2025-07-15 13:34:26.493285+00:00,2.2584871
2025-07-15 13:34:39.422862+00:00,2.2584878
2025-07-15 13:34:51.759565+00:00,2.2584871
2025-07-15 13:35:04.699970+00:00,2.2584879
2025-07-15 13:35:18.673356+00:00,2.2584871
2025-07-15 13:35:30.357682+00:00,2.2584878
2025-07-15 13:35:43.903443+00:00,2.2584877
2025-07-15 13:35:55.581419+00:00,2.2584874
2025-07-15 13:36:08.572008+00:00,2.2584871
2025-07-15 13:36:21.805548+00:00,2.2584876
2025-07-15 13:36:34.486569+00:00,2.2584875
2025-07-15 13:36:46.511775+00:00,2.2584874
2025-07-15 13:36:59.029862+00:00,2.2584875
2025-07-15 13:37:12.071994+00:00,2.2584878
2025-07-15 13:37:25.416134+00:00,2.2584871
2025-07-15 13:37:39.644504+00:00,2.2584874
2025-07-15 13:37:49.695191+00:00,2.2584871
2025-07-15 13:38:02.567835+00:00,2.2584876
2025-07-15 13:38:14.931501+00:00,2.2584875
2025-07-15 13:38:27.825634+00:00,2.2584877
2025-07-15 13:38:39.625172+00:00,2.2584874
2025-07-15 13:38:52.184944+00:00,2.258487
2025-07-15 13:39:04.918367+00:00,2.2584875
2025-07-15 13:39:18.123756+00:00,2.2584874
2025-07-15 13:39:30.332831+00:00,2.258488
2025-07-15 13:39:42.588566+00:00,2.2584876
2025-07-15 13:39:55.406278+00:00,2.258487
2025-07-15 13:40:08.549484+00:00,2.2584873
2025-07-15 13:40:22.438722+00:00,2.2584879
2025-07-15 13:40:36.039914+00:00,2.2584873
2025-07-15 13:40:46.315119+00:00,2.2584871
2025-07-15 13:40:58.475637+00:00,2.2584877
2025-07-15 13:41:12.690612+00:00,2.2584879
2025-07-15 13:41:24.676016+00:00,2.2584876
2025-07-15 13:41:37.125705+00:00,2.2584868
2025-07-15 13:41:48.954991+00:00,2.2584873
2025-07-15 13:42:01.425990+00:00,2.2584872
2025-07-15 13:42:13.233289+00:00,2.2584873
2025-07-15 13:42:27.811803+00:00,2.2584875
2025-07-15 13:42:39.590405+00:00,2.2584875
2025-07-15 13:42:51.403743+00:00,2.2584874
2025-07-15 13:43:05.407149+00:00,2.2584874
2025-07-15 13:43:19.087563+00:00,2.258487
2025-07-15 13:43:29.241174+00:00,2.2584872
2025-07-15 13:43:42.470355+00:00,2.2584876
2025-07-15 13:43:55.588816+00:00,2.2584874
2025-07-15 13:44:08.585411+00:00,2.2584875
2025-07-15 13:44:20.268958+00:00,2.2584871
2025-07-15 13:44:33.059073+00:00,2.2584872
2025-07-15 13:44:45.599362+00:00,2.2584876
2025-07-15 13:44:59.494083+00:00,2.2584873
2025-07-15 13:45:11.311984+00:00,2.2584871
2025-07-15 13:45:23.832379+00:00,2.2584879
2025-07-15 13:45:36.747306+00:00,2.2584875
2025-07-15 13:45:49.216847+00:00,2.2584874
2025-07-15 13:46:02.303069+00:00,2.2584876
2025-07-15 13:46:16.915302+00:00,2.2584872
2025-07-15 13:46:27.711701+00:00,2.2584878
2025-07-15 13:46:39.657350+00:00,2.2584874
2025-07-15 13:46:52.197026+00:00,2.2584877
2025-07-15 13:47:05.204855+00:00,2.2584872
2025-07-15 13:47:17.581469+00:00,2.2584877
2025-07-15 13:47:30.139104+00:00,2.2584876
2025-07-15 13:47:42.631038+00:00,2.2584872
2025-07-15 13:47:56.612599+00:00,2.2584874
2025-07-15 13:48:11.067682+00:00,2.2584876
2025-07-15 13:48:20.373733+00:00,2.2584876
2025-07-15 13:48:33.941903+00:00,2.2584876
2025-07-15 13:48:46.743366+00:00,2.2584871
2025-07-15 13:48:58.796459+00:00,2.2584873
2025-07-15 13:49:11.322092+00:00,2.2584876
2025-07-15 13:49:23.336358+00:00,2.258487
2025-07-15 13:49:35.852651+00:00,2.2584875
2025-07-15 13:49:48.527919+00:00,2.2584873
2025-07-15 13:50:01.427718+00:00,2.2584873
2025-07-15 13:50:15.023364+00:00,2.258488
2025-07-15 13:50:26.149919+00:00,2.2584873
2025-07-15 13:50:41.768895+00:00,2.2584873
2025-07-15 13:50:51.744579+00:00,2.2584879
2025-07-15 13:51:03.736683+00:00,2.2584878
2025-07-15 13:51:16.440856+00:00,2.2584874
2025-07-15 13:51:34.352352+00:00,2.2584879
2025-07-15 13:51:41.681669+00:00,2.2584875
2025-07-15 13:51:54.725193+00:00,2.258487
2025-07-15 13:52:08.542643+00:00,2.2584877
2025-07-15 13:52:19.912778+00:00,2.2584873
2025-07-15 13:52:33.196377+00:00,2.2584878
2025-07-15 13:52:45.657469+00:00,2.2584874
2025-07-15 13:52:58.614368+00:00,2.258488
2025-07-15 13:53:10.987715+00:00,2.2584875
2025-07-15 13:53:23.699890+00:00,2.258487
2025-07-15 13:53:36.434823+00:00,2.2584878
2025-07-15 13:53:49.377488+00:00,2.2584876
2025-07-15 13:54:01.882453+00:00,2.2584871
2025-07-15 13:54:14.107307+00:00,2.2584881
2025-07-15 13:54:27.248430+00:00,2.2584872
2025-07-15 13:54:39.210792+00:00,2.2584877
2025-07-15 13:54:52.172865+00:00,2.2584871
2025-07-15 13:55:06.379939+00:00,2.2584869
2025-07-15 13:55:16.916659+00:00,2.2584871
2025-07-15 13:55:29.099143+00:00,2.2584874
2025-07-15 13:55:41.847549+00:00,2.2584877
2025-07-15 13:55:54.078861+00:00,2.2584876
2025-07-15 13:56:06.720090+00:00,2.2584875
2025-07-15 13:56:19.480745+00:00,2.2584875
2025-07-15 13:56:32.124480+00:00,2.2584874
2025-07-15 13:56:46.197367+00:00,2.2584874
2025-07-15 13:56:56.961960+00:00,2.2584869
2025-07-15 13:57:09.847852+00:00,2.2584871
2025-07-15 13:57:22.367334+00:00,2.2584876
2025-07-15 13:57:35.027194+00:00,2.2584878
2025-07-15 13:57:49.241530+00:00,2.2584873
2025-07-15 13:58:05.482825+00:00,2.2584872
2025-07-15 13:58:14.184738+00:00,2.2584876
2025-07-15 13:58:25.293148+00:00,2.2584876
2025-07-15 13:58:37.950716+00:00,2.2584874
2025-07-15 13:58:50.753002+00:00,2.2584877
2025-07-15 13:59:03.627737+00:00,2.2584874
2025-07-15 13:59:22.752863+00:00,2.2584872
2025-07-15 13:59:30.231993+00:00,2.2584873
2025-07-15 13:59:41.053008+00:00,2.2584868
2025-07-15 13:59:53.321816+00:00,2.2584875
2025-07-15 14:00:06.298517+00:00,2.2584877
2025-07-15 14:00:19.021987+00:00,2.2584874
2025-07-15 14:00:33.111271+00:00,2.2584875
2025-07-15 14:00:44.834373+00:00,2.2584872
2025-07-15 14:00:58.600020+00:00,2.2584871
2025-07-15 14:01:13.647970+00:00,2.2584878
2025-07-15 14:01:27.094556+00:00,2.2584874
2025-07-15 14:01:35.625468+00:00,2.2584876
2025-07-15 14:01:48.930160+00:00,2.2584874
2025-07-15 14:02:01.123252+00:00,2.2584879
2025-07-15 14:02:13.500327+00:00,2.2584872
2025-07-15 14:02:26.846204+00:00,2.2584873
2025-07-15 14:02:39.539906+00:00,2.2584869
2025-07-15 14:02:53.028149+00:00,2.2584875
2025-07-15 14:03:05.545293+00:00,2.2584875
2025-07-15 14:03:17.596968+00:00,2.2584872
2025-07-15 14:03:29.278260+00:00,2.2584877
2025-07-15 14:03:41.837344+00:00,2.2584877
2025-07-15 14:03:54.054124+00:00,2.2584877
2025-07-15 14:04:06.680985+00:00,2.2584878
2025-07-15 14:04:19.612136+00:00,2.2584878
2025-07-15 14:04:34.941331+00:00,2.2584877
2025-07-15 14:04:43.643012+00:00,2.2584872
2025-07-15 14:04:58.359756+00:00,2.2584874
2025-07-15 14:05:08.675856+00:00,2.2584876
2025-07-15 14:05:21.074030+00:00,2.2584878
2025-07-15 14:05:34.559315+00:00,2.2584871
2025-07-15 14:05:45.813087+00:00,2.2584872
2025-07-15 14:05:58.241583+00:00,2.2584872
2025-07-15 14:06:11.108712+00:00,2.2584868
2025-07-15 14:06:27.210576+00:00,2.2584877
2025-07-15 14:06:36.519081+00:00,2.2584871
2025-07-15 14:06:50.207093+00:00,2.2584871
2025-07-15 14:07:02.505388+00:00,2.258487
2025-07-15 14:07:13.996942+00:00,2.2584874
2025-07-15 14:07:25.939004+00:00,2.2584878
2025-07-15 14:07:38.837221+00:00,2.2584871
2025-07-15 14:07:53.753853+00:00,2.2584875
2025-07-15 14:08:03.371999+00:00,2.2584873
2025-07-15 14:08:17.496216+00:00,2.2584876
2025-07-15 14:08:28.854712+00:00,2.2584873
2025-07-15 14:08:40.957469+00:00,2.2584878
2025-07-15 14:08:55.108869+00:00,2.2584871
2025-07-15 14:09:06.389248+00:00,2.2584879
2025-07-15 14:09:19.017282+00:00,2.2584873
2025-07-15 14:09:31.813752+00:00,2.2584872
2025-07-15 14:09:46.477536+00:00,2.2584875
2025-07-15 14:09:56.979204+00:00,2.2584873
2025-07-15 14:10:11.108424+00:00,2.2584876
2025-07-15 14:10:25.685168+00:00,2.2584873
2025-07-15 14:10:35.900270+00:00,2.2584875
2025-07-15 14:10:49.662738+00:00,2.2584875
2025-07-15 14:11:04.567217+00:00,2.2584876
2025-07-15 14:11:15.301276+00:00,2.2584874
2025-07-15 14:11:28.022331+00:00,2.2584873
2025-07-15 14:11:39.412801+00:00,2.2584873
2025-07-15 14:11:52.548538+00:00,2.2584875
2025-07-15 14:12:05.812146+00:00,2.2584871
2025-07-15 14:12:21.382895+00:00,2.2584871
2025-07-15 14:12:30.615840+00:00,2.2584867
2025-07-15 14:12:42.898291+00:00,2.258487
2025-07-15 14:12:55.695888+00:00,2.2584876
2025-07-15 14:13:07.706260+00:00,2.2584877
2025-07-15 14:13:22.097982+00:00,2.2584872
2025-07-15 14:13:32.814680+00:00,2.2584874
2025-07-15 14:13:45.121843+00:00,2.2584876
2025-07-15 14:13:57.322371+00:00,2.258487
2025-07-15 14:14:11.234220+00:00,2.2584874
2025-07-15 14:14:22.513640+00:00,2.2584872
2025-07-15 14:14:37.064264+00:00,2.2584872
2025-07-15 14:14:49.419312+00:00,2.2584874
2025-07-15 14:15:01.076373+00:00,2.2584873
2025-07-15 14:15:13.488354+00:00,2.2584871
2025-07-15 14:15:26.507657+00:00,2.2584875
2025-07-15 14:15:39.131497+00:00,2.2584874
2025-07-15 14:15:50.862983+00:00,2.2584877
2025-07-15 14:16:11.960045+00:00,2.2584868
2025-07-15 14:16:17.518510+00:00,2.2584871
2025-07-15 14:16:28.715683+00:00,2.2584877
2025-07-15 14:16:41.458203+00:00,2.2584878
2025-07-15 14:16:54.101034+00:00,2.2584873
2025-07-15 14:17:07.064474+00:00,2.2584874
2025-07-15 14:17:18.877484+00:00,2.258488
2025-07-15 14:17:32.251644+00:00,2.2584872
2025-07-15 14:17:44.269735+00:00,2.2584875
2025-07-15 14:17:57.146914+00:00,2.2584871
2025-07-15 14:18:10.238865+00:00,2.2584867
2025-07-15 14:18:22.523097+00:00,2.2584872
2025-07-15 14:18:38.364290+00:00,2.2584877
2025-07-15 14:18:48.895398+00:00,2.2584872
2025-07-15 14:19:01.486457+00:00,2.2584876
2025-07-15 14:19:14.089472+00:00,2.2584873
2025-07-15 14:19:26.336915+00:00,2.2584873
2025-07-15 14:19:38.937470+00:00,2.2584875
2025-07-15 14:19:51.704936+00:00,2.2584876
2025-07-15 14:20:05.862699+00:00,2.2584874
2025-07-15 14:20:17.087840+00:00,2.2584877
2025-07-15 14:20:31.126068+00:00,2.258487
2025-07-15 14:20:43.024255+00:00,2.2584874
2025-07-15 14:20:55.489999+00:00,2.2584869
2025-07-15 14:21:14.129015+00:00,2.2584875
2025-07-15 14:21:19.940869+00:00,2.2584872
2025-07-15 14:21:32.619513+00:00,2.2584878
2025-07-15 14:21:44.988748+00:00,2.258487
2025-07-15 14:21:57.423174+00:00,2.2584871
2025-07-15 14:22:12.149915+00:00,2.2584875
2025-07-15 14:22:22.749260+00:00,2.2584867
2025-07-15 14:22:34.973223+00:00,2.2584868
2025-07-15 14:22:47.924450+00:00,2.2584872
2025-07-15 14:23:00.612913+00:00,2.258487
2025-07-15 14:23:13.726870+00:00,2.2584874
2025-07-15 14:23:26.303944+00:00,2.2584871
2025-07-15 14:23:38.921044+00:00,2.2584876
2025-07-15 14:23:51.310568+00:00,2.2584878
2025-07-15 14:24:04.580504+00:00,2.2584871
2025-07-15 14:24:17.804945+00:00,2.2584874
2025-07-15 14:24:29.132871+00:00,2.2584871
2025-07-15 14:24:41.916852+00:00,2.2584871
2025-07-15 14:24:54.521557+00:00,2.2584873
2025-07-15 14:25:06.959403+00:00,2.2584877
2025-07-15 14:25:20.046177+00:00,2.2584872
2025-07-15 14:25:32.456532+00:00,2.2584875
2025-07-15 14:25:44.522087+00:00,2.2584872
2025-07-15 14:26:00.203090+00:00,2.258487
2025-07-15 14:26:11.137059+00:00,2.2584869
2025-07-15 14:26:29.885875+00:00,2.2584877
2025-07-15 14:26:36.134886+00:00,2.2584874
2025-07-15 14:26:49.265418+00:00,2.2584876
2025-07-15 14:27:02.358987+00:00,2.2584876
2025-07-15 14:27:15.942339+00:00,2.2584878
2025-07-15 14:27:27.985801+00:00,2.2584878
2025-07-15 14:27:39.847692+00:00,2.2584869
2025-07-15 14:27:54.407153+00:00,2.2584872
2025-07-15 14:28:05.209788+00:00,2.2584876
2025-07-15 14:28:18.392299+00:00,2.258487
2025-07-15 14:28:30.824410+00:00,2.2584872
2025-07-15 14:28:43.892735+00:00,2.2584875
2025-07-15 14:28:56.658289+00:00,2.2584876
2025-07-15 14:29:09.274252+00:00,2.2584871
2025-07-15 14:29:21.267280+00:00,2.258487
2025-07-15 14:29:36.199747+00:00,2.2584872
2025-07-15 14:29:47.881651+00:00,2.2584872
2025-07-15 14:29:58.969903+00:00,2.2584872
2025-07-15 14:30:11.229867+00:00,2.2584874
2025-07-15 14:30:24.824347+00:00,2.2584876
2025-07-15 14:30:37.955547+00:00,2.2584869
2025-07-15 14:30:48.839540+00:00,2.2584879
2025-07-15 14:31:00.796379+00:00,2.2584879
2025-07-15 14:31:13.207431+00:00,2.2584876
2025-07-15 14:31:25.757585+00:00,2.2584873
2025-07-15 14:31:38.217019+00:00,2.2584877
2025-07-15 14:31:52.857326+00:00,2.2584873
2025-07-15 14:32:03.426286+00:00,2.2584876
2025-07-15 14:32:16.110126+00:00,2.2584868
2025-07-15 14:32:28.902300+00:00,2.2584872
2025-07-15 14:32:41.352926+00:00,2.2584869
2025-07-15 14:32:53.398347+00:00,2.2584868
2025-07-15 14:33:06.371950+00:00,2.2584874
2025-07-15 14:33:18.740173+00:00,2.2584868
2025-07-15 14:33:31.468470+00:00,2.2584875
2025-07-15 14:33:43.894865+00:00,2.2584873
2025-07-15 14:33:56.001059+00:00,2.2584875
2025-07-15 14:34:08.716685+00:00,2.2584875
2025-07-15 14:34:20.825197+00:00,2.2584869
2025-07-15 14:34:33.909937+00:00,2.2584872
2025-07-15 14:34:48.098849+00:00,2.2584874
2025-07-15 14:35:00.730360+00:00,2.2584871
2025-07-15 14:35:12.155817+00:00,2.2584878
2025-07-15 14:35:24.852880+00:00,2.2584873
2025-07-15 14:35:37.688923+00:00,2.2584872
2025-07-15 14:35:54.023750+00:00,2.2584876
2025-07-15 14:36:03.379465+00:00,2.2584871
2025-07-15 14:36:15.896341+00:00,2.2584873
2025-07-15 14:36:28.079050+00:00,2.2584872
2025-07-15 14:36:40.944875+00:00,2.2584875
2025-07-15 14:36:54.529115+00:00,2.2584869
2025-07-15 14:37:06.423135+00:00,2.2584876
2025-07-15 14:37:19.458635+00:00,2.2584872
2025-07-15 14:37:31.727018+00:00,2.2584874
2025-07-15 14:37:44.664358+00:00,2.2584869
2025-07-15 14:37:57.301539+00:00,2.2584877
2025-07-15 14:38:09.784237+00:00,2.2584874
2025-07-15 14:38:22.604772+00:00,2.2584874
2025-07-15 14:38:36.768073+00:00,2.2584875
2025-07-15 14:38:47.884158+00:00,2.2584869
2025-07-15 14:39:02.633213+00:00,2.2584872
2025-07-15 14:39:12.464100+00:00,2.2584873
2025-07-15 14:39:24.789762+00:00,2.2584879
2025-07-15 14:39:37.239694+00:00,2.2584875
2025-07-15 14:39:49.753640+00:00,2.2584876
2025-07-15 14:40:03.304596+00:00,2.2584874
2025-07-15 14:40:15.448486+00:00,2.2584876
2025-07-15 14:40:28.415596+00:00,2.2584874
2025-07-15 14:40:40.871209+00:00,2.2584873
2025-07-15 14:40:53.588777+00:00,2.258487
2025-07-15 14:41:06.339995+00:00,2.2584881
2025-07-15 14:41:19.119220+00:00,2.258488
2025-07-15 14:41:31.531074+00:00,2.2584872
2025-07-15 14:41:43.680744+00:00,2.2584875
2025-07-15 14:41:56.230939+00:00,2.2584878
2025-07-15 14:42:23.776575+00:00,2.258487
2025-07-15 14:42:34.143097+00:00,2.2584871
2025-07-15 14:42:48.275758+00:00,2.2584876
2025-07-15 14:42:59.380053+00:00,2.2584868
2025-07-15 14:43:13.461438+00:00,2.2584873
2025-07-15 14:43:26.367256+00:00,2.2584866
2025-07-15 14:43:37.362348+00:00,2.2584865
2025-07-15 14:43:50.093815+00:00,2.2584878
2025-07-15 14:44:03.226523+00:00,2.2584875
2025-07-15 14:44:16.097615+00:00,2.2584873
2025-07-15 14:44:32.906388+00:00,2.2584873
2025-07-15 14:44:41.725419+00:00,2.2584875
2025-07-15 14:44:56.441990+00:00,2.2584874
2025-07-15 14:45:12.340624+00:00,2.2584879
2025-07-15 14:45:20.698902+00:00,2.2584868
2025-07-15 14:45:33.372902+00:00,2.2584875
2025-07-15 14:45:45.631419+00:00,2.2584875
2025-07-15 14:45:57.926738+00:00,2.2584874
2025-07-15 14:46:10.747191+00:00,2.2584874
2025-07-15 14:46:24.730690+00:00,2.2584874
2025-07-15 14:46:36.087961+00:00,2.2584873
2025-07-15 14:46:49.130234+00:00,2.2584877
2025-07-15 14:47:08.100979+00:00,2.2584871
2025-07-15 14:47:15.585774+00:00,2.2584874
2025-07-15 14:47:28.870167+00:00,2.2584873
2025-07-15 14:47:39.110425+00:00,2.2584877
2025-07-15 14:47:52.230738+00:00,2.2584871
2025-07-15 14:48:04.284659+00:00,2.258487
2025-07-15 14:48:17.094670+00:00,2.2584875
2025-07-15 14:48:29.255816+00:00,2.2584876
2025-07-15 14:48:41.734690+00:00,2.2584874
2025-07-15 14:48:54.675953+00:00,2.2584871
2025-07-15 14:49:07.435152+00:00,2.2584878
2025-07-15 14:49:19.592886+00:00,2.258487
2025-07-15 14:49:32.376023+00:00,2.2584871
2025-07-15 14:49:46.034869+00:00,2.2584878
2025-07-15 14:49:57.161328+00:00,2.2584872
2025-07-15 14:50:09.834837+00:00,2.2584875
2025-07-15 14:50:24.271188+00:00,2.2584875
2025-07-15 14:50:35.799634+00:00,2.2584875
2025-07-15 14:50:48.744478+00:00,2.2584878
2025-07-15 14:51:04.435492+00:00,2.2584877
2025-07-15 14:51:12.344282+00:00,2.2584876
2025-07-15 14:51:25.201769+00:00,2.258487
2025-07-15 14:51:38.999007+00:00,2.2584881
2025-07-15 14:51:49.703007+00:00,2.2584876
2025-07-15 14:52:05.324724+00:00,2.2584877
2025-07-15 14:52:15.356472+00:00,2.2584878
2025-07-15 14:52:28.442374+00:00,2.2584878
2025-07-15 14:52:41.289701+00:00,2.2584878
2025-07-15 14:52:57.616436+00:00,2.2584875
2025-07-15 14:53:09.154878+00:00,2.2584877
2025-07-15 14:53:20.249772+00:00,2.2584872
2025-07-15 14:53:34.202801+00:00,2.2584877
2025-07-15 14:53:45.627820+00:00,2.2584876
2025-07-15 14:53:58.529780+00:00,2.2584873
2025-07-15 14:54:10.792945+00:00,2.2584873
2025-07-15 14:54:23.582948+00:00,2.2584873
2025-07-15 14:54:36.434556+00:00,2.258488
2025-07-15 14:54:49.399483+00:00,2.2584875
2025-07-15 14:55:01.984305+00:00,2.2584869
2025-07-15 14:55:15.094388+00:00,2.2584877
2025-07-15 14:55:27.037930+00:00,2.258487
2025-07-15 14:55:39.151761+00:00,2.258488
2025-07-15 14:55:51.548715+00:00,2.2584879
2025-07-15 14:56:03.719431+00:00,2.2584874
2025-07-15 14:56:17.282765+00:00,2.2584876
2025-07-15 14:56:28.620311+00:00,2.2584877
2025-07-15 14:56:40.592486+00:00,2.2584878
2025-07-15 14:56:53.284161+00:00,2.2584875
2025-07-15 14:57:06.653660+00:00,2.258488
2025-07-15 14:57:19.419658+00:00,2.2584872
2025-07-15 14:57:33.776444+00:00,2.2584875
2025-07-15 14:57:43.552633+00:00,2.258487
2025-07-15 14:57:56.073991+00:00,2.2584876
2025-07-15 14:58:08.866716+00:00,2.2584875
2025-07-15 14:58:21.333977+00:00,2.2584876
2025-07-15 14:58:35.395870+00:00,2.2584872
2025-07-15 14:58:47.047209+00:00,2.2584872
2025-07-15 14:59:02.150758+00:00,2.2584872
2025-07-15 14:59:11.331311+00:00,2.2584869
2025-07-15 14:59:24.266170+00:00,2.2584867
2025-07-15 14:59:37.573636+00:00,2.2584871
2025-07-15 14:59:48.506642+00:00,2.2584875
2025-07-15 15:00:01.034265+00:00,2.2584875
2025-07-15 15:00:13.564709+00:00,2.2584872
2025-07-15 15:00:25.801910+00:00,2.2584866
2025-07-15 15:00:38.570381+00:00,2.2584877
2025-07-15 15:00:51.244100+00:00,2.2584869
2025-07-15 15:01:03.459639+00:00,2.2584872
2025-07-15 15:01:15.891707+00:00,2.2584874
2025-07-15 15:01:28.653108+00:00,2.2584877
2025-07-15 15:01:41.346118+00:00,2.2584878
2025-07-15 15:01:54.576068+00:00,2.2584871
2025-07-15 15:02:07.809038+00:00,2.2584873
2025-07-15 15:02:19.775953+00:00,2.2584878
2025-07-15 15:02:32.957790+00:00,2.2584866
2025-07-15 15:02:45.731646+00:00,2.2584872
2025-07-15 15:02:58.205276+00:00,2.2584879
2025-07-15 15:03:11.151778+00:00,2.2584874
2025-07-15 15:03:24.647446+00:00,2.2584871
2025-07-15 15:03:36.002863+00:00,2.2584868
2025-07-15 15:03:48.855290+00:00,2.2584875
2025-07-15 15:04:01.371692+00:00,2.2584871
2025-07-15 15:04:14.596713+00:00,2.2584875
2025-07-15 15:04:26.468790+00:00,2.2584877
2025-07-15 15:04:38.851386+00:00,2.258487
2025-07-15 15:04:51.493619+00:00,2.2584878
2025-07-15 15:05:03.769810+00:00,2.2584874
2025-07-15 15:05:17.408017+00:00,2.2584868
2025-07-15 15:05:29.040531+00:00,2.2584875
2025-07-15 15:05:41.686276+00:00,2.258488
2025-07-15 15:05:56.503112+00:00,2.2584868
2025-07-15 15:06:12.124552+00:00,2.2584871
2025-07-15 15:06:19.807410+00:00,2.2584877
2025-07-15 15:06:32.092744+00:00,2.2584874
2025-07-15 15:06:45.838864+00:00,2.2584875
2025-07-15 15:06:56.795845+00:00,2.2584877
2025-07-15 15:07:09.325504+00:00,2.2584872
2025-07-15 15:07:22.040000+00:00,2.2584878
2025-07-15 15:07:34.559697+00:00,2.258487
2025-07-15 15:07:47.079750+00:00,2.2584876
2025-07-15 15:08:00.014875+00:00,2.2584876
2025-07-15 15:08:12.140566+00:00,2.2584872
2025-07-15 15:08:24.717876+00:00,2.2584874
2025-07-15 15:08:37.198810+00:00,2.2584873
2025-07-15 15:08:51.464823+00:00,2.2584872
2025-07-15 15:09:02.589398+00:00,2.2584874
2025-07-15 15:09:14.640840+00:00,2.2584875
2025-07-15 15:09:27.196258+00:00,2.2584877
2025-07-15 15:09:39.603916+00:00,2.2584871
2025-07-15 15:09:52.198030+00:00,2.2584874
2025-07-15 15:10:04.943777+00:00,2.2584872
2025-07-15 15:10:19.593427+00:00,2.2584871
2025-07-15 15:10:30.355520+00:00,2.2584878
2025-07-15 15:10:43.332783+00:00,2.2584874
2025-07-15 15:10:55.795468+00:00,2.2584876
2025-07-15 15:11:11.157728+00:00,2.2584877
2025-07-15 15:11:22.721781+00:00,2.2584869
2025-07-15 15:11:34.484911+00:00,2.2584877
2025-07-15 15:11:47.276321+00:00,2.2584874
2025-07-15 15:11:59.827085+00:00,2.2584878
2025-07-15 15:12:12.793894+00:00,2.2584871
2025-07-15 15:12:24.935465+00:00,2.2584873
2025-07-15 15:12:37.943125+00:00,2.2584871
2025-07-15 15:12:50.519122+00:00,2.2584875
2025-07-15 15:13:03.453043+00:00,2.2584871
2025-07-15 15:13:15.793402+00:00,2.2584879
2025-07-15 15:13:28.759581+00:00,2.2584877
2025-07-15 15:13:43.941288+00:00,2.2584878
2025-07-15 15:13:53.743368+00:00,2.2584879
2025-07-15 15:14:05.990776+00:00,2.2584877
2025-07-15 15:14:17.984441+00:00,2.2584876
2025-07-15 15:14:30.435558+00:00,2.2584871
2025-07-15 15:14:42.707838+00:00,2.2584875
2025-07-15 15:14:54.860112+00:00,2.2584875
2025-07-15 15:15:07.505350+00:00,2.2584866
2025-07-15 15:15:21.897861+00:00,2.2584877
2025-07-15 15:15:32.931836+00:00,2.2584872
2025-07-15 15:15:47.537177+00:00,2.2584871
2025-07-15 15:15:57.715571+00:00,2.2584874
2025-07-15 15:16:13.849898+00:00,2.2584878
2025-07-15 15:16:22.798934+00:00,2.2584871
2025-07-15 15:16:35.564512+00:00,2.2584874
2025-07-15 15:16:48.997784+00:00,2.2584869
2025-07-15 15:17:01.824489+00:00,2.2584877
2025-07-15 15:17:13.878177+00:00,2.2584873
2025-07-15 15:17:27.312157+00:00,2.2584877
2025-07-15 15:17:40.852942+00:00,2.2584869
2025-07-15 15:17:51.389478+00:00,2.2584872
2025-07-15 15:18:04.175771+00:00,2.2584876
2025-07-15 15:18:16.579754+00:00,2.258488
2025-07-15 15:18:28.987665+00:00,2.2584878
2025-07-15 15:18:41.503393+00:00,2.2584869
2025-07-15 15:18:55.815861+00:00,2.2584873
2025-07-15 15:19:09.675711+00:00,2.2584869
2025-07-15 15:19:18.985176+00:00,2.2584875
2025-07-15 15:19:31.225025+00:00,2.2584869
2025-07-15 15:19:44.860900+00:00,2.2584876
2025-07-15 15:19:56.824160+00:00,2.2584866
2025-07-15 15:20:09.665266+00:00,2.2584868
2025-07-15 15:20:38.040924+00:00,2.2584867
2025-07-15 15:20:48.699682+00:00,2.2584874
2025-07-15 15:21:01.476377+00:00,2.2584871
2025-07-15 15:21:14.785669+00:00,2.2584874
2025-07-15 15:21:26.292413+00:00,2.2584878
2025-07-15 15:21:40.559068+00:00,2.2584872
2025-07-15 15:21:52.263248+00:00,2.2584877
2025-07-15 15:22:07.920426+00:00,2.2584873
2025-07-15 15:22:21.508258+00:00,2.2584869
2025-07-15 15:22:29.741323+00:00,2.2584873
2025-07-15 15:22:42.282925+00:00,2.2584871
2025-07-15 15:22:55.699331+00:00,2.2584874
2025-07-15 15:23:07.876998+00:00,2.2584871
2025-07-15 15:23:19.859374+00:00,2.2584869
2025-07-15 15:23:32.419274+00:00,2.2584873
2025-07-15 15:23:45.587444+00:00,2.2584875
2025-07-15 15:23:57.754999+00:00,2.2584869
2025-07-15 15:24:11.563192+00:00,2.2584878
2025-07-15 15:24:23.397453+00:00,2.2584873
2025-07-15 15:24:36.033799+00:00,2.2584872
2025-07-15 15:24:48.635922+00:00,2.2584877
2025-07-15 15:25:04.475162+00:00,2.2584871
2025-07-15 15:25:13.440536+00:00,2.2584875
2025-07-15 15:25:26.252666+00:00,2.2584872
2025-07-15 15:25:38.356583+00:00,2.2584873
2025-07-15 15:25:51.402342+00:00,2.2584872
2025-07-15 15:26:03.355351+00:00,2.258487
2025-07-15 15:26:15.812639+00:00,2.2584877
2025-07-15 15:26:28.028676+00:00,2.2584876
2025-07-15 15:26:42.789161+00:00,2.258487
2025-07-15 15:26:53.453440+00:00,2.2584879
2025-07-15 15:27:05.746679+00:00,2.258487
2025-07-15 15:27:20.640919+00:00,2.2584876
2025-07-15 15:27:31.063061+00:00,2.2584871
2025-07-15 15:27:44.775486+00:00,2.2584871
2025-07-15 15:27:55.994320+00:00,2.2584868
2025-07-15 15:28:09.283537+00:00,2.258488
2025-07-15 15:28:21.550496+00:00,2.2584875
2025-07-15 15:28:34.411037+00:00,2.2584868
2025-07-15 15:28:48.542382+00:00,2.2584878
2025-07-15 15:29:00.093189+00:00,2.2584873
2025-07-15 15:29:13.013532+00:00,2.2584868
2025-07-15 15:29:25.849806+00:00,2.2584871
2025-07-15 15:29:39.735820+00:00,2.2584873
2025-07-15 15:29:51.294479+00:00,2.2584876
2025-07-15 15:30:04.283673+00:00,2.2584875
2025-07-15 15:30:18.310486+00:00,2.2584877
2025-07-15 15:30:32.493532+00:00,2.2584873
2025-07-15 15:30:42.616195+00:00,2.258487
2025-07-15 15:30:55.855725+00:00,2.2584874
2025-07-15 15:31:08.074046+00:00,2.2584877
2025-07-15 15:31:20.393020+00:00,2.2584873
2025-07-15 15:31:33.706879+00:00,2.2584872
2025-07-15 15:31:46.167789+00:00,2.2584877
2025-07-15 15:31:58.523275+00:00,2.258487
2025-07-15 15:32:11.897112+00:00,2.2584871
2025-07-15 15:32:23.065091+00:00,2.2584878
2025-07-15 15:32:35.550109+00:00,2.2584869
2025-07-15 15:32:49.670064+00:00,2.2584872
2025-07-15 15:33:00.288733+00:00,2.2584872
2025-07-15 15:33:13.056486+00:00,2.2584874
2025-07-15 15:33:25.336388+00:00,2.2584874
2025-07-15 15:33:37.776736+00:00,2.2584874
2025-07-15 15:33:51.582307+00:00,2.2584871
2025-07-15 15:34:03.950840+00:00,2.2584878
2025-07-15 15:34:18.902919+00:00,2.2584876
2025-07-15 15:34:28.720172+00:00,2.2584876
2025-07-15 15:34:41.270398+00:00,2.2584877
2025-07-15 15:34:53.988423+00:00,2.2584869
2025-07-15 15:35:06.683895+00:00,2.2584868
2025-07-15 15:35:19.036076+00:00,2.2584869
2025-07-15 15:35:34.500194+00:00,2.2584874
2025-07-15 15:35:44.374162+00:00,2.2584871
2025-07-15 15:35:56.749571+00:00,2.2584879
2025-07-15 15:36:09.695023+00:00,2.2584876
2025-07-15 15:36:21.828803+00:00,2.258487
2025-07-15 15:36:35.169641+00:00,2.2584868
2025-07-15 15:36:48.523515+00:00,2.2584872
2025-07-15 15:37:00.171447+00:00,2.2584875
2025-07-15 15:37:12.997672+00:00,2.258488
2025-07-15 15:37:26.170411+00:00,2.2584876
2025-07-15 15:37:38.898708+00:00,2.2584876
2025-07-15 15:37:51.622356+00:00,2.258488
2025-07-15 15:38:04.605505+00:00,2.2584876
2025-07-15 15:38:17.355105+00:00,2.2584878
2025-07-15 15:38:30.229231+00:00,2.2584871
2025-07-15 15:38:42.660923+00:00,2.2584867
2025-07-15 15:38:55.268081+00:00,2.2584872
2025-07-15 15:39:08.245481+00:00,2.2584873
2025-07-15 15:39:21.672538+00:00,2.2584868
2025-07-15 15:39:33.851357+00:00,2.2584877
2025-07-15 15:39:46.067705+00:00,2.2584872
2025-07-15 15:40:02.805673+00:00,2.2584867
2025-07-15 15:40:11.337362+00:00,2.2584878
2025-07-15 15:40:24.077119+00:00,2.2584874
2025-07-15 15:40:37.226767+00:00,2.2584869
2025-07-15 15:40:48.725330+00:00,2.2584873
2025-07-15 15:41:02.536500+00:00,2.2584873
2025-07-15 15:41:14.911275+00:00,2.2584869
2025-07-15 15:41:26.993539+00:00,2.258487
2025-07-15 15:41:41.776957+00:00,2.2584876
2025-07-15 15:41:52.915016+00:00,2.2584875
2025-07-15 15:42:05.470037+00:00,2.2584876
2025-07-15 15:42:18.381152+00:00,2.2584872
2025-07-15 15:42:30.780941+00:00,2.258487
2025-07-15 15:42:43.501563+00:00,2.2584871
2025-07-15 15:42:55.435311+00:00,2.2584871
2025-07-15 15:43:08.217890+00:00,2.2584868
2025-07-15 15:43:21.836517+00:00,2.2584869
2025-07-15 15:43:36.248350+00:00,2.2584873
2025-07-15 15:43:45.964213+00:00,2.2584875
2025-07-15 15:43:58.755598+00:00,2.258487
2025-07-15 15:44:10.587164+00:00,2.2584873
2025-07-15 15:44:25.249879+00:00,2.2584872
2025-07-15 15:44:35.059563+00:00,2.2584872
2025-07-15 15:44:49.022536+00:00,2.2584873
2025-07-15 15:45:01.142833+00:00,2.2584872
2025-07-15 15:45:13.294506+00:00,2.2584868
2025-07-15 15:45:28.653153+00:00,2.2584874
2025-07-15 15:45:38.649075+00:00,2.2584871
2025-07-15 15:45:52.510140+00:00,2.2584873
2025-07-15 15:46:07.976045+00:00,2.2584868
2025-07-15 15:46:17.505555+00:00,2.2584871
2025-07-15 15:46:33.426418+00:00,2.2584868
2025-07-15 15:46:42.713713+00:00,2.2584878
2025-07-15 15:46:55.313136+00:00,2.2584875
2025-07-15 15:47:09.919339+00:00,2.2584871
2025-07-15 15:47:20.881419+00:00,2.2584869
2025-07-15 15:47:33.610782+00:00,2.2584873
2025-07-15 15:47:46.923822+00:00,2.2584874
2025-07-15 15:47:59.445234+00:00,2.2584873
2025-07-15 15:48:12.691872+00:00,2.258488
2025-07-15 15:48:23.995397+00:00,2.2584879
2025-07-15 15:48:37.304066+00:00,2.2584866
2025-07-15 15:48:49.129315+00:00,2.2584873
2025-07-15 15:49:01.323937+00:00,2.2584877
2025-07-15 15:49:13.357896+00:00,2.258487
2025-07-15 15:49:25.780138+00:00,2.2584872
2025-07-15 15:49:38.853392+00:00,2.2584871
2025-07-15 15:49:55.608064+00:00,2.2584875
2025-07-15 15:50:03.694973+00:00,2.2584874
2025-07-15 15:50:16.172335+00:00,2.2584875
2025-07-15 15:50:31.018628+00:00,2.2584875
2025-07-15 15:50:41.198568+00:00,2.2584874
2025-07-15 15:50:54.054017+00:00,2.2584878
2025-07-15 15:51:06.850035+00:00,2.2584871
2025-07-15 15:51:19.199629+00:00,2.2584871
2025-07-15 15:51:33.897251+00:00,2.2584878
2025-07-15 15:51:45.199659+00:00,2.2584873
2025-07-15 15:51:57.359976+00:00,2.2584875
2025-07-15 15:52:09.525490+00:00,2.2584876
2025-07-15 15:52:21.463565+00:00,2.2584873
2025-07-15 15:52:34.185108+00:00,2.2584868
2025-07-15 15:52:46.663511+00:00,2.258487
2025-07-15 15:52:58.972033+00:00,2.2584876
2025-07-15 15:53:18.612831+00:00,2.2584874
2025-07-15 15:53:26.399684+00:00,2.258487
2025-07-15 15:53:36.919691+00:00,2.2584873
2025-07-15 15:53:48.954002+00:00,2.2584875
2025-07-15 15:54:01.763635+00:00,2.2584878
2025-07-15 15:54:14.478110+00:00,2.2584875
2025-07-15 15:54:27.377350+00:00,2.2584869
2025-07-15 15:54:41.300692+00:00,2.2584874
2025-07-15 15:54:52.771190+00:00,2.2584869
2025-07-15 15:55:09.077140+00:00,2.2584873
2025-07-15 15:55:20.212809+00:00,2.2584878
2025-07-15 15:55:31.168501+00:00,2.2584874
2025-07-15 15:55:44.612333+00:00,2.2584874
2025-07-15 15:55:56.576431+00:00,2.2584873
2025-07-15 15:56:09.642490+00:00,2.2584877
2025-07-15 15:56:21.935803+00:00,2.2584868
2025-07-15 15:56:34.938347+00:00,2.258488
2025-07-15 15:56:47.693551+00:00,2.2584877
2025-07-15 15:56:59.867875+00:00,2.2584877
2025-07-15 15:57:12.700855+00:00,2.2584875
2025-07-15 15:57:25.379566+00:00,2.2584876
2025-07-15 15:57:38.171483+00:00,2.2584873
2025-07-15 15:57:50.437888+00:00,2.258487
2025-07-15 15:58:02.710343+00:00,2.258488
2025-07-15 15:58:15.334533+00:00,2.2584872
2025-07-15 15:58:27.840729+00:00,2.2584876
2025-07-15 15:58:40.578296+00:00,2.2584874
2025-07-15 15:58:53.971681+00:00,2.258488
2025-07-15 15:59:06.133147+00:00,2.2584871
2025-07-15 15:59:18.756408+00:00,2.2584877
2025-07-15 15:59:31.831684+00:00,2.2584876
2025-07-15 15:59:44.052083+00:00,2.2584878
2025-07-15 15:59:56.745761+00:00,2.2584872
2025-07-15 16:00:11.879352+00:00,2.2584878
2025-07-15 16:00:21.930980+00:00,2.258487
2025-07-15 16:00:34.582675+00:00,2.2584871
2025-07-15 16:00:47.095287+00:00,2.2584869
2025-07-15 16:00:59.306125+00:00,2.2584869
2025-07-15 16:01:11.928547+00:00,2.2584878
2025-07-15 16:01:24.500452+00:00,2.2584869
2025-07-15 16:01:37.415700+00:00,2.2584875
2025-07-15 16:01:53.779453+00:00,2.2584877
2025-07-15 16:02:02.298066+00:00,2.2584876
2025-07-15 16:02:27.268150+00:00,2.2584874
2025-07-15 16:02:40.677099+00:00,2.2584871
2025-07-15 16:02:53.201436+00:00,2.2584877
2025-07-15 16:03:05.893099+00:00,2.258488
2025-07-15 16:03:18.500019+00:00,2.2584876
2025-07-15 16:03:31.917047+00:00,2.2584868
2025-07-15 16:03:43.866666+00:00,2.258487
2025-07-15 16:03:56.750254+00:00,2.2584873
2025-07-15 16:04:09.307518+00:00,2.2584871
2025-07-15 16:04:21.883820+00:00,2.258487
2025-07-15 16:04:37.770408+00:00,2.2584872
2025-07-15 16:04:47.531260+00:00,2.2584877
2025-07-15 16:05:02.096747+00:00,2.2584871
2025-07-15 16:05:13.362831+00:00,2.2584878
2025-07-15 16:05:25.421002+00:00,2.2584873
2025-07-15 16:05:38.229917+00:00,2.2584879
2025-07-15 16:05:52.392707+00:00,2.2584878
2025-07-15 16:06:03.287787+00:00,2.258488
2025-07-15 16:06:15.887592+00:00,2.2584869
2025-07-15 16:06:27.864515+00:00,2.2584878
2025-07-15 16:06:42.858220+00:00,2.2584874
2025-07-15 16:06:53.788903+00:00,2.258487
2025-07-15 16:07:05.234673+00:00,2.258487
2025-07-15 16:07:17.807192+00:00,2.2584874
2025-07-15 16:07:30.075888+00:00,2.2584872
2025-07-15 16:07:44.801732+00:00,2.2584877
2025-07-15 16:07:55.562549+00:00,2.2584873
2025-07-15 16:08:09.732917+00:00,2.2584872
2025-07-15 16:08:20.714534+00:00,2.258487
2025-07-15 16:08:38.065441+00:00,2.2584873
2025-07-15 16:08:49.299302+00:00,2.2584879
2025-07-15 16:08:58.712648+00:00,2.2584874
2025-07-15 16:09:12.037843+00:00,2.2584875
2025-07-15 16:09:23.295162+00:00,2.2584873
2025-07-15 16:09:36.156147+00:00,2.2584877
2025-07-15 16:09:48.849971+00:00,2.2584875
2025-07-15 16:10:00.955896+00:00,2.2584871
2025-07-15 16:10:13.527237+00:00,2.2584871
2025-07-15 16:10:26.613484+00:00,2.2584874
2025-07-15 16:10:38.663151+00:00,2.2584873
2025-07-15 16:10:51.267145+00:00,2.258487
2025-07-15 16:11:04.061469+00:00,2.2584874
2025-07-15 16:11:16.811849+00:00,2.2584869
2025-07-15 16:11:29.603208+00:00,2.2584876
2025-07-15 16:11:42.362639+00:00,2.2584871
2025-07-15 16:11:55.201731+00:00,2.2584868
2025-07-15 16:12:14.339762+00:00,2.2584874
2025-07-15 16:12:20.674515+00:00,2.2584874
2025-07-15 16:12:34.199098+00:00,2.2584873
2025-07-15 16:12:48.739081+00:00,2.2584873
2025-07-15 16:12:59.124593+00:00,2.2584871
2025-07-15 16:13:11.652121+00:00,2.2584875
2025-07-15 16:13:23.973309+00:00,2.2584871
2025-07-15 16:13:37.258014+00:00,2.2584869
2025-07-15 16:13:50.353482+00:00,2.2584873
2025-07-15 16:14:02.377222+00:00,2.2584878
2025-07-15 16:14:15.358584+00:00,2.2584871
2025-07-15 16:14:27.003077+00:00,2.2584875
2025-07-15 16:14:39.949052+00:00,2.2584877
2025-07-15 16:14:51.955591+00:00,2.2584872
2025-07-15 16:15:04.861259+00:00,2.2584879
2025-07-15 16:15:17.447741+00:00,2.2584875
2025-07-15 16:15:32.462289+00:00,2.2584878
2025-07-15 16:15:44.585562+00:00,2.2584868
2025-07-15 16:15:55.237429+00:00,2.2584877
2025-07-15 16:16:07.700340+00:00,2.2584875
2025-07-15 16:16:19.962787+00:00,2.2584874
2025-07-15 16:16:33.171064+00:00,2.2584875
2025-07-15 16:16:45.686507+00:00,2.258487
2025-07-15 16:16:59.504231+00:00,2.2584879
2025-07-15 16:17:12.043488+00:00,2.2584873
2025-07-15 16:17:25.602665+00:00,2.2584871
2025-07-15 16:17:35.723073+00:00,2.2584873
2025-07-15 16:17:49.468914+00:00,2.2584874
2025-07-15 16:18:01.153705+00:00,2.2584879
2025-07-15 16:18:14.143142+00:00,2.2584877
2025-07-15 16:18:25.763979+00:00,2.2584869
2025-07-15 16:18:39.349664+00:00,2.2584877
2025-07-15 16:18:50.806181+00:00,2.2584872
2025-07-15 16:19:03.667680+00:00,2.2584873
2025-07-15 16:19:28.798576+00:00,2.2584874
2025-07-15 16:19:41.482516+00:00,2.2584872
2025-07-15 16:19:53.976740+00:00,2.2584869
2025-07-15 16:20:08.228725+00:00,2.2584874
2025-07-15 16:20:24.691788+00:00,2.2584869
2025-07-15 16:20:33.466338+00:00,2.2584871
2025-07-15 16:20:45.722227+00:00,2.2584879
2025-07-15 16:20:58.706356+00:00,2.2584874
2025-07-15 16:21:14.884573+00:00,2.2584874
2025-07-15 16:21:24.085146+00:00,2.2584876
2025-07-15 16:21:36.701067+00:00,2.2584874
2025-07-15 16:21:49.643985+00:00,2.2584876
2025-07-15 16:22:02.746786+00:00,2.2584876
2025-07-15 16:22:15.261410+00:00,2.2584869
2025-07-15 16:22:27.528246+00:00,2.258487
2025-07-15 16:22:40.318071+00:00,2.2584871
2025-07-15 16:22:53.220746+00:00,2.258487
2025-07-15 16:23:06.303438+00:00,2.2584878
2025-07-15 16:23:19.604839+00:00,2.2584871
2025-07-15 16:23:34.493792+00:00,2.2584875
2025-07-15 16:23:43.286153+00:00,2.2584868
2025-07-15 16:23:56.024901+00:00,2.2584878
2025-07-15 16:24:08.602557+00:00,2.2584878
2025-07-15 16:24:21.125714+00:00,2.2584875
2025-07-15 16:24:33.792223+00:00,2.2584875
2025-07-15 16:24:46.198793+00:00,2.2584875
2025-07-15 16:24:58.510174+00:00,2.2584876
2025-07-15 16:25:13.068140+00:00,2.2584869
2025-07-15 16:25:26.657090+00:00,2.2584873
2025-07-15 16:25:37.614814+00:00,2.2584876
2025-07-15 16:25:49.177530+00:00,2.2584875
2025-07-15 16:26:03.423417+00:00,2.2584879
2025-07-15 16:26:14.550056+00:00,2.2584872
2025-07-15 16:26:27.042255+00:00,2.2584874
2025-07-15 16:26:39.590868+00:00,2.2584882
2025-07-15 16:26:52.441204+00:00,2.2584869
2025-07-15 16:27:05.012266+00:00,2.258487
2025-07-15 16:27:18.241692+00:00,2.2584877
2025-07-15 16:27:31.012372+00:00,2.2584877
2025-07-15 16:27:42.821900+00:00,2.2584872
2025-07-15 16:27:57.934236+00:00,2.2584875
2025-07-15 16:28:08.160157+00:00,2.2584873
2025-07-15 16:28:20.710509+00:00,2.2584874
2025-07-15 16:28:33.839366+00:00,2.258487
2025-07-15 16:28:46.460696+00:00,2.2584872
2025-07-15 16:28:59.229576+00:00,2.2584878
2025-07-15 16:29:12.021372+00:00,2.2584876
2025-07-15 16:29:24.802990+00:00,2.2584873
2025-07-15 16:29:38.836286+00:00,2.258487
2025-07-15 16:29:51.155491+00:00,2.2584874
2025-07-15 16:30:03.168963+00:00,2.2584875
2025-07-15 16:30:16.011681+00:00,2.2584877
2025-07-15 16:30:28.553237+00:00,2.2584875
2025-07-15 16:30:41.599584+00:00,2.2584875
2025-07-15 16:30:54.039993+00:00,2.258488
2025-07-15 16:31:06.772677+00:00,2.2584873
2025-07-15 16:31:19.358703+00:00,2.2584874
2025-07-15 16:31:32.274166+00:00,2.2584869
2025-07-15 16:31:45.389073+00:00,2.2584873
2025-07-15 16:31:57.122180+00:00,2.2584877
2025-07-15 16:32:09.373268+00:00,2.2584873
2025-07-15 16:32:21.836320+00:00,2.2584871
2025-07-15 16:32:33.936797+00:00,2.2584877
2025-07-15 16:32:47.544489+00:00,2.258488
2025-07-15 16:32:59.184306+00:00,2.2584879
2025-07-15 16:33:11.682255+00:00,2.2584873
2025-07-15 16:33:24.088684+00:00,2.2584874
2025-07-15 16:33:36.815820+00:00,2.2584879
2025-07-15 16:33:51.168450+00:00,2.2584879
2025-07-15 16:34:03.520029+00:00,2.2584874
2025-07-15 16:34:15.603315+00:00,2.2584881
2025-07-15 16:34:27.635959+00:00,2.2584876
2025-07-15 16:34:39.846242+00:00,2.2584869
2025-07-15 16:34:53.148187+00:00,2.2584875
2025-07-15 16:35:04.845716+00:00,2.2584878
2025-07-15 16:35:17.268589+00:00,2.2584878
2025-07-15 16:35:29.769891+00:00,2.2584873
2025-07-15 16:35:41.822746+00:00,2.2584871
2025-07-15 16:35:59.830600+00:00,2.2584872
2025-07-15 16:36:09.414188+00:00,2.2584869
2025-07-15 16:36:19.718405+00:00,2.2584873
2025-07-15 16:36:32.773480+00:00,2.2584875
2025-07-15 16:36:45.787250+00:00,2.2584872
2025-07-15 16:36:59.081247+00:00,2.2584876
2025-07-15 16:37:11.430735+00:00,2.2584876
2025-07-15 16:37:23.290583+00:00,2.2584873
2025-07-15 16:37:36.415176+00:00,2.2584871
2025-07-15 16:37:48.922386+00:00,2.2584871
2025-07-15 16:38:02.013994+00:00,2.258487
2025-07-15 16:38:14.506099+00:00,2.2584871
2025-07-15 16:38:27.713538+00:00,2.2584879
2025-07-15 16:38:40.253650+00:00,2.2584874
2025-07-15 16:38:53.721134+00:00,2.2584876
2025-07-15 16:39:07.678195+00:00,2.2584877
2025-07-15 16:39:18.749660+00:00,2.2584877
2025-07-15 16:39:31.495519+00:00,2.2584874
2025-07-15 16:39:45.354742+00:00,2.258487
2025-07-15 16:39:56.675218+00:00,2.2584875
2025-07-15 16:40:09.385286+00:00,2.2584877
2025-07-15 16:40:22.292429+00:00,2.2584882
2025-07-15 16:40:34.482126+00:00,2.2584876
2025-07-15 16:40:48.322459+00:00,2.2584879
2025-07-15 16:40:59.944203+00:00,2.2584873
2025-07-15 16:41:11.903924+00:00,2.2584879
2025-07-15 16:41:25.802528+00:00,2.2584879
2025-07-15 16:41:36.894241+00:00,2.2584878
2025-07-15 16:41:49.625759+00:00,2.2584877
2025-07-15 16:42:02.847437+00:00,2.258487
2025-07-15 16:42:14.722968+00:00,2.2584868
2025-07-15 16:42:27.248786+00:00,2.2584874
2025-07-15 16:42:39.613018+00:00,2.2584874
2025-07-15 16:42:53.367628+00:00,2.2584876
2025-07-15 16:43:05.280585+00:00,2.258487
2025-07-15 16:43:17.730684+00:00,2.2584875
2025-07-15 16:43:30.117507+00:00,2.2584875
2025-07-15 16:43:42.983009+00:00,2.2584878
2025-07-15 16:43:55.067162+00:00,2.2584875
2025-07-15 16:44:09.357410+00:00,2.2584872
2025-07-15 16:44:20.078176+00:00,2.2584877
2025-07-15 16:44:32.628415+00:00,2.2584877
2025-07-15 16:44:45.004372+00:00,2.2584875
2025-07-15 16:44:57.446455+00:00,2.2584876
2025-07-15 16:45:10.077435+00:00,2.2584872
2025-07-15 16:45:24.395644+00:00,2.2584871
2025-07-15 16:45:35.115515+00:00,2.2584878
2025-07-15 16:45:48.898241+00:00,2.2584872
2025-07-15 16:46:00.782495+00:00,2.2584878
2025-07-15 16:46:13.911404+00:00,2.2584872
2025-07-15 16:46:26.355270+00:00,2.258487
2025-07-15 16:46:40.737167+00:00,2.2584873
2025-07-15 16:46:52.287770+00:00,2.2584869
2025-07-15 16:47:05.407401+00:00,2.2584874
2025-07-15 16:47:19.919640+00:00,2.258487
2025-07-15 16:47:31.151977+00:00,2.2584872
2025-07-15 16:47:43.545447+00:00,2.2584872
2025-07-15 16:47:56.587059+00:00,2.2584878
2025-07-15 16:48:09.327747+00:00,2.2584875
2025-07-15 16:48:21.829290+00:00,2.258487
2025-07-15 16:48:34.676033+00:00,2.2584877
2025-07-15 16:48:49.196580+00:00,2.2584873
2025-07-15 16:48:59.963330+00:00,2.2584877
2025-07-15 16:49:12.264775+00:00,2.2584878
2025-07-15 16:49:25.088834+00:00,2.2584876
2025-07-15 16:49:37.570485+00:00,2.2584873
2025-07-15 16:49:50.055727+00:00,2.2584871
2025-07-15 16:50:02.792451+00:00,2.2584873
2025-07-15 16:50:16.411594+00:00,2.2584873
2025-07-15 16:50:30.692854+00:00,2.2584874
2025-07-15 16:50:41.799039+00:00,2.2584876
2025-07-15 16:50:54.870175+00:00,2.258487
2025-07-15 16:51:11.681790+00:00,2.2584877
2025-07-15 16:51:18.449142+00:00,2.2584876
2025-07-15 16:51:30.995102+00:00,2.2584871
2025-07-15 16:51:43.315666+00:00,2.2584876
2025-07-15 16:51:55.855241+00:00,2.2584871
2025-07-15 16:52:08.517275+00:00,2.2584881
2025-07-15 16:52:22.647239+00:00,2.2584874
2025-07-15 16:52:34.631029+00:00,2.2584879
2025-07-15 16:52:48.847649+00:00,2.2584875
2025-07-15 16:52:58.343132+00:00,2.2584875
2025-07-15 16:53:10.969112+00:00,2.2584878
2025-07-15 16:53:24.639949+00:00,2.258487
2025-07-15 16:53:36.072962+00:00,2.2584878
2025-07-15 16:53:48.666193+00:00,2.2584874
2025-07-15 16:54:01.697097+00:00,2.2584876
2025-07-15 16:54:14.965227+00:00,2.2584874
2025-07-15 16:54:26.952448+00:00,2.2584868
2025-07-15 16:54:42.642219+00:00,2.2584878
2025-07-15 16:54:52.615830+00:00,2.2584877
2025-07-15 16:55:05.740287+00:00,2.2584875
2025-07-15 16:55:21.404315+00:00,2.2584872
2025-07-15 16:55:31.245275+00:00,2.2584872
2025-07-15 16:55:45.160008+00:00,2.2584877
2025-07-15 16:55:57.211532+00:00,2.2584872
2025-07-15 16:56:09.638076+00:00,2.2584879
2025-07-15 16:56:25.441483+00:00,2.2584877
2025-07-15 16:56:48.742745+00:00,2.2584876
2025-07-15 16:57:00.687477+00:00,2.2584877
2025-07-15 16:57:13.596025+00:00,2.2584878
2025-07-15 16:57:25.996149+00:00,2.2584871
2025-07-15 16:57:38.871718+00:00,2.2584875
2025-07-15 16:57:54.694125+00:00,2.2584881
2025-07-15 16:58:04.363020+00:00,2.2584874
2025-07-15 16:58:16.736505+00:00,2.2584876
2025-07-15 16:58:41.599244+00:00,2.2584872
2025-07-15 16:58:54.536110+00:00,2.2584875
2025-07-15 16:59:19.607247+00:00,2.2584873
2025-07-15 16:59:31.534990+00:00,2.2584875
2025-07-15 16:59:43.916291+00:00,2.2584876
2025-07-15 16:59:56.730377+00:00,2.258487
2025-07-15 17:00:09.671172+00:00,2.2584879
2025-07-15 17:00:22.354803+00:00,2.2584874
2025-07-15 17:00:34.306661+00:00,2.2584873
2025-07-15 17:00:46.957381+00:00,2.2584876
2025-07-15 17:00:59.103849+00:00,2.2584883
2025-07-15 17:01:11.580819+00:00,2.2584876
2025-07-15 17:01:24.302256+00:00,2.2584873
2025-07-15 17:01:36.693781+00:00,2.2584875
2025-07-15 17:01:49.993960+00:00,2.2584878
2025-07-15 17:02:02.502158+00:00,2.2584873
2025-07-15 17:02:14.200636+00:00,2.2584875
2025-07-15 17:02:26.719711+00:00,2.2584875
2025-07-15 17:02:39.315518+00:00,2.258487
2025-07-15 17:02:52.686896+00:00,2.258488
2025-07-15 17:03:04.732918+00:00,2.2584881
2025-07-15 17:03:17.648596+00:00,2.2584878
2025-07-15 17:03:30.414859+00:00,2.2584878
2025-07-15 17:03:43.128465+00:00,2.2584874
2025-07-15 17:03:56.787977+00:00,2.2584875
2025-07-15 17:04:09.092135+00:00,2.2584874
2025-07-15 17:04:21.774703+00:00,2.258488
2025-07-15 17:04:34.468734+00:00,2.2584875
2025-07-15 17:04:49.415546+00:00,2.2584879
2025-07-15 17:04:59.653805+00:00,2.2584877
2025-07-15 17:05:13.754478+00:00,2.2584876
2025-07-15 17:05:25.270988+00:00,2.2584878
2025-07-15 17:05:39.403342+00:00,2.2584874
2025-07-15 17:05:50.581937+00:00,2.2584872
2025-07-15 17:06:03.502232+00:00,2.2584875
2025-07-15 17:06:15.946420+00:00,2.2584879
2025-07-15 17:06:28.779416+00:00,2.2584877
2025-07-15 17:06:41.553707+00:00,2.2584871
2025-07-15 17:06:54.415856+00:00,2.2584872
2025-07-15 17:07:07.102125+00:00,2.2584872
2025-07-15 17:07:19.082027+00:00,2.2584876
2025-07-15 17:07:31.894321+00:00,2.2584874
2025-07-15 17:07:45.047706+00:00,2.2584877
2025-07-15 17:07:56.666685+00:00,2.2584874
2025-07-15 17:08:09.426401+00:00,2.2584872
2025-07-15 17:08:21.686294+00:00,2.2584883
2025-07-15 17:08:34.168403+00:00,2.2584878
2025-07-15 17:08:49.360259+00:00,2.2584876
2025-07-15 17:08:59.570793+00:00,2.2584874
2025-07-15 17:09:12.577181+00:00,2.2584873
2025-07-15 17:09:25.242244+00:00,2.2584869
2025-07-15 17:09:38.252528+00:00,2.2584871
2025-07-15 17:09:50.302653+00:00,2.258487
2025-07-15 17:10:03.488292+00:00,2.2584877
2025-07-15 17:10:15.918902+00:00,2.2584876
2025-07-15 17:10:28.932635+00:00,2.2584879
2025-07-15 17:10:40.567886+00:00,2.2584873
2025-07-15 17:10:54.596923+00:00,2.2584876
2025-07-15 17:11:05.986532+00:00,2.2584869
2025-07-15 17:11:20.050565+00:00,2.2584878
2025-07-15 17:11:30.898535+00:00,2.2584878
2025-07-15 17:11:44.176833+00:00,2.2584875
2025-07-15 17:11:56.386359+00:00,2.2584878
2025-07-15 17:12:11.787723+00:00,2.2584876
2025-07-15 17:12:21.876130+00:00,2.258487
2025-07-15 17:12:37.972388+00:00,2.258487
2025-07-15 17:12:48.076393+00:00,2.2584876
2025-07-15 17:13:05.168478+00:00,2.2584874
2025-07-15 17:13:13.250799+00:00,2.2584873
2025-07-15 17:13:25.879091+00:00,2.2584878
2025-07-15 17:13:40.050559+00:00,2.2584872
2025-07-15 17:13:53.823750+00:00,2.2584874
2025-07-15 17:14:05.759182+00:00,2.2584872
2025-07-15 17:14:19.559180+00:00,2.2584874
2025-07-15 17:14:35.737412+00:00,2.2584877
2025-07-15 17:14:41.957825+00:00,2.2584871
2025-07-15 17:14:54.701354+00:00,2.2584873
2025-07-15 17:15:12.364304+00:00,2.2584872
2025-07-15 17:15:20.102968+00:00,2.2584879
2025-07-15 17:15:35.203050+00:00,2.258488
2025-07-15 17:15:44.457971+00:00,2.2584877
2025-07-15 17:15:56.892484+00:00,2.2584873
2025-07-15 17:16:11.444725+00:00,2.2584872
2025-07-15 17:16:22.085364+00:00,2.2584878
2025-07-15 17:16:35.037978+00:00,2.2584872
2025-07-15 17:16:47.421845+00:00,2.2584873
2025-07-15 17:16:59.942258+00:00,2.2584877
2025-07-15 17:17:12.913003+00:00,2.2584873
2025-07-15 17:17:30.927387+00:00,2.2584872
2025-07-15 17:17:38.294423+00:00,2.2584879
2025-07-15 17:18:03.566588+00:00,2.2584876
2025-07-15 17:18:15.851670+00:00,2.2584874
2025-07-15 17:18:28.180944+00:00,2.2584879
2025-07-15 17:18:41.007395+00:00,2.2584875
2025-07-15 17:18:53.237397+00:00,2.2584883
2025-07-15 17:19:06.152471+00:00,2.2584875
2025-07-15 17:19:19.577720+00:00,2.258488
2025-07-15 17:19:31.208270+00:00,2.2584872
2025-07-15 17:19:44.662330+00:00,2.2584873
2025-07-15 17:19:56.595420+00:00,2.2584879
2025-07-15 17:20:09.539301+00:00,2.2584879
2025-07-15 17:20:23.161819+00:00,2.2584872
2025-07-15 17:20:35.527163+00:00,2.2584875
2025-07-15 17:20:48.906828+00:00,2.2584877
2025-07-15 17:21:00.722349+00:00,2.2584872
2025-07-15 17:21:13.916068+00:00,2.258488
2025-07-15 17:21:26.135156+00:00,2.2584874
2025-07-15 17:21:39.872818+00:00,2.2584881
2025-07-15 17:21:53.215987+00:00,2.258487
2025-07-15 17:22:07.200356+00:00,2.2584875
2025-07-15 17:22:18.052807+00:00,2.2584874
2025-07-15 17:22:30.715579+00:00,2.2584876
2025-07-15 17:22:44.335064+00:00,2.258488
2025-07-15 17:22:55.927297+00:00,2.258488
2025-07-15 17:23:08.318536+00:00,2.2584872
2025-07-15 17:23:23.730264+00:00,2.2584874
2025-07-15 17:23:34.059204+00:00,2.2584876
2025-07-15 17:23:46.659245+00:00,2.2584876
2025-07-15 17:23:59.198849+00:00,2.2584876
2025-07-15 17:24:11.740079+00:00,2.2584879
2025-07-15 17:24:23.869448+00:00,2.2584874
2025-07-15 17:24:37.141854+00:00,2.2584879
2025-07-15 17:24:49.047947+00:00,2.258488
2025-07-15 17:25:01.882451+00:00,2.258488
2025-07-15 17:25:15.351118+00:00,2.258488
2025-07-15 17:25:27.599764+00:00,2.258488
2025-07-15 17:25:39.741475+00:00,2.2584878
2025-07-15 17:25:52.245659+00:00,2.2584881
2025-07-15 17:26:05.369035+00:00,2.2584879
2025-07-15 17:26:18.214430+00:00,2.2584873
2025-07-15 17:26:30.385132+00:00,2.2584877
2025-07-15 17:26:42.603926+00:00,2.2584879
2025-07-15 17:26:54.989249+00:00,2.2584878
2025-07-15 17:27:07.595823+00:00,2.2584878
2025-07-15 17:27:19.890435+00:00,2.2584875
2025-07-15 17:27:33.592856+00:00,2.2584878
2025-07-15 17:27:44.718250+00:00,2.2584875
2025-07-15 17:27:57.498104+00:00,2.2584878
2025-07-15 17:28:11.918805+00:00,2.2584876
2025-07-15 17:28:22.629228+00:00,2.258488
2025-07-15 17:28:35.504216+00:00,2.2584874
2025-07-15 17:28:47.870579+00:00,2.2584879
2025-07-15 17:29:00.568377+00:00,2.2584871
2025-07-15 17:29:13.936945+00:00,2.2584874
2025-07-15 17:29:26.091342+00:00,2.2584878
2025-07-15 17:29:39.199129+00:00,2.2584879
2025-07-15 17:29:52.361174+00:00,2.2584879
2025-07-15 17:30:04.722750+00:00,2.2584877
2025-07-15 17:30:19.868418+00:00,2.2584874
2025-07-15 17:30:30.485140+00:00,2.2584877
2025-07-15 17:30:43.166394+00:00,2.2584873
2025-07-15 17:30:55.592456+00:00,2.2584877
2025-07-15 17:31:09.007968+00:00,2.2584871
2025-07-15 17:31:20.990637+00:00,2.2584874
2025-07-15 17:31:33.807502+00:00,2.2584877
2025-07-15 17:31:47.985871+00:00,2.258488
2025-07-15 17:31:59.627600+00:00,2.2584873
2025-07-15 17:32:12.802719+00:00,2.2584877
2025-07-15 17:32:24.933332+00:00,2.2584881
2025-07-15 17:32:37.487544+00:00,2.2584875
2025-07-15 17:32:50.275260+00:00,2.2584872
2025-07-15 17:33:02.770644+00:00,2.2584881
2025-07-15 17:33:22.248853+00:00,2.2584878
2025-07-15 17:33:27.725557+00:00,2.2584874
2025-07-15 17:33:40.887911+00:00,2.258488
2025-07-15 17:33:53.023088+00:00,2.2584881
2025-07-15 17:34:05.451105+00:00,2.2584878
2025-07-15 17:34:18.715167+00:00,2.258488
2025-07-15 17:34:32.118339+00:00,2.2584876
2025-07-15 17:34:44.823279+00:00,2.258488
2025-07-15 17:34:57.695913+00:00,2.2584869
2025-07-15 17:35:09.292274+00:00,2.2584871
2025-07-15 17:35:22.498097+00:00,2.2584874
2025-07-15 17:35:34.226273+00:00,2.2584874
2025-07-15 17:35:46.673895+00:00,2.2584875
2025-07-15 17:35:59.046225+00:00,2.258487
2025-07-15 17:36:12.986015+00:00,2.2584882
2025-07-15 17:36:23.735700+00:00,2.2584879
2025-07-15 17:36:37.795247+00:00,2.2584873
2025-07-15 17:36:52.743479+00:00,2.2584882
2025-07-15 17:37:01.873956+00:00,2.2584873
2025-07-15 17:37:14.180478+00:00,2.2584872
2025-07-15 17:37:26.465433+00:00,2.2584877
2025-07-15 17:37:39.199779+00:00,2.2584882
2025-07-15 17:37:52.319143+00:00,2.258488
2025-07-15 17:38:05.371906+00:00,2.2584877
2025-07-15 17:38:31.025687+00:00,2.2584874
2025-07-15 17:38:44.942897+00:00,2.2584884
2025-07-15 17:38:57.197169+00:00,2.2584875
2025-07-15 17:39:09.679059+00:00,2.2584878
2025-07-15 17:39:22.216040+00:00,2.2584873
2025-07-15 17:39:37.976837+00:00,2.2584881
2025-07-15 17:39:47.869014+00:00,2.2584879
2025-07-15 17:40:00.475958+00:00,2.2584863
2025-07-15 17:40:17.799421+00:00,2.258488
2025-07-15 17:40:26.060072+00:00,2.258488
2025-07-15 17:40:39.132418+00:00,2.2584884
2025-07-15 17:40:51.597700+00:00,2.2584874
2025-07-15 17:41:04.278418+00:00,2.2584879
2025-07-15 17:41:17.866173+00:00,2.2584879
2025-07-15 17:41:29.333319+00:00,2.2584874
2025-07-15 17:41:42.786492+00:00,2.2584874
2025-07-15 17:41:54.079728+00:00,2.2584875
2025-07-15 17:42:06.640158+00:00,2.258488
2025-07-15 17:42:19.214374+00:00,2.2584874
2025-07-15 17:42:36.853417+00:00,2.2584883
2025-07-15 17:42:47.104708+00:00,2.2584873
2025-07-15 17:42:56.603843+00:00,2.2584875
2025-07-15 17:43:09.276041+00:00,2.2584877
2025-07-15 17:43:22.929683+00:00,2.2584876
2025-07-15 17:43:34.439324+00:00,2.2584878
2025-07-15 17:43:46.894285+00:00,2.2584872
2025-07-15 17:43:58.912093+00:00,2.2584877
2025-07-15 17:44:12.165676+00:00,2.2584883
2025-07-15 17:44:24.318087+00:00,2.2584882
2025-07-15 17:44:36.868910+00:00,2.2584878
2025-07-15 17:44:49.911585+00:00,2.2584875
2025-07-15 17:45:02.006988+00:00,2.2584881
2025-07-15 17:45:14.201850+00:00,2.2584881
2025-07-15 17:45:27.103796+00:00,2.2584881
2025-07-15 17:45:40.009109+00:00,2.2584876
2025-07-15 17:45:52.014907+00:00,2.2584878
2025-07-15 17:46:05.811727+00:00,2.258488
2025-07-15 17:46:17.117076+00:00,2.2584878
2025-07-15 17:46:29.546797+00:00,2.2584879
2025-07-15 17:46:42.687506+00:00,2.2584876
2025-07-15 17:46:55.518037+00:00,2.2584876
2025-07-15 17:47:09.100131+00:00,2.258488
2025-07-15 17:47:20.246369+00:00,2.2584873
2025-07-15 17:47:34.882064+00:00,2.2584871
2025-07-15 17:47:46.073120+00:00,2.2584879
2025-07-15 17:47:58.835513+00:00,2.2584884
2025-07-15 17:48:11.498477+00:00,2.258488
2025-07-15 17:48:24.699619+00:00,2.2584877
2025-07-15 17:48:37.202450+00:00,2.2584876
2025-07-15 17:48:49.896498+00:00,2.2584878
2025-07-15 17:49:03.212051+00:00,2.2584871
2025-07-15 17:49:15.712841+00:00,2.2584872
2025-07-15 17:49:27.705796+00:00,2.2584879
2025-07-15 17:49:40.595647+00:00,2.2584873
2025-07-15 17:49:53.119157+00:00,2.258488
2025-07-15 17:50:06.465799+00:00,2.2584877
2025-07-15 17:50:18.677979+00:00,2.2584874
2025-07-15 17:50:31.235791+00:00,2.2584875
2025-07-15 17:50:43.454911+00:00,2.258488
2025-07-15 17:51:08.801254+00:00,2.2584873
2025-07-15 17:51:21.239069+00:00,2.2584878
2025-07-15 17:51:33.842259+00:00,2.2584876
2025-07-15 17:51:45.645694+00:00,2.2584875
2025-07-15 17:51:58.364363+00:00,2.2584874
2025-07-15 17:52:11.150566+00:00,2.2584882
2025-07-15 17:52:23.589386+00:00,2.2584879
2025-07-15 17:52:35.812334+00:00,2.2584881
2025-07-15 17:53:01.119427+00:00,2.2584877
2025-07-15 17:53:13.981340+00:00,2.258488
2025-07-15 17:53:38.665748+00:00,2.2584869
2025-07-15 17:53:51.280067+00:00,2.2584883
2025-07-15 17:54:03.862817+00:00,2.2584872
2025-07-15 17:54:18.586932+00:00,2.2584879
2025-07-15 17:54:40.934471+00:00,2.2584875
2025-07-15 17:54:55.089044+00:00,2.2584881
2025-07-15 17:55:06.872763+00:00,2.2584876
2025-07-15 17:55:19.411424+00:00,2.2584878
2025-07-15 17:55:31.636995+00:00,2.2584875
2025-07-15 17:55:44.656194+00:00,2.2584871
2025-07-15 17:55:56.646271+00:00,2.258488
2025-07-15 17:56:10.356880+00:00,2.2584874
2025-07-15 17:56:21.275562+00:00,2.2584877
2025-07-15 17:56:35.638011+00:00,2.2584869
2025-07-15 17:56:47.568036+00:00,2.258487
2025-07-15 17:57:00.010738+00:00,2.2584881
2025-07-15 17:57:12.715733+00:00,2.2584878
2025-07-15 17:57:25.794091+00:00,2.2584879
2025-07-15 17:57:39.787137+00:00,2.2584875
2025-07-15 17:57:53.453112+00:00,2.2584882
2025-07-15 17:58:06.278042+00:00,2.2584882
2025-07-15 17:58:18.693169+00:00,2.258487
2025-07-15 17:58:30.213848+00:00,2.2584876
2025-07-15 17:58:42.523847+00:00,2.2584873
2025-07-15 17:58:55.340540+00:00,2.2584869
2025-07-15 17:59:08.550318+00:00,2.2584878
2025-07-15 17:59:20.593000+00:00,2.2584876
2025-07-15 17:59:33.428811+00:00,2.2584882
2025-07-15 17:59:46.070536+00:00,2.2584882
2025-07-15 17:59:59.199190+00:00,2.2584882
2025-07-15 18:00:11.378575+00:00,2.2584876
2025-07-15 18:00:24.070998+00:00,2.258488
2025-07-15 18:00:36.938339+00:00,2.258487
2025-07-15 18:01:13.741350+00:00,2.2584875
2025-07-15 18:01:26.365219+00:00,2.2584868
2025-07-15 18:01:39.239493+00:00,2.2584864
2025-07-15 18:01:51.557348+00:00,2.2584882
2025-07-15 18:02:04.485160+00:00,2.258488
2025-07-15 18:02:17.992382+00:00,2.2584877
2025-07-15 18:02:35.274365+00:00,2.2584879
2025-07-15 18:02:42.705123+00:00,2.2584869
2025-07-15 18:02:56.661524+00:00,2.2584883
2025-07-15 18:03:08.291144+00:00,2.2584881
2025-07-15 18:03:20.835524+00:00,2.2584876
2025-07-15 18:03:47.780716+00:00,2.2584873
2025-07-15 18:03:58.372854+00:00,2.258487
2025-07-15 18:04:11.202282+00:00,2.2584873
2025-07-15 18:04:48.347480+00:00,2.2584871
2025-07-15 18:05:00.936298+00:00,2.2584879
2025-07-15 18:05:26.004202+00:00,2.2584884
2025-07-15 18:05:38.739139+00:00,2.2584874
2025-07-15 18:06:16.964903+00:00,2.2584877
2025-07-15 18:06:44.742592+00:00,2.2584869
2025-07-15 18:07:14.479401+00:00,2.2584878
2025-07-15 18:07:20.491431+00:00,2.2584873
2025-07-15 18:07:33.476814+00:00,2.2584871
2025-07-15 18:07:46.393849+00:00,2.2584875
2025-07-15 18:07:58.480523+00:00,2.2584876
2025-07-15 18:08:12.482480+00:00,2.2584877
2025-07-15 18:09:12.347307+00:00,2.2584877
2025-07-15 18:09:14.326266+00:00,2.2584873
2025-07-15 18:15:30.597867+00:00,2.2584874
2025-07-15 18:15:56.138561+00:00,2.2584878
2025-07-15 19:27:02.590187+00:00,2.2584875
2025-07-15 19:27:15.537660+00:00,2.2584876
2025-07-15 19:27:27.706805+00:00,2.2584874
2025-07-15 19:27:40.625583+00:00,2.2584868
2025-07-15 19:27:53.250388+00:00,2.2584874
2025-07-15 19:28:18.815962+00:00,2.2584873
2025-07-15 19:28:32.141532+00:00,2.2584871
2025-07-15 19:28:45.166204+00:00,2.2584872
2025-07-15 19:28:57.818084+00:00,2.2584871
2025-07-15 19:29:16.775190+00:00,2.2584877
2025-07-15 19:29:23.394882+00:00,2.2584878
2025-07-15 19:29:36.011189+00:00,2.2584873
2025-07-15 19:29:49.069396+00:00,2.2584882
2025-07-15 19:30:03.511661+00:00,2.2584876
2025-07-15 19:30:15.370144+00:00,2.2584868
2025-07-15 19:30:27.994694+00:00,2.2584876
2025-07-15 19:30:40.350069+00:00,2.258487
2025-07-15 19:30:53.078978+00:00,2.2584876
2025-07-15 19:31:06.308960+00:00,2.2584877
2025-07-15 19:31:19.542141+00:00,2.2584869
2025-07-15 19:31:34.324333+00:00,2.2584873
2025-07-15 19:31:44.312062+00:00,2.2584879
2025-07-15 19:31:56.110649+00:00,2.2584877
2025-07-15 19:32:08.527869+00:00,2.2584874
2025-07-15 19:32:21.043385+00:00,2.2584867
2025-07-15 19:32:33.272290+00:00,2.2584876
2025-07-15 19:32:45.397355+00:00,2.2584872
2025-07-15 19:32:57.476413+00:00,2.2584875
2025-07-15 19:33:10.035071+00:00,2.2584867
2025-07-15 19:33:23.052192+00:00,2.2584869
2025-07-15 19:33:34.706037+00:00,2.2584872
2025-07-15 19:33:59.649360+00:00,2.2584877
2025-07-15 19:34:13.218066+00:00,2.2584874
2025-07-15 19:34:24.603911+00:00,2.2584872
2025-07-15 19:34:38.375534+00:00,2.2584871
2025-07-15 19:34:49.465967+00:00,2.2584872
2025-07-15 19:35:02.667692+00:00,2.258487
2025-07-15 19:35:14.956758+00:00,2.2584872
2025-07-15 19:35:27.648129+00:00,2.2584869
2025-07-15 19:35:40.438163+00:00,2.258488
2025-07-15 19:35:52.698592+00:00,2.2584869
2025-07-15 19:36:04.857761+00:00,2.2584873
2025-07-15 19:36:17.493211+00:00,2.2584874
2025-07-15 19:36:29.507460+00:00,2.2584872
2025-07-15 19:36:42.115385+00:00,2.2584871
2025-07-15 19:36:55.593615+00:00,2.2584875
2025-07-15 19:37:09.979414+00:00,2.258487
2025-07-15 19:37:20.436211+00:00,2.2584873
2025-07-15 19:37:32.701654+00:00,2.2584879
2025-07-15 19:37:45.012746+00:00,2.2584871
2025-07-15 19:37:57.620857+00:00,2.2584875
2025-07-15 19:38:10.972456+00:00,2.2584871
2025-07-15 19:38:23.277107+00:00,2.2584877
2025-07-15 19:38:36.715100+00:00,2.2584872
2025-07-15 19:38:48.812385+00:00,2.2584875
2025-07-15 19:39:05.438057+00:00,2.258487
2025-07-15 19:39:28.690340+00:00,2.2584877
2025-07-15 19:39:41.253144+00:00,2.2584869
2025-07-15 19:39:53.917778+00:00,2.2584874
2025-07-15 19:40:06.486320+00:00,2.2584873
2025-07-15 19:40:18.221434+00:00,2.2584877
2025-07-15 19:40:30.360508+00:00,2.2584874
2025-07-15 19:40:43.662368+00:00,2.2584875
2025-07-15 19:40:55.255846+00:00,2.2584874
2025-07-15 19:41:08.183546+00:00,2.2584872
2025-07-15 19:41:33.926030+00:00,2.2584878
2025-07-15 19:41:45.806901+00:00,2.2584876
2025-07-15 19:41:57.824180+00:00,2.2584873
2025-07-15 19:42:13.744763+00:00,2.258487
2025-07-15 19:42:26.822588+00:00,2.2584875
2025-07-15 19:42:35.096203+00:00,2.2584871
2025-07-15 19:42:47.596805+00:00,2.2584871
2025-07-15 19:43:00.228789+00:00,2.2584877
2025-07-15 19:43:12.399996+00:00,2.2584877
2025-07-15 19:43:25.732017+00:00,2.2584872
2025-07-15 19:43:37.471460+00:00,2.2584871
2025-07-15 19:43:50.129615+00:00,2.2584873
2025-07-15 19:44:02.587202+00:00,2.2584873
2025-07-15 19:44:17.978585+00:00,2.2584873
2025-07-15 19:44:28.592675+00:00,2.258487
2025-07-15 19:44:40.546116+00:00,2.2584876
2025-07-15 19:44:54.420075+00:00,2.2584875
2025-07-15 19:45:06.068435+00:00,2.2584876
2025-07-15 19:45:19.310926+00:00,2.2584879
2025-07-15 19:45:31.111106+00:00,2.2584874
2025-07-15 19:45:43.678637+00:00,2.2584879
2025-07-15 19:45:57.025200+00:00,2.2584868
2025-07-15 19:46:08.669913+00:00,2.2584871
2025-07-15 19:46:24.969106+00:00,2.2584874
2025-07-15 19:46:32.535222+00:00,2.2584874
2025-07-15 19:46:44.817748+00:00,2.2584872
2025-07-15 19:47:04.524747+00:00,2.2584877
2025-07-15 19:47:14.242617+00:00,2.2584874
2025-07-15 19:47:22.487298+00:00,2.2584873
2025-07-15 19:47:35.053230+00:00,2.2584873
2025-07-15 19:47:48.041696+00:00,2.2584873
2025-07-15 19:48:00.428277+00:00,2.2584871
2025-07-15 19:48:13.197497+00:00,2.2584873
2025-07-15 19:48:25.742946+00:00,2.2584869
2025-07-15 19:48:39.134637+00:00,2.2584873
2025-07-15 19:48:51.649828+00:00,2.2584872
2025-07-15 19:49:04.945920+00:00,2.2584875
2025-07-15 19:49:17.410101+00:00,2.2584877
2025-07-15 19:49:36.888598+00:00,2.2584878
2025-07-15 19:49:42.394881+00:00,2.2584877
2025-07-15 19:49:55.538535+00:00,2.2584873
2025-07-15 19:50:21.549458+00:00,2.2584872
2025-07-15 19:50:34.570738+00:00,2.2584876
2025-07-15 19:50:46.177643+00:00,2.258488
2025-07-15 19:50:58.408773+00:00,2.2584875
2025-07-15 19:51:11.400864+00:00,2.258487
2025-07-15 19:51:23.916426+00:00,2.258488
2025-07-15 19:51:37.647713+00:00,2.2584875
2025-07-15 19:51:49.059032+00:00,2.2584874
2025-07-15 19:52:05.508691+00:00,2.2584869
2025-07-15 19:52:15.795860+00:00,2.2584874
2025-07-15 19:52:26.901684+00:00,2.2584877
2025-07-15 19:52:39.342113+00:00,2.2584876
2025-07-15 19:52:51.520113+00:00,2.2584879
2025-07-15 19:53:04.432269+00:00,2.2584879
2025-07-15 19:53:18.170395+00:00,2.2584876
2025-07-15 19:53:29.489231+00:00,2.2584872
2025-07-15 19:53:42.223925+00:00,2.2584874
2025-07-15 19:54:08.046490+00:00,2.2584871
2025-07-15 19:54:24.221753+00:00,2.2584872
2025-07-15 19:54:32.321236+00:00,2.2584875
2025-07-15 19:54:45.096179+00:00,2.2584871
2025-07-15 19:54:56.935015+00:00,2.2584875
2025-07-15 19:55:09.746353+00:00,2.2584875
2025-07-15 19:55:22.259020+00:00,2.2584864
2025-07-15 19:55:35.501986+00:00,2.2584874
2025-07-15 19:55:47.220405+00:00,2.2584872
2025-07-15 19:55:59.780130+00:00,2.2584876
2025-07-15 19:56:12.142596+00:00,2.2584876
2025-07-15 19:56:28.764699+00:00,2.2584873
2025-07-15 19:56:38.454283+00:00,2.2584874
2025-07-15 19:56:51.069288+00:00,2.2584875
2025-07-15 19:57:03.972451+00:00,2.2584879
2025-07-15 19:57:16.272001+00:00,2.2584874
2025-07-15 19:57:29.370598+00:00,2.2584881
2025-07-15 19:57:41.614780+00:00,2.2584875
2025-07-15 19:57:54.380266+00:00,2.2584874
2025-07-15 19:58:07.883910+00:00,2.2584878
2025-07-15 19:58:19.991324+00:00,2.2584875
2025-07-15 19:58:39.857768+00:00,2.2584873
2025-07-15 19:58:45.597959+00:00,2.2584877
2025-07-15 19:58:58.049146+00:00,2.2584879
2025-07-15 19:59:13.938776+00:00,2.2584877
2025-07-15 19:59:23.381775+00:00,2.2584878
2025-07-15 19:59:38.897341+00:00,2.2584878
2025-07-15 19:59:48.980320+00:00,2.2584873
2025-07-15 20:00:01.220471+00:00,2.2584874
2025-07-15 20:00:14.853845+00:00,2.2584874
2025-07-15 20:00:26.000106+00:00,2.2584872
2025-07-15 20:00:39.404719+00:00,2.2584873
2025-07-15 20:00:50.545894+00:00,2.258487
2025-07-15 20:01:03.025264+00:00,2.2584875
2025-07-15 20:01:19.179102+00:00,2.2584879
2025-07-15 20:01:28.332475+00:00,2.2584872
2025-07-15 20:01:41.845075+00:00,2.2584872
2025-07-15 20:01:52.437042+00:00,2.2584878
2025-07-15 20:02:06.267701+00:00,2.2584877
2025-07-15 20:02:17.550500+00:00,2.2584877
2025-07-15 20:02:30.134342+00:00,2.2584875
2025-07-15 20:02:43.167160+00:00,2.2584872
2025-07-15 20:02:58.109385+00:00,2.2584875
2025-07-15 20:03:08.301850+00:00,2.2584871
2025-07-15 20:03:20.714677+00:00,2.2584876
2025-07-15 20:03:34.146803+00:00,2.2584874
2025-07-15 20:03:50.234561+00:00,2.2584875
2025-07-15 20:04:00.774896+00:00,2.2584874
2025-07-15 20:04:12.339187+00:00,2.2584876
2025-07-15 20:04:27.876477+00:00,2.2584877
2025-07-15 20:04:36.156448+00:00,2.2584874
2025-07-15 20:04:50.027326+00:00,2.2584873
2025-07-15 20:05:02.022065+00:00,2.2584872
2025-07-15 20:05:13.572496+00:00,2.2584869
2025-07-15 20:05:29.407206+00:00,2.258488
2025-07-15 20:05:38.479734+00:00,2.2584876
2025-07-15 20:05:52.646584+00:00,2.2584878
2025-07-15 20:06:03.246316+00:00,2.2584871
2025-07-15 20:06:15.894006+00:00,2.2584877
2025-07-15 20:06:28.508493+00:00,2.2584879
2025-07-15 20:06:41.739733+00:00,2.2584876
2025-07-15 20:07:12.248064+00:00,2.2584877
2025-07-15 20:07:19.937775+00:00,2.2584871
2025-07-15 20:07:35.780825+00:00,2.2584869
2025-07-15 20:07:46.770267+00:00,2.2584871
2025-07-15 20:07:58.295716+00:00,2.258487
2025-07-15 20:08:10.949066+00:00,2.2584872
2025-07-15 20:08:23.922441+00:00,2.2584878
2025-07-15 20:08:36.272806+00:00,2.2584872
2025-07-15 20:08:49.797169+00:00,2.2584873
2025-07-15 20:09:01.792676+00:00,2.2584868
2025-07-15 20:09:14.481517+00:00,2.2584879
2025-07-15 20:09:27.111220+00:00,2.2584876
2025-07-15 20:09:39.667232+00:00,2.2584873
2025-07-15 20:09:56.477987+00:00,2.2584877
2025-07-15 20:10:04.855748+00:00,2.258487
2025-07-15 20:10:17.548579+00:00,2.2584878
2025-07-15 20:10:29.432592+00:00,2.2584876
2025-07-15 20:10:41.846894+00:00,2.2584872
2025-07-15 20:10:55.021119+00:00,2.2584876
2025-07-15 20:11:07.488420+00:00,2.2584877
2025-07-15 20:11:19.375299+00:00,2.2584874
2025-07-15 20:11:31.795229+00:00,2.2584872
2025-07-15 20:11:44.095031+00:00,2.2584876
2025-07-15 20:11:57.016746+00:00,2.2584881
2025-07-15 20:12:16.844772+00:00,2.2584875
2025-07-15 20:12:22.280056+00:00,2.2584873
2025-07-15 20:12:35.221841+00:00,2.2584876
2025-07-15 20:12:47.908402+00:00,2.258487
2025-07-15 20:13:00.390574+00:00,2.2584876
2025-07-15 20:13:16.326917+00:00,2.2584879
2025-07-15 20:13:24.925359+00:00,2.2584877
2025-07-15 20:13:37.354053+00:00,2.2584874
2025-07-15 20:13:49.857388+00:00,2.2584875
2025-07-15 20:14:02.501495+00:00,2.2584878
2025-07-15 20:14:16.154021+00:00,2.2584877
2025-07-15 20:14:27.617895+00:00,2.2584872
2025-07-15 20:14:40.500126+00:00,2.2584877
2025-07-15 20:14:52.773423+00:00,2.2584875
2025-07-15 20:15:06.771918+00:00,2.2584872
2025-07-15 20:15:21.009319+00:00,2.2584883
2025-07-15 20:15:31.305579+00:00,2.2584877
2025-07-15 20:15:44.430386+00:00,2.2584879
2025-07-15 20:15:56.070453+00:00,2.2584876
2025-07-15 20:16:13.165489+00:00,2.2584879
2025-07-15 20:16:22.845132+00:00,2.2584878
2025-07-15 20:16:35.110113+00:00,2.2584876
2025-07-15 20:16:48.031865+00:00,2.2584879
2025-07-15 20:16:59.910912+00:00,2.2584876
2025-07-15 20:17:14.496414+00:00,2.2584874
2025-07-15 20:17:25.752433+00:00,2.2584875
2025-07-15 20:17:38.035374+00:00,2.2584871
2025-07-15 20:17:50.600443+00:00,2.2584877
2025-07-15 20:18:03.495787+00:00,2.2584874
2025-07-15 20:18:16.543244+00:00,2.2584878
2025-07-15 20:18:28.937057+00:00,2.2584872
2025-07-15 20:18:41.734560+00:00,2.2584877
2025-07-15 20:18:54.303627+00:00,2.2584877
2025-07-15 20:19:07.034454+00:00,2.2584874
2025-07-15 20:19:19.461645+00:00,2.2584871
2025-07-15 20:19:32.073847+00:00,2.2584875
2025-07-15 20:19:44.667490+00:00,2.2584881
2025-07-15 20:19:56.888166+00:00,2.2584874
2025-07-15 20:20:12.457757+00:00,2.2584873
2025-07-15 20:20:21.591471+00:00,2.2584876
2025-07-15 20:20:34.581855+00:00,2.2584877
2025-07-15 20:20:47.323475+00:00,2.2584874
2025-07-15 20:21:00.997083+00:00,2.2584869
2025-07-15 20:21:12.815327+00:00,2.2584877
2025-07-15 20:21:25.324100+00:00,2.2584877
2025-07-15 20:21:49.611663+00:00,2.2584871
2025-07-15 20:22:04.414780+00:00,2.2584871
2025-07-15 20:22:14.818294+00:00,2.2584875
2025-07-15 20:22:28.207370+00:00,2.258488
2025-07-15 20:22:40.181638+00:00,2.2584869
2025-07-15 20:22:52.204486+00:00,2.2584872
2025-07-15 20:23:04.771567+00:00,2.2584875
2025-07-15 20:23:17.319752+00:00,2.2584878
2025-07-15 20:23:29.656034+00:00,2.2584878
2025-07-15 20:23:44.018836+00:00,2.258487
2025-07-15 20:23:56.472719+00:00,2.2584875
2025-07-15 20:24:18.433571+00:00,2.2584882
2025-07-15 20:24:19.653516+00:00,2.258488
2025-07-15 20:24:33.119944+00:00,2.258488
2025-07-15 20:24:45.449793+00:00,2.2584875
2025-07-15 20:24:58.204314+00:00,2.2584876
2025-07-15 20:25:11.199851+00:00,2.2584879
2025-07-15 20:25:23.217743+00:00,2.2584876
2025-07-15 20:25:39.294169+00:00,2.2584877
2025-07-15 20:25:49.099561+00:00,2.2584874
2025-07-15 20:26:01.690439+00:00,2.2584872
2025-07-15 20:26:14.027629+00:00,2.258487
2025-07-15 20:26:26.730946+00:00,2.2584876
2025-07-15 20:26:39.335873+00:00,2.2584874
2025-07-15 20:26:52.697055+00:00,2.2584879
2025-07-15 20:27:04.619207+00:00,2.2584876
2025-07-15 20:27:17.485758+00:00,2.2584874
2025-07-15 20:27:29.940869+00:00,2.2584871
2025-07-15 20:27:42.401156+00:00,2.2584873
2025-07-15 20:27:55.250783+00:00,2.2584875
2025-07-15 20:28:07.586695+00:00,2.2584878
2025-07-15 20:28:19.451304+00:00,2.2584872
2025-07-15 20:28:32.353883+00:00,2.258487
2025-07-15 20:28:43.931866+00:00,2.2584879
2025-07-15 20:28:56.740714+00:00,2.2584877
2025-07-15 20:29:09.075516+00:00,2.258487
2025-07-15 20:29:21.605312+00:00,2.2584877
2025-07-15 20:29:33.953858+00:00,2.258488
2025-07-15 20:29:46.451479+00:00,2.2584876
2025-07-15 20:29:59.302545+00:00,2.2584874
2025-07-15 20:30:12.548176+00:00,2.2584876
2025-07-15 20:30:24.183716+00:00,2.2584876
2025-07-15 20:30:40.458064+00:00,2.2584871
2025-07-15 20:30:50.020675+00:00,2.2584869
2025-07-15 20:31:01.540028+00:00,2.2584869
2025-07-15 20:31:14.705825+00:00,2.2584876
2025-07-15 20:31:28.878788+00:00,2.2584874
2025-07-15 20:31:40.236024+00:00,2.2584868
2025-07-15 20:31:52.453781+00:00,2.2584873
2025-07-15 20:32:05.397373+00:00,2.2584875
2025-07-15 20:32:17.793402+00:00,2.2584877
2025-07-15 20:32:30.262288+00:00,2.2584874
2025-07-15 20:32:42.169845+00:00,2.2584879
2025-07-15 20:32:54.654351+00:00,2.2584873
2025-07-15 20:33:10.988318+00:00,2.2584875
2025-07-15 20:33:19.986436+00:00,2.2584875
2025-07-15 20:33:34.653715+00:00,2.2584873
2025-07-15 20:33:44.767837+00:00,2.2584867
2025-07-15 20:33:57.296564+00:00,2.2584873
2025-07-15 20:34:11.103594+00:00,2.2584873
2025-07-15 20:34:22.836114+00:00,2.2584878
2025-07-15 20:34:35.591969+00:00,2.2584874
2025-07-15 20:34:50.783804+00:00,2.2584876
2025-07-15 20:35:02.611958+00:00,2.2584875
2025-07-15 20:35:15.534444+00:00,2.2584876
2025-07-15 20:35:27.443906+00:00,2.2584872
2025-07-15 20:35:40.143671+00:00,2.2584875
2025-07-15 20:35:52.342871+00:00,2.2584877
2025-07-15 20:36:05.005504+00:00,2.2584876
2025-07-15 20:36:18.074276+00:00,2.2584871
2025-07-15 20:36:30.065817+00:00,2.2584872
2025-07-15 20:36:43.030928+00:00,2.2584879
2025-07-15 20:36:55.131184+00:00,2.2584877
2025-07-15 20:37:09.422112+00:00,2.2584879
2025-07-15 20:37:21.139317+00:00,2.258487
2025-07-15 20:37:33.029595+00:00,2.2584872
2025-07-15 20:37:45.529641+00:00,2.2584879
2025-07-15 20:37:57.760144+00:00,2.2584871
2025-07-15 20:38:11.313714+00:00,2.2584875
2025-07-15 20:38:27.850428+00:00,2.2584874
2025-07-15 20:38:35.215503+00:00,2.2584872
2025-07-15 20:38:48.065250+00:00,2.2584881
2025-07-15 20:39:00.103362+00:00,2.2584871
2025-07-15 20:39:12.991550+00:00,2.2584878
2025-07-15 20:39:26.318942+00:00,2.2584875
2025-07-15 20:39:37.848690+00:00,2.2584878
2025-07-15 20:39:50.317549+00:00,2.2584878
2025-07-15 20:40:03.058913+00:00,2.2584875
2025-07-15 20:40:16.060228+00:00,2.2584877
2025-07-15 20:40:29.004677+00:00,2.2584871
2025-07-15 20:40:40.741053+00:00,2.2584875
2025-07-15 20:40:52.678076+00:00,2.258488
2025-07-15 20:41:05.126660+00:00,2.2584874
2025-07-15 20:41:17.559764+00:00,2.2584876
2025-07-15 20:41:30.741315+00:00,2.2584871
2025-07-15 20:41:42.060156+00:00,2.258487
2025-07-15 20:41:55.759755+00:00,2.258487
2025-07-15 20:42:10.657350+00:00,2.2584872
2025-07-15 20:42:20.230511+00:00,2.2584872
2025-07-15 20:42:33.043715+00:00,2.2584877
2025-07-15 20:42:44.395177+00:00,2.2584879
2025-07-15 20:42:57.082499+00:00,2.2584874
2025-07-15 20:43:10.130413+00:00,2.2584878
2025-07-15 20:43:22.529171+00:00,2.2584878
2025-07-15 20:43:35.919738+00:00,2.2584874
2025-07-15 20:43:48.528347+00:00,2.258487
2025-07-15 20:44:00.627772+00:00,2.2584875
2025-07-15 20:44:15.088347+00:00,2.2584874
2025-07-15 20:44:26.246945+00:00,2.2584875
2025-07-15 20:44:38.837035+00:00,2.2584882
2025-07-15 20:44:51.473975+00:00,2.2584872
2025-07-15 20:45:05.875079+00:00,2.2584875
2025-07-15 20:45:17.018851+00:00,2.2584876
2025-07-15 20:45:30.210355+00:00,2.2584878
2025-07-15 20:45:47.584889+00:00,2.2584873
2025-07-15 20:45:54.740997+00:00,2.2584871
2025-07-15 20:46:07.815235+00:00,2.2584875
2025-07-15 20:46:20.332572+00:00,2.2584872
2025-07-15 20:46:32.594647+00:00,2.2584876
2025-07-15 20:46:44.960811+00:00,2.2584875
2025-07-15 20:46:57.343757+00:00,2.2584874
2025-07-15 20:47:09.754790+00:00,2.2584876
2025-07-15 20:47:23.801275+00:00,2.2584871
2025-07-15 20:47:34.422132+00:00,2.2584877
2025-07-15 20:47:47.100385+00:00,2.2584871
2025-07-15 20:47:59.579357+00:00,2.2584881
2025-07-15 20:48:17.385987+00:00,2.2584871
2025-07-15 20:48:24.139040+00:00,2.2584875
2025-07-15 20:48:36.633631+00:00,2.2584876
2025-07-15 20:48:50.118376+00:00,2.2584879
2025-07-15 20:49:01.904650+00:00,2.2584874
2025-07-15 20:49:14.106422+00:00,2.2584878
2025-07-15 20:49:26.957889+00:00,2.2584878
2025-07-15 20:49:39.531802+00:00,2.2584877
2025-07-15 20:49:52.222537+00:00,2.2584873
2025-07-15 20:50:04.809146+00:00,2.2584875
2025-07-15 20:50:17.247598+00:00,2.2584874
2025-07-15 20:50:30.648050+00:00,2.2584871
2025-07-15 20:50:41.843405+00:00,2.2584875
2025-07-15 20:50:54.404396+00:00,2.2584881
2025-07-15 20:51:07.324986+00:00,2.258487
2025-07-15 20:51:19.627934+00:00,2.2584876
2025-07-15 20:51:34.325344+00:00,2.2584876
2025-07-15 20:51:44.603485+00:00,2.258487
2025-07-15 20:51:59.196545+00:00,2.2584875
2025-07-15 20:52:09.641460+00:00,2.2584877
2025-07-15 20:52:22.371858+00:00,2.2584878
2025-07-15 20:52:34.897553+00:00,2.258487
2025-07-15 20:52:47.757341+00:00,2.2584873
2025-07-15 20:52:59.642340+00:00,2.2584871
2025-07-15 20:53:16.619342+00:00,2.2584872
2025-07-15 20:53:25.157223+00:00,2.2584873
2025-07-15 20:53:37.848649+00:00,2.2584874
2025-07-15 20:53:50.549243+00:00,2.2584873
2025-07-15 20:54:03.255217+00:00,2.2584874
2025-07-15 20:54:16.839010+00:00,2.2584879
2025-07-15 20:54:30.076243+00:00,2.2584876
2025-07-15 20:54:42.205736+00:00,2.2584879
2025-07-15 20:54:53.846047+00:00,2.2584874
2025-07-15 20:55:07.140581+00:00,2.2584875
2025-07-15 20:55:18.820418+00:00,2.2584877
2025-07-15 20:55:32.739165+00:00,2.258487
2025-07-15 20:55:43.815750+00:00,2.2584877
2025-07-15 20:55:56.641644+00:00,2.2584871
2025-07-15 20:56:09.055381+00:00,2.2584873
2025-07-15 20:56:21.069066+00:00,2.2584878
2025-07-15 20:56:34.648055+00:00,2.2584878
2025-07-15 20:56:58.103567+00:00,2.2584875
2025-07-15 20:57:10.744084+00:00,2.258488
2025-07-15 20:57:23.434676+00:00,2.2584877
2025-07-15 20:57:34.905645+00:00,2.2584878
2025-07-15 20:57:47.812499+00:00,2.2584879
2025-07-15 20:58:00.203247+00:00,2.2584881
2025-07-15 20:58:25.342152+00:00,2.2584877
2025-07-15 20:58:39.388510+00:00,2.2584871
2025-07-15 20:58:50.487996+00:00,2.2584874
2025-07-15 20:59:03.285656+00:00,2.2584871
2025-07-15 20:59:15.629797+00:00,2.2584875
2025-07-15 20:59:28.157850+00:00,2.2584875
2025-07-15 20:59:41.618573+00:00,2.2584878
2025-07-15 20:59:52.689623+00:00,2.2584875
2025-07-15 21:00:07.025797+00:00,2.2584876
2025-07-15 21:00:19.207946+00:00,2.2584876
2025-07-15 21:00:30.553192+00:00,2.2584879
2025-07-15 21:00:43.176565+00:00,2.2584872
2025-07-15 21:00:55.108971+00:00,2.2584872
2025-07-15 21:01:08.866857+00:00,2.258488
2025-07-15 21:01:20.954452+00:00,2.2584873
2025-07-15 21:01:32.686313+00:00,2.2584875
2025-07-15 21:01:45.012397+00:00,2.2584875
2025-07-15 21:01:57.601130+00:00,2.2584871
2025-07-15 21:02:10.676513+00:00,2.2584881
2025-07-15 21:02:24.141022+00:00,2.2584875
2025-07-15 21:02:35.807966+00:00,2.2584876
2025-07-15 21:02:49.402797+00:00,2.258488
2025-07-15 21:03:03.983639+00:00,2.2584873
2025-07-15 21:03:13.873043+00:00,2.2584876
2025-07-15 21:03:28.668727+00:00,2.258487
2025-07-15 21:03:39.223249+00:00,2.2584877
2025-07-15 21:03:52.166367+00:00,2.2584869
2025-07-15 21:04:04.965670+00:00,2.2584871
2025-07-15 21:04:18.517232+00:00,2.2584875
2025-07-15 21:04:30.174828+00:00,2.2584877
2025-07-15 21:04:42.863812+00:00,2.2584876
2025-07-15 21:05:03.646709+00:00,2.258488
2025-07-15 21:05:08.004094+00:00,2.258487
2025-07-15 21:05:21.365058+00:00,2.2584874
2025-07-15 21:05:33.417419+00:00,2.2584875
2025-07-15 21:05:44.803353+00:00,2.2584872
2025-07-15 21:05:56.970395+00:00,2.258487
2025-07-15 21:06:09.886855+00:00,2.2584871
2025-07-15 21:06:22.903074+00:00,2.2584877
2025-07-15 21:06:35.708839+00:00,2.2584876
2025-07-15 21:06:47.146467+00:00,2.2584874
2025-07-15 21:06:59.589952+00:00,2.2584877
2025-07-15 21:07:11.870782+00:00,2.2584872
2025-07-15 21:07:24.603790+00:00,2.2584876
2025-07-15 21:07:38.277074+00:00,2.2584868
2025-07-15 21:07:49.037398+00:00,2.2584874
2025-07-15 21:08:02.118063+00:00,2.2584876
2025-07-15 21:08:14.636461+00:00,2.2584876
2025-07-15 21:08:26.794568+00:00,2.2584874
2025-07-15 21:08:40.191364+00:00,2.2584879
2025-07-15 21:08:51.548543+00:00,2.2584872
2025-07-15 21:09:03.899332+00:00,2.2584877
2025-07-15 21:09:22.002936+00:00,2.2584881
2025-07-15 21:09:28.664187+00:00,2.2584878
2025-07-15 21:09:42.830930+00:00,2.2584874
2025-07-15 21:09:53.509704+00:00,2.2584879
2025-07-15 21:10:06.131072+00:00,2.2584874
2025-07-15 21:10:18.605137+00:00,2.2584875
2025-07-15 21:10:31.244504+00:00,2.2584875
2025-07-15 21:10:49.721560+00:00,2.2584879
2025-07-15 21:10:56.073298+00:00,2.2584878
2025-07-15 21:11:12.014679+00:00,2.2584874
2025-07-15 21:11:22.525939+00:00,2.2584881
2025-07-15 21:11:36.722263+00:00,2.2584872
2025-07-15 21:11:50.817791+00:00,2.2584873
2025-07-15 21:12:01.102798+00:00,2.2584882
2025-07-15 21:12:12.217772+00:00,2.2584875
2025-07-15 21:12:25.068056+00:00,2.2584879
2025-07-15 21:12:37.902206+00:00,2.2584878
2025-07-15 21:12:54.718584+00:00,2.2584871
2025-07-15 21:13:03.077396+00:00,2.2584879
2025-07-15 21:13:19.665460+00:00,2.2584881
2025-07-15 21:13:28.286964+00:00,2.2584877
2025-07-15 21:13:41.769939+00:00,2.2584879
2025-07-15 21:13:53.802981+00:00,2.2584881
2025-07-15 21:14:08.699747+00:00,2.2584879
2025-07-15 21:14:20.770361+00:00,2.258487
2025-07-15 21:14:31.641550+00:00,2.2584877
2025-07-15 21:14:43.852128+00:00,2.2584878
2025-07-15 21:14:56.186055+00:00,2.2584876
2025-07-15 21:15:08.765427+00:00,2.2584881
2025-07-15 21:15:33.465650+00:00,2.2584874
2025-07-15 21:15:46.048651+00:00,2.2584877
2025-07-15 21:15:58.109242+00:00,2.2584875
2025-07-15 21:16:11.296678+00:00,2.2584873
2025-07-15 21:16:22.940292+00:00,2.2584877
2025-07-15 21:16:35.750358+00:00,2.258488
2025-07-15 21:16:48.343179+00:00,2.2584879
2025-07-15 21:17:00.820536+00:00,2.2584871
2025-07-15 21:17:13.726338+00:00,2.2584879
2025-07-15 21:17:25.767840+00:00,2.2584876
2025-07-15 21:17:38.450959+00:00,2.2584879
2025-07-15 21:17:51.075245+00:00,2.2584879
2025-07-15 21:18:04.715346+00:00,2.2584877
2025-07-15 21:18:16.066326+00:00,2.2584879
2025-07-15 21:18:28.428034+00:00,2.2584874
2025-07-15 21:18:41.243041+00:00,2.2584878
2025-07-15 21:18:53.247942+00:00,2.2584872
2025-07-15 21:19:05.927248+00:00,2.2584873
2025-07-15 21:19:18.518411+00:00,2.2584877
2025-07-15 21:19:33.299939+00:00,2.2584873
2025-07-15 21:19:44.603929+00:00,2.2584881
2025-07-15 21:19:55.673095+00:00,2.2584881
2025-07-15 21:20:09.823418+00:00,2.2584873
2025-07-15 21:20:20.380657+00:00,2.2584877
2025-07-15 21:20:33.816410+00:00,2.2584877
2025-07-15 21:20:47.101403+00:00,2.2584871
2025-07-15 21:20:59.173138+00:00,2.2584878
2025-07-15 21:21:11.604894+00:00,2.2584879
2025-07-15 21:21:24.273637+00:00,2.2584878
2025-07-15 21:21:37.181884+00:00,2.2584879
2025-07-15 21:21:50.291960+00:00,2.2584871
2025-07-15 21:22:03.668528+00:00,2.2584882
2025-07-15 21:22:21.507965+00:00,2.258488
2025-07-15 21:22:29.201340+00:00,2.2584865
2025-07-15 21:22:40.828513+00:00,2.2584871
2025-07-15 21:22:53.529714+00:00,2.2584869
2025-07-15 21:23:21.864684+00:00,2.2584878
2025-07-15 21:23:30.958442+00:00,2.2584872
2025-07-15 21:23:44.547159+00:00,2.2584875
2025-07-15 21:23:56.541051+00:00,2.2584883
2025-07-15 21:24:09.070864+00:00,2.2584879
2025-07-15 21:24:22.108318+00:00,2.2584878
2025-07-15 21:24:34.180995+00:00,2.2584874
2025-07-15 21:24:48.274881+00:00,2.258488
2025-07-15 21:24:58.280981+00:00,2.2584876
2025-07-15 21:25:11.454856+00:00,2.258487
2025-07-15 21:25:24.978795+00:00,2.2584877
2025-07-15 21:25:35.955081+00:00,2.2584878
2025-07-15 21:25:48.474817+00:00,2.258488
2025-07-15 21:26:00.643282+00:00,2.2584871
2025-07-15 21:26:13.230933+00:00,2.2584882
2025-07-15 21:26:26.636772+00:00,2.258488
2025-07-15 21:26:38.423059+00:00,2.2584874
2025-07-15 21:26:51.622055+00:00,2.2584875
2025-07-15 21:27:03.934277+00:00,2.2584876
2025-07-15 21:27:17.472011+00:00,2.2584879
2025-07-15 21:27:28.925170+00:00,2.2584871
2025-07-15 21:27:41.410667+00:00,2.2584879
2025-07-15 21:27:57.049119+00:00,2.2584871
2025-07-15 21:28:11.135287+00:00,2.2584875
2025-07-15 21:28:19.129298+00:00,2.2584879
2025-07-15 21:28:31.810520+00:00,2.2584878
2025-07-15 21:28:44.176270+00:00,2.258487
2025-07-15 21:28:56.695032+00:00,2.2584871
2025-07-15 21:29:09.935181+00:00,2.2584878
2025-07-15 21:29:21.637326+00:00,2.2584877
2025-07-15 21:29:35.041974+00:00,2.2584875
2025-07-15 21:29:46.986374+00:00,2.2584876
2025-07-15 21:29:59.295993+00:00,2.2584876
2025-07-15 21:30:11.566807+00:00,2.258488
2025-07-15 21:30:24.775772+00:00,2.2584869
2025-07-15 21:30:37.389445+00:00,2.2584873
2025-07-15 21:30:50.881426+00:00,2.2584876
2025-07-15 21:31:02.641270+00:00,2.2584877
2025-07-15 21:31:15.374450+00:00,2.2584872
2025-07-15 21:31:29.146387+00:00,2.2584882
2025-07-15 21:31:40.742725+00:00,2.258488
2025-07-15 21:31:54.686235+00:00,2.2584877
2025-07-15 21:32:06.262454+00:00,2.2584874
2025-07-15 21:32:31.394911+00:00,2.2584878
2025-07-15 21:32:43.671435+00:00,2.2584873
2025-07-15 21:32:57.719426+00:00,2.2584874
2025-07-15 21:33:09.246637+00:00,2.2584875
2025-07-15 21:33:23.069882+00:00,2.258487
2025-07-15 21:33:34.194096+00:00,2.2584877
2025-07-15 21:33:50.151811+00:00,2.2584876
2025-07-15 21:33:59.382621+00:00,2.2584878
2025-07-15 21:34:12.257375+00:00,2.2584879
2025-07-15 21:34:24.683364+00:00,2.2584871
2025-07-15 21:34:36.606637+00:00,2.2584876
2025-07-15 21:34:49.074152+00:00,2.2584875
2025-07-15 21:35:01.818509+00:00,2.2584879
2025-07-15 21:35:17.044441+00:00,2.2584882
2025-07-15 21:35:27.298738+00:00,2.2584877
2025-07-15 21:35:40.167505+00:00,2.2584871
2025-07-15 21:35:51.021995+00:00,2.2584872
2025-07-15 21:36:03.983833+00:00,2.2584875
2025-07-15 21:36:17.699935+00:00,2.2584876
2025-07-15 21:36:33.090492+00:00,2.2584877
2025-07-15 21:36:44.750786+00:00,2.2584871
2025-07-15 21:36:54.102050+00:00,2.2584869
2025-07-15 21:37:06.726855+00:00,2.2584876
2025-07-15 21:37:18.976272+00:00,2.2584875
2025-07-15 21:37:31.272967+00:00,2.2584872
2025-07-15 21:37:43.466038+00:00,2.2584877
2025-07-15 21:37:56.017717+00:00,2.2584876
2025-07-15 21:38:08.737667+00:00,2.2584876
2025-07-15 21:38:21.010969+00:00,2.2584875
2025-07-15 21:38:33.889176+00:00,2.2584879
2025-07-15 21:38:46.770073+00:00,2.2584878
2025-07-15 21:38:58.367544+00:00,2.2584879
2025-07-15 21:39:12.237160+00:00,2.2584874
2025-07-15 21:39:23.430590+00:00,2.2584873
2025-07-15 21:39:37.812592+00:00,2.2584871
2025-07-15 21:39:48.402405+00:00,2.2584874
2025-07-15 21:40:00.642959+00:00,2.2584873
2025-07-15 21:40:13.253198+00:00,2.2584877
2025-07-15 21:40:25.811530+00:00,2.2584879
2025-07-15 21:40:38.706745+00:00,2.2584878
2025-07-15 21:40:52.052337+00:00,2.258487
2025-07-15 21:41:03.999919+00:00,2.2584872
2025-07-15 21:41:16.500658+00:00,2.2584875
2025-07-15 21:41:29.178914+00:00,2.2584875
2025-07-15 21:41:42.012023+00:00,2.258487
2025-07-15 21:41:54.785877+00:00,2.2584879
2025-07-15 21:42:08.082646+00:00,2.2584878
2025-07-15 21:42:19.852070+00:00,2.2584881
2025-07-15 21:42:33.156705+00:00,2.258488
2025-07-15 21:42:45.493751+00:00,2.2584873
2025-07-15 21:42:57.744782+00:00,2.2584873
2025-07-15 21:43:10.838218+00:00,2.2584882
2025-07-15 21:43:23.061320+00:00,2.2584872
2025-07-15 21:43:35.416294+00:00,2.2584874
2025-07-15 21:43:49.913500+00:00,2.2584881
2025-07-15 21:44:00.755415+00:00,2.258488
2025-07-15 21:44:13.479364+00:00,2.2584874
2025-07-15 21:44:25.493896+00:00,2.2584874
2025-07-15 21:44:37.617068+00:00,2.2584878
2025-07-15 21:44:51.645888+00:00,2.2584877
2025-07-15 21:45:02.398943+00:00,2.2584878
2025-07-15 21:45:16.294407+00:00,2.2584877
2025-07-15 21:45:28.100843+00:00,2.2584871
2025-07-15 21:45:39.911840+00:00,2.2584875
2025-07-15 21:45:52.246959+00:00,2.2584875
2025-07-15 21:46:05.032863+00:00,2.2584875
2025-07-15 21:46:17.357719+00:00,2.2584875
2025-07-15 21:46:30.380730+00:00,2.2584881
2025-07-15 21:46:42.713818+00:00,2.2584873
2025-07-15 21:46:55.439043+00:00,2.2584879
2025-07-15 21:47:08.201285+00:00,2.2584879
2025-07-15 21:47:21.199299+00:00,2.2584877
2025-07-15 21:47:33.640305+00:00,2.2584875
2025-07-15 21:47:45.661031+00:00,2.2584872
2025-07-15 21:47:58.039584+00:00,2.2584874
2025-07-15 21:48:11.525350+00:00,2.2584879
2025-07-15 21:48:35.165642+00:00,2.2584877
2025-07-15 21:48:47.697505+00:00,2.2584876
2025-07-15 21:49:00.195861+00:00,2.2584875
2025-07-15 21:49:12.838596+00:00,2.2584871
2025-07-15 21:49:24.967908+00:00,2.2584879
2025-07-15 21:49:37.619376+00:00,2.2584879
2025-07-15 21:49:50.559340+00:00,2.2584879
2025-07-15 21:50:03.678409+00:00,2.2584882
2025-07-15 21:50:16.035799+00:00,2.2584874
2025-07-15 21:50:28.986870+00:00,2.2584874
2025-07-15 21:50:41.715100+00:00,2.2584871
2025-07-15 21:50:54.163838+00:00,2.2584879
2025-07-15 21:51:06.952600+00:00,2.2584871
2025-07-15 21:51:19.481199+00:00,2.2584879
2025-07-15 21:51:32.509223+00:00,2.2584879
2025-07-15 21:51:45.904667+00:00,2.2584877
2025-07-15 21:51:57.250427+00:00,2.2584873
2025-07-15 21:52:10.166331+00:00,2.2584877
2025-07-15 21:52:22.621137+00:00,2.2584878
2025-07-15 21:52:35.631419+00:00,2.2584878
2025-07-15 21:52:47.941237+00:00,2.2584877
2025-07-15 21:53:01.789145+00:00,2.2584878
2025-07-15 21:53:14.141464+00:00,2.258487
2025-07-15 21:53:26.994321+00:00,2.2584877
2025-07-15 21:53:38.095168+00:00,2.2584876
2025-07-15 21:53:50.214857+00:00,2.2584879
2025-07-15 21:54:06.846417+00:00,2.2584881
2025-07-15 21:54:14.892724+00:00,2.258487
2025-07-15 21:54:26.965944+00:00,2.2584878
2025-07-15 21:54:39.497432+00:00,2.2584878
2025-07-15 21:54:51.945774+00:00,2.2584871
2025-07-15 21:55:04.618758+00:00,2.2584879
2025-07-15 21:55:20.066229+00:00,2.2584876
2025-07-15 21:55:29.869550+00:00,2.2584875
2025-07-15 21:55:42.355414+00:00,2.2584879
2025-07-15 21:55:54.720860+00:00,2.2584878
2025-07-15 21:56:07.225972+00:00,2.258488
2025-07-15 21:56:19.398970+00:00,2.2584877
2025-07-15 21:56:32.109404+00:00,2.258488
2025-07-15 21:56:44.346418+00:00,2.2584875
2025-07-15 21:56:56.889005+00:00,2.2584877
2025-07-15 21:57:09.735374+00:00,2.2584871
2025-07-15 21:57:22.717951+00:00,2.258487
2025-07-15 21:57:34.569291+00:00,2.2584877
2025-07-15 21:57:47.225934+00:00,2.258487
2025-07-15 21:57:59.832910+00:00,2.2584877
2025-07-15 21:58:12.149286+00:00,2.2584877
2025-07-15 21:58:24.629150+00:00,2.2584879
2025-07-15 21:58:36.749469+00:00,2.258488
2025-07-15 21:58:49.434629+00:00,2.2584875
2025-07-15 21:59:04.481580+00:00,2.2584876
2025-07-15 21:59:14.740841+00:00,2.258487
2025-07-15 21:59:26.929451+00:00,2.2584879
2025-07-15 21:59:38.824587+00:00,2.2584874
2025-07-15 21:59:52.239672+00:00,2.2584878
2025-07-15 22:00:04.196314+00:00,2.2584871
2025-07-15 22:00:16.955831+00:00,2.2584874
2025-07-15 22:00:41.808107+00:00,2.2584875
2025-07-15 22:00:53.878959+00:00,2.2584871
2025-07-15 22:01:06.922311+00:00,2.2584872
2025-07-15 22:01:18.896580+00:00,2.2584875
2025-07-15 22:01:32.196703+00:00,2.2584882
2025-07-15 22:01:44.589882+00:00,2.2584877
2025-07-15 22:01:58.762669+00:00,2.2584875
2025-07-15 22:02:11.415243+00:00,2.2584877
2025-07-15 22:02:24.565719+00:00,2.2584872
2025-07-15 22:02:35.460716+00:00,2.2584872
2025-07-15 22:02:50.433956+00:00,2.2584877
2025-07-15 22:03:00.773895+00:00,2.2584878
2025-07-15 22:03:13.481031+00:00,2.2584873
2025-07-15 22:03:26.285439+00:00,2.2584877
2025-07-15 22:03:38.683942+00:00,2.2584876
2025-07-15 22:03:51.606240+00:00,2.2584874
2025-07-15 22:04:04.230253+00:00,2.2584872
2025-07-15 22:04:16.601055+00:00,2.2584872
2025-07-15 22:04:29.159681+00:00,2.2584875
2025-07-15 22:04:41.168639+00:00,2.2584875
2025-07-15 22:04:53.282858+00:00,2.2584875
2025-07-15 22:05:06.896596+00:00,2.258488
2025-07-15 22:05:20.355294+00:00,2.2584873
2025-07-15 22:05:31.295585+00:00,2.2584871
2025-07-15 22:05:43.175784+00:00,2.2584877
2025-07-15 22:05:55.933859+00:00,2.2584878
2025-07-15 22:06:10.285407+00:00,2.2584876
2025-07-15 22:06:20.943190+00:00,2.2584873
2025-07-15 22:06:34.009688+00:00,2.2584872
2025-07-15 22:06:46.343359+00:00,2.2584878
2025-07-15 22:06:58.854431+00:00,2.2584873
2025-07-15 22:07:11.561038+00:00,2.2584877
2025-07-15 22:07:23.744233+00:00,2.2584875
2025-07-15 22:07:36.054424+00:00,2.2584878
2025-07-15 22:07:49.264688+00:00,2.2584873
2025-07-15 22:08:01.118232+00:00,2.2584876
2025-07-15 22:08:13.606318+00:00,2.2584876
2025-07-15 22:08:25.763996+00:00,2.2584881
2025-07-15 22:08:38.639872+00:00,2.2584874
2025-07-15 22:08:50.755841+00:00,2.2584874
2025-07-15 22:09:04.208145+00:00,2.2584868
2025-07-15 22:09:15.731035+00:00,2.2584871
2025-07-15 22:09:27.854139+00:00,2.258488
2025-07-15 22:09:41.292814+00:00,2.258487
2025-07-15 22:09:54.483938+00:00,2.258488
2025-07-15 22:10:08.232785+00:00,2.2584878
2025-07-15 22:10:18.848036+00:00,2.2584871
2025-07-15 22:10:31.463774+00:00,2.2584874
2025-07-15 22:10:44.160185+00:00,2.2584882
2025-07-15 22:10:56.497272+00:00,2.2584877
2025-07-15 22:11:09.461010+00:00,2.2584874
2025-07-15 22:11:37.027744+00:00,2.2584881
2025-07-15 22:11:47.423857+00:00,2.2584876
2025-07-15 22:12:00.111876+00:00,2.2584877
2025-07-15 22:12:13.001737+00:00,2.2584878
2025-07-15 22:12:25.012278+00:00,2.2584878
2025-07-15 22:12:37.984314+00:00,2.2584873
2025-07-15 22:12:50.215349+00:00,2.2584879
2025-07-15 22:13:04.728366+00:00,2.2584872
2025-07-15 22:13:15.577565+00:00,2.2584874
2025-07-15 22:13:27.895206+00:00,2.2584874
2025-07-15 22:13:40.375195+00:00,2.2584877
2025-07-15 22:13:53.168056+00:00,2.2584876
2025-07-15 22:14:05.215704+00:00,2.2584874
2025-07-15 22:14:17.802461+00:00,2.2584874
2025-07-15 22:14:29.797024+00:00,2.258488
2025-07-15 22:14:42.283372+00:00,2.2584876
2025-07-15 22:14:54.549686+00:00,2.2584872
2025-07-15 22:15:06.963634+00:00,2.2584874
2025-07-15 22:15:20.238492+00:00,2.2584879
2025-07-15 22:15:31.749750+00:00,2.2584877
2025-07-15 22:15:45.150788+00:00,2.2584878
2025-07-15 22:15:56.928882+00:00,2.2584877
2025-07-15 22:16:09.210109+00:00,2.2584877
2025-07-15 22:16:21.499549+00:00,2.2584866
2025-07-15 22:16:34.404248+00:00,2.2584879
2025-07-15 22:16:46.773181+00:00,2.2584872
2025-07-15 22:16:59.151769+00:00,2.258488
2025-07-15 22:17:13.695202+00:00,2.2584875
2025-07-15 22:17:24.381222+00:00,2.2584874
2025-07-15 22:17:37.254472+00:00,2.2584878
2025-07-15 22:17:50.231526+00:00,2.2584879
2025-07-15 22:18:02.521973+00:00,2.2584881
2025-07-15 22:18:14.596727+00:00,2.2584876
2025-07-15 22:18:27.213162+00:00,2.258487
2025-07-15 22:18:39.587698+00:00,2.2584876
2025-07-15 22:18:52.637116+00:00,2.2584881
2025-07-15 22:19:04.659132+00:00,2.2584879
2025-07-15 22:19:17.255057+00:00,2.2584881
2025-07-15 22:19:29.329990+00:00,2.258488
2025-07-15 22:19:43.152390+00:00,2.2584877
2025-07-15 22:19:54.316310+00:00,2.2584875
2025-07-15 22:20:07.023218+00:00,2.2584876
2025-07-15 22:20:19.723705+00:00,2.2584874
2025-07-15 22:20:32.223755+00:00,2.2584875
2025-07-15 22:20:57.560007+00:00,2.2584875
2025-07-15 22:21:10.552702+00:00,2.2584866
2025-07-15 22:21:22.555488+00:00,2.2584869
2025-07-15 22:21:35.649173+00:00,2.2584874
2025-07-15 22:21:49.142353+00:00,2.2584876
2025-07-15 22:22:01.311561+00:00,2.2584878
2025-07-15 22:22:13.771786+00:00,2.2584874
2025-07-15 22:22:26.273833+00:00,2.2584878
2025-07-15 22:22:38.692565+00:00,2.2584872
2025-07-15 22:22:51.385733+00:00,2.2584875
2025-07-15 22:23:06.241238+00:00,2.2584871
2025-07-15 22:23:17.981587+00:00,2.2584876
2025-07-15 22:23:29.201561+00:00,2.2584864
2025-07-15 22:23:41.756740+00:00,2.2584875
2025-07-15 22:23:58.147568+00:00,2.2584873
2025-07-15 22:24:10.808440+00:00,2.2584882
2025-07-15 22:24:19.823488+00:00,2.258487
2025-07-15 22:24:32.534012+00:00,2.2584874
2025-07-15 22:24:44.121018+00:00,2.2584876
2025-07-15 22:24:57.562057+00:00,2.2584874
2025-07-15 22:25:09.200100+00:00,2.2584881
2025-07-15 22:25:21.676219+00:00,2.2584879
2025-07-15 22:25:34.270090+00:00,2.2584879
2025-07-15 22:25:46.707650+00:00,2.2584877
2025-07-15 22:25:58.843254+00:00,2.2584876
2025-07-15 22:26:11.707010+00:00,2.2584879
2025-07-15 22:26:24.494783+00:00,2.2584878
2025-07-15 22:26:36.799553+00:00,2.2584875
2025-07-15 22:26:49.499122+00:00,2.2584878
2025-07-15 22:27:02.179823+00:00,2.258488
2025-07-15 22:27:14.353465+00:00,2.2584873
2025-07-15 22:27:26.626798+00:00,2.2584875
2025-07-15 22:27:39.585492+00:00,2.2584876
2025-07-15 22:27:52.880179+00:00,2.2584876
2025-07-15 22:28:03.882078+00:00,2.2584877
2025-07-15 22:28:16.666344+00:00,2.2584877
2025-07-15 22:28:28.751997+00:00,2.2584874
2025-07-15 22:28:41.767289+00:00,2.2584872
2025-07-15 22:28:53.515628+00:00,2.2584877
2025-07-15 22:29:08.190441+00:00,2.2584881
2025-07-15 22:29:18.963269+00:00,2.2584872
2025-07-15 22:29:31.181721+00:00,2.258487
2025-07-15 22:29:44.220334+00:00,2.2584884
2025-07-15 22:29:56.357441+00:00,2.258488
2025-07-15 22:30:09.699383+00:00,2.2584874
2025-07-15 22:30:37.506845+00:00,2.2584877
2025-07-15 22:30:47.290784+00:00,2.2584875
2025-07-15 22:31:00.017315+00:00,2.2584874
2025-07-15 22:31:12.415007+00:00,2.2584879
2025-07-15 22:31:24.761096+00:00,2.2584879
2025-07-15 22:31:38.394633+00:00,2.2584875
2025-07-15 22:31:50.156663+00:00,2.2584874
2025-07-15 22:32:03.197229+00:00,2.2584874
2025-07-15 22:32:16.007470+00:00,2.2584878
2025-07-15 22:32:27.952201+00:00,2.258487
2025-07-15 22:32:41.480330+00:00,2.2584882
2025-07-15 22:32:53.808161+00:00,2.2584881
2025-07-15 22:33:06.388147+00:00,2.2584878
2025-07-15 22:33:18.529714+00:00,2.258487
2025-07-15 22:33:34.166959+00:00,2.2584883
2025-07-15 22:33:43.282905+00:00,2.2584882
2025-07-15 22:33:55.428426+00:00,2.2584876
2025-07-15 22:34:08.310415+00:00,2.2584877
2025-07-15 22:34:20.460889+00:00,2.2584874
2025-07-15 22:34:32.829772+00:00,2.2584881
2025-07-15 22:34:44.943522+00:00,2.2584878
2025-07-15 22:34:57.497587+00:00,2.2584873
2025-07-15 22:35:10.402283+00:00,2.2584881
2025-07-15 22:35:22.949953+00:00,2.2584878
2025-07-15 22:35:35.543527+00:00,2.2584876
2025-07-15 22:35:51.268933+00:00,2.2584877
2025-07-15 22:35:59.548782+00:00,2.2584877
2025-07-15 22:36:12.168185+00:00,2.2584871
2025-07-15 22:36:26.627164+00:00,2.2584878
2025-07-15 22:36:38.507740+00:00,2.2584875
2025-07-15 22:36:49.728878+00:00,2.258487
2025-07-15 22:37:02.384730+00:00,2.2584881
2025-07-15 22:37:14.307176+00:00,2.2584874
2025-07-15 22:37:27.133458+00:00,2.2584879
2025-07-15 22:37:39.445483+00:00,2.2584875
2025-07-15 22:37:51.676899+00:00,2.2584874
2025-07-15 22:38:04.261063+00:00,2.2584872
2025-07-15 22:38:18.956972+00:00,2.2584876
2025-07-15 22:38:29.679956+00:00,2.2584875
2025-07-15 22:38:41.324426+00:00,2.2584881
2025-07-15 22:38:53.605741+00:00,2.2584867
2025-07-15 22:39:06.618331+00:00,2.2584879
2025-07-15 22:39:19.752076+00:00,2.2584877
2025-07-15 22:39:32.145377+00:00,2.2584878
2025-07-15 22:39:43.545166+00:00,2.2584872
2025-07-15 22:39:56.249569+00:00,2.2584879
2025-07-15 22:40:09.229543+00:00,2.2584878
2025-07-15 22:40:23.094225+00:00,2.2584878
2025-07-15 22:40:37.052731+00:00,2.258488
2025-07-15 22:40:47.170351+00:00,2.2584879
2025-07-15 22:41:00.725742+00:00,2.2584876
2025-07-15 22:41:13.166537+00:00,2.2584877
2025-07-15 22:41:26.466092+00:00,2.2584877
2025-07-15 22:41:38.377124+00:00,2.2584873
2025-07-15 22:41:51.027190+00:00,2.2584875
2025-07-15 22:42:03.923827+00:00,2.2584875
2025-07-15 22:42:16.421708+00:00,2.2584872
2025-07-15 22:42:28.917935+00:00,2.2584877
2025-07-15 22:42:41.764575+00:00,2.2584878
2025-07-15 22:42:54.427979+00:00,2.2584873
2025-07-15 22:43:07.270712+00:00,2.2584877
2025-07-15 22:43:19.199986+00:00,2.2584877
2025-07-15 22:43:31.947162+00:00,2.2584869
2025-07-15 22:43:43.952695+00:00,2.2584876
2025-07-15 22:43:57.031344+00:00,2.2584879
2025-07-15 22:44:09.040888+00:00,2.2584872
2025-07-15 22:44:21.254892+00:00,2.2584881
2025-07-15 22:44:33.289194+00:00,2.2584883
2025-07-15 22:44:47.698037+00:00,2.2584872
2025-07-15 22:44:57.706288+00:00,2.2584871
2025-07-15 22:45:23.144149+00:00,2.258488
2025-07-15 22:45:38.292047+00:00,2.2584878
2025-07-15 22:45:48.905278+00:00,2.2584881
2025-07-15 22:46:00.894308+00:00,2.2584879
2025-07-15 22:46:13.524129+00:00,2.2584881
2025-07-15 22:46:25.440274+00:00,2.2584875
2025-07-15 22:46:37.949092+00:00,2.2584874
2025-07-15 22:46:51.641184+00:00,2.2584874
2025-07-15 22:47:03.267547+00:00,2.2584874
2025-07-15 22:47:15.607063+00:00,2.2584875
2025-07-15 22:47:27.883768+00:00,2.2584872
2025-07-15 22:47:40.270000+00:00,2.2584876
2025-07-15 22:47:53.935119+00:00,2.2584875
2025-07-15 22:48:05.998365+00:00,2.2584877
2025-07-15 22:48:18.861363+00:00,2.2584883
2025-07-15 22:48:36.638934+00:00,2.2584881
2025-07-15 22:48:42.786689+00:00,2.2584877
2025-07-15 22:48:56.233545+00:00,2.2584869
2025-07-15 22:49:07.896766+00:00,2.2584877
2025-07-15 22:49:20.181842+00:00,2.2584875
2025-07-15 22:49:32.928931+00:00,2.2584881
2025-07-15 22:49:45.752487+00:00,2.2584874
2025-07-15 22:49:58.446792+00:00,2.2584877
2025-07-15 22:50:12.512879+00:00,2.2584877
2025-07-15 22:50:24.011692+00:00,2.2584871
2025-07-15 22:50:38.391632+00:00,2.2584868
2025-07-15 22:50:49.474010+00:00,2.2584878
2025-07-15 22:51:07.511515+00:00,2.2584875
2025-07-15 22:51:14.623524+00:00,2.2584878
2025-07-15 22:51:27.161030+00:00,2.2584881
2025-07-15 22:51:40.032939+00:00,2.2584875
2025-07-15 22:51:52.809171+00:00,2.2584873
2025-07-15 22:52:05.757034+00:00,2.2584877
2025-07-15 22:52:19.485666+00:00,2.2584878
2025-07-15 22:52:30.408887+00:00,2.2584873
2025-07-15 22:52:43.926662+00:00,2.2584875
2025-07-15 22:52:55.120047+00:00,2.2584871
2025-07-15 22:53:07.706978+00:00,2.2584878
2025-07-15 22:53:20.102468+00:00,2.2584878
2025-07-15 22:53:32.215940+00:00,2.2584878
2025-07-15 22:53:44.629930+00:00,2.2584874
2025-07-15 22:53:57.700369+00:00,2.2584872
2025-07-15 22:54:10.531786+00:00,2.258488
2025-07-15 22:54:22.142244+00:00,2.2584879
2025-07-15 22:54:34.986810+00:00,2.2584879
2025-07-15 22:54:48.530933+00:00,2.258487
2025-07-15 22:55:00.062403+00:00,2.2584876
2025-07-15 22:55:13.286255+00:00,2.2584879
2025-07-15 22:55:25.122372+00:00,2.2584875
2025-07-15 22:55:38.065077+00:00,2.2584879
2025-07-15 22:55:50.987489+00:00,2.2584876
2025-07-15 22:56:02.578375+00:00,2.2584871
2025-07-15 22:56:27.505135+00:00,2.2584877
2025-07-15 22:56:41.997845+00:00,2.2584883
2025-07-15 22:56:53.730703+00:00,2.2584881
2025-07-15 22:57:05.463059+00:00,2.2584878
2025-07-15 22:57:18.559492+00:00,2.2584876
2025-07-15 22:57:32.581671+00:00,2.2584874
2025-07-15 22:57:42.128094+00:00,2.2584879
2025-07-15 22:57:55.849980+00:00,2.2584877
2025-07-15 22:58:07.499933+00:00,2.2584879
2025-07-15 22:58:22.241699+00:00,2.2584874
2025-07-15 22:58:34.154942+00:00,2.2584878
2025-07-15 22:58:44.960713+00:00,2.2584875
2025-07-15 22:58:57.353706+00:00,2.2584879
2025-07-15 22:59:11.394183+00:00,2.2584879
2025-07-15 22:59:27.692440+00:00,2.2584871
2025-07-15 22:59:35.761955+00:00,2.2584876
2025-07-15 22:59:48.793878+00:00,2.2584872
2025-07-15 23:00:01.300129+00:00,2.2584875
2025-07-15 23:00:14.339398+00:00,2.2584871
2025-07-15 23:00:27.244840+00:00,2.258487
2025-07-15 23:00:40.155877+00:00,2.2584874
2025-07-15 23:00:54.920486+00:00,2.2584871
2025-07-15 23:01:04.970185+00:00,2.2584876
2025-07-15 23:01:17.387963+00:00,2.2584879
2025-07-15 23:01:30.812084+00:00,2.2584877
2025-07-15 23:01:42.557934+00:00,2.2584873
2025-07-15 23:01:55.291786+00:00,2.2584879
2025-07-15 23:02:08.636977+00:00,2.2584876
2025-07-15 23:02:20.172489+00:00,2.2584876
2025-07-15 23:02:34.370568+00:00,2.2584872
2025-07-15 23:02:45.972981+00:00,2.2584875
2025-07-15 23:02:59.002822+00:00,2.2584876
2025-07-15 23:03:13.704379+00:00,2.2584878
2025-07-15 23:03:22.783308+00:00,2.2584877
2025-07-15 23:03:36.370879+00:00,2.2584872
2025-07-15 23:03:47.861251+00:00,2.2584874
2025-07-15 23:03:59.988620+00:00,2.2584866
2025-07-15 23:04:13.163097+00:00,2.2584879
2025-07-15 23:04:24.916087+00:00,2.2584875
2025-07-15 23:04:38.383763+00:00,2.2584873
2025-07-15 23:04:49.494834+00:00,2.2584883
2025-07-15 23:05:02.662136+00:00,2.258488
2025-07-15 23:05:15.943080+00:00,2.2584877
2025-07-15 23:05:27.607089+00:00,2.2584874
2025-07-15 23:05:40.134224+00:00,2.2584873
2025-07-15 23:05:55.476342+00:00,2.2584872
2025-07-15 23:06:04.996406+00:00,2.2584873
2025-07-15 23:06:18.297239+00:00,2.2584875
2025-07-15 23:06:29.621158+00:00,2.2584883
2025-07-15 23:06:42.593759+00:00,2.2584883
2025-07-15 23:06:54.363338+00:00,2.2584879
2025-07-15 23:07:11.653915+00:00,2.2584873
2025-07-15 23:07:19.798850+00:00,2.258488
2025-07-15 23:07:31.745325+00:00,2.2584878
2025-07-15 23:07:44.014637+00:00,2.2584881
2025-07-15 23:07:56.736167+00:00,2.2584875
2025-07-15 23:08:08.991995+00:00,2.2584873
2025-07-15 23:08:23.818396+00:00,2.2584875
2025-07-15 23:08:36.070150+00:00,2.2584878
2025-07-15 23:08:49.918128+00:00,2.2584879
2025-07-15 23:08:59.255434+00:00,2.2584879
2025-07-15 23:09:12.275884+00:00,2.2584874
2025-07-15 23:09:25.617402+00:00,2.2584879
2025-07-15 23:09:39.643165+00:00,2.2584875
2025-07-15 23:09:52.511875+00:00,2.2584875
2025-07-15 23:10:03.274419+00:00,2.2584874
2025-07-15 23:10:15.758998+00:00,2.2584874
2025-07-15 23:10:28.708379+00:00,2.2584878
2025-07-15 23:10:41.846784+00:00,2.258488
2025-07-15 23:10:55.336965+00:00,2.2584879
2025-07-15 23:11:07.201433+00:00,2.258488
2025-07-15 23:11:19.211003+00:00,2.2584875
2025-07-15 23:11:32.223581+00:00,2.2584882
2025-07-15 23:11:45.344351+00:00,2.2584872
2025-07-15 23:11:58.614716+00:00,2.2584877
2025-07-15 23:12:10.487219+00:00,2.2584882
2025-07-15 23:12:22.522112+00:00,2.2584879
2025-07-15 23:12:35.081013+00:00,2.2584875
2025-07-15 23:12:47.469820+00:00,2.2584883
2025-07-15 23:13:00.732758+00:00,2.2584879
2025-07-15 23:13:12.029278+00:00,2.2584879
2025-07-15 23:13:24.397169+00:00,2.258487
2025-07-15 23:13:36.973042+00:00,2.258488
2025-07-15 23:13:49.785212+00:00,2.2584871
2025-07-15 23:14:07.386519+00:00,2.2584872
2025-07-15 23:14:15.003212+00:00,2.2584873
2025-07-15 23:14:27.294916+00:00,2.258488
2025-07-15 23:14:39.835670+00:00,2.2584877
2025-07-15 23:14:52.370714+00:00,2.2584874
2025-07-15 23:15:06.291158+00:00,2.2584873
2025-07-15 23:15:17.669227+00:00,2.2584877
2025-07-15 23:15:31.050058+00:00,2.2584869
2025-07-15 23:15:43.136998+00:00,2.2584877
2025-07-15 23:15:55.144273+00:00,2.2584872
2025-07-15 23:16:08.540467+00:00,2.258488
2025-07-15 23:16:20.207479+00:00,2.2584882
2025-07-15 23:16:32.214158+00:00,2.2584875
2025-07-15 23:16:45.990906+00:00,2.2584878
2025-07-15 23:16:57.046307+00:00,2.2584879
2025-07-15 23:17:09.463753+00:00,2.2584876
2025-07-15 23:17:21.576056+00:00,2.2584881
2025-07-15 23:17:34.325755+00:00,2.2584874
2025-07-15 23:17:49.797650+00:00,2.2584879
2025-07-15 23:17:58.984691+00:00,2.258488
2025-07-15 23:18:12.655191+00:00,2.2584878
2025-07-15 23:18:24.381853+00:00,2.2584875
2025-07-15 23:18:36.507968+00:00,2.2584877
2025-07-15 23:18:49.273144+00:00,2.2584871
2025-07-15 23:19:03.051891+00:00,2.2584876
2025-07-15 23:19:15.453908+00:00,2.2584874
2025-07-15 23:19:27.201625+00:00,2.2584878
2025-07-15 23:19:40.600200+00:00,2.2584873
2025-07-15 23:19:53.266830+00:00,2.2584876
2025-07-15 23:20:10.727357+00:00,2.2584876
2025-07-15 23:20:19.118446+00:00,2.2584872
2025-07-15 23:20:32.342311+00:00,2.2584875
2025-07-15 23:20:47.043987+00:00,2.2584874
2025-07-15 23:20:58.438399+00:00,2.2584871
2025-07-15 23:21:09.723523+00:00,2.2584873
2025-07-15 23:21:22.026938+00:00,2.2584882
2025-07-15 23:21:34.270537+00:00,2.2584874
2025-07-15 23:21:47.172901+00:00,2.2584874
2025-07-15 23:21:59.622980+00:00,2.2584882
2025-07-15 23:22:12.475522+00:00,2.2584869
2025-07-15 23:22:25.140168+00:00,2.2584874
2025-07-15 23:22:37.837334+00:00,2.2584877
2025-07-15 23:22:50.126675+00:00,2.2584876
2025-07-15 23:23:02.383534+00:00,2.2584881
2025-07-15 23:23:14.655460+00:00,2.2584881
2025-07-15 23:23:26.785638+00:00,2.2584874
2025-07-15 23:23:39.914673+00:00,2.2584881
2025-07-15 23:23:51.968594+00:00,2.2584879
2025-07-15 23:24:06.144299+00:00,2.258488
2025-07-15 23:24:22.617071+00:00,2.2584876
2025-07-15 23:24:30.053168+00:00,2.2584877
2025-07-15 23:24:42.158288+00:00,2.2584882
2025-07-15 23:24:54.635187+00:00,2.2584871
2025-07-15 23:25:07.373251+00:00,2.2584875
2025-07-15 23:25:19.935232+00:00,2.2584876
2025-07-15 23:25:32.825709+00:00,2.258488
2025-07-15 23:25:44.848198+00:00,2.2584878
2025-07-15 23:25:57.130975+00:00,2.2584878
2025-07-15 23:26:10.365500+00:00,2.2584877
2025-07-15 23:26:22.564754+00:00,2.2584878
2025-07-15 23:26:38.647855+00:00,2.2584878
2025-07-15 23:26:47.365476+00:00,2.2584877
2025-07-15 23:26:59.590411+00:00,2.2584876
2025-07-15 23:27:12.829536+00:00,2.2584878
2025-07-15 23:27:24.813287+00:00,2.2584882
2025-07-15 23:27:37.798159+00:00,2.2584879
2025-07-15 23:27:49.654433+00:00,2.2584874
2025-07-15 23:28:02.586525+00:00,2.258488
2025-07-15 23:28:14.926346+00:00,2.2584874
2025-07-15 23:28:28.539469+00:00,2.2584879
2025-07-15 23:28:40.268234+00:00,2.2584872
2025-07-15 23:28:53.538269+00:00,2.2584863
2025-07-15 23:29:06.228628+00:00,2.2584877
2025-07-15 23:29:18.804072+00:00,2.2584874
2025-07-15 23:29:32.643824+00:00,2.2584882
2025-07-15 23:29:45.981956+00:00,2.2584877
2025-07-15 23:29:57.557968+00:00,2.258488
2025-07-15 23:30:09.950549+00:00,2.2584874
2025-07-15 23:30:22.459599+00:00,2.2584877
2025-07-15 23:30:35.301335+00:00,2.2584876
2025-07-15 23:30:48.647855+00:00,2.2584878
2025-07-15 23:31:00.493011+00:00,2.2584876
2025-07-15 23:31:13.721682+00:00,2.2584875
2025-07-15 23:31:25.716848+00:00,2.2584877
2025-07-15 23:31:40.620088+00:00,2.2584872
2025-07-15 23:31:51.645901+00:00,2.2584877
2025-07-15 23:32:03.298448+00:00,2.2584879
2025-07-15 23:32:17.539454+00:00,2.2584874
2025-07-15 23:32:27.917445+00:00,2.2584875
2025-07-15 23:32:39.941495+00:00,2.2584878
2025-07-15 23:32:53.759945+00:00,2.2584871
2025-07-15 23:33:06.029564+00:00,2.2584874
2025-07-15 23:33:17.825880+00:00,2.258488
2025-07-15 23:33:30.122792+00:00,2.258488
2025-07-15 23:33:42.879479+00:00,2.2584882
2025-07-15 23:34:08.371659+00:00,2.2584873
2025-07-15 23:34:20.471403+00:00,2.2584868
2025-07-15 23:34:34.866138+00:00,2.258488
2025-07-15 23:34:45.717956+00:00,2.2584872
2025-07-15 23:34:58.697253+00:00,2.2584876
2025-07-15 23:35:12.994734+00:00,2.2584876
2025-07-15 23:35:23.316812+00:00,2.2584879
2025-07-15 23:35:37.947022+00:00,2.2584875
2025-07-15 23:35:55.393385+00:00,2.2584867
2025-07-15 23:36:01.154817+00:00,2.2584874
2025-07-15 23:36:13.704416+00:00,2.2584874
2025-07-15 23:36:25.436723+00:00,2.2584872
2025-07-15 23:36:50.178683+00:00,2.2584874
2025-07-15 23:37:03.115930+00:00,2.258488
2025-07-15 23:37:15.247922+00:00,2.2584876
2025-07-15 23:37:27.337021+00:00,2.2584875
2025-07-15 23:37:40.339746+00:00,2.2584875
2025-07-15 23:37:52.418788+00:00,2.2584878
2025-07-15 23:38:06.363267+00:00,2.2584875
2025-07-15 23:38:18.687733+00:00,2.2584882
2025-07-15 23:38:32.234500+00:00,2.2584876
2025-07-15 23:38:43.400630+00:00,2.2584875
2025-07-15 23:38:56.270275+00:00,2.2584876
2025-07-15 23:39:09.529858+00:00,2.2584874
2025-07-15 23:39:21.607928+00:00,2.2584875
2025-07-15 23:39:35.890304+00:00,2.2584876
2025-07-15 23:39:49.443140+00:00,2.2584874
2025-07-15 23:39:59.458413+00:00,2.2584876
2025-07-15 23:40:25.077877+00:00,2.2584873
2025-07-15 23:40:38.201600+00:00,2.2584872
2025-07-15 23:40:50.200726+00:00,2.258488
2025-07-15 23:41:02.533010+00:00,2.2584876
2025-07-15 23:41:18.742578+00:00,2.2584875
2025-07-15 23:41:27.506595+00:00,2.2584873
2025-07-15 23:41:40.224099+00:00,2.2584875
2025-07-15 23:41:52.244985+00:00,2.2584872
2025-07-15 23:42:05.161738+00:00,2.2584874
2025-07-15 23:42:20.888477+00:00,2.2584871
2025-07-15 23:42:31.213525+00:00,2.2584875
2025-07-15 23:42:41.886676+00:00,2.2584877
2025-07-15 23:42:56.181090+00:00,2.2584872
2025-07-15 23:43:09.249734+00:00,2.2584876
2025-07-15 23:43:21.227536+00:00,2.2584875
2025-07-15 23:43:34.361802+00:00,2.2584871
2025-07-15 23:43:44.785826+00:00,2.2584876
2025-07-15 23:43:57.502680+00:00,2.258488
2025-07-15 23:44:12.580205+00:00,2.2584878
2025-07-15 23:44:23.411175+00:00,2.2584878
2025-07-15 23:44:34.744346+00:00,2.2584876
2025-07-15 23:44:47.664455+00:00,2.2584881
2025-07-15 23:44:59.609281+00:00,2.2584881
2025-07-15 23:45:12.309701+00:00,2.2584873
2025-07-15 23:45:37.084810+00:00,2.2584881
2025-07-15 23:45:49.466128+00:00,2.2584881
2025-07-15 23:46:03.008093+00:00,2.2584879
2025-07-15 23:46:14.355167+00:00,2.2584873
2025-07-15 23:46:27.158518+00:00,2.2584873
2025-07-15 23:46:40.350282+00:00,2.2584873
2025-07-15 23:46:52.720839+00:00,2.2584879
2025-07-15 23:47:08.706832+00:00,2.2584877
2025-07-15 23:47:17.858096+00:00,2.2584876
2025-07-15 23:47:31.838694+00:00,2.2584877
2025-07-15 23:47:43.266874+00:00,2.2584877
2025-07-15 23:47:55.698017+00:00,2.2584872
2025-07-15 23:48:08.863519+00:00,2.2584879
2025-07-15 23:48:21.267411+00:00,2.2584878
2025-07-15 23:48:37.000089+00:00,2.2584876
2025-07-15 23:48:46.651827+00:00,2.2584875
2025-07-15 23:48:59.203003+00:00,2.2584877
2025-07-15 23:49:12.644809+00:00,2.2584875
2025-07-15 23:49:24.644974+00:00,2.2584874
2025-07-15 23:49:37.677067+00:00,2.258488
2025-07-15 23:49:49.527865+00:00,2.2584877
2025-07-15 23:50:02.284137+00:00,2.2584869
2025-07-15 23:50:15.888444+00:00,2.2584878
2025-07-15 23:50:29.529658+00:00,2.2584875
2025-07-15 23:50:40.981869+00:00,2.2584878
2025-07-15 23:50:52.531072+00:00,2.2584873
2025-07-15 23:51:05.338694+00:00,2.2584879
2025-07-15 23:51:19.127506+00:00,2.2584875
2025-07-15 23:51:29.741454+00:00,2.2584875
2025-07-15 23:51:42.238250+00:00,2.2584878
2025-07-15 23:51:54.624761+00:00,2.2584879
2025-07-15 23:52:07.298944+00:00,2.2584876
2025-07-15 23:52:20.078092+00:00,2.2584878
2025-07-15 23:52:32.237544+00:00,2.2584872
2025-07-15 23:52:44.918822+00:00,2.2584873
2025-07-15 23:52:56.842905+00:00,2.2584874
2025-07-15 23:53:12.393671+00:00,2.2584874
2025-07-15 23:53:21.701055+00:00,2.2584876
2025-07-15 23:53:35.924086+00:00,2.2584876
2025-07-15 23:53:48.131011+00:00,2.2584873
2025-07-15 23:54:02.260653+00:00,2.2584874
2025-07-15 23:54:12.200212+00:00,2.2584883
2025-07-15 23:54:24.856637+00:00,2.2584873
2025-07-15 23:54:37.016547+00:00,2.2584875
2025-07-15 23:54:50.569088+00:00,2.258488
2025-07-15 23:55:03.652460+00:00,2.2584876
2025-07-15 23:55:14.886579+00:00,2.2584878
2025-07-15 23:55:33.188558+00:00,2.2584872
2025-07-15 23:55:39.203010+00:00,2.2584881
2025-07-15 23:55:54.041040+00:00,2.258488
2025-07-15 23:56:04.446364+00:00,2.2584876
2025-07-15 23:56:16.702194+00:00,2.2584873
2025-07-15 23:56:29.098655+00:00,2.2584878
2025-07-15 23:56:42.053742+00:00,2.2584878
2025-07-15 23:56:54.701054+00:00,2.2584875
2025-07-15 23:57:06.951137+00:00,2.2584876
2025-07-15 23:57:19.197180+00:00,2.2584883
2025-07-15 23:57:32.410768+00:00,2.2584874
2025-07-15 23:57:44.745983+00:00,2.2584877
2025-07-15 23:57:57.450892+00:00,2.2584881
2025-07-15 23:58:10.504563+00:00,2.2584874
2025-07-15 23:58:22.822988+00:00,2.2584881
2025-07-15 23:58:35.699102+00:00,2.2584877
2025-07-15 23:58:48.819542+00:00,2.2584881
2025-07-15 23:59:02.372543+00:00,2.258488
2025-07-15 23:59:13.799694+00:00,2.2584874
2025-07-15 23:59:26.631195+00:00,2.2584882
2025-07-15 23:59:39.704807+00:00,2.258488
2025-07-15 23:59:51.314815+00:00,2.2584877
