time,counts_ratio
2025-01-08 00:00:21.776744+00:00,2.2584884
2025-01-08 00:00:36.374238+00:00,2.2584876
2025-01-08 00:00:48.290263+00:00,2.2584876
2025-01-08 00:01:14.217131+00:00,2.2584881
2025-01-08 00:01:37.457463+00:00,2.2584884
2025-01-08 00:02:03.471734+00:00,2.258488
2025-01-08 00:02:28.071994+00:00,2.258488
2025-01-08 00:02:41.114439+00:00,2.2584877
2025-01-08 00:02:54.075624+00:00,2.2584872
2025-01-08 00:06:09.449994+00:00,2.2584882
2025-01-08 00:06:35.074569+00:00,2.2584883
2025-01-08 00:06:49.915958+00:00,2.258488
2025-01-08 00:07:27.305384+00:00,2.2584882
2025-01-08 00:07:50.866412+00:00,2.2584878
2025-01-08 00:08:04.398055+00:00,2.2584874
2025-01-08 00:08:16.830547+00:00,2.2584878
2025-01-08 00:08:29.124286+00:00,2.2584882
2025-01-08 00:08:42.010040+00:00,2.2584877
2025-01-08 00:09:33.561006+00:00,2.2584876
2025-01-08 00:09:58.391869+00:00,2.2584877
2025-01-08 00:10:11.519993+00:00,2.2584873
2025-01-08 00:10:24.697630+00:00,2.2584875
2025-01-08 00:10:49.604825+00:00,2.2584876
2025-01-08 00:11:02.548938+00:00,2.2584876
2025-01-08 00:11:27.751393+00:00,2.2584884
2025-01-08 00:11:39.785134+00:00,2.2584879
2025-01-08 00:11:52.694048+00:00,2.2584881
2025-01-08 00:12:14.556543+00:00,2.2584881
2025-01-08 00:12:31.171039+00:00,2.2584878
2025-01-08 00:12:43.394511+00:00,2.2584872
2025-01-08 00:12:55.952939+00:00,2.2584877
2025-01-08 00:13:09.128848+00:00,2.2584884
2025-01-08 00:15:35.452691+00:00,2.2584878
2025-01-08 00:15:46.269453+00:00,2.2584877
2025-01-08 00:15:58.906400+00:00,2.258488
2025-01-08 00:16:24.070324+00:00,2.2584876
2025-01-08 00:16:37.336833+00:00,2.2584881
2025-01-08 00:16:49.914079+00:00,2.2584881
2025-01-08 00:17:34.466836+00:00,2.2584879
2025-01-08 00:17:40.850910+00:00,2.2584881
2025-01-08 00:17:53.364235+00:00,2.2584878
2025-01-08 00:18:19.374714+00:00,2.2584879
2025-01-08 00:18:33.361921+00:00,2.2584881
2025-01-08 00:18:44.628698+00:00,2.2584878
2025-01-08 00:19:10.244495+00:00,2.2584881
2025-01-08 00:19:22.650382+00:00,2.258488
2025-01-08 00:19:48.581662+00:00,2.2584884
2025-01-08 00:20:26.919495+00:00,2.2584878
2025-01-08 00:20:39.559869+00:00,2.2584873
2025-01-08 00:21:04.944878+00:00,2.2584874
2025-01-08 00:21:17.407585+00:00,2.258488
2025-01-08 00:21:29.805874+00:00,2.2584866
2025-01-08 00:22:08.001414+00:00,2.2584882
2025-01-08 00:25:35.212064+00:00,2.2584879
2025-01-08 00:26:13.370586+00:00,2.2584881
2025-01-08 00:26:25.985916+00:00,2.2584881
2025-01-08 00:26:51.570330+00:00,2.2584882
2025-01-08 00:27:04.303154+00:00,2.2584879
2025-01-08 00:27:29.557789+00:00,2.2584877
2025-01-08 00:28:07.796600+00:00,2.2584874
2025-01-08 00:28:21.079590+00:00,2.2584884
2025-01-08 00:28:59.436745+00:00,2.258488
2025-01-08 00:29:11.751199+00:00,2.258488
2025-01-08 00:30:16.343321+00:00,2.2584882
2025-01-08 00:30:28.309460+00:00,2.2584879
2025-01-08 00:31:08.745786+00:00,2.2584877
2025-01-08 00:32:11.673092+00:00,2.2584877
2025-01-08 00:32:21.705857+00:00,2.258488
2025-01-08 00:35:24.245643+00:00,2.258488
2025-01-08 00:35:39.685315+00:00,2.2584883
2025-01-08 00:35:50.044788+00:00,2.2584875
2025-01-08 00:36:03.007910+00:00,2.2584873
2025-01-08 00:36:53.893648+00:00,2.2584882
2025-01-08 00:37:05.712652+00:00,2.2584877
2025-01-08 00:37:19.118236+00:00,2.2584878
2025-01-08 00:37:31.485360+00:00,2.2584879
2025-01-08 00:38:09.374364+00:00,2.2584877
2025-01-08 00:38:22.177904+00:00,2.2584879
2025-01-08 00:38:47.388790+00:00,2.2584877
2025-01-08 00:39:28.191370+00:00,2.2584878
2025-01-08 00:39:50.745548+00:00,2.2584879
2025-01-08 00:40:03.864363+00:00,2.2584875
2025-01-08 00:40:29.736736+00:00,2.2584881
2025-01-08 00:40:43.776377+00:00,2.2584881
2025-01-08 00:40:53.455328+00:00,2.258488
2025-01-08 00:41:06.361235+00:00,2.2584878
2025-01-08 00:41:32.894221+00:00,2.2584881
2025-01-08 00:41:56.980568+00:00,2.2584876
2025-01-08 00:44:20.820517+00:00,2.2584874
2025-01-08 00:44:33.649033+00:00,2.2584878
2025-01-08 00:44:46.674843+00:00,2.2584874
2025-01-08 00:45:00.848197+00:00,2.2584877
2025-01-08 00:45:12.111963+00:00,2.2584874
2025-01-08 00:45:24.829159+00:00,2.2584876
2025-01-08 00:45:49.867020+00:00,2.2584878
2025-01-08 00:46:15.915992+00:00,2.2584872
2025-01-08 00:46:28.073670+00:00,2.2584877
2025-01-08 00:46:40.741240+00:00,2.2584879
2025-01-08 00:46:54.301028+00:00,2.2584878
2025-01-08 00:47:07.014589+00:00,2.2584879
2025-01-08 00:47:19.730971+00:00,2.2584881
2025-01-08 00:47:32.195511+00:00,2.2584876
2025-01-08 00:47:47.265804+00:00,2.2584884
2025-01-08 00:47:58.415881+00:00,2.2584877
2025-01-08 00:48:10.059063+00:00,2.258488
2025-01-08 00:48:22.461769+00:00,2.2584875
2025-01-08 00:48:48.623477+00:00,2.2584873
2025-01-08 00:49:13.064189+00:00,2.2584878
2025-01-08 00:49:37.988519+00:00,2.2584881
2025-01-08 00:49:50.790007+00:00,2.2584883
2025-01-08 00:50:03.657023+00:00,2.2584877
2025-01-08 00:50:16.347577+00:00,2.2584882
2025-01-08 00:50:29.076517+00:00,2.2584875
2025-01-08 00:50:41.410113+00:00,2.2584884
2025-01-08 00:53:18.499180+00:00,2.2584882
2025-01-08 00:53:43.807065+00:00,2.258488
2025-01-08 00:53:56.800652+00:00,2.2584881
2025-01-08 00:54:09.513352+00:00,2.2584878
2025-01-08 00:54:34.868688+00:00,2.2584873
2025-01-08 00:54:48.051330+00:00,2.2584881
2025-01-08 00:55:00.764950+00:00,2.2584883
2025-01-08 00:55:25.704334+00:00,2.2584876
2025-01-08 00:55:38.437043+00:00,2.2584879
2025-01-08 00:55:51.047228+00:00,2.2584879
2025-01-08 00:56:04.322918+00:00,2.2584878
2025-01-08 00:56:28.749777+00:00,2.2584876
2025-01-08 00:56:41.623262+00:00,2.2584878
2025-01-08 00:57:19.927254+00:00,2.2584882
2025-01-08 00:57:33.427358+00:00,2.2584876
2025-01-08 00:58:11.058106+00:00,2.2584878
2025-01-08 00:58:23.405275+00:00,2.258488
2025-01-08 00:58:36.252074+00:00,2.2584882
2025-01-08 00:58:49.121350+00:00,2.258488
2025-01-08 00:59:13.890989+00:00,2.2584876
2025-01-08 00:59:26.900942+00:00,2.2584881
2025-01-08 00:59:51.797325+00:00,2.2584884
2025-01-08 01:00:30.249023+00:00,2.2584883
2025-01-08 01:00:42.618874+00:00,2.2584877
2025-01-08 01:03:45.861729+00:00,2.258488
2025-01-08 01:03:58.440316+00:00,2.2584881
2025-01-08 01:04:10.744077+00:00,2.2584876
2025-01-08 01:05:01.254355+00:00,2.258488
2025-01-08 01:05:13.999262+00:00,2.2584876
2025-01-08 01:05:53.402801+00:00,2.2584883
2025-01-08 01:06:17.611895+00:00,2.2584876
2025-01-08 01:06:42.468120+00:00,2.2584883
2025-01-08 01:07:20.748209+00:00,2.2584881
2025-01-08 01:07:46.342000+00:00,2.2584883
2025-01-08 01:08:11.874716+00:00,2.258488
2025-01-08 01:08:49.782495+00:00,2.258488
2025-01-08 01:09:02.473532+00:00,2.258488
2025-01-08 01:09:14.622662+00:00,2.2584878
2025-01-08 01:09:52.389696+00:00,2.2584883
2025-01-08 01:11:35.434932+00:00,2.2584879
2025-01-08 01:13:45.568337+00:00,2.2584879
2025-01-08 01:13:59.332464+00:00,2.2584877
2025-01-08 01:14:11.206677+00:00,2.2584876
2025-01-08 01:14:23.587587+00:00,2.2584882
2025-01-08 01:14:36.227001+00:00,2.2584877
2025-01-08 01:14:49.784770+00:00,2.2584883
2025-01-08 01:15:01.610065+00:00,2.2584871
2025-01-08 01:15:14.717447+00:00,2.2584879
2025-01-08 01:15:40.239496+00:00,2.2584879
2025-01-08 01:17:34.902288+00:00,2.2584877
2025-01-08 01:17:47.486323+00:00,2.2584884
2025-01-08 01:18:12.800129+00:00,2.258488
2025-01-08 01:18:25.019870+00:00,2.2584872
2025-01-08 01:18:39.057727+00:00,2.2584876
2025-01-08 01:18:50.199443+00:00,2.2584875
2025-01-08 01:19:03.837949+00:00,2.2584879
2025-01-08 01:19:28.183306+00:00,2.2584878
2025-01-08 01:19:40.773100+00:00,2.2584876
2025-01-08 01:19:53.595112+00:00,2.2584882
2025-01-08 01:20:07.317240+00:00,2.2584877
2025-01-08 01:20:18.945662+00:00,2.258488
2025-01-08 01:22:54.795129+00:00,2.2584881
2025-01-08 01:23:21.420498+00:00,2.2584876
2025-01-08 01:23:34.584307+00:00,2.2584877
2025-01-08 01:24:12.269048+00:00,2.2584882
2025-01-08 01:24:24.260860+00:00,2.2584874
2025-01-08 01:24:49.670750+00:00,2.2584882
2025-01-08 01:25:04.333916+00:00,2.2584879
2025-01-08 01:25:15.819681+00:00,2.2584875
2025-01-08 01:25:27.978193+00:00,2.2584873
2025-01-08 01:25:53.050359+00:00,2.2584884
2025-01-08 01:26:08.459969+00:00,2.2584881
2025-01-08 01:26:18.767354+00:00,2.2584878
2025-01-08 01:26:31.302027+00:00,2.2584881
2025-01-08 01:27:23.327906+00:00,2.2584877
2025-01-08 01:27:35.151349+00:00,2.2584872
2025-01-08 01:27:47.644474+00:00,2.2584875
2025-01-08 01:28:29.380697+00:00,2.2584884
2025-01-08 01:28:37.856333+00:00,2.2584875
2025-01-08 01:28:52.439444+00:00,2.2584882
2025-01-08 01:29:03.086724+00:00,2.2584882
2025-01-08 01:29:41.296371+00:00,2.258488
2025-01-08 01:30:07.185255+00:00,2.2584883
2025-01-08 01:30:19.913851+00:00,2.2584874
2025-01-08 01:32:17.806035+00:00,2.2584878
2025-01-08 01:32:29.904829+00:00,2.2584884
2025-01-08 01:33:08.324434+00:00,2.2584883
2025-01-08 01:33:21.373151+00:00,2.2584883
2025-01-08 01:33:33.803456+00:00,2.2584884
2025-01-08 01:33:46.762351+00:00,2.2584876
2025-01-08 01:33:58.950276+00:00,2.2584882
2025-01-08 01:34:13.328533+00:00,2.2584884
2025-01-08 01:34:25.522401+00:00,2.2584882
2025-01-08 01:34:50.278545+00:00,2.2584877
2025-01-08 01:35:41.039548+00:00,2.2584881
2025-01-08 01:36:31.742405+00:00,2.2584883
2025-01-08 01:36:44.280989+00:00,2.2584883
2025-01-08 01:36:56.677253+00:00,2.2584883
2025-01-08 01:37:21.937867+00:00,2.2584878
2025-01-08 01:37:35.078795+00:00,2.2584884
2025-01-08 01:37:47.885260+00:00,2.2584879
2025-01-08 01:38:12.741500+00:00,2.2584882
2025-01-08 01:38:25.220756+00:00,2.2584878
2025-01-08 01:41:01.948261+00:00,2.2584878
2025-01-08 01:41:46.921630+00:00,2.2584879
2025-01-08 01:41:52.650736+00:00,2.2584878
2025-01-08 01:42:05.545497+00:00,2.2584873
2025-01-08 01:42:18.842412+00:00,2.258488
2025-01-08 01:42:30.572430+00:00,2.2584883
2025-01-08 01:43:09.222754+00:00,2.2584882
2025-01-08 01:43:58.996395+00:00,2.2584884
2025-01-08 01:44:11.543884+00:00,2.2584879
2025-01-08 01:44:24.029671+00:00,2.2584883
2025-01-08 01:44:36.595687+00:00,2.258488
2025-01-08 01:45:03.216512+00:00,2.2584874
2025-01-08 01:45:40.665214+00:00,2.2584877
2025-01-08 01:45:52.982981+00:00,2.2584876
2025-01-08 01:46:18.541334+00:00,2.2584879
2025-01-08 01:46:32.399909+00:00,2.258488
2025-01-08 01:46:43.821797+00:00,2.2584875
2025-01-08 01:46:57.457391+00:00,2.2584875
2025-01-08 01:47:08.974340+00:00,2.2584876
2025-01-08 01:47:22.312480+00:00,2.2584882
2025-01-08 01:48:25.457878+00:00,2.2584884
2025-01-08 01:51:02.688637+00:00,2.2584883
2025-01-08 01:51:15.148350+00:00,2.258488
2025-01-08 01:51:39.954859+00:00,2.258488
2025-01-08 01:51:52.516583+00:00,2.2584881
2025-01-08 01:52:18.538238+00:00,2.2584883
2025-01-08 01:52:55.853077+00:00,2.2584879
2025-01-08 01:53:10.072218+00:00,2.2584873
2025-01-08 01:53:34.248950+00:00,2.258488
2025-01-08 01:53:47.079970+00:00,2.2584882
2025-01-08 01:53:59.543801+00:00,2.258487
2025-01-08 01:54:38.104596+00:00,2.2584877
2025-01-08 01:54:50.247334+00:00,2.258488
2025-01-08 01:55:15.749874+00:00,2.2584874
2025-01-08 01:55:40.876985+00:00,2.2584879
2025-01-08 01:56:14.260466+00:00,2.2584875
2025-01-08 01:56:32.113581+00:00,2.2584881
2025-01-08 01:56:44.246189+00:00,2.2584884
2025-01-08 01:56:56.923920+00:00,2.2584882
2025-01-08 01:57:09.741645+00:00,2.2584876
2025-01-08 01:57:22.839746+00:00,2.258488
2025-01-08 02:00:25.175806+00:00,2.2584876
2025-01-08 02:00:37.978024+00:00,2.2584876
2025-01-08 02:01:16.957869+00:00,2.2584878
2025-01-08 02:01:28.793856+00:00,2.2584882
2025-01-08 02:01:54.241267+00:00,2.2584883
2025-01-08 02:02:07.155590+00:00,2.2584884
2025-01-08 02:02:57.430110+00:00,2.2584882
2025-01-08 02:03:10.263966+00:00,2.258488
2025-01-08 02:03:48.699475+00:00,2.2584882
2025-01-08 02:04:00.893571+00:00,2.2584883
2025-01-08 02:04:13.617116+00:00,2.2584884
2025-01-08 02:04:52.347402+00:00,2.2584875
2025-01-08 02:05:04.668762+00:00,2.258488
2025-01-08 02:05:30.626758+00:00,2.2584878
2025-01-08 02:05:42.288749+00:00,2.2584876
2025-01-08 02:05:55.179215+00:00,2.2584872
2025-01-08 02:06:07.717372+00:00,2.2584879
2025-01-08 02:06:33.774551+00:00,2.2584882
2025-01-08 02:06:45.532118+00:00,2.2584882
2025-01-08 02:07:11.050307+00:00,2.258488
2025-01-08 02:07:49.046319+00:00,2.2584883
2025-01-08 02:08:01.826478+00:00,2.2584883
2025-01-08 02:10:47.072735+00:00,2.2584881
2025-01-08 02:10:50.822299+00:00,2.258488
2025-01-08 02:11:04.257309+00:00,2.2584883
2025-01-08 02:11:29.428062+00:00,2.2584874
2025-01-08 02:12:07.673504+00:00,2.258488
2025-01-08 02:12:20.094694+00:00,2.2584876
2025-01-08 02:12:32.118627+00:00,2.2584883
2025-01-08 02:12:44.502926+00:00,2.2584878
2025-01-08 02:13:10.224877+00:00,2.258488
2025-01-08 02:14:00.099491+00:00,2.2584878
2025-01-08 02:14:13.056669+00:00,2.258488
2025-01-08 02:15:03.952136+00:00,2.2584877
2025-01-08 02:16:21.532545+00:00,2.2584882
2025-01-08 02:16:57.620740+00:00,2.258488
2025-01-08 02:17:10.437568+00:00,2.2584878
2025-01-08 02:19:48.093337+00:00,2.2584883
2025-01-08 02:19:59.417711+00:00,2.2584884
2025-01-08 02:20:25.531209+00:00,2.2584884
2025-01-08 02:20:37.926222+00:00,2.2584879
2025-01-08 02:21:15.716156+00:00,2.2584876
2025-01-08 02:21:30.920565+00:00,2.2584881
2025-01-08 02:21:41.105332+00:00,2.2584884
2025-01-08 02:22:06.773397+00:00,2.2584875
2025-01-08 02:22:21.003347+00:00,2.2584874
2025-01-08 02:22:32.759218+00:00,2.2584878
2025-01-08 02:22:44.636587+00:00,2.2584883
2025-01-08 02:23:23.038931+00:00,2.2584883
2025-01-08 02:23:35.394364+00:00,2.2584876
2025-01-08 02:23:48.812554+00:00,2.2584879
2025-01-08 02:24:01.154105+00:00,2.2584876
2025-01-08 02:24:26.091917+00:00,2.258488
2025-01-08 02:24:39.229403+00:00,2.2584882
2025-01-08 02:24:51.364687+00:00,2.2584873
2025-01-08 02:25:04.119681+00:00,2.2584877
2025-01-08 02:25:16.777504+00:00,2.2584877
2025-01-08 02:25:29.293765+00:00,2.2584873
2025-01-08 02:25:41.982867+00:00,2.2584879
2025-01-08 02:25:54.642313+00:00,2.2584882
2025-01-08 02:26:19.700294+00:00,2.2584883
2025-01-08 02:26:46.583434+00:00,2.2584884
2025-01-08 02:27:24.772681+00:00,2.2584881
2025-01-08 02:29:10.483400+00:00,2.2584884
2025-01-08 02:29:48.654927+00:00,2.2584873
2025-01-08 02:29:59.681231+00:00,2.2584883
2025-01-08 02:30:12.851741+00:00,2.2584884
2025-01-08 02:30:26.614159+00:00,2.2584874
2025-01-08 02:30:38.684649+00:00,2.2584875
2025-01-08 02:30:50.772464+00:00,2.2584873
2025-01-08 02:31:03.292470+00:00,2.2584879
2025-01-08 02:31:16.341004+00:00,2.2584875
2025-01-08 02:31:28.414978+00:00,2.2584884
2025-01-08 02:31:41.056158+00:00,2.2584884
2025-01-08 02:31:54.188153+00:00,2.2584877
2025-01-08 02:32:19.468806+00:00,2.2584883
2025-01-08 02:32:32.201352+00:00,2.258488
2025-01-08 02:32:46.122154+00:00,2.2584877
2025-01-08 02:33:02.459188+00:00,2.2584874
2025-01-08 02:33:10.538575+00:00,2.2584881
2025-01-08 02:33:22.963534+00:00,2.2584875
2025-01-08 02:33:35.689101+00:00,2.2584876
2025-01-08 02:34:01.841240+00:00,2.2584873
2025-01-08 02:34:26.190096+00:00,2.258487
2025-01-08 02:34:51.617710+00:00,2.2584879
2025-01-08 02:35:04.609184+00:00,2.2584877
2025-01-08 02:35:33.611577+00:00,2.2584884
2025-01-08 02:35:42.313377+00:00,2.258488
2025-01-08 02:36:08.262775+00:00,2.2584883
2025-01-08 02:36:20.367096+00:00,2.2584879
2025-01-08 02:39:36.893649+00:00,2.2584874
2025-01-08 02:40:01.401499+00:00,2.2584883
2025-01-08 02:40:14.406469+00:00,2.2584881
2025-01-08 02:40:26.739774+00:00,2.2584877
2025-01-08 02:41:17.718755+00:00,2.2584881
2025-01-08 02:41:29.625120+00:00,2.2584878
2025-01-08 02:41:42.279286+00:00,2.2584878
2025-01-08 02:41:54.611349+00:00,2.2584878
2025-01-08 02:42:07.279366+00:00,2.2584884
2025-01-08 02:42:20.011713+00:00,2.2584883
2025-01-08 02:42:32.426082+00:00,2.2584883
2025-01-08 02:43:48.717522+00:00,2.2584882
2025-01-08 02:44:27.368555+00:00,2.2584884
2025-01-08 02:44:39.571292+00:00,2.2584876
2025-01-08 02:44:52.301455+00:00,2.2584875
2025-01-08 02:45:31.987498+00:00,2.2584872
2025-01-08 02:46:20.612276+00:00,2.2584879
2025-01-08 02:47:38.091469+00:00,2.2584881
2025-01-08 02:49:59.902216+00:00,2.2584884
2025-01-08 02:50:14.319530+00:00,2.2584883
2025-01-08 02:51:16.640298+00:00,2.2584884
2025-01-08 02:51:45.625096+00:00,2.2584875
2025-01-08 02:51:54.377478+00:00,2.2584874
2025-01-08 02:52:07.537068+00:00,2.2584882
2025-01-08 02:52:20.180955+00:00,2.2584884
2025-01-08 02:52:32.747513+00:00,2.2584875
2025-01-08 02:52:48.256658+00:00,2.2584881
2025-01-08 02:52:57.818719+00:00,2.2584883
2025-01-08 02:53:23.263040+00:00,2.2584882
2025-01-08 02:53:35.840535+00:00,2.2584881
2025-01-08 02:53:49.345444+00:00,2.2584878
2025-01-08 02:54:14.179552+00:00,2.2584882
2025-01-08 02:54:26.991890+00:00,2.2584872
2025-01-08 02:54:40.834009+00:00,2.2584877
2025-01-08 02:55:05.268162+00:00,2.258488
2025-01-08 02:55:17.455970+00:00,2.2584875
2025-01-08 02:55:30.623864+00:00,2.2584875
2025-01-08 02:55:42.558323+00:00,2.2584876
2025-01-08 02:56:07.874555+00:00,2.2584872
2025-01-08 02:56:21.082536+00:00,2.2584874
2025-01-08 02:56:32.808297+00:00,2.2584875
2025-01-08 02:57:11.418117+00:00,2.2584882
2025-01-08 02:59:08.803766+00:00,2.258488
2025-01-08 02:59:34.277276+00:00,2.2584882
2025-01-08 03:00:01.289488+00:00,2.2584877
2025-01-08 03:00:13.014124+00:00,2.2584883
2025-01-08 03:00:25.633212+00:00,2.2584873
2025-01-08 03:00:38.081894+00:00,2.2584873
2025-01-08 03:01:04.847045+00:00,2.2584878
2025-01-08 03:01:16.034965+00:00,2.2584878
2025-01-08 03:01:41.245377+00:00,2.2584879
2025-01-08 03:01:54.678660+00:00,2.2584878
2025-01-08 03:02:09.152715+00:00,2.2584876
2025-01-08 03:02:32.300486+00:00,2.2584879
2025-01-08 03:02:57.655282+00:00,2.2584872
2025-01-08 03:03:10.882541+00:00,2.2584882
2025-01-08 03:03:23.249928+00:00,2.2584875
2025-01-08 03:03:36.247908+00:00,2.2584876
2025-01-08 03:03:48.914968+00:00,2.258488
2025-01-08 03:04:01.447264+00:00,2.2584876
2025-01-08 03:04:15.310144+00:00,2.2584883
2025-01-08 03:04:33.614273+00:00,2.2584878
2025-01-08 03:04:39.155801+00:00,2.2584879
2025-01-08 03:04:51.633854+00:00,2.2584876
2025-01-08 03:05:04.391803+00:00,2.2584882
2025-01-08 03:05:21.875623+00:00,2.2584878
2025-01-08 03:05:29.836004+00:00,2.2584878
2025-01-08 03:06:08.824985+00:00,2.258488
2025-01-08 03:06:21.474551+00:00,2.2584882
2025-01-08 03:09:11.410007+00:00,2.2584879
2025-01-08 03:09:37.824740+00:00,2.2584884
2025-01-08 03:09:49.866320+00:00,2.2584881
2025-01-08 03:10:02.437756+00:00,2.2584876
2025-01-08 03:10:15.681242+00:00,2.2584875
2025-01-08 03:10:28.271744+00:00,2.258488
2025-01-08 03:10:42.421424+00:00,2.2584879
2025-01-08 03:10:53.290209+00:00,2.2584884
2025-01-08 03:11:05.888037+00:00,2.2584882
2025-01-08 03:11:18.659279+00:00,2.2584879
2025-01-08 03:11:32.003804+00:00,2.2584876
2025-01-08 03:11:44.382415+00:00,2.2584873
2025-01-08 03:11:56.867823+00:00,2.2584878
2025-01-08 03:12:10.374707+00:00,2.2584879
2025-01-08 03:12:21.929291+00:00,2.2584882
2025-01-08 03:12:35.719370+00:00,2.2584876
2025-01-08 03:12:47.736572+00:00,2.2584882
2025-01-08 03:13:13.247169+00:00,2.2584882
2025-01-08 03:13:25.203765+00:00,2.2584876
2025-01-08 03:14:03.888778+00:00,2.2584877
2025-01-08 03:14:16.305140+00:00,2.2584878
2025-01-08 03:14:32.181599+00:00,2.2584881
2025-01-08 03:14:54.999442+00:00,2.2584876
2025-01-08 03:18:09.855214+00:00,2.2584878
2025-01-08 03:19:14.026384+00:00,2.2584883
2025-01-08 03:19:26.886873+00:00,2.2584881
2025-01-08 03:19:39.205164+00:00,2.2584873
2025-01-08 03:19:51.789702+00:00,2.2584882
2025-01-08 03:20:04.929480+00:00,2.2584873
2025-01-08 03:20:55.766208+00:00,2.2584877
2025-01-08 03:21:34.300425+00:00,2.2584876
2025-01-08 03:21:46.587828+00:00,2.2584883
2025-01-08 03:22:12.138946+00:00,2.2584884
2025-01-08 03:24:31.296422+00:00,2.2584877
2025-01-08 03:24:43.895507+00:00,2.2584883
2025-01-08 03:24:56.919716+00:00,2.2584878
2025-01-08 03:27:59.932444+00:00,2.2584881
2025-01-08 03:29:17.127692+00:00,2.2584881
2025-01-08 03:29:29.293116+00:00,2.2584879
2025-01-08 03:30:08.562131+00:00,2.2584878
2025-01-08 03:30:33.586842+00:00,2.2584877
2025-01-08 03:30:58.135509+00:00,2.2584877
2025-01-08 03:31:25.253463+00:00,2.2584883
2025-01-08 03:31:36.372948+00:00,2.2584877
2025-01-08 03:31:49.493403+00:00,2.2584881
2025-01-08 03:32:02.280081+00:00,2.2584879
2025-01-08 03:32:14.846228+00:00,2.2584882
2025-01-08 03:32:51.949264+00:00,2.2584883
2025-01-08 03:33:17.385033+00:00,2.2584881
2025-01-08 03:33:30.922063+00:00,2.2584882
2025-01-08 03:33:56.051265+00:00,2.2584875
2025-01-08 03:34:15.535694+00:00,2.2584884
2025-01-08 03:37:01.039288+00:00,2.2584878
2025-01-08 03:37:26.189675+00:00,2.2584879
2025-01-08 03:38:05.982481+00:00,2.2584884
2025-01-08 03:38:17.971556+00:00,2.2584872
2025-01-08 03:38:30.733083+00:00,2.2584873
2025-01-08 03:39:09.341001+00:00,2.2584883
2025-01-08 03:39:21.218921+00:00,2.2584879
2025-01-08 03:39:34.387156+00:00,2.2584875
2025-01-08 03:39:47.220012+00:00,2.2584874
2025-01-08 03:40:00.085566+00:00,2.2584879
2025-01-08 03:40:12.805242+00:00,2.2584872
2025-01-08 03:40:25.201852+00:00,2.2584883
2025-01-08 03:40:37.901706+00:00,2.2584875
2025-01-08 03:40:51.413975+00:00,2.2584881
2025-01-08 03:41:04.978704+00:00,2.2584883
2025-01-08 03:41:16.319722+00:00,2.2584882
2025-01-08 03:41:28.478570+00:00,2.2584881
2025-01-08 03:41:41.374209+00:00,2.2584879
2025-01-08 03:41:55.080238+00:00,2.2584872
2025-01-08 03:42:07.818147+00:00,2.2584878
2025-01-08 03:42:19.541469+00:00,2.2584878
2025-01-08 03:42:32.073810+00:00,2.2584871
2025-01-08 03:42:44.314574+00:00,2.2584877
2025-01-08 03:42:57.491442+00:00,2.2584872
2025-01-08 03:43:10.135147+00:00,2.2584884
2025-01-08 03:43:22.602179+00:00,2.2584875
2025-01-08 03:43:35.278015+00:00,2.2584877
2025-01-08 03:43:48.730468+00:00,2.2584871
2025-01-08 03:44:01.351856+00:00,2.2584879
2025-01-08 03:47:05.823531+00:00,2.258488
2025-01-08 03:47:18.120152+00:00,2.2584881
2025-01-08 03:47:31.184449+00:00,2.2584878
2025-01-08 03:47:56.568286+00:00,2.2584883
2025-01-08 03:48:09.735994+00:00,2.2584883
2025-01-08 03:48:25.094666+00:00,2.2584877
2025-01-08 03:48:35.821587+00:00,2.258488
2025-01-08 03:49:02.853783+00:00,2.2584879
2025-01-08 03:49:14.551476+00:00,2.2584874
2025-01-08 03:49:26.125774+00:00,2.2584876
2025-01-08 03:49:38.812343+00:00,2.2584882
2025-01-08 03:49:51.402939+00:00,2.2584875
2025-01-08 03:50:05.405840+00:00,2.2584884
2025-01-08 03:50:31.027844+00:00,2.2584878
2025-01-08 03:50:55.666830+00:00,2.2584881
2025-01-08 03:51:08.507126+00:00,2.2584883
2025-01-08 03:51:21.573108+00:00,2.2584884
2025-01-08 03:51:34.044688+00:00,2.2584881
2025-01-08 03:52:38.055524+00:00,2.2584879
2025-01-08 03:53:15.366683+00:00,2.2584876
2025-01-08 03:56:31.864343+00:00,2.2584881
2025-01-08 03:57:24.837701+00:00,2.2584874
2025-01-08 03:57:34.937777+00:00,2.2584878
2025-01-08 03:58:13.503395+00:00,2.258488
2025-01-08 03:59:04.018960+00:00,2.2584882
2025-01-08 03:59:16.927047+00:00,2.2584876
2025-01-08 03:59:54.663330+00:00,2.2584877
2025-01-08 04:00:24.017538+00:00,2.2584878
2025-01-08 04:01:36.244364+00:00,2.2584879
2025-01-08 04:01:50.716290+00:00,2.2584878
2025-01-08 04:02:17.170855+00:00,2.2584881
2025-01-08 04:02:26.909692+00:00,2.2584881
2025-01-08 04:02:39.480962+00:00,2.2584881
2025-01-08 04:06:22.533048+00:00,2.2584876
2025-01-08 04:06:35.284853+00:00,2.2584879
2025-01-08 04:07:26.087875+00:00,2.2584878
2025-01-08 04:07:51.733058+00:00,2.2584882
2025-01-08 04:08:18.047597+00:00,2.2584874
2025-01-08 04:08:29.747194+00:00,2.258488
2025-01-08 04:08:55.213438+00:00,2.2584874
2025-01-08 04:09:34.453023+00:00,2.2584882
2025-01-08 04:09:59.580774+00:00,2.258488
2025-01-08 04:10:24.677240+00:00,2.2584873
2025-01-08 04:11:03.163320+00:00,2.2584884
2025-01-08 04:11:18.248110+00:00,2.2584882
2025-01-08 04:11:40.839364+00:00,2.2584876
2025-01-08 04:11:53.312972+00:00,2.258488
2025-01-08 04:12:06.557433+00:00,2.2584876
2025-01-08 04:15:38.713225+00:00,2.2584883
2025-01-08 04:15:50.269406+00:00,2.2584879
2025-01-08 04:16:02.801840+00:00,2.2584874
2025-01-08 04:16:15.404142+00:00,2.2584877
2025-01-08 04:16:44.102170+00:00,2.2584872
2025-01-08 04:16:54.110434+00:00,2.2584876
2025-01-08 04:17:57.359112+00:00,2.258488
2025-01-08 04:18:09.902197+00:00,2.2584874
2025-01-08 04:18:51.312996+00:00,2.2584875
2025-01-08 04:19:01.475248+00:00,2.2584882
2025-01-08 04:19:14.138792+00:00,2.2584871
2025-01-08 04:19:52.164024+00:00,2.2584875
2025-01-08 04:20:04.726902+00:00,2.2584876
2025-01-08 04:20:17.317736+00:00,2.2584869
2025-01-08 04:20:29.813014+00:00,2.258488
2025-01-08 04:20:44.012590+00:00,2.2584884
2025-01-08 04:24:18.966967+00:00,2.2584879
2025-01-08 04:24:26.771417+00:00,2.2584883
2025-01-08 04:24:39.448556+00:00,2.2584881
2025-01-08 04:24:51.765655+00:00,2.258488
2025-01-08 04:25:04.442716+00:00,2.2584883
2025-01-08 04:25:17.256887+00:00,2.2584877
2025-01-08 04:25:32.209448+00:00,2.2584875
2025-01-08 04:25:42.658590+00:00,2.2584882
2025-01-08 04:25:55.781799+00:00,2.2584882
2025-01-08 04:26:46.330375+00:00,2.2584882
2025-01-08 04:26:59.476974+00:00,2.2584882
2025-01-08 04:27:24.248686+00:00,2.2584877
2025-01-08 04:27:49.850662+00:00,2.2584874
2025-01-08 04:28:03.686382+00:00,2.2584878
2025-01-08 04:28:15.291502+00:00,2.2584876
2025-01-08 04:28:53.084153+00:00,2.2584879
2025-01-08 04:29:07.374561+00:00,2.258488
2025-01-08 04:29:20.814341+00:00,2.2584877
2025-01-08 04:29:56.154783+00:00,2.2584881
2025-01-08 04:33:40.005277+00:00,2.2584883
2025-01-08 04:34:18.998161+00:00,2.2584882
2025-01-08 04:34:56.484429+00:00,2.2584877
2025-01-08 04:35:49.476032+00:00,2.2584877
2025-01-08 04:36:00.057173+00:00,2.2584877
2025-01-08 04:36:37.708661+00:00,2.2584883
2025-01-08 04:36:50.724130+00:00,2.2584879
2025-01-08 04:37:29.168420+00:00,2.2584879
2025-01-08 04:38:07.250242+00:00,2.2584879
2025-01-08 04:38:19.478228+00:00,2.2584884
2025-01-08 04:38:32.769486+00:00,2.258488
2025-01-08 04:38:44.861450+00:00,2.2584878
2025-01-08 04:39:25.818543+00:00,2.2584884
2025-01-08 04:44:04.847912+00:00,2.2584879
2025-01-08 04:44:16.820519+00:00,2.2584882
2025-01-08 04:44:30.665422+00:00,2.2584877
2025-01-08 04:44:42.113467+00:00,2.2584873
2025-01-08 04:45:07.236453+00:00,2.2584883
2025-01-08 04:45:32.829364+00:00,2.2584884
2025-01-08 04:45:58.777973+00:00,2.2584878
2025-01-08 04:46:10.802854+00:00,2.2584883
2025-01-08 04:46:23.422166+00:00,2.2584881
2025-01-08 04:46:35.956119+00:00,2.2584882
2025-01-08 04:47:02.050593+00:00,2.2584877
2025-01-08 04:47:51.982380+00:00,2.2584878
2025-01-08 04:48:04.621374+00:00,2.2584878
2025-01-08 04:48:30.213877+00:00,2.2584879
2025-01-08 04:48:42.435001+00:00,2.2584875
2025-01-08 04:49:08.576140+00:00,2.258488
2025-01-08 04:52:39.934489+00:00,2.2584882
2025-01-08 04:52:53.638009+00:00,2.2584882
2025-01-08 04:53:06.082325+00:00,2.2584876
2025-01-08 04:53:43.207744+00:00,2.2584884
2025-01-08 04:53:56.596198+00:00,2.2584884
2025-01-08 04:54:08.590859+00:00,2.258488
2025-01-08 04:54:34.361208+00:00,2.2584878
2025-01-08 04:54:59.111447+00:00,2.2584871
2025-01-08 04:55:13.846398+00:00,2.2584881
2025-01-08 04:55:25.952497+00:00,2.258488
2025-01-08 04:55:39.268758+00:00,2.2584884
2025-01-08 04:55:50.926973+00:00,2.2584876
2025-01-08 04:56:03.104356+00:00,2.2584874
2025-01-08 04:56:28.755047+00:00,2.258487
2025-01-08 04:56:41.668743+00:00,2.258488
2025-01-08 04:57:06.817958+00:00,2.2584876
2025-01-08 04:57:19.540058+00:00,2.258488
2025-01-08 04:57:32.262028+00:00,2.2584876
2025-01-08 04:57:44.588881+00:00,2.2584875
2025-01-08 04:57:57.400597+00:00,2.2584878
2025-01-08 04:58:10.583158+00:00,2.2584884
2025-01-08 04:58:22.507843+00:00,2.2584879
2025-01-08 05:02:08.425764+00:00,2.2584868
2025-01-08 05:02:21.708752+00:00,2.258488
2025-01-08 05:02:46.880143+00:00,2.2584881
2025-01-08 05:03:00.357412+00:00,2.2584882
2025-01-08 05:03:12.075855+00:00,2.2584878
2025-01-08 05:03:24.836215+00:00,2.258488
2025-01-08 05:03:37.491966+00:00,2.2584881
2025-01-08 05:03:49.966996+00:00,2.2584876
2025-01-08 05:04:16.451353+00:00,2.2584879
2025-01-08 05:04:53.267334+00:00,2.2584872
2025-01-08 05:05:44.963025+00:00,2.258488
2025-01-08 05:05:58.883575+00:00,2.2584883
2025-01-08 05:06:10.716723+00:00,2.2584877
2025-01-08 05:06:22.530652+00:00,2.2584881
2025-01-08 05:07:00.875668+00:00,2.2584879
2025-01-08 05:07:13.448527+00:00,2.2584884
2025-01-08 05:10:34.209459+00:00,2.258488
2025-01-08 05:11:38.283916+00:00,2.2584884
2025-01-08 05:11:50.370595+00:00,2.2584875
2025-01-08 05:12:03.379021+00:00,2.2584882
2025-01-08 05:13:32.373205+00:00,2.2584883
2025-01-08 05:14:10.671798+00:00,2.2584883
2025-01-08 05:14:50.846995+00:00,2.2584879
2025-01-08 05:15:01.928187+00:00,2.2584874
2025-01-08 05:15:52.022464+00:00,2.2584877
2025-01-08 05:16:18.317951+00:00,2.258488
2025-01-08 05:20:03.553075+00:00,2.2584882
2025-01-08 05:20:31.872196+00:00,2.2584876
2025-01-08 05:21:44.606766+00:00,2.2584878
2025-01-08 05:22:22.827188+00:00,2.2584881
2025-01-08 05:22:35.639047+00:00,2.258488
2025-01-08 05:22:49.453524+00:00,2.2584876
2025-01-08 05:23:29.563861+00:00,2.2584884
2025-01-08 05:24:04.927878+00:00,2.2584874
2025-01-08 05:24:42.405762+00:00,2.258488
2025-01-08 05:24:55.021336+00:00,2.2584882
2025-01-08 05:25:22.392012+00:00,2.2584881
2025-01-08 05:25:58.729457+00:00,2.2584882
2025-01-08 05:29:05.824703+00:00,2.2584881
2025-01-08 05:29:43.158494+00:00,2.2584879
2025-01-08 05:30:09.289926+00:00,2.2584883
2025-01-08 05:30:21.525200+00:00,2.2584883
2025-01-08 05:30:58.898245+00:00,2.2584877
2025-01-08 05:31:12.605540+00:00,2.258488
2025-01-08 05:31:38.195322+00:00,2.2584873
2025-01-08 05:31:49.875546+00:00,2.2584879
2025-01-08 05:32:40.526022+00:00,2.2584882
2025-01-08 05:32:54.804692+00:00,2.258488
2025-01-08 05:33:45.041889+00:00,2.2584884
2025-01-08 05:34:11.344447+00:00,2.2584881
2025-01-08 05:34:22.654260+00:00,2.2584883
2025-01-08 05:34:36.286495+00:00,2.2584881
2025-01-08 05:34:48.638102+00:00,2.2584871
2025-01-08 05:35:01.431190+00:00,2.2584877
2025-01-08 05:35:18.414021+00:00,2.258488
2025-01-08 05:35:26.626670+00:00,2.2584878
2025-01-08 05:38:21.263875+00:00,2.258488
2025-01-08 05:39:13.793971+00:00,2.2584875
2025-01-08 05:39:37.918997+00:00,2.258488
2025-01-08 05:39:52.192986+00:00,2.2584874
2025-01-08 05:40:03.413844+00:00,2.2584877
2025-01-08 05:40:16.104567+00:00,2.2584876
2025-01-08 05:40:28.691393+00:00,2.2584879
2025-01-08 05:40:43.705884+00:00,2.2584881
2025-01-08 05:40:54.048322+00:00,2.2584882
2025-01-08 05:41:07.374589+00:00,2.2584881
2025-01-08 05:41:20.049968+00:00,2.2584882
2025-01-08 05:41:32.798772+00:00,2.2584881
2025-01-08 05:41:46.885565+00:00,2.2584876
2025-01-08 05:41:58.762770+00:00,2.2584883
2025-01-08 05:42:12.345849+00:00,2.2584878
2025-01-08 05:42:36.431953+00:00,2.2584882
2025-01-08 05:42:50.281344+00:00,2.2584884
2025-01-08 05:43:01.022218+00:00,2.2584878
2025-01-08 05:43:14.095461+00:00,2.2584875
2025-01-08 05:43:51.651565+00:00,2.2584884
2025-01-08 05:44:04.509419+00:00,2.2584883
2025-01-08 05:44:18.204375+00:00,2.2584884
2025-01-08 05:47:39.229349+00:00,2.2584876
2025-01-08 05:47:51.767970+00:00,2.2584881
2025-01-08 05:48:04.480638+00:00,2.2584882
2025-01-08 05:48:15.402865+00:00,2.2584874
2025-01-08 05:48:27.683251+00:00,2.2584881
2025-01-08 05:48:52.816695+00:00,2.2584877
2025-01-08 05:49:06.164443+00:00,2.2584878
2025-01-08 05:49:18.837825+00:00,2.2584884
2025-01-08 05:49:30.923132+00:00,2.258488
2025-01-08 05:50:09.708288+00:00,2.258488
2025-01-08 05:50:23.078417+00:00,2.2584874
2025-01-08 05:50:35.211186+00:00,2.2584877
2025-01-08 05:50:48.490805+00:00,2.2584882
2025-01-08 05:51:12.960906+00:00,2.258488
2025-01-08 05:51:27.310151+00:00,2.2584874
2025-01-08 05:51:38.371028+00:00,2.2584884
2025-01-08 05:51:51.365128+00:00,2.2584883
2025-01-08 05:52:04.985532+00:00,2.258488
2025-01-08 05:52:16.442486+00:00,2.2584875
2025-01-08 05:52:29.549452+00:00,2.2584884
2025-01-08 05:52:54.723254+00:00,2.2584881
2025-01-08 05:53:07.744741+00:00,2.2584884
2025-01-08 05:56:38.750142+00:00,2.2584881
2025-01-08 05:56:49.675479+00:00,2.2584884
2025-01-08 05:57:16.907998+00:00,2.2584879
2025-01-08 05:57:28.989717+00:00,2.2584882
2025-01-08 05:57:40.439685+00:00,2.258488
2025-01-08 05:57:55.404708+00:00,2.2584883
2025-01-08 05:58:06.314420+00:00,2.2584878
2025-01-08 05:58:31.688718+00:00,2.2584881
2025-01-08 05:59:36.841089+00:00,2.2584882
2025-01-08 06:00:13.605193+00:00,2.2584879
2025-01-08 06:00:51.659410+00:00,2.2584872
2025-01-08 06:01:05.039264+00:00,2.2584878
2025-01-08 06:01:16.533634+00:00,2.2584872
2025-01-08 06:01:28.729750+00:00,2.2584881
2025-01-08 06:01:41.618543+00:00,2.2584879
2025-01-08 06:02:07.155907+00:00,2.2584883
2025-01-08 06:05:39.855579+00:00,2.2584884
2025-01-08 06:06:06.937395+00:00,2.2584881
2025-01-08 06:06:31.537528+00:00,2.2584878
2025-01-08 06:06:55.754500+00:00,2.2584874
2025-01-08 06:07:08.469331+00:00,2.2584882
2025-01-08 06:07:34.451305+00:00,2.2584882
2025-01-08 06:07:59.196542+00:00,2.2584879
2025-01-08 06:08:16.531529+00:00,2.2584874
2025-01-08 06:08:27.734325+00:00,2.2584876
2025-01-08 06:08:38.355776+00:00,2.2584884
2025-01-08 06:08:51.845586+00:00,2.2584878
2025-01-08 06:09:15.788782+00:00,2.2584883
2025-01-08 06:09:28.151544+00:00,2.2584884
2025-01-08 06:10:19.931545+00:00,2.258488
2025-01-08 06:10:32.515761+00:00,2.2584883
2025-01-08 06:10:46.883360+00:00,2.2584884
2025-01-08 06:10:57.320584+00:00,2.2584878
2025-01-08 06:11:10.721226+00:00,2.2584878
2025-01-08 06:11:22.209648+00:00,2.2584882
2025-01-08 06:11:36.691034+00:00,2.258488
2025-01-08 06:11:47.843215+00:00,2.2584883
2025-01-08 06:12:01.310914+00:00,2.2584882
2025-01-08 06:12:13.635935+00:00,2.2584878
2025-01-08 06:15:04.899684+00:00,2.258488
2025-01-08 06:15:18.691722+00:00,2.2584883
2025-01-08 06:15:30.933723+00:00,2.2584879
2025-01-08 06:15:43.422114+00:00,2.2584869
2025-01-08 06:15:56.103284+00:00,2.258488
2025-01-08 06:16:09.075467+00:00,2.2584883
2025-01-08 06:16:21.719361+00:00,2.2584872
2025-01-08 06:16:33.747157+00:00,2.2584878
2025-01-08 06:16:48.572655+00:00,2.258488
2025-01-08 06:17:00.906339+00:00,2.2584871
2025-01-08 06:17:12.281898+00:00,2.2584877
2025-01-08 06:17:25.191550+00:00,2.2584879
2025-01-08 06:17:37.270938+00:00,2.2584881
2025-01-08 06:17:50.206075+00:00,2.2584882
2025-01-08 06:18:02.977422+00:00,2.2584869
2025-01-08 06:18:15.768915+00:00,2.258488
2025-01-08 06:18:41.080727+00:00,2.2584882
2025-01-08 06:18:54.143755+00:00,2.2584882
2025-01-08 06:19:19.080751+00:00,2.2584879
2025-01-08 06:19:35.364731+00:00,2.2584879
2025-01-08 06:19:43.892463+00:00,2.2584876
2025-01-08 06:19:56.895720+00:00,2.2584884
2025-01-08 06:20:10.775035+00:00,2.2584878
2025-01-08 06:20:23.620413+00:00,2.2584882
2025-01-08 06:20:34.870481+00:00,2.2584878
2025-01-08 06:23:40.018830+00:00,2.2584883
2025-01-08 06:23:52.796785+00:00,2.258488
2025-01-08 06:24:06.571621+00:00,2.2584877
2025-01-08 06:24:19.045231+00:00,2.258488
2025-01-08 06:24:44.789628+00:00,2.2584876
2025-01-08 06:25:09.471672+00:00,2.258488
2025-01-08 06:25:22.342959+00:00,2.2584877
2025-01-08 06:25:59.925209+00:00,2.2584872
2025-01-08 06:26:13.014989+00:00,2.2584879
2025-01-08 06:27:03.993078+00:00,2.2584877
2025-01-08 06:27:16.625528+00:00,2.2584868
2025-01-08 06:27:29.457081+00:00,2.2584883
2025-01-08 06:27:54.986283+00:00,2.2584882
2025-01-08 06:28:08.541239+00:00,2.2584877
2025-01-08 06:28:21.325029+00:00,2.2584874
2025-01-08 06:28:34.663976+00:00,2.2584877
2025-01-08 06:28:58.216390+00:00,2.2584881
2025-01-08 06:29:11.696561+00:00,2.2584878
2025-01-08 06:29:23.987870+00:00,2.2584872
2025-01-08 06:29:37.343953+00:00,2.2584879
2025-01-08 06:29:50.264493+00:00,2.2584878
2025-01-08 06:33:07.876489+00:00,2.2584882
2025-01-08 06:33:20.912590+00:00,2.2584878
2025-01-08 06:33:33.384813+00:00,2.2584876
2025-01-08 06:33:46.918802+00:00,2.2584884
2025-01-08 06:34:11.547792+00:00,2.2584879
2025-01-08 06:34:38.911334+00:00,2.2584879
2025-01-08 06:34:51.434907+00:00,2.2584883
2025-01-08 06:35:05.583448+00:00,2.2584878
2025-01-08 06:35:16.428337+00:00,2.2584877
2025-01-08 06:35:40.272849+00:00,2.2584879
2025-01-08 06:35:53.946109+00:00,2.2584879
2025-01-08 06:36:18.719910+00:00,2.2584876
2025-01-08 06:36:44.570367+00:00,2.2584881
2025-01-08 06:36:57.392163+00:00,2.2584878
2025-01-08 06:37:34.884395+00:00,2.2584871
2025-01-08 06:37:47.807005+00:00,2.2584879
2025-01-08 06:38:25.400547+00:00,2.2584879
2025-01-08 06:39:15.861241+00:00,2.2584878
2025-01-08 06:43:15.920138+00:00,2.258488
2025-01-08 06:43:25.144009+00:00,2.2584884
2025-01-08 06:43:37.561870+00:00,2.2584884
2025-01-08 06:44:03.266421+00:00,2.2584883
2025-01-08 06:44:16.589800+00:00,2.2584877
2025-01-08 06:44:28.307368+00:00,2.2584877
2025-01-08 06:44:40.902335+00:00,2.2584873
2025-01-08 06:44:53.618214+00:00,2.2584877
2025-01-08 06:45:06.826044+00:00,2.2584874
2025-01-08 06:45:19.485206+00:00,2.2584874
2025-01-08 06:45:31.741443+00:00,2.2584879
2025-01-08 06:45:57.256409+00:00,2.2584883
2025-01-08 06:46:10.017210+00:00,2.2584879
2025-01-08 06:46:49.982096+00:00,2.2584877
2025-01-08 06:47:02.998757+00:00,2.2584882
2025-01-08 06:47:13.987017+00:00,2.2584881
2025-01-08 06:47:51.453252+00:00,2.2584877
2025-01-08 06:48:04.643320+00:00,2.2584884
2025-01-08 06:48:17.414205+00:00,2.2584877
2025-01-08 06:52:26.854400+00:00,2.2584881
2025-01-08 06:52:40.585831+00:00,2.2584881
2025-01-08 06:53:05.357372+00:00,2.2584878
2025-01-08 06:53:17.712135+00:00,2.2584882
2025-01-08 06:53:30.265759+00:00,2.258488
2025-01-08 06:53:43.832063+00:00,2.2584881
2025-01-08 06:53:55.884999+00:00,2.2584874
2025-01-08 06:54:22.209539+00:00,2.2584875
2025-01-08 06:54:33.804989+00:00,2.2584879
2025-01-08 06:54:59.111125+00:00,2.2584883
2025-01-08 06:55:17.483703+00:00,2.2584884
2025-01-08 06:55:27.216158+00:00,2.2584882
2025-01-08 06:55:48.225889+00:00,2.2584883
2025-01-08 06:56:28.226934+00:00,2.2584876
2025-01-08 06:56:40.891575+00:00,2.2584877
2025-01-08 06:56:53.723124+00:00,2.258488
2025-01-08 06:57:06.756104+00:00,2.258488
2025-01-08 06:57:19.522050+00:00,2.2584874
2025-01-08 06:57:56.874037+00:00,2.2584876
2025-01-08 07:01:28.099346+00:00,2.2584881
2025-01-08 07:01:40.543690+00:00,2.2584884
2025-01-08 07:02:06.719950+00:00,2.2584878
2025-01-08 07:02:20.240246+00:00,2.2584882
2025-01-08 07:02:56.764930+00:00,2.258488
2025-01-08 07:03:10.402954+00:00,2.2584877
2025-01-08 07:03:34.934789+00:00,2.2584878
2025-01-08 07:03:48.209028+00:00,2.2584873
2025-01-08 07:04:00.367922+00:00,2.2584878
2025-01-08 07:04:26.996844+00:00,2.2584881
2025-01-08 07:04:38.363258+00:00,2.2584884
2025-01-08 07:04:51.280504+00:00,2.258488
2025-01-08 07:05:05.344842+00:00,2.258488
2025-01-08 07:05:30.033322+00:00,2.2584881
2025-01-08 07:05:44.998489+00:00,2.2584883
2025-01-08 07:06:08.156165+00:00,2.2584873
2025-01-08 07:06:21.060885+00:00,2.2584874
2025-01-08 07:06:46.125770+00:00,2.2584876
2025-01-08 07:06:58.486799+00:00,2.2584882
2025-01-08 07:07:24.394746+00:00,2.258488
2025-01-08 07:10:29.590459+00:00,2.258488
2025-01-08 07:10:41.915451+00:00,2.2584884
2025-01-08 07:11:19.775265+00:00,2.2584875
2025-01-08 07:11:32.713899+00:00,2.2584876
2025-01-08 07:11:44.849979+00:00,2.2584881
2025-01-08 07:12:10.921716+00:00,2.2584881
2025-01-08 07:12:22.766714+00:00,2.2584873
2025-01-08 07:12:36.447214+00:00,2.2584875
2025-01-08 07:12:48.514394+00:00,2.2584876
2025-01-08 07:13:01.250939+00:00,2.2584884
2025-01-08 07:13:13.590634+00:00,2.2584873
2025-01-08 07:13:38.864384+00:00,2.2584878
2025-01-08 07:13:52.008443+00:00,2.2584875
2025-01-08 07:14:17.275952+00:00,2.2584884
2025-01-08 07:14:29.164159+00:00,2.2584884
2025-01-08 07:15:25.133972+00:00,2.2584878
2025-01-08 07:15:34.024680+00:00,2.258488
2025-01-08 07:15:48.088429+00:00,2.2584884
2025-01-08 07:15:57.626440+00:00,2.2584881
2025-01-08 07:16:10.294374+00:00,2.2584881
2025-01-08 07:16:22.710114+00:00,2.2584878
2025-01-08 07:16:35.623517+00:00,2.258488
2025-01-08 07:20:58.180532+00:00,2.2584882
2025-01-08 07:22:28.540596+00:00,2.2584881
2025-01-08 07:22:39.865652+00:00,2.2584874
2025-01-08 07:22:52.674372+00:00,2.2584881
2025-01-08 07:23:07.093705+00:00,2.258488
2025-01-08 07:23:31.437382+00:00,2.2584883
2025-01-08 07:23:55.575444+00:00,2.2584876
2025-01-08 07:24:08.722906+00:00,2.2584877
2025-01-08 07:24:21.056721+00:00,2.2584883
2025-01-08 07:25:12.213176+00:00,2.2584871
2025-01-08 07:25:24.878453+00:00,2.258488
2025-01-08 07:25:37.995943+00:00,2.2584879
2025-01-08 07:25:49.940785+00:00,2.2584875
2025-01-08 07:26:02.930206+00:00,2.2584883
2025-01-08 07:26:15.766186+00:00,2.2584883
2025-01-08 07:26:29.242686+00:00,2.2584879
2025-01-08 07:26:40.275501+00:00,2.2584879
2025-01-08 07:27:19.985645+00:00,2.2584884
2025-01-08 07:30:38.496508+00:00,2.2584875
2025-01-08 07:31:43.036766+00:00,2.2584879
2025-01-08 07:31:55.721723+00:00,2.2584878
2025-01-08 07:32:33.572234+00:00,2.2584877
2025-01-08 07:32:46.800386+00:00,2.2584883
2025-01-08 07:33:12.055723+00:00,2.2584877
2025-01-08 07:33:26.604124+00:00,2.2584878
2025-01-08 07:33:37.629242+00:00,2.2584883
2025-01-08 07:33:50.019426+00:00,2.2584877
2025-01-08 07:34:02.522652+00:00,2.2584877
2025-01-08 07:34:14.850646+00:00,2.2584878
2025-01-08 07:34:41.331918+00:00,2.2584882
2025-01-08 07:34:53.734275+00:00,2.2584881
2025-01-08 07:35:19.657997+00:00,2.2584882
2025-01-08 07:35:32.577692+00:00,2.258488
2025-01-08 07:36:10.277949+00:00,2.258488
2025-01-08 07:36:34.870489+00:00,2.2584881
2025-01-08 07:36:47.966764+00:00,2.2584877
2025-01-08 07:36:59.935157+00:00,2.2584879
2025-01-08 07:41:35.667740+00:00,2.2584877
2025-01-08 07:42:08.009422+00:00,2.258488
2025-01-08 07:43:17.541710+00:00,2.2584883
2025-01-08 07:43:29.896262+00:00,2.2584883
2025-01-08 07:44:35.535446+00:00,2.2584877
2025-01-08 07:44:46.249355+00:00,2.2584882
2025-01-08 07:45:14.432899+00:00,2.2584882
2025-01-08 07:45:24.970537+00:00,2.2584881
2025-01-08 07:45:37.490431+00:00,2.258488
2025-01-08 07:45:49.906957+00:00,2.2584882
2025-01-08 07:46:15.038998+00:00,2.2584875
2025-01-08 07:46:28.426361+00:00,2.2584881
2025-01-08 07:46:41.530355+00:00,2.2584878
2025-01-08 07:46:52.384695+00:00,2.2584881
2025-01-08 07:50:14.846887+00:00,2.2584879
2025-01-08 07:50:23.914686+00:00,2.258488
2025-01-08 07:50:38.341428+00:00,2.2584879
2025-01-08 07:50:49.308173+00:00,2.2584878
2025-01-08 07:51:04.146212+00:00,2.2584884
2025-01-08 07:51:14.959211+00:00,2.2584882
2025-01-08 07:51:27.525279+00:00,2.2584876
2025-01-08 07:51:42.218546+00:00,2.258488
2025-01-08 07:52:05.527986+00:00,2.2584881
2025-01-08 07:52:18.010852+00:00,2.2584873
2025-01-08 07:52:31.303134+00:00,2.2584875
2025-01-08 07:52:43.268245+00:00,2.2584878
2025-01-08 07:52:56.798143+00:00,2.2584879
2025-01-08 07:53:08.890443+00:00,2.2584881
2025-01-08 07:53:34.970341+00:00,2.2584881
2025-01-08 07:53:47.661518+00:00,2.2584883
2025-01-08 07:54:00.477208+00:00,2.2584877
2025-01-08 07:54:26.061690+00:00,2.2584874
2025-01-08 07:54:38.402751+00:00,2.2584875
2025-01-08 07:54:50.894639+00:00,2.2584876
2025-01-08 07:55:03.984981+00:00,2.2584882
2025-01-08 07:55:29.295778+00:00,2.2584883
2025-01-08 07:55:45.483288+00:00,2.2584872
2025-01-08 07:55:54.091956+00:00,2.2584879
2025-01-08 07:56:08.222304+00:00,2.2584879
2025-01-08 07:56:19.386180+00:00,2.2584876
2025-01-08 07:56:47.444495+00:00,2.2584884
2025-01-08 07:59:36.552331+00:00,2.258488
2025-01-08 08:00:28.544833+00:00,2.2584881
2025-01-08 08:00:42.241115+00:00,2.2584877
2025-01-08 08:01:33.915847+00:00,2.258488
2025-01-08 08:01:44.473953+00:00,2.2584873
2025-01-08 08:02:00.426984+00:00,2.2584879
2025-01-08 08:02:10.123762+00:00,2.2584883
2025-01-08 08:02:35.308881+00:00,2.2584877
2025-01-08 08:03:17.379756+00:00,2.2584883
2025-01-08 08:03:38.974871+00:00,2.258488
2025-01-08 08:03:51.676155+00:00,2.258488
2025-01-08 08:04:04.238131+00:00,2.2584881
2025-01-08 08:04:49.574761+00:00,2.258488
2025-01-08 08:05:07.656597+00:00,2.2584875
2025-01-08 08:05:22.201230+00:00,2.2584874
2025-01-08 08:05:33.145786+00:00,2.2584876
2025-01-08 08:05:58.154840+00:00,2.2584878
2025-01-08 08:09:15.333267+00:00,2.2584879
2025-01-08 08:09:27.758131+00:00,2.2584878
2025-01-08 08:09:54.285343+00:00,2.2584873
2025-01-08 08:10:06.876058+00:00,2.2584882
2025-01-08 08:10:19.508565+00:00,2.2584883
2025-01-08 08:10:32.270522+00:00,2.2584875
2025-01-08 08:10:44.404062+00:00,2.2584884
2025-01-08 08:11:17.433257+00:00,2.2584884
2025-01-08 08:11:22.189569+00:00,2.2584879
2025-01-08 08:13:04.086558+00:00,2.2584871
2025-01-08 08:13:17.752544+00:00,2.2584882
2025-01-08 08:13:29.411972+00:00,2.2584882
2025-01-08 08:14:08.659058+00:00,2.2584881
2025-01-08 08:14:33.787707+00:00,2.2584884
2025-01-08 08:14:46.596544+00:00,2.2584882
2025-01-08 08:14:58.637574+00:00,2.2584876
2025-01-08 08:15:25.255921+00:00,2.2584882
2025-01-08 08:15:49.601238+00:00,2.2584873
2025-01-08 08:16:01.936031+00:00,2.2584881
2025-01-08 08:19:20.476204+00:00,2.2584882
2025-01-08 08:19:33.428435+00:00,2.2584876
2025-01-08 08:19:46.040656+00:00,2.2584883
2025-01-08 08:20:11.533281+00:00,2.2584882
2025-01-08 08:20:23.910134+00:00,2.2584883
2025-01-08 08:20:49.998686+00:00,2.2584876
2025-01-08 08:21:15.236403+00:00,2.2584881
2025-01-08 08:21:27.090522+00:00,2.2584883
2025-01-08 08:21:52.632139+00:00,2.2584882
2025-01-08 08:22:43.993096+00:00,2.2584881
2025-01-08 08:23:10.161416+00:00,2.2584882
2025-01-08 08:23:34.587318+00:00,2.2584879
2025-01-08 08:24:12.878356+00:00,2.258488
2025-01-08 08:24:37.620586+00:00,2.2584881
2025-01-08 08:24:51.359577+00:00,2.2584875
2025-01-08 08:25:05.021920+00:00,2.2584877
2025-01-08 08:25:17.705967+00:00,2.2584878
2025-01-08 08:28:59.674714+00:00,2.2584881
2025-01-08 08:29:11.895166+00:00,2.2584877
2025-01-08 08:29:50.562730+00:00,2.2584867
2025-01-08 08:30:02.658504+00:00,2.2584878
2025-01-08 08:30:27.790717+00:00,2.258488
2025-01-08 08:30:48.331822+00:00,2.2584881
2025-01-08 08:30:53.071038+00:00,2.258488
2025-01-08 08:31:06.549340+00:00,2.2584878
2025-01-08 08:31:30.982831+00:00,2.2584878
2025-01-08 08:31:56.226493+00:00,2.2584884
2025-01-08 08:32:09.229577+00:00,2.2584884
2025-01-08 08:32:23.160659+00:00,2.2584881
2025-01-08 08:33:13.283720+00:00,2.2584872
2025-01-08 08:33:25.580187+00:00,2.2584882
2025-01-08 08:33:37.690797+00:00,2.2584878
2025-01-08 08:33:50.275454+00:00,2.2584873
2025-01-08 08:34:03.176414+00:00,2.258488
2025-01-08 08:34:17.830174+00:00,2.2584881
2025-01-08 08:34:28.102148+00:00,2.2584875
2025-01-08 08:39:03.415481+00:00,2.2584881
2025-01-08 08:39:15.295200+00:00,2.2584879
2025-01-08 08:39:41.513978+00:00,2.2584878
2025-01-08 08:39:53.120842+00:00,2.2584884
2025-01-08 08:40:05.958679+00:00,2.2584882
2025-01-08 08:40:18.997279+00:00,2.2584874
2025-01-08 08:40:32.499794+00:00,2.2584876
2025-01-08 08:40:57.094986+00:00,2.2584879
2025-01-08 08:41:22.255466+00:00,2.2584882
2025-01-08 08:41:49.248345+00:00,2.2584876
2025-01-08 08:42:02.700891+00:00,2.2584884
2025-01-08 08:42:14.684842+00:00,2.2584878
2025-01-08 08:42:26.108231+00:00,2.258488
2025-01-08 08:42:51.827341+00:00,2.2584879
2025-01-08 08:43:31.782506+00:00,2.2584884
2025-01-08 08:43:43.386886+00:00,2.2584882
2025-01-08 08:43:55.810926+00:00,2.2584881
2025-01-08 08:44:08.360888+00:00,2.2584882
2025-01-08 08:44:20.721271+00:00,2.2584877
2025-01-08 08:44:33.623553+00:00,2.2584875
2025-01-08 08:48:10.184814+00:00,2.2584883
2025-01-08 08:48:29.715748+00:00,2.2584883
2025-01-08 08:49:08.435147+00:00,2.2584869
2025-01-08 08:49:20.889133+00:00,2.2584881
2025-01-08 08:49:49.363577+00:00,2.2584882
2025-01-08 08:49:59.588708+00:00,2.2584878
2025-01-08 08:50:12.192862+00:00,2.2584879
2025-01-08 08:50:25.115537+00:00,2.2584884
2025-01-08 08:50:37.662273+00:00,2.2584874
2025-01-08 08:50:50.196857+00:00,2.2584883
2025-01-08 08:51:04.035720+00:00,2.2584875
2025-01-08 08:51:15.621231+00:00,2.2584876
2025-01-08 08:51:28.603532+00:00,2.2584873
2025-01-08 08:51:40.911717+00:00,2.258488
2025-01-08 08:52:19.471884+00:00,2.2584879
2025-01-08 08:52:44.987160+00:00,2.2584881
2025-01-08 08:52:57.276969+00:00,2.2584881
2025-01-08 08:53:10.477572+00:00,2.2584876
2025-01-08 08:53:22.974053+00:00,2.2584878
2025-01-08 08:53:35.190901+00:00,2.2584875
2025-01-08 08:53:47.977176+00:00,2.2584882
2025-01-08 08:54:00.921867+00:00,2.2584881
2025-01-08 08:54:13.684544+00:00,2.2584882
2025-01-08 08:57:32.539733+00:00,2.2584882
2025-01-08 08:57:57.373474+00:00,2.2584879
2025-01-08 08:58:22.991687+00:00,2.2584877
2025-01-08 08:58:35.886194+00:00,2.2584882
2025-01-08 08:58:49.723695+00:00,2.2584874
2025-01-08 08:59:01.503185+00:00,2.258488
2025-01-08 08:59:39.086511+00:00,2.2584877
2025-01-08 08:59:51.802270+00:00,2.2584879
2025-01-08 09:00:04.808857+00:00,2.2584883
2025-01-08 09:00:30.437982+00:00,2.2584878
2025-01-08 09:00:55.503914+00:00,2.2584879
2025-01-08 09:01:20.577852+00:00,2.2584883
2025-01-08 09:02:12.074957+00:00,2.258488
2025-01-08 09:02:36.858519+00:00,2.2584879
2025-01-08 09:02:49.915175+00:00,2.258488
2025-01-08 09:03:15.002107+00:00,2.2584881
2025-01-08 09:06:58.330033+00:00,2.2584882
2025-01-08 09:07:11.511390+00:00,2.2584877
2025-01-08 09:07:36.515885+00:00,2.2584879
2025-01-08 09:08:02.239914+00:00,2.2584881
2025-01-08 09:08:40.219335+00:00,2.2584882
2025-01-08 09:08:53.122371+00:00,2.2584871
2025-01-08 09:09:31.188134+00:00,2.2584884
2025-01-08 09:10:35.116347+00:00,2.2584878
2025-01-08 09:11:26.271297+00:00,2.2584881
2025-01-08 09:11:51.246246+00:00,2.2584879
2025-01-08 09:12:05.115768+00:00,2.2584884
2025-01-08 09:12:16.528548+00:00,2.2584881
2025-01-08 09:12:29.080531+00:00,2.2584883
2025-01-08 09:12:41.887990+00:00,2.2584883
2025-01-08 09:12:54.732923+00:00,2.2584874
2025-01-08 09:16:27.961594+00:00,2.2584883
2025-01-08 09:16:39.206417+00:00,2.2584878
2025-01-08 09:16:51.296679+00:00,2.2584877
2025-01-08 09:17:04.368099+00:00,2.2584884
2025-01-08 09:17:29.728228+00:00,2.2584878
2025-01-08 09:17:55.691402+00:00,2.2584882
2025-01-08 09:18:20.295416+00:00,2.2584874
2025-01-08 09:18:35.341191+00:00,2.2584875
2025-01-08 09:18:58.576639+00:00,2.2584875
2025-01-08 09:19:11.289882+00:00,2.258488
2025-01-08 09:19:49.256549+00:00,2.2584877
2025-01-08 09:20:01.911649+00:00,2.2584877
2025-01-08 09:20:16.965457+00:00,2.2584882
2025-01-08 09:20:40.661227+00:00,2.2584877
2025-01-08 09:21:06.438905+00:00,2.2584881
2025-01-08 09:21:19.067059+00:00,2.2584881
2025-01-08 09:21:31.988291+00:00,2.2584874
2025-01-08 09:21:44.049638+00:00,2.2584881
2025-01-08 09:22:22.373589+00:00,2.258488
2025-01-08 09:22:34.110094+00:00,2.2584884
2025-01-08 09:22:47.045092+00:00,2.2584876
2025-01-08 09:22:59.420667+00:00,2.2584876
2025-01-08 09:23:12.551921+00:00,2.2584877
2025-01-08 09:23:25.872363+00:00,2.2584881
2025-01-08 09:23:37.633526+00:00,2.2584884
2025-01-08 09:23:50.399312+00:00,2.2584879
2025-01-08 09:26:15.954554+00:00,2.2584879
2025-01-08 09:26:54.570354+00:00,2.2584883
2025-01-08 09:27:07.312839+00:00,2.2584875
2025-01-08 09:27:19.735254+00:00,2.2584883
2025-01-08 09:27:32.878885+00:00,2.2584883
2025-01-08 09:27:45.343818+00:00,2.2584882
2025-01-08 09:27:57.780903+00:00,2.2584876
2025-01-08 09:28:10.529220+00:00,2.2584879
2025-01-08 09:28:23.098800+00:00,2.258488
2025-01-08 09:28:36.223502+00:00,2.2584877
2025-01-08 09:29:02.058156+00:00,2.2584876
2025-01-08 09:29:33.815284+00:00,2.2584881
2025-01-08 09:29:51.664294+00:00,2.2584873
2025-01-08 09:30:05.090720+00:00,2.2584878
2025-01-08 09:30:17.365353+00:00,2.2584882
2025-01-08 09:30:33.024718+00:00,2.2584877
2025-01-08 09:30:43.409446+00:00,2.2584874
2025-01-08 09:30:55.664484+00:00,2.2584884
2025-01-08 09:31:08.909097+00:00,2.2584878
2025-01-08 09:31:20.487850+00:00,2.2584875
2025-01-08 09:31:33.119356+00:00,2.2584878
2025-01-08 09:31:46.262910+00:00,2.2584878
2025-01-08 09:32:11.411681+00:00,2.2584883
2025-01-08 09:35:41.677079+00:00,2.2584884
2025-01-08 09:35:56.645917+00:00,2.2584878
2025-01-08 09:36:08.108947+00:00,2.2584881
2025-01-08 09:36:20.761221+00:00,2.2584882
2025-01-08 09:36:33.282101+00:00,2.2584882
2025-01-08 09:36:51.587218+00:00,2.2584874
2025-01-08 09:36:58.711129+00:00,2.2584882
2025-01-08 09:37:24.196907+00:00,2.2584877
2025-01-08 09:37:37.071318+00:00,2.2584878
2025-01-08 09:38:15.364909+00:00,2.2584884
2025-01-08 09:38:41.707037+00:00,2.2584876
2025-01-08 09:39:08.492293+00:00,2.2584884
2025-01-08 09:40:10.415081+00:00,2.2584871
2025-01-08 09:40:48.131769+00:00,2.2584871
2025-01-08 09:41:26.079144+00:00,2.2584874
2025-01-08 09:41:38.472519+00:00,2.2584881
2025-01-08 09:41:51.013650+00:00,2.2584882
2025-01-08 09:42:16.726059+00:00,2.2584881
2025-01-08 09:42:29.755171+00:00,2.2584872
2025-01-08 09:45:36.043195+00:00,2.2584881
2025-01-08 09:46:00.617988+00:00,2.2584882
2025-01-08 09:46:14.059120+00:00,2.2584881
2025-01-08 09:46:25.665377+00:00,2.2584878
2025-01-08 09:46:38.464782+00:00,2.2584875
2025-01-08 09:46:51.077342+00:00,2.2584882
2025-01-08 09:47:04.998371+00:00,2.2584871
2025-01-08 09:47:16.594037+00:00,2.2584872
2025-01-08 09:47:41.951347+00:00,2.2584881
2025-01-08 09:47:54.828145+00:00,2.2584877
2025-01-08 09:48:19.889687+00:00,2.2584879
2025-01-08 09:48:32.616513+00:00,2.2584879
2025-01-08 09:48:45.531319+00:00,2.2584879
2025-01-08 09:48:58.619754+00:00,2.2584876
2025-01-08 09:49:11.408966+00:00,2.2584879
2025-01-08 09:50:02.378187+00:00,2.2584881
2025-01-08 09:50:15.193755+00:00,2.2584883
2025-01-08 09:50:29.352848+00:00,2.2584875
2025-01-08 09:50:53.379510+00:00,2.2584878
2025-01-08 09:51:05.738362+00:00,2.2584878
2025-01-08 09:51:20.142343+00:00,2.2584872
2025-01-08 09:51:33.206537+00:00,2.2584878
2025-01-08 09:51:43.566395+00:00,2.2584879
2025-01-08 09:52:09.196272+00:00,2.2584882
2025-01-08 09:52:22.325007+00:00,2.2584874
2025-01-08 09:55:40.021150+00:00,2.2584879
2025-01-08 09:56:18.819894+00:00,2.2584875
2025-01-08 09:56:31.068218+00:00,2.2584881
2025-01-08 09:56:43.477519+00:00,2.2584878
2025-01-08 09:56:56.336518+00:00,2.2584878
2025-01-08 09:57:21.846808+00:00,2.2584881
2025-01-08 09:57:35.760394+00:00,2.2584883
2025-01-08 09:58:00.552165+00:00,2.2584882
2025-01-08 09:58:26.139100+00:00,2.2584878
2025-01-08 09:58:38.542162+00:00,2.2584883
2025-01-08 09:59:17.561202+00:00,2.2584874
2025-01-08 09:59:55.187154+00:00,2.258488
2025-01-08 10:00:08.423914+00:00,2.2584881
2025-01-08 10:00:21.216703+00:00,2.2584882
2025-01-08 10:00:33.800022+00:00,2.2584872
2025-01-08 10:00:47.114575+00:00,2.2584879
2025-01-08 10:00:58.438051+00:00,2.2584879
2025-01-08 10:01:11.486025+00:00,2.2584877
2025-01-08 10:01:24.498120+00:00,2.258488
2025-01-08 10:01:49.314822+00:00,2.2584878
2025-01-08 10:02:04.047350+00:00,2.2584879
2025-01-08 10:02:14.985090+00:00,2.2584879
2025-01-08 10:05:47.367020+00:00,2.2584884
2025-01-08 10:06:24.875495+00:00,2.2584879
2025-01-08 10:06:40.580614+00:00,2.2584879
2025-01-08 10:06:50.557042+00:00,2.2584881
2025-01-08 10:07:08.505792+00:00,2.2584874
2025-01-08 10:08:08.427973+00:00,2.2584875
2025-01-08 10:08:19.647328+00:00,2.2584879
2025-01-08 10:09:11.241307+00:00,2.2584882
2025-01-08 10:10:28.072106+00:00,2.258488
2025-01-08 10:10:40.939034+00:00,2.2584879
2025-01-08 10:10:52.866769+00:00,2.2584875
2025-01-08 10:11:20.897386+00:00,2.2584883
2025-01-08 10:11:43.342846+00:00,2.2584881
2025-01-08 10:15:14.242657+00:00,2.2584879
2025-01-08 10:16:05.337797+00:00,2.2584878
2025-01-08 10:16:18.363206+00:00,2.2584876
2025-01-08 10:16:31.050031+00:00,2.2584878
2025-01-08 10:16:55.823094+00:00,2.2584877
2025-01-08 10:17:08.831724+00:00,2.2584878
2025-01-08 10:17:34.491294+00:00,2.2584876
2025-01-08 10:17:46.881023+00:00,2.2584881
2025-01-08 10:18:12.346705+00:00,2.2584878
2025-01-08 10:18:25.430913+00:00,2.258488
2025-01-08 10:18:41.355927+00:00,2.2584884
2025-01-08 10:19:19.862448+00:00,2.2584879
2025-01-08 10:19:29.195558+00:00,2.2584881
2025-01-08 10:19:42.504552+00:00,2.2584875
2025-01-08 10:19:55.316009+00:00,2.2584877
2025-01-08 10:20:20.417593+00:00,2.2584878
2025-01-08 10:20:32.644516+00:00,2.2584879
2025-01-08 10:20:47.573880+00:00,2.2584874
2025-01-08 10:20:57.691031+00:00,2.2584873
2025-01-08 10:21:23.330583+00:00,2.2584881
2025-01-08 10:21:36.632073+00:00,2.2584875
2025-01-08 10:21:49.635889+00:00,2.2584882
2025-01-08 10:22:14.854168+00:00,2.2584883
2025-01-08 10:24:01.946871+00:00,2.2584884
2025-01-08 10:25:07.259423+00:00,2.2584881
2025-01-08 10:25:18.917325+00:00,2.2584877
2025-01-08 10:25:43.663269+00:00,2.2584881
2025-01-08 10:26:34.546548+00:00,2.2584884
2025-01-08 10:26:59.678824+00:00,2.2584878
2025-01-08 10:27:12.977575+00:00,2.2584875
2025-01-08 10:27:25.099967+00:00,2.2584875
2025-01-08 10:27:37.995029+00:00,2.2584873
2025-01-08 10:27:50.763230+00:00,2.2584884
2025-01-08 10:28:03.881020+00:00,2.2584875
2025-01-08 10:28:30.963525+00:00,2.2584883
2025-01-08 10:28:41.621232+00:00,2.2584878
2025-01-08 10:28:54.293435+00:00,2.258488
2025-01-08 10:29:33.793192+00:00,2.2584879
2025-01-08 10:29:44.752069+00:00,2.2584878
2025-01-08 10:29:57.589987+00:00,2.2584872
2025-01-08 10:30:10.726513+00:00,2.2584869
2025-01-08 10:30:37.146816+00:00,2.2584879
2025-01-08 10:30:49.905115+00:00,2.2584882
2025-01-08 10:34:19.974134+00:00,2.258488
2025-01-08 10:34:33.201844+00:00,2.2584882
2025-01-08 10:34:46.598809+00:00,2.2584881
2025-01-08 10:34:58.206854+00:00,2.2584872
2025-01-08 10:35:11.623578+00:00,2.2584881
2025-01-08 10:35:24.331967+00:00,2.258488
2025-01-08 10:36:27.284570+00:00,2.2584884
2025-01-08 10:36:39.843688+00:00,2.2584875
2025-01-08 10:36:53.735746+00:00,2.2584881
2025-01-08 10:37:05.692878+00:00,2.2584879
2025-01-08 10:38:09.387949+00:00,2.258488
2025-01-08 10:38:23.728652+00:00,2.2584877
2025-01-08 10:39:25.706500+00:00,2.2584879
2025-01-08 10:39:38.041539+00:00,2.2584878
2025-01-08 10:39:50.666357+00:00,2.2584879
2025-01-08 10:40:08.414055+00:00,2.2584876
2025-01-08 10:40:16.308073+00:00,2.2584883
2025-01-08 10:40:54.157375+00:00,2.2584875
2025-01-08 10:44:50.265066+00:00,2.2584882
2025-01-08 10:45:16.307402+00:00,2.2584878
2025-01-08 10:45:28.726815+00:00,2.2584876
2025-01-08 10:45:53.909051+00:00,2.2584879
2025-01-08 10:46:32.249766+00:00,2.258488
2025-01-08 10:47:36.710705+00:00,2.258488
2025-01-08 10:50:09.002081+00:00,2.2584878
2025-01-08 10:57:04.235435+00:00,2.2584882
2025-01-08 10:57:16.275165+00:00,2.2584884
2025-01-08 11:00:40.215357+00:00,2.2584883
2025-01-08 11:01:31.197683+00:00,2.2584884
2025-01-08 11:01:44.095807+00:00,2.2584882
2025-01-08 11:05:14.579001+00:00,2.2584878
2025-01-08 11:05:42.457858+00:00,2.2584876
2025-01-08 11:06:33.239619+00:00,2.2584882
2025-01-08 11:06:56.056077+00:00,2.2584883
2025-01-08 11:07:09.053383+00:00,2.2584883
2025-01-08 11:07:34.493118+00:00,2.2584881
2025-01-08 11:07:59.997217+00:00,2.2584873
2025-01-08 11:08:25.663172+00:00,2.2584881
2025-01-08 11:08:38.737148+00:00,2.2584883
2025-01-08 11:09:04.125108+00:00,2.2584881
2025-01-08 11:09:29.949043+00:00,2.2584875
2025-01-08 11:09:54.722585+00:00,2.2584881
2025-01-08 11:10:32.949096+00:00,2.258488
2025-01-08 11:10:57.890946+00:00,2.2584882
2025-01-08 11:11:11.272872+00:00,2.2584878
2025-01-08 11:11:23.769380+00:00,2.2584884
2025-01-08 11:11:36.446334+00:00,2.2584882
2025-01-08 11:14:28.025222+00:00,2.2584881
2025-01-08 11:14:41.078585+00:00,2.258488
2025-01-08 11:14:53.746974+00:00,2.2584876
2025-01-08 11:15:32.542173+00:00,2.2584879
2025-01-08 11:16:22.949468+00:00,2.2584879
2025-01-08 11:17:15.256599+00:00,2.2584874
2025-01-08 11:17:26.890964+00:00,2.2584883
2025-01-08 11:18:18.518156+00:00,2.2584883
2025-01-08 11:18:56.750005+00:00,2.2584883
2025-01-08 11:19:34.142559+00:00,2.2584882
2025-01-08 11:20:13.348488+00:00,2.2584882
2025-01-08 11:20:38.286441+00:00,2.2584881
2025-01-08 11:21:04.002291+00:00,2.2584883
2025-01-08 11:25:24.835860+00:00,2.2584884
2025-01-08 11:28:23.463825+00:00,2.2584884
2025-01-08 11:33:48.820033+00:00,2.258488
2025-01-08 11:34:03.018468+00:00,2.2584878
2025-01-08 11:35:55.128527+00:00,2.2584884
2025-01-08 11:36:46.639027+00:00,2.2584884
2025-01-08 11:37:24.449046+00:00,2.2584878
2025-01-08 11:37:37.208594+00:00,2.2584873
2025-01-08 11:37:53.214107+00:00,2.2584881
2025-01-08 11:38:03.362961+00:00,2.2584882
2025-01-08 11:38:28.383527+00:00,2.2584884
2025-01-08 11:38:40.691830+00:00,2.2584879
2025-01-08 11:38:53.847053+00:00,2.2584882
2025-01-08 11:39:08.533937+00:00,2.2584882
2025-01-08 11:39:18.726144+00:00,2.2584883
2025-01-08 11:39:31.882185+00:00,2.2584871
2025-01-08 11:39:57.552582+00:00,2.2584876
2025-01-08 11:40:09.774849+00:00,2.2584883
2025-01-08 11:40:24.984156+00:00,2.2584881
2025-01-08 11:43:52.402454+00:00,2.2584883
2025-01-08 11:44:05.433704+00:00,2.2584879
2025-01-08 11:44:17.894680+00:00,2.2584878
2025-01-08 11:44:30.549218+00:00,2.2584875
2025-01-08 11:44:44.517539+00:00,2.2584872
2025-01-08 11:44:55.926362+00:00,2.2584878
2025-01-08 11:45:08.729305+00:00,2.2584874
2025-01-08 11:45:46.592122+00:00,2.2584883
2025-01-08 11:45:59.322682+00:00,2.2584876
2025-01-08 11:46:50.582126+00:00,2.2584882
2025-01-08 11:47:41.995702+00:00,2.2584879
2025-01-08 11:47:55.194244+00:00,2.2584882
2025-01-08 11:48:20.597145+00:00,2.2584879
2025-01-08 11:48:52.874556+00:00,2.2584875
2025-01-08 11:48:58.605114+00:00,2.2584883
2025-01-08 11:53:19.684671+00:00,2.2584881
2025-01-08 11:54:36.424376+00:00,2.2584884
2025-01-08 11:55:04.080288+00:00,2.2584876
2025-01-08 11:55:16.960659+00:00,2.2584878
2025-01-08 11:55:52.773141+00:00,2.258488
2025-01-08 11:56:31.634314+00:00,2.2584877
2025-01-08 11:56:56.840245+00:00,2.2584879
2025-01-08 11:57:09.779911+00:00,2.2584881
2025-01-08 11:57:35.669762+00:00,2.2584881
2025-01-08 11:59:04.544547+00:00,2.2584876
2025-01-08 12:07:38.885715+00:00,2.2584883
2025-01-08 12:12:14.906968+00:00,2.2584884
2025-01-08 12:12:50.913005+00:00,2.2584882
2025-01-08 12:15:37.815495+00:00,2.2584883
2025-01-08 12:16:02.421837+00:00,2.258488
2025-01-08 12:17:06.762086+00:00,2.2584883
2025-01-08 12:17:18.975831+00:00,2.2584877
2025-01-08 12:17:34.672156+00:00,2.2584873
2025-01-08 12:17:44.232215+00:00,2.2584878
2025-01-08 12:17:56.741232+00:00,2.2584879
2025-01-08 12:18:09.900799+00:00,2.2584877
2025-01-08 12:22:56.351220+00:00,2.2584881
2025-01-08 12:23:09.664457+00:00,2.2584883
2025-01-08 12:24:14.146746+00:00,2.2584881
2025-01-08 12:24:52.040399+00:00,2.2584872
2025-01-08 12:25:04.655947+00:00,2.2584883
2025-01-08 12:25:43.954036+00:00,2.2584882
2025-01-08 12:26:21.681044+00:00,2.2584884
2025-01-08 12:26:34.172263+00:00,2.2584883
2025-01-08 12:26:59.826539+00:00,2.258488
2025-01-08 12:27:24.796822+00:00,2.2584877
2025-01-08 12:27:37.692847+00:00,2.2584881
2025-01-08 12:27:50.609713+00:00,2.2584884
2025-01-08 12:31:07.866195+00:00,2.2584884
2025-01-08 12:31:33.693080+00:00,2.2584883
2025-01-08 12:34:19.671675+00:00,2.258488
2025-01-08 12:35:36.375871+00:00,2.258488
2025-01-08 12:36:15.301204+00:00,2.2584884
2025-01-08 12:41:01.324833+00:00,2.2584882
2025-01-08 12:41:14.184930+00:00,2.2584881
2025-01-08 12:45:04.771588+00:00,2.2584873
2025-01-08 12:45:55.663536+00:00,2.2584879
2025-01-08 12:50:29.716418+00:00,2.2584881
2025-01-08 12:50:42.462205+00:00,2.2584883
2025-01-08 12:50:54.872048+00:00,2.2584875
2025-01-08 12:51:22.906171+00:00,2.2584882
2025-01-08 12:51:34.102495+00:00,2.2584884
2025-01-08 12:52:11.879177+00:00,2.258488
2025-01-08 12:53:08.176271+00:00,2.258488
2025-01-08 12:53:54.356093+00:00,2.2584874
2025-01-08 12:54:47.322809+00:00,2.2584878
2025-01-08 12:55:10.588692+00:00,2.2584875
2025-01-08 12:55:23.334373+00:00,2.2584877
2025-01-08 12:55:50.350503+00:00,2.2584882
2025-01-08 12:56:01.508740+00:00,2.2584882
2025-01-08 12:56:13.647246+00:00,2.2584882
2025-01-08 12:56:51.961334+00:00,2.2584879
2025-01-08 12:57:06.975084+00:00,2.2584884
2025-01-08 12:59:56.899421+00:00,2.2584872
2025-01-08 13:00:22.716431+00:00,2.2584884
2025-01-08 13:00:48.023224+00:00,2.2584882
2025-01-08 13:01:00.850179+00:00,2.2584878
2025-01-08 13:01:13.591238+00:00,2.2584884
2025-01-08 13:01:51.629649+00:00,2.2584884
2025-01-08 13:02:10.565782+00:00,2.2584878
2025-01-08 13:02:29.873789+00:00,2.2584879
2025-01-08 13:03:08.407808+00:00,2.258488
2025-01-08 13:03:49.536076+00:00,2.2584876
2025-01-08 13:03:59.019383+00:00,2.2584878
2025-01-08 13:04:25.384274+00:00,2.2584876
2025-01-08 13:04:49.822428+00:00,2.2584884
2025-01-08 13:05:15.379106+00:00,2.258488
2025-01-08 13:05:53.366692+00:00,2.2584874
2025-01-08 13:10:28.178299+00:00,2.2584878
2025-01-08 13:10:53.852185+00:00,2.2584879
2025-01-08 13:12:10.067855+00:00,2.258488
2025-01-08 13:12:22.750154+00:00,2.2584881
2025-01-08 13:12:48.659757+00:00,2.2584883
2025-01-08 13:14:05.407233+00:00,2.2584881
2025-01-08 13:15:21.806845+00:00,2.2584883
2025-01-08 13:15:59.713634+00:00,2.2584881
2025-01-08 13:16:12.943306+00:00,2.2584883
2025-01-08 13:20:20.739644+00:00,2.2584883
2025-01-08 13:20:33.201505+00:00,2.2584878
2025-01-08 13:21:04.704163+00:00,2.2584879
2025-01-08 13:21:49.715534+00:00,2.2584881
2025-01-08 13:22:28.280246+00:00,2.2584876
2025-01-08 13:23:06.568211+00:00,2.2584874
2025-01-08 13:23:19.021063+00:00,2.2584879
2025-01-08 13:23:31.824785+00:00,2.2584875
2025-01-08 13:24:12.015047+00:00,2.2584882
2025-01-08 13:24:23.682999+00:00,2.258488
2025-01-08 13:24:36.284354+00:00,2.2584881
2025-01-08 13:24:48.603767+00:00,2.258488
2025-01-08 13:25:01.026640+00:00,2.2584873
2025-01-08 13:25:26.400844+00:00,2.2584872
2025-01-08 13:25:39.854965+00:00,2.2584875
2025-01-08 13:26:04.387843+00:00,2.2584884
2025-01-08 13:26:43.450978+00:00,2.2584883
2025-01-08 13:29:35.529211+00:00,2.2584876
2025-01-08 13:29:49.020953+00:00,2.2584882
2025-01-08 13:30:01.772182+00:00,2.2584882
2025-01-08 13:30:39.823462+00:00,2.258488
2025-01-08 13:30:52.208225+00:00,2.2584871
2025-01-08 13:31:44.312871+00:00,2.2584883
2025-01-08 13:31:56.498200+00:00,2.2584882
2025-01-08 13:32:09.909949+00:00,2.258488
2025-01-08 13:32:22.721011+00:00,2.258488
2025-01-08 13:33:12.744159+00:00,2.2584881
2025-01-08 13:33:25.503377+00:00,2.2584881
2025-01-08 13:33:38.460991+00:00,2.2584883
2025-01-08 13:34:30.554445+00:00,2.2584881
2025-01-08 13:34:43.060292+00:00,2.2584884
2025-01-08 13:34:55.354147+00:00,2.2584872
2025-01-08 13:35:08.347765+00:00,2.2584883
2025-01-08 13:35:20.665769+00:00,2.258488
2025-01-08 13:35:33.934777+00:00,2.2584881
2025-01-08 13:36:24.857138+00:00,2.2584879
2025-01-08 13:37:03.074444+00:00,2.2584882
2025-01-08 13:40:07.544508+00:00,2.258488
2025-01-08 13:40:20.236244+00:00,2.2584877
2025-01-08 13:40:33.358013+00:00,2.2584884
2025-01-08 13:40:58.019710+00:00,2.2584884
2025-01-08 13:41:37.806287+00:00,2.2584878
2025-01-08 13:41:49.047205+00:00,2.2584883
2025-01-08 13:42:14.385408+00:00,2.2584874
2025-01-08 13:42:53.968137+00:00,2.2584882
2025-01-08 13:43:19.015506+00:00,2.2584881
2025-01-08 13:43:44.687266+00:00,2.2584884
2025-01-08 13:45:06.954825+00:00,2.2584883
2025-01-08 13:45:14.080959+00:00,2.2584883
2025-01-08 13:46:30.614176+00:00,2.2584883
2025-01-08 13:46:42.548514+00:00,2.2584875
2025-01-08 13:50:13.372546+00:00,2.258488
2025-01-08 13:55:43.097821+00:00,2.2584884
2025-01-08 13:55:55.794215+00:00,2.258488
2025-01-08 14:00:30.240173+00:00,2.2584882
2025-01-08 14:00:55.048122+00:00,2.2584878
2025-01-08 14:01:51.323917+00:00,2.2584881
2025-01-08 14:03:03.036593+00:00,2.2584878
2025-01-08 14:03:15.985002+00:00,2.2584883
2025-01-08 14:03:41.129325+00:00,2.2584881
2025-01-08 14:04:34.859165+00:00,2.2584875
2025-01-08 14:04:44.939843+00:00,2.2584884
2025-01-08 14:04:57.595513+00:00,2.258488
2025-01-08 14:05:35.902628+00:00,2.2584881
2025-01-08 14:06:28.218450+00:00,2.2584873
2025-01-08 14:06:39.147130+00:00,2.2584876
2025-01-08 14:06:55.684036+00:00,2.2584871
2025-01-08 14:09:30.674409+00:00,2.2584882
2025-01-08 14:10:35.739514+00:00,2.2584882
2025-01-08 14:10:47.674818+00:00,2.2584882
2025-01-08 14:11:19.736476+00:00,2.2584881
2025-01-08 14:11:25.546437+00:00,2.2584879
2025-01-08 14:12:04.429314+00:00,2.2584879
2025-01-08 14:12:18.070309+00:00,2.2584884
2025-01-08 14:13:07.956595+00:00,2.2584876
2025-01-08 14:13:33.563379+00:00,2.2584876
2025-01-08 14:13:46.217800+00:00,2.258488
2025-01-08 14:13:59.178915+00:00,2.258488
2025-01-08 14:14:37.058669+00:00,2.2584874
2025-01-08 14:15:02.575112+00:00,2.2584873
2025-01-08 14:15:15.378799+00:00,2.2584877
2025-01-08 14:15:32.069030+00:00,2.2584883
2025-01-08 14:15:40.864761+00:00,2.2584876
2025-01-08 14:16:18.685370+00:00,2.2584878
2025-01-08 14:16:31.426212+00:00,2.2584882
2025-01-08 14:16:45.562911+00:00,2.2584878
2025-01-08 14:20:38.805805+00:00,2.2584882
2025-01-08 14:21:16.968226+00:00,2.2584882
2025-01-08 14:21:42.748183+00:00,2.2584884
2025-01-08 14:22:36.568739+00:00,2.2584884
2025-01-08 14:23:37.578463+00:00,2.2584876
2025-01-08 14:25:06.603782+00:00,2.258488
2025-01-08 14:32:13.012020+00:00,2.258488
2025-01-08 14:34:46.299440+00:00,2.2584883
2025-01-08 14:34:58.487197+00:00,2.2584882
2025-01-08 14:36:54.363869+00:00,2.2584879
2025-01-08 14:40:10.346468+00:00,2.2584882
2025-01-08 14:40:23.347977+00:00,2.2584876
2025-01-08 14:41:02.361029+00:00,2.2584878
2025-01-08 14:41:27.432848+00:00,2.2584881
2025-01-08 14:42:18.094935+00:00,2.2584884
2025-01-08 14:43:35.066648+00:00,2.258488
2025-01-08 14:44:13.375545+00:00,2.2584883
2025-01-08 14:44:40.613033+00:00,2.2584877
2025-01-08 14:45:04.278038+00:00,2.2584878
2025-01-08 14:45:16.927401+00:00,2.2584883
2025-01-08 14:45:31.120856+00:00,2.2584881
2025-01-08 14:45:54.610708+00:00,2.2584881
2025-01-08 14:46:07.543666+00:00,2.2584879
2025-01-08 14:46:20.148823+00:00,2.258488
2025-01-08 14:49:23.416515+00:00,2.2584883
2025-01-08 14:49:49.647722+00:00,2.2584878
2025-01-08 14:50:15.093035+00:00,2.258488
2025-01-08 14:50:29.747076+00:00,2.2584877
2025-01-08 14:51:06.209861+00:00,2.258488
2025-01-08 14:51:19.076412+00:00,2.2584879
2025-01-08 14:52:22.640810+00:00,2.2584881
2025-01-08 14:52:35.480029+00:00,2.2584881
2025-01-08 14:53:01.193995+00:00,2.2584878
2025-01-08 14:53:26.524991+00:00,2.2584882
2025-01-08 14:54:30.492822+00:00,2.2584883
2025-01-08 14:54:44.482760+00:00,2.2584877
2025-01-08 14:54:55.726489+00:00,2.2584877
2025-01-08 14:55:21.132992+00:00,2.2584883
2025-01-08 14:55:47.051974+00:00,2.2584878
2025-01-08 14:56:12.474866+00:00,2.2584883
2025-01-08 14:56:37.796725+00:00,2.2584874
2025-01-08 14:57:03.853321+00:00,2.2584884
2025-01-08 14:59:27.824226+00:00,2.2584883
2025-01-08 15:00:06.518042+00:00,2.258488
2025-01-08 15:00:31.978510+00:00,2.2584881
2025-01-08 15:00:57.023266+00:00,2.2584879
2025-01-08 15:01:34.936658+00:00,2.258488
2025-01-08 15:02:00.568696+00:00,2.2584882
2025-01-08 15:02:25.965516+00:00,2.2584883
2025-01-08 15:03:04.523253+00:00,2.2584883
2025-01-08 15:03:17.406187+00:00,2.258488
2025-01-08 15:03:55.467861+00:00,2.2584883
2025-01-08 15:04:08.571383+00:00,2.2584879
2025-01-08 15:04:21.017355+00:00,2.2584878
2025-01-08 15:05:00.520620+00:00,2.2584883
2025-01-08 15:05:12.499939+00:00,2.2584881
2025-01-08 15:05:25.412382+00:00,2.2584877
2025-01-08 15:05:37.785939+00:00,2.258488
2025-01-08 15:05:50.248385+00:00,2.2584883
2025-01-08 15:06:35.919515+00:00,2.2584884
2025-01-08 15:06:41.076390+00:00,2.2584882
2025-01-08 15:06:53.545907+00:00,2.2584883
2025-01-08 15:07:06.864663+00:00,2.2584884
2025-01-08 15:07:32.258223+00:00,2.2584884
2025-01-08 15:08:11.228851+00:00,2.2584884
2025-01-08 15:10:35.715102+00:00,2.2584884
2025-01-08 15:11:13.594723+00:00,2.2584883
2025-01-08 15:11:26.326360+00:00,2.2584881
2025-01-08 15:11:39.645373+00:00,2.2584879
2025-01-08 15:11:51.784155+00:00,2.2584874
2025-01-08 15:12:17.475656+00:00,2.2584876
2025-01-08 15:13:09.661519+00:00,2.2584879
2025-01-08 15:14:25.617120+00:00,2.2584874
2025-01-08 15:14:39.006203+00:00,2.2584882
2025-01-08 15:14:51.128209+00:00,2.2584879
2025-01-08 15:15:29.763343+00:00,2.2584878
2025-01-08 15:15:55.918907+00:00,2.2584881
2025-01-08 15:16:20.103753+00:00,2.258488
2025-01-08 15:16:45.785797+00:00,2.2584875
2025-01-08 15:16:58.298459+00:00,2.2584877
2025-01-08 15:17:11.640317+00:00,2.2584878
2025-01-08 15:17:23.783784+00:00,2.2584884
2025-01-08 15:17:49.290351+00:00,2.2584879
2025-01-08 15:18:02.337139+00:00,2.2584877
2025-01-08 15:21:18.805434+00:00,2.2584881
2025-01-08 15:21:32.146888+00:00,2.2584876
2025-01-08 15:21:57.106478+00:00,2.2584882
2025-01-08 15:22:22.314399+00:00,2.2584881
2025-01-08 15:22:48.238678+00:00,2.2584874
2025-01-08 15:23:13.906679+00:00,2.2584884
2025-01-08 15:23:26.423431+00:00,2.2584882
2025-01-08 15:24:29.877178+00:00,2.2584875
2025-01-08 15:24:42.439840+00:00,2.2584883
2025-01-08 15:24:55.392831+00:00,2.258488
2025-01-08 15:25:08.091836+00:00,2.258488
2025-01-08 15:25:21.049232+00:00,2.2584878
2025-01-08 15:26:11.908481+00:00,2.2584879
2025-01-08 15:26:24.248535+00:00,2.2584876
2025-01-08 15:26:38.135398+00:00,2.2584879
2025-01-08 15:27:02.433306+00:00,2.2584881
2025-01-08 15:27:15.122785+00:00,2.2584878
2025-01-08 15:27:40.669750+00:00,2.2584878
2025-01-08 15:31:22.124008+00:00,2.2584879
2025-01-08 15:32:00.421439+00:00,2.2584881
2025-01-08 15:32:12.733809+00:00,2.258488
2025-01-08 15:32:51.095517+00:00,2.2584878
2025-01-08 15:33:04.406651+00:00,2.258488
2025-01-08 15:33:19.670481+00:00,2.2584882
2025-01-08 15:33:29.979802+00:00,2.2584879
2025-01-08 15:33:58.003106+00:00,2.2584879
2025-01-08 15:35:49.793920+00:00,2.2584884
2025-01-08 15:36:40.283410+00:00,2.2584875
2025-01-08 15:36:52.999659+00:00,2.2584884
2025-01-08 15:41:00.790229+00:00,2.2584881
2025-01-08 15:41:51.530211+00:00,2.2584882
2025-01-08 15:42:29.625113+00:00,2.2584879
2025-01-08 15:43:34.228351+00:00,2.2584882
2025-01-08 15:45:04.834200+00:00,2.258488
2025-01-08 15:46:18.325493+00:00,2.2584884
2025-01-08 15:51:03.963371+00:00,2.2584884
2025-01-08 15:51:16.459280+00:00,2.2584883
2025-01-08 15:52:08.146067+00:00,2.2584883
2025-01-08 15:54:39.571734+00:00,2.2584875
2025-01-08 15:55:17.715087+00:00,2.2584884
2025-01-08 16:00:29.501280+00:00,2.2584881
2025-01-08 16:02:13.082804+00:00,2.2584879
2025-01-08 16:03:26.177836+00:00,2.2584873
2025-01-08 16:03:41.326535+00:00,2.2584881
2025-01-08 16:04:42.430705+00:00,2.258488
2025-01-08 16:04:56.708973+00:00,2.2584883
2025-01-08 16:09:03.275800+00:00,2.2584883
2025-01-08 16:09:27.511788+00:00,2.2584881
2025-01-08 16:09:53.652642+00:00,2.2584878
2025-01-08 16:10:18.851274+00:00,2.2584877
2025-01-08 16:10:31.451900+00:00,2.258488
2025-01-08 16:10:45.248014+00:00,2.2584883
2025-01-08 16:10:58.064824+00:00,2.2584884
2025-01-08 16:11:24.406763+00:00,2.2584879
2025-01-08 16:11:48.042769+00:00,2.2584876
2025-01-08 16:12:12.961951+00:00,2.2584879
2025-01-08 16:12:25.833519+00:00,2.2584881
2025-01-08 16:12:38.669186+00:00,2.2584877
2025-01-08 16:13:35.415078+00:00,2.2584882
2025-01-08 16:13:42.079232+00:00,2.258488
2025-01-08 16:14:21.156633+00:00,2.2584881
2025-01-08 16:15:36.431387+00:00,2.2584882
2025-01-08 16:16:02.344495+00:00,2.2584876
2025-01-08 16:18:52.819439+00:00,2.2584881
2025-01-08 16:19:18.709989+00:00,2.2584876
2025-01-08 16:19:56.442864+00:00,2.2584878
2025-01-08 16:20:21.994458+00:00,2.2584878
2025-01-08 16:20:41.085645+00:00,2.258488
2025-01-08 16:21:00.131325+00:00,2.2584879
2025-01-08 16:21:38.183315+00:00,2.2584876
2025-01-08 16:21:51.189263+00:00,2.2584883
2025-01-08 16:22:42.602879+00:00,2.2584879
2025-01-08 16:22:56.597214+00:00,2.2584877
2025-01-08 16:23:08.088051+00:00,2.2584877
2025-01-08 16:23:33.530465+00:00,2.2584881
2025-01-08 16:23:46.360851+00:00,2.2584884
2025-01-08 16:23:58.762960+00:00,2.2584873
2025-01-08 16:24:24.004398+00:00,2.2584884
2025-01-08 16:24:37.027579+00:00,2.258488
2025-01-08 16:25:02.699787+00:00,2.2584882
2025-01-08 16:27:13.843203+00:00,2.2584879
2025-01-08 16:27:26.954381+00:00,2.2584881
2025-01-08 16:27:41.115185+00:00,2.2584884
2025-01-08 16:27:52.679584+00:00,2.2584876
2025-01-08 16:28:18.627124+00:00,2.2584881
2025-01-08 16:28:30.888329+00:00,2.2584884
2025-01-08 16:29:09.152315+00:00,2.258488
2025-01-08 16:29:21.462645+00:00,2.2584884
2025-01-08 16:29:34.290103+00:00,2.2584881
2025-01-08 16:29:51.770129+00:00,2.2584883
2025-01-08 16:29:59.771693+00:00,2.2584876
2025-01-08 16:31:03.861238+00:00,2.2584881
2025-01-08 16:31:16.224216+00:00,2.2584883
2025-01-08 16:31:42.978796+00:00,2.258488
2025-01-08 16:32:33.660833+00:00,2.2584875
2025-01-08 16:32:59.059280+00:00,2.2584881
2025-01-08 16:33:11.280875+00:00,2.2584883
2025-01-08 16:33:23.388583+00:00,2.2584882
2025-01-08 16:33:36.195923+00:00,2.2584876
2025-01-08 16:34:01.821222+00:00,2.2584873
2025-01-08 16:34:14.133937+00:00,2.2584883
2025-01-08 16:34:40.091500+00:00,2.2584875
2025-01-08 16:37:55.389105+00:00,2.2584884
2025-01-08 16:40:03.047785+00:00,2.2584883
2025-01-08 16:41:45.303894+00:00,2.2584875
2025-01-08 16:42:11.243903+00:00,2.2584884
2025-01-08 16:42:36.053635+00:00,2.2584873
2025-01-08 16:42:48.978376+00:00,2.2584884
2025-01-08 16:43:14.659210+00:00,2.2584882
2025-01-08 16:46:55.170572+00:00,2.2584883
2025-01-08 16:47:07.632806+00:00,2.2584882
2025-01-08 16:47:33.447451+00:00,2.2584879
2025-01-08 16:48:36.961202+00:00,2.258488
2025-01-08 16:49:14.931819+00:00,2.2584882
2025-01-08 16:49:53.003379+00:00,2.2584879
2025-01-08 16:51:25.795221+00:00,2.2584883
2025-01-08 16:51:34.957643+00:00,2.2584874
2025-01-08 16:51:47.964176+00:00,2.2584883
2025-01-08 16:52:13.405353+00:00,2.2584883
2025-01-08 16:52:26.419197+00:00,2.2584878
2025-01-08 16:52:38.616632+00:00,2.2584881
2025-01-08 16:52:50.943967+00:00,2.2584874
2025-01-08 16:53:17.602792+00:00,2.2584884
2025-01-08 16:53:42.433428+00:00,2.258488
2025-01-08 16:56:07.087407+00:00,2.2584877
2025-01-08 16:56:18.724848+00:00,2.2584875
2025-01-08 16:56:44.033665+00:00,2.2584876
2025-01-08 16:57:09.507682+00:00,2.258488
2025-01-08 16:57:21.952930+00:00,2.2584879
2025-01-08 16:57:34.547415+00:00,2.2584876
2025-01-08 16:58:01.044512+00:00,2.2584876
2025-01-08 16:58:25.694688+00:00,2.2584873
2025-01-08 16:58:50.940564+00:00,2.2584883
2025-01-08 16:59:29.140702+00:00,2.2584883
2025-01-08 16:59:42.012847+00:00,2.2584876
2025-01-08 16:59:56.345147+00:00,2.2584879
2025-01-08 17:00:08.905779+00:00,2.2584872
2025-01-08 17:00:20.547497+00:00,2.2584882
2025-01-08 17:00:33.763810+00:00,2.2584877
2025-01-08 17:01:01.149186+00:00,2.2584875
2025-01-08 17:01:12.113248+00:00,2.2584881
2025-01-08 17:01:36.321469+00:00,2.2584875
2025-01-08 17:02:14.753267+00:00,2.2584883
2025-01-08 17:02:26.948693+00:00,2.2584883
2025-01-08 17:05:28.727149+00:00,2.2584878
2025-01-08 17:05:42.652497+00:00,2.258488
2025-01-08 17:06:07.434299+00:00,2.2584875
2025-01-08 17:06:58.011729+00:00,2.2584877
2025-01-08 17:07:24.123080+00:00,2.2584884
2025-01-08 17:08:40.436694+00:00,2.2584883
2025-01-08 17:09:56.880836+00:00,2.2584881
2025-01-08 17:11:50.986073+00:00,2.2584878
2025-01-08 17:12:06.939344+00:00,2.258488
2025-01-08 17:12:28.853338+00:00,2.2584881
2025-01-08 17:15:44.181211+00:00,2.2584876
2025-01-08 17:15:56.342955+00:00,2.2584877
2025-01-08 17:17:12.827231+00:00,2.2584881
2025-01-08 17:17:38.459878+00:00,2.2584877
2025-01-08 17:20:37.249906+00:00,2.2584883
2025-01-08 17:20:49.604964+00:00,2.258488
2025-01-08 17:21:02.338208+00:00,2.2584884
2025-01-08 17:21:27.880913+00:00,2.2584879
2025-01-08 17:21:52.738946+00:00,2.2584878
2025-01-08 17:22:05.903958+00:00,2.2584882
2025-01-08 17:22:56.779553+00:00,2.2584884
2025-01-08 17:25:11.208301+00:00,2.2584881
2025-01-08 17:25:20.636462+00:00,2.2584882
2025-01-08 17:25:34.325454+00:00,2.2584873
2025-01-08 17:25:58.921922+00:00,2.2584878
2025-01-08 17:26:11.631182+00:00,2.2584881
2025-01-08 17:26:49.732210+00:00,2.2584881
2025-01-08 17:27:02.976289+00:00,2.2584882
2025-01-08 17:28:06.525590+00:00,2.2584883
2025-01-08 17:28:20.542787+00:00,2.2584878
2025-01-08 17:28:32.265831+00:00,2.258488
2025-01-08 17:29:10.524166+00:00,2.2584883
2025-01-08 17:29:48.821425+00:00,2.2584877
2025-01-08 17:30:01.388341+00:00,2.2584878
2025-01-08 17:30:39.942947+00:00,2.2584884
2025-01-08 17:31:04.850006+00:00,2.2584882
2025-01-08 17:31:20.181026+00:00,2.2584882
2025-01-08 17:31:30.432074+00:00,2.2584875
2025-01-08 17:31:42.594833+00:00,2.2584879
2025-01-08 17:32:08.237980+00:00,2.2584875
2025-01-08 17:32:20.586762+00:00,2.2584874
2025-01-08 17:32:33.478303+00:00,2.2584877
2025-01-08 17:32:46.421221+00:00,2.2584881
2025-01-08 17:35:49.101172+00:00,2.2584872
2025-01-08 17:36:01.739856+00:00,2.2584878
2025-01-08 17:36:14.179125+00:00,2.2584874
2025-01-08 17:36:27.054565+00:00,2.2584884
2025-01-08 17:36:39.606976+00:00,2.2584882
2025-01-08 17:37:19.080816+00:00,2.2584875
2025-01-08 17:37:30.987894+00:00,2.2584879
2025-01-08 17:38:21.851829+00:00,2.2584882
2025-01-08 17:38:34.697752+00:00,2.2584881
2025-01-08 17:39:12.957394+00:00,2.2584875
2025-01-08 17:39:25.862741+00:00,2.2584883
2025-01-08 17:39:38.408481+00:00,2.2584884
2025-01-08 17:39:51.624255+00:00,2.2584877
2025-01-08 17:40:06.461113+00:00,2.2584878
2025-01-08 17:40:43.024652+00:00,2.2584873
2025-01-08 17:41:07.997543+00:00,2.2584876
2025-01-08 17:41:21.007535+00:00,2.2584878
2025-01-08 17:41:46.530694+00:00,2.2584878
2025-01-08 17:41:58.780365+00:00,2.2584878
2025-01-08 17:42:11.783067+00:00,2.2584884
2025-01-08 17:42:24.307378+00:00,2.2584875
2025-01-08 17:43:02.345380+00:00,2.2584884
2025-01-08 17:46:44.049963+00:00,2.258488
2025-01-08 17:46:57.620310+00:00,2.2584875
2025-01-08 17:47:21.223598+00:00,2.2584881
2025-01-08 17:47:34.595064+00:00,2.258488
2025-01-08 17:47:47.271457+00:00,2.2584872
2025-01-08 17:48:00.597944+00:00,2.258488
2025-01-08 17:48:12.416696+00:00,2.258488
2025-01-08 17:48:24.643456+00:00,2.2584884
2025-01-08 17:49:03.636012+00:00,2.2584881
2025-01-08 17:49:16.202516+00:00,2.2584881
2025-01-08 17:49:30.415867+00:00,2.2584879
2025-01-08 17:50:20.661086+00:00,2.2584882
2025-01-08 17:50:32.877421+00:00,2.2584877
2025-01-08 17:51:12.487635+00:00,2.258488
2025-01-08 17:51:23.155205+00:00,2.2584882
2025-01-08 17:51:35.941435+00:00,2.258488
2025-01-08 17:51:48.677669+00:00,2.2584876
2025-01-08 17:52:26.568542+00:00,2.2584883
2025-01-08 17:52:52.255142+00:00,2.2584883
2025-01-08 17:55:05.039087+00:00,2.2584881
2025-01-08 17:55:17.846628+00:00,2.2584879
2025-01-08 17:55:42.457652+00:00,2.2584882
2025-01-08 17:55:54.917742+00:00,2.2584883
2025-01-08 17:56:07.778005+00:00,2.2584877
2025-01-08 17:56:22.055807+00:00,2.2584878
2025-01-08 17:56:33.292782+00:00,2.2584883
2025-01-08 17:56:59.266536+00:00,2.2584878
2025-01-08 17:57:50.319768+00:00,2.258488
2025-01-08 17:58:42.416894+00:00,2.2584876
2025-01-08 17:58:54.396131+00:00,2.2584883
2025-01-08 17:59:35.660106+00:00,2.2584881
2025-01-08 17:59:45.444940+00:00,2.2584881
2025-01-08 17:59:58.090465+00:00,2.2584881
2025-01-08 18:00:23.505863+00:00,2.2584874
2025-01-08 18:01:01.569935+00:00,2.2584872
2025-01-08 18:01:52.720653+00:00,2.2584884
2025-01-08 18:02:06.859151+00:00,2.2584879
2025-01-08 18:04:41.302702+00:00,2.2584881
2025-01-08 18:05:07.039540+00:00,2.2584883
2025-01-08 18:05:32.369365+00:00,2.2584884
2025-01-08 18:05:48.522678+00:00,2.2584879
2025-01-08 18:05:57.923737+00:00,2.2584882
2025-01-08 18:06:22.580238+00:00,2.2584884
2025-01-08 18:06:35.380839+00:00,2.2584883
2025-01-08 18:07:26.423540+00:00,2.2584878
2025-01-08 18:07:52.798857+00:00,2.2584874
2025-01-08 18:08:05.464324+00:00,2.2584884
2025-01-08 18:08:42.813990+00:00,2.2584879
2025-01-08 18:08:57.521006+00:00,2.2584874
2025-01-08 18:09:34.352504+00:00,2.2584881
2025-01-08 18:09:47.721313+00:00,2.2584874
2025-01-08 18:09:59.821544+00:00,2.2584883
2025-01-08 18:10:12.889046+00:00,2.2584873
2025-01-08 18:10:25.135352+00:00,2.2584879
2025-01-08 18:10:50.791279+00:00,2.2584876
2025-01-08 18:11:11.576489+00:00,2.2584873
2025-01-08 18:11:16.267135+00:00,2.2584879
2025-01-08 18:11:41.262141+00:00,2.2584882
2025-01-08 18:11:54.016576+00:00,2.2584883
2025-01-08 18:12:09.247660+00:00,2.2584879
2025-01-08 18:12:45.176729+00:00,2.2584883
2025-01-08 18:12:57.656092+00:00,2.2584878
2025-01-08 18:14:42.658767+00:00,2.2584882
2025-01-08 18:14:55.757831+00:00,2.2584883
2025-01-08 18:15:09.912028+00:00,2.2584881
2025-01-08 18:15:47.406799+00:00,2.2584883
2025-01-08 18:15:59.592462+00:00,2.2584881
2025-01-08 18:16:12.877698+00:00,2.2584871
2025-01-08 18:16:50.674229+00:00,2.2584879
2025-01-08 18:17:03.701388+00:00,2.2584883
2025-01-08 18:17:16.714294+00:00,2.2584881
2025-01-08 18:17:54.720352+00:00,2.258488
2025-01-08 18:18:07.817861+00:00,2.2584879
2025-01-08 18:18:33.130168+00:00,2.2584878
2025-01-08 18:18:46.446202+00:00,2.2584879
2025-01-08 18:19:12.078867+00:00,2.2584879
2025-01-08 18:19:37.668512+00:00,2.2584876
2025-01-08 18:19:49.658371+00:00,2.258488
2025-01-08 18:20:03.118471+00:00,2.2584878
2025-01-08 18:20:45.775665+00:00,2.2584881
2025-01-08 18:20:53.834167+00:00,2.2584877
2025-01-08 18:21:18.665295+00:00,2.2584878
2025-01-08 18:21:56.502430+00:00,2.2584876
2025-01-08 18:22:22.538067+00:00,2.2584878
2025-01-08 18:22:49.023921+00:00,2.2584883
2025-01-08 18:22:59.573773+00:00,2.2584883
2025-01-08 18:25:48.945642+00:00,2.2584882
2025-01-08 18:26:43.653202+00:00,2.2584884
2025-01-08 18:26:52.433047+00:00,2.2584871
2025-01-08 18:27:05.375794+00:00,2.2584881
2025-01-08 18:27:31.064282+00:00,2.2584883
2025-01-08 18:27:44.272398+00:00,2.2584883
2025-01-08 18:29:13.731247+00:00,2.2584879
2025-01-08 18:29:38.808021+00:00,2.2584882
2025-01-08 18:30:04.984940+00:00,2.2584879
2025-01-08 18:30:54.943647+00:00,2.2584876
2025-01-08 18:31:20.169784+00:00,2.2584873
2025-01-08 18:31:34.458106+00:00,2.2584872
2025-01-08 18:31:45.741826+00:00,2.2584881
2025-01-08 18:31:58.024253+00:00,2.2584883
2025-01-08 18:32:12.085734+00:00,2.2584874
2025-01-08 18:32:36.678909+00:00,2.2584883
2025-01-08 18:32:49.052255+00:00,2.258488
2025-01-08 18:33:31.493712+00:00,2.2584882
2025-01-08 18:35:50.581452+00:00,2.258488
2025-01-08 18:36:03.497579+00:00,2.2584877
2025-01-08 18:36:41.296964+00:00,2.2584884
2025-01-08 18:37:06.878466+00:00,2.2584884
2025-01-08 18:37:19.479507+00:00,2.2584882
2025-01-08 18:37:48.215795+00:00,2.258488
2025-01-08 18:37:57.787822+00:00,2.2584877
2025-01-08 18:38:11.783277+00:00,2.2584877
2025-01-08 18:38:22.969638+00:00,2.2584878
2025-01-08 18:38:35.313116+00:00,2.2584876
2025-01-08 18:38:48.549077+00:00,2.2584875
2025-01-08 18:39:01.300890+00:00,2.2584881
2025-01-08 18:40:04.957044+00:00,2.2584881
2025-01-08 18:40:30.921352+00:00,2.2584878
2025-01-08 18:40:44.089853+00:00,2.2584876
2025-01-08 18:40:55.920564+00:00,2.2584876
2025-01-08 18:41:34.010264+00:00,2.2584881
2025-01-08 18:41:58.987371+00:00,2.258488
2025-01-08 18:42:12.335714+00:00,2.2584881
2025-01-08 18:42:26.153542+00:00,2.2584879
2025-01-08 18:42:49.634182+00:00,2.2584884
2025-01-08 18:43:15.408757+00:00,2.2584881
2025-01-08 18:45:01.564590+00:00,2.2584878
2025-01-08 18:45:39.708129+00:00,2.2584879
2025-01-08 18:45:53.120350+00:00,2.2584881
2025-01-08 18:46:04.675859+00:00,2.2584876
2025-01-08 18:46:29.570499+00:00,2.2584883
2025-01-08 18:47:33.605599+00:00,2.2584874
2025-01-08 18:47:47.729740+00:00,2.2584883
2025-01-08 18:47:58.871313+00:00,2.2584876
2025-01-08 18:48:11.766165+00:00,2.2584878
2025-01-08 18:48:36.897655+00:00,2.2584879
2025-01-08 18:48:51.258688+00:00,2.2584875
2025-01-08 18:49:04.675969+00:00,2.2584883
2025-01-08 18:49:14.870361+00:00,2.2584877
2025-01-08 18:49:32.438714+00:00,2.2584878
2025-01-08 18:49:41.201175+00:00,2.2584884
2025-01-08 18:50:08.768919+00:00,2.2584882
2025-01-08 18:50:19.680320+00:00,2.2584883
2025-01-08 18:50:32.318114+00:00,2.2584882
2025-01-08 18:50:57.844103+00:00,2.2584883
2025-01-08 18:51:10.864562+00:00,2.2584877
2025-01-08 18:51:23.282573+00:00,2.258488
2025-01-08 18:51:36.209871+00:00,2.2584879
2025-01-08 18:51:48.688734+00:00,2.2584879
2025-01-08 18:52:01.262368+00:00,2.2584876
2025-01-08 18:52:14.188509+00:00,2.2584881
2025-01-08 18:52:27.268091+00:00,2.2584881
2025-01-08 18:52:38.655054+00:00,2.2584876
2025-01-08 18:52:51.500266+00:00,2.2584879
2025-01-08 18:53:19.295952+00:00,2.2584875
2025-01-08 18:53:29.579180+00:00,2.2584879
2025-01-08 18:53:45.254584+00:00,2.2584881
2025-01-08 18:53:55.810804+00:00,2.2584883
2025-01-08 18:56:06.117928+00:00,2.2584876
2025-01-08 18:56:19.439289+00:00,2.2584878
2025-01-08 18:56:31.931268+00:00,2.2584877
2025-01-08 18:56:56.617287+00:00,2.2584874
2025-01-08 18:57:22.278972+00:00,2.258488
2025-01-08 18:57:34.384367+00:00,2.2584881
2025-01-08 18:57:59.357380+00:00,2.2584881
2025-01-08 18:58:24.960868+00:00,2.2584874
2025-01-08 18:58:39.346889+00:00,2.2584882
2025-01-08 18:59:03.137327+00:00,2.2584878
2025-01-08 18:59:16.227464+00:00,2.2584875
2025-01-08 18:59:31.703782+00:00,2.2584875
2025-01-08 18:59:41.746374+00:00,2.2584875
2025-01-08 18:59:54.419276+00:00,2.2584881
2025-01-08 19:00:06.887710+00:00,2.2584874
2025-01-08 19:00:19.587531+00:00,2.2584883
2025-01-08 19:00:32.268272+00:00,2.2584883
2025-01-08 19:00:49.332646+00:00,2.2584878
2025-01-08 19:01:23.625653+00:00,2.2584882
2025-01-08 19:01:39.178849+00:00,2.2584884
2025-01-08 19:01:49.427584+00:00,2.2584882
2025-01-08 19:02:14.095030+00:00,2.2584874
2025-01-08 19:02:26.625186+00:00,2.2584874
2025-01-08 19:02:38.983716+00:00,2.258488
2025-01-08 19:03:04.456833+00:00,2.2584879
2025-01-08 19:03:29.882362+00:00,2.2584875
2025-01-08 19:03:46.111357+00:00,2.2584879
2025-01-08 19:03:55.086253+00:00,2.2584879
2025-01-08 19:06:18.108214+00:00,2.2584881
2025-01-08 19:06:43.500992+00:00,2.2584884
2025-01-08 19:06:58.248754+00:00,2.2584883
2025-01-08 19:07:48.489102+00:00,2.2584881
2025-01-08 19:07:59.804233+00:00,2.2584876
2025-01-08 19:08:12.789441+00:00,2.2584883
2025-01-08 19:08:25.102664+00:00,2.2584884
2025-01-08 19:08:38.549714+00:00,2.2584884
2025-01-08 19:09:41.829346+00:00,2.2584884
2025-01-08 19:09:54.425700+00:00,2.258488
2025-01-08 19:10:32.745426+00:00,2.2584878
2025-01-08 19:10:57.940650+00:00,2.2584883
2025-01-08 19:11:49.943267+00:00,2.2584878
2025-01-08 19:12:27.129470+00:00,2.2584878
2025-01-08 19:12:53.653468+00:00,2.2584884
2025-01-08 19:13:18.404748+00:00,2.258488
2025-01-08 19:13:33.375258+00:00,2.2584883
2025-01-08 19:13:56.017691+00:00,2.258488
2025-01-08 19:14:09.098341+00:00,2.2584882
2025-01-08 19:16:57.733382+00:00,2.2584879
2025-01-08 19:17:10.040226+00:00,2.2584874
2025-01-08 19:17:35.070258+00:00,2.2584883
2025-01-08 19:18:13.755229+00:00,2.2584884
2025-01-08 19:18:51.578133+00:00,2.2584883
2025-01-08 19:19:17.227097+00:00,2.2584883
2025-01-08 19:19:29.722951+00:00,2.2584877
2025-01-08 19:19:43.250461+00:00,2.2584877
2025-01-08 19:19:55.193974+00:00,2.2584877
2025-01-08 19:20:08.011796+00:00,2.2584883
2025-01-08 19:21:11.685045+00:00,2.2584874
2025-01-08 19:22:15.466515+00:00,2.258488
2025-01-08 19:22:28.051010+00:00,2.2584883
2025-01-08 19:22:52.834638+00:00,2.258488
2025-01-08 19:23:18.903058+00:00,2.2584877
2025-01-08 19:23:31.362302+00:00,2.2584878
2025-01-08 19:23:43.351753+00:00,2.2584883
2025-01-08 19:23:56.035674+00:00,2.258488
2025-01-08 19:24:09.069576+00:00,2.2584883
2025-01-08 19:26:19.345215+00:00,2.2584879
2025-01-08 19:26:57.025509+00:00,2.2584878
2025-01-08 19:27:25.690585+00:00,2.2584879
2025-01-08 19:27:35.155233+00:00,2.2584874
2025-01-08 19:28:00.688499+00:00,2.2584881
2025-01-08 19:28:13.445817+00:00,2.258488
2025-01-08 19:28:38.782219+00:00,2.2584883
2025-01-08 19:29:17.964849+00:00,2.2584876
2025-01-08 19:29:29.230490+00:00,2.2584881
2025-01-08 19:29:41.715033+00:00,2.258488
2025-01-08 19:29:54.937362+00:00,2.2584883
2025-01-08 19:30:10.777747+00:00,2.2584878
2025-01-08 19:30:20.000443+00:00,2.2584874
2025-01-08 19:30:32.568737+00:00,2.2584884
2025-01-08 19:31:11.363570+00:00,2.2584876
2025-01-08 19:32:18.244068+00:00,2.2584884
2025-01-08 19:32:29.260514+00:00,2.2584883
2025-01-08 19:33:18.358306+00:00,2.258488
2025-01-08 19:33:30.808414+00:00,2.2584883
2025-01-08 19:34:34.753799+00:00,2.2584879
2025-01-08 19:34:46.986105+00:00,2.2584882
2025-01-08 19:37:48.477573+00:00,2.258488
2025-01-08 19:38:13.997140+00:00,2.2584882
2025-01-08 19:38:26.454861+00:00,2.2584877
2025-01-08 19:38:52.067801+00:00,2.2584882
2025-01-08 19:39:04.734142+00:00,2.2584883
2025-01-08 19:39:17.487402+00:00,2.2584883
2025-01-08 19:39:56.532194+00:00,2.2584884
2025-01-08 19:40:21.906980+00:00,2.2584879
2025-01-08 19:40:33.682169+00:00,2.2584882
2025-01-08 19:40:46.141065+00:00,2.258488
2025-01-08 19:40:59.150037+00:00,2.2584883
2025-01-08 19:41:12.247838+00:00,2.2584882
2025-01-08 19:41:37.212444+00:00,2.2584882
2025-01-08 19:42:14.639428+00:00,2.2584884
2025-01-08 19:43:07.485658+00:00,2.258488
2025-01-08 19:43:19.123521+00:00,2.2584884
2025-01-08 19:43:32.669356+00:00,2.2584876
2025-01-08 19:43:56.886559+00:00,2.2584882
2025-01-08 19:44:10.580457+00:00,2.2584876
2025-01-08 19:44:35.008945+00:00,2.2584884
2025-01-08 19:44:49.145089+00:00,2.2584879
2025-01-08 19:45:12.887285+00:00,2.258488
2025-01-08 19:47:22.022358+00:00,2.2584882
2025-01-08 19:48:27.590054+00:00,2.2584878
2025-01-08 19:48:51.497822+00:00,2.2584878
2025-01-08 19:49:04.448427+00:00,2.2584879
2025-01-08 19:49:29.513506+00:00,2.2584883
2025-01-08 19:50:20.699865+00:00,2.2584879
2025-01-08 19:50:33.780934+00:00,2.258488
2025-01-08 19:50:45.665187+00:00,2.258488
2025-01-08 19:50:58.672852+00:00,2.2584879
2025-01-08 19:51:11.901035+00:00,2.2584877
2025-01-08 19:51:25.253936+00:00,2.2584878
2025-01-08 19:52:14.502125+00:00,2.2584884
2025-01-08 19:52:52.841790+00:00,2.258488
2025-01-08 19:53:31.267589+00:00,2.2584881
2025-01-08 19:53:43.460427+00:00,2.2584876
2025-01-08 19:53:56.788205+00:00,2.2584881
2025-01-08 19:54:34.726202+00:00,2.2584871
2025-01-08 19:55:00.209469+00:00,2.2584881
2025-01-08 19:55:38.113719+00:00,2.2584879
2025-01-08 19:58:13.252983+00:00,2.2584883
2025-01-08 19:58:27.611150+00:00,2.2584883
2025-01-08 19:58:38.777466+00:00,2.2584876
2025-01-08 19:58:51.760008+00:00,2.258488
2025-01-08 19:59:03.855548+00:00,2.2584879
2025-01-08 19:59:17.046899+00:00,2.2584875
2025-01-08 19:59:29.492510+00:00,2.2584883
2025-01-08 20:00:08.207357+00:00,2.2584877
2025-01-08 20:00:46.816674+00:00,2.2584882
2025-01-08 20:00:58.037268+00:00,2.2584882
2025-01-08 20:01:10.757751+00:00,2.2584879
2025-01-08 20:01:48.872371+00:00,2.2584875
2025-01-08 20:02:02.056618+00:00,2.258488
2025-01-08 20:02:14.325582+00:00,2.2584883
2025-01-08 20:02:28.610195+00:00,2.2584877
2025-01-08 20:02:52.309845+00:00,2.2584884
2025-01-08 20:03:05.576691+00:00,2.2584877
2025-01-08 20:03:18.137164+00:00,2.2584877
2025-01-08 20:03:30.587135+00:00,2.2584878
2025-01-08 20:03:59.906680+00:00,2.2584883
2025-01-08 20:04:34.197228+00:00,2.2584884
2025-01-08 20:05:24.601863+00:00,2.2584884
2025-01-08 20:06:02.741281+00:00,2.2584884
2025-01-08 20:06:16.983165+00:00,2.2584881
2025-01-08 20:07:20.353672+00:00,2.2584884
2025-01-08 20:07:58.823564+00:00,2.2584879
2025-01-08 20:08:13.241019+00:00,2.2584882
2025-01-08 20:08:50.119475+00:00,2.2584883
2025-01-08 20:09:40.783282+00:00,2.258488
2025-01-08 20:09:55.383904+00:00,2.2584881
2025-01-08 20:10:45.429174+00:00,2.2584883
2025-01-08 20:11:48.600869+00:00,2.2584877
2025-01-08 20:12:01.172718+00:00,2.258488
2025-01-08 20:12:13.911339+00:00,2.2584878
2025-01-08 20:12:27.885556+00:00,2.2584881
2025-01-08 20:12:40.834487+00:00,2.2584884
2025-01-08 20:12:57.635722+00:00,2.258488
2025-01-08 20:13:04.676575+00:00,2.2584878
2025-01-08 20:13:42.375047+00:00,2.2584877
2025-01-08 20:14:07.764798+00:00,2.2584872
2025-01-08 20:14:20.216652+00:00,2.2584878
2025-01-08 20:14:33.766178+00:00,2.2584881
2025-01-08 20:15:11.111797+00:00,2.2584881
2025-01-08 20:15:24.283004+00:00,2.2584876
2025-01-08 20:16:01.727841+00:00,2.2584883
2025-01-08 20:19:16.064965+00:00,2.2584879
2025-01-08 20:19:40.775236+00:00,2.258488
2025-01-08 20:20:05.824585+00:00,2.2584878
2025-01-08 20:20:18.315179+00:00,2.2584878
2025-01-08 20:20:43.765653+00:00,2.2584878
2025-01-08 20:21:11.201570+00:00,2.2584878
2025-01-08 20:21:49.145440+00:00,2.2584874
2025-01-08 20:23:04.210935+00:00,2.2584883
2025-01-08 20:23:41.656702+00:00,2.2584884
2025-01-08 20:23:55.360387+00:00,2.2584881
2025-01-08 20:25:10.927680+00:00,2.2584876
2025-01-08 20:26:01.506511+00:00,2.2584875
2025-01-08 20:26:13.953499+00:00,2.2584882
2025-01-08 20:26:39.469547+00:00,2.2584882
2025-01-08 20:27:44.630861+00:00,2.2584875
2025-01-08 20:30:31.042075+00:00,2.2584878
2025-01-08 20:30:55.947918+00:00,2.2584884
2025-01-08 20:32:37.309135+00:00,2.2584879
2025-01-08 20:33:02.904600+00:00,2.258488
2025-01-08 20:33:27.992845+00:00,2.2584876
2025-01-08 20:33:40.656930+00:00,2.2584878
2025-01-08 20:34:19.340362+00:00,2.2584883
2025-01-08 20:34:32.844349+00:00,2.2584881
2025-01-08 20:35:41.001702+00:00,2.2584879
2025-01-08 20:35:49.135918+00:00,2.2584882
2025-01-08 20:36:26.619015+00:00,2.2584879
2025-01-08 20:36:38.663921+00:00,2.2584878
2025-01-08 20:37:03.996596+00:00,2.2584877
2025-01-08 20:37:17.743702+00:00,2.2584876
2025-01-08 20:37:29.240064+00:00,2.2584877
2025-01-08 20:37:41.483186+00:00,2.2584877
2025-01-08 20:37:54.079388+00:00,2.2584882
2025-01-08 20:39:38.421352+00:00,2.2584879
2025-01-08 20:40:03.978656+00:00,2.2584881
2025-01-08 20:40:16.324932+00:00,2.2584882
2025-01-08 20:40:28.980194+00:00,2.2584883
2025-01-08 20:41:19.727089+00:00,2.2584879
2025-01-08 20:41:45.457969+00:00,2.2584883
2025-01-08 20:41:57.933009+00:00,2.258488
2025-01-08 20:42:13.133419+00:00,2.2584874
2025-01-08 20:42:48.823513+00:00,2.2584881
2025-01-08 20:43:26.870635+00:00,2.2584884
2025-01-08 20:44:05.050727+00:00,2.2584882
2025-01-08 20:44:18.022398+00:00,2.258488
2025-01-08 20:44:42.986796+00:00,2.2584878
2025-01-08 20:45:22.084586+00:00,2.258488
2025-01-08 20:45:34.938209+00:00,2.258488
2025-01-08 20:45:46.900470+00:00,2.2584876
2025-01-08 20:45:59.252466+00:00,2.2584883
2025-01-08 20:46:37.212956+00:00,2.258488
2025-01-08 20:46:49.767179+00:00,2.2584878
2025-01-08 20:47:05.161019+00:00,2.2584878
2025-01-08 20:47:27.871545+00:00,2.2584875
2025-01-08 20:47:40.400882+00:00,2.2584883
2025-01-08 20:47:54.387424+00:00,2.2584875
2025-01-08 20:48:06.349021+00:00,2.2584879
2025-01-08 20:48:19.606642+00:00,2.2584877
2025-01-08 20:48:57.748488+00:00,2.2584883
2025-01-08 20:50:28.598305+00:00,2.2584875
2025-01-08 20:50:41.087021+00:00,2.2584882
2025-01-08 20:51:19.264013+00:00,2.2584883
2025-01-08 20:51:31.868918+00:00,2.2584884
2025-01-08 20:51:56.549981+00:00,2.2584884
2025-01-08 20:52:10.474813+00:00,2.2584884
2025-01-08 20:52:21.592264+00:00,2.2584878
2025-01-08 20:52:59.779959+00:00,2.2584882
2025-01-08 20:53:51.794478+00:00,2.2584882
2025-01-08 20:54:53.986924+00:00,2.2584884
2025-01-08 20:57:14.541580+00:00,2.258488
2025-01-08 21:00:54.322308+00:00,2.2584884
2025-01-08 21:01:18.385973+00:00,2.2584884
2025-01-08 21:01:38.165516+00:00,2.2584883
2025-01-08 21:01:43.063300+00:00,2.2584877
2025-01-08 21:03:24.125259+00:00,2.2584884
2025-01-08 21:06:21.753190+00:00,2.2584879
2025-01-08 21:06:35.414825+00:00,2.2584878
2025-01-08 21:07:24.893706+00:00,2.258488
2025-01-08 21:07:37.290546+00:00,2.2584877
2025-01-08 21:08:15.935062+00:00,2.2584873
2025-01-08 21:11:28.806240+00:00,2.2584883
2025-01-08 21:12:06.427996+00:00,2.2584877
2025-01-08 21:12:19.513527+00:00,2.2584884
2025-01-08 21:12:44.411349+00:00,2.2584878
2025-01-08 21:12:57.003041+00:00,2.2584882
2025-01-08 21:13:22.255239+00:00,2.2584878
2025-01-08 21:13:35.081734+00:00,2.2584877
2025-01-08 21:14:38.729548+00:00,2.2584876
2025-01-08 21:14:51.490148+00:00,2.2584883
2025-01-08 21:15:06.728310+00:00,2.2584876
2025-01-08 21:16:16.877853+00:00,2.2584882
2025-01-08 21:16:21.266653+00:00,2.2584881
2025-01-08 21:16:34.054170+00:00,2.2584876
2025-01-08 21:17:11.454519+00:00,2.2584879
2025-01-08 21:18:01.910884+00:00,2.2584881
2025-01-08 21:18:26.956128+00:00,2.2584883
2025-01-08 21:18:39.611358+00:00,2.2584878
2025-01-08 21:19:05.504899+00:00,2.2584881
2025-01-08 21:19:31.211960+00:00,2.2584882
2025-01-08 21:19:45.541684+00:00,2.2584884
2025-01-08 21:20:49.345344+00:00,2.2584879
2025-01-08 21:21:02.142514+00:00,2.258488
2025-01-08 21:21:14.597241+00:00,2.2584883
2025-01-08 21:21:27.586666+00:00,2.2584882
2025-01-08 21:21:40.129542+00:00,2.2584883
2025-01-08 21:21:52.766113+00:00,2.2584877
2025-01-08 21:22:07.043519+00:00,2.2584881
2025-01-08 21:22:18.416300+00:00,2.2584882
2025-01-08 21:22:55.810149+00:00,2.2584875
2025-01-08 21:23:08.845367+00:00,2.2584884
2025-01-08 21:23:34.270440+00:00,2.258488
2025-01-08 21:23:46.919297+00:00,2.2584881
2025-01-08 21:24:38.548354+00:00,2.2584884
2025-01-08 21:25:28.545132+00:00,2.2584881
2025-01-08 21:25:53.577384+00:00,2.258488
2025-01-08 21:26:20.655768+00:00,2.2584883
2025-01-08 21:26:32.764105+00:00,2.2584883
2025-01-08 21:26:44.928515+00:00,2.2584882
2025-01-08 21:26:57.616945+00:00,2.2584879
2025-01-08 21:27:10.209660+00:00,2.2584876
2025-01-08 21:27:22.841130+00:00,2.2584878
2025-01-08 21:28:13.772341+00:00,2.2584883
2025-01-08 21:28:27.590189+00:00,2.258487
2025-01-08 21:28:39.015394+00:00,2.2584879
2025-01-08 21:29:18.663000+00:00,2.2584877
2025-01-08 21:29:55.581308+00:00,2.258488
2025-01-08 21:32:55.074416+00:00,2.2584881
2025-01-08 21:33:19.686110+00:00,2.2584883
2025-01-08 21:34:36.015141+00:00,2.2584878
2025-01-08 21:35:01.507540+00:00,2.2584884
2025-01-08 21:35:52.080671+00:00,2.2584882
2025-01-08 21:38:49.759168+00:00,2.2584881
2025-01-08 21:42:03.038171+00:00,2.258488
2025-01-08 21:42:27.994383+00:00,2.258488
2025-01-08 21:42:54.496450+00:00,2.2584883
2025-01-08 21:43:31.474049+00:00,2.2584878
2025-01-08 21:43:43.839503+00:00,2.2584874
2025-01-08 21:44:09.512808+00:00,2.258488
2025-01-08 21:44:22.189678+00:00,2.2584884
2025-01-08 21:44:34.362542+00:00,2.2584881
2025-01-08 21:44:47.553529+00:00,2.2584883
2025-01-08 21:45:38.417276+00:00,2.2584878
2025-01-08 21:45:50.750863+00:00,2.2584878
2025-01-08 21:46:16.805899+00:00,2.2584884
2025-01-08 21:46:28.957416+00:00,2.2584878
2025-01-08 21:46:44.234742+00:00,2.2584879
2025-01-08 21:47:09.581519+00:00,2.2584884
2025-01-08 21:47:20.582947+00:00,2.2584881
2025-01-08 21:47:44.978991+00:00,2.2584879
2025-01-08 21:48:36.442054+00:00,2.2584873
2025-01-08 21:48:49.161425+00:00,2.2584882
2025-01-08 21:49:39.280131+00:00,2.2584878
2025-01-08 21:49:52.495520+00:00,2.258488
2025-01-08 21:50:05.666781+00:00,2.2584878
2025-01-08 21:51:38.808367+00:00,2.2584881
2025-01-08 21:52:01.577279+00:00,2.2584883
2025-01-08 21:52:14.302089+00:00,2.2584881
2025-01-08 21:52:40.274504+00:00,2.2584879
2025-01-08 21:52:52.508371+00:00,2.258488
2025-01-08 21:53:05.821423+00:00,2.2584876
2025-01-08 21:53:30.731745+00:00,2.2584883
2025-01-08 21:54:21.577350+00:00,2.2584884
2025-01-08 21:54:46.811958+00:00,2.2584875
2025-01-08 21:55:12.081720+00:00,2.2584875
2025-01-08 21:55:24.855032+00:00,2.2584878
2025-01-08 21:56:03.521455+00:00,2.258488
2025-01-08 21:56:16.380076+00:00,2.2584878
2025-01-08 21:56:28.178910+00:00,2.258488
2025-01-08 21:56:42.017560+00:00,2.2584875
2025-01-08 21:57:19.275078+00:00,2.2584878
2025-01-08 21:57:34.414227+00:00,2.2584883
2025-01-08 21:57:44.544515+00:00,2.258488
2025-01-08 21:58:35.276390+00:00,2.2584881
2025-01-08 21:58:48.554540+00:00,2.2584881
2025-01-08 22:00:04.058121+00:00,2.2584875
2025-01-08 22:01:47.358276+00:00,2.2584881
2025-01-08 22:02:12.943165+00:00,2.2584879
2025-01-08 22:03:18.987740+00:00,2.2584877
2025-01-08 22:03:28.744209+00:00,2.2584884
2025-01-08 22:03:41.695743+00:00,2.2584884
2025-01-08 22:04:07.735961+00:00,2.2584883
2025-01-08 22:04:59.710797+00:00,2.2584884
2025-01-08 22:06:26.191817+00:00,2.2584879
2025-01-08 22:06:43.502937+00:00,2.2584878
2025-01-08 22:07:17.618029+00:00,2.2584881
2025-01-08 22:07:42.576443+00:00,2.2584884
2025-01-08 22:08:58.045164+00:00,2.2584882
2025-01-08 22:13:02.306089+00:00,2.2584884
2025-01-08 22:14:07.046488+00:00,2.2584879
2025-01-08 22:14:18.437054+00:00,2.2584882
2025-01-08 22:14:31.855406+00:00,2.2584875
2025-01-08 22:14:56.269838+00:00,2.2584882
2025-01-08 22:16:38.535450+00:00,2.2584882
2025-01-08 22:18:19.820834+00:00,2.2584874
2025-01-08 22:18:57.510673+00:00,2.2584878
2025-01-08 22:19:10.757538+00:00,2.2584882
2025-01-08 22:19:23.533358+00:00,2.258488
2025-01-08 22:19:35.385434+00:00,2.2584878
2025-01-08 22:20:00.813266+00:00,2.2584884
2025-01-08 22:22:35.427457+00:00,2.2584883
2025-01-08 22:23:03.898199+00:00,2.2584881
2025-01-08 22:24:04.961290+00:00,2.2584884
2025-01-08 22:24:55.198742+00:00,2.2584881
2025-01-08 22:25:07.880870+00:00,2.2584876
2025-01-08 22:25:20.664526+00:00,2.2584879
2025-01-08 22:25:41.467825+00:00,2.2584877
2025-01-08 22:25:59.238744+00:00,2.2584876
2025-01-08 22:26:23.897167+00:00,2.258488
2025-01-08 22:26:49.575055+00:00,2.2584877
2025-01-08 22:27:02.809837+00:00,2.2584874
2025-01-08 22:28:07.299881+00:00,2.2584877
2025-01-08 22:28:18.802073+00:00,2.2584876
2025-01-08 22:29:10.274029+00:00,2.258488
2025-01-08 22:29:22.276537+00:00,2.2584884
2025-01-08 22:29:35.055679+00:00,2.2584879
2025-01-08 22:29:47.855722+00:00,2.2584883
2025-01-08 22:30:13.055760+00:00,2.2584882
2025-01-08 22:32:34.738387+00:00,2.2584884
2025-01-08 22:33:04.651731+00:00,2.2584881
2025-01-08 22:34:28.920635+00:00,2.2584883
2025-01-08 22:34:41.867179+00:00,2.2584882
2025-01-08 22:34:54.418582+00:00,2.2584881
2025-01-08 22:35:07.283115+00:00,2.2584878
2025-01-08 22:35:44.995067+00:00,2.2584882
2025-01-08 22:36:35.907123+00:00,2.2584883
2025-01-08 22:37:14.493373+00:00,2.258488
2025-01-08 22:38:05.010857+00:00,2.2584883
2025-01-08 22:38:18.170673+00:00,2.2584883
2025-01-08 22:38:42.851700+00:00,2.258488
2025-01-08 22:39:10.478275+00:00,2.2584883
2025-01-08 22:39:20.891225+00:00,2.2584879
2025-01-08 22:39:34.954704+00:00,2.2584876
2025-01-08 22:39:46.387438+00:00,2.258488
2025-01-08 22:42:59.187372+00:00,2.2584883
2025-01-08 22:43:24.697697+00:00,2.2584884
2025-01-08 22:43:51.310416+00:00,2.2584884
2025-01-08 22:44:15.435952+00:00,2.2584879
2025-01-08 22:44:28.125365+00:00,2.258488
2025-01-08 22:44:42.242590+00:00,2.2584881
2025-01-08 22:45:06.317004+00:00,2.2584876
2025-01-08 22:45:20.153170+00:00,2.2584883
2025-01-08 22:45:32.035932+00:00,2.2584879
2025-01-08 22:45:44.200220+00:00,2.2584881
2025-01-08 22:46:23.751191+00:00,2.2584883
2025-01-08 22:46:35.862929+00:00,2.2584884
2025-01-08 22:47:01.933221+00:00,2.2584883
2025-01-08 22:47:13.780033+00:00,2.2584883
2025-01-08 22:47:38.985388+00:00,2.2584877
2025-01-08 22:48:42.362450+00:00,2.2584883
2025-01-08 22:48:55.125388+00:00,2.2584882
2025-01-08 22:49:08.553677+00:00,2.2584879
2025-01-08 22:49:58.565224+00:00,2.2584884
2025-01-08 22:50:49.936931+00:00,2.2584884
2025-01-08 22:52:33.497698+00:00,2.258488
2025-01-08 22:52:46.259056+00:00,2.2584879
2025-01-08 22:52:58.869049+00:00,2.2584881
2025-01-08 22:53:11.838413+00:00,2.2584877
2025-01-08 22:53:24.702278+00:00,2.2584881
2025-01-08 22:53:37.471247+00:00,2.258488
2025-01-08 22:53:49.985691+00:00,2.2584875
2025-01-08 22:54:02.749064+00:00,2.2584876
2025-01-08 22:54:14.985984+00:00,2.258488
2025-01-08 22:54:28.503470+00:00,2.2584883
2025-01-08 22:54:40.409949+00:00,2.2584877
2025-01-08 22:54:53.098125+00:00,2.258488
2025-01-08 22:55:05.978042+00:00,2.2584871
2025-01-08 22:55:21.883316+00:00,2.2584878
2025-01-08 22:55:58.041888+00:00,2.2584874
2025-01-08 22:56:10.349939+00:00,2.2584877
2025-01-08 22:56:21.912957+00:00,2.2584882
2025-01-08 22:56:35.966398+00:00,2.2584883
2025-01-08 22:57:00.850711+00:00,2.258488
2025-01-08 22:57:26.079844+00:00,2.2584884
2025-01-08 22:57:39.374043+00:00,2.258487
2025-01-08 22:58:04.343792+00:00,2.2584882
2025-01-08 22:58:28.977682+00:00,2.2584881
2025-01-08 22:58:43.278577+00:00,2.2584881
2025-01-08 22:58:54.422283+00:00,2.2584876
2025-01-08 22:59:07.256248+00:00,2.2584879
2025-01-08 22:59:57.443707+00:00,2.2584882
2025-01-08 23:00:10.196208+00:00,2.258488
2025-01-08 23:00:35.993710+00:00,2.2584881
2025-01-08 23:01:01.744286+00:00,2.2584878
2025-01-08 23:01:44.260333+00:00,2.2584882
2025-01-08 23:02:19.007681+00:00,2.2584884
2025-01-08 23:03:11.053362+00:00,2.2584882
2025-01-08 23:03:36.072298+00:00,2.2584877
2025-01-08 23:03:48.886061+00:00,2.2584882
2025-01-08 23:04:01.883995+00:00,2.2584884
2025-01-08 23:04:26.856425+00:00,2.2584884
2025-01-08 23:04:39.847638+00:00,2.2584876
2025-01-08 23:04:53.558894+00:00,2.2584879
2025-01-08 23:05:05.270391+00:00,2.258488
2025-01-08 23:05:43.191580+00:00,2.2584882
2025-01-08 23:05:55.829844+00:00,2.2584877
2025-01-08 23:06:08.778215+00:00,2.2584884
2025-01-08 23:06:46.525546+00:00,2.2584879
2025-01-08 23:07:12.236461+00:00,2.2584875
2025-01-08 23:07:38.596540+00:00,2.2584879
2025-01-08 23:07:51.620852+00:00,2.2584884
2025-01-08 23:08:02.942345+00:00,2.2584879
2025-01-08 23:08:40.667599+00:00,2.2584878
2025-01-08 23:08:53.058090+00:00,2.2584884
2025-01-08 23:09:06.045981+00:00,2.258488
2025-01-08 23:09:56.395055+00:00,2.2584876
2025-01-08 23:10:47.208760+00:00,2.2584881
2025-01-08 23:12:56.203155+00:00,2.2584884
2025-01-08 23:14:02.508680+00:00,2.2584882
2025-01-08 23:15:32.343719+00:00,2.2584884
2025-01-08 23:16:07.300709+00:00,2.2584876
2025-01-08 23:16:58.483388+00:00,2.2584879
2025-01-08 23:17:35.989328+00:00,2.2584883
2025-01-08 23:18:14.386697+00:00,2.2584879
2025-01-08 23:18:26.806169+00:00,2.2584879
2025-01-08 23:18:39.455811+00:00,2.2584884
2025-01-08 23:20:08.652322+00:00,2.2584881
2025-01-08 23:20:33.018255+00:00,2.2584875
2025-01-08 23:23:33.279985+00:00,2.2584884
2025-01-08 23:23:47.315911+00:00,2.2584876
2025-01-08 23:23:58.402012+00:00,2.2584877
2025-01-08 23:25:02.350406+00:00,2.2584877
2025-01-08 23:25:28.251235+00:00,2.2584884
2025-01-08 23:25:52.836586+00:00,2.2584883
2025-01-08 23:26:05.961284+00:00,2.2584881
2025-01-08 23:26:43.541050+00:00,2.2584876
2025-01-08 23:27:21.974264+00:00,2.2584882
2025-01-08 23:27:35.099232+00:00,2.2584881
2025-01-08 23:28:00.404647+00:00,2.2584884
2025-01-08 23:29:03.698901+00:00,2.2584882
2025-01-08 23:29:16.364941+00:00,2.2584875
2025-01-08 23:29:54.052869+00:00,2.2584879
2025-01-08 23:30:07.238345+00:00,2.2584884
2025-01-08 23:30:19.804722+00:00,2.2584884
2025-01-08 23:30:33.356742+00:00,2.2584884
2025-01-08 23:30:45.260419+00:00,2.2584869
2025-01-08 23:30:58.562297+00:00,2.258488
2025-01-08 23:31:10.045688+00:00,2.2584884
2025-01-08 23:31:22.351297+00:00,2.2584884
2025-01-08 23:32:53.654475+00:00,2.2584883
2025-01-08 23:33:34.571127+00:00,2.2584884
2025-01-08 23:33:44.806927+00:00,2.2584873
2025-01-08 23:33:57.754970+00:00,2.2584881
2025-01-08 23:34:10.520248+00:00,2.2584879
2025-01-08 23:34:22.699963+00:00,2.2584876
2025-01-08 23:34:35.282459+00:00,2.2584874
2025-01-08 23:34:49.280038+00:00,2.2584881
2025-01-08 23:35:03.757839+00:00,2.2584876
2025-01-08 23:35:17.587627+00:00,2.2584877
2025-01-08 23:35:26.752793+00:00,2.2584882
2025-01-08 23:35:38.984247+00:00,2.2584878
2025-01-08 23:35:51.718915+00:00,2.2584878
2025-01-08 23:36:06.437940+00:00,2.2584884
2025-01-08 23:36:18.514820+00:00,2.2584876
2025-01-08 23:36:29.682574+00:00,2.2584881
2025-01-08 23:36:42.353568+00:00,2.2584871
2025-01-08 23:37:20.314585+00:00,2.2584878
2025-01-08 23:37:58.568239+00:00,2.2584876
2025-01-08 23:38:26.780561+00:00,2.258488
2025-01-08 23:38:36.571665+00:00,2.258487
2025-01-08 23:39:16.108421+00:00,2.2584883
2025-01-08 23:40:31.354029+00:00,2.2584883
2025-01-08 23:40:44.930668+00:00,2.2584883
2025-01-08 23:43:05.446573+00:00,2.2584882
2025-01-08 23:43:18.167896+00:00,2.2584874
2025-01-08 23:43:44.109756+00:00,2.2584878
2025-01-08 23:43:55.896960+00:00,2.2584883
2025-01-08 23:44:09.140562+00:00,2.2584878
2025-01-08 23:44:21.153905+00:00,2.2584881
2025-01-08 23:44:59.229501+00:00,2.258488
2025-01-08 23:45:12.481838+00:00,2.2584881
2025-01-08 23:45:24.841309+00:00,2.2584882
2025-01-08 23:45:49.727593+00:00,2.2584876
2025-01-08 23:46:17.138539+00:00,2.2584881
2025-01-08 23:46:27.935403+00:00,2.2584874
2025-01-08 23:46:40.407050+00:00,2.258488
2025-01-08 23:48:09.851632+00:00,2.2584884
2025-01-08 23:48:35.279146+00:00,2.2584884
2025-01-08 23:49:01.253542+00:00,2.2584881
2025-01-08 23:49:25.768329+00:00,2.2584877
2025-01-08 23:49:50.692337+00:00,2.2584881
2025-01-08 23:50:16.005110+00:00,2.2584878
2025-01-08 23:50:32.141560+00:00,2.2584877
2025-01-08 23:54:32.936951+00:00,2.2584876
2025-01-08 23:54:50.537455+00:00,2.2584879
2025-01-08 23:55:23.694068+00:00,2.2584883
2025-01-08 23:55:38.642963+00:00,2.2584882
2025-01-08 23:55:49.827333+00:00,2.2584881
2025-01-08 23:56:01.751228+00:00,2.2584884
2025-01-08 23:56:14.515899+00:00,2.258488
2025-01-08 23:57:56.435908+00:00,2.2584879
2025-01-08 23:59:00.286306+00:00,2.2584878
2025-01-08 23:59:12.891955+00:00,2.2584883
2025-01-08 23:59:29.074835+00:00,2.2584881
2025-01-08 23:59:50.617118+00:00,2.2584881
