time,counts_ratio
2025-08-06 07:44:09.342528+00:00,2.2584866
2025-08-06 07:45:51.294639+00:00,2.2584871
2025-08-06 07:46:42.296202+00:00,2.2584877
2025-08-06 07:48:25.636046+00:00,2.258488
2025-08-06 07:48:39.384853+00:00,2.2584874
2025-08-06 07:49:56.525923+00:00,2.2584876
2025-08-06 07:50:21.909711+00:00,2.2584873
2025-08-06 07:51:00.947784+00:00,2.2584871
2025-08-06 07:51:26.213484+00:00,2.2584869
2025-08-06 07:51:38.946046+00:00,2.2584878
2025-08-06 07:51:51.513279+00:00,2.2584882
2025-08-06 07:52:29.447739+00:00,2.2584883
2025-08-06 07:52:42.178949+00:00,2.2584864
2025-08-06 07:52:54.901085+00:00,2.2584873
2025-08-06 07:53:08.961347+00:00,2.2584867
2025-08-06 07:53:20.356509+00:00,2.258487
2025-08-06 07:53:33.641482+00:00,2.2584864
2025-08-06 07:53:47.190967+00:00,2.258487
2025-08-06 07:53:58.844895+00:00,2.2584865
2025-08-06 07:54:11.659598+00:00,2.2584866
2025-08-06 07:54:37.264372+00:00,2.2584883
2025-08-06 07:54:49.843059+00:00,2.2584873
2025-08-06 07:55:04.142362+00:00,2.2584876
2025-08-06 07:55:15.519076+00:00,2.2584869
2025-08-06 07:55:28.344354+00:00,2.2584878
2025-08-06 07:55:41.120671+00:00,2.2584884
2025-08-06 07:55:53.891680+00:00,2.2584858
2025-08-06 07:56:07.306486+00:00,2.258488
2025-08-06 07:56:19.829323+00:00,2.258488
2025-08-06 07:56:32.702096+00:00,2.258487
2025-08-06 07:56:45.743679+00:00,2.2584878
2025-08-06 07:56:58.441784+00:00,2.2584873
2025-08-06 07:57:11.614836+00:00,2.2584871
2025-08-06 07:57:25.442858+00:00,2.2584876
2025-08-06 07:57:36.476704+00:00,2.2584874
2025-08-06 07:57:49.255213+00:00,2.2584878
2025-08-06 07:58:02.023135+00:00,2.2584876
2025-08-06 07:58:14.579047+00:00,2.2584875
2025-08-06 07:58:28.447017+00:00,2.2584878
2025-08-06 07:58:40.238048+00:00,2.2584871
2025-08-06 07:58:53.263093+00:00,2.2584865
2025-08-06 07:59:06.412351+00:00,2.2584875
2025-08-06 07:59:19.145767+00:00,2.2584871
2025-08-06 07:59:33.412391+00:00,2.2584869
2025-08-06 07:59:45.768130+00:00,2.2584864
2025-08-06 07:59:58.077457+00:00,2.2584869
2025-08-06 08:00:11.093019+00:00,2.2584876
2025-08-06 08:00:24.999731+00:00,2.2584874
2025-08-06 08:00:37.624546+00:00,2.2584877
2025-08-06 08:00:49.985292+00:00,2.2584875
2025-08-06 08:01:03.482044+00:00,2.2584879
2025-08-06 08:01:15.857744+00:00,2.2584873
2025-08-06 08:01:28.583194+00:00,2.2584881
2025-08-06 08:01:41.458934+00:00,2.2584869
2025-08-06 08:01:54.581546+00:00,2.2584876
2025-08-06 08:02:07.688522+00:00,2.2584871
2025-08-06 08:02:20.249215+00:00,2.2584873
2025-08-06 08:02:33.197586+00:00,2.2584871
2025-08-06 08:02:45.955873+00:00,2.2584868
2025-08-06 08:02:58.449934+00:00,2.2584873
2025-08-06 08:03:10.879203+00:00,2.2584874
2025-08-06 08:03:23.692724+00:00,2.2584875
2025-08-06 08:03:36.593683+00:00,2.2584883
2025-08-06 08:03:49.509321+00:00,2.2584877
2025-08-06 08:04:02.327790+00:00,2.2584872
2025-08-06 08:04:16.865946+00:00,2.2584873
2025-08-06 08:04:27.853247+00:00,2.2584875
2025-08-06 08:04:41.393967+00:00,2.2584876
2025-08-06 08:04:53.590435+00:00,2.2584882
2025-08-06 08:05:06.974919+00:00,2.2584874
2025-08-06 08:05:19.286655+00:00,2.2584869
2025-08-06 08:05:33.013432+00:00,2.2584871
2025-08-06 08:05:46.077733+00:00,2.258487
2025-08-06 08:05:57.958263+00:00,2.2584877
2025-08-06 08:06:12.293250+00:00,2.2584873
2025-08-06 08:06:23.773849+00:00,2.2584871
2025-08-06 08:06:36.413676+00:00,2.2584867
2025-08-06 08:06:49.246167+00:00,2.2584873
2025-08-06 08:07:05.717802+00:00,2.2584875
2025-08-06 08:07:14.912278+00:00,2.2584876
2025-08-06 08:07:27.469240+00:00,2.2584867
2025-08-06 08:07:40.196488+00:00,2.2584881
2025-08-06 08:07:53.113563+00:00,2.258488
2025-08-06 08:08:05.955048+00:00,2.258488
2025-08-06 08:08:18.615756+00:00,2.2584871
2025-08-06 08:08:31.851632+00:00,2.2584879
2025-08-06 08:08:43.940544+00:00,2.2584877
2025-08-06 08:08:56.808232+00:00,2.2584878
2025-08-06 08:09:10.062004+00:00,2.2584877
2025-08-06 08:09:22.792545+00:00,2.2584876
2025-08-06 08:09:35.756377+00:00,2.2584874
2025-08-06 08:09:48.840939+00:00,2.2584882
2025-08-06 08:10:04.065405+00:00,2.2584879
2025-08-06 08:10:15.217894+00:00,2.2584876
2025-08-06 08:10:29.870894+00:00,2.2584876
2025-08-06 08:10:40.841236+00:00,2.258488
2025-08-06 08:10:53.724374+00:00,2.2584868
2025-08-06 08:11:06.702383+00:00,2.2584881
2025-08-06 08:11:19.803928+00:00,2.2584879
2025-08-06 08:11:32.457220+00:00,2.258487
2025-08-06 08:11:48.734311+00:00,2.2584875
2025-08-06 08:11:58.434660+00:00,2.2584879
2025-08-06 08:12:11.187764+00:00,2.2584878
2025-08-06 08:12:24.124305+00:00,2.2584876
2025-08-06 08:12:37.369377+00:00,2.2584874
2025-08-06 08:12:49.884257+00:00,2.2584873
2025-08-06 08:13:03.807732+00:00,2.2584878
2025-08-06 08:13:16.412212+00:00,2.2584875
2025-08-06 08:13:28.381032+00:00,2.2584879
2025-08-06 08:13:40.781236+00:00,2.2584876
2025-08-06 08:13:53.595949+00:00,2.2584875
2025-08-06 08:14:07.205908+00:00,2.2584869
2025-08-06 08:14:18.469442+00:00,2.2584876
2025-08-06 08:14:31.285006+00:00,2.2584882
2025-08-06 08:14:43.937640+00:00,2.2584872
2025-08-06 08:14:58.333789+00:00,2.2584874
2025-08-06 08:15:09.500437+00:00,2.2584873
2025-08-06 08:15:22.492183+00:00,2.2584874
2025-08-06 08:15:35.229215+00:00,2.2584879
2025-08-06 08:15:48.842596+00:00,2.2584873
2025-08-06 08:16:01.018045+00:00,2.258488
2025-08-06 08:16:13.825315+00:00,2.2584878
2025-08-06 08:16:26.959532+00:00,2.2584879
2025-08-06 08:16:39.532082+00:00,2.2584872
2025-08-06 08:16:52.532435+00:00,2.2584875
2025-08-06 08:17:05.042874+00:00,2.2584872
2025-08-06 08:17:17.798272+00:00,2.2584872
2025-08-06 08:17:30.817931+00:00,2.2584872
2025-08-06 08:17:43.815107+00:00,2.2584878
2025-08-06 08:17:56.114963+00:00,2.2584871
2025-08-06 08:18:08.958764+00:00,2.2584873
2025-08-06 08:18:21.694074+00:00,2.2584875
2025-08-06 08:18:34.562914+00:00,2.2584881
2025-08-06 08:18:47.357294+00:00,2.2584874
2025-08-06 08:19:00.314850+00:00,2.2584879
2025-08-06 08:19:13.296662+00:00,2.2584873
2025-08-06 08:19:25.997141+00:00,2.2584878
2025-08-06 08:19:39.086385+00:00,2.2584878
2025-08-06 08:19:52.568594+00:00,2.2584877
2025-08-06 08:20:05.459842+00:00,2.2584874
2025-08-06 08:20:18.246324+00:00,2.2584872
2025-08-06 08:20:32.879277+00:00,2.2584877
2025-08-06 08:20:44.906764+00:00,2.2584878
2025-08-06 08:20:57.035426+00:00,2.258487
2025-08-06 08:21:09.959413+00:00,2.2584878
2025-08-06 08:21:22.793171+00:00,2.2584873
2025-08-06 08:21:35.725640+00:00,2.2584878
2025-08-06 08:21:49.226450+00:00,2.2584878
2025-08-06 08:22:01.775669+00:00,2.2584872
2025-08-06 08:22:14.576287+00:00,2.2584869
2025-08-06 08:22:27.342417+00:00,2.2584877
2025-08-06 08:22:40.174638+00:00,2.2584881
2025-08-06 08:22:52.975491+00:00,2.258488
2025-08-06 08:23:06.666383+00:00,2.2584874
2025-08-06 08:23:19.222451+00:00,2.2584877
2025-08-06 08:23:31.691317+00:00,2.2584871
2025-08-06 08:23:44.626100+00:00,2.2584876
2025-08-06 08:23:56.464227+00:00,2.258488
2025-08-06 08:24:09.152107+00:00,2.2584874
2025-08-06 08:24:21.784175+00:00,2.2584877
2025-08-06 08:24:34.641148+00:00,2.2584877
2025-08-06 08:24:47.780543+00:00,2.2584872
2025-08-06 08:25:00.687876+00:00,2.2584869
2025-08-06 08:25:14.301544+00:00,2.2584871
2025-08-06 08:25:27.466954+00:00,2.2584879
2025-08-06 08:25:39.098362+00:00,2.2584878
2025-08-06 08:25:51.891486+00:00,2.2584873
2025-08-06 08:26:05.387577+00:00,2.2584877
2025-08-06 08:26:17.712820+00:00,2.258488
2025-08-06 08:26:31.138133+00:00,2.2584877
2025-08-06 08:26:44.037678+00:00,2.2584878
2025-08-06 08:26:56.633483+00:00,2.2584879
2025-08-06 08:27:10.128779+00:00,2.2584878
2025-08-06 08:27:22.260788+00:00,2.2584876
2025-08-06 08:27:34.951261+00:00,2.2584874
2025-08-06 08:27:47.910168+00:00,2.2584876
2025-08-06 08:28:00.748142+00:00,2.2584871
2025-08-06 08:28:13.694734+00:00,2.2584878
2025-08-06 08:28:26.510743+00:00,2.2584873
2025-08-06 08:28:39.663074+00:00,2.2584882
2025-08-06 08:28:52.003978+00:00,2.2584878
2025-08-06 08:29:04.906072+00:00,2.2584876
2025-08-06 08:29:17.910075+00:00,2.2584873
2025-08-06 08:29:31.342025+00:00,2.2584876
2025-08-06 08:29:43.079840+00:00,2.2584871
2025-08-06 08:29:56.194634+00:00,2.2584878
2025-08-06 08:30:09.080755+00:00,2.2584879
2025-08-06 08:30:22.018468+00:00,2.2584876
2025-08-06 08:30:35.126906+00:00,2.2584875
2025-08-06 08:30:48.002452+00:00,2.2584876
2025-08-06 08:31:01.365176+00:00,2.2584878
2025-08-06 08:31:14.338749+00:00,2.2584878
2025-08-06 08:31:26.809706+00:00,2.2584877
2025-08-06 08:31:40.304208+00:00,2.2584874
2025-08-06 08:31:52.703649+00:00,2.2584876
2025-08-06 08:32:05.556672+00:00,2.2584872
2025-08-06 08:32:18.425960+00:00,2.2584876
2025-08-06 08:32:31.339947+00:00,2.2584872
2025-08-06 08:32:44.465226+00:00,2.2584872
2025-08-06 08:32:57.064582+00:00,2.2584872
2025-08-06 08:33:09.894248+00:00,2.2584873
2025-08-06 08:33:22.658370+00:00,2.2584878
2025-08-06 08:33:35.483135+00:00,2.2584868
2025-08-06 08:33:51.492532+00:00,2.2584874
2025-08-06 08:34:01.752694+00:00,2.2584872
2025-08-06 08:34:14.447503+00:00,2.2584872
2025-08-06 08:34:26.165330+00:00,2.2584875
2025-08-06 08:34:39.022732+00:00,2.2584865
2025-08-06 08:34:52.106357+00:00,2.2584873
2025-08-06 08:35:04.706498+00:00,2.2584879
2025-08-06 08:35:18.124286+00:00,2.2584881
2025-08-06 08:35:30.542575+00:00,2.2584874
2025-08-06 08:35:43.136648+00:00,2.2584877
2025-08-06 08:35:55.848298+00:00,2.258488
2025-08-06 08:36:08.894145+00:00,2.2584876
2025-08-06 08:36:21.896868+00:00,2.2584875
2025-08-06 08:36:34.103789+00:00,2.2584869
2025-08-06 08:36:48.836752+00:00,2.2584875
2025-08-06 08:36:59.855099+00:00,2.2584877
2025-08-06 08:37:13.071282+00:00,2.258488
2025-08-06 08:37:25.526745+00:00,2.2584879
2025-08-06 08:37:38.210768+00:00,2.2584874
2025-08-06 08:37:50.830768+00:00,2.2584874
2025-08-06 08:38:04.654927+00:00,2.2584869
2025-08-06 08:38:16.868957+00:00,2.2584875
2025-08-06 08:38:29.234185+00:00,2.2584881
2025-08-06 08:38:42.018112+00:00,2.258488
2025-08-06 08:38:54.882777+00:00,2.2584872
2025-08-06 08:39:07.899818+00:00,2.2584883
2025-08-06 08:39:20.864988+00:00,2.2584878
2025-08-06 08:39:33.440702+00:00,2.2584877
2025-08-06 08:39:46.257289+00:00,2.2584876
2025-08-06 08:39:58.658275+00:00,2.2584876
2025-08-06 08:40:11.570951+00:00,2.2584865
2025-08-06 08:40:25.400533+00:00,2.2584876
2025-08-06 08:40:37.455393+00:00,2.2584874
2025-08-06 08:40:50.267105+00:00,2.2584871
2025-08-06 08:41:03.417558+00:00,2.2584876
2025-08-06 08:41:16.056207+00:00,2.2584872
2025-08-06 08:41:29.081477+00:00,2.2584869
2025-08-06 08:41:41.921401+00:00,2.2584874
2025-08-06 08:41:55.196259+00:00,2.2584875
2025-08-06 08:42:08.601686+00:00,2.2584875
2025-08-06 08:42:21.517058+00:00,2.2584872
2025-08-06 08:42:33.829747+00:00,2.258487
2025-08-06 08:42:46.736977+00:00,2.2584873
2025-08-06 08:42:59.535693+00:00,2.2584876
2025-08-06 08:43:12.460827+00:00,2.2584872
2025-08-06 08:43:25.779038+00:00,2.2584869
2025-08-06 08:43:38.190542+00:00,2.2584875
2025-08-06 08:43:50.801548+00:00,2.258488
2025-08-06 08:44:03.905961+00:00,2.2584877
2025-08-06 08:44:16.661666+00:00,2.2584872
2025-08-06 08:44:29.364481+00:00,2.2584873
2025-08-06 08:44:41.934367+00:00,2.258488
2025-08-06 08:44:54.876210+00:00,2.2584881
2025-08-06 08:45:07.157870+00:00,2.2584878
2025-08-06 08:45:20.398877+00:00,2.2584875
2025-08-06 08:45:32.736470+00:00,2.2584874
2025-08-06 08:45:46.491050+00:00,2.2584875
2025-08-06 08:45:58.173914+00:00,2.2584879
2025-08-06 08:46:11.249437+00:00,2.2584875
2025-08-06 08:46:25.477064+00:00,2.2584877
2025-08-06 08:46:37.044711+00:00,2.2584879
2025-08-06 08:46:49.489932+00:00,2.2584873
2025-08-06 08:47:02.598434+00:00,2.2584877
2025-08-06 08:47:14.846170+00:00,2.2584873
2025-08-06 08:47:28.545435+00:00,2.2584875
2025-08-06 08:47:40.440514+00:00,2.258488
2025-08-06 08:47:53.523344+00:00,2.2584875
2025-08-06 08:48:06.221289+00:00,2.2584873
2025-08-06 08:48:18.725529+00:00,2.2584879
2025-08-06 08:48:33.105803+00:00,2.2584872
2025-08-06 08:48:44.316901+00:00,2.2584873
2025-08-06 08:48:56.938157+00:00,2.2584879
2025-08-06 08:49:09.733423+00:00,2.2584872
2025-08-06 08:49:22.686281+00:00,2.2584875
2025-08-06 08:49:36.550781+00:00,2.2584879
2025-08-06 08:49:49.370834+00:00,2.2584874
2025-08-06 08:50:01.101498+00:00,2.2584878
2025-08-06 08:50:14.889138+00:00,2.2584874
2025-08-06 08:50:28.673521+00:00,2.2584879
2025-08-06 08:50:39.726731+00:00,2.2584874
2025-08-06 08:50:55.343996+00:00,2.2584873
2025-08-06 08:51:05.434324+00:00,2.2584872
2025-08-06 08:51:18.218702+00:00,2.2584867
2025-08-06 08:51:30.990896+00:00,2.2584874
2025-08-06 08:51:44.077879+00:00,2.2584876
2025-08-06 08:51:57.075268+00:00,2.2584876
2025-08-06 08:52:10.107859+00:00,2.2584871
2025-08-06 08:52:23.272006+00:00,2.2584877
2025-08-06 08:52:35.831777+00:00,2.2584876
2025-08-06 08:52:49.189101+00:00,2.2584875
2025-08-06 08:53:01.867906+00:00,2.258488
2025-08-06 08:53:14.941012+00:00,2.2584877
2025-08-06 08:53:27.501635+00:00,2.2584875
2025-08-06 08:53:40.358891+00:00,2.2584877
2025-08-06 08:53:54.507553+00:00,2.258487
2025-08-06 08:54:06.040092+00:00,2.2584873
2025-08-06 08:54:18.931080+00:00,2.2584874
2025-08-06 08:54:32.102363+00:00,2.2584874
2025-08-06 08:54:44.618728+00:00,2.2584877
2025-08-06 08:54:57.180462+00:00,2.2584878
2025-08-06 08:55:11.162180+00:00,2.2584875
2025-08-06 08:55:22.919804+00:00,2.2584876
2025-08-06 08:55:35.187349+00:00,2.2584879
2025-08-06 08:55:48.533204+00:00,2.2584871
2025-08-06 08:56:00.553973+00:00,2.2584873
2025-08-06 08:56:13.470142+00:00,2.2584877
2025-08-06 08:56:26.246549+00:00,2.2584877
2025-08-06 08:56:38.892517+00:00,2.2584876
2025-08-06 08:56:51.783836+00:00,2.2584881
2025-08-06 08:57:04.532793+00:00,2.2584873
2025-08-06 08:57:17.928554+00:00,2.2584881
2025-08-06 08:57:30.452509+00:00,2.2584879
2025-08-06 08:57:43.559651+00:00,2.2584878
2025-08-06 08:57:56.298242+00:00,2.2584871
2025-08-06 08:58:08.822684+00:00,2.2584876
2025-08-06 08:58:21.599945+00:00,2.2584875
2025-08-06 08:58:34.472770+00:00,2.2584878
2025-08-06 08:58:48.573408+00:00,2.2584874
2025-08-06 08:58:59.884702+00:00,2.2584874
2025-08-06 08:59:13.587279+00:00,2.258487
2025-08-06 08:59:25.565939+00:00,2.2584872
2025-08-06 08:59:38.784038+00:00,2.2584882
2025-08-06 08:59:51.964597+00:00,2.2584877
2025-08-06 09:00:03.996366+00:00,2.2584872
2025-08-06 09:00:17.153973+00:00,2.2584877
2025-08-06 09:00:29.754099+00:00,2.258487
2025-08-06 09:00:42.456238+00:00,2.2584878
2025-08-06 09:00:55.326045+00:00,2.2584872
2025-08-06 09:01:09.846900+00:00,2.2584873
2025-08-06 09:01:21.153024+00:00,2.2584876
2025-08-06 09:01:33.646922+00:00,2.2584877
2025-08-06 09:01:47.854044+00:00,2.258488
2025-08-06 09:01:59.480152+00:00,2.2584875
2025-08-06 09:02:12.134980+00:00,2.2584877
2025-08-06 09:02:25.795838+00:00,2.2584873
2025-08-06 09:02:38.594440+00:00,2.2584879
2025-08-06 09:02:51.384761+00:00,2.2584871
2025-08-06 09:03:04.726245+00:00,2.2584871
2025-08-06 09:03:17.466503+00:00,2.2584872
2025-08-06 09:03:30.165186+00:00,2.258487
2025-08-06 09:03:43.053191+00:00,2.2584875
2025-08-06 09:03:56.212349+00:00,2.2584876
2025-08-06 09:04:09.150659+00:00,2.2584875
2025-08-06 09:04:21.463436+00:00,2.258487
2025-08-06 09:04:34.296062+00:00,2.2584881
2025-08-06 09:04:47.946467+00:00,2.2584866
2025-08-06 09:04:59.977629+00:00,2.2584877
2025-08-06 09:05:14.118923+00:00,2.2584873
2025-08-06 09:05:26.163381+00:00,2.2584875
2025-08-06 09:05:38.831315+00:00,2.2584877
2025-08-06 09:05:51.883416+00:00,2.2584874
2025-08-06 09:06:04.521042+00:00,2.2584872
2025-08-06 09:06:18.425680+00:00,2.2584871
2025-08-06 09:06:29.688629+00:00,2.2584873
2025-08-06 09:06:42.359313+00:00,2.2584875
2025-08-06 09:06:54.875176+00:00,2.2584869
2025-08-06 09:07:09.535364+00:00,2.2584874
2025-08-06 09:07:21.477823+00:00,2.2584875
2025-08-06 09:07:33.349954+00:00,2.2584869
2025-08-06 09:07:46.350408+00:00,2.2584875
2025-08-06 09:08:01.883425+00:00,2.2584879
2025-08-06 09:08:11.816014+00:00,2.2584874
2025-08-06 09:08:25.322144+00:00,2.2584873
2025-08-06 09:08:38.393285+00:00,2.258488
2025-08-06 09:08:51.247646+00:00,2.2584876
2025-08-06 09:09:03.624334+00:00,2.2584881
2025-08-06 09:09:16.974969+00:00,2.2584878
2025-08-06 09:09:29.362725+00:00,2.2584874
2025-08-06 09:09:42.120030+00:00,2.2584875
2025-08-06 09:09:55.321573+00:00,2.2584879
2025-08-06 09:10:09.349360+00:00,2.2584875
2025-08-06 09:10:20.864794+00:00,2.2584872
2025-08-06 09:10:33.665965+00:00,2.2584871
2025-08-06 09:10:46.256091+00:00,2.2584879
2025-08-06 09:11:00.154788+00:00,2.2584871
2025-08-06 09:11:13.577978+00:00,2.258488
2025-08-06 09:11:24.880103+00:00,2.2584878
2025-08-06 09:11:37.582761+00:00,2.2584876
2025-08-06 09:11:50.358421+00:00,2.2584872
2025-08-06 09:12:06.301048+00:00,2.2584875
2025-08-06 09:12:16.108815+00:00,2.2584872
2025-08-06 09:12:29.144367+00:00,2.2584876
2025-08-06 09:12:42.060221+00:00,2.2584872
2025-08-06 09:12:55.194081+00:00,2.2584875
2025-08-06 09:13:08.159001+00:00,2.2584876
2025-08-06 09:13:21.089798+00:00,2.2584874
2025-08-06 09:13:34.896751+00:00,2.2584871
2025-08-06 09:13:47.161075+00:00,2.2584874
2025-08-06 09:13:59.898534+00:00,2.2584875
2025-08-06 09:14:12.690965+00:00,2.2584877
2025-08-06 09:14:25.661854+00:00,2.2584879
2025-08-06 09:14:38.883993+00:00,2.2584871
2025-08-06 09:14:51.424960+00:00,2.2584873
2025-08-06 09:15:04.397491+00:00,2.2584879
2025-08-06 09:15:17.349050+00:00,2.2584874
2025-08-06 09:15:30.104252+00:00,2.2584877
2025-08-06 09:15:42.895868+00:00,2.258487
2025-08-06 09:15:55.672040+00:00,2.2584869
2025-08-06 09:16:08.567898+00:00,2.2584878
2025-08-06 09:16:21.058148+00:00,2.258487
2025-08-06 09:16:34.360424+00:00,2.2584878
2025-08-06 09:16:46.464664+00:00,2.2584877
2025-08-06 09:16:59.419594+00:00,2.2584882
2025-08-06 09:17:12.137008+00:00,2.2584872
2025-08-06 09:17:24.960992+00:00,2.258487
2025-08-06 09:17:40.003048+00:00,2.2584869
2025-08-06 09:17:50.815261+00:00,2.2584872
2025-08-06 09:18:03.777894+00:00,2.2584871
2025-08-06 09:18:16.520076+00:00,2.2584876
2025-08-06 09:18:29.795689+00:00,2.2584877
2025-08-06 09:18:42.425326+00:00,2.2584878
2025-08-06 09:18:55.306189+00:00,2.2584875
2025-08-06 09:19:08.027854+00:00,2.2584873
2025-08-06 09:19:20.993222+00:00,2.2584872
2025-08-06 09:19:34.167433+00:00,2.2584872
2025-08-06 09:19:46.360845+00:00,2.2584877
2025-08-06 09:19:59.056198+00:00,2.2584875
2025-08-06 09:20:13.040559+00:00,2.2584873
2025-08-06 09:20:24.645656+00:00,2.2584874
2025-08-06 09:20:38.115779+00:00,2.258487
2025-08-06 09:20:50.678333+00:00,2.2584878
2025-08-06 09:21:03.156471+00:00,2.2584869
2025-08-06 09:21:16.043432+00:00,2.2584873
2025-08-06 09:21:29.574454+00:00,2.2584876
2025-08-06 09:21:41.580045+00:00,2.2584871
2025-08-06 09:21:55.156312+00:00,2.2584876
2025-08-06 09:22:07.608423+00:00,2.2584875
2025-08-06 09:22:21.032842+00:00,2.2584867
2025-08-06 09:22:34.420915+00:00,2.2584877
2025-08-06 09:22:46.653526+00:00,2.258487
2025-08-06 09:22:59.978568+00:00,2.2584877
2025-08-06 09:23:12.621299+00:00,2.2584873
2025-08-06 09:23:26.076282+00:00,2.258488
2025-08-06 09:23:38.485855+00:00,2.2584873
2025-08-06 09:23:51.393814+00:00,2.2584876
2025-08-06 09:24:04.245151+00:00,2.2584875
2025-08-06 09:24:18.610641+00:00,2.2584876
2025-08-06 09:24:33.896358+00:00,2.2584875
2025-08-06 09:24:42.960726+00:00,2.258487
2025-08-06 09:24:56.026032+00:00,2.2584878
2025-08-06 09:25:09.799998+00:00,2.2584875
2025-08-06 09:25:21.700781+00:00,2.258487
2025-08-06 09:25:35.467247+00:00,2.2584874
2025-08-06 09:25:47.630576+00:00,2.2584869
2025-08-06 09:25:59.966272+00:00,2.2584876
2025-08-06 09:26:12.875307+00:00,2.2584874
2025-08-06 09:26:25.991805+00:00,2.2584876
2025-08-06 09:26:38.093825+00:00,2.2584867
2025-08-06 09:26:53.145560+00:00,2.2584878
2025-08-06 09:27:03.636820+00:00,2.2584878
2025-08-06 09:27:16.585891+00:00,2.2584876
2025-08-06 09:27:29.365420+00:00,2.2584878
2025-08-06 09:27:42.593717+00:00,2.2584871
2025-08-06 09:27:55.340440+00:00,2.2584872
2025-08-06 09:28:07.891011+00:00,2.2584871
2025-08-06 09:28:22.288738+00:00,2.2584875
2025-08-06 09:28:33.830583+00:00,2.2584873
2025-08-06 09:28:46.646186+00:00,2.2584872
2025-08-06 09:28:59.299853+00:00,2.2584877
2025-08-06 09:29:13.806000+00:00,2.2584874
2025-08-06 09:29:28.503028+00:00,2.2584872
2025-08-06 09:29:38.254309+00:00,2.2584869
2025-08-06 09:29:50.871747+00:00,2.2584872
2025-08-06 09:30:03.467528+00:00,2.2584879
2025-08-06 09:30:16.718466+00:00,2.258488
2025-08-06 09:30:29.886555+00:00,2.2584874
2025-08-06 09:30:42.051872+00:00,2.2584877
2025-08-06 09:30:54.903113+00:00,2.2584871
2025-08-06 09:31:07.938437+00:00,2.2584873
2025-08-06 09:31:20.967524+00:00,2.2584871
2025-08-06 09:31:33.565115+00:00,2.2584876
2025-08-06 09:31:46.435595+00:00,2.2584872
2025-08-06 09:31:59.093323+00:00,2.2584877
2025-08-06 09:32:12.755153+00:00,2.2584879
2025-08-06 09:32:25.126964+00:00,2.2584875
2025-08-06 09:32:38.292180+00:00,2.2584876
2025-08-06 09:32:51.307537+00:00,2.2584867
2025-08-06 09:33:04.931437+00:00,2.2584876
2025-08-06 09:33:17.566468+00:00,2.2584877
2025-08-06 09:33:30.282857+00:00,2.2584873
2025-08-06 09:33:43.142488+00:00,2.2584874
2025-08-06 09:33:56.091204+00:00,2.2584879
2025-08-06 09:34:09.062293+00:00,2.2584876
2025-08-06 09:34:22.031678+00:00,2.2584871
2025-08-06 09:34:34.888756+00:00,2.2584875
2025-08-06 09:34:48.489599+00:00,2.2584875
2025-08-06 09:35:01.923817+00:00,2.2584877
2025-08-06 09:35:14.318918+00:00,2.258488
2025-08-06 09:35:26.794383+00:00,2.2584876
2025-08-06 09:35:39.594927+00:00,2.258488
2025-08-06 09:35:53.013723+00:00,2.2584873
2025-08-06 09:36:04.759154+00:00,2.2584874
2025-08-06 09:36:17.508869+00:00,2.2584872
2025-08-06 09:36:30.376341+00:00,2.2584875
2025-08-06 09:36:42.996030+00:00,2.2584879
2025-08-06 09:36:56.317681+00:00,2.2584878
2025-08-06 09:37:08.812061+00:00,2.2584878
2025-08-06 09:37:21.668387+00:00,2.2584876
2025-08-06 09:37:34.817903+00:00,2.2584873
2025-08-06 09:37:47.394161+00:00,2.2584874
2025-08-06 09:37:59.772373+00:00,2.258487
2025-08-06 09:38:12.500945+00:00,2.2584874
2025-08-06 09:38:25.432119+00:00,2.2584872
2025-08-06 09:38:38.413216+00:00,2.2584876
2025-08-06 09:38:51.036572+00:00,2.2584873
2025-08-06 09:39:04.283677+00:00,2.2584872
2025-08-06 09:39:17.068651+00:00,2.2584874
2025-08-06 09:39:31.027652+00:00,2.2584875
2025-08-06 09:39:43.554277+00:00,2.2584875
2025-08-06 09:39:55.180579+00:00,2.2584875
2025-08-06 09:40:08.318874+00:00,2.2584875
2025-08-06 09:40:20.587703+00:00,2.2584878
2025-08-06 09:40:33.405667+00:00,2.2584864
2025-08-06 09:40:46.234010+00:00,2.2584872
2025-08-06 09:40:59.124541+00:00,2.2584871
2025-08-06 09:41:11.928652+00:00,2.2584872
2025-08-06 09:41:24.441528+00:00,2.2584878
2025-08-06 09:41:37.214478+00:00,2.2584871
2025-08-06 09:41:50.825568+00:00,2.2584872
2025-08-06 09:42:03.017140+00:00,2.2584879
2025-08-06 09:42:16.014328+00:00,2.2584876
2025-08-06 09:42:28.846678+00:00,2.2584877
2025-08-06 09:42:41.839691+00:00,2.2584879
2025-08-06 09:42:55.111594+00:00,2.2584879
2025-08-06 09:43:08.925541+00:00,2.2584876
2025-08-06 09:43:22.047265+00:00,2.2584873
2025-08-06 09:43:34.602245+00:00,2.2584874
2025-08-06 09:43:46.822950+00:00,2.2584873
2025-08-06 09:43:59.741238+00:00,2.2584873
2025-08-06 13:56:00.726708+00:00,2.2584875
2025-08-06 13:56:13.485288+00:00,2.2584881
2025-08-06 13:56:26.334727+00:00,2.2584871
2025-08-06 13:56:39.352241+00:00,2.258488
2025-08-06 13:56:51.821112+00:00,2.2584877
2025-08-06 13:57:04.643196+00:00,2.2584879
2025-08-06 13:57:18.687038+00:00,2.2584875
2025-08-06 13:57:29.985115+00:00,2.2584882
2025-08-06 13:57:42.811111+00:00,2.2584873
2025-08-06 13:57:56.333511+00:00,2.2584875
2025-08-06 13:58:08.670043+00:00,2.258488
2025-08-06 13:58:21.319270+00:00,2.2584873
2025-08-06 13:58:34.309427+00:00,2.2584875
2025-08-06 13:58:48.074771+00:00,2.2584874
2025-08-06 13:59:01.676734+00:00,2.2584869
2025-08-06 13:59:12.507356+00:00,2.2584873
2025-08-06 13:59:25.456952+00:00,2.2584874
2025-08-06 13:59:38.041663+00:00,2.2584875
2025-08-06 13:59:51.455874+00:00,2.2584881
2025-08-06 14:00:03.996985+00:00,2.2584875
2025-08-06 14:00:16.528413+00:00,2.2584876
2025-08-06 14:00:29.201181+00:00,2.2584877
2025-08-06 14:00:41.855358+00:00,2.2584879
2025-08-06 14:00:54.492268+00:00,2.2584869
2025-08-06 14:01:09.363757+00:00,2.2584871
2025-08-06 14:01:20.211829+00:00,2.2584879
2025-08-06 14:01:33.671330+00:00,2.258488
2025-08-06 14:01:46.493700+00:00,2.2584876
2025-08-06 14:01:58.987969+00:00,2.2584873
2025-08-06 14:02:11.903566+00:00,2.2584875
2025-08-06 14:02:25.936064+00:00,2.2584878
2025-08-06 14:02:38.418730+00:00,2.2584873
2025-08-06 14:02:50.786539+00:00,2.2584876
2025-08-06 14:03:03.770044+00:00,2.258487
2025-08-06 14:03:16.774694+00:00,2.2584875
2025-08-06 14:03:30.995550+00:00,2.2584876
2025-08-06 14:03:42.500203+00:00,2.2584876
2025-08-06 14:03:55.543972+00:00,2.2584877
2025-08-06 14:04:08.520453+00:00,2.2584873
2025-08-06 14:04:21.243903+00:00,2.2584873
2025-08-06 14:04:34.598970+00:00,2.258487
2025-08-06 14:04:47.463715+00:00,2.2584875
2025-08-06 14:04:59.988617+00:00,2.2584874
2025-08-06 14:05:13.644744+00:00,2.2584879
2025-08-06 14:05:26.539104+00:00,2.2584875
2025-08-06 14:05:39.199301+00:00,2.2584875
2025-08-06 14:05:51.331668+00:00,2.2584882
2025-08-06 14:06:04.285895+00:00,2.258487
2025-08-06 14:06:17.099321+00:00,2.2584874
2025-08-06 14:06:29.327835+00:00,2.2584873
2025-08-06 14:06:43.116518+00:00,2.2584879
2025-08-06 14:06:54.724536+00:00,2.2584874
2025-08-06 14:07:07.385171+00:00,2.258488
2025-08-06 14:07:20.088488+00:00,2.2584876
2025-08-06 14:07:32.768016+00:00,2.2584873
2025-08-06 14:07:45.714414+00:00,2.2584877
2025-08-06 14:07:58.155431+00:00,2.2584872
2025-08-06 14:08:10.803319+00:00,2.2584877
2025-08-06 14:08:23.847202+00:00,2.2584871
2025-08-06 14:08:36.387229+00:00,2.258487
2025-08-06 14:08:50.172431+00:00,2.2584879
2025-08-06 14:09:03.680089+00:00,2.2584872
2025-08-06 14:09:14.883291+00:00,2.258488
2025-08-06 14:09:27.631942+00:00,2.2584871
2025-08-06 14:09:40.953295+00:00,2.2584878
2025-08-06 14:09:53.269311+00:00,2.2584877
2025-08-06 14:10:06.431936+00:00,2.2584874
2025-08-06 14:10:18.929982+00:00,2.2584877
2025-08-06 14:10:31.771736+00:00,2.258488
2025-08-06 14:10:44.521416+00:00,2.258488
2025-08-06 14:10:57.152767+00:00,2.2584875
2025-08-06 14:11:11.042907+00:00,2.2584879
2025-08-06 14:11:23.060476+00:00,2.2584876
2025-08-06 14:11:35.860820+00:00,2.258488
2025-08-06 14:11:48.586428+00:00,2.258488
2025-08-06 14:12:01.375037+00:00,2.2584878
2025-08-06 14:12:14.414076+00:00,2.258487
2025-08-06 14:12:27.726997+00:00,2.2584873
2025-08-06 14:12:40.360490+00:00,2.2584871
2025-08-06 14:12:53.196490+00:00,2.2584874
2025-08-06 14:13:06.173010+00:00,2.2584873
2025-08-06 14:13:18.942144+00:00,2.2584871
2025-08-06 14:13:31.826268+00:00,2.2584872
2025-08-06 14:13:46.372268+00:00,2.2584878
2025-08-06 14:13:57.415589+00:00,2.2584872
2025-08-06 14:14:10.979184+00:00,2.2584871
2025-08-06 14:14:23.255953+00:00,2.2584871
2025-08-06 14:14:36.018192+00:00,2.2584872
2025-08-06 14:14:50.328625+00:00,2.2584874
2025-08-06 14:15:01.810879+00:00,2.2584879
2025-08-06 14:15:14.572339+00:00,2.2584873
2025-08-06 14:15:28.703142+00:00,2.2584877
2025-08-06 14:15:40.913229+00:00,2.2584882
2025-08-06 14:15:53.063172+00:00,2.2584874
2025-08-06 14:16:05.746493+00:00,2.2584872
2025-08-06 14:16:18.417487+00:00,2.2584877
2025-08-06 14:16:31.032912+00:00,2.2584878
2025-08-06 14:16:43.805642+00:00,2.2584876
2025-08-06 14:16:56.449721+00:00,2.2584878
2025-08-06 14:17:09.265837+00:00,2.258488
2025-08-06 14:17:21.805065+00:00,2.258488
2025-08-06 14:17:34.619720+00:00,2.2584878
2025-08-06 14:17:47.350787+00:00,2.2584878
2025-08-06 14:18:00.292709+00:00,2.2584871
2025-08-06 14:18:13.588630+00:00,2.258488
2025-08-06 14:18:25.864246+00:00,2.2584877
2025-08-06 14:18:38.865574+00:00,2.258488
2025-08-06 14:18:51.942826+00:00,2.2584872
2025-08-06 14:19:04.688465+00:00,2.2584877
2025-08-06 14:19:17.341561+00:00,2.2584874
2025-08-06 14:19:30.408909+00:00,2.2584873
2025-08-06 14:19:42.781773+00:00,2.2584877
2025-08-06 14:19:55.335062+00:00,2.2584875
2025-08-06 14:20:08.262668+00:00,2.2584874
2025-08-06 14:20:20.902906+00:00,2.2584877
2025-08-06 14:20:35.056454+00:00,2.2584877
2025-08-06 14:20:47.516769+00:00,2.2584878
2025-08-06 14:20:59.525179+00:00,2.2584876
2025-08-06 14:21:12.365285+00:00,2.2584875
2025-08-06 14:21:25.762684+00:00,2.258488
2025-08-06 14:21:39.296867+00:00,2.2584876
2025-08-06 14:21:50.826584+00:00,2.2584877
2025-08-06 14:22:05.032056+00:00,2.2584875
2025-08-06 14:22:17.106718+00:00,2.2584877
2025-08-06 14:22:29.156779+00:00,2.2584873
2025-08-06 14:22:43.054233+00:00,2.2584874
2025-08-06 14:22:54.649590+00:00,2.258487
2025-08-06 14:23:07.720783+00:00,2.2584871
2025-08-06 14:23:20.313523+00:00,2.2584875
2025-08-06 14:23:33.612582+00:00,2.2584881
2025-08-06 14:23:46.394830+00:00,2.2584879
2025-08-06 14:23:58.668447+00:00,2.2584876
2025-08-06 14:24:13.538764+00:00,2.2584882
2025-08-06 14:24:24.601664+00:00,2.2584879
2025-08-06 14:24:37.398600+00:00,2.2584879
2025-08-06 14:24:50.393545+00:00,2.2584879
2025-08-06 14:25:03.958750+00:00,2.2584875
2025-08-06 14:25:17.632975+00:00,2.2584881
2025-08-06 14:25:29.325520+00:00,2.2584872
2025-08-06 14:25:42.233443+00:00,2.2584881
2025-08-06 14:25:55.247886+00:00,2.2584878
2025-08-06 14:26:09.226808+00:00,2.2584876
2025-08-06 14:26:20.909272+00:00,2.2584875
2025-08-06 14:26:33.710857+00:00,2.2584878
2025-08-06 14:26:47.098385+00:00,2.2584878
2025-08-06 14:26:59.457276+00:00,2.2584876
2025-08-06 14:27:12.351728+00:00,2.2584873
2025-08-06 14:27:25.233719+00:00,2.2584873
2025-08-06 14:27:38.045094+00:00,2.2584878
2025-08-06 14:27:51.039523+00:00,2.2584871
2025-08-06 14:28:04.790338+00:00,2.2584878
2025-08-06 14:28:16.354872+00:00,2.2584875
2025-08-06 14:28:29.530010+00:00,2.2584877
2025-08-06 14:28:41.678236+00:00,2.2584874
2025-08-06 14:28:55.445029+00:00,2.2584875
2025-08-06 14:29:07.704271+00:00,2.2584874
2025-08-06 14:29:20.404496+00:00,2.2584875
2025-08-06 14:29:33.613289+00:00,2.258488
2025-08-06 14:29:46.255205+00:00,2.2584871
2025-08-06 14:29:58.971718+00:00,2.2584879
2025-08-06 14:30:13.155463+00:00,2.2584875
2025-08-06 14:30:24.120713+00:00,2.2584875
2025-08-06 14:30:37.107518+00:00,2.2584878
2025-08-06 14:30:49.788892+00:00,2.2584874
2025-08-06 14:31:03.002279+00:00,2.2584875
2025-08-06 14:31:16.076599+00:00,2.2584872
2025-08-06 14:31:28.393367+00:00,2.2584878
2025-08-06 14:31:41.766176+00:00,2.2584877
2025-08-06 14:31:53.852625+00:00,2.2584881
2025-08-06 14:32:07.407947+00:00,2.2584874
2025-08-06 14:32:19.525092+00:00,2.2584874
2025-08-06 14:32:32.283967+00:00,2.2584871
2025-08-06 14:32:44.996936+00:00,2.2584875
2025-08-06 14:32:57.883846+00:00,2.2584872
2025-08-06 14:33:10.766115+00:00,2.2584875
2025-08-06 14:33:23.940264+00:00,2.2584875
2025-08-06 14:33:36.145434+00:00,2.2584876
2025-08-06 14:33:50.222420+00:00,2.2584881
2025-08-06 14:34:01.973480+00:00,2.2584879
2025-08-06 14:34:14.805732+00:00,2.2584872
2025-08-06 14:34:27.641933+00:00,2.2584877
2025-08-06 14:34:40.707056+00:00,2.2584874
2025-08-06 14:34:53.634075+00:00,2.2584876
2025-08-06 14:35:13.279206+00:00,2.2584879
2025-08-06 14:35:19.477664+00:00,2.2584874
2025-08-06 14:35:33.736379+00:00,2.2584878
2025-08-06 14:35:45.254246+00:00,2.2584876
2025-08-06 14:35:58.386078+00:00,2.2584878
2025-08-06 14:36:10.920997+00:00,2.258488
2025-08-06 14:36:23.607939+00:00,2.2584878
2025-08-06 14:36:36.687353+00:00,2.2584878
2025-08-06 14:36:49.517385+00:00,2.2584869
2025-08-06 14:37:02.435797+00:00,2.2584878
2025-08-06 14:37:17.358374+00:00,2.2584875
2025-08-06 14:37:28.833807+00:00,2.2584882
2025-08-06 14:37:40.893672+00:00,2.2584878
2025-08-06 14:37:55.926360+00:00,2.2584878
2025-08-06 14:38:06.791973+00:00,2.2584872
2025-08-06 14:38:19.361989+00:00,2.2584873
2025-08-06 14:38:31.935845+00:00,2.2584876
2025-08-06 14:38:44.091196+00:00,2.258488
2025-08-06 14:38:57.101797+00:00,2.258487
2025-08-06 14:39:09.481449+00:00,2.2584875
2025-08-06 14:39:22.343393+00:00,2.2584876
2025-08-06 14:39:38.396222+00:00,2.2584881
2025-08-06 14:39:47.999664+00:00,2.2584878
2025-08-06 14:40:00.895535+00:00,2.258487
2025-08-06 14:40:14.896710+00:00,2.2584879
2025-08-06 14:40:26.575029+00:00,2.2584876
2025-08-06 14:40:39.472775+00:00,2.2584877
2025-08-06 14:40:52.524374+00:00,2.2584872
2025-08-06 14:41:05.229508+00:00,2.2584872
2025-08-06 14:41:18.410503+00:00,2.2584877
2025-08-06 14:41:30.938421+00:00,2.2584881
2025-08-06 14:41:44.605512+00:00,2.2584874
2025-08-06 14:41:56.759724+00:00,2.2584875
2025-08-06 14:42:10.943419+00:00,2.2584882
2025-08-06 14:42:22.359063+00:00,2.2584882
2025-08-06 14:42:35.937841+00:00,2.2584874
2025-08-06 14:42:47.838185+00:00,2.258487
2025-08-06 14:43:03.716175+00:00,2.2584876
2025-08-06 14:43:13.287855+00:00,2.2584876
2025-08-06 14:43:26.448868+00:00,2.2584874
2025-08-06 14:43:38.932773+00:00,2.2584882
2025-08-06 14:43:51.828256+00:00,2.258487
2025-08-06 14:44:04.916157+00:00,2.2584874
2025-08-06 14:44:18.060681+00:00,2.2584876
2025-08-06 14:44:30.686557+00:00,2.258488
2025-08-06 14:44:43.210474+00:00,2.2584879
2025-08-06 14:44:56.079130+00:00,2.2584881
2025-08-06 14:45:09.446332+00:00,2.2584881
2025-08-06 14:45:22.146523+00:00,2.2584881
2025-08-06 14:45:35.212732+00:00,2.2584873
2025-08-06 14:45:48.320990+00:00,2.2584871
2025-08-06 14:46:01.050640+00:00,2.2584882
2025-08-06 14:46:16.102228+00:00,2.2584881
2025-08-06 14:46:26.842902+00:00,2.2584879
2025-08-06 14:46:39.784191+00:00,2.2584872
2025-08-06 14:46:52.667555+00:00,2.2584879
2025-08-06 14:47:05.632384+00:00,2.2584877
2025-08-06 14:47:18.526231+00:00,2.258488
2025-08-06 14:47:32.213958+00:00,2.2584873
2025-08-06 14:47:45.383428+00:00,2.258487
2025-08-06 14:47:56.924940+00:00,2.2584875
2025-08-06 14:48:12.387185+00:00,2.2584872
2025-08-06 14:48:23.168267+00:00,2.2584878
2025-08-06 14:48:36.164294+00:00,2.2584881
2025-08-06 14:48:47.865000+00:00,2.2584876
2025-08-06 14:49:00.364189+00:00,2.2584877
2025-08-06 14:49:13.210816+00:00,2.2584873
2025-08-06 14:49:26.105506+00:00,2.2584875
2025-08-06 14:49:39.404142+00:00,2.2584872
2025-08-06 14:49:52.086059+00:00,2.2584878
2025-08-06 14:50:05.003349+00:00,2.2584874
2025-08-06 14:50:17.439347+00:00,2.2584878
2025-08-06 14:50:30.180393+00:00,2.258488
2025-08-06 14:50:42.922132+00:00,2.2584883
2025-08-06 14:50:56.637542+00:00,2.2584875
2025-08-06 14:51:09.344046+00:00,2.2584878
2025-08-06 14:51:21.516723+00:00,2.2584883
2025-08-06 14:51:34.496242+00:00,2.2584875
2025-08-06 14:51:47.049207+00:00,2.2584876
2025-08-06 14:51:59.701439+00:00,2.2584872
2025-08-06 14:52:12.526769+00:00,2.258488
2025-08-06 14:52:25.558407+00:00,2.258488
2025-08-06 14:52:38.098643+00:00,2.2584877
2025-08-06 14:52:52.949082+00:00,2.2584875
2025-08-06 14:53:03.845776+00:00,2.2584881
2025-08-06 14:53:17.199472+00:00,2.2584878
2025-08-06 14:53:29.816047+00:00,2.2584874
2025-08-06 14:53:42.237247+00:00,2.2584874
2025-08-06 14:53:55.814915+00:00,2.2584875
2025-08-06 14:54:07.936037+00:00,2.2584874
2025-08-06 14:54:21.212766+00:00,2.2584875
2025-08-06 14:54:33.607428+00:00,2.2584874
2025-08-06 14:54:46.164642+00:00,2.258488
2025-08-06 14:54:58.755986+00:00,2.2584872
2025-08-06 14:55:13.298024+00:00,2.2584879
2025-08-06 14:55:24.573094+00:00,2.2584876
2025-08-06 14:55:37.532147+00:00,2.2584883
2025-08-06 14:55:50.172356+00:00,2.2584873
2025-08-06 14:56:03.288229+00:00,2.2584881
2025-08-06 14:56:16.428333+00:00,2.2584876
2025-08-06 14:56:28.927169+00:00,2.2584873
2025-08-06 14:56:41.886279+00:00,2.2584875
2025-08-06 14:56:54.870762+00:00,2.2584875
2025-08-06 14:57:08.111379+00:00,2.2584877
2025-08-06 14:57:20.867188+00:00,2.2584882
2025-08-06 14:57:33.761676+00:00,2.2584883
2025-08-06 14:57:49.439369+00:00,2.2584874
2025-08-06 14:58:01.075153+00:00,2.2584872
2025-08-06 14:58:12.459095+00:00,2.2584874
2025-08-06 14:58:27.459565+00:00,2.2584882
2025-08-06 14:58:40.529116+00:00,2.2584875
2025-08-06 14:58:51.697234+00:00,2.2584878
2025-08-06 14:59:04.610356+00:00,2.2584876
2025-08-06 14:59:18.684191+00:00,2.2584877
2025-08-06 14:59:29.526273+00:00,2.2584874
2025-08-06 14:59:42.416754+00:00,2.2584877
2025-08-06 14:59:55.157791+00:00,2.2584879
2025-08-06 15:00:07.972914+00:00,2.2584873
2025-08-06 15:00:21.307300+00:00,2.2584874
2025-08-06 15:00:33.630960+00:00,2.258488
2025-08-06 15:00:45.994986+00:00,2.2584881
2025-08-06 15:00:59.405310+00:00,2.2584875
2025-08-06 15:01:11.438868+00:00,2.2584877
2025-08-06 15:01:24.207683+00:00,2.2584879
2025-08-06 15:01:37.114023+00:00,2.2584877
2025-08-06 15:01:51.337487+00:00,2.2584874
2025-08-06 15:02:02.639050+00:00,2.2584876
2025-08-06 15:02:15.904552+00:00,2.2584873
2025-08-06 15:02:28.443910+00:00,2.2584876
2025-08-06 15:02:41.445021+00:00,2.2584872
2025-08-06 15:02:54.595471+00:00,2.2584876
2025-08-06 15:03:06.921762+00:00,2.2584872
2025-08-06 15:03:19.416564+00:00,2.2584872
2025-08-06 15:03:33.530501+00:00,2.2584874
2025-08-06 15:03:44.886734+00:00,2.2584873
2025-08-06 15:03:58.030505+00:00,2.2584875
2025-08-06 15:04:11.102252+00:00,2.2584877
2025-08-06 15:04:24.118339+00:00,2.258487
2025-08-06 15:04:37.277722+00:00,2.2584876
2025-08-06 15:04:49.537847+00:00,2.258488
2025-08-06 15:05:01.906832+00:00,2.2584877
2025-08-06 15:05:27.575632+00:00,2.2584875
2025-08-06 15:05:40.026915+00:00,2.2584873
2025-08-06 15:05:53.053214+00:00,2.2584877
2025-08-06 15:06:05.798157+00:00,2.2584881
2025-08-06 15:06:18.822412+00:00,2.2584882
2025-08-06 15:06:31.380777+00:00,2.2584877
2025-08-06 15:06:44.103234+00:00,2.2584872
2025-08-06 15:06:57.114166+00:00,2.2584878
2025-08-06 15:07:10.065578+00:00,2.258488
2025-08-06 15:07:23.234204+00:00,2.2584874
2025-08-06 15:07:35.916006+00:00,2.2584877
2025-08-06 15:07:49.262581+00:00,2.2584876
2025-08-06 15:08:02.162166+00:00,2.2584878
2025-08-06 15:08:15.558212+00:00,2.2584874
2025-08-06 15:08:27.888414+00:00,2.2584866
2025-08-06 15:08:41.115818+00:00,2.2584879
2025-08-06 15:08:54.370392+00:00,2.2584879
2025-08-06 15:09:08.534052+00:00,2.2584878
2025-08-06 15:09:20.258566+00:00,2.2584877
2025-08-06 15:09:32.572177+00:00,2.2584874
2025-08-06 15:09:45.634442+00:00,2.2584874
2025-08-06 15:09:58.195347+00:00,2.2584881
2025-08-06 15:10:11.475992+00:00,2.2584875
2025-08-06 15:10:24.299654+00:00,2.2584879
2025-08-06 15:10:36.928819+00:00,2.2584883
2025-08-06 15:10:51.925530+00:00,2.2584879
2025-08-06 15:11:02.597185+00:00,2.258488
2025-08-06 15:11:16.003375+00:00,2.2584877
2025-08-06 15:11:28.285670+00:00,2.2584875
2025-08-06 15:11:40.657636+00:00,2.2584871
2025-08-06 15:11:53.519347+00:00,2.2584878
2025-08-06 15:12:06.580134+00:00,2.2584878
2025-08-06 15:12:19.462856+00:00,2.2584878
2025-08-06 15:12:33.003778+00:00,2.2584879
2025-08-06 15:12:44.891249+00:00,2.2584879
2025-08-06 15:12:58.718310+00:00,2.2584874
2025-08-06 15:13:10.490651+00:00,2.2584873
2025-08-06 15:13:24.132212+00:00,2.2584875
2025-08-06 15:13:36.016393+00:00,2.258488
2025-08-06 15:13:48.990311+00:00,2.2584876
2025-08-06 15:14:01.943291+00:00,2.2584874
2025-08-06 15:14:14.602399+00:00,2.2584876
2025-08-06 15:14:40.115448+00:00,2.2584874
2025-08-06 15:14:53.383232+00:00,2.2584881
2025-08-06 15:15:06.283828+00:00,2.2584879
2025-08-06 15:15:18.644250+00:00,2.2584876
2025-08-06 15:15:32.280854+00:00,2.2584876
2025-08-06 15:15:44.007591+00:00,2.2584879
2025-08-06 15:15:57.162658+00:00,2.258488
2025-08-06 15:16:10.599688+00:00,2.2584877
2025-08-06 15:16:23.873745+00:00,2.2584877
2025-08-06 15:16:34.910167+00:00,2.2584875
2025-08-06 15:16:48.081183+00:00,2.2584883
2025-08-06 15:17:00.655698+00:00,2.2584878
2025-08-06 15:17:13.626311+00:00,2.2584874
2025-08-06 15:17:27.493182+00:00,2.2584879
2025-08-06 15:17:41.244702+00:00,2.258488
2025-08-06 15:17:52.361698+00:00,2.2584877
2025-08-06 15:18:05.420017+00:00,2.2584879
2025-08-06 15:18:18.394988+00:00,2.258488
2025-08-06 15:18:31.287236+00:00,2.2584873
2025-08-06 15:18:44.179508+00:00,2.2584874
2025-08-06 15:18:57.466417+00:00,2.2584884
2025-08-06 15:19:10.285008+00:00,2.2584873
2025-08-06 15:19:23.034718+00:00,2.2584876
2025-08-06 15:19:36.419654+00:00,2.258488
2025-08-06 15:19:48.801109+00:00,2.2584883
2025-08-06 15:20:02.496356+00:00,2.2584879
2025-08-06 15:20:14.575258+00:00,2.2584876
2025-08-06 15:20:27.566630+00:00,2.2584875
2025-08-06 15:20:40.817407+00:00,2.2584875
2025-08-06 15:20:53.413052+00:00,2.258487
2025-08-06 15:21:09.256696+00:00,2.2584884
2025-08-06 15:21:18.799379+00:00,2.2584875
2025-08-06 15:21:31.907573+00:00,2.2584878
2025-08-06 15:21:44.389743+00:00,2.258488
2025-08-06 15:21:57.122997+00:00,2.2584872
2025-08-06 15:22:11.053304+00:00,2.2584882
2025-08-06 15:22:22.900806+00:00,2.2584872
2025-08-06 15:22:35.605043+00:00,2.2584876
2025-08-06 15:22:48.283066+00:00,2.2584883
2025-08-06 15:23:01.330189+00:00,2.2584871
2025-08-06 15:23:13.533825+00:00,2.2584877
2025-08-06 15:23:26.691369+00:00,2.2584872
2025-08-06 15:23:39.214588+00:00,2.2584878
2025-08-06 15:23:51.790654+00:00,2.258488
2025-08-06 15:24:04.728169+00:00,2.2584876
2025-08-06 15:24:17.762521+00:00,2.2584878
2025-08-06 15:24:30.362386+00:00,2.2584882
2025-08-06 15:24:43.355081+00:00,2.2584875
2025-08-06 15:24:55.901095+00:00,2.2584874
2025-08-06 15:25:11.695718+00:00,2.2584874
2025-08-06 15:25:21.880041+00:00,2.2584883
2025-08-06 15:25:34.421687+00:00,2.2584875
2025-08-06 15:25:47.314400+00:00,2.2584877
2025-08-06 15:25:59.617653+00:00,2.2584877
2025-08-06 15:26:12.571344+00:00,2.2584873
2025-08-06 15:26:25.191720+00:00,2.2584875
2025-08-06 15:26:38.365452+00:00,2.2584882
2025-08-06 15:26:50.977680+00:00,2.2584873
2025-08-06 15:27:04.841326+00:00,2.2584872
2025-08-06 15:27:17.018794+00:00,2.258488
2025-08-06 15:27:29.195070+00:00,2.2584874
2025-08-06 15:27:42.973734+00:00,2.2584879
2025-08-06 15:27:55.001673+00:00,2.2584872
2025-08-06 15:28:07.875875+00:00,2.2584882
2025-08-06 15:28:20.876236+00:00,2.258488
2025-08-06 15:28:33.920904+00:00,2.2584881
2025-08-06 15:28:51.759710+00:00,2.2584875
2025-08-06 15:28:59.670160+00:00,2.2584869
2025-08-06 15:29:12.790164+00:00,2.2584878
2025-08-06 15:29:25.747908+00:00,2.2584882
2025-08-06 15:29:38.277950+00:00,2.2584876
2025-08-06 15:29:53.341433+00:00,2.2584875
2025-08-06 15:30:05.254312+00:00,2.2584878
2025-08-06 15:30:17.085158+00:00,2.2584878
2025-08-06 15:30:30.659798+00:00,2.2584875
2025-08-06 15:30:42.629554+00:00,2.258488
2025-08-06 15:30:55.580211+00:00,2.2584883
2025-08-06 15:31:09.998275+00:00,2.258488
2025-08-06 15:31:21.157671+00:00,2.2584884
2025-08-06 15:31:34.440839+00:00,2.2584878
2025-08-06 15:31:46.789170+00:00,2.2584877
2025-08-06 15:32:00.114068+00:00,2.2584875
2025-08-06 15:32:12.347694+00:00,2.2584881
2025-08-06 15:32:25.282984+00:00,2.2584874
2025-08-06 15:32:37.340490+00:00,2.2584879
2025-08-06 15:32:50.253252+00:00,2.2584881
2025-08-06 15:33:03.635254+00:00,2.2584877
2025-08-06 15:33:15.883619+00:00,2.2584873
2025-08-06 15:33:28.390969+00:00,2.2584873
2025-08-06 15:33:41.038252+00:00,2.2584873
2025-08-06 15:33:53.721514+00:00,2.2584884
2025-08-06 15:34:06.491102+00:00,2.2584875
2025-08-06 15:34:19.349714+00:00,2.258488
2025-08-06 15:34:32.274491+00:00,2.2584875
2025-08-06 15:34:44.966356+00:00,2.2584873
2025-08-06 15:34:58.111818+00:00,2.2584879
2025-08-06 15:35:10.611969+00:00,2.2584882
2025-08-06 15:35:35.945764+00:00,2.2584877
2025-08-06 15:35:48.996083+00:00,2.2584882
2025-08-06 15:36:02.537390+00:00,2.2584881
2025-08-06 15:36:14.953636+00:00,2.2584878
2025-08-06 15:36:27.022772+00:00,2.2584881
2025-08-06 15:36:39.854289+00:00,2.258488
2025-08-06 15:36:52.594880+00:00,2.2584884
2025-08-06 15:37:05.296462+00:00,2.2584879
2025-08-06 15:37:18.120690+00:00,2.2584879
2025-08-06 15:37:31.758542+00:00,2.2584876
2025-08-06 15:37:43.440108+00:00,2.2584878
2025-08-06 15:37:56.162167+00:00,2.2584876
2025-08-06 15:38:09.625111+00:00,2.258488
2025-08-06 15:38:21.508658+00:00,2.2584883
2025-08-06 15:38:34.291769+00:00,2.258488
2025-08-06 15:38:46.812841+00:00,2.258488
2025-08-06 15:38:59.458774+00:00,2.2584875
2025-08-06 15:39:12.431887+00:00,2.2584872
2025-08-06 15:39:26.523501+00:00,2.2584883
2025-08-06 15:39:38.211950+00:00,2.2584884
2025-08-06 15:39:51.349552+00:00,2.2584879
2025-08-06 15:40:04.881436+00:00,2.2584879
2025-08-06 15:40:17.757104+00:00,2.2584871
2025-08-06 15:40:31.523097+00:00,2.2584882
2025-08-06 15:40:43.106645+00:00,2.2584872
2025-08-06 15:40:56.013159+00:00,2.2584881
2025-08-06 15:41:09.191243+00:00,2.2584879
2025-08-06 15:41:22.564449+00:00,2.2584876
2025-08-06 15:41:34.788224+00:00,2.2584876
2025-08-06 15:41:48.836213+00:00,2.2584879
2025-08-06 15:42:00.663233+00:00,2.2584874
2025-08-06 15:42:13.203321+00:00,2.2584873
2025-08-06 15:42:26.078355+00:00,2.2584871
2025-08-06 15:42:39.020677+00:00,2.2584874
2025-08-06 15:42:51.738122+00:00,2.2584872
2025-08-06 15:43:04.748935+00:00,2.2584882
2025-08-06 15:43:17.634351+00:00,2.2584871
2025-08-06 15:43:30.227643+00:00,2.2584878
2025-08-06 15:43:42.869884+00:00,2.2584874
2025-08-06 15:43:55.433698+00:00,2.2584882
2025-08-06 15:44:09.042985+00:00,2.2584878
2025-08-06 15:44:21.361265+00:00,2.2584879
2025-08-06 15:44:34.711125+00:00,2.2584877
2025-08-06 15:44:46.584252+00:00,2.2584869
2025-08-06 15:44:59.318954+00:00,2.2584872
2025-08-06 15:45:14.770333+00:00,2.2584876
2025-08-06 15:45:25.110040+00:00,2.2584878
2025-08-06 15:45:37.750442+00:00,2.2584879
2025-08-06 15:45:50.741897+00:00,2.2584879
2025-08-06 15:46:03.498543+00:00,2.2584878
2025-08-06 15:46:16.365960+00:00,2.2584881
2025-08-06 15:46:29.733017+00:00,2.258488
2025-08-06 15:46:43.971126+00:00,2.2584879
2025-08-06 15:46:54.431112+00:00,2.2584879
2025-08-06 15:47:07.447553+00:00,2.2584871
2025-08-06 15:47:20.607736+00:00,2.2584879
2025-08-06 15:47:35.212873+00:00,2.258488
2025-08-06 15:47:45.786536+00:00,2.2584876
2025-08-06 15:47:58.406907+00:00,2.2584884
2025-08-06 15:48:11.387757+00:00,2.2584877
2025-08-06 15:48:24.024188+00:00,2.2584874
2025-08-06 15:48:36.723046+00:00,2.2584873
2025-08-06 15:48:49.558811+00:00,2.2584874
2025-08-06 15:49:03.213121+00:00,2.2584877
2025-08-06 15:49:15.719990+00:00,2.2584878
2025-08-06 15:49:28.016665+00:00,2.2584872
2025-08-06 15:49:40.992999+00:00,2.2584876
2025-08-06 15:49:54.025214+00:00,2.2584872
2025-08-06 15:50:07.127959+00:00,2.2584882
2025-08-06 15:50:19.967691+00:00,2.2584883
2025-08-06 15:50:32.782790+00:00,2.258488
2025-08-06 15:50:45.733928+00:00,2.2584883
2025-08-06 15:50:59.001384+00:00,2.2584881
2025-08-06 15:51:11.526175+00:00,2.2584881
2025-08-06 15:51:24.426393+00:00,2.2584877
2025-08-06 15:51:37.175039+00:00,2.2584883
2025-08-06 15:51:50.260387+00:00,2.2584873
2025-08-06 15:52:03.194534+00:00,2.2584879
2025-08-06 15:52:15.949526+00:00,2.2584876
2025-08-06 15:52:28.878866+00:00,2.2584881
2025-08-06 15:52:41.718444+00:00,2.2584875
2025-08-06 15:52:54.450986+00:00,2.2584879
2025-08-06 15:53:07.314643+00:00,2.2584873
2025-08-06 15:53:20.625281+00:00,2.2584881
2025-08-06 15:53:33.800127+00:00,2.2584875
2025-08-06 15:53:45.872352+00:00,2.258488
2025-08-06 15:53:59.108101+00:00,2.2584878
2025-08-06 15:54:11.011035+00:00,2.2584878
2025-08-06 15:54:23.757089+00:00,2.2584879
2025-08-06 15:54:36.347480+00:00,2.258488
2025-08-06 15:54:49.462305+00:00,2.2584871
2025-08-06 15:55:01.994548+00:00,2.2584875
2025-08-06 15:55:15.476905+00:00,2.2584874
2025-08-06 15:55:27.904693+00:00,2.2584879
2025-08-06 15:55:40.496899+00:00,2.2584882
2025-08-06 15:55:54.823392+00:00,2.2584875
2025-08-06 15:56:06.012575+00:00,2.2584883
2025-08-06 15:56:18.863419+00:00,2.2584874
2025-08-06 15:56:32.530954+00:00,2.2584882
2025-08-06 15:56:44.197553+00:00,2.258488
2025-08-06 15:56:57.296070+00:00,2.2584874
2025-08-06 15:57:09.773323+00:00,2.2584876
2025-08-06 15:57:23.510836+00:00,2.2584873
2025-08-06 15:57:35.719852+00:00,2.2584883
2025-08-06 15:57:48.069424+00:00,2.2584874
2025-08-06 15:58:01.298145+00:00,2.2584878
2025-08-06 15:58:13.935558+00:00,2.2584877
2025-08-06 15:58:29.177480+00:00,2.2584876
2025-08-06 15:58:39.137546+00:00,2.2584879
2025-08-06 15:58:53.331293+00:00,2.2584876
2025-08-06 15:59:04.862503+00:00,2.2584883
2025-08-06 15:59:17.847504+00:00,2.2584876
2025-08-06 15:59:30.509514+00:00,2.2584879
2025-08-06 15:59:43.119293+00:00,2.2584877
2025-08-06 15:59:56.033805+00:00,2.2584871
2025-08-06 16:00:10.325595+00:00,2.2584878
2025-08-06 16:00:21.459292+00:00,2.2584876
2025-08-06 16:00:34.312156+00:00,2.2584874
2025-08-06 16:00:47.650658+00:00,2.258488
2025-08-06 16:00:59.678553+00:00,2.2584881
2025-08-06 16:01:12.642673+00:00,2.2584879
2025-08-06 16:01:25.085463+00:00,2.2584877
2025-08-06 16:01:38.156991+00:00,2.2584873
2025-08-06 16:01:50.622689+00:00,2.2584882
2025-08-06 16:02:04.654396+00:00,2.2584879
2025-08-06 16:02:16.551506+00:00,2.258488
2025-08-06 16:02:29.219860+00:00,2.2584875
2025-08-06 16:02:42.162600+00:00,2.2584876
2025-08-06 16:02:55.122193+00:00,2.2584873
2025-08-06 16:03:08.047981+00:00,2.258487
2025-08-06 16:03:21.070863+00:00,2.258488
2025-08-06 16:03:33.799178+00:00,2.2584872
2025-08-06 16:03:47.013208+00:00,2.2584877
2025-08-06 16:03:59.564117+00:00,2.2584879
2025-08-06 16:04:13.338389+00:00,2.2584875
2025-08-06 16:04:25.414587+00:00,2.2584875
2025-08-06 16:04:38.096904+00:00,2.2584876
2025-08-06 16:04:51.194433+00:00,2.2584876
2025-08-06 16:05:04.087152+00:00,2.2584884
2025-08-06 16:05:17.422294+00:00,2.2584882
2025-08-06 16:05:30.607838+00:00,2.2584882
2025-08-06 16:05:42.701636+00:00,2.2584876
2025-08-06 16:05:55.946761+00:00,2.2584879
2025-08-06 16:06:08.189440+00:00,2.2584874
2025-08-06 16:06:20.893212+00:00,2.2584875
2025-08-06 16:06:33.699373+00:00,2.2584881
2025-08-06 16:06:47.368019+00:00,2.258488
2025-08-06 16:06:58.958457+00:00,2.2584875
2025-08-06 16:07:11.535505+00:00,2.2584883
2025-08-06 16:07:24.092776+00:00,2.2584878
2025-08-06 16:07:36.784633+00:00,2.2584877
2025-08-06 16:07:49.566515+00:00,2.2584881
2025-08-06 16:08:02.475795+00:00,2.2584874
2025-08-06 16:08:15.236027+00:00,2.2584877
2025-08-06 16:08:27.847202+00:00,2.2584877
2025-08-06 16:08:40.654714+00:00,2.2584879
2025-08-06 16:08:53.812174+00:00,2.2584883
2025-08-06 16:09:06.329708+00:00,2.2584874
2025-08-06 16:09:18.799479+00:00,2.2584877
2025-08-06 16:09:31.630377+00:00,2.2584876
2025-08-06 16:09:44.273275+00:00,2.2584877
2025-08-06 16:09:57.797783+00:00,2.2584878
2025-08-06 16:10:10.481424+00:00,2.2584878
2025-08-06 16:10:22.794657+00:00,2.2584881
2025-08-06 16:10:35.447043+00:00,2.2584882
2025-08-06 16:10:48.038670+00:00,2.2584879
2025-08-06 16:11:00.793543+00:00,2.258488
2025-08-06 16:11:13.464294+00:00,2.2584881
2025-08-06 16:11:26.428673+00:00,2.2584873
2025-08-06 16:11:39.258173+00:00,2.2584879
2025-08-06 16:11:52.068257+00:00,2.258488
2025-08-06 16:12:05.998439+00:00,2.2584879
2025-08-06 16:12:17.598820+00:00,2.2584874
2025-08-06 16:12:43.120641+00:00,2.2584882
2025-08-06 16:12:55.801555+00:00,2.2584874
2025-08-06 16:13:09.051252+00:00,2.2584875
2025-08-06 16:13:21.517007+00:00,2.258488
2025-08-06 16:13:34.369174+00:00,2.2584881
2025-08-06 16:13:46.966645+00:00,2.2584874
2025-08-06 16:14:00.266675+00:00,2.258488
2025-08-06 16:14:12.768663+00:00,2.2584875
2025-08-06 16:14:25.214877+00:00,2.2584884
2025-08-06 16:14:40.895330+00:00,2.2584882
2025-08-06 16:14:51.303516+00:00,2.2584875
2025-08-06 16:15:04.173166+00:00,2.2584869
2025-08-06 16:15:18.231886+00:00,2.2584876
2025-08-06 16:15:30.070184+00:00,2.2584879
2025-08-06 16:15:43.445694+00:00,2.2584877
2025-08-06 16:15:56.751545+00:00,2.2584875
2025-08-06 16:16:10.353098+00:00,2.258488
2025-08-06 16:16:21.324948+00:00,2.2584873
2025-08-06 16:16:34.207210+00:00,2.258487
2025-08-06 16:16:47.078137+00:00,2.2584883
2025-08-06 16:17:00.366916+00:00,2.2584883
2025-08-06 16:17:12.854177+00:00,2.2584877
2025-08-06 16:17:26.081823+00:00,2.2584878
2025-08-06 16:17:38.954143+00:00,2.2584871
2025-08-06 16:17:52.337394+00:00,2.2584882
2025-08-06 16:18:05.078403+00:00,2.2584879
2025-08-06 16:18:17.062373+00:00,2.2584875
2025-08-06 16:18:42.496709+00:00,2.2584879
2025-08-06 16:18:55.479230+00:00,2.2584881
2025-08-06 16:19:07.848876+00:00,2.258488
2025-08-06 16:19:20.431040+00:00,2.2584882
2025-08-06 16:19:34.681039+00:00,2.2584872
2025-08-06 16:19:49.137333+00:00,2.2584884
2025-08-06 16:19:58.826648+00:00,2.2584869
2025-08-06 16:20:11.943490+00:00,2.2584879
2025-08-06 16:20:24.610498+00:00,2.2584884
2025-08-06 16:20:37.857880+00:00,2.2584875
2025-08-06 16:20:50.283483+00:00,2.2584879
2025-08-06 16:21:02.906142+00:00,2.2584879
2025-08-06 16:21:17.093718+00:00,2.2584876
2025-08-06 16:21:28.500398+00:00,2.2584878
2025-08-06 16:21:41.097582+00:00,2.2584879
2025-08-06 16:21:53.928978+00:00,2.2584882
2025-08-06 16:22:06.758081+00:00,2.258488
2025-08-06 16:22:19.540766+00:00,2.2584878
2025-08-06 16:22:33.269459+00:00,2.2584874
2025-08-06 16:22:46.204634+00:00,2.2584881
2025-08-06 16:22:58.113121+00:00,2.2584878
2025-08-06 16:23:10.749519+00:00,2.258487
2025-08-06 16:23:23.797006+00:00,2.2584879
2025-08-06 16:23:36.813825+00:00,2.2584882
2025-08-06 16:23:49.296154+00:00,2.2584879
2025-08-06 16:24:02.150056+00:00,2.258488
2025-08-06 16:24:14.808637+00:00,2.2584875
2025-08-06 16:24:27.636767+00:00,2.2584879
2025-08-06 16:24:40.545461+00:00,2.2584883
2025-08-06 16:24:53.273707+00:00,2.2584872
2025-08-06 16:25:09.002261+00:00,2.2584868
2025-08-06 16:25:18.638507+00:00,2.2584877
2025-08-06 16:25:31.753725+00:00,2.2584878
2025-08-06 16:25:44.735633+00:00,2.258488
2025-08-06 16:25:58.983244+00:00,2.2584882
2025-08-06 16:26:10.129369+00:00,2.2584873
2025-08-06 16:26:22.949580+00:00,2.258488
2025-08-06 16:26:35.725732+00:00,2.2584878
2025-08-06 16:26:48.685712+00:00,2.2584877
2025-08-06 16:27:01.478259+00:00,2.2584878
2025-08-06 16:27:14.510734+00:00,2.2584875
2025-08-06 16:27:26.657431+00:00,2.2584876
2025-08-06 16:27:39.483251+00:00,2.2584876
2025-08-06 16:27:52.218721+00:00,2.2584878
2025-08-06 16:28:14.081886+00:00,2.2584882
2025-08-06 16:28:37.987116+00:00,2.2584871
2025-08-06 16:28:50.558030+00:00,2.258487
2025-08-06 16:29:04.058097+00:00,2.2584869
2025-08-06 16:29:17.173856+00:00,2.2584868
2025-08-06 16:29:29.422182+00:00,2.2584874
2025-08-06 16:29:42.282155+00:00,2.2584867
2025-08-06 16:29:55.406430+00:00,2.2584873
2025-08-06 16:30:09.932744+00:00,2.2584874
2025-08-06 16:30:21.656147+00:00,2.258487
2025-08-06 16:30:34.614196+00:00,2.258488
2025-08-06 16:30:47.463539+00:00,2.2584879
2025-08-06 16:31:00.391537+00:00,2.2584872
2025-08-06 16:31:14.685908+00:00,2.2584879
2025-08-06 16:31:25.881297+00:00,2.2584874
2025-08-06 16:31:38.818833+00:00,2.2584874
2025-08-06 16:31:51.654791+00:00,2.2584871
2025-08-06 16:32:04.560546+00:00,2.2584868
2025-08-06 16:32:17.446251+00:00,2.2584875
2025-08-06 16:32:30.313723+00:00,2.2584873
2025-08-06 16:32:43.346994+00:00,2.2584876
2025-08-06 16:32:56.275423+00:00,2.2584876
2025-08-06 16:33:09.161180+00:00,2.2584873
2025-08-06 16:33:22.271571+00:00,2.2584871
2025-08-06 16:33:34.583672+00:00,2.2584874
2025-08-06 16:33:47.263337+00:00,2.2584872
2025-08-06 16:33:59.958589+00:00,2.2584868
2025-08-06 16:34:12.566493+00:00,2.2584879
2025-08-06 16:34:25.377997+00:00,2.2584871
2025-08-06 16:34:39.994737+00:00,2.2584874
2025-08-06 16:34:51.038002+00:00,2.2584873
2025-08-06 16:35:04.139871+00:00,2.258487
2025-08-06 16:35:17.441577+00:00,2.2584871
2025-08-06 16:35:31.263860+00:00,2.2584869
2025-08-06 16:35:42.799237+00:00,2.2584871
2025-08-06 16:35:55.280292+00:00,2.2584873
2025-08-06 16:36:07.947168+00:00,2.2584874
2025-08-06 16:36:20.718425+00:00,2.2584876
2025-08-06 16:36:33.828802+00:00,2.2584871
2025-08-06 16:36:46.550779+00:00,2.2584873
2025-08-06 16:36:59.898899+00:00,2.2584874
2025-08-06 16:37:12.180235+00:00,2.2584873
2025-08-06 16:37:24.778654+00:00,2.2584872
2025-08-06 16:37:37.487580+00:00,2.258487
2025-08-06 16:37:51.373252+00:00,2.2584869
2025-08-06 16:38:03.471515+00:00,2.2584875
2025-08-06 16:38:15.867910+00:00,2.2584868
2025-08-06 16:38:28.459850+00:00,2.2584875
2025-08-06 16:38:42.597957+00:00,2.2584869
2025-08-06 16:38:54.156404+00:00,2.2584874
2025-08-06 16:39:07.384303+00:00,2.2584874
2025-08-06 16:39:19.520685+00:00,2.2584869
2025-08-06 16:39:34.249139+00:00,2.2584874
2025-08-06 16:39:45.885147+00:00,2.2584871
2025-08-06 16:39:58.418703+00:00,2.2584875
2025-08-06 16:40:11.202073+00:00,2.2584878
2025-08-06 16:40:24.049464+00:00,2.2584868
2025-08-06 16:40:37.215647+00:00,2.2584872
2025-08-06 16:40:49.769842+00:00,2.2584877
2025-08-06 16:41:02.097308+00:00,2.2584871
2025-08-06 16:41:15.147319+00:00,2.2584869
2025-08-06 16:41:29.124183+00:00,2.2584879
2025-08-06 16:41:41.190402+00:00,2.2584876
2025-08-06 16:41:54.031381+00:00,2.2584874
2025-08-06 16:42:07.116148+00:00,2.2584877
2025-08-06 16:42:22.463118+00:00,2.2584874
2025-08-06 16:42:33.503535+00:00,2.2584876
2025-08-06 16:42:46.305503+00:00,2.2584878
2025-08-06 16:42:58.521522+00:00,2.258487
2025-08-06 16:43:11.360136+00:00,2.258487
2025-08-06 16:43:24.127296+00:00,2.2584874
2025-08-06 16:43:37.771621+00:00,2.2584867
2025-08-06 16:43:49.998551+00:00,2.2584871
2025-08-06 16:44:03.402434+00:00,2.2584875
2025-08-06 16:44:15.805102+00:00,2.2584874
2025-08-06 16:44:28.501492+00:00,2.2584871
2025-08-06 16:44:42.895816+00:00,2.2584873
2025-08-06 16:44:54.055440+00:00,2.2584872
2025-08-06 16:45:07.416455+00:00,2.2584873
2025-08-06 16:45:19.640068+00:00,2.2584869
2025-08-06 16:45:32.865066+00:00,2.2584878
2025-08-06 16:45:45.027740+00:00,2.2584869
2025-08-06 16:45:57.911772+00:00,2.2584875
2025-08-06 16:46:10.833750+00:00,2.2584872
2025-08-06 16:46:23.442279+00:00,2.2584874
2025-08-06 16:46:36.543339+00:00,2.2584878
2025-08-06 16:46:49.743582+00:00,2.2584868
2025-08-06 16:47:02.035388+00:00,2.2584878
2025-08-06 16:47:14.957055+00:00,2.2584877
2025-08-06 16:47:28.303487+00:00,2.2584873
2025-08-06 16:47:41.234396+00:00,2.2584874
2025-08-06 16:47:53.741250+00:00,2.2584873
2025-08-06 16:48:06.622393+00:00,2.2584873
2025-08-06 16:48:19.401276+00:00,2.2584869
2025-08-06 16:48:31.864568+00:00,2.2584872
2025-08-06 16:48:44.235914+00:00,2.2584875
2025-08-06 16:48:58.245442+00:00,2.2584872
2025-08-06 16:49:10.232790+00:00,2.2584868
2025-08-06 16:49:23.178909+00:00,2.2584877
2025-08-06 16:49:36.058110+00:00,2.2584872
2025-08-06 16:49:48.928655+00:00,2.2584875
2025-08-06 16:50:01.820314+00:00,2.2584872
2025-08-06 16:50:14.311771+00:00,2.2584877
2025-08-06 16:50:27.284929+00:00,2.2584873
2025-08-06 16:50:39.716413+00:00,2.258487
2025-08-06 16:50:52.428259+00:00,2.2584871
2025-08-06 16:51:06.266366+00:00,2.2584875
2025-08-06 16:51:18.286477+00:00,2.2584877
2025-08-06 16:51:31.206274+00:00,2.2584872
2025-08-06 16:51:43.659926+00:00,2.2584875
2025-08-06 16:51:56.418637+00:00,2.2584874
2025-08-06 16:52:09.702002+00:00,2.2584877
2025-08-06 16:52:22.145006+00:00,2.258487
2025-08-06 16:52:35.801741+00:00,2.2584873
2025-08-06 16:52:48.127749+00:00,2.2584872
2025-08-06 16:53:01.304026+00:00,2.2584876
2025-08-06 16:53:14.153913+00:00,2.2584868
2025-08-06 16:53:27.014139+00:00,2.258487
2025-08-06 16:53:40.050196+00:00,2.2584876
2025-08-06 16:53:55.462530+00:00,2.2584875
2025-08-06 16:54:08.461090+00:00,2.2584869
2025-08-06 16:54:19.333385+00:00,2.2584877
2025-08-06 16:54:32.053740+00:00,2.2584875
2025-08-06 16:54:45.026836+00:00,2.2584878
2025-08-06 16:54:57.838246+00:00,2.2584869
2025-08-06 16:55:10.800109+00:00,2.2584867
2025-08-06 16:55:23.828529+00:00,2.2584877
2025-08-06 16:55:36.484807+00:00,2.2584871
2025-08-06 16:55:50.100336+00:00,2.258487
2025-08-06 16:56:02.782519+00:00,2.2584877
2025-08-06 16:56:14.873808+00:00,2.258487
2025-08-06 16:56:27.543476+00:00,2.2584878
2025-08-06 16:56:40.272547+00:00,2.2584869
2025-08-06 16:56:52.881943+00:00,2.2584862
2025-08-06 16:57:05.873150+00:00,2.2584871
2025-08-06 16:57:19.198212+00:00,2.2584871
2025-08-06 16:57:31.558173+00:00,2.2584873
2025-08-06 16:57:44.427331+00:00,2.2584872
2025-08-06 16:57:57.103905+00:00,2.2584875
2025-08-06 16:58:10.696419+00:00,2.2584872
2025-08-06 16:58:23.093683+00:00,2.2584877
2025-08-06 16:58:36.759976+00:00,2.2584866
2025-08-06 16:58:48.452681+00:00,2.2584878
2025-08-06 16:59:01.958113+00:00,2.258487
2025-08-06 16:59:14.308798+00:00,2.2584872
2025-08-06 16:59:27.229959+00:00,2.2584876
2025-08-06 16:59:39.858033+00:00,2.2584868
2025-08-06 16:59:54.232192+00:00,2.2584871
2025-08-06 17:00:05.460128+00:00,2.2584873
2025-08-06 17:00:19.403015+00:00,2.2584868
2025-08-06 17:00:31.920634+00:00,2.2584867
2025-08-06 17:00:43.688306+00:00,2.2584876
2025-08-06 17:00:56.384275+00:00,2.2584871
2025-08-06 17:01:09.260800+00:00,2.2584872
2025-08-06 17:01:22.016400+00:00,2.2584874
2025-08-06 17:01:34.872966+00:00,2.2584878
2025-08-06 17:01:48.824487+00:00,2.2584879
2025-08-06 17:02:00.813387+00:00,2.2584872
2025-08-06 17:02:13.130551+00:00,2.2584867
2025-08-06 17:02:25.931096+00:00,2.258487
2025-08-06 17:02:39.172722+00:00,2.2584874
2025-08-06 17:02:51.941821+00:00,2.2584872
2025-08-06 17:03:04.832017+00:00,2.2584873
2025-08-06 17:03:17.981631+00:00,2.2584872
2025-08-06 17:03:32.386340+00:00,2.258488
2025-08-06 17:03:43.550499+00:00,2.2584876
2025-08-06 17:03:56.605303+00:00,2.2584866
2025-08-06 17:04:10.558873+00:00,2.2584873
2025-08-06 17:04:23.095292+00:00,2.2584869
2025-08-06 17:04:35.661476+00:00,2.2584877
2025-08-06 17:04:48.487074+00:00,2.2584875
2025-08-06 17:05:01.909907+00:00,2.2584872
2025-08-06 17:05:14.878575+00:00,2.2584876
2025-08-06 17:05:27.239911+00:00,2.2584878
2025-08-06 17:05:40.234717+00:00,2.2584877
2025-08-06 17:05:53.036133+00:00,2.2584875
2025-08-06 17:06:05.941119+00:00,2.2584876
2025-08-06 17:06:19.148594+00:00,2.258487
2025-08-06 17:06:31.618410+00:00,2.2584874
2025-08-06 17:06:45.850169+00:00,2.258487
2025-08-06 17:06:57.553925+00:00,2.2584869
2025-08-06 17:07:10.284693+00:00,2.2584878
2025-08-06 17:07:22.885221+00:00,2.2584868
2025-08-06 17:07:35.564557+00:00,2.2584873
2025-08-06 17:07:50.274760+00:00,2.2584873
2025-08-06 17:08:01.007554+00:00,2.2584871
2025-08-06 17:08:13.586760+00:00,2.2584875
2025-08-06 17:08:26.507394+00:00,2.258487
2025-08-06 17:08:39.406252+00:00,2.258487
2025-08-06 17:08:54.345429+00:00,2.2584873
2025-08-06 17:09:06.906462+00:00,2.2584871
2025-08-06 17:09:17.642700+00:00,2.2584879
2025-08-06 17:09:30.379828+00:00,2.2584869
2025-08-06 17:09:43.274645+00:00,2.2584878
2025-08-06 17:09:58.877837+00:00,2.2584871
2025-08-06 17:10:10.229759+00:00,2.2584871
2025-08-06 17:10:21.557249+00:00,2.2584869
2025-08-06 17:10:34.818738+00:00,2.2584871
2025-08-06 17:10:47.373955+00:00,2.2584868
2025-08-06 17:11:00.178575+00:00,2.2584877
2025-08-06 17:11:12.815393+00:00,2.2584876
2025-08-06 17:11:25.526413+00:00,2.2584874
2025-08-06 17:11:38.211885+00:00,2.2584874
2025-08-06 17:11:51.031907+00:00,2.2584871
2025-08-06 17:12:03.815188+00:00,2.2584869
2025-08-06 17:12:17.044176+00:00,2.2584871
2025-08-06 17:12:29.289479+00:00,2.258488
2025-08-06 17:12:42.968528+00:00,2.2584869
2025-08-06 17:12:54.999421+00:00,2.2584879
2025-08-06 17:13:07.753507+00:00,2.2584876
2025-08-06 17:13:20.266519+00:00,2.2584877
2025-08-06 17:13:33.377650+00:00,2.258487
2025-08-06 17:13:46.359453+00:00,2.2584874
2025-08-06 17:13:59.810301+00:00,2.2584876
2025-08-06 17:14:12.014070+00:00,2.2584869
2025-08-06 17:14:25.129435+00:00,2.2584875
2025-08-06 17:14:39.104578+00:00,2.258487
2025-08-06 17:14:51.420088+00:00,2.2584869
2025-08-06 17:15:04.589730+00:00,2.2584874
2025-08-06 17:15:17.101700+00:00,2.2584875
2025-08-06 17:15:31.005504+00:00,2.2584876
2025-08-06 17:15:42.774960+00:00,2.2584879
2025-08-06 17:15:55.624181+00:00,2.258487
2025-08-06 17:16:08.530191+00:00,2.2584877
2025-08-06 17:16:21.795250+00:00,2.2584879
2025-08-06 17:16:34.226829+00:00,2.2584873
2025-08-06 17:16:47.077775+00:00,2.2584872
2025-08-06 17:16:59.791371+00:00,2.2584871
2025-08-06 17:17:12.884560+00:00,2.2584872
2025-08-06 17:17:25.543025+00:00,2.258487
2025-08-06 17:17:38.381467+00:00,2.2584873
2025-08-06 17:17:51.255044+00:00,2.2584876
2025-08-06 17:18:03.806422+00:00,2.2584875
2025-08-06 17:18:16.466570+00:00,2.2584871
2025-08-06 17:18:28.959255+00:00,2.258487
2025-08-06 17:18:42.090867+00:00,2.258487
2025-08-06 17:18:54.568839+00:00,2.258487
2025-08-06 17:19:07.550896+00:00,2.2584872
2025-08-06 17:19:20.569641+00:00,2.2584871
2025-08-06 17:19:33.069689+00:00,2.2584868
2025-08-06 17:19:46.071028+00:00,2.258487
2025-08-06 17:19:58.737771+00:00,2.2584876
2025-08-06 17:20:12.090330+00:00,2.2584875
2025-08-06 17:20:24.548809+00:00,2.2584878
2025-08-06 17:20:37.390172+00:00,2.2584877
2025-08-06 17:20:50.180590+00:00,2.2584874
2025-08-06 17:21:04.073800+00:00,2.2584876
2025-08-06 17:21:16.020089+00:00,2.2584875
2025-08-06 17:21:28.457393+00:00,2.2584877
2025-08-06 17:21:41.245417+00:00,2.2584876
2025-08-06 17:21:53.828923+00:00,2.2584877
2025-08-06 17:22:06.838748+00:00,2.258487
2025-08-06 17:22:20.172380+00:00,2.2584873
2025-08-06 17:22:32.190141+00:00,2.258487
2025-08-06 17:22:44.992743+00:00,2.2584875
2025-08-06 17:22:57.686980+00:00,2.2584881
2025-08-06 17:23:11.248741+00:00,2.2584873
2025-08-06 17:23:23.106521+00:00,2.2584874
2025-08-06 17:23:37.054805+00:00,2.2584873
2025-08-06 17:23:49.165754+00:00,2.2584874
2025-08-06 17:24:01.726137+00:00,2.2584873
2025-08-06 17:24:14.595273+00:00,2.258487
2025-08-06 17:24:27.529180+00:00,2.2584878
2025-08-06 17:24:40.243951+00:00,2.258487
2025-08-06 17:24:53.155685+00:00,2.2584878
2025-08-06 17:25:06.107866+00:00,2.2584873
2025-08-06 17:25:19.149218+00:00,2.2584875
2025-08-06 17:25:31.906529+00:00,2.2584868
2025-08-06 17:25:44.746012+00:00,2.2584869
2025-08-06 17:25:57.677865+00:00,2.2584874
2025-08-06 17:26:10.644962+00:00,2.2584876
2025-08-06 17:26:24.150650+00:00,2.2584873
2025-08-06 17:26:36.257631+00:00,2.2584873
2025-08-06 17:26:49.741514+00:00,2.2584879
2025-08-06 17:27:01.943090+00:00,2.2584878
2025-08-06 17:27:15.162276+00:00,2.2584872
2025-08-06 17:27:27.946068+00:00,2.2584872
2025-08-06 17:27:40.582087+00:00,2.2584874
2025-08-06 17:27:53.224084+00:00,2.2584878
2025-08-06 17:28:07.155947+00:00,2.2584874
2025-08-06 17:28:18.575658+00:00,2.2584877
2025-08-06 17:28:33.882408+00:00,2.2584871
2025-08-06 17:28:43.923439+00:00,2.2584879
2025-08-06 17:28:57.229901+00:00,2.2584873
2025-08-06 17:29:09.621363+00:00,2.2584878
2025-08-06 17:29:22.422283+00:00,2.258488
2025-08-06 17:29:36.703931+00:00,2.2584873
2025-08-06 17:29:48.247507+00:00,2.258487
2025-08-06 17:30:01.750024+00:00,2.2584877
2025-08-06 17:30:13.784329+00:00,2.2584874
2025-08-06 17:30:26.493495+00:00,2.2584872
2025-08-06 17:30:40.872538+00:00,2.2584869
2025-08-06 17:30:51.903402+00:00,2.2584879
2025-08-06 17:31:05.220263+00:00,2.2584873
2025-08-06 17:31:18.368402+00:00,2.2584878
2025-08-06 17:31:30.589918+00:00,2.2584874
2025-08-06 17:31:43.386867+00:00,2.2584873
2025-08-06 17:31:56.852225+00:00,2.2584869
2025-08-06 17:32:09.486599+00:00,2.2584876
2025-08-06 17:32:21.545149+00:00,2.2584869
2025-08-06 17:32:34.194403+00:00,2.2584868
2025-08-06 17:32:47.127702+00:00,2.258487
2025-08-06 17:32:59.909820+00:00,2.2584875
2025-08-06 17:33:12.767804+00:00,2.2584874
2025-08-06 17:33:26.244030+00:00,2.2584873
2025-08-06 17:33:38.116734+00:00,2.2584879
2025-08-06 17:33:50.895070+00:00,2.2584871
2025-08-06 17:34:03.899663+00:00,2.2584874
2025-08-06 17:34:17.810878+00:00,2.2584869
2025-08-06 17:34:29.614480+00:00,2.2584878
2025-08-06 17:34:42.821149+00:00,2.2584872
2025-08-06 17:34:55.501729+00:00,2.2584872
2025-08-06 17:35:09.383997+00:00,2.2584875
2025-08-06 17:35:21.773803+00:00,2.258487
2025-08-06 17:35:35.029666+00:00,2.2584876
2025-08-06 17:35:47.877907+00:00,2.2584867
2025-08-06 17:36:00.710190+00:00,2.2584873
2025-08-06 17:36:13.550098+00:00,2.2584873
2025-08-06 17:36:26.289066+00:00,2.2584873
2025-08-06 17:36:39.118723+00:00,2.2584878
2025-08-06 17:36:52.191398+00:00,2.2584872
2025-08-06 17:37:05.019247+00:00,2.2584877
2025-08-06 17:37:18.014946+00:00,2.258488
2025-08-06 17:37:30.755550+00:00,2.2584867
2025-08-06 17:37:43.617424+00:00,2.2584868
2025-08-06 17:37:56.367121+00:00,2.2584869
2025-08-06 17:38:09.388937+00:00,2.2584875
2025-08-06 17:38:23.296968+00:00,2.2584875
2025-08-06 17:38:35.633847+00:00,2.2584876
2025-08-06 17:38:47.812191+00:00,2.2584877
2025-08-06 17:39:02.976521+00:00,2.2584869
2025-08-06 17:39:12.749520+00:00,2.2584875
2025-08-06 17:39:25.116536+00:00,2.258487
2025-08-06 17:39:37.823481+00:00,2.2584877
2025-08-06 17:39:51.328383+00:00,2.2584872
2025-08-06 17:40:03.513329+00:00,2.2584867
2025-08-06 17:40:16.177728+00:00,2.2584876
2025-08-06 17:40:28.992983+00:00,2.2584874
2025-08-06 17:40:41.606444+00:00,2.2584875
2025-08-06 17:40:54.318879+00:00,2.258487
2025-08-06 17:41:06.997979+00:00,2.2584877
2025-08-06 17:41:19.726913+00:00,2.258487
2025-08-06 17:41:32.787826+00:00,2.258487
2025-08-06 17:41:45.917784+00:00,2.2584875
2025-08-06 17:41:58.703873+00:00,2.2584873
2025-08-06 17:42:11.206876+00:00,2.2584876
2025-08-06 17:42:23.951252+00:00,2.2584876
2025-08-06 17:42:36.921006+00:00,2.2584875
2025-08-06 17:42:49.712476+00:00,2.258487
2025-08-06 17:43:04.433106+00:00,2.2584871
2025-08-06 17:43:14.961418+00:00,2.2584877
2025-08-06 17:43:27.851630+00:00,2.2584872
2025-08-06 17:43:40.496104+00:00,2.2584874
2025-08-06 17:43:53.316342+00:00,2.2584874
2025-08-06 17:44:07.013118+00:00,2.2584878
2025-08-06 17:44:18.775397+00:00,2.2584878
2025-08-06 17:44:32.770323+00:00,2.2584869
2025-08-06 17:44:44.279431+00:00,2.258487
2025-08-06 17:44:57.032991+00:00,2.2584875
2025-08-06 17:45:10.527300+00:00,2.2584874
2025-08-06 17:45:22.977996+00:00,2.2584876
2025-08-06 17:45:35.944543+00:00,2.2584862
2025-08-06 17:45:48.817776+00:00,2.258488
2025-08-06 17:46:03.326819+00:00,2.258487
2025-08-06 17:46:14.681846+00:00,2.2584877
2025-08-06 17:46:28.071192+00:00,2.2584873
2025-08-06 17:46:40.592496+00:00,2.2584878
2025-08-06 17:46:53.655450+00:00,2.258487
2025-08-06 17:47:06.408672+00:00,2.2584877
2025-08-06 17:47:19.243685+00:00,2.2584868
2025-08-06 17:47:32.378636+00:00,2.2584881
2025-08-06 17:47:44.894735+00:00,2.2584873
2025-08-06 17:47:57.614980+00:00,2.2584875
2025-08-06 17:48:10.678201+00:00,2.2584875
2025-08-06 17:48:23.512286+00:00,2.2584878
2025-08-06 17:48:36.366651+00:00,2.2584872
2025-08-06 17:48:49.227387+00:00,2.2584877
2025-08-06 17:49:01.978422+00:00,2.2584875
2025-08-06 17:49:16.242754+00:00,2.2584872
2025-08-06 17:49:27.326357+00:00,2.2584877
2025-08-06 17:49:39.970030+00:00,2.2584875
2025-08-06 17:49:52.487948+00:00,2.2584871
2025-08-06 17:50:05.365172+00:00,2.2584872
2025-08-06 17:50:18.430436+00:00,2.2584877
2025-08-06 17:50:31.702142+00:00,2.2584876
2025-08-06 17:50:43.532358+00:00,2.2584876
2025-08-06 17:50:56.150936+00:00,2.2584877
2025-08-06 17:51:08.956912+00:00,2.258487
2025-08-06 17:51:21.656693+00:00,2.2584875
2025-08-06 17:51:34.842114+00:00,2.2584868
2025-08-06 17:51:47.416587+00:00,2.2584878
2025-08-06 17:51:59.931721+00:00,2.2584873
2025-08-06 17:52:13.190824+00:00,2.2584877
2025-08-06 17:52:26.003826+00:00,2.2584871
2025-08-06 17:52:38.665656+00:00,2.2584879
2025-08-06 17:52:51.388052+00:00,2.2584877
2025-08-06 17:53:04.331706+00:00,2.2584878
2025-08-06 17:53:17.192981+00:00,2.2584872
2025-08-06 17:53:29.729732+00:00,2.2584872
2025-08-06 17:53:42.492368+00:00,2.2584876
2025-08-06 17:53:55.378400+00:00,2.2584872
2025-08-06 17:54:09.645068+00:00,2.2584878
2025-08-06 17:54:20.663778+00:00,2.2584868
2025-08-06 17:54:33.752829+00:00,2.2584872
2025-08-06 17:54:47.305314+00:00,2.2584873
2025-08-06 17:54:59.369204+00:00,2.2584876
2025-08-06 17:55:13.427888+00:00,2.2584867
2025-08-06 17:55:25.535874+00:00,2.2584877
2025-08-06 17:55:38.145631+00:00,2.2584876
2025-08-06 17:55:50.984692+00:00,2.2584876
2025-08-06 17:56:05.069027+00:00,2.2584875
2025-08-06 17:56:16.640095+00:00,2.2584877
2025-08-06 17:56:30.468171+00:00,2.258488
2025-08-06 17:56:42.942900+00:00,2.2584878
2025-08-06 17:56:55.265673+00:00,2.2584876
2025-08-06 17:57:08.630296+00:00,2.2584874
2025-08-06 17:57:21.024658+00:00,2.2584877
2025-08-06 17:57:33.937197+00:00,2.2584872
2025-08-06 17:57:47.010786+00:00,2.2584873
2025-08-06 17:57:59.959294+00:00,2.2584875
2025-08-06 17:58:13.682153+00:00,2.2584876
2025-08-06 17:58:25.738693+00:00,2.2584878
2025-08-06 17:58:41.047162+00:00,2.2584878
2025-08-06 17:58:51.117892+00:00,2.2584874
2025-08-06 17:59:04.033125+00:00,2.2584876
2025-08-06 17:59:16.813048+00:00,2.2584878
2025-08-06 17:59:30.596721+00:00,2.2584877
2025-08-06 17:59:42.471399+00:00,2.2584872
2025-08-06 17:59:55.078049+00:00,2.2584875
2025-08-06 18:00:07.749825+00:00,2.2584874
2025-08-06 18:00:20.580170+00:00,2.2584874
2025-08-06 18:00:33.001221+00:00,2.2584879
2025-08-06 18:00:45.962119+00:00,2.2584873
2025-08-06 18:00:58.285051+00:00,2.2584871
2025-08-06 18:01:10.897091+00:00,2.2584875
2025-08-06 18:01:23.711176+00:00,2.2584878
2025-08-06 18:01:36.744981+00:00,2.2584875
2025-08-06 18:01:49.641036+00:00,2.2584872
2025-08-06 18:02:02.447018+00:00,2.2584876
2025-08-06 18:02:15.034910+00:00,2.2584871
2025-08-06 18:02:27.596782+00:00,2.2584875
2025-08-06 18:02:40.380185+00:00,2.2584873
2025-08-06 18:02:53.126826+00:00,2.2584872
2025-08-06 18:03:06.580169+00:00,2.2584875
2025-08-06 18:03:18.833449+00:00,2.2584876
2025-08-06 18:03:31.808297+00:00,2.2584874
2025-08-06 18:03:44.883846+00:00,2.2584875
2025-08-06 18:03:57.318171+00:00,2.2584876
2025-08-06 18:04:10.374521+00:00,2.2584874
2025-08-06 18:04:22.996810+00:00,2.2584873
2025-08-06 18:04:35.820892+00:00,2.2584875
2025-08-06 18:04:49.318218+00:00,2.258487
2025-08-06 18:05:01.090688+00:00,2.2584875
2025-08-06 18:05:13.850263+00:00,2.2584879
2025-08-06 18:05:26.588074+00:00,2.2584878
2025-08-06 18:05:40.120504+00:00,2.2584872
2025-08-06 18:05:52.331875+00:00,2.2584878
2025-08-06 18:06:05.263289+00:00,2.2584873
2025-08-06 18:06:17.731998+00:00,2.2584871
2025-08-06 18:06:30.457627+00:00,2.258488
2025-08-06 18:06:43.046555+00:00,2.258488
2025-08-06 18:06:56.316783+00:00,2.2584878
2025-08-06 18:07:09.803868+00:00,2.2584875
2025-08-06 18:07:21.920123+00:00,2.2584872
2025-08-06 18:07:34.830282+00:00,2.2584867
2025-08-06 18:07:47.668428+00:00,2.2584868
2025-08-06 18:08:01.006262+00:00,2.2584879
2025-08-06 18:08:14.563090+00:00,2.2584872
2025-08-06 18:08:27.302472+00:00,2.2584875
2025-08-06 18:08:39.533721+00:00,2.2584876
2025-08-06 18:08:52.451867+00:00,2.2584876
2025-08-06 18:09:05.759967+00:00,2.2584867
2025-08-06 18:09:18.491580+00:00,2.2584881
2025-08-06 18:09:32.192886+00:00,2.2584873
2025-08-06 18:09:44.267664+00:00,2.2584873
2025-08-06 18:09:56.717348+00:00,2.2584873
2025-08-06 18:10:10.616348+00:00,2.2584876
2025-08-06 18:10:22.474453+00:00,2.2584876
2025-08-06 18:10:35.599179+00:00,2.2584872
2025-08-06 18:10:48.220489+00:00,2.2584874
2025-08-06 18:11:01.707075+00:00,2.2584874
2025-08-06 18:11:13.783821+00:00,2.2584873
2025-08-06 18:11:26.188525+00:00,2.2584877
2025-08-06 18:11:39.207118+00:00,2.258488
2025-08-06 18:11:52.048745+00:00,2.2584872
2025-08-06 18:12:06.636180+00:00,2.2584872
2025-08-06 18:12:18.067045+00:00,2.2584878
2025-08-06 18:12:29.804482+00:00,2.2584873
2025-08-06 18:12:42.697047+00:00,2.258487
2025-08-06 18:12:55.762216+00:00,2.2584882
2025-08-06 18:13:08.268025+00:00,2.258487
2025-08-06 18:13:21.120488+00:00,2.2584869
2025-08-06 18:13:34.702942+00:00,2.2584867
2025-08-06 18:13:46.789677+00:00,2.2584875
2025-08-06 18:13:59.339332+00:00,2.2584879
2025-08-06 18:14:12.314807+00:00,2.2584876
2025-08-06 18:14:25.657760+00:00,2.2584878
2025-08-06 18:14:37.915038+00:00,2.258487
2025-08-06 18:14:50.376954+00:00,2.2584873
2025-08-06 18:15:03.359225+00:00,2.2584873
2025-08-06 18:15:18.067387+00:00,2.258487
2025-08-06 18:15:29.535909+00:00,2.2584875
2025-08-06 18:15:41.656379+00:00,2.2584869
2025-08-06 18:15:54.647695+00:00,2.2584871
2025-08-06 18:16:07.281934+00:00,2.2584873
2025-08-06 18:16:21.467699+00:00,2.2584875
2025-08-06 18:16:33.085743+00:00,2.2584871
2025-08-06 18:16:45.397055+00:00,2.2584872
2025-08-06 18:16:58.262096+00:00,2.2584877
2025-08-06 18:17:11.239596+00:00,2.2584876
2025-08-06 18:17:23.335220+00:00,2.2584872
2025-08-06 18:17:36.334573+00:00,2.2584875
2025-08-06 18:17:49.274735+00:00,2.2584872
2025-08-06 18:18:01.868176+00:00,2.258487
2025-08-06 18:18:14.941111+00:00,2.2584871
2025-08-06 18:18:28.049566+00:00,2.2584879
2025-08-06 18:18:40.799924+00:00,2.2584875
2025-08-06 18:18:53.492142+00:00,2.2584875
2025-08-06 18:19:07.264498+00:00,2.2584871
2025-08-06 18:19:20.799235+00:00,2.2584872
2025-08-06 18:19:34.055758+00:00,2.2584876
2025-08-06 18:19:45.552835+00:00,2.2584876
2025-08-06 18:19:58.148761+00:00,2.2584869
2025-08-06 18:20:11.139254+00:00,2.2584872
2025-08-06 18:20:24.018664+00:00,2.2584875
2025-08-06 18:20:36.831032+00:00,2.2584874
2025-08-06 18:20:49.764333+00:00,2.2584877
2025-08-06 18:21:02.811762+00:00,2.2584878
2025-08-06 18:21:15.915972+00:00,2.258487
2025-08-06 18:21:28.358869+00:00,2.2584875
2025-08-06 18:21:41.420096+00:00,2.2584869
2025-08-06 18:21:54.182110+00:00,2.2584876
2025-08-06 18:22:07.005615+00:00,2.2584876
2025-08-06 18:22:19.431704+00:00,2.2584871
2025-08-06 18:22:32.613968+00:00,2.2584875
2025-08-06 18:22:45.908132+00:00,2.2584878
2025-08-06 18:22:57.298634+00:00,2.2584877
2025-08-06 18:23:10.040018+00:00,2.2584873
2025-08-06 18:23:22.685397+00:00,2.2584875
2025-08-06 18:23:35.352595+00:00,2.2584871
2025-08-06 18:23:48.967684+00:00,2.2584875
2025-08-06 18:24:00.760670+00:00,2.2584869
2025-08-06 18:24:13.519036+00:00,2.258488
2025-08-06 18:24:26.291680+00:00,2.2584871
2025-08-06 18:24:39.988985+00:00,2.2584876
2025-08-06 18:24:53.446069+00:00,2.2584873
2025-08-06 18:25:05.422440+00:00,2.258488
2025-08-06 18:25:17.939625+00:00,2.258488
2025-08-06 18:25:30.701633+00:00,2.2584877
2025-08-06 18:25:43.294068+00:00,2.2584871
2025-08-06 18:25:56.075852+00:00,2.2584875
2025-08-06 18:26:09.075987+00:00,2.2584873
2025-08-06 18:26:21.589690+00:00,2.258487
2025-08-06 18:26:34.346138+00:00,2.2584879
2025-08-06 18:26:48.824693+00:00,2.2584868
2025-08-06 18:26:59.785037+00:00,2.2584875
2025-08-06 18:27:12.514923+00:00,2.2584871
2025-08-06 18:27:25.265948+00:00,2.2584875
2025-08-06 18:27:37.931013+00:00,2.2584876
2025-08-06 18:27:50.780658+00:00,2.2584873
2025-08-06 18:28:03.672152+00:00,2.2584877
2025-08-06 18:28:16.570195+00:00,2.2584871
2025-08-06 18:28:30.152046+00:00,2.2584876
2025-08-06 18:28:43.125565+00:00,2.258487
2025-08-06 18:28:55.518955+00:00,2.2584878
2025-08-06 18:29:08.484305+00:00,2.2584879
2025-08-06 18:29:21.161579+00:00,2.2584865
2025-08-06 18:29:34.304108+00:00,2.2584876
2025-08-06 18:29:53.096192+00:00,2.2584877
2025-08-06 18:30:00.258264+00:00,2.258487
2025-08-06 18:30:14.374679+00:00,2.2584871
2025-08-06 18:30:26.125452+00:00,2.2584878
2025-08-06 18:30:39.335984+00:00,2.2584868
2025-08-06 18:30:52.136456+00:00,2.2584875
2025-08-06 18:31:05.093915+00:00,2.2584871
2025-08-06 18:31:18.451294+00:00,2.2584879
2025-08-06 18:31:30.685454+00:00,2.2584875
2025-08-06 18:31:42.895041+00:00,2.2584875
2025-08-06 18:31:55.845580+00:00,2.2584874
2025-08-06 18:32:08.607935+00:00,2.2584879
2025-08-06 18:32:21.932264+00:00,2.2584877
2025-08-06 18:32:34.208293+00:00,2.258487
2025-08-06 18:32:47.113779+00:00,2.2584877
2025-08-06 18:33:00.223090+00:00,2.258487
2025-08-06 18:33:12.364057+00:00,2.258487
2025-08-06 18:33:24.933449+00:00,2.2584873
2025-08-06 18:33:37.531782+00:00,2.2584874
2025-08-06 18:33:50.372567+00:00,2.2584874
2025-08-06 18:34:02.940733+00:00,2.2584872
2025-08-06 18:34:15.929270+00:00,2.2584879
2025-08-06 18:34:28.820012+00:00,2.2584871
2025-08-06 18:34:41.438886+00:00,2.2584881
2025-08-06 18:34:54.389296+00:00,2.2584873
2025-08-06 18:35:08.967590+00:00,2.2584874
2025-08-06 18:35:19.932290+00:00,2.2584874
2025-08-06 18:35:33.070709+00:00,2.2584877
2025-08-06 18:35:46.895841+00:00,2.2584876
2025-08-06 18:35:57.920422+00:00,2.2584873
2025-08-06 18:36:10.737531+00:00,2.2584875
2025-08-06 18:36:23.461310+00:00,2.2584876
2025-08-06 18:36:36.373973+00:00,2.2584873
2025-08-06 18:36:49.406267+00:00,2.2584871
2025-08-06 18:37:02.350287+00:00,2.2584876
2025-08-06 18:37:14.993118+00:00,2.2584873
2025-08-06 18:37:27.661817+00:00,2.2584871
2025-08-06 18:37:40.922880+00:00,2.2584882
2025-08-06 18:37:53.160047+00:00,2.2584876
2025-08-06 18:38:07.568662+00:00,2.2584876
2025-08-06 18:38:18.666760+00:00,2.2584873
2025-08-06 18:38:31.700782+00:00,2.2584876
2025-08-06 18:38:44.240532+00:00,2.2584879
2025-08-06 18:38:57.058883+00:00,2.2584877
2025-08-06 18:39:11.407750+00:00,2.2584878
2025-08-06 18:39:22.891571+00:00,2.2584877
2025-08-06 18:39:35.473487+00:00,2.2584877
2025-08-06 18:39:48.032983+00:00,2.2584873
2025-08-06 18:40:02.229867+00:00,2.2584875
2025-08-06 18:40:16.271303+00:00,2.2584878
2025-08-06 18:40:26.830239+00:00,2.2584871
2025-08-06 18:40:39.532831+00:00,2.2584867
2025-08-06 18:40:52.706157+00:00,2.2584881
2025-08-06 18:41:05.780702+00:00,2.2584876
2025-08-06 18:41:18.632095+00:00,2.2584876
2025-08-06 18:41:32.119216+00:00,2.2584875
2025-08-06 18:41:44.622370+00:00,2.2584878
2025-08-06 18:41:57.171007+00:00,2.2584871
2025-08-06 18:42:10.105913+00:00,2.2584871
2025-08-06 18:42:24.196422+00:00,2.2584872
2025-08-06 18:42:37.015370+00:00,2.2584868
2025-08-06 18:42:48.846054+00:00,2.2584877
2025-08-06 18:43:01.977700+00:00,2.2584877
2025-08-06 18:43:14.504465+00:00,2.2584872
2025-08-06 18:43:27.319793+00:00,2.2584873
2025-08-06 18:43:40.126290+00:00,2.2584868
2025-08-06 18:43:53.195244+00:00,2.2584878
2025-08-06 18:44:05.777473+00:00,2.2584876
2025-08-06 18:44:18.260842+00:00,2.2584878
2025-08-06 18:44:30.857754+00:00,2.258487
2025-08-06 18:44:43.641996+00:00,2.2584871
2025-08-06 18:44:56.748076+00:00,2.2584873
2025-08-06 18:45:09.126451+00:00,2.258487
2025-08-06 18:45:22.849457+00:00,2.2584873
2025-08-06 18:45:34.320191+00:00,2.2584873
2025-08-06 18:45:47.088500+00:00,2.2584877
2025-08-06 18:45:59.682805+00:00,2.2584878
2025-08-06 18:46:13.873373+00:00,2.2584871
2025-08-06 18:46:25.498272+00:00,2.2584867
2025-08-06 18:46:38.125517+00:00,2.2584876
2025-08-06 18:46:50.906625+00:00,2.2584877
2025-08-06 18:47:03.909416+00:00,2.2584873
2025-08-06 18:47:16.473970+00:00,2.2584869
2025-08-06 18:47:29.378716+00:00,2.2584878
2025-08-06 18:47:42.174427+00:00,2.2584877
2025-08-06 18:47:55.618512+00:00,2.2584878
2025-08-06 18:48:08.839524+00:00,2.2584873
2025-08-06 18:48:21.232503+00:00,2.2584877
2025-08-06 18:48:33.652704+00:00,2.2584876
2025-08-06 18:48:46.872856+00:00,2.2584873
2025-08-06 18:48:59.546135+00:00,2.2584872
2025-08-06 18:49:11.879354+00:00,2.2584874
2025-08-06 18:49:24.497722+00:00,2.2584868
2025-08-06 18:49:38.001896+00:00,2.2584875
2025-08-06 18:49:51.294578+00:00,2.2584878
2025-08-06 18:50:02.959434+00:00,2.2584878
2025-08-06 18:50:15.639272+00:00,2.2584875
2025-08-06 18:50:28.485617+00:00,2.2584877
2025-08-06 18:50:41.262399+00:00,2.2584869
2025-08-06 18:50:55.281189+00:00,2.2584879
2025-08-06 18:51:07.033904+00:00,2.2584876
2025-08-06 18:51:19.847354+00:00,2.2584877
2025-08-06 18:51:33.348277+00:00,2.2584879
2025-08-06 18:51:45.524863+00:00,2.2584869
2025-08-06 18:51:58.512801+00:00,2.2584878
2025-08-06 18:52:11.452792+00:00,2.258488
2025-08-06 18:52:24.774591+00:00,2.2584863
2025-08-06 18:52:37.334562+00:00,2.2584879
2025-08-06 18:52:50.291968+00:00,2.2584868
2025-08-06 18:53:04.389258+00:00,2.2584872
2025-08-06 18:53:17.901705+00:00,2.2584875
2025-08-06 18:53:28.877192+00:00,2.2584875
2025-08-06 18:53:41.698861+00:00,2.2584879
2025-08-06 18:53:54.455788+00:00,2.2584882
2025-08-06 18:54:07.576470+00:00,2.2584878
2025-08-06 18:54:20.801563+00:00,2.2584878
2025-08-06 18:54:33.654358+00:00,2.2584877
2025-08-06 18:54:46.427525+00:00,2.2584861
2025-08-06 18:54:59.171860+00:00,2.2584877
2025-08-06 18:55:11.666379+00:00,2.2584877
2025-08-06 18:55:24.316929+00:00,2.2584867
2025-08-06 18:55:37.887817+00:00,2.2584868
2025-08-06 18:55:49.346385+00:00,2.2584876
2025-08-06 18:56:02.060716+00:00,2.2584877
2025-08-06 18:56:14.586485+00:00,2.2584876
2025-08-06 18:56:27.436532+00:00,2.258487
2025-08-06 18:56:40.001691+00:00,2.2584875
2025-08-06 18:56:52.780430+00:00,2.258487
2025-08-06 18:57:05.529315+00:00,2.2584871
2025-08-06 18:57:18.358217+00:00,2.2584871
2025-08-06 18:57:31.278393+00:00,2.2584866
2025-08-06 18:57:44.172476+00:00,2.2584869
2025-08-06 18:57:56.947311+00:00,2.2584877
2025-08-06 18:58:09.798123+00:00,2.2584877
2025-08-06 18:58:22.289159+00:00,2.2584869
2025-08-06 18:58:35.112620+00:00,2.2584871
2025-08-06 18:58:47.896793+00:00,2.2584875
2025-08-06 18:59:01.319135+00:00,2.2584879
2025-08-06 18:59:13.294921+00:00,2.2584876
2025-08-06 18:59:25.911371+00:00,2.2584865
2025-08-06 18:59:39.498223+00:00,2.258488
2025-08-06 18:59:51.904938+00:00,2.2584872
2025-08-06 19:00:04.763680+00:00,2.2584873
2025-08-06 19:00:17.140517+00:00,2.2584879
2025-08-06 19:00:30.099216+00:00,2.2584876
2025-08-06 19:00:43.039992+00:00,2.2584874
2025-08-06 19:00:55.405951+00:00,2.2584878
2025-08-06 19:01:08.432759+00:00,2.2584868
2025-08-06 19:01:21.011888+00:00,2.2584879
2025-08-06 19:01:33.811698+00:00,2.2584871
2025-08-06 19:01:46.612683+00:00,2.2584867
2025-08-06 19:01:59.255181+00:00,2.2584878
2025-08-06 19:02:12.138045+00:00,2.258488
2025-08-06 19:02:24.944173+00:00,2.2584861
2025-08-06 19:02:37.412529+00:00,2.2584869
2025-08-06 19:02:50.318222+00:00,2.2584872
2025-08-06 19:03:03.301003+00:00,2.2584876
2025-08-06 19:03:17.360847+00:00,2.2584876
2025-08-06 19:03:29.129909+00:00,2.2584878
2025-08-06 19:03:41.935656+00:00,2.2584878
2025-08-06 19:03:54.982720+00:00,2.2584878
2025-08-06 19:04:08.961740+00:00,2.2584878
2025-08-06 19:04:20.888547+00:00,2.2584879
2025-08-06 19:04:33.948104+00:00,2.2584877
2025-08-06 19:04:47.012738+00:00,2.2584875
2025-08-06 19:04:59.644680+00:00,2.2584878
2025-08-06 19:05:12.669945+00:00,2.2584874
2025-08-06 19:05:25.600804+00:00,2.2584861
2025-08-06 19:05:38.765999+00:00,2.2584882
2025-08-06 19:05:51.216062+00:00,2.2584873
2025-08-06 19:06:04.057591+00:00,2.2584869
2025-08-06 19:06:18.169292+00:00,2.2584863
2025-08-06 19:06:29.753748+00:00,2.2584877
2025-08-06 19:06:43.344539+00:00,2.2584873
2025-08-06 19:06:55.311453+00:00,2.2584871
2025-08-06 19:07:08.433376+00:00,2.2584877
2025-08-06 19:07:23.813880+00:00,2.258488
2025-08-06 19:07:33.955131+00:00,2.2584866
2025-08-06 19:07:46.247620+00:00,2.2584874
2025-08-06 19:07:58.615588+00:00,2.2584877
2025-08-06 19:08:11.388031+00:00,2.2584877
2025-08-06 19:08:26.542593+00:00,2.2584871
2025-08-06 19:08:36.677795+00:00,2.2584874
2025-08-06 19:08:49.577364+00:00,2.2584876
2025-08-06 19:09:03.643526+00:00,2.2584869
2025-08-06 19:09:16.111091+00:00,2.2584873
2025-08-06 19:09:28.060928+00:00,2.2584878
2025-08-06 19:09:40.943864+00:00,2.2584877
2025-08-06 19:09:53.928956+00:00,2.2584873
2025-08-06 19:10:06.541342+00:00,2.2584878
2025-08-06 19:10:19.475017+00:00,2.2584879
2025-08-06 19:10:31.925472+00:00,2.2584873
2025-08-06 19:10:45.259924+00:00,2.2584877
2025-08-06 19:10:57.275688+00:00,2.2584871
2025-08-06 19:11:10.204243+00:00,2.258487
2025-08-06 19:11:22.985030+00:00,2.2584864
2025-08-06 19:11:36.075897+00:00,2.2584871
2025-08-06 19:11:48.685703+00:00,2.2584869
2025-08-06 19:12:01.423378+00:00,2.2584871
2025-08-06 19:12:15.564122+00:00,2.2584869
2025-08-06 19:12:26.873074+00:00,2.258488
2025-08-06 19:12:39.582011+00:00,2.2584873
2025-08-06 19:12:52.423710+00:00,2.2584878
2025-08-06 19:13:06.052990+00:00,2.2584874
2025-08-06 19:13:18.459863+00:00,2.2584879
2025-08-06 19:13:31.822126+00:00,2.2584882
2025-08-06 19:13:44.061017+00:00,2.2584869
2025-08-06 19:13:55.906674+00:00,2.2584864
2025-08-06 19:14:22.360990+00:00,2.2584871
2025-08-06 19:14:34.488931+00:00,2.2584879
2025-08-06 19:14:47.562562+00:00,2.2584867
2025-08-06 19:15:00.418336+00:00,2.2584876
2025-08-06 19:15:13.402463+00:00,2.2584864
2025-08-06 19:15:28.153524+00:00,2.258487
2025-08-06 19:15:39.287289+00:00,2.2584866
2025-08-06 19:15:52.410164+00:00,2.258487
2025-08-06 19:16:05.367383+00:00,2.2584879
2025-08-06 19:16:45.151914+00:00,2.2584873
2025-08-06 19:16:56.891952+00:00,2.2584873
2025-08-06 19:18:52.781764+00:00,2.2584862
2025-08-06 19:19:55.606412+00:00,2.2584859
2025-08-06 19:27:19.876999+00:00,2.2584875
2025-08-06 19:27:33.055759+00:00,2.258487
2025-08-06 19:27:45.806532+00:00,2.2584874
2025-08-06 19:27:58.508496+00:00,2.258488
2025-08-06 19:28:12.658927+00:00,2.2584872
2025-08-06 19:28:24.412220+00:00,2.2584873
2025-08-06 19:28:37.192585+00:00,2.2584872
2025-08-06 19:28:49.987180+00:00,2.2584872
2025-08-06 19:29:04.680032+00:00,2.2584869
2025-08-06 19:29:15.539042+00:00,2.2584868
2025-08-06 19:29:28.330800+00:00,2.2584877
2025-08-06 19:29:41.304373+00:00,2.258487
2025-08-06 19:29:53.743332+00:00,2.2584868
2025-08-06 19:30:06.477360+00:00,2.2584874
2025-08-06 19:30:19.161934+00:00,2.2584878
2025-08-06 19:30:31.780217+00:00,2.2584877
2025-08-06 19:30:44.274316+00:00,2.2584869
2025-08-06 19:30:57.108886+00:00,2.2584876
2025-08-06 19:31:10.729748+00:00,2.2584874
2025-08-06 19:31:22.286422+00:00,2.2584875
2025-08-06 19:31:35.067585+00:00,2.2584871
2025-08-06 19:31:47.712558+00:00,2.2584864
2025-08-06 19:32:00.505303+00:00,2.2584872
2025-08-06 19:32:13.257270+00:00,2.2584867
2025-08-06 19:32:27.083425+00:00,2.2584873
2025-08-06 19:32:40.286934+00:00,2.258487
2025-08-06 19:32:52.402518+00:00,2.2584877
2025-08-06 19:33:05.684357+00:00,2.2584871
2025-08-06 19:33:17.509744+00:00,2.2584876
2025-08-06 19:33:30.181243+00:00,2.2584867
2025-08-06 19:33:42.926391+00:00,2.2584872
2025-08-06 19:33:55.549633+00:00,2.2584876
2025-08-06 19:34:10.067622+00:00,2.2584876
2025-08-06 19:34:21.328505+00:00,2.2584875
2025-08-06 19:34:34.399533+00:00,2.2584873
2025-08-06 19:34:47.094841+00:00,2.2584868
2025-08-06 19:34:59.751378+00:00,2.2584871
2025-08-06 19:35:12.766511+00:00,2.2584871
2025-08-06 19:35:25.604468+00:00,2.2584875
2025-08-06 19:35:38.008243+00:00,2.2584872
2025-08-06 19:35:50.756283+00:00,2.2584875
2025-08-06 19:36:03.480458+00:00,2.2584878
2025-08-06 19:36:16.855942+00:00,2.258487
2025-08-06 19:36:28.903290+00:00,2.2584872
2025-08-06 19:36:41.871928+00:00,2.2584872
2025-08-06 19:36:54.654126+00:00,2.2584875
2025-08-06 19:37:07.676445+00:00,2.2584872
2025-08-06 19:37:20.120821+00:00,2.2584869
2025-08-06 19:37:33.060320+00:00,2.2584878
2025-08-06 19:37:45.919763+00:00,2.2584874
2025-08-06 19:37:58.913434+00:00,2.2584871
2025-08-06 19:38:11.676952+00:00,2.2584878
2025-08-06 19:38:24.545153+00:00,2.2584872
2025-08-06 19:38:37.425561+00:00,2.2584873
2025-08-06 19:38:50.550904+00:00,2.258487
2025-08-06 19:39:03.468003+00:00,2.2584879
2025-08-06 19:39:16.141740+00:00,2.2584876
2025-08-06 19:39:29.450371+00:00,2.2584874
2025-08-06 19:39:43.151152+00:00,2.2584874
2025-08-06 19:39:54.691018+00:00,2.2584877
2025-08-06 19:40:07.404950+00:00,2.2584879
2025-08-06 19:40:20.308946+00:00,2.2584875
2025-08-06 19:40:33.129776+00:00,2.2584872
2025-08-06 19:40:46.900675+00:00,2.2584876
2025-08-06 19:40:58.606934+00:00,2.2584877
2025-08-06 19:41:11.840474+00:00,2.2584872
2025-08-06 19:41:23.767121+00:00,2.258488
2025-08-06 19:41:36.360262+00:00,2.2584877
2025-08-06 19:41:48.785311+00:00,2.2584875
2025-08-06 19:42:01.378291+00:00,2.2584877
2025-08-06 19:42:14.332263+00:00,2.2584876
2025-08-06 19:42:26.630136+00:00,2.2584875
2025-08-06 19:42:39.473116+00:00,2.2584876
2025-08-06 19:42:52.387584+00:00,2.2584877
2025-08-06 19:43:05.337389+00:00,2.2584877
2025-08-06 19:43:18.494107+00:00,2.2584874
2025-08-06 19:43:30.904110+00:00,2.2584872
2025-08-06 19:43:43.712753+00:00,2.2584876
2025-08-06 19:43:56.678303+00:00,2.2584875
2025-08-06 19:44:09.151974+00:00,2.2584874
2025-08-06 19:44:21.727982+00:00,2.2584871
2025-08-06 19:44:34.795189+00:00,2.2584871
2025-08-06 19:44:47.009457+00:00,2.2584874
2025-08-06 19:44:59.870647+00:00,2.2584872
2025-08-06 19:45:12.557905+00:00,2.2584875
2025-08-06 19:45:25.241099+00:00,2.2584869
2025-08-06 19:45:38.035960+00:00,2.2584876
2025-08-06 19:45:52.683874+00:00,2.2584875
2025-08-06 19:46:03.910695+00:00,2.258487
2025-08-06 19:46:16.860003+00:00,2.2584881
2025-08-06 19:46:29.192576+00:00,2.2584869
2025-08-06 19:46:42.574843+00:00,2.2584878
2025-08-06 19:46:55.129035+00:00,2.2584869
2025-08-06 19:47:07.483672+00:00,2.2584873
2025-08-06 19:47:19.867548+00:00,2.2584877
2025-08-06 19:47:32.981786+00:00,2.2584878
2025-08-06 19:47:45.469048+00:00,2.2584873
2025-08-06 19:47:58.173999+00:00,2.2584875
2025-08-06 19:48:10.915216+00:00,2.2584873
2025-08-06 19:48:23.639405+00:00,2.2584874
2025-08-06 19:48:36.843208+00:00,2.2584873
2025-08-06 19:48:49.533592+00:00,2.2584871
2025-08-06 19:49:02.237359+00:00,2.2584875
2025-08-06 19:49:15.602728+00:00,2.2584877
2025-08-06 19:49:27.874521+00:00,2.2584877
2025-08-06 19:49:41.667145+00:00,2.2584875
2025-08-06 19:49:53.745427+00:00,2.2584877
2025-08-06 19:50:07.286815+00:00,2.258487
2025-08-06 19:50:19.909492+00:00,2.2584876
2025-08-06 19:50:32.704804+00:00,2.2584878
2025-08-06 19:50:45.508618+00:00,2.258488
2025-08-06 19:50:58.920950+00:00,2.2584875
2025-08-06 19:51:11.946453+00:00,2.2584878
2025-08-06 19:51:24.127651+00:00,2.2584878
2025-08-06 19:51:36.669457+00:00,2.2584873
2025-08-06 19:51:49.534208+00:00,2.2584877
2025-08-06 19:52:04.010759+00:00,2.2584877
2025-08-06 19:52:15.296082+00:00,2.2584868
2025-08-06 19:52:28.119750+00:00,2.2584875
2025-08-06 19:52:40.816257+00:00,2.2584878
2025-08-06 19:52:53.943251+00:00,2.2584874
2025-08-06 19:53:07.367467+00:00,2.2584875
2025-08-06 19:53:19.535409+00:00,2.258487
2025-08-06 19:53:33.194826+00:00,2.2584879
2025-08-06 19:53:44.162562+00:00,2.2584878
2025-08-06 19:53:57.388746+00:00,2.2584874
2025-08-06 19:54:10.013827+00:00,2.2584866
2025-08-06 19:54:22.358220+00:00,2.2584876
2025-08-06 19:54:35.681317+00:00,2.258487
2025-08-06 19:54:51.339819+00:00,2.2584874
2025-08-06 19:55:01.170789+00:00,2.2584871
2025-08-06 19:55:13.761969+00:00,2.2584875
2025-08-06 19:55:26.261550+00:00,2.2584879
2025-08-06 19:55:38.979135+00:00,2.258488
2025-08-06 19:55:52.755486+00:00,2.2584875
2025-08-06 19:56:04.760836+00:00,2.2584869
2025-08-06 19:56:18.733878+00:00,2.2584875
2025-08-06 19:56:32.583243+00:00,2.2584879
2025-08-06 19:56:43.192735+00:00,2.2584877
2025-08-06 19:56:55.504197+00:00,2.2584873
2025-08-06 19:57:08.317748+00:00,2.2584874
2025-08-06 19:57:22.836056+00:00,2.2584881
2025-08-06 19:57:33.624450+00:00,2.2584876
2025-08-06 19:57:46.502542+00:00,2.2584878
2025-08-06 19:57:59.011600+00:00,2.2584872
2025-08-06 19:58:11.873914+00:00,2.2584875
2025-08-06 19:58:24.494225+00:00,2.2584881
2025-08-06 19:58:38.226795+00:00,2.2584872
2025-08-06 19:58:50.429549+00:00,2.2584877
2025-08-06 19:59:02.988503+00:00,2.2584871
2025-08-06 19:59:15.672300+00:00,2.2584878
2025-08-06 19:59:28.549050+00:00,2.2584881
2025-08-06 19:59:41.055361+00:00,2.2584874
2025-08-06 19:59:53.752742+00:00,2.2584873
2025-08-06 20:00:06.936166+00:00,2.2584872
2025-08-06 20:00:19.472233+00:00,2.2584876
2025-08-06 20:00:32.347227+00:00,2.2584876
2025-08-06 20:00:44.839158+00:00,2.2584879
2025-08-06 20:00:58.045258+00:00,2.2584872
2025-08-06 20:01:10.125897+00:00,2.2584872
2025-08-06 20:01:22.853034+00:00,2.2584877
2025-08-06 20:01:35.843211+00:00,2.2584878
2025-08-06 20:01:51.641951+00:00,2.2584876
2025-08-06 20:02:02.315868+00:00,2.2584874
2025-08-06 20:02:14.432237+00:00,2.2584874
2025-08-06 20:02:27.393396+00:00,2.2584871
2025-08-06 20:02:40.275466+00:00,2.2584876
2025-08-06 20:02:53.071139+00:00,2.2584875
2025-08-06 20:03:05.998750+00:00,2.2584875
2025-08-06 20:03:18.933731+00:00,2.2584873
2025-08-06 20:03:32.447247+00:00,2.2584871
2025-08-06 20:03:44.936142+00:00,2.2584877
2025-08-06 20:03:58.544276+00:00,2.2584878
2025-08-06 20:04:10.612762+00:00,2.2584877
2025-08-06 20:04:23.533700+00:00,2.2584873
2025-08-06 20:04:36.336120+00:00,2.2584876
2025-08-06 20:04:49.047571+00:00,2.2584877
2025-08-06 20:05:03.983342+00:00,2.2584874
2025-08-06 20:05:14.687040+00:00,2.2584874
2025-08-06 20:05:29.388814+00:00,2.2584875
2025-08-06 20:05:40.114573+00:00,2.2584874
2025-08-06 20:05:52.900957+00:00,2.2584873
2025-08-06 20:06:05.093796+00:00,2.2584879
2025-08-06 20:06:17.622376+00:00,2.2584874
2025-08-06 20:06:30.661027+00:00,2.2584877
2025-08-06 20:06:42.932817+00:00,2.2584877
2025-08-06 20:06:55.693122+00:00,2.2584871
2025-08-06 20:07:08.663765+00:00,2.2584872
2025-08-06 20:07:21.453544+00:00,2.2584874
2025-08-06 20:07:34.150288+00:00,2.258488
2025-08-06 20:07:46.979586+00:00,2.2584873
2025-08-06 20:07:59.520304+00:00,2.2584878
2025-08-06 20:08:12.504822+00:00,2.258488
2025-08-06 20:08:24.890265+00:00,2.258488
2025-08-06 20:08:37.701075+00:00,2.258488
2025-08-06 20:08:50.508804+00:00,2.258488
2025-08-06 20:09:03.252383+00:00,2.2584871
2025-08-06 20:09:16.030817+00:00,2.258487
2025-08-06 20:09:28.868447+00:00,2.2584871
2025-08-06 20:09:41.423254+00:00,2.258487
2025-08-06 20:09:54.316774+00:00,2.2584879
2025-08-06 20:10:07.162695+00:00,2.2584871
2025-08-06 20:10:20.412936+00:00,2.2584878
2025-08-06 20:10:32.466244+00:00,2.258488
2025-08-06 20:10:45.013435+00:00,2.2584872
2025-08-06 20:10:57.671469+00:00,2.2584878
2025-08-06 20:11:10.533977+00:00,2.2584874
2025-08-06 20:11:23.618692+00:00,2.258488
2025-08-06 20:11:36.174581+00:00,2.2584878
2025-08-06 20:11:48.722331+00:00,2.258487
2025-08-06 20:12:01.768275+00:00,2.2584877
2025-08-06 20:12:14.410069+00:00,2.2584873
2025-08-06 20:12:27.441312+00:00,2.2584876
2025-08-06 20:12:40.374317+00:00,2.2584871
2025-08-06 20:12:53.439338+00:00,2.2584878
2025-08-06 20:13:06.606071+00:00,2.2584875
2025-08-06 20:13:19.689002+00:00,2.2584875
2025-08-06 20:13:32.006232+00:00,2.2584877
2025-08-06 20:13:44.840095+00:00,2.2584876
2025-08-06 20:13:57.772760+00:00,2.2584875
2025-08-06 20:14:10.422758+00:00,2.258488
2025-08-06 20:14:23.131970+00:00,2.2584873
2025-08-06 20:14:36.082588+00:00,2.2584873
2025-08-06 20:14:48.735136+00:00,2.2584879
2025-08-06 20:15:01.728067+00:00,2.2584874
2025-08-06 20:15:15.630281+00:00,2.2584879
2025-08-06 20:15:27.667378+00:00,2.2584873
2025-08-06 20:15:40.226046+00:00,2.2584872
2025-08-06 20:15:52.867192+00:00,2.2584878
2025-08-06 20:16:05.879626+00:00,2.2584877
2025-08-06 20:16:18.684345+00:00,2.2584875
2025-08-06 20:16:31.098653+00:00,2.2584881
2025-08-06 20:16:43.301677+00:00,2.2584875
2025-08-06 20:16:56.038539+00:00,2.2584871
2025-08-06 20:17:09.171551+00:00,2.2584878
2025-08-06 20:17:21.599512+00:00,2.258487
2025-08-06 20:17:34.503385+00:00,2.2584877
2025-08-06 20:17:47.286332+00:00,2.2584873
2025-08-06 20:18:00.151492+00:00,2.2584878
2025-08-06 20:18:13.031351+00:00,2.2584875
2025-08-06 20:18:25.339372+00:00,2.2584874
2025-08-06 20:18:38.056667+00:00,2.2584878
2025-08-06 20:18:50.706536+00:00,2.2584876
2025-08-06 20:19:03.590240+00:00,2.258487
2025-08-06 20:19:16.937427+00:00,2.2584883
2025-08-06 20:19:29.232577+00:00,2.2584874
2025-08-06 20:19:42.410883+00:00,2.2584875
2025-08-06 20:19:54.509407+00:00,2.2584875
2025-08-06 20:20:07.306488+00:00,2.2584877
2025-08-06 20:20:19.848521+00:00,2.2584874
2025-08-06 20:20:32.723202+00:00,2.2584868
2025-08-06 20:20:45.997691+00:00,2.258488
2025-08-06 20:20:58.502750+00:00,2.2584877
2025-08-06 20:21:11.230027+00:00,2.258488
2025-08-06 20:21:23.919534+00:00,2.2584876
2025-08-06 20:21:36.269355+00:00,2.2584873
2025-08-06 20:21:49.109039+00:00,2.2584873
2025-08-06 20:22:01.796344+00:00,2.2584878
2025-08-06 20:22:15.100079+00:00,2.2584881
2025-08-06 20:22:27.401318+00:00,2.2584878
2025-08-06 20:22:40.092577+00:00,2.2584876
2025-08-06 20:22:52.967664+00:00,2.2584871
2025-08-06 20:23:06.301246+00:00,2.2584875
2025-08-06 20:23:19.932080+00:00,2.2584874
2025-08-06 20:23:33.651203+00:00,2.2584879
2025-08-06 20:23:44.516552+00:00,2.2584874
2025-08-06 20:23:57.212729+00:00,2.2584873
2025-08-06 20:24:10.468138+00:00,2.2584879
2025-08-06 20:24:23.712553+00:00,2.258488
2025-08-06 20:24:36.138019+00:00,2.2584876
2025-08-06 20:24:48.876830+00:00,2.2584878
2025-08-06 20:25:02.449117+00:00,2.2584878
2025-08-06 20:25:14.892475+00:00,2.2584878
2025-08-06 20:25:27.974075+00:00,2.2584874
2025-08-06 20:25:41.211437+00:00,2.2584869
2025-08-06 20:25:53.606178+00:00,2.258488
2025-08-06 20:26:06.168851+00:00,2.258488
2025-08-06 20:26:19.787440+00:00,2.2584881
2025-08-06 20:26:33.364697+00:00,2.2584873
2025-08-06 20:26:45.139296+00:00,2.2584875
2025-08-06 20:26:57.747860+00:00,2.2584874
2025-08-06 20:27:10.287830+00:00,2.2584879
2025-08-06 20:27:22.935728+00:00,2.2584876
2025-08-06 20:27:35.237457+00:00,2.2584877
2025-08-06 20:27:47.995724+00:00,2.2584875
2025-08-06 20:28:00.502422+00:00,2.2584876
2025-08-06 20:28:13.212148+00:00,2.2584878
2025-08-06 20:28:25.896188+00:00,2.2584877
2025-08-06 20:28:39.230521+00:00,2.2584874
2025-08-06 20:28:51.591380+00:00,2.2584876
2025-08-06 20:29:04.237164+00:00,2.2584876
2025-08-06 20:29:20.641831+00:00,2.2584874
2025-08-06 20:29:29.596363+00:00,2.2584879
2025-08-06 20:29:42.839006+00:00,2.2584879
2025-08-06 20:29:54.990024+00:00,2.258488
2025-08-06 20:30:08.450581+00:00,2.2584879
2025-08-06 20:30:20.493780+00:00,2.2584876
2025-08-06 20:30:34.040469+00:00,2.2584875
2025-08-06 20:30:45.783990+00:00,2.2584877
2025-08-06 20:30:58.559479+00:00,2.2584877
2025-08-06 20:31:11.423741+00:00,2.2584877
2025-08-06 20:31:23.992113+00:00,2.2584878
2025-08-06 20:31:37.691340+00:00,2.2584873
2025-08-06 20:31:49.610374+00:00,2.2584876
2025-08-06 20:32:02.380179+00:00,2.258488
2025-08-06 20:32:15.289018+00:00,2.2584871
2025-08-06 20:32:27.594650+00:00,2.2584875
2025-08-06 20:32:40.348286+00:00,2.2584875
2025-08-06 20:32:53.542948+00:00,2.2584874
2025-08-06 20:33:05.703205+00:00,2.2584877
2025-08-06 20:33:18.385431+00:00,2.2584873
2025-08-06 20:33:32.435516+00:00,2.2584875
2025-08-06 20:33:44.479957+00:00,2.2584874
2025-08-06 20:33:57.282311+00:00,2.2584877
2025-08-06 20:34:09.508255+00:00,2.258488
2025-08-06 20:34:22.200086+00:00,2.258488
2025-08-06 20:34:35.296498+00:00,2.2584879
2025-08-06 20:34:48.243793+00:00,2.2584873
2025-08-06 20:35:01.829560+00:00,2.2584875
2025-08-06 20:35:13.757850+00:00,2.258488
2025-08-06 20:35:26.759756+00:00,2.2584879
2025-08-06 20:35:39.587310+00:00,2.258488
2025-08-06 20:35:52.788824+00:00,2.2584873
2025-08-06 20:36:06.215985+00:00,2.2584881
2025-08-06 20:36:18.008984+00:00,2.2584873
2025-08-06 20:36:30.999519+00:00,2.2584875
2025-08-06 20:36:44.375906+00:00,2.2584876
2025-08-06 20:36:56.836350+00:00,2.2584881
2025-08-06 20:37:09.581279+00:00,2.2584877
2025-08-06 20:37:22.420249+00:00,2.2584877
2025-08-06 20:37:35.175686+00:00,2.2584873
2025-08-06 20:37:48.886102+00:00,2.2584881
2025-08-06 20:38:01.437061+00:00,2.2584876
2025-08-06 20:38:14.869241+00:00,2.2584872
2025-08-06 20:38:26.455969+00:00,2.258488
2025-08-06 20:38:39.386124+00:00,2.2584875
2025-08-06 20:38:51.946764+00:00,2.2584875
2025-08-06 20:39:04.383685+00:00,2.2584876
2025-08-06 20:39:16.727272+00:00,2.2584876
2025-08-06 20:39:30.197527+00:00,2.2584871
2025-08-06 20:39:41.820922+00:00,2.258487
2025-08-06 20:39:54.394236+00:00,2.2584868
2025-08-06 20:40:07.075570+00:00,2.2584872
2025-08-06 20:40:19.842823+00:00,2.2584877
2025-08-06 20:40:35.232092+00:00,2.2584873
2025-08-06 20:40:45.333735+00:00,2.2584875
2025-08-06 20:40:58.134246+00:00,2.2584879
2025-08-06 20:41:10.726653+00:00,2.2584874
2025-08-06 20:41:24.224175+00:00,2.2584872
2025-08-06 20:41:36.095265+00:00,2.2584878
2025-08-06 20:41:49.107898+00:00,2.2584882
2025-08-06 20:42:01.567394+00:00,2.2584883
2025-08-06 20:42:14.737316+00:00,2.2584874
2025-08-06 20:42:26.975898+00:00,2.2584875
2025-08-06 20:42:39.609391+00:00,2.2584879
2025-08-06 20:42:52.246431+00:00,2.2584877
2025-08-06 20:43:06.795710+00:00,2.2584872
2025-08-06 20:43:17.470271+00:00,2.2584871
2025-08-06 20:43:31.755946+00:00,2.2584878
2025-08-06 20:43:43.010074+00:00,2.258487
2025-08-06 20:43:55.865308+00:00,2.2584877
2025-08-06 20:44:08.877060+00:00,2.2584873
2025-08-06 20:44:21.407532+00:00,2.2584873
2025-08-06 20:44:34.121471+00:00,2.258488
2025-08-06 20:44:46.595161+00:00,2.2584872
2025-08-06 20:44:59.342946+00:00,2.2584878
2025-08-06 20:45:12.227624+00:00,2.2584878
2025-08-06 20:45:24.624355+00:00,2.2584874
2025-08-06 20:45:37.438260+00:00,2.2584872
2025-08-06 20:45:49.973750+00:00,2.2584875
2025-08-06 20:46:03.940026+00:00,2.2584881
2025-08-06 20:46:15.699060+00:00,2.2584873
2025-08-06 20:46:28.233763+00:00,2.2584875
2025-08-06 20:46:41.062237+00:00,2.2584872
2025-08-06 20:46:53.861023+00:00,2.2584878
2025-08-06 20:47:06.515129+00:00,2.2584878
2025-08-06 20:47:19.356565+00:00,2.2584877
2025-08-06 20:47:32.057718+00:00,2.2584874
2025-08-06 20:47:44.737053+00:00,2.258488
2025-08-06 20:47:57.583568+00:00,2.2584879
2025-08-06 20:48:11.796041+00:00,2.2584879
2025-08-06 20:48:23.651532+00:00,2.2584882
2025-08-06 20:48:36.194207+00:00,2.2584874
2025-08-06 20:48:49.116271+00:00,2.2584869
2025-08-06 20:49:02.374803+00:00,2.2584877
2025-08-06 20:49:27.712028+00:00,2.2584877
2025-08-06 20:49:40.198211+00:00,2.2584872
2025-08-06 20:49:53.231057+00:00,2.2584879
2025-08-06 20:50:06.053760+00:00,2.2584876
2025-08-06 20:50:31.510846+00:00,2.2584882
2025-08-06 20:50:44.246866+00:00,2.2584868
2025-08-06 20:51:23.000315+00:00,2.2584881
2025-08-06 20:52:50.643689+00:00,2.2584878
2025-08-06 20:53:16.057343+00:00,2.258488
