time,counts_ratio
2025-08-15 00:00:03.831016+00:00,2.2584873
2025-08-15 00:00:12.239057+00:00,2.2584873
2025-08-15 00:00:24.637773+00:00,2.2584878
2025-08-15 00:00:38.937586+00:00,2.2584865
2025-08-15 00:00:51.242554+00:00,2.2584867
2025-08-15 00:01:04.729239+00:00,2.2584864
2025-08-15 00:01:19.560792+00:00,2.2584878
2025-08-15 00:01:44.006102+00:00,2.2584873
2025-08-15 00:02:02.655961+00:00,2.2584873
2025-08-15 00:02:10.644663+00:00,2.2584873
2025-08-15 00:02:24.415047+00:00,2.2584871
2025-08-15 00:02:36.796224+00:00,2.258488
2025-08-15 00:03:02.229837+00:00,2.2584875
2025-08-15 00:03:14.703216+00:00,2.2584878
2025-08-15 00:03:29.813158+00:00,2.258487
2025-08-15 00:03:40.509178+00:00,2.2584872
2025-08-15 00:03:53.495141+00:00,2.258487
2025-08-15 00:04:07.858796+00:00,2.2584879
2025-08-15 00:04:21.934545+00:00,2.2584882
2025-08-15 00:04:33.786645+00:00,2.2584875
2025-08-15 00:04:45.307021+00:00,2.2584878
2025-08-15 00:04:58.025117+00:00,2.2584871
2025-08-15 00:05:11.229866+00:00,2.2584872
2025-08-15 00:05:23.791862+00:00,2.258486
2025-08-15 00:05:36.665594+00:00,2.258488
2025-08-15 00:05:49.152654+00:00,2.2584873
2025-08-15 00:06:04.423142+00:00,2.2584873
2025-08-15 00:06:14.786460+00:00,2.2584869
2025-08-15 00:06:27.610747+00:00,2.2584874
2025-08-15 00:06:45.871377+00:00,2.2584875
2025-08-15 00:06:54.811696+00:00,2.2584869
2025-08-15 00:07:06.271551+00:00,2.2584872
2025-08-15 00:07:22.326207+00:00,2.2584866
2025-08-15 00:07:32.772096+00:00,2.2584865
2025-08-15 00:07:46.103957+00:00,2.2584865
2025-08-15 00:07:59.174092+00:00,2.2584862
2025-08-15 00:08:12.726885+00:00,2.2584863
2025-08-15 00:08:25.874306+00:00,2.2584879
2025-08-15 00:08:53.092305+00:00,2.2584878
2025-08-15 00:09:06.301323+00:00,2.2584875
2025-08-15 00:09:20.971258+00:00,2.258488
2025-08-15 00:09:33.036141+00:00,2.2584865
2025-08-15 00:09:59.236679+00:00,2.2584873
2025-08-15 00:10:12.263363+00:00,2.2584873
2025-08-15 00:10:38.231589+00:00,2.2584868
2025-08-15 00:10:51.833126+00:00,2.2584879
2025-08-15 00:11:04.949498+00:00,2.2584872
2025-08-15 00:11:18.603318+00:00,2.2584884
2025-08-15 00:11:34.105258+00:00,2.2584877
2025-08-15 00:11:55.754089+00:00,2.2584879
2025-08-15 00:12:08.410298+00:00,2.2584874
2025-08-15 00:12:21.143897+00:00,2.2584866
2025-08-15 00:12:33.772661+00:00,2.2584869
2025-08-15 00:12:47.538037+00:00,2.2584867
2025-08-15 00:12:59.418255+00:00,2.2584875
2025-08-15 00:13:12.701088+00:00,2.2584868
2025-08-15 00:13:25.018383+00:00,2.2584873
2025-08-15 00:13:38.139555+00:00,2.2584867
2025-08-15 00:14:04.910047+00:00,2.2584869
2025-08-15 00:14:17.257496+00:00,2.2584872
2025-08-15 00:14:31.049901+00:00,2.2584877
2025-08-15 00:14:42.990522+00:00,2.2584864
2025-08-15 00:14:55.854033+00:00,2.2584877
2025-08-15 00:15:08.997757+00:00,2.258488
2025-08-15 00:15:36.525789+00:00,2.2584862
2025-08-15 00:15:47.407819+00:00,2.2584873
2025-08-15 00:16:12.771549+00:00,2.2584871
2025-08-15 00:16:25.829126+00:00,2.2584879
2025-08-15 00:16:39.363081+00:00,2.2584881
2025-08-15 00:16:51.437312+00:00,2.2584878
2025-08-15 00:17:04.448434+00:00,2.2584868
2025-08-15 00:17:17.887856+00:00,2.2584866
2025-08-15 00:17:43.985672+00:00,2.2584873
2025-08-15 00:17:59.023136+00:00,2.2584858
2025-08-15 00:18:24.693576+00:00,2.2584876
2025-08-15 00:18:38.600192+00:00,2.2584862
2025-08-15 00:18:51.643768+00:00,2.2584873
2025-08-15 00:19:05.178997+00:00,2.2584871
2025-08-15 00:19:18.260753+00:00,2.2584875
2025-08-15 00:19:31.476878+00:00,2.2584868
2025-08-15 00:19:44.928993+00:00,2.2584879
2025-08-15 00:20:00.801963+00:00,2.2584873
2025-08-15 00:20:10.791404+00:00,2.258488
2025-08-15 00:20:31.166681+00:00,2.2584878
2025-08-15 00:20:36.677440+00:00,2.258487
2025-08-15 00:20:50.960720+00:00,2.2584871
2025-08-15 00:21:03.253443+00:00,2.2584879
2025-08-15 00:21:15.067091+00:00,2.2584867
2025-08-15 00:21:27.834233+00:00,2.2584873
2025-08-15 00:21:40.683160+00:00,2.2584873
2025-08-15 00:22:06.809204+00:00,2.2584859
2025-08-15 00:22:19.723969+00:00,2.2584867
2025-08-15 00:22:35.652586+00:00,2.2584874
2025-08-15 00:22:47.513015+00:00,2.2584879
2025-08-15 00:22:58.094310+00:00,2.2584872
2025-08-15 00:23:36.755351+00:00,2.2584875
2025-08-15 00:23:48.954883+00:00,2.2584875
2025-08-15 00:24:02.259445+00:00,2.2584873
2025-08-15 00:24:16.184563+00:00,2.2584868
2025-08-15 00:24:27.356146+00:00,2.2584874
2025-08-15 00:25:06.659087+00:00,2.2584869
2025-08-15 00:25:19.271820+00:00,2.2584869
2025-08-15 00:25:35.752884+00:00,2.2584864
2025-08-15 00:25:46.047859+00:00,2.2584879
2025-08-15 00:25:58.266172+00:00,2.2584866
2025-08-15 00:26:11.499151+00:00,2.2584878
2025-08-15 00:26:38.361813+00:00,2.2584872
2025-08-15 00:26:51.712503+00:00,2.2584861
2025-08-15 00:27:06.089337+00:00,2.2584875
2025-08-15 00:27:46.051884+00:00,2.2584865
2025-08-15 00:27:58.626368+00:00,2.2584874
2025-08-15 00:28:11.822570+00:00,2.2584872
2025-08-15 00:28:24.814193+00:00,2.2584869
2025-08-15 00:28:51.200789+00:00,2.2584868
2025-08-15 00:29:04.729228+00:00,2.2584876
2025-08-15 00:29:17.794599+00:00,2.2584866
2025-08-15 00:29:30.801295+00:00,2.2584869
2025-08-15 00:29:56.207516+00:00,2.2584864
2025-08-15 00:30:09.559436+00:00,2.2584867
2025-08-15 00:30:22.409271+00:00,2.2584876
2025-08-15 00:30:35.211943+00:00,2.2584877
2025-08-15 00:31:00.773910+00:00,2.2584878
2025-08-15 00:31:15.425715+00:00,2.258487
2025-08-15 00:31:39.032408+00:00,2.2584866
2025-08-15 00:32:04.974056+00:00,2.2584874
2025-08-15 00:32:18.031243+00:00,2.2584881
2025-08-15 00:32:31.365950+00:00,2.2584868
2025-08-15 00:32:43.672829+00:00,2.2584864
2025-08-15 00:32:57.429452+00:00,2.2584876
2025-08-15 00:33:09.414069+00:00,2.2584881
2025-08-15 00:33:21.891873+00:00,2.2584883
2025-08-15 00:33:35.150039+00:00,2.2584871
2025-08-15 00:33:47.654924+00:00,2.2584871
2025-08-15 00:34:00.735751+00:00,2.2584871
2025-08-15 00:34:12.981572+00:00,2.2584873
2025-08-15 00:34:25.626632+00:00,2.2584866
2025-08-15 00:34:51.484735+00:00,2.258487
2025-08-15 00:35:05.001622+00:00,2.258487
2025-08-15 00:35:18.236762+00:00,2.2584877
2025-08-15 00:35:35.041117+00:00,2.2584872
2025-08-15 00:35:44.407405+00:00,2.2584862
2025-08-15 00:36:11.442142+00:00,2.2584868
2025-08-15 00:36:38.383750+00:00,2.2584867
2025-08-15 00:36:51.746639+00:00,2.2584874
2025-08-15 00:37:18.530270+00:00,2.2584864
2025-08-15 00:37:44.373621+00:00,2.2584875
2025-08-15 00:37:58.353595+00:00,2.2584858
2025-08-15 00:38:10.772177+00:00,2.2584864
2025-08-15 00:38:23.162638+00:00,2.2584871
2025-08-15 00:38:36.266301+00:00,2.2584871
2025-08-15 00:38:49.206888+00:00,2.258487
2025-08-15 00:39:28.465711+00:00,2.2584871
2025-08-15 00:39:40.412637+00:00,2.2584874
2025-08-15 00:40:18.203249+00:00,2.2584861
2025-08-15 00:40:31.306972+00:00,2.2584873
2025-08-15 00:40:56.920809+00:00,2.2584864
2025-08-15 00:41:22.785678+00:00,2.2584864
2025-08-15 00:42:14.234164+00:00,2.2584873
2025-08-15 00:42:26.666938+00:00,2.2584873
2025-08-15 00:43:05.756853+00:00,2.2584867
2025-08-15 00:43:18.200185+00:00,2.2584863
2025-08-15 00:43:31.132451+00:00,2.2584866
2025-08-15 00:43:43.995902+00:00,2.2584864
2025-08-15 00:44:25.745545+00:00,2.2584862
2025-08-15 00:44:39.627121+00:00,2.2584866
2025-08-15 00:45:06.761189+00:00,2.2584878
2025-08-15 00:45:20.531559+00:00,2.258486
2025-08-15 00:45:32.428505+00:00,2.2584861
2025-08-15 00:45:45.484919+00:00,2.2584862
2025-08-15 00:45:58.403558+00:00,2.258486
2025-08-15 00:46:11.685369+00:00,2.2584862
2025-08-15 00:46:38.618234+00:00,2.2584867
2025-08-15 00:46:51.041129+00:00,2.2584861
2025-08-15 00:47:17.200630+00:00,2.2584875
2025-08-15 00:47:29.743263+00:00,2.2584869
2025-08-15 00:47:42.760786+00:00,2.2584858
2025-08-15 00:47:56.779257+00:00,2.2584866
2025-08-15 00:48:08.533680+00:00,2.2584879
2025-08-15 00:48:21.308808+00:00,2.2584871
2025-08-15 00:48:59.200075+00:00,2.2584871
2025-08-15 00:49:25.791453+00:00,2.2584874
2025-08-15 00:50:27.591254+00:00,2.2584877
2025-08-15 00:50:29.328693+00:00,2.2584875
2025-08-15 00:50:54.971245+00:00,2.258486
2025-08-15 00:51:08.224166+00:00,2.2584871
2025-08-15 00:51:20.579845+00:00,2.2584874
2025-08-15 00:51:33.815855+00:00,2.2584873
2025-08-15 00:51:46.611097+00:00,2.258487
2025-08-15 00:51:59.565202+00:00,2.2584871
2025-08-15 00:52:12.327815+00:00,2.2584879
2025-08-15 00:52:24.622516+00:00,2.2584874
2025-08-15 00:52:50.088177+00:00,2.2584873
2025-08-15 00:53:15.655415+00:00,2.2584871
2025-08-15 00:53:29.744841+00:00,2.2584866
2025-08-15 00:53:42.821483+00:00,2.2584872
2025-08-15 00:53:56.496430+00:00,2.258486
2025-08-15 00:54:23.683545+00:00,2.2584861
2025-08-15 00:55:17.696340+00:00,2.2584871
2025-08-15 00:55:31.262380+00:00,2.2584868
2025-08-15 00:55:44.346195+00:00,2.2584873
2025-08-15 00:55:56.860699+00:00,2.2584865
2025-08-15 00:56:10.886637+00:00,2.2584873
2025-08-15 00:56:23.676957+00:00,2.2584863
2025-08-15 00:56:36.034584+00:00,2.258487
2025-08-15 00:56:49.750029+00:00,2.2584867
2025-08-15 00:57:15.317526+00:00,2.2584881
2025-08-15 00:57:27.899312+00:00,2.2584867
2025-08-15 00:57:40.834677+00:00,2.2584881
2025-08-15 00:58:32.531304+00:00,2.2584877
2025-08-15 00:58:58.139970+00:00,2.2584871
2025-08-15 00:59:11.004191+00:00,2.2584876
2025-08-15 00:59:36.964980+00:00,2.2584872
2025-08-15 01:00:15.529072+00:00,2.2584879
2025-08-15 01:01:07.200825+00:00,2.2584868
2025-08-15 01:01:58.868984+00:00,2.2584866
2025-08-15 01:03:06.225396+00:00,2.2584879
2025-08-15 01:04:12.161235+00:00,2.2584865
2025-08-15 01:04:24.859482+00:00,2.2584863
2025-08-15 01:05:03.801087+00:00,2.2584876
2025-08-15 01:05:29.669868+00:00,2.2584866
2025-08-15 01:06:09.285346+00:00,2.2584866
2025-08-15 01:07:01.240514+00:00,2.2584881
2025-08-15 01:07:52.446786+00:00,2.2584874
2025-08-15 01:08:29.464848+00:00,2.2584869
2025-08-15 01:09:22.507769+00:00,2.258487
2025-08-15 01:10:50.200253+00:00,2.2584859
2025-08-15 01:11:15.939540+00:00,2.2584864
2025-08-15 01:11:41.791930+00:00,2.2584864
2025-08-15 01:11:57.055843+00:00,2.2584871
2025-08-15 01:12:21.994513+00:00,2.2584868
2025-08-15 01:12:35.723237+00:00,2.2584867
2025-08-15 01:12:49.105683+00:00,2.2584866
2025-08-15 01:13:42.657649+00:00,2.2584863
2025-08-15 01:14:48.922214+00:00,2.2584866
2025-08-15 01:15:41.332642+00:00,2.2584884
2025-08-15 01:18:40.759500+00:00,2.2584875
2025-08-15 01:21:55.684869+00:00,2.2584859
2025-08-15 01:23:15.161987+00:00,2.2584866
2025-08-15 01:24:11.702912+00:00,2.2584863
2025-08-15 01:26:28.855730+00:00,2.2584874
2025-08-15 01:26:41.760038+00:00,2.2584862
2025-08-15 01:27:22.133253+00:00,2.2584871
2025-08-15 01:27:34.109256+00:00,2.258488
2025-08-15 01:30:20.770046+00:00,2.2584877
2025-08-15 01:30:34.261172+00:00,2.258487
2025-08-15 01:33:00.876457+00:00,2.2584876
2025-08-15 01:39:30.228729+00:00,2.2584859
2025-08-15 01:39:42.909527+00:00,2.258488
2025-08-15 01:41:41.598245+00:00,2.2584872
2025-08-15 05:50:39.038005+00:00,2.2584867
2025-08-15 05:51:46.388967+00:00,2.2584883
2025-08-15 05:52:25.911004+00:00,2.2584862
2025-08-15 05:52:39.013830+00:00,2.2584864
2025-08-15 05:52:52.075057+00:00,2.2584869
2025-08-15 05:53:05.243977+00:00,2.258486
2025-08-15 05:53:18.461086+00:00,2.2584867
2025-08-15 05:53:33.233815+00:00,2.258487
2025-08-15 05:54:36.290558+00:00,2.2584859
2025-08-15 05:55:15.108320+00:00,2.2584871
2025-08-15 05:58:02.966820+00:00,2.2584877
2025-08-15 05:58:42.368199+00:00,2.2584871
2025-08-15 05:58:55.543668+00:00,2.2584865
2025-08-15 05:59:08.948571+00:00,2.258486
2025-08-15 05:59:22.200076+00:00,2.2584858
2025-08-15 05:59:35.650078+00:00,2.2584859
2025-08-15 06:00:03.053218+00:00,2.2584868
2025-08-15 06:00:17.071452+00:00,2.2584858
2025-08-15 06:00:29.278564+00:00,2.2584862
2025-08-15 06:00:43.833204+00:00,2.2584871
2025-08-15 06:00:55.381488+00:00,2.2584871
2025-08-15 06:01:12.154953+00:00,2.258487
2025-08-15 06:01:34.551365+00:00,2.2584863
2025-08-15 06:01:48.793402+00:00,2.258487
2025-08-15 06:02:13.794328+00:00,2.2584861
2025-08-15 06:02:27.741522+00:00,2.2584864
2025-08-15 06:02:39.630086+00:00,2.2584874
2025-08-15 06:02:52.263023+00:00,2.2584873
2025-08-15 06:03:07.316623+00:00,2.2584873
2025-08-15 06:03:43.884180+00:00,2.258488
2025-08-15 06:03:56.633815+00:00,2.2584864
2025-08-15 06:04:09.874785+00:00,2.2584878
2025-08-15 06:04:22.473992+00:00,2.2584868
2025-08-15 06:04:37.035178+00:00,2.2584871
2025-08-15 06:04:48.866641+00:00,2.2584881
2025-08-15 06:05:01.433529+00:00,2.2584876
2025-08-15 06:05:14.450960+00:00,2.2584867
2025-08-15 06:05:26.966024+00:00,2.2584877
2025-08-15 06:05:41.197992+00:00,2.2584873
2025-08-15 06:05:52.683631+00:00,2.2584868
2025-08-15 06:06:05.962499+00:00,2.2584867
2025-08-15 06:06:18.742504+00:00,2.2584871
2025-08-15 06:06:46.055134+00:00,2.2584874
2025-08-15 06:06:58.640642+00:00,2.2584858
2025-08-15 06:07:12.440486+00:00,2.2584869
2025-08-15 06:07:27.238977+00:00,2.2584864
2025-08-15 06:07:40.612708+00:00,2.2584861
2025-08-15 06:07:52.608147+00:00,2.2584873
2025-08-15 06:08:06.172893+00:00,2.2584859
2025-08-15 06:08:19.041084+00:00,2.2584872
2025-08-15 06:08:45.893785+00:00,2.2584873
2025-08-15 06:08:58.957582+00:00,2.2584877
2025-08-15 06:09:12.398393+00:00,2.258487
2025-08-15 06:09:25.315440+00:00,2.2584868
2025-08-15 06:09:40.146592+00:00,2.2584877
2025-08-15 06:09:51.395180+00:00,2.2584871
2025-08-15 06:10:07.048129+00:00,2.2584875
2025-08-15 06:10:17.770942+00:00,2.258487
2025-08-15 06:10:31.406405+00:00,2.2584875
2025-08-15 06:10:43.767823+00:00,2.258487
2025-08-15 06:10:56.261429+00:00,2.2584869
2025-08-15 06:11:09.490741+00:00,2.2584872
2025-08-15 06:11:22.488331+00:00,2.2584878
2025-08-15 06:11:35.138205+00:00,2.2584864
2025-08-15 06:11:49.065826+00:00,2.2584867
2025-08-15 06:12:01.312214+00:00,2.2584875
2025-08-15 06:12:14.111129+00:00,2.2584868
2025-08-15 06:12:26.968459+00:00,2.2584871
2025-08-15 06:12:40.571892+00:00,2.2584876
2025-08-15 06:12:52.906192+00:00,2.2584865
2025-08-15 06:13:11.615120+00:00,2.258487
2025-08-15 06:13:19.392416+00:00,2.2584875
2025-08-15 06:13:32.499281+00:00,2.2584873
2025-08-15 06:13:46.197275+00:00,2.2584871
2025-08-15 06:13:57.475332+00:00,2.2584876
2025-08-15 06:14:10.718687+00:00,2.2584869
2025-08-15 06:14:23.387118+00:00,2.2584874
2025-08-15 06:14:38.882844+00:00,2.2584871
2025-08-15 06:14:51.350594+00:00,2.2584864
2025-08-15 06:15:03.399337+00:00,2.2584882
2025-08-15 06:15:30.415922+00:00,2.2584876
2025-08-15 06:15:44.788040+00:00,2.2584866
2025-08-15 06:15:59.146733+00:00,2.2584868
2025-08-15 06:16:12.986943+00:00,2.2584876
2025-08-15 06:16:24.609697+00:00,2.2584876
2025-08-15 06:16:37.836144+00:00,2.2584877
2025-08-15 06:16:51.119371+00:00,2.2584879
2025-08-15 06:17:04.648407+00:00,2.2584871
2025-08-15 06:17:17.659922+00:00,2.2584876
2025-08-15 06:17:30.694560+00:00,2.2584874
2025-08-15 06:17:43.580521+00:00,2.2584875
2025-08-15 06:17:56.720334+00:00,2.2584871
2025-08-15 06:18:09.940924+00:00,2.258487
2025-08-15 06:18:22.706260+00:00,2.2584866
2025-08-15 06:18:37.384492+00:00,2.2584876
2025-08-15 06:18:48.761351+00:00,2.2584871
2025-08-15 06:19:02.156351+00:00,2.2584872
2025-08-15 06:19:14.640362+00:00,2.2584874
2025-08-15 06:19:28.858876+00:00,2.2584866
2025-08-15 06:19:40.743325+00:00,2.2584876
2025-08-15 06:19:53.824783+00:00,2.2584876
2025-08-15 06:20:07.221214+00:00,2.2584871
2025-08-15 06:20:19.885354+00:00,2.2584864
2025-08-15 06:20:32.992233+00:00,2.2584872
2025-08-15 06:20:45.958327+00:00,2.258487
2025-08-15 06:20:58.333253+00:00,2.2584872
2025-08-15 06:21:11.864775+00:00,2.2584876
2025-08-15 06:21:24.144738+00:00,2.2584874
2025-08-15 06:21:36.723276+00:00,2.2584874
2025-08-15 06:21:49.680761+00:00,2.2584876
2025-08-15 06:22:02.507328+00:00,2.2584873
2025-08-15 06:22:15.897647+00:00,2.2584874
2025-08-15 06:22:28.340244+00:00,2.2584878
2025-08-15 06:22:41.472407+00:00,2.2584875
2025-08-15 06:22:54.439342+00:00,2.258487
2025-08-15 06:23:07.713830+00:00,2.2584875
2025-08-15 06:23:20.984238+00:00,2.2584862
2025-08-15 06:23:34.149380+00:00,2.2584867
2025-08-15 06:23:47.683666+00:00,2.2584863
2025-08-15 06:24:01.004395+00:00,2.258487
2025-08-15 06:24:14.249977+00:00,2.2584873
2025-08-15 06:24:32.618187+00:00,2.2584871
2025-08-15 06:24:40.856213+00:00,2.2584869
2025-08-15 06:24:54.405214+00:00,2.2584865
2025-08-15 06:25:07.501066+00:00,2.2584875
2025-08-15 06:25:28.693987+00:00,2.2584869
2025-08-15 06:25:34.203442+00:00,2.2584876
2025-08-15 06:25:46.991961+00:00,2.2584871
2025-08-15 06:26:01.986928+00:00,2.2584878
2025-08-15 06:26:13.245889+00:00,2.2584875
2025-08-15 06:26:27.600165+00:00,2.2584874
2025-08-15 06:26:39.130870+00:00,2.2584878
2025-08-15 06:26:52.731043+00:00,2.2584873
2025-08-15 06:27:10.167881+00:00,2.2584871
2025-08-15 06:27:18.132111+00:00,2.2584879
2025-08-15 06:27:31.249807+00:00,2.2584874
2025-08-15 06:27:43.947558+00:00,2.2584878
2025-08-15 06:27:57.026384+00:00,2.258487
2025-08-15 06:28:11.398526+00:00,2.2584878
2025-08-15 06:28:22.856746+00:00,2.2584878
2025-08-15 06:28:35.592976+00:00,2.2584872
2025-08-15 06:28:49.053011+00:00,2.2584878
2025-08-15 06:29:01.508262+00:00,2.2584881
2025-08-15 06:29:14.046895+00:00,2.2584878
2025-08-15 06:29:28.167152+00:00,2.2584876
2025-08-15 06:29:39.768014+00:00,2.2584873
2025-08-15 06:29:52.414936+00:00,2.2584873
2025-08-15 06:30:05.811910+00:00,2.2584859
2025-08-15 06:30:18.533531+00:00,2.2584878
2025-08-15 06:30:35.314205+00:00,2.2584873
2025-08-15 06:30:47.282442+00:00,2.2584876
2025-08-15 06:30:57.833112+00:00,2.2584876
2025-08-15 06:31:12.591119+00:00,2.2584858
2025-08-15 06:31:24.612295+00:00,2.2584878
2025-08-15 06:31:38.069717+00:00,2.2584873
2025-08-15 06:31:51.564349+00:00,2.2584875
2025-08-15 06:32:05.220578+00:00,2.2584874
2025-08-15 06:32:18.200914+00:00,2.2584865
2025-08-15 06:32:32.303107+00:00,2.2584869
2025-08-15 06:32:44.622585+00:00,2.2584879
2025-08-15 06:32:57.722502+00:00,2.2584872
2025-08-15 06:33:11.338460+00:00,2.2584877
2025-08-15 06:33:25.692883+00:00,2.258487
2025-08-15 06:33:41.193311+00:00,2.2584876
2025-08-15 06:34:03.783746+00:00,2.2584876
2025-08-15 06:34:16.378954+00:00,2.2584879
2025-08-15 06:34:36.320757+00:00,2.2584878
2025-08-15 06:34:47.056590+00:00,2.258487
2025-08-15 06:34:54.983430+00:00,2.2584874
2025-08-15 06:35:09.201859+00:00,2.2584872
2025-08-15 06:35:21.495745+00:00,2.2584875
2025-08-15 06:35:34.289812+00:00,2.2584868
2025-08-15 06:35:50.526460+00:00,2.2584877
2025-08-15 06:35:59.767840+00:00,2.2584876
2025-08-15 06:36:12.923682+00:00,2.258488
2025-08-15 06:36:25.835022+00:00,2.2584872
2025-08-15 06:36:38.567936+00:00,2.2584875
2025-08-15 06:36:51.801659+00:00,2.2584871
2025-08-15 06:37:04.510233+00:00,2.2584876
2025-08-15 06:37:17.706443+00:00,2.2584879
2025-08-15 06:37:30.200586+00:00,2.2584874
2025-08-15 06:37:42.768809+00:00,2.2584869
2025-08-15 06:37:57.041373+00:00,2.2584876
2025-08-15 06:38:09.059305+00:00,2.2584875
2025-08-15 06:38:21.725055+00:00,2.2584877
2025-08-15 06:38:36.583119+00:00,2.2584872
2025-08-15 06:38:48.483108+00:00,2.2584879
2025-08-15 06:39:02.123409+00:00,2.2584874
2025-08-15 06:39:15.924419+00:00,2.2584875
2025-08-15 06:39:28.152564+00:00,2.2584871
2025-08-15 06:39:42.388991+00:00,2.2584865
2025-08-15 06:39:54.556104+00:00,2.2584873
2025-08-15 06:40:08.464310+00:00,2.2584876
2025-08-15 06:40:22.847548+00:00,2.2584867
2025-08-15 06:40:35.413392+00:00,2.2584865
2025-08-15 06:40:50.053091+00:00,2.2584876
2025-08-15 06:41:02.658819+00:00,2.2584875
2025-08-15 06:41:17.338787+00:00,2.2584877
2025-08-15 06:41:28.143569+00:00,2.258487
2025-08-15 06:41:40.306594+00:00,2.2584871
2025-08-15 06:41:54.013365+00:00,2.2584872
2025-08-15 06:42:08.119657+00:00,2.2584874
2025-08-15 06:42:20.799501+00:00,2.2584876
2025-08-15 06:42:32.945205+00:00,2.2584876
2025-08-15 06:42:46.485746+00:00,2.2584875
2025-08-15 06:43:02.753963+00:00,2.2584863
2025-08-15 06:43:13.217005+00:00,2.258487
2025-08-15 06:43:24.607212+00:00,2.2584874
2025-08-15 06:43:37.454095+00:00,2.2584874
2025-08-15 06:43:50.615662+00:00,2.2584877
2025-08-15 06:44:03.960417+00:00,2.2584878
2025-08-15 06:44:17.553213+00:00,2.2584869
2025-08-15 06:44:29.324839+00:00,2.2584877
2025-08-15 06:44:42.691953+00:00,2.2584873
2025-08-15 06:44:55.197595+00:00,2.2584874
2025-08-15 06:45:08.064709+00:00,2.2584875
2025-08-15 06:45:20.709765+00:00,2.2584876
2025-08-15 06:45:46.664229+00:00,2.2584867
2025-08-15 06:45:59.519598+00:00,2.2584874
2025-08-15 06:46:13.090888+00:00,2.258487
2025-08-15 06:46:24.974591+00:00,2.2584873
2025-08-15 06:46:38.163047+00:00,2.258486
2025-08-15 06:46:51.856011+00:00,2.2584868
2025-08-15 06:47:08.038446+00:00,2.2584878
2025-08-15 06:47:21.102447+00:00,2.2584868
2025-08-15 06:47:36.481684+00:00,2.2584876
2025-08-15 06:47:45.194747+00:00,2.2584861
2025-08-15 06:47:59.482706+00:00,2.2584877
2025-08-15 06:48:12.485775+00:00,2.2584873
2025-08-15 06:48:26.523108+00:00,2.2584876
2025-08-15 06:48:39.085477+00:00,2.2584871
2025-08-15 06:48:52.083101+00:00,2.258487
2025-08-15 06:49:05.424668+00:00,2.2584875
2025-08-15 06:49:18.589860+00:00,2.2584873
2025-08-15 06:49:31.468175+00:00,2.2584874
2025-08-15 06:49:44.233443+00:00,2.2584865
2025-08-15 06:49:57.725790+00:00,2.2584868
2025-08-15 06:50:11.132745+00:00,2.2584874
2025-08-15 06:50:23.883494+00:00,2.2584874
2025-08-15 06:50:36.541420+00:00,2.2584874
2025-08-15 06:50:49.807555+00:00,2.258487
2025-08-15 06:51:02.179101+00:00,2.2584874
2025-08-15 06:51:15.288482+00:00,2.2584875
2025-08-15 06:51:28.072851+00:00,2.258487
2025-08-15 06:51:40.681129+00:00,2.2584873
2025-08-15 06:51:53.587909+00:00,2.2584878
2025-08-15 06:52:07.030393+00:00,2.2584876
2025-08-15 06:52:19.817827+00:00,2.2584877
2025-08-15 06:52:33.462026+00:00,2.258487
2025-08-15 06:52:46.364660+00:00,2.2584875
2025-08-15 06:52:58.844572+00:00,2.258487
2025-08-15 06:53:11.799050+00:00,2.2584874
2025-08-15 06:53:25.035436+00:00,2.2584871
2025-08-15 06:53:37.922130+00:00,2.2584871
2025-08-15 06:53:52.662108+00:00,2.2584874
2025-08-15 06:54:03.180250+00:00,2.2584873
2025-08-15 06:54:16.261438+00:00,2.2584871
2025-08-15 06:54:28.909547+00:00,2.2584874
2025-08-15 06:54:42.578116+00:00,2.258487
2025-08-15 06:54:55.468383+00:00,2.258487
2025-08-15 06:55:09.110286+00:00,2.2584871
2025-08-15 06:55:22.522046+00:00,2.2584874
2025-08-15 06:55:36.665403+00:00,2.2584877
2025-08-15 06:55:49.317165+00:00,2.2584869
2025-08-15 06:56:02.000064+00:00,2.2584877
2025-08-15 06:56:16.224531+00:00,2.2584867
2025-08-15 06:56:28.644119+00:00,2.2584866
2025-08-15 06:56:41.602233+00:00,2.258487
2025-08-15 06:56:55.046269+00:00,2.2584877
2025-08-15 06:57:08.248690+00:00,2.2584872
2025-08-15 06:57:21.353223+00:00,2.2584873
2025-08-15 06:57:35.121129+00:00,2.2584869
2025-08-15 06:57:48.064970+00:00,2.2584871
2025-08-15 06:58:01.198396+00:00,2.2584874
2025-08-15 06:58:16.607898+00:00,2.2584875
2025-08-15 06:58:26.631089+00:00,2.2584869
2025-08-15 06:58:39.434961+00:00,2.2584876
2025-08-15 06:58:53.340398+00:00,2.2584877
2025-08-15 06:59:05.647416+00:00,2.2584871
2025-08-15 06:59:18.431402+00:00,2.2584876
2025-08-15 06:59:31.437772+00:00,2.2584868
2025-08-15 06:59:44.173677+00:00,2.2584872
2025-08-15 06:59:56.825980+00:00,2.2584871
2025-08-15 07:00:10.117529+00:00,2.2584868
2025-08-15 07:00:23.311827+00:00,2.2584877
2025-08-15 07:00:36.077038+00:00,2.2584871
2025-08-15 07:00:48.914064+00:00,2.258487
2025-08-15 07:01:14.669315+00:00,2.2584869
2025-08-15 07:01:27.336586+00:00,2.2584875
2025-08-15 07:01:39.626362+00:00,2.2584872
2025-08-15 07:01:54.785497+00:00,2.2584868
2025-08-15 07:02:05.744185+00:00,2.2584878
2025-08-15 07:02:19.098347+00:00,2.2584876
2025-08-15 07:02:33.793123+00:00,2.2584873
2025-08-15 07:02:45.200805+00:00,2.2584876
2025-08-15 07:02:58.372042+00:00,2.2584873
2025-08-15 07:03:12.667183+00:00,2.2584874
2025-08-15 07:03:25.375956+00:00,2.2584875
2025-08-15 07:03:38.916853+00:00,2.2584871
2025-08-15 07:03:52.075978+00:00,2.2584863
2025-08-15 07:04:06.447894+00:00,2.2584873
2025-08-15 07:04:20.461401+00:00,2.2584875
2025-08-15 07:04:32.443022+00:00,2.2584879
2025-08-15 07:04:45.295370+00:00,2.2584878
2025-08-15 07:04:58.377714+00:00,2.2584869
2025-08-15 07:05:13.393140+00:00,2.258487
2025-08-15 07:05:26.852797+00:00,2.2584869
2025-08-15 07:05:42.793821+00:00,2.2584873
2025-08-15 07:05:50.989126+00:00,2.2584873
2025-08-15 07:06:04.352916+00:00,2.2584873
2025-08-15 07:06:17.060349+00:00,2.2584874
2025-08-15 07:06:33.872506+00:00,2.2584871
2025-08-15 07:06:42.662040+00:00,2.2584873
2025-08-15 07:06:55.630667+00:00,2.258487
2025-08-15 07:07:09.035681+00:00,2.2584876
2025-08-15 07:07:21.731959+00:00,2.2584873
2025-08-15 07:07:34.579982+00:00,2.2584876
2025-08-15 07:07:51.606410+00:00,2.2584872
2025-08-15 07:08:00.823286+00:00,2.2584877
2025-08-15 07:08:13.518650+00:00,2.2584872
2025-08-15 07:08:26.267873+00:00,2.2584879
2025-08-15 07:08:39.778139+00:00,2.2584873
2025-08-15 07:08:52.476531+00:00,2.2584875
2025-08-15 07:09:05.394876+00:00,2.2584869
2025-08-15 07:09:18.820250+00:00,2.2584877
2025-08-15 07:09:34.225262+00:00,2.2584878
2025-08-15 07:09:43.715230+00:00,2.2584879
2025-08-15 07:09:56.344446+00:00,2.2584868
2025-08-15 07:10:10.324519+00:00,2.258487
2025-08-15 07:10:23.928157+00:00,2.2584876
2025-08-15 07:10:35.523836+00:00,2.2584873
2025-08-15 07:10:50.800393+00:00,2.2584867
2025-08-15 07:11:01.670824+00:00,2.2584872
2025-08-15 07:11:16.103953+00:00,2.2584876
2025-08-15 07:11:29.002705+00:00,2.2584872
2025-08-15 07:11:40.558998+00:00,2.2584869
2025-08-15 07:11:54.225164+00:00,2.2584875
2025-08-15 07:12:07.700754+00:00,2.258487
2025-08-15 07:12:21.050226+00:00,2.2584871
2025-08-15 07:12:34.508395+00:00,2.2584864
2025-08-15 07:12:48.335287+00:00,2.2584868
2025-08-15 07:13:02.368421+00:00,2.2584871
2025-08-15 07:13:14.187544+00:00,2.2584871
2025-08-15 07:13:27.515144+00:00,2.2584876
2025-08-15 07:13:40.872524+00:00,2.258487
2025-08-15 07:13:54.322351+00:00,2.2584873
2025-08-15 07:14:07.342230+00:00,2.2584874
2025-08-15 07:14:21.284021+00:00,2.2584871
2025-08-15 07:14:35.707755+00:00,2.2584866
2025-08-15 07:14:46.677793+00:00,2.2584871
2025-08-15 07:14:59.564552+00:00,2.2584877
2025-08-15 07:15:12.946385+00:00,2.258487
2025-08-15 07:15:28.155475+00:00,2.2584867
2025-08-15 07:15:45.787121+00:00,2.2584871
2025-08-15 07:15:51.060409+00:00,2.2584872
2025-08-15 07:16:04.879453+00:00,2.2584877
2025-08-15 07:16:17.212244+00:00,2.2584876
2025-08-15 07:16:30.745011+00:00,2.258487
2025-08-15 07:16:43.032139+00:00,2.2584875
2025-08-15 07:16:56.356181+00:00,2.2584874
2025-08-15 07:17:09.403036+00:00,2.2584878
2025-08-15 07:17:22.163195+00:00,2.258487
2025-08-15 07:17:35.333459+00:00,2.2584874
2025-08-15 07:17:49.839873+00:00,2.2584877
2025-08-15 07:18:02.759956+00:00,2.2584874
2025-08-15 07:18:14.281654+00:00,2.2584877
2025-08-15 07:18:26.598831+00:00,2.2584873
2025-08-15 07:18:41.296827+00:00,2.2584866
2025-08-15 07:18:52.650225+00:00,2.2584874
2025-08-15 07:19:05.736987+00:00,2.2584871
2025-08-15 07:19:18.537079+00:00,2.2584873
2025-08-15 07:19:32.241245+00:00,2.2584871
2025-08-15 07:19:45.584529+00:00,2.258487
2025-08-15 07:19:58.659522+00:00,2.2584876
2025-08-15 07:20:13.171397+00:00,2.2584873
2025-08-15 07:20:26.308249+00:00,2.2584868
2025-08-15 07:20:39.442636+00:00,2.258487
2025-08-15 07:20:56.333525+00:00,2.2584871
2025-08-15 07:21:06.846041+00:00,2.2584866
2025-08-15 07:21:19.658916+00:00,2.2584871
2025-08-15 07:21:34.273587+00:00,2.2584873
2025-08-15 07:21:47.309913+00:00,2.2584869
2025-08-15 07:21:59.772081+00:00,2.2584875
2025-08-15 07:22:12.239649+00:00,2.2584876
2025-08-15 07:22:25.205746+00:00,2.2584871
2025-08-15 07:22:38.251526+00:00,2.2584873
2025-08-15 07:22:51.670659+00:00,2.2584872
2025-08-15 07:23:08.148590+00:00,2.2584871
2025-08-15 07:23:17.382544+00:00,2.2584875
2025-08-15 07:23:30.423276+00:00,2.2584872
2025-08-15 07:23:43.176743+00:00,2.2584872
2025-08-15 07:23:56.264501+00:00,2.2584875
2025-08-15 07:24:09.244247+00:00,2.2584874
2025-08-15 07:24:21.956256+00:00,2.2584874
2025-08-15 07:24:34.982348+00:00,2.2584876
2025-08-15 07:24:52.097711+00:00,2.2584872
2025-08-15 07:25:04.222921+00:00,2.2584871
2025-08-15 07:25:14.580921+00:00,2.258488
2025-08-15 07:25:27.183655+00:00,2.2584879
2025-08-15 07:25:40.399200+00:00,2.2584871
2025-08-15 07:25:54.128579+00:00,2.2584875
2025-08-15 07:26:06.271773+00:00,2.2584872
2025-08-15 07:26:18.453657+00:00,2.2584875
2025-08-15 07:26:31.437746+00:00,2.2584877
2025-08-15 07:26:49.155743+00:00,2.2584872
2025-08-15 07:26:59.376947+00:00,2.2584871
2025-08-15 07:27:09.785898+00:00,2.2584872
2025-08-15 07:27:24.262568+00:00,2.2584874
2025-08-15 07:27:35.320152+00:00,2.258487
2025-08-15 07:27:49.261727+00:00,2.2584876
2025-08-15 07:28:02.819300+00:00,2.2584871
2025-08-15 07:28:15.711114+00:00,2.2584871
2025-08-15 07:28:29.036332+00:00,2.258487
2025-08-15 07:28:42.515421+00:00,2.2584872
2025-08-15 07:28:56.549686+00:00,2.258487
2025-08-15 07:29:15.800532+00:00,2.2584875
2025-08-15 07:29:23.909661+00:00,2.2584872
2025-08-15 07:29:36.342284+00:00,2.2584869
2025-08-15 07:29:50.147422+00:00,2.2584875
2025-08-15 07:30:03.024883+00:00,2.2584871
2025-08-15 07:30:17.168741+00:00,2.2584872
2025-08-15 07:30:29.460198+00:00,2.2584872
2025-08-15 07:30:43.162884+00:00,2.2584874
2025-08-15 07:30:55.594580+00:00,2.2584874
2025-08-15 07:31:11.234588+00:00,2.2584869
2025-08-15 07:31:21.647736+00:00,2.2584873
2025-08-15 07:31:34.823786+00:00,2.2584868
2025-08-15 07:31:47.822114+00:00,2.258487
2025-08-15 07:32:01.938375+00:00,2.2584872
2025-08-15 07:32:13.975353+00:00,2.2584874
2025-08-15 07:32:26.619211+00:00,2.2584876
2025-08-15 07:32:39.578741+00:00,2.2584874
2025-08-15 07:32:53.214849+00:00,2.2584875
2025-08-15 07:33:05.804251+00:00,2.2584876
2025-08-15 07:33:18.471121+00:00,2.2584873
2025-08-15 07:33:31.559795+00:00,2.2584869
2025-08-15 07:33:45.521923+00:00,2.2584867
2025-08-15 07:33:59.717377+00:00,2.2584873
2025-08-15 07:34:12.377024+00:00,2.2584866
2025-08-15 07:34:23.643018+00:00,2.2584873
2025-08-15 07:34:35.994020+00:00,2.2584871
2025-08-15 07:34:48.634966+00:00,2.2584873
2025-08-15 07:35:10.608790+00:00,2.2584876
2025-08-15 07:35:15.657454+00:00,2.2584873
2025-08-15 07:35:27.618077+00:00,2.2584874
2025-08-15 07:35:40.625727+00:00,2.2584868
2025-08-15 07:35:53.925564+00:00,2.2584871
2025-08-15 07:36:07.765641+00:00,2.2584875
2025-08-15 07:36:20.279544+00:00,2.2584872
2025-08-15 07:36:33.907477+00:00,2.2584872
2025-08-15 07:36:47.649872+00:00,2.2584877
2025-08-15 07:37:00.897015+00:00,2.2584872
2025-08-15 07:37:13.949536+00:00,2.2584867
2025-08-15 07:37:30.029144+00:00,2.2584869
2025-08-15 07:37:41.014013+00:00,2.2584869
2025-08-15 07:37:53.971107+00:00,2.2584873
2025-08-15 07:38:07.499731+00:00,2.2584876
2025-08-15 07:38:20.899929+00:00,2.2584873
2025-08-15 07:38:34.523120+00:00,2.2584871
2025-08-15 07:38:47.110568+00:00,2.2584871
2025-08-15 07:38:59.473835+00:00,2.258487
2025-08-15 07:39:12.709595+00:00,2.2584873
2025-08-15 07:39:25.410101+00:00,2.2584874
2025-08-15 07:39:40.228081+00:00,2.2584872
2025-08-15 07:39:51.130452+00:00,2.2584872
2025-08-15 07:40:04.400052+00:00,2.2584874
2025-08-15 07:40:16.928203+00:00,2.2584868
2025-08-15 07:40:29.826135+00:00,2.2584873
2025-08-15 07:40:42.915356+00:00,2.2584872
2025-08-15 07:40:56.124340+00:00,2.2584868
2025-08-15 07:41:08.657642+00:00,2.2584875
2025-08-15 07:41:21.882922+00:00,2.2584875
2025-08-15 07:41:34.257630+00:00,2.2584879
2025-08-15 07:41:48.257209+00:00,2.2584872
2025-08-15 07:42:01.009948+00:00,2.258487
2025-08-15 07:42:13.233028+00:00,2.2584874
2025-08-15 07:42:25.991110+00:00,2.258487
2025-08-15 07:42:38.538596+00:00,2.2584877
2025-08-15 07:42:51.510991+00:00,2.2584878
2025-08-15 07:43:04.503306+00:00,2.2584877
2025-08-15 07:43:19.331734+00:00,2.2584867
2025-08-15 07:43:43.905371+00:00,2.2584873
2025-08-15 07:43:57.142379+00:00,2.2584878
2025-08-15 07:44:11.774226+00:00,2.2584875
2025-08-15 07:44:28.051262+00:00,2.2584871
2025-08-15 07:44:37.261875+00:00,2.2584874
2025-08-15 07:44:51.285274+00:00,2.2584875
2025-08-15 07:45:04.346121+00:00,2.2584879
2025-08-15 07:45:17.952295+00:00,2.2584874
2025-08-15 07:45:31.070470+00:00,2.2584863
2025-08-15 07:45:44.306556+00:00,2.258487
2025-08-15 07:45:57.636648+00:00,2.2584876
2025-08-15 07:46:11.053278+00:00,2.2584875
2025-08-15 07:46:24.669629+00:00,2.258487
2025-08-15 07:46:37.076939+00:00,2.2584871
2025-08-15 07:46:52.176250+00:00,2.258487
2025-08-15 07:47:03.408915+00:00,2.258487
2025-08-15 07:47:16.451837+00:00,2.2584872
2025-08-15 07:47:29.615126+00:00,2.258487
2025-08-15 07:47:41.949480+00:00,2.2584866
2025-08-15 07:47:54.982668+00:00,2.2584873
2025-08-15 07:48:10.140725+00:00,2.2584874
2025-08-15 07:48:21.599926+00:00,2.258487
2025-08-15 07:48:34.130694+00:00,2.2584873
2025-08-15 07:48:47.227516+00:00,2.2584869
2025-08-15 07:49:00.003810+00:00,2.2584867
2025-08-15 07:49:13.141297+00:00,2.2584877
2025-08-15 07:49:26.081215+00:00,2.2584874
2025-08-15 07:49:39.717767+00:00,2.258487
2025-08-15 07:49:51.955809+00:00,2.2584871
2025-08-15 07:50:05.958020+00:00,2.258487
2025-08-15 07:50:19.372759+00:00,2.2584874
2025-08-15 07:50:30.926310+00:00,2.2584868
2025-08-15 07:50:43.274169+00:00,2.2584871
2025-08-15 07:50:56.534736+00:00,2.2584867
2025-08-15 07:51:09.646413+00:00,2.2584875
2025-08-15 07:51:23.056398+00:00,2.2584872
2025-08-15 07:51:38.771497+00:00,2.2584876
2025-08-15 07:51:48.583735+00:00,2.2584867
2025-08-15 07:52:02.210890+00:00,2.2584874
2025-08-15 07:52:16.138406+00:00,2.2584876
2025-08-15 07:52:29.616596+00:00,2.2584873
2025-08-15 07:52:44.163975+00:00,2.2584873
2025-08-15 07:52:55.886222+00:00,2.2584872
2025-08-15 07:53:09.442396+00:00,2.2584877
2025-08-15 07:53:22.387626+00:00,2.2584872
2025-08-15 07:53:35.636802+00:00,2.2584877
2025-08-15 07:53:48.892499+00:00,2.2584869
2025-08-15 07:54:02.333744+00:00,2.2584871
2025-08-15 07:54:22.692481+00:00,2.2584873
2025-08-15 07:54:28.130981+00:00,2.2584875
2025-08-15 07:54:41.259057+00:00,2.2584877
2025-08-15 07:54:54.226724+00:00,2.2584877
2025-08-15 07:55:07.447405+00:00,2.2584875
2025-08-15 07:55:20.117986+00:00,2.2584873
2025-08-15 07:55:36.250133+00:00,2.2584868
2025-08-15 07:55:48.447528+00:00,2.2584869
2025-08-15 07:55:58.383239+00:00,2.2584874
2025-08-15 07:56:11.741853+00:00,2.2584874
2025-08-15 07:56:24.504022+00:00,2.2584875
2025-08-15 07:56:37.375820+00:00,2.2584869
2025-08-15 07:56:50.298148+00:00,2.258487
2025-08-15 07:57:03.188806+00:00,2.2584872
2025-08-15 07:57:15.744159+00:00,2.2584872
2025-08-15 07:57:28.434533+00:00,2.2584866
2025-08-15 07:57:41.332454+00:00,2.2584874
2025-08-15 07:57:54.057411+00:00,2.2584868
2025-08-15 07:58:07.251322+00:00,2.258487
2025-08-15 07:58:19.731703+00:00,2.2584876
2025-08-15 07:58:33.051045+00:00,2.2584874
2025-08-15 07:58:48.080978+00:00,2.2584871
2025-08-15 07:59:06.186430+00:00,2.2584872
2025-08-15 07:59:12.096633+00:00,2.2584872
2025-08-15 07:59:26.332985+00:00,2.2584875
2025-08-15 07:59:38.321669+00:00,2.2584875
2025-08-15 07:59:51.441583+00:00,2.2584871
2025-08-15 08:00:04.881030+00:00,2.2584877
2025-08-15 08:00:17.965203+00:00,2.2584874
2025-08-15 08:00:32.549234+00:00,2.2584868
2025-08-15 08:00:44.728739+00:00,2.258487
2025-08-15 08:00:58.057006+00:00,2.2584873
2025-08-15 08:01:11.799143+00:00,2.2584871
2025-08-15 08:01:25.894709+00:00,2.2584869
2025-08-15 08:01:38.053364+00:00,2.2584877
2025-08-15 08:01:51.116074+00:00,2.2584876
2025-08-15 08:02:07.171077+00:00,2.2584875
2025-08-15 08:02:18.507128+00:00,2.2584876
2025-08-15 08:02:30.328527+00:00,2.2584872
2025-08-15 08:02:44.768070+00:00,2.2584872
2025-08-15 08:02:56.476640+00:00,2.2584871
2025-08-15 08:03:09.522088+00:00,2.2584877
2025-08-15 08:03:22.237963+00:00,2.258486
2025-08-15 08:03:39.971875+00:00,2.258487
2025-08-15 08:03:48.176040+00:00,2.2584872
2025-08-15 08:04:01.543296+00:00,2.2584871
2025-08-15 08:04:14.560787+00:00,2.2584876
2025-08-15 08:04:26.511886+00:00,2.2584872
2025-08-15 08:04:40.410066+00:00,2.2584874
2025-08-15 08:04:52.589077+00:00,2.2584875
2025-08-15 08:05:05.521731+00:00,2.2584877
2025-08-15 08:05:18.991463+00:00,2.2584873
2025-08-15 08:05:31.526742+00:00,2.2584874
2025-08-15 08:05:45.166856+00:00,2.258487
2025-08-15 08:05:57.073990+00:00,2.2584874
2025-08-15 08:06:09.582834+00:00,2.2584874
2025-08-15 08:06:22.391303+00:00,2.2584874
2025-08-15 08:06:35.299635+00:00,2.2584869
2025-08-15 08:06:49.198947+00:00,2.2584872
2025-08-15 08:07:01.723754+00:00,2.2584873
2025-08-15 08:07:14.087410+00:00,2.2584866
2025-08-15 08:07:27.131685+00:00,2.2584869
2025-08-15 08:07:40.756661+00:00,2.2584869
2025-08-15 08:07:53.793093+00:00,2.2584876
2025-08-15 08:08:07.104749+00:00,2.2584868
2025-08-15 08:08:20.984254+00:00,2.2584873
2025-08-15 08:08:33.846799+00:00,2.2584872
2025-08-15 08:08:47.463683+00:00,2.2584875
2025-08-15 08:09:00.644512+00:00,2.2584869
2025-08-15 08:09:13.931165+00:00,2.2584867
2025-08-15 08:09:27.457862+00:00,2.2584875
2025-08-15 08:09:40.650950+00:00,2.2584869
2025-08-15 08:09:56.648333+00:00,2.2584866
2025-08-15 08:10:07.668411+00:00,2.2584868
2025-08-15 08:10:20.801135+00:00,2.2584875
2025-08-15 08:10:33.966929+00:00,2.2584868
2025-08-15 08:10:48.515410+00:00,2.2584878
2025-08-15 08:10:59.555364+00:00,2.2584878
2025-08-15 08:11:12.723173+00:00,2.2584869
2025-08-15 08:11:25.705868+00:00,2.258487
2025-08-15 08:11:39.017204+00:00,2.2584876
2025-08-15 08:11:51.974752+00:00,2.2584876
2025-08-15 08:12:04.805086+00:00,2.2584876
2025-08-15 08:12:18.038806+00:00,2.2584871
2025-08-15 08:12:31.149066+00:00,2.2584869
2025-08-15 08:12:43.749183+00:00,2.2584867
2025-08-15 08:12:57.036172+00:00,2.2584873
2025-08-15 08:13:10.537679+00:00,2.2584867
2025-08-15 08:13:23.355576+00:00,2.2584868
2025-08-15 08:13:36.407422+00:00,2.2584873
2025-08-15 08:13:49.013947+00:00,2.2584876
2025-08-15 08:14:02.812209+00:00,2.2584875
2025-08-15 08:14:14.790133+00:00,2.2584875
2025-08-15 08:14:28.048515+00:00,2.2584866
2025-08-15 08:14:40.646555+00:00,2.2584876
2025-08-15 08:14:53.490845+00:00,2.2584874
2025-08-15 08:15:07.367669+00:00,2.2584868
2025-08-15 08:15:19.517722+00:00,2.2584875
2025-08-15 08:15:32.875345+00:00,2.2584875
2025-08-15 08:15:46.294696+00:00,2.258487
2025-08-15 08:16:00.473187+00:00,2.2584875
2025-08-15 08:16:13.093226+00:00,2.258487
2025-08-15 08:16:26.150376+00:00,2.2584877
2025-08-15 08:16:39.136563+00:00,2.2584871
2025-08-15 08:16:52.411012+00:00,2.2584875
2025-08-15 08:17:05.923561+00:00,2.258487
2025-08-15 08:17:21.214821+00:00,2.2584872
2025-08-15 08:17:32.832398+00:00,2.2584869
2025-08-15 08:17:45.880060+00:00,2.2584871
2025-08-15 08:17:59.867357+00:00,2.2584874
2025-08-15 08:18:17.120551+00:00,2.2584867
2025-08-15 08:18:25.377854+00:00,2.2584867
2025-08-15 08:18:37.925294+00:00,2.2584869
2025-08-15 08:18:51.141663+00:00,2.2584873
2025-08-15 08:19:04.740856+00:00,2.2584877
2025-08-15 08:19:18.558042+00:00,2.2584876
2025-08-15 08:19:30.761871+00:00,2.2584866
2025-08-15 08:19:44.146918+00:00,2.258487
2025-08-15 08:19:56.369533+00:00,2.2584869
2025-08-15 08:20:09.691780+00:00,2.2584875
2025-08-15 08:20:22.846291+00:00,2.2584876
2025-08-15 08:20:35.669564+00:00,2.2584869
2025-08-15 08:20:48.700709+00:00,2.2584874
2025-08-15 08:21:01.222136+00:00,2.2584869
2025-08-15 08:21:14.429249+00:00,2.2584872
2025-08-15 08:21:27.170022+00:00,2.258487
2025-08-15 08:21:40.976956+00:00,2.2584872
2025-08-15 08:21:52.944181+00:00,2.2584878
2025-08-15 08:22:06.065150+00:00,2.2584875
2025-08-15 08:22:22.690738+00:00,2.2584873
2025-08-15 08:22:32.064622+00:00,2.2584873
2025-08-15 08:22:46.813781+00:00,2.2584871
2025-08-15 08:22:58.034796+00:00,2.2584868
2025-08-15 08:23:12.713567+00:00,2.2584871
2025-08-15 08:23:23.905099+00:00,2.2584872
2025-08-15 08:23:37.234529+00:00,2.2584874
2025-08-15 08:23:50.603104+00:00,2.2584875
2025-08-15 08:24:04.821777+00:00,2.2584872
2025-08-15 08:24:17.764357+00:00,2.2584869
2025-08-15 08:24:31.122889+00:00,2.2584875
2025-08-15 08:24:44.123114+00:00,2.2584875
2025-08-15 08:24:58.034161+00:00,2.2584874
2025-08-15 08:25:11.395907+00:00,2.2584871
2025-08-15 08:25:24.455781+00:00,2.2584877
2025-08-15 08:25:38.387416+00:00,2.2584877
2025-08-15 08:25:53.300322+00:00,2.2584876
2025-08-15 08:26:10.741584+00:00,2.2584875
2025-08-15 08:26:17.863468+00:00,2.2584869
2025-08-15 08:26:32.099377+00:00,2.258487
2025-08-15 08:26:45.644028+00:00,2.258487
2025-08-15 08:26:57.921981+00:00,2.2584873
2025-08-15 08:27:11.317444+00:00,2.2584875
2025-08-15 08:27:24.561950+00:00,2.2584875
2025-08-15 08:27:37.929676+00:00,2.2584868
2025-08-15 08:27:51.312336+00:00,2.2584876
2025-08-15 08:28:03.603713+00:00,2.2584872
2025-08-15 08:28:18.537470+00:00,2.2584867
2025-08-15 08:28:30.012934+00:00,2.2584864
2025-08-15 08:28:42.348070+00:00,2.258487
2025-08-15 08:28:55.241773+00:00,2.2584871
2025-08-15 08:29:08.744210+00:00,2.2584869
2025-08-15 08:29:24.611294+00:00,2.2584875
2025-08-15 08:29:35.286575+00:00,2.2584872
2025-08-15 08:29:47.985201+00:00,2.2584869
2025-08-15 08:30:00.768092+00:00,2.2584877
2025-08-15 08:30:19.839279+00:00,2.2584871
2025-08-15 08:30:27.019214+00:00,2.2584877
2025-08-15 08:30:39.515269+00:00,2.2584869
2025-08-15 08:30:52.153357+00:00,2.2584872
2025-08-15 08:31:05.410476+00:00,2.258487
2025-08-15 08:31:18.856215+00:00,2.2584874
2025-08-15 08:31:31.897658+00:00,2.2584876
2025-08-15 08:31:46.055355+00:00,2.2584873
2025-08-15 08:31:58.449733+00:00,2.2584869
2025-08-15 08:32:11.962104+00:00,2.2584869
2025-08-15 08:32:25.241595+00:00,2.2584876
2025-08-15 08:32:38.725735+00:00,2.2584872
2025-08-15 08:33:06.179692+00:00,2.2584871
2025-08-15 08:33:19.814196+00:00,2.258487
2025-08-15 08:33:32.641417+00:00,2.2584869
2025-08-15 08:33:47.477660+00:00,2.2584867
2025-08-15 08:33:59.009685+00:00,2.2584873
2025-08-15 08:34:12.062364+00:00,2.2584874
2025-08-15 08:34:27.511284+00:00,2.2584874
2025-08-15 08:34:39.793760+00:00,2.2584875
2025-08-15 08:34:53.560205+00:00,2.2584873
2025-08-15 08:35:05.646211+00:00,2.2584873
2025-08-15 08:35:17.913988+00:00,2.2584872
2025-08-15 08:35:30.788237+00:00,2.2584865
2025-08-15 08:35:47.712016+00:00,2.2584873
2025-08-15 08:36:00.417458+00:00,2.2584874
2025-08-15 08:36:09.678223+00:00,2.2584874
2025-08-15 08:36:22.334805+00:00,2.2584876
2025-08-15 08:36:35.470380+00:00,2.2584869
2025-08-15 08:36:48.422629+00:00,2.258487
2025-08-15 08:37:01.486397+00:00,2.2584872
2025-08-15 08:37:14.405444+00:00,2.2584873
2025-08-15 08:37:27.431299+00:00,2.258487
2025-08-15 08:37:40.405534+00:00,2.2584876
2025-08-15 08:37:53.710720+00:00,2.2584865
2025-08-15 08:38:11.206515+00:00,2.2584866
2025-08-15 08:38:19.502309+00:00,2.2584867
2025-08-15 08:38:32.459958+00:00,2.2584871
2025-08-15 08:38:46.610571+00:00,2.2584869
2025-08-15 08:38:58.234716+00:00,2.2584878
2025-08-15 08:39:11.207097+00:00,2.2584868
2025-08-15 08:39:24.207949+00:00,2.2584866
2025-08-15 08:39:37.102922+00:00,2.2584874
2025-08-15 08:39:51.105495+00:00,2.2584874
2025-08-15 08:40:04.615894+00:00,2.2584874
2025-08-15 08:40:18.288335+00:00,2.2584873
2025-08-15 08:40:31.039734+00:00,2.258487
2025-08-15 08:40:57.721486+00:00,2.2584875
2025-08-15 08:41:11.753277+00:00,2.2584875
2025-08-15 08:41:24.612773+00:00,2.258487
2025-08-15 08:41:38.222393+00:00,2.2584868
2025-08-15 08:41:51.389748+00:00,2.2584863
2025-08-15 08:42:05.764236+00:00,2.2584872
2025-08-15 08:42:18.460854+00:00,2.2584875
2025-08-15 08:42:31.661754+00:00,2.2584874
2025-08-15 08:42:45.003396+00:00,2.2584873
2025-08-15 08:42:58.072227+00:00,2.2584869
2025-08-15 08:43:13.089352+00:00,2.2584873
2025-08-15 08:43:23.808059+00:00,2.2584874
2025-08-15 08:43:36.867613+00:00,2.2584868
2025-08-15 08:43:49.626296+00:00,2.2584874
2025-08-15 08:44:07.516000+00:00,2.2584873
2025-08-15 08:44:18.460322+00:00,2.2584868
2025-08-15 08:44:28.699887+00:00,2.2584866
2025-08-15 08:44:42.494502+00:00,2.2584865
2025-08-15 08:44:55.520825+00:00,2.2584867
2025-08-15 08:45:08.380291+00:00,2.2584868
2025-08-15 08:45:22.121943+00:00,2.2584866
2025-08-15 08:45:33.723621+00:00,2.2584876
2025-08-15 08:45:47.157070+00:00,2.258487
2025-08-15 08:46:04.195869+00:00,2.258487
2025-08-15 08:46:13.350444+00:00,2.2584868
2025-08-15 08:46:25.496298+00:00,2.2584867
2025-08-15 08:46:38.764110+00:00,2.2584875
2025-08-15 08:46:51.191555+00:00,2.2584872
2025-08-15 08:47:04.138480+00:00,2.2584871
2025-08-15 08:47:18.197397+00:00,2.2584861
2025-08-15 08:47:30.700669+00:00,2.2584875
2025-08-15 08:47:43.812848+00:00,2.2584869
2025-08-15 08:47:58.108311+00:00,2.2584875
2025-08-15 08:48:10.504845+00:00,2.2584868
2025-08-15 08:48:24.775304+00:00,2.2584875
2025-08-15 08:48:37.249469+00:00,2.2584873
2025-08-15 08:48:50.833167+00:00,2.2584868
2025-08-15 08:49:03.919845+00:00,2.2584871
2025-08-15 08:49:17.534500+00:00,2.258487
2025-08-15 08:49:30.774088+00:00,2.2584872
2025-08-15 08:49:44.306997+00:00,2.2584872
2025-08-15 08:49:57.070972+00:00,2.2584875
2025-08-15 08:50:10.573382+00:00,2.2584867
2025-08-15 08:50:23.657522+00:00,2.2584868
2025-08-15 08:50:36.655885+00:00,2.2584876
2025-08-15 08:50:49.705284+00:00,2.2584868
2025-08-15 08:51:02.991643+00:00,2.2584872
2025-08-15 08:51:16.119721+00:00,2.2584873
2025-08-15 08:51:28.704558+00:00,2.2584875
2025-08-15 08:51:41.933703+00:00,2.2584873
2025-08-15 08:51:54.797373+00:00,2.2584872
2025-08-15 08:52:13.211343+00:00,2.2584868
2025-08-15 08:52:25.231482+00:00,2.2584871
2025-08-15 08:52:35.020339+00:00,2.2584873
2025-08-15 08:52:47.589029+00:00,2.2584871
2025-08-15 08:52:59.592401+00:00,2.2584874
2025-08-15 08:53:14.372834+00:00,2.2584864
2025-08-15 08:53:25.777279+00:00,2.258487
2025-08-15 08:53:39.267656+00:00,2.2584871
2025-08-15 08:53:51.337438+00:00,2.2584873
2025-08-15 08:54:04.535580+00:00,2.2584866
2025-08-15 08:54:20.025879+00:00,2.2584872
2025-08-15 08:54:30.112196+00:00,2.2584871
2025-08-15 08:54:43.016293+00:00,2.2584871
2025-08-15 08:54:56.500962+00:00,2.2584871
2025-08-15 08:55:08.628366+00:00,2.2584873
2025-08-15 08:55:21.525698+00:00,2.2584872
2025-08-15 08:55:34.392218+00:00,2.2584874
2025-08-15 08:55:47.293737+00:00,2.2584874
2025-08-15 08:56:00.659232+00:00,2.2584866
2025-08-15 08:56:13.423752+00:00,2.2584873
2025-08-15 08:56:27.345087+00:00,2.2584868
2025-08-15 08:56:40.824737+00:00,2.2584869
2025-08-15 08:56:53.568707+00:00,2.2584873
2025-08-15 08:57:07.967245+00:00,2.2584867
2025-08-15 08:57:20.253807+00:00,2.2584872
2025-08-15 08:57:33.872677+00:00,2.2584861
2025-08-15 08:57:47.671488+00:00,2.2584875
2025-08-15 08:58:00.636691+00:00,2.2584874
2025-08-15 08:58:13.427833+00:00,2.2584875
2025-08-15 08:58:27.130308+00:00,2.2584868
2025-08-15 08:58:40.748688+00:00,2.2584875
2025-08-15 08:58:54.696504+00:00,2.2584867
2025-08-15 08:59:06.203728+00:00,2.2584869
2025-08-15 08:59:19.110707+00:00,2.258487
2025-08-15 08:59:31.929062+00:00,2.2584872
2025-08-15 08:59:44.708100+00:00,2.2584876
2025-08-15 08:59:59.789401+00:00,2.258487
2025-08-15 09:00:11.671860+00:00,2.2584866
2025-08-15 09:00:23.744092+00:00,2.2584869
2025-08-15 09:00:38.413301+00:00,2.2584868
2025-08-15 09:00:49.716437+00:00,2.2584877
2025-08-15 09:01:02.809776+00:00,2.2584875
2025-08-15 09:01:16.447786+00:00,2.2584872
2025-08-15 09:01:28.736214+00:00,2.2584871
2025-08-15 09:01:41.806458+00:00,2.2584875
2025-08-15 09:01:55.025680+00:00,2.2584867
2025-08-15 09:02:07.874564+00:00,2.2584871
2025-08-15 09:02:20.519178+00:00,2.2584874
2025-08-15 09:02:33.850940+00:00,2.2584873
2025-08-15 09:02:49.459645+00:00,2.2584865
2025-08-15 09:02:59.080107+00:00,2.2584873
2025-08-15 09:03:12.106170+00:00,2.2584874
2025-08-15 09:03:24.550318+00:00,2.2584877
2025-08-15 09:03:37.710680+00:00,2.2584872
2025-08-15 09:03:50.829355+00:00,2.2584873
2025-08-15 09:04:05.113794+00:00,2.2584868
2025-08-15 09:04:18.736269+00:00,2.2584876
2025-08-15 09:04:30.606645+00:00,2.2584873
2025-08-15 09:04:43.634880+00:00,2.2584869
2025-08-15 09:04:57.055246+00:00,2.2584876
2025-08-15 09:05:10.896257+00:00,2.2584878
2025-08-15 09:05:23.685035+00:00,2.2584873
2025-08-15 09:05:41.313623+00:00,2.2584868
2025-08-15 09:05:50.388418+00:00,2.2584869
2025-08-15 09:06:03.541003+00:00,2.2584875
2025-08-15 09:06:16.812165+00:00,2.2584869
2025-08-15 09:06:30.872088+00:00,2.2584874
2025-08-15 09:06:43.139780+00:00,2.2584878
2025-08-15 09:06:59.476065+00:00,2.2584872
2025-08-15 09:07:20.198342+00:00,2.258487
2025-08-15 09:07:22.403516+00:00,2.2584867
2025-08-15 09:07:35.534262+00:00,2.2584873
2025-08-15 09:07:48.534453+00:00,2.2584872
2025-08-15 09:08:01.444288+00:00,2.258487
2025-08-15 09:08:14.987415+00:00,2.2584876
2025-08-15 09:08:27.466018+00:00,2.2584875
2025-08-15 09:08:40.485189+00:00,2.2584874
2025-08-15 09:08:54.080064+00:00,2.2584876
2025-08-15 09:09:12.691866+00:00,2.2584865
2025-08-15 09:09:19.913545+00:00,2.2584866
2025-08-15 09:09:32.614137+00:00,2.2584875
2025-08-15 09:09:45.114679+00:00,2.2584872
2025-08-15 09:09:57.967495+00:00,2.2584868
2025-08-15 09:10:11.091700+00:00,2.258487
2025-08-15 09:10:24.170351+00:00,2.2584873
2025-08-15 09:10:39.592751+00:00,2.2584875
2025-08-15 09:10:49.513887+00:00,2.2584874
2025-08-15 09:11:03.043156+00:00,2.258487
2025-08-15 09:11:15.597562+00:00,2.2584878
2025-08-15 09:11:28.664766+00:00,2.2584873
2025-08-15 09:11:43.647287+00:00,2.2584875
2025-08-15 09:11:56.347303+00:00,2.258487
2025-08-15 09:12:08.877041+00:00,2.2584862
2025-08-15 09:12:23.502506+00:00,2.2584873
2025-08-15 09:12:35.462308+00:00,2.2584872
2025-08-15 09:12:48.736631+00:00,2.2584869
2025-08-15 09:13:02.108573+00:00,2.2584873
2025-08-15 09:13:16.837555+00:00,2.2584873
2025-08-15 09:13:29.811195+00:00,2.2584869
2025-08-15 09:13:41.820797+00:00,2.2584874
2025-08-15 09:13:55.167652+00:00,2.2584866
2025-08-15 09:14:08.766468+00:00,2.2584871
2025-08-15 09:14:20.975234+00:00,2.2584865
2025-08-15 09:14:34.489492+00:00,2.2584873
2025-08-15 09:14:47.322735+00:00,2.2584875
2025-08-15 09:15:00.537749+00:00,2.2584875
2025-08-15 09:15:13.577665+00:00,2.2584867
2025-08-15 09:15:26.462471+00:00,2.2584872
2025-08-15 09:15:40.422456+00:00,2.258487
2025-08-15 09:15:52.177007+00:00,2.2584878
2025-08-15 09:16:06.633977+00:00,2.2584874
2025-08-15 09:16:18.083279+00:00,2.258487
2025-08-15 09:16:31.104936+00:00,2.258487
2025-08-15 09:16:43.924354+00:00,2.2584866
2025-08-15 09:16:58.419822+00:00,2.2584875
2025-08-15 09:17:09.948945+00:00,2.258487
2025-08-15 09:17:23.144411+00:00,2.2584872
2025-08-15 09:17:35.583065+00:00,2.2584871
2025-08-15 09:17:48.579784+00:00,2.2584866
2025-08-15 09:18:01.299907+00:00,2.2584873
2025-08-15 09:18:13.921170+00:00,2.2584874
2025-08-15 09:18:26.863497+00:00,2.2584874
2025-08-15 09:18:39.964052+00:00,2.2584867
2025-08-15 09:18:52.494391+00:00,2.2584869
2025-08-15 09:19:06.958160+00:00,2.2584876
2025-08-15 09:19:22.611811+00:00,2.2584873
2025-08-15 09:19:36.390494+00:00,2.2584866
2025-08-15 09:19:45.267039+00:00,2.2584877
2025-08-15 09:19:58.686144+00:00,2.2584872
2025-08-15 09:20:12.376184+00:00,2.2584872
2025-08-15 09:20:25.856579+00:00,2.2584878
2025-08-15 09:20:41.229439+00:00,2.2584873
2025-08-15 09:20:52.003772+00:00,2.2584872
2025-08-15 09:21:05.481531+00:00,2.2584868
2025-08-15 09:21:19.727660+00:00,2.2584869
2025-08-15 09:21:33.397920+00:00,2.258487
2025-08-15 09:21:45.988575+00:00,2.2584875
2025-08-15 09:21:58.670313+00:00,2.2584867
2025-08-15 09:22:12.354229+00:00,2.2584874
2025-08-15 09:22:24.794097+00:00,2.2584867
2025-08-15 09:22:37.837067+00:00,2.2584874
2025-08-15 09:22:51.157934+00:00,2.2584866
2025-08-15 09:23:04.165392+00:00,2.2584871
2025-08-15 09:23:17.289713+00:00,2.2584878
2025-08-15 09:23:31.267978+00:00,2.2584869
2025-08-15 09:23:43.095969+00:00,2.2584874
2025-08-15 09:23:56.275578+00:00,2.2584874
2025-08-15 09:24:09.358627+00:00,2.2584873
2025-08-15 09:24:23.605533+00:00,2.2584868
2025-08-15 09:24:35.552633+00:00,2.2584866
2025-08-15 09:24:49.153569+00:00,2.2584867
2025-08-15 09:25:00.948933+00:00,2.258487
2025-08-15 09:25:14.499564+00:00,2.258487
2025-08-15 09:25:26.729510+00:00,2.2584871
2025-08-15 09:25:39.834673+00:00,2.2584868
2025-08-15 09:25:52.178468+00:00,2.2584874
2025-08-15 09:26:06.351641+00:00,2.2584865
2025-08-15 09:26:20.333838+00:00,2.2584867
2025-08-15 09:26:30.488996+00:00,2.2584869
2025-08-15 09:26:43.340840+00:00,2.2584876
2025-08-15 09:26:56.990402+00:00,2.2584874
2025-08-15 09:27:10.248298+00:00,2.2584868
2025-08-15 09:27:22.913515+00:00,2.2584868
2025-08-15 09:27:36.310084+00:00,2.2584866
2025-08-15 09:27:49.600871+00:00,2.2584868
2025-08-15 09:28:04.647837+00:00,2.2584866
2025-08-15 09:28:16.928840+00:00,2.2584868
2025-08-15 09:28:30.013358+00:00,2.258487
2025-08-15 09:28:44.769871+00:00,2.2584873
2025-08-15 09:28:56.868748+00:00,2.2584873
2025-08-15 09:29:10.221114+00:00,2.2584875
2025-08-15 09:29:23.238946+00:00,2.2584869
2025-08-15 09:29:36.134348+00:00,2.2584874
2025-08-15 09:29:54.644944+00:00,2.2584876
2025-08-15 09:30:03.099734+00:00,2.258487
2025-08-15 09:30:15.761260+00:00,2.2584873
2025-08-15 09:30:29.280293+00:00,2.258487
2025-08-15 09:30:41.645810+00:00,2.2584867
2025-08-15 09:30:54.368977+00:00,2.258487
2025-08-15 09:31:08.456489+00:00,2.258487
2025-08-15 09:31:20.254415+00:00,2.258487
2025-08-15 09:31:46.375309+00:00,2.2584873
2025-08-15 09:31:58.922214+00:00,2.2584873
2025-08-15 09:32:12.464485+00:00,2.2584872
2025-08-15 09:32:24.628092+00:00,2.2584871
2025-08-15 09:32:37.986235+00:00,2.2584874
2025-08-15 09:32:50.288585+00:00,2.2584867
2025-08-15 09:33:03.680804+00:00,2.2584872
2025-08-15 09:33:28.859958+00:00,2.2584875
2025-08-15 09:33:41.363946+00:00,2.2584868
2025-08-15 09:33:54.152855+00:00,2.2584867
2025-08-15 09:34:07.178473+00:00,2.2584869
2025-08-15 09:34:25.956581+00:00,2.2584872
2025-08-15 09:34:33.167326+00:00,2.2584873
2025-08-15 09:34:46.290806+00:00,2.2584869
2025-08-15 09:34:59.143109+00:00,2.258487
2025-08-15 09:35:13.337158+00:00,2.2584869
2025-08-15 09:35:26.698499+00:00,2.2584873
2025-08-15 09:35:39.278159+00:00,2.258487
2025-08-15 09:35:52.655024+00:00,2.2584875
2025-08-15 09:36:07.239681+00:00,2.2584876
2025-08-15 09:36:20.681395+00:00,2.2584867
2025-08-15 09:36:33.484448+00:00,2.2584875
2025-08-15 09:36:46.541754+00:00,2.2584871
2025-08-15 09:37:00.037873+00:00,2.2584874
2025-08-15 09:37:13.171411+00:00,2.2584866
2025-08-15 09:37:26.523929+00:00,2.2584869
2025-08-15 09:37:39.104112+00:00,2.2584867
2025-08-15 09:37:52.806523+00:00,2.2584871
2025-08-15 09:38:05.754553+00:00,2.2584866
2025-08-15 09:38:18.747524+00:00,2.2584875
2025-08-15 09:38:33.339723+00:00,2.258487
2025-08-15 09:38:44.519227+00:00,2.258487
2025-08-15 09:39:00.068209+00:00,2.2584869
2025-08-15 09:39:10.213648+00:00,2.2584873
2025-08-15 09:39:27.220089+00:00,2.2584866
2025-08-15 09:39:36.991152+00:00,2.2584869
2025-08-15 09:39:49.106151+00:00,2.2584865
2025-08-15 09:40:02.101928+00:00,2.2584869
2025-08-15 09:40:16.355375+00:00,2.2584874
2025-08-15 09:40:27.754021+00:00,2.2584875
2025-08-15 09:40:40.750566+00:00,2.2584869
2025-08-15 09:40:53.851931+00:00,2.2584872
2025-08-15 09:41:06.655922+00:00,2.2584867
2025-08-15 09:41:19.257201+00:00,2.2584865
2025-08-15 09:41:32.019485+00:00,2.2584874
2025-08-15 09:41:44.944416+00:00,2.2584867
2025-08-15 09:41:57.384982+00:00,2.2584874
2025-08-15 09:42:10.834464+00:00,2.2584873
2025-08-15 09:42:23.064553+00:00,2.258487
2025-08-15 09:42:36.622794+00:00,2.2584874
2025-08-15 09:42:49.037993+00:00,2.2584869
2025-08-15 09:43:02.182520+00:00,2.2584868
2025-08-15 09:43:14.769829+00:00,2.2584868
2025-08-15 09:43:28.233940+00:00,2.2584872
2025-08-15 09:43:41.817689+00:00,2.2584866
2025-08-15 09:43:58.479088+00:00,2.2584868
2025-08-15 09:44:08.915871+00:00,2.2584875
2025-08-15 09:44:21.952508+00:00,2.2584877
2025-08-15 09:44:35.704238+00:00,2.2584868
2025-08-15 09:44:49.231821+00:00,2.2584867
2025-08-15 09:45:02.498770+00:00,2.2584867
2025-08-15 09:45:15.610733+00:00,2.2584865
2025-08-15 09:45:38.910169+00:00,2.2584871
2025-08-15 09:45:41.861483+00:00,2.2584867
2025-08-15 09:45:54.446729+00:00,2.2584867
2025-08-15 09:46:12.385934+00:00,2.2584873
2025-08-15 09:46:20.785876+00:00,2.2584874
2025-08-15 09:46:33.993664+00:00,2.2584877
2025-08-15 09:46:47.768281+00:00,2.2584869
2025-08-15 09:47:00.060081+00:00,2.2584869
2025-08-15 09:47:13.300103+00:00,2.2584869
2025-08-15 09:47:25.764966+00:00,2.258487
2025-08-15 09:47:39.096010+00:00,2.2584868
2025-08-15 09:47:54.402672+00:00,2.2584865
2025-08-15 09:48:08.017148+00:00,2.258487
2025-08-15 09:48:17.774106+00:00,2.2584865
2025-08-15 09:48:30.626307+00:00,2.2584873
2025-08-15 09:48:43.261275+00:00,2.2584871
2025-08-15 09:48:56.307062+00:00,2.2584867
2025-08-15 09:49:10.880128+00:00,2.2584875
2025-08-15 09:49:21.730958+00:00,2.2584867
2025-08-15 09:49:35.083664+00:00,2.2584874
2025-08-15 09:49:47.459302+00:00,2.2584871
2025-08-15 09:50:01.391306+00:00,2.2584868
2025-08-15 09:50:13.426414+00:00,2.2584873
2025-08-15 09:50:26.148370+00:00,2.2584872
2025-08-15 09:50:39.596937+00:00,2.2584875
2025-08-15 09:50:53.935642+00:00,2.2584868
2025-08-15 09:51:06.118445+00:00,2.2584873
2025-08-15 09:51:19.151171+00:00,2.2584871
2025-08-15 09:51:33.094010+00:00,2.2584872
2025-08-15 09:51:46.671038+00:00,2.258487
2025-08-15 09:51:59.845194+00:00,2.2584866
2025-08-15 09:52:14.210310+00:00,2.2584873
2025-08-15 09:52:26.733951+00:00,2.2584875
2025-08-15 09:52:39.718875+00:00,2.258487
2025-08-15 09:52:53.539726+00:00,2.2584865
2025-08-15 09:53:10.296099+00:00,2.2584873
2025-08-15 09:53:19.814104+00:00,2.2584873
2025-08-15 09:53:34.926329+00:00,2.2584868
2025-08-15 09:53:45.942589+00:00,2.2584874
2025-08-15 09:54:01.016998+00:00,2.2584876
2025-08-15 09:54:13.103908+00:00,2.2584863
2025-08-15 09:54:25.000842+00:00,2.2584867
2025-08-15 09:54:38.485412+00:00,2.2584867
2025-08-15 09:54:51.572195+00:00,2.2584871
2025-08-15 09:55:04.440523+00:00,2.2584867
2025-08-15 09:55:17.142113+00:00,2.2584869
2025-08-15 09:55:29.755709+00:00,2.2584871
2025-08-15 09:55:42.415680+00:00,2.2584868
2025-08-15 09:55:55.617507+00:00,2.2584872
2025-08-15 09:56:09.046130+00:00,2.2584871
2025-08-15 09:56:21.647248+00:00,2.2584872
2025-08-15 09:56:34.918261+00:00,2.2584874
2025-08-15 09:56:49.363787+00:00,2.2584866
2025-08-15 09:57:00.370922+00:00,2.2584866
2025-08-15 09:57:13.666034+00:00,2.2584874
2025-08-15 09:57:26.126333+00:00,2.2584871
2025-08-15 09:57:38.949074+00:00,2.258487
2025-08-15 09:57:51.911574+00:00,2.2584876
2025-08-15 09:58:04.995685+00:00,2.2584872
2025-08-15 09:58:17.708149+00:00,2.2584871
2025-08-15 09:58:30.143715+00:00,2.2584865
2025-08-15 09:58:43.437639+00:00,2.2584873
2025-08-15 09:58:56.313216+00:00,2.2584868
2025-08-15 09:59:09.483250+00:00,2.2584869
2025-08-15 09:59:22.808720+00:00,2.2584867
2025-08-15 09:59:36.059715+00:00,2.258487
2025-08-15 09:59:49.168922+00:00,2.2584873
2025-08-15 10:00:03.533166+00:00,2.2584868
2025-08-15 10:00:25.757083+00:00,2.2584866
2025-08-15 10:00:30.108401+00:00,2.2584872
2025-08-15 10:00:44.242280+00:00,2.2584871
2025-08-15 10:00:57.227476+00:00,2.2584873
2025-08-15 10:01:10.100878+00:00,2.2584867
2025-08-15 10:01:23.324924+00:00,2.2584867
2025-08-15 10:01:36.932986+00:00,2.2584867
2025-08-15 10:01:50.759703+00:00,2.2584876
2025-08-15 10:02:02.531351+00:00,2.258487
2025-08-15 10:02:15.598595+00:00,2.2584871
2025-08-15 10:02:28.585295+00:00,2.2584872
2025-08-15 10:02:42.538910+00:00,2.2584869
2025-08-15 10:02:54.515630+00:00,2.2584867
2025-08-15 10:03:11.628856+00:00,2.2584866
2025-08-15 10:03:20.622281+00:00,2.2584872
2025-08-15 10:03:36.265251+00:00,2.2584868
2025-08-15 10:03:46.606359+00:00,2.2584867
2025-08-15 10:04:00.994600+00:00,2.2584869
2025-08-15 10:04:12.104266+00:00,2.2584874
2025-08-15 10:04:25.290631+00:00,2.2584866
2025-08-15 10:04:39.217045+00:00,2.2584875
2025-08-15 10:04:51.268803+00:00,2.2584867
2025-08-15 10:05:08.192267+00:00,2.2584877
2025-08-15 10:05:18.625638+00:00,2.2584868
2025-08-15 10:05:31.518079+00:00,2.2584873
2025-08-15 10:05:44.247635+00:00,2.2584864
2025-08-15 10:05:55.794855+00:00,2.2584874
2025-08-15 10:06:08.600242+00:00,2.2584867
2025-08-15 10:06:21.232456+00:00,2.2584867
2025-08-15 10:06:34.540635+00:00,2.2584864
2025-08-15 10:06:47.549045+00:00,2.258487
2025-08-15 10:07:00.941135+00:00,2.2584868
2025-08-15 10:07:13.911921+00:00,2.2584872
2025-08-15 10:07:27.618247+00:00,2.2584865
2025-08-15 10:07:40.932025+00:00,2.2584872
2025-08-15 10:07:54.204233+00:00,2.2584867
2025-08-15 10:08:08.839311+00:00,2.2584877
2025-08-15 10:08:20.751412+00:00,2.2584876
2025-08-15 10:08:34.230404+00:00,2.2584866
2025-08-15 10:08:47.711486+00:00,2.2584866
2025-08-15 10:09:01.269887+00:00,2.2584866
2025-08-15 10:09:14.535179+00:00,2.2584872
2025-08-15 10:09:27.359655+00:00,2.2584865
2025-08-15 10:09:40.283669+00:00,2.258487
2025-08-15 10:09:54.013240+00:00,2.2584868
2025-08-15 10:10:07.033905+00:00,2.2584866
2025-08-15 10:10:22.586359+00:00,2.2584872
2025-08-15 10:10:35.407812+00:00,2.2584869
2025-08-15 10:10:48.358423+00:00,2.2584868
2025-08-15 10:11:12.862153+00:00,2.2584866
2025-08-15 10:11:25.321641+00:00,2.2584866
2025-08-15 10:11:37.972464+00:00,2.2584866
2025-08-15 10:11:50.646550+00:00,2.2584865
2025-08-15 10:12:04.036777+00:00,2.2584865
2025-08-15 10:12:16.884736+00:00,2.2584872
2025-08-15 10:12:29.585467+00:00,2.2584864
2025-08-15 10:12:42.864253+00:00,2.2584871
2025-08-15 10:12:55.657367+00:00,2.2584862
2025-08-15 10:13:08.808566+00:00,2.258487
2025-08-15 10:13:21.161439+00:00,2.2584873
2025-08-15 10:13:34.198747+00:00,2.2584864
2025-08-15 10:13:48.047097+00:00,2.2584871
2025-08-15 10:14:08.577301+00:00,2.2584871
2025-08-15 10:14:14.635725+00:00,2.2584873
2025-08-15 10:14:25.553760+00:00,2.2584875
2025-08-15 10:14:40.481596+00:00,2.2584871
2025-08-15 10:14:52.069749+00:00,2.258487
2025-08-15 10:15:06.937280+00:00,2.2584872
2025-08-15 10:15:19.971369+00:00,2.2584875
2025-08-15 10:15:36.019084+00:00,2.2584866
2025-08-15 10:15:52.668518+00:00,2.2584874
2025-08-15 10:15:59.427307+00:00,2.2584873
2025-08-15 10:16:13.962153+00:00,2.2584872
2025-08-15 10:16:26.141735+00:00,2.2584873
2025-08-15 10:16:39.412421+00:00,2.2584872
2025-08-15 10:16:52.503989+00:00,2.2584868
2025-08-15 10:17:08.325130+00:00,2.2584871
2025-08-15 10:17:22.293411+00:00,2.2584868
2025-08-15 10:17:32.621137+00:00,2.2584866
2025-08-15 10:17:44.814798+00:00,2.2584868
2025-08-15 10:17:58.108571+00:00,2.258487
2025-08-15 10:18:14.416275+00:00,2.258487
2025-08-15 10:18:24.364132+00:00,2.2584864
2025-08-15 10:18:37.070659+00:00,2.2584872
2025-08-15 10:18:49.895451+00:00,2.2584874
2025-08-15 10:19:07.005532+00:00,2.2584876
2025-08-15 10:19:16.600099+00:00,2.2584874
2025-08-15 10:19:28.738873+00:00,2.2584876
2025-08-15 10:19:41.705658+00:00,2.2584866
2025-08-15 10:19:54.761237+00:00,2.2584878
2025-08-15 10:20:09.030850+00:00,2.2584873
2025-08-15 10:20:21.679482+00:00,2.2584871
2025-08-15 10:20:33.826641+00:00,2.2584873
2025-08-15 10:20:50.871084+00:00,2.2584871
2025-08-15 10:20:59.903888+00:00,2.2584868
2025-08-15 10:21:12.257684+00:00,2.2584868
2025-08-15 10:21:27.836247+00:00,2.2584869
2025-08-15 10:21:37.746083+00:00,2.2584867
2025-08-15 10:21:50.536208+00:00,2.2584874
2025-08-15 10:22:04.450315+00:00,2.2584868
2025-08-15 10:22:16.559762+00:00,2.258487
2025-08-15 10:22:42.563289+00:00,2.2584873
2025-08-15 10:22:55.803114+00:00,2.2584864
2025-08-15 10:23:10.728208+00:00,2.2584869
2025-08-15 10:23:22.334947+00:00,2.2584868
2025-08-15 10:23:35.480731+00:00,2.2584867
2025-08-15 10:23:49.203202+00:00,2.2584866
2025-08-15 10:24:02.514704+00:00,2.2584868
2025-08-15 10:24:16.562382+00:00,2.2584867
2025-08-15 10:24:30.251690+00:00,2.2584865
2025-08-15 10:24:42.778314+00:00,2.2584868
2025-08-15 10:24:55.384679+00:00,2.2584865
2025-08-15 10:25:09.049833+00:00,2.2584871
2025-08-15 10:25:22.597784+00:00,2.2584876
2025-08-15 10:25:37.202410+00:00,2.2584872
2025-08-15 10:25:48.349263+00:00,2.2584865
2025-08-15 10:26:01.520283+00:00,2.2584867
2025-08-15 10:26:14.127444+00:00,2.2584874
2025-08-15 10:26:27.214254+00:00,2.2584873
2025-08-15 10:26:40.253378+00:00,2.2584867
2025-08-15 10:26:53.230377+00:00,2.2584874
2025-08-15 10:27:05.996025+00:00,2.2584876
2025-08-15 10:27:20.278614+00:00,2.2584876
2025-08-15 10:27:32.076228+00:00,2.2584871
2025-08-15 10:27:44.991352+00:00,2.258487
2025-08-15 10:27:58.625633+00:00,2.2584866
2025-08-15 10:28:13.546765+00:00,2.258487
2025-08-15 10:28:25.413515+00:00,2.2584868
2025-08-15 10:28:50.863251+00:00,2.2584871
2025-08-15 10:29:02.721813+00:00,2.2584873
2025-08-15 10:29:16.885587+00:00,2.2584868
2025-08-15 10:29:28.204074+00:00,2.2584871
2025-08-15 10:29:41.158984+00:00,2.2584873
2025-08-15 10:29:53.916136+00:00,2.2584865
2025-08-15 10:30:07.215786+00:00,2.2584867
2025-08-15 10:30:25.375939+00:00,2.2584864
2025-08-15 10:30:37.258384+00:00,2.2584866
2025-08-15 10:30:47.114319+00:00,2.2584875
2025-08-15 10:30:59.125115+00:00,2.2584871
2025-08-15 10:31:12.659976+00:00,2.2584872
2025-08-15 10:31:25.678222+00:00,2.2584875
2025-08-15 10:31:39.033396+00:00,2.2584871
2025-08-15 10:31:57.391386+00:00,2.2584869
2025-08-15 10:32:05.865050+00:00,2.2584867
2025-08-15 10:32:19.771020+00:00,2.2584872
2025-08-15 10:32:32.524574+00:00,2.2584868
2025-08-15 10:32:45.711326+00:00,2.258487
2025-08-15 10:32:59.259708+00:00,2.2584873
2025-08-15 10:33:12.868796+00:00,2.2584865
2025-08-15 10:33:25.407322+00:00,2.2584866
2025-08-15 10:33:38.571343+00:00,2.2584876
2025-08-15 10:33:52.773845+00:00,2.2584871
2025-08-15 10:34:05.143693+00:00,2.2584868
2025-08-15 10:34:18.528384+00:00,2.2584875
2025-08-15 10:34:31.055199+00:00,2.2584876
2025-08-15 10:34:44.178560+00:00,2.2584867
2025-08-15 10:34:59.996720+00:00,2.2584873
2025-08-15 10:35:10.773655+00:00,2.2584877
2025-08-15 10:35:23.612763+00:00,2.2584866
2025-08-15 10:35:36.656595+00:00,2.2584875
2025-08-15 10:36:02.944424+00:00,2.2584868
2025-08-15 10:36:16.833561+00:00,2.2584868
2025-08-15 10:36:27.885525+00:00,2.2584867
2025-08-15 10:36:42.960642+00:00,2.2584871
2025-08-15 10:36:54.394919+00:00,2.2584864
2025-08-15 10:37:07.761144+00:00,2.2584866
2025-08-15 10:37:19.741141+00:00,2.2584874
2025-08-15 10:37:32.936997+00:00,2.2584868
2025-08-15 10:37:51.636009+00:00,2.2584868
2025-08-15 10:37:58.210052+00:00,2.2584869
2025-08-15 10:38:11.752709+00:00,2.2584866
2025-08-15 10:38:23.802504+00:00,2.2584863
2025-08-15 10:38:37.191115+00:00,2.2584864
2025-08-15 10:38:49.992541+00:00,2.2584869
2025-08-15 10:39:08.960355+00:00,2.2584864
2025-08-15 10:39:19.476766+00:00,2.2584871
2025-08-15 10:39:29.749672+00:00,2.2584865
2025-08-15 10:39:44.690257+00:00,2.2584868
2025-08-15 10:39:56.825078+00:00,2.2584871
2025-08-15 10:40:10.428237+00:00,2.2584866
2025-08-15 10:40:24.116215+00:00,2.258487
2025-08-15 10:40:40.110176+00:00,2.2584875
2025-08-15 10:40:50.811863+00:00,2.2584871
2025-08-15 10:41:03.164871+00:00,2.2584864
2025-08-15 10:41:16.670872+00:00,2.258487
2025-08-15 10:41:30.448295+00:00,2.258487
2025-08-15 10:41:42.568300+00:00,2.2584863
2025-08-15 10:41:57.072330+00:00,2.2584874
2025-08-15 10:42:08.788363+00:00,2.258487
2025-08-15 10:42:27.704120+00:00,2.2584866
2025-08-15 10:42:35.109104+00:00,2.2584876
2025-08-15 10:42:48.104407+00:00,2.2584872
2025-08-15 10:43:05.278344+00:00,2.2584873
2025-08-15 10:43:14.472069+00:00,2.258487
2025-08-15 10:43:27.064571+00:00,2.2584869
2025-08-15 10:43:40.201834+00:00,2.2584871
2025-08-15 10:43:53.353740+00:00,2.2584866
2025-08-15 10:44:06.209902+00:00,2.2584874
2025-08-15 10:44:22.078486+00:00,2.2584873
2025-08-15 10:44:32.495306+00:00,2.2584874
2025-08-15 10:44:46.993357+00:00,2.2584869
2025-08-15 10:45:03.810485+00:00,2.2584872
2025-08-15 10:45:11.132409+00:00,2.2584871
2025-08-15 10:45:24.616380+00:00,2.2584867
2025-08-15 10:45:38.291313+00:00,2.2584872
2025-08-15 10:45:49.557731+00:00,2.2584864
2025-08-15 10:46:05.051305+00:00,2.2584871
2025-08-15 10:46:15.640995+00:00,2.258487
2025-08-15 10:46:28.622252+00:00,2.2584874
2025-08-15 10:46:42.046217+00:00,2.2584864
2025-08-15 10:46:54.834993+00:00,2.2584874
2025-08-15 10:47:08.160917+00:00,2.258487
2025-08-15 10:47:21.381735+00:00,2.2584864
2025-08-15 10:47:35.701461+00:00,2.2584866
2025-08-15 10:47:48.548412+00:00,2.2584866
2025-08-15 10:48:03.270012+00:00,2.2584868
2025-08-15 10:48:15.722404+00:00,2.2584866
2025-08-15 10:48:31.179765+00:00,2.2584866
2025-08-15 10:48:41.499466+00:00,2.2584864
2025-08-15 10:48:55.965344+00:00,2.2584866
2025-08-15 10:49:08.363193+00:00,2.2584871
2025-08-15 10:49:21.149733+00:00,2.2584868
2025-08-15 10:49:34.419565+00:00,2.2584874
2025-08-15 10:49:47.519417+00:00,2.2584871
2025-08-15 10:50:00.547335+00:00,2.2584872
2025-08-15 10:50:13.657588+00:00,2.2584873
2025-08-15 10:50:27.159019+00:00,2.2584871
2025-08-15 10:50:41.444549+00:00,2.2584869
2025-08-15 10:50:52.621306+00:00,2.2584868
2025-08-15 10:51:06.017227+00:00,2.2584869
2025-08-15 10:51:22.214086+00:00,2.2584873
2025-08-15 10:51:31.831773+00:00,2.258487
2025-08-15 10:51:44.510017+00:00,2.2584873
2025-08-15 10:52:05.634918+00:00,2.2584873
2025-08-15 10:52:10.600744+00:00,2.258487
2025-08-15 10:52:23.495212+00:00,2.258487
2025-08-15 10:52:36.510739+00:00,2.2584871
2025-08-15 10:52:49.722984+00:00,2.2584865
2025-08-15 10:53:02.314983+00:00,2.258487
2025-08-15 10:53:15.178746+00:00,2.2584866
2025-08-15 10:53:28.839073+00:00,2.2584865
2025-08-15 10:53:40.794182+00:00,2.2584873
2025-08-15 10:53:53.554598+00:00,2.2584868
2025-08-15 10:54:06.463078+00:00,2.2584866
2025-08-15 10:54:19.380433+00:00,2.2584876
2025-08-15 10:54:32.357893+00:00,2.2584874
2025-08-15 10:54:45.404941+00:00,2.2584864
2025-08-15 10:54:58.389203+00:00,2.2584868
2025-08-15 10:55:11.953011+00:00,2.2584872
2025-08-15 10:55:25.232537+00:00,2.2584869
2025-08-15 10:55:38.770632+00:00,2.258487
2025-08-15 10:55:55.599026+00:00,2.258488
2025-08-15 10:56:05.350195+00:00,2.2584864
2025-08-15 10:56:19.929003+00:00,2.2584865
2025-08-15 10:56:32.309448+00:00,2.2584868
2025-08-15 10:56:45.601673+00:00,2.2584867
2025-08-15 10:56:58.672388+00:00,2.2584872
2025-08-15 10:57:12.661059+00:00,2.2584871
2025-08-15 10:57:25.050786+00:00,2.2584871
2025-08-15 10:57:39.668342+00:00,2.2584875
2025-08-15 10:57:51.700798+00:00,2.258487
2025-08-15 10:58:04.883133+00:00,2.2584875
2025-08-15 10:58:18.327798+00:00,2.258487
2025-08-15 10:58:31.334557+00:00,2.2584869
2025-08-15 10:58:44.399446+00:00,2.2584871
2025-08-15 10:58:57.233158+00:00,2.258487
2025-08-15 10:59:10.239500+00:00,2.258487
2025-08-15 10:59:24.250198+00:00,2.2584873
2025-08-15 10:59:35.918867+00:00,2.258487
2025-08-15 10:59:49.263069+00:00,2.2584863
2025-08-15 11:00:04.753659+00:00,2.2584868
2025-08-15 11:00:18.588936+00:00,2.2584871
2025-08-15 11:00:29.351115+00:00,2.258487
2025-08-15 11:00:45.547169+00:00,2.258487
2025-08-15 11:00:54.376794+00:00,2.2584872
2025-08-15 11:01:21.062940+00:00,2.2584869
2025-08-15 11:01:34.053824+00:00,2.2584867
2025-08-15 11:01:47.070120+00:00,2.2584868
2025-08-15 11:01:58.893468+00:00,2.2584876
2025-08-15 11:02:12.573706+00:00,2.2584868
2025-08-15 11:02:24.380669+00:00,2.2584873
2025-08-15 11:02:37.413667+00:00,2.2584869
2025-08-15 11:02:50.453458+00:00,2.2584871
2025-08-15 11:03:04.821151+00:00,2.2584872
2025-08-15 11:03:16.824714+00:00,2.2584872
2025-08-15 11:03:31.802453+00:00,2.2584872
2025-08-15 11:03:43.487205+00:00,2.2584864
2025-08-15 11:03:57.128449+00:00,2.2584868
2025-08-15 11:04:10.915898+00:00,2.2584875
2025-08-15 11:04:24.101854+00:00,2.2584874
2025-08-15 11:04:37.285806+00:00,2.2584869
2025-08-15 11:04:53.880124+00:00,2.2584871
2025-08-15 11:05:04.580546+00:00,2.2584866
2025-08-15 11:05:18.891872+00:00,2.2584877
2025-08-15 11:05:31.027322+00:00,2.2584869
2025-08-15 11:05:45.072942+00:00,2.2584873
2025-08-15 11:05:56.568817+00:00,2.2584865
2025-08-15 11:06:13.027582+00:00,2.2584871
2025-08-15 11:06:23.474032+00:00,2.2584869
2025-08-15 11:06:35.671723+00:00,2.2584866
2025-08-15 11:06:49.322722+00:00,2.2584871
2025-08-15 11:07:02.803472+00:00,2.258487
2025-08-15 11:07:14.830470+00:00,2.2584871
2025-08-15 11:07:27.782887+00:00,2.2584875
2025-08-15 11:07:40.513781+00:00,2.2584871
2025-08-15 11:07:53.467803+00:00,2.2584872
2025-08-15 11:08:06.665159+00:00,2.2584867
2025-08-15 11:08:19.380500+00:00,2.2584874
2025-08-15 11:08:34.088469+00:00,2.2584871
2025-08-15 11:08:49.323235+00:00,2.2584866
2025-08-15 11:08:58.006280+00:00,2.2584871
2025-08-15 11:09:11.074888+00:00,2.2584866
2025-08-15 11:09:23.614985+00:00,2.2584871
2025-08-15 11:09:36.614885+00:00,2.2584873
2025-08-15 11:09:49.910402+00:00,2.258487
2025-08-15 11:10:02.641793+00:00,2.2584866
2025-08-15 11:10:15.804798+00:00,2.2584875
2025-08-15 11:10:28.587666+00:00,2.2584876
2025-08-15 11:10:47.264018+00:00,2.2584869
2025-08-15 11:10:54.488211+00:00,2.258487
2025-08-15 11:11:08.800442+00:00,2.2584872
2025-08-15 11:11:20.953667+00:00,2.2584873
2025-08-15 11:11:36.927269+00:00,2.2584866
2025-08-15 11:11:48.164549+00:00,2.2584872
2025-08-15 11:12:01.564280+00:00,2.2584875
2025-08-15 11:12:14.593822+00:00,2.2584871
2025-08-15 11:12:28.045674+00:00,2.2584868
2025-08-15 11:12:41.072145+00:00,2.2584874
2025-08-15 11:12:54.586452+00:00,2.2584875
2025-08-15 11:13:08.227110+00:00,2.2584866
2025-08-15 11:13:21.303017+00:00,2.2584867
2025-08-15 11:13:34.346224+00:00,2.258487
2025-08-15 11:13:47.578835+00:00,2.2584865
2025-08-15 11:14:00.445594+00:00,2.2584871
2025-08-15 11:14:14.014919+00:00,2.2584864
2025-08-15 11:14:26.755252+00:00,2.2584872
2025-08-15 11:14:40.701896+00:00,2.2584864
2025-08-15 11:14:52.567595+00:00,2.2584874
2025-08-15 11:15:06.509850+00:00,2.2584873
2025-08-15 11:15:20.995315+00:00,2.2584865
2025-08-15 11:15:44.952959+00:00,2.2584866
2025-08-15 11:15:57.473703+00:00,2.2584872
2025-08-15 11:16:17.827026+00:00,2.258487
2025-08-15 11:16:23.315574+00:00,2.2584868
2025-08-15 11:16:38.205768+00:00,2.2584869
2025-08-15 11:16:50.240343+00:00,2.2584864
2025-08-15 11:17:02.065482+00:00,2.2584872
2025-08-15 11:17:14.373730+00:00,2.2584873
2025-08-15 11:17:27.620310+00:00,2.2584871
2025-08-15 11:17:40.409813+00:00,2.2584869
2025-08-15 11:17:53.605874+00:00,2.2584869
2025-08-15 11:18:07.221455+00:00,2.2584873
2025-08-15 11:18:19.515594+00:00,2.2584872
2025-08-15 11:18:32.911848+00:00,2.2584871
2025-08-15 11:18:46.737267+00:00,2.2584863
2025-08-15 11:18:58.831694+00:00,2.2584869
2025-08-15 11:19:12.767947+00:00,2.2584872
2025-08-15 11:19:26.609937+00:00,2.258487
2025-08-15 11:19:39.394484+00:00,2.258487
2025-08-15 11:19:53.161931+00:00,2.258487
2025-08-15 11:20:07.593587+00:00,2.2584874
2025-08-15 11:20:20.030313+00:00,2.2584864
2025-08-15 11:20:36.728450+00:00,2.2584873
2025-08-15 11:20:46.473242+00:00,2.2584868
2025-08-15 11:21:04.818401+00:00,2.2584867
2025-08-15 11:21:12.649485+00:00,2.2584867
2025-08-15 11:21:25.683194+00:00,2.2584875
2025-08-15 11:21:38.591784+00:00,2.2584867
2025-08-15 11:21:51.602548+00:00,2.2584873
2025-08-15 11:22:05.417313+00:00,2.258487
2025-08-15 11:22:18.728534+00:00,2.2584871
2025-08-15 11:22:31.177172+00:00,2.2584871
2025-08-15 11:22:43.893179+00:00,2.2584866
2025-08-15 11:22:56.834661+00:00,2.2584873
2025-08-15 11:23:09.872006+00:00,2.2584874
2025-08-15 11:23:22.540968+00:00,2.2584873
2025-08-15 11:23:36.084784+00:00,2.2584872
2025-08-15 11:23:49.204776+00:00,2.2584868
2025-08-15 11:24:12.145185+00:00,2.2584868
2025-08-15 11:24:14.609106+00:00,2.2584867
2025-08-15 11:24:26.958883+00:00,2.2584867
2025-08-15 11:24:41.432674+00:00,2.2584868
2025-08-15 11:24:53.121503+00:00,2.258487
2025-08-15 11:25:09.011362+00:00,2.2584874
2025-08-15 11:25:22.485893+00:00,2.2584869
2025-08-15 11:25:32.235702+00:00,2.2584868
2025-08-15 11:25:44.626318+00:00,2.258487
2025-08-15 11:25:57.270174+00:00,2.2584863
2025-08-15 11:26:11.489632+00:00,2.2584871
2025-08-15 11:26:23.115050+00:00,2.2584866
2025-08-15 11:26:36.356586+00:00,2.2584872
2025-08-15 11:26:49.984037+00:00,2.2584866
2025-08-15 11:27:02.976110+00:00,2.2584875
2025-08-15 11:27:16.305570+00:00,2.2584867
2025-08-15 11:27:29.179726+00:00,2.2584866
2025-08-15 11:27:42.737846+00:00,2.2584873
2025-08-15 11:27:55.896893+00:00,2.2584871
2025-08-15 11:28:09.989836+00:00,2.258487
2025-08-15 11:28:23.205595+00:00,2.2584873
2025-08-15 11:28:36.870748+00:00,2.2584872
2025-08-15 11:28:50.125989+00:00,2.2584869
2025-08-15 11:29:03.972987+00:00,2.2584867
2025-08-15 11:29:16.803962+00:00,2.2584874
2025-08-15 11:29:29.447568+00:00,2.2584874
2025-08-15 11:29:43.147287+00:00,2.2584867
2025-08-15 11:29:55.504786+00:00,2.2584871
2025-08-15 11:30:09.302340+00:00,2.2584871
2025-08-15 11:30:22.188169+00:00,2.2584867
2025-08-15 11:30:38.603305+00:00,2.2584868
2025-08-15 11:31:01.704316+00:00,2.258487
2025-08-15 11:31:14.134769+00:00,2.2584875
2025-08-15 11:31:27.435456+00:00,2.2584869
2025-08-15 11:31:40.651707+00:00,2.2584868
2025-08-15 11:31:52.616504+00:00,2.2584876
2025-08-15 11:32:06.042024+00:00,2.2584867
2025-08-15 11:32:19.009506+00:00,2.2584866
2025-08-15 11:32:33.691696+00:00,2.258487
2025-08-15 11:32:44.683427+00:00,2.2584872
2025-08-15 11:32:58.028991+00:00,2.2584872
2025-08-15 11:33:11.249263+00:00,2.2584872
2025-08-15 11:33:23.461783+00:00,2.2584866
2025-08-15 11:33:36.940990+00:00,2.2584869
2025-08-15 11:33:52.600715+00:00,2.2584868
2025-08-15 11:34:03.323892+00:00,2.2584868
2025-08-15 11:34:16.565056+00:00,2.2584874
2025-08-15 11:34:27.730398+00:00,2.2584874
2025-08-15 11:34:40.692736+00:00,2.2584872
2025-08-15 11:34:53.709789+00:00,2.2584875
2025-08-15 11:35:07.505215+00:00,2.258487
2025-08-15 11:35:20.537047+00:00,2.258487
2025-08-15 11:35:34.028585+00:00,2.2584867
2025-08-15 11:35:48.712963+00:00,2.2584871
2025-08-15 11:36:00.681499+00:00,2.2584868
2025-08-15 11:36:15.049795+00:00,2.258487
2025-08-15 11:36:27.086041+00:00,2.2584868
2025-08-15 11:36:41.728303+00:00,2.2584873
2025-08-15 11:36:54.059536+00:00,2.2584873
2025-08-15 11:37:07.994861+00:00,2.2584867
2025-08-15 11:37:20.225254+00:00,2.2584867
2025-08-15 11:37:33.643311+00:00,2.2584868
2025-08-15 11:37:47.204329+00:00,2.2584871
2025-08-15 11:38:03.176958+00:00,2.2584874
2025-08-15 11:38:13.034032+00:00,2.2584875
2025-08-15 11:38:26.000263+00:00,2.2584869
2025-08-15 11:38:39.822080+00:00,2.2584866
2025-08-15 11:38:52.177159+00:00,2.258487
2025-08-15 11:39:06.056073+00:00,2.2584871
2025-08-15 11:39:19.232783+00:00,2.258487
2025-08-15 11:39:31.538996+00:00,2.2584869
2025-08-15 11:39:43.959621+00:00,2.2584873
2025-08-15 11:39:56.871910+00:00,2.2584866
2025-08-15 11:40:17.815510+00:00,2.2584874
2025-08-15 11:40:23.662139+00:00,2.2584873
2025-08-15 11:40:39.971179+00:00,2.2584865
2025-08-15 11:40:50.006431+00:00,2.2584868
2025-08-15 11:41:02.642494+00:00,2.2584874
2025-08-15 11:41:17.240861+00:00,2.2584872
2025-08-15 11:41:27.975341+00:00,2.2584873
2025-08-15 11:41:41.030995+00:00,2.2584873
2025-08-15 11:41:53.900429+00:00,2.2584867
2025-08-15 11:42:07.035767+00:00,2.2584872
2025-08-15 11:42:19.430770+00:00,2.2584867
2025-08-15 11:42:33.276852+00:00,2.2584866
2025-08-15 11:42:45.091408+00:00,2.2584866
2025-08-15 11:42:58.973006+00:00,2.2584864
2025-08-15 11:43:12.847702+00:00,2.2584872
2025-08-15 11:43:25.204944+00:00,2.258487
2025-08-15 11:43:38.027645+00:00,2.2584868
2025-08-15 11:43:51.205531+00:00,2.2584868
2025-08-15 11:44:05.927996+00:00,2.258487
2025-08-15 11:44:18.911028+00:00,2.2584875
2025-08-15 11:44:46.164342+00:00,2.2584868
2025-08-15 11:45:00.098940+00:00,2.2584867
2025-08-15 11:45:12.557167+00:00,2.2584868
2025-08-15 11:45:25.783086+00:00,2.2584873
2025-08-15 11:45:38.849090+00:00,2.2584872
2025-08-15 11:45:51.647505+00:00,2.2584866
2025-08-15 11:46:08.946149+00:00,2.2584874
2025-08-15 11:46:18.062469+00:00,2.2584869
2025-08-15 11:46:33.909723+00:00,2.2584867
2025-08-15 11:46:43.933004+00:00,2.2584866
2025-08-15 11:46:56.829023+00:00,2.2584868
2025-08-15 11:47:11.629637+00:00,2.2584867
2025-08-15 11:47:23.075836+00:00,2.2584876
2025-08-15 11:47:35.882569+00:00,2.2584867
2025-08-15 11:51:02.823465+00:00,2.2584869
2025-08-15 11:51:15.859690+00:00,2.2584868
2025-08-15 11:51:31.090399+00:00,2.2584873
2025-08-15 11:51:54.769172+00:00,2.2584873
2025-08-15 11:52:08.886752+00:00,2.2584876
2025-08-15 11:52:35.284646+00:00,2.2584878
2025-08-15 11:52:49.029413+00:00,2.2584866
2025-08-15 11:53:02.295927+00:00,2.2584872
2025-08-15 11:53:16.078069+00:00,2.2584866
2025-08-15 11:53:28.642137+00:00,2.2584873
2025-08-15 11:53:42.108009+00:00,2.2584867
2025-08-15 11:53:55.018175+00:00,2.2584875
2025-08-15 11:54:08.395431+00:00,2.2584864
2025-08-15 11:54:21.937175+00:00,2.2584867
2025-08-15 11:54:46.743470+00:00,2.2584871
2025-08-15 11:54:59.731134+00:00,2.2584867
2025-08-15 11:55:13.116987+00:00,2.2584873
2025-08-15 11:55:33.358765+00:00,2.2584878
2025-08-15 11:55:39.024660+00:00,2.2584865
2025-08-15 11:55:51.805582+00:00,2.2584869
2025-08-15 11:56:06.764938+00:00,2.2584867
2025-08-15 11:56:18.071734+00:00,2.2584867
2025-08-15 11:56:31.302872+00:00,2.2584875
2025-08-15 11:56:43.502744+00:00,2.2584869
2025-08-15 11:56:56.554809+00:00,2.2584868
2025-08-15 11:57:10.281406+00:00,2.2584868
2025-08-15 11:57:22.588465+00:00,2.2584873
2025-08-15 11:57:35.505912+00:00,2.2584868
2025-08-15 11:57:48.541751+00:00,2.2584869
2025-08-15 11:58:01.088936+00:00,2.2584869
2025-08-15 11:58:13.679106+00:00,2.2584872
2025-08-15 11:58:26.453661+00:00,2.2584868
2025-08-15 11:58:42.002881+00:00,2.2584869
2025-08-15 11:58:52.176170+00:00,2.258487
2025-08-15 11:59:07.208340+00:00,2.2584868
2025-08-15 11:59:19.608492+00:00,2.258487
2025-08-15 11:59:31.504750+00:00,2.2584869
2025-08-15 11:59:44.513338+00:00,2.2584869
2025-08-15 11:59:57.611456+00:00,2.2584871
2025-08-15 12:00:11.805025+00:00,2.2584868
2025-08-15 12:00:26.093781+00:00,2.2584873
2025-08-15 12:00:43.180976+00:00,2.2584872
2025-08-15 12:00:53.283402+00:00,2.2584864
2025-08-15 12:01:05.175095+00:00,2.2584869
2025-08-15 12:01:17.940252+00:00,2.258487
2025-08-15 12:01:34.889444+00:00,2.2584867
2025-08-15 12:01:44.431111+00:00,2.2584874
2025-08-15 12:01:57.832564+00:00,2.2584876
2025-08-15 12:02:36.574037+00:00,2.2584866
2025-08-15 12:02:52.571969+00:00,2.2584876
2025-08-15 12:03:03.008518+00:00,2.2584869
2025-08-15 12:03:16.922094+00:00,2.2584875
2025-08-15 12:03:28.518903+00:00,2.2584872
2025-08-15 12:03:41.405403+00:00,2.2584875
2025-08-15 12:03:54.630356+00:00,2.258487
2025-08-15 12:04:07.562073+00:00,2.2584866
2025-08-15 12:04:21.554677+00:00,2.2584865
2025-08-15 12:04:33.905717+00:00,2.2584872
2025-08-15 12:04:46.611908+00:00,2.2584865
2025-08-15 12:04:59.212056+00:00,2.2584868
2025-08-15 12:05:25.068758+00:00,2.2584871
2025-08-15 12:05:38.063518+00:00,2.2584863
2025-08-15 12:05:50.879866+00:00,2.2584872
2025-08-15 12:06:57.609649+00:00,2.258487
2025-08-15 12:08:42.108161+00:00,2.2584865
2025-08-15 12:09:21.802175+00:00,2.2584869
2025-08-15 12:09:48.339322+00:00,2.2584864
2025-08-15 16:06:03.036340+00:00,2.2584866
2025-08-15 16:06:28.122318+00:00,2.2584864
2025-08-15 16:07:18.778999+00:00,2.2584868
2025-08-15 16:07:56.695496+00:00,2.2584873
2025-08-15 16:08:47.763062+00:00,2.2584877
2025-08-15 16:08:59.732724+00:00,2.2584868
2025-08-15 16:09:12.705226+00:00,2.258487
2025-08-15 16:09:25.331337+00:00,2.2584869
2025-08-15 16:09:37.705995+00:00,2.2584872
2025-08-15 16:09:50.504705+00:00,2.2584872
2025-08-15 16:10:03.660688+00:00,2.2584869
2025-08-15 16:10:17.496297+00:00,2.2584875
2025-08-15 16:10:34.438248+00:00,2.2584868
2025-08-15 16:10:42.994357+00:00,2.2584862
2025-08-15 16:10:55.945667+00:00,2.2584872
2025-08-15 16:11:09.467898+00:00,2.2584874
2025-08-15 16:11:22.489479+00:00,2.2584862
2025-08-15 16:11:35.871251+00:00,2.2584866
2025-08-15 16:11:48.853061+00:00,2.2584872
2025-08-15 16:12:02.537513+00:00,2.2584866
2025-08-15 16:12:16.392790+00:00,2.2584869
2025-08-15 16:12:28.018830+00:00,2.2584868
2025-08-15 16:12:41.128519+00:00,2.2584875
2025-08-15 16:12:54.203381+00:00,2.2584869
2025-08-15 16:13:07.399307+00:00,2.2584867
2025-08-15 16:13:20.101221+00:00,2.2584871
2025-08-15 16:13:34.760309+00:00,2.258487
2025-08-15 16:13:46.989820+00:00,2.2584872
2025-08-15 16:13:58.956456+00:00,2.2584871
2025-08-15 16:14:13.454198+00:00,2.2584871
2025-08-15 16:14:24.587059+00:00,2.2584872
2025-08-15 16:14:37.443174+00:00,2.2584872
2025-08-15 16:14:49.931437+00:00,2.2584869
2025-08-15 16:15:02.588637+00:00,2.2584871
2025-08-15 16:15:16.752424+00:00,2.2584871
2025-08-15 16:15:28.030518+00:00,2.2584872
2025-08-15 16:15:41.020774+00:00,2.258487
2025-08-15 16:15:53.085274+00:00,2.2584871
2025-08-15 16:16:08.438173+00:00,2.258487
2025-08-15 16:16:18.708641+00:00,2.2584873
2025-08-15 16:16:31.562418+00:00,2.2584873
2025-08-15 16:16:45.143835+00:00,2.2584865
2025-08-15 16:16:56.381411+00:00,2.2584868
2025-08-15 16:17:09.658441+00:00,2.2584872
2025-08-15 16:17:23.060379+00:00,2.258487
2025-08-15 16:17:35.223624+00:00,2.2584867
2025-08-15 16:17:48.663869+00:00,2.258487
2025-08-15 16:18:01.800175+00:00,2.2584862
2025-08-15 16:18:15.714293+00:00,2.2584874
2025-08-15 16:18:28.307672+00:00,2.2584869
2025-08-15 16:18:41.352237+00:00,2.2584873
2025-08-15 16:18:56.902041+00:00,2.2584869
2025-08-15 16:19:08.917399+00:00,2.2584873
2025-08-15 16:19:20.796809+00:00,2.2584865
2025-08-15 16:19:38.821761+00:00,2.2584863
2025-08-15 16:19:47.500968+00:00,2.2584868
2025-08-15 16:20:05.080198+00:00,2.2584876
2025-08-15 16:20:14.395455+00:00,2.2584864
2025-08-15 16:20:28.204326+00:00,2.258487
2025-08-15 16:20:39.546618+00:00,2.2584871
2025-08-15 16:20:53.795055+00:00,2.2584867
2025-08-15 16:21:05.172729+00:00,2.2584864
2025-08-15 16:21:17.922471+00:00,2.2584866
2025-08-15 16:21:35.807778+00:00,2.2584867
2025-08-15 16:21:42.696564+00:00,2.2584868
2025-08-15 16:21:55.302320+00:00,2.2584865
2025-08-15 16:22:08.270014+00:00,2.2584865
2025-08-15 16:22:20.448623+00:00,2.2584865
2025-08-15 16:22:34.878186+00:00,2.2584873
2025-08-15 16:22:45.877891+00:00,2.2584873
2025-08-15 16:23:02.027534+00:00,2.2584867
2025-08-15 16:23:11.285753+00:00,2.2584869
2025-08-15 16:23:23.602507+00:00,2.2584864
2025-08-15 16:23:38.235222+00:00,2.2584868
2025-08-15 16:23:50.808286+00:00,2.2584876
2025-08-15 16:24:02.261927+00:00,2.2584868
2025-08-15 16:24:15.058295+00:00,2.2584874
2025-08-15 16:24:27.436205+00:00,2.258487
2025-08-15 16:24:41.057033+00:00,2.2584865
2025-08-15 16:24:53.615920+00:00,2.2584873
2025-08-15 16:25:06.366126+00:00,2.2584875
2025-08-15 16:25:20.498216+00:00,2.258487
2025-08-15 16:25:33.034232+00:00,2.258487
2025-08-15 16:25:46.872891+00:00,2.2584869
2025-08-15 16:25:59.216444+00:00,2.2584867
2025-08-15 16:26:13.924920+00:00,2.2584871
2025-08-15 16:26:29.080403+00:00,2.2584873
2025-08-15 16:26:51.948990+00:00,2.2584868
2025-08-15 16:27:05.261402+00:00,2.258487
2025-08-15 16:27:19.906168+00:00,2.2584866
2025-08-15 16:27:32.656018+00:00,2.2584869
2025-08-15 16:27:44.330765+00:00,2.2584866
2025-08-15 16:28:00.017001+00:00,2.2584865
2025-08-15 16:28:12.900103+00:00,2.258487
2025-08-15 16:28:23.612468+00:00,2.2584866
2025-08-15 16:28:36.200883+00:00,2.258487
2025-08-15 16:28:49.088384+00:00,2.2584869
2025-08-15 16:29:02.145051+00:00,2.2584869
2025-08-15 16:29:14.279712+00:00,2.2584875
2025-08-15 16:29:28.839489+00:00,2.2584865
2025-08-15 16:29:39.786553+00:00,2.2584871
2025-08-15 16:29:52.780653+00:00,2.2584868
2025-08-15 16:30:05.314820+00:00,2.2584871
2025-08-15 16:30:18.095436+00:00,2.2584871
2025-08-15 16:30:30.484900+00:00,2.2584867
2025-08-15 16:30:43.633074+00:00,2.2584868
2025-08-15 16:30:55.977455+00:00,2.2584864
2025-08-15 16:31:08.982869+00:00,2.2584873
2025-08-15 16:31:21.377497+00:00,2.2584872
2025-08-15 16:31:34.474715+00:00,2.2584872
2025-08-15 16:32:03.960794+00:00,2.2584875
2025-08-15 16:32:13.037271+00:00,2.2584865
2025-08-15 16:32:25.524132+00:00,2.2584867
2025-08-15 16:32:38.671439+00:00,2.2584871
2025-08-15 16:32:52.670076+00:00,2.2584875
2025-08-15 16:33:05.721327+00:00,2.2584872
2025-08-15 16:33:18.905374+00:00,2.2584871
2025-08-15 16:33:32.471861+00:00,2.2584869
2025-08-15 16:33:46.614220+00:00,2.2584876
2025-08-15 16:33:58.475641+00:00,2.258487
2025-08-15 16:34:11.988316+00:00,2.2584872
2025-08-15 16:34:24.716820+00:00,2.2584866
2025-08-15 16:34:38.493206+00:00,2.2584866
2025-08-15 16:34:50.694113+00:00,2.2584867
2025-08-15 16:35:03.945200+00:00,2.2584873
2025-08-15 16:35:17.987186+00:00,2.2584866
2025-08-15 16:35:29.702205+00:00,2.2584864
2025-08-15 16:35:42.960325+00:00,2.2584871
2025-08-15 16:35:55.416092+00:00,2.2584871
2025-08-15 16:36:08.254217+00:00,2.2584873
2025-08-15 16:36:20.951046+00:00,2.2584872
2025-08-15 16:36:33.519321+00:00,2.2584873
2025-08-15 16:36:46.441015+00:00,2.2584873
2025-08-15 16:36:58.417206+00:00,2.2584869
2025-08-15 16:37:11.984100+00:00,2.2584873
2025-08-15 16:37:23.880361+00:00,2.2584868
2025-08-15 16:37:36.663750+00:00,2.2584876
2025-08-15 16:37:49.812005+00:00,2.258487
2025-08-15 16:38:02.158542+00:00,2.2584872
2025-08-15 16:38:14.530749+00:00,2.2584874
2025-08-15 16:38:28.943186+00:00,2.2584868
2025-08-15 16:38:41.147706+00:00,2.2584871
2025-08-15 16:38:52.525378+00:00,2.2584875
2025-08-15 16:39:05.619507+00:00,2.2584874
2025-08-15 16:39:19.870080+00:00,2.2584871
2025-08-15 16:39:34.824987+00:00,2.2584871
2025-08-15 16:39:44.266042+00:00,2.2584867
2025-08-15 16:39:56.566488+00:00,2.2584864
2025-08-15 16:40:10.609399+00:00,2.2584873
2025-08-15 16:40:23.647230+00:00,2.2584867
2025-08-15 16:40:36.786575+00:00,2.2584864
2025-08-15 16:40:49.744295+00:00,2.2584865
2025-08-15 16:41:03.168845+00:00,2.2584873
2025-08-15 16:41:17.554744+00:00,2.2584872
2025-08-15 16:41:28.984380+00:00,2.2584871
2025-08-15 16:41:42.167760+00:00,2.2584866
2025-08-15 16:41:55.650938+00:00,2.2584866
2025-08-15 16:42:11.442140+00:00,2.2584875
2025-08-15 16:42:22.408666+00:00,2.2584867
2025-08-15 16:42:34.696047+00:00,2.2584868
2025-08-15 16:42:49.475145+00:00,2.258487
2025-08-15 16:43:01.753138+00:00,2.2584871
2025-08-15 16:43:14.450433+00:00,2.2584868
2025-08-15 16:43:26.958647+00:00,2.2584873
2025-08-15 16:43:39.798510+00:00,2.2584872
2025-08-15 16:43:53.558159+00:00,2.2584872
2025-08-15 16:44:06.265305+00:00,2.2584871
2025-08-15 16:44:18.157310+00:00,2.2584875
2025-08-15 16:44:34.675102+00:00,2.258487
2025-08-15 16:44:43.208684+00:00,2.2584872
2025-08-15 16:44:56.275460+00:00,2.258487
2025-08-15 16:45:09.222474+00:00,2.2584869
2025-08-15 16:45:21.413337+00:00,2.2584868
2025-08-15 16:45:33.885949+00:00,2.2584864
2025-08-15 16:45:46.571272+00:00,2.2584867
2025-08-15 16:45:58.685203+00:00,2.2584874
2025-08-15 16:46:12.567461+00:00,2.2584872
2025-08-15 16:46:24.166438+00:00,2.2584872
2025-08-15 16:46:37.567273+00:00,2.258487
2025-08-15 16:46:49.891007+00:00,2.2584874
2025-08-15 16:47:05.094931+00:00,2.2584873
2025-08-15 16:47:15.855839+00:00,2.258487
2025-08-15 16:47:28.531563+00:00,2.2584875
2025-08-15 16:47:41.983719+00:00,2.2584869
2025-08-15 16:47:55.124720+00:00,2.2584871
2025-08-15 16:48:08.967374+00:00,2.2584872
2025-08-15 16:48:21.898314+00:00,2.2584865
2025-08-15 16:48:35.288393+00:00,2.2584866
2025-08-15 16:48:48.985281+00:00,2.2584874
2025-08-15 16:49:01.752253+00:00,2.2584865
2025-08-15 16:49:14.709683+00:00,2.2584873
2025-08-15 16:49:28.901059+00:00,2.2584866
2025-08-15 16:49:41.957353+00:00,2.2584867
2025-08-15 16:49:54.385588+00:00,2.258487
2025-08-15 16:50:07.216915+00:00,2.2584871
2025-08-15 16:50:20.605306+00:00,2.2584873
2025-08-15 16:50:33.199140+00:00,2.2584871
2025-08-15 16:50:47.226351+00:00,2.2584866
2025-08-15 16:50:58.750699+00:00,2.2584874
2025-08-15 16:51:11.631413+00:00,2.2584873
2025-08-15 16:51:24.267179+00:00,2.2584872
2025-08-15 16:51:40.946813+00:00,2.2584873
2025-08-15 16:51:49.794661+00:00,2.2584871
2025-08-15 16:52:02.603205+00:00,2.2584871
2025-08-15 16:52:15.626679+00:00,2.2584877
2025-08-15 16:52:30.004303+00:00,2.2584865
2025-08-15 16:52:40.314903+00:00,2.2584865
2025-08-15 16:52:53.027575+00:00,2.2584876
2025-08-15 16:53:06.179020+00:00,2.2584866
2025-08-15 16:53:19.651807+00:00,2.2584867
2025-08-15 16:53:34.249379+00:00,2.2584867
2025-08-15 16:53:44.292048+00:00,2.2584873
2025-08-15 16:53:57.517168+00:00,2.2584866
2025-08-15 16:54:11.367403+00:00,2.2584864
2025-08-15 16:54:22.521598+00:00,2.2584868
2025-08-15 16:54:36.517704+00:00,2.2584873
2025-08-15 16:54:49.410175+00:00,2.2584872
2025-08-15 16:55:02.114874+00:00,2.2584867
2025-08-15 16:55:16.201184+00:00,2.258487
2025-08-15 16:55:29.141051+00:00,2.2584873
2025-08-15 16:55:42.354278+00:00,2.2584868
2025-08-15 16:55:55.389469+00:00,2.2584871
2025-08-15 16:56:08.464046+00:00,2.2584866
2025-08-15 16:56:23.367238+00:00,2.2584867
2025-08-15 16:56:34.741060+00:00,2.2584869
2025-08-15 16:56:48.775734+00:00,2.2584867
2025-08-15 16:57:01.120312+00:00,2.2584867
2025-08-15 16:57:14.536968+00:00,2.2584876
2025-08-15 16:57:26.279069+00:00,2.2584876
2025-08-15 16:57:44.274026+00:00,2.2584868
2025-08-15 16:57:52.375938+00:00,2.2584874
2025-08-15 16:58:05.192829+00:00,2.2584867
2025-08-15 16:58:18.229245+00:00,2.2584864
2025-08-15 16:58:30.695281+00:00,2.2584874
2025-08-15 16:58:44.864344+00:00,2.2584869
2025-08-15 16:58:56.904783+00:00,2.2584865
2025-08-15 16:59:08.711006+00:00,2.2584871
2025-08-15 16:59:20.761283+00:00,2.2584865
2025-08-15 16:59:33.891282+00:00,2.2584873
2025-08-15 16:59:49.616520+00:00,2.2584865
2025-08-15 16:59:58.724544+00:00,2.2584874
2025-08-15 17:00:15.988031+00:00,2.2584875
2025-08-15 17:00:24.733997+00:00,2.2584867
2025-08-15 17:00:37.342018+00:00,2.258487
2025-08-15 17:00:53.616001+00:00,2.2584871
2025-08-15 17:01:02.885780+00:00,2.2584866
2025-08-15 17:01:17.211680+00:00,2.2584869
2025-08-15 17:01:28.949929+00:00,2.258487
2025-08-15 17:01:40.998273+00:00,2.2584869
2025-08-15 17:01:54.509790+00:00,2.2584869
2025-08-15 17:02:07.940398+00:00,2.2584873
2025-08-15 17:02:19.974270+00:00,2.2584872
2025-08-15 17:02:33.545357+00:00,2.258487
2025-08-15 17:02:46.539844+00:00,2.2584875
2025-08-15 17:02:59.947758+00:00,2.258487
2025-08-15 17:03:13.203099+00:00,2.2584866
2025-08-15 17:03:26.393942+00:00,2.2584865
2025-08-15 17:03:39.129066+00:00,2.2584867
2025-08-15 17:03:52.538738+00:00,2.2584873
2025-08-15 17:04:06.178159+00:00,2.2584865
2025-08-15 17:04:19.396494+00:00,2.2584875
2025-08-15 17:04:31.998595+00:00,2.2584873
2025-08-15 17:04:44.384962+00:00,2.2584865
2025-08-15 17:04:57.702073+00:00,2.2584871
2025-08-15 17:05:11.652923+00:00,2.2584868
2025-08-15 17:05:24.231780+00:00,2.2584872
2025-08-15 17:05:36.716537+00:00,2.2584872
2025-08-15 17:05:49.650564+00:00,2.2584866
2025-08-15 17:06:02.968465+00:00,2.2584865
2025-08-15 17:06:27.728003+00:00,2.2584873
2025-08-15 17:06:40.108487+00:00,2.258487
2025-08-15 17:06:52.693383+00:00,2.2584868
2025-08-15 17:07:05.437064+00:00,2.2584866
2025-08-15 17:07:19.056010+00:00,2.2584869
2025-08-15 17:07:30.630543+00:00,2.2584865
2025-08-15 17:07:43.897853+00:00,2.2584871
2025-08-15 17:07:55.685942+00:00,2.2584867
2025-08-15 17:08:08.879955+00:00,2.2584874
2025-08-15 17:08:20.907744+00:00,2.2584868
2025-08-15 17:08:35.304977+00:00,2.2584869
2025-08-15 17:08:47.019172+00:00,2.2584872
2025-08-15 17:09:06.145599+00:00,2.2584868
2025-08-15 17:09:13.293659+00:00,2.2584871
2025-08-15 17:09:25.949692+00:00,2.2584872
2025-08-15 17:09:37.688478+00:00,2.2584864
2025-08-15 17:09:51.174107+00:00,2.258487
2025-08-15 17:10:07.118495+00:00,2.2584866
2025-08-15 17:10:17.701390+00:00,2.2584875
2025-08-15 17:10:30.468463+00:00,2.2584872
2025-08-15 17:10:43.593084+00:00,2.2584873
2025-08-15 17:10:56.852268+00:00,2.2584873
2025-08-15 17:11:09.865873+00:00,2.2584868
2025-08-15 17:11:23.079530+00:00,2.2584871
2025-08-15 17:11:36.208455+00:00,2.2584866
2025-08-15 17:11:49.616133+00:00,2.2584862
2025-08-15 17:12:02.745012+00:00,2.2584863
2025-08-15 17:12:15.624568+00:00,2.2584863
2025-08-15 17:12:29.788657+00:00,2.2584874
2025-08-15 17:12:41.370658+00:00,2.2584873
2025-08-15 17:12:54.247838+00:00,2.2584868
2025-08-15 17:13:08.898343+00:00,2.2584871
2025-08-15 17:13:20.447318+00:00,2.2584872
2025-08-15 17:13:33.354934+00:00,2.2584873
2025-08-15 17:13:45.953992+00:00,2.2584873
2025-08-15 17:13:58.370321+00:00,2.258487
2025-08-15 17:14:11.075971+00:00,2.2584869
2025-08-15 17:14:23.768655+00:00,2.2584871
2025-08-15 17:14:35.959169+00:00,2.2584869
2025-08-15 17:14:50.036304+00:00,2.2584875
2025-08-15 17:15:01.436315+00:00,2.2584874
2025-08-15 17:15:14.483902+00:00,2.2584873
2025-08-15 17:15:26.881584+00:00,2.2584869
2025-08-15 17:15:40.729051+00:00,2.2584869
2025-08-15 17:15:51.943746+00:00,2.2584875
2025-08-15 17:16:04.727822+00:00,2.258487
2025-08-15 17:16:20.117953+00:00,2.2584874
2025-08-15 17:16:30.067266+00:00,2.2584873
2025-08-15 17:16:42.507357+00:00,2.2584868
2025-08-15 17:16:55.661823+00:00,2.2584866
2025-08-15 17:17:09.385449+00:00,2.2584871
2025-08-15 17:17:20.798269+00:00,2.2584868
2025-08-15 17:17:35.916723+00:00,2.2584867
2025-08-15 17:17:47.933193+00:00,2.2584871
2025-08-15 17:18:00.541703+00:00,2.2584874
2025-08-15 17:18:14.171956+00:00,2.2584871
2025-08-15 17:18:26.991840+00:00,2.2584868
2025-08-15 17:18:40.297817+00:00,2.2584864
2025-08-15 17:18:53.282382+00:00,2.2584867
2025-08-15 17:19:06.865959+00:00,2.2584873
2025-08-15 17:19:19.918789+00:00,2.2584869
2025-08-15 17:19:33.560793+00:00,2.2584872
2025-08-15 17:19:47.462504+00:00,2.2584874
2025-08-15 17:19:59.147234+00:00,2.2584866
2025-08-15 17:20:12.563246+00:00,2.2584873
2025-08-15 17:20:25.940339+00:00,2.2584872
2025-08-15 17:20:39.207633+00:00,2.258487
2025-08-15 17:20:51.513396+00:00,2.2584875
2025-08-15 17:21:03.572281+00:00,2.2584872
2025-08-15 17:21:16.219122+00:00,2.2584874
2025-08-15 17:21:34.313264+00:00,2.2584864
2025-08-15 17:21:48.663382+00:00,2.258487
2025-08-15 17:21:53.844278+00:00,2.2584871
2025-08-15 17:22:06.809867+00:00,2.2584872
2025-08-15 17:22:19.553005+00:00,2.258487
2025-08-15 17:22:32.427684+00:00,2.2584869
2025-08-15 17:22:44.151671+00:00,2.2584874
2025-08-15 17:22:58.957327+00:00,2.2584867
2025-08-15 17:23:09.901783+00:00,2.2584873
2025-08-15 17:23:22.140183+00:00,2.2584872
2025-08-15 17:23:35.206419+00:00,2.2584871
2025-08-15 17:23:47.748311+00:00,2.2584866
2025-08-15 17:24:00.473568+00:00,2.2584871
2025-08-15 17:24:13.089825+00:00,2.2584868
2025-08-15 17:24:25.479870+00:00,2.2584874
2025-08-15 17:24:38.022687+00:00,2.2584874
2025-08-15 17:24:52.312319+00:00,2.2584863
2025-08-15 17:25:03.780638+00:00,2.2584871
2025-08-15 17:25:20.114585+00:00,2.2584868
2025-08-15 17:25:30.473126+00:00,2.2584869
2025-08-15 17:25:45.021787+00:00,2.258487
2025-08-15 17:25:57.147191+00:00,2.2584873
2025-08-15 17:26:09.429750+00:00,2.2584872
2025-08-15 17:26:22.334963+00:00,2.2584864
2025-08-15 17:26:35.578513+00:00,2.2584866
2025-08-15 17:26:50.038687+00:00,2.2584869
2025-08-15 17:27:04.919977+00:00,2.2584872
2025-08-15 17:27:17.284957+00:00,2.2584871
2025-08-15 17:27:28.522142+00:00,2.2584867
2025-08-15 17:27:41.455393+00:00,2.2584874
2025-08-15 17:27:54.416731+00:00,2.2584868
2025-08-15 17:28:08.528058+00:00,2.2584871
2025-08-15 17:28:20.749136+00:00,2.2584871
2025-08-15 17:28:33.482494+00:00,2.2584868
2025-08-15 17:28:46.451069+00:00,2.2584871
2025-08-15 17:28:59.149809+00:00,2.2584869
2025-08-15 17:29:12.140737+00:00,2.2584875
2025-08-15 17:29:24.577518+00:00,2.2584876
2025-08-15 17:29:37.289851+00:00,2.258487
2025-08-15 17:29:49.740389+00:00,2.2584872
2025-08-15 17:30:09.421486+00:00,2.2584869
2025-08-15 17:30:15.448793+00:00,2.2584872
2025-08-15 17:30:27.723775+00:00,2.2584867
2025-08-15 17:30:40.208455+00:00,2.2584866
2025-08-15 17:31:01.812281+00:00,2.2584872
2025-08-15 17:31:06.190402+00:00,2.2584866
2025-08-15 17:31:18.467472+00:00,2.2584867
2025-08-15 17:31:30.986534+00:00,2.2584869
2025-08-15 17:31:43.508404+00:00,2.2584871
2025-08-15 17:31:57.175794+00:00,2.2584874
2025-08-15 17:32:10.237380+00:00,2.2584868
2025-08-15 17:32:34.607234+00:00,2.2584871
2025-08-15 17:32:47.787274+00:00,2.2584867
2025-08-15 17:33:00.685387+00:00,2.2584867
2025-08-15 17:33:13.922376+00:00,2.2584868
2025-08-15 17:33:27.644322+00:00,2.2584865
2025-08-15 17:33:40.144731+00:00,2.2584868
2025-08-15 17:33:53.336348+00:00,2.2584872
2025-08-15 17:34:07.999268+00:00,2.2584872
2025-08-15 17:34:23.728002+00:00,2.2584875
2025-08-15 17:34:33.165815+00:00,2.258487
2025-08-15 17:34:46.802561+00:00,2.2584869
2025-08-15 17:34:59.202100+00:00,2.2584873
2025-08-15 17:35:15.124871+00:00,2.2584866
2025-08-15 17:35:38.439662+00:00,2.2584868
2025-08-15 17:35:53.999999+00:00,2.2584867
2025-08-15 17:36:04.050512+00:00,2.2584863
2025-08-15 17:36:16.731018+00:00,2.2584867
2025-08-15 17:36:42.217879+00:00,2.2584866
2025-08-15 17:36:54.790449+00:00,2.2584869
2025-08-15 17:37:07.582113+00:00,2.258487
2025-08-15 17:37:19.897809+00:00,2.2584867
2025-08-15 17:37:32.820772+00:00,2.2584873
2025-08-15 17:37:45.170578+00:00,2.2584869
2025-08-15 17:37:57.579438+00:00,2.2584866
2025-08-15 17:38:11.038130+00:00,2.2584868
2025-08-15 17:38:22.979265+00:00,2.258487
2025-08-15 17:38:35.753148+00:00,2.258487
2025-08-15 17:38:49.002960+00:00,2.2584868
2025-08-15 17:39:01.202147+00:00,2.2584867
2025-08-15 17:39:15.981018+00:00,2.2584873
2025-08-15 17:39:26.727558+00:00,2.2584868
2025-08-15 17:39:40.623961+00:00,2.2584876
2025-08-15 17:39:52.028705+00:00,2.2584868
2025-08-15 17:40:05.090719+00:00,2.258487
2025-08-15 17:40:18.734449+00:00,2.2584873
2025-08-15 17:40:33.254066+00:00,2.2584872
2025-08-15 17:40:45.070649+00:00,2.2584867
2025-08-15 17:40:57.878272+00:00,2.2584867
2025-08-15 17:41:11.672906+00:00,2.2584863
2025-08-15 17:41:24.250386+00:00,2.2584874
2025-08-15 17:41:38.862016+00:00,2.2584877
2025-08-15 17:41:51.288217+00:00,2.2584875
2025-08-15 17:42:04.348258+00:00,2.2584871
2025-08-15 17:42:21.923503+00:00,2.2584872
2025-08-15 17:42:31.871966+00:00,2.2584865
2025-08-15 17:42:44.126247+00:00,2.2584868
2025-08-15 17:42:55.991399+00:00,2.2584869
2025-08-15 17:43:09.104220+00:00,2.2584869
2025-08-15 17:43:23.808797+00:00,2.2584873
2025-08-15 17:43:34.668170+00:00,2.2584871
2025-08-15 17:43:48.312187+00:00,2.2584871
2025-08-15 17:44:00.994981+00:00,2.258487
2025-08-15 17:44:13.582468+00:00,2.2584872
2025-08-15 17:44:25.638492+00:00,2.2584868
2025-08-15 17:44:38.324168+00:00,2.258487
2025-08-15 17:44:51.138067+00:00,2.2584872
2025-08-15 17:45:03.991892+00:00,2.2584874
2025-08-15 17:45:29.594984+00:00,2.258487
2025-08-15 17:45:41.871438+00:00,2.2584872
2025-08-15 17:45:54.595323+00:00,2.2584869
2025-08-15 17:46:08.197763+00:00,2.2584873
2025-08-15 17:46:19.998437+00:00,2.2584864
2025-08-15 17:46:33.408480+00:00,2.2584868
2025-08-15 17:46:47.314780+00:00,2.258487
2025-08-15 17:46:58.172197+00:00,2.2584867
2025-08-15 17:47:13.241320+00:00,2.2584867
2025-08-15 17:47:25.614925+00:00,2.2584872
2025-08-15 17:47:37.287216+00:00,2.258487
2025-08-15 17:47:55.960306+00:00,2.2584871
2025-08-15 17:48:04.022640+00:00,2.2584871
2025-08-15 17:48:18.032273+00:00,2.2584872
2025-08-15 17:48:30.788270+00:00,2.258487
2025-08-15 17:48:43.158998+00:00,2.2584868
2025-08-15 17:48:57.113107+00:00,2.2584867
2025-08-15 17:49:09.747631+00:00,2.2584874
2025-08-15 17:49:22.234352+00:00,2.258487
2025-08-15 17:49:35.291188+00:00,2.2584866
2025-08-15 17:49:48.402670+00:00,2.2584866
2025-08-15 17:50:01.417690+00:00,2.2584867
2025-08-15 17:50:14.754536+00:00,2.2584873
2025-08-15 17:50:29.094282+00:00,2.2584868
2025-08-15 17:50:40.354568+00:00,2.2584868
2025-08-15 17:50:52.742842+00:00,2.2584874
2025-08-15 17:51:05.838147+00:00,2.2584867
2025-08-15 17:51:19.276376+00:00,2.2584874
2025-08-15 17:51:30.862123+00:00,2.258487
2025-08-15 17:51:44.085455+00:00,2.2584865
2025-08-15 17:51:55.913736+00:00,2.2584875
2025-08-15 17:52:09.199821+00:00,2.2584866
2025-08-15 17:52:23.400875+00:00,2.2584875
2025-08-15 17:52:33.992230+00:00,2.2584869
2025-08-15 17:52:50.310891+00:00,2.258487
2025-08-15 17:53:08.065299+00:00,2.2584872
2025-08-15 17:53:11.963983+00:00,2.258487
2025-08-15 17:53:24.096274+00:00,2.2584873
2025-08-15 17:53:36.914048+00:00,2.2584871
2025-08-15 17:53:49.790217+00:00,2.2584867
2025-08-15 17:54:02.473005+00:00,2.258487
2025-08-15 17:54:14.955549+00:00,2.2584876
2025-08-15 17:54:27.495073+00:00,2.2584875
2025-08-15 17:54:40.405430+00:00,2.2584872
2025-08-15 17:54:53.301049+00:00,2.2584874
2025-08-15 17:55:07.087004+00:00,2.2584866
2025-08-15 17:55:19.996114+00:00,2.258487
2025-08-15 17:55:33.246535+00:00,2.2584871
2025-08-15 17:55:46.178072+00:00,2.2584867
2025-08-15 17:55:59.175353+00:00,2.2584866
2025-08-15 17:56:12.802698+00:00,2.2584867
2025-08-15 17:56:25.410824+00:00,2.2584873
2025-08-15 17:56:38.319399+00:00,2.2584873
2025-08-15 17:56:51.569106+00:00,2.258487
2025-08-15 17:57:04.799356+00:00,2.2584874
2025-08-15 17:57:18.360280+00:00,2.258487
2025-08-15 17:57:30.600364+00:00,2.2584868
2025-08-15 17:57:43.684713+00:00,2.2584868
2025-08-15 17:57:56.399208+00:00,2.2584871
2025-08-15 17:58:11.050420+00:00,2.2584874
2025-08-15 17:58:22.666694+00:00,2.2584871
2025-08-15 17:58:35.277172+00:00,2.2584873
2025-08-15 17:58:47.774734+00:00,2.2584873
2025-08-15 17:58:59.882433+00:00,2.2584869
2025-08-15 17:59:14.449356+00:00,2.2584865
2025-08-15 17:59:25.807196+00:00,2.2584872
2025-08-15 17:59:39.133086+00:00,2.2584867
2025-08-15 17:59:50.651983+00:00,2.2584864
2025-08-15 18:00:04.955317+00:00,2.2584873
2025-08-15 18:00:16.147942+00:00,2.2584875
2025-08-15 18:00:29.791554+00:00,2.2584872
2025-08-15 18:00:41.711161+00:00,2.2584871
2025-08-15 18:00:53.599751+00:00,2.2584867
2025-08-15 18:01:06.787058+00:00,2.2584871
2025-08-15 18:01:19.814133+00:00,2.2584864
2025-08-15 18:01:33.130745+00:00,2.2584869
2025-08-15 18:01:50.466698+00:00,2.2584867
2025-08-15 18:01:57.191583+00:00,2.2584872
2025-08-15 18:02:10.564409+00:00,2.2584866
2025-08-15 18:02:22.796877+00:00,2.2584874
2025-08-15 18:02:36.890075+00:00,2.2584875
2025-08-15 18:02:50.779766+00:00,2.2584871
2025-08-15 18:03:08.552409+00:00,2.2584867
2025-08-15 18:03:18.141817+00:00,2.2584871
2025-08-15 18:03:28.934297+00:00,2.2584871
2025-08-15 18:03:42.179673+00:00,2.2584868
2025-08-15 18:03:55.886445+00:00,2.2584872
2025-08-15 18:04:08.674362+00:00,2.258487
2025-08-15 18:04:21.712977+00:00,2.2584868
2025-08-15 18:04:41.447547+00:00,2.2584866
2025-08-15 18:04:47.548439+00:00,2.2584876
2025-08-15 18:05:00.721856+00:00,2.2584867
2025-08-15 18:05:13.590391+00:00,2.2584872
2025-08-15 18:05:27.405718+00:00,2.2584876
2025-08-15 18:05:52.002569+00:00,2.2584866
2025-08-15 18:06:05.346797+00:00,2.258487
2025-08-15 18:06:18.513051+00:00,2.258487
2025-08-15 18:06:29.999550+00:00,2.2584868
2025-08-15 18:06:43.929758+00:00,2.2584869
2025-08-15 18:06:55.263852+00:00,2.2584872
2025-08-15 18:07:08.295473+00:00,2.2584864
2025-08-15 18:07:21.576554+00:00,2.2584869
2025-08-15 18:07:33.247409+00:00,2.2584869
2025-08-15 18:07:46.356927+00:00,2.2584876
2025-08-15 18:07:58.087770+00:00,2.2584872
2025-08-15 18:08:10.997786+00:00,2.2584868
2025-08-15 18:08:23.405176+00:00,2.258487
2025-08-15 18:08:35.939325+00:00,2.2584872
2025-08-15 18:08:49.901059+00:00,2.2584871
2025-08-15 18:09:01.794079+00:00,2.2584869
2025-08-15 18:09:14.042655+00:00,2.2584867
2025-08-15 18:09:27.009331+00:00,2.2584876
2025-08-15 18:09:39.798287+00:00,2.2584873
2025-08-15 18:09:54.337248+00:00,2.2584864
2025-08-15 18:10:06.668803+00:00,2.2584872
2025-08-15 18:10:18.715508+00:00,2.2584867
2025-08-15 18:10:35.966023+00:00,2.2584869
2025-08-15 18:10:45.061720+00:00,2.2584875
2025-08-15 18:10:58.345520+00:00,2.2584865
2025-08-15 18:11:12.752593+00:00,2.2584873
2025-08-15 18:11:24.550429+00:00,2.2584875
2025-08-15 18:11:38.528366+00:00,2.2584865
2025-08-15 18:11:50.703878+00:00,2.2584873
2025-08-15 18:12:04.680075+00:00,2.2584872
2025-08-15 18:12:17.505946+00:00,2.258487
2025-08-15 18:12:33.828661+00:00,2.2584871
2025-08-15 18:12:43.462198+00:00,2.2584869
2025-08-15 18:12:55.619562+00:00,2.2584867
2025-08-15 18:13:08.336693+00:00,2.2584872
2025-08-15 18:13:21.214699+00:00,2.2584875
2025-08-15 18:13:34.285131+00:00,2.2584872
2025-08-15 18:13:47.020414+00:00,2.258487
2025-08-15 18:14:01.440262+00:00,2.2584876
2025-08-15 18:14:17.686413+00:00,2.2584878
2025-08-15 18:14:24.652251+00:00,2.258487
2025-08-15 18:14:37.782099+00:00,2.2584873
2025-08-15 18:14:50.075727+00:00,2.2584873
2025-08-15 18:15:02.766283+00:00,2.2584869
2025-08-15 18:15:21.127138+00:00,2.258487
2025-08-15 18:15:27.705463+00:00,2.2584874
2025-08-15 18:15:39.957481+00:00,2.258487
2025-08-15 18:15:52.670373+00:00,2.2584866
2025-08-15 18:16:06.076791+00:00,2.2584873
2025-08-15 18:16:18.183678+00:00,2.2584874
2025-08-15 18:16:30.980472+00:00,2.2584865
2025-08-15 18:16:43.607555+00:00,2.258487
2025-08-15 18:16:56.673873+00:00,2.258487
2025-08-15 18:17:09.774207+00:00,2.2584868
2025-08-15 18:17:22.222874+00:00,2.2584871
2025-08-15 18:17:39.194330+00:00,2.2584872
2025-08-15 18:17:48.837001+00:00,2.2584875
2025-08-15 18:18:02.461460+00:00,2.2584865
2025-08-15 18:18:15.129101+00:00,2.2584872
2025-08-15 18:18:28.764129+00:00,2.2584865
2025-08-15 18:18:41.145483+00:00,2.2584876
2025-08-15 18:18:55.328004+00:00,2.2584868
2025-08-15 18:19:07.851307+00:00,2.2584872
2025-08-15 18:19:20.658867+00:00,2.2584868
2025-08-15 18:19:33.738248+00:00,2.2584874
2025-08-15 18:19:48.452439+00:00,2.2584871
2025-08-15 18:19:59.507309+00:00,2.2584866
2025-08-15 18:20:12.755670+00:00,2.2584871
2025-08-15 18:20:25.477671+00:00,2.2584872
2025-08-15 18:20:38.884498+00:00,2.2584871
2025-08-15 18:20:52.587875+00:00,2.258487
2025-08-15 18:21:03.816591+00:00,2.258487
2025-08-15 18:21:16.701533+00:00,2.258487
2025-08-15 18:21:29.005331+00:00,2.2584872
2025-08-15 18:21:41.508910+00:00,2.2584864
2025-08-15 18:21:54.154662+00:00,2.2584875
2025-08-15 18:22:07.257954+00:00,2.2584867
2025-08-15 18:22:19.607551+00:00,2.258487
2025-08-15 18:22:35.739276+00:00,2.2584874
2025-08-15 18:22:46.205045+00:00,2.258487
2025-08-15 18:22:57.539701+00:00,2.2584869
2025-08-15 18:23:10.633865+00:00,2.2584867
2025-08-15 18:23:23.331981+00:00,2.2584873
2025-08-15 18:23:35.890974+00:00,2.2584866
2025-08-15 18:23:48.380531+00:00,2.2584875
2025-08-15 18:24:01.324165+00:00,2.258487
2025-08-15 18:24:14.560916+00:00,2.2584872
2025-08-15 18:24:26.588776+00:00,2.2584868
2025-08-15 18:24:39.318260+00:00,2.2584874
2025-08-15 18:24:52.482689+00:00,2.2584874
2025-08-15 18:25:05.945379+00:00,2.2584867
2025-08-15 18:25:18.977389+00:00,2.2584865
2025-08-15 18:25:33.214904+00:00,2.2584866
2025-08-15 18:25:45.751326+00:00,2.2584875
2025-08-15 18:25:58.379702+00:00,2.2584867
2025-08-15 18:26:11.923018+00:00,2.2584868
2025-08-15 18:26:24.776374+00:00,2.2584867
2025-08-15 18:26:37.855946+00:00,2.2584867
2025-08-15 18:26:50.564261+00:00,2.2584876
2025-08-15 18:27:03.971142+00:00,2.2584874
2025-08-15 18:27:16.756553+00:00,2.2584867
2025-08-15 18:27:29.174986+00:00,2.2584872
2025-08-15 18:27:42.232042+00:00,2.2584867
2025-08-15 18:27:55.245720+00:00,2.2584872
2025-08-15 18:28:08.291075+00:00,2.2584868
2025-08-15 18:28:21.429005+00:00,2.2584874
2025-08-15 18:28:33.915054+00:00,2.2584869
2025-08-15 18:28:49.675056+00:00,2.2584866
2025-08-15 18:28:58.622363+00:00,2.2584876
2025-08-15 18:29:11.625025+00:00,2.258487
2025-08-15 18:29:24.192332+00:00,2.2584871
2025-08-15 18:29:36.494508+00:00,2.2584874
2025-08-15 18:29:49.659726+00:00,2.2584873
2025-08-15 18:30:02.328764+00:00,2.2584869
2025-08-15 18:30:15.344250+00:00,2.2584866
2025-08-15 18:30:27.645541+00:00,2.2584872
2025-08-15 18:30:40.235768+00:00,2.2584869
2025-08-15 18:30:52.589514+00:00,2.2584868
2025-08-15 18:31:05.951104+00:00,2.2584866
2025-08-15 18:31:18.915736+00:00,2.258487
2025-08-15 18:31:31.209224+00:00,2.2584869
2025-08-15 18:31:47.968355+00:00,2.2584876
2025-08-15 18:31:57.424631+00:00,2.2584862
2025-08-15 18:32:11.100489+00:00,2.2584875
2025-08-15 18:32:24.690663+00:00,2.2584874
2025-08-15 18:32:36.851548+00:00,2.2584871
2025-08-15 18:32:51.680797+00:00,2.2584869
2025-08-15 18:33:04.194735+00:00,2.2584871
2025-08-15 18:33:16.841122+00:00,2.2584871
2025-08-15 18:33:29.727267+00:00,2.258487
2025-08-15 18:33:42.397171+00:00,2.2584874
2025-08-15 18:33:55.853886+00:00,2.2584871
2025-08-15 18:34:08.498026+00:00,2.2584873
2025-08-15 18:34:21.198969+00:00,2.258487
2025-08-15 18:34:34.998653+00:00,2.2584873
2025-08-15 18:34:47.097548+00:00,2.2584873
2025-08-15 18:34:59.604241+00:00,2.2584877
2025-08-15 18:35:13.020844+00:00,2.2584868
2025-08-15 18:35:25.366184+00:00,2.2584876
2025-08-15 18:35:37.883482+00:00,2.2584874
2025-08-15 18:35:52.572223+00:00,2.2584871
2025-08-15 18:36:03.322076+00:00,2.2584866
2025-08-15 18:36:16.276908+00:00,2.2584876
2025-08-15 18:36:28.826587+00:00,2.2584874
2025-08-15 18:36:41.688187+00:00,2.2584869
2025-08-15 18:36:54.021531+00:00,2.2584876
2025-08-15 18:37:07.344835+00:00,2.2584865
2025-08-15 18:37:19.326357+00:00,2.2584872
2025-08-15 18:37:32.072122+00:00,2.2584869
2025-08-15 18:37:44.632838+00:00,2.2584871
2025-08-15 18:37:57.334309+00:00,2.2584871
2025-08-15 18:38:10.235995+00:00,2.2584878
2025-08-15 18:38:22.847880+00:00,2.2584872
2025-08-15 18:38:35.201104+00:00,2.2584868
2025-08-15 18:38:48.362122+00:00,2.2584869
2025-08-15 18:39:01.409753+00:00,2.2584872
2025-08-15 18:39:14.126235+00:00,2.2584872
2025-08-15 18:39:27.608522+00:00,2.2584866
2025-08-15 18:39:40.008263+00:00,2.2584871
2025-08-15 18:39:53.558168+00:00,2.2584869
2025-08-15 18:40:08.281551+00:00,2.2584868
2025-08-15 18:40:19.932059+00:00,2.2584873
2025-08-15 18:40:33.891134+00:00,2.2584877
2025-08-15 18:40:46.289717+00:00,2.2584869
2025-08-15 18:40:59.074269+00:00,2.2584872
2025-08-15 18:41:12.890425+00:00,2.2584872
2025-08-15 18:41:24.713747+00:00,2.2584872
2025-08-15 18:41:38.361225+00:00,2.2584874
2025-08-15 18:41:50.888108+00:00,2.2584871
2025-08-15 18:42:03.654645+00:00,2.2584871
2025-08-15 18:42:18.950013+00:00,2.2584874
2025-08-15 18:42:29.288031+00:00,2.2584874
2025-08-15 18:42:42.081535+00:00,2.2584873
2025-08-15 18:42:54.785329+00:00,2.2584871
2025-08-15 18:43:14.750807+00:00,2.258487
2025-08-15 18:43:23.962427+00:00,2.2584875
2025-08-15 18:43:32.735451+00:00,2.2584866
2025-08-15 18:43:45.282405+00:00,2.2584869
2025-08-15 18:43:57.700303+00:00,2.2584874
2025-08-15 18:44:10.793785+00:00,2.258487
2025-08-15 18:44:23.156757+00:00,2.2584875
2025-08-15 18:44:35.631742+00:00,2.2584872
2025-08-15 18:44:48.254461+00:00,2.2584867
2025-08-15 18:45:00.898041+00:00,2.2584876
2025-08-15 18:45:13.850344+00:00,2.2584873
2025-08-15 18:45:29.828536+00:00,2.2584877
2025-08-15 18:45:39.012867+00:00,2.2584867
2025-08-15 18:45:51.660043+00:00,2.2584865
2025-08-15 18:46:04.491008+00:00,2.2584871
2025-08-15 18:46:17.402796+00:00,2.2584874
2025-08-15 18:46:29.684566+00:00,2.2584874
2025-08-15 18:46:42.649702+00:00,2.2584872
2025-08-15 18:46:55.849305+00:00,2.2584871
2025-08-15 18:47:09.637455+00:00,2.2584869
2025-08-15 18:47:23.142138+00:00,2.2584866
2025-08-15 18:47:36.726202+00:00,2.2584869
2025-08-15 18:47:50.574445+00:00,2.2584869
2025-08-15 18:48:02.461231+00:00,2.2584871
2025-08-15 18:48:14.944912+00:00,2.2584868
2025-08-15 18:48:28.077692+00:00,2.2584873
2025-08-15 18:48:40.987194+00:00,2.2584875
2025-08-15 18:48:53.835453+00:00,2.2584866
2025-08-15 18:49:07.310189+00:00,2.258487
2025-08-15 18:49:19.703734+00:00,2.2584868
2025-08-15 18:49:33.611527+00:00,2.258487
2025-08-15 18:49:50.625667+00:00,2.2584873
2025-08-15 18:49:58.375536+00:00,2.2584874
2025-08-15 18:50:11.427265+00:00,2.2584874
2025-08-15 18:50:24.413815+00:00,2.2584867
2025-08-15 18:50:36.683327+00:00,2.2584876
2025-08-15 18:50:48.992151+00:00,2.2584871
2025-08-15 18:51:01.954844+00:00,2.2584878
2025-08-15 18:51:14.214295+00:00,2.258487
2025-08-15 18:51:26.754266+00:00,2.2584873
2025-08-15 18:51:39.413300+00:00,2.2584869
2025-08-15 18:51:52.012657+00:00,2.2584868
2025-08-15 18:52:05.052765+00:00,2.258487
2025-08-15 18:52:17.364644+00:00,2.2584875
2025-08-15 18:52:30.011981+00:00,2.2584873
2025-08-15 18:52:42.535757+00:00,2.2584869
2025-08-15 18:52:57.159533+00:00,2.2584872
2025-08-15 18:53:10.386990+00:00,2.258487
2025-08-15 18:53:21.301696+00:00,2.2584869
2025-08-15 18:53:34.743051+00:00,2.2584866
2025-08-15 18:53:48.577075+00:00,2.2584867
2025-08-15 18:54:00.438694+00:00,2.2584878
2025-08-15 18:54:13.177392+00:00,2.2584865
2025-08-15 18:54:26.640789+00:00,2.2584876
2025-08-15 18:54:40.041171+00:00,2.2584873
2025-08-15 18:54:52.912898+00:00,2.2584877
2025-08-15 18:55:06.355195+00:00,2.258487
2025-08-15 18:55:19.524366+00:00,2.2584871
2025-08-15 18:55:33.042341+00:00,2.2584868
2025-08-15 18:55:45.522328+00:00,2.2584871
2025-08-15 18:55:58.071507+00:00,2.2584867
2025-08-15 18:56:11.701195+00:00,2.2584867
2025-08-15 18:56:26.254216+00:00,2.2584871
2025-08-15 18:56:36.948991+00:00,2.2584872
2025-08-15 18:56:49.981069+00:00,2.258487
2025-08-15 18:57:03.195343+00:00,2.2584869
2025-08-15 18:57:17.232080+00:00,2.2584867
2025-08-15 18:57:28.264659+00:00,2.2584874
2025-08-15 18:57:40.781497+00:00,2.2584874
2025-08-15 18:57:53.513250+00:00,2.2584873
2025-08-15 18:58:08.679749+00:00,2.2584869
2025-08-15 18:58:18.824717+00:00,2.2584871
2025-08-15 18:58:34.597233+00:00,2.2584868
2025-08-15 18:58:44.236565+00:00,2.2584868
2025-08-15 18:58:56.652872+00:00,2.2584875
2025-08-15 18:59:10.171229+00:00,2.258487
2025-08-15 18:59:21.780186+00:00,2.2584869
2025-08-15 18:59:34.592898+00:00,2.2584868
2025-08-15 18:59:47.597876+00:00,2.2584875
2025-08-15 19:00:02.277728+00:00,2.2584873
2025-08-15 19:00:13.236946+00:00,2.2584869
2025-08-15 19:00:25.628981+00:00,2.2584866
2025-08-15 19:00:38.356998+00:00,2.2584871
2025-08-15 19:00:55.618211+00:00,2.2584875
2025-08-15 19:01:04.359413+00:00,2.2584871
2025-08-15 19:01:17.426988+00:00,2.2584868
2025-08-15 19:01:33.667427+00:00,2.2584868
2025-08-15 19:01:43.508351+00:00,2.2584871
2025-08-15 19:01:57.417862+00:00,2.2584874
2025-08-15 19:02:10.149829+00:00,2.2584872
2025-08-15 19:02:22.824525+00:00,2.2584874
2025-08-15 19:02:36.809325+00:00,2.2584873
2025-08-15 19:02:49.066387+00:00,2.2584868
2025-08-15 19:03:02.175011+00:00,2.2584871
2025-08-15 19:03:14.848974+00:00,2.2584869
2025-08-15 19:03:27.759905+00:00,2.2584868
2025-08-15 19:03:40.780521+00:00,2.2584874
2025-08-15 19:03:53.782999+00:00,2.2584869
2025-08-15 19:04:08.273581+00:00,2.2584874
2025-08-15 19:04:19.624098+00:00,2.2584877
2025-08-15 19:04:32.928436+00:00,2.2584871
2025-08-15 19:04:45.042798+00:00,2.2584873
2025-08-15 19:04:57.845068+00:00,2.258487
2025-08-15 19:05:11.797331+00:00,2.2584873
2025-08-15 19:05:23.400399+00:00,2.2584869
2025-08-15 19:05:35.956722+00:00,2.258487
2025-08-15 19:05:48.651106+00:00,2.2584876
2025-08-15 19:06:05.386896+00:00,2.2584874
2025-08-15 19:06:13.547270+00:00,2.2584873
2025-08-15 19:06:26.384412+00:00,2.2584873
2025-08-15 19:06:38.512303+00:00,2.258487
2025-08-15 19:06:51.451262+00:00,2.2584873
2025-08-15 19:07:04.175895+00:00,2.2584875
2025-08-15 19:07:17.893776+00:00,2.258487
2025-08-15 19:07:29.118499+00:00,2.2584872
2025-08-15 19:07:41.470263+00:00,2.2584871
2025-08-15 19:07:54.760499+00:00,2.2584877
2025-08-15 19:08:07.452663+00:00,2.2584874
2025-08-15 19:08:19.751552+00:00,2.2584873
2025-08-15 19:08:32.967066+00:00,2.2584873
2025-08-15 19:08:46.374371+00:00,2.258487
2025-08-15 19:08:59.588874+00:00,2.2584877
2025-08-15 19:09:12.687879+00:00,2.2584873
2025-08-15 19:09:25.732765+00:00,2.2584871
2025-08-15 19:09:38.525032+00:00,2.258487
2025-08-15 19:09:51.753104+00:00,2.2584874
2025-08-15 19:10:04.988296+00:00,2.2584868
2025-08-15 19:10:18.925427+00:00,2.2584868
2025-08-15 19:10:31.604741+00:00,2.2584867
2025-08-15 19:10:44.077203+00:00,2.2584871
2025-08-15 19:10:56.758285+00:00,2.2584869
2025-08-15 19:11:10.774037+00:00,2.2584872
2025-08-15 19:11:23.239866+00:00,2.2584874
2025-08-15 19:11:35.822100+00:00,2.2584869
2025-08-15 19:11:51.607786+00:00,2.258487
2025-08-15 19:12:02.077053+00:00,2.2584871
2025-08-15 19:12:14.522412+00:00,2.2584872
2025-08-15 19:12:27.026804+00:00,2.2584865
2025-08-15 19:12:40.438329+00:00,2.258487
2025-08-15 19:12:52.559639+00:00,2.258487
2025-08-15 19:13:05.301249+00:00,2.2584866
2025-08-15 19:13:18.898396+00:00,2.2584869
2025-08-15 19:13:31.059398+00:00,2.2584875
2025-08-15 19:13:49.080467+00:00,2.2584869
2025-08-15 19:13:55.857277+00:00,2.2584869
2025-08-15 19:14:08.832587+00:00,2.2584875
2025-08-15 19:14:21.255015+00:00,2.2584868
2025-08-15 19:14:33.955052+00:00,2.2584878
2025-08-15 19:14:47.099395+00:00,2.2584875
2025-08-15 19:14:59.590256+00:00,2.2584876
2025-08-15 19:15:12.357367+00:00,2.258487
2025-08-15 19:15:26.796717+00:00,2.2584867
2025-08-15 19:15:38.020172+00:00,2.2584869
2025-08-15 19:15:50.914108+00:00,2.2584865
2025-08-15 19:16:08.972106+00:00,2.258487
2025-08-15 19:16:20.526985+00:00,2.2584867
2025-08-15 19:16:31.738121+00:00,2.2584877
2025-08-15 19:16:43.311258+00:00,2.2584874
2025-08-15 19:16:56.343394+00:00,2.2584869
2025-08-15 19:17:10.111653+00:00,2.2584869
2025-08-15 19:17:23.743354+00:00,2.2584875
2025-08-15 19:17:35.984493+00:00,2.258487
2025-08-15 19:17:48.952870+00:00,2.2584867
2025-08-15 19:18:02.197337+00:00,2.2584873
2025-08-15 19:18:16.891248+00:00,2.2584868
2025-08-15 19:18:29.336749+00:00,2.2584874
2025-08-15 19:18:40.298501+00:00,2.2584876
2025-08-15 19:18:53.233853+00:00,2.2584868
2025-08-15 19:19:06.443185+00:00,2.2584868
2025-08-15 19:19:18.972682+00:00,2.2584867
2025-08-15 19:19:31.909564+00:00,2.2584872
2025-08-15 19:19:51.939140+00:00,2.2584872
2025-08-15 19:19:56.774890+00:00,2.2584873
2025-08-15 19:20:09.607048+00:00,2.2584867
2025-08-15 19:20:22.440649+00:00,2.2584877
2025-08-15 19:20:36.358959+00:00,2.2584871
2025-08-15 19:20:48.056936+00:00,2.2584868
2025-08-15 19:20:59.752436+00:00,2.2584868
2025-08-15 19:21:13.237156+00:00,2.2584868
2025-08-15 19:21:25.390424+00:00,2.2584874
2025-08-15 19:21:37.637323+00:00,2.2584867
2025-08-15 19:21:50.667845+00:00,2.2584867
2025-08-15 19:22:03.598059+00:00,2.2584875
2025-08-15 19:22:16.080335+00:00,2.2584872
2025-08-15 19:22:28.980421+00:00,2.258487
2025-08-15 19:22:41.950481+00:00,2.2584875
2025-08-15 19:22:54.479337+00:00,2.2584875
2025-08-15 19:23:08.114254+00:00,2.2584866
2025-08-15 19:23:20.903668+00:00,2.258487
2025-08-15 19:23:34.069049+00:00,2.2584875
2025-08-15 19:23:53.520431+00:00,2.2584874
2025-08-15 19:24:00.602416+00:00,2.2584867
2025-08-15 19:24:13.561988+00:00,2.2584875
2025-08-15 19:24:26.511851+00:00,2.2584872
2025-08-15 19:24:39.293839+00:00,2.2584877
2025-08-15 19:24:52.672656+00:00,2.2584868
2025-08-15 19:25:05.358696+00:00,2.2584867
2025-08-15 19:25:18.667539+00:00,2.2584871
2025-08-15 19:25:31.723775+00:00,2.2584874
2025-08-15 19:25:45.188859+00:00,2.258487
2025-08-15 19:26:10.779341+00:00,2.2584875
2025-08-15 19:26:22.475030+00:00,2.2584869
2025-08-15 19:26:34.984416+00:00,2.2584871
2025-08-15 19:26:47.739794+00:00,2.2584873
2025-08-15 19:27:12.974945+00:00,2.258487
2025-08-15 19:27:25.740156+00:00,2.2584877
2025-08-15 19:27:38.483533+00:00,2.2584878
2025-08-15 19:27:52.296381+00:00,2.2584874
2025-08-15 19:28:04.153957+00:00,2.2584869
2025-08-15 19:28:16.954635+00:00,2.2584872
2025-08-15 19:28:28.946484+00:00,2.2584875
2025-08-15 19:28:42.464592+00:00,2.2584872
2025-08-15 19:28:54.639017+00:00,2.2584869
2025-08-15 19:29:07.587487+00:00,2.2584874
2025-08-15 19:29:26.723790+00:00,2.2584869
2025-08-15 19:29:32.933845+00:00,2.258487
2025-08-15 19:29:47.120102+00:00,2.2584876
2025-08-15 19:30:00.425322+00:00,2.2584874
2025-08-15 19:30:12.444374+00:00,2.2584873
2025-08-15 19:30:25.885871+00:00,2.2584871
2025-08-15 19:30:38.829948+00:00,2.2584879
2025-08-15 19:30:51.277420+00:00,2.2584875
2025-08-15 19:31:04.922755+00:00,2.2584867
2025-08-15 19:31:17.716897+00:00,2.2584871
2025-08-15 19:31:30.374777+00:00,2.2584867
2025-08-15 19:31:43.152468+00:00,2.2584876
2025-08-15 19:31:56.280210+00:00,2.258487
2025-08-15 19:32:14.561692+00:00,2.2584872
2025-08-15 19:32:22.009262+00:00,2.2584872
2025-08-15 19:32:35.004961+00:00,2.2584879
2025-08-15 19:32:47.663472+00:00,2.2584874
2025-08-15 19:33:01.522687+00:00,2.258487
2025-08-15 19:33:26.214582+00:00,2.2584871
2025-08-15 19:33:38.267580+00:00,2.2584869
2025-08-15 19:33:50.854415+00:00,2.2584878
2025-08-15 19:34:04.385881+00:00,2.2584874
2025-08-15 19:34:17.921795+00:00,2.2584872
2025-08-15 19:34:28.624546+00:00,2.2584871
2025-08-15 19:34:41.299518+00:00,2.2584872
2025-08-15 19:34:54.008755+00:00,2.2584869
2025-08-15 19:35:07.093073+00:00,2.258487
2025-08-15 19:35:19.752813+00:00,2.2584871
2025-08-15 19:35:33.243384+00:00,2.258487
2025-08-15 19:35:45.016032+00:00,2.2584875
2025-08-15 19:35:57.715551+00:00,2.2584874
2025-08-15 19:36:11.060684+00:00,2.2584875
2025-08-15 19:36:23.626143+00:00,2.2584875
2025-08-15 19:36:36.558489+00:00,2.2584867
2025-08-15 19:36:49.766945+00:00,2.2584873
2025-08-15 19:37:04.074101+00:00,2.258487
2025-08-15 19:37:16.313889+00:00,2.2584873
2025-08-15 19:37:29.393697+00:00,2.2584874
2025-08-15 19:37:42.171112+00:00,2.2584871
2025-08-15 19:37:56.518183+00:00,2.2584877
2025-08-15 19:38:12.329344+00:00,2.2584871
2025-08-15 19:38:21.289528+00:00,2.2584875
2025-08-15 19:38:34.386271+00:00,2.2584875
2025-08-15 19:38:47.740833+00:00,2.2584872
2025-08-15 19:39:05.162712+00:00,2.2584868
2025-08-15 19:39:13.355207+00:00,2.2584874
2025-08-15 19:39:27.138104+00:00,2.258487
2025-08-15 19:39:38.634459+00:00,2.2584877
2025-08-15 19:39:57.818849+00:00,2.2584868
2025-08-15 19:40:05.079378+00:00,2.2584875
2025-08-15 19:40:17.267589+00:00,2.2584876
2025-08-15 19:40:31.639728+00:00,2.2584872
2025-08-15 19:40:59.852573+00:00,2.2584871
2025-08-15 19:41:07.767459+00:00,2.258487
2025-08-15 19:41:20.158338+00:00,2.2584872
2025-08-15 19:41:34.602629+00:00,2.2584869
2025-08-15 19:41:46.025741+00:00,2.2584876
2025-08-15 19:41:58.434134+00:00,2.2584873
2025-08-15 19:42:16.786221+00:00,2.2584873
2025-08-15 19:42:23.621417+00:00,2.2584877
2025-08-15 19:42:36.992374+00:00,2.2584876
2025-08-15 19:42:49.010221+00:00,2.2584869
2025-08-15 19:43:01.999867+00:00,2.2584874
2025-08-15 19:43:14.462649+00:00,2.2584872
2025-08-15 19:43:26.919682+00:00,2.2584872
2025-08-15 19:43:39.868152+00:00,2.2584876
2025-08-15 19:43:53.277116+00:00,2.2584877
2025-08-15 19:44:10.256365+00:00,2.2584873
2025-08-15 19:44:19.505187+00:00,2.2584871
2025-08-15 19:44:34.108009+00:00,2.2584873
2025-08-15 19:44:45.489040+00:00,2.2584872
2025-08-15 19:44:58.717323+00:00,2.2584872
2025-08-15 19:45:12.664666+00:00,2.258487
2025-08-15 19:45:24.964965+00:00,2.2584867
2025-08-15 19:45:37.980556+00:00,2.2584872
2025-08-15 19:45:50.799540+00:00,2.2584869
2025-08-15 19:46:05.872437+00:00,2.2584867
2025-08-15 19:46:16.907703+00:00,2.2584872
2025-08-15 19:46:29.318000+00:00,2.2584872
2025-08-15 19:46:42.196443+00:00,2.2584871
2025-08-15 19:46:56.562545+00:00,2.2584868
2025-08-15 19:47:09.084973+00:00,2.2584872
2025-08-15 19:47:24.563309+00:00,2.2584871
2025-08-15 19:47:33.996713+00:00,2.258487
2025-08-15 19:47:46.704485+00:00,2.2584867
2025-08-15 19:47:59.612797+00:00,2.2584871
2025-08-15 19:48:13.437296+00:00,2.2584877
2025-08-15 19:48:24.278308+00:00,2.2584872
2025-08-15 19:48:37.268347+00:00,2.2584869
2025-08-15 19:48:50.861160+00:00,2.2584877
2025-08-15 19:49:02.905713+00:00,2.2584875
2025-08-15 19:49:15.199233+00:00,2.2584872
2025-08-15 19:49:27.878415+00:00,2.2584874
2025-08-15 19:49:40.652187+00:00,2.2584867
2025-08-15 19:49:53.276812+00:00,2.2584874
2025-08-15 19:50:06.252119+00:00,2.2584871
2025-08-15 19:50:19.238079+00:00,2.2584873
2025-08-15 19:50:31.793217+00:00,2.2584875
2025-08-15 19:50:44.021934+00:00,2.258487
2025-08-15 19:50:57.017359+00:00,2.2584873
2025-08-15 19:51:10.303326+00:00,2.258487
2025-08-15 19:51:22.320123+00:00,2.2584878
2025-08-15 19:51:35.620695+00:00,2.2584874
2025-08-15 19:51:49.420426+00:00,2.2584873
2025-08-15 19:52:08.978376+00:00,2.2584872
2025-08-15 19:52:15.839859+00:00,2.2584877
2025-08-15 19:52:27.932353+00:00,2.2584875
2025-08-15 19:52:41.050021+00:00,2.2584865
2025-08-15 19:52:54.041752+00:00,2.2584871
2025-08-15 19:53:07.975912+00:00,2.2584869
2025-08-15 19:53:20.750572+00:00,2.258487
2025-08-15 19:53:33.450272+00:00,2.2584872
2025-08-15 19:53:46.749012+00:00,2.2584869
2025-08-15 19:53:59.039036+00:00,2.258487
2025-08-15 19:54:14.837223+00:00,2.2584872
2025-08-15 19:54:24.544157+00:00,2.258487
2025-08-15 19:54:37.710539+00:00,2.2584869
2025-08-15 19:54:51.030016+00:00,2.2584876
2025-08-15 19:55:03.029268+00:00,2.2584876
2025-08-15 19:55:16.850185+00:00,2.2584872
2025-08-15 19:55:28.630628+00:00,2.2584869
2025-08-15 19:55:41.346399+00:00,2.2584873
2025-08-15 19:55:53.407721+00:00,2.2584876
2025-08-15 19:56:08.094511+00:00,2.258487
2025-08-15 19:56:18.844502+00:00,2.2584875
2025-08-15 19:56:32.154452+00:00,2.258487
2025-08-15 19:56:44.294567+00:00,2.2584874
2025-08-15 19:56:59.124878+00:00,2.2584876
2025-08-15 19:57:09.593803+00:00,2.2584874
2025-08-15 19:57:22.226477+00:00,2.2584869
2025-08-15 19:57:35.133901+00:00,2.2584874
2025-08-15 19:57:47.427867+00:00,2.2584877
2025-08-15 19:57:59.910059+00:00,2.2584871
2025-08-15 19:58:14.019289+00:00,2.2584873
2025-08-15 19:58:25.895248+00:00,2.2584873
2025-08-15 19:58:38.197240+00:00,2.2584875
2025-08-15 19:58:55.333526+00:00,2.2584867
2025-08-15 19:59:04.425227+00:00,2.2584872
2025-08-15 19:59:19.625730+00:00,2.2584876
2025-08-15 19:59:30.488146+00:00,2.2584871
2025-08-15 19:59:43.965352+00:00,2.2584867
2025-08-15 19:59:58.190684+00:00,2.2584872
2025-08-15 20:00:10.032661+00:00,2.2584871
2025-08-15 20:00:40.443751+00:00,2.2584873
2025-08-15 20:00:48.976840+00:00,2.258487
2025-08-15 20:01:02.022419+00:00,2.2584873
2025-08-15 20:01:14.967319+00:00,2.2584869
2025-08-15 20:01:27.561226+00:00,2.2584873
2025-08-15 20:01:40.441679+00:00,2.2584873
2025-08-15 20:01:53.614990+00:00,2.2584875
2025-08-15 20:02:06.380961+00:00,2.2584873
2025-08-15 20:02:19.070096+00:00,2.2584869
2025-08-15 20:02:32.172772+00:00,2.2584873
2025-08-15 20:02:47.643645+00:00,2.2584871
2025-08-15 20:02:57.291352+00:00,2.2584876
2025-08-15 20:03:12.970812+00:00,2.258487
2025-08-15 20:03:22.955332+00:00,2.2584866
2025-08-15 20:03:35.011268+00:00,2.2584868
2025-08-15 20:03:47.910352+00:00,2.2584874
2025-08-15 20:04:00.426650+00:00,2.2584875
2025-08-15 20:04:12.885473+00:00,2.2584874
2025-08-15 20:04:25.591667+00:00,2.2584877
2025-08-15 20:04:38.059375+00:00,2.2584871
2025-08-15 20:04:50.795752+00:00,2.2584867
2025-08-15 20:05:03.587598+00:00,2.2584874
2025-08-15 20:05:16.504903+00:00,2.2584874
2025-08-15 20:05:29.020336+00:00,2.2584869
2025-08-15 20:05:41.989989+00:00,2.258487
2025-08-15 20:05:54.424561+00:00,2.2584878
2025-08-15 20:06:08.383879+00:00,2.2584879
2025-08-15 20:06:20.603453+00:00,2.2584877
2025-08-15 20:06:33.183489+00:00,2.2584872
2025-08-15 20:06:46.204382+00:00,2.2584867
2025-08-15 20:06:59.525751+00:00,2.2584879
2025-08-15 20:07:12.410683+00:00,2.2584867
2025-08-15 20:07:25.460589+00:00,2.2584878
2025-08-15 20:07:38.667420+00:00,2.2584876
2025-08-15 20:07:52.061277+00:00,2.2584871
2025-08-15 20:08:05.037992+00:00,2.2584873
2025-08-15 20:08:17.773085+00:00,2.2584869
2025-08-15 20:08:31.145661+00:00,2.2584876
2025-08-15 20:08:43.834123+00:00,2.2584869
2025-08-15 20:08:56.939564+00:00,2.2584869
2025-08-15 20:09:09.585862+00:00,2.2584872
2025-08-15 20:09:25.442801+00:00,2.2584872
2025-08-15 20:09:35.030434+00:00,2.2584871
2025-08-15 20:09:49.095516+00:00,2.2584877
2025-08-15 20:10:00.908625+00:00,2.2584875
2025-08-15 20:10:13.559627+00:00,2.2584871
2025-08-15 20:10:27.180390+00:00,2.2584871
2025-08-15 20:10:39.092357+00:00,2.2584869
2025-08-15 20:10:51.314099+00:00,2.2584869
2025-08-15 20:11:03.934166+00:00,2.2584869
2025-08-15 20:11:16.291803+00:00,2.258487
2025-08-15 20:11:28.763244+00:00,2.2584879
2025-08-15 20:11:43.198908+00:00,2.2584871
2025-08-15 20:11:56.813499+00:00,2.2584871
2025-08-15 20:12:07.299111+00:00,2.2584873
2025-08-15 20:12:19.277937+00:00,2.2584868
2025-08-15 20:12:33.765390+00:00,2.2584872
2025-08-15 20:12:44.490468+00:00,2.2584869
2025-08-15 20:12:57.126013+00:00,2.2584878
2025-08-15 20:13:10.422182+00:00,2.2584871
2025-08-15 20:13:22.077968+00:00,2.2584871
2025-08-15 20:13:34.933790+00:00,2.2584878
2025-08-15 20:13:51.466400+00:00,2.2584873
2025-08-15 20:14:00.562794+00:00,2.2584873
2025-08-15 20:14:13.917916+00:00,2.258487
2025-08-15 20:14:26.442033+00:00,2.2584875
2025-08-15 20:14:39.609694+00:00,2.2584875
2025-08-15 20:14:52.509069+00:00,2.2584871
2025-08-15 20:15:19.082366+00:00,2.2584868
2025-08-15 20:15:32.708847+00:00,2.258487
2025-08-15 20:15:45.291642+00:00,2.2584869
2025-08-15 20:15:58.075591+00:00,2.2584875
2025-08-15 20:16:11.163929+00:00,2.2584874
2025-08-15 20:16:27.508770+00:00,2.2584868
2025-08-15 20:16:37.091221+00:00,2.2584874
2025-08-15 20:16:49.473652+00:00,2.2584877
2025-08-15 20:17:02.799628+00:00,2.2584872
2025-08-15 20:17:15.690421+00:00,2.2584878
2025-08-15 20:17:28.314085+00:00,2.2584873
2025-08-15 20:17:42.407813+00:00,2.2584875
2025-08-15 20:17:53.666841+00:00,2.2584871
2025-08-15 20:18:09.514393+00:00,2.2584869
2025-08-15 20:18:19.371588+00:00,2.2584868
2025-08-15 20:18:35.076599+00:00,2.2584875
2025-08-15 20:18:44.813358+00:00,2.2584875
2025-08-15 20:18:57.325002+00:00,2.2584875
2025-08-15 20:19:11.763791+00:00,2.2584876
2025-08-15 20:19:22.749321+00:00,2.2584871
2025-08-15 20:19:36.287443+00:00,2.2584871
2025-08-15 20:19:48.162637+00:00,2.2584874
2025-08-15 20:20:04.814656+00:00,2.258487
2025-08-15 20:20:13.169512+00:00,2.2584875
2025-08-15 20:20:25.661351+00:00,2.2584866
2025-08-15 20:20:38.761451+00:00,2.2584877
2025-08-15 20:20:50.858552+00:00,2.2584874
2025-08-15 20:21:04.036261+00:00,2.2584871
2025-08-15 20:21:22.384470+00:00,2.2584876
2025-08-15 20:21:30.086627+00:00,2.258488
2025-08-15 20:21:42.794783+00:00,2.258487
2025-08-15 20:21:56.067791+00:00,2.2584872
2025-08-15 20:22:09.275387+00:00,2.2584873
2025-08-15 20:22:22.579924+00:00,2.2584873
2025-08-15 20:22:35.301520+00:00,2.258488
2025-08-15 20:22:50.623862+00:00,2.2584871
2025-08-15 20:23:01.339794+00:00,2.2584874
2025-08-15 20:23:14.652457+00:00,2.2584877
2025-08-15 20:23:29.283492+00:00,2.2584871
2025-08-15 20:23:40.128426+00:00,2.2584873
2025-08-15 20:23:53.291708+00:00,2.2584871
2025-08-15 20:24:05.973178+00:00,2.2584872
2025-08-15 20:24:20.714657+00:00,2.2584876
2025-08-15 20:24:31.776441+00:00,2.2584868
2025-08-15 20:24:44.537904+00:00,2.2584867
2025-08-15 20:24:57.055547+00:00,2.2584876
2025-08-15 20:25:09.505474+00:00,2.258487
2025-08-15 20:25:22.172389+00:00,2.2584878
2025-08-15 20:25:34.922036+00:00,2.2584876
2025-08-15 20:25:47.571813+00:00,2.2584873
2025-08-15 20:26:00.133886+00:00,2.2584878
2025-08-15 20:26:12.849075+00:00,2.2584872
2025-08-15 20:26:25.702548+00:00,2.2584876
2025-08-15 20:26:37.824542+00:00,2.2584876
2025-08-15 20:26:50.488218+00:00,2.2584873
2025-08-15 20:27:04.060115+00:00,2.2584872
2025-08-15 20:27:15.816106+00:00,2.2584872
2025-08-15 20:27:28.294132+00:00,2.2584875
2025-08-15 20:27:40.808270+00:00,2.2584875
2025-08-15 20:27:53.279785+00:00,2.2584871
2025-08-15 20:28:08.633278+00:00,2.2584874
2025-08-15 20:28:19.594515+00:00,2.2584872
2025-08-15 20:28:32.955076+00:00,2.2584876
2025-08-15 20:28:44.895901+00:00,2.2584876
2025-08-15 20:29:10.372430+00:00,2.2584873
2025-08-15 20:29:23.221972+00:00,2.2584877
2025-08-15 20:29:37.765399+00:00,2.2584876
2025-08-15 20:29:49.378885+00:00,2.2584874
2025-08-15 20:30:02.979247+00:00,2.2584875
2025-08-15 20:30:16.637396+00:00,2.2584873
2025-08-15 20:30:30.537572+00:00,2.2584871
2025-08-15 20:30:42.408900+00:00,2.258487
2025-08-15 20:30:54.940439+00:00,2.2584878
2025-08-15 20:31:08.199529+00:00,2.2584878
2025-08-15 20:31:20.814096+00:00,2.2584876
2025-08-15 20:31:34.037319+00:00,2.2584873
2025-08-15 20:31:46.969315+00:00,2.2584874
2025-08-15 20:31:59.022898+00:00,2.2584877
2025-08-15 20:32:12.247287+00:00,2.2584871
2025-08-15 20:32:24.660779+00:00,2.2584869
2025-08-15 20:32:37.269706+00:00,2.258487
2025-08-15 20:32:50.174682+00:00,2.2584874
2025-08-15 20:33:02.777619+00:00,2.2584869
2025-08-15 20:33:15.230391+00:00,2.2584872
2025-08-15 20:33:34.558950+00:00,2.2584873
2025-08-15 20:33:40.633669+00:00,2.2584871
2025-08-15 20:33:53.487483+00:00,2.2584873
2025-08-15 20:34:08.162093+00:00,2.2584873
2025-08-15 20:34:19.338623+00:00,2.2584873
2025-08-15 20:34:31.577197+00:00,2.2584877
2025-08-15 20:34:43.760913+00:00,2.2584878
2025-08-15 20:34:56.229072+00:00,2.2584871
2025-08-15 20:35:09.224078+00:00,2.2584876
2025-08-15 20:35:24.263156+00:00,2.2584879
2025-08-15 20:35:35.547477+00:00,2.2584875
2025-08-15 20:35:49.328183+00:00,2.2584874
2025-08-15 20:35:59.887957+00:00,2.258487
2025-08-15 20:36:12.611159+00:00,2.2584869
2025-08-15 20:36:26.793944+00:00,2.2584869
2025-08-15 20:36:41.409914+00:00,2.2584875
2025-08-15 20:36:51.726979+00:00,2.2584873
2025-08-15 20:37:17.519289+00:00,2.2584875
2025-08-15 20:37:30.794296+00:00,2.2584875
2025-08-15 20:37:43.782597+00:00,2.2584876
2025-08-15 20:37:56.382225+00:00,2.2584876
2025-08-15 20:38:11.257827+00:00,2.2584868
2025-08-15 20:38:22.196658+00:00,2.2584874
2025-08-15 20:38:35.190287+00:00,2.2584866
2025-08-15 20:38:48.204108+00:00,2.258487
2025-08-15 20:39:02.878054+00:00,2.2584879
2025-08-15 20:39:13.820999+00:00,2.2584868
2025-08-15 20:39:26.517283+00:00,2.2584874
2025-08-15 20:39:39.592808+00:00,2.2584874
2025-08-15 20:39:52.426935+00:00,2.2584875
2025-08-15 20:40:07.207849+00:00,2.258487
2025-08-15 20:40:31.953526+00:00,2.2584874
2025-08-15 20:40:44.899168+00:00,2.2584877
2025-08-15 20:40:55.645093+00:00,2.258487
2025-08-15 20:41:13.948239+00:00,2.258487
2025-08-15 20:41:21.149994+00:00,2.2584871
2025-08-15 20:41:34.330852+00:00,2.2584879
2025-08-15 20:41:59.229512+00:00,2.2584878
2025-08-15 20:42:12.737595+00:00,2.2584871
2025-08-15 20:42:24.320728+00:00,2.2584878
2025-08-15 20:42:37.855244+00:00,2.258487
2025-08-15 20:42:50.270834+00:00,2.258487
2025-08-15 20:43:05.736242+00:00,2.2584875
2025-08-15 20:43:16.846782+00:00,2.2584876
2025-08-15 20:43:28.186762+00:00,2.2584867
2025-08-15 20:43:42.277928+00:00,2.2584869
2025-08-15 20:43:53.691597+00:00,2.2584868
2025-08-15 20:44:07.409715+00:00,2.2584875
2025-08-15 20:44:20.776565+00:00,2.2584875
2025-08-15 20:44:32.766968+00:00,2.2584867
2025-08-15 20:44:45.563792+00:00,2.2584871
2025-08-15 20:44:58.274332+00:00,2.2584874
2025-08-15 20:45:11.606722+00:00,2.2584878
2025-08-15 20:45:25.130069+00:00,2.2584873
2025-08-15 20:45:50.615795+00:00,2.2584875
2025-08-15 20:46:03.637338+00:00,2.258487
2025-08-15 20:46:16.457354+00:00,2.2584877
2025-08-15 20:46:29.681221+00:00,2.2584867
2025-08-15 20:46:42.708011+00:00,2.2584879
2025-08-15 20:46:57.845983+00:00,2.2584878
2025-08-15 20:47:08.164787+00:00,2.2584872
2025-08-15 20:47:20.804126+00:00,2.2584875
2025-08-15 20:47:47.303517+00:00,2.2584876
2025-08-15 20:48:00.711705+00:00,2.2584874
2025-08-15 20:48:12.230786+00:00,2.2584874
2025-08-15 20:48:25.633576+00:00,2.2584873
2025-08-15 20:48:37.256030+00:00,2.2584874
2025-08-15 20:48:49.641512+00:00,2.2584874
2025-08-15 20:49:03.480112+00:00,2.2584871
2025-08-15 20:49:15.037954+00:00,2.2584879
2025-08-15 20:49:29.335725+00:00,2.2584872
2025-08-15 20:49:40.979566+00:00,2.2584873
2025-08-15 20:49:53.159143+00:00,2.2584875
2025-08-15 20:50:06.000367+00:00,2.2584876
2025-08-15 20:50:18.834750+00:00,2.2584875
2025-08-15 20:50:31.315165+00:00,2.2584869
2025-08-15 20:50:43.895870+00:00,2.2584871
2025-08-15 20:50:58.594238+00:00,2.2584876
2025-08-15 20:51:11.903836+00:00,2.2584876
2025-08-15 20:51:25.862219+00:00,2.2584879
2025-08-15 20:51:35.755489+00:00,2.2584874
2025-08-15 20:51:49.032318+00:00,2.2584876
2025-08-15 20:52:00.941252+00:00,2.2584869
2025-08-15 20:52:13.613168+00:00,2.2584872
2025-08-15 20:52:32.213368+00:00,2.2584874
2025-08-15 20:52:40.695011+00:00,2.2584868
2025-08-15 20:52:52.723437+00:00,2.2584873
2025-08-15 20:53:06.241284+00:00,2.2584879
2025-08-15 20:53:19.409567+00:00,2.2584872
2025-08-15 20:53:32.414067+00:00,2.2584871
2025-08-15 20:53:44.667850+00:00,2.2584876
2025-08-15 20:53:57.582533+00:00,2.2584872
2025-08-15 20:54:11.628393+00:00,2.2584876
2025-08-15 20:54:23.475692+00:00,2.2584874
2025-08-15 20:54:36.307270+00:00,2.2584878
2025-08-15 20:54:49.350246+00:00,2.2584871
2025-08-15 20:55:03.283499+00:00,2.2584876
2025-08-15 20:55:15.202518+00:00,2.258487
2025-08-15 20:55:28.192579+00:00,2.2584876
2025-08-15 20:55:40.924543+00:00,2.2584873
2025-08-15 20:55:55.416916+00:00,2.2584872
2025-08-15 20:56:05.983905+00:00,2.2584874
2025-08-15 20:56:18.751949+00:00,2.2584871
2025-08-15 20:56:36.822576+00:00,2.2584873
2025-08-15 20:56:44.267458+00:00,2.2584873
2025-08-15 20:56:56.730343+00:00,2.2584879
2025-08-15 20:57:10.017225+00:00,2.2584874
2025-08-15 20:57:21.689981+00:00,2.2584879
2025-08-15 20:57:34.670341+00:00,2.2584876
2025-08-15 20:57:47.110541+00:00,2.2584873
2025-08-15 20:57:59.616979+00:00,2.2584874
2025-08-15 20:58:12.780155+00:00,2.2584875
2025-08-15 20:58:25.845256+00:00,2.2584872
2025-08-15 20:58:37.910401+00:00,2.2584871
2025-08-15 20:58:53.544777+00:00,2.2584877
2025-08-15 20:59:03.338161+00:00,2.2584872
2025-08-15 20:59:17.579016+00:00,2.2584874
2025-08-15 20:59:28.965691+00:00,2.258487
2025-08-15 20:59:41.951394+00:00,2.2584868
2025-08-15 20:59:58.748108+00:00,2.2584877
2025-08-15 21:00:08.866676+00:00,2.2584866
2025-08-15 21:00:21.629116+00:00,2.258487
2025-08-15 21:00:36.235824+00:00,2.2584865
2025-08-15 21:00:47.900479+00:00,2.2584877
2025-08-15 21:01:01.224552+00:00,2.2584881
2025-08-15 21:01:13.469370+00:00,2.2584869
2025-08-15 21:01:26.458948+00:00,2.2584872
2025-08-15 21:01:52.298310+00:00,2.2584878
2025-08-15 21:02:05.200282+00:00,2.258487
2025-08-15 21:02:18.002090+00:00,2.2584876
2025-08-15 21:02:31.051149+00:00,2.2584877
2025-08-15 21:02:43.581659+00:00,2.2584869
2025-08-15 21:02:56.263918+00:00,2.2584872
2025-08-15 21:03:09.064055+00:00,2.2584878
2025-08-15 21:03:21.992027+00:00,2.2584873
2025-08-15 21:03:34.113719+00:00,2.2584877
2025-08-15 21:03:47.167206+00:00,2.2584875
2025-08-15 21:03:59.495175+00:00,2.2584874
2025-08-15 21:04:16.455240+00:00,2.2584879
2025-08-15 21:04:24.970680+00:00,2.2584874
2025-08-15 21:04:37.660518+00:00,2.2584876
2025-08-15 21:04:50.104528+00:00,2.2584877
2025-08-15 21:05:03.278637+00:00,2.2584877
2025-08-15 21:05:17.275595+00:00,2.2584871
2025-08-15 21:05:28.533248+00:00,2.2584873
2025-08-15 21:05:40.968627+00:00,2.2584868
2025-08-15 21:05:53.844764+00:00,2.2584872
2025-08-15 21:06:06.377120+00:00,2.2584874
2025-08-15 21:06:19.128267+00:00,2.258488
2025-08-15 21:06:31.832693+00:00,2.2584872
2025-08-15 21:06:44.199563+00:00,2.258487
2025-08-15 21:06:57.152015+00:00,2.2584878
2025-08-15 21:07:10.459221+00:00,2.2584876
2025-08-15 21:07:23.392553+00:00,2.2584872
2025-08-15 21:07:36.352837+00:00,2.2584871
2025-08-15 21:07:49.844533+00:00,2.2584874
2025-08-15 21:08:02.834373+00:00,2.2584877
2025-08-15 21:08:16.224627+00:00,2.258487
2025-08-15 21:08:28.842949+00:00,2.2584869
2025-08-15 21:08:43.746880+00:00,2.2584876
2025-08-15 21:08:54.466983+00:00,2.2584878
2025-08-15 21:09:08.698396+00:00,2.2584867
2025-08-15 21:09:20.955870+00:00,2.2584874
2025-08-15 21:09:33.706103+00:00,2.2584874
2025-08-15 21:09:46.240251+00:00,2.2584868
2025-08-15 21:09:59.189093+00:00,2.2584871
2025-08-15 21:10:13.010754+00:00,2.2584875
2025-08-15 21:10:27.169862+00:00,2.2584877
2025-08-15 21:10:38.971337+00:00,2.2584879
2025-08-15 21:10:50.447019+00:00,2.2584874
2025-08-15 21:11:02.990412+00:00,2.2584868
2025-08-15 21:11:15.344111+00:00,2.2584876
2025-08-15 21:11:28.289336+00:00,2.2584875
2025-08-15 21:11:40.610058+00:00,2.2584875
2025-08-15 21:11:53.463588+00:00,2.258487
2025-08-15 21:12:06.320774+00:00,2.2584877
2025-08-15 21:12:19.145456+00:00,2.2584874
2025-08-15 21:12:32.317877+00:00,2.2584874
2025-08-15 21:12:43.856560+00:00,2.2584876
2025-08-15 21:12:57.715020+00:00,2.258487
2025-08-15 21:13:09.359888+00:00,2.2584875
2025-08-15 21:13:23.620841+00:00,2.2584873
2025-08-15 21:13:47.245381+00:00,2.258487
2025-08-15 21:13:59.979354+00:00,2.2584872
2025-08-15 21:14:13.020160+00:00,2.2584871
2025-08-15 21:14:26.659849+00:00,2.2584867
2025-08-15 21:14:38.987344+00:00,2.258487
2025-08-15 21:14:52.154503+00:00,2.2584871
2025-08-15 21:15:05.731043+00:00,2.2584871
2025-08-15 21:15:18.943403+00:00,2.2584874
2025-08-15 21:15:31.655508+00:00,2.2584876
2025-08-15 21:15:44.442273+00:00,2.2584868
2025-08-15 21:15:57.422741+00:00,2.2584872
2025-08-15 21:16:10.213794+00:00,2.2584878
2025-08-15 21:16:23.052842+00:00,2.2584873
2025-08-15 21:16:39.179637+00:00,2.2584873
2025-08-15 21:16:49.351798+00:00,2.2584875
2025-08-15 21:17:01.838765+00:00,2.2584874
2025-08-15 21:17:14.835994+00:00,2.2584878
2025-08-15 21:17:27.782957+00:00,2.2584875
2025-08-15 21:17:40.512249+00:00,2.2584873
2025-08-15 21:17:53.200740+00:00,2.2584874
2025-08-15 21:18:05.696595+00:00,2.2584874
2025-08-15 21:18:18.955442+00:00,2.258487
2025-08-15 21:18:31.278975+00:00,2.2584878
2025-08-15 21:18:44.783994+00:00,2.2584875
2025-08-15 21:18:56.013235+00:00,2.2584874
2025-08-15 21:19:09.478422+00:00,2.2584869
2025-08-15 21:19:21.539628+00:00,2.2584878
2025-08-15 21:19:34.449800+00:00,2.2584875
2025-08-15 21:19:47.375365+00:00,2.2584877
2025-08-15 21:20:01.040526+00:00,2.2584871
2025-08-15 21:20:16.400585+00:00,2.2584874
2025-08-15 21:20:25.200652+00:00,2.2584872
2025-08-15 21:20:37.990451+00:00,2.2584875
2025-08-15 21:20:50.863269+00:00,2.2584875
2025-08-15 21:21:03.689880+00:00,2.258487
2025-08-15 21:21:16.098185+00:00,2.2584867
2025-08-15 21:21:28.681919+00:00,2.2584872
2025-08-15 21:21:42.234469+00:00,2.2584872
2025-08-15 21:21:56.738469+00:00,2.2584871
2025-08-15 21:22:08.818964+00:00,2.2584874
2025-08-15 21:22:20.740411+00:00,2.2584874
2025-08-15 21:22:34.072132+00:00,2.2584873
2025-08-15 21:22:47.705165+00:00,2.2584869
2025-08-15 21:23:01.429449+00:00,2.2584879
2025-08-15 21:23:14.831408+00:00,2.2584869
2025-08-15 21:23:25.957263+00:00,2.2584874
2025-08-15 21:23:38.988687+00:00,2.2584873
2025-08-15 21:23:51.922515+00:00,2.2584878
2025-08-15 21:24:06.119674+00:00,2.2584879
2025-08-15 21:24:17.636640+00:00,2.2584869
2025-08-15 21:24:30.437749+00:00,2.258487
2025-08-15 21:24:43.475943+00:00,2.2584871
2025-08-15 21:24:56.224728+00:00,2.2584869
2025-08-15 21:25:09.133554+00:00,2.2584872
2025-08-15 21:25:21.599694+00:00,2.2584869
2025-08-15 21:25:34.766721+00:00,2.2584877
2025-08-15 21:25:48.149405+00:00,2.2584872
2025-08-15 21:26:00.624762+00:00,2.2584872
2025-08-15 21:26:13.174928+00:00,2.2584878
2025-08-15 21:26:24.915268+00:00,2.2584876
2025-08-15 21:26:37.469327+00:00,2.2584872
2025-08-15 21:26:50.647782+00:00,2.2584874
2025-08-15 21:27:03.738518+00:00,2.2584872
2025-08-15 21:27:15.980085+00:00,2.2584874
2025-08-15 21:27:28.097809+00:00,2.2584874
2025-08-15 21:27:41.742021+00:00,2.2584872
2025-08-15 21:27:53.748149+00:00,2.2584879
2025-08-15 21:28:06.805665+00:00,2.2584877
2025-08-15 21:28:20.754915+00:00,2.2584878
2025-08-15 21:28:32.228722+00:00,2.2584871
2025-08-15 21:28:44.362763+00:00,2.2584879
2025-08-15 21:29:24.376193+00:00,2.2584872
2025-08-15 21:29:49.641282+00:00,2.2584877
2025-08-15 21:30:02.902395+00:00,2.2584871
2025-08-15 21:30:16.868943+00:00,2.2584877
2025-08-15 21:30:29.117814+00:00,2.2584876
2025-08-15 21:30:42.703173+00:00,2.2584879
2025-08-15 21:30:54.500690+00:00,2.2584871
2025-08-15 21:31:07.993053+00:00,2.258487
2025-08-15 21:31:20.446670+00:00,2.2584872
2025-08-15 21:31:33.565770+00:00,2.2584872
2025-08-15 21:31:46.490433+00:00,2.2584872
2025-08-15 21:31:59.099513+00:00,2.2584871
2025-08-15 21:32:13.483876+00:00,2.2584874
2025-08-15 21:32:25.149138+00:00,2.2584876
2025-08-15 21:32:50.132336+00:00,2.2584875
2025-08-15 21:33:02.721919+00:00,2.2584879
2025-08-15 21:33:15.998793+00:00,2.2584871
2025-08-15 21:33:29.789684+00:00,2.2584871
2025-08-15 21:33:40.501927+00:00,2.2584872
2025-08-15 21:33:53.521449+00:00,2.2584872
2025-08-15 21:34:06.388032+00:00,2.258488
2025-08-15 21:34:23.102553+00:00,2.2584875
2025-08-15 21:34:31.542315+00:00,2.2584871
2025-08-15 21:34:43.504318+00:00,2.2584879
2025-08-15 21:34:56.478428+00:00,2.2584878
2025-08-15 21:35:11.211387+00:00,2.2584871
2025-08-15 21:35:23.327218+00:00,2.258488
2025-08-15 21:35:47.425110+00:00,2.2584874
2025-08-15 21:36:00.117501+00:00,2.2584879
2025-08-15 21:36:13.371408+00:00,2.2584871
2025-08-15 21:36:26.148267+00:00,2.2584877
2025-08-15 21:36:38.851613+00:00,2.2584875
2025-08-15 21:36:51.762577+00:00,2.2584867
2025-08-15 21:37:05.789834+00:00,2.2584873
2025-08-15 21:37:18.171625+00:00,2.2584869
2025-08-15 21:37:31.974154+00:00,2.2584876
2025-08-15 21:37:44.339191+00:00,2.2584877
2025-08-15 21:37:57.345186+00:00,2.2584872
2025-08-15 21:38:12.804255+00:00,2.2584872
2025-08-15 21:38:24.711549+00:00,2.2584876
2025-08-15 21:38:36.120027+00:00,2.2584881
2025-08-15 21:38:49.297140+00:00,2.2584876
2025-08-15 21:39:07.903944+00:00,2.2584867
2025-08-15 21:39:15.249677+00:00,2.2584877
2025-08-15 21:39:29.307954+00:00,2.2584875
2025-08-15 21:39:40.488238+00:00,2.2584876
2025-08-15 21:39:52.822119+00:00,2.2584872
2025-08-15 21:40:06.010588+00:00,2.2584877
2025-08-15 21:40:18.638743+00:00,2.2584878
2025-08-15 21:40:31.120260+00:00,2.2584874
2025-08-15 21:40:43.971399+00:00,2.258488
2025-08-15 21:40:56.421661+00:00,2.2584877
2025-08-15 21:41:14.962210+00:00,2.2584877
2025-08-15 21:41:21.434193+00:00,2.2584876
2025-08-15 21:41:34.416016+00:00,2.2584877
2025-08-15 21:41:47.198800+00:00,2.2584873
2025-08-15 21:41:59.554112+00:00,2.2584874
2025-08-15 21:42:12.754178+00:00,2.2584871
2025-08-15 21:42:25.243473+00:00,2.2584882
2025-08-15 21:42:37.540882+00:00,2.2584874
2025-08-15 21:42:50.708427+00:00,2.2584874
2025-08-15 21:43:04.731882+00:00,2.2584876
2025-08-15 21:43:16.224665+00:00,2.2584874
2025-08-15 21:43:28.978183+00:00,2.2584877
2025-08-15 21:43:50.156842+00:00,2.2584878
2025-08-15 21:43:55.927430+00:00,2.2584875
2025-08-15 21:44:08.389888+00:00,2.2584877
2025-08-15 21:44:21.194970+00:00,2.2584875
2025-08-15 21:44:35.436818+00:00,2.2584871
2025-08-15 21:44:51.229374+00:00,2.2584872
2025-08-15 21:45:03.136807+00:00,2.2584867
2025-08-15 21:45:13.219327+00:00,2.2584874
2025-08-15 21:45:26.567222+00:00,2.2584872
2025-08-15 21:45:39.212582+00:00,2.258487
2025-08-15 21:45:51.861195+00:00,2.2584871
2025-08-15 21:46:04.717935+00:00,2.2584868
2025-08-15 21:46:17.648920+00:00,2.2584875
2025-08-15 21:46:30.593349+00:00,2.2584881
2025-08-15 21:46:43.445075+00:00,2.258487
2025-08-15 21:46:55.746216+00:00,2.2584877
2025-08-15 21:47:09.926198+00:00,2.258487
2025-08-15 21:47:21.225331+00:00,2.2584879
2025-08-15 21:47:40.654690+00:00,2.2584873
2025-08-15 21:47:46.750178+00:00,2.2584875
2025-08-15 21:48:02.617911+00:00,2.258488
2025-08-15 21:48:11.499784+00:00,2.2584873
2025-08-15 21:48:26.044309+00:00,2.2584877
2025-08-15 21:48:36.619747+00:00,2.2584864
2025-08-15 21:48:49.566557+00:00,2.2584877
2025-08-15 21:49:02.364418+00:00,2.2584878
2025-08-15 21:49:14.782136+00:00,2.2584873
2025-08-15 21:49:27.865437+00:00,2.2584871
2025-08-15 21:49:39.863868+00:00,2.2584865
2025-08-15 21:49:52.659947+00:00,2.2584878
2025-08-15 21:50:12.213719+00:00,2.2584875
2025-08-15 21:50:21.589006+00:00,2.2584871
2025-08-15 21:50:32.748476+00:00,2.2584866
2025-08-15 21:50:44.129083+00:00,2.2584874
2025-08-15 21:50:56.879997+00:00,2.2584873
2025-08-15 21:51:10.203206+00:00,2.2584877
2025-08-15 21:51:23.284412+00:00,2.2584867
2025-08-15 21:51:36.080829+00:00,2.2584864
2025-08-15 21:51:49.344316+00:00,2.258487
2025-08-15 21:52:03.686530+00:00,2.2584874
2025-08-15 21:52:21.516986+00:00,2.2584872
2025-08-15 21:52:28.670219+00:00,2.2584879
2025-08-15 21:52:41.491144+00:00,2.2584874
2025-08-15 21:52:54.546055+00:00,2.258487
2025-08-15 21:53:07.351680+00:00,2.2584877
2025-08-15 21:53:20.249583+00:00,2.2584883
2025-08-15 21:53:33.519449+00:00,2.2584878
2025-08-15 21:53:46.442226+00:00,2.2584868
2025-08-15 21:53:59.059594+00:00,2.2584871
2025-08-15 21:54:12.522583+00:00,2.2584872
2025-08-15 21:54:24.997917+00:00,2.2584874
2025-08-15 21:54:36.877060+00:00,2.258487
2025-08-15 21:54:49.615514+00:00,2.2584877
2025-08-15 21:55:02.518005+00:00,2.2584874
2025-08-15 21:55:15.205817+00:00,2.258487
2025-08-15 21:55:29.339202+00:00,2.2584876
2025-08-15 21:55:40.735751+00:00,2.2584873
2025-08-15 21:55:52.580536+00:00,2.258487
2025-08-15 21:56:05.375115+00:00,2.2584877
2025-08-15 21:56:17.895444+00:00,2.2584874
2025-08-15 21:56:32.901777+00:00,2.2584869
2025-08-15 21:56:43.289736+00:00,2.2584875
2025-08-15 21:56:55.826564+00:00,2.2584876
2025-08-15 21:57:08.818056+00:00,2.2584875
2025-08-15 21:57:21.876487+00:00,2.2584872
2025-08-15 21:57:34.935257+00:00,2.2584873
2025-08-15 21:57:47.134094+00:00,2.2584872
2025-08-15 21:57:59.746272+00:00,2.2584871
2025-08-15 21:58:13.224028+00:00,2.2584873
2025-08-15 21:58:26.039174+00:00,2.2584875
2025-08-15 21:58:38.773883+00:00,2.2584871
2025-08-15 21:58:52.157565+00:00,2.2584868
2025-08-15 21:59:05.548791+00:00,2.2584869
2025-08-15 21:59:18.532756+00:00,2.2584875
2025-08-15 21:59:31.715214+00:00,2.2584871
2025-08-15 21:59:45.110653+00:00,2.2584879
2025-08-15 22:00:04.891427+00:00,2.2584872
2025-08-15 22:00:10.170870+00:00,2.2584876
2025-08-15 22:00:23.244835+00:00,2.2584874
2025-08-15 22:00:36.122472+00:00,2.2584877
2025-08-15 22:00:49.104733+00:00,2.2584868
2025-08-15 22:01:01.951378+00:00,2.2584874
2025-08-15 22:01:14.630829+00:00,2.2584877
2025-08-15 22:01:27.610657+00:00,2.2584871
2025-08-15 22:01:40.101122+00:00,2.2584878
2025-08-15 22:01:52.776087+00:00,2.2584869
2025-08-15 22:02:05.991752+00:00,2.2584873
2025-08-15 22:02:19.037774+00:00,2.2584878
2025-08-15 22:02:30.501478+00:00,2.2584878
2025-08-15 22:02:43.165425+00:00,2.2584868
2025-08-15 22:02:56.042661+00:00,2.2584877
2025-08-15 22:03:09.274722+00:00,2.2584872
2025-08-15 22:03:21.407077+00:00,2.2584876
2025-08-15 22:03:34.571115+00:00,2.2584876
2025-08-15 22:03:47.144093+00:00,2.2584874
2025-08-15 22:03:59.527451+00:00,2.2584878
2025-08-15 22:04:12.773887+00:00,2.2584877
2025-08-15 22:04:24.985584+00:00,2.2584874
2025-08-15 22:04:37.750563+00:00,2.258487
2025-08-15 22:04:53.876163+00:00,2.2584866
2025-08-15 22:05:06.647166+00:00,2.2584871
2025-08-15 22:05:16.000161+00:00,2.2584878
2025-08-15 22:05:28.965354+00:00,2.2584872
2025-08-15 22:05:44.688019+00:00,2.2584872
2025-08-15 22:05:55.048161+00:00,2.2584867
2025-08-15 22:06:07.804343+00:00,2.2584879
2025-08-15 22:06:21.557982+00:00,2.2584871
2025-08-15 22:06:34.278878+00:00,2.2584879
2025-08-15 22:07:00.769950+00:00,2.2584877
2025-08-15 22:07:13.902054+00:00,2.2584876
2025-08-15 22:07:25.883641+00:00,2.2584869
2025-08-15 22:07:39.005002+00:00,2.258487
2025-08-15 22:07:52.426546+00:00,2.2584881
2025-08-15 22:08:05.052504+00:00,2.2584876
2025-08-15 22:08:18.150247+00:00,2.2584871
2025-08-15 22:08:30.817805+00:00,2.2584874
2025-08-15 22:08:43.376226+00:00,2.2584873
2025-08-15 22:08:56.429774+00:00,2.2584872
2025-08-15 22:09:09.773688+00:00,2.2584869
2025-08-15 22:09:21.882889+00:00,2.2584871
2025-08-15 22:09:34.885114+00:00,2.258487
2025-08-15 22:09:48.056934+00:00,2.258487
2025-08-15 22:10:01.149136+00:00,2.2584873
2025-08-15 22:10:13.053027+00:00,2.2584869
2025-08-15 22:10:25.885091+00:00,2.2584876
2025-08-15 22:10:42.583810+00:00,2.2584871
2025-08-15 22:10:51.817471+00:00,2.2584869
2025-08-15 22:11:11.221755+00:00,2.2584878
2025-08-15 22:11:18.337353+00:00,2.2584871
2025-08-15 22:11:28.541307+00:00,2.2584872
2025-08-15 22:11:41.307290+00:00,2.2584879
2025-08-15 22:11:54.857678+00:00,2.2584878
2025-08-15 22:12:07.321450+00:00,2.2584877
2025-08-15 22:12:19.734584+00:00,2.2584871
2025-08-15 22:12:36.661315+00:00,2.2584871
2025-08-15 22:12:58.569164+00:00,2.2584879
2025-08-15 22:13:11.551590+00:00,2.2584876
2025-08-15 22:13:24.347669+00:00,2.258488
2025-08-15 22:13:37.822517+00:00,2.2584871
2025-08-15 22:13:50.733996+00:00,2.2584873
2025-08-15 22:14:05.068033+00:00,2.2584866
2025-08-15 22:14:17.594027+00:00,2.258487
2025-08-15 22:14:30.021767+00:00,2.2584874
2025-08-15 22:14:43.054825+00:00,2.2584867
2025-08-15 22:14:57.799383+00:00,2.2584873
2025-08-15 22:15:09.810830+00:00,2.2584861
2025-08-15 22:15:23.133925+00:00,2.258488
2025-08-15 22:15:35.007981+00:00,2.2584873
2025-08-15 22:15:47.719214+00:00,2.258487
2025-08-15 22:16:00.397203+00:00,2.2584875
2025-08-15 22:16:14.550275+00:00,2.2584861
2025-08-15 22:16:26.667293+00:00,2.2584872
2025-08-15 22:16:43.153147+00:00,2.2584878
2025-08-15 22:16:51.309159+00:00,2.2584878
2025-08-15 22:17:04.181992+00:00,2.2584872
2025-08-15 22:17:18.190629+00:00,2.2584875
2025-08-15 22:17:29.958102+00:00,2.2584873
2025-08-15 22:17:42.155122+00:00,2.2584878
2025-08-15 22:17:57.933903+00:00,2.2584873
2025-08-15 22:18:07.696017+00:00,2.2584871
2025-08-15 22:18:19.695416+00:00,2.2584871
2025-08-15 22:18:35.439325+00:00,2.2584881
2025-08-15 22:18:44.936744+00:00,2.2584877
2025-08-15 22:18:57.695241+00:00,2.2584876
2025-08-15 22:19:10.776869+00:00,2.2584869
2025-08-15 22:19:23.235206+00:00,2.2584871
2025-08-15 22:19:36.854136+00:00,2.2584871
2025-08-15 22:19:48.434245+00:00,2.2584877
2025-08-15 22:20:01.600594+00:00,2.2584876
2025-08-15 22:20:15.534101+00:00,2.2584874
2025-08-15 22:20:29.302827+00:00,2.258487
2025-08-15 22:20:41.340639+00:00,2.2584875
2025-08-15 22:20:53.832851+00:00,2.2584875
2025-08-15 22:21:07.447866+00:00,2.2584873
2025-08-15 22:21:19.900970+00:00,2.258488
2025-08-15 22:21:33.131992+00:00,2.2584876
2025-08-15 22:21:46.140502+00:00,2.2584873
2025-08-15 22:21:58.963901+00:00,2.2584873
2025-08-15 22:22:12.236594+00:00,2.2584882
2025-08-15 22:22:24.831274+00:00,2.258488
2025-08-15 22:22:38.150587+00:00,2.2584866
2025-08-15 22:22:50.676305+00:00,2.2584879
2025-08-15 22:23:03.939756+00:00,2.2584874
2025-08-15 22:23:16.472928+00:00,2.2584876
2025-08-15 22:23:29.271143+00:00,2.2584873
2025-08-15 22:23:44.309769+00:00,2.258488
2025-08-15 22:23:54.763790+00:00,2.2584879
2025-08-15 22:24:07.821453+00:00,2.2584876
2025-08-15 22:24:20.200861+00:00,2.2584882
2025-08-15 22:24:32.928424+00:00,2.2584876
2025-08-15 22:24:46.612432+00:00,2.2584877
2025-08-15 22:25:01.393944+00:00,2.2584871
2025-08-15 22:25:10.828083+00:00,2.2584871
2025-08-15 22:25:23.652017+00:00,2.2584866
2025-08-15 22:25:36.135365+00:00,2.2584877
2025-08-15 22:25:52.029051+00:00,2.2584869
2025-08-15 22:26:01.249897+00:00,2.2584871
2025-08-15 22:26:16.411134+00:00,2.2584874
2025-08-15 22:26:26.968333+00:00,2.258487
2025-08-15 22:26:39.343837+00:00,2.2584874
2025-08-15 22:26:53.131588+00:00,2.2584877
2025-08-15 22:27:05.065518+00:00,2.2584875
2025-08-15 22:27:17.823357+00:00,2.2584876
2025-08-15 22:27:30.602115+00:00,2.2584882
2025-08-15 22:27:49.632451+00:00,2.2584881
2025-08-15 22:27:56.721222+00:00,2.2584876
2025-08-15 22:28:11.355399+00:00,2.2584875
2025-08-15 22:28:26.051050+00:00,2.2584879
2025-08-15 22:28:35.767510+00:00,2.2584869
2025-08-15 22:28:48.959875+00:00,2.2584879
2025-08-15 22:29:01.896862+00:00,2.2584872
2025-08-15 22:29:14.834678+00:00,2.2584873
2025-08-15 22:29:27.657539+00:00,2.2584874
2025-08-15 22:29:40.646003+00:00,2.258488
2025-08-15 22:29:54.053177+00:00,2.2584873
2025-08-15 22:30:06.953487+00:00,2.2584874
2025-08-15 22:30:23.847335+00:00,2.2584871
2025-08-15 22:30:32.360274+00:00,2.2584872
2025-08-15 22:30:44.931054+00:00,2.2584865
2025-08-15 22:30:57.464373+00:00,2.2584877
2025-08-15 22:31:22.962921+00:00,2.2584875
2025-08-15 22:31:35.705287+00:00,2.2584871
2025-08-15 22:31:48.748701+00:00,2.2584876
2025-08-15 22:32:01.296227+00:00,2.2584874
2025-08-15 22:32:13.810201+00:00,2.2584879
2025-08-15 22:32:26.649665+00:00,2.2584874
2025-08-15 22:32:39.357124+00:00,2.2584876
2025-08-15 22:32:53.321258+00:00,2.2584875
2025-08-15 22:33:05.835036+00:00,2.2584875
2025-08-15 22:33:17.216022+00:00,2.2584876
2025-08-15 22:33:29.843958+00:00,2.2584879
2025-08-15 22:33:42.741642+00:00,2.2584868
2025-08-15 22:33:57.685078+00:00,2.2584879
2025-08-15 22:34:11.090472+00:00,2.258488
2025-08-15 22:34:20.744930+00:00,2.2584878
2025-08-15 22:34:33.561386+00:00,2.2584877
2025-08-15 22:34:46.455235+00:00,2.2584874
2025-08-15 22:34:59.491096+00:00,2.2584882
2025-08-15 22:35:12.497047+00:00,2.2584871
2025-08-15 22:35:25.653816+00:00,2.2584874
2025-08-15 22:35:38.787171+00:00,2.2584875
2025-08-15 22:35:51.411397+00:00,2.2584879
2025-08-15 22:36:04.913991+00:00,2.2584865
2025-08-15 22:36:17.529741+00:00,2.2584877
2025-08-15 22:36:31.986166+00:00,2.2584873
2025-08-15 22:36:43.667177+00:00,2.2584881
2025-08-15 22:36:56.638714+00:00,2.2584873
2025-08-15 22:37:09.956487+00:00,2.2584871
2025-08-15 22:37:24.098294+00:00,2.2584877
2025-08-15 22:37:35.168734+00:00,2.2584873
2025-08-15 22:37:48.535570+00:00,2.258487
2025-08-15 22:38:01.409381+00:00,2.2584867
2025-08-15 22:38:14.204358+00:00,2.2584872
2025-08-15 22:38:27.578947+00:00,2.2584879
2025-08-15 22:38:39.665889+00:00,2.2584876
2025-08-15 22:38:52.472500+00:00,2.2584869
2025-08-15 22:39:05.444569+00:00,2.2584874
2025-08-15 22:39:18.206767+00:00,2.2584876
2025-08-15 22:39:30.806783+00:00,2.2584874
2025-08-15 22:39:43.296563+00:00,2.2584878
2025-08-15 22:39:55.604346+00:00,2.2584869
2025-08-15 22:40:13.157076+00:00,2.2584868
2025-08-15 22:40:33.745309+00:00,2.2584872
2025-08-15 22:40:46.704477+00:00,2.2584878
2025-08-15 22:41:01.906138+00:00,2.2584872
2025-08-15 22:41:14.718364+00:00,2.2584875
2025-08-15 22:41:25.010291+00:00,2.2584873
2025-08-15 22:41:37.476985+00:00,2.2584875
2025-08-15 22:41:50.387926+00:00,2.2584872
2025-08-15 22:42:03.327308+00:00,2.2584877
2025-08-15 22:42:15.786470+00:00,2.2584881
2025-08-15 22:42:32.097711+00:00,2.258487
2025-08-15 22:42:41.402371+00:00,2.2584871
2025-08-15 22:42:54.593176+00:00,2.2584879
2025-08-15 22:43:09.368393+00:00,2.2584866
2025-08-15 22:43:20.844953+00:00,2.2584874
2025-08-15 22:43:47.304756+00:00,2.2584872
2025-08-15 22:44:02.780750+00:00,2.2584873
2025-08-15 22:44:13.025224+00:00,2.2584867
2025-08-15 22:44:26.302391+00:00,2.258487
2025-08-15 22:44:38.891219+00:00,2.2584875
2025-08-15 22:45:05.305910+00:00,2.2584873
2025-08-15 22:45:17.921539+00:00,2.2584875
2025-08-15 22:45:31.446733+00:00,2.2584872
2025-08-15 22:45:43.628988+00:00,2.2584874
2025-08-15 22:45:57.050986+00:00,2.2584875
2025-08-15 22:46:09.358221+00:00,2.2584875
2025-08-15 22:46:21.563240+00:00,2.2584872
2025-08-15 22:46:47.904084+00:00,2.2584875
2025-08-15 22:46:59.478951+00:00,2.2584877
2025-08-15 22:47:13.719792+00:00,2.258487
2025-08-15 22:47:25.267533+00:00,2.2584875
2025-08-15 22:47:38.304276+00:00,2.2584879
2025-08-15 22:47:52.122807+00:00,2.2584879
2025-08-15 22:48:03.619670+00:00,2.2584875
2025-08-15 22:48:16.481832+00:00,2.2584873
2025-08-15 22:48:30.613040+00:00,2.2584872
2025-08-15 22:48:54.968019+00:00,2.2584879
2025-08-15 22:49:07.146121+00:00,2.2584875
2025-08-15 22:49:19.721699+00:00,2.2584872
2025-08-15 22:49:32.767480+00:00,2.258488
2025-08-15 22:49:44.763191+00:00,2.2584876
2025-08-15 22:49:57.601769+00:00,2.2584872
2025-08-15 22:50:11.065138+00:00,2.2584877
2025-08-15 22:50:23.962324+00:00,2.2584877
2025-08-15 22:50:37.823108+00:00,2.2584869
2025-08-15 22:50:50.214262+00:00,2.2584878
2025-08-15 22:51:03.197577+00:00,2.2584876
2025-08-15 22:51:16.214395+00:00,2.2584868
2025-08-15 22:51:30.115910+00:00,2.2584873
2025-08-15 22:51:42.317411+00:00,2.258487
2025-08-15 22:51:56.045332+00:00,2.258487
2025-08-15 22:52:11.404654+00:00,2.2584872
2025-08-15 22:52:21.610568+00:00,2.258488
2025-08-15 22:52:34.410841+00:00,2.2584861
2025-08-15 22:52:47.504300+00:00,2.2584878
2025-08-15 22:53:00.295815+00:00,2.2584876
2025-08-15 22:53:13.970286+00:00,2.2584877
2025-08-15 22:53:25.847556+00:00,2.2584869
2025-08-15 22:53:38.990513+00:00,2.2584869
2025-08-15 22:53:52.597941+00:00,2.2584873
2025-08-15 22:54:04.670254+00:00,2.2584878
2025-08-15 22:54:20.248667+00:00,2.2584876
2025-08-15 22:54:29.702183+00:00,2.2584881
2025-08-15 22:54:43.428693+00:00,2.2584866
2025-08-15 22:54:58.739141+00:00,2.2584872
2025-08-15 22:55:07.992759+00:00,2.2584875
2025-08-15 22:55:21.160463+00:00,2.258488
2025-08-15 22:55:33.803635+00:00,2.2584877
2025-08-15 22:55:46.575047+00:00,2.2584872
2025-08-15 22:55:59.133725+00:00,2.2584871
2025-08-15 22:56:13.432127+00:00,2.2584876
2025-08-15 22:56:24.759549+00:00,2.2584879
2025-08-15 22:56:37.139761+00:00,2.2584881
2025-08-15 22:56:50.072370+00:00,2.2584875
2025-08-15 22:57:05.955566+00:00,2.2584868
2025-08-15 22:57:17.969863+00:00,2.2584871
2025-08-15 22:57:28.862506+00:00,2.2584873
2025-08-15 22:57:45.796307+00:00,2.2584869
2025-08-15 22:57:54.856256+00:00,2.2584866
2025-08-15 22:58:09.727874+00:00,2.2584873
2025-08-15 22:58:23.612306+00:00,2.2584859
2025-08-15 22:58:35.702893+00:00,2.258487
2025-08-15 22:58:49.388870+00:00,2.2584868
2025-08-15 22:59:00.660681+00:00,2.2584875
2025-08-15 22:59:14.232750+00:00,2.2584873
2025-08-15 22:59:27.711473+00:00,2.2584874
2025-08-15 22:59:39.716212+00:00,2.2584874
2025-08-15 22:59:52.942055+00:00,2.2584875
2025-08-15 23:00:06.042530+00:00,2.2584872
2025-08-15 23:00:19.652545+00:00,2.2584873
2025-08-15 23:00:31.758916+00:00,2.2584879
2025-08-15 23:00:44.325477+00:00,2.258487
2025-08-15 23:00:57.339615+00:00,2.2584871
2025-08-15 23:01:10.224119+00:00,2.2584875
2025-08-15 23:01:22.971391+00:00,2.2584873
2025-08-15 23:01:36.874186+00:00,2.2584876
2025-08-15 23:01:49.036802+00:00,2.2584873
2025-08-15 23:02:00.482809+00:00,2.2584869
2025-08-15 23:02:12.966132+00:00,2.2584866
2025-08-15 23:02:26.216159+00:00,2.2584872
2025-08-15 23:02:38.836206+00:00,2.2584877
2025-08-15 23:02:51.570076+00:00,2.2584868
2025-08-15 23:03:04.506848+00:00,2.2584878
2025-08-15 23:03:16.953040+00:00,2.2584878
2025-08-15 23:03:29.480786+00:00,2.258487
2025-08-15 23:03:42.402241+00:00,2.2584876
2025-08-15 23:03:55.142706+00:00,2.2584876
2025-08-15 23:04:08.654233+00:00,2.2584873
2025-08-15 23:04:20.739396+00:00,2.2584876
2025-08-15 23:04:38.937271+00:00,2.2584874
2025-08-15 23:04:46.477430+00:00,2.2584873
2025-08-15 23:04:59.038724+00:00,2.2584865
2025-08-15 23:05:12.419737+00:00,2.2584862
2025-08-15 23:05:25.534991+00:00,2.2584863
2025-08-15 23:05:38.608364+00:00,2.2584858
2025-08-15 23:05:51.489804+00:00,2.2584878
2025-08-15 23:06:04.784159+00:00,2.2584876
2025-08-15 23:06:22.556211+00:00,2.2584876
2025-08-15 23:06:33.593665+00:00,2.258487
2025-08-15 23:06:44.072488+00:00,2.2584865
2025-08-15 23:06:56.737045+00:00,2.2584872
2025-08-15 23:07:17.403794+00:00,2.2584878
2025-08-15 23:07:23.259398+00:00,2.2584865
2025-08-15 23:07:35.852701+00:00,2.2584872
2025-08-15 23:07:50.974059+00:00,2.2584872
2025-08-15 23:08:01.902052+00:00,2.2584873
2025-08-15 23:08:19.175815+00:00,2.2584879
2025-08-15 23:08:53.203689+00:00,2.2584877
2025-08-15 23:09:06.014287+00:00,2.2584879
2025-08-15 23:09:18.573519+00:00,2.2584877
2025-08-15 23:09:32.038059+00:00,2.2584867
2025-08-15 23:09:43.522371+00:00,2.2584875
2025-08-15 23:09:56.382225+00:00,2.2584867
2025-08-15 23:10:09.329148+00:00,2.2584875
2025-08-15 23:10:25.984780+00:00,2.2584868
2025-08-15 23:10:35.157812+00:00,2.2584869
2025-08-15 23:10:47.883583+00:00,2.2584871
2025-08-15 23:11:00.567979+00:00,2.2584878
2025-08-15 23:11:13.318716+00:00,2.2584879
2025-08-15 23:11:26.823177+00:00,2.2584878
2025-08-15 23:11:38.499295+00:00,2.2584876
2025-08-15 23:11:51.451503+00:00,2.2584876
2025-08-15 23:12:04.036112+00:00,2.2584874
2025-08-15 23:12:16.575689+00:00,2.258487
2025-08-15 23:12:29.534646+00:00,2.2584874
2025-08-15 23:12:43.212238+00:00,2.258487
2025-08-15 23:12:55.684811+00:00,2.2584871
2025-08-15 23:13:08.868581+00:00,2.2584872
2025-08-15 23:13:21.854537+00:00,2.2584866
2025-08-15 23:13:35.119076+00:00,2.2584872
2025-08-15 23:13:48.585066+00:00,2.2584861
2025-08-15 23:14:02.013580+00:00,2.2584879
2025-08-15 23:14:14.676777+00:00,2.2584879
2025-08-15 23:14:27.721422+00:00,2.2584877
2025-08-15 23:14:40.444459+00:00,2.2584865
2025-08-15 23:14:55.443375+00:00,2.2584878
2025-08-15 23:15:07.853137+00:00,2.2584876
2025-08-15 23:15:19.965118+00:00,2.2584864
2025-08-15 23:15:33.393380+00:00,2.2584877
2025-08-15 23:15:45.385876+00:00,2.2584873
2025-08-15 23:15:58.062002+00:00,2.2584877
2025-08-15 23:16:11.600029+00:00,2.2584878
2025-08-15 23:16:24.876553+00:00,2.2584866
2025-08-15 23:16:36.633738+00:00,2.258487
2025-08-15 23:16:49.465484+00:00,2.2584872
2025-08-15 23:17:14.488865+00:00,2.2584881
2025-08-15 23:17:27.383695+00:00,2.2584868
2025-08-15 23:17:40.125619+00:00,2.2584872
2025-08-15 23:17:52.876853+00:00,2.2584872
2025-08-15 23:18:07.224764+00:00,2.2584867
2025-08-15 23:18:18.761455+00:00,2.2584874
2025-08-15 23:18:31.765658+00:00,2.258487
2025-08-15 23:18:56.731499+00:00,2.258487
2025-08-15 23:19:10.681221+00:00,2.2584876
2025-08-15 23:19:22.353894+00:00,2.2584873
2025-08-15 23:19:35.023841+00:00,2.2584874
2025-08-15 23:19:51.386022+00:00,2.2584877
2025-08-15 23:20:02.348432+00:00,2.2584873
2025-08-15 23:20:13.725771+00:00,2.2584873
2025-08-15 23:20:27.529027+00:00,2.2584864
2025-08-15 23:20:39.977893+00:00,2.2584872
2025-08-15 23:20:53.478179+00:00,2.2584868
2025-08-15 23:21:10.711272+00:00,2.2584878
2025-08-15 23:21:19.488892+00:00,2.2584872
2025-08-15 23:21:32.660752+00:00,2.2584871
2025-08-15 23:21:45.672698+00:00,2.2584876
2025-08-15 23:21:59.635278+00:00,2.2584881
2025-08-15 23:22:12.659544+00:00,2.2584873
2025-08-15 23:22:24.512253+00:00,2.2584861
2025-08-15 23:22:37.021236+00:00,2.2584867
2025-08-15 23:22:50.173871+00:00,2.2584867
2025-08-15 23:23:03.187458+00:00,2.2584872
2025-08-15 23:23:19.034075+00:00,2.2584877
2025-08-15 23:23:30.469187+00:00,2.2584873
2025-08-15 23:23:41.675702+00:00,2.2584879
2025-08-15 23:23:54.358807+00:00,2.2584874
2025-08-15 23:24:07.372713+00:00,2.2584873
2025-08-15 23:24:32.689207+00:00,2.2584877
2025-08-15 23:24:44.907889+00:00,2.2584871
2025-08-15 23:24:58.372946+00:00,2.2584871
2025-08-15 23:25:11.011168+00:00,2.2584872
2025-08-15 23:25:23.463135+00:00,2.2584875
2025-08-15 23:25:36.461128+00:00,2.2584873
2025-08-15 23:25:48.987285+00:00,2.2584871
2025-08-15 23:26:02.387531+00:00,2.2584872
2025-08-15 23:26:14.725333+00:00,2.258487
2025-08-15 23:26:27.521395+00:00,2.2584883
2025-08-15 23:26:39.981036+00:00,2.2584871
2025-08-15 23:26:53.378704+00:00,2.2584875
2025-08-15 23:27:11.371722+00:00,2.2584873
2025-08-15 23:27:18.846186+00:00,2.2584872
2025-08-15 23:27:31.350923+00:00,2.2584874
2025-08-15 23:27:43.844542+00:00,2.258487
2025-08-15 23:27:56.669517+00:00,2.2584878
2025-08-15 23:28:22.994284+00:00,2.2584871
2025-08-15 23:28:36.076419+00:00,2.2584867
2025-08-15 23:28:48.969808+00:00,2.2584863
2025-08-15 23:29:02.592794+00:00,2.2584874
2025-08-15 23:29:15.357892+00:00,2.2584858
2025-08-15 23:29:28.776306+00:00,2.2584876
2025-08-15 23:29:41.576863+00:00,2.2584864
2025-08-15 23:29:54.812105+00:00,2.2584875
2025-08-15 23:30:08.333233+00:00,2.2584869
2025-08-15 23:30:22.772969+00:00,2.2584866
2025-08-15 23:30:33.996787+00:00,2.258488
2025-08-15 23:30:50.625407+00:00,2.2584879
2025-08-15 23:31:00.177472+00:00,2.2584872
2025-08-15 23:31:13.515594+00:00,2.2584873
2025-08-15 23:31:26.705296+00:00,2.2584868
2025-08-15 23:31:37.872833+00:00,2.2584867
2025-08-15 23:31:50.658840+00:00,2.258486
2025-08-15 23:32:03.970412+00:00,2.2584877
2025-08-15 23:32:16.318813+00:00,2.258488
2025-08-15 23:32:28.938708+00:00,2.2584874
2025-08-15 23:32:41.477261+00:00,2.2584875
2025-08-15 23:32:54.486832+00:00,2.2584872
2025-08-15 23:33:07.556211+00:00,2.2584876
2025-08-15 23:33:20.222654+00:00,2.2584872
2025-08-15 23:33:32.980078+00:00,2.2584876
2025-08-15 23:34:23.845741+00:00,2.2584876
2025-08-15 23:34:37.413086+00:00,2.2584863
2025-08-15 23:34:52.075585+00:00,2.258488
2025-08-15 23:35:02.224324+00:00,2.258487
2025-08-15 23:35:19.899328+00:00,2.2584879
2025-08-15 23:35:28.696275+00:00,2.258487
2025-08-15 23:35:54.696540+00:00,2.2584876
2025-08-15 23:36:08.125072+00:00,2.2584873
2025-08-15 23:36:22.312659+00:00,2.2584876
2025-08-15 23:36:33.692268+00:00,2.2584875
2025-08-15 23:36:48.224822+00:00,2.2584869
2025-08-15 23:36:59.457493+00:00,2.2584879
2025-08-15 23:37:13.293509+00:00,2.2584869
2025-08-15 23:37:25.425205+00:00,2.2584868
2025-08-15 23:37:38.118444+00:00,2.2584874
2025-08-15 23:37:51.052834+00:00,2.258487
2025-08-15 23:38:04.434853+00:00,2.2584869
2025-08-15 23:38:17.162733+00:00,2.2584874
2025-08-15 23:38:30.181036+00:00,2.2584879
2025-08-15 23:38:42.924471+00:00,2.2584876
2025-08-15 23:38:55.729847+00:00,2.258488
2025-08-15 23:39:11.280427+00:00,2.2584872
2025-08-15 23:39:20.841350+00:00,2.2584875
2025-08-15 23:39:33.518652+00:00,2.2584876
2025-08-15 23:39:46.448346+00:00,2.2584864
2025-08-15 23:40:12.126799+00:00,2.2584875
2025-08-15 23:40:24.644783+00:00,2.2584869
2025-08-15 23:40:37.345391+00:00,2.2584879
2025-08-15 23:41:03.167077+00:00,2.2584873
2025-08-15 23:41:16.027849+00:00,2.2584869
2025-08-15 23:41:28.546063+00:00,2.2584875
2025-08-15 23:41:41.172035+00:00,2.2584871
2025-08-15 23:42:06.623283+00:00,2.2584869
2025-08-15 23:42:19.499910+00:00,2.2584871
2025-08-15 23:42:32.738761+00:00,2.2584871
2025-08-15 23:42:58.247195+00:00,2.2584872
2025-08-15 23:43:11.917757+00:00,2.2584863
2025-08-15 23:43:27.202770+00:00,2.2584864
2025-08-15 23:43:39.628573+00:00,2.2584878
2025-08-15 23:43:50.598628+00:00,2.2584868
2025-08-15 23:44:03.613695+00:00,2.2584879
2025-08-15 23:44:16.617210+00:00,2.2584877
2025-08-15 23:44:29.468127+00:00,2.2584867
2025-08-15 23:44:48.743336+00:00,2.2584881
2025-08-15 23:44:55.796892+00:00,2.2584864
2025-08-15 23:45:09.135525+00:00,2.2584869
2025-08-15 23:45:22.714232+00:00,2.2584874
2025-08-15 23:45:35.049129+00:00,2.2584867
2025-08-15 23:45:48.259133+00:00,2.2584864
2025-08-15 23:46:13.741294+00:00,2.2584881
2025-08-15 23:46:26.650222+00:00,2.2584866
2025-08-15 23:46:39.792393+00:00,2.2584867
2025-08-15 23:46:52.543770+00:00,2.2584876
2025-08-15 23:47:06.600889+00:00,2.2584872
2025-08-15 23:47:18.439053+00:00,2.2584872
2025-08-15 23:47:30.524223+00:00,2.2584875
2025-08-15 23:47:43.095107+00:00,2.2584879
2025-08-15 23:47:55.973460+00:00,2.258487
2025-08-15 23:48:21.115693+00:00,2.2584869
2025-08-15 23:48:35.136537+00:00,2.2584873
2025-08-15 23:48:46.805477+00:00,2.2584876
2025-08-15 23:48:59.698720+00:00,2.2584858
2025-08-15 23:49:13.865908+00:00,2.2584879
2025-08-15 23:49:25.951036+00:00,2.2584872
2025-08-15 23:49:38.945996+00:00,2.2584874
2025-08-15 23:49:50.569149+00:00,2.2584882
2025-08-15 23:50:41.445138+00:00,2.2584873
2025-08-15 23:50:54.237047+00:00,2.2584869
2025-08-15 23:51:07.117766+00:00,2.2584865
2025-08-15 23:51:20.418306+00:00,2.2584879
2025-08-15 23:51:33.793876+00:00,2.2584872
2025-08-15 23:51:46.433304+00:00,2.2584882
2025-08-15 23:51:59.274328+00:00,2.2584865
2025-08-15 23:52:12.144433+00:00,2.2584871
2025-08-15 23:52:25.368986+00:00,2.2584861
2025-08-15 23:52:38.551421+00:00,2.2584863
2025-08-15 23:52:51.911870+00:00,2.2584866
2025-08-15 23:53:06.107466+00:00,2.2584878
2025-08-15 23:53:17.931805+00:00,2.2584864
2025-08-15 23:53:31.660104+00:00,2.2584874
2025-08-15 23:53:43.593037+00:00,2.2584874
2025-08-15 23:53:56.751780+00:00,2.2584871
2025-08-15 23:54:10.214767+00:00,2.2584876
2025-08-15 23:54:22.910445+00:00,2.2584867
2025-08-15 23:54:35.631826+00:00,2.2584869
2025-08-15 23:54:54.399148+00:00,2.258487
2025-08-15 23:55:01.400493+00:00,2.2584863
2025-08-15 23:55:15.069186+00:00,2.2584873
2025-08-15 23:55:28.440980+00:00,2.2584873
2025-08-15 23:55:52.226333+00:00,2.2584866
2025-08-15 23:56:05.477437+00:00,2.2584877
2025-08-15 23:56:18.446211+00:00,2.2584878
2025-08-15 23:56:55.373849+00:00,2.2584879
2025-08-15 23:57:09.102179+00:00,2.2584872
2025-08-15 23:57:20.900376+00:00,2.2584881
2025-08-15 23:57:59.228675+00:00,2.2584879
2025-08-15 23:58:11.894208+00:00,2.2584874
2025-08-15 23:58:24.946726+00:00,2.2584873
2025-08-15 23:58:39.374780+00:00,2.2584862
2025-08-15 23:58:50.133445+00:00,2.2584879
2025-08-15 23:59:03.516154+00:00,2.2584878
2025-08-15 23:59:16.381924+00:00,2.2584872
2025-08-15 23:59:42.049457+00:00,2.2584876
