time,counts_ratio
2025-06-24 07:05:05.667004+00:00,2.2584867
2025-06-24 07:15:38.738374+00:00,2.2584879
2025-06-24 07:16:30.207743+00:00,2.258488
2025-06-24 07:17:20.929801+00:00,2.2584878
2025-06-24 07:17:33.599917+00:00,2.258488
2025-06-24 07:18:36.911648+00:00,2.2584879
2025-06-24 07:18:49.261724+00:00,2.2584869
2025-06-24 07:19:27.136409+00:00,2.2584877
2025-06-24 07:20:04.962421+00:00,2.2584881
2025-06-24 07:21:57.765321+00:00,2.2584879
2025-06-24 07:23:13.501114+00:00,2.2584869
2025-06-24 07:24:41.655517+00:00,2.2584874
2025-06-24 07:25:43.923193+00:00,2.2584881
2025-06-24 07:26:10.397091+00:00,2.2584883
2025-06-24 07:27:25.219348+00:00,2.2584884
2025-06-24 07:29:34.680919+00:00,2.2584873
2025-06-24 07:29:46.572413+00:00,2.2584884
2025-06-24 07:30:11.986882+00:00,2.2584882
2025-06-24 07:30:36.730871+00:00,2.2584877
2025-06-24 07:30:49.382861+00:00,2.2584882
2025-06-24 07:31:05.698786+00:00,2.2584877
2025-06-24 07:32:04.207135+00:00,2.258488
2025-06-24 07:33:32.293922+00:00,2.2584883
2025-06-24 07:34:49.773503+00:00,2.2584878
2025-06-24 07:35:24.249411+00:00,2.2584876
2025-06-24 07:35:49.538681+00:00,2.2584875
2025-06-24 07:36:51.839441+00:00,2.2584875
2025-06-24 07:37:04.842523+00:00,2.2584874
2025-06-24 07:37:42.100060+00:00,2.2584879
2025-06-24 07:38:07.546941+00:00,2.2584881
2025-06-24 07:39:24.206288+00:00,2.2584881
2025-06-24 07:39:58.189291+00:00,2.2584882
2025-06-24 07:40:15.635837+00:00,2.2584884
2025-06-24 07:40:29.312696+00:00,2.2584882
2025-06-24 07:41:39.060812+00:00,2.2584881
2025-06-24 07:41:57.053471+00:00,2.258488
2025-06-24 07:42:22.028689+00:00,2.2584878
2025-06-24 07:42:34.349100+00:00,2.2584881
2025-06-24 07:43:52.887180+00:00,2.2584879
2025-06-24 07:44:35.074110+00:00,2.2584881
2025-06-24 07:44:39.512329+00:00,2.2584881
2025-06-24 07:45:04.836459+00:00,2.2584882
2025-06-24 07:45:17.564462+00:00,2.2584884
2025-06-24 07:45:30.029476+00:00,2.2584883
2025-06-24 07:45:42.652494+00:00,2.2584883
2025-06-24 07:45:54.939136+00:00,2.258488
2025-06-24 07:47:10.500246+00:00,2.2584881
2025-06-24 07:47:23.044083+00:00,2.2584878
2025-06-24 07:47:35.647671+00:00,2.2584883
2025-06-24 07:47:49.521229+00:00,2.2584884
2025-06-24 07:48:25.797118+00:00,2.258488
2025-06-24 07:48:38.611786+00:00,2.2584883
2025-06-24 07:49:16.880939+00:00,2.2584877
2025-06-24 07:49:42.646876+00:00,2.2584866
2025-06-24 07:49:55.462415+00:00,2.2584874
2025-06-24 07:50:10.612954+00:00,2.2584881
2025-06-24 07:50:34.579009+00:00,2.2584881
2025-06-24 07:50:47.036596+00:00,2.2584882
2025-06-24 07:50:59.432992+00:00,2.2584884
2025-06-24 07:51:12.408212+00:00,2.2584881
2025-06-24 07:51:24.749013+00:00,2.2584877
2025-06-24 07:51:38.222462+00:00,2.2584876
2025-06-24 07:51:50.606304+00:00,2.2584876
2025-06-24 07:52:04.052424+00:00,2.2584884
2025-06-24 07:52:16.409415+00:00,2.2584879
2025-06-24 07:52:41.536376+00:00,2.2584884
2025-06-24 07:53:32.158397+00:00,2.2584879
2025-06-24 07:53:44.038750+00:00,2.2584882
2025-06-24 07:53:56.463064+00:00,2.2584874
2025-06-24 07:54:09.515021+00:00,2.2584873
2025-06-24 07:54:47.006198+00:00,2.2584876
2025-06-24 07:55:24.636252+00:00,2.2584881
2025-06-24 07:55:37.096540+00:00,2.2584879
2025-06-24 07:55:50.230322+00:00,2.2584881
2025-06-24 07:56:02.001509+00:00,2.2584881
2025-06-24 07:56:14.240511+00:00,2.2584879
2025-06-24 07:56:27.064561+00:00,2.2584884
2025-06-24 07:56:40.178986+00:00,2.258488
2025-06-24 07:57:30.159581+00:00,2.2584875
2025-06-24 07:57:42.912702+00:00,2.2584879
2025-06-24 07:57:55.242170+00:00,2.258488
2025-06-24 07:58:33.277243+00:00,2.2584881
2025-06-24 07:59:23.035460+00:00,2.2584883
2025-06-24 07:59:48.715215+00:00,2.2584883
2025-06-24 08:00:01.476364+00:00,2.258488
2025-06-24 08:00:14.440357+00:00,2.2584883
2025-06-24 08:00:38.593115+00:00,2.2584881
2025-06-24 08:01:18.107997+00:00,2.2584883
2025-06-24 08:01:30.901731+00:00,2.2584883
2025-06-24 08:01:43.162560+00:00,2.2584883
2025-06-24 08:02:08.984411+00:00,2.2584882
2025-06-24 08:02:34.676222+00:00,2.2584884
2025-06-24 08:02:47.188597+00:00,2.2584881
2025-06-24 08:02:59.792198+00:00,2.2584878
2025-06-24 08:03:12.697460+00:00,2.258488
2025-06-24 08:03:24.958023+00:00,2.258488
2025-06-24 08:03:50.517044+00:00,2.2584879
2025-06-24 08:04:09.640152+00:00,2.2584884
2025-06-24 08:04:53.587355+00:00,2.2584884
2025-06-24 08:05:18.186339+00:00,2.2584882
2025-06-24 08:05:30.838116+00:00,2.2584873
2025-06-24 08:05:55.756478+00:00,2.2584883
2025-06-24 08:06:11.732549+00:00,2.258488
2025-06-24 08:06:20.848409+00:00,2.2584873
2025-06-24 08:06:58.762309+00:00,2.258488
2025-06-24 08:07:24.056727+00:00,2.2584883
2025-06-24 08:07:36.540364+00:00,2.258488
2025-06-24 08:07:49.690217+00:00,2.2584878
2025-06-24 08:08:01.985802+00:00,2.2584873
2025-06-24 08:08:14.410519+00:00,2.258488
2025-06-24 08:08:26.928343+00:00,2.2584882
2025-06-24 08:09:05.344176+00:00,2.2584873
2025-06-24 08:09:18.560229+00:00,2.2584879
2025-06-24 08:09:36.069438+00:00,2.2584879
2025-06-24 08:09:44.110337+00:00,2.2584878
2025-06-24 08:10:33.108383+00:00,2.2584875
2025-06-24 08:10:46.341632+00:00,2.2584884
2025-06-24 08:10:59.323553+00:00,2.2584882
2025-06-24 08:11:24.104421+00:00,2.258488
2025-06-24 08:11:37.645731+00:00,2.2584881
2025-06-24 08:11:53.867664+00:00,2.258488
2025-06-24 08:12:03.237891+00:00,2.2584883
2025-06-24 08:12:15.897424+00:00,2.2584879
2025-06-24 08:12:28.024546+00:00,2.2584877
2025-06-24 08:12:53.461785+00:00,2.2584882
2025-06-24 08:13:06.266562+00:00,2.258488
2025-06-24 08:13:18.982657+00:00,2.258488
2025-06-24 08:13:31.589778+00:00,2.2584882
2025-06-24 08:13:43.913491+00:00,2.2584881
2025-06-24 08:14:21.878489+00:00,2.2584876
2025-06-24 08:14:34.501723+00:00,2.2584878
2025-06-24 08:14:47.436271+00:00,2.2584882
2025-06-24 08:14:59.572444+00:00,2.2584876
2025-06-24 08:15:12.269140+00:00,2.258488
2025-06-24 08:16:03.273429+00:00,2.258488
2025-06-24 08:16:14.758052+00:00,2.2584881
2025-06-24 08:17:15.085740+00:00,2.258488
2025-06-24 08:17:42.507945+00:00,2.2584876
2025-06-24 08:17:56.149451+00:00,2.2584883
2025-06-24 08:18:08.820134+00:00,2.258488
2025-06-24 08:18:21.518171+00:00,2.258488
2025-06-24 08:20:09.411018+00:00,2.2584884
2025-06-24 08:20:13.949820+00:00,2.2584881
2025-06-24 08:20:26.486391+00:00,2.2584881
2025-06-24 08:21:04.212833+00:00,2.2584882
2025-06-24 08:21:16.766042+00:00,2.2584879
2025-06-24 08:22:17.238316+00:00,2.2584877
2025-06-24 08:22:20.286372+00:00,2.2584882
2025-06-24 08:22:46.479651+00:00,2.2584884
2025-06-24 08:23:00.204474+00:00,2.2584879
2025-06-24 08:23:23.995908+00:00,2.2584877
2025-06-24 08:23:36.971096+00:00,2.2584879
2025-06-24 08:23:53.045302+00:00,2.258488
2025-06-24 08:24:03.777776+00:00,2.2584876
2025-06-24 08:24:15.079422+00:00,2.2584875
2025-06-24 08:24:52.658202+00:00,2.2584884
2025-06-24 08:25:18.277354+00:00,2.258488
2025-06-24 08:25:32.588817+00:00,2.2584877
2025-06-24 08:25:42.893083+00:00,2.258488
2025-06-24 08:26:08.651127+00:00,2.2584877
2025-06-24 08:27:46.506925+00:00,2.2584879
2025-06-24 08:27:48.696203+00:00,2.2584879
2025-06-24 08:28:38.662681+00:00,2.258488
2025-06-24 08:28:51.121119+00:00,2.2584883
2025-06-24 08:29:04.326806+00:00,2.2584881
2025-06-24 08:29:16.455048+00:00,2.2584881
2025-06-24 08:29:41.624276+00:00,2.258488
2025-06-24 08:30:06.714583+00:00,2.2584883
2025-06-24 08:30:19.373397+00:00,2.2584884
2025-06-24 08:30:32.166122+00:00,2.2584875
2025-06-24 08:30:44.633815+00:00,2.2584882
2025-06-24 08:31:11.984324+00:00,2.2584884
2025-06-24 08:31:21.939568+00:00,2.2584881
2025-06-24 08:31:34.389262+00:00,2.2584884
2025-06-24 08:31:50.285573+00:00,2.2584874
2025-06-24 08:32:24.655719+00:00,2.2584881
2025-06-24 08:32:37.014940+00:00,2.2584878
2025-06-24 08:33:15.487485+00:00,2.2584882
2025-06-24 08:33:27.891139+00:00,2.2584882
2025-06-24 08:33:59.150928+00:00,2.2584882
2025-06-24 08:34:19.362518+00:00,2.2584878
2025-06-24 08:34:32.463937+00:00,2.2584876
2025-06-24 08:34:58.709783+00:00,2.2584881
2025-06-24 08:35:10.337552+00:00,2.2584881
2025-06-24 08:35:35.671671+00:00,2.2584877
2025-06-24 08:35:48.386723+00:00,2.2584878
2025-06-24 08:36:01.370111+00:00,2.2584878
2025-06-24 08:36:36.575686+00:00,2.2584883
2025-06-24 08:36:51.980183+00:00,2.2584877
2025-06-24 08:37:16.769171+00:00,2.2584883
2025-06-24 08:37:28.725736+00:00,2.2584882
2025-06-24 08:37:53.480657+00:00,2.2584883
2025-06-24 08:38:07.147011+00:00,2.258488
2025-06-24 08:38:18.771488+00:00,2.2584881
2025-06-24 08:38:32.174156+00:00,2.2584883
2025-06-24 08:39:22.480269+00:00,2.2584884
2025-06-24 08:39:59.295808+00:00,2.2584883
2025-06-24 08:40:12.624271+00:00,2.2584877
2025-06-24 08:40:24.904214+00:00,2.2584879
2025-06-24 08:40:37.730685+00:00,2.2584882
2025-06-24 08:40:50.047634+00:00,2.2584882
2025-06-24 08:41:02.688378+00:00,2.2584879
2025-06-24 08:41:40.136933+00:00,2.2584879
2025-06-24 08:42:06.868955+00:00,2.2584883
2025-06-24 08:42:32.154121+00:00,2.258488
2025-06-24 08:42:44.019881+00:00,2.2584883
2025-06-24 08:43:08.176807+00:00,2.2584879
2025-06-24 08:43:46.642792+00:00,2.2584884
2025-06-24 08:44:02.050339+00:00,2.2584878
2025-06-24 08:44:37.486227+00:00,2.2584879
2025-06-24 08:45:03.085683+00:00,2.2584879
2025-06-24 08:45:41.240110+00:00,2.2584876
2025-06-24 08:45:54.615428+00:00,2.2584882
2025-06-24 08:46:07.318847+00:00,2.2584883
2025-06-24 08:46:33.474170+00:00,2.2584877
2025-06-24 08:46:44.079507+00:00,2.2584878
2025-06-24 08:47:47.954249+00:00,2.2584878
2025-06-24 08:48:36.279087+00:00,2.2584879
2025-06-24 08:48:48.922223+00:00,2.2584879
2025-06-24 08:49:02.124574+00:00,2.2584877
2025-06-24 08:49:19.652036+00:00,2.2584875
2025-06-24 08:49:41.657555+00:00,2.2584878
2025-06-24 08:49:51.810213+00:00,2.2584881
2025-06-24 08:50:05.333240+00:00,2.2584879
2025-06-24 08:50:17.994176+00:00,2.2584879
2025-06-24 08:50:42.186497+00:00,2.2584882
2025-06-24 08:50:54.943428+00:00,2.258488
2025-06-24 08:51:11.135566+00:00,2.2584882
2025-06-24 08:51:20.643182+00:00,2.2584882
2025-06-24 08:51:34.066232+00:00,2.2584883
2025-06-24 08:51:45.475674+00:00,2.2584882
2025-06-24 08:51:57.774536+00:00,2.2584881
2025-06-24 08:52:10.486654+00:00,2.2584883
2025-06-24 08:52:22.849811+00:00,2.2584882
2025-06-24 08:52:35.251701+00:00,2.2584879
2025-06-24 08:53:01.279846+00:00,2.2584878
2025-06-24 08:53:14.778342+00:00,2.2584879
2025-06-24 08:53:43.452207+00:00,2.2584879
2025-06-24 08:53:52.642724+00:00,2.2584873
2025-06-24 08:54:03.636630+00:00,2.2584878
2025-06-24 08:54:16.649104+00:00,2.2584877
2025-06-24 08:54:34.064100+00:00,2.2584878
2025-06-24 08:55:07.638835+00:00,2.2584878
2025-06-24 08:55:20.507670+00:00,2.2584877
2025-06-24 08:55:33.572644+00:00,2.258488
2025-06-24 08:55:46.947783+00:00,2.2584879
2025-06-24 08:56:23.962827+00:00,2.2584877
2025-06-24 08:56:36.661500+00:00,2.2584884
2025-06-24 08:56:50.646215+00:00,2.2584875
2025-06-24 08:57:01.901927+00:00,2.2584881
2025-06-24 08:57:27.094484+00:00,2.2584883
2025-06-24 08:57:39.610974+00:00,2.2584877
2025-06-24 08:57:52.311454+00:00,2.2584883
2025-06-24 08:58:05.387046+00:00,2.2584879
2025-06-24 08:58:18.704153+00:00,2.2584881
2025-06-24 08:58:31.229920+00:00,2.2584872
2025-06-24 08:58:42.426703+00:00,2.2584879
2025-06-24 08:59:33.217345+00:00,2.258488
2025-06-24 08:59:44.691841+00:00,2.2584881
2025-06-24 09:00:40.814547+00:00,2.2584881
2025-06-24 09:00:50.944823+00:00,2.2584877
2025-06-24 09:01:24.794467+00:00,2.258488
2025-06-24 09:01:37.529577+00:00,2.2584881
2025-06-24 09:02:20.420214+00:00,2.2584882
2025-06-24 09:02:27.706468+00:00,2.2584877
2025-06-24 09:02:40.315441+00:00,2.2584882
2025-06-24 09:02:53.712591+00:00,2.2584878
2025-06-24 09:03:19.762978+00:00,2.2584878
2025-06-24 09:03:44.487757+00:00,2.2584884
2025-06-24 09:03:55.529025+00:00,2.2584884
2025-06-24 09:04:45.962008+00:00,2.2584879
2025-06-24 09:05:24.244383+00:00,2.2584882
2025-06-24 09:05:37.116902+00:00,2.258488
2025-06-24 09:06:15.933550+00:00,2.2584878
2025-06-24 09:06:40.733655+00:00,2.2584877
2025-06-24 09:07:06.693205+00:00,2.2584881
2025-06-24 09:07:18.801988+00:00,2.2584882
2025-06-24 09:07:44.378709+00:00,2.2584883
2025-06-24 09:07:56.804351+00:00,2.2584876
2025-06-24 09:08:10.247739+00:00,2.2584879
2025-06-24 09:08:22.023393+00:00,2.2584877
2025-06-24 09:08:34.896408+00:00,2.2584875
2025-06-24 09:08:47.441123+00:00,2.258488
2025-06-24 09:09:27.052216+00:00,2.2584877
2025-06-24 09:09:49.807249+00:00,2.2584884
2025-06-24 09:10:09.236050+00:00,2.2584879
2025-06-24 09:10:33.159436+00:00,2.2584878
2025-06-24 09:10:42.599259+00:00,2.2584874
2025-06-24 09:10:52.210280+00:00,2.2584882
2025-06-24 09:11:05.237988+00:00,2.2584884
2025-06-24 09:11:31.651959+00:00,2.2584884
2025-06-24 09:12:58.365051+00:00,2.2584875
2025-06-24 09:13:10.050656+00:00,2.258488
2025-06-24 09:13:22.545504+00:00,2.2584882
2025-06-24 09:13:34.792768+00:00,2.2584884
2025-06-24 09:13:47.688630+00:00,2.2584882
2025-06-24 09:14:12.599749+00:00,2.2584879
2025-06-24 09:14:25.133652+00:00,2.2584884
2025-06-24 09:14:49.969744+00:00,2.2584872
2025-06-24 09:15:02.328177+00:00,2.2584882
2025-06-24 09:15:15.360336+00:00,2.2584883
2025-06-24 09:15:27.907581+00:00,2.2584881
2025-06-24 09:16:05.529928+00:00,2.2584884
2025-06-24 09:16:19.574415+00:00,2.2584882
2025-06-24 09:16:35.214351+00:00,2.2584878
2025-06-24 09:16:43.721962+00:00,2.2584883
2025-06-24 09:16:56.756209+00:00,2.2584879
2025-06-24 09:17:09.217120+00:00,2.2584879
2025-06-24 09:17:22.096506+00:00,2.2584883
2025-06-24 09:17:34.595638+00:00,2.2584879
2025-06-24 09:17:47.342465+00:00,2.258488
2025-06-24 09:18:00.841899+00:00,2.2584883
2025-06-24 09:18:25.511325+00:00,2.2584882
2025-06-24 09:18:38.150564+00:00,2.2584881
2025-06-24 09:18:50.671451+00:00,2.2584881
2025-06-24 09:19:03.588526+00:00,2.2584875
2025-06-24 09:19:15.777480+00:00,2.2584884
2025-06-24 09:19:28.331986+00:00,2.2584879
2025-06-24 09:19:46.302133+00:00,2.2584877
2025-06-24 09:19:53.634817+00:00,2.2584884
2025-06-24 09:20:18.647275+00:00,2.2584876
2025-06-24 09:20:31.124978+00:00,2.2584883
2025-06-24 09:20:43.548131+00:00,2.2584879
2025-06-24 09:20:55.818133+00:00,2.258488
2025-06-24 09:21:08.635916+00:00,2.2584881
2025-06-24 09:21:21.205918+00:00,2.258488
2025-06-24 09:21:39.285010+00:00,2.2584879
2025-06-24 09:21:46.722741+00:00,2.2584877
2025-06-24 09:23:51.926298+00:00,2.2584882
2025-06-24 09:24:04.552882+00:00,2.2584881
2025-06-24 09:24:17.457275+00:00,2.2584878
2025-06-24 09:24:42.519682+00:00,2.2584876
2025-06-24 09:24:54.839674+00:00,2.2584877
2025-06-24 09:25:07.523095+00:00,2.2584875
2025-06-24 09:25:20.081127+00:00,2.2584878
2025-06-24 09:25:33.137513+00:00,2.2584873
2025-06-24 09:25:44.841436+00:00,2.2584881
2025-06-24 09:25:57.368998+00:00,2.2584877
2025-06-24 09:26:10.395676+00:00,2.2584882
2025-06-24 09:26:22.853781+00:00,2.2584878
2025-06-24 09:26:35.918747+00:00,2.2584883
2025-06-24 09:27:14.910668+00:00,2.2584884
2025-06-24 09:27:28.973317+00:00,2.2584882
2025-06-24 09:27:39.872247+00:00,2.2584882
2025-06-24 09:27:51.992386+00:00,2.2584882
2025-06-24 09:28:17.958368+00:00,2.258488
2025-06-24 09:28:30.400870+00:00,2.2584883
2025-06-24 09:28:42.845564+00:00,2.2584879
2025-06-24 09:28:57.248429+00:00,2.2584883
2025-06-24 09:29:20.780539+00:00,2.2584883
2025-06-24 09:29:33.946953+00:00,2.2584879
2025-06-24 09:29:46.256536+00:00,2.2584877
2025-06-24 09:30:53.514007+00:00,2.2584884
2025-06-24 09:31:01.613861+00:00,2.258488
2025-06-24 09:31:13.987947+00:00,2.2584884
2025-06-24 09:31:38.700944+00:00,2.2584881
2025-06-24 09:31:51.248135+00:00,2.2584883
2025-06-24 09:32:34.602968+00:00,2.2584877
2025-06-24 09:32:59.052967+00:00,2.2584884
2025-06-24 09:33:19.612902+00:00,2.2584884
2025-06-24 09:35:00.122975+00:00,2.2584877
2025-06-24 09:35:17.908815+00:00,2.2584883
2025-06-24 09:36:03.046187+00:00,2.258488
2025-06-24 09:36:15.814455+00:00,2.2584882
2025-06-24 09:36:39.324882+00:00,2.2584879
2025-06-24 09:37:18.689811+00:00,2.2584876
2025-06-24 09:37:36.198551+00:00,2.2584882
2025-06-24 09:37:46.428082+00:00,2.2584882
2025-06-24 09:37:58.229194+00:00,2.2584881
2025-06-24 09:38:10.451294+00:00,2.2584881
2025-06-24 09:38:22.521734+00:00,2.2584882
2025-06-24 09:38:38.096312+00:00,2.2584883
2025-06-24 09:39:15.924315+00:00,2.2584879
2025-06-24 09:39:38.720222+00:00,2.2584873
2025-06-24 09:40:03.443622+00:00,2.2584872
2025-06-24 09:40:16.133088+00:00,2.2584872
2025-06-24 09:40:29.085439+00:00,2.2584883
2025-06-24 09:40:42.663819+00:00,2.2584882
2025-06-24 09:40:53.639452+00:00,2.2584883
2025-06-24 09:41:06.913218+00:00,2.2584876
2025-06-24 09:41:31.498508+00:00,2.2584881
2025-06-24 09:41:46.927056+00:00,2.258488
2025-06-24 09:42:09.031563+00:00,2.258488
2025-06-24 09:42:33.801893+00:00,2.258488
2025-06-24 09:42:47.088240+00:00,2.2584877
2025-06-24 09:42:59.099475+00:00,2.2584878
2025-06-24 09:43:11.671741+00:00,2.2584879
2025-06-24 09:43:24.226910+00:00,2.2584883
2025-06-24 09:43:53.789003+00:00,2.2584882
2025-06-24 09:44:03.001932+00:00,2.2584876
2025-06-24 09:44:27.515245+00:00,2.2584883
2025-06-24 09:44:52.317337+00:00,2.2584877
2025-06-24 09:45:05.858333+00:00,2.2584884
2025-06-24 09:45:21.032208+00:00,2.258488
2025-06-24 09:45:32.859481+00:00,2.2584882
2025-06-24 09:45:55.991475+00:00,2.258488
2025-06-24 09:46:08.041357+00:00,2.2584874
2025-06-24 09:46:20.380678+00:00,2.258488
2025-06-24 09:46:39.548165+00:00,2.2584879
2025-06-24 09:47:49.487566+00:00,2.2584883
2025-06-24 09:48:48.579695+00:00,2.2584878
2025-06-24 09:48:53.276908+00:00,2.258488
2025-06-24 09:49:19.028838+00:00,2.2584883
2025-06-24 09:49:43.836827+00:00,2.2584882
2025-06-24 09:49:56.815554+00:00,2.2584884
2025-06-24 09:50:09.726170+00:00,2.2584883
2025-06-24 09:50:35.597538+00:00,2.2584879
2025-06-24 09:50:47.960640+00:00,2.258488
2025-06-24 09:52:03.974866+00:00,2.2584881
2025-06-24 09:52:16.963806+00:00,2.2584879
2025-06-24 09:52:28.882680+00:00,2.258488
2025-06-24 09:52:41.196682+00:00,2.2584879
2025-06-24 09:53:12.755721+00:00,2.2584882
2025-06-24 09:53:19.130995+00:00,2.2584883
2025-06-24 09:53:31.538017+00:00,2.2584882
2025-06-24 09:53:44.114978+00:00,2.2584882
2025-06-24 09:54:09.655075+00:00,2.2584879
2025-06-24 09:54:47.232976+00:00,2.2584883
2025-06-24 09:54:59.247553+00:00,2.2584875
2025-06-24 09:55:49.668812+00:00,2.2584884
2025-06-24 09:56:02.572051+00:00,2.2584881
2025-06-24 09:56:14.969829+00:00,2.2584882
2025-06-24 09:56:27.312811+00:00,2.2584884
2025-06-24 09:56:40.195079+00:00,2.2584884
2025-06-24 09:56:52.699721+00:00,2.2584881
2025-06-24 09:57:05.382656+00:00,2.2584878
2025-06-24 09:57:18.100689+00:00,2.2584883
2025-06-24 09:57:30.925208+00:00,2.2584879
2025-06-24 09:57:55.899507+00:00,2.258488
2025-06-24 09:58:21.040929+00:00,2.2584877
2025-06-24 09:58:34.173118+00:00,2.2584879
2025-06-24 09:59:02.392232+00:00,2.2584883
2025-06-24 09:59:12.364305+00:00,2.2584881
2025-06-24 09:59:25.005666+00:00,2.2584879
2025-06-24 09:59:37.918815+00:00,2.2584878
2025-06-24 10:00:03.316837+00:00,2.2584883
2025-06-24 10:00:15.763885+00:00,2.2584883
2025-06-24 10:00:28.722304+00:00,2.2584882
2025-06-24 10:01:06.663742+00:00,2.258488
2025-06-24 10:01:32.352860+00:00,2.2584876
2025-06-24 10:01:44.069319+00:00,2.2584878
2025-06-24 10:02:36.594392+00:00,2.2584882
2025-06-24 10:02:46.462796+00:00,2.2584882
2025-06-24 10:03:24.712200+00:00,2.2584884
2025-06-24 10:03:37.118857+00:00,2.2584881
2025-06-24 10:03:49.236136+00:00,2.2584881
2025-06-24 10:04:02.175080+00:00,2.2584878
2025-06-24 10:04:14.434204+00:00,2.2584881
2025-06-24 10:04:26.836222+00:00,2.2584884
2025-06-24 10:04:39.274255+00:00,2.2584878
2025-06-24 10:05:02.500999+00:00,2.2584882
2025-06-24 10:05:55.844298+00:00,2.2584882
2025-06-24 10:06:07.921290+00:00,2.2584884
2025-06-24 10:06:32.495082+00:00,2.2584876
2025-06-24 10:06:57.044958+00:00,2.258488
2025-06-24 10:07:13.807041+00:00,2.2584883
2025-06-24 10:07:22.423815+00:00,2.2584882
2025-06-24 10:07:36.311479+00:00,2.2584878
2025-06-24 10:07:48.203076+00:00,2.2584884
2025-06-24 10:08:12.593116+00:00,2.2584881
2025-06-24 10:08:25.125468+00:00,2.2584883
2025-06-24 10:08:37.797453+00:00,2.2584883
2025-06-24 10:09:03.683896+00:00,2.2584878
2025-06-24 10:09:16.068712+00:00,2.2584878
2025-06-24 10:09:28.618715+00:00,2.2584881
2025-06-24 10:09:41.555435+00:00,2.2584881
2025-06-24 10:10:50.435694+00:00,2.2584881
2025-06-24 10:10:58.194932+00:00,2.2584882
2025-06-24 10:11:11.411140+00:00,2.2584879
2025-06-24 10:11:23.335210+00:00,2.2584881
2025-06-24 10:11:36.001973+00:00,2.258488
2025-06-24 10:11:51.495669+00:00,2.2584881
2025-06-24 10:12:48.914778+00:00,2.2584877
2025-06-24 10:14:19.685581+00:00,2.2584884
2025-06-24 10:14:32.417838+00:00,2.2584882
2025-06-24 10:14:44.678055+00:00,2.2584884
2025-06-24 10:14:57.328651+00:00,2.2584884
2025-06-24 10:15:10.641453+00:00,2.2584883
2025-06-24 10:15:35.710896+00:00,2.2584878
2025-06-24 10:15:48.393455+00:00,2.258488
2025-06-24 10:16:00.664842+00:00,2.2584881
2025-06-24 10:16:13.384834+00:00,2.2584882
2025-06-24 10:16:38.681973+00:00,2.2584884
2025-06-24 10:16:50.839928+00:00,2.2584881
2025-06-24 10:17:15.113912+00:00,2.2584879
2025-06-24 10:17:16.531596+00:00,2.2584884
2025-06-24 10:17:41.395178+00:00,2.2584882
2025-06-24 10:17:53.790399+00:00,2.2584882
2025-06-24 10:18:06.891559+00:00,2.2584884
2025-06-24 10:18:19.236369+00:00,2.2584876
2025-06-24 10:18:31.896227+00:00,2.258488
2025-06-24 10:18:56.459511+00:00,2.2584881
2025-06-24 10:19:09.585327+00:00,2.2584882
2025-06-24 10:19:34.278725+00:00,2.2584879
2025-06-24 10:19:47.526741+00:00,2.2584878
2025-06-24 10:20:00.124767+00:00,2.2584882
2025-06-24 10:20:12.908429+00:00,2.2584875
2025-06-24 10:20:25.916182+00:00,2.2584876
2025-06-24 10:20:38.825369+00:00,2.2584878
2025-06-24 10:20:51.483224+00:00,2.2584884
2025-06-24 10:21:17.474012+00:00,2.2584877
2025-06-24 10:21:29.470816+00:00,2.2584884
2025-06-24 10:21:42.359061+00:00,2.2584882
2025-06-24 10:21:54.899265+00:00,2.2584878
2025-06-24 10:22:07.484019+00:00,2.2584881
2025-06-24 10:22:33.065190+00:00,2.258488
2025-06-24 10:22:50.695030+00:00,2.2584873
2025-06-24 10:22:59.360095+00:00,2.2584883
2025-06-24 10:23:42.621796+00:00,2.2584883
2025-06-24 10:23:50.587756+00:00,2.2584876
2025-06-24 10:24:02.219336+00:00,2.2584879
2025-06-24 10:24:14.163709+00:00,2.2584877
2025-06-24 10:24:39.520143+00:00,2.2584879
2025-06-24 10:24:51.588028+00:00,2.2584883
2025-06-24 10:25:18.220599+00:00,2.258488
2025-06-24 10:25:30.436792+00:00,2.2584882
2025-06-24 10:25:42.017653+00:00,2.258488
2025-06-24 10:25:54.517935+00:00,2.2584879
2025-06-24 10:26:07.207082+00:00,2.2584878
2025-06-24 10:26:19.769306+00:00,2.2584879
2025-06-24 10:26:35.098772+00:00,2.258488
2025-06-24 10:26:57.478082+00:00,2.2584881
2025-06-24 10:27:10.136978+00:00,2.2584873
2025-06-24 10:27:22.438282+00:00,2.2584878
2025-06-24 10:27:34.998427+00:00,2.258488
2025-06-24 10:27:47.789526+00:00,2.2584883
2025-06-24 10:28:00.402330+00:00,2.2584881
2025-06-24 10:28:25.508969+00:00,2.2584877
2025-06-24 10:28:50.822501+00:00,2.2584884
2025-06-24 10:29:16.132475+00:00,2.2584884
2025-06-24 10:29:28.309324+00:00,2.2584881
2025-06-24 10:29:41.280061+00:00,2.2584877
2025-06-24 10:29:55.618170+00:00,2.2584883
2025-06-24 10:30:19.075309+00:00,2.2584883
2025-06-24 10:30:31.877153+00:00,2.2584877
2025-06-24 10:30:46.646484+00:00,2.2584882
2025-06-24 10:30:56.787401+00:00,2.2584881
2025-06-24 10:31:22.559026+00:00,2.2584873
2025-06-24 10:31:35.251277+00:00,2.2584876
2025-06-24 10:32:39.660129+00:00,2.2584882
2025-06-24 10:32:52.491751+00:00,2.258488
2025-06-24 10:33:17.974064+00:00,2.2584881
2025-06-24 10:33:30.754598+00:00,2.2584884
2025-06-24 10:33:43.035111+00:00,2.2584879
2025-06-24 10:33:55.709361+00:00,2.2584879
2025-06-24 10:34:22.003189+00:00,2.258488
2025-06-24 10:34:34.236621+00:00,2.2584881
2025-06-24 10:34:59.226655+00:00,2.2584883
2025-06-24 10:35:11.456556+00:00,2.2584879
2025-06-24 10:35:24.404038+00:00,2.2584884
2025-06-24 10:35:36.211002+00:00,2.2584882
2025-06-24 10:35:51.517481+00:00,2.2584884
2025-06-24 10:36:01.986953+00:00,2.2584878
2025-06-24 10:36:13.341234+00:00,2.258488
2025-06-24 10:36:25.924829+00:00,2.2584882
2025-06-24 10:36:38.759533+00:00,2.2584876
2025-06-24 10:37:22.337024+00:00,2.2584877
2025-06-24 10:38:03.516615+00:00,2.2584882
2025-06-24 10:38:06.324581+00:00,2.2584881
2025-06-24 10:39:13.596940+00:00,2.2584879
2025-06-24 10:39:47.480335+00:00,2.2584883
2025-06-24 10:39:59.161142+00:00,2.2584881
2025-06-24 10:40:16.389353+00:00,2.258488
2025-06-24 10:40:24.447178+00:00,2.2584881
2025-06-24 10:40:36.846814+00:00,2.2584878
2025-06-24 10:40:49.096212+00:00,2.2584884
2025-06-24 10:41:49.181405+00:00,2.258488
2025-06-24 10:42:19.605213+00:00,2.2584883
2025-06-24 10:42:36.300687+00:00,2.258488
2025-06-24 10:44:38.149289+00:00,2.2584883
2025-06-24 10:44:51.053726+00:00,2.2584884
2025-06-24 10:45:03.846931+00:00,2.2584884
2025-06-24 10:45:17.512858+00:00,2.2584882
2025-06-24 10:45:41.414486+00:00,2.2584881
2025-06-24 10:45:53.669058+00:00,2.2584881
2025-06-24 10:46:07.061321+00:00,2.2584878
2025-06-24 10:46:18.512281+00:00,2.2584879
2025-06-24 10:46:43.429185+00:00,2.2584884
2025-06-24 10:46:55.845051+00:00,2.2584884
2025-06-24 10:47:09.154838+00:00,2.258488
2025-06-24 10:47:21.648760+00:00,2.2584873
2025-06-24 10:47:33.855883+00:00,2.2584879
2025-06-24 10:47:46.782353+00:00,2.2584879
2025-06-24 10:48:00.659806+00:00,2.2584884
2025-06-24 10:48:36.838190+00:00,2.2584882
2025-06-24 10:50:05.531954+00:00,2.2584882
2025-06-24 10:50:18.082509+00:00,2.2584879
2025-06-24 10:50:42.699808+00:00,2.2584879
2025-06-24 10:51:20.469287+00:00,2.258488
2025-06-24 10:51:33.688455+00:00,2.2584882
2025-06-24 10:51:46.057312+00:00,2.2584882
2025-06-24 10:52:24.113284+00:00,2.2584879
2025-06-24 10:52:37.162464+00:00,2.2584882
2025-06-24 10:54:06.579663+00:00,2.2584883
2025-06-24 10:54:22.539715+00:00,2.2584879
2025-06-24 10:54:46.248020+00:00,2.2584883
2025-06-24 10:55:21.346445+00:00,2.2584882
2025-06-24 10:55:38.237356+00:00,2.2584881
2025-06-24 10:55:51.412581+00:00,2.258488
2025-06-24 10:56:12.777586+00:00,2.2584882
2025-06-24 10:56:37.536352+00:00,2.2584881
2025-06-24 10:56:50.903893+00:00,2.2584879
2025-06-24 10:57:15.397428+00:00,2.2584884
2025-06-24 10:57:44.758004+00:00,2.2584874
2025-06-24 10:58:20.642624+00:00,2.2584883
2025-06-24 10:58:30.834393+00:00,2.2584878
2025-06-24 10:58:43.097743+00:00,2.258488
2025-06-24 10:58:55.450213+00:00,2.2584883
2025-06-24 10:59:08.202684+00:00,2.2584882
2025-06-24 10:59:20.860572+00:00,2.2584883
2025-06-24 11:00:11.192035+00:00,2.258488
2025-06-24 11:00:23.802310+00:00,2.2584881
2025-06-24 11:00:37.315967+00:00,2.2584882
2025-06-24 11:00:48.824723+00:00,2.2584883
2025-06-24 11:01:13.376502+00:00,2.2584882
2025-06-24 11:01:50.787870+00:00,2.2584881
2025-06-24 11:02:04.034577+00:00,2.2584881
2025-06-24 11:02:16.548495+00:00,2.2584883
2025-06-24 11:02:29.120779+00:00,2.2584882
2025-06-24 11:02:42.371067+00:00,2.2584881
2025-06-24 11:02:54.557112+00:00,2.2584879
2025-06-24 11:05:07.940652+00:00,2.258488
2025-06-24 11:05:15.844130+00:00,2.2584881
2025-06-24 11:05:28.175393+00:00,2.2584883
2025-06-24 11:05:53.131459+00:00,2.2584883
2025-06-24 11:06:05.978027+00:00,2.2584882
2025-06-24 11:06:32.527426+00:00,2.2584876
2025-06-24 11:06:56.567545+00:00,2.2584881
2025-06-24 11:07:08.543985+00:00,2.2584878
2025-06-24 11:07:20.748031+00:00,2.2584875
2025-06-24 11:07:33.547570+00:00,2.2584879
2025-06-24 11:07:58.233133+00:00,2.2584877
2025-06-24 11:08:23.464436+00:00,2.2584884
2025-06-24 11:08:48.577659+00:00,2.2584879
2025-06-24 11:09:13.379943+00:00,2.2584878
2025-06-24 11:09:40.005376+00:00,2.258488
2025-06-24 11:10:16.470097+00:00,2.2584879
2025-06-24 11:10:28.903927+00:00,2.2584882
2025-06-24 11:10:53.707514+00:00,2.2584884
2025-06-24 11:11:06.461364+00:00,2.2584879
2025-06-24 11:11:18.894330+00:00,2.2584884
2025-06-24 11:11:31.683310+00:00,2.258488
2025-06-24 11:11:44.098060+00:00,2.2584881
2025-06-24 11:12:09.141766+00:00,2.258488
2025-06-24 11:12:21.451154+00:00,2.2584883
2025-06-24 11:12:46.935088+00:00,2.2584882
2025-06-24 11:12:59.322435+00:00,2.2584882
2025-06-24 11:13:11.690837+00:00,2.2584881
2025-06-24 11:13:49.209331+00:00,2.2584879
2025-06-24 11:14:02.313847+00:00,2.2584883
2025-06-24 11:14:14.425632+00:00,2.2584876
2025-06-24 11:14:27.010912+00:00,2.2584882
2025-06-24 11:14:39.632935+00:00,2.2584878
2025-06-24 11:15:05.193409+00:00,2.258488
2025-06-24 11:15:18.586346+00:00,2.258488
2025-06-24 11:15:43.553906+00:00,2.2584882
2025-06-24 11:15:56.473916+00:00,2.2584881
2025-06-24 11:16:09.238814+00:00,2.2584878
2025-06-24 11:16:21.549414+00:00,2.2584877
2025-06-24 11:16:34.830450+00:00,2.2584873
2025-06-24 11:17:05.308008+00:00,2.258488
2025-06-24 11:18:36.687773+00:00,2.2584881
2025-06-24 11:18:41.031930+00:00,2.2584877
2025-06-24 11:18:52.698890+00:00,2.2584879
2025-06-24 11:19:17.448302+00:00,2.2584875
2025-06-24 11:19:29.697430+00:00,2.2584884
2025-06-24 11:19:42.832165+00:00,2.258488
2025-06-24 11:20:08.184130+00:00,2.2584876
2025-06-24 11:20:36.042257+00:00,2.2584873
2025-06-24 11:20:46.951875+00:00,2.258488
2025-06-24 11:20:58.140705+00:00,2.2584879
2025-06-24 11:21:11.392318+00:00,2.2584883
2025-06-24 11:21:36.297246+00:00,2.2584882
2025-06-24 11:22:13.842027+00:00,2.2584882
2025-06-24 11:22:39.225802+00:00,2.2584876
2025-06-24 11:22:52.181187+00:00,2.2584881
2025-06-24 11:23:04.341506+00:00,2.2584883
2025-06-24 11:23:29.337545+00:00,2.258488
2025-06-24 11:23:42.824386+00:00,2.2584882
2025-06-24 11:23:54.591948+00:00,2.2584884
2025-06-24 11:24:45.460253+00:00,2.2584884
2025-06-24 11:24:58.125479+00:00,2.2584884
2025-06-24 11:25:17.925267+00:00,2.2584878
2025-06-24 11:25:24.078221+00:00,2.2584879
2025-06-24 11:25:37.659736+00:00,2.2584879
2025-06-24 11:25:50.546379+00:00,2.258488
2025-06-24 11:26:02.319751+00:00,2.2584876
2025-06-24 11:26:14.838757+00:00,2.2584883
2025-06-24 11:26:27.359560+00:00,2.2584878
2025-06-24 11:26:40.319436+00:00,2.2584879
2025-06-24 11:27:07.450419+00:00,2.2584879
2025-06-24 11:27:18.254479+00:00,2.2584883
2025-06-24 11:27:57.082497+00:00,2.2584881
2025-06-24 11:28:08.686427+00:00,2.2584882
2025-06-24 11:28:21.333774+00:00,2.2584877
2025-06-24 11:29:24.118668+00:00,2.2584881
2025-06-24 11:29:37.306038+00:00,2.2584878
2025-06-24 11:30:17.124891+00:00,2.2584884
2025-06-24 11:30:26.648190+00:00,2.2584881
2025-06-24 11:30:39.389408+00:00,2.2584883
2025-06-24 11:30:51.589210+00:00,2.2584877
2025-06-24 11:31:17.260656+00:00,2.2584881
2025-06-24 11:32:14.723729+00:00,2.2584882
2025-06-24 11:32:32.686461+00:00,2.2584884
2025-06-24 11:32:44.823519+00:00,2.2584882
2025-06-24 11:32:57.432714+00:00,2.2584882
2025-06-24 11:33:10.743574+00:00,2.2584883
2025-06-24 11:33:22.871919+00:00,2.2584881
2025-06-24 11:33:35.487733+00:00,2.258488
2025-06-24 11:33:48.301831+00:00,2.2584884
2025-06-24 11:34:01.288907+00:00,2.258488
2025-06-24 11:34:13.151084+00:00,2.2584879
2025-06-24 11:34:25.837644+00:00,2.2584882
2025-06-24 11:34:50.923174+00:00,2.2584877
2025-06-24 11:35:03.432261+00:00,2.2584881
2025-06-24 11:35:17.113221+00:00,2.2584883
2025-06-24 11:35:28.682734+00:00,2.2584883
2025-06-24 11:35:40.997062+00:00,2.2584881
2025-06-24 11:35:55.141266+00:00,2.2584882
2025-06-24 11:36:06.940509+00:00,2.2584882
2025-06-24 11:36:23.727398+00:00,2.258488
2025-06-24 11:36:32.383843+00:00,2.2584879
2025-06-24 11:36:44.987242+00:00,2.258488
2025-06-24 11:37:10.764030+00:00,2.2584881
2025-06-24 11:37:25.508065+00:00,2.2584881
2025-06-24 11:37:36.247309+00:00,2.2584879
2025-06-24 11:37:49.127303+00:00,2.2584879
2025-06-24 11:38:14.215230+00:00,2.2584881
2025-06-24 11:38:27.615720+00:00,2.2584881
2025-06-24 11:38:39.507917+00:00,2.2584876
2025-06-24 11:39:18.071491+00:00,2.2584883
2025-06-24 11:39:31.258890+00:00,2.258488
2025-06-24 11:39:42.855090+00:00,2.2584879
2025-06-24 11:40:09.739197+00:00,2.2584883
2025-06-24 11:40:35.126476+00:00,2.2584883
2025-06-24 11:40:44.651172+00:00,2.258488
2025-06-24 11:40:57.061765+00:00,2.2584881
2025-06-24 11:41:22.191015+00:00,2.2584881
2025-06-24 11:41:45.399587+00:00,2.258488
2025-06-24 11:42:24.989785+00:00,2.2584882
2025-06-24 11:42:37.881446+00:00,2.2584883
2025-06-24 11:42:50.804177+00:00,2.258488
2025-06-24 11:43:03.413472+00:00,2.2584883
2025-06-24 11:43:17.014461+00:00,2.2584881
2025-06-24 11:43:46.454835+00:00,2.2584882
2025-06-24 11:44:25.663193+00:00,2.2584883
2025-06-24 11:44:54.968866+00:00,2.2584879
2025-06-24 11:45:07.936859+00:00,2.2584883
2025-06-24 11:45:20.299655+00:00,2.2584884
2025-06-24 11:45:36.434418+00:00,2.2584879
2025-06-24 11:45:45.511880+00:00,2.258488
2025-06-24 11:45:57.912387+00:00,2.2584883
2025-06-24 11:46:36.673566+00:00,2.2584884
2025-06-24 11:46:49.892615+00:00,2.2584882
2025-06-24 11:47:02.148914+00:00,2.2584884
2025-06-24 11:47:26.908710+00:00,2.2584882
2025-06-24 11:47:45.098306+00:00,2.2584883
2025-06-24 11:47:52.546522+00:00,2.2584882
2025-06-24 11:48:05.372886+00:00,2.2584874
2025-06-24 11:48:35.437447+00:00,2.2584879
2025-06-24 11:48:43.125240+00:00,2.2584882
2025-06-24 11:48:55.513429+00:00,2.2584875
2025-06-24 11:49:09.321193+00:00,2.2584884
2025-06-24 11:49:33.604780+00:00,2.2584882
2025-06-24 11:49:47.332735+00:00,2.2584883
2025-06-24 11:49:58.409294+00:00,2.2584881
2025-06-24 11:50:13.254408+00:00,2.2584884
2025-06-24 11:50:23.463854+00:00,2.2584881
2025-06-24 11:50:36.379030+00:00,2.258488
2025-06-24 11:50:49.279716+00:00,2.2584878
2025-06-24 11:51:01.636249+00:00,2.2584884
2025-06-24 11:51:13.542697+00:00,2.258488
2025-06-24 11:51:26.310101+00:00,2.2584881
2025-06-24 11:51:39.055173+00:00,2.258488
2025-06-24 11:52:04.185615+00:00,2.2584881
2025-06-24 11:52:29.122463+00:00,2.258488
2025-06-24 11:52:41.923259+00:00,2.2584881
2025-06-24 11:53:10.512826+00:00,2.2584877
2025-06-24 11:53:33.829423+00:00,2.2584882
2025-06-24 11:54:10.407075+00:00,2.2584883
2025-06-24 11:54:35.136262+00:00,2.2584881
2025-06-24 11:55:09.328512+00:00,2.2584881
2025-06-24 11:55:12.974994+00:00,2.2584882
2025-06-24 11:55:25.589762+00:00,2.2584882
2025-06-24 11:55:38.295128+00:00,2.2584879
2025-06-24 11:55:50.382753+00:00,2.2584882
2025-06-24 11:56:07.773389+00:00,2.2584883
2025-06-24 11:56:15.412479+00:00,2.2584884
2025-06-24 11:56:28.092838+00:00,2.258488
2025-06-24 11:56:40.569345+00:00,2.2584878
2025-06-24 11:56:53.524967+00:00,2.2584879
2025-06-24 11:57:38.150741+00:00,2.2584882
2025-06-24 11:57:58.812276+00:00,2.2584877
2025-06-24 11:58:23.298748+00:00,2.2584882
2025-06-24 11:58:35.818480+00:00,2.2584878
2025-06-24 11:58:48.751098+00:00,2.2584879
2025-06-24 11:59:01.592664+00:00,2.2584877
2025-06-24 11:59:14.216017+00:00,2.2584883
2025-06-24 11:59:26.742322+00:00,2.258488
2025-06-24 11:59:52.125199+00:00,2.2584883
2025-06-24 12:00:04.739820+00:00,2.2584875
2025-06-24 12:00:20.389048+00:00,2.2584879
2025-06-24 12:00:31.144131+00:00,2.2584881
2025-06-24 12:00:55.474561+00:00,2.2584884
2025-06-24 12:01:08.396322+00:00,2.2584879
2025-06-24 12:01:20.736672+00:00,2.2584881
2025-06-24 12:04:09.361160+00:00,2.2584879
2025-06-24 12:04:16.064995+00:00,2.2584883
2025-06-24 12:05:22.474678+00:00,2.2584881
2025-06-24 12:05:56.020655+00:00,2.2584884
2025-06-24 12:06:21.194377+00:00,2.2584882
2025-06-24 12:06:34.954462+00:00,2.2584881
2025-06-24 12:06:46.402835+00:00,2.2584879
2025-06-24 12:07:11.611570+00:00,2.2584882
2025-06-24 12:07:38.709900+00:00,2.2584883
2025-06-24 12:08:14.299693+00:00,2.258488
2025-06-24 12:09:04.893189+00:00,2.2584877
2025-06-24 12:09:35.581344+00:00,2.2584881
2025-06-24 12:10:08.725247+00:00,2.2584883
2025-06-24 12:10:35.372011+00:00,2.2584878
2025-06-24 12:12:02.877900+00:00,2.2584882
2025-06-24 12:12:15.870203+00:00,2.2584881
2025-06-24 12:12:27.884575+00:00,2.2584875
2025-06-24 12:12:41.625574+00:00,2.2584884
2025-06-24 12:12:53.927184+00:00,2.2584881
2025-06-24 12:13:20.195645+00:00,2.258488
2025-06-24 12:13:44.173817+00:00,2.2584881
2025-06-24 12:14:12.682293+00:00,2.258488
2025-06-24 12:14:34.083075+00:00,2.258488
2025-06-24 12:14:46.331689+00:00,2.2584882
2025-06-24 12:15:00.347900+00:00,2.2584882
2025-06-24 12:15:12.098900+00:00,2.2584879
2025-06-24 12:15:25.116660+00:00,2.2584884
2025-06-24 12:16:39.530847+00:00,2.2584878
2025-06-24 12:16:51.975640+00:00,2.2584884
2025-06-24 12:17:04.747183+00:00,2.2584882
2025-06-24 12:17:38.069010+00:00,2.2584882
2025-06-24 12:17:42.523008+00:00,2.2584879
2025-06-24 12:17:57.888683+00:00,2.258488
2025-06-24 12:18:20.521513+00:00,2.2584878
2025-06-24 12:19:22.501437+00:00,2.2584882
2025-06-24 12:19:35.084255+00:00,2.2584878
2025-06-24 12:20:00.418506+00:00,2.2584884
2025-06-24 12:20:13.868790+00:00,2.2584884
2025-06-24 12:20:27.044184+00:00,2.2584875
2025-06-24 12:20:54.811382+00:00,2.2584873
2025-06-24 12:21:17.406503+00:00,2.2584882
2025-06-24 12:21:29.790641+00:00,2.258488
2025-06-24 12:21:55.509328+00:00,2.2584878
2025-06-24 12:22:27.783858+00:00,2.258488
2025-06-24 12:22:33.893564+00:00,2.2584881
2025-06-24 12:22:46.503133+00:00,2.2584883
2025-06-24 12:22:59.083808+00:00,2.2584876
2025-06-24 12:23:12.344185+00:00,2.2584884
2025-06-24 12:23:24.155666+00:00,2.2584881
2025-06-24 12:23:37.007781+00:00,2.2584882
2025-06-24 12:23:49.386449+00:00,2.2584878
2025-06-24 12:24:02.391051+00:00,2.2584884
2025-06-24 12:24:14.873966+00:00,2.2584882
2025-06-24 12:24:27.016581+00:00,2.2584883
2025-06-24 12:24:40.569763+00:00,2.2584877
2025-06-24 12:25:04.889184+00:00,2.2584882
2025-06-24 12:25:17.902040+00:00,2.2584875
2025-06-24 12:25:42.642065+00:00,2.2584879
2025-06-24 12:25:55.128030+00:00,2.2584878
2025-06-24 12:26:07.759170+00:00,2.2584884
2025-06-24 12:26:20.179388+00:00,2.258488
2025-06-24 12:26:33.117678+00:00,2.2584878
2025-06-24 12:27:10.653328+00:00,2.2584878
2025-06-24 12:27:23.373384+00:00,2.2584877
2025-06-24 12:27:38.472385+00:00,2.2584878
2025-06-24 12:28:07.050007+00:00,2.258488
2025-06-24 12:28:26.699814+00:00,2.2584878
2025-06-24 12:29:17.047682+00:00,2.2584881
2025-06-24 12:29:28.589033+00:00,2.2584879
2025-06-24 12:29:40.748104+00:00,2.258488
2025-06-24 12:30:44.036320+00:00,2.2584881
2025-06-24 12:31:10.095656+00:00,2.2584881
2025-06-24 12:31:47.853600+00:00,2.2584882
2025-06-24 12:32:32.594042+00:00,2.2584879
2025-06-24 12:32:38.578290+00:00,2.2584884
2025-06-24 12:32:52.020189+00:00,2.258488
2025-06-24 12:33:03.999645+00:00,2.2584877
2025-06-24 12:33:16.966809+00:00,2.258488
2025-06-24 12:33:30.273479+00:00,2.2584879
2025-06-24 12:33:42.093037+00:00,2.2584883
2025-06-24 12:34:07.574754+00:00,2.2584881
2025-06-24 12:34:19.863250+00:00,2.2584884
2025-06-24 12:34:45.389657+00:00,2.258488
2025-06-24 12:35:23.228699+00:00,2.2584881
2025-06-24 12:35:49.016077+00:00,2.2584879
2025-06-24 12:36:00.627460+00:00,2.2584882
2025-06-24 12:36:12.929836+00:00,2.2584878
2025-06-24 12:36:25.580275+00:00,2.2584883
2025-06-24 12:36:38.449811+00:00,2.2584884
2025-06-24 12:36:50.914619+00:00,2.2584879
2025-06-24 12:37:16.569795+00:00,2.2584879
2025-06-24 12:37:30.993237+00:00,2.2584879
2025-06-24 12:38:06.949620+00:00,2.2584881
2025-06-24 12:38:31.476217+00:00,2.2584877
2025-06-24 12:38:44.445352+00:00,2.2584879
2025-06-24 12:39:09.166571+00:00,2.2584881
2025-06-24 12:39:21.279040+00:00,2.2584882
2025-06-24 12:39:35.349274+00:00,2.2584877
2025-06-24 12:39:47.023853+00:00,2.2584881
2025-06-24 12:39:59.298486+00:00,2.2584884
2025-06-24 12:40:25.342665+00:00,2.2584879
2025-06-24 12:40:50.636065+00:00,2.2584881
2025-06-24 12:41:27.851864+00:00,2.2584879
2025-06-24 12:41:43.169284+00:00,2.2584882
2025-06-24 12:42:04.178484+00:00,2.2584881
2025-06-24 12:42:06.245173+00:00,2.2584876
2025-06-24 12:42:34.804304+00:00,2.2584884
2025-06-24 12:42:44.116867+00:00,2.2584884
2025-06-24 12:43:22.561514+00:00,2.2584878
2025-06-24 12:43:34.935268+00:00,2.2584883
2025-06-24 12:43:47.893995+00:00,2.2584879
2025-06-24 12:44:00.683802+00:00,2.2584882
2025-06-24 12:45:17.465379+00:00,2.2584884
2025-06-24 12:45:29.763928+00:00,2.2584881
2025-06-24 12:45:41.857094+00:00,2.2584881
2025-06-24 12:45:54.698192+00:00,2.258488
2025-06-24 12:46:13.039467+00:00,2.2584883
2025-06-24 12:46:20.885863+00:00,2.258488
2025-06-24 12:46:35.421202+00:00,2.2584883
2025-06-24 12:47:34.728707+00:00,2.2584884
2025-06-24 12:47:50.265426+00:00,2.258488
2025-06-24 12:48:20.252540+00:00,2.2584878
2025-06-24 12:49:25.992184+00:00,2.2584881
2025-06-24 12:49:46.977920+00:00,2.2584877
2025-06-24 12:49:53.268815+00:00,2.2584883
2025-06-24 12:50:06.933946+00:00,2.2584879
2025-06-24 12:50:18.467647+00:00,2.2584882
2025-06-24 12:50:30.733163+00:00,2.2584876
2025-06-24 12:50:45.539789+00:00,2.2584883
2025-06-24 12:51:09.755771+00:00,2.2584879
2025-06-24 12:51:21.094653+00:00,2.2584882
2025-06-24 12:51:58.809461+00:00,2.2584881
2025-06-24 12:52:12.077018+00:00,2.2584879
2025-06-24 12:52:24.495346+00:00,2.2584882
2025-06-24 12:52:37.205311+00:00,2.2584878
2025-06-24 12:52:50.248780+00:00,2.258488
2025-06-24 12:53:03.453935+00:00,2.2584876
2025-06-24 12:53:16.346314+00:00,2.2584883
2025-06-24 12:53:34.952089+00:00,2.258488
2025-06-24 12:53:41.362306+00:00,2.258488
2025-06-24 12:53:54.781801+00:00,2.2584882
2025-06-24 12:54:15.876532+00:00,2.2584881
2025-06-24 12:54:23.322100+00:00,2.2584879
2025-06-24 12:54:33.103048+00:00,2.2584882
2025-06-24 12:54:57.589824+00:00,2.258488
2025-06-24 12:55:10.645387+00:00,2.2584884
2025-06-24 12:55:23.117044+00:00,2.2584883
2025-06-24 12:55:37.295158+00:00,2.2584883
2025-06-24 12:56:01.242533+00:00,2.2584882
2025-06-24 12:56:13.296701+00:00,2.2584884
2025-06-24 12:56:25.895450+00:00,2.2584877
2025-06-24 12:56:38.699168+00:00,2.2584881
2025-06-24 12:57:03.727478+00:00,2.2584883
2025-06-24 12:57:15.935267+00:00,2.2584881
2025-06-24 12:57:40.891113+00:00,2.2584878
2025-06-24 12:57:53.086662+00:00,2.2584883
2025-06-24 12:58:06.445582+00:00,2.2584881
2025-06-24 12:58:18.548715+00:00,2.2584883
2025-06-24 12:58:31.487699+00:00,2.2584882
2025-06-24 12:58:44.260420+00:00,2.2584879
2025-06-24 12:58:59.125755+00:00,2.2584883
2025-06-24 12:59:34.657565+00:00,2.2584882
2025-06-24 12:59:47.675432+00:00,2.258488
2025-06-24 12:59:59.935174+00:00,2.2584883
2025-06-24 13:01:15.557310+00:00,2.2584879
2025-06-24 13:01:28.018881+00:00,2.2584883
2025-06-24 13:01:40.583027+00:00,2.2584879
2025-06-24 13:02:06.103889+00:00,2.2584879
2025-06-24 13:02:18.506270+00:00,2.2584881
2025-06-24 13:03:34.701695+00:00,2.2584881
2025-06-24 13:03:47.686630+00:00,2.2584883
2025-06-24 13:04:13.239375+00:00,2.2584877
2025-06-24 13:04:25.920001+00:00,2.2584878
2025-06-24 13:04:38.468365+00:00,2.2584876
2025-06-24 13:04:51.260895+00:00,2.2584879
2025-06-24 13:05:03.951287+00:00,2.2584881
2025-06-24 13:05:17.102258+00:00,2.258488
2025-06-24 13:05:42.859486+00:00,2.2584882
2025-06-24 13:05:54.471851+00:00,2.2584879
2025-06-24 13:06:08.069566+00:00,2.2584881
2025-06-24 13:06:20.926237+00:00,2.2584876
2025-06-24 13:06:32.921308+00:00,2.258488
2025-06-24 13:06:45.464666+00:00,2.2584882
2025-06-24 13:06:57.849000+00:00,2.2584883
2025-06-24 13:07:11.194206+00:00,2.258488
2025-06-24 13:07:22.799744+00:00,2.2584882
2025-06-24 13:07:35.500158+00:00,2.2584884
2025-06-24 13:08:01.390383+00:00,2.2584884
2025-06-24 13:08:14.239915+00:00,2.2584878
2025-06-24 13:08:25.618179+00:00,2.2584877
2025-06-24 13:09:08.220551+00:00,2.2584879
2025-06-24 13:09:16.103866+00:00,2.2584881
2025-06-24 13:09:28.342577+00:00,2.258488
2025-06-24 13:09:46.907331+00:00,2.2584884
2025-06-24 13:10:06.569844+00:00,2.2584877
2025-06-24 13:10:19.231513+00:00,2.2584878
2025-06-24 13:10:56.616992+00:00,2.2584882
2025-06-24 13:11:09.393154+00:00,2.258488
2025-06-24 13:11:22.137302+00:00,2.2584883
2025-06-24 13:11:34.171135+00:00,2.2584883
2025-06-24 13:11:47.050400+00:00,2.2584881
2025-06-24 13:12:12.465923+00:00,2.2584877
2025-06-24 13:13:14.996185+00:00,2.2584883
2025-06-24 13:13:40.634998+00:00,2.2584873
2025-06-24 13:13:53.854075+00:00,2.2584879
2025-06-24 13:14:19.553083+00:00,2.2584879
2025-06-24 13:14:32.374043+00:00,2.2584883
2025-06-24 13:14:55.614623+00:00,2.2584882
2025-06-24 13:14:57.419945+00:00,2.2584877
2025-06-24 13:15:10.912207+00:00,2.2584883
2025-06-24 13:15:35.743816+00:00,2.2584883
2025-06-24 13:15:50.636957+00:00,2.258488
2025-06-24 13:16:03.910311+00:00,2.2584878
2025-06-24 13:16:31.237441+00:00,2.2584881
2025-06-24 13:16:43.421230+00:00,2.2584882
2025-06-24 13:17:30.757676+00:00,2.2584879
2025-06-24 13:17:40.992480+00:00,2.2584877
2025-06-24 13:17:54.786663+00:00,2.2584884
2025-06-24 13:18:10.462856+00:00,2.2584874
2025-06-24 13:18:27.277253+00:00,2.2584884
2025-06-24 13:19:21.599261+00:00,2.2584882
2025-06-24 13:19:59.059154+00:00,2.2584881
2025-06-24 13:20:12.311500+00:00,2.2584883
2025-06-24 13:20:37.385109+00:00,2.2584882
2025-06-24 13:20:49.226658+00:00,2.2584876
2025-06-24 13:21:02.002577+00:00,2.2584881
2025-06-24 13:21:14.313771+00:00,2.2584884
2025-06-24 13:21:28.630044+00:00,2.258488
2025-06-24 13:21:42.648144+00:00,2.2584878
2025-06-24 13:24:18.333516+00:00,2.2584883
2025-06-24 13:24:25.738549+00:00,2.2584884
2025-06-24 13:24:51.560878+00:00,2.2584884
2025-06-24 13:25:11.622937+00:00,2.2584878
2025-06-24 13:25:28.115851+00:00,2.2584882
2025-06-24 13:25:40.303401+00:00,2.2584883
2025-06-24 13:25:53.220575+00:00,2.258488
2025-06-24 13:26:06.668307+00:00,2.2584884
2025-06-24 13:26:18.576830+00:00,2.2584878
2025-06-24 13:26:43.997005+00:00,2.2584878
2025-06-24 13:26:56.843893+00:00,2.2584883
2025-06-24 13:27:09.779356+00:00,2.2584882
2025-06-24 13:27:22.566798+00:00,2.2584878
2025-06-24 13:28:12.585006+00:00,2.2584878
2025-06-24 13:28:24.858873+00:00,2.2584878
2025-06-24 13:28:37.877816+00:00,2.2584875
2025-06-24 13:28:49.759179+00:00,2.258488
2025-06-24 13:29:02.475681+00:00,2.2584876
2025-06-24 13:29:19.392360+00:00,2.2584877
2025-06-24 13:29:34.849156+00:00,2.2584883
2025-06-24 13:30:30.532081+00:00,2.2584883
2025-06-24 13:30:42.693013+00:00,2.2584879
2025-06-24 13:31:08.115340+00:00,2.2584881
2025-06-24 13:31:20.289966+00:00,2.2584875
2025-06-24 13:31:51.191550+00:00,2.2584884
2025-06-24 13:31:58.456134+00:00,2.2584882
2025-06-24 13:32:23.474036+00:00,2.2584884
2025-06-24 13:33:14.103411+00:00,2.2584884
2025-06-24 13:33:26.515040+00:00,2.2584879
2025-06-24 13:33:39.228140+00:00,2.2584883
2025-06-24 13:33:51.896145+00:00,2.258488
2025-06-24 13:34:04.450672+00:00,2.2584877
2025-06-24 13:34:17.084906+00:00,2.2584881
2025-06-24 13:34:29.475012+00:00,2.2584881
2025-06-24 13:34:58.762723+00:00,2.2584883
2025-06-24 13:35:33.200819+00:00,2.258488
2025-06-24 13:35:46.093051+00:00,2.2584884
2025-06-24 13:35:58.174453+00:00,2.2584882
2025-06-24 13:36:11.538592+00:00,2.2584881
2025-06-24 13:36:24.518448+00:00,2.2584881
2025-06-24 13:36:36.918062+00:00,2.2584884
2025-06-24 13:36:49.842786+00:00,2.258488
2025-06-24 13:37:02.772891+00:00,2.2584884
2025-06-24 13:37:15.911784+00:00,2.2584884
2025-06-24 13:37:27.925634+00:00,2.2584883
2025-06-24 13:37:53.389120+00:00,2.2584881
2025-06-24 13:38:07.062992+00:00,2.2584877
2025-06-24 13:38:31.804407+00:00,2.2584883
2025-06-24 13:38:44.507668+00:00,2.2584878
2025-06-24 13:38:57.072773+00:00,2.2584879
2025-06-24 13:39:35.103373+00:00,2.2584878
2025-06-24 13:39:47.593540+00:00,2.2584884
2025-06-24 13:39:59.838648+00:00,2.2584881
2025-06-24 13:40:12.659350+00:00,2.2584879
2025-06-24 13:40:34.360547+00:00,2.2584884
2025-06-24 13:40:56.297012+00:00,2.258488
2025-06-24 13:41:34.118850+00:00,2.2584882
2025-06-24 13:41:40.270504+00:00,2.2584882
2025-06-24 13:41:52.961278+00:00,2.258488
2025-06-24 13:42:05.799044+00:00,2.2584884
2025-06-24 13:42:18.505026+00:00,2.2584879
2025-06-24 13:42:30.721795+00:00,2.2584878
2025-06-24 13:42:43.051098+00:00,2.2584877
2025-06-24 13:42:55.827661+00:00,2.2584875
2025-06-24 13:43:08.885330+00:00,2.2584881
2025-06-24 13:43:46.462252+00:00,2.2584876
2025-06-24 13:43:59.414256+00:00,2.258488
2025-06-24 13:44:23.910319+00:00,2.258488
2025-06-24 13:44:37.326552+00:00,2.258488
2025-06-24 13:45:02.239706+00:00,2.2584884
2025-06-24 13:45:27.059839+00:00,2.2584884
2025-06-24 13:45:40.135753+00:00,2.2584883
2025-06-24 13:45:51.971177+00:00,2.2584881
2025-06-24 13:46:04.818102+00:00,2.2584882
2025-06-24 13:46:43.482368+00:00,2.2584878
2025-06-24 13:47:13.406565+00:00,2.258488
2025-06-24 13:47:34.299758+00:00,2.2584881
2025-06-24 13:47:47.165955+00:00,2.2584881
2025-06-24 13:48:12.035010+00:00,2.2584881
2025-06-24 13:48:24.697033+00:00,2.2584879
2025-06-24 13:48:38.786788+00:00,2.2584879
2025-06-24 13:48:50.239963+00:00,2.2584884
2025-06-24 13:49:03.904323+00:00,2.2584879
2025-06-24 13:49:28.174918+00:00,2.2584882
2025-06-24 13:49:53.823137+00:00,2.2584883
2025-06-24 13:50:06.732699+00:00,2.258488
2025-06-24 13:50:19.027910+00:00,2.2584884
2025-06-24 13:50:31.686895+00:00,2.2584881
2025-06-24 13:50:43.368055+00:00,2.2584878
2025-06-24 13:50:55.885125+00:00,2.2584884
2025-06-24 13:52:09.980543+00:00,2.2584878
2025-06-24 13:52:49.924820+00:00,2.2584881
2025-06-24 13:53:05.748590+00:00,2.2584881
2025-06-24 13:53:27.299534+00:00,2.2584874
2025-06-24 13:53:39.897842+00:00,2.2584875
2025-06-24 13:53:52.870700+00:00,2.2584881
2025-06-24 13:54:05.563829+00:00,2.2584878
2025-06-24 13:54:34.631965+00:00,2.258488
2025-06-24 13:55:27.618689+00:00,2.2584879
2025-06-24 13:55:45.876562+00:00,2.2584876
2025-06-24 13:56:23.430273+00:00,2.2584882
2025-06-24 13:56:37.272515+00:00,2.2584879
2025-06-24 13:56:49.101908+00:00,2.2584882
2025-06-24 13:57:03.735317+00:00,2.2584877
2025-06-24 13:57:14.946386+00:00,2.2584879
2025-06-24 13:57:27.715874+00:00,2.258488
2025-06-24 13:57:43.220273+00:00,2.2584881
2025-06-24 13:57:53.930253+00:00,2.2584883
2025-06-24 13:58:07.978926+00:00,2.2584884
2025-06-24 13:58:18.760012+00:00,2.2584879
2025-06-24 13:58:32.202193+00:00,2.2584876
2025-06-24 13:58:44.045126+00:00,2.2584883
2025-06-24 13:59:34.767119+00:00,2.2584882
2025-06-24 13:59:59.984956+00:00,2.2584882
2025-06-24 14:00:13.231463+00:00,2.2584871
2025-06-24 14:00:26.102815+00:00,2.2584879
2025-06-24 14:00:38.496313+00:00,2.2584882
2025-06-24 14:00:50.392649+00:00,2.258488
2025-06-24 14:01:15.918443+00:00,2.2584879
2025-06-24 14:01:57.799071+00:00,2.2584878
2025-06-24 14:02:20.499351+00:00,2.2584877
2025-06-24 14:02:31.017674+00:00,2.2584883
2025-06-24 14:02:43.599508+00:00,2.2584878
2025-06-24 14:02:56.516394+00:00,2.2584878
2025-06-24 14:03:09.368527+00:00,2.2584884
2025-06-24 14:03:34.370124+00:00,2.2584884
2025-06-24 14:03:48.727406+00:00,2.2584884
2025-06-24 14:04:01.990692+00:00,2.2584884
2025-06-24 14:04:25.195169+00:00,2.2584878
2025-06-24 14:04:37.646752+00:00,2.258488
2025-06-24 14:04:50.250457+00:00,2.2584882
2025-06-24 14:05:04.471471+00:00,2.2584882
2025-06-24 14:05:54.779361+00:00,2.2584884
2025-06-24 14:06:08.921322+00:00,2.2584879
2025-06-24 14:06:31.054074+00:00,2.2584883
2025-06-24 14:06:55.893388+00:00,2.2584881
2025-06-24 14:07:08.911194+00:00,2.2584879
2025-06-24 14:07:20.987693+00:00,2.2584883
2025-06-24 14:07:34.190189+00:00,2.2584881
2025-06-24 14:07:46.711476+00:00,2.2584877
2025-06-24 14:07:59.234113+00:00,2.2584878
2025-06-24 14:08:12.289209+00:00,2.2584882
2025-06-24 14:08:25.235118+00:00,2.258488
2025-06-24 14:08:37.923091+00:00,2.2584882
2025-06-24 14:08:50.518495+00:00,2.2584882
2025-06-24 14:09:03.564068+00:00,2.2584884
2025-06-24 14:09:20.165992+00:00,2.2584879
2025-06-24 14:09:38.030886+00:00,2.2584879
2025-06-24 14:10:07.425456+00:00,2.2584884
2025-06-24 14:10:20.518799+00:00,2.2584879
2025-06-24 14:10:33.118034+00:00,2.2584877
2025-06-24 14:10:45.587453+00:00,2.2584878
2025-06-24 14:10:58.271631+00:00,2.2584884
2025-06-24 14:11:26.549368+00:00,2.2584879
2025-06-24 14:11:36.197216+00:00,2.2584877
2025-06-24 14:11:48.706760+00:00,2.258488
2025-06-24 14:12:01.035702+00:00,2.258488
2025-06-24 14:12:13.078901+00:00,2.258488
2025-06-24 14:12:38.413107+00:00,2.258488
2025-06-24 14:12:50.786506+00:00,2.2584878
2025-06-24 14:13:16.909497+00:00,2.2584881
2025-06-24 14:13:29.068255+00:00,2.2584878
2025-06-24 14:13:42.326884+00:00,2.2584882
2025-06-24 14:13:54.217763+00:00,2.2584878
2025-06-24 14:14:19.624638+00:00,2.2584879
2025-06-24 14:14:45.367408+00:00,2.2584878
2025-06-24 14:14:57.280423+00:00,2.2584877
2025-06-24 14:15:10.599529+00:00,2.2584879
2025-06-24 14:15:24.424767+00:00,2.2584882
2025-06-24 14:15:35.739426+00:00,2.2584883
2025-06-24 14:15:48.645494+00:00,2.2584878
2025-06-24 14:16:00.981733+00:00,2.2584882
2025-06-24 14:16:18.684265+00:00,2.2584881
2025-06-24 14:16:27.310908+00:00,2.258488
2025-06-24 14:16:37.882971+00:00,2.2584877
2025-06-24 14:17:03.538385+00:00,2.2584881
2025-06-24 14:17:16.512358+00:00,2.2584879
2025-06-24 14:17:28.446132+00:00,2.2584883
2025-06-24 14:18:06.685417+00:00,2.2584877
2025-06-24 14:18:18.760787+00:00,2.258488
2025-06-24 14:18:31.761436+00:00,2.2584881
2025-06-24 14:18:43.809424+00:00,2.2584881
2025-06-24 14:18:57.172229+00:00,2.2584883
2025-06-24 14:19:09.294905+00:00,2.2584881
2025-06-24 14:19:21.509583+00:00,2.2584882
2025-06-24 14:19:34.260641+00:00,2.2584882
2025-06-24 14:19:47.692354+00:00,2.2584879
2025-06-24 14:20:01.762710+00:00,2.2584877
2025-06-24 14:20:12.323963+00:00,2.2584883
2025-06-24 14:20:25.018967+00:00,2.258488
2025-06-24 14:20:50.409215+00:00,2.2584881
2025-06-24 14:21:03.762361+00:00,2.2584881
2025-06-24 14:21:16.518515+00:00,2.2584877
2025-06-24 14:22:19.420813+00:00,2.2584883
2025-06-24 14:22:32.472000+00:00,2.2584879
2025-06-24 14:22:47.605255+00:00,2.2584884
2025-06-24 14:23:10.320698+00:00,2.2584881
2025-06-24 14:23:37.882541+00:00,2.2584884
2025-06-24 14:23:49.382015+00:00,2.2584882
2025-06-24 14:24:01.526928+00:00,2.2584881
2025-06-24 14:24:14.137694+00:00,2.2584884
2025-06-24 14:24:26.216883+00:00,2.2584879
2025-06-24 14:24:38.861096+00:00,2.2584879
2025-06-24 14:24:51.123871+00:00,2.2584879
2025-06-24 14:25:03.909231+00:00,2.2584883
2025-06-24 14:25:16.385137+00:00,2.2584884
2025-06-24 14:25:28.983360+00:00,2.2584881
2025-06-24 14:25:41.734592+00:00,2.2584883
2025-06-24 14:25:53.823310+00:00,2.258488
2025-06-24 14:26:06.856808+00:00,2.2584884
2025-06-24 14:26:19.397419+00:00,2.2584882
2025-06-24 14:26:39.560951+00:00,2.2584878
2025-06-24 14:26:45.591020+00:00,2.2584877
2025-06-24 14:27:24.282706+00:00,2.2584881
2025-06-24 14:27:35.438079+00:00,2.2584883
2025-06-24 14:28:00.738061+00:00,2.2584882
2025-06-24 14:28:12.910530+00:00,2.2584883
2025-06-24 14:28:25.810336+00:00,2.2584879
2025-06-24 14:28:38.671085+00:00,2.2584881
2025-06-24 14:28:52.629243+00:00,2.2584884
2025-06-24 14:29:16.420022+00:00,2.2584879
2025-06-24 14:29:31.925893+00:00,2.2584883
2025-06-24 14:29:42.222089+00:00,2.2584884
2025-06-24 14:29:53.908896+00:00,2.2584883
2025-06-24 14:30:06.970355+00:00,2.2584878
2025-06-24 14:30:19.403495+00:00,2.2584882
2025-06-24 14:30:32.575504+00:00,2.2584883
2025-06-24 14:30:44.485110+00:00,2.2584877
2025-06-24 14:30:57.033768+00:00,2.2584884
2025-06-24 14:31:10.178492+00:00,2.2584876
2025-06-24 14:32:03.608286+00:00,2.2584878
2025-06-24 14:32:26.916866+00:00,2.2584883
2025-06-24 14:32:39.590595+00:00,2.2584884
2025-06-24 14:33:05.308636+00:00,2.2584883
2025-06-24 14:33:30.492944+00:00,2.2584883
2025-06-24 14:33:55.757523+00:00,2.2584877
2025-06-24 14:34:08.746947+00:00,2.2584884
2025-06-24 14:34:20.923151+00:00,2.2584878
2025-06-24 14:34:34.654392+00:00,2.2584878
2025-06-24 14:34:46.546450+00:00,2.2584881
2025-06-24 14:34:58.775283+00:00,2.258488
2025-06-24 14:35:11.894597+00:00,2.2584884
2025-06-24 14:35:24.101456+00:00,2.2584879
2025-06-24 14:35:44.421665+00:00,2.2584879
2025-06-24 14:36:01.893087+00:00,2.2584883
2025-06-24 14:36:14.291475+00:00,2.2584881
2025-06-24 14:36:26.902266+00:00,2.2584878
2025-06-24 14:36:40.417316+00:00,2.2584876
2025-06-24 14:36:52.392639+00:00,2.258488
2025-06-24 14:37:05.102203+00:00,2.2584884
2025-06-24 14:37:18.209993+00:00,2.258488
2025-06-24 14:37:30.615809+00:00,2.2584878
2025-06-24 14:37:43.169880+00:00,2.2584879
2025-06-24 14:37:55.485514+00:00,2.2584883
2025-06-24 14:38:08.031351+00:00,2.2584875
2025-06-24 14:38:20.617711+00:00,2.2584879
2025-06-24 14:38:33.009631+00:00,2.2584879
2025-06-24 14:38:46.729365+00:00,2.2584882
2025-06-24 14:38:58.084202+00:00,2.2584884
2025-06-24 14:39:10.808484+00:00,2.2584881
2025-06-24 14:39:39.188156+00:00,2.2584876
2025-06-24 14:39:49.784285+00:00,2.2584883
2025-06-24 14:40:01.269586+00:00,2.2584883
2025-06-24 14:40:13.753253+00:00,2.2584881
2025-06-24 14:40:26.537555+00:00,2.2584884
2025-06-24 14:40:38.922845+00:00,2.2584881
2025-06-24 14:40:51.620777+00:00,2.2584883
2025-06-24 14:41:04.104280+00:00,2.2584881
2025-06-24 14:41:16.988020+00:00,2.2584883
2025-06-24 14:41:30.976590+00:00,2.2584882
2025-06-24 14:41:42.030630+00:00,2.2584882
2025-06-24 14:41:55.144504+00:00,2.2584878
2025-06-24 14:42:07.867600+00:00,2.2584875
2025-06-24 14:42:20.679270+00:00,2.2584878
2025-06-24 14:42:34.044641+00:00,2.2584877
2025-06-24 14:42:46.701209+00:00,2.2584883
2025-06-24 14:43:13.426262+00:00,2.2584882
2025-06-24 14:43:24.969467+00:00,2.2584879
2025-06-24 14:43:37.627894+00:00,2.2584883
2025-06-24 14:44:01.757741+00:00,2.258488
2025-06-24 14:44:03.627641+00:00,2.2584882
2025-06-24 14:44:16.597371+00:00,2.2584881
2025-06-24 14:44:30.676309+00:00,2.2584881
2025-06-24 14:44:41.646120+00:00,2.2584884
2025-06-24 14:44:54.411629+00:00,2.2584878
2025-06-24 14:45:07.363450+00:00,2.2584877
2025-06-24 14:45:19.940236+00:00,2.2584884
2025-06-24 14:45:33.270636+00:00,2.2584884
2025-06-24 14:45:44.985102+00:00,2.2584883
2025-06-24 14:46:00.673046+00:00,2.2584882
2025-06-24 14:46:59.923881+00:00,2.258488
2025-06-24 14:47:12.749882+00:00,2.258488
2025-06-24 14:47:25.723434+00:00,2.2584881
2025-06-24 14:47:50.573346+00:00,2.2584879
2025-06-24 14:48:15.958324+00:00,2.2584879
2025-06-24 14:48:28.140473+00:00,2.2584878
2025-06-24 14:48:40.720779+00:00,2.2584881
2025-06-24 14:48:53.294397+00:00,2.258488
2025-06-24 14:49:06.443111+00:00,2.2584881
2025-06-24 14:49:21.972072+00:00,2.2584881
2025-06-24 14:49:44.322923+00:00,2.2584878
2025-06-24 14:50:10.362200+00:00,2.2584882
2025-06-24 14:50:22.973673+00:00,2.2584882
2025-06-24 14:50:37.538727+00:00,2.2584883
2025-06-24 14:50:46.939850+00:00,2.2584883
2025-06-24 14:51:57.373864+00:00,2.2584882
2025-06-24 14:52:40.560699+00:00,2.2584881
2025-06-24 14:53:20.134170+00:00,2.2584881
2025-06-24 14:53:44.979683+00:00,2.2584878
2025-06-24 14:53:58.373462+00:00,2.2584878
2025-06-24 14:54:14.720756+00:00,2.258488
2025-06-24 14:54:23.968244+00:00,2.2584879
2025-06-24 14:54:36.411189+00:00,2.2584881
2025-06-24 14:55:01.265402+00:00,2.2584877
2025-06-24 14:55:54.014032+00:00,2.2584884
2025-06-24 14:56:05.557192+00:00,2.2584876
2025-06-24 14:56:17.772875+00:00,2.2584882
2025-06-24 14:56:31.879787+00:00,2.2584881
2025-06-24 14:56:42.705023+00:00,2.2584879
2025-06-24 14:56:55.268969+00:00,2.2584884
2025-06-24 14:57:39.061020+00:00,2.2584879
2025-06-24 14:57:46.964529+00:00,2.2584879
2025-06-24 14:57:57.954012+00:00,2.258488
2025-06-24 14:58:23.236016+00:00,2.258488
2025-06-24 14:58:37.028708+00:00,2.2584879
2025-06-24 14:58:48.953943+00:00,2.2584883
2025-06-24 14:59:01.485791+00:00,2.2584879
2025-06-24 14:59:19.893383+00:00,2.2584883
2025-06-24 15:00:17.145963+00:00,2.2584878
2025-06-24 15:00:29.792967+00:00,2.2584878
2025-06-24 15:00:43.232375+00:00,2.2584883
2025-06-24 15:00:55.189726+00:00,2.2584882
2025-06-24 15:01:08.183003+00:00,2.2584878
2025-06-24 15:01:20.405800+00:00,2.2584878
2025-06-24 15:01:33.006429+00:00,2.2584879
2025-06-24 15:01:45.782029+00:00,2.2584883
2025-06-24 15:02:10.931510+00:00,2.2584879
2025-06-24 15:02:36.425101+00:00,2.2584879
2025-06-24 15:02:48.955196+00:00,2.2584881
2025-06-24 15:03:01.098540+00:00,2.2584879
2025-06-24 15:03:13.832259+00:00,2.2584881
2025-06-24 15:03:39.120284+00:00,2.2584879
2025-06-24 15:03:52.006734+00:00,2.2584878
2025-06-24 15:04:05.871067+00:00,2.2584882
2025-06-24 15:04:18.459842+00:00,2.2584881
2025-06-24 15:04:30.636018+00:00,2.2584882
2025-06-24 15:04:43.018382+00:00,2.2584881
2025-06-24 15:04:56.096690+00:00,2.258488
2025-06-24 15:05:09.672430+00:00,2.2584881
2025-06-24 15:05:22.087245+00:00,2.2584883
2025-06-24 15:06:49.685821+00:00,2.2584879
2025-06-24 15:06:50.896628+00:00,2.2584882
2025-06-24 15:07:04.209336+00:00,2.2584881
2025-06-24 15:07:16.655458+00:00,2.2584876
2025-06-24 15:07:41.272482+00:00,2.258488
2025-06-24 15:07:55.563060+00:00,2.2584881
2025-06-24 15:08:08.191364+00:00,2.2584884
2025-06-24 15:08:18.887893+00:00,2.2584881
2025-06-24 15:08:37.616956+00:00,2.2584878
2025-06-24 15:08:44.297904+00:00,2.258488
2025-06-24 15:08:56.746661+00:00,2.2584883
2025-06-24 15:09:10.540992+00:00,2.2584883
2025-06-24 15:09:22.436439+00:00,2.2584883
2025-06-24 15:09:34.823475+00:00,2.2584883
2025-06-24 15:09:48.191874+00:00,2.2584877
2025-06-24 15:10:02.346572+00:00,2.2584882
2025-06-24 15:10:26.130910+00:00,2.2584877
2025-06-24 15:10:39.056119+00:00,2.2584884
2025-06-24 15:11:06.346142+00:00,2.2584877
2025-06-24 15:11:42.752553+00:00,2.258488
2025-06-24 15:11:54.851715+00:00,2.2584879
2025-06-24 15:12:12.779529+00:00,2.258488
2025-06-24 15:12:19.915158+00:00,2.2584878
2025-06-24 15:12:32.875853+00:00,2.2584882
2025-06-24 15:12:58.122923+00:00,2.2584884
2025-06-24 15:13:23.622334+00:00,2.2584878
2025-06-24 15:14:15.282042+00:00,2.2584883
2025-06-24 15:15:05.446274+00:00,2.2584876
2025-06-24 15:15:18.763926+00:00,2.2584877
2025-06-24 15:15:31.213931+00:00,2.2584882
2025-06-24 15:15:44.067105+00:00,2.2584877
2025-06-24 15:15:55.971096+00:00,2.2584875
2025-06-24 15:16:09.104041+00:00,2.258488
2025-06-24 15:16:22.047536+00:00,2.2584884
2025-06-24 15:16:46.894487+00:00,2.2584878
2025-06-24 15:16:59.277012+00:00,2.258488
2025-06-24 15:17:12.482717+00:00,2.258488
2025-06-24 15:17:24.444663+00:00,2.2584878
2025-06-24 15:17:36.852104+00:00,2.2584879
2025-06-24 15:17:49.451387+00:00,2.2584883
2025-06-24 15:18:01.779453+00:00,2.2584882
2025-06-24 15:18:14.208187+00:00,2.2584884
2025-06-24 15:18:26.954256+00:00,2.258488
2025-06-24 15:18:40.782496+00:00,2.2584882
2025-06-24 15:18:52.949340+00:00,2.2584879
2025-06-24 15:19:04.745030+00:00,2.2584883
2025-06-24 15:19:17.340869+00:00,2.2584875
2025-06-24 15:19:42.819687+00:00,2.2584876
2025-06-24 15:19:57.251189+00:00,2.2584878
2025-06-24 15:20:08.939812+00:00,2.2584876
2025-06-24 15:20:21.591344+00:00,2.2584882
2025-06-24 15:20:34.847108+00:00,2.2584883
2025-06-24 15:20:47.238547+00:00,2.2584878
2025-06-24 15:20:59.772409+00:00,2.2584878
2025-06-24 15:21:12.757490+00:00,2.2584879
2025-06-24 15:21:25.024016+00:00,2.2584877
2025-06-24 15:21:51.526729+00:00,2.2584883
2025-06-24 15:24:05.684930+00:00,2.2584881
2025-06-24 15:24:16.009715+00:00,2.258488
2025-06-24 15:24:23.241382+00:00,2.2584883
2025-06-24 15:24:48.123004+00:00,2.2584882
2025-06-24 15:25:05.348827+00:00,2.2584883
2025-06-24 15:25:25.969659+00:00,2.2584879
2025-06-24 15:25:38.130385+00:00,2.2584882
2025-06-24 15:25:51.895017+00:00,2.2584883
2025-06-24 15:26:03.580803+00:00,2.258488
2025-06-24 15:26:16.280781+00:00,2.2584878
2025-06-24 15:26:28.657460+00:00,2.2584875
2025-06-24 15:26:41.506769+00:00,2.2584881
2025-06-24 15:27:07.471806+00:00,2.2584881
2025-06-24 15:27:19.537838+00:00,2.2584879
2025-06-24 15:27:45.059349+00:00,2.258488
2025-06-24 15:27:57.052048+00:00,2.2584877
2025-06-24 15:28:10.128176+00:00,2.2584879
2025-06-24 15:29:22.988017+00:00,2.2584879
2025-06-24 15:29:24.893719+00:00,2.2584878
2025-06-24 15:30:20.796065+00:00,2.258488
2025-06-24 15:30:28.807256+00:00,2.2584884
2025-06-24 15:30:40.752491+00:00,2.2584882
2025-06-24 15:30:53.177596+00:00,2.2584877
2025-06-24 15:31:19.869689+00:00,2.2584882
2025-06-24 15:31:44.594552+00:00,2.2584882
2025-06-24 15:31:58.260638+00:00,2.2584879
2025-06-24 15:32:13.012444+00:00,2.2584878
2025-06-24 15:32:29.483587+00:00,2.2584878
2025-06-24 15:32:49.475162+00:00,2.2584877
2025-06-24 15:33:01.808975+00:00,2.2584876
2025-06-24 15:33:13.941218+00:00,2.258488
2025-06-24 15:33:26.557971+00:00,2.2584882
2025-06-24 15:33:39.110923+00:00,2.2584877
2025-06-24 15:33:51.631753+00:00,2.2584882
2025-06-24 15:34:05.510269+00:00,2.258488
2025-06-24 15:34:17.647580+00:00,2.2584881
2025-06-24 15:34:29.791293+00:00,2.2584877
2025-06-24 15:34:42.204959+00:00,2.2584882
2025-06-24 15:34:54.779674+00:00,2.2584877
2025-06-24 15:35:19.766032+00:00,2.2584883
2025-06-24 15:35:32.536638+00:00,2.2584883
2025-06-24 15:35:45.606960+00:00,2.2584883
2025-06-24 15:35:57.096302+00:00,2.2584883
2025-06-24 15:36:10.366353+00:00,2.2584879
2025-06-24 15:36:22.249239+00:00,2.2584876
2025-06-24 15:36:35.044755+00:00,2.2584878
2025-06-24 15:36:48.034117+00:00,2.2584876
2025-06-24 15:37:13.891222+00:00,2.2584877
2025-06-24 15:37:25.586063+00:00,2.2584876
2025-06-24 15:37:38.101712+00:00,2.2584878
2025-06-24 15:37:50.729903+00:00,2.2584878
2025-06-24 15:38:03.628577+00:00,2.2584881
2025-06-24 15:38:18.020985+00:00,2.2584879
2025-06-24 15:38:28.505049+00:00,2.2584884
2025-06-24 15:38:40.831250+00:00,2.2584879
2025-06-24 15:38:53.396883+00:00,2.2584878
2025-06-24 15:39:06.195507+00:00,2.2584884
2025-06-24 15:39:31.168939+00:00,2.2584879
2025-06-24 15:39:57.579856+00:00,2.2584884
2025-06-24 15:40:27.301147+00:00,2.2584879
2025-06-24 15:40:34.399588+00:00,2.2584879
2025-06-24 15:40:48.825908+00:00,2.258488
2025-06-24 15:40:58.922273+00:00,2.2584883
2025-06-24 15:41:11.727086+00:00,2.2584882
2025-06-24 15:41:25.857187+00:00,2.2584879
2025-06-24 15:41:37.287123+00:00,2.2584875
2025-06-24 15:41:50.158157+00:00,2.2584875
2025-06-24 15:42:03.373596+00:00,2.2584884
2025-06-24 15:42:16.159507+00:00,2.2584876
2025-06-24 15:42:28.869590+00:00,2.2584884
2025-06-24 15:42:41.738584+00:00,2.2584879
2025-06-24 15:42:54.564724+00:00,2.2584883
2025-06-24 15:43:07.774496+00:00,2.2584881
2025-06-24 15:43:20.825060+00:00,2.2584879
2025-06-24 15:43:53.577466+00:00,2.2584883
2025-06-24 15:43:58.215001+00:00,2.2584879
2025-06-24 15:44:11.520021+00:00,2.2584881
2025-06-24 15:44:23.931375+00:00,2.2584883
2025-06-24 15:44:36.753053+00:00,2.2584883
2025-06-24 15:44:49.874520+00:00,2.2584882
2025-06-24 15:45:03.637129+00:00,2.2584878
2025-06-24 15:45:15.323516+00:00,2.2584877
2025-06-24 15:45:40.381181+00:00,2.2584877
2025-06-24 15:45:52.945878+00:00,2.2584882
2025-06-24 15:46:05.350261+00:00,2.2584882
2025-06-24 15:46:42.412237+00:00,2.258488
2025-06-24 15:46:57.705787+00:00,2.2584881
2025-06-24 15:47:20.253909+00:00,2.2584882
2025-06-24 15:47:33.124573+00:00,2.2584879
2025-06-24 15:47:45.889621+00:00,2.2584884
2025-06-24 15:47:57.968417+00:00,2.2584881
2025-06-24 15:48:10.763950+00:00,2.2584881
2025-06-24 15:48:35.703360+00:00,2.2584879
2025-06-24 15:48:48.238534+00:00,2.258488
2025-06-24 15:49:00.671776+00:00,2.2584884
2025-06-24 15:49:13.317127+00:00,2.258488
2025-06-24 15:49:25.791960+00:00,2.2584877
2025-06-24 15:49:38.332724+00:00,2.2584881
2025-06-24 15:49:52.442286+00:00,2.2584875
2025-06-24 15:50:17.545629+00:00,2.2584879
2025-06-24 15:50:29.893771+00:00,2.2584879
2025-06-24 15:50:41.126620+00:00,2.2584875
2025-06-24 15:50:53.932912+00:00,2.258488
2025-06-24 15:51:06.703179+00:00,2.258488
2025-06-24 15:51:19.676632+00:00,2.258488
2025-06-24 15:51:31.762357+00:00,2.2584882
2025-06-24 15:51:44.371473+00:00,2.2584882
2025-06-24 15:51:58.915931+00:00,2.2584878
2025-06-24 15:52:34.268916+00:00,2.2584884
2025-06-24 15:52:47.674339+00:00,2.2584877
2025-06-24 15:52:59.892736+00:00,2.2584884
2025-06-24 15:53:12.402558+00:00,2.2584884
2025-06-24 15:53:25.301960+00:00,2.2584878
2025-06-24 15:53:38.624671+00:00,2.2584874
2025-06-24 15:53:52.392041+00:00,2.2584879
2025-06-24 15:54:04.151162+00:00,2.258488
2025-06-24 15:54:16.681003+00:00,2.258488
2025-06-24 15:54:29.467408+00:00,2.2584883
2025-06-24 15:54:42.291974+00:00,2.2584875
2025-06-24 15:54:55.351925+00:00,2.2584884
2025-06-24 15:55:07.852858+00:00,2.2584882
2025-06-24 15:55:20.684352+00:00,2.2584882
2025-06-24 15:55:33.461775+00:00,2.2584884
2025-06-24 15:55:46.845447+00:00,2.2584881
2025-06-24 15:55:58.648958+00:00,2.2584878
2025-06-24 15:56:24.908347+00:00,2.2584879
2025-06-24 15:56:51.365050+00:00,2.2584883
2025-06-24 15:57:03.626517+00:00,2.2584879
2025-06-24 15:57:14.677283+00:00,2.2584884
2025-06-24 15:57:27.048805+00:00,2.2584883
2025-06-24 15:57:40.184266+00:00,2.2584878
2025-06-24 15:58:05.168179+00:00,2.2584877
2025-06-24 15:58:30.381811+00:00,2.2584878
2025-06-24 15:58:42.572768+00:00,2.2584876
2025-06-24 15:58:55.422510+00:00,2.2584876
2025-06-24 15:59:08.270667+00:00,2.2584878
2025-06-24 15:59:24.579759+00:00,2.2584881
2025-06-24 15:59:33.741494+00:00,2.2584876
2025-06-24 15:59:47.173232+00:00,2.2584881
2025-06-24 16:00:22.702913+00:00,2.2584884
2025-06-24 16:00:45.189462+00:00,2.2584881
2025-06-24 16:01:26.509242+00:00,2.2584879
2025-06-24 16:01:39.443034+00:00,2.2584882
2025-06-24 16:01:51.532917+00:00,2.2584877
2025-06-24 16:02:04.377108+00:00,2.2584882
2025-06-24 16:02:17.070745+00:00,2.2584882
2025-06-24 16:02:29.612568+00:00,2.258488
2025-06-24 16:02:42.537649+00:00,2.258488
2025-06-24 16:03:08.635184+00:00,2.2584874
2025-06-24 16:03:22.657711+00:00,2.2584877
2025-06-24 16:03:33.927553+00:00,2.2584879
2025-06-24 16:03:49.185849+00:00,2.2584883
2025-06-24 16:04:00.311107+00:00,2.2584881
2025-06-24 16:04:24.998504+00:00,2.2584878
2025-06-24 16:04:37.836130+00:00,2.2584881
2025-06-24 16:04:50.781350+00:00,2.2584879
2025-06-24 16:05:03.497744+00:00,2.2584882
2025-06-24 16:05:18.415809+00:00,2.2584879
2025-06-24 16:05:43.926486+00:00,2.2584874
2025-06-24 16:05:55.806102+00:00,2.258488
2025-06-24 16:06:07.128121+00:00,2.2584879
2025-06-24 16:06:31.946713+00:00,2.2584883
2025-06-24 16:06:44.026131+00:00,2.2584882
2025-06-24 16:08:12.392993+00:00,2.2584881
2025-06-24 16:08:49.326221+00:00,2.2584881
2025-06-24 16:09:02.629027+00:00,2.2584877
2025-06-24 16:09:28.867662+00:00,2.2584882
2025-06-24 16:09:39.949976+00:00,2.2584883
2025-06-24 16:09:52.522165+00:00,2.258488
2025-06-24 16:10:10.226022+00:00,2.2584882
2025-06-24 16:11:36.680863+00:00,2.2584881
2025-06-24 16:12:11.874799+00:00,2.2584882
2025-06-24 16:12:24.357258+00:00,2.2584881
2025-06-24 16:12:39.047777+00:00,2.2584881
2025-06-24 16:13:42.570422+00:00,2.2584883
2025-06-24 16:13:54.062814+00:00,2.2584878
2025-06-24 16:14:19.542746+00:00,2.258488
2025-06-24 16:14:32.742989+00:00,2.2584882
2025-06-24 16:14:44.784593+00:00,2.2584879
2025-06-24 16:14:58.261985+00:00,2.2584878
2025-06-24 16:15:23.075197+00:00,2.258488
2025-06-24 16:15:36.177788+00:00,2.2584882
2025-06-24 16:16:13.469087+00:00,2.2584883
2025-06-24 16:16:27.011701+00:00,2.2584881
2025-06-24 16:17:04.089098+00:00,2.2584879
2025-06-24 16:17:17.071906+00:00,2.2584879
2025-06-24 16:17:29.175470+00:00,2.2584882
2025-06-24 16:17:41.754832+00:00,2.2584877
2025-06-24 16:17:54.475626+00:00,2.2584881
2025-06-24 16:18:07.187673+00:00,2.2584884
2025-06-24 16:18:19.675274+00:00,2.2584877
2025-06-24 16:18:32.392079+00:00,2.258488
2025-06-24 16:18:44.299550+00:00,2.2584882
2025-06-24 16:18:56.991459+00:00,2.258488
2025-06-24 16:19:22.156164+00:00,2.258488
2025-06-24 16:20:26.168162+00:00,2.258488
2025-06-24 16:20:49.935165+00:00,2.2584876
2025-06-24 16:21:17.460305+00:00,2.2584884
2025-06-24 16:21:28.761913+00:00,2.2584882
2025-06-24 16:21:41.637176+00:00,2.258488
2025-06-24 16:21:54.570864+00:00,2.2584882
2025-06-24 16:22:20.978235+00:00,2.2584876
2025-06-24 16:22:54.883261+00:00,2.258488
2025-06-24 16:23:00.032107+00:00,2.2584878
2025-06-24 16:23:11.878075+00:00,2.2584875
2025-06-24 16:23:23.877684+00:00,2.2584879
2025-06-24 16:23:38.612084+00:00,2.2584883
2025-06-24 16:23:54.469132+00:00,2.258488
2025-06-24 16:24:06.715813+00:00,2.2584884
2025-06-24 16:24:14.852292+00:00,2.2584882
2025-06-24 16:24:27.444994+00:00,2.2584882
2025-06-24 16:24:40.435549+00:00,2.258488
2025-06-24 16:24:53.191193+00:00,2.2584883
2025-06-24 16:25:09.944343+00:00,2.2584879
2025-06-24 16:25:18.632330+00:00,2.2584883
2025-06-24 16:25:30.842671+00:00,2.2584877
2025-06-24 16:25:43.913587+00:00,2.2584878
2025-06-24 16:25:55.796648+00:00,2.258488
2025-06-24 16:26:13.969163+00:00,2.2584881
2025-06-24 16:26:22.029356+00:00,2.2584878
2025-06-24 16:26:34.389876+00:00,2.2584883
2025-06-24 16:26:47.280582+00:00,2.2584884
2025-06-24 16:26:59.475216+00:00,2.2584882
2025-06-24 16:27:13.604596+00:00,2.2584879
2025-06-24 16:27:24.612313+00:00,2.2584879
2025-06-24 16:27:37.154989+00:00,2.2584884
2025-06-24 16:27:49.867845+00:00,2.2584878
2025-06-24 16:28:02.774706+00:00,2.258488
2025-06-24 16:28:16.572517+00:00,2.2584883
2025-06-24 16:28:27.760064+00:00,2.2584879
2025-06-24 16:28:40.575909+00:00,2.2584884
2025-06-24 16:28:52.984199+00:00,2.2584879
2025-06-24 16:29:15.103052+00:00,2.258488
2025-06-24 16:29:19.942678+00:00,2.2584877
2025-06-24 16:29:40.428383+00:00,2.258488
2025-06-24 16:29:43.107581+00:00,2.2584882
2025-06-24 16:29:56.042188+00:00,2.2584884
2025-06-24 16:30:12.370594+00:00,2.2584884
2025-06-24 16:30:22.676492+00:00,2.2584879
2025-06-24 16:30:40.037185+00:00,2.2584878
2025-06-24 16:30:59.721398+00:00,2.2584882
2025-06-24 16:31:13.045720+00:00,2.2584879
2025-06-24 16:31:25.607774+00:00,2.2584883
2025-06-24 16:31:38.239734+00:00,2.2584882
2025-06-24 16:31:51.983959+00:00,2.2584875
2025-06-24 16:32:04.360236+00:00,2.2584881
2025-06-24 16:32:17.467072+00:00,2.258488
2025-06-24 16:32:29.550213+00:00,2.2584879
2025-06-24 16:32:42.551657+00:00,2.2584882
2025-06-24 16:32:58.125673+00:00,2.2584882
2025-06-24 16:33:20.525426+00:00,2.2584875
2025-06-24 16:33:34.841881+00:00,2.2584884
2025-06-24 16:33:46.098702+00:00,2.258488
2025-06-24 16:34:11.748713+00:00,2.258488
2025-06-24 16:34:23.532851+00:00,2.2584881
2025-06-24 16:34:48.653995+00:00,2.2584883
2025-06-24 16:35:01.075070+00:00,2.258488
2025-06-24 16:35:14.089449+00:00,2.2584884
2025-06-24 16:35:32.288447+00:00,2.2584882
2025-06-24 16:35:39.556489+00:00,2.2584883
2025-06-24 16:35:51.741908+00:00,2.2584881
2025-06-24 16:36:04.404029+00:00,2.2584878
2025-06-24 16:36:17.614967+00:00,2.2584878
2025-06-24 16:36:29.624120+00:00,2.2584881
2025-06-24 16:36:42.227752+00:00,2.2584882
2025-06-24 16:36:57.646046+00:00,2.2584884
2025-06-24 16:37:07.853027+00:00,2.2584878
2025-06-24 16:37:20.100590+00:00,2.2584882
2025-06-24 16:37:45.143843+00:00,2.2584877
2025-06-24 16:37:57.616265+00:00,2.2584877
2025-06-24 16:38:20.743189+00:00,2.2584881
2025-06-24 16:38:39.914033+00:00,2.2584882
2025-06-24 16:38:48.542105+00:00,2.2584881
2025-06-24 16:39:01.050200+00:00,2.2584877
2025-06-24 16:39:13.592292+00:00,2.2584878
2025-06-24 16:39:41.224875+00:00,2.2584879
2025-06-24 16:40:12.639486+00:00,2.2584879
2025-06-24 16:40:17.601042+00:00,2.2584879
2025-06-24 16:40:31.165181+00:00,2.2584883
2025-06-24 16:40:43.390915+00:00,2.2584882
2025-06-24 16:40:56.835204+00:00,2.2584879
2025-06-24 16:41:09.096171+00:00,2.2584878
2025-06-24 16:41:20.975673+00:00,2.2584883
2025-06-24 16:41:34.131287+00:00,2.2584878
2025-06-24 16:41:48.988029+00:00,2.2584882
2025-06-24 16:41:59.958699+00:00,2.2584877
2025-06-24 16:42:24.741237+00:00,2.2584877
2025-06-24 16:42:37.396310+00:00,2.2584881
2025-06-24 16:42:50.725750+00:00,2.2584882
2025-06-24 16:43:03.562040+00:00,2.2584876
2025-06-24 16:43:16.302945+00:00,2.2584882
2025-06-24 16:43:28.437906+00:00,2.258488
2025-06-24 16:43:40.898228+00:00,2.2584877
2025-06-24 16:43:54.048556+00:00,2.2584878
2025-06-24 16:44:06.271066+00:00,2.258488
2025-06-24 16:44:18.691972+00:00,2.258488
2025-06-24 16:44:32.668141+00:00,2.2584878
2025-06-24 16:44:43.580347+00:00,2.258488
2025-06-24 16:44:56.516749+00:00,2.2584881
2025-06-24 16:45:21.994312+00:00,2.258488
2025-06-24 16:45:35.233263+00:00,2.2584878
2025-06-24 16:45:47.249388+00:00,2.2584879
2025-06-24 16:45:59.808176+00:00,2.2584883
2025-06-24 16:46:11.872404+00:00,2.2584883
2025-06-24 16:46:24.078963+00:00,2.2584876
2025-06-24 16:46:37.032938+00:00,2.2584879
2025-06-24 16:46:49.659462+00:00,2.258488
2025-06-24 16:47:09.623781+00:00,2.2584883
2025-06-24 16:47:15.456937+00:00,2.2584878
2025-06-24 16:47:48.868052+00:00,2.2584879
2025-06-24 16:47:52.410800+00:00,2.258488
2025-06-24 16:48:07.644390+00:00,2.2584884
2025-06-24 16:48:18.167737+00:00,2.2584876
2025-06-24 16:48:30.395292+00:00,2.2584884
2025-06-24 16:48:48.119662+00:00,2.2584876
2025-06-24 16:48:55.450319+00:00,2.2584884
2025-06-24 16:49:08.837527+00:00,2.2584877
2025-06-24 16:49:39.743374+00:00,2.2584876
2025-06-24 16:50:30.428275+00:00,2.258488
2025-06-24 16:50:37.950735+00:00,2.258488
2025-06-24 16:50:50.432687+00:00,2.2584876
2025-06-24 16:51:03.116941+00:00,2.2584879
2025-06-24 16:51:17.272689+00:00,2.2584884
2025-06-24 16:51:43.347627+00:00,2.2584884
2025-06-24 16:51:59.592900+00:00,2.2584878
2025-06-24 16:52:06.987803+00:00,2.2584882
2025-06-24 16:52:20.893774+00:00,2.2584881
2025-06-24 16:52:44.736944+00:00,2.258488
2025-06-24 16:52:57.318627+00:00,2.2584877
2025-06-24 16:53:23.284631+00:00,2.258488
2025-06-24 16:53:38.398346+00:00,2.2584883
2025-06-24 16:54:00.843085+00:00,2.2584882
2025-06-24 16:54:13.637572+00:00,2.2584875
2025-06-24 16:54:25.325745+00:00,2.2584882
2025-06-24 16:54:37.776136+00:00,2.258488
2025-06-24 16:54:50.232139+00:00,2.2584884
2025-06-24 16:55:03.084763+00:00,2.2584883
2025-06-24 16:55:16.943188+00:00,2.2584877
2025-06-24 16:55:28.642363+00:00,2.2584879
2025-06-24 16:55:41.217648+00:00,2.2584877
2025-06-24 16:55:53.320148+00:00,2.2584879
2025-06-24 16:56:06.169875+00:00,2.2584881
2025-06-24 16:56:31.157675+00:00,2.2584876
2025-06-24 16:56:49.949301+00:00,2.258488
2025-06-24 16:56:55.952168+00:00,2.2584879
2025-06-24 16:57:09.109160+00:00,2.2584878
2025-06-24 16:57:21.167070+00:00,2.2584882
2025-06-24 16:57:34.207472+00:00,2.2584881
2025-06-24 16:57:46.907072+00:00,2.2584881
2025-06-24 16:58:13.437077+00:00,2.2584882
2025-06-24 16:58:36.942066+00:00,2.2584879
2025-06-24 16:58:49.191239+00:00,2.2584884
2025-06-24 16:59:02.508567+00:00,2.2584884
2025-06-24 16:59:29.315343+00:00,2.2584879
2025-06-24 16:59:39.371685+00:00,2.2584883
2025-06-24 16:59:51.927688+00:00,2.2584878
2025-06-24 17:00:11.146522+00:00,2.2584878
2025-06-24 17:00:21.553879+00:00,2.2584878
2025-06-24 17:00:30.670187+00:00,2.2584877
2025-06-24 17:00:43.118363+00:00,2.2584879
2025-06-24 17:00:55.743323+00:00,2.2584879
2025-06-24 17:01:08.845509+00:00,2.2584877
2025-06-24 17:01:56.844985+00:00,2.2584884
2025-06-24 17:01:59.628396+00:00,2.2584874
2025-06-24 17:02:12.617174+00:00,2.2584877
2025-06-24 17:02:24.995575+00:00,2.2584881
2025-06-24 17:02:38.072297+00:00,2.2584882
2025-06-24 17:02:50.356927+00:00,2.2584884
2025-06-24 17:03:04.040879+00:00,2.2584869
2025-06-24 17:03:16.390770+00:00,2.2584882
2025-06-24 17:03:28.539529+00:00,2.258488
2025-06-24 17:03:41.198364+00:00,2.2584884
2025-06-24 17:04:07.402657+00:00,2.2584877
2025-06-24 17:04:19.645948+00:00,2.2584882
2025-06-24 17:04:34.218105+00:00,2.2584882
2025-06-24 17:04:44.904038+00:00,2.2584882
2025-06-24 17:04:57.174757+00:00,2.258488
2025-06-24 17:05:11.146676+00:00,2.2584876
2025-06-24 17:05:22.418946+00:00,2.258488
2025-06-24 17:05:35.245646+00:00,2.2584884
2025-06-24 17:05:48.366990+00:00,2.2584877
2025-06-24 17:06:17.509633+00:00,2.2584884
2025-06-24 17:06:27.348030+00:00,2.2584878
2025-06-24 17:07:03.535534+00:00,2.2584881
2025-06-24 17:07:15.801056+00:00,2.2584881
2025-06-24 17:07:28.148577+00:00,2.2584876
2025-06-24 17:07:53.038853+00:00,2.2584879
2025-06-24 17:08:06.410446+00:00,2.2584879
2025-06-24 17:08:18.982720+00:00,2.2584879
2025-06-24 17:08:32.089877+00:00,2.2584878
2025-06-24 17:08:43.404684+00:00,2.2584884
2025-06-24 17:08:56.345364+00:00,2.2584878
2025-06-24 17:09:25.956686+00:00,2.2584876
2025-06-24 17:09:59.533497+00:00,2.2584878
2025-06-24 17:10:37.695585+00:00,2.2584883
2025-06-24 17:10:49.678530+00:00,2.2584874
2025-06-24 17:11:03.879060+00:00,2.2584884
2025-06-24 17:11:29.177745+00:00,2.258488
2025-06-24 17:11:40.187384+00:00,2.2584883
2025-06-24 17:12:06.311032+00:00,2.2584879
2025-06-24 17:12:31.418801+00:00,2.2584884
2025-06-24 17:12:57.193304+00:00,2.2584882
2025-06-24 17:13:13.583209+00:00,2.2584881
2025-06-24 17:13:36.192761+00:00,2.2584876
2025-06-24 17:13:50.290543+00:00,2.2584879
2025-06-24 17:14:00.868338+00:00,2.258488
2025-06-24 17:14:13.564975+00:00,2.258488
2025-06-24 17:14:26.448975+00:00,2.2584877
2025-06-24 17:14:43.960937+00:00,2.2584877
2025-06-24 17:14:51.591209+00:00,2.2584882
2025-06-24 17:15:06.580541+00:00,2.2584883
2025-06-24 17:15:17.731575+00:00,2.2584875
2025-06-24 17:15:58.550034+00:00,2.2584882
2025-06-24 17:16:09.712927+00:00,2.2584881
2025-06-24 17:16:23.636431+00:00,2.2584875
2025-06-24 17:16:37.415400+00:00,2.2584878
2025-06-24 17:16:44.230102+00:00,2.258488
2025-06-24 17:17:09.502283+00:00,2.2584876
2025-06-24 17:17:22.594675+00:00,2.2584874
2025-06-24 17:17:34.406769+00:00,2.2584876
2025-06-24 17:17:47.061128+00:00,2.2584883
2025-06-24 17:17:59.306067+00:00,2.2584878
2025-06-24 17:18:12.739241+00:00,2.2584881
2025-06-24 17:18:24.835743+00:00,2.2584878
2025-06-24 17:18:49.663583+00:00,2.2584877
2025-06-24 17:19:02.868545+00:00,2.2584877
2025-06-24 17:19:15.375733+00:00,2.2584882
2025-06-24 17:19:31.975384+00:00,2.2584874
2025-06-24 17:19:53.446509+00:00,2.2584883
2025-06-24 17:20:05.927815+00:00,2.2584881
2025-06-24 17:20:18.307301+00:00,2.2584883
2025-06-24 17:20:31.228537+00:00,2.2584878
2025-06-24 17:20:50.037330+00:00,2.2584878
2025-06-24 17:20:56.088218+00:00,2.2584881
2025-06-24 17:21:09.497168+00:00,2.2584877
2025-06-24 17:21:24.311745+00:00,2.2584882
2025-06-24 17:21:35.596094+00:00,2.2584883
2025-06-24 17:22:38.904304+00:00,2.2584881
2025-06-24 17:22:53.049973+00:00,2.2584881
2025-06-24 17:23:04.436194+00:00,2.2584877
2025-06-24 17:23:17.573177+00:00,2.2584883
2025-06-24 17:23:42.492473+00:00,2.2584884
2025-06-24 17:23:59.692868+00:00,2.2584881
2025-06-24 17:24:08.218105+00:00,2.258488
2025-06-24 17:24:26.625330+00:00,2.2584879
2025-06-24 17:24:35.954882+00:00,2.2584882
2025-06-24 17:24:48.314965+00:00,2.2584884
2025-06-24 17:24:59.533748+00:00,2.2584884
2025-06-24 17:25:30.706392+00:00,2.258488
2025-06-24 17:25:36.326865+00:00,2.2584883
2025-06-24 17:25:48.774215+00:00,2.2584874
2025-06-24 17:26:03.767010+00:00,2.2584881
2025-06-24 17:26:17.857323+00:00,2.2584882
2025-06-24 17:26:51.413053+00:00,2.2584882
2025-06-24 17:27:17.204970+00:00,2.2584878
2025-06-24 17:27:29.271301+00:00,2.2584882
2025-06-24 17:27:41.957495+00:00,2.2584875
2025-06-24 17:27:54.476034+00:00,2.2584879
2025-06-24 17:28:16.495928+00:00,2.2584877
2025-06-24 17:28:36.654475+00:00,2.2584884
2025-06-24 17:28:44.908674+00:00,2.2584876
2025-06-24 17:28:59.486902+00:00,2.2584884
2025-06-24 17:29:11.054172+00:00,2.258488
2025-06-24 17:29:35.913894+00:00,2.2584882
2025-06-24 17:29:47.744123+00:00,2.2584877
2025-06-24 17:30:00.621417+00:00,2.2584884
2025-06-24 17:30:13.294043+00:00,2.2584881
2025-06-24 17:30:26.027108+00:00,2.258488
2025-06-24 17:30:38.738112+00:00,2.2584879
2025-06-24 17:30:51.156691+00:00,2.2584883
2025-06-24 17:31:17.659718+00:00,2.2584877
2025-06-24 17:31:42.812856+00:00,2.2584879
2025-06-24 17:31:55.775190+00:00,2.2584883
2025-06-24 17:32:08.682850+00:00,2.2584883
2025-06-24 17:32:21.023632+00:00,2.2584875
2025-06-24 17:32:34.066549+00:00,2.2584877
2025-06-24 17:32:59.725881+00:00,2.2584882
2025-06-24 17:33:12.056372+00:00,2.2584881
2025-06-24 17:33:24.893210+00:00,2.2584878
2025-06-24 17:33:37.719090+00:00,2.2584883
2025-06-24 17:33:50.350152+00:00,2.258488
2025-06-24 17:34:07.196175+00:00,2.2584883
2025-06-24 17:34:16.338473+00:00,2.2584878
2025-06-24 17:34:31.372245+00:00,2.2584879
2025-06-24 17:34:41.729854+00:00,2.2584884
2025-06-24 17:34:53.311410+00:00,2.2584877
2025-06-24 17:35:21.168404+00:00,2.2584881
2025-06-24 17:35:44.202701+00:00,2.2584876
2025-06-24 17:35:56.421508+00:00,2.2584877
2025-06-24 17:36:09.340880+00:00,2.2584877
2025-06-24 17:36:21.238824+00:00,2.2584878
2025-06-24 17:36:34.197243+00:00,2.2584879
2025-06-24 17:36:58.950705+00:00,2.2584882
2025-06-24 17:37:12.582967+00:00,2.2584883
2025-06-24 17:37:24.123500+00:00,2.2584878
2025-06-24 17:37:37.729046+00:00,2.258488
2025-06-24 17:37:49.128154+00:00,2.2584884
2025-06-24 17:38:01.874048+00:00,2.2584878
2025-06-24 17:38:14.520414+00:00,2.2584877
2025-06-24 17:38:41.769733+00:00,2.2584879
2025-06-24 17:39:04.808138+00:00,2.2584879
2025-06-24 17:40:33.559432+00:00,2.2584881
2025-06-24 17:40:46.539917+00:00,2.2584878
2025-06-24 17:40:59.383594+00:00,2.2584883
2025-06-24 17:41:13.237461+00:00,2.2584881
2025-06-24 17:41:25.628311+00:00,2.2584877
2025-06-24 17:41:37.656864+00:00,2.2584877
2025-06-24 17:42:03.801596+00:00,2.2584879
2025-06-24 17:42:16.393105+00:00,2.2584879
2025-06-24 17:42:28.773775+00:00,2.258488
2025-06-24 17:42:41.352027+00:00,2.2584875
2025-06-24 17:42:54.023790+00:00,2.2584879
2025-06-24 17:43:19.864207+00:00,2.2584874
2025-06-24 17:43:32.440019+00:00,2.2584883
2025-06-24 17:43:45.774250+00:00,2.2584884
2025-06-24 17:43:57.900205+00:00,2.2584883
2025-06-24 17:44:10.638216+00:00,2.258488
2025-06-24 17:44:23.176120+00:00,2.2584877
2025-06-24 17:44:35.931009+00:00,2.2584877
2025-06-24 17:44:48.004308+00:00,2.2584883
2025-06-24 17:45:00.079514+00:00,2.2584876
2025-06-24 17:45:12.728624+00:00,2.2584878
2025-06-24 17:45:25.280341+00:00,2.2584878
2025-06-24 17:45:38.262755+00:00,2.2584884
2025-06-24 17:45:50.318801+00:00,2.258488
2025-06-24 17:46:03.233485+00:00,2.2584877
2025-06-24 17:46:15.745222+00:00,2.2584874
2025-06-24 17:46:27.743579+00:00,2.2584879
2025-06-24 17:46:40.559367+00:00,2.2584877
2025-06-24 17:46:52.886341+00:00,2.258488
2025-06-24 17:47:05.569587+00:00,2.2584877
2025-06-24 17:47:18.154039+00:00,2.2584876
2025-06-24 17:47:30.566581+00:00,2.2584881
2025-06-24 17:47:42.949533+00:00,2.2584877
2025-06-24 17:47:55.679445+00:00,2.2584879
2025-06-24 17:48:08.406288+00:00,2.2584882
2025-06-24 17:48:21.869743+00:00,2.2584874
2025-06-24 17:48:46.183171+00:00,2.2584884
2025-06-24 17:48:58.797639+00:00,2.258488
2025-06-24 17:49:11.597983+00:00,2.2584882
2025-06-24 17:49:24.099638+00:00,2.2584879
2025-06-24 17:49:36.614277+00:00,2.2584883
2025-06-24 17:50:09.189766+00:00,2.2584882
2025-06-24 17:50:21.523445+00:00,2.2584884
2025-06-24 17:50:28.431450+00:00,2.2584882
2025-06-24 17:51:31.963149+00:00,2.2584879
2025-06-24 17:51:57.268857+00:00,2.2584876
2025-06-24 17:52:22.264154+00:00,2.2584884
2025-06-24 17:52:35.054376+00:00,2.2584879
2025-06-24 17:52:49.468880+00:00,2.2584883
2025-06-24 17:53:00.813945+00:00,2.2584877
2025-06-24 17:53:13.884978+00:00,2.2584877
2025-06-24 17:53:25.743183+00:00,2.2584879
2025-06-24 17:53:38.474349+00:00,2.2584875
2025-06-24 17:54:03.927501+00:00,2.2584881
2025-06-24 17:54:16.009538+00:00,2.2584883
2025-06-24 17:54:28.377641+00:00,2.2584881
2025-06-24 17:54:53.725104+00:00,2.2584884
2025-06-24 17:55:20.983748+00:00,2.2584882
2025-06-24 17:55:44.466472+00:00,2.2584881
2025-06-24 17:55:57.317193+00:00,2.2584875
2025-06-24 17:56:09.905411+00:00,2.2584883
2025-06-24 17:56:21.966170+00:00,2.2584881
2025-06-24 17:56:34.526371+00:00,2.2584878
2025-06-24 17:56:48.120433+00:00,2.2584883
2025-06-24 17:57:00.179525+00:00,2.258488
2025-06-24 17:57:12.888310+00:00,2.258488
2025-06-24 17:57:28.329866+00:00,2.2584881
2025-06-24 17:57:38.032089+00:00,2.2584877
2025-06-24 17:57:50.265844+00:00,2.2584881
2025-06-24 17:58:19.081025+00:00,2.2584879
2025-06-24 17:58:53.307029+00:00,2.2584876
2025-06-24 17:59:07.476510+00:00,2.2584877
2025-06-24 17:59:44.252575+00:00,2.2584883
2025-06-24 17:59:56.835518+00:00,2.2584877
2025-06-24 18:00:11.269482+00:00,2.2584879
2025-06-24 18:00:22.305038+00:00,2.2584883
2025-06-24 18:00:35.750697+00:00,2.2584876
2025-06-24 18:00:48.052846+00:00,2.2584882
2025-06-24 18:01:01.049736+00:00,2.258488
2025-06-24 18:01:14.143316+00:00,2.258488
2025-06-24 18:01:26.172373+00:00,2.2584883
2025-06-24 18:01:38.914165+00:00,2.258488
2025-06-24 18:01:51.933563+00:00,2.2584876
2025-06-24 18:02:04.473356+00:00,2.2584878
2025-06-24 18:02:17.907255+00:00,2.2584881
2025-06-24 18:02:29.305132+00:00,2.2584879
2025-06-24 18:02:42.234835+00:00,2.2584878
2025-06-24 18:03:07.898422+00:00,2.2584876
2025-06-24 18:03:33.398672+00:00,2.2584879
2025-06-24 18:03:45.312247+00:00,2.2584879
2025-06-24 18:03:57.676432+00:00,2.2584879
2025-06-24 18:04:10.811779+00:00,2.258488
2025-06-24 18:04:22.787721+00:00,2.2584883
2025-06-24 18:04:48.122165+00:00,2.2584884
2025-06-24 18:05:00.734247+00:00,2.2584878
2025-06-24 18:05:13.419058+00:00,2.2584883
2025-06-24 18:05:26.294260+00:00,2.258488
2025-06-24 18:05:51.067369+00:00,2.2584878
2025-06-24 18:06:03.816733+00:00,2.2584883
2025-06-24 18:06:30.625331+00:00,2.2584884
2025-06-24 18:06:49.731160+00:00,2.2584881
2025-06-24 18:07:06.943446+00:00,2.2584879
2025-06-24 18:07:21.319972+00:00,2.2584877
2025-06-24 18:08:47.171841+00:00,2.2584879
2025-06-24 18:09:27.286454+00:00,2.2584884
2025-06-24 18:09:49.603932+00:00,2.2584882
2025-06-24 18:10:03.563074+00:00,2.2584883
2025-06-24 18:10:14.705393+00:00,2.2584881
2025-06-24 18:10:48.430573+00:00,2.258488
2025-06-24 18:11:16.467970+00:00,2.2584878
2025-06-24 18:11:18.968921+00:00,2.2584882
2025-06-24 18:11:31.825866+00:00,2.2584876
2025-06-24 18:11:44.294661+00:00,2.2584878
2025-06-24 18:11:57.108880+00:00,2.2584882
2025-06-24 18:12:10.315653+00:00,2.2584876
2025-06-24 18:12:35.484729+00:00,2.2584879
2025-06-24 18:12:48.808796+00:00,2.2584881
2025-06-24 18:13:00.989028+00:00,2.2584883
2025-06-24 18:13:13.742228+00:00,2.2584882
2025-06-24 18:13:52.173107+00:00,2.2584884
2025-06-24 18:14:04.904455+00:00,2.2584884
2025-06-24 18:14:17.876951+00:00,2.258488
2025-06-24 18:14:30.225805+00:00,2.2584881
2025-06-24 18:14:45.562394+00:00,2.2584882
2025-06-24 18:14:55.845382+00:00,2.2584877
2025-06-24 18:15:08.462212+00:00,2.2584882
2025-06-24 18:15:20.737377+00:00,2.2584883
2025-06-24 18:15:36.472559+00:00,2.2584882
2025-06-24 18:15:45.638912+00:00,2.2584883
2025-06-24 18:15:59.288734+00:00,2.2584879
2025-06-24 18:16:23.173992+00:00,2.258488
2025-06-24 18:16:36.750632+00:00,2.2584884
2025-06-24 18:16:48.634000+00:00,2.2584883
2025-06-24 18:17:01.058886+00:00,2.2584884
2025-06-24 18:17:13.913398+00:00,2.2584879
2025-06-24 18:17:27.311755+00:00,2.2584875
2025-06-24 18:17:38.939647+00:00,2.258488
2025-06-24 18:17:51.434200+00:00,2.2584882
2025-06-24 18:18:16.339502+00:00,2.2584884
2025-06-24 18:18:29.757855+00:00,2.2584881
2025-06-24 18:18:41.778240+00:00,2.2584879
2025-06-24 18:18:54.442343+00:00,2.2584878
2025-06-24 18:19:07.277084+00:00,2.2584884
2025-06-24 18:19:33.071682+00:00,2.2584883
2025-06-24 18:20:11.387818+00:00,2.2584876
2025-06-24 18:20:22.112785+00:00,2.2584879
2025-06-24 18:20:35.164411+00:00,2.2584883
2025-06-24 18:20:56.813957+00:00,2.2584881
2025-06-24 18:21:00.788360+00:00,2.2584877
2025-06-24 18:21:50.769257+00:00,2.2584879
2025-06-24 18:22:04.455435+00:00,2.2584883
2025-06-24 18:22:17.990135+00:00,2.2584884
2025-06-24 18:22:30.502076+00:00,2.2584878
2025-06-24 18:22:42.237336+00:00,2.258488
2025-06-24 18:22:58.056838+00:00,2.2584884
2025-06-24 18:23:08.169417+00:00,2.2584881
2025-06-24 18:23:34.363894+00:00,2.2584881
2025-06-24 18:23:45.980799+00:00,2.2584884
2025-06-24 18:23:58.621969+00:00,2.2584883
2025-06-24 18:24:11.999322+00:00,2.2584883
2025-06-24 18:24:24.208365+00:00,2.2584879
2025-06-24 18:24:36.702651+00:00,2.2584882
2025-06-24 18:24:49.639831+00:00,2.2584883
2025-06-24 18:25:02.219657+00:00,2.2584873
2025-06-24 18:25:31.881381+00:00,2.2584883
2025-06-24 18:25:57.195956+00:00,2.2584881
2025-06-24 18:26:17.908281+00:00,2.2584881
2025-06-24 18:26:29.625479+00:00,2.2584878
2025-06-24 18:27:05.561243+00:00,2.258488
2025-06-24 18:27:32.585144+00:00,2.2584882
2025-06-24 18:27:45.133155+00:00,2.2584882
2025-06-24 18:27:58.425917+00:00,2.2584875
2025-06-24 18:28:11.650457+00:00,2.2584879
2025-06-24 18:28:22.663080+00:00,2.2584882
2025-06-24 18:28:35.001748+00:00,2.2584879
2025-06-24 18:28:49.012884+00:00,2.258488
2025-06-24 18:29:05.407946+00:00,2.2584883
2025-06-24 18:29:21.309989+00:00,2.2584879
2025-06-24 18:29:50.633129+00:00,2.2584881
2025-06-24 18:30:04.680112+00:00,2.2584878
2025-06-24 18:32:10.154454+00:00,2.2584878
2025-06-24 18:32:22.072266+00:00,2.2584877
2025-06-24 18:32:35.336658+00:00,2.2584881
2025-06-24 18:32:48.215312+00:00,2.2584875
2025-06-24 18:33:00.920552+00:00,2.2584879
2025-06-24 18:33:13.409216+00:00,2.2584881
2025-06-24 18:33:25.880233+00:00,2.2584882
2025-06-24 18:34:04.219321+00:00,2.2584884
2025-06-24 18:35:21.475528+00:00,2.2584883
2025-06-24 18:35:33.344779+00:00,2.2584881
2025-06-24 18:35:45.583057+00:00,2.2584883
2025-06-24 18:35:57.909298+00:00,2.2584882
2025-06-24 18:36:10.755523+00:00,2.258488
2025-06-24 18:36:24.576885+00:00,2.2584878
2025-06-24 18:36:35.419831+00:00,2.2584878
2025-06-24 18:36:49.110591+00:00,2.2584877
2025-06-24 18:37:00.746748+00:00,2.2584879
2025-06-24 18:37:19.057480+00:00,2.2584877
2025-06-24 18:38:24.893754+00:00,2.2584875
2025-06-24 18:39:07.892937+00:00,2.2584878
2025-06-24 18:39:19.458799+00:00,2.2584883
2025-06-24 18:39:32.225844+00:00,2.2584883
2025-06-24 18:39:44.229574+00:00,2.2584883
2025-06-24 18:39:57.654396+00:00,2.2584883
2025-06-24 18:40:09.811258+00:00,2.2584879
2025-06-24 18:40:22.542100+00:00,2.2584882
2025-06-24 18:40:35.240887+00:00,2.258488
2025-06-24 18:40:47.466387+00:00,2.2584875
2025-06-24 18:40:59.758983+00:00,2.2584882
2025-06-24 18:41:24.794627+00:00,2.258488
2025-06-24 18:41:37.156055+00:00,2.2584878
2025-06-24 18:42:14.994948+00:00,2.2584883
2025-06-24 18:42:41.712032+00:00,2.258488
2025-06-24 18:44:10.437214+00:00,2.2584877
2025-06-24 18:44:57.629343+00:00,2.2584883
2025-06-24 18:45:01.551718+00:00,2.2584875
2025-06-24 18:45:40.795031+00:00,2.258488
2025-06-24 18:46:25.618596+00:00,2.2584882
2025-06-24 18:46:33.736716+00:00,2.2584884
2025-06-24 18:46:55.676392+00:00,2.2584882
2025-06-24 18:47:32.783667+00:00,2.2584882
2025-06-24 18:49:24.806801+00:00,2.2584883
2025-06-24 18:49:26.760720+00:00,2.2584881
2025-06-24 18:49:39.099934+00:00,2.2584878
2025-06-24 18:49:51.506313+00:00,2.2584882
2025-06-24 18:50:04.462694+00:00,2.2584881
2025-06-24 18:50:16.705945+00:00,2.2584881
2025-06-24 18:50:29.446077+00:00,2.2584884
2025-06-24 18:50:41.921905+00:00,2.2584872
2025-06-24 18:50:54.555194+00:00,2.2584883
2025-06-24 18:51:07.619673+00:00,2.2584882
2025-06-24 18:51:19.597942+00:00,2.2584883
2025-06-24 18:51:32.403766+00:00,2.2584882
2025-06-24 18:51:44.407050+00:00,2.2584884
2025-06-24 18:51:57.033111+00:00,2.258488
2025-06-24 18:52:21.902565+00:00,2.2584881
2025-06-24 18:52:34.616070+00:00,2.2584879
2025-06-24 18:52:46.991697+00:00,2.2584872
2025-06-24 18:53:12.386578+00:00,2.258488
2025-06-24 18:53:24.416444+00:00,2.2584884
2025-06-24 18:53:49.961354+00:00,2.2584884
2025-06-24 18:54:02.732598+00:00,2.2584884
2025-06-24 18:54:21.126963+00:00,2.2584881
2025-06-24 18:54:29.257543+00:00,2.258488
2025-06-24 18:54:40.431301+00:00,2.2584879
2025-06-24 18:55:07.797381+00:00,2.2584879
2025-06-24 18:56:10.385731+00:00,2.2584882
2025-06-24 18:56:22.935253+00:00,2.258488
2025-06-24 18:56:48.328591+00:00,2.258488
2025-06-24 18:57:01.095264+00:00,2.2584884
2025-06-24 18:57:13.946130+00:00,2.2584876
2025-06-24 19:00:19.863165+00:00,2.2584881
2025-06-24 19:01:00.550194+00:00,2.2584882
2025-06-24 19:01:14.159019+00:00,2.2584882
2025-06-24 19:01:25.473110+00:00,2.2584881
2025-06-24 19:01:39.509556+00:00,2.2584881
2025-06-24 19:01:51.403099+00:00,2.2584882
2025-06-24 19:02:05.167360+00:00,2.2584881
2025-06-24 19:02:17.775304+00:00,2.2584884
2025-06-24 19:02:40.892030+00:00,2.2584878
2025-06-24 19:02:53.747466+00:00,2.2584882
2025-06-24 19:03:13.683945+00:00,2.2584882
2025-06-24 19:03:32.352661+00:00,2.2584882
2025-06-24 19:04:08.867132+00:00,2.2584879
2025-06-24 19:04:22.671489+00:00,2.258488
2025-06-24 19:04:34.596871+00:00,2.2584879
2025-06-24 19:04:50.078346+00:00,2.2584884
2025-06-24 19:05:46.965588+00:00,2.2584875
2025-06-24 19:06:05.848180+00:00,2.2584883
2025-06-24 19:06:19.498529+00:00,2.2584881
2025-06-24 19:06:29.202583+00:00,2.2584878
2025-06-24 19:06:42.071398+00:00,2.2584883
2025-06-24 19:07:07.829674+00:00,2.2584877
2025-06-24 19:07:32.980100+00:00,2.2584882
2025-06-24 19:07:45.917982+00:00,2.2584881
2025-06-24 19:07:58.226959+00:00,2.2584881
2025-06-24 19:08:11.133557+00:00,2.258488
2025-06-24 19:08:48.522369+00:00,2.258488
2025-06-24 19:09:00.892885+00:00,2.2584883
2025-06-24 19:09:25.712803+00:00,2.258488
2025-06-24 19:09:38.139210+00:00,2.2584882
2025-06-24 19:09:50.773819+00:00,2.258488
2025-06-24 19:10:03.982548+00:00,2.2584877
2025-06-24 19:10:16.466415+00:00,2.2584878
2025-06-24 19:10:33.499087+00:00,2.2584876
2025-06-24 19:10:54.078253+00:00,2.2584882
2025-06-24 19:11:07.616313+00:00,2.258488
2025-06-24 19:11:19.290370+00:00,2.2584884
2025-06-24 19:11:32.056769+00:00,2.2584878
2025-06-24 19:11:44.289552+00:00,2.2584877
2025-06-24 19:11:56.675868+00:00,2.2584879
2025-06-24 19:12:21.734530+00:00,2.2584879
2025-06-24 19:12:42.065210+00:00,2.2584876
2025-06-24 19:12:47.369100+00:00,2.2584878
2025-06-24 19:12:59.498262+00:00,2.2584878
2025-06-24 19:13:13.337686+00:00,2.258488
2025-06-24 19:13:24.335140+00:00,2.2584882
2025-06-24 19:13:36.875152+00:00,2.2584877
2025-06-24 19:13:49.509760+00:00,2.2584884
2025-06-24 19:14:02.180420+00:00,2.2584882
2025-06-24 19:14:27.455461+00:00,2.258488
2025-06-24 19:14:52.894189+00:00,2.2584882
2025-06-24 19:15:05.887456+00:00,2.2584884
2025-06-24 19:15:18.627180+00:00,2.2584882
2025-06-24 19:15:31.434973+00:00,2.2584881
2025-06-24 19:15:44.095178+00:00,2.2584877
2025-06-24 19:15:56.767186+00:00,2.2584878
2025-06-24 19:16:22.538738+00:00,2.258488
2025-06-24 19:16:55.451550+00:00,2.2584879
2025-06-24 19:17:00.999565+00:00,2.2584879
2025-06-24 19:17:51.536375+00:00,2.2584881
2025-06-24 19:18:04.356584+00:00,2.2584884
2025-06-24 19:18:16.968748+00:00,2.2584878
2025-06-24 19:18:29.275641+00:00,2.2584876
2025-06-24 19:18:41.571521+00:00,2.2584882
2025-06-24 19:18:54.516831+00:00,2.2584878
2025-06-24 19:19:06.796217+00:00,2.2584881
2025-06-24 19:19:19.451506+00:00,2.258488
2025-06-24 19:19:31.720871+00:00,2.2584879
2025-06-24 19:20:10.894993+00:00,2.2584881
2025-06-24 19:21:37.540990+00:00,2.2584882
2025-06-24 19:21:50.552333+00:00,2.2584882
2025-06-24 19:23:30.288347+00:00,2.2584884
2025-06-24 19:23:43.523057+00:00,2.2584883
2025-06-24 19:23:56.097944+00:00,2.2584874
2025-06-24 19:24:21.288975+00:00,2.258488
2025-06-24 19:26:06.593165+00:00,2.2584882
2025-06-24 19:26:16.594511+00:00,2.2584881
2025-06-24 19:26:55.680885+00:00,2.2584884
2025-06-24 19:27:30.388336+00:00,2.2584881
2025-06-24 19:27:34.664802+00:00,2.2584877
2025-06-24 19:27:57.497028+00:00,2.2584879
2025-06-24 19:28:10.657320+00:00,2.2584879
2025-06-24 19:28:22.831981+00:00,2.258488
2025-06-24 19:28:35.582805+00:00,2.2584879
2025-06-24 19:28:48.543909+00:00,2.2584882
2025-06-24 19:29:13.370762+00:00,2.2584879
2025-06-24 19:29:25.819989+00:00,2.2584884
2025-06-24 19:30:16.686796+00:00,2.2584873
2025-06-24 19:30:29.064808+00:00,2.2584884
2025-06-24 19:30:41.777647+00:00,2.2584879
2025-06-24 19:30:54.027737+00:00,2.258488
2025-06-24 19:31:32.118674+00:00,2.2584879
2025-06-24 19:33:22.580869+00:00,2.2584882
2025-06-24 19:33:42.189235+00:00,2.2584882
2025-06-24 19:34:02.404524+00:00,2.2584875
2025-06-24 19:34:14.539551+00:00,2.2584877
2025-06-24 19:34:27.701821+00:00,2.258488
2025-06-24 19:34:39.785306+00:00,2.2584876
2025-06-24 19:34:54.486284+00:00,2.258488
2025-06-24 19:35:04.686891+00:00,2.2584884
2025-06-24 19:35:35.828447+00:00,2.2584883
2025-06-24 19:35:42.731050+00:00,2.2584882
2025-06-24 19:35:56.794638+00:00,2.2584884
2025-06-24 19:36:09.273663+00:00,2.2584881
2025-06-24 19:36:34.270717+00:00,2.258488
2025-06-24 19:36:48.586761+00:00,2.2584884
2025-06-24 19:37:13.084730+00:00,2.2584883
2025-06-24 19:37:25.519774+00:00,2.2584882
2025-06-24 19:37:38.000756+00:00,2.2584884
2025-06-24 19:38:03.584020+00:00,2.258488
2025-06-24 19:38:43.702157+00:00,2.2584872
2025-06-24 19:39:18.828760+00:00,2.2584883
2025-06-24 19:39:32.704015+00:00,2.2584881
2025-06-24 19:39:57.292038+00:00,2.2584872
2025-06-24 19:40:23.074701+00:00,2.2584884
2025-06-24 19:40:35.563863+00:00,2.2584878
2025-06-24 19:40:48.269404+00:00,2.2584884
2025-06-24 19:41:13.032290+00:00,2.258488
2025-06-24 19:41:26.241717+00:00,2.258488
2025-06-24 19:41:38.598674+00:00,2.2584881
2025-06-24 19:41:51.324635+00:00,2.2584874
2025-06-24 19:42:21.795463+00:00,2.258488
2025-06-24 19:42:29.023447+00:00,2.2584883
2025-06-24 19:42:41.753923+00:00,2.258488
2025-06-24 19:42:54.363266+00:00,2.2584877
2025-06-24 19:43:32.247032+00:00,2.2584872
2025-06-24 19:44:49.614741+00:00,2.2584876
2025-06-24 19:45:12.979597+00:00,2.2584882
2025-06-24 19:45:25.814125+00:00,2.2584877
2025-06-24 19:45:39.921651+00:00,2.2584878
2025-06-24 19:45:50.962935+00:00,2.258487
2025-06-24 19:46:04.098843+00:00,2.2584878
2025-06-24 19:46:29.445107+00:00,2.2584879
2025-06-24 19:46:54.766785+00:00,2.2584881
2025-06-24 19:47:07.964676+00:00,2.2584881
2025-06-24 19:47:33.241954+00:00,2.2584881
2025-06-24 19:47:45.900436+00:00,2.2584875
2025-06-24 19:48:23.698296+00:00,2.2584881
2025-06-24 19:48:36.893222+00:00,2.2584881
2025-06-24 19:48:53.948374+00:00,2.2584883
2025-06-24 19:50:54.173433+00:00,2.2584883
2025-06-24 19:51:09.390228+00:00,2.2584884
2025-06-24 19:51:19.848088+00:00,2.2584879
2025-06-24 19:51:44.531002+00:00,2.2584881
2025-06-24 19:51:56.931633+00:00,2.2584878
2025-06-24 19:52:48.285244+00:00,2.2584882
2025-06-24 19:53:00.711231+00:00,2.2584879
2025-06-24 19:55:18.548885+00:00,2.2584868
2025-06-24 19:55:43.932127+00:00,2.2584879
