time,counts_ratio
2025-08-11 09:50:07.605869+00:00,2.2584874
2025-08-11 09:50:20.057299+00:00,2.2584877
2025-08-11 09:50:32.829683+00:00,2.2584871
2025-08-11 09:50:45.580156+00:00,2.2584865
2025-08-11 09:50:58.647538+00:00,2.2584875
2025-08-11 09:51:11.403247+00:00,2.2584875
2025-08-11 09:51:23.971863+00:00,2.2584877
2025-08-11 09:51:38.304751+00:00,2.2584877
2025-08-11 09:51:49.817881+00:00,2.2584875
2025-08-11 09:52:02.211815+00:00,2.2584869
2025-08-11 09:52:14.930067+00:00,2.2584878
2025-08-11 09:52:27.895906+00:00,2.2584879
2025-08-11 09:52:41.802760+00:00,2.2584875
2025-08-11 09:52:53.778456+00:00,2.2584873
2025-08-11 09:53:06.827591+00:00,2.2584872
2025-08-11 09:53:20.804903+00:00,2.2584869
2025-08-11 09:53:32.768453+00:00,2.2584878
2025-08-11 09:53:45.732776+00:00,2.2584874
2025-08-11 09:53:58.470941+00:00,2.2584877
2025-08-11 09:54:11.426239+00:00,2.2584874
2025-08-11 09:54:25.604031+00:00,2.2584876
2025-08-11 09:54:37.338440+00:00,2.2584873
2025-08-11 09:54:50.370218+00:00,2.2584869
2025-08-11 09:55:02.973041+00:00,2.2584867
2025-08-11 09:55:16.255341+00:00,2.2584875
2025-08-11 09:55:28.713714+00:00,2.2584869
2025-08-11 09:55:41.874282+00:00,2.2584875
2025-08-11 09:55:54.441825+00:00,2.2584877
2025-08-11 09:56:07.272285+00:00,2.2584874
2025-08-11 09:56:20.046573+00:00,2.2584875
2025-08-11 09:56:32.930297+00:00,2.2584872
2025-08-11 09:56:45.498709+00:00,2.2584873
2025-08-11 09:56:57.947205+00:00,2.2584875
2025-08-11 09:57:11.168718+00:00,2.2584872
2025-08-11 09:57:23.945101+00:00,2.2584876
2025-08-11 09:57:36.145402+00:00,2.258488
2025-08-11 09:57:48.848711+00:00,2.2584872
2025-08-11 09:58:02.337410+00:00,2.2584879
2025-08-11 09:58:14.621075+00:00,2.2584874
2025-08-11 09:58:27.959214+00:00,2.2584877
2025-08-11 09:58:40.345352+00:00,2.2584879
2025-08-11 09:58:53.262426+00:00,2.258487
2025-08-11 09:59:05.875180+00:00,2.2584877
2025-08-11 09:59:18.827512+00:00,2.2584874
2025-08-11 09:59:31.517198+00:00,2.2584869
2025-08-11 09:59:48.186933+00:00,2.2584872
2025-08-11 09:59:57.179377+00:00,2.2584875
2025-08-11 10:00:11.534402+00:00,2.2584871
2025-08-11 10:00:23.875527+00:00,2.2584869
2025-08-11 10:00:36.919460+00:00,2.258487
2025-08-11 10:00:48.207447+00:00,2.2584875
2025-08-11 10:01:01.413390+00:00,2.2584879
2025-08-11 10:01:13.645260+00:00,2.258487
2025-08-11 10:01:26.393393+00:00,2.2584874
2025-08-11 10:01:39.292491+00:00,2.2584879
2025-08-11 10:01:52.215666+00:00,2.2584869
2025-08-11 10:02:05.177958+00:00,2.2584873
2025-08-11 10:02:18.078736+00:00,2.2584875
2025-08-11 10:02:31.546315+00:00,2.2584881
2025-08-11 10:02:43.782710+00:00,2.2584869
2025-08-11 10:02:56.889833+00:00,2.2584877
2025-08-11 10:03:09.981866+00:00,2.2584875
2025-08-11 10:03:22.715321+00:00,2.2584873
2025-08-11 10:03:35.793590+00:00,2.258488
2025-08-11 10:03:48.658013+00:00,2.258487
2025-08-11 10:04:02.285537+00:00,2.2584876
2025-08-11 10:04:14.398225+00:00,2.2584878
2025-08-11 10:04:27.215931+00:00,2.2584864
2025-08-11 10:04:41.671219+00:00,2.2584876
2025-08-11 10:04:52.939230+00:00,2.2584873
2025-08-11 10:05:06.975432+00:00,2.2584876
2025-08-11 10:05:22.007927+00:00,2.2584878
2025-08-11 10:05:31.961875+00:00,2.2584875
2025-08-11 10:05:44.196410+00:00,2.258488
2025-08-11 10:05:57.063548+00:00,2.258487
2025-08-11 10:06:09.322205+00:00,2.2584875
2025-08-11 10:06:24.142347+00:00,2.2584871
2025-08-11 10:06:34.561972+00:00,2.258488
2025-08-11 10:06:47.297245+00:00,2.2584878
2025-08-11 10:06:59.952015+00:00,2.2584872
2025-08-11 10:07:12.793946+00:00,2.2584872
2025-08-11 10:07:26.556472+00:00,2.2584878
2025-08-11 10:07:38.047204+00:00,2.2584876
2025-08-11 10:07:50.955297+00:00,2.2584873
2025-08-11 10:08:03.855521+00:00,2.2584872
2025-08-11 10:08:16.759541+00:00,2.2584873
2025-08-11 10:08:29.439905+00:00,2.2584876
2025-08-11 10:08:44.242287+00:00,2.2584875
2025-08-11 10:08:55.334742+00:00,2.2584874
2025-08-11 10:09:09.325674+00:00,2.258487
2025-08-11 10:09:21.007371+00:00,2.2584872
2025-08-11 10:09:33.656733+00:00,2.2584868
2025-08-11 10:09:47.219636+00:00,2.2584871
2025-08-11 10:09:59.241800+00:00,2.2584876
2025-08-11 10:10:12.126412+00:00,2.2584877
2025-08-11 10:10:24.867306+00:00,2.2584871
2025-08-11 10:10:38.281938+00:00,2.2584876
2025-08-11 10:10:50.674870+00:00,2.2584875
2025-08-11 10:11:03.624208+00:00,2.2584874
2025-08-11 10:11:16.146695+00:00,2.2584875
2025-08-11 10:11:29.353368+00:00,2.2584869
2025-08-11 10:11:42.396933+00:00,2.2584879
2025-08-11 10:11:54.948025+00:00,2.2584878
2025-08-11 10:12:07.689459+00:00,2.2584877
2025-08-11 10:12:20.625933+00:00,2.2584868
2025-08-11 10:12:35.010401+00:00,2.2584875
2025-08-11 10:12:46.497079+00:00,2.258487
2025-08-11 10:12:59.815175+00:00,2.2584879
2025-08-11 10:13:12.576436+00:00,2.2584877
2025-08-11 10:13:25.289790+00:00,2.2584878
2025-08-11 10:13:38.453210+00:00,2.2584869
2025-08-11 10:13:51.361273+00:00,2.2584879
2025-08-11 10:14:04.269455+00:00,2.2584876
2025-08-11 10:14:18.029651+00:00,2.2584876
2025-08-11 10:14:30.019425+00:00,2.258488
2025-08-11 10:14:42.927875+00:00,2.2584879
2025-08-11 10:14:55.788020+00:00,2.2584877
2025-08-11 10:15:08.674432+00:00,2.2584877
2025-08-11 10:15:21.552938+00:00,2.258488
2025-08-11 10:15:34.932940+00:00,2.2584877
2025-08-11 10:15:47.409353+00:00,2.2584877
2025-08-11 10:15:59.903993+00:00,2.2584878
2025-08-11 10:16:12.547575+00:00,2.2584871
2025-08-11 10:16:25.218753+00:00,2.2584871
2025-08-11 10:16:37.907796+00:00,2.2584874
2025-08-11 10:16:50.961207+00:00,2.2584879
2025-08-11 10:17:03.299785+00:00,2.2584875
2025-08-11 10:17:16.240057+00:00,2.2584871
2025-08-11 10:17:29.065970+00:00,2.2584877
2025-08-11 10:17:41.929981+00:00,2.2584874
2025-08-11 10:17:55.218759+00:00,2.2584872
2025-08-11 10:18:08.681424+00:00,2.2584874
2025-08-11 10:18:20.373031+00:00,2.2584879
2025-08-11 10:18:33.006322+00:00,2.2584878
2025-08-11 10:18:45.988888+00:00,2.2584878
2025-08-11 10:18:58.498070+00:00,2.2584875
2025-08-11 10:19:11.405248+00:00,2.2584875
2025-08-11 10:19:23.942008+00:00,2.2584877
2025-08-11 10:19:36.971513+00:00,2.2584877
2025-08-11 10:19:50.116716+00:00,2.2584871
2025-08-11 10:20:02.822887+00:00,2.2584874
2025-08-11 10:20:16.642091+00:00,2.2584876
2025-08-11 10:20:29.456775+00:00,2.2584868
2025-08-11 10:20:41.222486+00:00,2.2584879
2025-08-11 10:20:54.053646+00:00,2.2584872
2025-08-11 10:21:07.841550+00:00,2.2584869
2025-08-11 10:21:19.500066+00:00,2.2584875
2025-08-11 10:21:32.258533+00:00,2.2584879
2025-08-11 10:21:47.324902+00:00,2.2584872
2025-08-11 10:21:57.855435+00:00,2.2584871
2025-08-11 10:22:10.868701+00:00,2.2584881
2025-08-11 10:22:24.002058+00:00,2.2584872
2025-08-11 10:22:36.725425+00:00,2.2584871
2025-08-11 10:22:49.083192+00:00,2.2584876
2025-08-11 10:23:02.393565+00:00,2.2584877
2025-08-11 10:23:15.148404+00:00,2.2584876
2025-08-11 10:23:28.100955+00:00,2.2584872
2025-08-11 10:23:40.877589+00:00,2.2584869
2025-08-11 10:23:53.867527+00:00,2.2584868
2025-08-11 10:24:06.916377+00:00,2.2584874
2025-08-11 10:24:19.915671+00:00,2.2584872
2025-08-11 10:24:32.869487+00:00,2.2584875
2025-08-11 10:24:46.153798+00:00,2.2584879
2025-08-11 10:24:59.724003+00:00,2.2584874
2025-08-11 10:25:11.411621+00:00,2.2584875
2025-08-11 10:25:24.253555+00:00,2.2584878
2025-08-11 10:25:38.286221+00:00,2.2584877
2025-08-11 10:25:50.008388+00:00,2.2584874
2025-08-11 10:26:03.009657+00:00,2.2584874
2025-08-11 10:26:16.459571+00:00,2.2584875
2025-08-11 10:26:28.696684+00:00,2.2584878
2025-08-11 10:26:41.009949+00:00,2.2584873
2025-08-11 10:26:53.672292+00:00,2.2584873
2025-08-11 10:27:06.360517+00:00,2.2584873
2025-08-11 10:27:18.864991+00:00,2.2584875
2025-08-11 10:27:31.536365+00:00,2.2584871
2025-08-11 10:27:45.906764+00:00,2.2584873
2025-08-11 10:27:56.970241+00:00,2.2584876
2025-08-11 10:28:09.797117+00:00,2.2584878
2025-08-11 10:28:22.869902+00:00,2.2584871
2025-08-11 10:28:35.243939+00:00,2.2584877
2025-08-11 10:28:48.736919+00:00,2.2584882
2025-08-11 10:29:01.171891+00:00,2.2584869
2025-08-11 10:29:13.860112+00:00,2.2584869
2025-08-11 10:29:26.818884+00:00,2.2584875
2025-08-11 10:29:39.767036+00:00,2.2584873
2025-08-11 10:29:52.622277+00:00,2.2584878
2025-08-11 10:30:05.103872+00:00,2.2584879
2025-08-11 10:30:21.136332+00:00,2.2584877
2025-08-11 10:30:30.812568+00:00,2.2584877
2025-08-11 10:30:43.803946+00:00,2.2584874
2025-08-11 10:30:56.316563+00:00,2.2584876
2025-08-11 10:31:09.123642+00:00,2.2584879
2025-08-11 10:31:22.038870+00:00,2.2584869
2025-08-11 10:31:34.840654+00:00,2.2584871
2025-08-11 10:31:48.267913+00:00,2.258488
2025-08-11 10:32:00.352443+00:00,2.2584875
2025-08-11 10:32:13.263553+00:00,2.2584876
2025-08-11 10:32:25.880119+00:00,2.2584868
2025-08-11 10:32:38.879185+00:00,2.2584875
2025-08-11 10:32:51.763510+00:00,2.2584875
2025-08-11 10:33:04.144239+00:00,2.258488
2025-08-11 10:33:17.994547+00:00,2.2584869
2025-08-11 10:33:29.679562+00:00,2.2584881
2025-08-11 10:33:42.656467+00:00,2.2584874
2025-08-11 10:33:55.531664+00:00,2.2584875
2025-08-11 10:34:08.496828+00:00,2.2584873
2025-08-11 10:34:21.609010+00:00,2.2584877
2025-08-11 10:34:34.353539+00:00,2.2584876
2025-08-11 10:34:47.498014+00:00,2.258487
2025-08-11 10:35:00.420208+00:00,2.2584875
2025-08-11 10:35:13.932717+00:00,2.2584871
2025-08-11 10:35:26.430000+00:00,2.2584875
2025-08-11 10:35:39.470081+00:00,2.2584869
2025-08-11 10:35:52.801500+00:00,2.2584869
2025-08-11 10:36:05.052339+00:00,2.258488
2025-08-11 10:36:18.188669+00:00,2.2584877
2025-08-11 10:36:34.468784+00:00,2.2584875
2025-08-11 10:36:44.740462+00:00,2.2584866
2025-08-11 10:36:57.061629+00:00,2.2584874
2025-08-11 10:37:09.651688+00:00,2.2584878
2025-08-11 10:37:23.099220+00:00,2.2584873
2025-08-11 10:37:35.483312+00:00,2.2584872
2025-08-11 10:37:48.538008+00:00,2.2584873
2025-08-11 10:38:01.133884+00:00,2.2584871
2025-08-11 10:38:13.814420+00:00,2.258487
2025-08-11 10:38:26.417162+00:00,2.2584868
2025-08-11 10:38:39.082008+00:00,2.2584874
2025-08-11 10:38:51.963692+00:00,2.2584877
2025-08-11 10:39:04.941031+00:00,2.2584877
2025-08-11 10:39:17.873491+00:00,2.2584873
2025-08-11 10:39:30.946103+00:00,2.2584873
2025-08-11 10:39:44.253950+00:00,2.2584877
2025-08-11 10:39:56.710070+00:00,2.2584879
2025-08-11 10:40:09.458285+00:00,2.2584877
2025-08-11 10:40:22.001572+00:00,2.258487
2025-08-11 10:40:35.395532+00:00,2.258487
2025-08-11 10:40:47.769867+00:00,2.2584877
2025-08-11 10:41:00.407356+00:00,2.2584875
2025-08-11 10:41:14.757621+00:00,2.2584875
2025-08-11 10:41:26.089497+00:00,2.2584874
2025-08-11 10:41:38.904424+00:00,2.2584874
2025-08-11 10:41:52.248189+00:00,2.2584878
2025-08-11 10:42:04.746989+00:00,2.2584876
2025-08-11 10:42:18.719522+00:00,2.258487
2025-08-11 10:42:31.084526+00:00,2.2584875
2025-08-11 10:42:42.860587+00:00,2.2584873
2025-08-11 10:42:55.718200+00:00,2.2584869
2025-08-11 10:43:12.294271+00:00,2.2584872
2025-08-11 10:43:21.581086+00:00,2.2584875
2025-08-11 10:43:34.535058+00:00,2.2584869
2025-08-11 10:43:46.660010+00:00,2.2584873
2025-08-11 10:43:59.525651+00:00,2.2584877
2025-08-11 10:44:12.442327+00:00,2.2584876
2025-08-11 10:44:25.311285+00:00,2.2584871
2025-08-11 10:44:38.093005+00:00,2.2584874
2025-08-11 10:44:51.877288+00:00,2.2584876
2025-08-11 10:45:04.180237+00:00,2.2584871
2025-08-11 10:45:17.098460+00:00,2.258487
2025-08-11 10:45:31.046661+00:00,2.2584878
2025-08-11 10:45:43.876244+00:00,2.2584875
2025-08-11 10:45:55.837067+00:00,2.2584871
2025-08-11 10:46:09.301418+00:00,2.2584871
2025-08-11 10:46:21.364129+00:00,2.2584871
2025-08-11 10:46:34.267056+00:00,2.2584873
2025-08-11 10:46:47.292255+00:00,2.2584875
2025-08-11 10:46:59.995528+00:00,2.2584874
2025-08-11 10:47:12.869895+00:00,2.2584876
2025-08-11 10:47:25.750744+00:00,2.2584872
2025-08-11 10:47:38.622392+00:00,2.2584873
2025-08-11 10:47:51.416067+00:00,2.2584873
2025-08-11 10:48:04.284442+00:00,2.2584872
2025-08-11 10:48:16.928537+00:00,2.2584877
2025-08-11 10:48:29.349831+00:00,2.2584877
2025-08-11 10:48:41.797841+00:00,2.2584873
2025-08-11 10:48:54.418183+00:00,2.2584877
2025-08-11 10:49:07.338172+00:00,2.2584873
2025-08-11 10:49:20.273514+00:00,2.2584876
2025-08-11 10:49:32.791807+00:00,2.2584878
2025-08-11 10:49:45.522789+00:00,2.2584874
2025-08-11 10:49:58.947549+00:00,2.2584874
2025-08-11 10:50:11.899185+00:00,2.2584877
2025-08-11 10:50:25.004736+00:00,2.2584873
2025-08-11 10:50:37.117860+00:00,2.2584875
2025-08-11 10:50:49.716151+00:00,2.2584873
2025-08-11 10:51:03.312785+00:00,2.2584878
2025-08-11 10:51:15.879172+00:00,2.2584868
2025-08-11 10:51:28.508474+00:00,2.258488
2025-08-11 10:51:43.580748+00:00,2.2584877
2025-08-11 10:51:54.014266+00:00,2.2584876
2025-08-11 10:52:07.690969+00:00,2.2584874
2025-08-11 10:52:19.464466+00:00,2.2584878
2025-08-11 10:52:32.686859+00:00,2.2584874
2025-08-11 10:52:45.135473+00:00,2.258488
2025-08-11 10:52:57.808158+00:00,2.2584876
2025-08-11 10:53:10.843404+00:00,2.2584875
2025-08-11 10:53:23.498867+00:00,2.2584869
2025-08-11 10:53:36.287154+00:00,2.258488
2025-08-11 10:53:49.318562+00:00,2.2584868
2025-08-11 10:54:02.525724+00:00,2.2584877
2025-08-11 10:54:15.049312+00:00,2.2584876
2025-08-11 10:54:28.064091+00:00,2.2584871
2025-08-11 10:54:41.228819+00:00,2.258487
2025-08-11 10:54:53.737420+00:00,2.2584875
2025-08-11 10:55:07.148254+00:00,2.2584874
2025-08-11 10:55:19.602959+00:00,2.2584876
2025-08-11 10:55:33.335429+00:00,2.2584874
2025-08-11 10:55:46.178723+00:00,2.2584867
2025-08-11 10:55:58.524144+00:00,2.2584873
2025-08-11 10:56:11.804733+00:00,2.2584873
2025-08-11 10:56:25.051720+00:00,2.2584869
2025-08-11 10:56:37.334891+00:00,2.258487
2025-08-11 10:56:50.337543+00:00,2.2584869
2025-08-11 10:57:02.811549+00:00,2.2584873
2025-08-11 10:57:16.325974+00:00,2.2584873
2025-08-11 10:57:28.478450+00:00,2.2584868
2025-08-11 10:57:41.948842+00:00,2.2584878
2025-08-11 10:57:56.166076+00:00,2.2584874
2025-08-11 10:58:06.594816+00:00,2.2584879
2025-08-11 10:58:19.782831+00:00,2.2584871
2025-08-11 10:58:32.988461+00:00,2.2584878
2025-08-11 10:58:46.001384+00:00,2.2584876
2025-08-11 10:58:58.430802+00:00,2.2584878
2025-08-11 10:59:10.406039+00:00,2.2584874
2025-08-11 10:59:23.048153+00:00,2.2584877
2025-08-11 10:59:36.191113+00:00,2.2584879
2025-08-11 10:59:48.598319+00:00,2.2584873
2025-08-11 11:00:01.454452+00:00,2.2584881
2025-08-11 11:00:14.495081+00:00,2.2584877
2025-08-11 11:00:27.333153+00:00,2.2584875
2025-08-11 11:00:41.835980+00:00,2.2584874
2025-08-11 11:00:52.821509+00:00,2.2584874
2025-08-11 11:01:05.773193+00:00,2.2584871
2025-08-11 11:01:18.347539+00:00,2.2584878
2025-08-11 11:01:31.436334+00:00,2.2584874
2025-08-11 11:01:43.831070+00:00,2.2584872
2025-08-11 11:01:56.706263+00:00,2.2584879
2025-08-11 11:02:11.785747+00:00,2.2584877
2025-08-11 11:02:22.636543+00:00,2.2584873
2025-08-11 11:02:35.080345+00:00,2.2584874
2025-08-11 11:02:48.253362+00:00,2.2584869
2025-08-11 11:03:00.871138+00:00,2.2584871
2025-08-11 11:03:14.674048+00:00,2.2584873
2025-08-11 11:03:26.282834+00:00,2.2584873
2025-08-11 11:03:39.307214+00:00,2.2584872
2025-08-11 11:03:52.125054+00:00,2.2584872
2025-08-11 11:04:05.143673+00:00,2.2584874
2025-08-11 11:04:18.096934+00:00,2.2584877
2025-08-11 11:04:31.149577+00:00,2.2584875
2025-08-11 11:04:44.099893+00:00,2.2584881
2025-08-11 11:04:56.990908+00:00,2.2584878
2025-08-11 11:05:09.942261+00:00,2.2584874
2025-08-11 11:05:22.838424+00:00,2.2584876
2025-08-11 11:05:35.875692+00:00,2.258487
2025-08-11 11:05:49.309571+00:00,2.2584869
2025-08-11 11:06:02.006896+00:00,2.2584873
2025-08-11 11:06:14.279629+00:00,2.2584876
2025-08-11 11:06:27.108989+00:00,2.2584874
2025-08-11 11:06:39.996374+00:00,2.2584877
2025-08-11 11:06:53.497060+00:00,2.2584875
2025-08-11 11:07:05.913223+00:00,2.2584877
2025-08-11 11:07:19.221630+00:00,2.2584874
2025-08-11 11:07:31.906010+00:00,2.2584873
2025-08-11 11:07:43.861215+00:00,2.2584877
2025-08-11 11:07:56.311653+00:00,2.2584872
2025-08-11 11:08:09.837564+00:00,2.2584877
2025-08-11 11:08:21.844456+00:00,2.2584877
2025-08-11 11:08:34.837171+00:00,2.2584872
2025-08-11 11:08:47.922431+00:00,2.258487
2025-08-11 11:09:01.025087+00:00,2.2584879
2025-08-11 11:09:14.196354+00:00,2.2584877
2025-08-11 11:09:26.306465+00:00,2.2584873
2025-08-11 11:09:39.146544+00:00,2.2584877
2025-08-11 11:09:51.877058+00:00,2.2584877
2025-08-11 11:10:04.678352+00:00,2.2584875
2025-08-11 11:10:17.644023+00:00,2.2584877
2025-08-11 11:10:30.867151+00:00,2.2584873
2025-08-11 11:10:43.416126+00:00,2.2584878
2025-08-11 11:10:57.503448+00:00,2.2584875
2025-08-11 11:11:12.276426+00:00,2.2584875
2025-08-11 11:11:21.776667+00:00,2.2584879
2025-08-11 11:11:34.607295+00:00,2.2584875
2025-08-11 11:11:48.648261+00:00,2.2584874
2025-08-11 11:12:00.685369+00:00,2.2584872
2025-08-11 11:12:12.804303+00:00,2.2584871
2025-08-11 11:12:25.701548+00:00,2.2584872
2025-08-11 11:12:38.447702+00:00,2.2584871
2025-08-11 11:12:51.309364+00:00,2.2584873
2025-08-11 11:13:04.388395+00:00,2.2584875
2025-08-11 11:13:18.979096+00:00,2.2584872
2025-08-11 11:13:29.560120+00:00,2.2584875
2025-08-11 11:13:42.263448+00:00,2.2584876
2025-08-11 11:13:55.146443+00:00,2.2584874
2025-08-11 11:14:08.095803+00:00,2.2584875
2025-08-11 11:14:21.162990+00:00,2.2584878
2025-08-11 11:14:34.568713+00:00,2.2584871
2025-08-11 11:14:47.046020+00:00,2.2584872
2025-08-11 11:14:59.999607+00:00,2.2584868
2025-08-11 11:15:13.895436+00:00,2.2584881
2025-08-11 11:15:25.844597+00:00,2.2584868
2025-08-11 11:15:39.093529+00:00,2.2584874
2025-08-11 11:15:51.990400+00:00,2.2584874
2025-08-11 11:16:04.817936+00:00,2.2584875
2025-08-11 11:16:18.612913+00:00,2.2584871
2025-08-11 11:16:30.284230+00:00,2.2584874
2025-08-11 11:16:43.290426+00:00,2.2584876
2025-08-11 11:16:55.995917+00:00,2.2584874
2025-08-11 11:17:10.998236+00:00,2.2584869
2025-08-11 11:17:22.381165+00:00,2.2584879
2025-08-11 11:17:34.685937+00:00,2.2584874
2025-08-11 11:17:47.886521+00:00,2.2584879
2025-08-11 11:18:01.715706+00:00,2.2584878
2025-08-11 11:18:13.331878+00:00,2.2584869
2025-08-11 11:18:26.184279+00:00,2.2584875
2025-08-11 11:18:38.472164+00:00,2.2584878
2025-08-11 11:18:51.582290+00:00,2.2584878
2025-08-11 11:19:03.912818+00:00,2.2584875
2025-08-11 11:19:17.302412+00:00,2.2584874
2025-08-11 11:19:29.254387+00:00,2.2584875
2025-08-11 11:19:42.460412+00:00,2.2584879
2025-08-11 11:19:54.829081+00:00,2.2584873
2025-08-11 11:20:07.821121+00:00,2.2584874
2025-08-11 11:20:20.727382+00:00,2.2584875
2025-08-11 11:20:36.400866+00:00,2.2584863
2025-08-11 11:20:46.474733+00:00,2.2584878
2025-08-11 11:20:59.404836+00:00,2.258487
2025-08-11 11:21:12.095277+00:00,2.2584875
2025-08-11 11:21:24.800551+00:00,2.2584877
2025-08-11 11:21:37.804272+00:00,2.2584875
2025-08-11 11:21:50.796348+00:00,2.2584875
2025-08-11 11:22:04.656714+00:00,2.2584872
2025-08-11 11:22:16.375201+00:00,2.2584873
2025-08-11 11:22:29.346097+00:00,2.2584872
2025-08-11 11:22:42.056578+00:00,2.2584873
2025-08-11 11:22:56.960892+00:00,2.2584874
2025-08-11 11:23:08.290912+00:00,2.2584871
2025-08-11 11:23:20.193097+00:00,2.2584869
2025-08-11 11:23:33.242533+00:00,2.258487
2025-08-11 11:23:45.753748+00:00,2.2584877
2025-08-11 11:24:00.802636+00:00,2.2584874
2025-08-11 11:24:11.328343+00:00,2.2584877
2025-08-11 11:24:23.926663+00:00,2.2584875
2025-08-11 11:24:38.392516+00:00,2.2584871
2025-08-11 11:24:50.600049+00:00,2.2584874
2025-08-11 11:25:03.093375+00:00,2.2584871
2025-08-11 11:25:16.352410+00:00,2.2584874
2025-08-11 11:25:30.447764+00:00,2.2584876
2025-08-11 11:25:41.749728+00:00,2.2584877
2025-08-11 11:25:54.613926+00:00,2.2584871
2025-08-11 11:26:07.881698+00:00,2.2584869
2025-08-11 11:26:20.586282+00:00,2.2584872
2025-08-11 11:26:33.752408+00:00,2.258488
2025-08-11 11:26:46.535308+00:00,2.2584874
2025-08-11 11:26:59.363191+00:00,2.2584868
2025-08-11 11:27:12.342185+00:00,2.2584879
2025-08-11 11:27:25.361382+00:00,2.258487
2025-08-11 11:27:38.921183+00:00,2.2584874
2025-08-11 11:27:50.940436+00:00,2.258488
2025-08-11 11:28:03.838543+00:00,2.2584877
2025-08-11 11:28:16.766042+00:00,2.2584879
2025-08-11 11:28:29.521746+00:00,2.2584875
2025-08-11 11:28:42.339995+00:00,2.2584876
2025-08-11 11:30:11.478396+00:00,2.2584864
2025-08-11 11:30:24.270397+00:00,2.2584876
2025-08-11 11:31:54.218241+00:00,2.2584858
2025-08-11 11:34:15.480387+00:00,2.2584866
2025-08-11 11:34:53.997698+00:00,2.258486
2025-08-11 11:35:19.731415+00:00,2.2584874
2025-08-11 11:35:45.425268+00:00,2.2584867
2025-08-11 11:35:58.781250+00:00,2.2584861
2025-08-11 11:36:11.447506+00:00,2.2584874
2025-08-11 11:36:37.363056+00:00,2.2584872
2025-08-11 11:36:49.811703+00:00,2.2584871
2025-08-11 11:37:15.596139+00:00,2.258487
2025-08-11 11:37:54.295705+00:00,2.2584862
2025-08-11 11:38:07.436389+00:00,2.2584869
2025-08-11 11:38:19.978356+00:00,2.2584865
2025-08-11 11:38:45.958206+00:00,2.2584867
2025-08-11 11:38:58.360869+00:00,2.2584875
2025-08-11 11:39:11.077816+00:00,2.2584868
2025-08-11 11:39:23.769300+00:00,2.2584872
2025-08-11 11:39:36.800856+00:00,2.2584861
2025-08-11 11:40:02.108096+00:00,2.2584875
2025-08-11 11:40:27.892943+00:00,2.258486
2025-08-11 11:40:40.268683+00:00,2.2584866
2025-08-11 11:40:53.402166+00:00,2.2584872
2025-08-11 11:41:06.140719+00:00,2.2584877
2025-08-11 11:41:32.772104+00:00,2.2584865
2025-08-11 11:41:44.358900+00:00,2.2584867
2025-08-11 11:41:57.195784+00:00,2.2584879
2025-08-11 11:42:10.194170+00:00,2.2584871
2025-08-11 11:42:23.129363+00:00,2.2584874
2025-08-11 11:42:36.530873+00:00,2.2584877
2025-08-11 11:42:48.984899+00:00,2.258487
2025-08-11 11:43:02.446787+00:00,2.2584869
2025-08-11 11:43:14.870048+00:00,2.2584874
2025-08-11 11:43:27.454928+00:00,2.2584874
2025-08-11 11:43:40.330427+00:00,2.2584877
2025-08-11 11:43:53.138809+00:00,2.2584871
2025-08-11 11:44:06.065169+00:00,2.2584871
2025-08-11 11:44:19.103255+00:00,2.258487
2025-08-11 11:44:32.371595+00:00,2.2584873
2025-08-11 11:44:47.143509+00:00,2.2584873
2025-08-11 11:44:58.255227+00:00,2.2584876
2025-08-11 11:45:10.266371+00:00,2.2584875
2025-08-11 11:45:23.582532+00:00,2.2584872
2025-08-11 11:45:36.174184+00:00,2.2584877
2025-08-11 11:45:48.938543+00:00,2.2584869
2025-08-11 11:46:03.487093+00:00,2.2584871
2025-08-11 11:46:15.787088+00:00,2.2584871
2025-08-11 11:46:27.959339+00:00,2.2584877
2025-08-11 11:46:41.283024+00:00,2.2584877
2025-08-11 11:46:53.745909+00:00,2.2584871
2025-08-11 11:47:06.538420+00:00,2.2584877
2025-08-11 11:47:19.524307+00:00,2.2584871
2025-08-11 11:47:32.313756+00:00,2.2584876
2025-08-11 11:47:45.393033+00:00,2.258487
2025-08-11 11:47:58.249977+00:00,2.2584871
2025-08-11 11:48:11.175180+00:00,2.2584875
2025-08-11 11:48:24.559892+00:00,2.2584875
2025-08-11 11:48:37.062426+00:00,2.2584876
2025-08-11 11:48:50.140909+00:00,2.2584874
2025-08-11 11:49:02.776789+00:00,2.2584877
2025-08-11 11:49:17.103225+00:00,2.2584877
2025-08-11 11:49:28.349816+00:00,2.2584877
2025-08-11 11:49:40.785054+00:00,2.2584872
2025-08-11 11:49:53.707479+00:00,2.2584871
2025-08-11 11:50:07.897190+00:00,2.258487
2025-08-11 11:50:18.883286+00:00,2.2584875
2025-08-11 11:50:32.856888+00:00,2.2584875
2025-08-11 11:50:44.097184+00:00,2.258487
2025-08-11 11:50:58.951570+00:00,2.2584875
2025-08-11 11:51:10.299847+00:00,2.2584871
2025-08-11 11:51:23.370638+00:00,2.258487
2025-08-11 11:51:35.198187+00:00,2.2584873
2025-08-11 11:51:48.949506+00:00,2.2584878
2025-08-11 11:52:01.220249+00:00,2.2584873
2025-08-11 11:52:13.996764+00:00,2.2584876
2025-08-11 11:52:27.251221+00:00,2.2584871
2025-08-11 11:52:39.648293+00:00,2.2584872
2025-08-11 11:52:53.241258+00:00,2.2584871
2025-08-11 11:53:05.719997+00:00,2.258488
2025-08-11 11:53:18.704052+00:00,2.2584876
2025-08-11 11:53:30.881808+00:00,2.2584873
2025-08-11 11:53:43.588315+00:00,2.2584878
2025-08-11 11:53:56.877119+00:00,2.2584873
2025-08-11 11:54:09.302383+00:00,2.2584876
2025-08-11 11:54:23.792092+00:00,2.2584869
2025-08-11 11:54:35.505485+00:00,2.2584869
2025-08-11 11:54:48.765056+00:00,2.2584871
2025-08-11 11:55:01.924962+00:00,2.2584875
2025-08-11 11:55:13.073240+00:00,2.2584874
2025-08-11 11:55:39.050921+00:00,2.2584871
2025-08-11 11:55:51.871107+00:00,2.2584865
2025-08-11 11:56:04.961876+00:00,2.2584871
2025-08-11 11:56:17.859280+00:00,2.2584876
2025-08-11 11:56:30.818243+00:00,2.2584874
2025-08-11 11:56:45.047968+00:00,2.2584871
2025-08-11 11:56:57.531525+00:00,2.2584868
2025-08-11 11:57:10.141093+00:00,2.2584877
2025-08-11 11:57:22.810894+00:00,2.2584873
2025-08-11 11:57:35.194554+00:00,2.2584875
2025-08-11 11:57:48.845948+00:00,2.2584872
2025-08-11 11:58:01.092757+00:00,2.2584877
2025-08-11 11:58:13.897102+00:00,2.2584875
2025-08-11 11:58:27.373829+00:00,2.2584873
2025-08-11 11:58:40.640187+00:00,2.2584871
2025-08-11 11:58:52.355498+00:00,2.2584872
2025-08-11 11:59:06.390311+00:00,2.2584876
2025-08-11 11:59:18.197113+00:00,2.2584875
2025-08-11 11:59:30.768229+00:00,2.2584872
2025-08-11 11:59:43.524790+00:00,2.258487
2025-08-11 11:59:56.067537+00:00,2.2584872
2025-08-11 12:00:08.875658+00:00,2.258488
2025-08-11 12:00:22.422903+00:00,2.2584876
2025-08-11 12:00:34.525077+00:00,2.2584875
2025-08-11 12:00:47.468743+00:00,2.2584878
2025-08-11 12:01:00.482823+00:00,2.2584877
2025-08-11 12:01:13.234747+00:00,2.2584871
2025-08-11 12:01:26.677628+00:00,2.258487
2025-08-11 12:01:38.743261+00:00,2.2584871
2025-08-11 12:01:51.574505+00:00,2.2584867
2025-08-11 12:02:04.790886+00:00,2.2584874
2025-08-11 12:02:17.391691+00:00,2.2584866
2025-08-11 12:02:30.330381+00:00,2.2584877
2025-08-11 12:02:43.547109+00:00,2.2584868
2025-08-11 12:02:56.275075+00:00,2.2584872
2025-08-11 12:03:09.303908+00:00,2.2584872
2025-08-11 12:03:22.619150+00:00,2.2584871
2025-08-11 12:03:35.990181+00:00,2.2584874
2025-08-11 12:03:47.687881+00:00,2.2584873
2025-08-11 12:04:00.503045+00:00,2.2584869
2025-08-11 12:04:13.364946+00:00,2.2584875
2025-08-11 12:04:25.809536+00:00,2.2584869
2025-08-11 12:04:38.675691+00:00,2.2584874
2025-08-11 12:04:51.407365+00:00,2.2584877
2025-08-11 12:05:04.334967+00:00,2.2584869
2025-08-11 12:05:16.976594+00:00,2.258487
2025-08-11 12:05:31.095859+00:00,2.2584873
2025-08-11 12:05:42.991568+00:00,2.2584871
2025-08-11 12:05:55.410095+00:00,2.2584876
2025-08-11 12:06:08.509171+00:00,2.2584873
2025-08-11 12:06:21.937003+00:00,2.2584874
2025-08-11 12:06:34.882683+00:00,2.2584873
2025-08-11 12:06:47.326884+00:00,2.2584876
2025-08-11 12:07:00.625876+00:00,2.2584874
2025-08-11 12:07:13.151076+00:00,2.2584871
2025-08-11 12:07:26.054127+00:00,2.2584869
2025-08-11 12:07:38.993266+00:00,2.2584877
2025-08-11 12:07:51.894648+00:00,2.2584871
2025-08-11 12:08:04.923039+00:00,2.2584868
2025-08-11 12:08:17.692682+00:00,2.2584873
2025-08-11 12:08:30.556808+00:00,2.2584872
2025-08-11 12:08:43.359450+00:00,2.2584872
2025-08-11 12:08:56.198048+00:00,2.2584878
2025-08-11 12:09:09.195142+00:00,2.2584876
2025-08-11 12:09:21.992383+00:00,2.2584878
2025-08-11 12:09:34.907402+00:00,2.2584866
2025-08-11 12:09:48.199027+00:00,2.2584878
2025-08-11 12:10:00.457631+00:00,2.2584868
2025-08-11 12:10:13.500831+00:00,2.2584869
2025-08-11 12:10:25.634552+00:00,2.2584873
2025-08-11 12:10:38.295020+00:00,2.2584873
2025-08-11 12:10:50.748975+00:00,2.2584875
2025-08-11 12:11:03.423062+00:00,2.2584875
2025-08-11 12:11:16.392650+00:00,2.2584873
2025-08-11 12:11:29.399078+00:00,2.2584869
2025-08-11 12:11:41.954589+00:00,2.2584873
2025-08-11 12:11:55.158886+00:00,2.2584878
2025-08-11 12:12:07.874058+00:00,2.2584873
2025-08-11 12:12:20.961881+00:00,2.2584878
2025-08-11 12:12:33.937367+00:00,2.2584873
2025-08-11 12:12:46.480507+00:00,2.2584873
2025-08-11 12:13:00.714398+00:00,2.258487
2025-08-11 12:13:12.493709+00:00,2.2584875
2025-08-11 12:13:24.809071+00:00,2.2584872
2025-08-11 12:13:37.810920+00:00,2.2584876
2025-08-11 12:13:50.514204+00:00,2.2584879
2025-08-11 12:14:04.394699+00:00,2.2584878
2025-08-11 12:14:16.393065+00:00,2.2584875
2025-08-11 12:14:28.769309+00:00,2.2584878
2025-08-11 12:14:41.552103+00:00,2.258487
2025-08-11 12:14:54.680165+00:00,2.2584875
2025-08-11 12:15:07.095253+00:00,2.2584874
2025-08-11 12:15:19.870703+00:00,2.2584875
2025-08-11 12:15:32.953859+00:00,2.2584874
2025-08-11 12:15:45.427818+00:00,2.2584872
2025-08-11 12:15:58.135062+00:00,2.2584874
2025-08-11 12:16:11.035334+00:00,2.2584876
2025-08-11 12:16:23.579962+00:00,2.2584876
2025-08-11 12:16:36.462941+00:00,2.258487
2025-08-11 12:16:49.404335+00:00,2.2584872
2025-08-11 12:17:02.216333+00:00,2.2584871
2025-08-11 12:17:15.379395+00:00,2.2584878
2025-08-11 12:17:28.157213+00:00,2.2584875
2025-08-11 12:17:40.891022+00:00,2.2584876
2025-08-11 12:17:53.874783+00:00,2.2584877
2025-08-11 12:18:07.042029+00:00,2.2584871
2025-08-11 12:18:19.848503+00:00,2.2584873
2025-08-11 12:18:33.777862+00:00,2.2584878
2025-08-11 12:18:45.548514+00:00,2.2584867
2025-08-11 12:18:57.977406+00:00,2.2584874
2025-08-11 12:19:11.014759+00:00,2.2584876
2025-08-11 12:19:24.047345+00:00,2.2584871
2025-08-11 12:19:36.638127+00:00,2.2584877
2025-08-11 12:19:50.321552+00:00,2.2584871
2025-08-11 12:20:02.444772+00:00,2.2584873
2025-08-11 12:20:15.171673+00:00,2.2584877
2025-08-11 12:20:27.704119+00:00,2.2584871
2025-08-11 12:20:41.195801+00:00,2.2584869
2025-08-11 12:20:54.036513+00:00,2.2584872
2025-08-11 12:21:05.705160+00:00,2.258487
2025-08-11 12:21:18.672190+00:00,2.2584877
2025-08-11 12:21:33.410969+00:00,2.2584876
2025-08-11 12:21:43.688418+00:00,2.2584875
2025-08-11 12:21:56.480284+00:00,2.2584871
2025-08-11 12:22:09.360417+00:00,2.2584879
2025-08-11 12:22:24.376300+00:00,2.2584872
2025-08-11 12:22:34.718902+00:00,2.2584877
2025-08-11 12:22:47.506753+00:00,2.258488
2025-08-11 12:23:02.100421+00:00,2.2584867
2025-08-11 12:23:13.064078+00:00,2.2584874
2025-08-11 12:23:26.018580+00:00,2.2584876
2025-08-11 12:23:38.791255+00:00,2.2584875
2025-08-11 12:23:51.507507+00:00,2.2584869
2025-08-11 12:24:04.717304+00:00,2.2584873
2025-08-11 12:24:17.546885+00:00,2.2584872
2025-08-11 12:24:29.874901+00:00,2.2584871
2025-08-11 12:24:42.731766+00:00,2.2584871
2025-08-11 12:24:55.907052+00:00,2.2584878
2025-08-11 12:25:08.192245+00:00,2.2584874
2025-08-11 12:25:21.892658+00:00,2.2584877
2025-08-11 12:25:33.858020+00:00,2.258488
2025-08-11 12:25:46.577548+00:00,2.2584872
2025-08-11 12:25:59.241186+00:00,2.2584876
2025-08-11 12:26:12.464750+00:00,2.2584868
2025-08-11 12:26:24.928758+00:00,2.2584873
2025-08-11 12:26:37.764939+00:00,2.2584872
2025-08-11 12:26:50.806256+00:00,2.2584874
2025-08-11 12:27:04.347653+00:00,2.2584873
2025-08-11 12:27:21.129314+00:00,2.2584872
2025-08-11 12:27:29.937983+00:00,2.2584874
2025-08-11 12:27:45.811426+00:00,2.2584875
2025-08-11 12:27:55.575768+00:00,2.2584875
2025-08-11 12:28:08.474122+00:00,2.2584877
2025-08-11 12:28:21.304431+00:00,2.2584874
2025-08-11 12:28:34.296348+00:00,2.2584876
2025-08-11 12:28:48.331789+00:00,2.2584868
2025-08-11 12:28:59.952168+00:00,2.2584878
2025-08-11 12:29:12.749291+00:00,2.2584869
2025-08-11 12:29:25.680509+00:00,2.2584875
2025-08-11 12:29:39.024259+00:00,2.2584875
2025-08-11 12:29:51.726484+00:00,2.2584869
2025-08-11 12:30:04.493369+00:00,2.2584876
2025-08-11 12:30:17.042101+00:00,2.2584879
2025-08-11 12:30:29.847540+00:00,2.2584872
2025-08-11 12:30:42.903461+00:00,2.2584874
2025-08-11 12:30:56.042951+00:00,2.2584877
2025-08-11 12:31:07.674976+00:00,2.2584874
2025-08-11 12:31:20.483137+00:00,2.2584869
2025-08-11 12:31:34.723768+00:00,2.2584875
2025-08-11 12:31:45.844023+00:00,2.2584867
2025-08-11 12:31:58.339641+00:00,2.2584872
2025-08-11 12:32:11.067445+00:00,2.2584875
2025-08-11 12:32:23.823798+00:00,2.2584876
2025-08-11 12:32:37.116862+00:00,2.2584875
2025-08-11 12:32:49.473827+00:00,2.2584871
2025-08-11 12:33:02.138280+00:00,2.2584873
2025-08-11 12:33:14.894283+00:00,2.2584875
2025-08-11 12:33:27.727354+00:00,2.2584872
2025-08-11 12:33:40.856503+00:00,2.2584874
2025-08-11 12:33:53.705277+00:00,2.2584877
2025-08-11 12:34:07.506451+00:00,2.2584877
2025-08-11 12:34:19.153871+00:00,2.2584879
2025-08-11 12:34:32.004776+00:00,2.2584874
2025-08-11 12:34:44.812445+00:00,2.2584871
2025-08-11 12:34:57.497066+00:00,2.2584876
2025-08-11 12:35:10.514250+00:00,2.2584877
2025-08-11 12:35:23.170190+00:00,2.2584876
2025-08-11 12:35:37.552941+00:00,2.2584869
2025-08-11 12:35:48.867684+00:00,2.2584879
2025-08-11 12:36:01.898697+00:00,2.2584871
2025-08-11 12:36:14.110949+00:00,2.2584876
2025-08-11 12:36:26.907933+00:00,2.2584871
2025-08-11 12:36:39.926405+00:00,2.2584876
2025-08-11 12:36:52.912599+00:00,2.258488
2025-08-11 12:37:06.476413+00:00,2.2584876
2025-08-11 12:37:19.301440+00:00,2.2584872
2025-08-11 12:37:32.093350+00:00,2.2584876
2025-08-11 12:37:45.235541+00:00,2.2584872
2025-08-11 12:37:57.816152+00:00,2.2584876
2025-08-11 12:38:11.404676+00:00,2.2584877
2025-08-11 12:38:23.499509+00:00,2.2584873
2025-08-11 12:38:41.341761+00:00,2.2584874
2025-08-11 12:38:49.394294+00:00,2.2584873
2025-08-11 12:39:03.442804+00:00,2.2584868
2025-08-11 12:39:14.874162+00:00,2.2584875
2025-08-11 12:39:28.605693+00:00,2.2584876
2025-08-11 12:39:40.590333+00:00,2.2584873
2025-08-11 12:39:53.514690+00:00,2.2584874
2025-08-11 12:40:06.896065+00:00,2.2584871
2025-08-11 12:40:20.132644+00:00,2.2584876
2025-08-11 12:40:32.572028+00:00,2.2584868
2025-08-11 12:40:45.204983+00:00,2.2584874
2025-08-11 12:40:58.287070+00:00,2.2584877
2025-08-11 12:41:10.677797+00:00,2.258487
2025-08-11 12:41:23.331130+00:00,2.258488
2025-08-11 12:41:36.405519+00:00,2.2584872
2025-08-11 12:41:49.597084+00:00,2.2584874
2025-08-11 12:42:02.177810+00:00,2.2584877
2025-08-11 12:42:14.335525+00:00,2.2584876
2025-08-11 12:42:29.189791+00:00,2.2584874
2025-08-11 12:42:40.188807+00:00,2.2584874
2025-08-11 12:42:52.499562+00:00,2.2584878
2025-08-11 12:43:05.351564+00:00,2.2584876
2025-08-11 12:43:18.019654+00:00,2.258487
2025-08-11 12:43:31.584861+00:00,2.2584874
2025-08-11 12:43:43.591498+00:00,2.2584873
2025-08-11 12:43:56.525547+00:00,2.2584868
2025-08-11 12:44:09.499550+00:00,2.2584875
2025-08-11 12:44:22.252065+00:00,2.2584881
2025-08-11 12:44:35.259397+00:00,2.2584871
2025-08-11 12:44:48.023704+00:00,2.2584872
2025-08-11 12:45:01.008714+00:00,2.2584873
2025-08-11 12:45:13.460082+00:00,2.2584869
2025-08-11 12:45:26.282216+00:00,2.258487
2025-08-11 12:45:39.157363+00:00,2.2584879
2025-08-11 12:45:52.087662+00:00,2.2584875
2025-08-11 12:46:04.720169+00:00,2.2584875
2025-08-11 12:46:18.032835+00:00,2.2584869
2025-08-11 12:46:30.283438+00:00,2.2584878
2025-08-11 12:46:42.763654+00:00,2.258487
2025-08-11 12:46:56.372315+00:00,2.2584872
2025-08-11 12:47:08.713686+00:00,2.2584872
2025-08-11 12:47:22.022454+00:00,2.2584871
2025-08-11 12:47:34.960196+00:00,2.2584877
2025-08-11 12:47:47.806748+00:00,2.258488
2025-08-11 12:48:00.748474+00:00,2.2584872
2025-08-11 12:48:13.485723+00:00,2.2584868
2025-08-11 12:48:26.485587+00:00,2.2584873
2025-08-11 12:48:39.995082+00:00,2.258487
2025-08-11 12:48:52.311061+00:00,2.2584877
2025-08-11 12:49:05.771254+00:00,2.2584873
2025-08-11 12:49:18.105235+00:00,2.2584879
2025-08-11 12:49:31.165108+00:00,2.2584871
2025-08-11 12:49:43.977916+00:00,2.2584875
2025-08-11 12:49:56.793992+00:00,2.2584877
2025-08-11 12:50:09.804435+00:00,2.2584875
2025-08-11 12:50:22.516499+00:00,2.258487
2025-08-11 12:50:35.532948+00:00,2.2584875
2025-08-11 12:50:48.544223+00:00,2.2584872
2025-08-11 12:51:01.560791+00:00,2.2584871
2025-08-11 12:51:13.639358+00:00,2.2584871
2025-08-11 12:51:26.051708+00:00,2.2584876
2025-08-11 12:51:38.824888+00:00,2.2584876
2025-08-11 12:51:51.502106+00:00,2.2584878
2025-08-11 12:52:04.583670+00:00,2.2584874
2025-08-11 12:52:17.223142+00:00,2.2584876
2025-08-11 12:52:30.762934+00:00,2.2584871
2025-08-11 12:52:42.730527+00:00,2.2584869
2025-08-11 12:52:55.689897+00:00,2.258488
2025-08-11 12:53:08.365861+00:00,2.2584879
2025-08-11 12:53:21.172563+00:00,2.2584869
2025-08-11 12:53:34.133270+00:00,2.2584874
2025-08-11 12:53:47.362538+00:00,2.2584869
2025-08-11 12:53:59.949547+00:00,2.2584874
2025-08-11 12:54:12.955315+00:00,2.2584872
2025-08-11 12:54:25.516682+00:00,2.2584872
2025-08-11 12:54:38.220526+00:00,2.2584875
2025-08-11 12:54:51.077702+00:00,2.2584875
2025-08-11 12:55:04.357945+00:00,2.258487
2025-08-11 12:55:17.334120+00:00,2.258487
2025-08-11 12:55:33.152381+00:00,2.2584876
2025-08-11 12:55:42.999913+00:00,2.2584873
2025-08-11 12:55:56.083432+00:00,2.2584875
2025-08-11 12:56:07.759957+00:00,2.2584878
2025-08-11 12:56:20.493626+00:00,2.258488
2025-08-11 12:56:33.609095+00:00,2.2584868
2025-08-11 12:56:46.320441+00:00,2.2584873
2025-08-11 12:56:58.825646+00:00,2.2584878
2025-08-11 12:57:11.976935+00:00,2.2584875
2025-08-11 12:57:24.633504+00:00,2.2584875
2025-08-11 12:57:37.515657+00:00,2.2584871
2025-08-11 12:57:50.611058+00:00,2.2584875
2025-08-11 12:58:03.531527+00:00,2.2584877
2025-08-11 12:58:17.297868+00:00,2.258487
2025-08-11 12:58:29.440359+00:00,2.2584876
2025-08-11 12:58:42.215923+00:00,2.2584874
2025-08-11 12:58:55.173042+00:00,2.2584871
2025-08-11 12:59:08.379681+00:00,2.2584874
2025-08-11 12:59:21.117043+00:00,2.2584873
2025-08-11 12:59:33.897808+00:00,2.2584876
2025-08-11 12:59:49.793904+00:00,2.258487
2025-08-11 12:59:59.680425+00:00,2.2584868
2025-08-11 13:00:13.500176+00:00,2.2584874
2025-08-11 13:00:25.468857+00:00,2.2584878
2025-08-11 13:00:38.371877+00:00,2.2584872
2025-08-11 13:00:51.167148+00:00,2.2584874
2025-08-11 13:01:04.352574+00:00,2.2584869
2025-08-11 13:01:16.810068+00:00,2.2584871
2025-08-11 13:01:29.415921+00:00,2.258487
2025-08-11 13:01:42.189849+00:00,2.258487
2025-08-11 13:01:54.998916+00:00,2.2584872
2025-08-11 13:02:07.805553+00:00,2.2584869
2025-08-11 13:02:20.277335+00:00,2.2584871
2025-08-11 13:02:34.080902+00:00,2.258487
2025-08-11 13:02:45.779973+00:00,2.2584878
2025-08-11 13:02:59.721156+00:00,2.2584874
2025-08-11 13:03:11.615580+00:00,2.258487
2025-08-11 13:03:24.423814+00:00,2.2584879
2025-08-11 13:03:37.364762+00:00,2.2584871
2025-08-11 13:03:50.384585+00:00,2.258487
2025-08-11 13:04:03.514989+00:00,2.2584868
2025-08-11 13:04:16.077706+00:00,2.2584874
2025-08-11 13:04:28.782026+00:00,2.258487
2025-08-11 13:04:41.549718+00:00,2.2584872
2025-08-11 13:04:54.282952+00:00,2.2584873
2025-08-11 13:05:08.815003+00:00,2.2584873
2025-08-11 13:05:19.917721+00:00,2.2584866
2025-08-11 13:05:32.835576+00:00,2.2584873
2025-08-11 13:05:45.416351+00:00,2.2584874
2025-08-11 13:05:58.818591+00:00,2.2584872
2025-08-11 13:06:11.117387+00:00,2.2584873
2025-08-11 13:06:24.469819+00:00,2.2584876
2025-08-11 13:06:37.137278+00:00,2.2584871
2025-08-11 13:06:50.022138+00:00,2.2584876
2025-08-11 13:07:02.982342+00:00,2.2584875
2025-08-11 13:07:16.133326+00:00,2.2584872
2025-08-11 13:07:28.978886+00:00,2.2584874
2025-08-11 13:07:42.635497+00:00,2.2584876
2025-08-11 13:07:54.632968+00:00,2.2584875
2025-08-11 13:08:07.830226+00:00,2.2584865
2025-08-11 13:08:20.753187+00:00,2.2584874
2025-08-11 13:08:33.461697+00:00,2.258487
2025-08-11 13:08:46.896150+00:00,2.2584879
2025-08-11 13:08:58.954199+00:00,2.2584878
2025-08-11 13:09:11.831663+00:00,2.2584875
2025-08-11 13:09:25.360774+00:00,2.2584868
2025-08-11 13:09:37.550520+00:00,2.2584877
2025-08-11 13:09:51.993854+00:00,2.2584877
2025-08-11 13:10:03.618527+00:00,2.2584877
2025-08-11 13:10:16.275988+00:00,2.258487
2025-08-11 13:10:54.249890+00:00,2.2584869
2025-08-11 13:11:06.975347+00:00,2.2584864
2025-08-11 13:11:32.727273+00:00,2.2584868
2025-08-11 13:11:58.055938+00:00,2.2584874
2025-08-11 13:12:11.673127+00:00,2.258487
2025-08-11 13:12:36.606787+00:00,2.2584869
2025-08-11 13:12:49.348396+00:00,2.258486
2025-08-11 13:13:40.763550+00:00,2.2584867
2025-08-11 13:13:53.279638+00:00,2.258487
2025-08-11 13:14:06.254199+00:00,2.258486
2025-08-11 13:14:19.503517+00:00,2.2584873
2025-08-11 13:14:31.663360+00:00,2.2584866
2025-08-11 13:14:44.643974+00:00,2.2584878
2025-08-11 13:14:57.527699+00:00,2.2584871
2025-08-11 13:15:10.327669+00:00,2.2584864
2025-08-11 13:15:23.052131+00:00,2.2584863
2025-08-11 13:16:14.159734+00:00,2.2584863
2025-08-11 13:16:39.751379+00:00,2.2584872
2025-08-11 13:16:52.806389+00:00,2.2584873
2025-08-11 13:17:05.934179+00:00,2.2584867
2025-08-11 13:17:18.825129+00:00,2.258487
2025-08-11 13:17:32.094995+00:00,2.2584876
2025-08-11 13:17:44.765399+00:00,2.258487
2025-08-11 13:17:57.564833+00:00,2.2584866
2025-08-11 13:18:11.681822+00:00,2.2584871
2025-08-11 13:18:23.452689+00:00,2.2584868
2025-08-11 13:18:36.467560+00:00,2.2584873
2025-08-11 13:18:49.437380+00:00,2.2584873
2025-08-11 13:19:02.262719+00:00,2.2584868
2025-08-11 13:19:27.921639+00:00,2.2584875
2025-08-11 13:19:41.372624+00:00,2.2584865
2025-08-11 13:19:53.746444+00:00,2.2584875
2025-08-11 13:20:07.494770+00:00,2.2584875
2025-08-11 13:20:19.568461+00:00,2.2584868
2025-08-11 13:20:32.303544+00:00,2.2584871
2025-08-11 13:20:45.088830+00:00,2.2584863
2025-08-11 13:20:57.586270+00:00,2.258487
2025-08-11 13:21:10.440883+00:00,2.2584875
2025-08-11 13:21:23.053051+00:00,2.2584871
2025-08-11 13:21:35.970528+00:00,2.258487
2025-08-11 13:21:50.527515+00:00,2.2584875
2025-08-11 13:22:01.478178+00:00,2.258487
2025-08-11 13:23:19.339802+00:00,2.2584877
2025-08-11 13:23:31.269623+00:00,2.2584873
2025-08-11 13:23:56.898380+00:00,2.2584869
2025-08-11 13:24:10.283305+00:00,2.2584863
2025-08-11 13:24:22.453953+00:00,2.2584864
2025-08-11 13:24:35.140057+00:00,2.2584872
2025-08-11 13:25:13.546852+00:00,2.2584861
2025-08-11 13:26:04.488413+00:00,2.2584867
2025-08-11 13:26:17.390869+00:00,2.2584871
2025-08-11 13:27:08.976916+00:00,2.2584868
2025-08-11 13:27:21.899634+00:00,2.2584867
2025-08-11 13:29:56.683489+00:00,2.2584861
2025-08-11 13:31:25.309061+00:00,2.2584873
2025-08-11 13:31:38.186692+00:00,2.2584859
2025-08-11 13:31:51.241105+00:00,2.2584869
2025-08-11 13:32:04.040006+00:00,2.2584875
2025-08-11 13:32:16.687699+00:00,2.2584869
2025-08-11 13:32:30.710051+00:00,2.2584871
2025-08-11 13:32:42.193563+00:00,2.2584876
2025-08-11 13:32:55.038866+00:00,2.258487
2025-08-11 13:33:08.127464+00:00,2.258487
2025-08-11 13:33:22.328793+00:00,2.2584872
2025-08-11 13:33:34.554062+00:00,2.2584874
2025-08-11 13:33:46.557190+00:00,2.2584872
2025-08-11 13:33:59.545490+00:00,2.2584869
2025-08-11 13:34:11.940465+00:00,2.258487
2025-08-11 13:34:25.126196+00:00,2.2584875
2025-08-11 13:34:38.499351+00:00,2.2584874
2025-08-11 13:34:51.253360+00:00,2.2584876
2025-08-11 13:35:15.996462+00:00,2.258488
2025-08-11 13:35:28.682498+00:00,2.2584867
2025-08-11 13:35:41.506097+00:00,2.2584871
2025-08-11 13:35:54.212147+00:00,2.2584874
2025-08-11 13:36:07.703818+00:00,2.2584866
2025-08-11 13:36:19.695655+00:00,2.2584877
2025-08-11 13:36:33.141728+00:00,2.258487
2025-08-11 13:36:46.059951+00:00,2.2584876
2025-08-11 13:36:58.707268+00:00,2.2584871
2025-08-11 13:37:11.455918+00:00,2.2584872
2025-08-11 13:37:24.386528+00:00,2.2584871
2025-08-11 13:37:37.948652+00:00,2.258487
2025-08-11 13:37:50.336705+00:00,2.2584874
2025-08-11 13:38:03.848578+00:00,2.2584876
2025-08-11 13:38:16.228549+00:00,2.258487
2025-08-11 13:38:29.097617+00:00,2.2584871
2025-08-11 13:38:42.074318+00:00,2.2584868
2025-08-11 13:38:56.993838+00:00,2.2584871
2025-08-11 13:39:07.617707+00:00,2.2584871
2025-08-11 13:39:20.556008+00:00,2.2584873
2025-08-11 13:39:33.298945+00:00,2.2584875
2025-08-11 13:39:46.463305+00:00,2.2584867
2025-08-11 13:39:59.038939+00:00,2.2584869
2025-08-11 13:40:12.092720+00:00,2.2584874
2025-08-11 13:40:24.755480+00:00,2.2584877
2025-08-11 13:40:37.407811+00:00,2.258487
2025-08-11 13:40:50.089703+00:00,2.2584868
2025-08-11 13:41:02.589419+00:00,2.2584867
2025-08-11 13:41:15.363055+00:00,2.258487
2025-08-11 13:41:29.140534+00:00,2.2584869
2025-08-11 13:41:41.527889+00:00,2.2584869
2025-08-11 13:41:53.892534+00:00,2.258487
2025-08-11 13:42:07.051016+00:00,2.2584869
2025-08-11 13:42:19.226775+00:00,2.2584875
2025-08-11 13:42:33.483281+00:00,2.2584872
2025-08-11 13:42:44.905499+00:00,2.2584867
2025-08-11 13:42:57.874774+00:00,2.2584872
2025-08-11 13:43:10.536283+00:00,2.2584868
2025-08-11 13:43:23.720743+00:00,2.258487
2025-08-11 13:43:36.800431+00:00,2.2584867
2025-08-11 13:43:49.575135+00:00,2.2584875
2025-08-11 13:44:01.972629+00:00,2.2584866
2025-08-11 13:44:14.750090+00:00,2.2584868
2025-08-11 13:44:27.565907+00:00,2.2584872
2025-08-11 13:44:40.518153+00:00,2.2584875
2025-08-11 13:44:53.512518+00:00,2.2584875
2025-08-11 13:45:06.925345+00:00,2.2584877
2025-08-11 13:45:18.791907+00:00,2.2584873
2025-08-11 13:45:32.542502+00:00,2.2584872
2025-08-11 13:45:43.999599+00:00,2.2584878
2025-08-11 13:45:56.698229+00:00,2.2584872
2025-08-11 13:46:09.702245+00:00,2.2584874
2025-08-11 13:46:22.497308+00:00,2.2584872
2025-08-11 13:46:35.462230+00:00,2.2584867
2025-08-11 13:46:48.571260+00:00,2.2584877
2025-08-11 13:47:01.456523+00:00,2.2584867
2025-08-11 13:47:16.222198+00:00,2.2584871
2025-08-11 13:47:27.387592+00:00,2.2584879
2025-08-11 13:47:41.279293+00:00,2.2584869
2025-08-11 13:47:53.292206+00:00,2.2584866
2025-08-11 13:48:06.260820+00:00,2.2584874
2025-08-11 13:48:19.124205+00:00,2.2584879
2025-08-11 13:48:33.578305+00:00,2.258487
2025-08-11 13:48:44.802489+00:00,2.2584866
2025-08-11 13:48:57.706334+00:00,2.2584872
2025-08-11 13:49:11.301116+00:00,2.2584867
2025-08-11 13:49:23.557328+00:00,2.2584874
2025-08-11 13:49:36.541525+00:00,2.2584872
2025-08-11 13:49:49.475486+00:00,2.2584872
2025-08-11 13:50:02.508926+00:00,2.2584868
2025-08-11 13:50:15.267402+00:00,2.2584872
2025-08-11 13:50:27.904469+00:00,2.2584871
2025-08-11 13:50:40.520510+00:00,2.2584873
2025-08-11 13:50:53.030908+00:00,2.2584871
2025-08-11 13:51:06.015172+00:00,2.2584872
2025-08-11 13:51:18.451744+00:00,2.2584873
2025-08-11 13:51:31.298679+00:00,2.2584868
2025-08-11 13:51:44.070935+00:00,2.2584878
2025-08-11 13:51:57.970108+00:00,2.2584869
2025-08-11 13:52:10.465070+00:00,2.2584874
2025-08-11 13:52:22.689837+00:00,2.2584871
2025-08-11 13:52:35.335381+00:00,2.258487
2025-08-11 13:52:48.315394+00:00,2.2584869
2025-08-11 13:53:01.129751+00:00,2.2584871
2025-08-11 13:53:15.168436+00:00,2.2584875
2025-08-11 13:53:26.804014+00:00,2.2584873
2025-08-11 13:53:39.354876+00:00,2.2584873
2025-08-11 13:53:52.204579+00:00,2.2584873
2025-08-11 13:54:05.191263+00:00,2.2584877
2025-08-11 13:54:18.170517+00:00,2.2584873
2025-08-11 13:54:31.103230+00:00,2.2584871
2025-08-11 13:54:43.102149+00:00,2.258487
2025-08-11 13:54:55.887257+00:00,2.2584871
2025-08-11 13:55:09.669308+00:00,2.2584868
2025-08-11 13:55:21.495322+00:00,2.2584875
2025-08-11 13:55:34.308710+00:00,2.2584874
2025-08-11 13:55:47.276535+00:00,2.2584867
2025-08-11 13:55:59.872998+00:00,2.2584875
2025-08-11 13:56:12.510710+00:00,2.2584873
2025-08-11 13:56:25.441884+00:00,2.2584876
2025-08-11 13:56:38.292849+00:00,2.2584875
2025-08-11 13:56:51.109761+00:00,2.2584876
2025-08-11 13:57:04.306367+00:00,2.2584868
2025-08-11 13:57:17.224574+00:00,2.2584868
2025-08-11 13:57:31.758648+00:00,2.2584874
2025-08-11 13:57:43.466714+00:00,2.2584871
2025-08-11 13:57:56.052158+00:00,2.2584876
2025-08-11 13:58:08.977925+00:00,2.2584875
2025-08-11 13:58:21.853900+00:00,2.2584873
2025-08-11 13:58:35.099113+00:00,2.2584872
2025-08-11 13:58:48.134158+00:00,2.2584873
2025-08-11 13:59:00.592749+00:00,2.2584868
2025-08-11 13:59:13.272315+00:00,2.2584867
2025-08-11 13:59:26.096270+00:00,2.258487
2025-08-11 13:59:38.990091+00:00,2.2584869
2025-08-11 13:59:51.971308+00:00,2.2584875
2025-08-11 14:00:04.531704+00:00,2.2584873
2025-08-11 14:00:17.692461+00:00,2.2584869
2025-08-11 14:00:29.644258+00:00,2.2584869
2025-08-11 14:00:42.220824+00:00,2.2584871
2025-08-11 14:00:54.785013+00:00,2.2584877
2025-08-11 14:01:09.033398+00:00,2.2584866
2025-08-11 14:01:20.738223+00:00,2.258487
2025-08-11 14:01:33.380641+00:00,2.2584869
2025-08-11 14:01:45.828089+00:00,2.2584877
2025-08-11 14:01:58.526516+00:00,2.2584875
2025-08-11 14:02:11.351717+00:00,2.2584875
2025-08-11 14:02:24.151972+00:00,2.2584877
2025-08-11 14:02:36.910899+00:00,2.2584869
2025-08-11 14:02:50.233676+00:00,2.2584873
2025-08-11 14:03:02.534835+00:00,2.2584871
2025-08-11 14:03:15.240629+00:00,2.2584867
2025-08-11 14:03:27.809808+00:00,2.2584869
2025-08-11 14:03:40.850925+00:00,2.2584874
2025-08-11 14:03:53.667685+00:00,2.2584874
2025-08-11 14:04:06.139483+00:00,2.2584868
2025-08-11 14:04:18.809848+00:00,2.2584872
2025-08-11 14:04:31.716905+00:00,2.2584869
2025-08-11 14:04:44.399704+00:00,2.2584873
2025-08-11 14:04:57.331747+00:00,2.2584869
2025-08-11 14:05:10.425962+00:00,2.2584869
2025-08-11 14:05:23.306441+00:00,2.2584866
2025-08-11 14:05:37.598470+00:00,2.2584868
2025-08-11 14:05:49.167749+00:00,2.2584872
2025-08-11 14:06:02.341296+00:00,2.2584876
2025-08-11 14:06:15.676375+00:00,2.258487
2025-08-11 14:06:27.974885+00:00,2.2584866
2025-08-11 14:06:41.451460+00:00,2.2584873
2025-08-11 14:06:53.664554+00:00,2.258487
2025-08-11 14:07:06.733706+00:00,2.2584874
2025-08-11 14:07:19.463496+00:00,2.2584874
2025-08-11 14:07:33.757326+00:00,2.2584871
2025-08-11 14:07:45.690469+00:00,2.2584872
2025-08-11 14:07:59.332292+00:00,2.2584877
2025-08-11 14:08:10.943801+00:00,2.2584878
2025-08-11 14:08:23.925783+00:00,2.2584867
2025-08-11 14:08:36.947402+00:00,2.2584877
2025-08-11 14:08:49.845698+00:00,2.2584871
2025-08-11 14:09:02.768288+00:00,2.2584867
2025-08-11 14:09:15.579997+00:00,2.2584867
2025-08-11 14:09:28.123266+00:00,2.2584869
2025-08-11 14:09:40.794112+00:00,2.2584874
2025-08-11 14:09:53.419408+00:00,2.2584874
2025-08-11 14:10:06.563275+00:00,2.2584876
2025-08-11 14:10:19.347516+00:00,2.2584871
2025-08-11 14:10:31.845560+00:00,2.258487
2025-08-11 14:10:45.060980+00:00,2.2584868
2025-08-11 14:11:01.480696+00:00,2.2584875
2025-08-11 14:11:10.392591+00:00,2.258487
2025-08-11 14:11:23.189086+00:00,2.258487
2025-08-11 14:11:35.817343+00:00,2.2584876
2025-08-11 14:11:49.633102+00:00,2.2584872
2025-08-11 14:12:01.820962+00:00,2.2584867
2025-08-11 14:12:14.564713+00:00,2.2584874
2025-08-11 14:12:27.554321+00:00,2.258487
2025-08-11 14:12:40.526873+00:00,2.2584879
2025-08-11 14:12:53.263897+00:00,2.2584872
2025-08-11 14:13:05.677121+00:00,2.2584877
2025-08-11 14:13:18.369831+00:00,2.2584876
2025-08-11 14:13:31.347590+00:00,2.2584869
2025-08-11 14:13:44.239821+00:00,2.2584867
2025-08-11 14:13:56.746156+00:00,2.2584877
2025-08-11 14:14:09.680670+00:00,2.2584873
2025-08-11 14:14:22.217268+00:00,2.2584874
2025-08-11 14:14:35.661968+00:00,2.2584876
2025-08-11 14:14:48.380653+00:00,2.2584867
2025-08-11 14:15:00.721574+00:00,2.258487
2025-08-11 14:15:14.573567+00:00,2.2584872
2025-08-11 14:15:27.190513+00:00,2.2584872
2025-08-11 14:15:39.615293+00:00,2.2584874
2025-08-11 14:15:52.627233+00:00,2.258487
2025-08-11 14:16:06.462028+00:00,2.2584867
2025-08-11 14:16:18.702407+00:00,2.2584873
2025-08-11 14:16:31.569027+00:00,2.2584878
2025-08-11 14:16:44.660337+00:00,2.2584875
2025-08-11 14:16:57.435416+00:00,2.2584867
2025-08-11 14:17:11.001365+00:00,2.2584876
2025-08-11 14:17:23.211828+00:00,2.2584875
2025-08-11 14:17:36.142187+00:00,2.2584876
2025-08-11 14:17:49.001141+00:00,2.2584874
2025-08-11 14:18:02.683478+00:00,2.258487
2025-08-11 14:18:15.382575+00:00,2.2584873
2025-08-11 14:18:27.491096+00:00,2.2584871
2025-08-11 14:18:40.411351+00:00,2.2584866
2025-08-11 14:18:54.618679+00:00,2.2584872
2025-08-11 14:19:07.540718+00:00,2.2584873
2025-08-11 14:19:18.525559+00:00,2.2584871
2025-08-11 14:19:31.115865+00:00,2.2584868
2025-08-11 14:19:43.906838+00:00,2.2584868
2025-08-11 14:19:56.721782+00:00,2.2584868
2025-08-11 14:20:09.455355+00:00,2.2584872
2025-08-11 14:20:22.665388+00:00,2.2584873
2025-08-11 14:20:35.195830+00:00,2.2584875
2025-08-11 14:20:48.524356+00:00,2.2584873
2025-08-11 14:21:01.805333+00:00,2.2584876
2025-08-11 14:21:13.655900+00:00,2.2584868
2025-08-11 14:21:26.456387+00:00,2.2584868
2025-08-11 14:21:40.287376+00:00,2.2584874
2025-08-11 14:21:51.920800+00:00,2.2584872
2025-08-11 14:22:05.164229+00:00,2.2584869
2025-08-11 14:22:17.643394+00:00,2.258487
2025-08-11 14:22:30.615961+00:00,2.2584874
2025-08-11 14:22:43.006033+00:00,2.2584875
2025-08-11 14:22:55.641230+00:00,2.2584869
2025-08-11 14:23:08.701498+00:00,2.2584869
2025-08-11 14:23:21.614202+00:00,2.2584877
2025-08-11 14:23:35.017982+00:00,2.2584864
2025-08-11 14:23:47.575257+00:00,2.2584874
2025-08-11 14:23:59.996712+00:00,2.2584871
2025-08-11 14:24:13.259418+00:00,2.2584874
2025-08-11 14:24:25.799566+00:00,2.2584866
2025-08-11 14:24:38.749822+00:00,2.2584874
2025-08-11 14:24:51.667858+00:00,2.2584873
2025-08-11 14:25:05.015377+00:00,2.2584875
2025-08-11 14:25:18.484747+00:00,2.2584876
2025-08-11 14:25:31.084106+00:00,2.2584871
2025-08-11 14:25:44.298307+00:00,2.2584876
2025-08-11 14:25:56.708475+00:00,2.258487
2025-08-11 14:26:09.656506+00:00,2.2584869
2025-08-11 14:26:22.360805+00:00,2.2584868
2025-08-11 14:26:36.455143+00:00,2.258487
2025-08-11 14:26:47.874332+00:00,2.2584868
2025-08-11 14:27:00.646560+00:00,2.2584874
2025-08-11 14:27:13.416939+00:00,2.2584876
2025-08-11 14:27:26.187622+00:00,2.2584871
2025-08-11 14:27:38.797055+00:00,2.2584869
2025-08-11 14:27:51.605292+00:00,2.2584876
2025-08-11 14:28:05.877008+00:00,2.2584868
2025-08-11 14:28:17.004108+00:00,2.2584869
2025-08-11 14:28:29.636966+00:00,2.2584871
2025-08-11 14:28:42.467312+00:00,2.2584872
2025-08-11 14:28:55.296273+00:00,2.2584873
2025-08-11 14:29:08.153553+00:00,2.2584874
2025-08-11 14:29:20.827305+00:00,2.2584873
2025-08-11 14:29:33.660865+00:00,2.2584873
2025-08-11 14:29:46.612491+00:00,2.2584869
2025-08-11 14:29:59.172306+00:00,2.2584868
2025-08-11 14:30:12.375767+00:00,2.2584868
2025-08-11 14:30:26.576948+00:00,2.2584877
2025-08-11 14:30:38.629335+00:00,2.2584872
2025-08-11 14:30:50.541716+00:00,2.2584876
2025-08-11 14:31:03.514119+00:00,2.2584872
2025-08-11 14:31:16.240606+00:00,2.2584872
2025-08-11 14:31:28.833506+00:00,2.2584872
2025-08-11 14:31:41.717062+00:00,2.2584874
2025-08-11 14:31:54.407642+00:00,2.2584872
2025-08-11 14:32:07.182672+00:00,2.2584873
2025-08-11 14:32:20.280977+00:00,2.2584873
2025-08-11 14:32:32.900245+00:00,2.2584866
2025-08-11 14:32:45.411305+00:00,2.2584872
2025-08-11 14:32:58.847029+00:00,2.2584867
2025-08-11 14:33:11.570809+00:00,2.2584869
2025-08-11 14:33:24.280877+00:00,2.2584873
2025-08-11 14:33:37.271750+00:00,2.2584864
2025-08-11 14:33:50.371545+00:00,2.2584874
2025-08-11 14:34:03.468337+00:00,2.258487
2025-08-11 14:34:16.934821+00:00,2.2584871
2025-08-11 14:34:29.211315+00:00,2.2584867
2025-08-11 14:34:42.058865+00:00,2.2584869
2025-08-11 14:34:55.029042+00:00,2.2584874
2025-08-11 14:35:10.070714+00:00,2.2584875
2025-08-11 14:35:21.510527+00:00,2.2584877
2025-08-11 14:35:33.797795+00:00,2.2584871
2025-08-11 14:35:47.509890+00:00,2.2584876
2025-08-11 14:35:59.624239+00:00,2.2584879
2025-08-11 14:36:12.310911+00:00,2.2584876
2025-08-11 14:36:25.407077+00:00,2.258487
2025-08-11 14:36:38.432183+00:00,2.2584868
2025-08-11 14:36:50.876531+00:00,2.2584873
2025-08-11 14:37:03.716144+00:00,2.2584868
2025-08-11 14:37:16.700269+00:00,2.2584874
2025-08-11 14:37:29.672240+00:00,2.2584873
2025-08-11 14:37:42.892492+00:00,2.2584875
2025-08-11 14:37:55.638117+00:00,2.2584871
2025-08-11 14:38:07.633179+00:00,2.2584876
2025-08-11 14:38:20.049248+00:00,2.2584873
2025-08-11 14:38:34.377413+00:00,2.2584873
2025-08-11 14:38:45.668380+00:00,2.2584871
2025-08-11 14:38:58.531145+00:00,2.2584876
2025-08-11 14:39:11.539073+00:00,2.2584874
2025-08-11 14:39:24.221400+00:00,2.2584869
2025-08-11 14:39:37.058838+00:00,2.2584868
2025-08-11 14:39:49.851972+00:00,2.2584869
2025-08-11 14:40:02.658477+00:00,2.2584862
2025-08-11 14:40:15.584192+00:00,2.2584867
2025-08-11 14:40:28.308128+00:00,2.258487
2025-08-11 14:40:40.961354+00:00,2.2584878
2025-08-11 14:40:53.779498+00:00,2.2584873
2025-08-11 14:41:09.692286+00:00,2.2584872
2025-08-11 14:41:21.345763+00:00,2.2584871
2025-08-11 14:41:32.279481+00:00,2.2584873
2025-08-11 14:41:44.918570+00:00,2.2584874
2025-08-11 14:41:58.190640+00:00,2.2584874
2025-08-11 14:42:11.665419+00:00,2.2584867
2025-08-11 14:42:23.870288+00:00,2.2584872
2025-08-11 14:42:36.567681+00:00,2.2584875
2025-08-11 14:42:49.536923+00:00,2.2584871
2025-08-11 14:43:03.964881+00:00,2.2584872
2025-08-11 14:43:15.602473+00:00,2.2584869
2025-08-11 14:43:29.215234+00:00,2.2584871
2025-08-11 14:43:41.210964+00:00,2.2584869
2025-08-11 14:43:54.360279+00:00,2.2584874
2025-08-11 14:44:07.682470+00:00,2.2584867
2025-08-11 14:44:19.913479+00:00,2.2584869
2025-08-11 14:44:32.728660+00:00,2.2584871
2025-08-11 14:44:45.543392+00:00,2.2584874
2025-08-11 14:44:58.967183+00:00,2.2584876
2025-08-11 14:45:11.759722+00:00,2.2584871
2025-08-11 14:45:24.290824+00:00,2.2584873
2025-08-11 14:45:38.210225+00:00,2.2584871
2025-08-11 14:45:49.713175+00:00,2.258487
2025-08-11 14:46:02.607065+00:00,2.258487
2025-08-11 14:46:15.534164+00:00,2.2584875
2025-08-11 14:46:28.072417+00:00,2.2584872
2025-08-11 14:46:41.695210+00:00,2.2584869
2025-08-11 14:46:53.425203+00:00,2.2584876
2025-08-11 14:47:08.015117+00:00,2.2584876
2025-08-11 14:47:18.930557+00:00,2.2584877
2025-08-11 14:47:31.659414+00:00,2.2584869
2025-08-11 14:47:44.439365+00:00,2.2584873
2025-08-11 14:47:57.096309+00:00,2.2584866
2025-08-11 14:48:09.846548+00:00,2.2584871
2025-08-11 14:48:22.659840+00:00,2.2584872
2025-08-11 14:48:35.652728+00:00,2.258487
2025-08-11 14:48:50.041689+00:00,2.2584877
2025-08-11 14:49:01.555754+00:00,2.258487
2025-08-11 14:49:13.995061+00:00,2.2584876
2025-08-11 14:49:26.821244+00:00,2.2584878
2025-08-11 14:49:40.199828+00:00,2.2584877
2025-08-11 14:49:54.661306+00:00,2.2584874
2025-08-11 14:50:05.210269+00:00,2.2584866
2025-08-11 14:50:17.928467+00:00,2.2584871
2025-08-11 14:50:30.776872+00:00,2.2584871
2025-08-11 14:50:43.390047+00:00,2.258487
2025-08-11 14:50:56.267488+00:00,2.2584871
2025-08-11 14:51:09.258855+00:00,2.2584871
2025-08-11 14:51:22.140459+00:00,2.2584866
2025-08-11 14:51:35.016451+00:00,2.2584873
2025-08-11 14:51:48.126525+00:00,2.2584869
2025-08-11 14:52:01.066536+00:00,2.2584877
2025-08-11 14:52:13.899863+00:00,2.2584868
2025-08-11 14:52:26.806884+00:00,2.2584875
2025-08-11 14:52:39.855376+00:00,2.2584874
2025-08-11 14:52:52.738419+00:00,2.2584868
2025-08-11 14:53:07.278659+00:00,2.258487
2025-08-11 14:53:18.883463+00:00,2.2584872
2025-08-11 14:53:31.936937+00:00,2.2584875
2025-08-11 14:53:45.328122+00:00,2.2584864
2025-08-11 14:53:57.992758+00:00,2.2584873
2025-08-11 14:54:10.029305+00:00,2.2584873
2025-08-11 14:54:23.986737+00:00,2.258487
2025-08-11 14:54:35.786499+00:00,2.2584873
2025-08-11 14:54:49.074357+00:00,2.2584874
2025-08-11 14:55:03.235309+00:00,2.2584871
2025-08-11 14:55:14.360498+00:00,2.2584873
2025-08-11 14:55:27.152518+00:00,2.2584874
2025-08-11 14:55:41.383322+00:00,2.2584871
2025-08-11 14:55:52.295351+00:00,2.2584869
2025-08-11 14:56:05.824303+00:00,2.2584878
2025-08-11 14:56:18.840831+00:00,2.2584875
2025-08-11 14:56:30.680135+00:00,2.258487
2025-08-11 14:56:43.282304+00:00,2.2584866
2025-08-11 14:56:55.816527+00:00,2.2584865
2025-08-11 14:57:08.743983+00:00,2.258487
2025-08-11 14:57:21.856415+00:00,2.2584874
2025-08-11 14:57:34.616213+00:00,2.2584869
2025-08-11 14:57:47.749911+00:00,2.2584872
2025-08-11 14:58:02.364799+00:00,2.2584873
2025-08-11 14:58:12.924465+00:00,2.2584876
2025-08-11 14:58:25.886567+00:00,2.2584874
2025-08-11 14:58:38.663996+00:00,2.2584877
2025-08-11 14:58:51.330298+00:00,2.2584875
2025-08-11 14:59:04.844969+00:00,2.2584872
2025-08-11 14:59:17.020088+00:00,2.2584871
2025-08-11 14:59:29.703295+00:00,2.2584868
2025-08-11 14:59:42.430440+00:00,2.2584868
2025-08-11 14:59:55.634110+00:00,2.2584874
2025-08-11 15:00:10.452331+00:00,2.2584872
2025-08-11 15:00:21.119368+00:00,2.2584877
2025-08-11 15:00:33.936025+00:00,2.2584867
2025-08-11 15:00:46.960425+00:00,2.2584871
2025-08-11 15:00:59.506802+00:00,2.2584874
2025-08-11 15:01:12.535463+00:00,2.2584872
2025-08-11 15:01:25.458420+00:00,2.2584872
2025-08-11 15:01:38.491872+00:00,2.2584868
2025-08-11 15:01:51.428957+00:00,2.2584872
2025-08-11 15:02:07.011306+00:00,2.2584868
2025-08-11 15:02:17.660008+00:00,2.2584873
2025-08-11 15:02:30.606270+00:00,2.2584869
2025-08-11 15:02:43.156688+00:00,2.2584873
2025-08-11 15:02:56.674299+00:00,2.2584872
2025-08-11 15:03:08.996940+00:00,2.258487
2025-08-11 15:03:21.844697+00:00,2.2584868
2025-08-11 15:03:35.095758+00:00,2.2584878
2025-08-11 15:03:48.337849+00:00,2.2584874
2025-08-11 15:04:00.429580+00:00,2.2584868
2025-08-11 15:04:26.143974+00:00,2.2584866
2025-08-11 15:04:39.085653+00:00,2.2584869
2025-08-11 15:05:42.984557+00:00,2.2584867
2025-08-11 15:06:46.701125+00:00,2.2584873
2025-08-11 15:07:12.386900+00:00,2.2584861
2025-08-11 15:08:28.991384+00:00,2.2584859
2025-08-11 15:09:20.065938+00:00,2.2584868
2025-08-11 15:16:10.435491+00:00,2.2584859
2025-08-11 15:24:04.911061+00:00,2.2584873
2025-08-11 15:24:43.379962+00:00,2.2584858
2025-08-11 15:25:21.819327+00:00,2.2584874
2025-08-11 15:25:47.436746+00:00,2.2584876
2025-08-11 15:26:00.407101+00:00,2.2584877
2025-08-11 15:26:26.765812+00:00,2.2584859
2025-08-11 15:26:38.682401+00:00,2.2584866
2025-08-11 15:26:52.989265+00:00,2.2584867
2025-08-11 15:27:04.331922+00:00,2.2584867
2025-08-11 15:27:17.331475+00:00,2.2584872
2025-08-11 15:27:29.811069+00:00,2.2584872
2025-08-11 15:27:43.055812+00:00,2.2584869
2025-08-11 15:27:55.354715+00:00,2.2584872
2025-08-11 15:28:08.116868+00:00,2.2584876
2025-08-11 15:28:21.443779+00:00,2.2584868
2025-08-11 15:28:33.940229+00:00,2.2584877
2025-08-11 15:28:46.741251+00:00,2.2584871
2025-08-11 15:28:59.737576+00:00,2.2584868
2025-08-11 15:29:25.674114+00:00,2.2584872
2025-08-11 15:29:38.636510+00:00,2.2584869
2025-08-11 15:29:52.496763+00:00,2.2584872
2025-08-11 15:30:04.782848+00:00,2.2584862
2025-08-11 15:30:17.624176+00:00,2.2584866
2025-08-11 15:30:30.410370+00:00,2.2584867
2025-08-11 15:30:43.361184+00:00,2.2584869
2025-08-11 15:30:56.151068+00:00,2.2584873
2025-08-11 15:31:09.772802+00:00,2.2584862
2025-08-11 15:31:23.178233+00:00,2.2584868
2025-08-11 15:31:34.759141+00:00,2.2584876
2025-08-11 15:31:48.031960+00:00,2.258487
2025-08-11 15:32:00.601184+00:00,2.2584867
2025-08-11 15:32:14.217519+00:00,2.2584876
2025-08-11 15:32:26.248788+00:00,2.258487
2025-08-11 15:32:38.963731+00:00,2.2584872
2025-08-11 15:32:52.131479+00:00,2.2584865
2025-08-11 15:33:04.483922+00:00,2.2584867
2025-08-11 15:33:17.000319+00:00,2.2584861
2025-08-11 15:33:29.610758+00:00,2.258487
2025-08-11 15:33:42.308476+00:00,2.2584873
2025-08-11 15:33:55.245825+00:00,2.2584875
2025-08-11 15:34:08.321952+00:00,2.258487
2025-08-11 15:34:21.192298+00:00,2.2584875
2025-08-11 15:34:33.944758+00:00,2.2584869
2025-08-11 15:34:46.877846+00:00,2.2584872
2025-08-11 15:34:59.450092+00:00,2.258487
2025-08-11 15:35:12.261965+00:00,2.2584871
2025-08-11 15:35:25.031119+00:00,2.2584869
2025-08-11 15:35:38.343670+00:00,2.2584866
2025-08-11 15:35:50.838436+00:00,2.258487
2025-08-11 15:36:03.460616+00:00,2.2584873
2025-08-11 15:36:16.834288+00:00,2.2584872
2025-08-11 15:36:29.124710+00:00,2.2584867
2025-08-11 15:36:42.349357+00:00,2.258487
2025-08-11 15:36:54.797554+00:00,2.2584871
2025-08-11 15:37:07.917843+00:00,2.2584871
2025-08-11 15:37:20.365116+00:00,2.258487
2025-08-11 15:37:33.025301+00:00,2.2584874
2025-08-11 15:37:45.876834+00:00,2.2584869
2025-08-11 15:37:59.259047+00:00,2.2584873
2025-08-11 15:38:11.501212+00:00,2.2584876
2025-08-11 15:38:24.285585+00:00,2.2584865
2025-08-11 15:38:37.067356+00:00,2.2584876
2025-08-11 15:38:53.318008+00:00,2.2584865
2025-08-11 15:39:02.998671+00:00,2.2584874
2025-08-11 15:39:15.688371+00:00,2.2584868
2025-08-11 15:39:29.555839+00:00,2.2584867
2025-08-11 15:39:41.816123+00:00,2.2584875
2025-08-11 15:39:55.472971+00:00,2.2584862
2025-08-11 15:40:07.851683+00:00,2.2584871
2025-08-11 15:40:20.677562+00:00,2.2584867
2025-08-11 15:40:35.746811+00:00,2.2584866
2025-08-11 15:40:47.587108+00:00,2.258487
2025-08-11 15:41:02.503509+00:00,2.258487
2025-08-11 15:41:12.608971+00:00,2.2584867
2025-08-11 15:41:25.133799+00:00,2.2584872
2025-08-11 15:41:38.092703+00:00,2.2584869
2025-08-11 15:41:51.027901+00:00,2.2584865
2025-08-11 15:42:03.954216+00:00,2.2584865
2025-08-11 15:42:16.768229+00:00,2.2584872
2025-08-11 15:42:29.893094+00:00,2.2584873
2025-08-11 15:42:42.497396+00:00,2.2584868
2025-08-11 15:42:55.286966+00:00,2.2584863
2025-08-11 15:43:08.597350+00:00,2.2584869
2025-08-11 15:43:20.361626+00:00,2.2584869
2025-08-11 15:43:33.186232+00:00,2.2584874
2025-08-11 15:43:46.016018+00:00,2.2584874
2025-08-11 15:43:58.925677+00:00,2.2584867
2025-08-11 15:44:11.609961+00:00,2.2584874
2025-08-11 15:44:24.230967+00:00,2.258487
2025-08-11 15:44:37.030903+00:00,2.2584871
2025-08-11 15:44:49.958600+00:00,2.2584868
2025-08-11 15:45:03.018078+00:00,2.2584871
2025-08-11 15:45:15.683391+00:00,2.258487
2025-08-11 15:45:28.555326+00:00,2.2584873
2025-08-11 15:45:41.231185+00:00,2.258487
2025-08-11 15:46:07.409450+00:00,2.2584867
2025-08-11 15:46:19.891423+00:00,2.2584864
2025-08-11 15:46:32.580014+00:00,2.2584872
2025-08-11 15:46:47.752849+00:00,2.2584867
2025-08-11 15:46:58.221830+00:00,2.2584865
2025-08-11 15:47:11.662730+00:00,2.2584861
2025-08-11 15:48:01.912734+00:00,2.2584862
2025-08-11 15:51:15.435153+00:00,2.2584866
2025-08-11 15:51:28.272595+00:00,2.2584858
2025-08-11 15:53:35.426551+00:00,2.2584873
2025-08-11 15:53:48.941183+00:00,2.2584875
2025-08-11 16:03:26.211428+00:00,2.2584861
2025-08-11 16:49:34.542113+00:00,2.2584864
2025-08-11 16:50:25.290380+00:00,2.258486
2025-08-11 16:50:38.143746+00:00,2.2584865
2025-08-11 16:50:50.950989+00:00,2.2584875
2025-08-11 16:51:03.729343+00:00,2.2584867
2025-08-11 16:51:29.038016+00:00,2.2584869
2025-08-11 16:51:41.984054+00:00,2.258487
2025-08-11 16:51:55.239054+00:00,2.2584876
2025-08-11 16:52:51.375896+00:00,2.2584875
2025-08-11 16:52:58.194395+00:00,2.2584865
2025-08-11 16:53:11.370094+00:00,2.258487
2025-08-11 16:53:23.406070+00:00,2.2584866
2025-08-11 16:53:36.066531+00:00,2.2584865
2025-08-11 16:54:01.597172+00:00,2.258487
2025-08-11 16:54:14.504461+00:00,2.2584863
2025-08-11 16:54:52.312997+00:00,2.2584872
2025-08-11 16:55:05.306227+00:00,2.2584869
2025-08-11 16:55:20.221087+00:00,2.2584876
2025-08-11 16:55:31.481465+00:00,2.258487
2025-08-11 16:55:43.682144+00:00,2.2584868
2025-08-11 16:55:56.653428+00:00,2.2584872
2025-08-11 16:56:09.563196+00:00,2.258487
2025-08-11 16:56:22.428696+00:00,2.2584869
2025-08-11 16:56:36.169707+00:00,2.258487
2025-08-11 16:56:48.213230+00:00,2.2584859
2025-08-11 16:58:05.877025+00:00,2.2584867
2025-08-11 16:58:18.109513+00:00,2.2584869
2025-08-11 17:19:33.115843+00:00,2.2584858
2025-08-11 17:19:46.109921+00:00,2.2584871
2025-08-11 17:19:58.982229+00:00,2.2584868
2025-08-11 17:20:12.034887+00:00,2.2584876
2025-08-11 17:20:24.507592+00:00,2.2584871
2025-08-11 17:20:37.374073+00:00,2.2584872
2025-08-11 17:20:50.619661+00:00,2.2584872
2025-08-11 17:21:02.876278+00:00,2.2584873
2025-08-11 17:21:15.542113+00:00,2.2584861
2025-08-11 17:21:28.315021+00:00,2.258487
2025-08-11 17:21:41.084041+00:00,2.2584868
2025-08-11 17:21:53.981828+00:00,2.2584875
2025-08-11 17:22:07.338310+00:00,2.2584868
2025-08-11 17:22:19.540792+00:00,2.258487
2025-08-11 17:22:33.329527+00:00,2.2584876
2025-08-11 17:22:45.584222+00:00,2.2584875
2025-08-11 17:22:57.996140+00:00,2.2584876
2025-08-11 17:23:10.759233+00:00,2.2584874
2025-08-11 17:23:23.118716+00:00,2.2584875
2025-08-11 17:23:35.871012+00:00,2.2584875
2025-08-11 17:23:49.285369+00:00,2.2584877
2025-08-11 17:24:01.969577+00:00,2.2584873
2025-08-11 17:24:14.053750+00:00,2.258487
2025-08-11 17:24:26.726266+00:00,2.2584869
2025-08-11 17:24:39.528239+00:00,2.2584875
2025-08-11 17:24:52.361191+00:00,2.2584866
2025-08-11 17:25:05.334631+00:00,2.2584876
2025-08-11 17:25:18.328841+00:00,2.2584872
2025-08-11 17:25:33.982229+00:00,2.2584867
2025-08-11 17:25:43.985066+00:00,2.2584871
2025-08-11 17:25:56.883914+00:00,2.2584875
2025-08-11 17:26:10.045850+00:00,2.2584874
2025-08-11 17:26:22.807873+00:00,2.2584876
2025-08-11 17:26:35.665711+00:00,2.2584869
2025-08-11 17:26:49.371114+00:00,2.2584874
2025-08-11 17:27:02.903986+00:00,2.2584871
2025-08-11 17:27:14.424709+00:00,2.2584873
2025-08-11 17:27:26.897833+00:00,2.2584874
2025-08-11 17:27:40.248231+00:00,2.2584876
2025-08-11 17:27:52.574247+00:00,2.2584869
2025-08-11 17:28:06.006273+00:00,2.2584869
2025-08-11 17:28:18.247167+00:00,2.2584878
2025-08-11 17:28:31.220861+00:00,2.2584874
2025-08-11 17:28:43.805041+00:00,2.2584875
2025-08-11 17:28:56.615178+00:00,2.2584873
2025-08-11 17:29:09.734398+00:00,2.2584873
2025-08-11 17:29:22.668379+00:00,2.2584874
2025-08-11 17:29:34.620001+00:00,2.2584868
2025-08-11 17:29:47.191230+00:00,2.2584876
2025-08-11 17:29:59.944948+00:00,2.2584876
2025-08-11 17:30:12.949348+00:00,2.2584872
2025-08-11 17:30:26.628145+00:00,2.2584871
2025-08-11 17:30:38.469303+00:00,2.2584868
2025-08-11 17:30:51.111011+00:00,2.2584868
2025-08-11 17:31:03.992708+00:00,2.2584872
2025-08-11 17:31:16.885282+00:00,2.2584872
2025-08-11 17:31:29.534499+00:00,2.2584874
2025-08-11 17:31:42.243517+00:00,2.2584872
2025-08-11 17:31:55.090720+00:00,2.2584874
2025-08-11 17:32:08.116581+00:00,2.2584867
2025-08-11 17:32:20.254318+00:00,2.258487
2025-08-11 17:32:33.131903+00:00,2.258487
2025-08-11 17:32:47.921751+00:00,2.2584874
2025-08-11 17:32:58.644826+00:00,2.2584877
2025-08-11 17:33:11.225140+00:00,2.2584875
2025-08-11 17:33:23.866108+00:00,2.258487
2025-08-11 17:33:36.608368+00:00,2.2584868
2025-08-11 17:33:49.159179+00:00,2.258487
2025-08-11 17:34:02.064040+00:00,2.2584871
2025-08-11 17:34:14.691116+00:00,2.2584871
2025-08-11 17:34:27.787341+00:00,2.2584875
2025-08-11 17:34:40.598454+00:00,2.2584873
2025-08-11 17:34:54.414535+00:00,2.2584867
2025-08-11 17:35:06.920930+00:00,2.2584876
2025-08-11 17:35:19.399829+00:00,2.2584868
2025-08-11 17:35:32.599867+00:00,2.258487
2025-08-11 17:35:45.202218+00:00,2.2584868
2025-08-11 17:35:57.993158+00:00,2.2584871
2025-08-11 17:36:10.799388+00:00,2.258487
2025-08-11 17:36:23.725592+00:00,2.2584871
2025-08-11 17:36:36.488666+00:00,2.2584874
2025-08-11 17:36:49.599364+00:00,2.2584863
2025-08-11 17:37:02.299953+00:00,2.2584869
2025-08-11 17:37:14.822718+00:00,2.2584877
2025-08-11 17:37:27.730204+00:00,2.2584875
2025-08-11 17:37:40.572043+00:00,2.2584868
2025-08-11 17:37:53.569077+00:00,2.2584874
2025-08-11 17:38:06.140850+00:00,2.2584861
2025-08-11 17:38:18.733383+00:00,2.2584872
2025-08-11 17:38:32.288318+00:00,2.2584871
2025-08-11 17:38:56.990506+00:00,2.2584864
2025-08-11 17:39:10.555390+00:00,2.2584867
2025-08-11 17:39:22.070282+00:00,2.2584867
2025-08-11 17:40:00.521783+00:00,2.258487
2025-08-11 17:40:13.435407+00:00,2.2584868
2025-08-11 17:46:37.309269+00:00,2.2584874
2025-08-11 17:46:50.135008+00:00,2.2584874
2025-08-11 17:47:03.502119+00:00,2.2584874
2025-08-11 17:47:17.307963+00:00,2.2584871
2025-08-11 17:47:29.195502+00:00,2.2584866
2025-08-11 17:47:41.055987+00:00,2.2584862
2025-08-11 17:47:53.643957+00:00,2.258487
2025-08-11 17:48:06.457512+00:00,2.2584868
2025-08-11 17:48:19.071446+00:00,2.2584878
2025-08-11 17:48:34.062985+00:00,2.2584867
2025-08-11 17:48:46.638460+00:00,2.2584869
2025-08-11 17:48:57.553979+00:00,2.2584873
2025-08-11 17:49:11.206256+00:00,2.2584873
2025-08-11 17:49:22.991728+00:00,2.258487
2025-08-11 17:49:36.363978+00:00,2.2584867
2025-08-11 17:49:48.502155+00:00,2.2584875
2025-08-11 17:50:01.479144+00:00,2.2584872
2025-08-11 17:50:14.406631+00:00,2.2584872
2025-08-11 17:50:26.979806+00:00,2.2584871
2025-08-11 17:50:39.517694+00:00,2.2584871
2025-08-11 17:50:52.435714+00:00,2.2584873
2025-08-11 17:51:05.197397+00:00,2.2584869
2025-08-11 17:51:18.201307+00:00,2.2584872
2025-08-11 17:51:30.927847+00:00,2.2584869
2025-08-11 17:51:43.136301+00:00,2.2584875
2025-08-11 17:51:56.151823+00:00,2.2584874
2025-08-11 17:52:08.999809+00:00,2.2584872
2025-08-11 17:52:21.143407+00:00,2.2584871
2025-08-11 17:52:34.546364+00:00,2.2584874
2025-08-11 17:52:47.405502+00:00,2.2584871
2025-08-11 17:53:00.850351+00:00,2.2584872
2025-08-11 17:53:13.318181+00:00,2.2584862
2025-08-11 17:53:25.356922+00:00,2.2584874
2025-08-11 17:53:38.392327+00:00,2.258487
2025-08-11 17:53:51.358216+00:00,2.2584872
2025-08-11 17:54:04.506500+00:00,2.2584868
2025-08-11 17:54:18.137012+00:00,2.2584871
2025-08-11 17:54:30.285510+00:00,2.2584875
2025-08-11 17:54:43.224164+00:00,2.2584872
2025-08-11 17:54:55.917370+00:00,2.2584877
2025-08-11 17:55:09.239377+00:00,2.2584879
2025-08-11 17:55:24.824321+00:00,2.258487
2025-08-11 17:55:34.792565+00:00,2.2584869
2025-08-11 17:55:47.298717+00:00,2.2584872
2025-08-11 17:56:01.363308+00:00,2.2584877
2025-08-11 17:56:12.948438+00:00,2.2584868
2025-08-11 17:56:26.159974+00:00,2.2584866
2025-08-11 17:56:39.830048+00:00,2.2584873
2025-08-11 17:56:51.231326+00:00,2.2584872
2025-08-11 17:58:45.480449+00:00,2.258487
2025-08-11 17:58:57.968350+00:00,2.2584873
2025-08-11 17:59:10.681418+00:00,2.2584867
2025-08-11 18:03:40.954295+00:00,2.258487
2025-08-11 18:03:52.836124+00:00,2.2584869
2025-08-11 18:04:05.739247+00:00,2.2584876
2025-08-11 18:04:18.334635+00:00,2.2584872
2025-08-11 18:04:33.002484+00:00,2.2584874
2025-08-11 18:04:44.807752+00:00,2.2584875
2025-08-11 18:04:57.294011+00:00,2.2584868
2025-08-11 18:05:11.698134+00:00,2.2584876
2025-08-11 18:05:23.294365+00:00,2.2584872
2025-08-11 18:05:36.264820+00:00,2.2584874
2025-08-11 18:05:49.152000+00:00,2.2584869
2025-08-11 18:06:02.091021+00:00,2.258487
2025-08-11 18:06:14.984666+00:00,2.2584871
2025-08-11 18:06:27.810122+00:00,2.2584872
2025-08-11 18:06:42.232267+00:00,2.2584874
2025-08-11 18:06:54.493787+00:00,2.2584873
2025-08-11 18:07:06.558522+00:00,2.2584872
2025-08-11 18:07:19.359410+00:00,2.2584875
2025-08-11 18:07:32.399871+00:00,2.2584877
2025-08-11 18:07:44.931770+00:00,2.2584874
2025-08-11 18:07:57.736580+00:00,2.2584879
2025-08-11 18:08:10.233126+00:00,2.2584868
2025-08-11 18:08:22.966762+00:00,2.2584873
2025-08-11 18:08:35.516782+00:00,2.2584873
2025-08-11 18:08:48.776799+00:00,2.2584875
2025-08-11 18:09:01.377127+00:00,2.2584878
2025-08-11 18:09:13.518334+00:00,2.2584872
2025-08-11 18:09:26.772815+00:00,2.2584871
2025-08-11 18:09:39.328347+00:00,2.2584876
2025-08-11 18:09:52.301140+00:00,2.2584875
2025-08-11 18:10:05.252865+00:00,2.2584869
2025-08-11 18:10:17.704308+00:00,2.2584873
2025-08-11 18:10:31.308792+00:00,2.2584871
2025-08-11 18:10:43.284174+00:00,2.2584871
2025-08-11 18:10:56.239647+00:00,2.2584877
2025-08-11 18:11:10.199378+00:00,2.2584875
2025-08-11 18:11:21.568696+00:00,2.2584875
2025-08-11 18:11:34.384030+00:00,2.2584874
2025-08-11 18:11:47.390827+00:00,2.2584875
2025-08-11 18:12:00.001582+00:00,2.2584868
2025-08-11 18:12:12.798419+00:00,2.2584879
2025-08-11 18:12:25.334274+00:00,2.2584873
2025-08-11 18:12:37.860343+00:00,2.2584867
2025-08-11 18:12:50.522941+00:00,2.2584869
2025-08-11 18:13:03.429238+00:00,2.2584873
2025-08-11 18:13:16.103983+00:00,2.2584877
2025-08-11 18:13:29.414807+00:00,2.2584874
2025-08-11 18:13:41.732738+00:00,2.2584876
2025-08-11 18:13:54.289344+00:00,2.2584869
2025-08-11 18:14:07.268515+00:00,2.2584875
2025-08-11 18:14:20.023818+00:00,2.2584876
2025-08-11 18:14:33.013995+00:00,2.2584875
2025-08-11 18:14:46.991752+00:00,2.2584872
2025-08-11 18:14:58.732105+00:00,2.2584874
2025-08-11 18:15:11.824593+00:00,2.2584876
2025-08-11 18:15:24.817750+00:00,2.2584873
2025-08-11 18:15:37.612231+00:00,2.258487
2025-08-11 18:15:50.730879+00:00,2.2584874
2025-08-11 18:16:03.682230+00:00,2.2584874
2025-08-11 18:16:16.339442+00:00,2.2584876
2025-08-11 18:16:29.331155+00:00,2.2584877
2025-08-11 18:16:42.083786+00:00,2.2584874
2025-08-11 18:16:55.374468+00:00,2.2584869
2025-08-11 18:17:10.021027+00:00,2.2584874
2025-08-11 18:17:20.704234+00:00,2.2584871
2025-08-11 18:17:33.687414+00:00,2.2584875
2025-08-11 18:17:46.554242+00:00,2.2584868
2025-08-11 18:17:59.273235+00:00,2.2584868
2025-08-11 18:18:12.223500+00:00,2.2584876
2025-08-11 18:18:24.877299+00:00,2.258488
2025-08-11 18:18:37.551779+00:00,2.2584879
2025-08-11 18:18:50.623418+00:00,2.2584876
2025-08-11 18:19:02.995119+00:00,2.2584875
2025-08-11 18:19:15.561600+00:00,2.258487
2025-08-11 18:19:28.130070+00:00,2.2584874
2025-08-11 18:19:41.177753+00:00,2.2584867
2025-08-11 18:19:53.818102+00:00,2.2584877
2025-08-11 18:20:06.809214+00:00,2.258487
2025-08-11 18:20:19.611115+00:00,2.2584876
2025-08-11 18:20:32.942264+00:00,2.2584878
2025-08-11 18:20:46.142484+00:00,2.2584875
2025-08-11 18:20:57.684733+00:00,2.2584868
2025-08-11 18:21:10.507865+00:00,2.2584873
2025-08-11 18:21:23.365079+00:00,2.2584876
2025-08-11 18:21:37.097647+00:00,2.2584875
2025-08-11 18:21:49.057073+00:00,2.2584867
2025-08-11 18:22:03.041545+00:00,2.2584873
2025-08-11 18:22:14.582010+00:00,2.2584872
2025-08-11 18:22:27.529466+00:00,2.2584872
2025-08-11 18:22:40.214307+00:00,2.258487
2025-08-11 18:22:52.846143+00:00,2.2584875
2025-08-11 18:23:05.979179+00:00,2.2584877
2025-08-11 18:23:19.167952+00:00,2.2584873
2025-08-11 18:23:31.286807+00:00,2.2584875
2025-08-11 18:23:43.971398+00:00,2.2584878
2025-08-11 18:23:56.687013+00:00,2.2584863
2025-08-11 18:24:09.553433+00:00,2.2584871
2025-08-11 18:24:22.457297+00:00,2.2584872
2025-08-11 18:24:35.001532+00:00,2.2584872
2025-08-11 18:24:47.843143+00:00,2.2584872
2025-08-11 18:25:00.775213+00:00,2.258488
2025-08-11 18:25:13.979289+00:00,2.2584862
2025-08-11 18:25:26.617988+00:00,2.2584875
2025-08-11 18:25:39.603280+00:00,2.2584874
2025-08-11 18:25:52.844113+00:00,2.2584871
2025-08-11 18:26:05.542371+00:00,2.258487
2025-08-11 18:26:18.209171+00:00,2.2584871
2025-08-11 18:26:31.498784+00:00,2.2584872
2025-08-11 18:26:44.586956+00:00,2.2584871
2025-08-11 18:26:57.267108+00:00,2.2584873
2025-08-11 18:27:10.199467+00:00,2.2584875
2025-08-11 18:27:22.471278+00:00,2.258487
2025-08-11 18:27:35.540836+00:00,2.2584876
2025-08-11 18:27:48.220914+00:00,2.2584874
2025-08-11 18:28:01.018384+00:00,2.2584868
2025-08-11 18:28:14.514054+00:00,2.2584874
2025-08-11 18:28:26.614050+00:00,2.2584871
2025-08-11 18:28:40.530845+00:00,2.258488
2025-08-11 18:28:52.106052+00:00,2.258487
2025-08-11 18:29:04.912253+00:00,2.2584874
2025-08-11 18:29:18.569816+00:00,2.2584871
2025-08-11 18:29:30.057984+00:00,2.2584875
2025-08-11 18:29:42.546772+00:00,2.258487
2025-08-11 18:29:55.378664+00:00,2.2584871
2025-08-11 18:30:09.277237+00:00,2.2584869
2025-08-11 18:30:23.850997+00:00,2.2584872
2025-08-11 18:30:34.295069+00:00,2.2584872
2025-08-11 18:30:45.893253+00:00,2.2584878
2025-08-11 18:30:58.734923+00:00,2.2584874
2025-08-11 18:31:11.860954+00:00,2.2584878
2025-08-11 18:31:24.601763+00:00,2.2584872
2025-08-11 18:31:37.168636+00:00,2.2584877
2025-08-11 18:31:50.006220+00:00,2.2584869
2025-08-11 18:32:02.641784+00:00,2.2584877
2025-08-11 18:32:15.424146+00:00,2.2584875
2025-08-11 18:32:27.801567+00:00,2.2584869
2025-08-11 18:32:40.563343+00:00,2.2584869
2025-08-11 18:32:53.177480+00:00,2.2584869
2025-08-11 18:33:07.129981+00:00,2.2584875
2025-08-11 18:33:18.724365+00:00,2.2584874
2025-08-11 18:33:33.065271+00:00,2.2584875
2025-08-11 18:33:45.255028+00:00,2.2584875
2025-08-11 18:33:56.956707+00:00,2.2584876
2025-08-11 18:34:10.471853+00:00,2.2584874
2025-08-11 18:34:22.576408+00:00,2.2584867
2025-08-11 18:34:35.398970+00:00,2.2584872
2025-08-11 18:34:48.316518+00:00,2.2584878
2025-08-11 18:35:00.980034+00:00,2.2584873
2025-08-11 18:35:14.979419+00:00,2.2584872
2025-08-11 18:35:26.516494+00:00,2.2584874
2025-08-11 18:35:39.508554+00:00,2.2584869
2025-08-11 18:35:53.688338+00:00,2.2584869
2025-08-11 18:36:05.402705+00:00,2.2584874
2025-08-11 18:36:18.451899+00:00,2.2584879
2025-08-11 18:36:31.402986+00:00,2.258487
2025-08-11 18:36:44.161772+00:00,2.2584877
2025-08-11 18:36:57.277975+00:00,2.258487
2025-08-11 18:37:11.141232+00:00,2.2584872
2025-08-11 18:37:22.878411+00:00,2.2584872
2025-08-11 18:37:35.678018+00:00,2.2584878
2025-08-11 18:37:48.576673+00:00,2.2584876
2025-08-11 18:38:01.490450+00:00,2.2584877
2025-08-11 18:38:14.416579+00:00,2.258487
2025-08-11 18:38:27.311161+00:00,2.2584872
2025-08-11 18:38:40.093077+00:00,2.2584874
2025-08-11 18:38:53.133477+00:00,2.2584876
2025-08-11 18:39:06.930451+00:00,2.2584872
2025-08-11 18:39:18.496043+00:00,2.2584879
2025-08-11 18:39:31.107896+00:00,2.2584873
2025-08-11 18:39:43.753065+00:00,2.2584874
2025-08-11 18:39:56.351909+00:00,2.258487
2025-08-11 18:40:09.418831+00:00,2.2584873
2025-08-11 18:40:23.257126+00:00,2.258487
2025-08-11 18:40:34.465185+00:00,2.2584877
2025-08-11 18:40:46.893587+00:00,2.2584875
2025-08-11 18:40:59.664365+00:00,2.258487
2025-08-11 18:41:12.450891+00:00,2.2584878
2025-08-11 18:41:25.088863+00:00,2.2584871
2025-08-11 18:41:38.981704+00:00,2.258487
2025-08-11 18:41:50.594456+00:00,2.2584875
2025-08-11 18:42:04.266788+00:00,2.2584869
2025-08-11 18:42:16.195838+00:00,2.2584877
2025-08-11 18:42:28.513465+00:00,2.2584878
2025-08-11 18:42:41.313015+00:00,2.2584867
2025-08-11 18:42:53.957564+00:00,2.2584872
2025-08-11 18:43:19.421169+00:00,2.258487
2025-08-11 18:43:34.078411+00:00,2.2584878
2025-08-11 18:43:44.891071+00:00,2.2584874
2025-08-11 18:43:58.036806+00:00,2.2584869
2025-08-11 18:44:10.517989+00:00,2.2584877
2025-08-11 18:44:23.054129+00:00,2.2584874
2025-08-11 18:44:35.809697+00:00,2.2584873
2025-08-11 18:44:48.901813+00:00,2.2584874
2025-08-11 18:45:01.403548+00:00,2.2584878
2025-08-11 18:45:14.267136+00:00,2.2584873
2025-08-11 18:45:27.681437+00:00,2.2584874
2025-08-11 18:45:39.926118+00:00,2.2584874
2025-08-11 18:45:52.807897+00:00,2.2584873
2025-08-11 18:46:07.185312+00:00,2.2584875
2025-08-11 18:46:18.202692+00:00,2.2584877
2025-08-11 18:46:30.902679+00:00,2.2584869
2025-08-11 18:46:44.282957+00:00,2.2584877
2025-08-11 18:46:56.856801+00:00,2.2584877
2025-08-11 18:47:10.133052+00:00,2.2584879
2025-08-11 18:47:22.850913+00:00,2.2584875
2025-08-11 18:47:35.741987+00:00,2.2584876
2025-08-11 18:47:48.569972+00:00,2.2584877
2025-08-11 18:48:01.774220+00:00,2.2584868
2025-08-11 18:48:16.857511+00:00,2.2584867
2025-08-11 18:48:27.536387+00:00,2.2584873
2025-08-11 18:48:41.228976+00:00,2.2584869
2025-08-11 18:48:52.508194+00:00,2.2584874
2025-08-11 18:49:05.604809+00:00,2.258488
2025-08-11 18:49:18.591735+00:00,2.2584871
2025-08-11 18:49:31.556150+00:00,2.258487
2025-08-11 18:49:44.265844+00:00,2.2584871
2025-08-11 18:49:56.921094+00:00,2.2584878
2025-08-11 18:50:10.279692+00:00,2.2584868
2025-08-11 18:50:22.130085+00:00,2.2584878
2025-08-11 18:50:34.938263+00:00,2.2584872
2025-08-11 18:50:47.553100+00:00,2.2584872
2025-08-11 18:51:00.562738+00:00,2.2584875
2025-08-11 18:51:12.490470+00:00,2.2584877
2025-08-11 18:51:25.211868+00:00,2.2584873
2025-08-11 18:51:37.876930+00:00,2.2584872
2025-08-11 18:51:50.608427+00:00,2.2584877
2025-08-11 18:52:03.509698+00:00,2.2584871
2025-08-11 18:52:16.619868+00:00,2.2584874
2025-08-11 18:52:29.055571+00:00,2.2584877
2025-08-11 18:52:41.659233+00:00,2.2584874
2025-08-11 18:52:54.280056+00:00,2.2584877
2025-08-11 18:53:07.120317+00:00,2.2584877
2025-08-11 18:53:20.509698+00:00,2.2584871
2025-08-11 18:53:33.035591+00:00,2.2584875
2025-08-11 18:53:45.565272+00:00,2.2584876
2025-08-11 18:53:59.441524+00:00,2.2584868
2025-08-11 18:54:11.200599+00:00,2.2584873
2025-08-11 18:54:23.900081+00:00,2.2584865
2025-08-11 18:54:36.624569+00:00,2.2584868
2025-08-11 18:54:49.246717+00:00,2.2584871
2025-08-11 18:55:02.222227+00:00,2.2584877
2025-08-11 18:55:14.889509+00:00,2.2584874
2025-08-11 18:55:27.548659+00:00,2.2584879
2025-08-11 18:55:40.394358+00:00,2.2584869
2025-08-11 18:56:05.888364+00:00,2.2584866
2025-08-11 18:56:18.320442+00:00,2.2584866
2025-08-11 18:56:56.585416+00:00,2.2584876
2025-08-11 18:57:09.679584+00:00,2.2584875
2025-08-11 18:57:22.270250+00:00,2.2584874
2025-08-11 18:57:35.200013+00:00,2.258487
2025-08-11 18:57:48.227089+00:00,2.2584871
2025-08-11 18:58:01.234206+00:00,2.2584876
2025-08-11 18:58:14.121370+00:00,2.2584873
2025-08-11 18:58:27.714360+00:00,2.2584873
2025-08-11 18:58:40.136277+00:00,2.2584866
2025-08-11 18:58:52.926896+00:00,2.2584873
2025-08-11 18:59:06.001521+00:00,2.2584875
2025-08-11 18:59:18.631013+00:00,2.2584869
2025-08-11 18:59:32.286171+00:00,2.2584877
2025-08-11 18:59:44.338053+00:00,2.2584876
2025-08-11 18:59:57.290241+00:00,2.2584869
2025-08-11 19:00:10.116400+00:00,2.2584868
2025-08-11 19:00:22.898158+00:00,2.2584878
2025-08-11 19:00:35.921699+00:00,2.2584872
2025-08-11 19:00:48.866812+00:00,2.258487
2025-08-11 19:01:01.698936+00:00,2.2584875
2025-08-11 19:01:13.724569+00:00,2.2584871
2025-08-11 19:01:26.408279+00:00,2.2584877
2025-08-11 19:01:39.065967+00:00,2.2584878
2025-08-11 19:01:52.451658+00:00,2.2584867
2025-08-11 19:02:04.561114+00:00,2.2584873
2025-08-11 19:02:18.833699+00:00,2.2584876
2025-08-11 19:02:30.287693+00:00,2.2584868
2025-08-11 19:02:42.484996+00:00,2.2584869
2025-08-11 19:02:55.272818+00:00,2.2584874
2025-08-11 19:03:07.951514+00:00,2.2584874
2025-08-11 19:03:20.782531+00:00,2.258487
2025-08-11 19:03:33.421708+00:00,2.2584878
2025-08-11 19:03:46.186498+00:00,2.2584868
2025-08-11 19:03:58.909169+00:00,2.2584875
2025-08-11 19:04:25.254527+00:00,2.2584876
2025-08-11 19:04:37.086570+00:00,2.2584873
2025-08-11 19:04:49.911231+00:00,2.258487
2025-08-11 19:05:02.683152+00:00,2.2584867
2025-08-11 19:05:15.392289+00:00,2.2584869
2025-08-11 19:05:31.281876+00:00,2.2584877
2025-08-11 19:05:41.188016+00:00,2.2584878
2025-08-11 19:05:53.844048+00:00,2.2584871
2025-08-11 19:06:06.817321+00:00,2.2584876
2025-08-11 19:06:19.423894+00:00,2.2584879
2025-08-11 19:06:32.273552+00:00,2.2584877
2025-08-11 19:06:44.871172+00:00,2.2584876
2025-08-11 19:06:57.451209+00:00,2.2584873
2025-08-11 19:07:10.206250+00:00,2.2584872
2025-08-11 19:07:23.300866+00:00,2.258487
2025-08-11 19:07:36.265945+00:00,2.2584874
2025-08-11 19:07:48.365233+00:00,2.2584874
2025-08-11 19:08:00.979448+00:00,2.2584874
2025-08-11 19:08:13.705038+00:00,2.2584874
2025-08-11 19:08:26.510999+00:00,2.2584875
2025-08-11 19:08:39.458840+00:00,2.2584872
2025-08-11 19:08:53.016652+00:00,2.2584876
2025-08-11 19:09:05.389106+00:00,2.2584878
2025-08-11 19:09:18.924491+00:00,2.2584874
2025-08-11 19:09:31.210561+00:00,2.2584871
2025-08-11 19:09:43.929461+00:00,2.2584874
2025-08-11 19:09:56.803941+00:00,2.2584878
2025-08-11 19:10:15.918366+00:00,2.2584876
2025-08-11 19:10:22.601309+00:00,2.2584874
2025-08-11 19:10:36.506576+00:00,2.2584879
2025-08-11 19:10:48.694099+00:00,2.2584875
2025-08-11 19:11:01.840917+00:00,2.2584879
2025-08-11 19:11:14.415814+00:00,2.2584874
2025-08-11 19:11:26.753763+00:00,2.2584872
2025-08-11 19:11:39.822105+00:00,2.2584876
2025-08-11 19:11:52.203974+00:00,2.2584869
2025-08-11 19:12:05.282753+00:00,2.2584871
2025-08-11 19:12:18.588723+00:00,2.2584876
2025-08-11 19:12:30.721691+00:00,2.2584873
2025-08-11 19:12:43.563898+00:00,2.258488
2025-08-11 19:12:56.252401+00:00,2.2584873
2025-08-11 19:13:09.762015+00:00,2.2584875
2025-08-11 19:13:23.162322+00:00,2.2584879
2025-08-11 19:13:34.555527+00:00,2.258487
2025-08-11 19:13:47.104760+00:00,2.2584879
2025-08-11 19:14:00.946097+00:00,2.2584877
2025-08-11 19:14:12.833238+00:00,2.2584881
2025-08-11 19:14:25.591886+00:00,2.2584868
2025-08-11 19:14:38.601630+00:00,2.2584873
2025-08-11 19:14:50.962258+00:00,2.2584873
2025-08-11 19:15:03.818862+00:00,2.258487
2025-08-11 19:15:16.764046+00:00,2.2584869
2025-08-11 19:15:29.542389+00:00,2.2584879
2025-08-11 19:15:42.655296+00:00,2.2584874
2025-08-11 19:15:55.187321+00:00,2.2584867
2025-08-11 19:16:08.351832+00:00,2.2584873
2025-08-11 19:16:21.103899+00:00,2.2584875
2025-08-11 19:16:33.197383+00:00,2.2584876
2025-08-11 19:16:47.001456+00:00,2.2584879
2025-08-11 19:16:58.617546+00:00,2.2584876
2025-08-11 19:17:11.856151+00:00,2.2584878
2025-08-11 19:17:24.028749+00:00,2.2584877
2025-08-11 19:17:36.707402+00:00,2.2584878
2025-08-11 19:17:49.469113+00:00,2.2584871
2025-08-11 19:18:02.317659+00:00,2.2584877
2025-08-11 19:18:15.183519+00:00,2.2584874
2025-08-11 19:18:27.805559+00:00,2.2584876
2025-08-11 19:18:41.461573+00:00,2.2584875
2025-08-11 19:18:54.366996+00:00,2.258487
2025-08-11 19:19:06.563163+00:00,2.2584876
2025-08-11 19:19:19.577841+00:00,2.2584878
2025-08-11 19:19:32.924996+00:00,2.2584874
2025-08-11 19:19:45.713449+00:00,2.2584877
2025-08-11 19:19:58.600459+00:00,2.2584873
2025-08-11 19:20:11.407889+00:00,2.2584876
2025-08-11 19:20:24.127459+00:00,2.258488
2025-08-11 19:20:37.342727+00:00,2.2584869
2025-08-11 19:20:50.291719+00:00,2.2584877
2025-08-11 19:21:02.574918+00:00,2.2584877
2025-08-11 19:21:16.659077+00:00,2.2584874
2025-08-11 19:21:28.166656+00:00,2.2584874
2025-08-11 19:21:41.453134+00:00,2.2584872
2025-08-11 19:21:53.892047+00:00,2.2584878
2025-08-11 19:22:06.755843+00:00,2.2584873
2025-08-11 19:22:19.973412+00:00,2.2584879
2025-08-11 19:22:32.801516+00:00,2.2584872
2025-08-11 19:22:45.106134+00:00,2.2584881
2025-08-11 19:22:57.813636+00:00,2.2584876
2025-08-11 19:23:10.497034+00:00,2.2584875
2025-08-11 19:23:23.240339+00:00,2.2584869
2025-08-11 19:23:35.723273+00:00,2.2584875
2025-08-11 19:23:48.284847+00:00,2.2584876
2025-08-11 19:24:01.120467+00:00,2.2584878
2025-08-11 19:24:13.352366+00:00,2.2584872
2025-08-11 19:24:26.077245+00:00,2.258487
2025-08-11 19:24:38.949662+00:00,2.2584881
2025-08-11 19:24:52.072193+00:00,2.2584874
2025-08-11 19:25:05.261165+00:00,2.2584874
2025-08-11 19:25:17.385955+00:00,2.2584873
2025-08-11 19:25:30.610520+00:00,2.2584877
2025-08-11 19:25:42.841212+00:00,2.2584875
2025-08-11 19:25:56.172246+00:00,2.2584877
2025-08-11 19:26:10.383841+00:00,2.2584871
2025-08-11 19:26:21.551436+00:00,2.2584874
2025-08-11 19:26:34.893384+00:00,2.2584869
2025-08-11 19:26:46.495808+00:00,2.2584874
2025-08-11 19:26:59.310821+00:00,2.2584871
2025-08-11 19:27:12.293595+00:00,2.2584877
2025-08-11 19:27:26.962196+00:00,2.2584876
2025-08-11 19:27:37.602598+00:00,2.2584875
2025-08-11 19:27:50.634397+00:00,2.2584877
2025-08-11 19:28:03.282157+00:00,2.2584875
2025-08-11 19:28:17.491007+00:00,2.2584871
2025-08-11 19:28:28.623256+00:00,2.2584876
2025-08-11 19:28:41.439199+00:00,2.258487
2025-08-11 19:28:53.998012+00:00,2.2584874
2025-08-11 19:29:07.239347+00:00,2.258488
2025-08-11 19:29:19.698701+00:00,2.2584879
2025-08-11 19:29:32.046384+00:00,2.2584877
2025-08-11 19:29:44.671188+00:00,2.2584875
2025-08-11 19:29:57.504936+00:00,2.2584876
2025-08-11 19:30:10.254071+00:00,2.2584873
2025-08-11 19:30:23.049258+00:00,2.2584877
2025-08-11 19:30:35.887230+00:00,2.2584876
2025-08-11 19:30:49.277028+00:00,2.2584871
2025-08-11 19:31:01.785451+00:00,2.2584873
2025-08-11 19:31:16.564679+00:00,2.2584878
2025-08-11 19:31:28.506176+00:00,2.2584883
2025-08-11 19:31:40.670131+00:00,2.2584877
2025-08-11 19:31:53.461729+00:00,2.258487
2025-08-11 19:32:06.754620+00:00,2.2584879
2025-08-11 19:32:19.586371+00:00,2.2584881
2025-08-11 19:32:33.635314+00:00,2.258487
2025-08-11 19:32:44.870910+00:00,2.2584876
2025-08-11 19:32:57.677083+00:00,2.2584873
2025-08-11 19:33:10.755705+00:00,2.2584877
2025-08-11 19:33:23.417561+00:00,2.2584876
2025-08-11 19:33:36.409579+00:00,2.2584875
2025-08-11 19:33:49.009726+00:00,2.2584876
2025-08-11 19:34:02.236983+00:00,2.2584872
2025-08-11 19:34:14.400828+00:00,2.2584876
2025-08-11 19:34:27.224515+00:00,2.2584874
2025-08-11 19:34:39.432099+00:00,2.2584871
2025-08-11 19:34:52.283298+00:00,2.2584874
2025-08-11 19:35:06.854176+00:00,2.2584871
2025-08-11 19:35:17.759177+00:00,2.258487
2025-08-11 19:35:30.453226+00:00,2.2584879
2025-08-11 19:35:43.209325+00:00,2.258488
2025-08-11 19:35:56.082440+00:00,2.2584875
2025-08-11 19:36:08.721925+00:00,2.2584874
2025-08-11 19:36:21.281113+00:00,2.258487
2025-08-11 19:36:35.872499+00:00,2.2584871
2025-08-11 19:36:47.192862+00:00,2.2584879
2025-08-11 19:36:59.463279+00:00,2.258487
2025-08-11 19:37:12.159875+00:00,2.2584881
2025-08-11 19:37:25.829568+00:00,2.2584873
2025-08-11 19:37:37.603385+00:00,2.2584877
2025-08-11 19:37:50.351748+00:00,2.258487
2025-08-11 19:38:02.984655+00:00,2.2584873
2025-08-11 19:38:15.964833+00:00,2.2584869
2025-08-11 19:38:28.311514+00:00,2.2584873
2025-08-11 19:38:40.936731+00:00,2.258488
2025-08-11 19:38:53.669350+00:00,2.2584875
2025-08-11 19:39:06.498869+00:00,2.2584879
2025-08-11 19:39:19.124281+00:00,2.258487
2025-08-11 19:39:31.972109+00:00,2.2584878
2025-08-11 19:39:44.383646+00:00,2.2584869
2025-08-11 19:39:57.139831+00:00,2.2584875
2025-08-11 19:40:10.223597+00:00,2.2584872
2025-08-11 19:40:22.892626+00:00,2.258488
2025-08-11 19:40:35.682269+00:00,2.2584871
2025-08-11 19:40:48.687900+00:00,2.2584874
2025-08-11 19:41:02.087037+00:00,2.2584879
2025-08-11 19:41:14.836675+00:00,2.2584877
2025-08-11 19:41:27.706645+00:00,2.2584877
2025-08-11 19:41:40.411140+00:00,2.2584875
2025-08-11 19:41:53.329098+00:00,2.2584874
2025-08-11 19:42:06.478822+00:00,2.2584873
2025-08-11 19:42:19.640999+00:00,2.258487
2025-08-11 19:42:32.822819+00:00,2.258488
2025-08-11 19:42:44.872068+00:00,2.2584882
2025-08-11 19:42:58.061555+00:00,2.2584871
2025-08-11 19:43:11.308869+00:00,2.2584873
2025-08-11 19:43:23.504961+00:00,2.2584874
2025-08-11 19:43:35.945459+00:00,2.2584881
2025-08-11 19:43:49.004374+00:00,2.2584873
2025-08-11 19:44:01.826572+00:00,2.2584879
2025-08-11 19:44:14.528654+00:00,2.2584873
2025-08-11 19:44:27.984795+00:00,2.2584869
2025-08-11 19:44:40.169976+00:00,2.2584874
2025-08-11 19:44:52.681911+00:00,2.2584876
2025-08-11 19:45:05.297786+00:00,2.2584877
2025-08-11 19:45:17.931285+00:00,2.2584877
2025-08-11 19:45:30.654374+00:00,2.258487
2025-08-11 19:45:43.379239+00:00,2.258487
2025-08-11 19:45:56.386686+00:00,2.2584864
2025-08-11 19:46:09.835175+00:00,2.2584872
2025-08-11 19:46:21.909198+00:00,2.2584876
2025-08-11 19:46:38.837637+00:00,2.2584877
2025-08-11 19:46:48.629770+00:00,2.2584876
2025-08-11 19:47:00.533948+00:00,2.2584876
2025-08-11 19:47:13.065828+00:00,2.2584879
2025-08-11 19:47:25.908521+00:00,2.2584874
2025-08-11 19:47:39.516679+00:00,2.2584872
2025-08-11 19:47:51.790370+00:00,2.2584872
2025-08-11 19:48:04.670911+00:00,2.2584872
2025-08-11 19:48:18.352592+00:00,2.2584882
2025-08-11 19:48:30.378762+00:00,2.2584876
2025-08-11 19:48:44.827868+00:00,2.2584882
2025-08-11 19:48:55.713070+00:00,2.258488
2025-08-11 19:49:08.646741+00:00,2.2584875
2025-08-11 19:49:21.154569+00:00,2.2584879
2025-08-11 19:49:33.889901+00:00,2.2584878
2025-08-11 19:49:46.660123+00:00,2.2584876
2025-08-11 19:49:59.355271+00:00,2.2584878
2025-08-11 19:50:12.233325+00:00,2.2584877
2025-08-11 19:50:24.813299+00:00,2.2584875
2025-08-11 19:50:37.453014+00:00,2.2584875
2025-08-11 19:50:50.307624+00:00,2.2584874
2025-08-11 19:51:03.146231+00:00,2.2584881
2025-08-11 19:51:18.676182+00:00,2.2584876
2025-08-11 19:51:28.875042+00:00,2.2584876
2025-08-11 19:51:41.763785+00:00,2.2584872
2025-08-11 19:51:54.861217+00:00,2.2584872
2025-08-11 19:52:07.685873+00:00,2.2584879
2025-08-11 19:52:20.606935+00:00,2.2584871
2025-08-11 19:52:33.857221+00:00,2.2584874
2025-08-11 19:52:46.360135+00:00,2.2584877
2025-08-11 19:52:59.117879+00:00,2.2584879
2025-08-11 19:53:12.174300+00:00,2.2584876
2025-08-11 19:53:24.913339+00:00,2.2584875
2025-08-11 19:53:37.780110+00:00,2.2584873
2025-08-11 19:53:51.212473+00:00,2.2584879
2025-08-11 19:54:04.198951+00:00,2.2584873
2025-08-11 19:54:16.425984+00:00,2.2584871
2025-08-11 19:54:29.906538+00:00,2.2584872
2025-08-11 19:54:43.226503+00:00,2.2584879
2025-08-11 19:54:55.057475+00:00,2.2584873
2025-08-11 19:55:07.416346+00:00,2.2584877
2025-08-11 19:55:20.107621+00:00,2.2584879
2025-08-11 19:55:32.630228+00:00,2.2584871
2025-08-11 19:55:45.170474+00:00,2.2584878
2025-08-11 19:55:58.624397+00:00,2.2584874
2025-08-11 19:56:11.530729+00:00,2.2584877
2025-08-11 19:56:23.239022+00:00,2.2584882
2025-08-11 19:56:35.954944+00:00,2.258488
2025-08-11 19:56:48.678163+00:00,2.2584871
2025-08-11 19:57:01.477179+00:00,2.2584873
2025-08-11 19:57:14.171296+00:00,2.2584877
2025-08-11 19:57:27.820808+00:00,2.2584874
2025-08-11 19:57:39.983654+00:00,2.2584874
2025-08-11 19:57:52.745424+00:00,2.2584875
2025-08-11 19:58:05.728480+00:00,2.2584872
2025-08-11 19:58:18.435522+00:00,2.2584878
2025-08-11 19:58:32.050490+00:00,2.2584878
2025-08-11 19:58:43.562254+00:00,2.2584873
2025-08-11 19:58:56.452484+00:00,2.2584876
2025-08-11 19:59:09.062631+00:00,2.2584871
2025-08-11 19:59:22.101633+00:00,2.258487
2025-08-11 19:59:34.415589+00:00,2.2584864
2025-08-11 19:59:49.459836+00:00,2.2584876
2025-08-11 19:59:59.968690+00:00,2.2584876
2025-08-11 20:00:13.893886+00:00,2.2584881
2025-08-11 20:00:25.673727+00:00,2.2584872
2025-08-11 20:00:40.061514+00:00,2.2584877
2025-08-11 20:00:51.883831+00:00,2.258487
2025-08-11 20:01:05.657412+00:00,2.2584872
2025-08-11 20:01:17.548085+00:00,2.2584873
2025-08-11 20:01:30.865997+00:00,2.2584871
2025-08-11 20:01:43.294953+00:00,2.2584878
2025-08-11 20:01:56.235755+00:00,2.258488
2025-08-11 20:02:09.146788+00:00,2.2584875
2025-08-11 20:02:22.199211+00:00,2.2584873
2025-08-11 20:02:34.757124+00:00,2.2584879
2025-08-11 20:02:47.870406+00:00,2.2584879
2025-08-11 20:03:00.404747+00:00,2.2584875
2025-08-11 20:03:13.205908+00:00,2.2584878
2025-08-11 20:03:26.047534+00:00,2.2584874
2025-08-11 20:03:38.930825+00:00,2.2584879
2025-08-11 20:03:51.690495+00:00,2.2584873
2025-08-11 20:04:04.716993+00:00,2.2584876
2025-08-11 20:04:18.318999+00:00,2.2584878
2025-08-11 20:04:29.757943+00:00,2.2584875
2025-08-11 20:04:42.163534+00:00,2.2584875
2025-08-11 20:04:54.905253+00:00,2.2584874
2025-08-11 20:05:07.409904+00:00,2.2584877
2025-08-11 20:05:20.799878+00:00,2.2584881
2025-08-11 20:05:32.956254+00:00,2.2584878
2025-08-11 20:05:45.690821+00:00,2.2584871
2025-08-11 20:05:58.370262+00:00,2.2584879
2025-08-11 20:06:10.987568+00:00,2.2584875
2025-08-11 20:06:23.821095+00:00,2.2584872
2025-08-11 20:06:36.568824+00:00,2.2584875
2025-08-11 20:06:49.483133+00:00,2.2584877
2025-08-11 20:07:02.535881+00:00,2.2584877
2025-08-11 20:07:15.146292+00:00,2.2584874
2025-08-11 20:07:27.964799+00:00,2.2584873
2025-08-11 20:07:40.727132+00:00,2.2584869
2025-08-11 20:07:53.542117+00:00,2.2584872
2025-08-11 20:08:06.275858+00:00,2.2584881
2025-08-11 20:08:18.973389+00:00,2.2584873
2025-08-11 20:08:31.785596+00:00,2.2584875
2025-08-11 20:08:44.323565+00:00,2.2584873
2025-08-11 20:08:58.360417+00:00,2.2584873
2025-08-11 20:09:09.869842+00:00,2.2584876
2025-08-11 20:09:22.426056+00:00,2.2584872
2025-08-11 20:09:35.286929+00:00,2.2584877
2025-08-11 20:09:47.993693+00:00,2.2584881
2025-08-11 20:10:01.200983+00:00,2.2584879
2025-08-11 20:10:14.058568+00:00,2.258487
2025-08-11 20:10:26.572221+00:00,2.258488
2025-08-11 20:10:39.114173+00:00,2.2584873
2025-08-11 20:10:51.904643+00:00,2.2584883
2025-08-11 20:11:05.039538+00:00,2.2584882
2025-08-11 20:11:19.615642+00:00,2.2584878
2025-08-11 20:11:33.747210+00:00,2.2584874
2025-08-11 20:11:43.979157+00:00,2.2584876
2025-08-11 20:11:56.739003+00:00,2.2584872
2025-08-11 20:12:09.802504+00:00,2.2584874
2025-08-11 20:12:22.335887+00:00,2.2584876
2025-08-11 20:12:35.197562+00:00,2.2584872
2025-08-11 20:12:47.986554+00:00,2.2584872
2025-08-11 20:13:00.871890+00:00,2.2584872
2025-08-11 20:13:13.711161+00:00,2.2584875
2025-08-11 20:13:39.344163+00:00,2.2584869
2025-08-11 20:13:52.174618+00:00,2.2584872
2025-08-11 20:14:05.102703+00:00,2.2584869
2025-08-11 20:14:17.603164+00:00,2.2584878
2025-08-11 20:14:30.594961+00:00,2.2584875
2025-08-11 20:14:42.813288+00:00,2.2584874
2025-08-11 20:14:55.368298+00:00,2.2584883
2025-08-11 20:15:07.995004+00:00,2.2584879
2025-08-11 20:15:20.693002+00:00,2.2584868
2025-08-11 20:15:35.042217+00:00,2.2584871
2025-08-11 20:15:45.959654+00:00,2.2584878
2025-08-11 20:15:58.508571+00:00,2.2584875
2025-08-11 20:16:11.316001+00:00,2.2584877
2025-08-11 20:16:24.417957+00:00,2.258488
2025-08-11 20:16:36.548519+00:00,2.2584877
2025-08-11 20:16:49.325679+00:00,2.2584878
2025-08-11 20:17:01.818444+00:00,2.2584881
2025-08-11 20:17:14.583286+00:00,2.258487
2025-08-11 20:17:27.228036+00:00,2.2584873
2025-08-11 20:17:39.984225+00:00,2.2584868
2025-08-11 20:17:52.679900+00:00,2.2584872
2025-08-11 20:18:05.574574+00:00,2.2584873
2025-08-11 20:18:18.598019+00:00,2.2584874
2025-08-11 20:18:31.272694+00:00,2.2584878
2025-08-11 20:18:43.370685+00:00,2.2584869
2025-08-11 20:18:56.555167+00:00,2.2584876
2025-08-11 20:19:10.590728+00:00,2.2584867
2025-08-11 20:19:21.420808+00:00,2.2584872
2025-08-11 20:19:34.046679+00:00,2.2584875
2025-08-11 20:19:47.819507+00:00,2.2584874
2025-08-11 20:19:59.855267+00:00,2.2584877
2025-08-11 20:20:12.319958+00:00,2.2584879
2025-08-11 20:20:25.051772+00:00,2.2584876
2025-08-11 20:20:37.935848+00:00,2.2584873
2025-08-11 20:20:51.098021+00:00,2.2584875
2025-08-11 20:21:04.059085+00:00,2.2584871
2025-08-11 20:21:17.567844+00:00,2.2584882
2025-08-11 20:21:29.806627+00:00,2.2584879
2025-08-11 20:21:43.239856+00:00,2.2584881
2025-08-11 20:21:57.061219+00:00,2.2584879
2025-08-11 20:22:08.426316+00:00,2.2584882
2025-08-11 20:22:22.157741+00:00,2.2584879
2025-08-11 20:22:34.166036+00:00,2.2584878
2025-08-11 20:22:46.975706+00:00,2.2584877
2025-08-11 20:23:00.900403+00:00,2.2584874
2025-08-11 20:23:12.870333+00:00,2.2584867
2025-08-11 20:23:25.622897+00:00,2.2584872
2025-08-11 20:23:38.446595+00:00,2.258488
2025-08-11 20:23:50.954540+00:00,2.2584872
2025-08-11 20:24:04.416114+00:00,2.2584867
2025-08-11 20:24:16.955681+00:00,2.2584875
2025-08-11 20:24:41.865416+00:00,2.2584874
2025-08-11 20:24:54.172374+00:00,2.2584875
2025-08-11 20:25:07.139328+00:00,2.2584878
2025-08-11 20:25:32.197045+00:00,2.2584878
2025-08-11 20:25:44.882210+00:00,2.258488
2025-08-11 20:25:57.562984+00:00,2.258488
2025-08-11 20:26:10.929503+00:00,2.2584872
2025-08-11 20:26:23.052067+00:00,2.2584875
2025-08-11 20:26:36.118376+00:00,2.2584872
2025-08-11 20:27:01.792923+00:00,2.2584873
2025-08-11 20:27:13.757649+00:00,2.2584881
2025-08-11 20:27:26.658987+00:00,2.2584874
2025-08-11 20:27:51.872183+00:00,2.2584881
2025-08-11 20:28:43.772660+00:00,2.2584883
2025-08-11 20:28:55.256955+00:00,2.2584878
2025-08-11 20:29:08.006922+00:00,2.2584871
2025-08-11 20:29:20.519915+00:00,2.258487
2025-08-11 20:29:33.248899+00:00,2.2584865
2025-08-11 20:30:11.370408+00:00,2.258488
2025-08-11 20:30:49.696675+00:00,2.2584874
2025-08-11 20:31:03.628584+00:00,2.2584876
2025-08-11 20:31:15.545237+00:00,2.2584873
2025-08-11 20:31:28.315157+00:00,2.2584877
2025-08-11 20:31:41.372898+00:00,2.2584875
2025-08-11 20:31:54.114114+00:00,2.2584878
2025-08-11 20:32:07.069770+00:00,2.2584871
2025-08-11 20:32:32.719367+00:00,2.2584873
2025-08-11 20:32:58.070573+00:00,2.2584879
2025-08-11 20:33:11.208555+00:00,2.258488
2025-08-11 20:33:23.596001+00:00,2.2584865
2025-08-11 20:33:49.451689+00:00,2.2584864
2025-08-11 20:34:02.471431+00:00,2.2584868
2025-08-11 20:34:14.552553+00:00,2.2584876
2025-08-11 20:35:30.915901+00:00,2.2584871
2025-08-11 20:35:56.223971+00:00,2.2584882
2025-08-11 20:36:21.687117+00:00,2.2584883
2025-08-11 20:37:15.161428+00:00,2.2584877
2025-08-11 20:37:50.764206+00:00,2.2584876
2025-08-11 20:38:17.216959+00:00,2.2584863
2025-08-11 20:38:41.923586+00:00,2.2584876
2025-08-11 20:40:11.297016+00:00,2.2584871
2025-08-11 20:40:36.382387+00:00,2.2584868
2025-08-11 20:42:19.074741+00:00,2.2584883
2025-08-11 20:43:24.036115+00:00,2.2584874
2025-08-11 20:45:06.060435+00:00,2.2584877
2025-08-11 20:52:43.780528+00:00,2.2584864
