time,counts_ratio
2025-08-02 07:13:44.013659+00:00,2.258488
2025-08-02 07:14:22.340420+00:00,2.2584863
2025-08-02 07:15:28.679884+00:00,2.2584882
2025-08-02 07:15:41.102217+00:00,2.2584869
2025-08-02 07:16:17.878278+00:00,2.2584873
2025-08-02 07:16:43.271926+00:00,2.2584874
2025-08-02 07:16:57.181117+00:00,2.2584872
2025-08-02 07:17:47.284845+00:00,2.2584882
2025-08-02 07:18:00.799259+00:00,2.2584865
2025-08-02 07:18:12.826568+00:00,2.2584867
2025-08-02 07:18:51.698644+00:00,2.2584876
2025-08-02 07:19:17.758003+00:00,2.2584869
2025-08-02 07:19:30.380622+00:00,2.2584876
2025-08-02 07:20:11.339976+00:00,2.258487
2025-08-02 07:20:40.590808+00:00,2.2584876
2025-08-02 07:20:48.488700+00:00,2.2584871
2025-08-02 07:21:04.110299+00:00,2.2584863
2025-08-02 07:21:26.630911+00:00,2.2584863
2025-08-02 07:21:39.933063+00:00,2.258487
2025-08-02 07:23:34.270272+00:00,2.2584865
2025-08-02 07:23:47.526643+00:00,2.2584871
2025-08-02 07:24:00.058146+00:00,2.2584871
2025-08-02 07:24:25.874655+00:00,2.2584868
2025-08-02 07:24:39.012783+00:00,2.2584863
2025-08-02 07:24:51.975120+00:00,2.2584877
2025-08-02 07:25:17.919469+00:00,2.2584878
2025-08-02 07:25:55.630962+00:00,2.258488
2025-08-02 07:26:08.930919+00:00,2.2584876
2025-08-02 07:26:21.453727+00:00,2.2584872
2025-08-02 07:26:34.402900+00:00,2.2584866
2025-08-02 07:27:00.464868+00:00,2.2584879
2025-08-02 07:27:13.345657+00:00,2.258488
2025-08-02 07:27:38.550959+00:00,2.2584865
2025-08-02 07:28:30.667410+00:00,2.2584858
2025-08-02 07:28:55.680665+00:00,2.2584878
2025-08-02 07:29:08.718536+00:00,2.2584868
2025-08-02 07:29:22.326558+00:00,2.258488
2025-08-02 07:29:34.827006+00:00,2.2584876
2025-08-02 07:29:47.750751+00:00,2.258487
2025-08-02 07:30:14.156355+00:00,2.2584879
2025-08-02 07:30:26.715951+00:00,2.2584862
2025-08-02 07:30:39.584103+00:00,2.258488
2025-08-02 07:31:06.121949+00:00,2.2584861
2025-08-02 07:31:18.850877+00:00,2.2584871
2025-08-02 07:31:32.758723+00:00,2.2584858
2025-08-02 07:31:45.524019+00:00,2.2584884
2025-08-02 07:31:57.497641+00:00,2.2584884
2025-08-02 07:32:10.752430+00:00,2.258487
2025-08-02 07:32:36.766887+00:00,2.2584875
2025-08-02 07:33:04.479000+00:00,2.2584868
2025-08-02 07:33:15.494806+00:00,2.2584863
2025-08-02 07:33:28.158046+00:00,2.2584883
2025-08-02 07:33:40.796442+00:00,2.2584879
2025-08-02 07:33:54.113215+00:00,2.2584878
2025-08-02 07:34:35.471591+00:00,2.2584874
2025-08-02 07:34:44.599561+00:00,2.2584867
2025-08-02 07:34:59.454116+00:00,2.2584877
2025-08-02 07:35:10.596237+00:00,2.2584871
2025-08-02 07:35:37.107961+00:00,2.2584884
2025-08-02 07:35:49.202732+00:00,2.2584881
2025-08-02 07:36:07.688723+00:00,2.2584872
2025-08-02 07:36:14.183587+00:00,2.2584882
2025-08-02 07:36:28.811056+00:00,2.2584874
2025-08-02 07:36:39.941148+00:00,2.2584883
2025-08-02 07:36:52.993714+00:00,2.2584868
2025-08-02 07:37:10.707337+00:00,2.2584873
2025-08-02 07:37:18.884682+00:00,2.2584882
2025-08-02 07:37:31.655370+00:00,2.2584876
2025-08-02 07:37:44.065148+00:00,2.258487
2025-08-02 07:37:56.954233+00:00,2.2584876
2025-08-02 07:38:09.988484+00:00,2.2584876
2025-08-02 07:38:22.710429+00:00,2.2584881
2025-08-02 07:38:35.585922+00:00,2.2584874
2025-08-02 07:38:49.208146+00:00,2.2584875
2025-08-02 07:39:02.069248+00:00,2.2584874
2025-08-02 07:39:14.626621+00:00,2.2584883
2025-08-02 07:39:27.948056+00:00,2.2584878
2025-08-02 07:39:40.362444+00:00,2.2584872
2025-08-02 07:39:53.298025+00:00,2.2584879
2025-08-02 07:40:06.826155+00:00,2.2584881
2025-08-02 07:40:20.473069+00:00,2.2584879
2025-08-02 07:40:32.333076+00:00,2.2584874
2025-08-02 07:40:45.351732+00:00,2.2584878
2025-08-02 07:40:57.744384+00:00,2.2584875
2025-08-02 07:41:12.077089+00:00,2.2584867
2025-08-02 07:41:23.163176+00:00,2.2584865
2025-08-02 07:41:36.562387+00:00,2.2584868
2025-08-02 07:41:49.723792+00:00,2.2584876
2025-08-02 07:42:02.755985+00:00,2.258488
2025-08-02 07:42:18.563692+00:00,2.2584879
2025-08-02 07:42:28.922990+00:00,2.2584868
2025-08-02 07:42:41.294998+00:00,2.2584879
2025-08-02 07:42:54.365342+00:00,2.2584863
2025-08-02 07:43:09.043412+00:00,2.258487
2025-08-02 07:43:20.359902+00:00,2.2584878
2025-08-02 07:43:33.504893+00:00,2.258488
2025-08-02 07:43:46.587971+00:00,2.2584874
2025-08-02 07:44:02.854200+00:00,2.2584876
2025-08-02 07:44:14.162664+00:00,2.2584881
2025-08-02 07:44:25.959952+00:00,2.2584884
2025-08-02 07:44:38.996979+00:00,2.2584869
2025-08-02 07:44:51.520237+00:00,2.2584864
2025-08-02 07:45:04.387445+00:00,2.2584869
2025-08-02 07:45:17.834992+00:00,2.2584874
2025-08-02 07:45:30.632940+00:00,2.2584872
2025-08-02 07:45:43.225186+00:00,2.258488
2025-08-02 07:45:56.847509+00:00,2.2584874
2025-08-02 07:46:22.767845+00:00,2.2584879
2025-08-02 07:46:34.565152+00:00,2.2584879
2025-08-02 07:46:59.821126+00:00,2.2584875
2025-08-02 07:47:12.806662+00:00,2.2584878
2025-08-02 07:47:25.719218+00:00,2.2584874
2025-08-02 07:47:38.223155+00:00,2.2584876
2025-08-02 07:47:51.539584+00:00,2.2584882
2025-08-02 07:48:04.263585+00:00,2.258488
2025-08-02 07:48:16.755131+00:00,2.2584874
2025-08-02 07:48:29.870857+00:00,2.258488
2025-08-02 07:48:41.995572+00:00,2.258488
2025-08-02 07:49:08.680599+00:00,2.258488
2025-08-02 07:49:20.690493+00:00,2.2584872
2025-08-02 07:49:33.913983+00:00,2.2584873
2025-08-02 07:49:47.220386+00:00,2.2584876
2025-08-02 07:50:00.334293+00:00,2.258488
2025-08-02 07:50:12.790688+00:00,2.2584875
2025-08-02 07:50:25.886922+00:00,2.2584879
2025-08-02 07:50:38.561929+00:00,2.2584879
2025-08-02 07:50:51.131637+00:00,2.258487
2025-08-02 07:51:16.711949+00:00,2.2584876
2025-08-02 07:51:29.326864+00:00,2.2584862
2025-08-02 07:51:42.327265+00:00,2.2584876
2025-08-02 07:51:54.909185+00:00,2.2584876
2025-08-02 07:52:07.983354+00:00,2.2584878
2025-08-02 07:52:21.011520+00:00,2.2584874
2025-08-02 07:52:33.934756+00:00,2.2584877
2025-08-02 07:52:49.600203+00:00,2.2584876
2025-08-02 07:53:00.540716+00:00,2.2584878
2025-08-02 07:53:12.756015+00:00,2.2584874
2025-08-02 07:53:26.001546+00:00,2.2584879
2025-08-02 07:53:38.831381+00:00,2.2584873
2025-08-02 07:53:53.412147+00:00,2.2584873
2025-08-02 07:54:05.654430+00:00,2.2584876
2025-08-02 07:54:19.705813+00:00,2.2584876
2025-08-02 07:54:36.013670+00:00,2.258488
2025-08-02 07:54:46.278767+00:00,2.2584874
2025-08-02 07:54:57.070543+00:00,2.2584869
2025-08-02 07:55:10.319035+00:00,2.258488
2025-08-02 07:55:23.396878+00:00,2.2584874
2025-08-02 07:55:35.770164+00:00,2.2584877
2025-08-02 07:55:48.617480+00:00,2.2584876
2025-08-02 07:56:03.082515+00:00,2.258488
2025-08-02 07:56:14.546939+00:00,2.2584878
2025-08-02 07:56:27.503283+00:00,2.258488
2025-08-02 07:56:39.378073+00:00,2.2584876
2025-08-02 07:56:52.243756+00:00,2.2584882
2025-08-02 07:57:05.276131+00:00,2.2584862
2025-08-02 07:57:17.818389+00:00,2.2584877
2025-08-02 07:57:30.626003+00:00,2.2584876
2025-08-02 07:57:43.451589+00:00,2.2584878
2025-08-02 07:57:56.201163+00:00,2.2584879
2025-08-02 07:58:13.597167+00:00,2.2584882
2025-08-02 07:58:21.686434+00:00,2.2584881
2025-08-02 07:58:35.398570+00:00,2.2584883
2025-08-02 07:58:47.615266+00:00,2.2584872
2025-08-02 07:59:02.665365+00:00,2.2584877
2025-08-02 07:59:13.958575+00:00,2.2584862
2025-08-02 07:59:26.200854+00:00,2.2584879
2025-08-02 07:59:39.224161+00:00,2.2584884
2025-08-02 07:59:51.667263+00:00,2.2584875
2025-08-02 08:00:09.566949+00:00,2.258488
2025-08-02 08:00:30.896658+00:00,2.2584876
2025-08-02 08:00:49.367066+00:00,2.2584878
2025-08-02 08:00:59.127260+00:00,2.2584871
2025-08-02 08:01:09.621227+00:00,2.258488
2025-08-02 08:01:34.927578+00:00,2.2584876
2025-08-02 08:01:47.773360+00:00,2.2584881
2025-08-02 08:02:00.359676+00:00,2.2584881
2025-08-02 08:02:12.981297+00:00,2.2584876
2025-08-02 08:02:25.855165+00:00,2.2584878
2025-08-02 08:02:39.472184+00:00,2.2584878
2025-08-02 08:02:51.611830+00:00,2.2584873
2025-08-02 08:03:04.766244+00:00,2.2584874
2025-08-02 08:03:18.157804+00:00,2.2584881
2025-08-02 08:03:30.800247+00:00,2.258487
2025-08-02 08:03:43.028214+00:00,2.2584882
2025-08-02 08:03:57.973346+00:00,2.2584883
2025-08-02 08:04:08.720517+00:00,2.2584878
2025-08-02 08:04:21.676834+00:00,2.2584868
2025-08-02 08:04:34.396395+00:00,2.2584875
2025-08-02 08:04:47.890205+00:00,2.2584876
2025-08-02 08:05:02.371871+00:00,2.2584882
2025-08-02 08:05:13.240429+00:00,2.2584875
2025-08-02 08:05:25.648480+00:00,2.2584874
2025-08-02 08:05:43.125213+00:00,2.2584879
2025-08-02 08:05:51.352392+00:00,2.2584875
2025-08-02 08:06:09.471628+00:00,2.2584872
2025-08-02 08:06:18.126146+00:00,2.2584875
2025-08-02 08:06:30.454990+00:00,2.2584875
2025-08-02 08:06:44.351268+00:00,2.2584879
2025-08-02 08:06:56.286280+00:00,2.2584882
2025-08-02 08:07:09.551709+00:00,2.2584875
2025-08-02 08:07:22.982811+00:00,2.258488
2025-08-02 08:07:35.249687+00:00,2.2584878
2025-08-02 08:07:48.572705+00:00,2.2584873
2025-08-02 08:08:01.200923+00:00,2.2584873
2025-08-02 08:08:14.200174+00:00,2.2584877
2025-08-02 08:08:26.819697+00:00,2.258488
2025-08-02 08:08:39.695802+00:00,2.2584871
2025-08-02 08:08:53.582284+00:00,2.2584877
2025-08-02 08:09:05.690923+00:00,2.2584881
2025-08-02 08:09:19.772169+00:00,2.258488
2025-08-02 08:09:32.232208+00:00,2.2584879
2025-08-02 08:09:43.737094+00:00,2.2584875
2025-08-02 08:09:56.478321+00:00,2.2584877
2025-08-02 08:10:13.045770+00:00,2.2584875
2025-08-02 08:10:22.672036+00:00,2.2584883
2025-08-02 08:10:35.198434+00:00,2.2584873
2025-08-02 08:10:47.338941+00:00,2.2584878
2025-08-02 08:11:00.162157+00:00,2.2584881
2025-08-02 08:11:13.147406+00:00,2.2584873
2025-08-02 08:11:26.312849+00:00,2.2584868
2025-08-02 08:11:38.358228+00:00,2.2584884
2025-08-02 08:12:03.729008+00:00,2.2584882
2025-08-02 08:12:18.745519+00:00,2.2584875
2025-08-02 08:12:29.436254+00:00,2.2584879
2025-08-02 08:12:42.152568+00:00,2.2584875
2025-08-02 08:12:55.590250+00:00,2.2584877
2025-08-02 08:13:08.243942+00:00,2.2584883
2025-08-02 08:13:21.387876+00:00,2.2584881
2025-08-02 08:13:35.351828+00:00,2.258488
2025-08-02 08:13:46.422049+00:00,2.258488
2025-08-02 08:13:59.132486+00:00,2.2584882
2025-08-02 08:14:12.406842+00:00,2.2584874
2025-08-02 08:14:25.043709+00:00,2.2584883
2025-08-02 08:14:37.600134+00:00,2.2584878
2025-08-02 08:14:51.912027+00:00,2.2584876
2025-08-02 08:15:04.023211+00:00,2.2584881
2025-08-02 08:15:18.106861+00:00,2.2584872
2025-08-02 08:15:29.277404+00:00,2.258488
2025-08-02 08:15:41.459054+00:00,2.2584877
2025-08-02 08:15:54.135556+00:00,2.2584876
2025-08-02 08:16:07.702014+00:00,2.2584883
2025-08-02 08:16:20.066023+00:00,2.2584878
2025-08-02 08:16:33.593564+00:00,2.2584876
2025-08-02 08:16:46.344033+00:00,2.2584875
2025-08-02 08:16:59.271160+00:00,2.2584879
2025-08-02 08:17:12.451210+00:00,2.2584879
2025-08-02 08:17:27.132669+00:00,2.2584875
2025-08-02 08:17:40.827723+00:00,2.2584878
2025-08-02 08:17:51.721959+00:00,2.2584876
2025-08-02 08:18:04.605361+00:00,2.2584873
2025-08-02 08:18:17.905907+00:00,2.2584878
2025-08-02 08:18:30.375733+00:00,2.2584877
2025-08-02 08:18:43.492492+00:00,2.2584882
2025-08-02 08:18:55.939083+00:00,2.258488
2025-08-02 08:19:10.032325+00:00,2.2584874
2025-08-02 08:19:21.778015+00:00,2.2584883
2025-08-02 08:19:34.720863+00:00,2.2584874
2025-08-02 08:19:48.352851+00:00,2.258488
2025-08-02 08:20:00.988219+00:00,2.2584879
2025-08-02 08:20:13.518712+00:00,2.2584875
2025-08-02 08:20:26.399719+00:00,2.2584878
2025-08-02 08:20:38.553426+00:00,2.2584883
2025-08-02 08:20:52.826363+00:00,2.2584884
2025-08-02 08:21:04.835373+00:00,2.2584874
2025-08-02 08:21:18.606247+00:00,2.2584883
2025-08-02 08:21:29.704820+00:00,2.2584874
2025-08-02 08:21:42.472925+00:00,2.2584876
2025-08-02 08:21:55.620038+00:00,2.2584869
2025-08-02 08:22:08.815117+00:00,2.2584879
2025-08-02 08:22:21.048598+00:00,2.2584883
2025-08-02 08:22:34.432816+00:00,2.2584881
2025-08-02 08:22:49.166353+00:00,2.2584881
2025-08-02 08:22:59.681018+00:00,2.2584884
2025-08-02 08:23:12.449140+00:00,2.2584883
2025-08-02 08:23:25.373791+00:00,2.2584879
2025-08-02 08:23:38.038424+00:00,2.2584875
2025-08-02 08:23:50.838659+00:00,2.258488
2025-08-02 08:24:07.137886+00:00,2.258488
2025-08-02 08:24:19.606084+00:00,2.2584869
2025-08-02 08:24:29.925648+00:00,2.2584884
2025-08-02 08:24:43.560860+00:00,2.2584882
2025-08-02 08:24:55.963485+00:00,2.2584878
2025-08-02 08:25:08.875151+00:00,2.2584875
2025-08-02 08:25:22.042366+00:00,2.2584884
2025-08-02 08:25:34.577052+00:00,2.2584876
2025-08-02 08:25:47.981664+00:00,2.2584877
2025-08-02 08:25:59.821016+00:00,2.2584882
2025-08-02 08:26:13.645209+00:00,2.2584874
2025-08-02 08:26:26.287654+00:00,2.2584878
2025-08-02 08:26:38.387142+00:00,2.2584872
2025-08-02 08:26:51.347518+00:00,2.2584874
2025-08-02 08:27:04.488698+00:00,2.2584877
2025-08-02 08:27:19.324461+00:00,2.2584882
2025-08-02 08:27:34.221912+00:00,2.2584873
2025-08-02 08:27:43.286564+00:00,2.2584878
2025-08-02 08:27:56.200041+00:00,2.2584865
2025-08-02 08:28:09.489106+00:00,2.258487
2025-08-02 08:28:22.135498+00:00,2.2584878
2025-08-02 08:28:35.995317+00:00,2.2584881
2025-08-02 08:28:48.816824+00:00,2.2584879
2025-08-02 08:29:02.059959+00:00,2.2584881
2025-08-02 08:29:14.334707+00:00,2.2584877
2025-08-02 08:29:27.360058+00:00,2.2584876
2025-08-02 08:29:40.449526+00:00,2.2584877
2025-08-02 08:29:53.255010+00:00,2.2584879
2025-08-02 08:30:07.216692+00:00,2.258488
2025-08-02 08:30:19.987698+00:00,2.2584883
2025-08-02 08:30:32.301026+00:00,2.2584878
2025-08-02 08:30:46.207028+00:00,2.2584871
2025-08-02 08:30:58.375779+00:00,2.2584884
2025-08-02 08:31:10.904720+00:00,2.2584884
2025-08-02 08:31:24.037487+00:00,2.2584883
2025-08-02 08:31:36.500965+00:00,2.2584873
2025-08-02 08:31:49.336579+00:00,2.2584878
2025-08-02 08:32:02.163856+00:00,2.2584883
2025-08-02 08:32:14.796206+00:00,2.2584877
2025-08-02 08:32:27.385027+00:00,2.2584882
2025-08-02 08:32:40.082836+00:00,2.258488
2025-08-02 08:32:53.588070+00:00,2.2584877
2025-08-02 08:33:08.889237+00:00,2.2584881
2025-08-02 08:33:18.901478+00:00,2.2584875
2025-08-02 08:33:32.199673+00:00,2.258488
2025-08-02 08:33:45.354579+00:00,2.258488
2025-08-02 08:33:57.370214+00:00,2.2584879
2025-08-02 08:34:10.422537+00:00,2.2584874
2025-08-02 08:34:23.384261+00:00,2.2584881
2025-08-02 08:34:36.067186+00:00,2.2584883
2025-08-02 08:35:02.227100+00:00,2.2584876
2025-08-02 08:35:14.560202+00:00,2.2584881
2025-08-02 08:35:27.858744+00:00,2.258488
2025-08-02 08:35:40.987337+00:00,2.258488
2025-08-02 08:35:53.324962+00:00,2.2584879
2025-08-02 08:36:07.025549+00:00,2.2584882
2025-08-02 08:36:19.826230+00:00,2.258488
2025-08-02 08:36:32.774672+00:00,2.2584881
2025-08-02 08:36:44.960985+00:00,2.258488
2025-08-02 08:37:11.380782+00:00,2.2584877
2025-08-02 08:37:23.729093+00:00,2.258488
2025-08-02 08:37:36.940212+00:00,2.2584882
2025-08-02 08:37:49.602726+00:00,2.2584881
2025-08-02 08:38:04.457998+00:00,2.2584879
2025-08-02 08:38:15.340113+00:00,2.2584875
2025-08-02 08:38:28.067912+00:00,2.2584878
2025-08-02 08:38:41.835920+00:00,2.2584877
2025-08-02 08:38:54.183551+00:00,2.2584881
2025-08-02 08:39:20.060384+00:00,2.2584882
2025-08-02 08:39:33.443061+00:00,2.2584878
2025-08-02 08:39:48.826951+00:00,2.258488
2025-08-02 08:40:00.145346+00:00,2.2584875
2025-08-02 08:40:12.668874+00:00,2.2584878
2025-08-02 08:40:25.713400+00:00,2.2584872
2025-08-02 08:40:38.621241+00:00,2.2584882
2025-08-02 08:40:51.604406+00:00,2.2584877
2025-08-02 08:41:05.002347+00:00,2.2584877
2025-08-02 08:41:17.874089+00:00,2.2584873
2025-08-02 08:41:30.453308+00:00,2.2584878
2025-08-02 08:41:43.521773+00:00,2.258488
2025-08-02 08:41:56.216227+00:00,2.2584882
2025-08-02 08:42:09.069511+00:00,2.2584879
2025-08-02 08:42:21.975191+00:00,2.258487
2025-08-02 08:42:35.419223+00:00,2.2584877
2025-08-02 08:42:47.742334+00:00,2.2584874
2025-08-02 08:43:01.533771+00:00,2.2584878
2025-08-02 08:43:13.406947+00:00,2.2584881
2025-08-02 08:43:25.765870+00:00,2.2584872
2025-08-02 08:43:39.324791+00:00,2.2584883
2025-08-02 08:43:51.064257+00:00,2.2584882
2025-08-02 08:44:05.258372+00:00,2.2584876
2025-08-02 08:44:16.891079+00:00,2.2584877
2025-08-02 08:44:29.514694+00:00,2.258488
2025-08-02 08:44:42.493922+00:00,2.258488
2025-08-02 08:44:54.605995+00:00,2.258488
2025-08-02 08:45:07.604394+00:00,2.2584875
2025-08-02 08:45:20.780833+00:00,2.2584873
2025-08-02 08:45:35.757077+00:00,2.2584878
2025-08-02 08:45:46.496530+00:00,2.2584875
2025-08-02 08:46:11.786412+00:00,2.2584875
2025-08-02 08:46:24.520612+00:00,2.2584877
2025-08-02 08:46:38.214985+00:00,2.2584875
2025-08-02 08:46:50.669382+00:00,2.2584877
2025-08-02 08:47:03.987018+00:00,2.2584876
2025-08-02 08:47:18.728522+00:00,2.258488
2025-08-02 08:47:29.617315+00:00,2.2584874
2025-08-02 08:47:42.589731+00:00,2.2584883
2025-08-02 08:47:55.001144+00:00,2.258488
2025-08-02 08:48:08.241028+00:00,2.2584877
2025-08-02 08:48:21.165522+00:00,2.2584882
2025-08-02 08:48:33.664371+00:00,2.2584879
2025-08-02 08:48:46.824508+00:00,2.2584881
2025-08-02 08:48:59.426300+00:00,2.2584878
2025-08-02 08:49:12.068792+00:00,2.2584877
2025-08-02 08:49:25.849950+00:00,2.2584883
2025-08-02 08:49:37.744069+00:00,2.2584877
2025-08-02 08:49:50.766598+00:00,2.258488
2025-08-02 08:50:08.958090+00:00,2.2584884
2025-08-02 08:50:17.488742+00:00,2.2584877
2025-08-02 08:50:30.353285+00:00,2.2584881
2025-08-02 08:50:43.458771+00:00,2.2584878
2025-08-02 08:50:56.593009+00:00,2.2584879
2025-08-02 08:51:10.598362+00:00,2.258488
2025-08-02 08:51:22.897679+00:00,2.2584879
2025-08-02 08:51:36.126202+00:00,2.2584878
2025-08-02 08:51:48.584263+00:00,2.2584878
2025-08-02 08:52:03.922209+00:00,2.2584876
2025-08-02 08:52:14.281050+00:00,2.2584882
2025-08-02 08:52:27.811160+00:00,2.2584878
2025-08-02 08:52:40.637371+00:00,2.2584876
2025-08-02 08:52:52.954384+00:00,2.2584882
2025-08-02 08:53:06.148243+00:00,2.2584878
2025-08-02 08:53:19.707998+00:00,2.2584879
2025-08-02 08:53:32.035854+00:00,2.2584876
2025-08-02 08:53:44.879371+00:00,2.2584879
2025-08-02 08:53:57.711460+00:00,2.2584881
2025-08-02 08:54:11.339263+00:00,2.2584877
2025-08-02 08:54:23.353255+00:00,2.2584883
2025-08-02 08:54:36.414827+00:00,2.2584879
2025-08-02 08:54:49.201048+00:00,2.258488
2025-08-02 08:55:02.592461+00:00,2.2584877
2025-08-02 08:55:14.707140+00:00,2.2584884
2025-08-02 08:55:27.315518+00:00,2.2584883
2025-08-02 08:55:39.750209+00:00,2.2584875
2025-08-02 08:55:52.755956+00:00,2.2584881
2025-08-02 08:56:05.831305+00:00,2.2584871
2025-08-02 08:56:18.705785+00:00,2.2584881
2025-08-02 08:56:31.873457+00:00,2.2584877
2025-08-02 08:56:44.852896+00:00,2.2584875
2025-08-02 08:56:57.341198+00:00,2.2584882
2025-08-02 08:57:10.169507+00:00,2.2584879
2025-08-02 08:57:23.244830+00:00,2.2584879
2025-08-02 08:57:36.323583+00:00,2.2584877
2025-08-02 08:57:49.268028+00:00,2.2584881
2025-08-02 08:58:02.129450+00:00,2.2584881
2025-08-02 08:58:15.709211+00:00,2.2584884
2025-08-02 08:58:27.804761+00:00,2.2584877
2025-08-02 08:58:42.293521+00:00,2.2584882
2025-08-02 08:58:53.630652+00:00,2.2584879
2025-08-02 08:59:06.749722+00:00,2.2584882
2025-08-02 08:59:19.772298+00:00,2.2584879
2025-08-02 08:59:33.009541+00:00,2.258488
2025-08-02 08:59:45.196289+00:00,2.2584878
2025-08-02 08:59:58.041784+00:00,2.258488
2025-08-02 09:00:12.141209+00:00,2.2584877
2025-08-02 09:00:26.982920+00:00,2.2584881
2025-08-02 09:00:37.280296+00:00,2.2584876
2025-08-02 09:00:49.779118+00:00,2.2584871
2025-08-02 09:01:03.681648+00:00,2.2584878
2025-08-02 09:01:18.401068+00:00,2.2584877
2025-08-02 09:01:28.581956+00:00,2.2584876
2025-08-02 09:01:41.627386+00:00,2.2584882
2025-08-02 09:01:54.660842+00:00,2.2584875
2025-08-02 09:02:08.440686+00:00,2.258488
2025-08-02 09:02:20.934740+00:00,2.2584879
2025-08-02 09:02:34.059657+00:00,2.2584874
2025-08-02 09:02:47.197029+00:00,2.2584881
2025-08-02 09:02:59.925162+00:00,2.2584884
2025-08-02 09:03:12.798878+00:00,2.2584884
2025-08-02 09:03:25.833359+00:00,2.2584879
2025-08-02 09:03:38.614079+00:00,2.2584881
2025-08-02 09:03:52.899216+00:00,2.2584874
2025-08-02 09:04:04.770751+00:00,2.2584874
2025-08-02 09:04:18.338858+00:00,2.2584875
2025-08-02 09:04:30.694052+00:00,2.2584882
2025-08-02 09:04:43.565778+00:00,2.2584875
2025-08-02 09:04:56.223835+00:00,2.2584876
2025-08-02 09:05:09.491235+00:00,2.2584884
2025-08-02 09:05:22.503514+00:00,2.2584881
2025-08-02 09:05:34.755123+00:00,2.2584882
2025-08-02 09:05:48.216808+00:00,2.2584872
2025-08-02 09:06:12.919649+00:00,2.2584878
2025-08-02 09:06:25.505689+00:00,2.2584883
2025-08-02 09:06:38.368674+00:00,2.2584884
2025-08-02 09:06:52.104066+00:00,2.2584882
2025-08-02 09:07:03.948779+00:00,2.2584875
2025-08-02 09:07:18.529940+00:00,2.2584883
2025-08-02 09:07:29.604253+00:00,2.258488
2025-08-02 09:07:43.470883+00:00,2.2584874
2025-08-02 09:07:55.342942+00:00,2.258488
2025-08-02 09:08:09.230340+00:00,2.2584876
2025-08-02 09:08:21.317113+00:00,2.2584883
2025-08-02 09:08:33.819880+00:00,2.2584876
2025-08-02 09:08:50.394911+00:00,2.2584882
2025-08-02 09:09:00.235917+00:00,2.2584877
2025-08-02 09:09:12.927345+00:00,2.2584879
2025-08-02 09:09:25.592852+00:00,2.258488
2025-08-02 09:09:38.581461+00:00,2.2584875
2025-08-02 09:10:08.735762+00:00,2.2584878
2025-08-02 09:10:18.823396+00:00,2.2584881
2025-08-02 09:10:35.690245+00:00,2.2584872
2025-08-02 09:10:43.374730+00:00,2.2584877
2025-08-02 09:10:56.195549+00:00,2.2584877
2025-08-02 09:11:14.274201+00:00,2.2584884
2025-08-02 09:11:22.019480+00:00,2.2584882
2025-08-02 09:11:48.640305+00:00,2.258488
2025-08-02 09:12:02.273086+00:00,2.2584882
2025-08-02 09:12:13.393180+00:00,2.2584875
2025-08-02 09:12:39.459119+00:00,2.2584878
2025-08-02 09:12:52.680893+00:00,2.2584874
2025-08-02 09:13:05.738571+00:00,2.258488
2025-08-02 09:13:19.330304+00:00,2.2584871
2025-08-02 09:13:32.107040+00:00,2.2584875
2025-08-02 09:13:45.729236+00:00,2.2584879
2025-08-02 09:13:57.625169+00:00,2.2584881
2025-08-02 09:14:10.871990+00:00,2.2584881
2025-08-02 09:14:23.541321+00:00,2.2584881
2025-08-02 09:14:36.612032+00:00,2.2584882
2025-08-02 09:14:49.389558+00:00,2.2584878
2025-08-02 09:15:03.009863+00:00,2.2584881
2025-08-02 09:15:15.546865+00:00,2.2584882
2025-08-02 09:15:28.260198+00:00,2.2584876
2025-08-02 09:15:41.073406+00:00,2.2584883
2025-08-02 09:15:54.002218+00:00,2.2584877
2025-08-02 09:16:07.160129+00:00,2.2584878
2025-08-02 09:16:19.843932+00:00,2.2584874
2025-08-02 09:16:34.307877+00:00,2.2584884
2025-08-02 09:16:46.154293+00:00,2.2584882
2025-08-02 09:16:58.000098+00:00,2.2584876
2025-08-02 09:17:10.521318+00:00,2.2584881
2025-08-02 09:17:25.626263+00:00,2.2584879
2025-08-02 09:17:35.822963+00:00,2.2584884
2025-08-02 09:17:48.850478+00:00,2.2584882
2025-08-02 09:18:02.582238+00:00,2.2584883
2025-08-02 09:18:14.850267+00:00,2.2584881
2025-08-02 09:18:27.890117+00:00,2.2584883
2025-08-02 09:18:41.038330+00:00,2.2584883
2025-08-02 09:18:53.900161+00:00,2.2584877
2025-08-02 09:19:06.739269+00:00,2.2584875
2025-08-02 09:19:19.332225+00:00,2.2584879
2025-08-02 09:19:32.935217+00:00,2.2584877
2025-08-02 09:19:47.335497+00:00,2.2584877
2025-08-02 09:19:58.578352+00:00,2.2584877
2025-08-02 09:20:11.373900+00:00,2.258488
2025-08-02 09:20:24.128378+00:00,2.2584876
2025-08-02 09:20:37.825476+00:00,2.2584882
2025-08-02 09:20:49.393938+00:00,2.2584882
2025-08-02 09:21:02.640288+00:00,2.2584879
2025-08-02 09:21:15.861470+00:00,2.2584881
2025-08-02 09:21:29.386541+00:00,2.258488
2025-08-02 09:21:41.636965+00:00,2.2584882
2025-08-02 09:21:54.602572+00:00,2.2584877
2025-08-02 09:22:08.126051+00:00,2.2584882
2025-08-02 09:22:20.877583+00:00,2.2584884
2025-08-02 09:22:34.155758+00:00,2.2584882
2025-08-02 09:23:00.191195+00:00,2.2584882
2025-08-02 09:23:12.934739+00:00,2.2584879
2025-08-02 09:23:25.857839+00:00,2.258488
2025-08-02 09:23:38.991206+00:00,2.2584881
2025-08-02 09:23:52.514314+00:00,2.2584876
2025-08-02 09:24:04.990929+00:00,2.2584878
2025-08-02 09:24:17.736073+00:00,2.2584876
2025-08-02 09:24:30.679938+00:00,2.2584879
2025-08-02 09:24:43.716187+00:00,2.2584876
2025-08-02 09:24:56.255029+00:00,2.2584884
2025-08-02 09:25:22.305406+00:00,2.2584876
2025-08-02 09:25:35.597530+00:00,2.258488
2025-08-02 09:25:48.329052+00:00,2.2584882
2025-08-02 09:26:01.142589+00:00,2.2584883
2025-08-02 09:26:14.131876+00:00,2.2584879
2025-08-02 09:26:26.373501+00:00,2.258488
2025-08-02 09:26:39.602556+00:00,2.258488
2025-08-02 09:26:51.749999+00:00,2.2584877
2025-08-02 09:27:04.714011+00:00,2.2584884
2025-08-02 09:27:18.405148+00:00,2.2584883
2025-08-02 09:27:30.696024+00:00,2.2584884
2025-08-02 09:27:43.027857+00:00,2.2584875
2025-08-02 09:27:55.795647+00:00,2.2584884
2025-08-02 09:28:09.806795+00:00,2.2584883
2025-08-02 09:28:22.097234+00:00,2.2584881
2025-08-02 09:28:34.524946+00:00,2.2584884
2025-08-02 09:28:47.432547+00:00,2.258488
2025-08-02 09:28:59.818590+00:00,2.258488
2025-08-02 09:29:12.555655+00:00,2.2584879
2025-08-02 09:29:25.811440+00:00,2.2584877
2025-08-02 09:29:38.426919+00:00,2.2584879
2025-08-02 09:29:51.486007+00:00,2.2584881
2025-08-02 09:30:04.250891+00:00,2.2584881
2025-08-02 09:30:22.056658+00:00,2.2584881
2025-08-02 09:30:30.215017+00:00,2.258488
2025-08-02 09:30:42.556575+00:00,2.2584879
2025-08-02 09:30:55.534650+00:00,2.2584883
2025-08-02 09:31:08.479871+00:00,2.2584883
2025-08-02 09:31:33.859098+00:00,2.2584874
2025-08-02 09:31:47.949819+00:00,2.2584881
2025-08-02 09:31:59.572965+00:00,2.2584876
2025-08-02 09:32:12.595556+00:00,2.2584879
2025-08-02 09:32:37.961135+00:00,2.2584878
2025-08-02 09:32:51.012352+00:00,2.2584877
2025-08-02 09:33:04.796480+00:00,2.2584884
2025-08-02 09:33:17.617905+00:00,2.2584877
2025-08-02 09:33:30.543119+00:00,2.2584877
2025-08-02 09:33:43.713538+00:00,2.2584879
2025-08-02 09:33:56.750757+00:00,2.2584883
2025-08-02 09:34:11.306365+00:00,2.2584876
2025-08-02 09:34:22.869216+00:00,2.2584871
2025-08-02 09:35:02.490708+00:00,2.2584876
2025-08-02 09:35:15.158275+00:00,2.2584879
2025-08-02 09:35:28.056079+00:00,2.2584878
2025-08-02 09:35:41.231256+00:00,2.2584881
2025-08-02 09:35:54.844115+00:00,2.2584877
2025-08-02 09:36:06.668324+00:00,2.2584881
2025-08-02 09:36:19.847722+00:00,2.2584882
2025-08-02 09:36:33.251389+00:00,2.258488
2025-08-02 09:36:45.847856+00:00,2.2584882
2025-08-02 09:36:57.841839+00:00,2.2584883
2025-08-02 09:37:11.955332+00:00,2.2584878
2025-08-02 09:37:23.421793+00:00,2.2584879
2025-08-02 09:37:36.058673+00:00,2.2584878
2025-08-02 09:38:01.827545+00:00,2.2584877
2025-08-02 09:38:15.189345+00:00,2.2584884
2025-08-02 09:38:40.508060+00:00,2.2584878
2025-08-02 09:38:53.162778+00:00,2.2584876
2025-08-02 09:39:07.704621+00:00,2.2584883
2025-08-02 09:39:32.056161+00:00,2.2584882
2025-08-02 09:39:44.747595+00:00,2.2584875
2025-08-02 09:39:57.597110+00:00,2.2584878
2025-08-02 09:40:11.175030+00:00,2.258488
2025-08-02 09:40:49.826645+00:00,2.2584882
2025-08-02 09:41:02.332891+00:00,2.2584881
2025-08-02 09:41:15.259580+00:00,2.2584884
2025-08-02 09:41:27.556380+00:00,2.2584883
2025-08-02 09:41:40.437744+00:00,2.2584883
2025-08-02 09:41:53.372967+00:00,2.2584881
2025-08-02 09:42:19.345399+00:00,2.2584875
2025-08-02 09:42:32.743903+00:00,2.2584878
2025-08-02 09:42:58.078197+00:00,2.2584884
2025-08-02 09:43:10.902122+00:00,2.2584882
2025-08-02 09:43:24.652207+00:00,2.2584878
2025-08-02 09:43:37.111206+00:00,2.2584883
2025-08-02 09:43:50.052028+00:00,2.2584884
2025-08-02 09:44:03.535915+00:00,2.2584877
2025-08-02 09:44:16.248161+00:00,2.2584879
2025-08-02 09:44:31.275424+00:00,2.2584878
2025-08-02 09:44:41.809920+00:00,2.2584883
2025-08-02 09:44:54.658808+00:00,2.2584884
2025-08-02 09:45:07.984172+00:00,2.2584881
2025-08-02 09:45:46.259997+00:00,2.2584879
2025-08-02 09:45:58.728880+00:00,2.2584881
2025-08-02 09:46:23.974915+00:00,2.2584874
2025-08-02 09:46:36.849690+00:00,2.258488
2025-08-02 09:46:49.191918+00:00,2.2584881
2025-08-02 09:47:02.515637+00:00,2.2584881
2025-08-02 09:47:15.201882+00:00,2.2584882
2025-08-02 09:47:27.679964+00:00,2.2584879
2025-08-02 09:47:53.042555+00:00,2.2584883
2025-08-02 09:48:06.673066+00:00,2.2584882
2025-08-02 09:48:18.688242+00:00,2.2584879
2025-08-02 09:48:31.662340+00:00,2.2584878
2025-08-02 09:48:57.329008+00:00,2.258488
2025-08-02 09:49:35.894567+00:00,2.2584883
2025-08-02 09:49:48.790732+00:00,2.2584884
2025-08-02 09:50:31.102784+00:00,2.2584884
2025-08-02 09:50:40.692491+00:00,2.2584881
2025-08-02 09:50:52.949055+00:00,2.2584884
2025-08-02 09:51:06.209808+00:00,2.258488
2025-08-02 09:51:18.761465+00:00,2.2584883
2025-08-02 09:51:44.445676+00:00,2.258488
2025-08-02 09:51:57.282980+00:00,2.2584884
2025-08-02 09:52:23.085669+00:00,2.2584884
2025-08-02 09:52:36.559638+00:00,2.2584884
2025-08-02 09:52:48.754301+00:00,2.2584884
2025-08-02 09:53:03.305416+00:00,2.2584878
2025-08-02 09:53:14.426098+00:00,2.2584883
2025-08-02 09:53:27.630997+00:00,2.2584882
2025-08-02 09:53:41.737566+00:00,2.2584882
2025-08-02 09:53:53.508185+00:00,2.2584878
2025-08-02 09:54:07.023648+00:00,2.258488
2025-08-02 09:54:19.404257+00:00,2.2584879
2025-08-02 09:54:32.949071+00:00,2.258488
2025-08-02 09:54:46.670884+00:00,2.258488
2025-08-02 09:54:59.028762+00:00,2.2584881
2025-08-02 09:55:12.286738+00:00,2.2584876
2025-08-02 09:55:38.219375+00:00,2.2584881
2025-08-02 09:56:03.668233+00:00,2.2584882
2025-08-02 09:56:16.607414+00:00,2.2584883
2025-08-02 09:56:29.429678+00:00,2.2584883
2025-08-02 09:56:42.511207+00:00,2.2584884
2025-08-02 09:57:21.711426+00:00,2.2584881
2025-08-02 09:57:47.157961+00:00,2.2584881
2025-08-02 09:57:59.283998+00:00,2.2584884
2025-08-02 09:58:24.851697+00:00,2.258488
2025-08-02 09:58:38.065698+00:00,2.2584883
2025-08-02 09:59:16.161512+00:00,2.2584877
2025-08-02 09:59:42.014328+00:00,2.258488
2025-08-02 09:59:56.564151+00:00,2.2584878
2025-08-02 10:00:07.928378+00:00,2.2584879
2025-08-02 10:00:23.957226+00:00,2.2584877
2025-08-02 10:00:47.072952+00:00,2.2584881
2025-08-02 10:00:59.563749+00:00,2.258488
2025-08-02 10:01:12.456489+00:00,2.2584877
2025-08-02 10:01:50.983568+00:00,2.258488
2025-08-02 10:02:04.676361+00:00,2.2584879
2025-08-02 10:02:17.620809+00:00,2.258488
2025-08-02 10:02:29.697496+00:00,2.2584882
2025-08-02 10:03:21.088320+00:00,2.2584883
2025-08-02 10:03:35.099451+00:00,2.2584881
2025-08-02 10:03:59.577711+00:00,2.2584878
2025-08-02 10:04:13.062824+00:00,2.2584877
2025-08-02 10:04:25.643509+00:00,2.2584882
2025-08-02 10:05:05.264338+00:00,2.2584883
2025-08-02 10:05:18.647787+00:00,2.2584882
2025-08-02 10:05:33.905667+00:00,2.2584883
2025-08-02 10:05:57.002550+00:00,2.2584879
2025-08-02 10:06:10.411851+00:00,2.2584878
2025-08-02 10:06:23.668259+00:00,2.2584881
2025-08-02 10:06:35.909862+00:00,2.2584884
2025-08-02 10:07:16.528086+00:00,2.2584879
2025-08-02 10:07:28.043568+00:00,2.2584884
2025-08-02 10:07:54.366409+00:00,2.2584884
2025-08-02 10:08:20.741978+00:00,2.2584882
2025-08-02 10:08:44.793435+00:00,2.258488
2025-08-02 10:09:23.440146+00:00,2.2584884
2025-08-02 10:09:48.690718+00:00,2.2584881
2025-08-02 10:10:15.037722+00:00,2.2584879
2025-08-02 10:10:40.504557+00:00,2.2584884
2025-08-02 10:11:06.979521+00:00,2.2584883
2025-08-02 10:11:19.794044+00:00,2.2584882
2025-08-02 10:11:46.538350+00:00,2.2584879
2025-08-02 10:12:12.045020+00:00,2.2584881
2025-08-02 10:12:23.893890+00:00,2.2584877
2025-08-02 10:13:15.609176+00:00,2.2584884
2025-08-02 10:13:28.880576+00:00,2.2584883
2025-08-02 10:13:41.380245+00:00,2.2584883
2025-08-02 10:13:54.040342+00:00,2.258488
2025-08-02 10:14:07.801080+00:00,2.258488
2025-08-02 10:14:20.150198+00:00,2.2584881
2025-08-02 10:14:33.037544+00:00,2.2584877
2025-08-02 10:14:45.973355+00:00,2.2584884
2025-08-02 10:14:58.631732+00:00,2.2584884
2025-08-02 10:15:11.944697+00:00,2.2584884
2025-08-02 10:15:25.357501+00:00,2.2584881
2025-08-02 10:15:50.843313+00:00,2.2584883
2025-08-02 10:16:18.055909+00:00,2.2584884
2025-08-02 10:16:42.713636+00:00,2.2584878
2025-08-02 10:16:55.821738+00:00,2.2584878
2025-08-02 10:17:09.096360+00:00,2.258488
2025-08-02 10:17:48.054190+00:00,2.2584882
2025-08-02 10:18:00.845532+00:00,2.2584881
2025-08-02 10:18:13.712597+00:00,2.258488
2025-08-02 10:18:27.537156+00:00,2.2584879
2025-08-02 10:19:19.299884+00:00,2.2584883
2025-08-02 10:19:43.726658+00:00,2.2584883
2025-08-02 10:19:56.369650+00:00,2.2584881
2025-08-02 10:20:09.168085+00:00,2.2584881
2025-08-02 10:20:40.766994+00:00,2.2584879
2025-08-02 10:20:49.103443+00:00,2.2584881
2025-08-02 10:21:00.548072+00:00,2.2584884
2025-08-02 10:21:13.200285+00:00,2.2584883
2025-08-02 10:21:26.367017+00:00,2.2584882
2025-08-02 10:22:05.397691+00:00,2.2584882
2025-08-02 10:22:19.133263+00:00,2.2584884
2025-08-02 10:22:31.963849+00:00,2.2584876
2025-08-02 10:22:43.937680+00:00,2.2584882
2025-08-02 10:23:23.031087+00:00,2.2584884
2025-08-02 10:23:35.696851+00:00,2.2584881
2025-08-02 10:23:48.621643+00:00,2.2584882
2025-08-02 10:24:14.766529+00:00,2.2584884
2025-08-02 10:24:27.291843+00:00,2.2584882
2025-08-02 10:24:40.133948+00:00,2.2584883
2025-08-02 10:24:53.594718+00:00,2.2584882
2025-08-02 10:25:07.162253+00:00,2.258488
2025-08-02 10:25:19.207396+00:00,2.2584878
2025-08-02 10:25:44.560590+00:00,2.2584882
2025-08-02 10:26:23.287948+00:00,2.2584882
2025-08-02 10:26:36.476012+00:00,2.2584883
2025-08-02 10:26:49.873427+00:00,2.2584883
2025-08-02 10:27:05.233746+00:00,2.2584882
2025-08-02 10:27:43.293306+00:00,2.2584874
2025-08-02 10:27:55.109132+00:00,2.2584879
2025-08-02 10:28:20.907759+00:00,2.2584883
2025-08-02 10:29:13.868291+00:00,2.2584883
2025-08-02 10:30:17.736308+00:00,2.2584882
2025-08-02 10:30:30.851313+00:00,2.2584883
2025-08-02 10:30:43.763432+00:00,2.2584883
2025-08-02 10:31:20.895168+00:00,2.2584877
2025-08-02 10:31:33.635572+00:00,2.258488
2025-08-02 10:31:59.341405+00:00,2.2584884
2025-08-02 10:32:12.455302+00:00,2.2584877
2025-08-02 10:32:26.162415+00:00,2.2584882
2025-08-02 10:33:04.647968+00:00,2.2584878
2025-08-02 10:33:18.059983+00:00,2.2584878
2025-08-02 10:33:56.581637+00:00,2.2584882
2025-08-02 10:34:22.368665+00:00,2.2584883
2025-08-02 10:34:48.012027+00:00,2.2584878
2025-08-02 10:35:00.931928+00:00,2.2584878
2025-08-02 10:35:29.252659+00:00,2.2584874
2025-08-02 10:35:39.700432+00:00,2.258488
2025-08-02 10:35:52.374469+00:00,2.2584883
2025-08-02 10:36:05.793504+00:00,2.2584878
2025-08-02 10:36:32.567162+00:00,2.258488
2025-08-02 10:37:10.760003+00:00,2.2584882
2025-08-02 10:37:23.010248+00:00,2.2584878
2025-08-02 10:37:36.246550+00:00,2.2584884
2025-08-02 10:37:49.567210+00:00,2.258488
2025-08-02 10:38:02.668764+00:00,2.258487
2025-08-02 10:38:30.150909+00:00,2.2584878
2025-08-02 10:38:42.738222+00:00,2.2584882
2025-08-02 10:39:35.374843+00:00,2.2584884
2025-08-02 10:39:46.885836+00:00,2.2584883
2025-08-02 10:39:58.991491+00:00,2.258488
2025-08-02 10:40:12.864953+00:00,2.258488
2025-08-02 10:40:50.090526+00:00,2.258488
2025-08-02 10:41:15.533918+00:00,2.2584883
2025-08-02 10:41:28.056373+00:00,2.2584884
2025-08-02 10:42:06.624192+00:00,2.2584882
2025-08-02 10:42:19.608834+00:00,2.2584884
2025-08-02 10:42:33.414113+00:00,2.2584881
2025-08-02 10:42:45.716479+00:00,2.2584881
2025-08-02 10:42:58.643449+00:00,2.258488
2025-08-02 10:43:24.584736+00:00,2.2584878
2025-08-02 10:43:36.966139+00:00,2.2584882
2025-08-02 10:43:49.872492+00:00,2.2584881
2025-08-02 10:44:28.573456+00:00,2.2584881
2025-08-02 10:44:41.356956+00:00,2.2584884
2025-08-02 10:44:54.564300+00:00,2.2584882
2025-08-02 10:45:07.255932+00:00,2.2584882
2025-08-02 10:45:21.465702+00:00,2.258488
2025-08-02 10:45:34.729008+00:00,2.2584883
2025-08-02 10:45:46.862486+00:00,2.2584884
2025-08-02 10:46:12.960045+00:00,2.2584884
2025-08-02 10:46:24.696499+00:00,2.2584881
2025-08-02 10:46:37.378157+00:00,2.2584882
2025-08-02 10:46:50.754565+00:00,2.2584881
2025-08-02 10:47:03.668841+00:00,2.2584877
2025-08-02 10:47:16.726045+00:00,2.2584881
2025-08-02 10:47:34.153650+00:00,2.2584883
2025-08-02 10:47:42.159869+00:00,2.2584879
2025-08-02 10:47:55.161507+00:00,2.2584884
2025-08-02 10:48:08.975820+00:00,2.2584884
2025-08-02 10:48:21.413709+00:00,2.2584884
2025-08-02 10:48:34.742528+00:00,2.2584883
2025-08-02 10:49:26.817978+00:00,2.258488
2025-08-02 10:49:39.674321+00:00,2.2584884
2025-08-02 10:50:18.533005+00:00,2.2584878
2025-08-02 10:50:44.390857+00:00,2.258488
2025-08-02 10:51:01.280063+00:00,2.2584883
2025-08-02 10:51:35.283883+00:00,2.2584881
2025-08-02 10:52:13.587904+00:00,2.2584883
2025-08-02 10:52:26.594046+00:00,2.2584881
2025-08-02 10:52:52.078981+00:00,2.2584879
2025-08-02 10:53:05.267410+00:00,2.2584876
2025-08-02 10:53:18.194729+00:00,2.2584876
2025-08-02 10:53:30.983445+00:00,2.2584881
2025-08-02 10:53:56.613715+00:00,2.2584878
2025-08-02 10:54:09.574701+00:00,2.2584878
2025-08-02 10:54:22.509222+00:00,2.2584878
2025-08-02 10:54:35.096367+00:00,2.258488
2025-08-02 10:54:48.285977+00:00,2.2584884
2025-08-02 10:55:14.398573+00:00,2.2584882
2025-08-02 10:55:27.814725+00:00,2.2584884
2025-08-02 10:55:52.553791+00:00,2.2584878
2025-08-02 10:56:31.872114+00:00,2.258488
2025-08-02 10:56:45.033188+00:00,2.2584878
2025-08-02 10:56:57.038388+00:00,2.258488
2025-08-02 10:57:49.282437+00:00,2.2584884
2025-08-02 10:58:03.198800+00:00,2.2584876
2025-08-02 10:58:15.833728+00:00,2.2584882
2025-08-02 10:58:27.999908+00:00,2.2584883
2025-08-02 10:58:41.209802+00:00,2.2584882
2025-08-02 10:58:54.965633+00:00,2.258488
2025-08-02 10:59:20.514395+00:00,2.2584881
2025-08-02 10:59:33.710819+00:00,2.2584882
2025-08-02 10:59:47.182582+00:00,2.2584883
2025-08-02 11:00:26.654572+00:00,2.2584881
2025-08-02 11:00:38.519530+00:00,2.2584882
2025-08-02 11:00:54.855563+00:00,2.2584878
2025-08-02 11:01:08.181633+00:00,2.2584879
2025-08-02 11:01:43.694484+00:00,2.258488
2025-08-02 11:01:55.550926+00:00,2.2584883
2025-08-02 11:02:20.817116+00:00,2.2584881
2025-08-02 11:02:33.603636+00:00,2.2584882
2025-08-02 11:02:46.391990+00:00,2.2584879
2025-08-02 11:02:59.127303+00:00,2.258488
2025-08-02 11:03:12.558195+00:00,2.258488
2025-08-02 11:03:39.278776+00:00,2.2584884
2025-08-02 11:04:31.698119+00:00,2.2584881
2025-08-02 11:04:56.325700+00:00,2.2584882
2025-08-02 11:05:21.642504+00:00,2.2584881
2025-08-02 11:06:00.333229+00:00,2.2584882
2025-08-02 11:06:13.680703+00:00,2.2584883
2025-08-02 11:06:26.988684+00:00,2.258488
2025-08-02 11:06:39.147639+00:00,2.2584883
2025-08-02 11:07:17.937850+00:00,2.2584881
2025-08-02 11:07:30.430796+00:00,2.2584879
2025-08-02 11:07:43.005141+00:00,2.2584881
2025-08-02 11:08:09.201209+00:00,2.2584879
2025-08-02 11:08:37.909718+00:00,2.2584883
2025-08-02 11:08:48.468700+00:00,2.2584879
2025-08-02 11:09:01.159218+00:00,2.2584879
2025-08-02 11:09:27.361102+00:00,2.2584881
2025-08-02 11:09:40.470225+00:00,2.2584878
2025-08-02 11:09:53.317955+00:00,2.2584874
2025-08-02 11:10:06.660776+00:00,2.2584882
2025-08-02 11:10:21.027269+00:00,2.2584879
2025-08-02 11:10:32.684850+00:00,2.2584881
2025-08-02 11:10:58.318199+00:00,2.258488
2025-08-02 11:11:11.397754+00:00,2.2584883
2025-08-02 11:11:23.956144+00:00,2.2584882
2025-08-02 11:11:37.491201+00:00,2.2584884
2025-08-02 11:11:50.344902+00:00,2.2584882
2025-08-02 11:12:03.037598+00:00,2.2584883
2025-08-02 11:12:18.456577+00:00,2.258488
2025-08-02 11:12:28.260513+00:00,2.258488
2025-08-02 11:13:08.171623+00:00,2.2584879
2025-08-02 11:13:19.727191+00:00,2.2584879
2025-08-02 11:13:32.171374+00:00,2.2584883
2025-08-02 11:13:44.525871+00:00,2.2584883
2025-08-02 11:14:36.265142+00:00,2.2584883
2025-08-02 11:14:50.277630+00:00,2.2584883
2025-08-02 11:16:06.127800+00:00,2.2584883
2025-08-02 11:16:31.925809+00:00,2.2584882
2025-08-02 11:16:58.350827+00:00,2.2584884
2025-08-02 11:17:11.732996+00:00,2.2584876
2025-08-02 11:17:35.988360+00:00,2.2584884
2025-08-02 11:18:14.582954+00:00,2.2584881
2025-08-02 11:18:27.391662+00:00,2.2584884
2025-08-02 11:18:41.019293+00:00,2.2584882
2025-08-02 11:18:53.208541+00:00,2.2584884
2025-08-02 11:19:06.270826+00:00,2.2584878
2025-08-02 11:19:19.366746+00:00,2.2584881
2025-08-02 11:19:46.538552+00:00,2.258488
2025-08-02 11:20:11.248042+00:00,2.2584878
2025-08-02 11:20:24.201029+00:00,2.2584883
2025-08-02 11:20:37.139271+00:00,2.2584884
2025-08-02 11:20:50.303491+00:00,2.2584882
2025-08-02 11:21:07.025250+00:00,2.2584881
2025-08-02 11:21:16.481900+00:00,2.2584878
2025-08-02 11:21:29.198142+00:00,2.2584883
2025-08-02 11:21:42.092435+00:00,2.2584875
2025-08-02 11:21:56.702088+00:00,2.2584881
2025-08-02 11:22:14.680053+00:00,2.2584882
2025-08-02 11:22:33.840445+00:00,2.258488
2025-08-02 11:22:59.534542+00:00,2.2584882
2025-08-02 11:23:25.476226+00:00,2.2584881
2025-08-02 11:23:38.446936+00:00,2.2584879
2025-08-02 11:24:19.273144+00:00,2.2584877
2025-08-02 11:24:29.644124+00:00,2.2584877
2025-08-02 11:24:42.674569+00:00,2.258488
2025-08-02 11:25:08.095382+00:00,2.2584876
2025-08-02 11:25:21.621835+00:00,2.2584879
2025-08-02 11:25:33.986399+00:00,2.2584876
2025-08-02 11:25:48.494624+00:00,2.2584884
2025-08-02 11:26:01.176772+00:00,2.2584877
2025-08-02 11:26:12.222772+00:00,2.2584882
2025-08-02 11:26:26.280320+00:00,2.2584877
2025-08-02 11:27:06.160369+00:00,2.2584883
2025-08-02 11:27:20.003241+00:00,2.2584881
2025-08-02 11:27:33.508130+00:00,2.2584881
2025-08-02 11:27:55.253352+00:00,2.2584882
2025-08-02 11:28:08.265805+00:00,2.2584883
2025-08-02 11:28:21.339174+00:00,2.2584884
2025-08-02 11:28:33.794754+00:00,2.258488
2025-08-02 11:28:46.873123+00:00,2.2584877
2025-08-02 11:29:13.619849+00:00,2.2584875
2025-08-02 11:29:26.279715+00:00,2.258488
2025-08-02 11:29:52.436085+00:00,2.2584877
2025-08-02 11:30:17.263597+00:00,2.2584877
2025-08-02 11:30:35.535230+00:00,2.2584879
2025-08-02 11:30:43.957083+00:00,2.2584884
2025-08-02 11:30:58.938850+00:00,2.2584879
2025-08-02 11:31:11.577063+00:00,2.2584883
2025-08-02 11:31:22.608923+00:00,2.2584876
2025-08-02 11:31:36.108973+00:00,2.258488
2025-08-02 11:31:48.481702+00:00,2.2584879
2025-08-02 11:32:01.634076+00:00,2.2584882
2025-08-02 11:32:27.593349+00:00,2.2584877
2025-08-02 11:32:40.406282+00:00,2.2584878
2025-08-02 11:32:53.295512+00:00,2.2584878
2025-08-02 11:33:06.667457+00:00,2.2584883
2025-08-02 11:33:20.199271+00:00,2.2584877
2025-08-02 11:33:32.611662+00:00,2.2584874
2025-08-02 11:33:59.203946+00:00,2.2584876
2025-08-02 11:34:24.711110+00:00,2.2584879
2025-08-02 11:34:49.078412+00:00,2.2584881
2025-08-02 11:35:01.918378+00:00,2.2584884
2025-08-02 11:35:28.073831+00:00,2.2584877
2025-08-02 11:35:46.048953+00:00,2.2584881
2025-08-02 11:36:19.285066+00:00,2.2584877
2025-08-02 11:37:02.651353+00:00,2.2584881
2025-08-02 11:37:38.243807+00:00,2.2584882
2025-08-02 11:38:05.164303+00:00,2.2584878
2025-08-02 11:38:15.723868+00:00,2.2584879
2025-08-02 11:38:42.222657+00:00,2.2584879
2025-08-02 11:39:07.331927+00:00,2.2584884
2025-08-02 11:39:33.485276+00:00,2.2584884
2025-08-02 11:39:45.674887+00:00,2.2584879
2025-08-02 11:39:58.552564+00:00,2.2584882
2025-08-02 11:40:24.981753+00:00,2.2584877
2025-08-02 11:40:37.686996+00:00,2.2584882
2025-08-02 11:41:06.139633+00:00,2.2584882
2025-08-02 11:41:16.595897+00:00,2.2584884
2025-08-02 11:41:42.491169+00:00,2.2584883
2025-08-02 11:41:55.844917+00:00,2.2584877
2025-08-02 11:42:11.964081+00:00,2.2584884
2025-08-02 11:42:35.594389+00:00,2.2584883
2025-08-02 11:42:59.972189+00:00,2.258488
2025-08-02 11:43:25.406462+00:00,2.258488
2025-08-02 11:43:51.778075+00:00,2.2584877
2025-08-02 11:44:29.435061+00:00,2.2584879
2025-08-02 11:44:55.692933+00:00,2.2584879
2025-08-02 11:45:08.332457+00:00,2.2584883
2025-08-02 11:45:33.655946+00:00,2.2584883
2025-08-02 11:45:46.631864+00:00,2.2584881
2025-08-02 11:45:59.216394+00:00,2.2584884
2025-08-02 11:46:12.124174+00:00,2.2584882
2025-08-02 11:46:37.714790+00:00,2.2584884
2025-08-02 11:47:04.146415+00:00,2.2584878
2025-08-02 11:47:16.768025+00:00,2.2584882
2025-08-02 11:47:44.238121+00:00,2.258488
2025-08-02 11:47:55.195183+00:00,2.2584881
2025-08-02 11:48:15.700030+00:00,2.2584881
2025-08-02 11:48:21.428443+00:00,2.2584882
2025-08-02 11:48:46.923081+00:00,2.2584882
2025-08-02 11:49:29.166773+00:00,2.2584879
2025-08-02 11:49:38.201733+00:00,2.2584882
2025-08-02 11:49:53.477725+00:00,2.2584883
2025-08-02 11:50:09.822457+00:00,2.2584881
2025-08-02 11:50:17.559525+00:00,2.2584884
2025-08-02 11:50:42.718980+00:00,2.258488
2025-08-02 11:51:34.981234+00:00,2.2584882
2025-08-02 11:52:14.149855+00:00,2.2584878
2025-08-02 11:52:28.450086+00:00,2.2584877
2025-08-02 11:53:32.411257+00:00,2.2584883
2025-08-02 11:53:58.695806+00:00,2.2584881
2025-08-02 11:54:37.890034+00:00,2.2584882
2025-08-02 11:55:04.774526+00:00,2.2584882
2025-08-02 11:55:15.692358+00:00,2.2584883
2025-08-02 11:55:53.802855+00:00,2.2584884
2025-08-02 11:56:08.850812+00:00,2.2584883
2025-08-02 11:56:34.564469+00:00,2.2584878
2025-08-02 11:56:57.109272+00:00,2.2584878
2025-08-02 11:57:23.526853+00:00,2.2584884
2025-08-02 11:57:48.885059+00:00,2.2584883
2025-08-02 11:58:13.695127+00:00,2.2584884
2025-08-02 11:58:26.415247+00:00,2.2584882
2025-08-02 11:58:40.523713+00:00,2.258488
2025-08-02 11:58:53.906083+00:00,2.2584882
2025-08-02 11:59:05.406461+00:00,2.2584883
2025-08-02 11:59:20.082085+00:00,2.2584884
2025-08-02 11:59:32.220321+00:00,2.2584879
2025-08-02 11:59:45.100736+00:00,2.2584884
2025-08-02 12:00:10.983731+00:00,2.2584883
2025-08-02 12:00:24.240752+00:00,2.2584883
2025-08-02 12:00:49.629399+00:00,2.2584882
2025-08-02 12:01:01.798788+00:00,2.2584881
2025-08-02 12:01:30.741391+00:00,2.2584879
2025-08-02 12:01:40.184085+00:00,2.2584881
2025-08-02 12:02:32.279302+00:00,2.2584884
2025-08-02 12:02:44.969637+00:00,2.2584883
2025-08-02 12:03:11.498266+00:00,2.2584883
2025-08-02 12:03:24.429405+00:00,2.2584881
2025-08-02 12:03:37.494379+00:00,2.2584875
2025-08-02 12:03:52.425398+00:00,2.2584878
2025-08-02 12:04:56.148809+00:00,2.258488
2025-08-02 12:05:11.534646+00:00,2.2584883
2025-08-02 12:05:22.525430+00:00,2.2584884
2025-08-02 12:06:27.572061+00:00,2.258488
2025-08-02 12:06:40.398283+00:00,2.2584882
2025-08-02 12:06:53.146192+00:00,2.258488
2025-08-02 12:07:08.416144+00:00,2.2584882
2025-08-02 12:07:19.021048+00:00,2.2584881
2025-08-02 12:07:32.468331+00:00,2.2584879
2025-08-02 12:07:44.263345+00:00,2.2584884
2025-08-02 12:07:59.399035+00:00,2.2584879
2025-08-02 12:08:10.014998+00:00,2.2584875
2025-08-02 12:08:23.887507+00:00,2.2584877
2025-08-02 12:08:35.672413+00:00,2.2584878
2025-08-02 12:09:01.391382+00:00,2.2584882
2025-08-02 12:09:13.724022+00:00,2.258488
2025-08-02 12:09:39.641779+00:00,2.258488
2025-08-02 12:09:52.566519+00:00,2.2584883
2025-08-02 12:10:22.808268+00:00,2.2584882
2025-08-02 12:10:31.484411+00:00,2.2584881
2025-08-02 12:11:14.182243+00:00,2.2584883
2025-08-02 12:12:14.266798+00:00,2.2584882
2025-08-02 12:12:27.901600+00:00,2.2584881
2025-08-02 12:12:41.274727+00:00,2.2584884
2025-08-02 12:13:06.199510+00:00,2.2584884
2025-08-02 12:13:20.008145+00:00,2.2584881
2025-08-02 12:13:32.255069+00:00,2.2584881
2025-08-02 12:13:46.267465+00:00,2.2584879
2025-08-02 12:13:58.404775+00:00,2.2584882
2025-08-02 12:14:16.133126+00:00,2.2584884
2025-08-02 12:14:24.612744+00:00,2.2584875
2025-08-02 12:14:37.674112+00:00,2.2584879
2025-08-02 12:15:04.319757+00:00,2.2584879
2025-08-02 12:15:17.302489+00:00,2.2584878
2025-08-02 12:15:30.745262+00:00,2.2584879
2025-08-02 12:15:55.551383+00:00,2.2584879
2025-08-02 12:16:08.958215+00:00,2.2584879
2025-08-02 12:16:23.298654+00:00,2.2584883
2025-08-02 12:16:34.718826+00:00,2.2584883
2025-08-02 12:16:47.959189+00:00,2.2584881
2025-08-02 12:17:13.771542+00:00,2.2584882
2025-08-02 12:17:39.441447+00:00,2.2584882
2025-08-02 12:17:51.825138+00:00,2.2584883
2025-08-02 12:18:05.789749+00:00,2.2584877
2025-08-02 12:18:32.524971+00:00,2.2584882
2025-08-02 12:18:44.823531+00:00,2.2584882
2025-08-02 12:18:56.861772+00:00,2.2584879
2025-08-02 12:19:12.949094+00:00,2.2584882
2025-08-02 12:19:23.522701+00:00,2.2584881
2025-08-02 12:19:36.322954+00:00,2.2584883
2025-08-02 12:19:49.181709+00:00,2.2584881
2025-08-02 12:20:02.593375+00:00,2.2584884
2025-08-02 12:20:15.734907+00:00,2.2584877
2025-08-02 12:20:30.621823+00:00,2.2584884
2025-08-02 12:20:53.890507+00:00,2.2584879
2025-08-02 12:21:07.394436+00:00,2.2584879
2025-08-02 12:25:34.132019+00:00,2.2584861
2025-08-02 12:25:52.764986+00:00,2.2584879
2025-08-02 13:08:31.993245+00:00,2.2584863
2025-08-02 13:11:07.314304+00:00,2.258487
2025-08-02 13:14:19.502460+00:00,2.2584869
2025-08-02 13:55:24.609065+00:00,2.2584859
2025-08-02 13:56:31.594459+00:00,2.2584875
2025-08-02 13:56:42.368956+00:00,2.2584875
2025-08-02 13:56:54.612221+00:00,2.2584874
2025-08-02 13:57:10.966178+00:00,2.2584872
2025-08-02 13:57:20.863199+00:00,2.2584875
2025-08-02 13:57:34.327502+00:00,2.2584884
2025-08-02 13:57:47.281778+00:00,2.2584879
2025-08-02 13:57:59.730444+00:00,2.2584868
2025-08-02 13:58:13.350712+00:00,2.2584874
2025-08-02 13:58:26.161518+00:00,2.2584875
2025-08-02 13:58:39.618223+00:00,2.2584876
2025-08-02 13:58:52.203533+00:00,2.2584873
2025-08-02 13:59:05.515767+00:00,2.2584878
2025-08-02 13:59:19.748683+00:00,2.2584869
2025-08-02 13:59:31.282029+00:00,2.2584874
2025-08-02 13:59:56.651763+00:00,2.2584874
2025-08-02 14:00:10.278973+00:00,2.2584874
2025-08-02 14:00:22.816450+00:00,2.2584876
2025-08-02 14:00:35.715170+00:00,2.2584874
2025-08-02 14:00:48.693932+00:00,2.2584871
2025-08-02 14:01:05.015146+00:00,2.2584868
2025-08-02 14:01:13.909023+00:00,2.2584872
2025-08-02 14:01:27.822311+00:00,2.258487
2025-08-02 14:01:39.762331+00:00,2.2584875
2025-08-02 14:01:53.187211+00:00,2.2584874
2025-08-02 14:02:05.699105+00:00,2.2584865
2025-08-02 14:02:18.054699+00:00,2.2584874
2025-08-02 14:02:35.897853+00:00,2.2584867
2025-08-02 14:02:42.648519+00:00,2.2584877
2025-08-02 14:02:55.895242+00:00,2.2584867
2025-08-02 14:03:09.115072+00:00,2.2584872
2025-08-02 14:03:21.803838+00:00,2.2584873
2025-08-02 14:03:34.315209+00:00,2.2584875
2025-08-02 14:03:47.740211+00:00,2.2584874
2025-08-02 14:04:00.484721+00:00,2.258487
2025-08-02 14:04:13.765241+00:00,2.2584858
2025-08-02 14:04:26.410009+00:00,2.2584874
2025-08-02 14:04:39.010486+00:00,2.258487
2025-08-02 14:04:52.317405+00:00,2.2584879
2025-08-02 14:05:04.995746+00:00,2.2584872
2025-08-02 14:05:17.680088+00:00,2.2584872
2025-08-02 14:06:46.740869+00:00,2.2584876
2025-08-02 17:22:51.480044+00:00,2.2584868
2025-08-02 17:37:02.485444+00:00,2.2584865
2025-08-02 17:41:31.162361+00:00,2.2584875
2025-08-02 17:42:49.613665+00:00,2.258487
2025-08-02 17:46:41.616817+00:00,2.2584876
2025-08-02 17:46:53.100131+00:00,2.2584864
2025-08-02 17:49:52.848129+00:00,2.2584871
2025-08-02 17:50:44.841259+00:00,2.2584858
2025-08-02 17:50:56.966273+00:00,2.2584859
2025-08-02 17:51:36.931381+00:00,2.2584867
2025-08-02 17:52:30.997999+00:00,2.2584869
2025-08-02 17:53:07.097818+00:00,2.258486
2025-08-02 17:53:20.012427+00:00,2.2584861
2025-08-02 17:53:32.861008+00:00,2.2584874
2025-08-02 17:54:25.203417+00:00,2.2584869
2025-08-02 17:54:38.533337+00:00,2.2584878
2025-08-02 17:55:28.317848+00:00,2.2584878
2025-08-02 17:56:06.263201+00:00,2.2584871
2025-08-02 17:56:19.339936+00:00,2.258487
2025-08-02 17:56:32.022125+00:00,2.2584871
2025-08-02 17:56:46.039617+00:00,2.2584877
2025-08-02 17:57:10.833431+00:00,2.258487
2025-08-02 17:57:23.613848+00:00,2.2584874
2025-08-02 17:57:36.846723+00:00,2.2584869
2025-08-02 17:57:49.528448+00:00,2.2584873
2025-08-02 17:58:02.707875+00:00,2.2584873
2025-08-02 17:58:16.103595+00:00,2.2584867
2025-08-02 17:58:28.280440+00:00,2.2584869
2025-08-02 17:58:41.673676+00:00,2.2584866
2025-08-02 17:58:53.993112+00:00,2.2584871
2025-08-02 17:59:19.721314+00:00,2.2584867
2025-08-02 17:59:32.594065+00:00,2.2584868
2025-08-02 17:59:58.078807+00:00,2.2584875
2025-08-02 18:00:11.214389+00:00,2.2584874
2025-08-02 18:00:23.854122+00:00,2.2584871
2025-08-02 18:00:37.039257+00:00,2.2584871
2025-08-02 18:00:49.830620+00:00,2.2584878
2025-08-02 18:01:15.952393+00:00,2.2584866
2025-08-02 18:01:28.820529+00:00,2.2584871
2025-08-02 18:01:42.361054+00:00,2.2584871
2025-08-02 18:01:54.890194+00:00,2.2584873
2025-08-02 18:02:08.092566+00:00,2.2584876
2025-08-02 18:02:20.712975+00:00,2.2584876
2025-08-02 18:02:46.499687+00:00,2.2584872
2025-08-02 18:02:59.328069+00:00,2.2584867
2025-08-02 18:03:25.109132+00:00,2.258487
2025-08-02 18:03:38.094196+00:00,2.2584872
2025-08-02 18:03:51.400585+00:00,2.2584869
2025-08-02 18:04:04.156039+00:00,2.2584876
2025-08-02 18:04:17.349718+00:00,2.2584867
2025-08-02 18:04:41.833488+00:00,2.2584875
2025-08-02 18:04:54.511726+00:00,2.2584875
2025-08-02 18:05:08.353841+00:00,2.258487
2025-08-02 18:05:24.705990+00:00,2.2584875
2025-08-02 18:05:33.666008+00:00,2.2584871
2025-08-02 18:05:46.287048+00:00,2.2584872
2025-08-02 18:05:59.744971+00:00,2.2584879
2025-08-02 18:06:12.967044+00:00,2.2584882
2025-08-02 18:06:25.526421+00:00,2.2584877
2025-08-02 18:06:38.047980+00:00,2.2584869
2025-08-02 18:06:50.865291+00:00,2.2584879
2025-08-02 18:07:03.608880+00:00,2.2584875
2025-08-02 18:07:16.654946+00:00,2.2584874
2025-08-02 18:07:29.191380+00:00,2.2584873
2025-08-02 18:07:42.561048+00:00,2.2584868
2025-08-02 18:07:54.855763+00:00,2.2584868
2025-08-02 18:08:07.973972+00:00,2.2584871
2025-08-02 18:08:20.700372+00:00,2.2584875
2025-08-02 18:08:36.936461+00:00,2.258487
2025-08-02 18:08:47.478723+00:00,2.258487
2025-08-02 18:08:59.212236+00:00,2.2584863
2025-08-02 18:09:12.604237+00:00,2.2584869
2025-08-02 18:09:25.045738+00:00,2.2584874
2025-08-02 18:09:38.173511+00:00,2.258487
2025-08-02 18:09:51.037123+00:00,2.258487
2025-08-02 18:10:03.987807+00:00,2.2584878
2025-08-02 18:10:17.612697+00:00,2.2584871
2025-08-02 18:10:30.415826+00:00,2.2584875
2025-08-02 18:10:43.037000+00:00,2.2584876
2025-08-02 18:10:55.932829+00:00,2.2584869
2025-08-02 18:11:09.211447+00:00,2.2584876
2025-08-02 18:11:21.667927+00:00,2.2584871
2025-08-02 18:11:34.558490+00:00,2.2584873
2025-08-02 18:11:47.862626+00:00,2.2584868
2025-08-02 18:12:02.526356+00:00,2.2584868
2025-08-02 18:12:13.965796+00:00,2.2584871
2025-08-02 18:12:26.507713+00:00,2.2584874
2025-08-02 18:12:39.310595+00:00,2.2584871
2025-08-02 18:12:52.291001+00:00,2.258488
2025-08-02 18:13:05.350659+00:00,2.2584875
2025-08-02 18:13:18.540656+00:00,2.2584878
2025-08-02 18:13:30.280374+00:00,2.2584872
2025-08-02 18:13:45.974218+00:00,2.2584872
2025-08-02 18:13:55.730587+00:00,2.2584876
2025-08-02 18:14:08.807561+00:00,2.2584869
2025-08-02 18:14:21.483273+00:00,2.2584875
2025-08-02 18:14:34.489939+00:00,2.258487
2025-08-02 18:14:50.434696+00:00,2.2584869
2025-08-02 18:14:59.547426+00:00,2.2584872
2025-08-02 18:15:12.393840+00:00,2.2584873
2025-08-02 18:15:27.038391+00:00,2.2584871
2025-08-02 18:15:38.187755+00:00,2.2584873
2025-08-02 18:15:51.812502+00:00,2.2584876
2025-08-02 18:16:04.129784+00:00,2.258487
2025-08-02 18:16:16.863486+00:00,2.2584879
2025-08-02 18:16:29.575498+00:00,2.2584869
2025-08-02 18:16:42.369484+00:00,2.2584872
2025-08-02 18:16:55.187450+00:00,2.2584874
2025-08-02 18:17:08.134724+00:00,2.258487
2025-08-02 18:17:21.093848+00:00,2.258487
2025-08-02 18:17:35.046365+00:00,2.2584872
2025-08-02 18:17:46.527901+00:00,2.2584872
2025-08-02 18:17:59.652305+00:00,2.2584875
2025-08-02 18:18:12.001338+00:00,2.2584872
2025-08-02 18:18:24.960048+00:00,2.2584875
2025-08-02 18:18:37.777557+00:00,2.2584876
2025-08-02 18:18:50.898227+00:00,2.2584867
2025-08-02 18:19:04.340136+00:00,2.2584876
2025-08-02 18:19:17.098755+00:00,2.2584872
2025-08-02 18:19:30.325407+00:00,2.2584868
2025-08-02 18:19:43.102894+00:00,2.2584868
2025-08-02 18:19:56.262472+00:00,2.2584873
2025-08-02 18:20:09.463419+00:00,2.2584871
2025-08-02 18:20:22.249232+00:00,2.2584871
2025-08-02 18:20:35.436068+00:00,2.2584874
2025-08-02 18:20:48.573144+00:00,2.2584875
2025-08-02 18:21:03.825970+00:00,2.2584873
2025-08-02 18:21:13.784336+00:00,2.2584879
2025-08-02 18:21:26.834785+00:00,2.2584871
2025-08-02 18:21:39.787789+00:00,2.2584877
2025-08-02 18:21:52.647293+00:00,2.2584868
2025-08-02 18:22:05.659706+00:00,2.2584876
2025-08-02 18:22:18.463117+00:00,2.2584868
2025-08-02 18:22:34.813157+00:00,2.2584877
2025-08-02 18:22:44.318289+00:00,2.2584872
2025-08-02 18:22:57.166439+00:00,2.2584881
2025-08-02 18:23:09.885947+00:00,2.2584873
2025-08-02 18:23:22.462927+00:00,2.2584872
2025-08-02 18:23:35.481569+00:00,2.2584872
2025-08-02 18:23:47.943790+00:00,2.2584871
2025-08-02 18:24:02.947571+00:00,2.2584871
2025-08-02 18:24:13.461328+00:00,2.2584872
2025-08-02 18:24:26.713417+00:00,2.2584871
2025-08-02 18:24:39.446471+00:00,2.2584869
2025-08-02 18:24:52.178267+00:00,2.2584877
2025-08-02 18:25:05.122966+00:00,2.2584875
2025-08-02 18:25:18.407673+00:00,2.2584876
2025-08-02 18:25:32.081714+00:00,2.2584871
2025-08-02 18:25:44.993285+00:00,2.2584877
2025-08-02 18:25:56.699826+00:00,2.2584871
2025-08-02 18:26:09.666528+00:00,2.2584873
2025-08-02 18:26:22.282025+00:00,2.2584881
2025-08-02 18:26:35.105711+00:00,2.2584873
2025-08-02 18:26:48.751129+00:00,2.2584871
2025-08-02 18:27:00.887912+00:00,2.2584873
2025-08-02 18:27:13.599438+00:00,2.2584874
2025-08-02 18:27:26.435482+00:00,2.2584871
2025-08-02 18:27:39.280742+00:00,2.2584871
2025-08-02 18:27:52.094205+00:00,2.2584877
2025-08-02 18:28:05.166330+00:00,2.2584876
2025-08-02 18:28:18.235164+00:00,2.2584869
2025-08-02 18:28:31.028225+00:00,2.258488
2025-08-02 18:28:43.644694+00:00,2.2584876
2025-08-02 18:28:56.431216+00:00,2.2584875
2025-08-02 18:29:10.553840+00:00,2.2584871
2025-08-02 18:29:23.179598+00:00,2.2584877
2025-08-02 18:29:35.441676+00:00,2.2584871
2025-08-02 18:29:48.872446+00:00,2.2584878
2025-08-02 18:30:01.356780+00:00,2.2584877
2025-08-02 18:30:14.332896+00:00,2.2584872
2025-08-02 18:30:27.439618+00:00,2.2584872
2025-08-02 18:30:39.917789+00:00,2.2584874
2025-08-02 18:30:53.429627+00:00,2.2584871
2025-08-02 18:31:06.114484+00:00,2.2584872
2025-08-02 18:31:18.786958+00:00,2.2584873
2025-08-02 18:31:31.858859+00:00,2.2584879
2025-08-02 18:31:44.308370+00:00,2.2584872
2025-08-02 18:31:57.402397+00:00,2.2584871
2025-08-02 18:32:10.869064+00:00,2.2584875
2025-08-02 18:32:23.623112+00:00,2.2584872
2025-08-02 18:32:35.687391+00:00,2.2584877
2025-08-02 18:32:48.595010+00:00,2.2584878
2025-08-02 18:33:01.343408+00:00,2.2584875
2025-08-02 18:33:13.891057+00:00,2.2584879
2025-08-02 18:33:26.703860+00:00,2.258487
2025-08-02 18:33:39.602174+00:00,2.2584877
2025-08-02 18:33:52.651417+00:00,2.2584871
2025-08-02 18:34:05.382022+00:00,2.2584878
2025-08-02 18:34:18.293209+00:00,2.2584877
2025-08-02 18:34:31.343070+00:00,2.2584877
2025-08-02 18:34:43.885079+00:00,2.2584874
2025-08-02 18:34:56.750547+00:00,2.2584873
2025-08-02 18:35:09.688930+00:00,2.2584872
2025-08-02 18:35:22.711393+00:00,2.258488
2025-08-02 18:35:36.499896+00:00,2.2584877
2025-08-02 18:35:48.457948+00:00,2.2584872
2025-08-02 18:36:01.274465+00:00,2.2584875
2025-08-02 18:36:14.015264+00:00,2.2584876
2025-08-02 18:36:26.789720+00:00,2.258487
2025-08-02 18:36:39.700655+00:00,2.2584879
2025-08-02 18:36:52.512432+00:00,2.2584873
2025-08-02 18:37:06.490946+00:00,2.2584869
2025-08-02 18:37:18.089804+00:00,2.2584878
2025-08-02 18:37:31.080841+00:00,2.2584874
2025-08-02 18:37:44.055707+00:00,2.2584871
2025-08-02 18:37:57.438110+00:00,2.2584873
2025-08-02 18:38:11.121570+00:00,2.2584868
2025-08-02 18:38:23.984062+00:00,2.2584876
2025-08-02 18:38:36.581224+00:00,2.2584869
2025-08-02 18:38:48.920541+00:00,2.2584875
2025-08-02 18:39:02.851439+00:00,2.2584872
2025-08-02 18:39:14.935292+00:00,2.2584877
2025-08-02 18:39:28.173573+00:00,2.2584873
2025-08-02 18:39:40.636035+00:00,2.2584872
2025-08-02 18:39:53.620916+00:00,2.2584872
2025-08-02 18:40:06.419464+00:00,2.2584878
2025-08-02 18:40:19.850416+00:00,2.2584874
2025-08-02 18:40:34.126944+00:00,2.258487
2025-08-02 18:40:46.534568+00:00,2.2584874
2025-08-02 18:40:57.979966+00:00,2.2584872
2025-08-02 18:41:11.016873+00:00,2.2584872
2025-08-02 18:41:23.802756+00:00,2.2584877
2025-08-02 18:41:37.026175+00:00,2.2584874
2025-08-02 18:41:49.156045+00:00,2.2584875
2025-08-02 18:42:01.837327+00:00,2.2584876
2025-08-02 18:42:14.743763+00:00,2.2584876
2025-08-02 18:42:28.725532+00:00,2.2584878
2025-08-02 18:42:40.193449+00:00,2.2584874
2025-08-02 18:42:55.926024+00:00,2.2584875
2025-08-02 18:43:06.448326+00:00,2.2584875
2025-08-02 18:43:19.282395+00:00,2.2584873
2025-08-02 18:43:32.071508+00:00,2.2584874
2025-08-02 18:43:46.965118+00:00,2.2584872
2025-08-02 18:43:59.244530+00:00,2.2584879
2025-08-02 18:44:10.771789+00:00,2.2584875
2025-08-02 18:44:23.625468+00:00,2.2584876
2025-08-02 18:44:36.787492+00:00,2.2584875
2025-08-02 18:44:49.307086+00:00,2.2584876
2025-08-02 18:45:02.079555+00:00,2.2584873
2025-08-02 18:45:14.994657+00:00,2.2584874
2025-08-02 18:45:27.956784+00:00,2.2584869
2025-08-02 18:45:40.608787+00:00,2.2584876
2025-08-02 18:45:53.538806+00:00,2.2584875
2025-08-02 18:46:06.825734+00:00,2.2584871
2025-08-02 18:46:19.601389+00:00,2.2584871
2025-08-02 18:46:32.501074+00:00,2.2584874
2025-08-02 18:46:46.635540+00:00,2.2584877
2025-08-02 18:46:58.154777+00:00,2.2584872
2025-08-02 18:47:11.235209+00:00,2.258487
2025-08-02 18:47:24.738366+00:00,2.2584877
2025-08-02 18:47:37.001226+00:00,2.2584878
2025-08-02 18:47:50.158079+00:00,2.2584877
2025-08-02 18:48:03.543575+00:00,2.258487
2025-08-02 18:48:17.283716+00:00,2.2584879
2025-08-02 18:48:28.848579+00:00,2.2584871
2025-08-02 18:48:41.871875+00:00,2.2584871
2025-08-02 18:48:54.665254+00:00,2.2584874
2025-08-02 18:49:07.739968+00:00,2.2584871
2025-08-02 18:49:20.520537+00:00,2.258488
2025-08-02 18:49:33.400959+00:00,2.2584872
2025-08-02 18:49:46.446902+00:00,2.258487
2025-08-02 18:49:59.212352+00:00,2.2584872
2025-08-02 18:50:17.952717+00:00,2.2584871
2025-08-02 18:50:24.754194+00:00,2.2584872
2025-08-02 18:50:37.364692+00:00,2.2584876
2025-08-02 18:50:50.323975+00:00,2.258487
2025-08-02 18:51:02.977564+00:00,2.2584871
2025-08-02 18:51:15.619812+00:00,2.2584878
2025-08-02 18:51:28.597238+00:00,2.2584879
2025-08-02 18:51:41.510686+00:00,2.2584874
2025-08-02 18:51:54.500339+00:00,2.2584876
2025-08-02 18:52:07.377385+00:00,2.2584877
2025-08-02 18:52:20.302261+00:00,2.2584874
2025-08-02 18:52:33.134066+00:00,2.2584873
2025-08-02 18:52:45.902392+00:00,2.2584879
2025-08-02 18:52:58.489177+00:00,2.258487
2025-08-02 18:53:12.541386+00:00,2.2584871
2025-08-02 18:53:25.361669+00:00,2.2584877
2025-08-02 18:53:37.124522+00:00,2.2584872
2025-08-02 18:53:50.010282+00:00,2.2584874
2025-08-02 18:54:02.815580+00:00,2.258487
2025-08-02 18:54:16.450970+00:00,2.2584876
2025-08-02 18:54:28.390272+00:00,2.2584876
2025-08-02 18:54:41.096223+00:00,2.2584873
2025-08-02 18:54:54.089746+00:00,2.2584876
2025-08-02 18:55:07.617099+00:00,2.2584876
2025-08-02 18:55:19.897765+00:00,2.258488
2025-08-02 18:55:32.937751+00:00,2.2584872
2025-08-02 18:55:44.998343+00:00,2.2584877
2025-08-02 18:55:58.182686+00:00,2.2584869
2025-08-02 18:56:10.540639+00:00,2.2584871
2025-08-02 18:56:23.325367+00:00,2.2584878
2025-08-02 18:56:36.231165+00:00,2.2584876
2025-08-02 18:56:49.028161+00:00,2.2584872
2025-08-02 18:57:02.282925+00:00,2.2584878
2025-08-02 18:57:15.185723+00:00,2.2584873
2025-08-02 18:57:28.254778+00:00,2.2584879
2025-08-02 18:57:41.056075+00:00,2.2584871
2025-08-02 18:57:54.318820+00:00,2.2584873
2025-08-02 18:58:08.802812+00:00,2.2584878
2025-08-02 18:58:20.089130+00:00,2.2584872
2025-08-02 18:58:33.151703+00:00,2.2584874
2025-08-02 18:58:46.944129+00:00,2.2584876
2025-08-02 18:58:58.773874+00:00,2.2584873
2025-08-02 18:59:11.660228+00:00,2.2584875
2025-08-02 18:59:24.577430+00:00,2.2584879
2025-08-02 18:59:37.349691+00:00,2.2584878
2025-08-02 18:59:50.174461+00:00,2.2584874
2025-08-02 19:00:03.115841+00:00,2.2584876
2025-08-02 19:00:16.002906+00:00,2.2584874
2025-08-02 19:00:32.438718+00:00,2.2584873
2025-08-02 19:00:41.732200+00:00,2.2584877
2025-08-02 19:00:55.705176+00:00,2.2584871
2025-08-02 19:01:07.169160+00:00,2.2584872
2025-08-02 19:01:20.607008+00:00,2.2584881
2025-08-02 19:01:35.463818+00:00,2.2584875
2025-08-02 19:01:45.828588+00:00,2.2584876
2025-08-02 19:01:58.360741+00:00,2.2584876
2025-08-02 19:02:11.113594+00:00,2.2584877
2025-08-02 19:02:24.615512+00:00,2.2584876
2025-08-02 19:02:37.049861+00:00,2.2584872
2025-08-02 19:02:49.605293+00:00,2.2584874
2025-08-02 19:03:02.619728+00:00,2.2584875
2025-08-02 19:03:15.556502+00:00,2.2584873
2025-08-02 19:03:28.470507+00:00,2.2584878
2025-08-02 19:03:41.404118+00:00,2.2584874
2025-08-02 19:03:54.070096+00:00,2.2584882
2025-08-02 19:04:06.995245+00:00,2.2584877
2025-08-02 19:04:19.682352+00:00,2.2584871
2025-08-02 19:04:32.645553+00:00,2.2584875
2025-08-02 19:04:46.361464+00:00,2.2584871
2025-08-02 19:04:59.812788+00:00,2.2584882
2025-08-02 19:05:11.100537+00:00,2.2584878
2025-08-02 19:05:25.452754+00:00,2.2584876
2025-08-02 19:05:37.844036+00:00,2.2584875
2025-08-02 19:05:49.701126+00:00,2.2584876
2025-08-02 19:06:02.390780+00:00,2.258488
2025-08-02 19:06:17.223493+00:00,2.2584877
2025-08-02 19:06:27.979510+00:00,2.2584877
2025-08-02 19:06:40.962637+00:00,2.2584877
2025-08-02 19:06:53.842080+00:00,2.2584875
2025-08-02 19:07:07.869681+00:00,2.2584879
2025-08-02 19:07:20.001006+00:00,2.2584876
2025-08-02 19:07:33.005912+00:00,2.2584875
2025-08-02 19:07:46.022203+00:00,2.2584874
2025-08-02 19:07:58.834324+00:00,2.2584871
2025-08-02 19:08:12.090137+00:00,2.2584875
2025-08-02 19:08:24.792650+00:00,2.2584876
2025-08-02 19:08:37.781151+00:00,2.2584873
2025-08-02 19:08:51.500290+00:00,2.2584877
2025-08-02 19:09:03.746420+00:00,2.2584876
2025-08-02 19:09:16.976145+00:00,2.2584876
2025-08-02 19:09:29.348482+00:00,2.2584869
2025-08-02 19:09:42.765576+00:00,2.2584874
2025-08-02 19:09:55.587626+00:00,2.2584871
2025-08-02 19:10:09.372044+00:00,2.2584876
2025-08-02 19:10:21.887543+00:00,2.2584876
2025-08-02 19:10:33.854073+00:00,2.2584879
2025-08-02 19:10:46.595210+00:00,2.2584874
2025-08-02 19:10:59.242144+00:00,2.258488
2025-08-02 19:11:12.129647+00:00,2.2584873
2025-08-02 19:11:24.985347+00:00,2.2584878
2025-08-02 19:11:37.957140+00:00,2.2584877
2025-08-02 19:11:50.490335+00:00,2.2584882
2025-08-02 19:12:03.840624+00:00,2.2584877
2025-08-02 19:12:15.831203+00:00,2.2584875
2025-08-02 19:12:28.545777+00:00,2.2584878
2025-08-02 19:12:41.390870+00:00,2.2584874
2025-08-02 19:12:54.526039+00:00,2.2584879
2025-08-02 19:13:07.346922+00:00,2.258487
2025-08-02 19:13:19.898520+00:00,2.2584879
2025-08-02 19:13:33.301289+00:00,2.2584877
2025-08-02 19:13:45.754007+00:00,2.2584875
2025-08-02 19:13:58.691740+00:00,2.2584874
2025-08-02 19:14:12.166861+00:00,2.2584874
2025-08-02 19:14:24.285360+00:00,2.2584874
2025-08-02 19:14:37.200783+00:00,2.258487
2025-08-02 19:14:50.092135+00:00,2.2584875
2025-08-02 19:15:02.768173+00:00,2.2584879
2025-08-02 19:15:15.668510+00:00,2.2584875
2025-08-02 19:15:28.549852+00:00,2.2584874
2025-08-02 19:15:41.182088+00:00,2.258488
2025-08-02 19:15:53.969032+00:00,2.258488
2025-08-02 19:16:06.989849+00:00,2.2584876
2025-08-02 19:16:19.564485+00:00,2.2584876
2025-08-02 19:16:32.118333+00:00,2.2584872
2025-08-02 19:16:45.147720+00:00,2.2584876
2025-08-02 19:16:57.844635+00:00,2.2584879
2025-08-02 19:17:10.887758+00:00,2.2584873
2025-08-02 19:17:23.621978+00:00,2.2584872
2025-08-02 19:17:37.055682+00:00,2.2584876
2025-08-02 19:17:49.581766+00:00,2.258487
2025-08-02 19:18:03.446932+00:00,2.2584879
2025-08-02 19:18:16.525650+00:00,2.2584873
2025-08-02 19:18:28.537118+00:00,2.2584871
2025-08-02 19:18:41.428141+00:00,2.2584877
2025-08-02 19:18:54.929528+00:00,2.2584872
2025-08-02 19:19:07.694887+00:00,2.2584871
2025-08-02 19:19:20.669190+00:00,2.2584872
2025-08-02 19:19:33.190070+00:00,2.2584874
2025-08-02 19:19:46.459489+00:00,2.2584874
2025-08-02 19:19:58.779573+00:00,2.2584881
2025-08-02 19:20:11.732889+00:00,2.2584874
2025-08-02 19:20:24.484664+00:00,2.2584879
2025-08-02 19:20:37.476314+00:00,2.2584877
2025-08-02 19:20:50.495250+00:00,2.2584876
2025-08-02 19:21:02.999135+00:00,2.258487
2025-08-02 19:21:16.117827+00:00,2.2584875
2025-08-02 19:21:29.219640+00:00,2.2584876
2025-08-02 19:21:41.082898+00:00,2.2584877
2025-08-02 19:21:53.692351+00:00,2.2584877
2025-08-02 19:22:06.396414+00:00,2.2584879
2025-08-02 19:22:19.137480+00:00,2.258488
2025-08-02 19:22:31.882112+00:00,2.258488
2025-08-02 19:22:44.576798+00:00,2.2584876
2025-08-02 19:22:57.474361+00:00,2.2584872
2025-08-02 19:23:10.579739+00:00,2.2584878
2025-08-02 19:23:23.172489+00:00,2.2584868
2025-08-02 19:23:36.041144+00:00,2.2584878
2025-08-02 19:23:48.749938+00:00,2.2584879
2025-08-02 19:24:01.829143+00:00,2.2584878
2025-08-02 19:24:14.327137+00:00,2.2584878
2025-08-02 19:24:27.704902+00:00,2.2584877
2025-08-02 19:24:40.205463+00:00,2.2584872
2025-08-02 19:24:53.080400+00:00,2.2584878
2025-08-02 19:25:05.893957+00:00,2.2584871
2025-08-02 19:25:19.495312+00:00,2.2584877
2025-08-02 19:25:31.775374+00:00,2.2584874
2025-08-02 19:25:44.461419+00:00,2.2584869
2025-08-02 19:25:57.006266+00:00,2.2584873
2025-08-02 19:26:10.116116+00:00,2.2584878
2025-08-02 19:26:23.283581+00:00,2.2584871
2025-08-02 19:26:38.211463+00:00,2.2584881
2025-08-02 19:26:48.083586+00:00,2.2584876
2025-08-02 19:27:02.648141+00:00,2.2584873
2025-08-02 19:27:13.753831+00:00,2.2584874
2025-08-02 19:27:26.340686+00:00,2.258488
2025-08-02 19:27:40.065094+00:00,2.2584874
2025-08-02 19:27:52.043480+00:00,2.2584878
2025-08-02 19:28:04.862064+00:00,2.2584872
2025-08-02 19:28:17.405784+00:00,2.2584879
2025-08-02 19:28:30.381685+00:00,2.258488
2025-08-02 19:28:43.111651+00:00,2.2584872
2025-08-02 19:28:55.835060+00:00,2.2584872
2025-08-02 19:29:09.430659+00:00,2.2584874
2025-08-02 19:29:22.242761+00:00,2.2584876
2025-08-02 19:29:35.095211+00:00,2.2584878
2025-08-02 19:29:47.594294+00:00,2.2584879
2025-08-02 19:30:01.484053+00:00,2.2584881
2025-08-02 19:30:13.651040+00:00,2.2584878
2025-08-02 19:30:26.570803+00:00,2.2584875
2025-08-02 19:30:39.169824+00:00,2.2584878
2025-08-02 19:30:51.856821+00:00,2.2584877
2025-08-02 19:31:05.197812+00:00,2.2584877
2025-08-02 19:31:17.826697+00:00,2.2584878
2025-08-02 19:31:30.726638+00:00,2.2584875
2025-08-02 19:31:43.250913+00:00,2.2584873
2025-08-02 19:31:56.038390+00:00,2.2584884
2025-08-02 19:32:08.791696+00:00,2.2584878
2025-08-02 19:32:21.388532+00:00,2.2584875
2025-08-02 19:32:34.064934+00:00,2.2584876
2025-08-02 19:32:46.898280+00:00,2.258488
2025-08-02 19:32:59.461393+00:00,2.2584877
2025-08-02 19:33:12.236892+00:00,2.2584873
2025-08-02 19:33:25.211074+00:00,2.2584874
2025-08-02 19:33:38.301009+00:00,2.2584881
2025-08-02 19:33:50.704202+00:00,2.2584871
2025-08-02 19:34:03.454037+00:00,2.2584877
2025-08-02 19:34:19.191629+00:00,2.2584876
2025-08-02 19:34:29.350798+00:00,2.2584872
2025-08-02 19:34:41.733972+00:00,2.2584875
2025-08-02 19:34:55.305400+00:00,2.2584878
2025-08-02 19:35:07.283758+00:00,2.2584879
2025-08-02 19:35:20.333335+00:00,2.2584875
2025-08-02 19:35:33.610338+00:00,2.2584869
2025-08-02 19:35:46.217924+00:00,2.2584871
2025-08-02 19:35:59.507329+00:00,2.2584876
2025-08-02 19:36:10.916251+00:00,2.2584878
2025-08-02 19:36:23.709013+00:00,2.2584877
2025-08-02 19:36:36.568846+00:00,2.258488
2025-08-02 19:36:49.219523+00:00,2.2584872
2025-08-02 19:37:02.063438+00:00,2.2584877
2025-08-02 19:37:14.741546+00:00,2.2584877
2025-08-02 19:37:27.535039+00:00,2.2584873
2025-08-02 19:37:40.208501+00:00,2.2584877
2025-08-02 19:37:53.427942+00:00,2.2584873
2025-08-02 19:38:06.763030+00:00,2.2584874
2025-08-02 19:38:19.887822+00:00,2.2584873
2025-08-02 19:38:32.168474+00:00,2.2584874
2025-08-02 19:38:44.850014+00:00,2.258487
2025-08-02 19:38:57.309599+00:00,2.2584873
2025-08-02 19:39:11.338643+00:00,2.2584876
2025-08-02 19:39:23.099915+00:00,2.2584871
2025-08-02 19:39:36.144851+00:00,2.2584874
2025-08-02 19:39:48.881422+00:00,2.2584874
2025-08-02 19:40:03.584958+00:00,2.2584873
2025-08-02 19:40:14.722093+00:00,2.2584882
2025-08-02 19:40:28.418394+00:00,2.2584872
2025-08-02 19:40:40.511664+00:00,2.258488
2025-08-02 19:40:53.461006+00:00,2.2584874
2025-08-02 19:41:05.844478+00:00,2.2584874
2025-08-02 19:41:19.470797+00:00,2.258488
2025-08-02 19:41:32.837434+00:00,2.2584871
2025-08-02 19:41:44.422281+00:00,2.2584875
2025-08-02 19:41:57.032528+00:00,2.2584877
2025-08-02 19:42:10.441302+00:00,2.2584875
2025-08-02 19:42:22.591898+00:00,2.258488
2025-08-02 19:42:35.068376+00:00,2.2584871
2025-08-02 19:42:47.833096+00:00,2.2584879
2025-08-02 19:43:00.217281+00:00,2.2584872
2025-08-02 19:43:12.789910+00:00,2.2584873
2025-08-02 19:43:25.670585+00:00,2.2584873
2025-08-02 19:43:38.372094+00:00,2.258488
2025-08-02 19:43:51.325392+00:00,2.2584882
2025-08-02 19:44:03.715827+00:00,2.2584879
2025-08-02 19:44:18.304127+00:00,2.2584879
2025-08-02 19:44:29.194989+00:00,2.258488
2025-08-02 19:44:41.994811+00:00,2.258488
2025-08-02 19:44:54.904353+00:00,2.2584875
2025-08-02 19:45:07.651297+00:00,2.2584876
2025-08-02 19:45:21.504994+00:00,2.2584871
2025-08-02 19:45:33.196569+00:00,2.2584878
2025-08-02 19:45:46.631560+00:00,2.2584879
2025-08-02 19:46:00.312003+00:00,2.2584876
2025-08-02 19:46:11.535783+00:00,2.2584874
2025-08-02 19:46:24.505188+00:00,2.2584878
2025-08-02 19:46:37.477663+00:00,2.2584878
2025-08-02 19:46:49.691396+00:00,2.2584881
2025-08-02 19:47:02.903854+00:00,2.2584879
2025-08-02 19:47:15.444415+00:00,2.2584877
2025-08-02 19:47:29.350571+00:00,2.2584876
2025-08-02 19:47:42.116635+00:00,2.2584874
2025-08-02 19:47:55.435430+00:00,2.2584874
2025-08-02 19:48:07.275682+00:00,2.2584872
2025-08-02 19:48:19.618957+00:00,2.2584874
2025-08-02 19:48:32.759054+00:00,2.2584882
2025-08-02 19:48:45.300454+00:00,2.2584877
2025-08-02 19:48:58.256995+00:00,2.2584877
2025-08-02 19:49:11.155484+00:00,2.2584875
2025-08-02 19:49:24.342067+00:00,2.258488
2025-08-02 19:49:37.106753+00:00,2.2584873
2025-08-02 19:49:50.462932+00:00,2.2584874
2025-08-02 19:50:02.690765+00:00,2.2584877
2025-08-02 19:50:15.764343+00:00,2.2584881
2025-08-02 19:50:28.899053+00:00,2.2584877
2025-08-02 19:50:42.144920+00:00,2.2584883
2025-08-02 19:50:54.123487+00:00,2.2584874
2025-08-02 19:51:07.201465+00:00,2.2584877
2025-08-02 19:51:19.876509+00:00,2.2584872
2025-08-02 19:51:33.463862+00:00,2.2584872
2025-08-02 19:51:45.576266+00:00,2.2584881
2025-08-02 19:51:58.167493+00:00,2.2584877
2025-08-02 19:52:10.875352+00:00,2.258488
2025-08-02 19:52:23.381970+00:00,2.2584877
2025-08-02 19:52:36.159754+00:00,2.2584877
2025-08-02 19:52:49.823915+00:00,2.2584873
2025-08-02 19:53:01.741856+00:00,2.2584878
2025-08-02 19:53:15.659546+00:00,2.2584882
2025-08-02 19:53:27.051424+00:00,2.2584874
2025-08-02 19:53:39.922233+00:00,2.2584878
2025-08-02 19:53:52.760843+00:00,2.2584876
2025-08-02 19:54:05.425969+00:00,2.2584875
2025-08-02 19:54:18.200876+00:00,2.2584881
2025-08-02 19:54:32.551259+00:00,2.2584875
2025-08-02 19:54:44.606025+00:00,2.2584882
2025-08-02 19:54:57.388550+00:00,2.2584875
2025-08-02 19:55:09.681810+00:00,2.2584877
2025-08-02 19:55:22.565383+00:00,2.2584876
2025-08-02 19:55:35.192098+00:00,2.2584878
2025-08-02 19:55:48.174282+00:00,2.2584877
2025-08-02 19:56:00.763145+00:00,2.2584882
2025-08-02 19:56:13.421649+00:00,2.258488
2025-08-02 19:56:26.027676+00:00,2.2584873
2025-08-02 19:56:38.843973+00:00,2.2584877
2025-08-02 19:56:53.351707+00:00,2.2584874
2025-08-02 19:57:04.513959+00:00,2.2584874
2025-08-02 19:57:17.328546+00:00,2.2584882
2025-08-02 19:57:29.824569+00:00,2.2584874
2025-08-02 19:57:42.534861+00:00,2.2584874
2025-08-02 19:57:55.425714+00:00,2.2584873
2025-08-02 19:58:08.611668+00:00,2.2584876
2025-08-02 19:58:21.232708+00:00,2.2584874
2025-08-02 19:58:34.192002+00:00,2.2584879
2025-08-02 19:58:47.245747+00:00,2.2584876
2025-08-02 19:58:59.958506+00:00,2.258488
2025-08-02 19:59:13.009530+00:00,2.258488
2025-08-02 19:59:25.925909+00:00,2.2584878
2025-08-02 19:59:38.861261+00:00,2.2584883
2025-08-02 19:59:52.674872+00:00,2.2584877
2025-08-02 20:00:04.175513+00:00,2.2584875
2025-08-02 20:00:18.018294+00:00,2.2584876
2025-08-02 20:00:30.688481+00:00,2.2584872
2025-08-02 20:00:42.507902+00:00,2.2584879
2025-08-02 20:00:55.633004+00:00,2.2584875
2025-08-02 20:01:08.390030+00:00,2.2584879
2025-08-02 20:01:21.127263+00:00,2.2584873
2025-08-02 20:01:33.888517+00:00,2.2584874
2025-08-02 20:01:46.576751+00:00,2.2584877
2025-08-02 20:01:59.298843+00:00,2.2584873
2025-08-02 20:02:11.698655+00:00,2.258488
2025-08-02 20:02:24.473067+00:00,2.2584878
2025-08-02 20:02:36.955183+00:00,2.2584874
2025-08-02 20:02:49.707145+00:00,2.2584876
2025-08-02 20:03:03.192986+00:00,2.2584881
2025-08-02 20:03:15.361506+00:00,2.2584872
2025-08-02 20:03:28.296118+00:00,2.2584872
2025-08-02 20:03:41.170509+00:00,2.2584879
2025-08-02 20:03:53.707953+00:00,2.2584876
2025-08-02 20:04:07.820665+00:00,2.2584875
2025-08-02 20:04:19.307742+00:00,2.2584873
2025-08-02 20:04:33.543311+00:00,2.2584878
2025-08-02 20:04:46.594034+00:00,2.2584879
2025-08-02 20:04:59.365908+00:00,2.2584876
2025-08-02 20:05:10.909481+00:00,2.2584872
2025-08-02 20:05:23.709539+00:00,2.2584874
2025-08-02 20:05:37.122207+00:00,2.2584876
2025-08-02 20:05:49.385275+00:00,2.2584875
2025-08-02 20:06:02.427397+00:00,2.2584873
2025-08-02 20:06:14.700754+00:00,2.2584881
2025-08-02 20:06:27.725089+00:00,2.2584878
2025-08-02 20:06:40.316135+00:00,2.2584878
2025-08-02 20:06:53.310977+00:00,2.2584882
2025-08-02 20:07:06.339552+00:00,2.2584882
2025-08-02 20:07:19.197154+00:00,2.2584881
2025-08-02 20:07:32.314984+00:00,2.2584874
2025-08-02 20:07:43.994876+00:00,2.2584875
2025-08-02 20:07:56.850954+00:00,2.2584877
2025-08-02 20:08:09.813756+00:00,2.2584876
2025-08-02 20:08:22.989240+00:00,2.2584878
2025-08-02 20:08:35.924645+00:00,2.2584871
2025-08-02 20:08:48.928298+00:00,2.2584868
2025-08-02 20:09:02.476795+00:00,2.2584882
2025-08-02 20:09:15.017462+00:00,2.2584872
2025-08-02 20:09:27.992228+00:00,2.2584874
2025-08-02 20:09:41.671354+00:00,2.2584875
2025-08-02 20:09:53.923868+00:00,2.2584874
2025-08-02 20:10:06.802109+00:00,2.2584875
2025-08-02 20:10:20.320387+00:00,2.2584878
2025-08-02 20:10:32.488015+00:00,2.2584879
2025-08-02 20:10:47.007836+00:00,2.2584876
2025-08-02 20:10:58.173582+00:00,2.2584876
2025-08-02 20:11:11.481355+00:00,2.2584875
2025-08-02 20:11:24.243726+00:00,2.2584877
2025-08-02 20:11:36.846965+00:00,2.2584877
2025-08-02 20:11:49.611767+00:00,2.2584872
2025-08-02 20:12:02.548773+00:00,2.2584876
2025-08-02 20:12:15.425236+00:00,2.2584871
2025-08-02 20:12:28.688780+00:00,2.2584878
2025-08-02 20:12:40.187678+00:00,2.2584873
2025-08-02 20:12:52.870693+00:00,2.2584876
2025-08-02 20:13:06.052423+00:00,2.258487
2025-08-02 20:13:18.670749+00:00,2.2584876
2025-08-02 20:13:31.455344+00:00,2.2584872
2025-08-02 20:13:44.482778+00:00,2.2584881
2025-08-02 20:13:57.487413+00:00,2.2584875
2025-08-02 20:14:09.844457+00:00,2.2584876
2025-08-02 20:14:22.584368+00:00,2.2584881
2025-08-02 20:14:35.462025+00:00,2.2584879
2025-08-02 20:14:48.404761+00:00,2.2584883
2025-08-02 20:15:01.130733+00:00,2.2584879
2025-08-02 20:15:14.040262+00:00,2.2584881
2025-08-02 20:15:26.619531+00:00,2.2584877
2025-08-02 20:15:40.602287+00:00,2.2584879
2025-08-02 20:15:52.348394+00:00,2.2584875
2025-08-02 20:16:04.901445+00:00,2.2584878
2025-08-02 20:16:17.569470+00:00,2.2584875
2025-08-02 20:16:30.333642+00:00,2.2584876
2025-08-02 20:16:43.116317+00:00,2.2584873
2025-08-02 20:16:55.876538+00:00,2.2584877
2025-08-02 20:17:09.569136+00:00,2.258488
2025-08-02 20:17:22.377248+00:00,2.2584878
2025-08-02 20:17:34.326713+00:00,2.258488
2025-08-02 20:17:47.355495+00:00,2.2584875
2025-08-02 20:18:00.176412+00:00,2.2584878
2025-08-02 20:18:12.881156+00:00,2.2584876
2025-08-02 20:18:25.780181+00:00,2.2584879
2025-08-02 20:18:38.863897+00:00,2.2584879
2025-08-02 20:18:51.730936+00:00,2.2584878
2025-08-02 20:19:04.509650+00:00,2.2584875
2025-08-02 20:19:17.328996+00:00,2.258488
2025-08-02 20:19:30.348313+00:00,2.2584877
2025-08-02 20:19:44.767721+00:00,2.2584879
2025-08-02 20:19:55.875554+00:00,2.2584881
2025-08-02 20:20:08.804704+00:00,2.2584867
2025-08-02 20:20:22.470897+00:00,2.2584879
2025-08-02 20:20:34.604359+00:00,2.2584878
2025-08-02 20:20:47.446703+00:00,2.2584879
2025-08-02 20:21:00.294492+00:00,2.2584882
2025-08-02 20:21:13.057821+00:00,2.2584879
2025-08-02 20:21:26.001119+00:00,2.2584873
2025-08-02 20:21:39.161160+00:00,2.2584877
2025-08-02 20:21:51.446025+00:00,2.2584877
2025-08-02 20:22:04.194158+00:00,2.2584874
2025-08-02 20:22:17.016787+00:00,2.2584882
2025-08-02 20:22:29.579759+00:00,2.2584876
2025-08-02 20:22:42.278879+00:00,2.2584877
2025-08-02 20:22:55.158722+00:00,2.2584881
2025-08-02 20:23:09.166066+00:00,2.258488
2025-08-02 20:23:20.756294+00:00,2.2584872
2025-08-02 20:23:33.577529+00:00,2.2584877
2025-08-02 20:23:47.397758+00:00,2.2584878
2025-08-02 20:23:59.439313+00:00,2.2584879
2025-08-02 20:24:12.270948+00:00,2.2584875
2025-08-02 20:24:25.273400+00:00,2.2584875
2025-08-02 20:24:37.824704+00:00,2.2584878
2025-08-02 20:24:50.676895+00:00,2.2584874
2025-08-02 20:25:06.735839+00:00,2.258488
2025-08-02 20:25:16.469924+00:00,2.2584879
2025-08-02 20:25:29.008771+00:00,2.2584875
2025-08-02 20:25:41.781567+00:00,2.2584874
2025-08-02 20:25:54.736747+00:00,2.2584873
2025-08-02 20:26:08.309231+00:00,2.2584878
2025-08-02 20:26:20.205550+00:00,2.2584876
2025-08-02 20:26:33.101838+00:00,2.2584874
2025-08-02 20:26:46.161753+00:00,2.2584876
2025-08-02 20:26:58.924902+00:00,2.2584878
2025-08-02 20:27:11.422981+00:00,2.2584881
2025-08-02 20:27:37.101164+00:00,2.2584872
2025-08-02 20:27:49.980757+00:00,2.2584876
2025-08-02 20:28:03.669511+00:00,2.2584871
2025-08-02 20:28:19.205406+00:00,2.2584882
2025-08-02 20:28:28.362660+00:00,2.2584884
2025-08-02 20:28:41.305778+00:00,2.2584872
2025-08-02 20:28:54.264315+00:00,2.2584877
2025-08-02 20:29:08.687497+00:00,2.2584874
2025-08-02 20:29:20.352336+00:00,2.2584875
2025-08-02 20:29:33.762371+00:00,2.2584881
2025-08-02 20:29:46.398143+00:00,2.2584871
2025-08-02 20:30:00.426986+00:00,2.2584878
2025-08-02 20:30:13.398872+00:00,2.2584876
2025-08-02 20:30:25.520677+00:00,2.2584878
2025-08-02 20:30:52.359539+00:00,2.2584874
2025-08-02 20:31:04.373442+00:00,2.258487
2025-08-02 20:31:17.703803+00:00,2.2584883
2025-08-02 20:31:31.478840+00:00,2.2584877
2025-08-02 20:31:42.983521+00:00,2.2584874
2025-08-02 20:31:56.658076+00:00,2.2584873
2025-08-02 20:32:09.669437+00:00,2.258488
2025-08-02 20:32:21.771510+00:00,2.2584877
2025-08-02 20:32:34.848496+00:00,2.2584871
2025-08-02 20:32:48.434263+00:00,2.2584878
2025-08-02 20:33:00.108196+00:00,2.2584878
2025-08-02 20:33:12.707609+00:00,2.2584878
2025-08-02 20:33:25.265278+00:00,2.2584878
2025-08-02 20:33:38.007025+00:00,2.2584878
2025-08-02 20:33:50.847781+00:00,2.2584869
2025-08-02 20:34:03.625002+00:00,2.2584875
2025-08-02 20:34:16.406252+00:00,2.258488
2025-08-02 20:34:29.326090+00:00,2.2584875
2025-08-02 20:34:42.395888+00:00,2.2584878
2025-08-02 20:34:55.539438+00:00,2.2584876
2025-08-02 20:35:07.884208+00:00,2.2584877
2025-08-02 20:35:20.959758+00:00,2.258488
2025-08-02 20:35:34.185679+00:00,2.2584881
2025-08-02 20:35:46.120514+00:00,2.2584882
2025-08-02 20:35:59.460721+00:00,2.2584877
2025-08-02 20:36:12.228899+00:00,2.2584879
2025-08-02 20:36:24.618044+00:00,2.2584876
2025-08-02 20:36:37.931368+00:00,2.258488
2025-08-02 20:36:50.927740+00:00,2.2584874
2025-08-02 20:37:03.046660+00:00,2.2584875
2025-08-02 20:37:15.952440+00:00,2.2584883
2025-08-02 20:37:29.303014+00:00,2.2584872
2025-08-02 20:37:41.258116+00:00,2.2584878
2025-08-02 20:37:54.043896+00:00,2.258488
2025-08-02 20:38:07.384737+00:00,2.2584881
2025-08-02 20:38:19.825357+00:00,2.2584876
2025-08-02 20:38:33.032395+00:00,2.2584876
2025-08-02 20:38:46.546700+00:00,2.2584872
2025-08-02 20:38:58.627477+00:00,2.2584879
2025-08-02 20:39:11.773448+00:00,2.2584875
2025-08-02 20:39:26.394016+00:00,2.258488
2025-08-02 20:39:37.692866+00:00,2.2584875
2025-08-02 20:39:52.068859+00:00,2.2584873
2025-08-02 20:40:03.764090+00:00,2.2584882
2025-08-02 20:40:16.577240+00:00,2.2584872
2025-08-02 20:40:29.674709+00:00,2.2584884
2025-08-02 20:40:42.322707+00:00,2.2584877
2025-08-02 20:40:55.389182+00:00,2.2584883
2025-08-02 20:41:08.164047+00:00,2.2584878
2025-08-02 20:41:20.723103+00:00,2.2584882
2025-08-02 20:41:34.471964+00:00,2.2584871
2025-08-02 20:41:46.911500+00:00,2.258488
2025-08-02 20:41:59.409137+00:00,2.258488
2025-08-02 20:42:11.833825+00:00,2.2584876
2025-08-02 20:42:24.420903+00:00,2.2584877
2025-08-02 20:42:37.239784+00:00,2.2584877
2025-08-02 20:42:49.911881+00:00,2.2584879
2025-08-02 20:43:03.447910+00:00,2.258488
2025-08-02 20:43:14.849034+00:00,2.2584882
2025-08-02 20:43:28.258178+00:00,2.258488
2025-08-02 20:43:41.060303+00:00,2.2584879
2025-08-02 20:43:53.036205+00:00,2.2584874
2025-08-02 20:44:06.186554+00:00,2.2584883
2025-08-02 20:44:18.793849+00:00,2.258488
2025-08-02 20:44:31.323462+00:00,2.2584879
2025-08-02 20:44:44.215965+00:00,2.2584873
2025-08-02 20:44:57.455248+00:00,2.2584884
2025-08-02 20:45:13.863223+00:00,2.258488
2025-08-02 20:45:22.524834+00:00,2.258488
2025-08-02 20:45:36.289969+00:00,2.2584876
2025-08-02 20:45:48.216237+00:00,2.2584884
2025-08-02 20:46:00.898825+00:00,2.258488
2025-08-02 20:46:13.596561+00:00,2.2584875
2025-08-02 20:46:27.251040+00:00,2.258488
2025-08-02 20:46:42.011509+00:00,2.2584878
2025-08-02 20:46:52.192797+00:00,2.2584875
2025-08-02 20:47:04.899594+00:00,2.2584877
2025-08-02 20:47:20.043293+00:00,2.2584879
2025-08-02 20:47:30.543540+00:00,2.258488
2025-08-02 20:47:46.144313+00:00,2.2584879
2025-08-02 20:47:55.803221+00:00,2.2584873
2025-08-02 20:48:08.920154+00:00,2.2584872
2025-08-02 20:48:21.838628+00:00,2.2584877
2025-08-02 20:48:35.745051+00:00,2.2584881
2025-08-02 20:48:47.526770+00:00,2.2584881
2025-08-02 20:49:00.324472+00:00,2.258488
2025-08-02 20:49:13.425202+00:00,2.2584873
2025-08-02 20:49:26.147546+00:00,2.258488
2025-08-02 20:49:39.446024+00:00,2.2584878
2025-08-02 20:49:51.965195+00:00,2.2584882
2025-08-02 20:50:05.007394+00:00,2.2584881
2025-08-02 20:50:18.702012+00:00,2.2584872
2025-08-02 20:50:30.756519+00:00,2.2584883
2025-08-02 20:50:43.509817+00:00,2.2584875
2025-08-02 20:50:56.437546+00:00,2.2584874
2025-08-02 20:51:09.232011+00:00,2.2584876
2025-08-02 20:51:24.224225+00:00,2.2584882
2025-08-02 20:51:34.725666+00:00,2.2584874
2025-08-02 20:51:47.587507+00:00,2.2584877
2025-08-02 20:52:02.919190+00:00,2.2584883
2025-08-02 20:52:13.587343+00:00,2.2584876
2025-08-02 20:52:26.123989+00:00,2.2584878
2025-08-02 20:52:39.327822+00:00,2.258488
2025-08-02 20:52:51.544967+00:00,2.258488
2025-08-02 20:53:04.351201+00:00,2.2584873
2025-08-02 20:53:16.807564+00:00,2.2584879
2025-08-02 20:53:29.636699+00:00,2.2584875
2025-08-02 20:53:42.200732+00:00,2.2584874
2025-08-02 20:53:55.040959+00:00,2.258488
2025-08-02 20:54:08.910675+00:00,2.2584877
2025-08-02 20:54:20.470116+00:00,2.2584878
2025-08-02 20:54:35.195592+00:00,2.2584874
2025-08-02 20:54:46.284203+00:00,2.2584878
2025-08-02 20:54:59.292762+00:00,2.2584875
2025-08-02 20:55:12.569479+00:00,2.258488
2025-08-02 20:55:25.101035+00:00,2.2584878
2025-08-02 20:55:38.065781+00:00,2.2584876
2025-08-02 20:55:51.543148+00:00,2.2584879
2025-08-02 20:56:03.839669+00:00,2.2584872
2025-08-02 20:56:17.015090+00:00,2.2584879
2025-08-02 20:56:29.398462+00:00,2.2584877
2025-08-02 20:56:41.989094+00:00,2.2584874
2025-08-02 20:56:54.781628+00:00,2.2584875
2025-08-02 20:57:08.017242+00:00,2.2584877
2025-08-02 20:57:21.846470+00:00,2.2584881
2025-08-02 20:57:33.581964+00:00,2.2584882
2025-08-02 20:57:46.121912+00:00,2.2584878
2025-08-02 20:57:58.863462+00:00,2.2584874
2025-08-02 20:58:12.496568+00:00,2.2584876
2025-08-02 20:58:26.018959+00:00,2.2584877
2025-08-02 20:58:37.645248+00:00,2.2584878
2025-08-02 20:58:50.811347+00:00,2.2584882
2025-08-02 20:59:03.911766+00:00,2.2584875
2025-08-02 20:59:17.442408+00:00,2.2584884
2025-08-02 20:59:29.444742+00:00,2.2584879
2025-08-02 20:59:43.366332+00:00,2.2584878
2025-08-02 20:59:55.438842+00:00,2.258488
2025-08-02 21:00:09.385652+00:00,2.2584879
2025-08-02 21:00:21.520163+00:00,2.2584881
2025-08-02 21:00:34.242165+00:00,2.2584876
2025-08-02 21:00:47.503957+00:00,2.2584876
2025-08-02 21:00:59.953942+00:00,2.2584878
2025-08-02 21:01:12.814705+00:00,2.258488
2025-08-02 21:01:25.826309+00:00,2.2584877
2025-08-02 21:01:39.015433+00:00,2.2584879
2025-08-02 21:01:51.491438+00:00,2.2584879
2025-08-02 21:02:05.583846+00:00,2.2584877
2025-08-02 21:02:17.524190+00:00,2.2584878
2025-08-02 21:02:30.025297+00:00,2.2584871
2025-08-02 21:02:43.068502+00:00,2.2584883
2025-08-02 21:02:55.032255+00:00,2.258488
2025-08-02 21:03:07.806907+00:00,2.2584878
2025-08-02 21:03:20.474281+00:00,2.2584877
2025-08-02 21:03:33.131107+00:00,2.258488
2025-08-02 21:03:45.773431+00:00,2.2584877
2025-08-02 21:03:58.581096+00:00,2.2584884
2025-08-02 21:04:11.715688+00:00,2.2584882
2025-08-02 21:04:24.356915+00:00,2.2584879
2025-08-02 21:04:37.089217+00:00,2.258487
2025-08-02 21:04:49.923203+00:00,2.2584879
2025-08-02 21:05:03.228592+00:00,2.2584877
2025-08-02 21:05:15.960376+00:00,2.2584878
2025-08-02 21:05:28.650496+00:00,2.2584874
2025-08-02 21:05:41.337194+00:00,2.2584876
2025-08-02 21:05:55.254321+00:00,2.2584877
2025-08-02 21:06:06.817489+00:00,2.2584878
2025-08-02 21:06:19.498434+00:00,2.2584874
2025-08-02 21:06:32.264552+00:00,2.2584876
2025-08-02 21:06:45.040001+00:00,2.2584884
2025-08-02 21:06:58.902718+00:00,2.2584874
2025-08-02 21:07:10.726021+00:00,2.2584883
2025-08-02 21:07:23.396394+00:00,2.2584881
2025-08-02 21:07:36.561821+00:00,2.2584879
2025-08-02 21:07:49.138146+00:00,2.2584872
2025-08-02 21:08:02.372561+00:00,2.2584882
2025-08-02 21:08:15.759361+00:00,2.258488
2025-08-02 21:08:27.410246+00:00,2.2584876
2025-08-02 21:08:40.137132+00:00,2.2584868
2025-08-02 21:08:53.009264+00:00,2.2584883
2025-08-02 21:09:07.717385+00:00,2.2584873
2025-08-02 21:09:18.979726+00:00,2.2584883
2025-08-02 21:09:34.189442+00:00,2.2584878
2025-08-02 21:09:45.247351+00:00,2.2584872
2025-08-02 21:09:57.702135+00:00,2.2584875
2025-08-02 21:10:12.228229+00:00,2.258487
2025-08-02 21:10:23.969773+00:00,2.2584866
2025-08-02 21:10:36.611372+00:00,2.2584884
2025-08-02 21:10:49.929123+00:00,2.2584879
2025-08-02 21:11:02.981203+00:00,2.2584881
2025-08-02 21:11:15.284566+00:00,2.2584879
2025-08-02 21:11:27.962738+00:00,2.2584877
2025-08-02 21:11:40.835469+00:00,2.2584882
2025-08-02 21:11:53.923708+00:00,2.2584876
2025-08-02 21:12:06.742682+00:00,2.258488
2025-08-02 21:12:19.698079+00:00,2.2584876
2025-08-02 21:12:32.377855+00:00,2.2584878
2025-08-02 21:12:45.919635+00:00,2.2584883
2025-08-02 21:12:57.822049+00:00,2.258488
2025-08-02 21:13:10.532549+00:00,2.2584883
2025-08-02 21:13:35.672342+00:00,2.258488
2025-08-02 21:13:49.938053+00:00,2.2584874
2025-08-02 21:14:14.240564+00:00,2.2584881
2025-08-02 21:14:26.677331+00:00,2.2584879
2025-08-02 21:14:40.021576+00:00,2.2584882
2025-08-02 21:14:52.722233+00:00,2.2584874
2025-08-02 21:15:05.570825+00:00,2.2584878
2025-08-02 21:15:17.987914+00:00,2.2584874
2025-08-02 21:15:31.988464+00:00,2.2584875
2025-08-02 21:15:43.849732+00:00,2.2584883
2025-08-02 21:15:56.760034+00:00,2.2584876
2025-08-02 21:16:10.070017+00:00,2.2584876
2025-08-02 21:16:22.218959+00:00,2.2584879
2025-08-02 21:16:35.572000+00:00,2.2584879
2025-08-02 21:16:47.895147+00:00,2.2584874
2025-08-02 21:17:01.227921+00:00,2.2584878
2025-08-02 21:17:13.756683+00:00,2.2584879
2025-08-02 21:17:28.010170+00:00,2.2584881
2025-08-02 21:17:39.157965+00:00,2.2584876
2025-08-02 21:17:51.966202+00:00,2.2584875
2025-08-02 21:18:05.242006+00:00,2.2584879
2025-08-02 21:18:17.609915+00:00,2.2584872
2025-08-02 21:18:30.790223+00:00,2.2584876
2025-08-02 21:18:43.157720+00:00,2.2584872
2025-08-02 21:18:56.131822+00:00,2.2584881
2025-08-02 21:19:09.322545+00:00,2.258488
2025-08-02 21:19:23.497726+00:00,2.2584884
2025-08-02 21:19:34.832740+00:00,2.2584872
2025-08-02 21:19:48.861814+00:00,2.2584883
2025-08-02 21:20:00.781760+00:00,2.2584879
2025-08-02 21:20:13.795713+00:00,2.2584875
2025-08-02 21:20:26.915357+00:00,2.2584875
2025-08-02 21:20:40.521211+00:00,2.2584871
2025-08-02 21:20:52.484186+00:00,2.2584879
2025-08-02 21:21:05.430702+00:00,2.2584875
2025-08-02 21:21:18.311787+00:00,2.2584878
2025-08-02 21:21:31.296646+00:00,2.2584881
2025-08-02 21:21:44.122055+00:00,2.2584882
2025-08-02 21:21:57.004314+00:00,2.2584877
2025-08-02 21:22:10.061570+00:00,2.2584882
2025-08-02 21:22:22.670697+00:00,2.258488
2025-08-02 21:22:35.861715+00:00,2.2584876
2025-08-02 21:22:49.244665+00:00,2.2584875
2025-08-02 21:23:01.159737+00:00,2.2584881
2025-08-02 21:23:13.781678+00:00,2.2584882
2025-08-02 21:23:26.530824+00:00,2.2584881
2025-08-02 21:23:39.292658+00:00,2.2584879
2025-08-02 21:23:51.594910+00:00,2.2584872
2025-08-02 21:24:04.462663+00:00,2.2584874
2025-08-02 21:24:17.828043+00:00,2.2584884
2025-08-02 21:24:30.615503+00:00,2.2584877
2025-08-02 21:24:42.448933+00:00,2.2584875
2025-08-02 21:25:11.038761+00:00,2.2584877
2025-08-02 21:25:21.919863+00:00,2.2584878
2025-08-02 21:25:34.005192+00:00,2.2584876
2025-08-02 21:25:46.788078+00:00,2.2584879
2025-08-02 21:26:02.155682+00:00,2.2584878
2025-08-02 21:26:12.319439+00:00,2.2584871
2025-08-02 21:26:25.160413+00:00,2.2584878
2025-08-02 21:26:38.413551+00:00,2.2584874
2025-08-02 21:26:51.872830+00:00,2.2584879
2025-08-02 21:27:03.727116+00:00,2.2584881
2025-08-02 21:27:18.403367+00:00,2.2584879
2025-08-02 21:27:29.803654+00:00,2.2584881
2025-08-02 21:27:42.055102+00:00,2.2584881
2025-08-02 21:27:55.128986+00:00,2.2584878
2025-08-02 21:28:07.904501+00:00,2.2584882
2025-08-02 21:28:21.075800+00:00,2.2584882
2025-08-02 21:28:34.005322+00:00,2.258488
2025-08-02 21:28:47.296075+00:00,2.2584881
2025-08-02 21:28:59.147934+00:00,2.2584884
2025-08-02 21:29:12.442192+00:00,2.2584881
2025-08-02 21:29:25.058782+00:00,2.2584878
2025-08-02 21:29:38.169080+00:00,2.2584877
2025-08-02 21:29:51.135908+00:00,2.2584879
2025-08-02 21:30:04.257421+00:00,2.2584859
2025-08-02 21:30:17.282222+00:00,2.2584872
2025-08-02 21:30:32.742105+00:00,2.2584874
2025-08-02 21:30:43.179448+00:00,2.2584879
2025-08-02 21:30:56.038201+00:00,2.2584866
2025-08-02 21:31:09.135693+00:00,2.2584874
2025-08-02 21:31:22.311599+00:00,2.258488
2025-08-02 21:31:35.076219+00:00,2.2584869
2025-08-02 21:31:47.622725+00:00,2.2584879
2025-08-02 21:32:00.738170+00:00,2.2584881
2025-08-02 21:32:13.486326+00:00,2.2584877
2025-08-02 21:32:26.349016+00:00,2.2584878
2025-08-02 21:32:39.078588+00:00,2.2584881
2025-08-02 21:32:51.698222+00:00,2.258487
2025-08-02 21:33:04.239249+00:00,2.2584875
2025-08-02 21:33:17.203474+00:00,2.2584875
2025-08-02 21:33:29.573828+00:00,2.2584873
2025-08-02 21:33:42.510106+00:00,2.2584872
2025-08-02 21:33:55.276836+00:00,2.2584878
2025-08-02 21:34:08.192665+00:00,2.2584875
2025-08-02 21:34:21.034490+00:00,2.2584875
2025-08-02 21:34:34.095692+00:00,2.2584877
2025-08-02 21:34:46.819132+00:00,2.2584879
2025-08-02 21:34:59.887771+00:00,2.2584872
2025-08-02 21:35:14.116828+00:00,2.2584866
2025-08-02 21:35:25.601643+00:00,2.2584874
2025-08-02 21:35:39.454441+00:00,2.2584867
2025-08-02 21:35:51.995638+00:00,2.2584878
2025-08-02 21:36:04.850969+00:00,2.2584878
2025-08-02 21:36:17.137649+00:00,2.2584876
2025-08-02 21:36:29.800261+00:00,2.2584879
2025-08-02 21:36:42.576462+00:00,2.2584866
2025-08-02 21:36:55.802591+00:00,2.2584878
2025-08-02 21:37:08.389448+00:00,2.2584868
2025-08-02 21:37:20.880594+00:00,2.2584879
2025-08-02 21:37:33.600785+00:00,2.2584873
2025-08-02 21:37:48.849183+00:00,2.2584867
2025-08-02 21:37:59.392750+00:00,2.2584877
2025-08-02 21:38:13.708446+00:00,2.2584882
2025-08-02 21:38:25.108097+00:00,2.2584867
2025-08-02 21:38:37.895630+00:00,2.2584876
2025-08-02 21:38:51.938198+00:00,2.2584878
2025-08-02 21:39:04.009442+00:00,2.2584873
2025-08-02 21:39:17.058760+00:00,2.2584866
2025-08-02 21:39:30.073542+00:00,2.2584877
2025-08-02 21:39:43.123436+00:00,2.2584866
2025-08-02 21:39:55.934626+00:00,2.2584882
2025-08-02 21:40:09.313544+00:00,2.2584874
2025-08-02 21:40:23.125646+00:00,2.2584868
2025-08-02 21:40:34.988848+00:00,2.2584865
2025-08-02 21:40:48.475169+00:00,2.2584878
2025-08-02 21:41:01.486128+00:00,2.2584873
2025-08-02 21:41:13.700139+00:00,2.2584878
2025-08-02 21:41:26.445887+00:00,2.2584874
2025-08-02 21:41:39.764537+00:00,2.258487
2025-08-02 21:41:52.371985+00:00,2.2584883
2025-08-02 21:42:05.423592+00:00,2.2584877
2025-08-02 21:42:19.795568+00:00,2.2584874
2025-08-02 21:42:31.280170+00:00,2.2584866
2025-08-02 21:42:44.231104+00:00,2.2584879
2025-08-02 21:42:57.413124+00:00,2.2584875
2025-08-02 21:43:12.445285+00:00,2.2584871
2025-08-02 21:43:22.470168+00:00,2.2584878
2025-08-02 21:43:35.219305+00:00,2.2584866
2025-08-02 21:43:48.526810+00:00,2.2584881
2025-08-02 21:44:01.313512+00:00,2.2584878
2025-08-02 21:44:15.960299+00:00,2.258488
2025-08-02 21:44:26.235839+00:00,2.2584884
2025-08-02 21:44:39.118400+00:00,2.2584876
2025-08-02 21:44:51.800792+00:00,2.2584881
2025-08-02 21:45:04.752961+00:00,2.2584877
2025-08-02 21:45:18.057028+00:00,2.2584872
2025-08-02 21:45:30.468438+00:00,2.2584873
2025-08-02 21:45:43.296143+00:00,2.2584883
2025-08-02 21:45:56.079773+00:00,2.2584868
2025-08-02 21:46:09.141414+00:00,2.2584874
2025-08-02 21:46:21.708063+00:00,2.2584877
2025-08-02 21:46:34.611575+00:00,2.2584878
2025-08-02 21:46:47.766288+00:00,2.258487
2025-08-02 21:46:59.967810+00:00,2.2584877
2025-08-02 21:47:12.870240+00:00,2.2584881
2025-08-02 21:47:25.662919+00:00,2.2584876
2025-08-02 21:47:38.304550+00:00,2.2584874
2025-08-02 21:48:03.998191+00:00,2.2584873
2025-08-02 21:48:17.690934+00:00,2.2584872
2025-08-02 21:48:29.390946+00:00,2.2584876
2025-08-02 21:48:42.399134+00:00,2.2584883
2025-08-02 21:48:55.282360+00:00,2.2584876
2025-08-02 21:49:08.314124+00:00,2.2584884
2025-08-02 21:49:21.269791+00:00,2.2584873
2025-08-02 21:49:34.316798+00:00,2.2584882
2025-08-02 21:49:47.227248+00:00,2.2584869
2025-08-02 21:50:00.089841+00:00,2.2584875
2025-08-02 21:50:13.518559+00:00,2.2584878
2025-08-02 21:50:26.146740+00:00,2.2584869
2025-08-02 21:50:39.693893+00:00,2.2584875
2025-08-02 21:50:52.101743+00:00,2.2584875
2025-08-02 21:51:05.414214+00:00,2.2584883
2025-08-02 21:51:19.054835+00:00,2.2584875
2025-08-02 21:51:30.692836+00:00,2.2584882
2025-08-02 21:51:43.470262+00:00,2.2584878
2025-08-02 21:52:09.392795+00:00,2.2584876
2025-08-02 21:52:23.042359+00:00,2.2584879
2025-08-02 21:52:35.657144+00:00,2.258487
2025-08-02 21:52:48.152234+00:00,2.258487
2025-08-02 21:53:00.772583+00:00,2.258487
2025-08-02 21:53:13.377766+00:00,2.2584879
2025-08-02 21:53:26.577643+00:00,2.2584874
2025-08-02 21:53:38.651952+00:00,2.2584873
2025-08-02 21:53:51.259270+00:00,2.2584874
2025-08-02 21:54:05.872265+00:00,2.2584883
2025-08-02 21:54:19.207220+00:00,2.258488
2025-08-02 21:54:43.110575+00:00,2.2584877
2025-08-02 21:54:55.870202+00:00,2.2584874
2025-08-02 21:55:08.842437+00:00,2.2584881
2025-08-02 21:55:21.754962+00:00,2.2584876
2025-08-02 21:55:35.006112+00:00,2.2584875
2025-08-02 21:55:46.931547+00:00,2.2584873
2025-08-02 21:55:59.555719+00:00,2.2584874
2025-08-02 21:56:12.807121+00:00,2.2584878
2025-08-02 21:56:25.128488+00:00,2.2584878
2025-08-02 21:56:38.477791+00:00,2.2584876
2025-08-02 21:56:50.877339+00:00,2.2584873
2025-08-02 21:57:17.097567+00:00,2.2584868
2025-08-02 21:57:29.645279+00:00,2.2584876
2025-08-02 21:57:41.981381+00:00,2.258487
2025-08-02 21:57:54.749509+00:00,2.2584875
2025-08-02 21:58:20.797121+00:00,2.2584871
2025-08-02 21:58:32.809294+00:00,2.2584872
2025-08-02 21:58:45.646933+00:00,2.2584872
2025-08-02 21:58:58.623128+00:00,2.2584883
2025-08-02 21:59:12.572059+00:00,2.2584878
2025-08-02 21:59:24.351341+00:00,2.2584871
2025-08-02 21:59:37.561479+00:00,2.2584877
2025-08-02 21:59:50.566098+00:00,2.2584866
2025-08-02 22:00:03.842024+00:00,2.2584878
2025-08-02 22:00:20.497190+00:00,2.2584868
2025-08-02 22:00:29.540079+00:00,2.2584868
2025-08-02 22:00:55.795799+00:00,2.2584876
2025-08-02 22:01:10.305580+00:00,2.2584872
2025-08-02 22:01:34.009451+00:00,2.2584866
2025-08-02 22:01:59.630781+00:00,2.2584882
2025-08-02 22:02:14.847415+00:00,2.2584875
2025-08-02 22:02:25.433325+00:00,2.2584876
2025-08-02 22:02:38.247548+00:00,2.258487
2025-08-02 22:03:17.051695+00:00,2.2584877
2025-08-02 22:03:30.105244+00:00,2.2584876
2025-08-02 22:05:25.250046+00:00,2.2584871
2025-08-02 22:05:37.227054+00:00,2.2584867
2025-08-02 22:06:02.429366+00:00,2.2584883
2025-08-02 22:06:40.947124+00:00,2.2584867
2025-08-02 22:06:53.746802+00:00,2.2584875
2025-08-02 22:07:33.324741+00:00,2.2584874
2025-08-02 22:07:45.213775+00:00,2.2584873
2025-08-02 22:07:57.727037+00:00,2.2584875
2025-08-02 22:08:23.442849+00:00,2.2584866
2025-08-02 22:08:36.221896+00:00,2.2584869
2025-08-02 22:09:14.550540+00:00,2.2584863
2025-08-02 22:09:27.562125+00:00,2.2584875
2025-08-02 22:09:40.786460+00:00,2.2584876
2025-08-02 22:09:53.335149+00:00,2.2584872
2025-08-02 22:10:38.366498+00:00,2.2584867
2025-08-02 22:10:58.337868+00:00,2.2584875
2025-08-02 22:11:11.904735+00:00,2.2584868
2025-08-02 22:11:25.707162+00:00,2.2584875
2025-08-02 22:11:37.385716+00:00,2.2584861
2025-08-02 22:12:03.651876+00:00,2.2584871
2025-08-02 22:12:41.744867+00:00,2.2584866
2025-08-02 22:12:54.524502+00:00,2.2584882
2025-08-02 22:13:07.497462+00:00,2.2584884
2025-08-02 22:13:34.918807+00:00,2.2584867
2025-08-02 22:16:31.962215+00:00,2.2584871
2025-08-02 22:18:14.194481+00:00,2.2584872
2025-08-02 22:19:18.366958+00:00,2.2584868
2025-08-02 22:21:02.425634+00:00,2.2584874
2025-08-02 22:21:14.700358+00:00,2.2584876
2025-08-02 22:21:40.578783+00:00,2.2584879
2025-08-02 22:22:19.294728+00:00,2.2584862
