time,counts_ratio
2025-06-20 07:06:12.640671+00:00,2.2584862
2025-06-20 07:07:40.723314+00:00,2.2584867
2025-06-20 07:08:31.329314+00:00,2.258488
2025-06-20 07:08:56.404234+00:00,2.2584872
2025-06-20 07:11:38.865118+00:00,2.2584877
2025-06-20 07:12:30.322065+00:00,2.258487
2025-06-20 07:12:55.600929+00:00,2.2584884
2025-06-20 07:13:08.996062+00:00,2.258488
2025-06-20 07:13:58.715257+00:00,2.258488
2025-06-20 07:14:29.794558+00:00,2.2584874
2025-06-20 07:15:39.480017+00:00,2.2584884
2025-06-20 07:15:53.000679+00:00,2.2584883
2025-06-20 07:17:14.908851+00:00,2.2584874
2025-06-20 07:17:19.837465+00:00,2.2584878
2025-06-20 07:17:32.594660+00:00,2.2584879
2025-06-20 07:17:57.420467+00:00,2.2584875
2025-06-20 07:18:10.628138+00:00,2.2584873
2025-06-20 07:18:22.912592+00:00,2.2584869
2025-06-20 07:18:35.940259+00:00,2.2584867
2025-06-20 07:18:49.166711+00:00,2.2584883
2025-06-20 07:19:02.208540+00:00,2.2584876
2025-06-20 07:19:14.391539+00:00,2.2584876
2025-06-20 07:19:27.573877+00:00,2.2584879
2025-06-20 07:19:39.797264+00:00,2.2584876
2025-06-20 07:19:52.527948+00:00,2.2584873
2025-06-20 07:20:05.582035+00:00,2.2584879
2025-06-20 07:20:18.334992+00:00,2.2584879
2025-06-20 07:20:30.849398+00:00,2.2584874
2025-06-20 07:20:44.197071+00:00,2.2584878
2025-06-20 07:20:56.143292+00:00,2.2584879
2025-06-20 07:21:09.455691+00:00,2.2584872
2025-06-20 07:21:23.866349+00:00,2.2584877
2025-06-20 07:21:34.570850+00:00,2.2584877
2025-06-20 07:21:47.551066+00:00,2.2584868
2025-06-20 07:22:03.840905+00:00,2.2584874
2025-06-20 07:22:50.407985+00:00,2.2584876
2025-06-20 07:23:15.327069+00:00,2.2584876
2025-06-20 07:23:28.105548+00:00,2.2584881
2025-06-20 07:23:40.366953+00:00,2.2584878
2025-06-20 07:23:52.557874+00:00,2.2584874
2025-06-20 07:24:18.084229+00:00,2.2584872
2025-06-20 07:24:30.752379+00:00,2.2584873
2025-06-20 07:24:43.118776+00:00,2.2584875
2025-06-20 07:24:55.809978+00:00,2.2584872
2025-06-20 07:25:17.866901+00:00,2.2584876
2025-06-20 07:25:56.890140+00:00,2.2584873
2025-06-20 07:25:58.569165+00:00,2.2584881
2025-06-20 07:26:11.560861+00:00,2.2584874
2025-06-20 07:26:23.638876+00:00,2.2584868
2025-06-20 07:26:36.582985+00:00,2.2584878
2025-06-20 07:27:02.620890+00:00,2.2584878
2025-06-20 07:27:26.416570+00:00,2.2584878
2025-06-20 07:27:39.401938+00:00,2.2584873
2025-06-20 07:27:51.519320+00:00,2.2584873
2025-06-20 07:28:06.229049+00:00,2.2584874
2025-06-20 07:28:18.945102+00:00,2.2584872
2025-06-20 07:28:34.343004+00:00,2.2584874
2025-06-20 07:28:42.203026+00:00,2.2584882
2025-06-20 07:28:54.805889+00:00,2.2584867
2025-06-20 07:29:09.019102+00:00,2.2584877
2025-06-20 07:29:20.641917+00:00,2.2584877
2025-06-20 07:29:34.005049+00:00,2.2584874
2025-06-20 07:29:47.788167+00:00,2.258488
2025-06-20 07:29:58.901275+00:00,2.258487
2025-06-20 07:30:12.242183+00:00,2.2584875
2025-06-20 07:30:24.951232+00:00,2.2584875
2025-06-20 07:30:37.296630+00:00,2.2584875
2025-06-20 07:30:51.017482+00:00,2.2584874
2025-06-20 07:33:08.020495+00:00,2.2584879
2025-06-20 07:34:45.285931+00:00,2.2584874
2025-06-20 07:34:48.192577+00:00,2.2584875
2025-06-20 07:35:00.800264+00:00,2.2584872
2025-06-20 07:35:13.701800+00:00,2.2584874
2025-06-20 07:35:38.437709+00:00,2.2584868
2025-06-20 07:36:17.297516+00:00,2.258487
2025-06-20 07:36:28.077784+00:00,2.2584868
2025-06-20 07:36:40.734757+00:00,2.2584874
2025-06-20 07:36:53.356233+00:00,2.2584876
2025-06-20 07:37:18.858457+00:00,2.2584877
2025-06-20 07:37:31.147791+00:00,2.2584877
2025-06-20 07:37:45.980986+00:00,2.2584875
2025-06-20 07:37:55.947546+00:00,2.2584879
2025-06-20 07:38:09.521785+00:00,2.2584879
2025-06-20 07:40:06.895725+00:00,2.258487
2025-06-20 07:40:15.686855+00:00,2.2584873
2025-06-20 07:40:27.561201+00:00,2.2584873
2025-06-20 07:40:40.556329+00:00,2.2584878
2025-06-20 07:40:52.954405+00:00,2.2584877
2025-06-20 07:41:05.942457+00:00,2.2584875
2025-06-20 07:41:18.801147+00:00,2.2584876
2025-06-20 07:41:31.834808+00:00,2.2584871
2025-06-20 07:41:45.448207+00:00,2.258488
2025-06-20 07:41:59.365666+00:00,2.2584868
2025-06-20 07:42:09.347572+00:00,2.2584874
2025-06-20 07:42:34.309838+00:00,2.2584878
2025-06-20 07:42:49.266174+00:00,2.2584873
2025-06-20 07:43:02.834137+00:00,2.2584874
2025-06-20 07:43:14.050032+00:00,2.258488
2025-06-20 07:43:25.107237+00:00,2.2584873
2025-06-20 07:43:38.322875+00:00,2.2584873
2025-06-20 07:43:50.890994+00:00,2.2584879
2025-06-20 07:44:03.348448+00:00,2.2584872
2025-06-20 07:44:17.349125+00:00,2.2584874
2025-06-20 07:44:28.024003+00:00,2.2584876
2025-06-20 07:44:42.445178+00:00,2.2584875
2025-06-20 07:44:52.814533+00:00,2.2584872
2025-06-20 07:45:23.162380+00:00,2.2584878
2025-06-20 07:45:30.544558+00:00,2.2584873
2025-06-20 07:45:43.260051+00:00,2.2584877
2025-06-20 07:45:55.719013+00:00,2.258488
2025-06-20 07:46:08.411084+00:00,2.2584873
2025-06-20 07:46:21.214811+00:00,2.2584881
2025-06-20 07:47:22.121583+00:00,2.2584879
2025-06-20 07:47:36.465956+00:00,2.2584874
2025-06-20 07:50:12.404666+00:00,2.2584872
2025-06-20 07:50:19.604173+00:00,2.2584882
2025-06-20 07:50:32.382301+00:00,2.2584873
2025-06-20 07:50:45.294418+00:00,2.2584875
2025-06-20 07:50:57.484470+00:00,2.2584871
2025-06-20 07:51:11.832661+00:00,2.2584877
2025-06-20 07:51:23.097020+00:00,2.2584872
2025-06-20 07:51:35.998089+00:00,2.2584875
2025-06-20 07:51:50.754096+00:00,2.2584869
2025-06-20 07:52:01.714244+00:00,2.2584879
2025-06-20 07:52:14.287649+00:00,2.2584879
2025-06-20 07:52:26.799106+00:00,2.2584881
2025-06-20 07:52:39.598189+00:00,2.2584881
2025-06-20 07:52:53.588696+00:00,2.2584871
2025-06-20 07:53:05.691377+00:00,2.2584875
2025-06-20 07:53:18.197817+00:00,2.2584877
2025-06-20 07:53:30.982767+00:00,2.2584875
2025-06-20 07:53:43.868530+00:00,2.2584873
2025-06-20 07:53:56.317643+00:00,2.2584877
2025-06-20 07:54:11.264837+00:00,2.2584873
2025-06-20 07:54:22.757277+00:00,2.2584874
2025-06-20 07:54:39.457238+00:00,2.2584877
2025-06-20 07:54:54.275950+00:00,2.2584875
2025-06-20 07:54:59.124415+00:00,2.2584872
2025-06-20 07:55:20.530575+00:00,2.2584878
2025-06-20 07:55:38.937308+00:00,2.2584877
2025-06-20 07:55:48.934261+00:00,2.2584872
2025-06-20 07:56:13.811988+00:00,2.2584878
2025-06-20 07:56:25.897313+00:00,2.2584876
2025-06-20 07:56:38.613380+00:00,2.2584877
2025-06-20 07:56:50.757338+00:00,2.2584871
2025-06-20 07:57:03.868567+00:00,2.2584877
2025-06-20 07:57:41.586779+00:00,2.2584867
2025-06-20 07:57:54.368232+00:00,2.2584873
2025-06-20 07:58:07.553812+00:00,2.2584875
2025-06-20 07:58:19.358237+00:00,2.2584874
2025-06-20 07:58:35.578364+00:00,2.2584876
2025-06-20 07:58:46.751321+00:00,2.2584871
2025-06-20 07:58:56.987389+00:00,2.2584876
2025-06-20 07:59:09.556945+00:00,2.2584881
2025-06-20 07:59:24.000819+00:00,2.2584877
2025-06-20 07:59:34.648240+00:00,2.2584882
2025-06-20 07:59:47.166796+00:00,2.2584877
2025-06-20 07:59:59.499051+00:00,2.2584876
2025-06-20 08:00:12.645506+00:00,2.2584879
2025-06-20 08:00:24.870526+00:00,2.2584872
2025-06-20 08:00:37.329102+00:00,2.2584872
2025-06-20 08:01:02.694973+00:00,2.2584865
2025-06-20 08:02:25.796272+00:00,2.2584878
2025-06-20 08:02:38.855238+00:00,2.2584878
2025-06-20 08:02:57.634113+00:00,2.258488
2025-06-20 08:03:08.968149+00:00,2.2584877
2025-06-20 08:03:22.249022+00:00,2.258488
2025-06-20 08:03:35.156416+00:00,2.2584875
2025-06-20 08:03:47.214973+00:00,2.2584872
2025-06-20 08:03:59.748665+00:00,2.2584872
2025-06-20 08:04:12.578280+00:00,2.2584874
2025-06-20 08:04:27.859816+00:00,2.2584871
2025-06-20 08:04:37.853239+00:00,2.2584877
2025-06-20 08:04:50.251260+00:00,2.2584875
2025-06-20 08:05:11.005761+00:00,2.2584878
2025-06-20 08:05:16.817658+00:00,2.2584872
2025-06-20 08:05:28.899405+00:00,2.2584872
2025-06-20 08:05:41.259002+00:00,2.2584874
2025-06-20 08:07:13.403772+00:00,2.2584881
2025-06-20 08:07:22.185102+00:00,2.2584873
2025-06-20 08:07:34.193319+00:00,2.2584874
2025-06-20 08:07:47.059977+00:00,2.2584871
2025-06-20 08:07:59.031736+00:00,2.2584879
2025-06-20 08:08:11.845012+00:00,2.2584874
2025-06-20 08:08:24.309792+00:00,2.258488
2025-06-20 08:08:37.338545+00:00,2.2584877
2025-06-20 08:08:49.180806+00:00,2.2584871
2025-06-20 08:09:02.324226+00:00,2.2584875
2025-06-20 08:09:15.004949+00:00,2.2584876
2025-06-20 08:09:27.947104+00:00,2.2584877
2025-06-20 08:09:49.222650+00:00,2.258487
2025-06-20 08:09:53.112470+00:00,2.2584877
2025-06-20 08:10:05.780266+00:00,2.2584874
2025-06-20 08:10:18.493393+00:00,2.2584876
2025-06-20 08:10:31.153361+00:00,2.2584877
2025-06-20 08:11:17.688561+00:00,2.2584869
2025-06-20 08:11:26.230675+00:00,2.2584875
2025-06-20 08:11:59.185557+00:00,2.2584875
2025-06-20 08:12:14.559465+00:00,2.2584873
2025-06-20 08:12:29.908035+00:00,2.258488
2025-06-20 08:13:10.552181+00:00,2.2584878
2025-06-20 08:13:13.558321+00:00,2.258488
2025-06-20 08:13:26.228792+00:00,2.2584871
2025-06-20 08:13:40.068512+00:00,2.258488
2025-06-20 08:13:51.707240+00:00,2.2584874
2025-06-20 08:14:04.665675+00:00,2.2584875
2025-06-20 08:14:17.547216+00:00,2.2584879
2025-06-20 08:14:30.606917+00:00,2.2584878
2025-06-20 08:14:43.924184+00:00,2.2584878
2025-06-20 08:14:55.581532+00:00,2.2584878
2025-06-20 08:15:08.755891+00:00,2.2584877
2025-06-20 08:15:22.333259+00:00,2.2584873
2025-06-20 08:15:34.116320+00:00,2.2584876
2025-06-20 08:15:46.865380+00:00,2.2584876
2025-06-20 08:15:59.131870+00:00,2.2584871
2025-06-20 08:16:11.855498+00:00,2.2584874
2025-06-20 08:16:24.513120+00:00,2.2584882
2025-06-20 08:16:37.849923+00:00,2.2584876
2025-06-20 08:17:02.586339+00:00,2.2584872
2025-06-20 08:17:15.447332+00:00,2.2584875
2025-06-20 08:17:28.303400+00:00,2.2584865
2025-06-20 08:17:40.443659+00:00,2.2584879
2025-06-20 08:17:52.903222+00:00,2.2584876
2025-06-20 08:18:07.860581+00:00,2.2584881
2025-06-20 08:18:22.526310+00:00,2.2584875
2025-06-20 08:18:57.993434+00:00,2.2584867
2025-06-20 08:19:08.193031+00:00,2.2584872
2025-06-20 08:19:20.217788+00:00,2.2584873
2025-06-20 08:19:32.740654+00:00,2.2584877
2025-06-20 08:19:45.621285+00:00,2.2584874
2025-06-20 08:19:58.268219+00:00,2.2584871
2025-06-20 08:20:11.516927+00:00,2.258488
2025-06-20 08:20:23.482187+00:00,2.2584871
2025-06-20 08:20:36.625020+00:00,2.2584873
2025-06-20 08:20:48.606640+00:00,2.2584875
2025-06-20 08:21:02.586066+00:00,2.2584872
2025-06-20 08:21:13.887104+00:00,2.2584871
2025-06-20 08:21:26.365162+00:00,2.2584872
2025-06-20 08:21:47.226447+00:00,2.2584874
2025-06-20 08:21:51.336917+00:00,2.2584874
2025-06-20 08:22:06.463416+00:00,2.258487
2025-06-20 08:22:20.627463+00:00,2.258488
2025-06-20 08:22:31.301931+00:00,2.2584875
2025-06-20 08:23:19.973749+00:00,2.2584873
2025-06-20 08:23:56.592481+00:00,2.2584881
2025-06-20 08:24:09.642243+00:00,2.2584873
2025-06-20 08:24:34.242577+00:00,2.2584877
2025-06-20 08:24:47.255155+00:00,2.258488
2025-06-20 08:25:00.270519+00:00,2.2584879
2025-06-20 08:25:25.866547+00:00,2.2584876
2025-06-20 08:25:38.489732+00:00,2.2584872
2025-06-20 08:25:51.013073+00:00,2.2584877
2025-06-20 08:26:03.956079+00:00,2.2584877
2025-06-20 08:26:16.823774+00:00,2.2584877
2025-06-20 08:26:29.550547+00:00,2.2584872
2025-06-20 08:26:41.831094+00:00,2.2584878
2025-06-20 08:26:54.434568+00:00,2.258488
2025-06-20 08:27:07.330036+00:00,2.258487
2025-06-20 08:27:21.729856+00:00,2.2584871
2025-06-20 08:27:34.120565+00:00,2.2584878
2025-06-20 08:27:46.138740+00:00,2.2584872
2025-06-20 08:27:57.602433+00:00,2.258488
2025-06-20 08:28:10.611745+00:00,2.2584878
2025-06-20 08:28:22.883511+00:00,2.2584877
2025-06-20 08:28:35.499255+00:00,2.2584874
2025-06-20 08:28:48.576713+00:00,2.2584878
2025-06-20 08:29:01.052202+00:00,2.2584878
2025-06-20 08:29:13.483422+00:00,2.2584877
2025-06-20 08:29:25.971118+00:00,2.2584878
2025-06-20 08:29:38.137493+00:00,2.258487
2025-06-20 08:29:51.082483+00:00,2.2584879
2025-06-20 08:30:03.533144+00:00,2.2584873
2025-06-20 08:30:23.856064+00:00,2.2584873
2025-06-20 08:30:29.866844+00:00,2.2584873
2025-06-20 08:30:40.768115+00:00,2.2584875
2025-06-20 08:30:53.165497+00:00,2.2584879
2025-06-20 08:31:06.117941+00:00,2.2584878
2025-06-20 08:31:18.324413+00:00,2.2584872
2025-06-20 08:31:30.769917+00:00,2.2584873
2025-06-20 08:31:43.069653+00:00,2.258487
2025-06-20 08:31:55.861266+00:00,2.258488
2025-06-20 08:32:08.365123+00:00,2.2584874
2025-06-20 08:32:59.163421+00:00,2.2584874
2025-06-20 08:33:11.298624+00:00,2.2584878
2025-06-20 08:33:23.095162+00:00,2.2584871
2025-06-20 08:33:37.667435+00:00,2.2584878
2025-06-20 08:33:52.424322+00:00,2.2584876
2025-06-20 08:34:01.129005+00:00,2.258488
2025-06-20 08:34:27.732239+00:00,2.2584869
2025-06-20 08:34:38.534342+00:00,2.258487
2025-06-20 08:34:51.218095+00:00,2.2584879
2025-06-20 08:35:04.468570+00:00,2.2584873
2025-06-20 08:35:16.894816+00:00,2.2584875
2025-06-20 08:35:42.417895+00:00,2.2584876
2025-06-20 08:36:14.682521+00:00,2.2584878
2025-06-20 08:36:38.375088+00:00,2.2584878
2025-06-20 08:36:46.625935+00:00,2.2584876
2025-06-20 08:36:59.016945+00:00,2.2584873
2025-06-20 08:37:12.080635+00:00,2.2584878
2025-06-20 08:37:24.323958+00:00,2.2584877
2025-06-20 08:37:36.864432+00:00,2.2584874
2025-06-20 08:37:49.396303+00:00,2.2584872
2025-06-20 08:38:02.459819+00:00,2.2584872
2025-06-20 08:38:21.972464+00:00,2.2584883
2025-06-20 08:38:27.531340+00:00,2.2584875
2025-06-20 08:38:41.668037+00:00,2.2584874
2025-06-20 08:38:52.809172+00:00,2.2584875
2025-06-20 08:39:05.867154+00:00,2.2584876
2025-06-20 08:39:18.268958+00:00,2.2584871
2025-06-20 08:39:36.678183+00:00,2.2584879
2025-06-20 08:39:55.812182+00:00,2.2584875
2025-06-20 08:40:09.679059+00:00,2.2584876
2025-06-20 08:40:46.296570+00:00,2.2584875
2025-06-20 08:40:58.792495+00:00,2.2584876
2025-06-20 08:41:49.543354+00:00,2.2584875
2025-06-20 08:42:01.660023+00:00,2.2584874
2025-06-20 08:42:13.519727+00:00,2.2584876
2025-06-20 08:42:26.028501+00:00,2.258488
2025-06-20 08:42:38.600683+00:00,2.2584876
2025-06-20 08:42:51.750624+00:00,2.2584871
2025-06-20 08:43:03.875523+00:00,2.2584875
2025-06-20 08:43:16.473789+00:00,2.2584875
2025-06-20 08:43:28.975752+00:00,2.2584871
2025-06-20 08:43:41.561844+00:00,2.2584876
2025-06-20 08:43:54.591402+00:00,2.2584876
2025-06-20 08:44:06.805323+00:00,2.2584877
2025-06-20 08:44:18.965943+00:00,2.2584879
2025-06-20 08:44:31.796766+00:00,2.2584878
2025-06-20 08:44:44.732101+00:00,2.2584875
2025-06-20 08:44:56.737714+00:00,2.2584875
2025-06-20 08:45:09.854414+00:00,2.2584874
2025-06-20 08:45:22.522552+00:00,2.2584875
2025-06-20 08:45:35.529778+00:00,2.2584877
2025-06-20 08:45:48.266335+00:00,2.2584875
2025-06-20 08:46:00.683277+00:00,2.2584878
2025-06-20 08:46:33.218399+00:00,2.2584872
2025-06-20 08:46:38.725213+00:00,2.2584878
2025-06-20 08:46:51.327169+00:00,2.2584869
2025-06-20 08:47:04.234717+00:00,2.2584876
2025-06-20 08:47:16.843680+00:00,2.2584871
2025-06-20 08:47:30.547500+00:00,2.2584876
2025-06-20 08:47:42.282583+00:00,2.2584873
2025-06-20 08:47:54.694892+00:00,2.2584874
2025-06-20 08:48:07.785859+00:00,2.2584873
2025-06-20 08:48:20.125156+00:00,2.2584873
2025-06-20 08:49:06.433767+00:00,2.2584873
2025-06-20 08:49:12.492218+00:00,2.258487
2025-06-20 08:51:06.589865+00:00,2.2584876
2025-06-20 08:51:16.642000+00:00,2.2584876
2025-06-20 08:51:29.212697+00:00,2.2584877
2025-06-20 08:51:54.449514+00:00,2.2584874
2025-06-20 08:52:14.346370+00:00,2.2584878
2025-06-20 08:52:19.451244+00:00,2.2584874
2025-06-20 08:52:38.807287+00:00,2.2584871
2025-06-20 08:53:45.104501+00:00,2.2584872
2025-06-20 08:53:59.112933+00:00,2.2584882
2025-06-20 08:54:16.243717+00:00,2.2584877
2025-06-20 08:54:24.380035+00:00,2.2584873
2025-06-20 08:54:37.979041+00:00,2.2584872
2025-06-20 08:55:25.791726+00:00,2.2584877
2025-06-20 08:55:39.140100+00:00,2.2584873
2025-06-20 08:55:51.951438+00:00,2.2584867
2025-06-20 08:56:50.144491+00:00,2.2584878
2025-06-20 08:56:55.064076+00:00,2.2584876
2025-06-20 08:57:08.085912+00:00,2.2584878
2025-06-20 08:57:20.258632+00:00,2.2584879
2025-06-20 08:57:33.222372+00:00,2.2584869
2025-06-20 08:57:45.749654+00:00,2.2584875
2025-06-20 08:57:58.483212+00:00,2.2584878
2025-06-20 08:58:10.976836+00:00,2.2584878
2025-06-20 08:58:23.344178+00:00,2.2584873
2025-06-20 08:59:16.585066+00:00,2.2584873
2025-06-20 08:59:52.150201+00:00,2.2584874
2025-06-20 09:00:59.127734+00:00,2.2584877
2025-06-20 09:01:07.073866+00:00,2.2584872
2025-06-20 09:01:20.855746+00:00,2.258488
2025-06-20 09:01:38.408988+00:00,2.2584881
2025-06-20 09:01:44.902289+00:00,2.2584876
2025-06-20 09:01:57.081116+00:00,2.2584868
2025-06-20 09:02:09.822271+00:00,2.2584879
2025-06-20 09:02:22.489571+00:00,2.2584872
2025-06-20 09:02:34.903560+00:00,2.2584878
2025-06-20 09:02:47.785841+00:00,2.2584875
2025-06-20 09:02:59.918409+00:00,2.2584873
2025-06-20 09:03:25.098208+00:00,2.2584876
2025-06-20 09:03:37.685054+00:00,2.258488
2025-06-20 09:03:50.350426+00:00,2.2584874
2025-06-20 09:04:16.292722+00:00,2.2584879
2025-06-20 09:04:27.769521+00:00,2.2584874
2025-06-20 09:04:40.852374+00:00,2.2584877
2025-06-20 09:04:52.800274+00:00,2.2584876
2025-06-20 09:05:05.542258+00:00,2.2584871
2025-06-20 09:05:24.931879+00:00,2.2584876
2025-06-20 09:05:30.991431+00:00,2.2584877
2025-06-20 09:05:44.054551+00:00,2.2584873
2025-06-20 09:05:56.487270+00:00,2.2584878
2025-06-20 09:06:10.038900+00:00,2.2584869
2025-06-20 09:06:22.641666+00:00,2.258488
2025-06-20 09:06:35.299743+00:00,2.258487
2025-06-20 09:06:48.847134+00:00,2.2584868
2025-06-20 09:07:01.056197+00:00,2.2584872
2025-06-20 09:07:13.672111+00:00,2.2584872
2025-06-20 09:07:26.388793+00:00,2.2584873
2025-06-20 09:07:39.081449+00:00,2.2584874
2025-06-20 09:07:52.413196+00:00,2.2584871
2025-06-20 09:08:04.709560+00:00,2.2584871
2025-06-20 09:08:17.109035+00:00,2.2584876
2025-06-20 09:08:29.858380+00:00,2.2584872
2025-06-20 09:08:42.643345+00:00,2.2584871
2025-06-20 09:08:57.912839+00:00,2.2584873
2025-06-20 09:09:08.345369+00:00,2.2584879
2025-06-20 09:10:02.786467+00:00,2.258488
2025-06-20 09:11:29.631588+00:00,2.2584874
2025-06-20 09:11:38.581753+00:00,2.2584877
2025-06-20 09:11:55.688795+00:00,2.2584877
2025-06-20 09:12:12.991383+00:00,2.2584871
2025-06-20 09:12:16.581954+00:00,2.2584879
2025-06-20 09:12:29.240750+00:00,2.2584873
2025-06-20 09:12:42.316807+00:00,2.2584873
2025-06-20 09:12:54.106473+00:00,2.2584875
2025-06-20 09:13:28.124355+00:00,2.2584878
2025-06-20 09:13:31.935396+00:00,2.2584878
2025-06-20 09:13:44.493023+00:00,2.2584881
2025-06-20 09:13:56.860486+00:00,2.2584876
2025-06-20 09:14:16.392798+00:00,2.2584877
2025-06-20 09:14:21.739681+00:00,2.2584873
2025-06-20 09:14:34.258557+00:00,2.2584868
2025-06-20 09:14:49.986920+00:00,2.2584875
2025-06-20 09:15:30.339326+00:00,2.2584877
2025-06-20 09:15:37.826248+00:00,2.2584874
2025-06-20 09:16:15.849585+00:00,2.2584878
2025-06-20 09:17:07.366164+00:00,2.2584872
2025-06-20 09:17:21.360555+00:00,2.2584879
2025-06-20 09:17:33.493260+00:00,2.2584879
2025-06-20 09:17:59.465405+00:00,2.2584872
2025-06-20 09:18:10.573211+00:00,2.2584875
2025-06-20 09:18:26.192488+00:00,2.2584869
2025-06-20 09:18:37.847253+00:00,2.258488
2025-06-20 09:19:01.054391+00:00,2.2584873
2025-06-20 09:19:21.892172+00:00,2.2584874
2025-06-20 09:19:26.591599+00:00,2.2584882
2025-06-20 09:20:04.431207+00:00,2.2584876
2025-06-20 09:20:16.967048+00:00,2.2584875
2025-06-20 09:20:41.592176+00:00,2.2584879
2025-06-20 09:20:54.679828+00:00,2.2584872
2025-06-20 09:21:29.072631+00:00,2.2584876
2025-06-20 09:21:31.920367+00:00,2.2584874
2025-06-20 09:21:44.321900+00:00,2.2584868
2025-06-20 09:21:56.830909+00:00,2.2584879
2025-06-20 09:22:22.369062+00:00,2.2584875
2025-06-20 09:22:35.063775+00:00,2.2584876
2025-06-20 09:22:47.622364+00:00,2.2584873
2025-06-20 09:23:00.198465+00:00,2.2584877
2025-06-20 09:23:34.766654+00:00,2.2584871
2025-06-20 09:23:38.075559+00:00,2.2584876
2025-06-20 09:24:03.088043+00:00,2.2584875
2025-06-20 09:24:50.345226+00:00,2.2584877
2025-06-20 09:26:04.702009+00:00,2.2584875
2025-06-20 09:26:27.739341+00:00,2.2584873
2025-06-20 09:26:34.018107+00:00,2.2584872
2025-06-20 09:26:46.825335+00:00,2.2584874
2025-06-20 09:26:59.130086+00:00,2.2584869
2025-06-20 09:27:13.649469+00:00,2.2584876
2025-06-20 09:27:25.210150+00:00,2.2584879
2025-06-20 09:27:38.024369+00:00,2.2584877
2025-06-20 09:27:50.522300+00:00,2.2584878
2025-06-20 09:28:03.565629+00:00,2.2584872
2025-06-20 09:28:16.383947+00:00,2.2584877
2025-06-20 09:28:29.048963+00:00,2.2584872
2025-06-20 09:28:41.939221+00:00,2.2584871
2025-06-20 09:28:54.128133+00:00,2.2584874
2025-06-20 09:29:07.315006+00:00,2.258488
2025-06-20 09:29:19.823003+00:00,2.2584878
2025-06-20 09:29:33.230280+00:00,2.258488
2025-06-20 09:29:45.363197+00:00,2.2584877
2025-06-20 09:29:57.661442+00:00,2.2584877
2025-06-20 09:30:10.585958+00:00,2.258487
2025-06-20 09:30:23.880494+00:00,2.2584878
2025-06-20 09:30:35.846734+00:00,2.2584872
2025-06-20 09:30:51.042975+00:00,2.258487
2025-06-20 09:31:02.723929+00:00,2.2584875
2025-06-20 09:31:23.571447+00:00,2.2584876
2025-06-20 09:31:57.995408+00:00,2.2584877
2025-06-20 09:32:03.684496+00:00,2.258487
2025-06-20 09:32:17.078991+00:00,2.2584873
2025-06-20 09:32:35.771448+00:00,2.2584873
2025-06-20 09:33:09.703292+00:00,2.2584878
2025-06-20 09:34:09.873141+00:00,2.2584879
2025-06-20 09:34:22.226411+00:00,2.2584874
2025-06-20 09:34:34.321872+00:00,2.2584874
2025-06-20 09:34:46.847244+00:00,2.2584868
2025-06-20 09:36:20.158244+00:00,2.2584874
2025-06-20 09:36:39.800839+00:00,2.2584875
2025-06-20 09:36:52.252517+00:00,2.2584881
2025-06-20 09:37:05.331550+00:00,2.258488
2025-06-20 09:37:17.858662+00:00,2.258488
2025-06-20 09:37:30.777151+00:00,2.2584875
2025-06-20 09:37:50.217822+00:00,2.2584877
2025-06-20 09:38:09.834801+00:00,2.2584877
2025-06-20 09:39:38.301535+00:00,2.258488
2025-06-20 09:39:51.154595+00:00,2.2584878
2025-06-20 09:40:04.188332+00:00,2.2584876
2025-06-20 09:40:16.515512+00:00,2.2584878
2025-06-20 09:40:29.263404+00:00,2.2584876
2025-06-20 09:40:42.371707+00:00,2.2584873
2025-06-20 09:40:54.226216+00:00,2.2584876
2025-06-20 09:41:07.804456+00:00,2.2584874
2025-06-20 09:41:20.560834+00:00,2.2584876
2025-06-20 09:41:33.178217+00:00,2.2584871
2025-06-20 09:42:05.406316+00:00,2.2584877
2025-06-20 09:42:40.216984+00:00,2.2584877
2025-06-20 09:42:48.164645+00:00,2.2584873
2025-06-20 09:43:28.720918+00:00,2.2584875
2025-06-20 09:44:15.945005+00:00,2.2584873
2025-06-20 09:44:28.197081+00:00,2.2584878
2025-06-20 09:44:40.944353+00:00,2.2584871
2025-06-20 09:44:53.049994+00:00,2.2584872
2025-06-20 09:45:05.839825+00:00,2.2584878
2025-06-20 09:45:18.868247+00:00,2.2584874
2025-06-20 09:45:32.453691+00:00,2.2584875
2025-06-20 09:45:44.047473+00:00,2.2584875
2025-06-20 09:45:56.140391+00:00,2.2584877
2025-06-20 09:46:09.047474+00:00,2.2584878
2025-06-20 09:46:21.301115+00:00,2.2584875
2025-06-20 09:46:34.106227+00:00,2.2584879
2025-06-20 09:46:46.878420+00:00,2.2584867
2025-06-20 09:47:06.721669+00:00,2.2584874
2025-06-20 09:47:11.912482+00:00,2.2584873
2025-06-20 09:47:24.086032+00:00,2.2584877
2025-06-20 09:47:36.545034+00:00,2.2584878
2025-06-20 09:47:49.118745+00:00,2.2584877
2025-06-20 09:48:02.935206+00:00,2.2584879
2025-06-20 09:48:15.111250+00:00,2.2584875
2025-06-20 09:48:27.400779+00:00,2.2584874
2025-06-20 09:49:05.045135+00:00,2.2584872
2025-06-20 09:49:06.799069+00:00,2.2584877
2025-06-20 09:49:18.900917+00:00,2.2584872
2025-06-20 09:49:31.693649+00:00,2.2584879
2025-06-20 09:49:44.334674+00:00,2.258487
2025-06-20 09:49:57.225418+00:00,2.2584878
2025-06-20 09:50:10.024385+00:00,2.2584877
2025-06-20 09:50:22.720120+00:00,2.2584875
2025-06-20 09:50:35.641033+00:00,2.2584874
2025-06-20 09:50:47.993238+00:00,2.2584873
2025-06-20 09:51:00.871401+00:00,2.2584875
2025-06-20 09:51:13.314058+00:00,2.258488
2025-06-20 09:51:25.821552+00:00,2.2584873
2025-06-20 09:51:38.772309+00:00,2.2584867
2025-06-20 09:51:51.482748+00:00,2.2584877
2025-06-20 09:52:04.683687+00:00,2.2584876
2025-06-20 09:52:55.397529+00:00,2.258487
2025-06-20 09:53:19.869435+00:00,2.2584877
2025-06-20 09:54:18.291495+00:00,2.2584873
2025-06-20 09:54:23.088388+00:00,2.2584875
2025-06-20 09:54:35.721476+00:00,2.2584876
2025-06-20 09:54:49.149449+00:00,2.2584875
2025-06-20 09:55:05.175325+00:00,2.2584876
2025-06-20 09:55:15.789012+00:00,2.2584875
2025-06-20 09:55:36.631492+00:00,2.2584877
2025-06-20 09:55:40.046154+00:00,2.2584878
2025-06-20 09:55:51.286855+00:00,2.2584872
2025-06-20 09:56:04.073272+00:00,2.2584875
2025-06-20 09:56:16.542968+00:00,2.2584874
2025-06-20 09:56:28.946744+00:00,2.2584876
2025-06-20 09:56:41.193128+00:00,2.258488
2025-06-20 09:56:54.211004+00:00,2.2584873
2025-06-20 09:57:06.343486+00:00,2.2584874
2025-06-20 09:57:18.985805+00:00,2.2584867
2025-06-20 09:57:32.059806+00:00,2.2584882
2025-06-20 09:57:43.924647+00:00,2.2584871
2025-06-20 09:57:57.103342+00:00,2.258487
2025-06-20 09:58:13.083984+00:00,2.2584874
2025-06-20 09:58:22.439335+00:00,2.2584874
2025-06-20 09:58:35.437893+00:00,2.2584873
2025-06-20 09:58:57.836139+00:00,2.2584874
2025-06-20 09:59:14.157292+00:00,2.2584874
2025-06-20 09:59:27.289420+00:00,2.2584873
2025-06-20 09:59:39.638657+00:00,2.2584876
2025-06-20 09:59:52.371660+00:00,2.2584878
2025-06-20 10:00:05.500689+00:00,2.2584876
2025-06-20 10:00:18.063443+00:00,2.2584874
2025-06-20 10:00:30.697730+00:00,2.258488
2025-06-20 10:00:43.720497+00:00,2.258487
2025-06-20 10:00:56.025896+00:00,2.2584879
2025-06-20 10:01:24.640025+00:00,2.258488
2025-06-20 10:01:48.579721+00:00,2.2584873
2025-06-20 10:01:59.725408+00:00,2.258487
2025-06-20 10:02:13.593639+00:00,2.2584876
2025-06-20 10:02:25.614682+00:00,2.2584872
2025-06-20 10:02:38.346466+00:00,2.2584881
2025-06-20 10:02:50.477690+00:00,2.2584873
2025-06-20 10:03:04.214362+00:00,2.2584875
2025-06-20 10:03:14.438621+00:00,2.2584871
2025-06-20 10:03:26.968883+00:00,2.2584879
2025-06-20 10:03:39.667456+00:00,2.2584873
2025-06-20 10:03:53.593638+00:00,2.2584873
2025-06-20 10:04:05.720125+00:00,2.2584879
2025-06-20 10:04:18.721476+00:00,2.2584873
2025-06-20 10:04:31.060208+00:00,2.2584876
2025-06-20 10:04:42.914230+00:00,2.258487
2025-06-20 10:04:57.200677+00:00,2.2584874
2025-06-20 10:05:08.460490+00:00,2.2584872
2025-06-20 10:06:36.343770+00:00,2.2584873
2025-06-20 10:06:51.374057+00:00,2.2584878
2025-06-20 10:07:10.150367+00:00,2.2584871
2025-06-20 10:07:13.806456+00:00,2.2584878
2025-06-20 10:07:26.674827+00:00,2.2584877
2025-06-20 10:07:39.129926+00:00,2.2584877
2025-06-20 10:08:23.173161+00:00,2.2584878
2025-06-20 10:08:37.389934+00:00,2.2584877
2025-06-20 10:09:34.714721+00:00,2.2584874
2025-06-20 10:09:47.098304+00:00,2.2584874
2025-06-20 10:09:59.697281+00:00,2.2584873
2025-06-20 10:10:12.788483+00:00,2.258487
2025-06-20 10:10:25.718782+00:00,2.2584879
2025-06-20 10:10:38.519659+00:00,2.2584876
2025-06-20 10:10:50.768833+00:00,2.2584873
2025-06-20 10:11:03.627569+00:00,2.2584879
2025-06-20 10:12:44.047430+00:00,2.2584872
2025-06-20 10:12:57.497543+00:00,2.2584873
2025-06-20 10:13:11.088795+00:00,2.2584879
2025-06-20 10:13:22.755745+00:00,2.2584879
2025-06-20 10:14:13.089470+00:00,2.2584874
2025-06-20 10:14:25.301674+00:00,2.2584876
2025-06-20 10:14:38.240770+00:00,2.2584873
2025-06-20 10:14:50.899313+00:00,2.2584872
2025-06-20 10:15:03.928865+00:00,2.2584869
2025-06-20 10:15:16.583559+00:00,2.2584878
2025-06-20 10:15:29.170463+00:00,2.2584866
2025-06-20 10:15:41.294369+00:00,2.2584872
2025-06-20 10:15:53.783705+00:00,2.2584878
2025-06-20 10:16:06.975371+00:00,2.2584875
2025-06-20 10:16:19.656007+00:00,2.2584876
2025-06-20 10:16:35.580006+00:00,2.2584872
2025-06-20 10:16:43.998832+00:00,2.2584877
2025-06-20 10:16:56.739092+00:00,2.2584872
2025-06-20 10:17:09.222596+00:00,2.2584876
2025-06-20 10:17:21.806143+00:00,2.2584878
2025-06-20 10:17:34.807568+00:00,2.2584872
2025-06-20 10:17:47.408084+00:00,2.2584873
2025-06-20 10:18:00.090121+00:00,2.258487
2025-06-20 10:18:13.221817+00:00,2.2584872
2025-06-20 10:18:25.460589+00:00,2.2584875
2025-06-20 10:18:38.445889+00:00,2.2584875
2025-06-20 10:18:52.096734+00:00,2.258488
2025-06-20 10:19:04.304817+00:00,2.2584873
2025-06-20 10:19:17.264666+00:00,2.2584875
2025-06-20 10:19:29.812766+00:00,2.2584878
2025-06-20 10:19:42.428066+00:00,2.2584874
2025-06-20 10:19:55.493905+00:00,2.2584868
2025-06-20 10:20:08.189399+00:00,2.2584875
2025-06-20 10:20:20.916373+00:00,2.2584872
2025-06-20 10:20:33.716579+00:00,2.2584873
2025-06-20 10:20:47.222484+00:00,2.2584873
2025-06-20 10:20:59.479750+00:00,2.2584878
2025-06-20 10:21:11.627027+00:00,2.2584876
2025-06-20 10:21:24.090501+00:00,2.2584869
2025-06-20 10:21:36.594756+00:00,2.2584869
2025-06-20 10:21:52.768457+00:00,2.2584874
2025-06-20 10:22:08.076652+00:00,2.2584878
2025-06-20 10:22:14.809287+00:00,2.258487
2025-06-20 10:22:27.155009+00:00,2.2584878
2025-06-20 10:22:39.317209+00:00,2.2584877
2025-06-20 10:22:51.746576+00:00,2.2584875
2025-06-20 10:23:04.826134+00:00,2.2584876
2025-06-20 10:23:17.341432+00:00,2.2584875
2025-06-20 10:23:29.623182+00:00,2.258487
2025-06-20 10:23:42.511253+00:00,2.2584874
2025-06-20 10:23:54.892574+00:00,2.2584877
2025-06-20 10:24:08.943656+00:00,2.2584877
2025-06-20 10:24:20.412510+00:00,2.2584872
2025-06-20 10:24:34.690634+00:00,2.2584876
2025-06-20 10:24:56.431966+00:00,2.2584874
2025-06-20 10:25:48.404199+00:00,2.2584871
2025-06-20 10:26:01.136033+00:00,2.2584878
2025-06-20 10:26:14.170645+00:00,2.2584873
2025-06-20 10:26:26.220238+00:00,2.2584873
2025-06-20 10:26:41.191188+00:00,2.2584878
2025-06-20 10:26:51.178243+00:00,2.2584876
2025-06-20 10:27:03.920384+00:00,2.2584873
2025-06-20 10:27:16.550984+00:00,2.2584872
2025-06-20 10:27:28.935872+00:00,2.2584869
2025-06-20 10:27:40.991138+00:00,2.2584873
2025-06-20 10:27:53.802421+00:00,2.2584876
2025-06-20 10:28:34.271762+00:00,2.2584877
2025-06-20 10:28:44.399754+00:00,2.2584869
2025-06-20 10:29:19.684411+00:00,2.2584874
2025-06-20 10:29:24.882676+00:00,2.2584874
2025-06-20 10:29:35.895800+00:00,2.2584875
2025-06-20 10:29:57.005226+00:00,2.2584877
2025-06-20 10:30:35.674024+00:00,2.2584873
2025-06-20 10:31:20.312392+00:00,2.258487
2025-06-20 10:31:42.888494+00:00,2.2584876
2025-06-20 10:31:55.539017+00:00,2.2584878
2025-06-20 10:32:20.935986+00:00,2.2584877
2025-06-20 10:32:34.182453+00:00,2.2584876
2025-06-20 10:32:47.810300+00:00,2.2584873
2025-06-20 10:33:03.642885+00:00,2.258487
2025-06-20 10:33:14.024247+00:00,2.2584882
2025-06-20 10:33:50.405773+00:00,2.258487
2025-06-20 10:34:06.694968+00:00,2.2584873
2025-06-20 10:34:13.703590+00:00,2.2584874
2025-06-20 10:34:26.763102+00:00,2.2584872
2025-06-20 10:34:42.603728+00:00,2.2584874
2025-06-20 10:34:51.476426+00:00,2.2584878
2025-06-20 10:35:04.265854+00:00,2.2584875
2025-06-20 10:35:18.279930+00:00,2.258488
2025-06-20 10:35:29.753015+00:00,2.258487
2025-06-20 10:35:43.281520+00:00,2.2584873
2025-06-20 10:35:54.808286+00:00,2.2584873
2025-06-20 10:36:08.694222+00:00,2.2584874
2025-06-20 10:36:19.617812+00:00,2.2584879
2025-06-20 10:36:32.720655+00:00,2.2584872
2025-06-20 10:36:45.060495+00:00,2.2584875
2025-06-20 10:37:04.003103+00:00,2.2584874
2025-06-20 10:37:14.076384+00:00,2.2584873
2025-06-20 10:37:22.866791+00:00,2.2584868
2025-06-20 10:37:35.050024+00:00,2.2584879
2025-06-20 10:37:48.031644+00:00,2.2584877
2025-06-20 10:37:59.987629+00:00,2.2584873
2025-06-20 10:38:13.571052+00:00,2.2584879
2025-06-20 10:38:25.166439+00:00,2.2584872
2025-06-20 10:38:37.549810+00:00,2.258488
2025-06-20 10:38:57.228834+00:00,2.2584873
2025-06-20 10:39:23.006758+00:00,2.2584872
2025-06-20 10:39:54.589163+00:00,2.2584876
2025-06-20 10:40:07.948817+00:00,2.2584873
2025-06-20 10:40:20.430642+00:00,2.2584877
2025-06-20 10:40:33.658954+00:00,2.2584875
2025-06-20 10:40:45.913128+00:00,2.2584879
2025-06-20 10:41:52.663463+00:00,2.2584874
2025-06-20 10:42:14.304048+00:00,2.2584871
2025-06-20 10:42:35.218628+00:00,2.2584877
2025-06-20 10:42:39.874970+00:00,2.2584873
2025-06-20 10:43:19.777740+00:00,2.2584876
2025-06-20 10:43:29.835851+00:00,2.2584871
2025-06-20 10:43:42.213890+00:00,2.2584871
2025-06-20 10:43:54.374120+00:00,2.2584877
2025-06-20 10:44:07.798193+00:00,2.2584872
2025-06-20 10:44:19.614821+00:00,2.2584874
2025-06-20 10:44:33.524593+00:00,2.258488
2025-06-20 10:44:45.413423+00:00,2.258487
2025-06-20 10:44:57.362722+00:00,2.2584873
2025-06-20 10:45:10.722936+00:00,2.2584874
2025-06-20 10:45:23.686037+00:00,2.2584869
2025-06-20 10:45:36.438046+00:00,2.2584876
2025-06-20 10:45:48.937901+00:00,2.2584877
2025-06-20 10:46:02.332325+00:00,2.2584879
2025-06-20 10:46:13.987253+00:00,2.2584872
2025-06-20 10:46:25.980839+00:00,2.2584873
2025-06-20 10:46:38.607016+00:00,2.2584877
2025-06-20 10:46:53.002989+00:00,2.2584875
2025-06-20 10:47:04.429092+00:00,2.2584879
2025-06-20 10:47:17.354144+00:00,2.2584869
2025-06-20 10:47:31.287569+00:00,2.2584879
2025-06-20 10:47:41.322438+00:00,2.2584874
2025-06-20 10:47:54.039494+00:00,2.2584877
2025-06-20 10:48:06.934316+00:00,2.2584875
2025-06-20 10:48:19.589497+00:00,2.2584876
2025-06-20 10:48:36.183531+00:00,2.2584877
2025-06-20 10:48:44.379127+00:00,2.258488
2025-06-20 10:49:03.208296+00:00,2.2584872
2025-06-20 10:50:13.924328+00:00,2.2584876
2025-06-20 10:50:26.188125+00:00,2.2584875
2025-06-20 10:50:39.289116+00:00,2.2584866
2025-06-20 10:50:51.414029+00:00,2.2584879
2025-06-20 10:51:04.412910+00:00,2.2584879
2025-06-20 10:51:17.438135+00:00,2.2584879
2025-06-20 10:51:30.138037+00:00,2.258487
2025-06-20 10:51:42.926135+00:00,2.2584877
2025-06-20 10:52:29.756306+00:00,2.2584873
2025-06-20 10:52:36.442066+00:00,2.2584878
2025-06-20 10:52:46.278879+00:00,2.2584872
2025-06-20 10:52:58.897973+00:00,2.2584875
2025-06-20 10:53:34.460336+00:00,2.2584879
2025-06-20 10:53:49.197672+00:00,2.2584878
2025-06-20 10:54:04.186568+00:00,2.2584875
2025-06-20 10:54:14.299405+00:00,2.2584872
2025-06-20 10:54:27.872065+00:00,2.2584874
2025-06-20 10:54:40.628987+00:00,2.2584872
2025-06-20 10:54:52.283053+00:00,2.2584876
2025-06-20 10:55:05.107985+00:00,2.2584872
2025-06-20 10:55:30.392989+00:00,2.2584879
2025-06-20 10:55:42.542496+00:00,2.2584877
2025-06-20 10:55:54.875696+00:00,2.2584883
2025-06-20 10:56:08.192735+00:00,2.2584875
2025-06-20 10:56:20.730754+00:00,2.2584878
2025-06-20 10:56:33.091247+00:00,2.2584876
2025-06-20 10:56:47.069730+00:00,2.2584871
2025-06-20 10:57:12.458837+00:00,2.2584875
2025-06-20 10:57:24.246581+00:00,2.258488
2025-06-20 10:57:39.203560+00:00,2.2584872
2025-06-20 10:57:48.478414+00:00,2.2584869
2025-06-20 10:58:01.159880+00:00,2.2584878
2025-06-20 10:58:39.907279+00:00,2.2584871
2025-06-20 10:58:52.561842+00:00,2.2584872
2025-06-20 10:59:16.164963+00:00,2.2584875
2025-06-20 10:59:29.669313+00:00,2.2584876
2025-06-20 10:59:49.937532+00:00,2.2584874
2025-06-20 10:59:54.417053+00:00,2.2584879
2025-06-20 11:00:49.988978+00:00,2.2584874
2025-06-20 11:00:58.432685+00:00,2.2584875
2025-06-20 11:01:14.291100+00:00,2.2584869
2025-06-20 11:01:31.375101+00:00,2.2584874
2025-06-20 11:01:52.991346+00:00,2.2584872
2025-06-20 11:02:02.490236+00:00,2.2584872
2025-06-20 11:02:14.874635+00:00,2.2584879
2025-06-20 11:02:30.613847+00:00,2.2584871
2025-06-20 11:02:40.291670+00:00,2.2584876
2025-06-20 11:02:53.573532+00:00,2.2584874
2025-06-20 11:03:06.411071+00:00,2.2584876
2025-06-20 11:03:18.684475+00:00,2.2584874
2025-06-20 11:03:31.421658+00:00,2.2584874
2025-06-20 11:03:44.117530+00:00,2.258488
2025-06-20 11:03:56.449430+00:00,2.2584874
2025-06-20 11:04:10.855248+00:00,2.2584871
2025-06-20 11:04:21.396428+00:00,2.2584879
2025-06-20 11:05:21.277161+00:00,2.2584866
2025-06-20 11:06:19.715982+00:00,2.2584879
2025-06-20 11:06:52.419788+00:00,2.2584881
2025-06-20 11:07:11.470868+00:00,2.2584874
2025-06-20 11:07:42.612942+00:00,2.2584876
2025-06-20 11:07:55.075756+00:00,2.2584871
2025-06-20 11:08:07.992862+00:00,2.2584869
2025-06-20 11:08:20.516515+00:00,2.2584874
2025-06-20 11:08:32.888742+00:00,2.2584874
2025-06-20 11:08:45.218471+00:00,2.2584873
2025-06-20 11:08:57.914044+00:00,2.2584876
2025-06-20 11:09:16.556318+00:00,2.2584879
2025-06-20 11:09:25.378489+00:00,2.2584878
2025-06-20 11:09:35.186391+00:00,2.2584872
2025-06-20 11:09:48.154434+00:00,2.258488
2025-06-20 11:10:25.916712+00:00,2.258487
2025-06-20 11:10:38.837154+00:00,2.2584873
2025-06-20 11:11:04.194943+00:00,2.2584875
2025-06-20 11:11:17.090128+00:00,2.2584874
2025-06-20 11:11:29.990646+00:00,2.2584874
2025-06-20 11:11:42.640061+00:00,2.2584877
2025-06-20 11:11:56.526218+00:00,2.2584872
2025-06-20 11:12:08.652026+00:00,2.2584868
2025-06-20 11:14:11.469145+00:00,2.258488
2025-06-20 11:14:27.892884+00:00,2.2584879
2025-06-20 11:14:41.588378+00:00,2.2584877
2025-06-20 11:14:54.205587+00:00,2.2584874
2025-06-20 11:15:13.781171+00:00,2.2584874
2025-06-20 11:15:41.594196+00:00,2.2584874
2025-06-20 11:15:50.136411+00:00,2.2584871
2025-06-20 11:15:55.515547+00:00,2.2584875
2025-06-20 11:16:08.479925+00:00,2.2584876
2025-06-20 11:16:20.356812+00:00,2.2584879
2025-06-20 11:16:59.944589+00:00,2.2584875
2025-06-20 11:17:11.737854+00:00,2.2584874
2025-06-20 11:17:24.535229+00:00,2.2584874
2025-06-20 11:17:50.181501+00:00,2.2584874
2025-06-20 11:18:06.116973+00:00,2.2584872
2025-06-20 11:18:24.155800+00:00,2.2584872
2025-06-20 11:18:27.292721+00:00,2.2584879
2025-06-20 11:18:39.446578+00:00,2.2584877
2025-06-20 11:18:52.804909+00:00,2.2584877
2025-06-20 11:19:07.249972+00:00,2.2584876
2025-06-20 11:19:20.054835+00:00,2.2584868
2025-06-20 11:19:29.884374+00:00,2.258488
2025-06-20 11:19:42.168225+00:00,2.2584878
2025-06-20 11:19:54.823620+00:00,2.2584871
2025-06-20 11:20:07.769839+00:00,2.2584879
2025-06-20 11:20:20.311780+00:00,2.2584874
2025-06-20 11:20:44.855072+00:00,2.2584871
2025-06-20 11:20:57.443824+00:00,2.2584872
2025-06-20 11:21:15.421903+00:00,2.2584875
2025-06-20 11:21:23.056009+00:00,2.2584877
2025-06-20 11:21:35.498119+00:00,2.2584876
2025-06-20 11:21:54.762673+00:00,2.2584873
2025-06-20 11:22:05.298677+00:00,2.2584875
2025-06-20 11:22:14.261317+00:00,2.2584878
2025-06-20 11:22:33.902364+00:00,2.2584877
2025-06-20 11:22:42.927465+00:00,2.258487
2025-06-20 11:22:52.681282+00:00,2.2584878
2025-06-20 11:23:06.150766+00:00,2.2584874
2025-06-20 11:23:20.056254+00:00,2.258488
2025-06-20 11:23:34.953586+00:00,2.2584871
2025-06-20 11:23:46.575079+00:00,2.2584871
2025-06-20 11:23:56.563682+00:00,2.2584881
2025-06-20 11:24:11.133953+00:00,2.2584874
2025-06-20 11:24:22.021847+00:00,2.2584875
2025-06-20 11:24:35.518089+00:00,2.2584873
2025-06-20 11:25:02.354505+00:00,2.2584869
2025-06-20 11:25:13.186093+00:00,2.2584879
2025-06-20 11:25:25.995213+00:00,2.258488
2025-06-20 11:26:04.264384+00:00,2.2584867
2025-06-20 11:26:29.126182+00:00,2.2584873
2025-06-20 11:26:41.547732+00:00,2.2584876
2025-06-20 11:26:54.241859+00:00,2.2584871
2025-06-20 11:27:06.779323+00:00,2.2584866
2025-06-20 11:27:19.848070+00:00,2.2584878
2025-06-20 11:27:32.152072+00:00,2.2584873
2025-06-20 11:27:44.321475+00:00,2.2584868
2025-06-20 11:28:02.994473+00:00,2.2584874
2025-06-20 11:28:12.592070+00:00,2.2584872
2025-06-20 11:28:22.362413+00:00,2.258488
2025-06-20 11:28:48.615776+00:00,2.258487
2025-06-20 11:29:00.747759+00:00,2.2584878
2025-06-20 11:29:12.488635+00:00,2.2584876
2025-06-20 11:29:24.838529+00:00,2.258487
2025-06-20 11:29:37.297354+00:00,2.2584878
2025-06-20 11:29:49.864100+00:00,2.2584874
2025-06-20 11:30:03.724481+00:00,2.2584867
2025-06-20 11:30:15.351086+00:00,2.2584876
2025-06-20 11:30:42.747288+00:00,2.2584869
2025-06-20 11:30:54.604583+00:00,2.2584877
2025-06-20 11:31:06.578183+00:00,2.2584868
2025-06-20 11:31:17.870087+00:00,2.2584875
2025-06-20 11:31:30.223782+00:00,2.2584879
2025-06-20 11:31:44.512011+00:00,2.258488
2025-06-20 11:31:55.876931+00:00,2.2584873
2025-06-20 11:32:09.680520+00:00,2.2584873
2025-06-20 11:32:21.188134+00:00,2.2584879
2025-06-20 11:32:34.278729+00:00,2.2584876
2025-06-20 11:34:42.195374+00:00,2.2584869
2025-06-20 11:34:57.543109+00:00,2.2584867
2025-06-20 11:35:18.584853+00:00,2.2584878
2025-06-20 11:35:32.708914+00:00,2.258488
2025-06-20 11:35:41.772847+00:00,2.2584875
2025-06-20 11:35:50.199583+00:00,2.2584873
2025-06-20 11:36:04.309104+00:00,2.2584877
2025-06-20 11:36:11.433908+00:00,2.2584879
2025-06-20 11:36:24.900934+00:00,2.2584876
2025-06-20 11:36:44.081492+00:00,2.2584874
2025-06-20 11:37:03.390351+00:00,2.2584881
2025-06-20 11:37:26.740799+00:00,2.2584879
2025-06-20 11:37:39.448414+00:00,2.2584877
2025-06-20 11:38:06.606055+00:00,2.2584869
2025-06-20 11:38:16.670891+00:00,2.2584879
2025-06-20 11:38:32.217313+00:00,2.2584876
2025-06-20 11:38:41.794128+00:00,2.2584876
2025-06-20 11:39:07.470053+00:00,2.2584879
2025-06-20 11:39:33.103947+00:00,2.2584879
2025-06-20 11:39:45.736209+00:00,2.258487
2025-06-20 11:39:57.983447+00:00,2.2584877
2025-06-20 11:40:21.761321+00:00,2.258488
2025-06-20 11:40:24.701477+00:00,2.2584873
2025-06-20 11:40:50.479433+00:00,2.2584875
2025-06-20 11:41:01.260721+00:00,2.2584871
2025-06-20 11:41:13.983143+00:00,2.2584871
2025-06-20 11:41:27.520088+00:00,2.2584871
2025-06-20 11:41:38.458872+00:00,2.2584871
2025-06-20 11:41:50.919242+00:00,2.258487
2025-06-20 11:42:04.132872+00:00,2.2584874
2025-06-20 11:42:16.582759+00:00,2.2584873
2025-06-20 11:42:28.907942+00:00,2.2584873
2025-06-20 11:42:41.590405+00:00,2.2584871
2025-06-20 11:42:57.950848+00:00,2.2584871
2025-06-20 11:43:07.038033+00:00,2.2584873
2025-06-20 11:43:19.535794+00:00,2.2584875
2025-06-20 11:43:33.126797+00:00,2.2584875
2025-06-20 11:43:44.399464+00:00,2.2584876
2025-06-20 11:43:57.674645+00:00,2.2584868
2025-06-20 11:44:15.336956+00:00,2.2584879
2025-06-20 11:44:22.078002+00:00,2.2584878
2025-06-20 11:44:34.834754+00:00,2.258487
2025-06-20 11:44:52.790103+00:00,2.2584873
2025-06-20 11:45:03.195939+00:00,2.2584875
2025-06-20 11:45:13.644450+00:00,2.2584882
2025-06-20 11:45:32.546143+00:00,2.2584872
2025-06-20 11:45:39.391899+00:00,2.2584874
2025-06-20 11:45:52.141768+00:00,2.2584877
2025-06-20 11:46:27.932578+00:00,2.2584877
2025-06-20 11:46:32.306857+00:00,2.2584874
2025-06-20 11:46:44.745869+00:00,2.2584879
2025-06-20 11:46:56.111877+00:00,2.2584875
2025-06-20 11:47:09.140416+00:00,2.2584868
2025-06-20 11:47:21.242248+00:00,2.2584876
2025-06-20 11:47:34.099212+00:00,2.2584878
2025-06-20 11:47:47.025368+00:00,2.258488
2025-06-20 11:47:59.549407+00:00,2.2584873
2025-06-20 11:48:19.179390+00:00,2.2584872
2025-06-20 11:48:25.345335+00:00,2.2584875
2025-06-20 11:48:37.822850+00:00,2.2584879
2025-06-20 11:48:50.779234+00:00,2.2584874
2025-06-20 11:49:03.504238+00:00,2.2584878
2025-06-20 11:49:15.953855+00:00,2.2584874
2025-06-20 11:49:28.494904+00:00,2.2584878
2025-06-20 11:49:40.669364+00:00,2.2584876
2025-06-20 11:49:53.537960+00:00,2.2584875
2025-06-20 11:50:06.169983+00:00,2.2584878
2025-06-20 11:50:19.303575+00:00,2.2584873
2025-06-20 11:50:31.110390+00:00,2.2584877
2025-06-20 11:50:43.839378+00:00,2.2584872
2025-06-20 11:50:56.249997+00:00,2.2584876
2025-06-20 11:51:08.933006+00:00,2.2584877
2025-06-20 11:51:21.041165+00:00,2.2584879
2025-06-20 11:51:33.992278+00:00,2.2584877
2025-06-20 11:51:46.546143+00:00,2.2584871
2025-06-20 11:51:59.384320+00:00,2.2584873
2025-06-20 11:52:11.493224+00:00,2.2584878
2025-06-20 11:52:23.680565+00:00,2.2584872
2025-06-20 11:52:36.340194+00:00,2.2584876
2025-06-20 11:52:48.886785+00:00,2.2584874
2025-06-20 11:53:07.238278+00:00,2.2584874
2025-06-20 11:53:14.736669+00:00,2.2584875
2025-06-20 11:53:26.707954+00:00,2.2584869
2025-06-20 11:53:39.185782+00:00,2.2584871
2025-06-20 11:53:51.877521+00:00,2.258487
2025-06-20 11:54:05.439349+00:00,2.2584871
2025-06-20 11:54:17.146813+00:00,2.2584873
2025-06-20 11:54:29.406659+00:00,2.2584877
2025-06-20 11:54:58.658549+00:00,2.2584878
2025-06-20 11:55:07.861480+00:00,2.2584876
2025-06-20 11:55:19.783626+00:00,2.2584872
2025-06-20 11:55:33.041507+00:00,2.2584874
2025-06-20 11:55:46.484519+00:00,2.2584871
2025-06-20 11:55:57.676972+00:00,2.2584872
2025-06-20 11:57:28.235403+00:00,2.2584874
2025-06-20 11:57:40.204827+00:00,2.2584879
2025-06-20 11:57:53.078130+00:00,2.2584877
2025-06-20 11:58:18.747380+00:00,2.2584876
2025-06-20 11:58:31.846883+00:00,2.2584871
2025-06-20 11:58:44.256010+00:00,2.2584879
2025-06-20 11:58:56.981653+00:00,2.2584873
2025-06-20 11:59:09.549049+00:00,2.2584872
2025-06-20 11:59:34.479303+00:00,2.2584878
2025-06-20 11:59:52.916760+00:00,2.2584879
2025-06-20 12:00:13.015310+00:00,2.2584872
2025-06-20 12:00:27.670798+00:00,2.2584876
2025-06-20 12:00:38.410477+00:00,2.258488
2025-06-20 12:00:50.367110+00:00,2.258487
2025-06-20 12:01:03.301378+00:00,2.2584877
2025-06-20 12:01:15.177460+00:00,2.258488
2025-06-20 12:01:28.414618+00:00,2.2584878
2025-06-20 12:01:40.272912+00:00,2.258487
2025-06-20 12:01:53.199719+00:00,2.2584871
2025-06-20 12:02:05.823350+00:00,2.2584874
2025-06-20 12:02:18.467317+00:00,2.2584869
2025-06-20 12:02:31.942125+00:00,2.2584871
2025-06-20 12:02:43.033141+00:00,2.2584877
2025-06-20 12:02:55.615286+00:00,2.2584881
2025-06-20 12:03:08.856659+00:00,2.2584875
2025-06-20 12:03:21.053363+00:00,2.2584875
2025-06-20 12:03:35.390081+00:00,2.2584875
2025-06-20 12:03:46.907194+00:00,2.2584878
2025-06-20 12:03:59.229084+00:00,2.2584874
2025-06-20 12:04:12.112274+00:00,2.2584874
2025-06-20 12:04:24.264301+00:00,2.2584877
2025-06-20 12:04:37.527781+00:00,2.2584878
2025-06-20 12:04:49.066094+00:00,2.2584872
2025-06-20 12:05:02.045155+00:00,2.258487
2025-06-20 12:05:14.172303+00:00,2.2584869
2025-06-20 12:05:29.214024+00:00,2.2584879
2025-06-20 12:05:43.244889+00:00,2.2584878
2025-06-20 12:05:53.334167+00:00,2.2584874
2025-06-20 12:06:04.761251+00:00,2.2584872
2025-06-20 12:06:42.948563+00:00,2.2584875
2025-06-20 12:06:55.205890+00:00,2.2584878
2025-06-20 12:07:08.187059+00:00,2.2584878
2025-06-20 12:07:20.662143+00:00,2.2584878
2025-06-20 12:07:40.190055+00:00,2.2584876
2025-06-20 12:07:46.928053+00:00,2.2584875
2025-06-20 12:07:59.372934+00:00,2.2584878
2025-06-20 12:08:12.865668+00:00,2.258487
2025-06-20 12:08:24.819928+00:00,2.2584879
2025-06-20 12:08:37.147585+00:00,2.2584873
2025-06-20 12:08:50.804869+00:00,2.2584877
2025-06-20 12:09:03.917491+00:00,2.2584878
2025-06-20 12:09:15.712952+00:00,2.2584869
2025-06-20 12:09:28.207268+00:00,2.2584873
2025-06-20 12:09:41.007189+00:00,2.2584878
2025-06-20 12:09:54.107118+00:00,2.2584874
2025-06-20 12:10:06.350255+00:00,2.2584871
2025-06-20 12:10:19.404566+00:00,2.2584875
2025-06-20 12:10:32.206960+00:00,2.2584878
2025-06-20 12:10:49.639192+00:00,2.2584876
2025-06-20 12:10:59.233398+00:00,2.2584872
2025-06-20 12:11:22.675447+00:00,2.2584875
2025-06-20 12:11:36.203925+00:00,2.258488
2025-06-20 12:11:48.452963+00:00,2.2584875
2025-06-20 12:12:09.197390+00:00,2.2584874
2025-06-20 12:12:19.115531+00:00,2.2584871
2025-06-20 12:13:51.698286+00:00,2.2584871
2025-06-20 12:13:53.087265+00:00,2.2584878
2025-06-20 12:14:06.753559+00:00,2.2584873
2025-06-20 12:14:18.935524+00:00,2.2584874
2025-06-20 12:14:31.384060+00:00,2.2584873
2025-06-20 12:14:45.344741+00:00,2.2584878
2025-06-20 12:15:01.710939+00:00,2.2584878
2025-06-20 12:15:12.670898+00:00,2.2584878
2025-06-20 12:15:22.297065+00:00,2.2584876
2025-06-20 12:15:36.063342+00:00,2.2584872
2025-06-20 12:15:48.454111+00:00,2.2584876
2025-06-20 12:15:59.991193+00:00,2.2584874
2025-06-20 12:16:12.678439+00:00,2.2584877
2025-06-20 12:16:27.993884+00:00,2.2584873
2025-06-20 12:16:37.501048+00:00,2.2584874
2025-06-20 12:16:50.220416+00:00,2.2584871
2025-06-20 12:17:04.998310+00:00,2.2584872
2025-06-20 12:17:15.046274+00:00,2.2584873
2025-06-20 12:17:27.702508+00:00,2.2584877
2025-06-20 12:17:40.202173+00:00,2.2584876
2025-06-20 12:17:53.444313+00:00,2.2584878
2025-06-20 12:18:06.760551+00:00,2.2584878
2025-06-20 12:18:19.574757+00:00,2.2584871
2025-06-20 12:18:31.550549+00:00,2.2584874
2025-06-20 12:18:46.057997+00:00,2.2584877
2025-06-20 12:18:57.215239+00:00,2.2584875
2025-06-20 12:19:11.341094+00:00,2.2584876
2025-06-20 12:19:23.172720+00:00,2.2584871
2025-06-20 12:19:39.418779+00:00,2.2584872
2025-06-20 12:19:49.130567+00:00,2.2584876
2025-06-20 12:20:02.831258+00:00,2.2584872
2025-06-20 12:20:15.457258+00:00,2.2584871
2025-06-20 12:20:27.824271+00:00,2.2584872
2025-06-20 12:20:40.482274+00:00,2.258487
2025-06-20 12:20:52.554769+00:00,2.2584875
2025-06-20 12:21:05.297785+00:00,2.2584876
2025-06-20 12:21:20.243483+00:00,2.2584871
2025-06-20 12:21:31.805673+00:00,2.2584871
2025-06-20 12:21:43.554330+00:00,2.2584876
2025-06-20 12:21:56.270761+00:00,2.2584876
2025-06-20 12:22:12.113029+00:00,2.2584872
2025-06-20 12:22:22.308351+00:00,2.2584877
2025-06-20 12:22:34.386172+00:00,2.2584875
2025-06-20 12:22:48.079103+00:00,2.2584875
2025-06-20 12:22:59.372543+00:00,2.258488
2025-06-20 12:23:12.636026+00:00,2.2584879
2025-06-20 12:23:25.804300+00:00,2.2584873
2025-06-20 12:23:41.800535+00:00,2.2584879
2025-06-20 12:23:49.717445+00:00,2.2584873
2025-06-20 12:24:02.815456+00:00,2.2584872
2025-06-20 12:24:15.266871+00:00,2.2584878
2025-06-20 12:24:27.900940+00:00,2.2584876
2025-06-20 12:24:39.627488+00:00,2.2584876
2025-06-20 12:24:55.490379+00:00,2.2584873
2025-06-20 12:25:11.349040+00:00,2.258488
2025-06-20 12:25:21.773304+00:00,2.2584871
2025-06-20 12:25:31.286998+00:00,2.2584881
2025-06-20 12:25:55.858263+00:00,2.2584874
2025-06-20 12:27:34.021210+00:00,2.2584874
2025-06-20 12:27:36.949456+00:00,2.2584879
2025-06-20 12:27:49.086937+00:00,2.2584872
2025-06-20 12:28:01.613420+00:00,2.2584876
2025-06-20 12:28:14.231735+00:00,2.2584877
2025-06-20 12:28:26.360323+00:00,2.2584871
2025-06-20 12:28:52.264226+00:00,2.2584877
2025-06-20 12:29:04.778578+00:00,2.2584876
2025-06-20 12:29:17.236100+00:00,2.2584874
2025-06-20 12:29:29.570838+00:00,2.258488
2025-06-20 12:29:42.404134+00:00,2.2584873
2025-06-20 12:29:55.443889+00:00,2.2584876
2025-06-20 12:30:20.775827+00:00,2.2584873
2025-06-20 12:30:33.436897+00:00,2.2584878
2025-06-20 12:30:46.625519+00:00,2.2584881
2025-06-20 12:30:59.269408+00:00,2.2584869
2025-06-20 12:31:13.852327+00:00,2.2584874
2025-06-20 12:31:25.571611+00:00,2.2584876
2025-06-20 12:31:37.612027+00:00,2.2584878
2025-06-20 12:31:50.509753+00:00,2.2584875
2025-06-20 12:32:03.448593+00:00,2.2584878
2025-06-20 12:32:16.514170+00:00,2.2584874
2025-06-20 12:32:28.341396+00:00,2.2584877
2025-06-20 12:32:55.743253+00:00,2.2584878
2025-06-20 12:33:13.851721+00:00,2.2584875
2025-06-20 12:33:19.681147+00:00,2.2584879
2025-06-20 12:33:32.650428+00:00,2.2584881
2025-06-20 12:33:44.889929+00:00,2.2584873
2025-06-20 12:33:57.903096+00:00,2.2584877
2025-06-20 12:34:11.775259+00:00,2.2584879
2025-06-20 12:34:24.098906+00:00,2.2584875
2025-06-20 12:34:35.635165+00:00,2.2584872
2025-06-20 12:35:23.061466+00:00,2.2584877
2025-06-20 12:35:42.659317+00:00,2.2584878
2025-06-20 12:35:50.957183+00:00,2.2584875
2025-06-20 12:36:03.667939+00:00,2.2584877
2025-06-20 12:36:53.545949+00:00,2.2584881
2025-06-20 12:37:06.056677+00:00,2.2584873
2025-06-20 12:37:37.146891+00:00,2.2584877
2025-06-20 12:37:44.055512+00:00,2.2584873
2025-06-20 12:37:56.376089+00:00,2.2584878
2025-06-20 12:38:22.727064+00:00,2.2584873
2025-06-20 12:38:34.225693+00:00,2.2584874
2025-06-20 12:38:46.904568+00:00,2.2584876
2025-06-20 12:38:59.303556+00:00,2.2584876
2025-06-20 12:39:12.791821+00:00,2.2584876
2025-06-20 12:39:24.219687+00:00,2.2584879
2025-06-20 12:39:36.899874+00:00,2.2584873
2025-06-20 12:39:49.697083+00:00,2.2584872
2025-06-20 12:40:03.160268+00:00,2.2584869
2025-06-20 12:40:14.691660+00:00,2.2584878
2025-06-20 12:40:27.123947+00:00,2.2584877
2025-06-20 12:40:41.379048+00:00,2.258487
2025-06-20 12:40:52.483848+00:00,2.2584872
2025-06-20 12:41:06.111833+00:00,2.2584877
2025-06-20 12:41:18.156113+00:00,2.2584868
2025-06-20 12:41:31.175915+00:00,2.2584878
2025-06-20 12:41:44.023687+00:00,2.2584871
2025-06-20 12:41:56.659821+00:00,2.2584879
2025-06-20 12:42:10.433034+00:00,2.2584876
2025-06-20 12:42:22.373813+00:00,2.2584871
2025-06-20 12:42:34.912862+00:00,2.2584874
2025-06-20 12:42:50.768413+00:00,2.2584871
2025-06-20 12:43:38.021281+00:00,2.2584871
2025-06-20 12:43:51.731152+00:00,2.258487
2025-06-20 12:44:03.959586+00:00,2.2584871
2025-06-20 12:44:17.463048+00:00,2.2584871
2025-06-20 12:45:20.426822+00:00,2.2584874
2025-06-20 12:46:28.253156+00:00,2.2584874
2025-06-20 12:46:47.653147+00:00,2.2584877
2025-06-20 12:47:01.600301+00:00,2.2584876
2025-06-20 12:47:12.507060+00:00,2.2584878
2025-06-20 12:47:24.964805+00:00,2.2584874
2025-06-20 12:47:37.691244+00:00,2.2584871
2025-06-20 12:47:50.059163+00:00,2.2584875
2025-06-20 12:48:03.281365+00:00,2.2584872
2025-06-20 12:48:15.495543+00:00,2.2584875
2025-06-20 12:48:27.972939+00:00,2.2584871
2025-06-20 12:48:40.404342+00:00,2.2584879
2025-06-20 12:49:06.405384+00:00,2.2584877
2025-06-20 12:49:18.558235+00:00,2.2584875
2025-06-20 12:49:30.801890+00:00,2.2584876
2025-06-20 12:49:46.296093+00:00,2.2584872
2025-06-20 12:49:56.017983+00:00,2.2584878
2025-06-20 12:50:09.180096+00:00,2.2584879
2025-06-20 12:50:34.791346+00:00,2.258487
2025-06-20 12:50:47.187339+00:00,2.2584872
2025-06-20 12:51:00.416071+00:00,2.2584875
2025-06-20 12:51:12.077800+00:00,2.2584873
2025-06-20 12:51:24.431801+00:00,2.2584877
2025-06-20 12:51:38.541346+00:00,2.2584881
2025-06-20 12:51:49.725815+00:00,2.2584868
2025-06-20 12:52:02.676662+00:00,2.2584872
2025-06-20 12:52:27.854559+00:00,2.258487
2025-06-20 12:52:52.616791+00:00,2.2584875
2025-06-20 12:53:05.252417+00:00,2.2584874
2025-06-20 12:53:18.455957+00:00,2.2584878
2025-06-20 12:53:30.925672+00:00,2.2584877
2025-06-20 12:53:44.585026+00:00,2.2584876
2025-06-20 12:53:56.563537+00:00,2.2584873
2025-06-20 12:54:09.455433+00:00,2.2584873
2025-06-20 12:54:22.787069+00:00,2.2584874
2025-06-20 12:54:35.420006+00:00,2.2584875
2025-06-20 12:54:48.554272+00:00,2.2584879
2025-06-20 12:55:01.396983+00:00,2.2584876
2025-06-20 12:55:14.088076+00:00,2.258487
2025-06-20 12:55:27.236164+00:00,2.258487
2025-06-20 12:55:39.777013+00:00,2.2584873
2025-06-20 12:55:52.048018+00:00,2.2584869
2025-06-20 12:56:05.410505+00:00,2.2584875
2025-06-20 12:56:18.117698+00:00,2.2584869
2025-06-20 12:56:30.681997+00:00,2.2584874
2025-06-20 12:57:55.977245+00:00,2.2584874
2025-06-20 12:57:58.489414+00:00,2.2584877
2025-06-20 12:58:11.688857+00:00,2.2584878
2025-06-20 12:58:23.677183+00:00,2.2584874
2025-06-20 12:58:36.261668+00:00,2.2584876
2025-06-20 12:58:48.947344+00:00,2.2584877
2025-06-20 12:59:01.889330+00:00,2.2584873
2025-06-20 12:59:14.095714+00:00,2.2584872
2025-06-20 12:59:26.934842+00:00,2.2584869
2025-06-20 12:59:39.227948+00:00,2.2584876
2025-06-20 12:59:52.036754+00:00,2.2584868
2025-06-20 13:00:05.045936+00:00,2.2584872
2025-06-20 13:00:17.304298+00:00,2.2584873
2025-06-20 13:00:38.062776+00:00,2.2584871
2025-06-20 13:00:42.333754+00:00,2.2584873
2025-06-20 13:01:33.058442+00:00,2.2584872
2025-06-20 13:01:45.375978+00:00,2.2584877
2025-06-20 13:01:58.055083+00:00,2.2584878
2025-06-20 13:02:10.885990+00:00,2.2584874
2025-06-20 13:02:24.039185+00:00,2.2584873
2025-06-20 13:02:35.358461+00:00,2.2584878
2025-06-20 13:02:48.532438+00:00,2.258488
2025-06-20 13:03:01.264660+00:00,2.2584876
2025-06-20 13:03:13.980213+00:00,2.2584872
2025-06-20 13:03:26.204407+00:00,2.258488
2025-06-20 13:03:39.195555+00:00,2.2584875
2025-06-20 13:04:56.372286+00:00,2.2584879
2025-06-20 13:05:09.494189+00:00,2.2584869
2025-06-20 13:06:10.266557+00:00,2.2584872
2025-06-20 13:07:15.551853+00:00,2.2584869
2025-06-20 13:07:17.178798+00:00,2.258488
2025-06-20 13:07:29.320241+00:00,2.2584877
2025-06-20 13:07:50.153639+00:00,2.2584871
2025-06-20 13:07:54.656856+00:00,2.2584877
2025-06-20 13:08:12.357099+00:00,2.2584873
2025-06-20 13:08:32.745368+00:00,2.2584874
2025-06-20 13:09:47.162837+00:00,2.2584874
2025-06-20 13:09:59.658924+00:00,2.2584876
2025-06-20 13:10:12.587134+00:00,2.2584874
2025-06-20 13:10:27.987103+00:00,2.2584872
2025-06-20 13:10:38.936194+00:00,2.258487
2025-06-20 13:10:50.162991+00:00,2.2584876
2025-06-20 13:11:06.249306+00:00,2.2584872
2025-06-20 13:11:26.733814+00:00,2.2584874
2025-06-20 13:11:29.788164+00:00,2.2584875
2025-06-20 13:11:40.540149+00:00,2.2584877
2025-06-20 13:11:53.073682+00:00,2.2584873
2025-06-20 13:12:05.804355+00:00,2.2584873
2025-06-20 13:12:18.597840+00:00,2.2584869
2025-06-20 13:12:32.326194+00:00,2.258487
2025-06-20 13:12:43.339172+00:00,2.2584875
2025-06-20 13:12:55.938983+00:00,2.2584878
2025-06-20 13:13:08.740391+00:00,2.2584875
2025-06-20 13:13:21.062529+00:00,2.2584875
2025-06-20 13:13:34.953488+00:00,2.2584872
2025-06-20 13:13:46.753767+00:00,2.2584868
2025-06-20 13:13:59.047094+00:00,2.2584872
2025-06-20 13:14:11.605929+00:00,2.258488
2025-06-20 13:14:24.172905+00:00,2.2584873
2025-06-20 13:14:37.619770+00:00,2.2584871
2025-06-20 13:14:49.843333+00:00,2.2584877
2025-06-20 13:15:03.668351+00:00,2.2584876
2025-06-20 13:15:15.496509+00:00,2.2584876
2025-06-20 13:15:28.957569+00:00,2.2584872
2025-06-20 13:15:42.129817+00:00,2.2584879
2025-06-20 13:15:53.911185+00:00,2.2584874
2025-06-20 13:16:19.559998+00:00,2.2584873
2025-06-20 13:16:32.602871+00:00,2.2584871
2025-06-20 13:16:45.496594+00:00,2.2584876
2025-06-20 13:16:58.700338+00:00,2.2584875
2025-06-20 13:17:11.158622+00:00,2.2584876
2025-06-20 13:17:23.366083+00:00,2.2584878
2025-06-20 13:17:35.964526+00:00,2.2584872
2025-06-20 13:17:49.058505+00:00,2.2584871
2025-06-20 13:18:01.653109+00:00,2.2584871
2025-06-20 13:18:14.025166+00:00,2.2584876
2025-06-20 13:18:26.833584+00:00,2.2584874
2025-06-20 13:18:39.559562+00:00,2.258487
2025-06-20 13:18:52.293854+00:00,2.2584873
2025-06-20 13:19:05.308655+00:00,2.2584876
2025-06-20 13:19:17.674841+00:00,2.2584876
2025-06-20 13:19:29.781521+00:00,2.2584874
2025-06-20 13:19:42.446317+00:00,2.258487
2025-06-20 13:19:55.102376+00:00,2.2584878
2025-06-20 13:20:11.888269+00:00,2.258487
2025-06-20 13:20:20.448128+00:00,2.2584879
2025-06-20 13:20:33.124122+00:00,2.2584876
2025-06-20 13:20:46.630663+00:00,2.258488
2025-06-20 13:20:57.843989+00:00,2.2584871
2025-06-20 13:21:10.555105+00:00,2.2584877
2025-06-20 13:21:23.081565+00:00,2.2584876
2025-06-20 13:21:36.301074+00:00,2.2584874
2025-06-20 13:21:49.210386+00:00,2.2584872
2025-06-20 13:22:01.178873+00:00,2.2584869
2025-06-20 13:22:13.552120+00:00,2.2584878
2025-06-20 13:22:25.844158+00:00,2.2584879
2025-06-20 13:22:38.284256+00:00,2.2584872
2025-06-20 13:22:51.266535+00:00,2.2584873
2025-06-20 13:23:36.836180+00:00,2.2584874
2025-06-20 13:23:41.576331+00:00,2.2584871
2025-06-20 13:23:53.940337+00:00,2.2584872
2025-06-20 13:24:12.255157+00:00,2.258487
2025-06-20 13:24:19.414126+00:00,2.2584874
2025-06-20 13:24:32.975994+00:00,2.2584879
2025-06-20 13:24:44.559400+00:00,2.258487
2025-06-20 13:24:58.523691+00:00,2.2584873
2025-06-20 13:25:10.864128+00:00,2.2584871
2025-06-20 13:25:23.655750+00:00,2.2584872
2025-06-20 13:25:36.714775+00:00,2.2584877
2025-06-20 13:25:52.406358+00:00,2.2584872
2025-06-20 13:26:02.238488+00:00,2.2584871
2025-06-20 13:26:14.791631+00:00,2.2584876
2025-06-20 13:26:27.168476+00:00,2.2584875
2025-06-20 13:26:40.179969+00:00,2.2584873
2025-06-20 13:26:52.583319+00:00,2.2584878
2025-06-20 13:27:06.119620+00:00,2.2584872
2025-06-20 13:27:18.302355+00:00,2.2584872
2025-06-20 13:27:34.632930+00:00,2.2584872
2025-06-20 13:27:43.397979+00:00,2.2584874
2025-06-20 13:28:15.385499+00:00,2.2584869
2025-06-20 13:28:34.616681+00:00,2.2584875
2025-06-20 13:28:47.333022+00:00,2.2584871
2025-06-20 13:28:59.078769+00:00,2.2584875
2025-06-20 13:29:37.897462+00:00,2.2584877
2025-06-20 13:29:51.447713+00:00,2.2584879
2025-06-20 13:30:04.590226+00:00,2.2584872
2025-06-20 13:30:14.266221+00:00,2.2584877
2025-06-20 13:30:26.574319+00:00,2.2584875
2025-06-20 13:30:39.132874+00:00,2.2584869
2025-06-20 13:30:51.362960+00:00,2.2584876
2025-06-20 13:31:06.868890+00:00,2.2584876
2025-06-20 13:31:17.205962+00:00,2.258487
2025-06-20 13:31:29.845885+00:00,2.2584879
2025-06-20 13:31:41.988232+00:00,2.2584871
2025-06-20 13:31:54.503959+00:00,2.2584871
2025-06-20 13:32:06.836963+00:00,2.2584871
2025-06-20 13:32:19.731486+00:00,2.2584872
2025-06-20 13:32:32.146596+00:00,2.2584873
2025-06-20 13:32:44.560549+00:00,2.2584872
2025-06-20 13:32:57.034158+00:00,2.2584878
2025-06-20 13:33:12.068533+00:00,2.2584871
2025-06-20 13:33:22.794414+00:00,2.2584876
2025-06-20 13:33:34.877012+00:00,2.2584875
2025-06-20 13:33:48.037359+00:00,2.258487
2025-06-20 13:33:59.934578+00:00,2.2584878
2025-06-20 13:34:13.624310+00:00,2.2584873
2025-06-20 13:34:29.100525+00:00,2.2584873
2025-06-20 13:34:38.572010+00:00,2.2584877
2025-06-20 13:34:50.867289+00:00,2.2584875
2025-06-20 13:35:06.323499+00:00,2.2584869
2025-06-20 13:35:17.104582+00:00,2.2584869
2025-06-20 13:35:49.466192+00:00,2.2584873
2025-06-20 13:36:03.448690+00:00,2.258487
2025-06-20 13:36:06.115231+00:00,2.2584873
2025-06-20 13:36:18.464276+00:00,2.2584869
2025-06-20 13:36:31.530512+00:00,2.2584879
2025-06-20 13:36:43.764876+00:00,2.2584878
2025-06-20 13:37:10.327835+00:00,2.2584876
2025-06-20 13:37:22.305513+00:00,2.2584876
2025-06-20 13:37:35.031318+00:00,2.2584871
2025-06-20 13:37:48.471805+00:00,2.2584875
2025-06-20 13:38:09.868466+00:00,2.2584868
2025-06-20 13:38:25.846056+00:00,2.2584877
2025-06-20 13:38:51.443555+00:00,2.2584879
2025-06-20 13:39:04.610811+00:00,2.2584874
2025-06-20 13:40:16.181584+00:00,2.2584869
2025-06-20 13:40:21.675348+00:00,2.2584871
2025-06-20 13:40:33.706960+00:00,2.2584879
2025-06-20 13:40:47.088664+00:00,2.2584865
2025-06-20 13:40:58.630025+00:00,2.2584873
2025-06-20 13:41:12.315462+00:00,2.2584876
2025-06-20 13:41:25.046389+00:00,2.2584873
2025-06-20 13:41:36.375568+00:00,2.2584874
2025-06-20 13:42:20.556096+00:00,2.2584877
2025-06-20 13:44:19.515132+00:00,2.2584876
2025-06-20 13:44:53.733839+00:00,2.2584875
2025-06-20 13:46:12.732336+00:00,2.2584871
2025-06-20 13:46:24.909679+00:00,2.2584871
2025-06-20 13:46:39.552896+00:00,2.2584877
2025-06-20 13:46:53.324939+00:00,2.2584873
2025-06-20 13:47:07.907230+00:00,2.2584873
2025-06-20 13:47:28.487337+00:00,2.2584878
2025-06-20 13:47:40.492311+00:00,2.2584872
2025-06-20 13:47:53.530920+00:00,2.2584875
2025-06-20 13:48:08.086832+00:00,2.2584872
2025-06-20 13:48:32.422427+00:00,2.2584877
2025-06-20 13:48:49.261425+00:00,2.2584869
2025-06-20 13:49:02.444668+00:00,2.2584874
2025-06-20 13:49:21.030788+00:00,2.2584874
2025-06-20 13:50:18.342204+00:00,2.2584875
2025-06-20 13:50:28.808258+00:00,2.2584876
2025-06-20 13:50:40.175368+00:00,2.2584869
2025-06-20 13:50:54.575381+00:00,2.2584877
2025-06-20 13:51:05.265472+00:00,2.258487
2025-06-20 13:51:22.890598+00:00,2.2584875
2025-06-20 13:51:31.599745+00:00,2.2584876
2025-06-20 13:51:43.210590+00:00,2.2584877
2025-06-20 13:51:55.701911+00:00,2.2584876
2025-06-20 13:52:10.707507+00:00,2.2584868
2025-06-20 13:52:22.129362+00:00,2.2584877
2025-06-20 13:52:34.758585+00:00,2.2584868
2025-06-20 13:52:48.214682+00:00,2.2584875
2025-06-20 13:52:58.969958+00:00,2.2584877
2025-06-20 13:53:11.637338+00:00,2.2584869
2025-06-20 13:53:24.147441+00:00,2.2584872
2025-06-20 13:53:36.245867+00:00,2.2584869
2025-06-20 13:53:54.333557+00:00,2.2584876
2025-06-20 13:54:03.776041+00:00,2.2584869
2025-06-20 13:54:27.585219+00:00,2.258487
2025-06-20 13:54:39.030376+00:00,2.258487
2025-06-20 13:54:51.534687+00:00,2.258487
2025-06-20 13:55:05.176327+00:00,2.2584862
2025-06-20 13:55:17.217809+00:00,2.2584873
2025-06-20 13:55:30.692347+00:00,2.258488
2025-06-20 13:55:42.567438+00:00,2.2584874
2025-06-20 13:56:00.726197+00:00,2.2584873
2025-06-20 13:56:09.538350+00:00,2.2584874
2025-06-20 13:56:20.023277+00:00,2.2584877
2025-06-20 13:56:33.682134+00:00,2.2584876
2025-06-20 13:56:45.749882+00:00,2.2584872
2025-06-20 13:56:57.868172+00:00,2.2584873
2025-06-20 13:57:10.874479+00:00,2.2584871
2025-06-20 13:57:23.008512+00:00,2.2584873
2025-06-20 13:57:43.782468+00:00,2.2584874
2025-06-20 13:57:48.477025+00:00,2.2584872
2025-06-20 13:58:13.648456+00:00,2.2584875
2025-06-20 13:58:25.941256+00:00,2.2584875
2025-06-20 13:59:05.622375+00:00,2.2584874
2025-06-20 13:59:17.546072+00:00,2.2584874
2025-06-20 13:59:29.396129+00:00,2.2584871
2025-06-20 14:00:29.935389+00:00,2.2584879
2025-06-20 14:00:37.222721+00:00,2.258487
2025-06-20 14:00:46.634473+00:00,2.2584873
2025-06-20 14:01:24.530672+00:00,2.2584877
2025-06-20 14:01:39.700476+00:00,2.2584872
2025-06-20 14:02:02.816810+00:00,2.2584876
2025-06-20 14:02:19.922999+00:00,2.2584878
2025-06-20 14:02:28.956392+00:00,2.2584878
2025-06-20 14:02:40.544428+00:00,2.2584876
2025-06-20 14:03:07.223913+00:00,2.2584878
2025-06-20 14:03:18.808026+00:00,2.2584873
2025-06-20 14:03:32.413816+00:00,2.2584871
2025-06-20 14:03:43.707302+00:00,2.2584877
2025-06-20 14:03:56.259405+00:00,2.2584869
2025-06-20 14:04:14.324104+00:00,2.2584872
2025-06-20 14:04:23.740273+00:00,2.2584873
2025-06-20 14:04:33.987492+00:00,2.2584876
2025-06-20 14:04:50.244166+00:00,2.258488
2025-06-20 14:06:16.043313+00:00,2.2584874
2025-06-20 14:06:27.881510+00:00,2.2584874
2025-06-20 14:06:40.805424+00:00,2.2584875
2025-06-20 14:06:53.360176+00:00,2.2584876
2025-06-20 14:07:06.713421+00:00,2.2584863
2025-06-20 14:07:19.335816+00:00,2.2584875
2025-06-20 14:07:32.624837+00:00,2.2584868
2025-06-20 14:07:44.936309+00:00,2.2584868
2025-06-20 14:07:59.142152+00:00,2.258487
2025-06-20 14:08:11.166557+00:00,2.2584874
2025-06-20 14:08:22.834597+00:00,2.2584871
2025-06-20 14:08:35.203533+00:00,2.2584877
2025-06-20 14:09:08.864123+00:00,2.2584877
2025-06-20 14:09:13.311330+00:00,2.2584868
2025-06-20 14:09:25.796643+00:00,2.2584877
2025-06-20 14:09:38.343677+00:00,2.258487
2025-06-20 14:09:51.817855+00:00,2.2584876
2025-06-20 14:10:04.103279+00:00,2.2584872
2025-06-20 14:10:16.570474+00:00,2.2584876
2025-06-20 14:10:29.431849+00:00,2.2584875
2025-06-20 14:10:41.944135+00:00,2.2584879
2025-06-20 14:10:53.864372+00:00,2.258487
2025-06-20 14:11:06.931424+00:00,2.2584877
2025-06-20 14:11:20.317867+00:00,2.2584874
2025-06-20 14:11:31.837291+00:00,2.2584869
2025-06-20 14:11:44.125971+00:00,2.2584877
2025-06-20 14:11:56.632895+00:00,2.2584879
2025-06-20 14:12:10.301905+00:00,2.2584871
2025-06-20 14:12:23.131162+00:00,2.2584873
2025-06-20 14:12:35.448305+00:00,2.258487
2025-06-20 14:12:48.741921+00:00,2.2584876
2025-06-20 14:13:01.503076+00:00,2.2584877
2025-06-20 14:13:14.932267+00:00,2.258487
2025-06-20 14:13:27.102291+00:00,2.2584873
2025-06-20 14:13:43.029801+00:00,2.258488
2025-06-20 14:13:52.049415+00:00,2.2584876
2025-06-20 14:14:17.954215+00:00,2.2584878
2025-06-20 14:14:30.389576+00:00,2.2584874
2025-06-20 14:14:42.942744+00:00,2.2584875
2025-06-20 14:14:55.449101+00:00,2.2584872
2025-06-20 14:15:08.770818+00:00,2.2584876
2025-06-20 14:15:29.661696+00:00,2.2584869
2025-06-20 14:15:34.261696+00:00,2.2584879
2025-06-20 14:15:47.348823+00:00,2.258487
2025-06-20 14:15:59.330783+00:00,2.2584868
2025-06-20 14:16:12.654741+00:00,2.2584875
2025-06-20 14:16:25.122350+00:00,2.2584878
2025-06-20 14:16:36.848629+00:00,2.2584873
2025-06-20 14:16:49.521248+00:00,2.2584876
2025-06-20 14:17:02.407398+00:00,2.2584874
2025-06-20 14:17:17.573521+00:00,2.2584875
2025-06-20 14:17:26.809547+00:00,2.2584869
2025-06-20 14:17:41.033309+00:00,2.2584877
2025-06-20 14:17:51.885651+00:00,2.2584869
2025-06-20 14:18:07.943715+00:00,2.2584868
2025-06-20 14:18:17.099107+00:00,2.2584871
2025-06-20 14:18:30.232413+00:00,2.2584876
2025-06-20 14:18:41.979821+00:00,2.2584875
2025-06-20 14:18:54.657402+00:00,2.2584872
2025-06-20 14:19:07.406524+00:00,2.2584871
2025-06-20 14:19:19.501027+00:00,2.2584871
2025-06-20 14:19:32.413543+00:00,2.2584871
2025-06-20 14:19:44.561173+00:00,2.2584875
2025-06-20 14:19:57.332322+00:00,2.2584875
2025-06-20 14:20:10.190092+00:00,2.2584869
2025-06-20 14:20:23.067708+00:00,2.2584871
2025-06-20 14:20:36.330970+00:00,2.2584877
2025-06-20 14:20:48.381476+00:00,2.2584873
2025-06-20 14:21:02.078678+00:00,2.2584873
2025-06-20 14:21:13.767139+00:00,2.258487
2025-06-20 14:21:25.478222+00:00,2.2584875
2025-06-20 14:21:38.750659+00:00,2.2584872
2025-06-20 14:21:50.748233+00:00,2.2584872
2025-06-20 14:22:24.932566+00:00,2.2584877
2025-06-20 14:22:28.445146+00:00,2.2584876
2025-06-20 14:22:50.695842+00:00,2.2584876
2025-06-20 14:22:59.969776+00:00,2.2584877
2025-06-20 14:23:06.193141+00:00,2.2584874
2025-06-20 14:23:19.032414+00:00,2.2584869
2025-06-20 14:23:31.791510+00:00,2.2584878
2025-06-20 14:23:45.236594+00:00,2.2584874
2025-06-20 14:23:57.193458+00:00,2.2584872
2025-06-20 14:24:10.499894+00:00,2.258487
2025-06-20 14:24:23.269706+00:00,2.2584865
2025-06-20 14:24:36.036138+00:00,2.2584872
2025-06-20 14:24:49.123952+00:00,2.2584873
2025-06-20 14:25:01.947765+00:00,2.2584871
2025-06-20 14:25:15.001813+00:00,2.2584869
2025-06-20 14:25:29.530460+00:00,2.2584871
2025-06-20 14:25:53.089281+00:00,2.2584878
2025-06-20 14:26:11.559730+00:00,2.2584868
2025-06-20 14:26:18.425519+00:00,2.2584879
2025-06-20 14:26:43.683515+00:00,2.258488
2025-06-20 14:27:08.819483+00:00,2.2584872
2025-06-20 14:27:46.886943+00:00,2.2584873
2025-06-20 14:27:59.415791+00:00,2.2584877
2025-06-20 14:28:37.232146+00:00,2.2584872
2025-06-20 14:28:49.537145+00:00,2.2584873
2025-06-20 14:29:02.408722+00:00,2.2584875
2025-06-20 14:29:14.903060+00:00,2.258488
2025-06-20 14:29:27.235939+00:00,2.2584871
2025-06-20 14:29:40.730042+00:00,2.2584869
2025-06-20 14:29:52.446575+00:00,2.2584871
2025-06-20 14:30:05.839130+00:00,2.2584873
2025-06-20 14:30:17.984426+00:00,2.2584871
2025-06-20 14:30:30.750385+00:00,2.2584874
2025-06-20 14:30:43.446875+00:00,2.2584876
2025-06-20 14:30:55.407592+00:00,2.2584873
2025-06-20 14:31:08.113934+00:00,2.2584869
2025-06-20 14:31:21.045157+00:00,2.2584876
2025-06-20 14:31:33.585284+00:00,2.2584877
2025-06-20 14:31:45.919513+00:00,2.2584875
2025-06-20 14:31:58.350959+00:00,2.258487
2025-06-20 14:32:11.396494+00:00,2.2584873
2025-06-20 14:32:23.847439+00:00,2.2584877
2025-06-20 14:32:36.153896+00:00,2.2584874
2025-06-20 14:32:49.052926+00:00,2.2584878
2025-06-20 14:33:01.836124+00:00,2.2584873
2025-06-20 14:33:14.659724+00:00,2.2584876
2025-06-20 14:33:26.445590+00:00,2.2584874
2025-06-20 14:33:39.209866+00:00,2.258487
2025-06-20 14:33:53.093059+00:00,2.2584875
2025-06-20 14:34:30.958702+00:00,2.2584871
2025-06-20 14:34:43.742597+00:00,2.2584874
2025-06-20 14:34:56.209428+00:00,2.2584877
2025-06-20 14:35:09.441037+00:00,2.2584871
2025-06-20 14:35:22.287141+00:00,2.2584869
2025-06-20 14:35:36.241958+00:00,2.2584871
2025-06-20 14:35:47.594340+00:00,2.2584876
2025-06-20 14:36:00.079422+00:00,2.2584876
2025-06-20 14:36:13.425517+00:00,2.2584869
2025-06-20 14:36:36.705228+00:00,2.2584869
2025-06-20 14:36:51.653159+00:00,2.2584876
2025-06-20 14:37:07.419528+00:00,2.2584869
2025-06-20 14:37:16.654516+00:00,2.2584872
2025-06-20 14:37:30.217678+00:00,2.2584874
2025-06-20 14:37:44.026673+00:00,2.2584872
2025-06-20 14:37:59.254007+00:00,2.2584878
2025-06-20 14:38:07.304391+00:00,2.2584877
2025-06-20 14:38:19.282246+00:00,2.2584873
2025-06-20 14:38:32.245680+00:00,2.2584876
2025-06-20 14:38:44.246124+00:00,2.2584868
2025-06-20 14:38:56.713180+00:00,2.2584871
2025-06-20 14:39:09.493812+00:00,2.2584875
2025-06-20 14:39:21.810882+00:00,2.2584875
2025-06-20 14:39:37.920129+00:00,2.2584871
2025-06-20 14:41:00.124913+00:00,2.2584875
2025-06-20 14:41:02.691442+00:00,2.2584875
2025-06-20 14:41:15.283985+00:00,2.2584875
2025-06-20 14:41:37.961024+00:00,2.2584872
2025-06-20 14:41:39.896552+00:00,2.2584879
2025-06-20 14:41:52.672158+00:00,2.2584879
2025-06-20 14:42:05.635420+00:00,2.2584874
2025-06-20 14:42:18.060793+00:00,2.2584875
2025-06-20 14:42:47.881904+00:00,2.2584871
2025-06-20 14:43:08.729434+00:00,2.258487
2025-06-20 14:44:11.750272+00:00,2.2584872
2025-06-20 14:45:54.121571+00:00,2.258487
2025-06-20 14:46:07.597434+00:00,2.2584874
2025-06-20 14:46:19.805335+00:00,2.258487
2025-06-20 14:46:32.686199+00:00,2.258487
2025-06-20 14:46:45.515095+00:00,2.2584879
2025-06-20 14:46:58.428474+00:00,2.2584873
2025-06-20 14:47:10.939985+00:00,2.2584875
2025-06-20 14:47:23.479889+00:00,2.2584879
2025-06-20 14:47:36.345723+00:00,2.2584872
2025-06-20 14:47:49.139546+00:00,2.2584877
2025-06-20 14:48:01.736821+00:00,2.2584878
2025-06-20 14:48:13.895693+00:00,2.2584875
2025-06-20 14:48:49.507653+00:00,2.2584874
2025-06-20 14:48:52.237919+00:00,2.2584872
2025-06-20 14:49:10.905107+00:00,2.2584869
2025-06-20 14:49:16.903687+00:00,2.2584868
2025-06-20 14:49:42.074212+00:00,2.2584871
2025-06-20 14:49:54.343132+00:00,2.2584872
2025-06-20 14:50:07.208570+00:00,2.2584871
2025-06-20 14:50:19.869110+00:00,2.2584872
2025-06-20 14:50:32.328079+00:00,2.2584872
2025-06-20 14:50:45.240218+00:00,2.2584875
2025-06-20 14:50:58.027503+00:00,2.2584874
2025-06-20 14:51:10.043904+00:00,2.2584874
2025-06-20 14:51:22.281223+00:00,2.2584869
2025-06-20 14:51:34.945463+00:00,2.2584875
2025-06-20 14:51:48.134013+00:00,2.2584871
2025-06-20 14:52:02.500427+00:00,2.2584876
2025-06-20 14:52:13.674654+00:00,2.2584873
2025-06-20 14:52:25.415265+00:00,2.2584876
2025-06-20 14:52:37.759945+00:00,2.2584869
2025-06-20 14:52:55.155786+00:00,2.2584873
2025-06-20 14:53:03.268478+00:00,2.2584879
2025-06-20 14:54:57.532035+00:00,2.258487
2025-06-20 14:55:12.137633+00:00,2.2584868
2025-06-20 14:55:39.735499+00:00,2.2584877
2025-06-20 14:55:48.565947+00:00,2.2584874
2025-06-20 14:56:01.743953+00:00,2.2584876
2025-06-20 14:56:14.500678+00:00,2.2584871
2025-06-20 14:56:26.627677+00:00,2.2584878
2025-06-20 14:57:49.133815+00:00,2.2584869
2025-06-20 14:57:55.593122+00:00,2.2584879
2025-06-20 14:58:08.365500+00:00,2.2584875
2025-06-20 14:58:20.776236+00:00,2.2584876
2025-06-20 14:58:32.969410+00:00,2.2584877
2025-06-20 14:58:45.306959+00:00,2.2584874
2025-06-20 14:58:57.690417+00:00,2.2584879
2025-06-20 14:59:11.130399+00:00,2.2584873
2025-06-20 14:59:23.258686+00:00,2.2584877
2025-06-20 14:59:36.149500+00:00,2.2584875
2025-06-20 14:59:49.340732+00:00,2.2584871
2025-06-20 15:00:02.278452+00:00,2.2584874
2025-06-20 15:00:14.045592+00:00,2.2584871
2025-06-20 15:00:26.723060+00:00,2.2584869
2025-06-20 15:00:39.577829+00:00,2.2584873
2025-06-20 15:00:58.931025+00:00,2.258487
2025-06-20 15:01:04.086887+00:00,2.2584875
2025-06-20 15:01:29.397775+00:00,2.258487
2025-06-20 15:02:12.780899+00:00,2.2584874
2025-06-20 15:02:35.330419+00:00,2.2584873
2025-06-20 15:02:45.233505+00:00,2.2584877
2025-06-20 15:02:58.515325+00:00,2.2584869
2025-06-20 15:03:10.378461+00:00,2.2584873
2025-06-20 15:03:23.269096+00:00,2.2584874
2025-06-20 15:03:36.657568+00:00,2.2584872
2025-06-20 15:03:48.126056+00:00,2.258487
2025-06-20 15:04:00.561362+00:00,2.2584874
2025-06-20 15:04:13.218337+00:00,2.2584871
2025-06-20 15:04:26.293513+00:00,2.2584878
2025-06-20 15:04:39.165594+00:00,2.2584876
2025-06-20 15:04:51.933688+00:00,2.2584875
2025-06-20 15:05:04.963030+00:00,2.2584876
2025-06-20 15:05:18.845518+00:00,2.2584871
2025-06-20 15:05:32.098940+00:00,2.2584879
2025-06-20 15:05:43.586316+00:00,2.2584868
2025-06-20 15:05:55.917523+00:00,2.2584875
2025-06-20 15:06:09.038273+00:00,2.258487
2025-06-20 15:06:21.588272+00:00,2.2584875
2025-06-20 15:06:34.330096+00:00,2.258487
2025-06-20 15:06:47.456728+00:00,2.2584872
2025-06-20 15:06:59.836056+00:00,2.2584874
2025-06-20 15:07:13.636768+00:00,2.2584866
2025-06-20 15:07:29.956646+00:00,2.2584872
2025-06-20 15:07:37.980742+00:00,2.2584874
2025-06-20 15:07:50.712249+00:00,2.2584875
2025-06-20 15:08:03.515813+00:00,2.2584879
2025-06-20 15:08:16.258076+00:00,2.2584871
2025-06-20 15:08:28.796556+00:00,2.2584874
2025-06-20 15:08:41.771509+00:00,2.2584873
2025-06-20 15:08:53.888370+00:00,2.2584876
2025-06-20 15:09:07.305992+00:00,2.2584874
2025-06-20 15:09:19.072404+00:00,2.2584877
2025-06-20 15:09:31.593795+00:00,2.2584873
2025-06-20 15:09:44.222836+00:00,2.2584868
2025-06-20 15:09:56.475874+00:00,2.2584879
2025-06-20 15:10:09.008156+00:00,2.2584874
2025-06-20 15:10:22.104760+00:00,2.2584875
2025-06-20 15:10:35.254765+00:00,2.2584873
2025-06-20 15:10:47.467155+00:00,2.258488
2025-06-20 15:11:01.834647+00:00,2.2584876
2025-06-20 15:11:12.401922+00:00,2.258487
2025-06-20 15:11:24.807658+00:00,2.258487
2025-06-20 15:11:38.875116+00:00,2.2584874
2025-06-20 15:11:50.332593+00:00,2.2584877
2025-06-20 15:12:02.701795+00:00,2.2584873
2025-06-20 15:12:15.350709+00:00,2.2584875
2025-06-20 15:12:27.561249+00:00,2.2584878
2025-06-20 15:12:40.098369+00:00,2.2584873
2025-06-20 15:12:53.361682+00:00,2.2584876
2025-06-20 15:13:05.293500+00:00,2.2584874
2025-06-20 15:13:18.340703+00:00,2.2584876
2025-06-20 15:13:31.076683+00:00,2.2584872
2025-06-20 15:13:43.052065+00:00,2.2584872
2025-06-20 15:13:56.195731+00:00,2.2584877
2025-06-20 15:14:08.404699+00:00,2.2584876
2025-06-20 15:14:34.265770+00:00,2.2584867
2025-06-20 15:14:46.645225+00:00,2.258487
2025-06-20 15:14:59.984612+00:00,2.2584874
2025-06-20 15:15:20.456068+00:00,2.2584871
2025-06-20 15:15:26.257254+00:00,2.2584878
2025-06-20 15:15:38.582918+00:00,2.258488
2025-06-20 15:15:50.470584+00:00,2.2584878
2025-06-20 15:16:16.730429+00:00,2.2584874
2025-06-20 15:16:28.872195+00:00,2.258487
2025-06-20 15:16:41.687091+00:00,2.2584871
2025-06-20 15:16:54.645659+00:00,2.2584877
2025-06-20 15:17:45.220243+00:00,2.258487
2025-06-20 15:18:23.404018+00:00,2.2584871
2025-06-20 15:18:36.392395+00:00,2.2584874
2025-06-20 15:18:48.883862+00:00,2.2584877
2025-06-20 15:19:01.364546+00:00,2.2584871
2025-06-20 15:19:13.831120+00:00,2.2584869
2025-06-20 15:19:26.013815+00:00,2.2584873
2025-06-20 15:19:38.651770+00:00,2.2584869
2025-06-20 15:19:50.534236+00:00,2.2584872
2025-06-20 15:20:06.067543+00:00,2.2584876
2025-06-20 15:20:17.073997+00:00,2.2584879
2025-06-20 15:20:29.448208+00:00,2.2584873
2025-06-20 15:20:44.374678+00:00,2.2584871
2025-06-20 15:20:54.456543+00:00,2.258487
2025-06-20 15:21:07.630212+00:00,2.2584868
2025-06-20 15:21:24.444502+00:00,2.2584874
2025-06-20 15:21:33.929784+00:00,2.2584868
2025-06-20 15:21:44.236812+00:00,2.2584871
2025-06-20 15:21:56.979116+00:00,2.2584873
2025-06-20 15:22:09.895556+00:00,2.2584873
2025-06-20 15:22:22.597127+00:00,2.2584875
2025-06-20 15:22:36.121558+00:00,2.2584876
2025-06-20 15:22:47.226873+00:00,2.2584872
2025-06-20 15:22:59.555827+00:00,2.2584878
2025-06-20 15:23:13.027660+00:00,2.2584868
2025-06-20 15:23:24.764443+00:00,2.2584876
2025-06-20 15:23:37.126031+00:00,2.2584868
2025-06-20 15:23:49.773951+00:00,2.2584869
2025-06-20 15:24:02.316810+00:00,2.2584877
2025-06-20 15:24:15.043020+00:00,2.2584874
2025-06-20 15:24:34.970222+00:00,2.2584871
2025-06-20 15:24:40.711317+00:00,2.2584879
2025-06-20 15:24:53.326452+00:00,2.2584872
2025-06-20 15:25:06.401754+00:00,2.2584872
2025-06-20 15:25:19.474277+00:00,2.2584873
2025-06-20 15:25:32.206012+00:00,2.2584875
2025-06-20 15:25:45.063257+00:00,2.2584872
2025-06-20 15:25:57.851551+00:00,2.2584876
2025-06-20 15:26:11.134342+00:00,2.2584879
2025-06-20 15:26:22.998165+00:00,2.2584867
2025-06-20 15:26:35.755881+00:00,2.258487
2025-06-20 15:26:49.029693+00:00,2.2584872
2025-06-20 15:27:02.935463+00:00,2.2584881
2025-06-20 15:27:13.726503+00:00,2.2584876
2025-06-20 15:27:26.295485+00:00,2.2584867
2025-06-20 15:27:39.340459+00:00,2.2584869
2025-06-20 15:27:52.157469+00:00,2.2584872
2025-06-20 15:28:05.043266+00:00,2.2584875
2025-06-20 15:28:17.845428+00:00,2.2584879
2025-06-20 15:28:29.976378+00:00,2.2584869
2025-06-20 15:28:42.540704+00:00,2.2584873
2025-06-20 15:28:55.137817+00:00,2.2584875
2025-06-20 15:29:07.367521+00:00,2.258487
2025-06-20 15:29:19.921271+00:00,2.2584874
2025-06-20 15:29:32.509785+00:00,2.2584873
2025-06-20 15:29:44.942722+00:00,2.2584877
2025-06-20 15:29:57.175935+00:00,2.2584876
2025-06-20 15:30:10.245111+00:00,2.2584868
2025-06-20 15:30:22.608496+00:00,2.258487
2025-06-20 15:30:36.357342+00:00,2.2584874
2025-06-20 15:30:47.715954+00:00,2.2584872
2025-06-20 15:31:00.149271+00:00,2.2584873
2025-06-20 15:31:12.784030+00:00,2.2584871
2025-06-20 15:31:25.215502+00:00,2.2584874
2025-06-20 15:31:37.769650+00:00,2.2584873
2025-06-20 15:31:50.345479+00:00,2.2584872
2025-06-20 15:32:02.988175+00:00,2.2584873
2025-06-20 15:32:15.763201+00:00,2.2584875
2025-06-20 15:32:28.298257+00:00,2.2584881
2025-06-20 15:32:43.871704+00:00,2.2584867
2025-06-20 15:32:53.040446+00:00,2.2584878
2025-06-20 15:33:20.987655+00:00,2.2584873
2025-06-20 15:33:30.936169+00:00,2.2584868
2025-06-20 15:33:43.372414+00:00,2.2584877
2025-06-20 15:33:55.599313+00:00,2.2584879
2025-06-20 15:34:08.243511+00:00,2.2584871
2025-06-20 15:34:20.686528+00:00,2.258487
2025-06-20 15:34:33.726238+00:00,2.2584872
2025-06-20 15:34:46.384381+00:00,2.2584878
2025-06-20 15:35:00.508284+00:00,2.2584871
2025-06-20 15:35:11.885193+00:00,2.2584875
2025-06-20 15:35:28.373736+00:00,2.2584877
2025-06-20 15:35:37.875775+00:00,2.2584879
2025-06-20 15:35:50.716491+00:00,2.2584878
2025-06-20 15:36:03.448695+00:00,2.2584875
2025-06-20 15:36:16.157306+00:00,2.2584868
2025-06-20 15:36:28.501759+00:00,2.2584874
2025-06-20 15:36:41.275897+00:00,2.258487
2025-06-20 15:36:54.574769+00:00,2.2584871
2025-06-20 15:37:08.339022+00:00,2.2584872
2025-06-20 15:37:22.275775+00:00,2.2584875
2025-06-20 15:37:44.431682+00:00,2.2584873
2025-06-20 15:37:58.381767+00:00,2.2584874
2025-06-20 15:38:10.429818+00:00,2.2584873
2025-06-20 15:38:23.033130+00:00,2.2584876
2025-06-20 15:38:35.339800+00:00,2.2584872
2025-06-20 15:38:49.844213+00:00,2.2584873
2025-06-20 15:39:00.886141+00:00,2.2584868
2025-06-20 15:39:13.349435+00:00,2.2584877
2025-06-20 15:39:24.980931+00:00,2.2584876
2025-06-20 15:39:37.531849+00:00,2.2584875
2025-06-20 15:39:50.185329+00:00,2.2584874
2025-06-20 15:40:03.018332+00:00,2.2584874
2025-06-20 15:40:15.714483+00:00,2.2584873
2025-06-20 15:40:28.227506+00:00,2.2584877
2025-06-20 15:40:41.170110+00:00,2.2584866
2025-06-20 15:40:53.237951+00:00,2.2584875
2025-06-20 15:41:06.945385+00:00,2.2584879
2025-06-20 15:41:19.280069+00:00,2.2584872
2025-06-20 15:41:44.307475+00:00,2.2584876
2025-06-20 15:41:56.429717+00:00,2.2584878
2025-06-20 15:42:10.169197+00:00,2.2584872
2025-06-20 15:42:21.795626+00:00,2.2584874
2025-06-20 15:42:34.483761+00:00,2.2584871
2025-06-20 15:42:46.911930+00:00,2.2584875
2025-06-20 15:42:59.439794+00:00,2.2584867
2025-06-20 15:43:12.291463+00:00,2.2584868
2025-06-20 15:43:24.379132+00:00,2.2584872
2025-06-20 15:43:38.516039+00:00,2.2584878
2025-06-20 15:43:49.551949+00:00,2.2584871
2025-06-20 15:44:02.437967+00:00,2.258487
2025-06-20 15:44:16.638195+00:00,2.2584874
2025-06-20 15:44:27.267198+00:00,2.2584875
2025-06-20 15:44:42.881053+00:00,2.2584871
2025-06-20 15:46:17.627060+00:00,2.258487
2025-06-20 15:46:22.825529+00:00,2.2584877
2025-06-20 15:46:35.475955+00:00,2.2584876
2025-06-20 15:46:48.630870+00:00,2.2584873
2025-06-20 15:47:01.367489+00:00,2.258487
2025-06-20 15:47:14.099423+00:00,2.258487
2025-06-20 15:47:26.199334+00:00,2.2584873
2025-06-20 15:47:39.161283+00:00,2.2584869
2025-06-20 15:47:51.804482+00:00,2.2584873
2025-06-20 15:48:04.923956+00:00,2.2584875
2025-06-20 15:48:17.289684+00:00,2.2584878
2025-06-20 15:48:29.534488+00:00,2.2584875
2025-06-20 15:48:42.336517+00:00,2.2584874
2025-06-20 15:48:54.771518+00:00,2.2584872
2025-06-20 15:49:08.114568+00:00,2.2584872
2025-06-20 15:49:20.020862+00:00,2.2584873
2025-06-20 15:49:33.440068+00:00,2.2584873
2025-06-20 15:49:45.147196+00:00,2.2584873
2025-06-20 15:49:57.652477+00:00,2.2584879
2025-06-20 15:50:10.672056+00:00,2.2584875
2025-06-20 15:50:22.946376+00:00,2.2584868
2025-06-20 15:50:35.913914+00:00,2.2584872
2025-06-20 15:50:48.290395+00:00,2.2584873
2025-06-20 15:51:00.927047+00:00,2.2584875
2025-06-20 15:51:14.480078+00:00,2.2584877
2025-06-20 15:51:26.108468+00:00,2.2584878
2025-06-20 15:51:38.619219+00:00,2.2584866
2025-06-20 15:51:52.077731+00:00,2.2584876
2025-06-20 15:52:04.678324+00:00,2.2584875
2025-06-20 15:52:16.718133+00:00,2.2584878
2025-06-20 15:52:28.720334+00:00,2.2584877
2025-06-20 15:52:44.590817+00:00,2.2584874
2025-06-20 15:52:54.244385+00:00,2.258487
2025-06-20 15:53:07.091836+00:00,2.2584869
2025-06-20 15:53:20.138723+00:00,2.2584873
2025-06-20 15:53:32.341787+00:00,2.2584876
2025-06-20 15:53:44.592560+00:00,2.2584868
2025-06-20 15:53:56.932794+00:00,2.2584874
2025-06-20 15:54:09.984462+00:00,2.2584876
2025-06-20 15:54:22.363320+00:00,2.2584876
2025-06-20 15:54:35.306523+00:00,2.2584876
2025-06-20 15:54:48.501827+00:00,2.2584875
2025-06-20 15:55:01.380010+00:00,2.2584874
2025-06-20 15:55:14.406088+00:00,2.2584869
2025-06-20 15:55:28.149523+00:00,2.2584869
2025-06-20 15:55:40.201927+00:00,2.2584869
2025-06-20 15:55:54.049820+00:00,2.2584869
2025-06-20 15:56:20.455660+00:00,2.2584876
2025-06-20 15:56:34.632811+00:00,2.2584877
2025-06-20 15:56:43.003401+00:00,2.2584871
2025-06-20 15:56:59.692555+00:00,2.2584874
2025-06-20 15:57:11.866182+00:00,2.2584875
2025-06-20 15:57:21.353334+00:00,2.258487
2025-06-20 15:57:35.657395+00:00,2.258487
2025-06-20 15:57:50.245026+00:00,2.2584876
2025-06-20 15:58:01.297842+00:00,2.2584869
2025-06-20 15:58:12.605794+00:00,2.2584874
2025-06-20 15:58:24.760336+00:00,2.2584872
2025-06-20 15:58:37.358889+00:00,2.2584875
2025-06-20 15:58:49.842019+00:00,2.2584878
2025-06-20 15:59:07.340521+00:00,2.2584871
2025-06-20 15:59:14.674716+00:00,2.258487
2025-06-20 15:59:27.314553+00:00,2.2584873
2025-06-20 15:59:51.935923+00:00,2.2584873
2025-06-20 16:00:04.965253+00:00,2.258488
2025-06-20 16:00:17.738809+00:00,2.2584869
2025-06-20 16:00:43.044267+00:00,2.2584872
2025-06-20 16:00:59.658353+00:00,2.258487
2025-06-20 16:01:21.060349+00:00,2.258487
2025-06-20 16:01:45.202951+00:00,2.2584874
2025-06-20 16:01:57.876384+00:00,2.2584871
2025-06-20 16:02:10.429567+00:00,2.2584875
2025-06-20 16:02:22.775978+00:00,2.2584875
2025-06-20 16:02:36.402140+00:00,2.2584876
2025-06-20 16:03:13.689738+00:00,2.2584868
2025-06-20 16:03:25.858797+00:00,2.2584864
2025-06-20 16:03:39.221482+00:00,2.2584863
2025-06-20 16:03:51.116060+00:00,2.2584874
2025-06-20 16:04:04.682877+00:00,2.2584875
2025-06-20 16:04:16.906944+00:00,2.2584874
2025-06-20 16:04:29.749243+00:00,2.2584872
2025-06-20 16:04:42.408188+00:00,2.2584875
2025-06-20 16:04:55.173267+00:00,2.2584876
2025-06-20 16:05:10.068869+00:00,2.2584868
2025-06-20 16:05:21.524366+00:00,2.258487
2025-06-20 16:05:34.224128+00:00,2.2584871
2025-06-20 16:05:47.106548+00:00,2.2584876
2025-06-20 16:05:59.034715+00:00,2.258488
2025-06-20 16:06:12.896905+00:00,2.2584878
2025-06-20 16:06:24.495124+00:00,2.258488
2025-06-20 16:06:37.661585+00:00,2.2584877
2025-06-20 16:06:49.961907+00:00,2.2584876
2025-06-20 16:07:02.830091+00:00,2.2584876
2025-06-20 16:07:16.920697+00:00,2.2584871
2025-06-20 16:07:28.086899+00:00,2.2584877
2025-06-20 16:07:41.430482+00:00,2.2584876
2025-06-20 16:07:53.577969+00:00,2.2584872
2025-06-20 16:08:06.926669+00:00,2.2584868
2025-06-20 16:08:20.412651+00:00,2.2584872
2025-06-20 16:08:36.713265+00:00,2.2584876
2025-06-20 16:08:44.661095+00:00,2.2584873
2025-06-20 16:08:57.235875+00:00,2.2584874
2025-06-20 16:09:09.952388+00:00,2.2584875
2025-06-20 16:09:22.535970+00:00,2.2584873
2025-06-20 16:09:34.811177+00:00,2.2584873
2025-06-20 16:09:50.820330+00:00,2.2584873
2025-06-20 16:09:59.986905+00:00,2.2584876
2025-06-20 16:10:18.587942+00:00,2.2584873
2025-06-20 16:10:26.415144+00:00,2.2584868
2025-06-20 16:10:37.410871+00:00,2.2584869
2025-06-20 16:10:50.336495+00:00,2.2584878
2025-06-20 16:11:03.992650+00:00,2.2584875
2025-06-20 16:11:15.414888+00:00,2.2584871
2025-06-20 16:11:28.328023+00:00,2.2584877
2025-06-20 16:11:40.802982+00:00,2.2584872
2025-06-20 16:11:52.890898+00:00,2.258487
2025-06-20 16:12:06.025703+00:00,2.2584873
2025-06-20 16:12:18.495145+00:00,2.2584878
2025-06-20 16:12:31.287306+00:00,2.2584874
2025-06-20 16:12:43.527809+00:00,2.2584873
2025-06-20 16:12:56.141326+00:00,2.2584871
2025-06-20 16:13:09.028300+00:00,2.2584868
2025-06-20 16:13:22.255301+00:00,2.2584878
2025-06-20 16:13:35.254587+00:00,2.258487
2025-06-20 16:13:49.721106+00:00,2.258487
2025-06-20 16:14:05.050565+00:00,2.2584874
2025-06-20 16:14:11.628899+00:00,2.2584871
2025-06-20 16:14:23.806976+00:00,2.258487
2025-06-20 16:14:36.425175+00:00,2.258487
2025-06-20 16:14:49.564844+00:00,2.2584869
2025-06-20 16:15:02.124833+00:00,2.2584869
2025-06-20 16:15:14.708791+00:00,2.2584871
2025-06-20 16:15:27.596150+00:00,2.2584878
2025-06-20 16:15:39.950098+00:00,2.258487
2025-06-20 16:15:52.436927+00:00,2.2584873
2025-06-20 16:16:06.341196+00:00,2.2584872
2025-06-20 16:16:21.245562+00:00,2.2584873
2025-06-20 16:16:31.378255+00:00,2.2584874
2025-06-20 16:16:43.898600+00:00,2.2584877
2025-06-20 16:16:56.525592+00:00,2.2584871
2025-06-20 16:17:09.622644+00:00,2.2584868
2025-06-20 16:17:22.110296+00:00,2.2584871
2025-06-20 16:17:34.772912+00:00,2.2584874
2025-06-20 16:17:48.563340+00:00,2.2584871
2025-06-20 16:18:00.321814+00:00,2.2584873
2025-06-20 16:18:12.887788+00:00,2.2584873
2025-06-20 16:18:25.772472+00:00,2.2584877
2025-06-20 16:18:55.667402+00:00,2.2584873
2025-06-20 16:19:16.959682+00:00,2.2584876
2025-06-20 16:19:29.687837+00:00,2.2584875
2025-06-20 16:19:41.771164+00:00,2.2584878
2025-06-20 16:19:54.231870+00:00,2.2584874
2025-06-20 16:20:06.618313+00:00,2.2584874
2025-06-20 16:20:19.350832+00:00,2.2584878
2025-06-20 16:20:32.664795+00:00,2.2584877
2025-06-20 16:20:44.430142+00:00,2.2584875
2025-06-20 16:21:42.769231+00:00,2.2584877
2025-06-20 16:22:12.946433+00:00,2.2584876
2025-06-20 16:22:38.173035+00:00,2.2584869
2025-06-20 16:22:51.239852+00:00,2.2584871
2025-06-20 16:23:03.658144+00:00,2.2584871
2025-06-20 16:23:16.012161+00:00,2.2584872
2025-06-20 16:23:29.437005+00:00,2.2584869
2025-06-20 16:23:41.193142+00:00,2.258487
2025-06-20 16:23:53.729218+00:00,2.2584873
2025-06-20 16:24:06.562713+00:00,2.2584876
2025-06-20 16:24:18.902149+00:00,2.2584871
2025-06-20 16:24:31.145383+00:00,2.2584874
2025-06-20 16:24:50.940951+00:00,2.2584876
2025-06-20 16:24:59.801840+00:00,2.258487
2025-06-20 16:25:08.969691+00:00,2.2584872
2025-06-20 16:25:26.233367+00:00,2.2584877
2025-06-20 16:26:00.109537+00:00,2.2584872
2025-06-20 16:26:12.182879+00:00,2.2584869
2025-06-20 16:26:34.368857+00:00,2.258487
2025-06-20 16:26:37.383737+00:00,2.2584877
2025-06-20 16:26:55.016559+00:00,2.2584871
2025-06-20 16:27:03.659170+00:00,2.258487
2025-06-20 16:27:16.573809+00:00,2.2584876
2025-06-20 16:27:28.859005+00:00,2.2584872
2025-06-20 16:27:41.424521+00:00,2.2584873
2025-06-20 16:27:54.711631+00:00,2.258487
2025-06-20 16:28:07.165240+00:00,2.258487
2025-06-20 16:28:19.689960+00:00,2.2584877
2025-06-20 16:28:32.663719+00:00,2.2584875
2025-06-20 16:28:46.156136+00:00,2.2584871
2025-06-20 16:29:02.464165+00:00,2.2584877
2025-06-20 16:29:11.104983+00:00,2.2584873
2025-06-20 16:29:23.100185+00:00,2.2584869
2025-06-20 16:29:38.439640+00:00,2.2584867
2025-06-20 16:29:48.716143+00:00,2.2584872
2025-06-20 16:30:01.428782+00:00,2.2584873
2025-06-20 16:30:14.205475+00:00,2.2584875
2025-06-20 16:30:51.167079+00:00,2.2584871
2025-06-20 16:31:04.377003+00:00,2.2584873
2025-06-20 16:31:16.266533+00:00,2.2584874
2025-06-20 16:31:28.551726+00:00,2.2584872
2025-06-20 16:31:41.419793+00:00,2.2584875
2025-06-20 16:31:54.345313+00:00,2.2584875
2025-06-20 16:32:07.384021+00:00,2.2584872
2025-06-20 16:32:21.401992+00:00,2.2584881
2025-06-20 16:32:32.897283+00:00,2.2584874
2025-06-20 16:32:45.000366+00:00,2.2584873
2025-06-20 16:32:57.512041+00:00,2.2584872
2025-06-20 16:33:10.556663+00:00,2.258487
2025-06-20 16:33:22.658473+00:00,2.2584868
2025-06-20 16:33:35.204343+00:00,2.2584873
2025-06-20 16:33:47.864861+00:00,2.2584871
2025-06-20 16:34:00.297472+00:00,2.2584875
2025-06-20 16:34:13.061807+00:00,2.2584873
2025-06-20 16:34:25.241226+00:00,2.258487
2025-06-20 16:34:37.999458+00:00,2.2584868
2025-06-20 16:34:50.665795+00:00,2.258487
2025-06-20 16:35:03.712994+00:00,2.2584876
2025-06-20 16:35:16.212078+00:00,2.258487
2025-06-20 16:35:28.488502+00:00,2.2584873
2025-06-20 16:35:41.109162+00:00,2.2584875
2025-06-20 16:35:53.163390+00:00,2.2584877
2025-06-20 16:36:06.446149+00:00,2.258487
2025-06-20 16:36:18.809737+00:00,2.258487
2025-06-20 16:36:31.904429+00:00,2.2584874
2025-06-20 16:36:44.058230+00:00,2.2584872
2025-06-20 16:36:56.929195+00:00,2.2584873
2025-06-20 16:37:09.811686+00:00,2.2584878
2025-06-20 16:37:30.990583+00:00,2.2584872
2025-06-20 16:37:36.313575+00:00,2.2584872
2025-06-20 16:37:48.766865+00:00,2.2584871
2025-06-20 16:38:01.218479+00:00,2.2584872
2025-06-20 16:38:13.844660+00:00,2.2584871
2025-06-20 16:38:27.176745+00:00,2.2584877
2025-06-20 16:38:39.155851+00:00,2.2584876
2025-06-20 16:38:52.049928+00:00,2.2584872
2025-06-20 16:39:04.867097+00:00,2.2584871
2025-06-20 16:39:17.765861+00:00,2.2584876
2025-06-20 16:39:30.285491+00:00,2.2584875
2025-06-20 16:39:43.294785+00:00,2.2584873
2025-06-20 16:39:55.679024+00:00,2.2584872
2025-06-20 16:40:37.002040+00:00,2.2584873
2025-06-20 16:40:47.273240+00:00,2.2584878
2025-06-20 16:40:59.257141+00:00,2.2584871
2025-06-20 16:41:39.042071+00:00,2.2584869
2025-06-20 16:41:51.707718+00:00,2.2584873
2025-06-20 16:42:01.435631+00:00,2.2584875
2025-06-20 16:42:13.797498+00:00,2.258487
2025-06-20 16:42:35.241078+00:00,2.2584871
2025-06-20 16:42:39.397438+00:00,2.2584877
2025-06-20 16:42:51.598562+00:00,2.2584875
2025-06-20 16:43:08.993410+00:00,2.2584875
2025-06-20 16:43:17.051041+00:00,2.2584875
2025-06-20 16:43:29.322939+00:00,2.2584874
2025-06-20 16:43:58.247910+00:00,2.258488
2025-06-20 16:44:07.358192+00:00,2.2584871
2025-06-20 16:44:19.779053+00:00,2.2584869
2025-06-20 16:44:32.411829+00:00,2.2584871
2025-06-20 16:44:45.299312+00:00,2.2584875
2025-06-20 16:44:57.638459+00:00,2.2584876
2025-06-20 16:45:10.499363+00:00,2.2584867
2025-06-20 16:45:23.372189+00:00,2.2584869
2025-06-20 16:45:35.249015+00:00,2.2584873
2025-06-20 16:45:49.576116+00:00,2.2584877
2025-06-20 16:46:01.161904+00:00,2.2584874
2025-06-20 16:46:13.079442+00:00,2.2584879
2025-06-20 16:46:25.787377+00:00,2.2584873
2025-06-20 16:46:38.388454+00:00,2.2584876
2025-06-20 16:46:52.678668+00:00,2.2584871
2025-06-20 16:47:05.612590+00:00,2.2584879
2025-06-20 16:47:17.112473+00:00,2.2584876
2025-06-20 16:47:29.728507+00:00,2.2584873
2025-06-20 16:47:42.376173+00:00,2.2584867
2025-06-20 16:47:55.243030+00:00,2.2584869
2025-06-20 16:48:11.258563+00:00,2.2584869
2025-06-20 16:48:20.877341+00:00,2.2584877
2025-06-20 16:49:24.625758+00:00,2.2584876
2025-06-20 16:49:40.713382+00:00,2.2584876
2025-06-20 16:49:50.505456+00:00,2.2584872
2025-06-20 16:50:03.267047+00:00,2.2584877
2025-06-20 16:50:16.138995+00:00,2.258487
2025-06-20 16:50:41.660710+00:00,2.2584873
2025-06-20 16:50:53.917328+00:00,2.2584874
2025-06-20 16:51:06.206219+00:00,2.2584874
2025-06-20 16:51:19.309096+00:00,2.2584869
2025-06-20 16:51:31.092089+00:00,2.2584871
2025-06-20 16:51:43.190756+00:00,2.2584875
2025-06-20 16:51:55.713919+00:00,2.2584871
2025-06-20 16:52:09.055960+00:00,2.2584877
2025-06-20 16:52:29.937119+00:00,2.2584874
2025-06-20 16:53:49.898704+00:00,2.2584878
2025-06-20 16:54:02.527379+00:00,2.258487
2025-06-20 16:54:14.836250+00:00,2.2584875
2025-06-20 16:54:50.471558+00:00,2.2584871
2025-06-20 16:54:52.411583+00:00,2.2584877
2025-06-20 16:56:34.958678+00:00,2.2584874
2025-06-20 16:56:46.182807+00:00,2.2584874
2025-06-20 16:56:58.131655+00:00,2.2584871
2025-06-20 16:57:11.590492+00:00,2.2584876
2025-06-20 16:57:23.898306+00:00,2.2584874
2025-06-20 16:57:36.826920+00:00,2.2584873
2025-06-20 16:57:49.494643+00:00,2.2584873
2025-06-20 16:58:02.858770+00:00,2.2584877
2025-06-20 16:58:15.513329+00:00,2.2584866
2025-06-20 16:58:28.066586+00:00,2.2584872
2025-06-20 16:58:40.667566+00:00,2.2584879
2025-06-20 16:58:53.480180+00:00,2.2584875
2025-06-20 16:59:13.950652+00:00,2.2584871
2025-06-20 16:59:41.435097+00:00,2.2584879
2025-06-20 16:59:44.754105+00:00,2.258487
2025-06-20 16:59:58.592134+00:00,2.2584872
2025-06-20 17:00:10.678553+00:00,2.2584878
2025-06-20 17:00:23.735702+00:00,2.2584877
2025-06-20 17:00:36.497454+00:00,2.258487
2025-06-20 17:00:48.841411+00:00,2.2584872
2025-06-20 17:01:01.189453+00:00,2.2584872
2025-06-20 17:01:13.432787+00:00,2.2584872
2025-06-20 17:01:26.616439+00:00,2.2584872
2025-06-20 17:01:38.765267+00:00,2.2584873
2025-06-20 17:01:51.029944+00:00,2.2584871
2025-06-20 17:02:03.447544+00:00,2.2584878
2025-06-20 17:02:16.122549+00:00,2.2584869
2025-06-20 17:02:33.751074+00:00,2.2584871
2025-06-20 17:02:41.166727+00:00,2.2584877
2025-06-20 17:02:54.035041+00:00,2.2584868
2025-06-20 17:03:19.664569+00:00,2.2584876
2025-06-20 17:03:31.436630+00:00,2.2584875
2025-06-20 17:03:43.711015+00:00,2.2584869
2025-06-20 17:03:56.269823+00:00,2.258487
2025-06-20 17:04:09.736421+00:00,2.2584877
2025-06-20 17:04:34.703090+00:00,2.2584871
2025-06-20 17:04:48.352112+00:00,2.2584878
2025-06-20 17:05:02.188009+00:00,2.2584869
2025-06-20 17:05:25.268059+00:00,2.2584868
2025-06-20 17:05:37.668773+00:00,2.2584874
2025-06-20 17:05:49.699962+00:00,2.2584872
2025-06-20 17:06:02.948424+00:00,2.258487
2025-06-20 17:06:14.843289+00:00,2.2584878
2025-06-20 17:06:27.425449+00:00,2.2584872
2025-06-20 17:06:43.158927+00:00,2.2584876
2025-06-20 17:07:05.365558+00:00,2.2584871
2025-06-20 17:07:17.959892+00:00,2.2584874
2025-06-20 17:07:30.647070+00:00,2.2584876
2025-06-20 17:07:43.549135+00:00,2.2584874
2025-06-20 17:07:56.235765+00:00,2.2584873
2025-06-20 17:08:09.204629+00:00,2.2584879
2025-06-20 17:08:22.107996+00:00,2.2584876
2025-06-20 17:08:35.551259+00:00,2.2584874
2025-06-20 17:08:48.767679+00:00,2.2584879
2025-06-20 17:09:00.762880+00:00,2.2584875
2025-06-20 17:09:13.230711+00:00,2.2584876
2025-06-20 17:09:25.774660+00:00,2.2584878
2025-06-20 17:09:38.572036+00:00,2.2584876
2025-06-20 17:09:51.420843+00:00,2.2584877
2025-06-20 17:10:04.197025+00:00,2.2584874
2025-06-20 17:10:17.476477+00:00,2.2584874
2025-06-20 17:10:30.093347+00:00,2.2584872
2025-06-20 17:10:42.520588+00:00,2.2584876
2025-06-20 17:10:54.957379+00:00,2.2584879
2025-06-20 17:11:07.992226+00:00,2.2584877
2025-06-20 17:11:20.536991+00:00,2.2584874
2025-06-20 17:11:33.684071+00:00,2.2584875
2025-06-20 17:11:46.069311+00:00,2.2584874
2025-06-20 17:11:58.314576+00:00,2.2584874
2025-06-20 17:12:11.311703+00:00,2.2584874
2025-06-20 17:12:23.379025+00:00,2.2584876
2025-06-20 17:12:35.509454+00:00,2.2584873
2025-06-20 17:12:48.089309+00:00,2.2584876
2025-06-20 17:13:00.629740+00:00,2.2584874
2025-06-20 17:13:13.309282+00:00,2.2584874
2025-06-20 17:13:25.684648+00:00,2.2584872
2025-06-20 17:13:38.394485+00:00,2.2584874
2025-06-20 17:13:52.388234+00:00,2.2584873
2025-06-20 17:14:04.373236+00:00,2.2584872
2025-06-20 17:14:17.162789+00:00,2.2584869
2025-06-20 17:14:34.129065+00:00,2.2584877
2025-06-20 17:14:41.449596+00:00,2.2584871
2025-06-20 17:14:53.607483+00:00,2.2584873
2025-06-20 17:15:06.852792+00:00,2.2584876
2025-06-20 17:15:19.002780+00:00,2.2584871
2025-06-20 17:15:34.869051+00:00,2.2584876
2025-06-20 17:15:46.068287+00:00,2.2584877
2025-06-20 17:15:56.250815+00:00,2.2584871
2025-06-20 17:16:09.069339+00:00,2.2584872
2025-06-20 17:16:23.398665+00:00,2.2584871
2025-06-20 17:16:34.338878+00:00,2.2584872
2025-06-20 17:16:46.849328+00:00,2.2584873
2025-06-20 17:16:59.314761+00:00,2.2584871
2025-06-20 17:17:12.083549+00:00,2.2584869
2025-06-20 17:17:24.288162+00:00,2.2584877
2025-06-20 17:17:37.221885+00:00,2.2584872
2025-06-20 17:17:49.672479+00:00,2.2584868
2025-06-20 17:18:02.514917+00:00,2.2584876
2025-06-20 17:18:15.590437+00:00,2.2584868
2025-06-20 17:18:28.328319+00:00,2.2584872
2025-06-20 17:18:40.978565+00:00,2.2584876
2025-06-20 17:18:54.004521+00:00,2.2584874
2025-06-20 17:19:12.889000+00:00,2.2584874
2025-06-20 17:19:32.864434+00:00,2.2584875
2025-06-20 17:19:45.454693+00:00,2.2584875
2025-06-20 17:19:57.669207+00:00,2.258488
2025-06-20 17:20:11.035396+00:00,2.2584876
2025-06-20 17:20:23.463271+00:00,2.2584872
2025-06-20 17:20:36.269864+00:00,2.2584877
2025-06-20 17:20:49.152749+00:00,2.2584876
2025-06-20 17:21:13.135400+00:00,2.2584874
2025-06-20 17:21:26.309324+00:00,2.2584872
2025-06-20 17:21:38.883477+00:00,2.2584875
2025-06-20 17:22:29.057900+00:00,2.2584876
2025-06-20 17:22:47.685806+00:00,2.2584874
2025-06-20 17:22:54.453084+00:00,2.2584869
2025-06-20 17:23:19.198505+00:00,2.2584868
2025-06-20 17:23:32.006843+00:00,2.2584867
2025-06-20 17:23:44.929656+00:00,2.2584873
2025-06-20 17:23:57.079029+00:00,2.258488
2025-06-20 17:24:12.254065+00:00,2.2584868
2025-06-20 17:24:34.527572+00:00,2.2584869
2025-06-20 17:24:47.547856+00:00,2.2584875
2025-06-20 17:25:10.492787+00:00,2.2584873
2025-06-20 17:25:12.253688+00:00,2.2584875
2025-06-20 17:25:47.213119+00:00,2.2584877
2025-06-20 17:26:02.191832+00:00,2.2584876
2025-06-20 17:26:29.311427+00:00,2.2584875
2025-06-20 17:26:51.927796+00:00,2.2584871
2025-06-20 17:27:18.010974+00:00,2.2584869
2025-06-20 17:27:50.765649+00:00,2.2584872
2025-06-20 17:28:08.643760+00:00,2.258487
2025-06-20 17:28:20.982189+00:00,2.2584878
2025-06-20 17:28:34.767354+00:00,2.2584865
2025-06-20 17:28:46.757731+00:00,2.2584872
2025-06-20 17:28:59.346200+00:00,2.2584874
2025-06-20 17:29:14.809691+00:00,2.2584868
2025-06-20 17:29:24.933595+00:00,2.2584868
2025-06-20 17:29:41.825233+00:00,2.2584879
2025-06-20 17:29:50.400208+00:00,2.258487
2025-06-20 17:30:23.014002+00:00,2.2584873
2025-06-20 17:31:29.330355+00:00,2.2584871
2025-06-20 17:31:44.762859+00:00,2.2584871
2025-06-20 17:31:56.560034+00:00,2.2584871
2025-06-20 17:32:09.187377+00:00,2.2584869
2025-06-20 17:32:21.465745+00:00,2.2584869
2025-06-20 17:32:33.995731+00:00,2.2584869
2025-06-20 17:32:46.947858+00:00,2.2584869
2025-06-20 17:32:58.685865+00:00,2.2584867
2025-06-20 17:33:11.957864+00:00,2.2584871
2025-06-20 17:33:23.611818+00:00,2.2584869
2025-06-20 17:33:36.445462+00:00,2.2584874
2025-06-20 17:33:49.816547+00:00,2.2584871
2025-06-20 17:34:01.816799+00:00,2.2584876
2025-06-20 17:34:14.275060+00:00,2.2584872
2025-06-20 17:34:27.318531+00:00,2.2584872
2025-06-20 17:34:40.422088+00:00,2.2584875
2025-06-20 17:35:17.481119+00:00,2.2584869
2025-06-20 17:35:30.771238+00:00,2.2584869
2025-06-20 17:35:43.072971+00:00,2.2584869
2025-06-20 17:35:57.941167+00:00,2.2584873
2025-06-20 17:36:45.442090+00:00,2.2584872
2025-06-20 17:37:47.643330+00:00,2.2584879
2025-06-20 17:38:00.409820+00:00,2.2584878
2025-06-20 17:38:13.051737+00:00,2.2584874
2025-06-20 17:38:25.608268+00:00,2.2584874
2025-06-20 17:38:38.405846+00:00,2.2584874
2025-06-20 17:38:51.248301+00:00,2.2584871
2025-06-20 17:39:04.681563+00:00,2.2584873
2025-06-20 17:39:17.562062+00:00,2.258487
2025-06-20 17:39:29.496095+00:00,2.2584876
2025-06-20 17:39:42.177781+00:00,2.2584874
2025-06-20 17:39:54.772005+00:00,2.2584876
2025-06-20 17:40:08.794124+00:00,2.2584869
2025-06-20 17:40:20.613875+00:00,2.2584873
2025-06-20 17:40:33.139371+00:00,2.2584869
2025-06-20 17:40:45.757087+00:00,2.2584875
2025-06-20 17:40:59.877380+00:00,2.2584876
2025-06-20 17:41:14.192057+00:00,2.2584874
2025-06-20 17:41:23.567723+00:00,2.2584875
2025-06-20 17:41:36.239126+00:00,2.2584875
2025-06-20 17:41:50.002871+00:00,2.2584873
2025-06-20 17:42:01.726892+00:00,2.2584874
2025-06-20 17:42:15.580774+00:00,2.2584868
2025-06-20 17:42:26.058889+00:00,2.2584871
2025-06-20 17:42:38.800056+00:00,2.2584878
2025-06-20 17:42:51.301172+00:00,2.2584874
2025-06-20 17:43:04.102741+00:00,2.2584869
2025-06-20 17:43:16.591376+00:00,2.2584875
2025-06-20 17:43:29.374814+00:00,2.2584871
2025-06-20 17:43:41.339662+00:00,2.2584878
2025-06-20 17:43:53.674534+00:00,2.2584873
2025-06-20 17:44:06.842858+00:00,2.2584871
2025-06-20 17:44:19.002692+00:00,2.2584872
2025-06-20 17:44:37.230158+00:00,2.258488
2025-06-20 17:44:44.281532+00:00,2.2584869
2025-06-20 17:45:33.983087+00:00,2.2584871
2025-06-20 17:45:46.867886+00:00,2.2584876
2025-06-20 17:46:02.457061+00:00,2.2584869
2025-06-20 17:46:11.598408+00:00,2.2584877
2025-06-20 17:46:52.974506+00:00,2.2584873
2025-06-20 17:47:02.312500+00:00,2.2584873
2025-06-20 17:47:14.765837+00:00,2.2584874
2025-06-20 17:47:53.077005+00:00,2.2584868
2025-06-20 17:48:06.139890+00:00,2.2584872
2025-06-20 17:48:19.122120+00:00,2.2584873
2025-06-20 17:48:32.002708+00:00,2.258487
2025-06-20 17:48:57.090842+00:00,2.2584872
2025-06-20 17:49:14.307490+00:00,2.2584876
2025-06-20 17:49:22.680311+00:00,2.2584874
2025-06-20 17:51:00.035129+00:00,2.2584875
2025-06-20 17:51:04.031419+00:00,2.2584873
2025-06-20 17:51:16.871481+00:00,2.2584875
2025-06-20 17:51:28.917672+00:00,2.2584876
2025-06-20 17:51:41.526400+00:00,2.2584876
2025-06-20 17:51:53.871676+00:00,2.2584867
2025-06-20 17:52:06.430843+00:00,2.2584878
2025-06-20 17:52:18.856084+00:00,2.2584877
2025-06-20 17:52:33.936518+00:00,2.2584873
2025-06-20 17:52:56.414102+00:00,2.2584876
2025-06-20 17:53:09.202834+00:00,2.2584875
2025-06-20 17:53:21.421305+00:00,2.2584876
2025-06-20 17:53:34.125934+00:00,2.2584871
2025-06-20 17:53:46.725853+00:00,2.258487
2025-06-20 17:53:58.894334+00:00,2.258487
2025-06-20 17:54:12.910741+00:00,2.2584876
2025-06-20 17:54:24.197593+00:00,2.258487
2025-06-20 17:54:38.978169+00:00,2.2584872
2025-06-20 17:54:49.365596+00:00,2.2584871
2025-06-20 17:55:01.484784+00:00,2.2584873
2025-06-20 17:55:14.491691+00:00,2.2584875
2025-06-20 17:55:26.925267+00:00,2.2584878
2025-06-20 17:55:39.120903+00:00,2.2584868
2025-06-20 17:55:51.699648+00:00,2.2584868
2025-06-20 17:56:04.325062+00:00,2.2584869
2025-06-20 17:56:17.268449+00:00,2.2584877
2025-06-20 17:57:19.728817+00:00,2.2584872
2025-06-20 17:57:32.782254+00:00,2.2584873
2025-06-20 17:57:45.137015+00:00,2.2584876
2025-06-20 17:57:57.988685+00:00,2.2584876
2025-06-20 17:58:10.725941+00:00,2.2584872
2025-06-20 17:58:23.421679+00:00,2.2584872
2025-06-20 17:58:46.962300+00:00,2.2584875
2025-06-20 17:58:49.198024+00:00,2.2584875
2025-06-20 17:59:06.031878+00:00,2.2584878
2025-06-20 17:59:21.617261+00:00,2.2584868
2025-06-20 17:59:27.039449+00:00,2.2584874
2025-06-20 17:59:44.027162+00:00,2.2584877
2025-06-20 17:59:52.405631+00:00,2.2584874
2025-06-20 18:00:07.159344+00:00,2.2584875
2025-06-20 18:00:17.658640+00:00,2.2584869
2025-06-20 18:00:30.321382+00:00,2.2584871
2025-06-20 18:00:57.111331+00:00,2.2584874
2025-06-20 18:01:20.534578+00:00,2.2584874
2025-06-20 18:01:33.658470+00:00,2.2584873
2025-06-20 18:01:45.607370+00:00,2.2584872
2025-06-20 18:02:10.649390+00:00,2.2584875
2025-06-20 18:02:23.087121+00:00,2.2584876
2025-06-20 18:02:35.233879+00:00,2.2584878
2025-06-20 18:02:48.473076+00:00,2.2584872
2025-06-20 18:03:01.332793+00:00,2.2584875
2025-06-20 18:03:20.255668+00:00,2.2584876
2025-06-20 18:03:25.390417+00:00,2.2584871
2025-06-20 18:03:39.137574+00:00,2.258488
2025-06-20 18:03:50.542065+00:00,2.2584872
2025-06-20 18:04:03.246230+00:00,2.2584876
2025-06-20 18:04:15.494652+00:00,2.2584875
2025-06-20 18:04:28.389712+00:00,2.258487
2025-06-20 18:04:40.826211+00:00,2.2584875
2025-06-20 18:04:53.178657+00:00,2.2584873
2025-06-20 18:05:06.735565+00:00,2.2584871
2025-06-20 18:05:18.858761+00:00,2.2584876
2025-06-20 18:05:30.801952+00:00,2.2584868
2025-06-20 18:05:43.926397+00:00,2.2584872
2025-06-20 18:05:55.779776+00:00,2.258487
2025-06-20 18:06:08.769348+00:00,2.2584875
2025-06-20 18:06:21.585492+00:00,2.2584875
2025-06-20 18:06:33.577895+00:00,2.2584874
2025-06-20 18:06:46.115114+00:00,2.2584874
2025-06-20 18:06:58.200558+00:00,2.2584876
2025-06-20 18:07:11.015881+00:00,2.2584876
2025-06-20 18:07:23.399654+00:00,2.2584873
2025-06-20 18:07:36.487574+00:00,2.2584878
2025-06-20 18:07:49.291475+00:00,2.2584875
2025-06-20 18:08:02.494290+00:00,2.2584872
2025-06-20 18:08:15.102082+00:00,2.2584873
2025-06-20 18:08:27.724698+00:00,2.2584877
2025-06-20 18:08:40.516189+00:00,2.2584872
2025-06-20 18:08:53.272011+00:00,2.2584869
2025-06-20 18:09:06.607263+00:00,2.258488
2025-06-20 18:09:19.080564+00:00,2.2584874
2025-06-20 18:09:32.403979+00:00,2.2584871
2025-06-20 18:09:44.516164+00:00,2.2584877
2025-06-20 18:09:57.164148+00:00,2.2584873
2025-06-20 18:10:09.869222+00:00,2.2584871
2025-06-20 18:10:22.761372+00:00,2.2584872
2025-06-20 18:10:38.803383+00:00,2.2584865
2025-06-20 18:10:48.177549+00:00,2.258487
2025-06-20 18:11:00.671729+00:00,2.2584874
2025-06-20 18:11:52.228023+00:00,2.2584872
2025-06-20 18:12:04.692592+00:00,2.258487
2025-06-20 18:12:29.010970+00:00,2.2584872
2025-06-20 18:12:41.383781+00:00,2.2584868
2025-06-20 18:12:53.714766+00:00,2.2584874
2025-06-20 18:13:06.635209+00:00,2.258488
2025-06-20 18:13:18.829711+00:00,2.2584877
2025-06-20 18:13:31.816246+00:00,2.2584878
2025-06-20 18:13:43.236266+00:00,2.2584877
2025-06-20 18:13:55.960792+00:00,2.2584877
2025-06-20 18:14:09.506114+00:00,2.2584875
2025-06-20 18:14:21.125400+00:00,2.2584878
2025-06-20 18:14:35.887341+00:00,2.2584872
2025-06-20 18:14:46.673656+00:00,2.2584874
2025-06-20 18:14:58.825633+00:00,2.2584873
2025-06-20 18:15:12.081714+00:00,2.2584878
2025-06-20 18:15:24.028082+00:00,2.2584877
2025-06-20 18:15:43.051278+00:00,2.2584873
2025-06-20 18:15:53.357585+00:00,2.2584873
2025-06-20 18:16:02.121374+00:00,2.2584876
2025-06-20 18:16:15.361001+00:00,2.2584867
2025-06-20 18:16:27.289229+00:00,2.2584872
2025-06-20 18:16:39.692677+00:00,2.2584873
2025-06-20 18:16:51.951320+00:00,2.258487
2025-06-20 18:17:11.784793+00:00,2.2584876
2025-06-20 18:17:17.222716+00:00,2.2584879
2025-06-20 18:17:29.667745+00:00,2.2584867
2025-06-20 18:17:42.971406+00:00,2.2584877
2025-06-20 18:17:54.968650+00:00,2.2584873
2025-06-20 18:18:07.789548+00:00,2.258487
2025-06-20 18:18:27.838528+00:00,2.258487
2025-06-20 18:18:32.925801+00:00,2.2584871
2025-06-20 18:18:45.403205+00:00,2.2584871
2025-06-20 18:19:36.472013+00:00,2.2584871
2025-06-20 18:19:50.352793+00:00,2.2584871
2025-06-20 18:20:02.362031+00:00,2.2584872
2025-06-20 18:20:27.755693+00:00,2.2584871
2025-06-20 18:20:40.601435+00:00,2.2584873
2025-06-20 18:20:53.763377+00:00,2.2584871
2025-06-20 18:21:06.110637+00:00,2.2584867
2025-06-20 18:21:22.547102+00:00,2.2584877
2025-06-20 18:21:31.497017+00:00,2.2584868
2025-06-20 18:21:44.245113+00:00,2.2584879
2025-06-20 18:21:56.733522+00:00,2.2584873
2025-06-20 18:22:11.708325+00:00,2.2584873
2025-06-20 18:22:22.388167+00:00,2.2584871
2025-06-20 18:22:44.558678+00:00,2.2584868
2025-06-20 18:22:47.186109+00:00,2.2584871
2025-06-20 18:22:59.810989+00:00,2.2584876
2025-06-20 18:23:14.882475+00:00,2.2584875
2025-06-20 18:23:38.827270+00:00,2.2584874
2025-06-20 18:23:49.544374+00:00,2.2584879
2025-06-20 18:24:14.726249+00:00,2.2584872
2025-06-20 18:24:27.981336+00:00,2.2584877
2025-06-20 18:24:39.876317+00:00,2.258487
2025-06-20 18:24:56.011259+00:00,2.2584876
2025-06-20 18:25:05.804920+00:00,2.258487
2025-06-20 18:25:31.059093+00:00,2.2584872
2025-06-20 18:25:43.438342+00:00,2.2584873
2025-06-20 18:25:57.516331+00:00,2.2584877
2025-06-20 18:26:08.115487+00:00,2.2584872
2025-06-20 18:26:21.426035+00:00,2.2584881
2025-06-20 18:26:33.199241+00:00,2.2584867
2025-06-20 18:27:08.309745+00:00,2.2584876
2025-06-20 18:27:23.192995+00:00,2.2584876
2025-06-20 18:28:25.958254+00:00,2.2584877
2025-06-20 18:28:38.533397+00:00,2.2584869
2025-06-20 18:28:51.273502+00:00,2.2584867
2025-06-20 18:29:04.274500+00:00,2.2584867
2025-06-20 18:29:18.874572+00:00,2.2584868
2025-06-20 18:29:32.275755+00:00,2.2584877
2025-06-20 18:29:42.457398+00:00,2.2584877
2025-06-20 18:29:58.844517+00:00,2.2584878
2025-06-20 18:30:08.525508+00:00,2.2584869
2025-06-20 18:30:21.255964+00:00,2.2584871
2025-06-20 18:30:34.288354+00:00,2.2584875
2025-06-20 18:30:46.771117+00:00,2.2584876
2025-06-20 18:30:59.140555+00:00,2.2584878
2025-06-20 18:31:28.481317+00:00,2.2584877
2025-06-20 18:31:37.242047+00:00,2.2584873
2025-06-20 18:31:59.716244+00:00,2.2584875
2025-06-20 18:32:06.400551+00:00,2.2584874
2025-06-20 18:32:16.164522+00:00,2.2584872
2025-06-20 18:32:28.063868+00:00,2.258488
2025-06-20 18:32:40.704506+00:00,2.2584873
2025-06-20 18:32:54.889488+00:00,2.2584876
2025-06-20 18:33:06.895929+00:00,2.2584876
2025-06-20 18:33:18.920852+00:00,2.2584869
2025-06-20 18:33:32.605393+00:00,2.2584879
2025-06-20 18:33:43.627816+00:00,2.2584873
2025-06-20 18:33:55.993468+00:00,2.2584877
2025-06-20 18:34:59.308547+00:00,2.2584867
2025-06-20 18:35:24.049442+00:00,2.2584869
2025-06-20 18:35:48.957263+00:00,2.258487
2025-06-20 18:36:01.652971+00:00,2.2584876
2025-06-20 18:36:26.983225+00:00,2.2584868
2025-06-20 18:36:39.572599+00:00,2.2584871
2025-06-20 18:37:03.203191+00:00,2.2584871
2025-06-20 18:37:04.581216+00:00,2.2584871
2025-06-20 18:37:17.479109+00:00,2.2584877
2025-06-20 18:38:12.715973+00:00,2.2584872
2025-06-20 18:38:39.971323+00:00,2.2584872
2025-06-20 18:39:03.026649+00:00,2.2584876
2025-06-20 18:39:13.937719+00:00,2.2584872
2025-06-20 18:39:35.882130+00:00,2.2584876
2025-06-20 18:40:52.071514+00:00,2.2584877
2025-06-20 18:41:04.805249+00:00,2.2584872
2025-06-20 18:41:17.678807+00:00,2.2584873
2025-06-20 18:41:29.824996+00:00,2.2584872
2025-06-20 18:41:44.174215+00:00,2.258487
2025-06-20 18:41:55.578857+00:00,2.2584879
2025-06-20 18:42:08.429835+00:00,2.2584869
2025-06-20 18:42:21.937411+00:00,2.2584871
2025-06-20 18:42:33.728199+00:00,2.2584872
2025-06-20 18:42:47.359094+00:00,2.2584871
2025-06-20 18:43:07.563193+00:00,2.2584875
2025-06-20 18:43:36.663795+00:00,2.2584869
2025-06-20 18:43:49.823831+00:00,2.2584869
2025-06-20 18:44:02.309115+00:00,2.2584877
2025-06-20 18:44:14.573312+00:00,2.2584876
2025-06-20 18:44:26.991191+00:00,2.2584874
2025-06-20 18:44:39.105232+00:00,2.2584874
2025-06-20 18:44:51.741829+00:00,2.2584878
2025-06-20 18:45:05.313723+00:00,2.258487
2025-06-20 18:45:17.315877+00:00,2.2584871
2025-06-20 18:45:30.665542+00:00,2.2584876
2025-06-20 18:45:46.567247+00:00,2.2584874
2025-06-20 18:45:54.819581+00:00,2.2584871
2025-06-20 18:46:07.704946+00:00,2.2584877
2025-06-20 18:46:19.895556+00:00,2.2584875
2025-06-20 18:47:00.912107+00:00,2.2584878
2025-06-20 18:47:10.302212+00:00,2.258487
2025-06-20 18:47:22.717275+00:00,2.2584873
2025-06-20 18:47:35.251590+00:00,2.2584871
2025-06-20 18:47:48.019356+00:00,2.2584875
2025-06-20 18:49:28.003667+00:00,2.2584877
2025-06-20 18:49:40.361642+00:00,2.2584871
2025-06-20 18:49:53.403736+00:00,2.2584869
2025-06-20 18:50:06.456841+00:00,2.2584876
2025-06-20 18:50:22.123868+00:00,2.2584871
2025-06-20 18:50:32.014765+00:00,2.2584873
2025-06-20 18:50:44.331528+00:00,2.2584872
2025-06-20 18:50:57.059208+00:00,2.2584873
2025-06-20 18:51:10.652837+00:00,2.2584871
2025-06-20 18:51:22.628998+00:00,2.2584868
2025-06-20 18:51:35.765316+00:00,2.2584873
2025-06-20 18:51:48.613697+00:00,2.258487
2025-06-20 18:52:01.288136+00:00,2.2584869
2025-06-20 18:52:13.758803+00:00,2.2584872
2025-06-20 18:52:26.286821+00:00,2.2584871
2025-06-20 18:52:40.246856+00:00,2.2584876
2025-06-20 18:52:51.750501+00:00,2.2584871
2025-06-20 18:53:04.719104+00:00,2.2584875
2025-06-20 18:53:17.919573+00:00,2.2584872
2025-06-20 18:53:29.624486+00:00,2.2584871
2025-06-20 18:53:42.309051+00:00,2.2584876
2025-06-20 18:53:54.827684+00:00,2.2584873
2025-06-20 18:54:07.560317+00:00,2.2584872
2025-06-20 18:54:19.978948+00:00,2.2584874
2025-06-20 18:54:34.959512+00:00,2.2584868
2025-06-20 18:54:48.662385+00:00,2.2584871
2025-06-20 18:55:10.099876+00:00,2.2584878
2025-06-20 18:55:22.733268+00:00,2.2584872
2025-06-20 18:55:35.147895+00:00,2.2584869
2025-06-20 18:55:47.612633+00:00,2.2584879
2025-06-20 18:55:59.825522+00:00,2.2584874
2025-06-20 18:57:12.090461+00:00,2.2584875
2025-06-20 18:57:15.357511+00:00,2.2584873
2025-06-20 18:57:29.029324+00:00,2.2584871
2025-06-20 18:57:41.600057+00:00,2.2584875
2025-06-20 18:57:53.014192+00:00,2.2584875
2025-06-20 18:58:05.514042+00:00,2.2584872
2025-06-20 18:58:18.006879+00:00,2.2584869
2025-06-20 18:58:30.604658+00:00,2.2584875
2025-06-20 18:58:44.540319+00:00,2.2584875
2025-06-20 18:58:58.544561+00:00,2.2584874
2025-06-20 18:59:08.695893+00:00,2.2584874
2025-06-20 18:59:20.883459+00:00,2.2584875
2025-06-20 18:59:41.050305+00:00,2.2584875
2025-06-20 19:00:25.000449+00:00,2.2584872
2025-06-20 19:00:47.726997+00:00,2.2584873
2025-06-20 19:00:54.383701+00:00,2.2584868
2025-06-20 19:01:04.808216+00:00,2.2584879
2025-06-20 19:01:17.205530+00:00,2.2584875
2025-06-20 19:01:36.451542+00:00,2.2584869
2025-06-20 19:01:40.010047+00:00,2.2584876
2025-06-20 19:01:53.406500+00:00,2.2584878
2025-06-20 19:02:06.375737+00:00,2.2584876
2025-06-20 19:02:44.707827+00:00,2.2584877
2025-06-20 19:02:59.374852+00:00,2.258488
2025-06-20 19:03:10.174416+00:00,2.2584872
2025-06-20 19:03:22.161069+00:00,2.258487
2025-06-20 19:03:47.876434+00:00,2.2584874
2025-06-20 19:04:01.012563+00:00,2.2584875
2025-06-20 19:04:21.241000+00:00,2.258487
2025-06-20 19:04:25.885258+00:00,2.258487
2025-06-20 19:04:39.342811+00:00,2.2584871
2025-06-20 19:06:41.207704+00:00,2.2584881
2025-06-20 19:06:51.298231+00:00,2.2584869
2025-06-20 19:06:56.878799+00:00,2.2584875
2025-06-20 19:07:59.259372+00:00,2.2584878
2025-06-20 19:09:51.080882+00:00,2.2584875
2025-06-20 19:09:55.051025+00:00,2.258487
2025-06-20 19:10:09.062831+00:00,2.2584875
2025-06-20 19:10:32.898406+00:00,2.2584877
2025-06-20 19:10:42.389655+00:00,2.2584878
2025-06-20 19:10:56.286017+00:00,2.2584874
2025-06-20 19:11:08.306174+00:00,2.2584876
2025-06-20 19:11:20.775862+00:00,2.2584875
2025-06-20 19:11:34.122194+00:00,2.2584869
2025-06-20 19:11:46.775675+00:00,2.258488
2025-06-20 19:12:05.916280+00:00,2.258488
2025-06-20 19:12:25.931428+00:00,2.2584874
2025-06-20 19:12:37.472283+00:00,2.2584866
2025-06-20 19:12:50.122309+00:00,2.2584874
2025-06-20 19:13:03.165328+00:00,2.2584872
2025-06-20 19:13:15.711857+00:00,2.2584872
2025-06-20 19:13:28.251492+00:00,2.2584871
2025-06-20 19:13:40.863175+00:00,2.2584876
2025-06-20 19:13:53.932168+00:00,2.2584875
2025-06-20 19:14:19.522203+00:00,2.2584873
2025-06-20 19:14:31.863119+00:00,2.2584875
2025-06-20 19:14:44.306555+00:00,2.2584875
2025-06-20 19:14:57.860251+00:00,2.2584871
2025-06-20 19:15:09.946394+00:00,2.2584879
2025-06-20 19:15:21.988325+00:00,2.2584871
2025-06-20 19:15:34.478992+00:00,2.2584876
2025-06-20 19:15:47.269216+00:00,2.2584874
2025-06-20 19:16:24.293689+00:00,2.258488
2025-06-20 19:16:36.993310+00:00,2.2584871
2025-06-20 19:16:49.384342+00:00,2.2584873
2025-06-20 19:17:01.895319+00:00,2.258487
2025-06-20 19:17:14.540759+00:00,2.2584879
2025-06-20 19:17:27.960492+00:00,2.2584879
2025-06-20 19:17:42.410356+00:00,2.2584871
2025-06-20 19:17:58.424826+00:00,2.2584875
2025-06-20 19:18:04.943484+00:00,2.2584873
2025-06-20 19:18:27.366813+00:00,2.2584875
2025-06-20 19:18:29.815181+00:00,2.2584872
2025-06-20 19:18:42.843354+00:00,2.2584876
2025-06-20 19:18:54.859282+00:00,2.2584876
2025-06-20 19:19:09.526096+00:00,2.2584873
2025-06-20 19:19:19.996816+00:00,2.2584868
2025-06-20 19:19:35.340757+00:00,2.2584871
2025-06-20 19:19:44.712446+00:00,2.2584876
2025-06-20 19:19:57.345567+00:00,2.2584871
2025-06-20 19:20:09.997454+00:00,2.2584872
2025-06-20 19:20:22.538474+00:00,2.2584874
2025-06-20 19:20:35.513244+00:00,2.258487
2025-06-20 19:20:48.203386+00:00,2.2584873
2025-06-20 19:21:00.980495+00:00,2.2584881
2025-06-20 19:21:13.030553+00:00,2.2584868
2025-06-20 19:21:27.888272+00:00,2.2584874
2025-06-20 19:21:40.696553+00:00,2.2584876
2025-06-20 19:21:55.075071+00:00,2.2584876
2025-06-20 19:22:04.801722+00:00,2.2584875
2025-06-20 19:22:22.420117+00:00,2.2584872
2025-06-20 19:22:34.088687+00:00,2.2584875
2025-06-20 19:22:42.553115+00:00,2.2584872
2025-06-20 19:22:55.460504+00:00,2.258487
2025-06-20 19:23:08.583237+00:00,2.2584878
2025-06-20 19:23:21.053201+00:00,2.2584874
2025-06-20 19:23:33.633083+00:00,2.2584863
2025-06-20 19:23:46.378423+00:00,2.2584876
2025-06-20 19:24:02.441360+00:00,2.2584874
2025-06-20 19:24:11.834099+00:00,2.2584872
2025-06-20 19:24:24.148256+00:00,2.2584868
2025-06-20 19:24:36.969969+00:00,2.2584872
2025-06-20 19:24:50.431024+00:00,2.2584877
2025-06-20 19:25:45.786725+00:00,2.2584876
2025-06-20 19:25:59.865352+00:00,2.2584871
2025-06-20 19:26:36.865719+00:00,2.258488
2025-06-20 19:26:59.245006+00:00,2.2584878
2025-06-20 19:27:07.469183+00:00,2.2584877
2025-06-20 19:27:19.766619+00:00,2.2584879
2025-06-20 19:27:32.598647+00:00,2.2584872
2025-06-20 19:27:51.866159+00:00,2.2584875
2025-06-20 19:27:57.146667+00:00,2.2584877
2025-06-20 19:28:21.252322+00:00,2.2584873
2025-06-20 19:28:24.601158+00:00,2.2584878
2025-06-20 19:28:35.803153+00:00,2.2584874
2025-06-20 19:28:48.193281+00:00,2.2584872
2025-06-20 19:29:00.317168+00:00,2.2584876
2025-06-20 19:29:14.907403+00:00,2.2584871
2025-06-20 19:29:36.132736+00:00,2.2584871
2025-06-20 19:29:50.252360+00:00,2.2584871
2025-06-20 19:30:04.697502+00:00,2.2584875
2025-06-20 19:30:28.223574+00:00,2.2584871
2025-06-20 19:30:48.945254+00:00,2.2584874
2025-06-20 19:30:52.870991+00:00,2.258487
2025-06-20 19:31:05.412995+00:00,2.2584872
2025-06-20 19:31:18.213565+00:00,2.2584873
2025-06-20 19:31:30.754703+00:00,2.2584869
2025-06-20 19:32:01.681556+00:00,2.2584874
2025-06-20 19:32:09.478772+00:00,2.2584874
2025-06-20 19:32:21.880439+00:00,2.2584874
2025-06-20 19:32:35.152177+00:00,2.258487
2025-06-20 19:32:48.110816+00:00,2.2584875
2025-06-20 19:33:00.525171+00:00,2.2584874
2025-06-20 19:33:12.779054+00:00,2.258487
2025-06-20 19:33:30.110633+00:00,2.258487
2025-06-20 19:33:38.147492+00:00,2.2584873
2025-06-20 19:34:07.086998+00:00,2.2584871
2025-06-20 19:34:16.365889+00:00,2.2584877
2025-06-20 19:34:29.314563+00:00,2.2584871
2025-06-20 19:34:59.564684+00:00,2.2584875
2025-06-20 19:36:09.723215+00:00,2.258488
2025-06-20 19:36:21.789708+00:00,2.2584878
2025-06-20 19:36:56.823895+00:00,2.2584879
2025-06-20 19:38:52.606329+00:00,2.2584877
2025-06-20 19:39:37.931101+00:00,2.2584875
2025-06-20 19:40:13.124274+00:00,2.2584875
2025-06-20 19:40:20.732835+00:00,2.2584871
2025-06-20 19:40:33.521290+00:00,2.2584874
2025-06-20 19:40:45.637668+00:00,2.2584879
2025-06-20 19:41:47.936599+00:00,2.2584871
2025-06-20 19:42:03.227929+00:00,2.2584872
2025-06-20 19:42:26.138697+00:00,2.2584874
2025-06-20 19:42:39.701372+00:00,2.2584869
2025-06-20 19:42:52.462476+00:00,2.2584879
2025-06-20 19:43:04.949998+00:00,2.2584874
2025-06-20 19:43:30.325610+00:00,2.2584877
2025-06-20 19:43:42.470891+00:00,2.258487
2025-06-20 19:43:55.464244+00:00,2.2584877
2025-06-20 19:44:10.869065+00:00,2.2584876
2025-06-20 19:44:23.975281+00:00,2.2584874
2025-06-20 19:44:33.266361+00:00,2.2584876
2025-06-20 19:44:46.258182+00:00,2.2584871
2025-06-20 19:44:58.526474+00:00,2.2584874
2025-06-20 19:45:11.623056+00:00,2.2584871
2025-06-20 19:45:24.453138+00:00,2.2584873
2025-06-20 19:45:36.690570+00:00,2.2584873
2025-06-20 19:45:53.136599+00:00,2.2584876
2025-06-20 19:46:04.679332+00:00,2.258487
2025-06-20 19:47:08.562506+00:00,2.2584868
2025-06-20 19:47:16.265650+00:00,2.2584869
2025-06-20 19:47:29.373014+00:00,2.2584873
2025-06-20 19:47:41.191273+00:00,2.2584873
2025-06-20 19:47:53.752981+00:00,2.2584876
2025-06-20 19:48:06.810639+00:00,2.2584873
2025-06-20 19:48:19.586713+00:00,2.2584877
2025-06-20 19:48:36.526327+00:00,2.2584878
2025-06-20 19:48:44.080743+00:00,2.2584875
2025-06-20 19:48:56.624843+00:00,2.2584872
2025-06-20 19:49:12.474840+00:00,2.2584877
2025-06-20 19:49:23.265148+00:00,2.2584884
2025-06-20 19:49:38.922959+00:00,2.2584877
2025-06-20 19:49:55.429232+00:00,2.2584882
2025-06-20 19:50:12.017119+00:00,2.2584877
2025-06-20 19:50:24.483481+00:00,2.258487
2025-06-20 19:50:36.960025+00:00,2.2584875
2025-06-20 19:50:50.718057+00:00,2.2584875
2025-06-20 19:51:09.563366+00:00,2.2584874
2025-06-20 19:51:14.752309+00:00,2.2584878
2025-06-20 19:51:27.576668+00:00,2.2584869
2025-06-20 19:52:54.186659+00:00,2.258488
2025-06-20 19:52:57.510340+00:00,2.2584873
2025-06-20 19:53:10.637647+00:00,2.2584877
2025-06-20 19:53:22.822044+00:00,2.2584874
2025-06-20 19:53:40.885168+00:00,2.2584873
2025-06-20 19:53:49.092389+00:00,2.2584878
2025-06-20 19:54:18.804870+00:00,2.2584877
2025-06-20 19:54:40.628005+00:00,2.2584874
2025-06-20 19:54:52.311555+00:00,2.2584874
2025-06-20 19:55:04.973386+00:00,2.2584872
2025-06-20 19:55:17.887849+00:00,2.2584877
2025-06-20 19:55:29.860465+00:00,2.2584872
2025-06-20 19:56:07.336124+00:00,2.2584877
2025-06-20 19:56:19.443329+00:00,2.258487
2025-06-20 19:56:32.105183+00:00,2.2584874
2025-06-20 19:56:55.089008+00:00,2.2584877
2025-06-20 19:57:35.027975+00:00,2.2584879
2025-06-20 19:58:14.824074+00:00,2.2584873
2025-06-20 19:58:52.375532+00:00,2.2584875
2025-06-20 19:59:20.309375+00:00,2.2584875
2025-06-20 20:01:34.926570+00:00,2.258487
2025-06-20 20:01:47.173062+00:00,2.2584871
2025-06-20 20:01:59.554806+00:00,2.2584876
2025-06-20 20:02:14.637736+00:00,2.2584871
2025-06-20 20:02:50.676495+00:00,2.2584875
2025-06-20 20:04:19.970081+00:00,2.2584869
2025-06-20 20:06:37.717276+00:00,2.2584874
