time,counts_ratio
2025-07-17 00:00:13.636511+00:00,2.258487
2025-07-17 00:00:30.301100+00:00,2.2584876
2025-07-17 00:00:37.579456+00:00,2.2584872
2025-07-17 00:01:01.455517+00:00,2.2584879
2025-07-17 00:01:13.890064+00:00,2.2584878
2025-07-17 00:01:26.870459+00:00,2.2584873
2025-07-17 00:01:39.050987+00:00,2.2584877
2025-07-17 00:01:51.391710+00:00,2.2584874
2025-07-17 00:02:04.322320+00:00,2.2584879
2025-07-17 00:02:16.664842+00:00,2.2584876
2025-07-17 00:02:29.835283+00:00,2.2584872
2025-07-17 00:02:44.624737+00:00,2.2584872
2025-07-17 00:02:53.489721+00:00,2.2584877
2025-07-17 00:03:06.449679+00:00,2.2584874
2025-07-17 00:03:18.650335+00:00,2.2584878
2025-07-17 00:03:30.835770+00:00,2.2584879
2025-07-17 00:03:43.454201+00:00,2.2584869
2025-07-17 00:03:55.616972+00:00,2.2584869
2025-07-17 00:04:10.464896+00:00,2.258487
2025-07-17 00:04:20.648272+00:00,2.2584875
2025-07-17 00:04:35.059817+00:00,2.258488
2025-07-17 00:04:46.076774+00:00,2.2584874
2025-07-17 00:04:59.000706+00:00,2.2584874
2025-07-17 00:05:11.952926+00:00,2.258486
2025-07-17 00:05:24.198860+00:00,2.2584874
2025-07-17 00:05:38.657899+00:00,2.2584874
2025-07-17 00:05:48.910057+00:00,2.2584879
2025-07-17 00:06:01.867701+00:00,2.2584882
2025-07-17 00:06:14.798070+00:00,2.2584874
2025-07-17 00:06:26.450244+00:00,2.2584882
2025-07-17 00:06:39.481528+00:00,2.2584877
2025-07-17 00:06:51.981871+00:00,2.2584873
2025-07-17 00:07:08.210822+00:00,2.2584874
2025-07-17 00:07:20.025864+00:00,2.2584869
2025-07-17 00:07:29.761365+00:00,2.2584874
2025-07-17 00:07:41.239235+00:00,2.2584872
2025-07-17 00:07:57.519496+00:00,2.2584877
2025-07-17 00:08:07.575922+00:00,2.2584871
2025-07-17 00:08:20.657038+00:00,2.2584874
2025-07-17 00:08:32.539556+00:00,2.2584876
2025-07-17 00:08:45.988787+00:00,2.2584874
2025-07-17 00:08:57.699233+00:00,2.2584874
2025-07-17 00:09:11.230017+00:00,2.258487
2025-07-17 00:09:23.440297+00:00,2.2584874
2025-07-17 00:09:38.498554+00:00,2.2584875
2025-07-17 00:09:48.997387+00:00,2.258488
2025-07-17 00:10:02.176909+00:00,2.2584871
2025-07-17 00:10:18.903377+00:00,2.2584871
2025-07-17 00:10:28.426678+00:00,2.2584877
2025-07-17 00:10:39.721822+00:00,2.2584876
2025-07-17 00:10:53.077340+00:00,2.2584873
2025-07-17 00:11:05.689876+00:00,2.2584872
2025-07-17 00:11:17.609457+00:00,2.2584868
2025-07-17 00:11:29.743099+00:00,2.2584876
2025-07-17 00:11:42.341415+00:00,2.2584875
2025-07-17 00:11:54.737863+00:00,2.2584872
2025-07-17 00:12:12.577690+00:00,2.258488
2025-07-17 00:12:19.006903+00:00,2.2584867
2025-07-17 00:12:32.467588+00:00,2.2584873
2025-07-17 00:12:43.626878+00:00,2.2584878
2025-07-17 00:12:56.694922+00:00,2.2584877
2025-07-17 00:13:09.592197+00:00,2.258488
2025-07-17 00:13:20.867575+00:00,2.2584877
2025-07-17 00:13:33.105415+00:00,2.2584874
2025-07-17 00:13:45.537888+00:00,2.2584872
2025-07-17 00:13:57.563941+00:00,2.2584874
2025-07-17 00:14:12.689860+00:00,2.2584873
2025-07-17 00:14:22.295068+00:00,2.258488
2025-07-17 00:14:34.826334+00:00,2.2584878
2025-07-17 00:14:47.349711+00:00,2.2584874
2025-07-17 00:15:03.903908+00:00,2.258488
2025-07-17 00:15:12.679580+00:00,2.2584879
2025-07-17 00:15:25.662862+00:00,2.2584878
2025-07-17 00:15:38.069240+00:00,2.2584868
2025-07-17 00:15:50.215285+00:00,2.2584873
2025-07-17 00:16:03.201311+00:00,2.2584874
2025-07-17 00:16:16.393939+00:00,2.2584871
2025-07-17 00:16:28.331714+00:00,2.2584877
2025-07-17 00:16:40.817122+00:00,2.2584877
2025-07-17 00:16:52.950989+00:00,2.2584877
2025-07-17 00:17:05.778033+00:00,2.2584876
2025-07-17 00:17:18.071784+00:00,2.2584867
2025-07-17 00:17:31.524236+00:00,2.2584879
2025-07-17 00:17:43.398067+00:00,2.2584877
2025-07-17 00:17:54.973304+00:00,2.2584876
2025-07-17 00:18:07.868886+00:00,2.2584876
2025-07-17 00:18:22.863714+00:00,2.2584874
2025-07-17 00:18:33.541915+00:00,2.2584877
2025-07-17 00:18:45.891228+00:00,2.2584878
2025-07-17 00:19:15.205855+00:00,2.2584878
2025-07-17 00:19:24.360295+00:00,2.2584877
2025-07-17 00:19:41.098052+00:00,2.2584876
2025-07-17 00:19:49.819547+00:00,2.2584879
2025-07-17 00:20:02.677674+00:00,2.2584878
2025-07-17 00:20:15.038812+00:00,2.2584869
2025-07-17 00:20:27.844259+00:00,2.2584879
2025-07-17 00:20:39.897180+00:00,2.2584879
2025-07-17 00:20:52.600497+00:00,2.2584878
2025-07-17 00:21:18.712676+00:00,2.2584878
2025-07-17 00:21:30.935909+00:00,2.258487
2025-07-17 00:21:44.002727+00:00,2.2584873
2025-07-17 00:21:57.175166+00:00,2.2584877
2025-07-17 00:22:09.324995+00:00,2.2584869
2025-07-17 00:22:21.768450+00:00,2.2584872
2025-07-17 00:22:33.647316+00:00,2.258488
2025-07-17 00:22:47.234296+00:00,2.2584878
2025-07-17 00:22:58.182559+00:00,2.2584877
2025-07-17 00:23:11.866314+00:00,2.2584872
2025-07-17 00:23:24.574665+00:00,2.2584876
2025-07-17 00:23:35.189901+00:00,2.2584872
2025-07-17 00:23:48.201774+00:00,2.2584871
2025-07-17 00:24:01.156887+00:00,2.2584873
2025-07-17 00:24:13.464299+00:00,2.2584872
2025-07-17 00:24:25.068006+00:00,2.2584879
2025-07-17 00:24:37.556724+00:00,2.2584875
2025-07-17 00:24:50.207474+00:00,2.2584872
2025-07-17 00:25:02.587847+00:00,2.2584873
2025-07-17 00:25:14.997156+00:00,2.2584877
2025-07-17 00:25:28.013549+00:00,2.2584877
2025-07-17 00:25:40.158934+00:00,2.2584873
2025-07-17 00:25:52.588340+00:00,2.2584882
2025-07-17 00:26:07.811222+00:00,2.2584874
2025-07-17 00:26:18.927424+00:00,2.2584869
2025-07-17 00:26:30.310805+00:00,2.2584873
2025-07-17 00:26:42.704417+00:00,2.2584873
2025-07-17 00:26:55.537590+00:00,2.2584879
2025-07-17 00:27:08.169672+00:00,2.2584872
2025-07-17 00:27:20.636987+00:00,2.2584878
2025-07-17 00:27:33.486987+00:00,2.2584878
2025-07-17 00:27:46.334688+00:00,2.2584873
2025-07-17 00:28:01.204198+00:00,2.2584878
2025-07-17 00:28:10.775648+00:00,2.2584877
2025-07-17 00:28:23.160308+00:00,2.2584873
2025-07-17 00:28:35.493156+00:00,2.2584875
2025-07-17 00:28:47.806581+00:00,2.2584869
2025-07-17 00:29:00.545713+00:00,2.2584877
2025-07-17 00:29:12.950324+00:00,2.2584879
2025-07-17 00:29:26.727473+00:00,2.2584872
2025-07-17 00:29:41.950343+00:00,2.2584876
2025-07-17 00:29:49.722668+00:00,2.258487
2025-07-17 00:30:07.636735+00:00,2.2584874
2025-07-17 00:30:15.147556+00:00,2.2584872
2025-07-17 00:30:27.739777+00:00,2.2584869
2025-07-17 00:30:40.247340+00:00,2.2584875
2025-07-17 00:30:52.779305+00:00,2.2584875
2025-07-17 00:31:11.189148+00:00,2.2584872
2025-07-17 00:31:19.244827+00:00,2.2584872
2025-07-17 00:31:31.027900+00:00,2.258488
2025-07-17 00:31:43.484773+00:00,2.2584876
2025-07-17 00:31:56.466350+00:00,2.2584864
2025-07-17 00:32:09.312104+00:00,2.2584875
2025-07-17 00:32:22.229238+00:00,2.2584872
2025-07-17 00:32:35.245002+00:00,2.258488
2025-07-17 00:32:49.504530+00:00,2.2584875
2025-07-17 00:32:59.644480+00:00,2.2584877
2025-07-17 00:33:12.782921+00:00,2.2584871
2025-07-17 00:33:25.262883+00:00,2.2584867
2025-07-17 00:33:37.408303+00:00,2.2584875
2025-07-17 00:33:50.502596+00:00,2.2584877
2025-07-17 00:34:03.124377+00:00,2.2584875
2025-07-17 00:34:16.464142+00:00,2.258488
2025-07-17 00:34:28.986980+00:00,2.2584876
2025-07-17 00:34:40.529663+00:00,2.2584879
2025-07-17 00:34:53.503058+00:00,2.258487
2025-07-17 00:35:05.351482+00:00,2.2584877
2025-07-17 00:35:17.006454+00:00,2.258488
2025-07-17 00:35:29.776160+00:00,2.2584878
2025-07-17 00:35:41.925960+00:00,2.2584879
2025-07-17 00:35:54.823748+00:00,2.2584878
2025-07-17 00:36:07.716432+00:00,2.2584877
2025-07-17 00:36:19.062586+00:00,2.2584881
2025-07-17 00:36:34.660036+00:00,2.2584879
2025-07-17 00:36:44.324139+00:00,2.258486
2025-07-17 00:36:57.091769+00:00,2.2584876
2025-07-17 00:37:09.812276+00:00,2.258487
2025-07-17 00:37:22.714534+00:00,2.2584877
2025-07-17 00:37:36.083801+00:00,2.2584876
2025-07-17 00:37:47.980517+00:00,2.2584872
2025-07-17 00:38:00.569736+00:00,2.2584874
2025-07-17 00:38:13.368502+00:00,2.2584879
2025-07-17 00:38:26.486927+00:00,2.2584875
2025-07-17 00:38:37.726151+00:00,2.2584878
2025-07-17 00:38:50.362787+00:00,2.2584873
2025-07-17 00:39:03.350435+00:00,2.2584879
2025-07-17 00:39:16.055579+00:00,2.2584876
2025-07-17 00:39:30.992859+00:00,2.2584878
2025-07-17 00:39:40.637489+00:00,2.2584879
2025-07-17 00:39:58.270969+00:00,2.2584872
2025-07-17 00:40:07.595991+00:00,2.2584872
2025-07-17 00:40:24.515871+00:00,2.2584871
2025-07-17 00:40:30.508807+00:00,2.2584873
2025-07-17 00:40:42.535791+00:00,2.2584872
2025-07-17 00:40:54.961255+00:00,2.2584877
2025-07-17 00:41:11.057158+00:00,2.2584881
2025-07-17 00:41:20.284608+00:00,2.2584871
2025-07-17 00:41:33.817975+00:00,2.2584878
2025-07-17 00:41:49.507744+00:00,2.2584873
2025-07-17 00:41:58.925949+00:00,2.2584875
2025-07-17 00:42:12.234758+00:00,2.258487
2025-07-17 00:42:26.333141+00:00,2.2584872
2025-07-17 00:42:40.486825+00:00,2.2584878
2025-07-17 00:42:50.392477+00:00,2.2584872
2025-07-17 00:43:03.384456+00:00,2.2584872
2025-07-17 00:43:16.459528+00:00,2.2584874
2025-07-17 00:43:27.535776+00:00,2.2584879
2025-07-17 00:43:40.331610+00:00,2.2584881
2025-07-17 00:43:52.671103+00:00,2.2584877
2025-07-17 00:44:05.322893+00:00,2.2584877
2025-07-17 00:44:17.609574+00:00,2.2584878
2025-07-17 00:44:29.742435+00:00,2.2584874
2025-07-17 00:44:45.049988+00:00,2.2584879
2025-07-17 00:44:54.597179+00:00,2.2584875
2025-07-17 00:45:07.205093+00:00,2.2584877
2025-07-17 00:45:19.308533+00:00,2.258488
2025-07-17 00:45:32.608964+00:00,2.2584879
2025-07-17 00:45:46.182672+00:00,2.258487
2025-07-17 00:45:56.728639+00:00,2.2584871
2025-07-17 00:46:09.588927+00:00,2.2584875
2025-07-17 00:46:23.162831+00:00,2.2584877
2025-07-17 00:46:34.271256+00:00,2.2584878
2025-07-17 00:46:46.689977+00:00,2.2584874
2025-07-17 00:46:58.862559+00:00,2.2584877
2025-07-17 00:47:11.863759+00:00,2.2584875
2025-07-17 00:47:23.368372+00:00,2.2584873
2025-07-17 00:47:37.519989+00:00,2.2584872
2025-07-17 00:47:48.641665+00:00,2.2584873
2025-07-17 00:48:05.206405+00:00,2.258488
2025-07-17 00:48:13.747845+00:00,2.2584868
2025-07-17 00:48:30.736055+00:00,2.2584873
2025-07-17 00:48:39.204658+00:00,2.2584875
2025-07-17 00:48:52.010004+00:00,2.2584872
2025-07-17 00:49:03.917600+00:00,2.258488
2025-07-17 00:49:16.143733+00:00,2.2584872
2025-07-17 00:49:28.802176+00:00,2.2584881
2025-07-17 00:49:41.707216+00:00,2.258487
2025-07-17 00:49:54.186517+00:00,2.2584869
2025-07-17 00:50:07.058976+00:00,2.2584871
2025-07-17 00:50:19.739403+00:00,2.2584873
2025-07-17 00:50:38.515877+00:00,2.2584877
2025-07-17 00:50:45.257781+00:00,2.2584877
2025-07-17 00:50:57.324079+00:00,2.258487
2025-07-17 00:51:09.790560+00:00,2.2584875
2025-07-17 00:51:22.090358+00:00,2.258487
2025-07-17 00:51:34.547743+00:00,2.2584878
2025-07-17 00:51:47.520656+00:00,2.2584875
2025-07-17 00:52:00.152104+00:00,2.2584877
2025-07-17 00:52:13.178396+00:00,2.2584881
2025-07-17 00:52:24.540973+00:00,2.258487
2025-07-17 00:52:37.836367+00:00,2.2584872
2025-07-17 00:52:49.696848+00:00,2.2584874
2025-07-17 00:53:02.286809+00:00,2.2584878
2025-07-17 00:53:14.579394+00:00,2.2584873
2025-07-17 00:53:27.378031+00:00,2.2584869
2025-07-17 00:53:39.814927+00:00,2.2584871
2025-07-17 00:53:54.589763+00:00,2.2584873
2025-07-17 00:54:06.019219+00:00,2.2584879
2025-07-17 00:54:19.095061+00:00,2.2584871
2025-07-17 00:54:31.837873+00:00,2.2584874
2025-07-17 00:54:44.012118+00:00,2.258488
2025-07-17 00:54:56.667450+00:00,2.2584881
2025-07-17 00:55:10.166735+00:00,2.2584875
2025-07-17 00:55:22.176535+00:00,2.2584874
2025-07-17 00:55:35.079787+00:00,2.2584873
2025-07-17 00:55:59.873672+00:00,2.2584871
2025-07-17 00:56:13.224321+00:00,2.2584876
2025-07-17 00:56:25.201679+00:00,2.2584876
2025-07-17 00:56:37.909613+00:00,2.2584876
2025-07-17 00:56:50.398645+00:00,2.2584872
2025-07-17 00:57:03.956269+00:00,2.2584869
2025-07-17 00:57:16.183932+00:00,2.2584875
2025-07-17 00:57:27.695195+00:00,2.2584878
2025-07-17 00:57:40.214421+00:00,2.2584871
2025-07-17 00:57:57.681003+00:00,2.2584867
2025-07-17 00:58:04.963382+00:00,2.2584878
2025-07-17 00:58:17.844964+00:00,2.2584875
2025-07-17 00:58:29.448478+00:00,2.258488
2025-07-17 00:58:41.597250+00:00,2.2584875
2025-07-17 00:58:55.106277+00:00,2.2584877
2025-07-17 00:59:07.089468+00:00,2.2584866
2025-07-17 00:59:25.671176+00:00,2.2584878
2025-07-17 00:59:32.020366+00:00,2.2584869
2025-07-17 00:59:44.564457+00:00,2.2584876
2025-07-17 00:59:57.020648+00:00,2.2584875
2025-07-17 01:00:17.725685+00:00,2.2584875
2025-07-17 01:00:22.383793+00:00,2.2584881
2025-07-17 01:00:34.888569+00:00,2.2584873
2025-07-17 01:00:47.342850+00:00,2.2584876
2025-07-17 01:00:59.362195+00:00,2.2584874
2025-07-17 01:01:11.628262+00:00,2.2584878
2025-07-17 01:01:24.498591+00:00,2.2584875
2025-07-17 01:01:36.673835+00:00,2.2584882
2025-07-17 01:01:49.502711+00:00,2.258487
2025-07-17 01:02:02.533006+00:00,2.2584875
2025-07-17 01:02:14.479908+00:00,2.2584872
2025-07-17 01:02:27.698930+00:00,2.2584873
2025-07-17 01:02:39.215359+00:00,2.2584879
2025-07-17 01:02:51.584428+00:00,2.2584874
2025-07-17 01:03:04.076121+00:00,2.2584873
2025-07-17 01:03:16.783865+00:00,2.2584867
2025-07-17 01:03:28.727554+00:00,2.2584878
2025-07-17 01:03:41.045590+00:00,2.2584875
2025-07-17 01:03:54.119578+00:00,2.2584875
2025-07-17 01:04:06.640337+00:00,2.2584883
2025-07-17 01:04:19.161683+00:00,2.2584867
2025-07-17 01:04:31.618308+00:00,2.258487
2025-07-17 01:04:44.150586+00:00,2.2584876
2025-07-17 01:04:56.462924+00:00,2.2584872
2025-07-17 01:05:09.201811+00:00,2.2584877
2025-07-17 01:05:21.916404+00:00,2.2584874
2025-07-17 01:05:34.036530+00:00,2.2584873
2025-07-17 01:05:46.507005+00:00,2.258487
2025-07-17 01:05:59.389027+00:00,2.2584878
2025-07-17 01:06:13.071436+00:00,2.2584869
2025-07-17 01:06:25.119300+00:00,2.2584873
2025-07-17 01:06:35.580731+00:00,2.2584878
2025-07-17 01:06:48.561712+00:00,2.2584879
2025-07-17 01:07:00.705784+00:00,2.2584871
2025-07-17 01:07:14.170104+00:00,2.2584867
2025-07-17 01:07:27.252354+00:00,2.2584876
2025-07-17 01:07:38.713682+00:00,2.2584874
2025-07-17 01:07:51.649714+00:00,2.2584875
2025-07-17 01:08:04.629998+00:00,2.2584872
2025-07-17 01:08:17.279441+00:00,2.2584872
2025-07-17 01:08:30.138259+00:00,2.2584872
2025-07-17 01:08:42.586829+00:00,2.2584869
2025-07-17 01:08:55.403855+00:00,2.2584875
2025-07-17 01:09:08.771541+00:00,2.2584877
2025-07-17 01:09:20.403689+00:00,2.2584874
2025-07-17 01:09:34.576552+00:00,2.2584872
2025-07-17 01:09:45.418897+00:00,2.2584872
2025-07-17 01:09:57.792648+00:00,2.2584872
2025-07-17 01:10:10.327374+00:00,2.2584868
2025-07-17 01:10:22.986369+00:00,2.2584876
2025-07-17 01:10:35.402388+00:00,2.2584873
2025-07-17 01:10:49.440749+00:00,2.2584873
2025-07-17 01:10:59.876658+00:00,2.2584874
2025-07-17 01:11:13.131121+00:00,2.2584883
2025-07-17 01:11:24.363783+00:00,2.258488
2025-07-17 01:11:36.913918+00:00,2.2584878
2025-07-17 01:11:49.201784+00:00,2.258487
2025-07-17 01:12:01.871662+00:00,2.2584877
2025-07-17 01:12:14.243381+00:00,2.2584874
2025-07-17 01:12:26.405372+00:00,2.2584873
2025-07-17 01:12:39.312179+00:00,2.2584875
2025-07-17 01:12:51.946953+00:00,2.2584881
2025-07-17 01:13:04.851177+00:00,2.2584882
2025-07-17 01:13:19.079754+00:00,2.2584871
2025-07-17 01:13:29.873187+00:00,2.2584872
2025-07-17 01:13:42.188758+00:00,2.2584879
2025-07-17 01:13:59.841694+00:00,2.2584874
2025-07-17 01:14:07.453439+00:00,2.2584879
2025-07-17 01:14:19.547686+00:00,2.2584869
2025-07-17 01:14:32.997567+00:00,2.2584879
2025-07-17 01:14:46.411796+00:00,2.2584876
2025-07-17 01:14:56.830355+00:00,2.2584873
2025-07-17 01:15:09.791380+00:00,2.2584879
2025-07-17 01:15:34.643975+00:00,2.2584876
2025-07-17 01:15:46.875885+00:00,2.2584873
2025-07-17 01:15:59.258672+00:00,2.2584877
2025-07-17 01:16:24.843505+00:00,2.2584876
2025-07-17 01:16:37.434650+00:00,2.2584873
2025-07-17 01:16:50.333790+00:00,2.258487
2025-07-17 01:17:12.523281+00:00,2.2584875
2025-07-17 01:17:15.900530+00:00,2.2584873
2025-07-17 01:17:28.903740+00:00,2.2584874
2025-07-17 01:17:41.055673+00:00,2.2584881
2025-07-17 01:17:54.239274+00:00,2.2584875
2025-07-17 01:18:06.414825+00:00,2.2584869
2025-07-17 01:18:21.441924+00:00,2.2584878
2025-07-17 01:18:32.022260+00:00,2.2584872
2025-07-17 01:18:44.430125+00:00,2.2584864
2025-07-17 01:18:56.892635+00:00,2.2584877
2025-07-17 01:19:12.953397+00:00,2.2584874
2025-07-17 01:19:22.887040+00:00,2.2584875
2025-07-17 01:19:34.892339+00:00,2.2584875
2025-07-17 01:19:47.704031+00:00,2.2584881
2025-07-17 01:20:00.252839+00:00,2.2584876
2025-07-17 01:20:13.020489+00:00,2.2584881
2025-07-17 01:20:26.204913+00:00,2.2584871
2025-07-17 01:20:38.212381+00:00,2.258487
2025-07-17 01:20:50.931265+00:00,2.2584879
2025-07-17 01:21:02.861193+00:00,2.2584877
2025-07-17 01:21:15.535146+00:00,2.2584875
2025-07-17 01:21:27.704400+00:00,2.2584873
2025-07-17 01:21:40.138332+00:00,2.2584877
2025-07-17 01:21:52.729396+00:00,2.2584871
2025-07-17 01:22:05.207197+00:00,2.2584873
2025-07-17 01:22:17.892371+00:00,2.2584878
2025-07-17 01:22:29.836210+00:00,2.2584873
2025-07-17 01:22:42.837360+00:00,2.2584874
2025-07-17 01:22:56.807772+00:00,2.2584873
2025-07-17 01:23:07.706692+00:00,2.2584877
2025-07-17 01:23:20.130358+00:00,2.2584875
2025-07-17 01:23:33.048784+00:00,2.2584881
2025-07-17 01:23:46.264194+00:00,2.2584869
2025-07-17 01:23:58.512393+00:00,2.2584875
2025-07-17 01:24:12.160335+00:00,2.2584873
2025-07-17 01:24:23.818196+00:00,2.2584869
2025-07-17 01:24:36.091549+00:00,2.2584878
2025-07-17 01:24:48.433931+00:00,2.258488
2025-07-17 01:25:02.228769+00:00,2.2584874
2025-07-17 01:25:14.265245+00:00,2.258488
2025-07-17 01:25:27.795033+00:00,2.2584873
2025-07-17 01:25:38.989039+00:00,2.2584874
2025-07-17 01:25:50.976812+00:00,2.2584873
2025-07-17 01:26:05.684111+00:00,2.2584873
2025-07-17 01:26:17.468948+00:00,2.2584874
2025-07-17 01:26:28.865336+00:00,2.2584867
2025-07-17 01:26:40.793476+00:00,2.2584874
2025-07-17 01:26:53.504308+00:00,2.2584875
2025-07-17 01:27:06.394356+00:00,2.2584877
2025-07-17 01:27:18.697983+00:00,2.2584873
2025-07-17 01:27:31.933433+00:00,2.2584875
2025-07-17 01:27:43.840974+00:00,2.2584874
2025-07-17 01:27:57.093554+00:00,2.2584869
2025-07-17 01:28:09.715974+00:00,2.2584875
2025-07-17 01:28:22.332059+00:00,2.2584878
2025-07-17 01:28:35.263180+00:00,2.2584874
2025-07-17 01:28:49.557834+00:00,2.2584873
2025-07-17 01:29:00.923981+00:00,2.258487
2025-07-17 01:29:13.336812+00:00,2.2584877
2025-07-17 01:29:26.128874+00:00,2.2584866
2025-07-17 01:29:40.137226+00:00,2.2584871
2025-07-17 01:29:51.603950+00:00,2.2584873
2025-07-17 01:30:04.138754+00:00,2.2584869
2025-07-17 01:30:16.774728+00:00,2.2584879
2025-07-17 01:30:29.495428+00:00,2.2584873
2025-07-17 01:30:44.899390+00:00,2.2584869
2025-07-17 01:30:55.610236+00:00,2.2584872
2025-07-17 01:31:07.737017+00:00,2.2584876
2025-07-17 01:31:19.026521+00:00,2.258487
2025-07-17 01:31:31.649672+00:00,2.2584876
2025-07-17 01:31:56.276668+00:00,2.2584874
2025-07-17 01:32:11.269210+00:00,2.2584879
2025-07-17 01:32:21.095672+00:00,2.2584878
2025-07-17 01:32:34.133829+00:00,2.2584874
2025-07-17 01:32:47.713645+00:00,2.2584872
2025-07-17 01:32:58.851123+00:00,2.2584872
2025-07-17 01:33:11.450933+00:00,2.2584868
2025-07-17 01:33:24.043434+00:00,2.2584877
2025-07-17 01:33:36.700039+00:00,2.2584872
2025-07-17 01:33:50.664859+00:00,2.2584881
2025-07-17 01:34:02.035883+00:00,2.2584862
2025-07-17 01:34:14.509932+00:00,2.2584876
2025-07-17 01:34:26.588240+00:00,2.2584874
2025-07-17 01:34:39.087963+00:00,2.2584879
2025-07-17 01:34:51.783984+00:00,2.2584874
2025-07-17 01:35:04.239599+00:00,2.2584876
2025-07-17 01:35:17.669051+00:00,2.2584871
2025-07-17 01:35:31.263299+00:00,2.2584875
2025-07-17 01:35:41.639171+00:00,2.2584864
2025-07-17 01:35:55.687549+00:00,2.2584875
2025-07-17 01:36:07.063959+00:00,2.2584877
2025-07-17 01:36:19.374737+00:00,2.2584872
2025-07-17 01:36:32.229591+00:00,2.2584876
2025-07-17 01:36:44.356114+00:00,2.2584879
2025-07-17 01:36:58.101761+00:00,2.2584879
2025-07-17 01:37:10.895599+00:00,2.2584879
2025-07-17 01:37:22.327116+00:00,2.2584882
2025-07-17 01:37:35.230628+00:00,2.2584881
2025-07-17 01:37:47.802463+00:00,2.2584873
2025-07-17 01:38:00.062241+00:00,2.2584872
2025-07-17 01:38:12.229204+00:00,2.2584866
2025-07-17 01:38:24.804375+00:00,2.2584879
2025-07-17 01:38:37.713299+00:00,2.258488
2025-07-17 01:38:49.626791+00:00,2.2584874
2025-07-17 01:39:02.817800+00:00,2.2584875
2025-07-17 01:39:14.830655+00:00,2.2584879
2025-07-17 01:39:28.103250+00:00,2.2584872
2025-07-17 01:39:39.261242+00:00,2.2584878
2025-07-17 01:39:51.795574+00:00,2.2584874
2025-07-17 01:40:05.590475+00:00,2.2584877
2025-07-17 01:40:17.069907+00:00,2.2584871
2025-07-17 01:40:29.598953+00:00,2.2584875
2025-07-17 01:40:42.027772+00:00,2.2584873
2025-07-17 01:40:54.516315+00:00,2.2584877
2025-07-17 01:41:08.543111+00:00,2.2584866
2025-07-17 01:41:19.118328+00:00,2.2584878
2025-07-17 01:41:34.045937+00:00,2.2584873
2025-07-17 01:41:46.322696+00:00,2.2584881
2025-07-17 01:41:57.292975+00:00,2.2584875
2025-07-17 01:42:11.854974+00:00,2.2584872
2025-07-17 01:42:23.083240+00:00,2.2584869
2025-07-17 01:42:35.918303+00:00,2.258488
2025-07-17 01:42:48.780720+00:00,2.2584873
2025-07-17 01:43:03.753141+00:00,2.258487
2025-07-17 01:43:14.417024+00:00,2.2584875
2025-07-17 01:43:26.077944+00:00,2.2584872
2025-07-17 01:43:38.924965+00:00,2.2584875
2025-07-17 01:43:51.548470+00:00,2.2584878
2025-07-17 01:44:04.553869+00:00,2.2584867
2025-07-17 01:44:17.410823+00:00,2.2584878
2025-07-17 01:44:29.854750+00:00,2.2584872
2025-07-17 01:44:41.682014+00:00,2.2584868
2025-07-17 01:44:54.164312+00:00,2.2584876
2025-07-17 01:45:07.195844+00:00,2.2584861
2025-07-17 01:45:20.140396+00:00,2.2584862
2025-07-17 01:45:32.570289+00:00,2.2584872
2025-07-17 01:45:44.171961+00:00,2.2584873
2025-07-17 01:45:57.062737+00:00,2.2584877
2025-07-17 01:46:21.287141+00:00,2.2584873
2025-07-17 01:46:33.956342+00:00,2.2584872
2025-07-17 01:46:45.874816+00:00,2.2584873
2025-07-17 01:47:12.716990+00:00,2.2584876
2025-07-17 01:47:24.145449+00:00,2.2584877
2025-07-17 01:47:48.560825+00:00,2.2584875
2025-07-17 01:48:00.487917+00:00,2.2584871
2025-07-17 01:48:12.793977+00:00,2.2584879
2025-07-17 01:48:25.505083+00:00,2.2584876
2025-07-17 01:48:37.852707+00:00,2.2584876
2025-07-17 01:48:52.253789+00:00,2.258487
2025-07-17 01:49:04.070009+00:00,2.2584875
2025-07-17 01:49:15.900355+00:00,2.2584877
2025-07-17 01:49:30.228287+00:00,2.2584872
2025-07-17 01:49:40.717929+00:00,2.2584877
2025-07-17 01:49:53.410754+00:00,2.2584871
2025-07-17 01:50:06.026039+00:00,2.2584879
2025-07-17 01:50:18.759269+00:00,2.2584872
2025-07-17 01:50:33.103493+00:00,2.2584877
2025-07-17 01:50:43.038862+00:00,2.2584879
2025-07-17 01:51:07.960352+00:00,2.2584876
2025-07-17 01:51:20.096044+00:00,2.2584876
2025-07-17 01:51:32.954768+00:00,2.2584875
2025-07-17 01:51:46.885290+00:00,2.2584875
2025-07-17 01:51:59.264868+00:00,2.2584877
2025-07-17 01:52:11.736515+00:00,2.2584874
2025-07-17 01:52:22.498895+00:00,2.2584871
2025-07-17 01:52:34.806925+00:00,2.2584874
2025-07-17 01:52:47.646464+00:00,2.2584876
2025-07-17 01:53:00.730378+00:00,2.2584876
2025-07-17 01:53:12.803953+00:00,2.2584872
2025-07-17 01:53:25.658696+00:00,2.2584882
2025-07-17 01:53:39.605041+00:00,2.2584876
2025-07-17 01:53:51.278269+00:00,2.2584875
2025-07-17 01:54:04.806133+00:00,2.2584874
2025-07-17 01:54:17.312139+00:00,2.258487
2025-07-17 01:54:29.740480+00:00,2.2584869
2025-07-17 01:54:42.208107+00:00,2.2584878
2025-07-17 01:54:55.144260+00:00,2.2584872
2025-07-17 01:55:08.595134+00:00,2.2584871
2025-07-17 01:55:20.728113+00:00,2.2584875
2025-07-17 01:55:33.485116+00:00,2.2584872
2025-07-17 01:55:45.695754+00:00,2.2584877
2025-07-17 01:55:58.117470+00:00,2.2584878
2025-07-17 01:56:12.244077+00:00,2.2584873
2025-07-17 01:56:23.451039+00:00,2.2584868
2025-07-17 01:56:35.748815+00:00,2.2584872
2025-07-17 01:56:48.651254+00:00,2.2584875
2025-07-17 01:57:01.801452+00:00,2.2584879
2025-07-17 01:57:13.253066+00:00,2.258487
2025-07-17 01:57:27.377207+00:00,2.2584879
2025-07-17 01:57:38.015645+00:00,2.2584877
2025-07-17 01:57:50.834448+00:00,2.2584878
2025-07-17 01:58:15.237282+00:00,2.2584872
2025-07-17 01:58:28.961344+00:00,2.2584876
2025-07-17 01:58:39.876168+00:00,2.2584882
2025-07-17 01:58:52.154393+00:00,2.2584874
2025-07-17 01:59:06.088896+00:00,2.2584873
2025-07-17 01:59:18.474721+00:00,2.2584871
2025-07-17 01:59:29.737764+00:00,2.2584863
2025-07-17 01:59:42.822411+00:00,2.2584867
2025-07-17 02:00:00.679550+00:00,2.2584879
2025-07-17 02:00:07.888091+00:00,2.2584875
2025-07-17 02:00:20.078706+00:00,2.2584877
2025-07-17 02:00:32.645010+00:00,2.2584876
2025-07-17 02:00:44.664016+00:00,2.258488
2025-07-17 02:00:58.611977+00:00,2.2584869
2025-07-17 02:01:10.569940+00:00,2.258487
2025-07-17 02:01:22.985516+00:00,2.2584875
2025-07-17 02:01:35.554356+00:00,2.2584874
2025-07-17 02:01:48.495172+00:00,2.2584879
2025-07-17 02:02:01.209333+00:00,2.2584874
2025-07-17 02:02:13.049932+00:00,2.2584881
2025-07-17 02:02:38.150880+00:00,2.2584878
2025-07-17 02:02:50.901494+00:00,2.2584876
2025-07-17 02:03:04.182689+00:00,2.2584879
2025-07-17 02:03:14.970802+00:00,2.2584862
2025-07-17 02:03:28.398517+00:00,2.2584877
2025-07-17 02:03:41.134715+00:00,2.2584868
2025-07-17 02:03:52.998417+00:00,2.2584879
2025-07-17 02:04:05.875809+00:00,2.2584872
2025-07-17 02:04:19.071491+00:00,2.2584872
2025-07-17 02:04:30.023412+00:00,2.2584867
2025-07-17 02:04:42.390323+00:00,2.2584873
2025-07-17 02:04:55.804781+00:00,2.2584877
2025-07-17 02:05:08.154329+00:00,2.2584874
2025-07-17 02:05:19.971320+00:00,2.258488
2025-07-17 02:05:33.185789+00:00,2.258487
2025-07-17 02:05:44.541499+00:00,2.2584877
2025-07-17 02:05:57.099483+00:00,2.258487
2025-07-17 02:06:09.903169+00:00,2.2584875
2025-07-17 02:06:35.796704+00:00,2.2584881
2025-07-17 02:06:50.008223+00:00,2.2584873
2025-07-17 02:06:58.942286+00:00,2.2584881
2025-07-17 02:07:11.960137+00:00,2.2584876
2025-07-17 02:07:24.049403+00:00,2.2584872
2025-07-17 02:07:36.688103+00:00,2.2584879
2025-07-17 02:07:49.413005+00:00,2.2584878
2025-07-17 02:08:02.331786+00:00,2.258487
2025-07-17 02:08:17.483638+00:00,2.2584877
2025-07-17 02:08:28.079299+00:00,2.2584873
2025-07-17 02:08:41.800432+00:00,2.2584879
2025-07-17 02:08:54.800313+00:00,2.2584873
2025-07-17 02:09:07.356171+00:00,2.258488
2025-07-17 02:09:18.909429+00:00,2.2584876
2025-07-17 02:09:32.981015+00:00,2.2584865
2025-07-17 02:09:46.822284+00:00,2.2584878
2025-07-17 02:09:56.564439+00:00,2.2584877
2025-07-17 02:10:09.313513+00:00,2.2584875
2025-07-17 02:10:22.377653+00:00,2.2584863
2025-07-17 02:10:34.388162+00:00,2.2584881
2025-07-17 02:10:49.560969+00:00,2.2584882
2025-07-17 02:10:59.490868+00:00,2.2584875
2025-07-17 02:11:12.058636+00:00,2.2584875
2025-07-17 02:11:23.927136+00:00,2.2584869
2025-07-17 02:11:49.812759+00:00,2.2584868
2025-07-17 02:12:00.734797+00:00,2.2584876
2025-07-17 02:12:13.511167+00:00,2.2584875
2025-07-17 02:12:27.157145+00:00,2.2584877
2025-07-17 02:12:38.057353+00:00,2.2584882
2025-07-17 02:12:51.238321+00:00,2.2584878
2025-07-17 02:13:19.854774+00:00,2.2584864
2025-07-17 02:13:27.905996+00:00,2.2584876
2025-07-17 02:13:41.123242+00:00,2.2584867
2025-07-17 02:13:54.416695+00:00,2.2584876
2025-07-17 02:14:06.071164+00:00,2.2584866
2025-07-17 02:14:27.166783+00:00,2.2584877
2025-07-17 02:14:43.733460+00:00,2.2584879
2025-07-17 02:14:55.842077+00:00,2.2584868
2025-07-17 02:15:09.027276+00:00,2.2584873
2025-07-17 02:15:21.662481+00:00,2.2584873
2025-07-17 02:15:34.006872+00:00,2.258487
2025-07-17 02:15:47.018015+00:00,2.2584875
2025-07-17 02:16:10.940785+00:00,2.2584877
2025-07-17 02:16:35.699439+00:00,2.2584875
2025-07-17 02:16:47.871796+00:00,2.2584879
2025-07-17 02:17:01.142113+00:00,2.2584873
2025-07-17 02:17:13.566541+00:00,2.2584874
2025-07-17 02:17:29.876272+00:00,2.2584867
2025-07-17 02:17:38.524694+00:00,2.2584868
2025-07-17 02:17:52.453492+00:00,2.2584877
2025-07-17 02:18:04.646493+00:00,2.2584866
2025-07-17 02:18:17.251333+00:00,2.2584872
2025-07-17 02:18:42.922940+00:00,2.2584875
2025-07-17 02:18:55.386554+00:00,2.2584876
2025-07-17 02:19:08.458960+00:00,2.2584879
2025-07-17 02:19:21.807933+00:00,2.2584874
2025-07-17 02:19:36.183075+00:00,2.2584868
2025-07-17 02:19:46.540956+00:00,2.2584865
2025-07-17 02:19:59.038688+00:00,2.258488
2025-07-17 02:20:11.929914+00:00,2.2584877
2025-07-17 02:20:25.894149+00:00,2.258487
2025-07-17 02:20:36.917139+00:00,2.2584877
2025-07-17 02:20:54.029011+00:00,2.2584871
2025-07-17 02:21:02.420252+00:00,2.2584878
2025-07-17 02:21:14.381266+00:00,2.2584876
2025-07-17 02:21:27.469408+00:00,2.2584878
2025-07-17 02:21:39.487281+00:00,2.258487
2025-07-17 02:21:56.436224+00:00,2.2584866
2025-07-17 02:22:04.527340+00:00,2.2584879
2025-07-17 02:22:17.654946+00:00,2.2584872
2025-07-17 02:22:28.950744+00:00,2.2584872
2025-07-17 02:22:41.901483+00:00,2.2584876
2025-07-17 02:22:54.226002+00:00,2.2584874
2025-07-17 02:23:06.983447+00:00,2.2584879
2025-07-17 02:23:20.144438+00:00,2.2584877
2025-07-17 02:23:31.682533+00:00,2.2584877
2025-07-17 02:23:56.324539+00:00,2.258488
2025-07-17 02:24:08.508641+00:00,2.2584876
2025-07-17 02:24:34.014817+00:00,2.2584872
2025-07-17 02:24:47.149232+00:00,2.2584874
2025-07-17 02:24:59.552458+00:00,2.258488
2025-07-17 02:25:26.023898+00:00,2.258487
2025-07-17 02:25:36.738931+00:00,2.258488
2025-07-17 02:25:48.942948+00:00,2.2584871
2025-07-17 02:26:13.566541+00:00,2.2584878
2025-07-17 02:26:26.209788+00:00,2.2584878
2025-07-17 02:26:38.564999+00:00,2.2584874
2025-07-17 02:26:56.881894+00:00,2.2584865
2025-07-17 02:27:06.597381+00:00,2.2584876
2025-07-17 02:27:28.761401+00:00,2.2584869
2025-07-17 02:27:40.708126+00:00,2.2584865
2025-07-17 02:28:18.102224+00:00,2.2584873
2025-07-17 02:28:30.867955+00:00,2.258487
2025-07-17 02:28:43.251229+00:00,2.2584873
2025-07-17 02:28:56.680355+00:00,2.2584876
2025-07-17 02:29:09.659298+00:00,2.2584882
2025-07-17 02:29:21.365837+00:00,2.2584872
2025-07-17 02:29:34.170461+00:00,2.2584872
2025-07-17 02:29:46.989955+00:00,2.2584871
2025-07-17 02:30:00.009430+00:00,2.2584864
2025-07-17 02:30:13.815038+00:00,2.2584878
2025-07-17 02:30:27.555418+00:00,2.2584872
2025-07-17 02:30:38.991505+00:00,2.2584874
2025-07-17 02:30:49.851199+00:00,2.2584877
2025-07-17 02:31:03.465344+00:00,2.2584876
2025-07-17 02:31:14.827710+00:00,2.2584874
2025-07-17 02:31:27.257299+00:00,2.2584878
2025-07-17 02:31:40.742351+00:00,2.2584877
2025-07-17 02:31:52.857540+00:00,2.2584873
2025-07-17 02:32:06.096486+00:00,2.2584874
2025-07-17 02:32:17.962119+00:00,2.2584874
2025-07-17 02:32:30.477449+00:00,2.2584868
2025-07-17 02:32:42.854434+00:00,2.2584874
2025-07-17 02:32:55.517558+00:00,2.2584876
2025-07-17 02:33:08.293537+00:00,2.2584869
2025-07-17 02:33:20.300361+00:00,2.2584873
2025-07-17 02:33:32.568846+00:00,2.2584873
2025-07-17 02:33:57.174332+00:00,2.2584872
2025-07-17 02:34:11.486995+00:00,2.2584875
2025-07-17 02:34:22.004519+00:00,2.2584874
2025-07-17 02:34:34.377373+00:00,2.2584879
2025-07-17 02:34:49.673346+00:00,2.2584878
2025-07-17 02:35:05.674778+00:00,2.258488
2025-07-17 02:35:12.943393+00:00,2.2584871
2025-07-17 02:35:24.541705+00:00,2.2584875
2025-07-17 02:35:38.958057+00:00,2.2584879
2025-07-17 02:35:49.737658+00:00,2.2584884
2025-07-17 02:36:03.539935+00:00,2.2584868
2025-07-17 02:36:20.787369+00:00,2.2584864
2025-07-17 02:36:27.796538+00:00,2.2584872
2025-07-17 02:36:40.503510+00:00,2.2584871
2025-07-17 02:36:52.769570+00:00,2.2584872
2025-07-17 02:37:05.320059+00:00,2.2584876
2025-07-17 02:37:18.689561+00:00,2.2584876
2025-07-17 02:37:29.942249+00:00,2.2584883
2025-07-17 02:37:42.333380+00:00,2.2584866
2025-07-17 02:37:54.960807+00:00,2.2584872
2025-07-17 02:38:08.871113+00:00,2.2584875
2025-07-17 02:38:19.729553+00:00,2.2584876
2025-07-17 02:38:32.444009+00:00,2.2584872
2025-07-17 02:38:44.800356+00:00,2.2584869
2025-07-17 02:38:58.042768+00:00,2.2584878
2025-07-17 02:39:11.084566+00:00,2.2584875
2025-07-17 02:39:23.508739+00:00,2.258487
2025-07-17 02:39:36.678522+00:00,2.2584876
2025-07-17 02:39:48.810969+00:00,2.2584872
2025-07-17 02:40:01.574274+00:00,2.2584867
2025-07-17 02:40:14.418228+00:00,2.2584872
2025-07-17 02:40:27.670912+00:00,2.2584873
2025-07-17 02:40:39.689053+00:00,2.2584874
2025-07-17 02:40:52.665055+00:00,2.2584868
2025-07-17 02:41:06.138561+00:00,2.2584875
2025-07-17 02:41:18.044880+00:00,2.2584873
2025-07-17 02:41:37.597230+00:00,2.2584876
2025-07-17 02:41:43.027573+00:00,2.2584878
2025-07-17 02:41:55.659485+00:00,2.2584879
2025-07-17 02:42:09.143092+00:00,2.2584881
2025-07-17 02:42:21.237855+00:00,2.2584883
2025-07-17 02:42:36.541116+00:00,2.2584871
2025-07-17 02:42:45.869559+00:00,2.2584876
2025-07-17 02:42:58.404532+00:00,2.2584876
2025-07-17 02:43:27.660792+00:00,2.2584876
2025-07-17 02:43:38.674727+00:00,2.258488
2025-07-17 02:44:00.596019+00:00,2.2584878
2025-07-17 02:44:12.568398+00:00,2.2584881
2025-07-17 02:44:24.827647+00:00,2.2584874
2025-07-17 02:44:37.568361+00:00,2.2584867
2025-07-17 02:44:49.635997+00:00,2.2584864
2025-07-17 02:45:02.608257+00:00,2.2584872
2025-07-17 02:45:27.462445+00:00,2.2584878
2025-07-17 02:45:51.692351+00:00,2.2584877
2025-07-17 02:46:04.274628+00:00,2.2584877
2025-07-17 02:46:17.356574+00:00,2.2584872
2025-07-17 02:46:41.989872+00:00,2.2584878
2025-07-17 02:46:53.915450+00:00,2.2584872
2025-07-17 02:47:08.654747+00:00,2.2584873
2025-07-17 02:47:19.373169+00:00,2.2584872
2025-07-17 02:47:32.671857+00:00,2.2584876
2025-07-17 02:47:46.240356+00:00,2.2584879
2025-07-17 02:48:09.527294+00:00,2.2584872
2025-07-17 02:48:21.482152+00:00,2.2584869
2025-07-17 02:48:34.123837+00:00,2.2584872
2025-07-17 02:48:50.555455+00:00,2.2584867
2025-07-17 02:48:58.889325+00:00,2.2584877
2025-07-17 02:49:11.397293+00:00,2.2584874
2025-07-17 02:49:24.345122+00:00,2.2584867
2025-07-17 02:49:36.324982+00:00,2.2584866
2025-07-17 02:49:49.245681+00:00,2.2584875
2025-07-17 02:50:01.725393+00:00,2.2584872
2025-07-17 02:50:27.563409+00:00,2.2584867
2025-07-17 02:50:39.470907+00:00,2.2584879
2025-07-17 02:50:52.094530+00:00,2.2584883
2025-07-17 02:51:05.424642+00:00,2.2584869
2025-07-17 02:51:17.312597+00:00,2.2584877
2025-07-17 02:51:30.000741+00:00,2.2584882
2025-07-17 02:51:42.358491+00:00,2.2584873
2025-07-17 02:51:56.219086+00:00,2.2584876
2025-07-17 02:52:08.298534+00:00,2.2584871
2025-07-17 02:52:20.943166+00:00,2.2584879
2025-07-17 02:52:33.918251+00:00,2.2584877
2025-07-17 02:52:47.414668+00:00,2.2584869
2025-07-17 02:52:59.100717+00:00,2.2584877
2025-07-17 02:53:11.315909+00:00,2.2584875
2025-07-17 02:53:24.141056+00:00,2.2584873
2025-07-17 02:53:36.752958+00:00,2.2584873
2025-07-17 02:53:49.046019+00:00,2.2584865
2025-07-17 02:54:02.236079+00:00,2.2584864
2025-07-17 02:54:15.561512+00:00,2.258487
2025-07-17 02:54:39.748345+00:00,2.2584876
2025-07-17 02:54:53.807787+00:00,2.2584871
2025-07-17 02:55:04.510079+00:00,2.2584872
2025-07-17 02:55:18.756106+00:00,2.2584875
2025-07-17 02:55:29.437393+00:00,2.2584862
2025-07-17 02:55:41.210677+00:00,2.2584869
2025-07-17 02:55:53.856495+00:00,2.258487
2025-07-17 02:56:18.278162+00:00,2.2584873
2025-07-17 02:56:33.329223+00:00,2.2584875
2025-07-17 02:56:43.388577+00:00,2.2584871
2025-07-17 02:56:55.445186+00:00,2.2584868
2025-07-17 02:57:09.114889+00:00,2.2584878
2025-07-17 02:57:20.580301+00:00,2.258486
2025-07-17 02:57:34.447575+00:00,2.2584874
2025-07-17 02:57:50.465289+00:00,2.2584875
2025-07-17 02:57:59.219732+00:00,2.2584863
2025-07-17 02:58:12.592086+00:00,2.2584874
2025-07-17 02:58:24.692684+00:00,2.2584874
2025-07-17 02:58:36.875723+00:00,2.2584882
2025-07-17 02:58:49.135217+00:00,2.258487
2025-07-17 02:59:05.465815+00:00,2.2584873
2025-07-17 02:59:26.617370+00:00,2.2584864
2025-07-17 02:59:39.383506+00:00,2.258487
2025-07-17 02:59:51.659360+00:00,2.2584872
2025-07-17 03:00:04.385624+00:00,2.2584869
2025-07-17 03:00:18.563644+00:00,2.2584871
2025-07-17 03:00:42.995542+00:00,2.2584882
2025-07-17 03:01:07.562364+00:00,2.2584865
2025-07-17 03:01:20.870727+00:00,2.2584871
2025-07-17 03:01:33.620965+00:00,2.2584871
2025-07-17 03:01:45.847292+00:00,2.258488
2025-07-17 03:01:58.291677+00:00,2.2584878
2025-07-17 03:02:11.221455+00:00,2.2584872
2025-07-17 03:02:23.875793+00:00,2.258488
2025-07-17 03:02:36.854675+00:00,2.2584879
2025-07-17 03:02:49.437894+00:00,2.2584877
2025-07-17 03:03:03.552937+00:00,2.2584874
2025-07-17 03:03:15.200252+00:00,2.2584878
2025-07-17 03:03:27.361263+00:00,2.2584876
2025-07-17 03:03:39.854661+00:00,2.258487
2025-07-17 03:03:53.019822+00:00,2.258487
2025-07-17 03:04:07.029700+00:00,2.2584874
2025-07-17 03:04:18.209290+00:00,2.2584877
2025-07-17 03:04:42.617216+00:00,2.2584877
2025-07-17 03:04:55.298928+00:00,2.2584871
2025-07-17 03:05:15.726218+00:00,2.2584878
2025-07-17 03:05:20.778386+00:00,2.258487
2025-07-17 03:05:33.565085+00:00,2.2584873
2025-07-17 03:05:48.009543+00:00,2.2584873
2025-07-17 03:06:22.632299+00:00,2.2584867
2025-07-17 03:06:37.741668+00:00,2.2584874
2025-07-17 03:06:48.547489+00:00,2.2584868
2025-07-17 03:07:00.772168+00:00,2.2584873
2025-07-17 03:07:12.900535+00:00,2.258487
2025-07-17 03:07:25.549580+00:00,2.258487
2025-07-17 03:07:37.937773+00:00,2.2584876
2025-07-17 03:07:51.331076+00:00,2.2584869
2025-07-17 03:08:03.410865+00:00,2.2584883
2025-07-17 03:08:16.642060+00:00,2.2584877
2025-07-17 03:08:28.171365+00:00,2.258488
2025-07-17 03:08:40.392727+00:00,2.2584878
2025-07-17 03:08:52.963048+00:00,2.258488
2025-07-17 03:09:06.521954+00:00,2.258488
2025-07-17 03:09:30.830243+00:00,2.2584874
2025-07-17 03:09:43.253524+00:00,2.2584878
2025-07-17 03:09:55.483763+00:00,2.2584882
2025-07-17 03:10:08.230048+00:00,2.2584871
2025-07-17 03:10:22.955298+00:00,2.2584875
2025-07-17 03:10:33.203959+00:00,2.2584872
2025-07-17 03:10:46.254120+00:00,2.2584877
2025-07-17 03:10:58.278385+00:00,2.2584874
2025-07-17 03:11:11.068288+00:00,2.2584875
2025-07-17 03:11:23.524375+00:00,2.2584875
2025-07-17 03:11:36.942689+00:00,2.2584874
2025-07-17 03:11:49.821282+00:00,2.2584871
2025-07-17 03:12:05.144263+00:00,2.2584875
2025-07-17 03:12:38.813564+00:00,2.2584871
2025-07-17 03:13:03.932870+00:00,2.2584875
2025-07-17 03:13:18.998109+00:00,2.2584872
2025-07-17 03:13:53.974432+00:00,2.2584872
2025-07-17 03:14:06.578497+00:00,2.2584866
2025-07-17 03:14:19.199845+00:00,2.2584871
2025-07-17 03:14:31.348219+00:00,2.2584873
2025-07-17 03:14:44.282598+00:00,2.258488
2025-07-17 03:14:58.065346+00:00,2.2584875
2025-07-17 03:15:22.839031+00:00,2.2584863
2025-07-17 03:15:48.907375+00:00,2.2584874
2025-07-17 03:16:00.828259+00:00,2.2584876
2025-07-17 03:16:14.420656+00:00,2.2584873
2025-07-17 03:16:25.974213+00:00,2.258487
2025-07-17 03:16:38.846127+00:00,2.2584859
2025-07-17 03:16:52.016071+00:00,2.2584867
2025-07-17 03:17:05.002152+00:00,2.2584875
2025-07-17 03:17:17.693898+00:00,2.2584872
2025-07-17 03:17:29.582513+00:00,2.2584862
2025-07-17 03:17:42.296546+00:00,2.2584876
2025-07-17 03:17:54.960330+00:00,2.2584874
2025-07-17 03:18:08.626299+00:00,2.2584873
2025-07-17 03:18:33.060420+00:00,2.2584869
2025-07-17 03:18:44.958914+00:00,2.2584879
2025-07-17 03:18:57.759165+00:00,2.2584875
2025-07-17 03:19:10.025407+00:00,2.2584879
2025-07-17 03:19:22.097170+00:00,2.2584862
2025-07-17 03:19:34.499119+00:00,2.2584874
2025-07-17 03:19:47.305479+00:00,2.2584879
2025-07-17 03:19:59.724817+00:00,2.2584864
2025-07-17 03:20:13.298783+00:00,2.2584874
2025-07-17 03:20:24.722996+00:00,2.2584865
2025-07-17 03:20:37.165701+00:00,2.2584878
2025-07-17 03:21:27.396061+00:00,2.2584881
2025-07-17 03:21:40.061999+00:00,2.2584874
2025-07-17 03:21:51.434151+00:00,2.258488
2025-07-17 03:22:04.111437+00:00,2.2584867
2025-07-17 03:22:16.362209+00:00,2.2584877
2025-07-17 03:22:41.090556+00:00,2.2584878
2025-07-17 03:23:19.345513+00:00,2.2584868
2025-07-17 03:23:31.847898+00:00,2.2584878
2025-07-17 03:23:43.785324+00:00,2.2584868
2025-07-17 03:23:56.094871+00:00,2.2584869
2025-07-17 03:24:21.211127+00:00,2.2584878
2025-07-17 03:24:33.562271+00:00,2.2584879
2025-07-17 03:24:46.621321+00:00,2.2584874
2025-07-17 03:24:58.544260+00:00,2.2584871
2025-07-17 03:25:11.849593+00:00,2.2584878
2025-07-17 03:25:24.314760+00:00,2.258487
2025-07-17 03:26:02.716237+00:00,2.2584874
2025-07-17 03:26:13.541464+00:00,2.2584871
2025-07-17 03:26:26.416648+00:00,2.2584877
2025-07-17 03:26:38.932857+00:00,2.2584866
2025-07-17 03:26:51.400103+00:00,2.2584868
2025-07-17 03:27:17.067110+00:00,2.2584877
2025-07-17 03:27:29.650004+00:00,2.2584867
2025-07-17 03:27:42.654088+00:00,2.258488
2025-07-17 03:28:07.671039+00:00,2.2584873
2025-07-17 03:28:20.276954+00:00,2.2584876
2025-07-17 03:28:33.231181+00:00,2.2584871
2025-07-17 03:28:45.698387+00:00,2.2584878
2025-07-17 03:29:14.163540+00:00,2.2584865
2025-07-17 03:29:36.281394+00:00,2.2584875
2025-07-17 03:29:48.621495+00:00,2.2584862
2025-07-17 03:30:01.600897+00:00,2.2584876
2025-07-17 03:30:14.116983+00:00,2.2584868
2025-07-17 03:31:03.391217+00:00,2.2584874
2025-07-17 03:31:28.041378+00:00,2.2584883
2025-07-17 03:32:05.439828+00:00,2.2584871
2025-07-17 03:32:18.200258+00:00,2.2584883
2025-07-17 03:32:54.882223+00:00,2.2584873
2025-07-17 03:33:07.675977+00:00,2.2584862
2025-07-17 03:33:22.250714+00:00,2.2584868
2025-07-17 03:33:33.072708+00:00,2.2584874
2025-07-17 03:33:45.661562+00:00,2.2584863
2025-07-17 03:34:10.902440+00:00,2.2584877
2025-07-17 03:34:48.200454+00:00,2.2584875
2025-07-17 03:35:14.213686+00:00,2.2584877
2025-07-17 03:35:26.440982+00:00,2.258487
2025-07-17 03:35:38.323647+00:00,2.2584878
2025-07-17 03:35:50.763022+00:00,2.2584868
2025-07-17 03:36:16.057923+00:00,2.2584875
2025-07-17 03:36:41.371433+00:00,2.2584867
2025-07-17 03:36:54.438374+00:00,2.2584867
2025-07-17 03:37:06.483578+00:00,2.2584861
2025-07-17 03:37:20.063372+00:00,2.2584877
2025-07-17 03:37:32.522411+00:00,2.2584866
2025-07-17 03:37:44.379108+00:00,2.2584875
2025-07-17 03:38:09.837965+00:00,2.2584867
2025-07-17 03:38:24.921122+00:00,2.2584872
2025-07-17 03:38:35.293822+00:00,2.2584866
2025-07-17 03:38:48.509120+00:00,2.2584873
2025-07-17 03:39:01.121322+00:00,2.258487
2025-07-17 03:39:13.767822+00:00,2.2584877
2025-07-17 03:39:26.082224+00:00,2.2584865
2025-07-17 03:39:39.092477+00:00,2.2584879
2025-07-17 03:39:52.925221+00:00,2.2584873
2025-07-17 03:40:04.428043+00:00,2.258487
2025-07-17 03:40:17.603027+00:00,2.2584877
2025-07-17 03:40:30.600047+00:00,2.2584881
2025-07-17 03:41:43.906652+00:00,2.2584879
2025-07-17 03:42:20.889551+00:00,2.2584875
2025-07-17 03:42:57.932395+00:00,2.2584874
2025-07-17 03:43:35.745116+00:00,2.2584871
2025-07-17 03:43:48.604895+00:00,2.258488
2025-07-17 03:44:01.880356+00:00,2.2584865
2025-07-17 03:44:13.402548+00:00,2.2584878
2025-07-17 03:44:26.667889+00:00,2.2584878
2025-07-17 03:44:38.528371+00:00,2.2584873
2025-07-17 03:44:51.053034+00:00,2.2584878
2025-07-17 03:45:03.917030+00:00,2.258488
2025-07-17 03:45:16.212657+00:00,2.2584879
2025-07-17 03:45:56.287506+00:00,2.2584869
2025-07-17 03:46:06.109141+00:00,2.258488
2025-07-17 03:46:31.170734+00:00,2.2584874
2025-07-17 03:46:44.400384+00:00,2.2584878
2025-07-17 03:46:55.899515+00:00,2.2584874
2025-07-17 03:47:08.952659+00:00,2.2584874
2025-07-17 03:47:21.809680+00:00,2.258486
2025-07-17 03:47:34.182157+00:00,2.2584871
2025-07-17 03:47:47.279651+00:00,2.2584866
2025-07-17 03:48:00.086949+00:00,2.2584867
2025-07-17 03:48:13.904997+00:00,2.2584861
2025-07-17 03:48:25.814352+00:00,2.2584875
2025-07-17 03:48:37.801013+00:00,2.2584865
2025-07-17 03:48:50.717989+00:00,2.2584873
2025-07-17 03:49:03.774436+00:00,2.2584866
2025-07-17 03:49:16.578745+00:00,2.2584865
2025-07-17 03:49:41.512115+00:00,2.2584877
2025-07-17 03:49:54.338861+00:00,2.2584864
2025-07-17 03:50:33.999223+00:00,2.2584881
2025-07-17 03:51:46.574561+00:00,2.2584868
2025-07-17 03:52:11.891737+00:00,2.2584877
2025-07-17 03:52:48.788222+00:00,2.2584866
2025-07-17 03:53:38.410232+00:00,2.2584871
2025-07-17 03:53:50.868904+00:00,2.2584868
2025-07-17 03:54:03.840501+00:00,2.2584871
2025-07-17 03:54:16.634406+00:00,2.2584867
2025-07-17 03:54:29.655150+00:00,2.2584884
2025-07-17 03:54:53.723808+00:00,2.2584878
2025-07-17 03:55:06.555013+00:00,2.2584872
2025-07-17 03:55:19.037886+00:00,2.2584874
2025-07-17 03:55:56.424526+00:00,2.2584876
2025-07-17 03:56:33.674797+00:00,2.2584876
2025-07-17 03:56:46.652637+00:00,2.2584877
2025-07-17 03:56:58.632283+00:00,2.2584884
2025-07-17 03:57:23.828355+00:00,2.2584877
2025-07-17 03:57:35.913307+00:00,2.2584869
2025-07-17 03:57:48.743356+00:00,2.2584876
2025-07-17 03:58:01.552576+00:00,2.258487
2025-07-17 03:58:14.484827+00:00,2.2584879
2025-07-17 03:58:28.177572+00:00,2.2584878
2025-07-17 03:58:40.101097+00:00,2.2584873
2025-07-17 03:58:53.274705+00:00,2.2584875
2025-07-17 03:59:06.455640+00:00,2.2584876
2025-07-17 03:59:31.092193+00:00,2.2584876
2025-07-17 03:59:43.139398+00:00,2.2584869
2025-07-17 03:59:55.882969+00:00,2.2584869
2025-07-17 04:00:09.017077+00:00,2.2584867
2025-07-17 04:00:35.847792+00:00,2.2584867
2025-07-17 04:00:49.453309+00:00,2.2584873
2025-07-17 04:00:59.314033+00:00,2.258486
2025-07-17 04:01:11.618054+00:00,2.258488
2025-07-17 04:01:24.464107+00:00,2.2584878
2025-07-17 04:01:37.340006+00:00,2.258487
2025-07-17 04:02:02.334117+00:00,2.2584872
2025-07-17 04:03:04.168682+00:00,2.258487
2025-07-17 04:03:29.663389+00:00,2.2584878
2025-07-17 04:03:42.696556+00:00,2.2584866
2025-07-17 04:03:53.984736+00:00,2.2584879
2025-07-17 04:04:07.559059+00:00,2.2584874
2025-07-17 04:04:33.308389+00:00,2.2584869
2025-07-17 04:06:24.072945+00:00,2.2584875
2025-07-17 04:07:01.615823+00:00,2.2584881
2025-07-17 04:07:26.888904+00:00,2.2584869
2025-07-17 04:07:38.982027+00:00,2.2584869
2025-07-17 04:07:51.429489+00:00,2.2584873
2025-07-17 04:08:17.000696+00:00,2.2584865
2025-07-17 04:08:29.571226+00:00,2.2584864
2025-07-17 04:08:42.223547+00:00,2.2584871
2025-07-17 04:08:55.027844+00:00,2.2584865
2025-07-17 04:09:10.765073+00:00,2.258487
2025-07-17 04:09:20.874692+00:00,2.2584874
2025-07-17 04:09:33.499862+00:00,2.2584869
2025-07-17 04:09:46.202795+00:00,2.2584872
2025-07-17 04:10:12.682269+00:00,2.2584875
2025-07-17 04:10:24.107987+00:00,2.258488
2025-07-17 04:11:01.682412+00:00,2.2584883
2025-07-17 04:11:26.242119+00:00,2.2584876
2025-07-17 04:12:15.734125+00:00,2.2584862
2025-07-17 04:12:28.729970+00:00,2.2584868
2025-07-17 04:12:40.507398+00:00,2.2584873
2025-07-17 04:12:53.756951+00:00,2.2584871
2025-07-17 04:13:06.760021+00:00,2.258486
2025-07-17 04:13:19.016639+00:00,2.258488
2025-07-17 04:13:31.810257+00:00,2.2584867
2025-07-17 04:14:33.847546+00:00,2.2584873
2025-07-17 04:14:46.866938+00:00,2.2584869
2025-07-17 04:15:12.926925+00:00,2.2584871
2025-07-17 04:15:24.206462+00:00,2.2584875
2025-07-17 04:15:36.465577+00:00,2.2584866
2025-07-17 04:16:51.154220+00:00,2.258488
2025-07-17 04:17:03.976692+00:00,2.2584869
2025-07-17 04:17:42.597454+00:00,2.2584867
2025-07-17 04:17:53.600452+00:00,2.2584872
2025-07-17 04:18:07.704598+00:00,2.2584866
2025-07-17 04:18:19.243878+00:00,2.2584877
2025-07-17 04:18:44.508875+00:00,2.2584876
2025-07-17 04:19:10.058849+00:00,2.2584881
2025-07-17 04:19:22.300653+00:00,2.2584869
2025-07-17 04:19:35.258248+00:00,2.2584871
2025-07-17 04:19:49.693873+00:00,2.258488
2025-07-17 04:20:00.320732+00:00,2.2584874
2025-07-17 04:20:13.502983+00:00,2.2584872
2025-07-17 04:20:26.206328+00:00,2.2584867
2025-07-17 04:20:38.176373+00:00,2.258488
2025-07-17 04:20:51.003214+00:00,2.2584877
2025-07-17 04:21:03.989262+00:00,2.2584872
2025-07-17 04:21:17.730888+00:00,2.2584878
2025-07-17 04:21:31.674767+00:00,2.2584879
2025-07-17 04:21:41.447443+00:00,2.2584877
2025-07-17 04:21:57.488897+00:00,2.2584876
2025-07-17 04:22:18.791183+00:00,2.2584872
2025-07-17 04:22:32.045141+00:00,2.2584879
2025-07-17 04:22:43.928755+00:00,2.2584874
2025-07-17 04:22:56.608490+00:00,2.2584878
2025-07-17 04:23:10.450678+00:00,2.2584868
2025-07-17 04:23:21.534777+00:00,2.2584878
2025-07-17 04:23:59.671668+00:00,2.2584868
2025-07-17 04:24:11.593357+00:00,2.2584881
2025-07-17 04:24:26.977280+00:00,2.258487
2025-07-17 04:24:49.140083+00:00,2.2584875
2025-07-17 04:25:02.400013+00:00,2.2584875
2025-07-17 04:25:14.769980+00:00,2.2584877
2025-07-17 04:25:34.441499+00:00,2.2584873
2025-07-17 04:25:39.160831+00:00,2.2584878
2025-07-17 04:26:04.256769+00:00,2.2584873
2025-07-17 04:26:16.739801+00:00,2.2584875
2025-07-17 04:26:29.283570+00:00,2.258488
2025-07-17 04:26:41.846453+00:00,2.2584866
2025-07-17 04:26:56.969049+00:00,2.2584879
2025-07-17 04:27:07.121425+00:00,2.2584877
2025-07-17 04:27:19.685584+00:00,2.2584877
2025-07-17 04:27:44.846056+00:00,2.258488
2025-07-17 04:27:56.814810+00:00,2.2584868
2025-07-17 04:28:09.838072+00:00,2.2584872
2025-07-17 04:28:24.971863+00:00,2.2584868
2025-07-17 04:28:35.401458+00:00,2.2584869
2025-07-17 04:28:48.236285+00:00,2.2584866
2025-07-17 04:29:01.609713+00:00,2.2584872
2025-07-17 04:29:13.679248+00:00,2.2584872
2025-07-17 04:29:26.618256+00:00,2.2584872
2025-07-17 04:29:39.490830+00:00,2.2584878
2025-07-17 04:29:52.028365+00:00,2.2584877
2025-07-17 04:30:07.767552+00:00,2.2584881
2025-07-17 04:30:17.457376+00:00,2.2584864
2025-07-17 04:30:30.615619+00:00,2.2584863
2025-07-17 04:30:43.718169+00:00,2.2584868
2025-07-17 04:30:56.958142+00:00,2.2584876
2025-07-17 04:31:08.345313+00:00,2.258487
2025-07-17 04:31:21.142271+00:00,2.2584872
2025-07-17 04:31:33.964963+00:00,2.2584867
2025-07-17 04:31:58.248584+00:00,2.2584873
2025-07-17 04:32:10.416099+00:00,2.2584876
2025-07-17 04:32:23.445046+00:00,2.2584877
2025-07-17 04:32:35.214857+00:00,2.2584874
2025-07-17 04:32:52.270829+00:00,2.2584875
2025-07-17 04:33:04.213802+00:00,2.2584866
2025-07-17 04:33:13.023661+00:00,2.2584874
2025-07-17 04:33:25.730347+00:00,2.2584872
2025-07-17 04:33:38.602651+00:00,2.2584869
2025-07-17 04:33:53.535786+00:00,2.2584864
2025-07-17 04:34:05.607340+00:00,2.2584866
2025-07-17 04:34:15.821667+00:00,2.2584878
2025-07-17 04:34:28.291233+00:00,2.2584874
2025-07-17 04:34:40.771088+00:00,2.2584874
2025-07-17 04:34:53.537885+00:00,2.2584878
2025-07-17 04:35:06.646845+00:00,2.2584871
2025-07-17 04:35:18.928781+00:00,2.2584879
2025-07-17 04:35:31.433671+00:00,2.2584882
2025-07-17 04:35:57.286402+00:00,2.2584868
2025-07-17 04:36:11.769635+00:00,2.2584877
2025-07-17 04:36:21.672292+00:00,2.2584877
2025-07-17 04:36:33.884265+00:00,2.2584871
2025-07-17 04:36:46.718019+00:00,2.2584876
2025-07-17 04:36:58.924407+00:00,2.2584878
2025-07-17 04:37:11.533285+00:00,2.2584868
2025-07-17 04:37:24.000479+00:00,2.2584876
2025-07-17 04:37:37.744895+00:00,2.2584881
2025-07-17 04:37:49.506817+00:00,2.2584877
2025-07-17 04:38:02.290189+00:00,2.2584872
2025-07-17 04:38:14.333579+00:00,2.2584875
2025-07-17 04:38:26.742419+00:00,2.2584882
2025-07-17 04:38:39.457840+00:00,2.2584868
2025-07-17 04:38:54.211102+00:00,2.258488
2025-07-17 04:39:04.292089+00:00,2.2584872
2025-07-17 04:39:17.294875+00:00,2.2584865
2025-07-17 04:39:30.416087+00:00,2.2584871
2025-07-17 04:39:42.456844+00:00,2.2584872
2025-07-17 04:39:55.221750+00:00,2.2584872
2025-07-17 04:40:08.197897+00:00,2.2584867
2025-07-17 04:40:21.243239+00:00,2.2584877
2025-07-17 04:40:34.296181+00:00,2.2584874
2025-07-17 04:41:00.919962+00:00,2.2584874
2025-07-17 04:41:15.556685+00:00,2.258487
2025-07-17 04:41:24.108388+00:00,2.2584878
2025-07-17 04:41:36.506962+00:00,2.258488
2025-07-17 04:41:49.095438+00:00,2.258487
2025-07-17 04:42:02.418299+00:00,2.2584875
2025-07-17 04:42:14.981044+00:00,2.2584874
2025-07-17 04:42:27.201013+00:00,2.2584863
2025-07-17 04:42:52.520654+00:00,2.2584867
2025-07-17 04:43:06.463395+00:00,2.2584862
2025-07-17 04:43:33.309144+00:00,2.2584873
2025-07-17 04:43:42.017243+00:00,2.2584861
2025-07-17 04:43:54.400718+00:00,2.2584873
2025-07-17 04:44:07.297104+00:00,2.2584867
2025-07-17 04:44:20.200801+00:00,2.2584875
2025-07-17 04:44:32.350924+00:00,2.2584866
2025-07-17 04:44:47.761378+00:00,2.2584868
2025-07-17 04:44:57.859023+00:00,2.2584878
2025-07-17 04:45:10.685482+00:00,2.2584864
2025-07-17 04:45:22.652064+00:00,2.2584879
2025-07-17 04:45:35.277391+00:00,2.2584875
2025-07-17 04:45:47.700556+00:00,2.2584871
2025-07-17 04:45:59.526500+00:00,2.2584872
2025-07-17 04:46:12.466769+00:00,2.258488
2025-07-17 04:46:25.368374+00:00,2.2584875
2025-07-17 04:46:37.973564+00:00,2.2584871
2025-07-17 04:46:50.491795+00:00,2.2584873
2025-07-17 04:47:02.788318+00:00,2.2584872
2025-07-17 04:47:15.311873+00:00,2.2584874
2025-07-17 04:47:27.772648+00:00,2.2584863
2025-07-17 04:47:40.178485+00:00,2.2584879
2025-07-17 04:47:52.811136+00:00,2.258487
2025-07-17 04:48:09.413767+00:00,2.2584864
2025-07-17 04:48:21.365450+00:00,2.258488
2025-07-17 04:48:31.062723+00:00,2.258488
2025-07-17 04:48:43.348914+00:00,2.258488
2025-07-17 04:48:55.610093+00:00,2.2584872
2025-07-17 04:49:08.569151+00:00,2.2584873
2025-07-17 04:49:22.727759+00:00,2.258488
2025-07-17 04:49:33.970335+00:00,2.2584869
2025-07-17 04:49:46.348982+00:00,2.2584879
2025-07-17 04:49:58.580227+00:00,2.258487
2025-07-17 04:50:27.443504+00:00,2.2584865
2025-07-17 04:50:39.281104+00:00,2.258488
2025-07-17 04:50:49.752704+00:00,2.2584865
2025-07-17 04:51:03.593199+00:00,2.2584883
2025-07-17 04:51:15.250535+00:00,2.2584873
2025-07-17 04:51:29.889673+00:00,2.2584874
2025-07-17 04:51:40.643134+00:00,2.2584872
2025-07-17 04:51:53.874357+00:00,2.2584871
2025-07-17 04:52:06.150512+00:00,2.2584869
2025-07-17 04:52:18.492182+00:00,2.2584877
2025-07-17 04:52:31.804695+00:00,2.2584878
2025-07-17 04:52:43.881341+00:00,2.2584872
2025-07-17 04:52:56.572585+00:00,2.2584876
2025-07-17 04:53:09.512285+00:00,2.2584878
2025-07-17 04:53:34.171756+00:00,2.2584876
2025-07-17 04:53:46.267452+00:00,2.2584861
2025-07-17 04:53:58.490097+00:00,2.258488
2025-07-17 04:54:11.355398+00:00,2.2584875
2025-07-17 04:54:23.369975+00:00,2.2584872
2025-07-17 04:54:35.830713+00:00,2.2584868
2025-07-17 04:54:49.446212+00:00,2.2584872
2025-07-17 04:55:04.344382+00:00,2.2584873
2025-07-17 04:55:15.929076+00:00,2.2584872
2025-07-17 04:55:25.753558+00:00,2.2584872
2025-07-17 04:55:38.278113+00:00,2.2584875
2025-07-17 04:55:50.644747+00:00,2.2584881
2025-07-17 04:56:03.126755+00:00,2.2584874
2025-07-17 04:56:17.077853+00:00,2.2584873
2025-07-17 04:56:28.027226+00:00,2.2584875
2025-07-17 04:56:41.645806+00:00,2.2584876
2025-07-17 04:56:53.900058+00:00,2.2584878
2025-07-17 04:57:06.276565+00:00,2.2584871
2025-07-17 04:57:18.908036+00:00,2.2584877
2025-07-17 04:57:32.092010+00:00,2.2584877
2025-07-17 04:57:44.125008+00:00,2.2584876
2025-07-17 04:57:56.693638+00:00,2.2584878
2025-07-17 04:58:09.876237+00:00,2.2584873
2025-07-17 04:58:21.715811+00:00,2.2584873
2025-07-17 04:58:34.342416+00:00,2.2584876
2025-07-17 04:58:46.524370+00:00,2.2584869
2025-07-17 04:59:01.331023+00:00,2.258487
2025-07-17 04:59:11.914998+00:00,2.2584877
2025-07-17 04:59:24.160466+00:00,2.2584867
2025-07-17 04:59:37.456549+00:00,2.2584874
2025-07-17 04:59:49.599110+00:00,2.2584871
2025-07-17 05:00:03.146469+00:00,2.258487
2025-07-17 05:00:14.945881+00:00,2.2584879
2025-07-17 05:00:28.001156+00:00,2.2584872
2025-07-17 05:00:39.929588+00:00,2.2584871
2025-07-17 05:00:52.737075+00:00,2.2584862
2025-07-17 05:01:05.880766+00:00,2.2584871
2025-07-17 05:01:18.188119+00:00,2.2584872
2025-07-17 05:01:31.015768+00:00,2.2584871
2025-07-17 05:01:43.505039+00:00,2.2584881
2025-07-17 05:01:56.644931+00:00,2.2584876
2025-07-17 05:02:10.054129+00:00,2.2584876
2025-07-17 05:02:22.201347+00:00,2.2584873
2025-07-17 05:02:34.895446+00:00,2.2584871
2025-07-17 05:02:49.727692+00:00,2.2584876
2025-07-17 05:03:00.447063+00:00,2.2584881
2025-07-17 05:03:12.806037+00:00,2.258487
2025-07-17 05:03:25.459472+00:00,2.2584873
2025-07-17 05:03:37.975019+00:00,2.2584874
2025-07-17 05:03:51.402977+00:00,2.2584873
2025-07-17 05:04:07.515878+00:00,2.2584874
2025-07-17 05:04:16.412432+00:00,2.2584875
2025-07-17 05:04:28.749193+00:00,2.2584878
2025-07-17 05:04:41.395981+00:00,2.2584876
2025-07-17 05:04:53.850335+00:00,2.2584871
2025-07-17 05:05:07.598954+00:00,2.2584872
2025-07-17 05:05:18.631032+00:00,2.258487
2025-07-17 05:05:31.471814+00:00,2.2584873
2025-07-17 05:05:43.365029+00:00,2.258488
2025-07-17 05:05:56.674068+00:00,2.2584876
2025-07-17 05:06:09.315817+00:00,2.258487
2025-07-17 05:06:22.181574+00:00,2.2584875
2025-07-17 05:06:34.060850+00:00,2.2584875
2025-07-17 05:06:45.920706+00:00,2.2584877
2025-07-17 05:06:58.306170+00:00,2.2584875
2025-07-17 05:07:13.197722+00:00,2.2584875
2025-07-17 05:07:24.282024+00:00,2.2584873
2025-07-17 05:07:36.030478+00:00,2.2584872
2025-07-17 05:07:48.618463+00:00,2.2584868
2025-07-17 05:08:02.038091+00:00,2.258487
2025-07-17 05:08:13.634442+00:00,2.2584873
2025-07-17 05:08:26.787362+00:00,2.2584873
2025-07-17 05:08:38.936837+00:00,2.2584874
2025-07-17 05:08:51.188089+00:00,2.2584875
2025-07-17 05:09:05.008994+00:00,2.2584876
2025-07-17 05:09:16.875095+00:00,2.2584871
2025-07-17 05:09:28.772319+00:00,2.2584871
2025-07-17 05:09:41.284957+00:00,2.2584871
2025-07-17 05:09:53.534054+00:00,2.2584871
2025-07-17 05:10:09.191010+00:00,2.2584871
2025-07-17 05:10:19.008078+00:00,2.2584872
2025-07-17 05:10:31.148393+00:00,2.2584878
2025-07-17 05:10:43.609634+00:00,2.2584872
2025-07-17 05:10:56.200979+00:00,2.2584875
2025-07-17 05:11:08.988571+00:00,2.2584872
2025-07-17 05:11:21.775372+00:00,2.258488
2025-07-17 05:11:33.681860+00:00,2.2584879
2025-07-17 05:11:46.446800+00:00,2.2584873
2025-07-17 05:11:59.251378+00:00,2.2584874
2025-07-17 05:12:11.582093+00:00,2.2584877
2025-07-17 05:12:27.382403+00:00,2.2584873
2025-07-17 05:12:36.851825+00:00,2.2584875
2025-07-17 05:12:50.217519+00:00,2.2584879
2025-07-17 05:13:02.660081+00:00,2.258488
2025-07-17 05:13:15.584322+00:00,2.2584877
2025-07-17 05:13:31.327591+00:00,2.2584873
2025-07-17 05:13:41.537681+00:00,2.2584877
2025-07-17 05:13:53.755435+00:00,2.2584873
2025-07-17 05:14:06.197219+00:00,2.258488
2025-07-17 05:14:18.834150+00:00,2.2584872
2025-07-17 05:14:31.462233+00:00,2.2584875
2025-07-17 05:14:44.111475+00:00,2.2584872
2025-07-17 05:14:56.860670+00:00,2.258488
2025-07-17 05:15:09.724078+00:00,2.2584873
2025-07-17 05:15:22.011409+00:00,2.2584874
2025-07-17 05:15:34.536574+00:00,2.2584872
2025-07-17 05:15:47.090349+00:00,2.2584878
2025-07-17 05:15:59.368552+00:00,2.2584878
2025-07-17 05:16:11.643930+00:00,2.2584879
2025-07-17 05:16:23.957864+00:00,2.2584879
2025-07-17 05:16:36.968130+00:00,2.2584878
2025-07-17 05:16:49.721736+00:00,2.2584876
2025-07-17 05:17:03.525488+00:00,2.2584872
2025-07-17 05:17:13.624666+00:00,2.2584871
2025-07-17 05:17:25.804553+00:00,2.2584874
2025-07-17 05:17:39.568492+00:00,2.258487
2025-07-17 05:17:51.268073+00:00,2.2584871
2025-07-17 05:18:03.877416+00:00,2.2584877
2025-07-17 05:18:16.149207+00:00,2.2584877
2025-07-17 05:18:28.500441+00:00,2.2584872
2025-07-17 05:18:40.806518+00:00,2.2584875
2025-07-17 05:18:56.200508+00:00,2.2584873
2025-07-17 05:19:05.473471+00:00,2.2584879
2025-07-17 05:19:18.109859+00:00,2.2584878
2025-07-17 05:19:30.675823+00:00,2.2584875
2025-07-17 05:19:43.346638+00:00,2.2584876
2025-07-17 05:19:55.649750+00:00,2.2584873
2025-07-17 05:20:08.425522+00:00,2.2584882
2025-07-17 05:20:21.142272+00:00,2.2584876
2025-07-17 05:20:34.263854+00:00,2.258487
2025-07-17 05:20:47.065458+00:00,2.258488
2025-07-17 05:20:58.301656+00:00,2.2584872
2025-07-17 05:21:11.378026+00:00,2.2584871
2025-07-17 05:21:23.507234+00:00,2.2584877
2025-07-17 05:21:37.423154+00:00,2.258488
2025-07-17 05:21:48.591556+00:00,2.2584874
2025-07-17 05:22:02.401157+00:00,2.258487
2025-07-17 05:22:14.877959+00:00,2.2584871
2025-07-17 05:22:25.582410+00:00,2.2584871
2025-07-17 05:22:38.906234+00:00,2.2584874
2025-07-17 05:22:51.150020+00:00,2.2584873
2025-07-17 05:23:03.267638+00:00,2.2584875
2025-07-17 05:23:16.077358+00:00,2.2584878
2025-07-17 05:23:28.458287+00:00,2.258487
2025-07-17 05:23:41.933026+00:00,2.2584874
2025-07-17 05:23:54.081698+00:00,2.2584875
2025-07-17 05:24:08.611798+00:00,2.2584867
2025-07-17 05:24:20.110151+00:00,2.2584881
2025-07-17 05:24:32.783560+00:00,2.2584874
2025-07-17 05:24:45.834581+00:00,2.258487
2025-07-17 05:24:58.133196+00:00,2.2584875
2025-07-17 05:25:14.599628+00:00,2.2584875
2025-07-17 05:25:24.063425+00:00,2.2584877
2025-07-17 05:25:36.164837+00:00,2.2584876
2025-07-17 05:25:49.822651+00:00,2.2584867
2025-07-17 05:26:02.652133+00:00,2.2584877
2025-07-17 05:26:13.613384+00:00,2.2584864
2025-07-17 05:26:26.324507+00:00,2.258487
2025-07-17 05:26:38.607588+00:00,2.2584877
2025-07-17 05:26:51.721691+00:00,2.2584873
2025-07-17 05:27:05.132029+00:00,2.2584876
2025-07-17 05:27:16.119764+00:00,2.2584879
2025-07-17 05:27:28.513320+00:00,2.2584871
2025-07-17 05:27:41.053990+00:00,2.258487
2025-07-17 05:27:53.788144+00:00,2.2584867
2025-07-17 05:28:06.045844+00:00,2.2584876
2025-07-17 05:28:18.629255+00:00,2.2584877
2025-07-17 05:28:32.036302+00:00,2.2584877
2025-07-17 05:28:43.554919+00:00,2.2584876
2025-07-17 05:28:55.800676+00:00,2.2584871
2025-07-17 05:29:21.260389+00:00,2.2584868
2025-07-17 05:29:33.647790+00:00,2.2584873
2025-07-17 05:29:48.510431+00:00,2.258487
2025-07-17 05:29:58.952401+00:00,2.2584869
2025-07-17 05:30:11.942743+00:00,2.2584876
2025-07-17 05:30:24.735905+00:00,2.2584872
2025-07-17 05:30:36.909495+00:00,2.258488
2025-07-17 05:30:49.676437+00:00,2.2584874
2025-07-17 05:31:02.215370+00:00,2.2584873
2025-07-17 05:31:14.149365+00:00,2.2584872
2025-07-17 05:31:30.156636+00:00,2.2584875
2025-07-17 05:31:39.311936+00:00,2.2584875
2025-07-17 05:31:53.008061+00:00,2.2584869
2025-07-17 05:32:04.930928+00:00,2.2584872
2025-07-17 05:32:17.262807+00:00,2.2584876
2025-07-17 05:32:29.370990+00:00,2.2584871
2025-07-17 05:32:42.070560+00:00,2.2584872
2025-07-17 05:32:54.359362+00:00,2.2584875
2025-07-17 05:33:08.421658+00:00,2.2584873
2025-07-17 05:33:19.659092+00:00,2.258487
2025-07-17 05:33:35.657953+00:00,2.2584868
2025-07-17 05:33:45.916787+00:00,2.2584876
2025-07-17 05:33:57.376191+00:00,2.258487
2025-07-17 05:34:10.238633+00:00,2.2584874
2025-07-17 05:34:23.590961+00:00,2.2584872
2025-07-17 05:34:35.645352+00:00,2.2584875
2025-07-17 05:34:48.494479+00:00,2.2584875
2025-07-17 05:35:01.877369+00:00,2.2584878
2025-07-17 05:35:14.519417+00:00,2.258488
2025-07-17 05:35:26.995370+00:00,2.2584875
2025-07-17 05:35:39.493621+00:00,2.2584877
2025-07-17 05:35:52.219548+00:00,2.2584874
2025-07-17 05:36:06.228149+00:00,2.2584877
2025-07-17 05:36:18.450791+00:00,2.2584877
2025-07-17 05:36:30.288416+00:00,2.2584868
2025-07-17 05:36:43.065311+00:00,2.2584871
2025-07-17 05:36:56.173454+00:00,2.2584875
2025-07-17 05:37:08.533705+00:00,2.258487
2025-07-17 05:37:21.491823+00:00,2.258487
2025-07-17 05:37:33.631744+00:00,2.2584879
2025-07-17 05:37:46.640265+00:00,2.2584872
2025-07-17 05:37:58.474537+00:00,2.2584873
2025-07-17 05:38:10.611209+00:00,2.2584874
2025-07-17 05:38:23.365221+00:00,2.2584875
2025-07-17 05:38:35.417078+00:00,2.258488
2025-07-17 05:38:47.673121+00:00,2.2584876
2025-07-17 05:39:00.304827+00:00,2.258488
2025-07-17 05:39:12.397734+00:00,2.258488
2025-07-17 05:39:25.386589+00:00,2.2584878
2025-07-17 05:39:36.938798+00:00,2.2584877
2025-07-17 05:39:49.537630+00:00,2.2584874
2025-07-17 05:40:01.843800+00:00,2.258487
2025-07-17 05:40:14.271115+00:00,2.2584873
2025-07-17 05:40:27.431073+00:00,2.2584873
2025-07-17 05:40:39.596701+00:00,2.2584878
2025-07-17 05:40:51.454708+00:00,2.2584868
2025-07-17 05:41:04.132759+00:00,2.2584871
2025-07-17 05:41:16.764071+00:00,2.2584874
2025-07-17 05:41:34.516630+00:00,2.258487
2025-07-17 05:41:42.087322+00:00,2.2584872
2025-07-17 05:41:54.337807+00:00,2.2584875
2025-07-17 05:42:06.886104+00:00,2.2584869
2025-07-17 05:42:19.393647+00:00,2.2584874
2025-07-17 05:42:32.200844+00:00,2.2584872
2025-07-17 05:42:44.702268+00:00,2.2584875
2025-07-17 05:42:56.890043+00:00,2.2584876
2025-07-17 05:43:11.273182+00:00,2.2584872
2025-07-17 05:43:23.071823+00:00,2.2584876
2025-07-17 05:43:35.840435+00:00,2.2584877
2025-07-17 05:43:47.081115+00:00,2.2584871
2025-07-17 05:44:00.421719+00:00,2.258487
2025-07-17 05:44:12.157455+00:00,2.258487
2025-07-17 05:44:26.432154+00:00,2.2584879
2025-07-17 05:44:37.626129+00:00,2.2584873
2025-07-17 05:44:50.023763+00:00,2.2584871
2025-07-17 05:45:03.378416+00:00,2.258487
2025-07-17 05:45:16.293231+00:00,2.258487
2025-07-17 05:45:28.660529+00:00,2.2584877
2025-07-17 05:45:45.460885+00:00,2.258487
2025-07-17 05:45:54.937211+00:00,2.2584874
2025-07-17 05:46:07.146873+00:00,2.258487
2025-07-17 05:46:19.545709+00:00,2.2584874
2025-07-17 05:46:32.847041+00:00,2.2584871
2025-07-17 05:46:45.040764+00:00,2.258487
2025-07-17 05:46:58.200980+00:00,2.2584871
2025-07-17 05:47:10.808383+00:00,2.2584872
2025-07-17 05:47:22.751806+00:00,2.258487
2025-07-17 05:47:35.876283+00:00,2.2584869
2025-07-17 05:48:01.097315+00:00,2.2584875
2025-07-17 05:48:13.179804+00:00,2.2584868
2025-07-17 05:48:25.914672+00:00,2.2584875
2025-07-17 05:48:38.220453+00:00,2.2584873
2025-07-17 05:48:50.690292+00:00,2.2584879
2025-07-17 05:49:03.387767+00:00,2.2584876
2025-07-17 05:49:15.265576+00:00,2.2584873
2025-07-17 05:49:27.564431+00:00,2.2584871
2025-07-17 05:49:40.380149+00:00,2.258487
2025-07-17 05:49:52.072112+00:00,2.258487
2025-07-17 05:50:09.164396+00:00,2.2584877
2025-07-17 05:50:17.461320+00:00,2.2584869
2025-07-17 05:50:30.145361+00:00,2.2584872
2025-07-17 05:50:42.147781+00:00,2.2584874
2025-07-17 05:50:54.688063+00:00,2.2584871
2025-07-17 05:51:07.511651+00:00,2.2584871
2025-07-17 05:51:19.513288+00:00,2.2584878
2025-07-17 05:51:32.010444+00:00,2.2584871
2025-07-17 05:51:44.295491+00:00,2.2584875
2025-07-17 05:51:59.430209+00:00,2.2584877
2025-07-17 05:52:09.579637+00:00,2.2584874
2025-07-17 05:52:21.834317+00:00,2.2584874
2025-07-17 05:52:34.132332+00:00,2.2584873
2025-07-17 05:52:47.244561+00:00,2.258487
2025-07-17 05:52:59.429768+00:00,2.258488
2025-07-17 05:53:11.995924+00:00,2.2584875
2025-07-17 05:53:24.546586+00:00,2.2584874
2025-07-17 05:53:36.993984+00:00,2.2584868
2025-07-17 05:53:49.491824+00:00,2.2584868
2025-07-17 05:54:03.559317+00:00,2.2584875
2025-07-17 05:54:14.199332+00:00,2.2584873
2025-07-17 05:54:27.362755+00:00,2.258487
2025-07-17 05:54:39.952330+00:00,2.2584871
2025-07-17 05:54:52.700041+00:00,2.2584875
2025-07-17 05:55:10.012248+00:00,2.2584874
2025-07-17 05:55:17.933931+00:00,2.258487
2025-07-17 05:55:30.383786+00:00,2.258487
2025-07-17 05:55:48.656139+00:00,2.2584872
2025-07-17 05:55:55.582660+00:00,2.2584874
2025-07-17 05:56:08.611507+00:00,2.2584868
2025-07-17 05:56:20.506435+00:00,2.2584875
2025-07-17 05:56:33.896488+00:00,2.2584872
2025-07-17 05:56:49.219740+00:00,2.2584868
2025-07-17 05:56:58.752367+00:00,2.2584868
2025-07-17 05:57:14.295367+00:00,2.2584871
2025-07-17 05:57:24.142189+00:00,2.2584876
2025-07-17 05:57:36.897533+00:00,2.2584871
2025-07-17 05:57:50.111034+00:00,2.2584872
2025-07-17 05:58:02.726060+00:00,2.2584871
2025-07-17 05:58:17.017523+00:00,2.2584868
2025-07-17 05:58:28.040406+00:00,2.2584871
2025-07-17 05:58:40.620040+00:00,2.258487
2025-07-17 05:58:54.568911+00:00,2.2584869
2025-07-17 05:59:07.142493+00:00,2.2584878
2025-07-17 05:59:19.650379+00:00,2.2584867
2025-07-17 05:59:34.028362+00:00,2.2584869
2025-07-17 05:59:43.927881+00:00,2.2584872
2025-07-17 05:59:56.459323+00:00,2.258487
2025-07-17 06:00:10.968017+00:00,2.2584878
2025-07-17 06:00:21.490498+00:00,2.2584871
2025-07-17 06:00:34.043187+00:00,2.2584876
2025-07-17 06:00:46.328558+00:00,2.2584868
2025-07-17 06:00:58.549576+00:00,2.2584869
2025-07-17 06:01:11.099337+00:00,2.2584869
2025-07-17 06:01:23.860918+00:00,2.2584869
2025-07-17 06:01:36.015702+00:00,2.2584876
2025-07-17 06:01:49.299328+00:00,2.2584878
2025-07-17 06:02:01.560480+00:00,2.2584867
2025-07-17 06:02:14.023977+00:00,2.2584874
2025-07-17 06:02:26.990188+00:00,2.2584876
2025-07-17 06:02:39.206737+00:00,2.2584872
2025-07-17 06:02:51.525332+00:00,2.2584869
2025-07-17 06:03:11.654671+00:00,2.2584875
2025-07-17 06:03:16.971661+00:00,2.258487
2025-07-17 06:03:29.309780+00:00,2.2584875
2025-07-17 06:03:42.015144+00:00,2.2584875
2025-07-17 06:03:55.111340+00:00,2.2584875
2025-07-17 06:04:08.933527+00:00,2.2584873
2025-07-17 06:04:19.528975+00:00,2.2584874
2025-07-17 06:04:32.056053+00:00,2.2584867
2025-07-17 06:04:45.096698+00:00,2.258487
2025-07-17 06:04:56.819123+00:00,2.2584875
2025-07-17 06:05:10.906596+00:00,2.2584869
2025-07-17 06:05:21.931403+00:00,2.2584879
2025-07-17 06:05:35.008546+00:00,2.2584874
2025-07-17 06:05:50.069030+00:00,2.258487
2025-07-17 06:05:59.156858+00:00,2.2584878
2025-07-17 06:06:11.660787+00:00,2.258487
2025-07-17 06:06:24.468653+00:00,2.2584868
2025-07-17 06:06:36.864403+00:00,2.258487
2025-07-17 06:06:49.174677+00:00,2.2584868
2025-07-17 06:07:05.064847+00:00,2.2584868
2025-07-17 06:07:14.553476+00:00,2.2584876
2025-07-17 06:07:27.632679+00:00,2.2584876
2025-07-17 06:07:40.216953+00:00,2.2584871
2025-07-17 06:07:53.799443+00:00,2.2584868
2025-07-17 06:08:06.117724+00:00,2.2584869
2025-07-17 06:08:19.372825+00:00,2.2584872
2025-07-17 06:08:32.892232+00:00,2.2584873
2025-07-17 06:08:48.367666+00:00,2.2584873
2025-07-17 06:08:57.090182+00:00,2.2584873
2025-07-17 06:09:10.563340+00:00,2.2584868
2025-07-17 06:09:21.717254+00:00,2.2584876
2025-07-17 06:09:34.149013+00:00,2.2584869
2025-07-17 06:09:46.733983+00:00,2.2584871
2025-07-17 06:09:59.411801+00:00,2.2584873
2025-07-17 06:10:12.064864+00:00,2.2584868
2025-07-17 06:10:27.481268+00:00,2.2584874
2025-07-17 06:10:38.287375+00:00,2.2584869
2025-07-17 06:10:49.801236+00:00,2.2584875
2025-07-17 06:11:04.162696+00:00,2.2584872
2025-07-17 06:11:14.583269+00:00,2.2584875
2025-07-17 06:11:26.979190+00:00,2.258487
2025-07-17 06:11:39.470496+00:00,2.2584874
2025-07-17 06:11:51.723249+00:00,2.2584878
2025-07-17 06:12:04.518815+00:00,2.2584872
2025-07-17 06:12:17.562434+00:00,2.2584877
2025-07-17 06:12:29.500828+00:00,2.2584872
2025-07-17 06:12:42.004042+00:00,2.2584871
2025-07-17 06:12:54.722506+00:00,2.258487
2025-07-17 06:13:07.308573+00:00,2.2584876
2025-07-17 06:13:20.130286+00:00,2.2584875
2025-07-17 06:13:33.635649+00:00,2.2584871
2025-07-17 06:13:45.615203+00:00,2.2584872
2025-07-17 06:13:59.983464+00:00,2.258487
2025-07-17 06:14:11.732519+00:00,2.2584875
2025-07-17 06:14:23.250592+00:00,2.258487
2025-07-17 06:14:35.652034+00:00,2.2584876
2025-07-17 06:14:49.171578+00:00,2.2584871
2025-07-17 06:15:01.873705+00:00,2.2584874
2025-07-17 06:15:13.765856+00:00,2.2584868
2025-07-17 06:15:26.517748+00:00,2.2584879
2025-07-17 06:15:38.413233+00:00,2.2584875
2025-07-17 06:15:50.992916+00:00,2.258487
2025-07-17 06:16:04.363623+00:00,2.2584867
2025-07-17 06:16:16.284685+00:00,2.2584877
2025-07-17 06:16:29.265009+00:00,2.2584875
2025-07-17 06:16:41.743595+00:00,2.2584871
2025-07-17 06:16:54.700502+00:00,2.2584873
2025-07-17 06:17:07.854340+00:00,2.2584876
2025-07-17 06:17:20.529890+00:00,2.2584871
2025-07-17 06:17:33.494740+00:00,2.2584876
2025-07-17 06:17:45.953679+00:00,2.2584873
2025-07-17 06:17:58.179639+00:00,2.258487
2025-07-17 06:18:14.795536+00:00,2.2584867
2025-07-17 06:18:23.797492+00:00,2.2584873
2025-07-17 06:18:36.385889+00:00,2.2584872
2025-07-17 06:18:49.211516+00:00,2.2584875
2025-07-17 06:19:07.312233+00:00,2.2584872
2025-07-17 06:19:14.643726+00:00,2.2584869
2025-07-17 06:19:26.977042+00:00,2.2584871
2025-07-17 06:19:40.476283+00:00,2.2584871
2025-07-17 06:19:52.498044+00:00,2.2584874
2025-07-17 06:20:08.157746+00:00,2.2584871
2025-07-17 06:20:18.525809+00:00,2.2584874
2025-07-17 06:20:30.592452+00:00,2.2584867
2025-07-17 06:20:42.974914+00:00,2.2584874
2025-07-17 06:20:55.325936+00:00,2.2584869
2025-07-17 06:21:13.483590+00:00,2.2584871
2025-07-17 06:21:20.255811+00:00,2.2584871
2025-07-17 06:21:32.659350+00:00,2.2584868
2025-07-17 06:21:44.906062+00:00,2.2584868
2025-07-17 06:21:57.229002+00:00,2.2584873
2025-07-17 06:22:11.939569+00:00,2.2584874
2025-07-17 06:22:22.847175+00:00,2.2584866
2025-07-17 06:22:35.673848+00:00,2.2584869
2025-07-17 06:22:48.252724+00:00,2.258487
2025-07-17 06:23:00.892149+00:00,2.2584875
2025-07-17 06:23:13.821028+00:00,2.2584874
2025-07-17 06:23:26.030713+00:00,2.258487
2025-07-17 06:23:38.627501+00:00,2.258487
2025-07-17 06:23:51.212499+00:00,2.2584869
2025-07-17 06:24:03.913823+00:00,2.2584871
2025-07-17 06:24:16.575760+00:00,2.2584869
2025-07-17 06:24:29.070638+00:00,2.2584868
2025-07-17 06:24:45.246099+00:00,2.2584869
2025-07-17 06:24:53.769239+00:00,2.2584872
2025-07-17 06:25:07.424216+00:00,2.2584867
2025-07-17 06:25:19.098274+00:00,2.2584865
2025-07-17 06:25:31.743232+00:00,2.2584869
2025-07-17 06:25:56.259314+00:00,2.2584867
2025-07-17 06:26:09.510079+00:00,2.2584866
2025-07-17 06:26:21.558539+00:00,2.2584871
2025-07-17 06:26:33.670778+00:00,2.2584874
2025-07-17 06:26:48.024338+00:00,2.2584877
2025-07-17 06:26:58.822758+00:00,2.2584868
2025-07-17 06:27:11.753022+00:00,2.2584865
2025-07-17 06:27:24.530137+00:00,2.2584869
2025-07-17 06:27:38.715012+00:00,2.2584868
2025-07-17 06:27:49.228324+00:00,2.2584875
2025-07-17 06:28:02.730474+00:00,2.2584869
2025-07-17 06:28:18.739674+00:00,2.258487
2025-07-17 06:28:28.247633+00:00,2.2584868
2025-07-17 06:28:41.078076+00:00,2.2584869
2025-07-17 06:28:53.741717+00:00,2.2584868
2025-07-17 06:29:06.474168+00:00,2.2584869
2025-07-17 06:29:18.519470+00:00,2.2584868
2025-07-17 06:29:31.069680+00:00,2.2584876
2025-07-17 06:29:44.058581+00:00,2.2584874
2025-07-17 06:29:55.872453+00:00,2.2584873
2025-07-17 06:30:08.869588+00:00,2.2584874
2025-07-17 06:30:25.392167+00:00,2.2584869
2025-07-17 06:30:34.375801+00:00,2.2584868
2025-07-17 06:30:46.573285+00:00,2.2584869
2025-07-17 06:30:59.053666+00:00,2.2584875
2025-07-17 06:31:24.151927+00:00,2.258487
2025-07-17 06:31:37.645979+00:00,2.2584868
2025-07-17 06:31:50.128107+00:00,2.2584873
2025-07-17 06:32:02.751193+00:00,2.2584872
2025-07-17 06:32:15.389130+00:00,2.2584867
2025-07-17 06:32:26.875031+00:00,2.2584878
2025-07-17 06:32:39.641126+00:00,2.2584868
2025-07-17 06:32:51.568399+00:00,2.2584874
2025-07-17 06:33:03.974311+00:00,2.2584869
2025-07-17 06:33:17.545068+00:00,2.2584871
2025-07-17 06:33:29.754483+00:00,2.2584871
2025-07-17 06:33:40.443281+00:00,2.2584877
2025-07-17 06:33:54.662257+00:00,2.258487
2025-07-17 06:34:05.971222+00:00,2.2584875
2025-07-17 06:34:18.053345+00:00,2.2584873
2025-07-17 06:34:30.726115+00:00,2.2584873
2025-07-17 06:34:43.904433+00:00,2.2584871
2025-07-17 06:34:55.839812+00:00,2.2584871
2025-07-17 06:35:08.688690+00:00,2.2584868
2025-07-17 06:35:20.540887+00:00,2.2584871
2025-07-17 06:35:34.009915+00:00,2.2584875
2025-07-17 06:35:45.715635+00:00,2.2584876
2025-07-17 06:35:58.500767+00:00,2.2584866
2025-07-17 06:36:10.854307+00:00,2.2584876
2025-07-17 06:36:22.797040+00:00,2.2584869
2025-07-17 06:36:35.506152+00:00,2.2584872
2025-07-17 06:36:48.869738+00:00,2.258487
2025-07-17 06:37:00.736098+00:00,2.2584873
2025-07-17 06:37:13.403417+00:00,2.2584869
2025-07-17 06:37:25.944594+00:00,2.2584872
2025-07-17 06:37:38.528196+00:00,2.2584869
2025-07-17 06:37:52.442532+00:00,2.2584877
2025-07-17 06:38:07.216284+00:00,2.258487
2025-07-17 06:38:17.071076+00:00,2.2584867
2025-07-17 06:38:29.607518+00:00,2.2584876
2025-07-17 06:38:44.027291+00:00,2.2584872
2025-07-17 06:38:54.977362+00:00,2.2584872
2025-07-17 06:39:07.927999+00:00,2.2584871
2025-07-17 06:39:20.608177+00:00,2.2584873
2025-07-17 06:39:33.535153+00:00,2.2584873
2025-07-17 06:39:48.295089+00:00,2.2584869
2025-07-17 06:39:58.625050+00:00,2.2584878
2025-07-17 06:40:15.158897+00:00,2.258487
2025-07-17 06:40:24.777908+00:00,2.2584876
2025-07-17 06:40:36.592983+00:00,2.2584873
2025-07-17 06:40:49.073986+00:00,2.258487
2025-07-17 06:41:01.734023+00:00,2.2584873
2025-07-17 06:41:14.412995+00:00,2.2584873
2025-07-17 06:41:26.791939+00:00,2.2584874
2025-07-17 06:41:39.420223+00:00,2.2584867
2025-07-17 06:41:51.452511+00:00,2.258487
2025-07-17 06:42:06.832386+00:00,2.2584871
2025-07-17 06:42:17.091519+00:00,2.2584872
2025-07-17 06:42:28.646422+00:00,2.2584875
2025-07-17 06:42:41.129532+00:00,2.258487
2025-07-17 06:42:54.703100+00:00,2.2584874
2025-07-17 06:43:07.493979+00:00,2.258487
2025-07-17 06:43:18.342348+00:00,2.2584874
2025-07-17 06:43:31.167632+00:00,2.2584867
2025-07-17 06:43:42.925433+00:00,2.2584871
2025-07-17 06:43:55.425090+00:00,2.2584867
2025-07-17 06:44:08.629652+00:00,2.2584873
2025-07-17 06:44:20.389599+00:00,2.258487
2025-07-17 06:44:32.920937+00:00,2.2584865
2025-07-17 06:44:45.545123+00:00,2.2584868
2025-07-17 06:44:57.609750+00:00,2.258487
2025-07-17 06:45:10.235096+00:00,2.258487
2025-07-17 06:45:22.610278+00:00,2.2584873
2025-07-17 06:45:35.409353+00:00,2.2584873
2025-07-17 06:45:47.207296+00:00,2.2584872
2025-07-17 06:45:59.526147+00:00,2.2584873
2025-07-17 06:46:14.658836+00:00,2.2584873
2025-07-17 06:46:24.298544+00:00,2.2584866
2025-07-17 06:46:36.682350+00:00,2.258487
2025-07-17 06:46:49.204205+00:00,2.2584872
2025-07-17 06:47:04.515716+00:00,2.2584869
2025-07-17 06:47:14.395829+00:00,2.2584871
2025-07-17 06:47:27.300867+00:00,2.2584866
2025-07-17 06:47:39.490734+00:00,2.2584875
2025-07-17 06:47:54.582662+00:00,2.2584875
2025-07-17 06:48:04.756062+00:00,2.2584868
2025-07-17 06:48:17.273012+00:00,2.2584866
2025-07-17 06:48:30.122844+00:00,2.258487
2025-07-17 06:48:42.359131+00:00,2.2584868
2025-07-17 06:48:54.878356+00:00,2.2584868
2025-07-17 06:49:07.844987+00:00,2.2584873
2025-07-17 06:49:20.257355+00:00,2.258487
2025-07-17 06:49:32.978126+00:00,2.2584871
2025-07-17 06:49:46.472178+00:00,2.2584876
2025-07-17 06:49:57.873591+00:00,2.2584867
2025-07-17 06:50:10.787477+00:00,2.2584872
2025-07-17 06:50:23.579345+00:00,2.2584873
2025-07-17 06:50:36.644553+00:00,2.2584873
2025-07-17 06:50:48.786297+00:00,2.2584876
2025-07-17 06:51:00.800370+00:00,2.2584877
2025-07-17 06:51:13.158524+00:00,2.2584868
2025-07-17 06:51:25.781436+00:00,2.2584868
2025-07-17 06:51:39.076496+00:00,2.2584872
2025-07-17 06:51:51.582733+00:00,2.2584876
2025-07-17 06:52:04.448735+00:00,2.2584874
2025-07-17 06:52:17.590500+00:00,2.2584874
2025-07-17 06:52:30.499840+00:00,2.2584866
2025-07-17 06:52:43.074490+00:00,2.2584866
2025-07-17 06:52:57.866773+00:00,2.2584877
2025-07-17 06:53:08.663373+00:00,2.2584875
2025-07-17 06:53:21.092509+00:00,2.2584874
2025-07-17 06:53:33.891870+00:00,2.2584871
2025-07-17 06:53:46.447369+00:00,2.2584871
2025-07-17 06:53:59.756671+00:00,2.2584874
2025-07-17 06:54:14.043687+00:00,2.2584869
2025-07-17 06:54:23.617640+00:00,2.2584869
2025-07-17 06:54:37.059412+00:00,2.2584869
2025-07-17 06:54:48.958724+00:00,2.2584873
2025-07-17 06:55:01.581978+00:00,2.2584867
2025-07-17 06:55:14.269211+00:00,2.2584873
2025-07-17 06:55:26.893444+00:00,2.2584872
2025-07-17 06:55:39.984787+00:00,2.2584868
2025-07-17 06:55:51.320776+00:00,2.2584872
2025-07-17 06:56:03.802460+00:00,2.2584869
2025-07-17 06:56:16.541912+00:00,2.2584875
2025-07-17 06:56:27.818883+00:00,2.258487
2025-07-17 06:56:40.587465+00:00,2.2584873
2025-07-17 06:56:53.865763+00:00,2.258487
2025-07-17 06:57:04.751649+00:00,2.2584874
2025-07-17 06:57:18.665486+00:00,2.2584868
2025-07-17 06:57:29.761308+00:00,2.2584866
2025-07-17 06:57:41.998594+00:00,2.2584874
2025-07-17 06:57:57.192023+00:00,2.2584876
2025-07-17 06:58:07.256320+00:00,2.2584872
2025-07-17 06:58:19.480970+00:00,2.2584875
2025-07-17 06:58:33.063961+00:00,2.2584873
2025-07-17 06:58:44.688145+00:00,2.2584875
2025-07-17 06:58:57.148408+00:00,2.2584876
2025-07-17 06:59:10.399276+00:00,2.2584869
2025-07-17 06:59:22.177577+00:00,2.2584871
2025-07-17 06:59:37.616187+00:00,2.2584867
2025-07-17 06:59:47.888843+00:00,2.258487
2025-07-17 07:00:01.320192+00:00,2.2584865
2025-07-17 07:00:13.205543+00:00,2.2584873
2025-07-17 07:00:26.779225+00:00,2.2584871
2025-07-17 07:00:37.800884+00:00,2.2584875
2025-07-17 07:00:49.995693+00:00,2.2584875
2025-07-17 07:01:04.305450+00:00,2.2584869
2025-07-17 07:01:19.253036+00:00,2.258487
2025-07-17 07:01:27.338002+00:00,2.2584877
2025-07-17 07:01:40.984414+00:00,2.258487
2025-07-17 07:01:52.167569+00:00,2.2584868
2025-07-17 07:02:05.641679+00:00,2.2584869
2025-07-17 07:02:17.211834+00:00,2.2584865
2025-07-17 07:02:30.286533+00:00,2.2584865
2025-07-17 07:02:41.689536+00:00,2.2584869
2025-07-17 07:02:54.450343+00:00,2.2584874
2025-07-17 07:03:07.940620+00:00,2.2584875
2025-07-17 07:03:19.732653+00:00,2.258487
2025-07-17 07:03:33.313211+00:00,2.2584866
2025-07-17 07:03:45.641729+00:00,2.2584869
2025-07-17 07:03:59.813645+00:00,2.2584868
2025-07-17 07:04:11.614908+00:00,2.2584875
2025-07-17 07:04:23.608439+00:00,2.2584867
2025-07-17 07:04:36.597298+00:00,2.2584874
2025-07-17 07:04:53.855598+00:00,2.2584871
2025-07-17 07:05:02.549760+00:00,2.2584874
2025-07-17 07:05:14.645739+00:00,2.2584871
2025-07-17 07:05:29.044502+00:00,2.2584878
2025-07-17 07:05:40.050034+00:00,2.2584868
2025-07-17 07:05:53.413937+00:00,2.2584874
2025-07-17 07:06:05.819909+00:00,2.258487
2025-07-17 07:06:19.804639+00:00,2.258487
2025-07-17 07:06:32.553492+00:00,2.2584868
2025-07-17 07:06:43.284959+00:00,2.2584866
2025-07-17 07:06:56.894135+00:00,2.2584867
2025-07-17 07:07:08.072081+00:00,2.2584866
2025-07-17 07:07:21.840963+00:00,2.2584865
2025-07-17 07:07:32.636046+00:00,2.2584866
2025-07-17 07:07:44.556678+00:00,2.2584876
2025-07-17 07:07:57.518037+00:00,2.2584868
2025-07-17 07:08:09.664107+00:00,2.2584867
2025-07-17 07:08:21.758992+00:00,2.2584867
2025-07-17 07:08:34.322026+00:00,2.2584869
2025-07-17 07:08:47.409223+00:00,2.2584872
2025-07-17 07:09:00.232436+00:00,2.2584869
2025-07-17 07:09:12.565490+00:00,2.2584874
2025-07-17 07:09:24.294071+00:00,2.2584874
2025-07-17 07:09:36.547920+00:00,2.2584871
2025-07-17 07:09:48.688012+00:00,2.2584868
2025-07-17 07:10:04.604831+00:00,2.2584865
2025-07-17 07:10:13.631898+00:00,2.2584875
2025-07-17 07:10:26.386523+00:00,2.258487
2025-07-17 07:10:39.028973+00:00,2.2584868
2025-07-17 07:10:50.813513+00:00,2.2584866
2025-07-17 07:11:05.067925+00:00,2.2584873
2025-07-17 07:11:15.782997+00:00,2.2584871
2025-07-17 07:11:28.285047+00:00,2.2584871
2025-07-17 07:11:40.654256+00:00,2.2584873
2025-07-17 07:11:52.887818+00:00,2.2584875
2025-07-17 07:12:06.067402+00:00,2.258487
2025-07-17 07:12:18.259052+00:00,2.2584873
2025-07-17 07:12:30.425210+00:00,2.2584867
2025-07-17 07:12:43.045753+00:00,2.2584873
2025-07-17 07:12:55.633722+00:00,2.258487
2025-07-17 07:13:13.437044+00:00,2.2584874
2025-07-17 07:13:21.327111+00:00,2.2584866
2025-07-17 07:13:34.415051+00:00,2.2584875
2025-07-17 07:13:48.644400+00:00,2.2584874
2025-07-17 07:13:58.703055+00:00,2.258487
2025-07-17 07:14:11.662739+00:00,2.2584872
2025-07-17 07:14:24.017033+00:00,2.2584866
2025-07-17 07:14:36.592811+00:00,2.2584876
2025-07-17 07:14:56.477778+00:00,2.2584867
2025-07-17 07:15:02.637283+00:00,2.2584865
2025-07-17 07:15:15.536599+00:00,2.258487
2025-07-17 07:15:27.028146+00:00,2.2584872
2025-07-17 07:15:40.007940+00:00,2.2584873
2025-07-17 07:15:51.531666+00:00,2.2584866
2025-07-17 07:16:04.937910+00:00,2.2584876
2025-07-17 07:16:19.945108+00:00,2.2584866
2025-07-17 07:16:28.711107+00:00,2.2584866
2025-07-17 07:16:41.739346+00:00,2.2584875
2025-07-17 07:16:53.200430+00:00,2.2584873
2025-07-17 07:17:07.612891+00:00,2.2584867
2025-07-17 07:17:18.535590+00:00,2.258487
2025-07-17 07:17:31.581043+00:00,2.2584866
2025-07-17 07:17:43.019768+00:00,2.258487
2025-07-17 07:17:55.759644+00:00,2.2584866
2025-07-17 07:18:08.936201+00:00,2.2584873
2025-07-17 07:18:21.118876+00:00,2.2584871
2025-07-17 07:18:33.865642+00:00,2.2584869
2025-07-17 07:18:48.895916+00:00,2.2584875
2025-07-17 07:18:58.755076+00:00,2.2584868
2025-07-17 07:19:11.577789+00:00,2.2584871
2025-07-17 07:19:25.498665+00:00,2.2584867
2025-07-17 07:19:36.945771+00:00,2.2584874
2025-07-17 07:19:49.531210+00:00,2.258487
2025-07-17 07:20:03.106564+00:00,2.2584867
2025-07-17 07:20:15.183679+00:00,2.2584877
2025-07-17 07:20:32.498894+00:00,2.2584871
2025-07-17 07:20:40.666371+00:00,2.2584869
2025-07-17 07:20:54.677224+00:00,2.2584868
2025-07-17 07:21:05.698807+00:00,2.2584864
2025-07-17 07:21:18.167042+00:00,2.2584865
2025-07-17 07:21:31.974051+00:00,2.258487
2025-07-17 07:21:43.235497+00:00,2.2584864
2025-07-17 07:21:56.121593+00:00,2.2584866
2025-07-17 07:22:08.418250+00:00,2.2584869
2025-07-17 07:22:35.985059+00:00,2.258487
2025-07-17 07:22:58.539877+00:00,2.258487
2025-07-17 07:23:13.168509+00:00,2.2584865
2025-07-17 07:23:24.180957+00:00,2.2584864
2025-07-17 07:23:38.649307+00:00,2.2584871
2025-07-17 07:23:51.409448+00:00,2.2584867
2025-07-17 07:24:02.998260+00:00,2.2584866
2025-07-17 07:24:15.378692+00:00,2.2584869
2025-07-17 07:24:28.718870+00:00,2.2584865
2025-07-17 07:24:40.787966+00:00,2.2584869
2025-07-17 07:24:53.887064+00:00,2.258487
2025-07-17 07:25:31.721591+00:00,2.2584872
2025-07-17 07:25:57.542627+00:00,2.2584874
2025-07-17 07:26:09.616727+00:00,2.2584869
2025-07-17 07:28:52.689390+00:00,2.2584866
2025-07-17 07:29:05.039019+00:00,2.2584866
2025-07-17 07:29:18.211985+00:00,2.2584871
2025-07-17 07:29:29.453029+00:00,2.2584875
2025-07-17 07:29:42.409295+00:00,2.258487
2025-07-17 07:29:54.699053+00:00,2.2584872
2025-07-17 07:30:06.801145+00:00,2.258487
2025-07-17 07:30:22.750856+00:00,2.2584872
2025-07-17 07:30:31.921326+00:00,2.2584867
2025-07-17 07:30:44.202225+00:00,2.2584869
2025-07-17 07:30:56.791434+00:00,2.2584865
2025-07-17 07:31:09.617983+00:00,2.2584876
2025-07-17 07:31:22.564737+00:00,2.2584874
2025-07-17 07:31:35.339969+00:00,2.258487
2025-07-17 07:31:47.016761+00:00,2.2584873
2025-07-17 07:31:59.242312+00:00,2.2584867
2025-07-17 07:32:12.732367+00:00,2.2584871
2025-07-17 07:32:24.511490+00:00,2.2584869
2025-07-17 07:32:36.731276+00:00,2.2584873
2025-07-17 07:32:49.217156+00:00,2.2584872
2025-07-17 07:33:01.736035+00:00,2.2584869
2025-07-17 07:33:14.056751+00:00,2.258487
2025-07-17 07:33:26.578349+00:00,2.2584868
2025-07-17 07:33:39.800423+00:00,2.2584875
2025-07-17 07:33:51.594011+00:00,2.258487
2025-07-17 07:34:16.812850+00:00,2.2584869
2025-07-17 07:34:29.285815+00:00,2.2584872
2025-07-17 07:34:42.109278+00:00,2.2584867
2025-07-17 07:34:54.627270+00:00,2.2584869
2025-07-17 07:35:09.329648+00:00,2.2584866
2025-07-17 07:35:22.493459+00:00,2.2584872
2025-07-17 07:35:32.772161+00:00,2.2584866
2025-07-17 07:35:45.434181+00:00,2.2584865
2025-07-17 07:35:57.972960+00:00,2.258487
2025-07-17 07:36:10.810389+00:00,2.2584874
2025-07-17 07:36:23.389183+00:00,2.2584863
2025-07-17 07:36:36.604177+00:00,2.2584874
2025-07-17 07:36:48.999499+00:00,2.2584872
2025-07-17 07:37:01.315446+00:00,2.2584867
2025-07-17 07:37:13.893157+00:00,2.2584872
2025-07-17 07:37:27.274995+00:00,2.2584874
2025-07-17 07:37:38.789640+00:00,2.2584869
2025-07-17 07:37:51.363560+00:00,2.2584872
2025-07-17 07:38:05.883863+00:00,2.2584871
2025-07-17 07:38:15.981576+00:00,2.2584871
2025-07-17 07:38:29.702670+00:00,2.2584871
2025-07-17 07:38:40.979817+00:00,2.2584875
2025-07-17 07:38:53.677915+00:00,2.258487
2025-07-17 07:39:05.379118+00:00,2.2584873
2025-07-17 07:39:19.423351+00:00,2.2584869
2025-07-17 07:39:30.917937+00:00,2.258487
2025-07-17 07:39:42.778467+00:00,2.258487
2025-07-17 07:39:56.530229+00:00,2.2584866
2025-07-17 07:40:19.803446+00:00,2.2584868
2025-07-17 07:40:32.276660+00:00,2.2584866
2025-07-17 07:40:44.673058+00:00,2.2584872
2025-07-17 07:40:56.751654+00:00,2.2584867
2025-07-17 07:41:09.627319+00:00,2.2584875
2025-07-17 07:41:21.935377+00:00,2.2584873
2025-07-17 07:41:34.585328+00:00,2.2584873
2025-07-17 07:41:47.541965+00:00,2.2584873
2025-07-17 07:42:01.131026+00:00,2.2584867
2025-07-17 07:42:13.684479+00:00,2.2584871
2025-07-17 07:42:25.624957+00:00,2.2584869
2025-07-17 07:42:38.900542+00:00,2.2584873
2025-07-17 07:42:53.140802+00:00,2.2584871
2025-07-17 07:43:02.621083+00:00,2.2584867
2025-07-17 07:43:14.920006+00:00,2.2584874
2025-07-17 07:43:27.538022+00:00,2.2584865
2025-07-17 07:43:39.902321+00:00,2.2584868
2025-07-17 07:43:52.433802+00:00,2.2584873
2025-07-17 07:44:07.002050+00:00,2.2584869
2025-07-17 07:44:18.705391+00:00,2.2584875
2025-07-17 07:44:29.957128+00:00,2.2584869
2025-07-17 07:44:42.405473+00:00,2.258487
2025-07-17 07:44:55.088455+00:00,2.2584868
2025-07-17 07:45:07.522171+00:00,2.2584868
2025-07-17 07:45:20.095668+00:00,2.2584874
2025-07-17 07:45:33.105225+00:00,2.2584872
2025-07-17 07:45:44.792999+00:00,2.258487
2025-07-17 07:45:57.312353+00:00,2.2584871
2025-07-17 07:46:10.502966+00:00,2.2584869
2025-07-17 07:46:23.721729+00:00,2.2584869
2025-07-17 07:46:35.493869+00:00,2.2584868
2025-07-17 07:46:49.161021+00:00,2.2584871
2025-07-17 07:47:01.425851+00:00,2.2584872
2025-07-17 07:47:13.790470+00:00,2.2584874
2025-07-17 07:47:26.640192+00:00,2.2584876
2025-07-17 07:47:38.948203+00:00,2.2584877
2025-07-17 07:47:51.427189+00:00,2.2584875
2025-07-17 07:48:04.836150+00:00,2.2584871
2025-07-17 07:48:16.998957+00:00,2.2584873
2025-07-17 07:48:32.017832+00:00,2.2584874
2025-07-17 07:48:42.216125+00:00,2.2584878
2025-07-17 07:48:54.923988+00:00,2.2584874
2025-07-17 07:49:08.027668+00:00,2.2584872
2025-07-17 07:49:20.475242+00:00,2.2584869
2025-07-17 07:49:34.875278+00:00,2.2584872
2025-07-17 07:49:46.405029+00:00,2.2584872
2025-07-17 07:49:59.073967+00:00,2.2584868
2025-07-17 07:50:10.604593+00:00,2.2584867
2025-07-17 07:50:23.203338+00:00,2.2584873
2025-07-17 07:50:36.179646+00:00,2.2584873
2025-07-17 07:50:48.003121+00:00,2.258487
2025-07-17 07:51:00.585312+00:00,2.2584868
2025-07-17 07:51:12.795887+00:00,2.258487
2025-07-17 07:51:25.234195+00:00,2.2584869
2025-07-17 07:51:38.263176+00:00,2.2584871
2025-07-17 07:51:50.648825+00:00,2.2584871
2025-07-17 07:52:03.754068+00:00,2.2584867
2025-07-17 07:52:17.490396+00:00,2.2584874
2025-07-17 07:52:28.527987+00:00,2.2584869
2025-07-17 07:52:41.277669+00:00,2.2584868
2025-07-17 07:52:53.491243+00:00,2.2584874
2025-07-17 07:53:06.828167+00:00,2.2584868
2025-07-17 07:53:19.073407+00:00,2.2584871
2025-07-17 07:53:31.033397+00:00,2.2584865
2025-07-17 07:53:43.660425+00:00,2.2584867
2025-07-17 07:53:55.959004+00:00,2.2584873
2025-07-17 07:54:09.130266+00:00,2.2584873
2025-07-17 07:54:20.900118+00:00,2.2584874
2025-07-17 07:54:34.181722+00:00,2.2584869
2025-07-17 07:54:50.685801+00:00,2.2584867
2025-07-17 07:54:58.722754+00:00,2.258487
2025-07-17 07:55:11.388131+00:00,2.2584869
2025-07-17 07:55:24.660652+00:00,2.2584876
2025-07-17 07:55:38.349277+00:00,2.258487
2025-07-17 07:55:49.157324+00:00,2.258487
2025-07-17 07:56:02.012494+00:00,2.258487
2025-07-17 07:56:14.537469+00:00,2.2584867
2025-07-17 07:56:27.268523+00:00,2.2584867
2025-07-17 07:56:39.915085+00:00,2.2584873
2025-07-17 07:56:52.733717+00:00,2.2584873
2025-07-17 07:57:05.826516+00:00,2.2584872
2025-07-17 07:57:20.197904+00:00,2.2584876
2025-07-17 07:57:33.708873+00:00,2.2584871
2025-07-17 07:57:43.210639+00:00,2.2584871
2025-07-17 07:57:55.473813+00:00,2.2584872
2025-07-17 07:58:08.350336+00:00,2.2584875
2025-07-17 07:58:20.757395+00:00,2.2584871
2025-07-17 07:58:33.707748+00:00,2.2584864
2025-07-17 07:58:45.771087+00:00,2.2584872
2025-07-17 07:58:58.252820+00:00,2.2584867
2025-07-17 07:59:12.757432+00:00,2.2584869
2025-07-17 07:59:24.672717+00:00,2.2584872
2025-07-17 07:59:36.286687+00:00,2.2584867
2025-07-17 07:59:48.758276+00:00,2.2584868
2025-07-17 08:00:01.063101+00:00,2.2584867
2025-07-17 08:00:14.866475+00:00,2.2584869
2025-07-17 08:00:26.044439+00:00,2.2584873
2025-07-17 08:00:38.204717+00:00,2.2584868
2025-07-17 08:00:50.375095+00:00,2.2584866
2025-07-17 08:01:03.354061+00:00,2.2584867
2025-07-17 08:01:15.044797+00:00,2.2584864
2025-07-17 08:01:27.180548+00:00,2.2584872
2025-07-17 08:01:39.596411+00:00,2.258487
2025-07-17 08:01:51.922153+00:00,2.2584875
2025-07-17 08:02:04.702818+00:00,2.2584874
2025-07-17 08:02:20.493545+00:00,2.2584867
2025-07-17 08:02:30.427563+00:00,2.258487
2025-07-17 08:02:42.336363+00:00,2.2584868
2025-07-17 08:02:54.825347+00:00,2.2584866
2025-07-17 08:03:07.834553+00:00,2.2584871
2025-07-17 08:03:32.013339+00:00,2.258487
2025-07-17 08:03:44.534993+00:00,2.2584872
2025-07-17 08:03:57.540338+00:00,2.2584869
2025-07-17 08:04:09.641114+00:00,2.2584873
2025-07-17 08:04:21.859670+00:00,2.2584874
2025-07-17 08:04:34.503392+00:00,2.2584868
2025-07-17 08:04:48.204330+00:00,2.2584869
2025-07-17 08:04:59.713452+00:00,2.2584868
2025-07-17 08:05:12.923985+00:00,2.2584874
2025-07-17 08:05:25.531859+00:00,2.2584867
2025-07-17 08:05:38.251266+00:00,2.2584873
2025-07-17 08:05:52.456539+00:00,2.2584873
2025-07-17 08:06:04.063303+00:00,2.2584871
2025-07-17 08:06:16.840650+00:00,2.258487
2025-07-17 08:06:30.702726+00:00,2.2584874
2025-07-17 08:06:42.032863+00:00,2.2584874
2025-07-17 08:06:54.970229+00:00,2.2584876
2025-07-17 08:07:07.778914+00:00,2.2584868
2025-07-17 08:07:20.424773+00:00,2.2584864
2025-07-17 08:07:46.143368+00:00,2.2584869
2025-07-17 08:07:57.576590+00:00,2.2584876
2025-07-17 08:08:10.493880+00:00,2.258487
2025-07-17 08:08:23.659688+00:00,2.2584869
2025-07-17 08:08:35.144100+00:00,2.2584871
2025-07-17 08:08:47.924329+00:00,2.2584875
2025-07-17 08:09:05.151087+00:00,2.2584867
2025-07-17 08:09:12.320898+00:00,2.2584867
2025-07-17 08:09:24.253858+00:00,2.2584876
2025-07-17 08:09:36.340801+00:00,2.2584869
2025-07-17 08:09:50.474534+00:00,2.2584867
2025-07-17 08:10:01.846079+00:00,2.2584873
2025-07-17 08:10:16.741506+00:00,2.2584872
2025-07-17 08:10:29.264814+00:00,2.2584871
2025-07-17 08:10:39.647582+00:00,2.258487
2025-07-17 08:10:51.679118+00:00,2.2584874
2025-07-17 08:11:04.969265+00:00,2.2584869
2025-07-17 08:11:17.356464+00:00,2.2584864
2025-07-17 08:11:31.288886+00:00,2.2584867
2025-07-17 08:11:44.175907+00:00,2.2584865
2025-07-17 08:11:55.414826+00:00,2.2584872
2025-07-17 08:12:07.808529+00:00,2.2584871
2025-07-17 08:12:20.430194+00:00,2.2584874
2025-07-17 08:12:33.650958+00:00,2.2584872
2025-07-17 08:12:44.833648+00:00,2.2584871
2025-07-17 08:12:57.429646+00:00,2.2584872
2025-07-17 08:13:10.436029+00:00,2.2584876
2025-07-17 08:13:22.462658+00:00,2.2584873
2025-07-17 08:13:35.394848+00:00,2.2584871
2025-07-17 08:13:48.175693+00:00,2.2584869
2025-07-17 08:14:00.108634+00:00,2.2584868
2025-07-17 08:14:12.469124+00:00,2.2584872
2025-07-17 08:14:24.890127+00:00,2.2584874
2025-07-17 08:14:37.361471+00:00,2.2584864
2025-07-17 08:14:49.443175+00:00,2.2584872
2025-07-17 08:15:02.315542+00:00,2.2584868
2025-07-17 08:15:15.220360+00:00,2.258487
2025-07-17 08:15:28.045662+00:00,2.2584869
2025-07-17 08:15:40.589385+00:00,2.2584871
2025-07-17 08:15:59.766894+00:00,2.2584869
2025-07-17 08:16:08.561756+00:00,2.2584865
2025-07-17 08:16:18.875504+00:00,2.2584873
2025-07-17 08:16:31.821413+00:00,2.2584869
2025-07-17 08:16:45.021967+00:00,2.2584866
2025-07-17 08:16:57.269254+00:00,2.2584869
2025-07-17 08:17:09.648296+00:00,2.2584875
2025-07-17 08:17:24.807207+00:00,2.2584871
2025-07-17 08:17:34.524200+00:00,2.2584868
2025-07-17 08:17:47.919470+00:00,2.2584869
2025-07-17 08:18:04.420269+00:00,2.2584873
2025-07-17 08:18:12.307550+00:00,2.2584865
2025-07-17 08:18:25.164170+00:00,2.2584873
2025-07-17 08:18:38.546007+00:00,2.2584869
2025-07-17 08:18:51.498170+00:00,2.2584867
2025-07-17 08:19:05.423977+00:00,2.258487
2025-07-17 08:19:14.978424+00:00,2.2584866
2025-07-17 08:19:27.827598+00:00,2.2584867
2025-07-17 08:19:40.071453+00:00,2.2584868
2025-07-17 08:19:54.262178+00:00,2.2584871
2025-07-17 08:20:06.111186+00:00,2.2584872
2025-07-17 08:20:18.657376+00:00,2.2584873
2025-07-17 08:20:29.891134+00:00,2.2584871
2025-07-17 08:20:42.319765+00:00,2.2584874
2025-07-17 08:20:57.871068+00:00,2.2584864
2025-07-17 08:21:08.883652+00:00,2.2584874
2025-07-17 08:21:19.627238+00:00,2.2584866
2025-07-17 08:21:33.818399+00:00,2.2584869
2025-07-17 08:21:44.518164+00:00,2.2584873
2025-07-17 08:21:57.997762+00:00,2.2584871
2025-07-17 08:22:09.545921+00:00,2.2584866
2025-07-17 08:22:22.260244+00:00,2.2584875
2025-07-17 08:22:34.428408+00:00,2.2584872
2025-07-17 08:22:47.292375+00:00,2.2584871
2025-07-17 08:23:01.544071+00:00,2.2584869
2025-07-17 08:23:14.395424+00:00,2.2584869
2025-07-17 08:23:26.348944+00:00,2.2584868
2025-07-17 08:23:36.842197+00:00,2.2584873
2025-07-17 08:23:49.037040+00:00,2.2584869
2025-07-17 08:24:02.467140+00:00,2.2584869
2025-07-17 08:24:14.354156+00:00,2.2584867
2025-07-17 08:24:26.630976+00:00,2.2584874
2025-07-17 08:24:38.975692+00:00,2.2584865
2025-07-17 08:24:51.337263+00:00,2.2584873
2025-07-17 08:25:06.935840+00:00,2.2584868
2025-07-17 08:25:18.522214+00:00,2.2584876
2025-07-17 08:25:29.391460+00:00,2.2584871
2025-07-17 08:25:42.162469+00:00,2.2584872
2025-07-17 08:25:54.692470+00:00,2.2584868
2025-07-17 08:26:14.082839+00:00,2.2584869
2025-07-17 08:26:20.145832+00:00,2.2584872
2025-07-17 08:26:33.412265+00:00,2.2584867
2025-07-17 08:26:46.762947+00:00,2.2584869
2025-07-17 08:26:58.604255+00:00,2.2584863
2025-07-17 08:27:14.560920+00:00,2.2584871
2025-07-17 08:27:24.286527+00:00,2.258487
2025-07-17 08:27:37.226973+00:00,2.2584874
2025-07-17 08:27:50.259929+00:00,2.258487
2025-07-17 08:28:02.802549+00:00,2.258487
2025-07-17 08:28:15.787180+00:00,2.2584875
2025-07-17 08:28:27.376821+00:00,2.258487
2025-07-17 08:28:40.202392+00:00,2.2584875
2025-07-17 08:28:52.602017+00:00,2.2584864
2025-07-17 08:29:05.388784+00:00,2.2584867
2025-07-17 08:29:18.513835+00:00,2.2584872
2025-07-17 08:29:35.708681+00:00,2.2584872
2025-07-17 08:29:43.092116+00:00,2.2584869
2025-07-17 08:29:58.973365+00:00,2.2584868
2025-07-17 08:30:08.584672+00:00,2.2584873
2025-07-17 08:30:35.551119+00:00,2.2584873
2025-07-17 08:30:46.140820+00:00,2.2584868
2025-07-17 08:30:58.335526+00:00,2.2584874
2025-07-17 08:31:10.259708+00:00,2.2584869
2025-07-17 08:31:23.809798+00:00,2.2584874
2025-07-17 08:31:35.649089+00:00,2.2584874
2025-07-17 08:31:48.692012+00:00,2.2584865
2025-07-17 08:32:00.966392+00:00,2.2584874
2025-07-17 08:32:13.452379+00:00,2.258487
2025-07-17 08:32:26.040375+00:00,2.2584873
2025-07-17 08:32:38.499015+00:00,2.2584867
2025-07-17 08:32:50.286255+00:00,2.2584872
2025-07-17 08:33:03.441653+00:00,2.2584867
2025-07-17 08:33:15.537688+00:00,2.2584871
2025-07-17 08:33:28.065597+00:00,2.2584871
2025-07-17 08:33:40.316188+00:00,2.258487
2025-07-17 08:33:52.713980+00:00,2.2584871
2025-07-17 08:34:08.857330+00:00,2.258487
2025-07-17 08:34:20.063795+00:00,2.2584867
2025-07-17 08:34:31.204172+00:00,2.2584869
2025-07-17 08:34:44.405224+00:00,2.2584868
2025-07-17 08:34:55.815909+00:00,2.2584872
2025-07-17 08:35:08.893744+00:00,2.2584869
2025-07-17 08:35:21.994897+00:00,2.2584875
2025-07-17 08:35:35.853269+00:00,2.2584864
2025-07-17 08:35:50.435595+00:00,2.2584868
2025-07-17 08:36:00.785520+00:00,2.2584867
2025-07-17 08:36:11.532332+00:00,2.2584869
2025-07-17 08:36:38.644390+00:00,2.2584872
2025-07-17 08:36:48.908926+00:00,2.2584874
2025-07-17 08:37:01.242336+00:00,2.2584873
2025-07-17 08:37:13.451573+00:00,2.2584865
2025-07-17 08:37:25.897941+00:00,2.2584873
2025-07-17 08:37:39.899469+00:00,2.2584867
2025-07-17 08:37:50.992712+00:00,2.2584868
2025-07-17 08:38:03.940316+00:00,2.2584866
2025-07-17 08:38:16.731103+00:00,2.2584866
2025-07-17 08:38:29.559073+00:00,2.2584869
2025-07-17 08:38:42.307848+00:00,2.2584872
2025-07-17 08:38:56.013240+00:00,2.2584864
2025-07-17 08:39:08.688137+00:00,2.2584865
2025-07-17 08:39:21.273879+00:00,2.2584869
2025-07-17 08:39:33.541815+00:00,2.258487
2025-07-17 08:39:46.219682+00:00,2.2584871
2025-07-17 08:40:02.111652+00:00,2.258487
2025-07-17 08:40:12.480934+00:00,2.2584869
2025-07-17 08:40:23.955645+00:00,2.2584869
2025-07-17 08:40:36.478966+00:00,2.2584868
2025-07-17 08:40:49.346548+00:00,2.2584868
2025-07-17 08:41:01.711922+00:00,2.2584864
2025-07-17 08:41:14.069233+00:00,2.2584865
2025-07-17 08:41:26.774557+00:00,2.2584868
2025-07-17 08:41:39.229309+00:00,2.2584871
2025-07-17 08:41:52.089656+00:00,2.258487
2025-07-17 08:42:04.201737+00:00,2.2584875
2025-07-17 08:42:19.095178+00:00,2.2584872
2025-07-17 08:42:28.493171+00:00,2.2584868
2025-07-17 08:42:40.828521+00:00,2.2584873
2025-07-17 08:42:54.382534+00:00,2.2584873
2025-07-17 08:43:07.326683+00:00,2.2584874
2025-07-17 08:43:19.408001+00:00,2.2584872
2025-07-17 08:43:33.739015+00:00,2.2584871
2025-07-17 08:43:44.434149+00:00,2.2584864
2025-07-17 08:43:56.589429+00:00,2.2584872
2025-07-17 08:44:09.284685+00:00,2.2584863
2025-07-17 08:44:21.858034+00:00,2.2584868
2025-07-17 08:44:34.115865+00:00,2.2584867
2025-07-17 08:44:46.805458+00:00,2.2584868
2025-07-17 08:44:59.324337+00:00,2.2584873
2025-07-17 08:45:12.796772+00:00,2.2584873
2025-07-17 08:45:24.945300+00:00,2.2584865
2025-07-17 08:45:38.005193+00:00,2.258487
2025-07-17 08:45:50.454469+00:00,2.258487
2025-07-17 08:46:03.271591+00:00,2.258487
2025-07-17 08:46:16.450114+00:00,2.2584873
2025-07-17 08:46:28.923017+00:00,2.2584867
2025-07-17 08:46:41.097935+00:00,2.2584867
2025-07-17 08:46:53.705558+00:00,2.2584868
2025-07-17 08:47:06.271038+00:00,2.2584869
2025-07-17 08:47:24.820749+00:00,2.2584873
2025-07-17 08:47:31.017792+00:00,2.2584869
2025-07-17 08:47:42.971202+00:00,2.2584869
2025-07-17 08:47:55.633554+00:00,2.2584872
2025-07-17 08:48:20.502366+00:00,2.2584869
2025-07-17 08:48:33.067176+00:00,2.2584874
2025-07-17 08:48:46.493501+00:00,2.2584867
2025-07-17 08:48:57.757583+00:00,2.2584866
2025-07-17 08:49:10.205992+00:00,2.2584865
2025-07-17 08:49:22.427918+00:00,2.2584874
2025-07-17 08:49:37.454171+00:00,2.2584865
2025-07-17 08:49:49.451365+00:00,2.2584873
2025-07-17 08:50:02.588183+00:00,2.2584866
2025-07-17 08:50:15.850778+00:00,2.2584871
2025-07-17 08:50:26.662653+00:00,2.2584871
2025-07-17 08:50:38.964643+00:00,2.2584866
2025-07-17 08:50:51.288669+00:00,2.2584869
2025-07-17 08:51:04.171929+00:00,2.2584868
2025-07-17 08:51:18.525173+00:00,2.258487
2025-07-17 08:51:29.157786+00:00,2.258487
2025-07-17 08:51:43.507575+00:00,2.2584872
2025-07-17 08:51:54.482456+00:00,2.2584871
2025-07-17 08:52:07.426967+00:00,2.2584868
2025-07-17 08:52:23.130026+00:00,2.2584868
2025-07-17 08:52:32.352177+00:00,2.2584869
2025-07-17 08:52:44.798585+00:00,2.2584868
2025-07-17 08:52:56.951936+00:00,2.2584871
2025-07-17 08:53:10.234260+00:00,2.2584867
2025-07-17 08:53:25.471147+00:00,2.2584875
2025-07-17 08:53:34.524015+00:00,2.2584872
2025-07-17 08:53:46.380302+00:00,2.2584864
2025-07-17 08:54:00.490560+00:00,2.2584871
2025-07-17 08:54:11.224450+00:00,2.2584874
2025-07-17 08:54:23.497496+00:00,2.2584865
2025-07-17 08:54:35.961111+00:00,2.2584868
2025-07-17 08:54:48.490769+00:00,2.2584876
2025-07-17 08:55:01.110210+00:00,2.2584871
2025-07-17 08:55:14.223699+00:00,2.2584869
2025-07-17 08:55:29.221888+00:00,2.2584871
2025-07-17 08:55:39.043280+00:00,2.258487
2025-07-17 08:55:54.092977+00:00,2.2584867
2025-07-17 08:56:04.273021+00:00,2.2584872
2025-07-17 08:56:17.407692+00:00,2.2584869
2025-07-17 08:56:29.357340+00:00,2.258487
2025-07-17 08:56:42.111919+00:00,2.2584864
2025-07-17 08:56:56.815536+00:00,2.2584872
2025-07-17 08:57:07.403040+00:00,2.2584868
2025-07-17 08:57:19.590740+00:00,2.258487
2025-07-17 08:57:32.436284+00:00,2.2584868
2025-07-17 08:57:45.033285+00:00,2.2584867
2025-07-17 08:57:57.340363+00:00,2.2584867
2025-07-17 08:58:09.958274+00:00,2.2584872
2025-07-17 08:58:21.918883+00:00,2.2584874
2025-07-17 08:58:35.394187+00:00,2.2584867
2025-07-17 08:58:47.861774+00:00,2.2584867
2025-07-17 08:59:00.012677+00:00,2.2584869
2025-07-17 08:59:12.743829+00:00,2.258487
2025-07-17 08:59:24.872692+00:00,2.2584867
2025-07-17 08:59:37.644264+00:00,2.2584872
2025-07-17 08:59:50.210503+00:00,2.2584873
2025-07-17 09:00:02.936755+00:00,2.2584867
2025-07-17 09:00:15.885929+00:00,2.2584873
2025-07-17 09:00:28.077517+00:00,2.2584868
2025-07-17 09:00:41.464756+00:00,2.2584872
2025-07-17 09:00:53.465143+00:00,2.2584872
2025-07-17 09:01:07.046511+00:00,2.2584865
2025-07-17 09:01:18.767469+00:00,2.2584873
2025-07-17 09:01:32.359693+00:00,2.258487
2025-07-17 09:01:44.035080+00:00,2.2584869
2025-07-17 09:01:57.172234+00:00,2.2584872
2025-07-17 09:02:12.298062+00:00,2.2584868
2025-07-17 09:02:24.816774+00:00,2.2584868
2025-07-17 09:02:34.908285+00:00,2.2584867
2025-07-17 09:02:47.134726+00:00,2.258487
2025-07-17 09:02:59.490298+00:00,2.2584868
2025-07-17 09:03:13.138866+00:00,2.2584869
2025-07-17 09:03:24.860962+00:00,2.2584858
2025-07-17 09:03:37.549086+00:00,2.2584865
2025-07-17 09:03:50.450031+00:00,2.2584873
2025-07-17 09:04:03.199856+00:00,2.2584868
2025-07-17 09:04:16.533316+00:00,2.2584866
2025-07-17 09:04:28.058730+00:00,2.2584864
2025-07-17 09:04:53.010569+00:00,2.2584867
2025-07-17 09:05:05.680232+00:00,2.2584873
2025-07-17 09:05:21.549784+00:00,2.2584872
2025-07-17 09:05:32.198220+00:00,2.2584872
2025-07-17 09:05:44.037691+00:00,2.2584868
2025-07-17 09:06:09.880622+00:00,2.2584869
2025-07-17 09:06:20.614963+00:00,2.2584867
2025-07-17 09:06:34.209072+00:00,2.2584868
2025-07-17 09:06:46.405009+00:00,2.2584872
2025-07-17 09:06:58.355218+00:00,2.2584873
2025-07-17 09:07:11.905626+00:00,2.2584866
2025-07-17 09:07:23.347191+00:00,2.2584865
2025-07-17 09:07:35.985732+00:00,2.2584876
2025-07-17 09:07:49.071248+00:00,2.258487
2025-07-17 09:08:01.816799+00:00,2.2584868
2025-07-17 09:08:14.602384+00:00,2.2584871
2025-07-17 09:08:42.174330+00:00,2.2584874
2025-07-17 09:09:19.576759+00:00,2.2584864
2025-07-17 09:11:35.290155+00:00,2.2584868
2025-07-17 09:11:59.114531+00:00,2.258487
2025-07-17 09:12:14.537356+00:00,2.2584875
2025-07-17 09:12:25.812275+00:00,2.2584863
2025-07-17 09:12:37.867863+00:00,2.2584867
2025-07-17 09:12:50.965904+00:00,2.258487
2025-07-17 09:13:03.731157+00:00,2.2584866
2025-07-17 09:13:16.309774+00:00,2.2584868
2025-07-17 09:13:33.359213+00:00,2.2584873
2025-07-17 09:13:41.788678+00:00,2.2584869
2025-07-17 09:13:54.422110+00:00,2.2584871
2025-07-17 09:14:07.560804+00:00,2.2584869
2025-07-17 09:14:19.625854+00:00,2.2584872
2025-07-17 09:14:32.666013+00:00,2.258486
2025-07-17 09:14:44.956963+00:00,2.2584869
2025-07-17 09:14:57.512599+00:00,2.2584867
2025-07-17 09:15:10.508152+00:00,2.2584873
2025-07-17 09:15:22.697526+00:00,2.2584865
2025-07-17 09:15:36.065877+00:00,2.2584866
2025-07-17 09:15:48.602143+00:00,2.2584871
2025-07-17 09:16:12.748784+00:00,2.2584871
2025-07-17 09:16:26.762471+00:00,2.258487
2025-07-17 09:16:37.792895+00:00,2.258487
2025-07-17 09:16:50.748104+00:00,2.2584873
2025-07-17 09:17:29.509570+00:00,2.2584871
2025-07-17 09:17:38.786799+00:00,2.2584863
2025-07-17 09:17:51.133146+00:00,2.2584871
2025-07-17 09:18:07.439744+00:00,2.2584873
2025-07-17 09:18:18.774750+00:00,2.2584872
2025-07-17 09:18:29.332191+00:00,2.2584872
2025-07-17 09:18:43.629661+00:00,2.2584876
2025-07-17 09:18:54.369017+00:00,2.2584867
2025-07-17 09:19:10.551322+00:00,2.2584868
2025-07-17 09:19:20.431423+00:00,2.258487
2025-07-17 09:19:32.873324+00:00,2.2584867
2025-07-17 09:19:45.867201+00:00,2.258487
2025-07-17 09:19:57.864572+00:00,2.2584862
2025-07-17 09:20:11.040977+00:00,2.2584872
2025-07-17 09:20:23.215736+00:00,2.2584869
2025-07-17 09:20:35.627139+00:00,2.258487
2025-07-17 09:20:51.728443+00:00,2.2584868
2025-07-17 09:21:00.587043+00:00,2.2584873
2025-07-17 09:21:25.446527+00:00,2.2584873
2025-07-17 09:21:38.112960+00:00,2.2584872
2025-07-17 09:22:05.033078+00:00,2.2584867
2025-07-17 09:22:16.283170+00:00,2.2584867
2025-07-17 09:22:28.313552+00:00,2.2584867
2025-07-17 09:22:41.107416+00:00,2.2584868
2025-07-17 09:22:54.044151+00:00,2.2584874
2025-07-17 09:23:06.742446+00:00,2.2584864
2025-07-17 09:23:19.160175+00:00,2.2584872
2025-07-17 09:23:33.445200+00:00,2.2584868
2025-07-17 09:23:45.034775+00:00,2.2584866
2025-07-17 09:23:57.483929+00:00,2.2584868
2025-07-17 09:24:10.246492+00:00,2.2584874
2025-07-17 09:24:23.027501+00:00,2.2584872
2025-07-17 09:24:48.867309+00:00,2.2584872
2025-07-17 09:25:01.104375+00:00,2.2584867
2025-07-17 09:25:13.883807+00:00,2.2584865
2025-07-17 09:25:29.377091+00:00,2.2584872
2025-07-17 09:25:40.307842+00:00,2.2584867
2025-07-17 09:25:51.942593+00:00,2.2584872
2025-07-17 09:26:05.973926+00:00,2.2584873
2025-07-17 09:26:17.347961+00:00,2.2584865
2025-07-17 09:26:29.589761+00:00,2.2584865
2025-07-17 09:28:33.455887+00:00,2.2584871
2025-07-17 09:28:45.932484+00:00,2.2584859
2025-07-17 09:28:58.026930+00:00,2.2584872
2025-07-17 09:29:38.420565+00:00,2.2584872
2025-07-17 09:30:07.209996+00:00,2.2584859
2025-07-17 09:30:26.033657+00:00,2.2584868
2025-07-17 09:30:50.786801+00:00,2.2584869
2025-07-17 09:31:04.175672+00:00,2.2584867
2025-07-17 09:31:16.585582+00:00,2.2584867
2025-07-17 09:31:28.577389+00:00,2.2584872
2025-07-17 09:31:41.411320+00:00,2.258487
2025-07-17 09:32:32.657174+00:00,2.2584867
2025-07-17 09:32:56.931179+00:00,2.2584865
2025-07-17 09:33:35.696728+00:00,2.258486
2025-07-17 09:33:48.329072+00:00,2.258487
2025-07-17 09:34:06.551516+00:00,2.258486
2025-07-17 09:35:04.084947+00:00,2.2584873
2025-07-17 09:50:12.112904+00:00,2.2584863
2025-07-17 09:51:53.301675+00:00,2.258486
2025-07-17 09:52:56.191166+00:00,2.2584865
2025-07-17 09:53:46.156043+00:00,2.2584865
2025-07-17 09:53:59.390445+00:00,2.2584861
2025-07-17 09:54:24.358598+00:00,2.2584865
2025-07-17 09:54:37.225366+00:00,2.2584871
2025-07-17 09:54:50.042252+00:00,2.2584872
2025-07-17 09:55:08.655227+00:00,2.2584867
2025-07-17 09:55:16.579365+00:00,2.2584874
2025-07-17 09:55:29.447285+00:00,2.2584866
2025-07-17 09:55:54.037006+00:00,2.2584866
2025-07-17 09:56:07.882040+00:00,2.2584865
2025-07-17 09:56:32.505307+00:00,2.2584869
2025-07-17 09:56:57.324671+00:00,2.2584871
2025-07-17 09:57:22.928283+00:00,2.2584866
2025-07-17 09:58:36.142859+00:00,2.2584872
2025-07-17 09:58:49.027008+00:00,2.2584871
2025-07-17 09:59:01.800799+00:00,2.258487
2025-07-17 09:59:38.763453+00:00,2.2584869
2025-07-17 09:59:52.050926+00:00,2.2584875
2025-07-17 10:00:29.290367+00:00,2.2584866
2025-07-17 10:00:53.484495+00:00,2.2584869
2025-07-17 10:01:06.599933+00:00,2.2584862
2025-07-17 10:01:19.505413+00:00,2.2584872
2025-07-17 10:01:31.945530+00:00,2.2584865
2025-07-17 10:01:43.981398+00:00,2.258487
2025-07-17 10:01:56.483152+00:00,2.258487
2025-07-17 10:02:23.141149+00:00,2.2584869
2025-07-17 10:02:47.020598+00:00,2.2584863
2025-07-17 10:03:12.408045+00:00,2.2584871
2025-07-17 10:03:24.863196+00:00,2.2584868
2025-07-17 10:03:36.980903+00:00,2.2584874
2025-07-17 10:03:49.222894+00:00,2.2584875
2025-07-17 10:04:02.618587+00:00,2.2584875
2025-07-17 10:04:14.571406+00:00,2.258487
2025-07-17 10:04:41.937230+00:00,2.2584874
2025-07-17 10:04:53.765095+00:00,2.2584869
2025-07-17 10:05:06.077108+00:00,2.2584865
2025-07-17 10:05:26.695787+00:00,2.2584864
2025-07-17 10:05:31.880878+00:00,2.2584863
2025-07-17 10:05:45.158673+00:00,2.2584866
2025-07-17 10:05:57.018867+00:00,2.2584867
2025-07-17 10:06:09.997466+00:00,2.2584872
2025-07-17 10:06:22.483859+00:00,2.2584871
2025-07-17 10:06:35.067741+00:00,2.258487
2025-07-17 10:06:48.092803+00:00,2.2584871
2025-07-17 10:07:00.689682+00:00,2.2584867
2025-07-17 10:07:13.167358+00:00,2.2584874
2025-07-17 10:07:25.941654+00:00,2.2584872
2025-07-17 10:07:38.600322+00:00,2.2584873
2025-07-17 10:07:51.268145+00:00,2.2584866
2025-07-17 10:08:04.026401+00:00,2.2584869
2025-07-17 10:08:17.712539+00:00,2.2584873
2025-07-17 10:08:28.665347+00:00,2.258487
2025-07-17 10:08:42.792913+00:00,2.2584869
2025-07-17 10:08:54.152401+00:00,2.2584874
2025-07-17 10:09:19.076442+00:00,2.2584873
2025-07-17 10:09:34.557865+00:00,2.2584867
2025-07-17 10:09:43.824583+00:00,2.2584873
2025-07-17 10:09:58.160436+00:00,2.2584874
2025-07-17 10:10:09.157495+00:00,2.2584866
2025-07-17 10:10:23.524249+00:00,2.2584864
2025-07-17 10:10:34.495760+00:00,2.2584864
2025-07-17 10:10:46.909137+00:00,2.2584873
2025-07-17 10:10:59.364442+00:00,2.2584871
2025-07-17 10:11:14.271120+00:00,2.2584871
2025-07-17 10:11:24.637363+00:00,2.2584868
2025-07-17 10:11:37.200383+00:00,2.2584873
2025-07-17 10:11:50.246455+00:00,2.2584865
2025-07-17 10:12:15.096339+00:00,2.2584873
2025-07-17 10:12:27.433129+00:00,2.2584867
2025-07-17 10:12:40.024540+00:00,2.2584871
2025-07-17 10:12:52.439380+00:00,2.2584875
2025-07-17 10:13:08.369078+00:00,2.2584872
2025-07-17 10:13:17.568662+00:00,2.258487
2025-07-17 10:13:31.142056+00:00,2.2584865
2025-07-17 10:13:42.517525+00:00,2.2584867
2025-07-17 10:14:07.953678+00:00,2.2584869
2025-07-17 10:14:20.660232+00:00,2.2584867
2025-07-17 10:14:33.059899+00:00,2.2584869
2025-07-17 10:14:45.249902+00:00,2.2584869
2025-07-17 10:15:01.524932+00:00,2.2584865
2025-07-17 10:15:11.550239+00:00,2.2584872
2025-07-17 10:15:24.052285+00:00,2.2584869
2025-07-17 10:15:48.986229+00:00,2.2584868
2025-07-17 10:16:04.174193+00:00,2.2584864
2025-07-17 10:16:14.381488+00:00,2.2584873
2025-07-17 10:16:28.331802+00:00,2.2584868
2025-07-17 10:16:39.515768+00:00,2.2584869
2025-07-17 10:16:53.064481+00:00,2.2584872
2025-07-17 10:17:07.018213+00:00,2.2584869
2025-07-17 10:17:18.688983+00:00,2.2584866
2025-07-17 10:17:30.701656+00:00,2.2584865
2025-07-17 10:17:43.171175+00:00,2.2584871
2025-07-17 10:17:55.702351+00:00,2.2584864
2025-07-17 10:18:08.863697+00:00,2.2584867
2025-07-17 10:18:21.770864+00:00,2.2584866
2025-07-17 10:18:34.263090+00:00,2.258487
2025-07-17 10:19:23.996898+00:00,2.2584862
2025-07-17 10:19:36.743278+00:00,2.2584873
2025-07-17 10:20:01.976854+00:00,2.2584862
2025-07-17 10:20:39.376843+00:00,2.2584867
2025-07-17 10:21:40.644082+00:00,2.2584867
2025-07-17 10:22:05.949517+00:00,2.2584874
2025-07-17 10:22:34.695127+00:00,2.2584867
2025-07-17 10:22:44.683302+00:00,2.2584867
2025-07-17 10:22:56.203931+00:00,2.2584865
2025-07-17 10:23:08.523486+00:00,2.258487
2025-07-17 10:23:21.506556+00:00,2.258487
2025-07-17 10:23:33.603927+00:00,2.2584863
2025-07-17 10:23:46.937048+00:00,2.2584868
2025-07-17 10:23:59.625099+00:00,2.2584873
2025-07-17 10:24:23.658592+00:00,2.2584874
2025-07-17 10:24:36.165164+00:00,2.2584869
2025-07-17 10:24:49.439282+00:00,2.2584864
2025-07-17 10:25:01.549384+00:00,2.2584873
2025-07-17 10:25:15.411234+00:00,2.2584866
2025-07-17 10:25:28.883759+00:00,2.2584869
2025-07-17 10:25:40.146722+00:00,2.2584871
2025-07-17 10:25:52.629554+00:00,2.2584865
2025-07-17 10:26:06.738976+00:00,2.2584864
2025-07-17 10:26:19.042366+00:00,2.2584866
2025-07-17 10:26:32.813259+00:00,2.2584871
2025-07-17 10:26:44.015564+00:00,2.2584865
2025-07-17 10:26:56.831944+00:00,2.2584864
2025-07-17 10:27:10.307333+00:00,2.2584866
2025-07-17 10:27:22.925915+00:00,2.2584875
2025-07-17 10:27:35.206557+00:00,2.258486
2025-07-17 10:27:47.956404+00:00,2.2584875
2025-07-17 10:28:00.340034+00:00,2.2584864
2025-07-17 10:28:13.029972+00:00,2.2584873
2025-07-17 10:28:25.913011+00:00,2.2584872
2025-07-17 10:29:52.267203+00:00,2.2584868
2025-07-17 10:30:05.269692+00:00,2.2584863
2025-07-17 10:30:17.979225+00:00,2.2584869
2025-07-17 10:30:30.788156+00:00,2.2584872
2025-07-17 10:30:43.300297+00:00,2.2584858
2025-07-17 12:28:08.723872+00:00,2.2584875
2025-07-17 12:28:20.523808+00:00,2.2584872
2025-07-17 12:28:33.368964+00:00,2.2584872
2025-07-17 12:28:45.882122+00:00,2.2584867
2025-07-17 12:28:57.934593+00:00,2.2584868
2025-07-17 12:29:11.423071+00:00,2.2584871
2025-07-17 12:29:23.593195+00:00,2.2584874
2025-07-17 12:29:36.471835+00:00,2.2584867
2025-07-17 12:29:48.583820+00:00,2.2584868
2025-07-17 12:30:01.926299+00:00,2.2584874
2025-07-17 12:30:13.443296+00:00,2.2584874
2025-07-17 12:30:25.827946+00:00,2.2584877
2025-07-17 12:30:39.901643+00:00,2.2584873
2025-07-17 12:30:51.448307+00:00,2.2584875
2025-07-17 12:31:03.950524+00:00,2.2584869
2025-07-17 12:31:16.033143+00:00,2.2584869
2025-07-17 12:31:29.070391+00:00,2.2584873
2025-07-17 12:31:41.096463+00:00,2.2584872
2025-07-17 12:31:53.931089+00:00,2.2584868
2025-07-17 12:32:06.346951+00:00,2.2584877
2025-07-17 12:32:19.010866+00:00,2.2584867
2025-07-17 12:32:32.113373+00:00,2.2584875
2025-07-17 12:32:44.580157+00:00,2.258487
2025-07-17 12:32:58.161196+00:00,2.2584875
2025-07-17 12:33:08.880701+00:00,2.2584871
2025-07-17 12:33:21.603872+00:00,2.2584879
2025-07-17 12:33:33.995583+00:00,2.2584871
2025-07-17 12:33:46.474627+00:00,2.2584874
2025-07-17 12:34:00.965041+00:00,2.258487
2025-07-17 12:34:12.014267+00:00,2.258487
2025-07-17 12:34:24.200410+00:00,2.2584869
2025-07-17 12:34:36.197466+00:00,2.2584878
2025-07-17 12:34:48.952216+00:00,2.2584867
2025-07-17 12:35:01.136367+00:00,2.2584869
2025-07-17 12:35:13.948223+00:00,2.2584873
2025-07-17 12:35:26.354891+00:00,2.2584878
2025-07-17 12:35:41.423210+00:00,2.2584874
2025-07-17 12:35:51.420795+00:00,2.2584872
2025-07-17 12:36:05.267350+00:00,2.2584871
2025-07-17 12:36:17.458368+00:00,2.2584863
2025-07-17 12:36:30.091951+00:00,2.2584867
2025-07-17 12:36:42.722997+00:00,2.2584874
2025-07-17 12:36:55.554361+00:00,2.2584867
2025-07-17 12:37:08.536278+00:00,2.2584872
2025-07-17 12:37:20.833706+00:00,2.2584872
2025-07-17 12:37:34.559625+00:00,2.2584872
2025-07-17 12:37:46.476655+00:00,2.2584873
2025-07-17 12:37:58.635096+00:00,2.2584872
2025-07-17 12:38:13.020469+00:00,2.2584874
2025-07-17 12:38:23.708759+00:00,2.2584874
2025-07-17 12:38:36.871875+00:00,2.2584871
2025-07-17 12:38:49.150791+00:00,2.2584871
2025-07-17 12:39:02.224274+00:00,2.2584873
2025-07-17 12:39:26.485892+00:00,2.2584874
2025-07-17 12:39:40.949005+00:00,2.258487
2025-07-17 12:39:50.958734+00:00,2.2584873
2025-07-17 12:40:03.695894+00:00,2.2584875
2025-07-17 12:40:16.462125+00:00,2.2584877
2025-07-17 12:40:29.247256+00:00,2.2584877
2025-07-17 12:40:41.825115+00:00,2.2584869
2025-07-17 12:40:56.628357+00:00,2.2584871
2025-07-17 12:41:06.331696+00:00,2.2584873
2025-07-17 12:41:19.340019+00:00,2.2584874
2025-07-17 12:41:31.361892+00:00,2.2584878
2025-07-17 12:41:43.997262+00:00,2.2584868
2025-07-17 12:41:57.285215+00:00,2.2584869
2025-07-17 12:42:10.016575+00:00,2.2584871
2025-07-17 12:42:21.470162+00:00,2.2584871
2025-07-17 12:42:36.282167+00:00,2.2584874
2025-07-17 12:42:47.206883+00:00,2.2584874
2025-07-17 12:42:59.277420+00:00,2.2584875
2025-07-17 12:43:12.170497+00:00,2.2584872
2025-07-17 12:43:23.762487+00:00,2.2584868
2025-07-17 12:43:36.437091+00:00,2.2584869
2025-07-17 12:43:48.554652+00:00,2.2584871
2025-07-17 12:44:01.454245+00:00,2.2584872
2025-07-17 12:44:26.394699+00:00,2.2584869
2025-07-17 12:44:38.338274+00:00,2.2584867
2025-07-17 12:44:51.679139+00:00,2.2584875
2025-07-17 12:45:03.755817+00:00,2.2584869
2025-07-17 12:45:16.310695+00:00,2.2584872
2025-07-17 12:45:32.322009+00:00,2.258487
2025-07-17 12:45:41.310156+00:00,2.2584875
2025-07-17 12:45:53.977946+00:00,2.2584873
2025-07-17 12:46:06.896518+00:00,2.2584874
2025-07-17 12:46:19.499436+00:00,2.2584875
2025-07-17 12:46:32.431220+00:00,2.2584867
2025-07-17 12:46:45.961972+00:00,2.2584871
2025-07-17 12:46:57.694309+00:00,2.2584872
2025-07-17 12:47:11.122708+00:00,2.258487
2025-07-17 12:47:23.624107+00:00,2.2584877
2025-07-17 12:47:36.332187+00:00,2.258487
2025-07-17 12:47:49.409656+00:00,2.2584875
2025-07-17 12:48:02.372353+00:00,2.258487
2025-07-17 12:48:15.289888+00:00,2.2584867
2025-07-17 12:48:27.098656+00:00,2.2584869
2025-07-17 12:48:39.410258+00:00,2.2584869
2025-07-17 12:48:53.288989+00:00,2.2584876
2025-07-17 12:49:07.008933+00:00,2.2584871
2025-07-17 12:49:18.760006+00:00,2.2584871
2025-07-17 12:49:29.950429+00:00,2.2584872
2025-07-17 12:49:42.463452+00:00,2.2584874
2025-07-17 12:50:02.022966+00:00,2.2584871
2025-07-17 12:50:07.248112+00:00,2.258487
2025-07-17 12:50:23.239535+00:00,2.2584873
2025-07-17 12:50:32.592383+00:00,2.2584872
2025-07-17 12:50:45.061288+00:00,2.2584874
2025-07-17 12:50:57.891756+00:00,2.2584875
2025-07-17 12:51:10.839133+00:00,2.2584874
2025-07-17 12:51:25.276069+00:00,2.2584868
2025-07-17 12:51:35.278305+00:00,2.2584868
2025-07-17 12:51:50.553007+00:00,2.2584874
2025-07-17 12:52:00.678473+00:00,2.2584876
2025-07-17 12:52:13.204206+00:00,2.2584876
2025-07-17 12:52:26.302972+00:00,2.2584873
2025-07-17 12:52:38.208150+00:00,2.2584875
2025-07-17 12:52:52.776478+00:00,2.2584873
2025-07-17 12:53:03.300562+00:00,2.2584867
2025-07-17 12:53:18.452734+00:00,2.2584873
2025-07-17 12:53:28.910745+00:00,2.2584878
2025-07-17 12:53:40.602263+00:00,2.258487
2025-07-17 12:53:53.026014+00:00,2.2584879
2025-07-17 12:54:09.435078+00:00,2.2584882
2025-07-17 12:54:18.600709+00:00,2.2584879
2025-07-17 12:54:31.057494+00:00,2.2584882
2025-07-17 12:54:44.664944+00:00,2.2584883
2025-07-17 12:54:55.798021+00:00,2.2584881
2025-07-17 12:55:08.510676+00:00,2.2584882
2025-07-17 12:55:21.249999+00:00,2.2584877
2025-07-17 12:55:46.715005+00:00,2.2584879
2025-07-17 12:56:12.337466+00:00,2.258488
2025-07-17 12:56:25.055096+00:00,2.2584881
2025-07-17 12:56:37.766127+00:00,2.2584883
2025-07-17 12:56:51.337284+00:00,2.2584883
2025-07-17 12:57:04.437077+00:00,2.2584884
2025-07-17 12:57:16.387486+00:00,2.258488
2025-07-17 12:57:41.720706+00:00,2.2584883
2025-07-17 12:57:53.838562+00:00,2.2584882
2025-07-17 12:58:19.311230+00:00,2.2584883
2025-07-17 12:58:32.250855+00:00,2.2584884
2025-07-17 12:58:44.776960+00:00,2.2584877
2025-07-17 12:59:12.862318+00:00,2.2584883
2025-07-17 12:59:21.885628+00:00,2.2584884
2025-07-17 12:59:46.891742+00:00,2.2584881
2025-07-17 12:59:59.209102+00:00,2.2584879
2025-07-17 13:00:11.893853+00:00,2.2584884
2025-07-17 13:00:25.577598+00:00,2.2584878
2025-07-17 13:00:37.248790+00:00,2.2584882
2025-07-17 13:00:49.380683+00:00,2.2584883
2025-07-17 13:01:02.423040+00:00,2.2584884
2025-07-17 13:01:14.458226+00:00,2.2584882
2025-07-17 13:02:05.229159+00:00,2.2584877
2025-07-17 13:02:30.395827+00:00,2.258488
2025-07-17 13:02:43.793249+00:00,2.258488
2025-07-17 13:02:55.515675+00:00,2.258488
2025-07-17 13:03:08.052657+00:00,2.2584878
2025-07-17 13:03:21.066104+00:00,2.2584879
2025-07-17 13:03:57.797223+00:00,2.2584883
2025-07-17 13:04:10.134590+00:00,2.2584883
2025-07-17 13:04:22.322845+00:00,2.2584882
2025-07-17 13:04:35.146457+00:00,2.2584874
2025-07-17 13:04:48.813507+00:00,2.2584877
2025-07-17 13:04:59.762494+00:00,2.2584883
2025-07-17 13:05:14.073538+00:00,2.2584882
2025-07-17 13:05:25.341108+00:00,2.258488
2025-07-17 13:05:37.950823+00:00,2.258488
2025-07-17 13:05:50.791583+00:00,2.2584883
2025-07-17 13:06:03.771259+00:00,2.2584879
2025-07-17 13:06:16.252880+00:00,2.2584878
2025-07-17 13:06:29.309864+00:00,2.258488
2025-07-17 13:06:42.280358+00:00,2.2584879
2025-07-17 13:06:54.935423+00:00,2.258488
2025-07-17 13:07:09.626643+00:00,2.2584879
2025-07-17 13:07:19.759727+00:00,2.2584881
2025-07-17 13:07:45.554404+00:00,2.2584878
2025-07-17 13:07:58.121263+00:00,2.258488
2025-07-17 13:08:24.779628+00:00,2.2584882
2025-07-17 13:08:36.778872+00:00,2.2584877
2025-07-17 13:08:48.395771+00:00,2.2584883
2025-07-17 13:09:13.102497+00:00,2.2584879
2025-07-17 13:09:25.606581+00:00,2.2584878
2025-07-17 13:09:41.942166+00:00,2.2584882
2025-07-17 13:09:51.157170+00:00,2.2584883
2025-07-17 13:10:02.843042+00:00,2.2584878
2025-07-17 13:10:15.605178+00:00,2.2584884
2025-07-17 13:10:27.634349+00:00,2.2584878
2025-07-17 13:10:40.716275+00:00,2.2584881
2025-07-17 13:11:06.061152+00:00,2.2584881
2025-07-17 13:11:18.716666+00:00,2.2584882
2025-07-17 13:11:32.567499+00:00,2.2584879
2025-07-17 13:11:55.444496+00:00,2.2584878
2025-07-17 13:12:20.726565+00:00,2.258488
2025-07-17 13:12:46.647405+00:00,2.2584878
2025-07-17 13:13:12.681525+00:00,2.2584877
2025-07-17 13:13:24.275240+00:00,2.258488
2025-07-17 13:13:36.214683+00:00,2.258488
2025-07-17 13:13:49.277984+00:00,2.2584883
2025-07-17 13:14:02.140010+00:00,2.2584881
2025-07-17 13:14:13.915031+00:00,2.2584878
2025-07-17 13:14:26.726556+00:00,2.258488
2025-07-17 13:14:38.974018+00:00,2.2584879
2025-07-17 13:14:51.390362+00:00,2.2584879
2025-07-17 13:15:04.333864+00:00,2.2584877
2025-07-17 13:15:17.050204+00:00,2.2584878
2025-07-17 13:15:30.143934+00:00,2.2584877
2025-07-17 13:15:57.721544+00:00,2.2584875
2025-07-17 13:16:07.929420+00:00,2.2584882
2025-07-17 13:16:45.857135+00:00,2.258488
2025-07-17 13:16:58.276691+00:00,2.2584878
2025-07-17 13:17:13.236804+00:00,2.2584878
2025-07-17 13:17:24.598646+00:00,2.258488
2025-07-17 13:17:36.776632+00:00,2.2584879
2025-07-17 13:17:51.312305+00:00,2.2584882
2025-07-17 13:18:02.181212+00:00,2.2584881
2025-07-17 13:18:14.498388+00:00,2.2584879
2025-07-17 14:49:03.399580+00:00,2.258487
2025-07-17 14:49:15.854180+00:00,2.2584872
2025-07-17 14:49:28.259108+00:00,2.2584876
2025-07-17 14:49:40.317182+00:00,2.2584875
2025-07-17 14:49:53.530748+00:00,2.2584867
2025-07-17 14:50:13.998039+00:00,2.2584871
2025-07-17 14:50:18.200695+00:00,2.2584871
2025-07-17 14:50:30.906001+00:00,2.2584868
2025-07-17 14:50:42.656232+00:00,2.2584872
2025-07-17 14:50:55.327342+00:00,2.2584865
2025-07-17 14:51:08.103508+00:00,2.2584873
2025-07-17 14:51:20.149287+00:00,2.2584871
2025-07-17 14:51:33.011831+00:00,2.2584873
2025-07-17 14:51:44.739867+00:00,2.2584875
2025-07-17 14:51:57.273501+00:00,2.2584867
2025-07-17 14:52:10.085865+00:00,2.2584871
2025-07-17 14:52:22.506064+00:00,2.2584876
2025-07-17 14:52:35.318030+00:00,2.2584875
2025-07-17 14:52:48.771084+00:00,2.258487
2025-07-17 14:53:01.699096+00:00,2.2584876
2025-07-17 14:53:13.823883+00:00,2.2584871
2025-07-17 14:53:28.512958+00:00,2.2584868
2025-07-17 14:53:39.668130+00:00,2.258487
2025-07-17 14:53:52.268746+00:00,2.2584874
2025-07-17 14:54:04.966226+00:00,2.2584871
2025-07-17 14:54:18.431339+00:00,2.2584877
2025-07-17 14:54:31.488150+00:00,2.2584875
2025-07-17 14:54:42.826776+00:00,2.2584869
2025-07-17 14:54:55.250066+00:00,2.2584877
2025-07-17 14:55:08.476964+00:00,2.2584874
2025-07-17 14:55:21.444257+00:00,2.2584873
2025-07-17 14:55:34.874235+00:00,2.2584869
2025-07-17 14:55:46.185751+00:00,2.2584875
2025-07-17 14:55:58.556489+00:00,2.258487
2025-07-17 14:56:14.295203+00:00,2.2584866
2025-07-17 14:56:23.597421+00:00,2.2584871
2025-07-17 14:56:36.029354+00:00,2.2584876
2025-07-17 14:56:48.686585+00:00,2.2584876
2025-07-17 14:57:00.989363+00:00,2.2584867
2025-07-17 14:57:13.532878+00:00,2.258487
2025-07-17 14:57:26.474758+00:00,2.258487
2025-07-17 14:57:37.815408+00:00,2.2584872
2025-07-17 14:57:50.865446+00:00,2.2584873
2025-07-17 14:58:03.576337+00:00,2.2584874
2025-07-17 14:58:15.880309+00:00,2.2584872
2025-07-17 14:58:28.789150+00:00,2.2584867
2025-07-17 14:58:41.366083+00:00,2.2584874
2025-07-17 14:58:53.548285+00:00,2.2584871
2025-07-17 14:59:06.998582+00:00,2.2584871
2025-07-17 14:59:18.662991+00:00,2.2584875
2025-07-17 14:59:31.882054+00:00,2.258487
2025-07-17 14:59:43.628042+00:00,2.2584875
2025-07-17 14:59:56.481904+00:00,2.2584868
2025-07-17 15:00:08.721836+00:00,2.2584873
2025-07-17 15:00:21.507593+00:00,2.2584871
2025-07-17 15:00:34.068894+00:00,2.258487
2025-07-17 15:00:47.393926+00:00,2.2584873
2025-07-17 15:00:58.792086+00:00,2.2584871
2025-07-17 15:01:12.307281+00:00,2.2584875
2025-07-17 15:01:24.191472+00:00,2.2584876
2025-07-17 15:01:36.890179+00:00,2.2584869
2025-07-17 15:01:49.623928+00:00,2.2584869
2025-07-17 15:02:02.546869+00:00,2.258487
2025-07-17 15:02:15.512810+00:00,2.2584872
2025-07-17 15:02:27.634033+00:00,2.2584872
2025-07-17 15:02:45.569635+00:00,2.258487
2025-07-17 15:02:55.556685+00:00,2.2584875
2025-07-17 15:03:06.564422+00:00,2.2584866
2025-07-17 15:03:19.316177+00:00,2.2584875
2025-07-17 15:03:32.584773+00:00,2.2584873
2025-07-17 15:03:49.558801+00:00,2.258487
2025-07-17 15:03:57.447143+00:00,2.258487
2025-07-17 15:04:10.541921+00:00,2.2584873
2025-07-17 15:04:22.775753+00:00,2.2584867
2025-07-17 15:04:35.248198+00:00,2.2584876
2025-07-17 15:04:48.778104+00:00,2.2584869
2025-07-17 15:05:01.150212+00:00,2.2584872
2025-07-17 15:05:18.633855+00:00,2.258487
2025-07-17 15:05:26.376550+00:00,2.2584869
2025-07-17 15:05:38.453341+00:00,2.2584868
2025-07-17 15:05:50.589390+00:00,2.258487
2025-07-17 15:06:06.108686+00:00,2.2584875
2025-07-17 15:06:15.229645+00:00,2.2584875
2025-07-17 15:06:27.445733+00:00,2.2584869
2025-07-17 15:06:40.314527+00:00,2.2584867
2025-07-17 15:06:53.155053+00:00,2.2584868
2025-07-17 15:07:06.330628+00:00,2.2584874
2025-07-17 15:07:18.913335+00:00,2.2584874
2025-07-17 15:07:32.147524+00:00,2.2584876
2025-07-17 15:07:44.206443+00:00,2.2584872
2025-07-17 15:07:56.723628+00:00,2.2584872
2025-07-17 15:08:09.497555+00:00,2.2584867
2025-07-17 15:08:22.586578+00:00,2.2584874
2025-07-17 15:08:34.645477+00:00,2.2584873
2025-07-17 15:08:47.119122+00:00,2.2584869
2025-07-17 15:09:01.570096+00:00,2.2584874
2025-07-17 15:09:12.936266+00:00,2.2584868
2025-07-17 15:09:24.916233+00:00,2.2584874
2025-07-17 15:09:37.634694+00:00,2.2584877
2025-07-17 15:09:50.089045+00:00,2.2584874
2025-07-17 15:10:03.267953+00:00,2.2584875
2025-07-17 15:10:15.773756+00:00,2.2584873
2025-07-17 15:10:27.632430+00:00,2.2584871
2025-07-17 15:10:39.864665+00:00,2.258487
2025-07-17 15:10:52.242241+00:00,2.2584869
2025-07-17 15:11:05.209387+00:00,2.2584874
2025-07-17 15:11:17.691674+00:00,2.2584871
2025-07-17 15:11:30.542319+00:00,2.2584868
2025-07-17 15:11:42.365781+00:00,2.2584871
2025-07-17 15:11:54.825535+00:00,2.2584876
2025-07-17 15:12:07.849629+00:00,2.2584876
2025-07-17 15:12:19.670255+00:00,2.2584869
2025-07-17 15:12:33.014264+00:00,2.2584874
2025-07-17 15:12:45.323237+00:00,2.2584872
2025-07-17 15:12:58.855569+00:00,2.2584877
2025-07-17 15:13:11.347957+00:00,2.2584871
2025-07-17 15:13:23.751757+00:00,2.2584872
2025-07-17 15:13:36.233796+00:00,2.2584869
2025-07-17 15:13:49.050624+00:00,2.2584867
2025-07-17 15:14:05.012840+00:00,2.2584874
2025-07-17 15:14:15.052821+00:00,2.2584875
2025-07-17 15:14:27.452667+00:00,2.258487
2025-07-17 15:14:39.765727+00:00,2.2584866
2025-07-17 15:14:52.682298+00:00,2.2584869
2025-07-17 15:15:05.552125+00:00,2.2584876
2025-07-17 15:15:18.155578+00:00,2.2584875
2025-07-17 15:15:31.383910+00:00,2.258487
2025-07-17 15:15:43.262916+00:00,2.2584873
2025-07-17 15:15:55.712503+00:00,2.2584869
2025-07-17 15:16:08.655071+00:00,2.2584868
2025-07-17 15:16:21.967768+00:00,2.2584875
2025-07-17 15:16:37.229821+00:00,2.2584875
2025-07-17 15:16:46.855293+00:00,2.2584872
2025-07-17 15:16:59.514765+00:00,2.2584873
2025-07-17 15:17:12.311551+00:00,2.2584877
2025-07-17 15:17:23.733157+00:00,2.2584873
2025-07-17 15:17:36.151379+00:00,2.2584872
2025-07-17 15:17:49.312389+00:00,2.2584873
2025-07-17 15:18:02.652851+00:00,2.258487
2025-07-17 15:18:14.941837+00:00,2.2584873
2025-07-17 15:18:26.966599+00:00,2.2584869
2025-07-17 15:18:40.131853+00:00,2.2584874
2025-07-17 15:18:52.451538+00:00,2.2584872
2025-07-17 15:19:04.883234+00:00,2.2584872
2025-07-17 15:19:18.486676+00:00,2.258487
2025-07-17 15:19:30.228574+00:00,2.2584876
2025-07-17 15:19:43.485896+00:00,2.2584871
2025-07-17 15:19:56.142482+00:00,2.2584875
2025-07-17 15:20:08.118720+00:00,2.2584876
2025-07-17 15:20:22.368792+00:00,2.2584869
2025-07-17 15:20:36.427155+00:00,2.2584875
2025-07-17 15:20:46.002769+00:00,2.2584874
2025-07-17 15:20:58.204080+00:00,2.2584875
2025-07-17 15:21:10.850192+00:00,2.2584868
2025-07-17 15:21:23.674416+00:00,2.2584876
2025-07-17 15:21:35.959190+00:00,2.2584875
2025-07-17 15:21:48.679097+00:00,2.2584872
2025-07-17 15:22:01.459760+00:00,2.2584875
2025-07-17 15:22:14.053510+00:00,2.2584873
2025-07-17 15:22:27.556205+00:00,2.2584878
2025-07-17 15:22:39.441151+00:00,2.2584864
2025-07-17 15:22:52.058185+00:00,2.2584868
2025-07-17 15:23:05.105243+00:00,2.2584876
2025-07-17 15:23:18.224480+00:00,2.2584874
2025-07-17 15:23:31.796551+00:00,2.2584874
2025-07-17 15:23:43.468404+00:00,2.2584876
2025-07-17 15:23:57.293770+00:00,2.2584868
2025-07-17 15:24:12.826385+00:00,2.2584869
2025-07-17 15:24:23.039654+00:00,2.2584874
2025-07-17 15:24:35.349303+00:00,2.2584878
2025-07-17 15:24:49.884294+00:00,2.2584869
2025-07-17 15:25:01.549348+00:00,2.2584876
2025-07-17 15:25:16.088091+00:00,2.2584869
2025-07-17 15:25:26.962157+00:00,2.2584866
2025-07-17 15:25:52.389757+00:00,2.258487
2025-07-17 15:26:06.052220+00:00,2.2584873
2025-07-17 15:26:18.120185+00:00,2.2584874
2025-07-17 15:26:31.292056+00:00,2.2584875
2025-07-17 15:26:43.727850+00:00,2.2584873
2025-07-17 15:26:56.986908+00:00,2.258487
2025-07-17 15:27:08.766441+00:00,2.2584876
2025-07-17 15:27:21.078678+00:00,2.258487
2025-07-17 15:27:33.438627+00:00,2.2584875
2025-07-17 15:27:46.169139+00:00,2.2584871
2025-07-17 15:27:58.622956+00:00,2.2584876
2025-07-17 15:28:11.354242+00:00,2.2584876
2025-07-17 15:28:23.986107+00:00,2.2584872
2025-07-17 15:28:36.698867+00:00,2.2584873
2025-07-17 15:28:49.592988+00:00,2.2584874
2025-07-17 15:29:02.806157+00:00,2.2584871
2025-07-17 15:29:15.254743+00:00,2.2584874
2025-07-17 15:29:27.777802+00:00,2.2584876
2025-07-17 15:29:40.712876+00:00,2.2584868
2025-07-17 15:29:53.225475+00:00,2.2584867
2025-07-17 15:30:06.276144+00:00,2.2584876
2025-07-17 15:30:18.637724+00:00,2.2584872
2025-07-17 15:30:31.438477+00:00,2.2584871
2025-07-17 15:30:43.754587+00:00,2.2584869
2025-07-17 15:30:56.115166+00:00,2.258487
2025-07-17 15:31:09.169169+00:00,2.2584869
2025-07-17 15:31:21.541037+00:00,2.258487
2025-07-17 15:31:34.492076+00:00,2.2584874
2025-07-17 15:31:47.684581+00:00,2.2584874
2025-07-17 15:31:58.923827+00:00,2.2584872
2025-07-17 15:32:11.993553+00:00,2.2584869
2025-07-17 15:32:26.571597+00:00,2.2584869
2025-07-17 15:32:37.145243+00:00,2.2584866
2025-07-17 15:32:50.485538+00:00,2.2584875
2025-07-17 15:33:03.397166+00:00,2.2584877
2025-07-17 15:33:16.250271+00:00,2.2584873
2025-07-17 15:33:28.856965+00:00,2.2584868
2025-07-17 15:33:41.798741+00:00,2.2584871
2025-07-17 15:33:55.989205+00:00,2.258487
2025-07-17 15:34:07.746842+00:00,2.258487
2025-07-17 15:34:20.123493+00:00,2.2584876
2025-07-17 15:34:33.243665+00:00,2.2584871
2025-07-17 15:34:47.763560+00:00,2.258487
2025-07-17 15:34:58.782840+00:00,2.2584868
2025-07-17 15:35:11.536704+00:00,2.2584873
2025-07-17 15:35:24.650339+00:00,2.2584874
2025-07-17 15:35:37.882574+00:00,2.2584869
2025-07-17 15:35:49.460101+00:00,2.2584876
2025-07-17 15:36:02.694409+00:00,2.2584873
2025-07-17 15:36:14.768752+00:00,2.2584875
2025-07-17 15:36:27.557863+00:00,2.2584869
2025-07-17 15:36:39.928433+00:00,2.2584868
2025-07-17 15:36:52.494943+00:00,2.2584871
2025-07-17 15:37:05.408552+00:00,2.2584873
2025-07-17 15:37:18.503412+00:00,2.2584871
2025-07-17 15:37:30.584799+00:00,2.2584874
2025-07-17 15:37:43.098487+00:00,2.2584876
2025-07-17 15:37:55.955349+00:00,2.2584874
2025-07-17 15:38:09.616792+00:00,2.2584867
2025-07-17 15:38:20.843595+00:00,2.2584873
2025-07-17 15:38:33.365071+00:00,2.258487
2025-07-17 15:38:46.108049+00:00,2.2584872
2025-07-17 15:38:58.284220+00:00,2.2584872
2025-07-17 15:39:11.292569+00:00,2.2584871
2025-07-17 15:39:23.308788+00:00,2.2584868
2025-07-17 15:39:35.558000+00:00,2.2584874
2025-07-17 15:39:48.805076+00:00,2.2584878
2025-07-17 15:40:00.987890+00:00,2.2584873
2025-07-17 15:40:14.572845+00:00,2.2584871
2025-07-17 15:40:26.981395+00:00,2.2584871
2025-07-17 15:40:39.653159+00:00,2.2584875
2025-07-17 15:40:51.447685+00:00,2.258487
2025-07-17 15:41:04.514204+00:00,2.2584867
2025-07-17 15:41:17.753312+00:00,2.2584868
2025-07-17 15:41:30.015509+00:00,2.2584873
2025-07-17 15:41:42.555474+00:00,2.2584878
2025-07-17 15:41:54.414181+00:00,2.258487
2025-07-17 15:42:07.028637+00:00,2.2584876
2025-07-17 15:42:19.738010+00:00,2.2584875
2025-07-17 15:42:32.108970+00:00,2.2584868
2025-07-17 15:42:44.682193+00:00,2.2584872
2025-07-17 15:42:56.904077+00:00,2.2584868
2025-07-17 15:43:11.117377+00:00,2.2584871
2025-07-17 15:43:22.114201+00:00,2.2584869
2025-07-17 15:43:34.862127+00:00,2.2584875
2025-07-17 15:43:48.083737+00:00,2.2584868
2025-07-17 15:44:01.615184+00:00,2.2584875
2025-07-17 15:44:13.201140+00:00,2.2584876
2025-07-17 15:44:27.554957+00:00,2.2584873
2025-07-17 15:44:39.030877+00:00,2.2584872
2025-07-17 15:44:51.753408+00:00,2.2584871
2025-07-17 15:45:04.775712+00:00,2.2584871
2025-07-17 15:45:18.465637+00:00,2.2584874
2025-07-17 15:45:31.023237+00:00,2.2584869
2025-07-17 15:45:43.617216+00:00,2.2584878
2025-07-17 15:45:56.115074+00:00,2.258487
2025-07-17 15:46:08.896222+00:00,2.2584867
2025-07-17 15:46:21.612511+00:00,2.2584874
2025-07-17 15:46:34.262847+00:00,2.2584871
2025-07-17 15:46:47.584234+00:00,2.2584875
2025-07-17 15:46:59.849559+00:00,2.2584875
2025-07-17 15:47:12.298710+00:00,2.2584866
2025-07-17 15:47:25.477894+00:00,2.2584868
2025-07-17 15:47:38.155581+00:00,2.2584868
2025-07-17 15:47:50.067497+00:00,2.2584877
2025-07-17 15:48:01.737891+00:00,2.2584872
2025-07-17 15:48:14.156892+00:00,2.2584874
2025-07-17 15:48:26.815456+00:00,2.2584875
2025-07-17 15:48:40.084577+00:00,2.2584875
2025-07-17 15:48:52.086183+00:00,2.2584877
2025-07-17 15:49:05.416698+00:00,2.2584872
2025-07-17 15:49:18.316292+00:00,2.2584875
2025-07-17 15:49:31.913191+00:00,2.2584871
2025-07-17 15:49:42.960662+00:00,2.2584867
2025-07-17 15:49:56.436479+00:00,2.2584871
2025-07-17 15:50:08.316565+00:00,2.2584873
2025-07-17 15:50:20.970589+00:00,2.2584876
2025-07-17 15:50:35.073198+00:00,2.258487
2025-07-17 15:50:45.722400+00:00,2.2584871
2025-07-17 15:50:58.088637+00:00,2.2584868
2025-07-17 15:51:10.505526+00:00,2.2584864
2025-07-17 15:51:23.383266+00:00,2.2584878
2025-07-17 15:51:35.647680+00:00,2.2584867
2025-07-17 15:51:48.747234+00:00,2.2584877
2025-07-17 15:52:01.288233+00:00,2.2584871
2025-07-17 15:52:13.543929+00:00,2.2584869
2025-07-17 15:52:25.898430+00:00,2.2584871
2025-07-17 15:52:39.201941+00:00,2.2584868
2025-07-17 15:52:50.988620+00:00,2.2584864
2025-07-17 15:53:17.768879+00:00,2.2584873
2025-07-17 15:53:28.843909+00:00,2.2584869
2025-07-17 15:53:41.866555+00:00,2.2584871
2025-07-17 15:53:54.397012+00:00,2.258487
2025-07-17 15:54:12.926212+00:00,2.2584876
2025-07-17 15:54:19.723659+00:00,2.2584879
2025-07-17 15:54:32.423488+00:00,2.2584861
2025-07-17 15:54:45.208823+00:00,2.2584872
2025-07-17 15:54:57.238432+00:00,2.2584874
2025-07-17 15:55:10.785576+00:00,2.2584873
2025-07-17 15:55:22.483427+00:00,2.2584866
2025-07-17 15:55:35.394792+00:00,2.2584875
2025-07-17 15:55:47.575000+00:00,2.2584873
2025-07-17 15:56:01.033041+00:00,2.2584873
2025-07-17 15:56:12.937060+00:00,2.2584868
2025-07-17 15:56:25.802007+00:00,2.258487
2025-07-17 15:56:38.670685+00:00,2.2584868
2025-07-17 15:56:51.912822+00:00,2.2584874
2025-07-17 15:57:04.522821+00:00,2.2584867
2025-07-17 15:57:18.101354+00:00,2.2584872
2025-07-17 15:57:29.804339+00:00,2.2584869
2025-07-17 15:57:44.450430+00:00,2.2584866
2025-07-17 15:57:55.169496+00:00,2.2584873
2025-07-17 15:58:08.429656+00:00,2.258487
2025-07-17 15:58:20.323415+00:00,2.2584871
2025-07-17 15:58:33.243282+00:00,2.2584873
2025-07-17 15:58:47.768144+00:00,2.2584872
2025-07-17 15:58:59.993161+00:00,2.258487
2025-07-17 15:59:11.064146+00:00,2.2584877
2025-07-17 15:59:24.618556+00:00,2.2584875
2025-07-17 15:59:35.245337+00:00,2.2584877
2025-07-17 15:59:48.903502+00:00,2.258487
2025-07-17 16:00:00.441263+00:00,2.2584869
2025-07-17 16:00:13.226086+00:00,2.2584865
2025-07-17 16:00:25.518554+00:00,2.2584872
2025-07-17 16:00:38.218309+00:00,2.2584872
2025-07-17 16:00:51.675157+00:00,2.258487
2025-07-17 16:01:03.875029+00:00,2.2584871
2025-07-17 16:01:16.366918+00:00,2.2584873
2025-07-17 16:01:29.056520+00:00,2.2584871
2025-07-17 16:01:41.592945+00:00,2.2584871
2025-07-17 16:01:55.631125+00:00,2.2584869
2025-07-17 16:02:07.078763+00:00,2.2584872
2025-07-17 16:02:19.370168+00:00,2.2584874
2025-07-17 16:02:34.114040+00:00,2.2584872
2025-07-17 16:02:45.200087+00:00,2.2584872
2025-07-17 16:03:04.205930+00:00,2.2584873
2025-07-17 16:03:10.528517+00:00,2.2584877
2025-07-17 16:03:24.045638+00:00,2.2584875
2025-07-17 16:03:36.146590+00:00,2.258487
2025-07-17 16:03:49.305945+00:00,2.2584871
2025-07-17 16:04:02.204382+00:00,2.2584875
2025-07-17 16:04:14.939337+00:00,2.2584876
2025-07-17 16:04:27.910310+00:00,2.2584871
2025-07-17 16:04:40.394384+00:00,2.2584871
2025-07-17 16:04:52.575960+00:00,2.2584873
2025-07-17 16:05:06.160550+00:00,2.2584875
2025-07-17 16:05:18.851572+00:00,2.2584876
2025-07-17 16:05:31.986112+00:00,2.2584879
2025-07-17 16:05:44.293504+00:00,2.2584876
2025-07-17 16:05:57.089329+00:00,2.2584875
2025-07-17 16:06:11.609065+00:00,2.258487
2025-07-17 16:06:21.569285+00:00,2.2584878
2025-07-17 16:06:33.934593+00:00,2.2584875
2025-07-17 16:06:46.474195+00:00,2.2584875
2025-07-17 16:07:01.982076+00:00,2.258487
2025-07-17 16:07:11.844484+00:00,2.258487
2025-07-17 16:07:29.621357+00:00,2.2584872
2025-07-17 16:07:36.939859+00:00,2.2584871
2025-07-17 16:07:49.824985+00:00,2.2584873
2025-07-17 16:08:02.312465+00:00,2.2584872
2025-07-17 16:08:15.180194+00:00,2.2584872
2025-07-17 16:08:27.367566+00:00,2.2584871
2025-07-17 16:12:54.701961+00:00,2.2584876
2025-07-17 16:13:07.001903+00:00,2.2584869
2025-07-17 16:13:19.030084+00:00,2.2584873
2025-07-17 16:13:32.319519+00:00,2.2584869
2025-07-17 16:13:44.749797+00:00,2.2584873
2025-07-17 16:13:56.976054+00:00,2.2584878
2025-07-17 16:14:12.200478+00:00,2.2584873
2025-07-17 16:14:21.841191+00:00,2.2584875
2025-07-17 16:14:34.191872+00:00,2.258487
2025-07-17 16:14:46.715194+00:00,2.2584873
2025-07-17 16:14:59.416199+00:00,2.2584876
2025-07-17 16:15:14.610804+00:00,2.2584873
2025-07-17 16:15:26.871533+00:00,2.2584878
2025-07-17 16:15:37.359597+00:00,2.2584877
2025-07-17 16:15:49.839330+00:00,2.2584866
2025-07-17 16:16:02.517050+00:00,2.2584869
2025-07-17 16:16:15.783302+00:00,2.2584877
2025-07-17 16:16:27.739499+00:00,2.2584873
2025-07-17 16:16:40.737706+00:00,2.2584874
2025-07-17 16:16:52.669476+00:00,2.2584877
2025-07-17 16:17:05.939231+00:00,2.2584872
2025-07-17 16:17:18.404059+00:00,2.258487
2025-07-17 16:17:30.540843+00:00,2.2584874
2025-07-17 16:17:43.121414+00:00,2.2584875
2025-07-17 16:17:58.063115+00:00,2.258487
2025-07-17 16:18:13.123129+00:00,2.2584874
2025-07-17 16:18:19.976398+00:00,2.2584874
2025-07-17 16:18:33.558594+00:00,2.258487
2025-07-17 16:18:45.639432+00:00,2.2584874
2025-07-17 16:18:58.715231+00:00,2.258487
2025-07-17 16:19:11.644539+00:00,2.258487
2025-07-17 16:19:26.818336+00:00,2.2584864
2025-07-17 16:19:35.172331+00:00,2.2584866
2025-07-17 16:19:48.293952+00:00,2.2584874
2025-07-17 16:20:01.229208+00:00,2.2584879
2025-07-17 16:20:13.793366+00:00,2.2584872
2025-07-17 16:20:26.770578+00:00,2.2584867
2025-07-17 16:20:40.414042+00:00,2.2584876
2025-07-17 16:20:51.890566+00:00,2.2584871
2025-07-17 16:21:05.053556+00:00,2.258487
2025-07-17 16:21:18.126276+00:00,2.258487
2025-07-17 16:21:31.044251+00:00,2.2584872
2025-07-17 16:21:43.102970+00:00,2.258487
2025-07-17 16:21:55.990008+00:00,2.2584874
2025-07-17 16:22:09.180101+00:00,2.258487
2025-07-17 16:22:21.314049+00:00,2.2584871
2025-07-17 16:22:34.807501+00:00,2.258487
2025-07-17 16:22:48.178843+00:00,2.2584875
2025-07-17 16:23:00.482711+00:00,2.2584879
2025-07-17 16:23:12.675885+00:00,2.258487
2025-07-17 16:23:25.236765+00:00,2.2584873
2025-07-17 16:23:37.676584+00:00,2.2584875
2025-07-17 16:23:51.031036+00:00,2.2584876
2025-07-17 16:24:04.989726+00:00,2.2584871
2025-07-17 16:24:14.861617+00:00,2.2584877
2025-07-17 16:24:28.168982+00:00,2.2584869
2025-07-17 16:24:41.344228+00:00,2.2584872
2025-07-17 16:24:54.436990+00:00,2.2584867
2025-07-17 16:25:06.588723+00:00,2.2584871
2025-07-17 16:25:18.862571+00:00,2.258487
2025-07-17 16:25:31.478283+00:00,2.2584871
2025-07-17 16:25:44.162068+00:00,2.2584869
2025-07-17 16:25:57.113304+00:00,2.2584878
2025-07-17 16:26:11.492318+00:00,2.2584869
2025-07-17 16:26:22.627202+00:00,2.258487
2025-07-17 16:26:35.685478+00:00,2.2584872
2025-07-17 16:26:48.767683+00:00,2.2584875
2025-07-17 16:27:02.477874+00:00,2.2584874
2025-07-17 16:27:13.925791+00:00,2.258487
2025-07-17 16:27:26.406038+00:00,2.2584875
2025-07-17 16:27:39.347121+00:00,2.2584869
2025-07-17 16:27:51.976873+00:00,2.2584877
2025-07-17 16:28:05.741265+00:00,2.2584874
2025-07-17 16:28:18.349690+00:00,2.2584874
2025-07-17 16:28:33.147031+00:00,2.2584876
2025-07-17 16:28:43.291256+00:00,2.2584874
2025-07-17 16:28:57.270444+00:00,2.2584873
2025-07-17 16:29:09.257385+00:00,2.2584871
2025-07-17 16:29:21.323591+00:00,2.2584873
2025-07-17 16:29:34.148349+00:00,2.2584875
2025-07-17 16:29:47.098137+00:00,2.2584877
2025-07-17 16:30:00.946806+00:00,2.2584871
2025-07-17 16:30:12.270848+00:00,2.2584877
2025-07-17 16:30:24.648408+00:00,2.2584872
2025-07-17 16:30:41.277648+00:00,2.2584873
2025-07-17 16:30:49.263687+00:00,2.2584872
2025-07-17 16:31:02.037811+00:00,2.2584869
2025-07-17 16:31:14.489461+00:00,2.2584871
2025-07-17 16:31:26.943790+00:00,2.2584875
2025-07-17 16:31:39.427355+00:00,2.2584871
2025-07-17 16:31:52.071586+00:00,2.2584875
2025-07-17 16:32:04.762026+00:00,2.2584872
2025-07-17 16:32:17.369568+00:00,2.2584867
2025-07-17 16:32:31.385660+00:00,2.2584868
2025-07-17 16:32:43.118480+00:00,2.2584871
2025-07-17 16:32:54.521403+00:00,2.2584876
2025-07-17 16:33:07.203486+00:00,2.2584869
2025-07-17 16:33:19.618191+00:00,2.2584874
2025-07-17 16:33:32.477348+00:00,2.2584865
2025-07-17 16:33:44.305345+00:00,2.2584869
2025-07-17 16:33:57.162780+00:00,2.2584862
2025-07-17 16:34:09.557391+00:00,2.2584874
2025-07-17 16:34:22.360077+00:00,2.2584868
2025-07-17 16:34:34.841128+00:00,2.2584872
2025-07-17 16:34:48.618288+00:00,2.2584864
2025-07-17 16:35:01.980012+00:00,2.2584866
2025-07-17 16:35:13.824309+00:00,2.2584872
2025-07-17 16:35:26.091271+00:00,2.2584868
2025-07-17 16:35:40.880466+00:00,2.2584868
2025-07-17 16:35:51.482622+00:00,2.2584872
2025-07-17 16:36:04.630265+00:00,2.2584865
2025-07-17 16:36:17.587692+00:00,2.258487
2025-07-17 16:36:30.552079+00:00,2.2584866
2025-07-17 16:36:42.289440+00:00,2.258487
2025-07-17 16:36:55.414722+00:00,2.2584874
2025-07-17 16:37:10.762460+00:00,2.2584869
2025-07-17 16:37:21.549503+00:00,2.2584871
2025-07-17 16:37:33.372891+00:00,2.2584872
2025-07-17 16:37:46.684619+00:00,2.2584868
2025-07-17 16:37:58.830519+00:00,2.2584873
2025-07-17 16:38:11.875178+00:00,2.2584866
2025-07-17 16:38:24.857251+00:00,2.2584868
2025-07-17 16:38:36.806036+00:00,2.2584874
2025-07-17 16:38:49.537719+00:00,2.2584869
2025-07-17 16:39:01.732889+00:00,2.2584872
2025-07-17 16:39:13.847466+00:00,2.2584867
2025-07-17 16:39:27.278371+00:00,2.2584875
2025-07-17 16:39:39.678661+00:00,2.2584871
2025-07-17 16:39:51.829750+00:00,2.2584874
2025-07-17 16:40:04.864683+00:00,2.2584868
2025-07-17 16:40:17.935871+00:00,2.2584867
2025-07-17 16:40:30.491224+00:00,2.2584868
2025-07-17 16:40:42.560971+00:00,2.2584873
2025-07-17 16:40:55.669269+00:00,2.2584874
2025-07-17 16:41:09.241035+00:00,2.2584872
2025-07-17 16:41:25.858009+00:00,2.2584871
2025-07-17 16:41:34.425912+00:00,2.2584868
2025-07-17 16:41:46.704095+00:00,2.2584874
2025-07-17 16:41:59.545111+00:00,2.2584874
2025-07-17 16:42:12.564573+00:00,2.2584868
2025-07-17 16:42:24.468931+00:00,2.2584867
2025-07-17 16:42:37.848814+00:00,2.2584876
2025-07-17 16:42:50.524803+00:00,2.2584875
2025-07-17 16:43:02.302560+00:00,2.2584869
2025-07-17 16:43:14.899848+00:00,2.2584878
2025-07-17 16:43:27.226856+00:00,2.2584872
2025-07-17 16:43:40.535931+00:00,2.2584868
2025-07-17 16:43:54.032145+00:00,2.2584875
2025-07-17 16:44:06.351505+00:00,2.2584869
2025-07-17 16:44:20.768837+00:00,2.258487
2025-07-17 16:44:31.307775+00:00,2.2584875
2025-07-17 16:44:44.340382+00:00,2.2584869
2025-07-17 16:44:56.260239+00:00,2.2584879
2025-07-17 16:45:09.826959+00:00,2.2584868
2025-07-17 16:45:21.465931+00:00,2.258487
2025-07-17 16:45:36.796993+00:00,2.2584869
2025-07-17 16:45:46.834947+00:00,2.2584877
2025-07-17 16:45:58.738824+00:00,2.2584869
2025-07-17 16:46:11.680221+00:00,2.2584875
2025-07-17 16:46:23.923074+00:00,2.258487
2025-07-17 16:46:36.770944+00:00,2.2584873
2025-07-17 16:46:49.606657+00:00,2.2584874
2025-07-17 16:47:04.422021+00:00,2.2584877
2025-07-17 16:47:14.743172+00:00,2.2584877
2025-07-17 16:47:27.678321+00:00,2.2584871
2025-07-17 16:47:41.568234+00:00,2.2584873
2025-07-17 16:47:53.619238+00:00,2.2584873
2025-07-17 16:48:06.918267+00:00,2.2584868
2025-07-17 16:48:19.063172+00:00,2.2584874
2025-07-17 16:48:32.534445+00:00,2.2584873
2025-07-17 16:48:45.200372+00:00,2.258487
2025-07-17 16:48:59.290405+00:00,2.258487
2025-07-17 16:49:10.392423+00:00,2.2584867
2025-07-17 16:49:22.533939+00:00,2.2584875
2025-07-17 16:49:35.228870+00:00,2.258488
2025-07-17 16:49:48.237090+00:00,2.2584877
2025-07-17 16:50:01.012976+00:00,2.2584875
2025-07-17 16:50:13.825679+00:00,2.2584875
2025-07-17 16:50:26.685453+00:00,2.2584876
2025-07-17 16:50:38.558501+00:00,2.258487
2025-07-17 16:50:51.099333+00:00,2.2584874
2025-07-17 16:51:03.490666+00:00,2.2584877
2025-07-17 16:51:17.984313+00:00,2.2584872
2025-07-17 16:51:28.143808+00:00,2.2584868
2025-07-17 16:51:40.773336+00:00,2.2584875
2025-07-17 16:51:53.837378+00:00,2.2584874
2025-07-17 16:52:06.505227+00:00,2.2584872
2025-07-17 16:52:18.895649+00:00,2.2584873
2025-07-17 16:52:31.722054+00:00,2.2584877
2025-07-17 16:52:44.380683+00:00,2.258488
2025-07-17 16:52:57.322904+00:00,2.2584869
2025-07-17 16:53:11.670131+00:00,2.2584874
2025-07-17 16:53:22.097985+00:00,2.2584869
2025-07-17 16:53:35.113379+00:00,2.2584877
2025-07-17 16:53:48.337776+00:00,2.2584873
2025-07-17 16:54:17.898461+00:00,2.258487
2025-07-17 16:54:26.605207+00:00,2.2584877
2025-07-17 16:54:38.224563+00:00,2.2584876
2025-07-17 16:54:51.198957+00:00,2.2584871
2025-07-17 16:55:03.499389+00:00,2.2584871
2025-07-17 16:55:15.747836+00:00,2.2584873
2025-07-17 16:55:34.266987+00:00,2.2584871
2025-07-17 16:55:41.859484+00:00,2.2584873
2025-07-17 16:55:52.738819+00:00,2.2584878
2025-07-17 16:56:09.229207+00:00,2.2584871
2025-07-17 16:56:18.510498+00:00,2.258487
2025-07-17 16:56:30.523338+00:00,2.2584867
2025-07-17 16:56:43.520870+00:00,2.2584875
2025-07-17 16:56:55.275866+00:00,2.2584873
2025-07-17 16:57:07.965279+00:00,2.2584873
2025-07-17 16:57:20.298352+00:00,2.2584877
2025-07-17 16:57:33.526947+00:00,2.2584869
2025-07-17 16:57:46.393796+00:00,2.2584873
2025-07-17 16:57:58.215067+00:00,2.2584869
2025-07-17 16:58:11.294000+00:00,2.2584872
2025-07-17 16:58:23.346160+00:00,2.2584872
2025-07-17 16:58:35.757877+00:00,2.2584875
2025-07-17 16:58:48.415579+00:00,2.2584872
2025-07-17 16:59:01.520416+00:00,2.2584877
2025-07-17 16:59:14.437071+00:00,2.2584872
2025-07-17 16:59:28.006022+00:00,2.2584877
2025-07-17 16:59:39.849779+00:00,2.2584871
2025-07-17 16:59:52.396977+00:00,2.2584869
2025-07-17 17:00:05.862311+00:00,2.2584874
2025-07-17 17:00:18.070395+00:00,2.2584874
2025-07-17 17:00:30.967665+00:00,2.2584872
2025-07-17 17:00:43.388538+00:00,2.2584871
2025-07-17 17:00:55.952546+00:00,2.2584876
2025-07-17 17:01:11.216995+00:00,2.258487
2025-07-17 17:01:21.894250+00:00,2.2584872
2025-07-17 17:01:34.559628+00:00,2.2584875
2025-07-17 17:01:47.100124+00:00,2.258487
2025-07-17 17:01:59.718653+00:00,2.2584872
2025-07-17 17:02:12.367330+00:00,2.2584877
2025-07-17 17:02:25.894801+00:00,2.2584879
2025-07-17 17:02:38.350035+00:00,2.258487
2025-07-17 17:02:50.041404+00:00,2.2584869
2025-07-17 17:03:06.216145+00:00,2.2584874
2025-07-17 17:03:14.982482+00:00,2.2584878
2025-07-17 17:03:28.327103+00:00,2.2584873
2025-07-17 17:03:40.384403+00:00,2.2584874
2025-07-17 17:03:53.824411+00:00,2.2584872
2025-07-17 17:04:07.001335+00:00,2.2584875
2025-07-17 17:04:19.509220+00:00,2.2584874
2025-07-17 17:04:31.621777+00:00,2.2584875
2025-07-17 17:04:44.248793+00:00,2.258488
2025-07-17 17:04:56.567004+00:00,2.2584869
2025-07-17 17:05:09.412709+00:00,2.2584879
2025-07-17 17:05:22.281473+00:00,2.2584876
2025-07-17 17:05:34.503385+00:00,2.258488
2025-07-17 17:05:46.954499+00:00,2.2584875
2025-07-17 17:05:59.305853+00:00,2.2584868
2025-07-17 17:06:13.798006+00:00,2.2584868
2025-07-17 17:06:24.714356+00:00,2.2584871
2025-07-17 17:06:37.884172+00:00,2.2584874
2025-07-17 17:06:49.939947+00:00,2.2584878
2025-07-17 17:07:03.487075+00:00,2.2584874
2025-07-17 17:07:15.570822+00:00,2.258488
2025-07-17 17:07:28.205210+00:00,2.2584875
2025-07-17 17:07:40.371997+00:00,2.2584873
2025-07-17 17:07:52.954652+00:00,2.2584872
2025-07-17 17:08:06.366031+00:00,2.2584865
2025-07-17 17:08:18.467205+00:00,2.258487
2025-07-17 17:08:30.855957+00:00,2.2584876
2025-07-17 17:08:46.888385+00:00,2.2584874
2025-07-17 17:09:01.003964+00:00,2.2584875
2025-07-17 17:09:08.997367+00:00,2.2584878
2025-07-17 17:09:22.161014+00:00,2.2584875
2025-07-17 17:09:34.010079+00:00,2.2584877
2025-07-17 17:09:46.770067+00:00,2.2584869
2025-07-17 17:09:59.526113+00:00,2.2584875
2025-07-17 17:10:12.662999+00:00,2.2584877
2025-07-17 17:10:25.369687+00:00,2.2584877
2025-07-17 17:10:38.132683+00:00,2.2584864
2025-07-17 17:10:50.716521+00:00,2.2584877
2025-07-17 17:11:03.501940+00:00,2.2584875
2025-07-17 17:11:17.132684+00:00,2.2584872
2025-07-17 17:11:29.200568+00:00,2.2584877
2025-07-17 17:11:41.905733+00:00,2.2584871
2025-07-17 17:11:55.007419+00:00,2.2584867
2025-07-17 17:12:08.031504+00:00,2.2584867
2025-07-17 17:12:20.788714+00:00,2.2584874
2025-07-17 17:12:34.313497+00:00,2.258487
2025-07-17 17:12:46.404659+00:00,2.2584869
2025-07-17 17:12:58.639836+00:00,2.2584876
2025-07-17 17:13:12.329749+00:00,2.2584872
2025-07-17 17:13:23.968852+00:00,2.2584871
2025-07-17 17:13:36.281313+00:00,2.2584873
2025-07-17 17:13:50.891594+00:00,2.2584865
2025-07-17 17:14:03.680273+00:00,2.2584874
2025-07-17 17:14:13.871243+00:00,2.258487
2025-07-17 17:14:27.138677+00:00,2.2584872
2025-07-17 17:14:38.933859+00:00,2.2584876
2025-07-17 17:14:52.338336+00:00,2.2584871
2025-07-17 17:15:04.396453+00:00,2.2584876
2025-07-17 17:15:17.258068+00:00,2.2584873
2025-07-17 17:15:30.462039+00:00,2.2584876
2025-07-17 17:15:42.512729+00:00,2.2584873
2025-07-17 17:15:55.769021+00:00,2.2584874
2025-07-17 17:16:08.034924+00:00,2.2584877
2025-07-17 17:16:19.598181+00:00,2.2584872
2025-07-17 17:16:32.428153+00:00,2.258487
2025-07-17 17:16:44.915094+00:00,2.2584875
2025-07-17 17:16:57.301926+00:00,2.2584878
2025-07-17 17:17:09.526438+00:00,2.2584869
2025-07-17 17:17:21.845112+00:00,2.2584874
2025-07-17 17:17:34.516723+00:00,2.2584868
2025-07-17 17:17:47.099094+00:00,2.2584874
2025-07-17 17:17:59.934035+00:00,2.2584878
2025-07-17 17:18:12.527283+00:00,2.2584869
2025-07-17 17:18:24.207715+00:00,2.2584873
2025-07-17 17:18:36.479202+00:00,2.258487
2025-07-17 17:18:49.365504+00:00,2.2584872
2025-07-17 17:19:03.086059+00:00,2.2584877
2025-07-17 17:19:14.267357+00:00,2.2584869
2025-07-17 17:19:26.866209+00:00,2.2584875
2025-07-17 17:19:38.876905+00:00,2.2584872
2025-07-17 17:19:51.409071+00:00,2.2584874
2025-07-17 17:20:04.854001+00:00,2.2584873
2025-07-17 17:20:17.491502+00:00,2.2584868
2025-07-17 17:20:32.790426+00:00,2.258487
2025-07-17 17:20:42.891425+00:00,2.2584872
2025-07-17 17:20:55.913061+00:00,2.2584871
2025-07-17 17:21:09.062165+00:00,2.2584867
2025-07-17 17:21:21.487630+00:00,2.2584869
2025-07-17 17:21:34.545895+00:00,2.2584871
2025-07-17 17:21:48.119795+00:00,2.2584878
2025-07-17 17:22:00.252551+00:00,2.2584876
2025-07-17 17:22:12.736224+00:00,2.2584868
2025-07-17 17:22:25.768267+00:00,2.2584869
2025-07-17 17:22:39.499587+00:00,2.2584873
2025-07-17 17:22:50.911455+00:00,2.2584875
2025-07-17 17:23:03.723729+00:00,2.2584875
2025-07-17 17:23:17.709082+00:00,2.2584875
2025-07-17 17:23:29.557048+00:00,2.2584871
2025-07-17 17:23:41.360766+00:00,2.2584869
2025-07-17 17:23:54.082734+00:00,2.2584872
2025-07-17 17:24:06.851773+00:00,2.2584871
2025-07-17 17:24:19.691680+00:00,2.2584871
2025-07-17 17:24:31.692741+00:00,2.2584869
2025-07-17 17:24:43.693712+00:00,2.2584873
2025-07-17 17:25:01.954850+00:00,2.2584876
2025-07-17 17:25:09.283128+00:00,2.2584874
2025-07-17 17:25:22.891341+00:00,2.2584871
2025-07-17 17:25:34.538301+00:00,2.2584871
2025-07-17 17:25:47.140583+00:00,2.2584879
2025-07-17 17:25:59.474318+00:00,2.2584871
2025-07-17 17:26:11.943464+00:00,2.2584871
2025-07-17 17:26:25.172780+00:00,2.2584869
2025-07-17 17:26:38.439951+00:00,2.258487
2025-07-17 17:26:49.762196+00:00,2.2584867
2025-07-17 17:27:02.828652+00:00,2.258487
2025-07-17 17:27:15.338457+00:00,2.258487
2025-07-17 17:27:28.046345+00:00,2.2584869
2025-07-17 17:27:42.189275+00:00,2.2584867
2025-07-17 17:27:54.123695+00:00,2.2584873
2025-07-17 17:28:06.176044+00:00,2.2584874
2025-07-17 17:28:19.496225+00:00,2.2584873
2025-07-17 17:28:30.993027+00:00,2.2584876
2025-07-17 17:28:43.419902+00:00,2.2584879
2025-07-17 17:28:56.115504+00:00,2.2584871
2025-07-17 17:29:08.869742+00:00,2.2584873
2025-07-17 17:29:21.173145+00:00,2.2584867
2025-07-17 17:29:35.826921+00:00,2.2584876
2025-07-17 17:29:47.125738+00:00,2.2584873
2025-07-17 17:29:59.759829+00:00,2.2584872
2025-07-17 17:30:12.645164+00:00,2.2584872
2025-07-17 17:30:25.171784+00:00,2.2584873
2025-07-17 17:30:37.929482+00:00,2.2584876
2025-07-17 17:30:50.704971+00:00,2.2584876
2025-07-17 17:31:04.046408+00:00,2.2584872
2025-07-17 17:31:16.245628+00:00,2.2584871
2025-07-17 17:31:28.648042+00:00,2.2584874
2025-07-17 17:31:43.566278+00:00,2.2584875
2025-07-17 17:31:54.381231+00:00,2.2584874
2025-07-17 17:32:09.864443+00:00,2.2584874
2025-07-17 17:32:20.946547+00:00,2.2584879
2025-07-17 17:32:33.789910+00:00,2.2584872
2025-07-17 17:32:49.578498+00:00,2.2584876
2025-07-17 17:32:59.057092+00:00,2.2584872
2025-07-17 17:33:13.724454+00:00,2.2584874
2025-07-17 17:33:23.631103+00:00,2.2584874
2025-07-17 17:33:35.642115+00:00,2.2584879
2025-07-17 17:33:48.405588+00:00,2.2584872
2025-07-17 17:34:00.848869+00:00,2.2584873
2025-07-17 17:34:13.012583+00:00,2.2584871
2025-07-17 17:34:25.627867+00:00,2.2584874
2025-07-17 17:34:37.737848+00:00,2.2584872
2025-07-17 17:34:50.420063+00:00,2.258487
2025-07-17 17:35:03.181423+00:00,2.258487
2025-07-17 17:35:16.668516+00:00,2.2584872
2025-07-17 17:35:28.173398+00:00,2.2584878
2025-07-17 17:35:40.576522+00:00,2.2584875
2025-07-17 17:35:52.863292+00:00,2.2584871
2025-07-17 17:36:06.284807+00:00,2.2584872
2025-07-17 17:36:18.630107+00:00,2.2584875
2025-07-17 17:36:30.901385+00:00,2.2584875
2025-07-17 17:36:46.819200+00:00,2.2584868
2025-07-17 17:36:55.920910+00:00,2.2584879
2025-07-17 17:37:08.734372+00:00,2.2584869
2025-07-17 17:37:21.441425+00:00,2.2584874
2025-07-17 17:37:34.361205+00:00,2.2584874
2025-07-17 17:37:46.375196+00:00,2.2584873
2025-07-17 17:37:58.642029+00:00,2.2584868
2025-07-17 17:38:11.350805+00:00,2.2584872
2025-07-17 17:38:24.449332+00:00,2.2584875
2025-07-17 17:38:39.735954+00:00,2.2584878
2025-07-17 17:38:49.073880+00:00,2.2584871
2025-07-17 17:39:02.107055+00:00,2.2584874
2025-07-17 17:39:13.797909+00:00,2.2584876
2025-07-17 17:39:26.689448+00:00,2.2584871
2025-07-17 17:39:39.098001+00:00,2.258488
2025-07-17 17:39:51.588852+00:00,2.2584875
2025-07-17 17:40:05.838126+00:00,2.2584878
2025-07-17 17:40:17.480083+00:00,2.2584873
2025-07-17 17:40:30.189951+00:00,2.2584877
2025-07-17 17:40:41.496770+00:00,2.2584872
2025-07-17 17:40:54.080237+00:00,2.2584873
2025-07-17 17:41:06.947700+00:00,2.2584875
2025-07-17 17:41:19.784051+00:00,2.2584871
2025-07-17 17:41:32.038123+00:00,2.2584872
2025-07-17 17:41:44.660277+00:00,2.2584877
2025-07-17 17:41:57.752039+00:00,2.2584872
2025-07-17 17:42:10.883859+00:00,2.2584873
2025-07-17 17:42:22.862273+00:00,2.2584877
2025-07-17 17:42:35.665593+00:00,2.2584872
2025-07-17 17:42:48.760362+00:00,2.2584875
2025-07-17 17:43:02.317635+00:00,2.2584873
2025-07-17 17:43:14.032122+00:00,2.2584869
2025-07-17 17:43:26.500097+00:00,2.2584875
2025-07-17 17:43:39.241416+00:00,2.2584871
2025-07-17 17:43:53.027049+00:00,2.2584873
2025-07-17 17:44:05.294729+00:00,2.258487
2025-07-17 17:44:19.216167+00:00,2.2584871
2025-07-17 17:44:30.125731+00:00,2.2584874
2025-07-17 17:44:42.580650+00:00,2.2584873
2025-07-17 17:44:55.781043+00:00,2.2584873
2025-07-17 17:45:18.199400+00:00,2.2584872
2025-07-17 17:45:20.606087+00:00,2.2584875
2025-07-17 17:45:33.201705+00:00,2.2584873
2025-07-17 17:45:45.703595+00:00,2.2584875
2025-07-17 17:45:57.540015+00:00,2.2584877
2025-07-17 17:46:11.031238+00:00,2.2584873
2025-07-17 17:46:22.607505+00:00,2.2584874
2025-07-17 17:46:35.537472+00:00,2.2584878
2025-07-17 17:46:48.252808+00:00,2.2584873
2025-07-17 17:47:00.803520+00:00,2.258487
2025-07-17 17:47:13.935050+00:00,2.2584871
2025-07-17 17:47:25.863165+00:00,2.2584878
2025-07-17 17:47:38.303277+00:00,2.2584871
2025-07-17 17:47:51.227598+00:00,2.2584874
2025-07-17 17:48:04.751724+00:00,2.2584874
2025-07-17 17:48:17.593275+00:00,2.2584875
2025-07-17 17:48:29.789697+00:00,2.258487
2025-07-17 17:48:41.951952+00:00,2.2584872
2025-07-17 17:48:54.662644+00:00,2.2584877
2025-07-17 17:49:07.324686+00:00,2.2584876
2025-07-17 17:49:20.370112+00:00,2.2584877
2025-07-17 17:49:31.949430+00:00,2.2584875
2025-07-17 17:49:44.274233+00:00,2.2584874
2025-07-17 17:49:58.317221+00:00,2.2584873
2025-07-17 17:50:09.307349+00:00,2.2584873
2025-07-17 17:50:22.786410+00:00,2.258487
2025-07-17 17:50:34.629914+00:00,2.2584876
2025-07-17 17:50:47.040320+00:00,2.2584872
2025-07-17 17:50:59.589667+00:00,2.2584878
2025-07-17 17:51:12.798564+00:00,2.2584873
2025-07-17 17:51:25.014795+00:00,2.2584871
2025-07-17 17:51:39.940114+00:00,2.2584876
2025-07-17 17:51:50.871984+00:00,2.2584869
2025-07-17 17:52:03.996563+00:00,2.258487
2025-07-17 17:52:16.662725+00:00,2.2584871
2025-07-17 17:52:29.078320+00:00,2.258487
2025-07-17 17:52:41.788591+00:00,2.2584872
2025-07-17 17:52:54.550448+00:00,2.2584871
2025-07-17 17:53:07.801469+00:00,2.2584875
2025-07-17 17:53:19.871248+00:00,2.2584872
2025-07-17 17:53:32.938531+00:00,2.2584871
2025-07-17 17:53:45.223125+00:00,2.2584874
2025-07-17 17:53:57.962779+00:00,2.2584876
2025-07-17 17:54:10.987442+00:00,2.2584879
2025-07-17 17:54:23.269375+00:00,2.2584875
2025-07-17 17:54:38.199299+00:00,2.2584868
2025-07-17 17:54:48.817112+00:00,2.258487
2025-07-17 17:55:01.731960+00:00,2.2584874
2025-07-17 17:55:15.169708+00:00,2.258487
2025-07-17 17:55:30.906272+00:00,2.2584872
2025-07-17 17:55:41.564842+00:00,2.2584878
2025-07-17 17:55:52.700082+00:00,2.2584873
2025-07-17 17:56:04.259841+00:00,2.2584872
2025-07-17 17:56:18.414504+00:00,2.2584875
2025-07-17 17:56:28.839414+00:00,2.2584871
2025-07-17 17:56:41.536402+00:00,2.2584872
2025-07-17 17:56:53.984188+00:00,2.2584873
2025-07-17 17:57:11.216782+00:00,2.2584872
2025-07-17 17:57:18.902584+00:00,2.2584873
2025-07-17 17:57:32.060965+00:00,2.2584874
2025-07-17 17:57:43.948948+00:00,2.2584874
2025-07-17 17:57:56.634011+00:00,2.2584868
2025-07-17 17:58:09.758040+00:00,2.2584872
2025-07-17 17:58:22.229042+00:00,2.2584874
2025-07-17 17:58:34.737143+00:00,2.2584871
2025-07-17 17:58:47.872879+00:00,2.2584876
2025-07-17 17:58:59.936330+00:00,2.2584872
2025-07-17 17:59:12.548376+00:00,2.2584872
2025-07-17 17:59:25.983458+00:00,2.2584868
2025-07-17 17:59:37.809528+00:00,2.2584874
2025-07-17 17:59:50.561338+00:00,2.2584879
2025-07-17 18:00:03.432419+00:00,2.2584874
2025-07-17 18:00:15.808454+00:00,2.2584879
2025-07-17 18:00:29.469828+00:00,2.2584871
2025-07-17 18:00:41.958216+00:00,2.2584871
2025-07-17 18:00:53.852969+00:00,2.2584875
2025-07-17 18:01:07.064288+00:00,2.2584877
2025-07-17 18:01:20.795129+00:00,2.2584873
2025-07-17 18:01:33.676506+00:00,2.2584867
2025-07-17 18:01:48.431063+00:00,2.2584868
2025-07-17 18:01:58.569724+00:00,2.258487
2025-07-17 18:02:11.319123+00:00,2.2584869
2025-07-17 18:02:23.736443+00:00,2.2584865
2025-07-17 18:02:36.620870+00:00,2.2584871
2025-07-17 18:02:52.506659+00:00,2.2584877
2025-07-17 18:03:01.703456+00:00,2.2584869
2025-07-17 18:03:14.317511+00:00,2.2584875
2025-07-17 18:03:26.264234+00:00,2.2584871
2025-07-17 18:03:38.987303+00:00,2.2584872
2025-07-17 18:03:51.595092+00:00,2.2584876
2025-07-17 18:04:04.211918+00:00,2.2584873
2025-07-17 18:04:17.268848+00:00,2.2584872
2025-07-17 18:04:31.027051+00:00,2.2584876
2025-07-17 18:04:42.437535+00:00,2.2584877
2025-07-17 18:04:56.333866+00:00,2.2584875
2025-07-17 18:05:11.658461+00:00,2.2584876
2025-07-17 18:05:21.251579+00:00,2.2584875
2025-07-17 18:05:39.665959+00:00,2.2584879
2025-07-17 18:05:51.840827+00:00,2.2584869
2025-07-17 18:05:59.208786+00:00,2.2584877
2025-07-17 18:06:12.987768+00:00,2.2584869
2025-07-17 18:06:25.006102+00:00,2.2584872
2025-07-17 18:06:37.167931+00:00,2.258487
2025-07-17 18:06:49.389598+00:00,2.2584876
2025-07-17 18:07:02.289913+00:00,2.258488
2025-07-17 18:07:14.981742+00:00,2.2584873
2025-07-17 18:07:27.022511+00:00,2.2584873
2025-07-17 18:07:40.873281+00:00,2.2584872
2025-07-17 18:07:52.063431+00:00,2.2584869
2025-07-17 18:08:08.354475+00:00,2.2584874
2025-07-17 18:08:17.561448+00:00,2.2584877
2025-07-17 18:08:29.657970+00:00,2.2584875
2025-07-17 18:08:41.752949+00:00,2.2584873
2025-07-17 18:08:54.318370+00:00,2.2584873
2025-07-17 18:09:10.177355+00:00,2.2584872
2025-07-17 18:09:20.352811+00:00,2.2584878
2025-07-17 18:09:33.222777+00:00,2.2584877
2025-07-17 18:09:46.747483+00:00,2.2584872
2025-07-17 18:09:58.118656+00:00,2.2584869
2025-07-17 18:10:10.715721+00:00,2.2584871
2025-07-17 18:10:22.937446+00:00,2.2584874
2025-07-17 18:10:40.642507+00:00,2.2584874
2025-07-17 18:10:47.919398+00:00,2.2584872
2025-07-17 18:11:00.493648+00:00,2.2584877
2025-07-17 18:11:12.929219+00:00,2.2584877
2025-07-17 18:11:25.962637+00:00,2.2584872
2025-07-17 18:11:38.348268+00:00,2.2584877
2025-07-17 18:11:50.500896+00:00,2.2584878
2025-07-17 18:12:03.292114+00:00,2.258487
2025-07-17 18:12:15.971708+00:00,2.2584878
2025-07-17 18:12:28.754134+00:00,2.2584878
2025-07-17 18:12:41.219191+00:00,2.2584875
2025-07-17 18:12:55.758301+00:00,2.2584874
2025-07-17 18:13:07.166078+00:00,2.258487
2025-07-17 18:13:20.934046+00:00,2.2584873
2025-07-17 18:13:33.882974+00:00,2.2584879
2025-07-17 18:13:45.229068+00:00,2.258487
2025-07-17 18:13:58.023561+00:00,2.2584879
2025-07-17 18:14:10.402304+00:00,2.2584871
2025-07-17 18:14:23.368544+00:00,2.2584873
2025-07-17 18:14:35.984803+00:00,2.2584878
2025-07-17 18:14:49.509944+00:00,2.2584872
2025-07-17 18:15:03.513093+00:00,2.2584876
2025-07-17 18:15:14.953458+00:00,2.2584876
2025-07-17 18:15:27.235353+00:00,2.2584873
2025-07-17 18:15:39.836127+00:00,2.2584877
2025-07-17 18:15:52.487896+00:00,2.2584876
2025-07-17 18:16:05.419921+00:00,2.2584875
2025-07-17 18:16:19.271534+00:00,2.2584871
2025-07-17 18:16:30.217304+00:00,2.2584871
2025-07-17 18:16:43.689045+00:00,2.2584876
2025-07-17 18:16:55.420118+00:00,2.2584869
2025-07-17 18:17:09.409865+00:00,2.2584873
2025-07-17 18:17:19.702121+00:00,2.258487
2025-07-17 18:17:32.711122+00:00,2.2584878
2025-07-17 18:17:47.099021+00:00,2.2584876
2025-07-17 18:17:58.134048+00:00,2.2584879
2025-07-17 18:18:11.966447+00:00,2.2584875
2025-07-17 18:18:25.055594+00:00,2.2584872
2025-07-17 18:18:38.733862+00:00,2.2584876
2025-07-17 18:18:49.940431+00:00,2.2584877
2025-07-17 18:19:04.651268+00:00,2.2584873
2025-07-17 18:19:16.889737+00:00,2.2584874
2025-07-17 18:19:28.623219+00:00,2.2584873
2025-07-17 18:19:54.254165+00:00,2.2584877
2025-07-17 18:20:07.546356+00:00,2.2584873
2025-07-17 18:20:20.494507+00:00,2.2584873
2025-07-17 18:20:33.319436+00:00,2.2584878
2025-07-17 18:20:45.252539+00:00,2.2584879
2025-07-17 18:21:05.392793+00:00,2.2584872
2025-07-17 18:21:10.654746+00:00,2.2584869
2025-07-17 18:21:23.113020+00:00,2.2584872
2025-07-17 18:21:36.196944+00:00,2.2584877
2025-07-17 18:21:50.011592+00:00,2.2584877
2025-07-17 18:22:03.226839+00:00,2.2584879
2025-07-17 18:22:17.124789+00:00,2.2584873
2025-07-17 18:22:27.358105+00:00,2.2584876
2025-07-17 18:22:39.835893+00:00,2.2584874
2025-07-17 18:22:52.343363+00:00,2.2584869
2025-07-17 18:23:05.837585+00:00,2.2584872
2025-07-17 18:23:18.418487+00:00,2.2584877
2025-07-17 18:23:31.524373+00:00,2.2584875
2025-07-17 18:23:46.239215+00:00,2.2584874
2025-07-17 18:23:57.136968+00:00,2.2584871
2025-07-17 18:24:09.822065+00:00,2.2584876
2025-07-17 18:24:22.407166+00:00,2.2584874
2025-07-17 18:24:36.063484+00:00,2.2584873
2025-07-17 18:24:48.666693+00:00,2.2584876
2025-07-17 18:25:05.874486+00:00,2.2584874
2025-07-17 18:25:13.283748+00:00,2.2584877
2025-07-17 18:25:25.810794+00:00,2.2584875
2025-07-17 18:25:38.037964+00:00,2.2584877
2025-07-17 18:25:50.106911+00:00,2.2584874
2025-07-17 18:26:02.955650+00:00,2.2584873
2025-07-17 18:26:18.636043+00:00,2.2584875
2025-07-17 18:26:28.096302+00:00,2.2584881
2025-07-17 18:26:44.286130+00:00,2.2584872
2025-07-17 18:26:55.406426+00:00,2.2584875
2025-07-17 18:27:06.919541+00:00,2.2584869
2025-07-17 18:27:18.488251+00:00,2.2584872
2025-07-17 18:27:31.768485+00:00,2.2584871
2025-07-17 18:27:43.668515+00:00,2.2584874
2025-07-17 18:27:59.278998+00:00,2.2584873
2025-07-17 18:28:08.742509+00:00,2.2584873
2025-07-17 18:28:21.344455+00:00,2.2584875
2025-07-17 18:28:33.648251+00:00,2.2584875
2025-07-17 18:28:47.703998+00:00,2.2584871
2025-07-17 18:28:58.151546+00:00,2.2584873
2025-07-17 18:29:10.685635+00:00,2.2584871
2025-07-17 18:29:23.728562+00:00,2.2584872
2025-07-17 18:29:35.913074+00:00,2.2584874
2025-07-17 18:29:54.623033+00:00,2.258487
2025-07-17 18:30:01.833952+00:00,2.2584875
2025-07-17 18:30:14.745543+00:00,2.2584871
2025-07-17 18:30:27.666340+00:00,2.2584875
2025-07-17 18:30:40.177220+00:00,2.2584867
2025-07-17 18:30:53.337099+00:00,2.2584871
2025-07-17 18:31:06.202310+00:00,2.2584871
2025-07-17 18:31:18.724677+00:00,2.2584872
2025-07-17 18:31:31.158210+00:00,2.2584869
2025-07-17 18:31:43.864011+00:00,2.2584869
2025-07-17 18:31:57.270421+00:00,2.2584868
2025-07-17 18:32:09.532414+00:00,2.2584879
2025-07-17 18:32:22.790635+00:00,2.2584878
2025-07-17 18:32:34.831291+00:00,2.2584872
2025-07-17 18:32:47.913757+00:00,2.2584874
2025-07-17 18:33:00.800152+00:00,2.2584875
2025-07-17 18:33:12.849705+00:00,2.2584873
2025-07-17 18:33:25.685432+00:00,2.2584879
2025-07-17 18:33:37.739353+00:00,2.2584872
2025-07-17 18:33:50.061250+00:00,2.258487
2025-07-17 18:34:03.249514+00:00,2.258487
2025-07-17 18:34:15.903179+00:00,2.2584876
2025-07-17 18:34:27.261666+00:00,2.258487
2025-07-17 18:34:40.025787+00:00,2.2584877
2025-07-17 18:34:52.761754+00:00,2.2584875
2025-07-17 18:35:06.641903+00:00,2.2584877
2025-07-17 18:35:18.338314+00:00,2.2584872
2025-07-17 18:35:32.663203+00:00,2.2584878
2025-07-17 18:35:46.635941+00:00,2.2584876
2025-07-17 18:35:57.060781+00:00,2.2584875
2025-07-17 18:36:10.494780+00:00,2.2584871
2025-07-17 18:36:22.453362+00:00,2.258487
2025-07-17 18:36:35.469445+00:00,2.2584878
2025-07-17 18:36:48.439262+00:00,2.2584875
2025-07-17 18:37:02.150356+00:00,2.2584876
2025-07-17 18:37:13.809097+00:00,2.2584877
2025-07-17 18:37:26.197051+00:00,2.2584877
2025-07-17 18:37:39.004983+00:00,2.258487
2025-07-17 18:37:52.247642+00:00,2.2584873
2025-07-17 18:38:05.783658+00:00,2.2584876
2025-07-17 18:38:18.199985+00:00,2.2584873
2025-07-17 18:38:30.174904+00:00,2.2584875
2025-07-17 18:38:41.823249+00:00,2.258487
2025-07-17 18:38:57.589512+00:00,2.2584877
2025-07-17 18:39:07.748496+00:00,2.2584869
2025-07-17 18:39:19.891385+00:00,2.2584874
2025-07-17 18:39:32.590786+00:00,2.2584872
2025-07-17 18:39:44.546284+00:00,2.2584877
2025-07-17 18:39:57.457976+00:00,2.2584867
2025-07-17 18:40:09.935574+00:00,2.2584877
2025-07-17 18:40:22.562964+00:00,2.2584874
2025-07-17 18:40:35.163078+00:00,2.2584879
2025-07-17 18:40:48.404137+00:00,2.2584878
2025-07-17 18:41:12.777359+00:00,2.2584875
2025-07-17 18:41:30.328308+00:00,2.2584871
2025-07-17 18:41:39.373531+00:00,2.2584872
2025-07-17 18:41:50.342938+00:00,2.2584875
2025-07-17 18:42:03.026144+00:00,2.2584871
2025-07-17 18:42:14.807107+00:00,2.2584872
2025-07-17 18:42:28.610191+00:00,2.2584879
2025-07-17 18:42:41.522564+00:00,2.2584876
2025-07-17 18:42:52.575951+00:00,2.2584874
2025-07-17 18:43:05.170530+00:00,2.2584875
2025-07-17 18:43:17.610752+00:00,2.2584875
2025-07-17 18:43:29.712212+00:00,2.2584873
2025-07-17 18:43:42.798140+00:00,2.2584877
2025-07-17 18:43:57.225357+00:00,2.2584868
2025-07-17 18:44:08.275013+00:00,2.2584878
2025-07-17 18:44:21.285849+00:00,2.2584873
2025-07-17 18:44:33.641140+00:00,2.2584873
2025-07-17 18:44:46.856688+00:00,2.2584872
2025-07-17 18:44:59.107904+00:00,2.2584875
2025-07-17 18:45:12.320717+00:00,2.2584875
2025-07-17 18:45:25.743435+00:00,2.258487
2025-07-17 18:45:37.456440+00:00,2.2584876
2025-07-17 18:45:50.027777+00:00,2.2584875
2025-07-17 18:46:03.512700+00:00,2.2584876
2025-07-17 18:46:15.654740+00:00,2.2584874
2025-07-17 18:46:27.906318+00:00,2.2584869
2025-07-17 18:46:40.881939+00:00,2.2584879
2025-07-17 18:46:53.635118+00:00,2.2584876
2025-07-17 18:47:06.199665+00:00,2.2584873
2025-07-17 18:47:18.735050+00:00,2.2584877
2025-07-17 18:47:31.194942+00:00,2.2584875
2025-07-17 18:47:43.521316+00:00,2.2584875
2025-07-17 18:47:55.374484+00:00,2.2584875
2025-07-17 18:48:08.063298+00:00,2.2584876
2025-07-17 18:48:20.754407+00:00,2.2584875
2025-07-17 18:48:33.341725+00:00,2.2584877
2025-07-17 18:48:48.695334+00:00,2.2584869
2025-07-17 18:49:00.218653+00:00,2.2584872
2025-07-17 18:49:11.001841+00:00,2.2584872
2025-07-17 18:49:23.513738+00:00,2.2584879
2025-07-17 18:49:37.053193+00:00,2.258487
2025-07-17 18:49:48.810919+00:00,2.258488
2025-07-17 18:50:03.799101+00:00,2.2584871
2025-07-17 18:50:15.054265+00:00,2.2584871
2025-07-17 18:50:28.899321+00:00,2.2584879
2025-07-17 18:50:39.650750+00:00,2.2584876
2025-07-17 18:50:52.314187+00:00,2.2584872
2025-07-17 18:51:06.999552+00:00,2.2584878
2025-07-17 18:51:19.539674+00:00,2.2584875
2025-07-17 18:51:30.923938+00:00,2.258487
2025-07-17 18:51:43.545282+00:00,2.258487
2025-07-17 18:51:55.795444+00:00,2.2584872
2025-07-17 18:52:08.537176+00:00,2.258487
2025-07-17 18:52:21.881453+00:00,2.2584873
2025-07-17 18:52:33.345939+00:00,2.2584876
2025-07-17 18:52:46.272891+00:00,2.2584879
2025-07-17 18:52:58.136704+00:00,2.2584879
2025-07-17 18:53:11.537238+00:00,2.2584877
2025-07-17 18:53:23.830823+00:00,2.2584878
2025-07-17 18:53:36.283676+00:00,2.2584879
2025-07-17 18:53:49.198695+00:00,2.2584868
2025-07-17 18:54:01.962060+00:00,2.2584874
2025-07-17 18:54:14.220073+00:00,2.2584874
2025-07-17 18:54:27.386362+00:00,2.2584876
2025-07-17 18:54:40.069875+00:00,2.258487
2025-07-17 18:54:53.209074+00:00,2.2584874
2025-07-17 18:55:05.574789+00:00,2.2584879
2025-07-17 18:55:18.417781+00:00,2.2584873
2025-07-17 18:55:30.983867+00:00,2.2584874
2025-07-17 18:55:41.985442+00:00,2.2584873
2025-07-17 18:55:54.988304+00:00,2.2584879
2025-07-17 18:56:07.823102+00:00,2.258488
2025-07-17 18:56:19.742438+00:00,2.2584873
2025-07-17 18:56:36.742889+00:00,2.2584873
2025-07-17 18:56:45.131743+00:00,2.2584872
2025-07-17 18:56:59.750775+00:00,2.2584871
2025-07-17 18:57:12.465662+00:00,2.2584876
2025-07-17 18:57:22.807693+00:00,2.2584878
2025-07-17 18:57:35.406069+00:00,2.258487
2025-07-17 18:57:48.600433+00:00,2.2584877
2025-07-17 18:58:01.918751+00:00,2.2584879
2025-07-17 18:58:14.798066+00:00,2.2584872
2025-07-17 18:58:27.117303+00:00,2.2584871
2025-07-17 18:58:39.757556+00:00,2.2584872
2025-07-17 18:58:52.835770+00:00,2.2584876
2025-07-17 18:59:05.319461+00:00,2.2584878
2025-07-17 18:59:17.976283+00:00,2.2584876
2025-07-17 18:59:31.651992+00:00,2.2584881
2025-07-17 18:59:43.266365+00:00,2.2584873
2025-07-17 18:59:55.504047+00:00,2.2584872
2025-07-17 19:00:09.237593+00:00,2.2584868
2025-07-17 19:00:34.197367+00:00,2.2584871
2025-07-17 19:00:49.395162+00:00,2.2584875
2025-07-17 19:01:01.049187+00:00,2.2584875
2025-07-17 19:01:13.136416+00:00,2.2584875
2025-07-17 19:01:24.818634+00:00,2.2584876
2025-07-17 19:01:37.809756+00:00,2.2584873
2025-07-17 19:01:50.291208+00:00,2.2584878
2025-07-17 19:02:03.784446+00:00,2.2584871
2025-07-17 19:02:16.043790+00:00,2.2584875
2025-07-17 19:02:27.657539+00:00,2.2584876
2025-07-17 19:02:40.254218+00:00,2.2584873
2025-07-17 19:02:53.327297+00:00,2.2584877
2025-07-17 19:03:05.781331+00:00,2.2584879
2025-07-17 19:03:18.372861+00:00,2.2584874
2025-07-17 19:03:31.078042+00:00,2.258488
2025-07-17 19:03:43.497338+00:00,2.2584876
2025-07-17 19:04:13.304234+00:00,2.2584872
2025-07-17 19:04:26.757886+00:00,2.2584869
2025-07-17 19:04:38.755185+00:00,2.2584869
2025-07-17 19:04:51.366573+00:00,2.2584875
2025-07-17 19:05:04.225813+00:00,2.2584868
2025-07-17 19:05:16.173927+00:00,2.2584875
2025-07-17 19:05:28.732046+00:00,2.2584877
2025-07-17 19:05:41.365214+00:00,2.2584872
2025-07-17 19:05:53.522662+00:00,2.2584867
2025-07-17 19:06:06.584339+00:00,2.2584876
2025-07-17 19:06:19.893926+00:00,2.2584879
2025-07-17 19:06:31.383122+00:00,2.2584873
2025-07-17 19:06:43.831838+00:00,2.2584867
2025-07-17 19:06:58.020150+00:00,2.2584873
2025-07-17 19:07:11.811907+00:00,2.2584871
2025-07-17 19:07:20.962185+00:00,2.2584869
2025-07-17 19:07:33.378065+00:00,2.2584866
2025-07-17 19:07:46.372568+00:00,2.2584874
2025-07-17 19:07:58.153134+00:00,2.2584873
2025-07-17 19:08:11.047239+00:00,2.258487
2025-07-17 19:08:23.454817+00:00,2.2584874
2025-07-17 19:08:35.818222+00:00,2.2584872
2025-07-17 19:08:50.089052+00:00,2.2584871
2025-07-17 19:09:01.829576+00:00,2.2584867
2025-07-17 19:09:13.367796+00:00,2.2584872
2025-07-17 19:09:26.008745+00:00,2.2584875
2025-07-17 19:09:38.454768+00:00,2.2584871
2025-07-17 19:09:51.129474+00:00,2.2584879
2025-07-17 19:10:04.568674+00:00,2.2584873
2025-07-17 19:10:17.432140+00:00,2.2584869
2025-07-17 19:10:31.501539+00:00,2.2584872
2025-07-17 19:10:43.291336+00:00,2.2584874
2025-07-17 19:10:55.559171+00:00,2.2584868
2025-07-17 19:11:08.542542+00:00,2.2584865
2025-07-17 19:11:21.856925+00:00,2.2584869
2025-07-17 19:11:36.170121+00:00,2.2584875
2025-07-17 19:11:46.855431+00:00,2.2584875
2025-07-17 19:12:00.515256+00:00,2.2584875
2025-07-17 19:12:12.355669+00:00,2.2584871
2025-07-17 19:12:25.122417+00:00,2.2584873
2025-07-17 19:12:37.549448+00:00,2.2584869
2025-07-17 19:12:49.597981+00:00,2.2584872
2025-07-17 19:13:02.626360+00:00,2.2584871
2025-07-17 19:13:14.819931+00:00,2.2584872
2025-07-17 19:13:27.584032+00:00,2.2584871
2025-07-17 19:13:41.280862+00:00,2.2584872
2025-07-17 19:13:52.430293+00:00,2.2584868
2025-07-17 19:14:05.421524+00:00,2.2584865
2025-07-17 19:14:17.528058+00:00,2.258487
2025-07-17 19:14:29.742441+00:00,2.2584871
2025-07-17 19:14:42.647975+00:00,2.2584866
2025-07-17 19:14:55.199292+00:00,2.2584869
2025-07-17 19:15:07.654196+00:00,2.2584864
2025-07-17 19:15:20.341565+00:00,2.2584865
2025-07-17 19:15:33.060387+00:00,2.2584865
2025-07-17 19:15:45.394218+00:00,2.2584872
2025-07-17 19:15:57.906869+00:00,2.2584871
2025-07-17 19:16:10.677164+00:00,2.2584868
2025-07-17 19:16:22.052040+00:00,2.2584871
2025-07-17 19:16:34.839904+00:00,2.2584865
2025-07-17 19:16:49.945420+00:00,2.2584869
2025-07-17 19:17:00.282281+00:00,2.2584872
2025-07-17 19:17:13.404453+00:00,2.2584873
2025-07-17 19:17:24.716018+00:00,2.2584869
2025-07-17 19:17:38.475432+00:00,2.2584867
2025-07-17 19:17:50.207788+00:00,2.2584871
2025-07-17 19:18:02.122817+00:00,2.258487
2025-07-17 19:18:14.647482+00:00,2.2584868
2025-07-17 19:18:28.114902+00:00,2.2584874
2025-07-17 19:18:39.766921+00:00,2.2584867
2025-07-17 19:18:53.013928+00:00,2.2584866
2025-07-17 19:19:05.142956+00:00,2.2584871
2025-07-17 19:19:19.684936+00:00,2.2584875
2025-07-17 19:19:31.614692+00:00,2.2584867
2025-07-17 19:19:42.332628+00:00,2.2584874
2025-07-17 19:19:55.833046+00:00,2.2584867
2025-07-17 19:20:10.577991+00:00,2.2584868
2025-07-17 19:20:22.055490+00:00,2.2584869
2025-07-17 19:20:34.162020+00:00,2.2584865
2025-07-17 19:20:47.036044+00:00,2.2584874
2025-07-17 19:20:59.595004+00:00,2.2584872
2025-07-17 19:21:12.639850+00:00,2.2584872
2025-07-17 19:21:24.790320+00:00,2.2584872
2025-07-17 19:21:37.647201+00:00,2.2584873
2025-07-17 19:21:50.352862+00:00,2.2584865
2025-07-17 19:22:03.425980+00:00,2.2584869
2025-07-17 19:22:16.509510+00:00,2.2584874
2025-07-17 19:22:28.277088+00:00,2.2584868
2025-07-17 19:22:41.694567+00:00,2.2584873
2025-07-17 19:22:54.117975+00:00,2.2584866
2025-07-17 19:23:07.717376+00:00,2.2584867
2025-07-17 19:23:19.357923+00:00,2.2584869
2025-07-17 19:23:32.315437+00:00,2.2584873
2025-07-17 19:23:44.068908+00:00,2.2584874
2025-07-17 19:23:56.642712+00:00,2.2584876
2025-07-17 19:24:09.277336+00:00,2.2584866
2025-07-17 19:24:21.380803+00:00,2.2584871
2025-07-17 19:24:34.249690+00:00,2.2584874
2025-07-17 19:24:46.789320+00:00,2.2584874
2025-07-17 19:24:59.301777+00:00,2.2584872
2025-07-17 19:25:12.206178+00:00,2.2584865
2025-07-17 19:25:25.529850+00:00,2.2584871
2025-07-17 19:25:38.380368+00:00,2.2584875
2025-07-17 19:25:49.515728+00:00,2.2584873
2025-07-17 19:26:03.181727+00:00,2.2584867
2025-07-17 19:26:14.978417+00:00,2.2584871
2025-07-17 19:26:26.596926+00:00,2.2584867
2025-07-17 19:26:39.200146+00:00,2.2584876
2025-07-17 19:26:58.892803+00:00,2.2584871
2025-07-17 19:27:04.964320+00:00,2.258487
2025-07-17 19:27:16.744208+00:00,2.2584871
2025-07-17 19:27:31.224712+00:00,2.2584871
2025-07-17 19:27:42.237201+00:00,2.2584865
2025-07-17 19:27:54.546580+00:00,2.2584867
2025-07-17 19:28:07.604569+00:00,2.2584868
2025-07-17 19:28:20.040152+00:00,2.2584869
2025-07-17 19:28:32.784091+00:00,2.2584871
2025-07-17 19:28:44.686939+00:00,2.2584869
2025-07-17 19:28:57.893633+00:00,2.258487
2025-07-17 19:29:22.849507+00:00,2.2584875
2025-07-17 19:29:35.030488+00:00,2.258487
2025-07-17 19:29:48.199317+00:00,2.258487
2025-07-17 19:30:00.304847+00:00,2.2584871
2025-07-17 19:30:13.152559+00:00,2.2584869
2025-07-17 19:30:26.610402+00:00,2.2584872
2025-07-17 19:30:38.493787+00:00,2.2584874
2025-07-17 19:30:50.634944+00:00,2.2584868
2025-07-17 19:31:03.380153+00:00,2.2584866
2025-07-17 19:31:17.109972+00:00,2.2584868
2025-07-17 19:31:28.726180+00:00,2.2584869
2025-07-17 19:31:41.621010+00:00,2.2584871
2025-07-17 19:31:55.691800+00:00,2.2584865
2025-07-17 19:32:07.769251+00:00,2.2584869
2025-07-17 19:32:22.405673+00:00,2.2584869
2025-07-17 19:32:33.187526+00:00,2.2584876
2025-07-17 19:32:46.137198+00:00,2.2584864
2025-07-17 19:33:01.812756+00:00,2.2584874
2025-07-17 19:33:11.608901+00:00,2.2584868
2025-07-17 19:33:26.917228+00:00,2.258487
2025-07-17 19:33:36.400920+00:00,2.258487
2025-07-17 19:33:50.321865+00:00,2.2584874
2025-07-17 19:34:02.090420+00:00,2.258487
2025-07-17 19:34:14.147795+00:00,2.2584876
2025-07-17 19:34:29.863484+00:00,2.2584865
2025-07-17 19:34:40.070066+00:00,2.2584865
2025-07-17 19:34:52.169146+00:00,2.2584871
2025-07-17 19:35:05.014180+00:00,2.2584867
2025-07-17 19:35:17.298922+00:00,2.2584868
2025-07-17 19:35:30.322140+00:00,2.2584874
2025-07-17 19:35:42.044713+00:00,2.2584874
2025-07-17 19:35:54.260595+00:00,2.2584875
2025-07-17 19:36:10.412263+00:00,2.2584872
2025-07-17 19:36:19.444518+00:00,2.2584869
2025-07-17 19:36:32.443521+00:00,2.2584871
2025-07-17 19:36:44.606118+00:00,2.2584876
2025-07-17 19:36:57.317572+00:00,2.2584873
2025-07-17 19:37:10.678122+00:00,2.2584867
2025-07-17 19:37:22.176421+00:00,2.2584865
2025-07-17 19:37:34.957862+00:00,2.2584869
2025-07-17 19:37:47.727456+00:00,2.2584873
2025-07-17 19:37:59.934016+00:00,2.2584875
2025-07-17 19:38:12.641275+00:00,2.2584867
2025-07-17 19:38:25.305351+00:00,2.2584866
2025-07-17 19:38:38.393962+00:00,2.2584868
2025-07-17 19:38:50.616207+00:00,2.2584868
2025-07-17 19:39:04.372425+00:00,2.258487
2025-07-17 19:39:16.594221+00:00,2.2584868
2025-07-17 19:39:27.910336+00:00,2.2584867
2025-07-17 19:39:41.849514+00:00,2.2584876
2025-07-17 19:39:52.869087+00:00,2.2584869
2025-07-17 19:40:05.607260+00:00,2.2584869
2025-07-17 19:40:18.555995+00:00,2.2584871
2025-07-17 19:40:31.415644+00:00,2.258487
2025-07-17 19:40:43.842088+00:00,2.2584867
2025-07-17 19:40:55.753696+00:00,2.258487
2025-07-17 19:41:09.323104+00:00,2.2584875
2025-07-17 19:41:20.864536+00:00,2.2584876
2025-07-17 19:41:34.079314+00:00,2.2584873
2025-07-17 19:41:49.686413+00:00,2.2584869
2025-07-17 19:41:59.870227+00:00,2.2584872
2025-07-17 19:42:12.611595+00:00,2.2584868
2025-07-17 19:42:25.047683+00:00,2.2584869
2025-07-17 19:42:38.348623+00:00,2.2584875
2025-07-17 19:42:50.728659+00:00,2.2584873
2025-07-17 19:43:03.639447+00:00,2.2584873
2025-07-17 19:43:17.554031+00:00,2.258487
2025-07-17 19:43:28.718347+00:00,2.2584873
2025-07-17 19:43:41.535282+00:00,2.2584869
2025-07-17 19:43:54.118770+00:00,2.2584867
2025-07-17 19:44:06.826458+00:00,2.2584873
2025-07-17 19:44:19.258657+00:00,2.2584871
2025-07-17 19:44:32.408479+00:00,2.2584871
2025-07-17 19:44:44.725248+00:00,2.258487
2025-07-17 19:44:57.483577+00:00,2.2584876
2025-07-17 19:45:10.526079+00:00,2.2584871
2025-07-17 19:45:22.712783+00:00,2.2584869
2025-07-17 19:45:36.935791+00:00,2.2584868
2025-07-17 19:45:48.005832+00:00,2.2584874
2025-07-17 19:45:59.603509+00:00,2.2584874
2025-07-17 19:46:12.452515+00:00,2.2584872
2025-07-17 19:46:25.139369+00:00,2.2584873
2025-07-17 19:46:37.622352+00:00,2.2584869
2025-07-17 19:46:50.622175+00:00,2.2584865
2025-07-17 19:47:03.588168+00:00,2.2584873
2025-07-17 19:47:15.836178+00:00,2.2584871
2025-07-17 19:47:28.361877+00:00,2.2584874
2025-07-17 19:47:40.846345+00:00,2.2584869
2025-07-17 19:47:53.339491+00:00,2.2584875
2025-07-17 19:48:07.003681+00:00,2.2584874
2025-07-17 19:48:18.311932+00:00,2.2584876
2025-07-17 19:48:30.744174+00:00,2.2584872
2025-07-17 19:48:42.890969+00:00,2.2584868
2025-07-17 19:48:55.966092+00:00,2.2584866
2025-07-17 19:49:10.909662+00:00,2.2584872
2025-07-17 19:49:21.467764+00:00,2.2584873
2025-07-17 19:49:33.247588+00:00,2.2584873
2025-07-17 19:49:52.378276+00:00,2.2584878
2025-07-17 19:49:58.935338+00:00,2.2584871
2025-07-17 19:50:11.792987+00:00,2.2584875
2025-07-17 19:50:24.186761+00:00,2.2584875
2025-07-17 19:50:37.256874+00:00,2.2584872
2025-07-17 19:50:49.671654+00:00,2.2584875
2025-07-17 19:51:03.702240+00:00,2.2584869
2025-07-17 19:51:18.126298+00:00,2.2584876
2025-07-17 19:51:31.339061+00:00,2.258487
2025-07-17 19:51:40.871469+00:00,2.2584871
2025-07-17 19:51:53.396679+00:00,2.2584876
2025-07-17 19:52:07.802907+00:00,2.2584875
2025-07-17 19:52:19.064325+00:00,2.2584868
2025-07-17 19:52:33.730452+00:00,2.2584871
2025-07-17 19:52:46.706069+00:00,2.2584878
2025-07-17 19:52:57.481258+00:00,2.2584865
2025-07-17 19:53:10.663783+00:00,2.2584873
2025-07-17 19:53:23.087413+00:00,2.2584872
2025-07-17 19:53:35.539521+00:00,2.2584874
2025-07-17 19:53:48.252398+00:00,2.2584876
2025-07-17 19:54:01.677445+00:00,2.2584871
2025-07-17 19:54:13.186921+00:00,2.258487
2025-07-17 19:54:25.254443+00:00,2.2584871
2025-07-17 19:54:37.771181+00:00,2.258487
2025-07-17 19:54:53.426929+00:00,2.258487
2025-07-17 19:55:02.968354+00:00,2.2584871
2025-07-17 19:55:16.584210+00:00,2.2584867
2025-07-17 19:55:28.235877+00:00,2.2584871
2025-07-17 19:55:40.784663+00:00,2.2584872
2025-07-17 19:55:53.044011+00:00,2.2584867
2025-07-17 19:56:09.600687+00:00,2.2584875
2025-07-17 19:56:21.593236+00:00,2.2584869
2025-07-17 19:56:31.509726+00:00,2.258487
2025-07-17 19:56:44.947686+00:00,2.2584875
2025-07-17 19:56:56.669925+00:00,2.2584874
2025-07-17 19:57:09.271783+00:00,2.2584867
2025-07-17 19:57:22.617914+00:00,2.258487
2025-07-17 19:57:34.524127+00:00,2.2584877
2025-07-17 19:57:49.221276+00:00,2.258487
2025-07-17 19:57:59.456846+00:00,2.2584868
2025-07-17 19:58:24.341979+00:00,2.2584866
2025-07-17 19:58:36.760805+00:00,2.258487
2025-07-17 19:58:50.283253+00:00,2.2584872
2025-07-17 19:59:02.303521+00:00,2.2584872
2025-07-17 19:59:14.839461+00:00,2.2584869
2025-07-17 19:59:27.786094+00:00,2.2584879
2025-07-17 19:59:42.814306+00:00,2.258487
2025-07-17 19:59:52.957223+00:00,2.2584874
2025-07-17 20:00:06.154383+00:00,2.2584875
2025-07-17 20:00:18.051936+00:00,2.2584874
2025-07-17 20:00:30.493117+00:00,2.2584867
2025-07-17 20:00:42.803996+00:00,2.2584864
2025-07-17 20:00:55.117865+00:00,2.2584867
2025-07-17 20:01:07.900224+00:00,2.258487
2025-07-17 20:01:22.339062+00:00,2.2584869
2025-07-17 20:01:32.723981+00:00,2.2584869
2025-07-17 20:01:47.049975+00:00,2.2584868
2025-07-17 20:01:58.804212+00:00,2.2584877
2025-07-17 20:02:10.822465+00:00,2.258487
2025-07-17 20:02:23.429044+00:00,2.2584871
2025-07-17 20:02:35.910524+00:00,2.2584871
2025-07-17 20:02:49.036407+00:00,2.2584872
2025-07-17 20:03:03.039328+00:00,2.2584876
2025-07-17 20:03:15.303938+00:00,2.2584867
2025-07-17 20:03:27.598231+00:00,2.2584875
2025-07-17 20:03:40.115733+00:00,2.258487
2025-07-17 20:03:53.425066+00:00,2.2584872
2025-07-17 20:04:06.714005+00:00,2.2584869
2025-07-17 20:04:18.854362+00:00,2.2584872
2025-07-17 20:04:31.712001+00:00,2.2584872
2025-07-17 20:04:44.013510+00:00,2.2584873
2025-07-17 20:04:56.952550+00:00,2.2584872
2025-07-17 20:05:09.952524+00:00,2.2584878
2025-07-17 20:05:22.628941+00:00,2.258487
2025-07-17 20:05:41.729082+00:00,2.2584872
2025-07-17 20:05:47.734150+00:00,2.2584872
2025-07-17 20:06:00.284111+00:00,2.258487
2025-07-17 20:06:12.882743+00:00,2.2584876
2025-07-17 20:06:25.959219+00:00,2.2584873
2025-07-17 20:06:38.475134+00:00,2.2584868
2025-07-17 20:06:50.304446+00:00,2.2584872
2025-07-17 20:07:02.703948+00:00,2.2584873
2025-07-17 20:07:16.848846+00:00,2.2584873
2025-07-17 20:07:27.547131+00:00,2.2584873
2025-07-17 20:07:40.912800+00:00,2.2584875
2025-07-17 20:07:52.588375+00:00,2.2584869
2025-07-17 20:08:06.632376+00:00,2.2584874
2025-07-17 20:08:17.806145+00:00,2.2584874
2025-07-17 20:08:29.981773+00:00,2.258487
2025-07-17 20:08:42.804273+00:00,2.2584874
2025-07-17 20:08:56.083322+00:00,2.2584871
2025-07-17 20:09:07.671728+00:00,2.2584867
2025-07-17 20:09:20.254287+00:00,2.2584874
2025-07-17 20:09:32.288285+00:00,2.2584875
2025-07-17 20:09:44.805417+00:00,2.2584869
2025-07-17 20:09:57.187021+00:00,2.2584872
2025-07-17 20:10:10.437823+00:00,2.2584876
2025-07-17 20:10:22.760239+00:00,2.2584875
2025-07-17 20:10:35.080853+00:00,2.2584874
2025-07-17 20:10:47.694839+00:00,2.258487
2025-07-17 20:10:59.732969+00:00,2.258487
2025-07-17 20:11:12.575784+00:00,2.2584876
2025-07-17 20:11:25.583045+00:00,2.2584874
2025-07-17 20:11:37.281172+00:00,2.2584865
2025-07-17 20:11:50.258033+00:00,2.2584871
2025-07-17 20:12:06.024289+00:00,2.2584868
2025-07-17 20:12:14.800856+00:00,2.2584873
2025-07-17 20:12:29.189283+00:00,2.2584875
2025-07-17 20:12:39.791713+00:00,2.2584872
2025-07-17 20:12:52.959198+00:00,2.258487
2025-07-17 20:13:06.989368+00:00,2.2584878
2025-07-17 20:13:18.183557+00:00,2.2584873
2025-07-17 20:13:31.015006+00:00,2.2584866
2025-07-17 20:13:43.639523+00:00,2.2584875
2025-07-17 20:13:57.163142+00:00,2.2584871
2025-07-17 20:14:09.640322+00:00,2.258487
2025-07-17 20:14:21.927595+00:00,2.2584871
2025-07-17 20:14:34.778403+00:00,2.2584871
2025-07-17 20:14:47.638086+00:00,2.2584875
2025-07-17 20:15:01.878823+00:00,2.2584876
2025-07-17 20:15:13.120424+00:00,2.2584872
2025-07-17 20:15:26.245589+00:00,2.2584867
2025-07-17 20:15:37.736992+00:00,2.2584873
2025-07-17 20:15:50.345865+00:00,2.2584874
2025-07-17 20:16:03.595492+00:00,2.2584877
2025-07-17 20:16:16.287086+00:00,2.2584869
2025-07-17 20:16:28.155291+00:00,2.2584874
2025-07-17 20:16:40.369057+00:00,2.2584873
2025-07-17 20:16:52.934530+00:00,2.2584867
2025-07-17 20:17:05.993361+00:00,2.2584875
2025-07-17 20:17:18.485169+00:00,2.258487
2025-07-17 20:17:30.186717+00:00,2.2584868
2025-07-17 20:17:44.443261+00:00,2.2584874
2025-07-17 20:17:55.886443+00:00,2.2584873
2025-07-17 20:18:08.049074+00:00,2.2584875
2025-07-17 20:18:20.115687+00:00,2.2584871
2025-07-17 20:18:33.399047+00:00,2.2584872
2025-07-17 20:18:45.824408+00:00,2.2584872
2025-07-17 20:18:58.624450+00:00,2.2584876
2025-07-17 20:19:11.794032+00:00,2.2584868
2025-07-17 20:19:23.539234+00:00,2.2584873
2025-07-17 20:19:36.079406+00:00,2.2584875
2025-07-17 20:19:48.727831+00:00,2.2584876
2025-07-17 20:20:01.904715+00:00,2.2584871
2025-07-17 20:20:14.455957+00:00,2.258487
2025-07-17 20:20:26.312229+00:00,2.2584878
2025-07-17 20:20:38.611835+00:00,2.2584868
2025-07-17 20:20:51.427405+00:00,2.2584874
2025-07-17 20:21:03.694977+00:00,2.2584873
2025-07-17 20:21:19.023276+00:00,2.2584871
2025-07-17 20:21:28.309981+00:00,2.258487
2025-07-17 20:21:40.868981+00:00,2.2584869
2025-07-17 20:21:53.577196+00:00,2.2584871
2025-07-17 20:22:07.351014+00:00,2.2584876
2025-07-17 20:22:19.001639+00:00,2.2584864
2025-07-17 20:22:31.543751+00:00,2.2584876
2025-07-17 20:22:43.668557+00:00,2.2584867
2025-07-17 20:22:55.734999+00:00,2.2584869
2025-07-17 20:23:08.386078+00:00,2.258487
2025-07-17 20:23:22.084492+00:00,2.2584876
2025-07-17 20:23:33.525744+00:00,2.2584874
2025-07-17 20:23:46.619625+00:00,2.258487
2025-07-17 20:23:59.153543+00:00,2.2584873
2025-07-17 20:24:11.826022+00:00,2.2584874
2025-07-17 20:24:31.440481+00:00,2.2584872
2025-07-17 20:24:38.073945+00:00,2.2584873
2025-07-17 20:24:50.010631+00:00,2.2584873
2025-07-17 20:25:02.932958+00:00,2.2584873
2025-07-17 20:25:15.787915+00:00,2.2584871
2025-07-17 20:25:30.105157+00:00,2.2584875
2025-07-17 20:25:40.939956+00:00,2.2584867
2025-07-17 20:25:55.121294+00:00,2.2584869
2025-07-17 20:26:08.200929+00:00,2.2584876
2025-07-17 20:26:18.530486+00:00,2.2584871
2025-07-17 20:26:31.612270+00:00,2.258487
2025-07-17 20:26:44.047409+00:00,2.2584869
2025-07-17 20:26:56.849022+00:00,2.2584873
2025-07-17 20:27:09.732739+00:00,2.2584875
2025-07-17 20:27:22.136481+00:00,2.2584869
2025-07-17 20:27:35.138213+00:00,2.258487
2025-07-17 20:27:47.294396+00:00,2.2584872
2025-07-17 20:27:59.238468+00:00,2.2584876
2025-07-17 20:28:11.743877+00:00,2.2584869
2025-07-17 20:28:24.821137+00:00,2.2584875
2025-07-17 20:28:36.679949+00:00,2.2584869
2025-07-17 20:28:49.095488+00:00,2.2584872
2025-07-17 20:29:02.061547+00:00,2.2584874
2025-07-17 20:29:14.127945+00:00,2.2584877
2025-07-17 20:29:26.549523+00:00,2.2584872
2025-07-17 20:29:39.355063+00:00,2.2584874
2025-07-17 20:29:51.833577+00:00,2.2584875
2025-07-17 20:30:04.686948+00:00,2.2584874
2025-07-17 20:30:16.998140+00:00,2.2584871
2025-07-17 20:30:29.464714+00:00,2.2584871
2025-07-17 20:30:41.853236+00:00,2.2584873
2025-07-17 20:30:54.489400+00:00,2.2584875
2025-07-17 20:31:07.277879+00:00,2.2584875
2025-07-17 20:31:20.184573+00:00,2.2584874
2025-07-17 20:31:32.811822+00:00,2.258487
2025-07-17 20:31:44.864563+00:00,2.2584877
2025-07-17 20:31:57.398673+00:00,2.2584874
2025-07-17 20:32:10.575423+00:00,2.2584871
2025-07-17 20:32:22.739904+00:00,2.2584868
2025-07-17 20:32:34.788244+00:00,2.2584873
2025-07-17 20:32:47.751275+00:00,2.2584877
2025-07-17 20:32:59.687310+00:00,2.2584869
2025-07-17 20:33:12.461487+00:00,2.2584868
2025-07-17 20:33:25.180166+00:00,2.2584872
2025-07-17 20:33:38.053225+00:00,2.2584877
2025-07-17 20:33:50.570851+00:00,2.2584872
2025-07-17 20:34:03.228980+00:00,2.258487
2025-07-17 20:34:15.587391+00:00,2.258488
2025-07-17 20:34:28.026233+00:00,2.2584878
2025-07-17 20:34:40.904766+00:00,2.2584873
2025-07-17 20:34:53.034208+00:00,2.2584872
2025-07-17 20:35:06.039185+00:00,2.258487
2025-07-17 20:35:18.872687+00:00,2.258487
2025-07-17 20:35:31.454852+00:00,2.2584878
2025-07-17 20:35:43.349179+00:00,2.2584869
2025-07-17 20:35:56.009780+00:00,2.2584869
2025-07-17 20:36:11.894062+00:00,2.2584868
2025-07-17 20:36:20.828036+00:00,2.2584867
2025-07-17 20:36:33.612463+00:00,2.2584878
2025-07-17 20:36:46.247501+00:00,2.2584872
2025-07-17 20:36:58.901355+00:00,2.2584874
2025-07-17 20:37:11.692881+00:00,2.2584876
2025-07-17 20:37:28.046338+00:00,2.2584868
2025-07-17 20:37:36.700380+00:00,2.258487
2025-07-17 20:37:49.400328+00:00,2.2584875
2025-07-17 20:38:01.620441+00:00,2.2584875
2025-07-17 20:38:13.422461+00:00,2.2584875
2025-07-17 20:38:26.069665+00:00,2.2584873
2025-07-17 20:38:38.482372+00:00,2.2584875
2025-07-17 20:38:51.181550+00:00,2.2584874
2025-07-17 20:39:04.435550+00:00,2.2584871
2025-07-17 20:39:16.690509+00:00,2.2584871
2025-07-17 20:39:28.820292+00:00,2.2584873
2025-07-17 20:39:43.463457+00:00,2.2584869
2025-07-17 20:39:53.922979+00:00,2.2584872
2025-07-17 20:40:07.255546+00:00,2.2584878
2025-07-17 20:40:19.832977+00:00,2.2584874
2025-07-17 20:40:33.207992+00:00,2.2584875
2025-07-17 20:40:44.871919+00:00,2.2584873
2025-07-17 20:40:57.963092+00:00,2.258487
2025-07-17 20:41:10.945132+00:00,2.2584869
2025-07-17 20:41:23.590564+00:00,2.2584872
2025-07-17 20:41:38.004953+00:00,2.2584874
2025-07-17 20:41:48.786410+00:00,2.2584873
2025-07-17 20:42:06.471536+00:00,2.2584874
2025-07-17 20:42:13.768379+00:00,2.2584873
2025-07-17 20:42:26.593394+00:00,2.2584872
2025-07-17 20:42:39.251074+00:00,2.2584875
2025-07-17 20:42:51.716796+00:00,2.2584875
2025-07-17 20:43:04.852437+00:00,2.2584867
2025-07-17 20:43:17.410629+00:00,2.2584878
2025-07-17 20:43:33.833758+00:00,2.2584871
2025-07-17 20:43:42.751802+00:00,2.2584866
2025-07-17 20:43:56.616547+00:00,2.2584874
2025-07-17 20:44:07.514810+00:00,2.258487
2025-07-17 20:44:19.579735+00:00,2.2584875
2025-07-17 20:44:32.151164+00:00,2.258487
2025-07-17 20:44:45.992413+00:00,2.2584878
2025-07-17 20:44:57.160990+00:00,2.2584874
2025-07-17 20:45:10.682267+00:00,2.2584877
2025-07-17 20:45:22.657734+00:00,2.2584879
2025-07-17 20:45:35.148781+00:00,2.2584878
2025-07-17 20:45:47.647243+00:00,2.2584871
2025-07-17 20:46:00.163471+00:00,2.2584873
2025-07-17 20:46:13.281782+00:00,2.2584872
2025-07-17 20:46:25.141649+00:00,2.2584874
2025-07-17 20:46:37.781831+00:00,2.2584869
2025-07-17 20:46:50.303675+00:00,2.2584868
2025-07-17 20:47:02.906295+00:00,2.258487
2025-07-17 20:47:16.206032+00:00,2.2584876
2025-07-17 20:47:28.046908+00:00,2.2584869
2025-07-17 20:47:41.103020+00:00,2.2584877
2025-07-17 20:47:52.885350+00:00,2.2584867
2025-07-17 20:48:05.453657+00:00,2.2584873
2025-07-17 20:48:18.002941+00:00,2.2584869
2025-07-17 20:48:30.282352+00:00,2.2584875
2025-07-17 20:48:42.293009+00:00,2.2584873
2025-07-17 20:48:56.556348+00:00,2.2584873
2025-07-17 20:49:07.642913+00:00,2.2584867
2025-07-17 20:49:20.035652+00:00,2.2584871
2025-07-17 20:49:32.567130+00:00,2.2584878
2025-07-17 20:49:44.793812+00:00,2.2584878
2025-07-17 20:49:57.518455+00:00,2.258487
2025-07-17 20:50:10.432457+00:00,2.258487
2025-07-17 20:50:24.442109+00:00,2.2584873
2025-07-17 20:50:36.240934+00:00,2.2584868
2025-07-17 20:50:48.812479+00:00,2.258488
2025-07-17 20:51:10.841517+00:00,2.2584878
2025-07-17 20:51:13.792271+00:00,2.258487
2025-07-17 20:51:27.280257+00:00,2.2584869
2025-07-17 20:51:39.602686+00:00,2.2584878
2025-07-17 20:51:51.930995+00:00,2.2584872
2025-07-17 20:52:07.730582+00:00,2.2584874
2025-07-17 20:52:22.574639+00:00,2.2584872
2025-07-17 20:52:33.368401+00:00,2.2584875
2025-07-17 20:52:44.223580+00:00,2.2584876
2025-07-17 20:52:55.772313+00:00,2.258487
2025-07-17 20:53:08.116222+00:00,2.2584877
2025-07-17 20:53:21.226042+00:00,2.2584871
2025-07-17 20:53:33.489030+00:00,2.2584873
2025-07-17 20:53:45.653308+00:00,2.2584872
2025-07-17 20:53:58.971757+00:00,2.2584873
2025-07-17 20:54:09.954478+00:00,2.2584875
2025-07-17 20:54:22.594922+00:00,2.2584869
2025-07-17 20:54:35.591425+00:00,2.2584871
2025-07-17 20:54:47.521383+00:00,2.2584873
2025-07-17 20:54:59.502567+00:00,2.2584873
2025-07-17 20:55:15.182176+00:00,2.2584875
2025-07-17 20:55:38.192726+00:00,2.2584873
2025-07-17 20:55:49.877199+00:00,2.2584878
2025-07-17 20:56:09.483132+00:00,2.2584872
2025-07-17 20:56:14.913487+00:00,2.2584872
2025-07-17 20:56:27.543703+00:00,2.2584875
2025-07-17 20:56:40.226106+00:00,2.258488
2025-07-17 20:56:53.243099+00:00,2.2584874
2025-07-17 20:57:06.359847+00:00,2.2584873
2025-07-17 20:57:18.932807+00:00,2.2584871
2025-07-17 20:57:29.739014+00:00,2.258487
2025-07-17 20:57:42.500529+00:00,2.2584876
2025-07-17 20:57:54.804303+00:00,2.2584878
2025-07-17 20:58:08.339780+00:00,2.2584873
2025-07-17 20:58:20.610295+00:00,2.2584875
2025-07-17 20:58:34.335447+00:00,2.2584873
2025-07-17 20:58:45.378461+00:00,2.2584871
2025-07-17 20:58:57.473074+00:00,2.2584867
2025-07-17 20:59:10.202145+00:00,2.258487
2025-07-17 20:59:23.179997+00:00,2.2584875
2025-07-17 20:59:35.146737+00:00,2.2584864
2025-07-17 20:59:47.975140+00:00,2.2584873
2025-07-17 20:59:59.992293+00:00,2.2584869
2025-07-17 21:00:25.224649+00:00,2.2584875
2025-07-17 21:00:38.610882+00:00,2.2584874
2025-07-17 21:00:50.296100+00:00,2.2584877
2025-07-17 21:01:02.850406+00:00,2.2584878
2025-07-17 21:01:15.317876+00:00,2.2584875
2025-07-17 21:01:28.222023+00:00,2.2584871
2025-07-17 21:01:41.452677+00:00,2.2584871
2025-07-17 21:01:53.658742+00:00,2.2584867
2025-07-17 21:02:06.832355+00:00,2.2584877
2025-07-17 21:02:19.199790+00:00,2.258488
2025-07-17 21:02:32.330074+00:00,2.2584877
2025-07-17 21:02:45.181861+00:00,2.2584876
2025-07-17 21:02:57.843221+00:00,2.2584874
2025-07-17 21:03:10.472590+00:00,2.2584877
2025-07-17 21:03:23.017945+00:00,2.2584876
2025-07-17 21:03:36.676186+00:00,2.2584875
2025-07-17 21:03:50.810129+00:00,2.2584869
2025-07-17 21:04:01.033208+00:00,2.2584878
2025-07-17 21:04:13.467987+00:00,2.2584877
2025-07-17 21:04:27.636254+00:00,2.2584873
2025-07-17 21:04:39.032376+00:00,2.2584871
2025-07-17 21:04:51.434056+00:00,2.2584865
2025-07-17 21:05:04.569941+00:00,2.258487
2025-07-17 21:05:16.828569+00:00,2.2584873
2025-07-17 21:05:29.336004+00:00,2.2584874
2025-07-17 21:05:41.420308+00:00,2.2584871
2025-07-17 21:05:53.707993+00:00,2.2584872
2025-07-17 21:06:07.846678+00:00,2.2584871
2025-07-17 21:06:19.467703+00:00,2.2584878
2025-07-17 21:06:31.959366+00:00,2.2584875
2025-07-17 21:06:44.038140+00:00,2.2584871
2025-07-17 21:06:56.756481+00:00,2.2584871
2025-07-17 21:07:12.694667+00:00,2.2584867
2025-07-17 21:07:21.939044+00:00,2.2584871
2025-07-17 21:07:34.514996+00:00,2.2584872
2025-07-17 21:07:47.194880+00:00,2.2584874
2025-07-17 21:08:00.862551+00:00,2.2584876
2025-07-17 21:08:12.216260+00:00,2.2584878
2025-07-17 21:08:25.170109+00:00,2.2584876
2025-07-17 21:08:37.620675+00:00,2.2584877
2025-07-17 21:08:49.911161+00:00,2.2584873
2025-07-17 21:09:03.297750+00:00,2.2584876
2025-07-17 21:09:15.171646+00:00,2.2584872
2025-07-17 21:09:27.048564+00:00,2.2584873
2025-07-17 21:09:39.703156+00:00,2.2584879
2025-07-17 21:09:52.001469+00:00,2.258487
2025-07-17 21:10:05.204043+00:00,2.2584873
2025-07-17 21:10:17.295976+00:00,2.2584876
2025-07-17 21:10:29.864229+00:00,2.2584874
2025-07-17 21:10:44.155856+00:00,2.258487
2025-07-17 21:10:56.198690+00:00,2.2584875
2025-07-17 21:11:08.294312+00:00,2.2584879
2025-07-17 21:11:19.797779+00:00,2.2584876
2025-07-17 21:11:34.008798+00:00,2.2584872
2025-07-17 21:11:48.684185+00:00,2.258487
2025-07-17 21:11:58.079427+00:00,2.2584869
2025-07-17 21:12:11.500526+00:00,2.2584876
2025-07-17 21:12:23.774787+00:00,2.2584878
2025-07-17 21:12:37.141774+00:00,2.2584874
2025-07-17 21:12:49.624248+00:00,2.258487
2025-07-17 21:13:02.224769+00:00,2.2584881
2025-07-17 21:13:19.922146+00:00,2.2584871
2025-07-17 21:13:28.576180+00:00,2.2584874
2025-07-17 21:13:40.013848+00:00,2.2584876
2025-07-17 21:13:52.424307+00:00,2.2584874
2025-07-17 21:14:10.445837+00:00,2.2584878
2025-07-17 21:14:20.060343+00:00,2.2584878
2025-07-17 21:14:31.321354+00:00,2.2584877
2025-07-17 21:14:43.621955+00:00,2.2584878
2025-07-17 21:14:55.434354+00:00,2.2584873
2025-07-17 21:15:08.036844+00:00,2.2584876
2025-07-17 21:15:23.510381+00:00,2.258487
2025-07-17 21:15:41.429018+00:00,2.2584871
2025-07-17 21:15:47.668154+00:00,2.258488
2025-07-17 21:15:57.600238+00:00,2.2584873
2025-07-17 21:16:11.021489+00:00,2.2584869
2025-07-17 21:16:24.618215+00:00,2.2584875
2025-07-17 21:16:35.726441+00:00,2.2584876
2025-07-17 21:16:48.094670+00:00,2.258487
2025-07-17 21:17:00.583878+00:00,2.258487
2025-07-17 21:17:12.851665+00:00,2.2584875
2025-07-17 21:17:26.046356+00:00,2.2584875
2025-07-17 21:17:38.447433+00:00,2.2584873
2025-07-17 21:17:50.857157+00:00,2.2584875
2025-07-17 21:18:03.917787+00:00,2.2584875
2025-07-17 21:18:16.565725+00:00,2.258487
2025-07-17 21:18:29.132283+00:00,2.2584875
2025-07-17 21:18:41.354410+00:00,2.2584878
2025-07-17 21:18:53.925174+00:00,2.2584871
2025-07-17 21:19:06.556916+00:00,2.2584874
2025-07-17 21:19:19.590064+00:00,2.2584879
2025-07-17 21:19:32.298307+00:00,2.2584875
2025-07-17 21:19:43.805131+00:00,2.2584875
2025-07-17 21:19:56.642403+00:00,2.2584872
2025-07-17 21:20:08.715375+00:00,2.2584871
2025-07-17 21:20:21.531457+00:00,2.2584869
2025-07-17 21:20:34.418073+00:00,2.2584877
2025-07-17 21:20:46.356038+00:00,2.258487
2025-07-17 21:20:58.810015+00:00,2.2584869
2025-07-17 21:21:12.765015+00:00,2.2584871
2025-07-17 21:21:23.728599+00:00,2.2584876
2025-07-17 21:21:36.615929+00:00,2.2584869
2025-07-17 21:21:48.739093+00:00,2.2584877
2025-07-17 21:22:02.004560+00:00,2.2584876
2025-07-17 21:22:14.696033+00:00,2.2584877
2025-07-17 21:22:27.159189+00:00,2.2584874
2025-07-17 21:22:40.329836+00:00,2.2584879
2025-07-17 21:22:53.307455+00:00,2.2584875
2025-07-17 21:23:05.784383+00:00,2.2584868
2025-07-17 21:23:18.010969+00:00,2.2584868
2025-07-17 21:23:30.775316+00:00,2.258488
2025-07-17 21:23:43.156660+00:00,2.2584873
2025-07-17 21:23:56.006559+00:00,2.2584874
2025-07-17 21:24:08.573442+00:00,2.2584872
2025-07-17 21:24:21.134554+00:00,2.2584871
2025-07-17 21:24:33.700902+00:00,2.2584874
2025-07-17 21:24:45.834332+00:00,2.2584871
2025-07-17 21:24:58.157449+00:00,2.2584875
2025-07-17 21:25:14.571572+00:00,2.2584871
2025-07-17 21:25:24.748934+00:00,2.2584878
2025-07-17 21:25:35.701008+00:00,2.2584877
2025-07-17 21:25:49.107148+00:00,2.258488
2025-07-17 21:26:01.318880+00:00,2.2584871
2025-07-17 21:26:13.459268+00:00,2.2584873
2025-07-17 21:26:26.129220+00:00,2.2584875
2025-07-17 21:26:38.824507+00:00,2.2584881
2025-07-17 21:26:52.930218+00:00,2.2584876
2025-07-17 21:27:04.161516+00:00,2.2584877
2025-07-17 21:27:16.743414+00:00,2.258487
2025-07-17 21:27:29.472529+00:00,2.2584872
2025-07-17 21:27:41.719073+00:00,2.2584879
2025-07-17 21:27:54.304836+00:00,2.2584877
2025-07-17 21:28:08.860543+00:00,2.2584877
2025-07-17 21:28:20.821193+00:00,2.2584874
2025-07-17 21:28:32.514896+00:00,2.2584871
2025-07-17 21:28:43.883725+00:00,2.258488
2025-07-17 21:28:56.662677+00:00,2.2584874
2025-07-17 21:29:12.659845+00:00,2.2584872
2025-07-17 21:29:21.834920+00:00,2.2584875
2025-07-17 21:29:34.483095+00:00,2.258488
2025-07-17 21:29:50.582634+00:00,2.258487
2025-07-17 21:29:58.950276+00:00,2.2584874
2025-07-17 21:30:11.614942+00:00,2.2584873
2025-07-17 21:30:23.906195+00:00,2.2584872
2025-07-17 21:30:36.224369+00:00,2.2584874
2025-07-17 21:30:49.384558+00:00,2.2584877
2025-07-17 21:31:02.105082+00:00,2.2584878
2025-07-17 21:31:14.733694+00:00,2.2584874
2025-07-17 21:31:28.151673+00:00,2.2584876
2025-07-17 21:31:39.941592+00:00,2.2584879
2025-07-17 21:32:04.114756+00:00,2.2584874
2025-07-17 21:32:17.210674+00:00,2.2584878
2025-07-17 21:32:29.506563+00:00,2.2584875
2025-07-17 21:32:41.998680+00:00,2.258488
2025-07-17 21:32:54.311517+00:00,2.2584876
2025-07-17 21:33:06.720737+00:00,2.2584879
2025-07-17 21:33:19.368452+00:00,2.2584878
2025-07-17 21:33:31.531407+00:00,2.2584875
2025-07-17 21:33:43.802524+00:00,2.258487
2025-07-17 21:33:59.070542+00:00,2.2584861
2025-07-17 21:34:09.691271+00:00,2.2584868
2025-07-17 21:34:21.998443+00:00,2.2584878
2025-07-17 21:34:34.896802+00:00,2.2584876
2025-07-17 21:34:48.404832+00:00,2.2584876
2025-07-17 21:35:00.852812+00:00,2.258487
2025-07-17 21:35:13.463098+00:00,2.2584877
2025-07-17 21:35:25.625677+00:00,2.2584881
2025-07-17 21:35:38.974323+00:00,2.2584871
2025-07-17 21:35:51.074349+00:00,2.2584875
2025-07-17 21:36:03.763160+00:00,2.2584877
2025-07-17 21:36:17.806869+00:00,2.2584869
2025-07-17 21:36:35.951970+00:00,2.2584874
2025-07-17 21:36:41.822207+00:00,2.2584877
2025-07-17 21:36:53.903350+00:00,2.2584876
2025-07-17 21:37:06.606821+00:00,2.2584871
2025-07-17 21:37:43.567331+00:00,2.2584875
2025-07-17 21:37:55.664349+00:00,2.2584876
2025-07-17 21:38:08.528558+00:00,2.2584873
2025-07-17 21:38:20.584070+00:00,2.2584875
2025-07-17 21:38:33.410345+00:00,2.2584876
2025-07-17 21:38:45.693898+00:00,2.2584874
2025-07-17 21:38:58.083156+00:00,2.2584875
2025-07-17 21:39:13.581956+00:00,2.2584879
2025-07-17 21:39:22.749488+00:00,2.2584878
2025-07-17 21:39:34.860873+00:00,2.2584876
2025-07-17 21:39:47.692258+00:00,2.2584871
2025-07-17 21:39:59.980928+00:00,2.2584871
2025-07-17 21:40:13.599208+00:00,2.2584876
2025-07-17 21:40:24.875297+00:00,2.2584873
2025-07-17 21:40:37.729525+00:00,2.2584873
2025-07-17 21:40:49.819744+00:00,2.2584874
2025-07-17 21:41:02.319191+00:00,2.2584879
2025-07-17 21:41:17.046445+00:00,2.2584875
2025-07-17 21:41:26.888388+00:00,2.2584875
2025-07-17 21:41:39.544211+00:00,2.2584875
2025-07-17 21:41:52.202124+00:00,2.2584873
2025-07-17 21:42:19.036738+00:00,2.2584877
2025-07-17 21:42:29.140731+00:00,2.2584877
2025-07-17 21:42:42.825012+00:00,2.258488
2025-07-17 21:42:54.711675+00:00,2.2584879
2025-07-17 21:43:08.433808+00:00,2.2584874
2025-07-17 21:43:20.493411+00:00,2.2584875
2025-07-17 21:43:44.283443+00:00,2.2584873
2025-07-17 21:43:56.952280+00:00,2.258488
2025-07-17 21:44:09.434473+00:00,2.2584866
2025-07-17 21:44:21.636086+00:00,2.2584877
2025-07-17 21:44:34.326835+00:00,2.2584873
2025-07-17 21:44:46.575581+00:00,2.2584873
2025-07-17 21:44:59.053575+00:00,2.2584868
2025-07-17 21:45:12.266279+00:00,2.2584872
2025-07-17 21:45:37.087861+00:00,2.2584879
2025-07-17 21:45:49.976900+00:00,2.2584876
2025-07-17 21:46:13.699120+00:00,2.2584872
2025-07-17 21:46:26.297546+00:00,2.2584873
2025-07-17 21:46:39.835183+00:00,2.2584877
2025-07-17 21:46:50.929769+00:00,2.2584874
2025-07-17 21:47:04.298204+00:00,2.2584865
2025-07-17 21:47:16.723299+00:00,2.2584876
2025-07-17 21:47:29.654987+00:00,2.2584874
2025-07-17 21:47:46.273577+00:00,2.2584877
2025-07-17 21:47:55.038580+00:00,2.2584874
2025-07-17 21:48:08.195175+00:00,2.2584866
2025-07-17 21:48:20.421306+00:00,2.2584873
2025-07-17 21:48:33.479290+00:00,2.2584875
2025-07-17 21:48:49.104192+00:00,2.2584875
2025-07-17 21:48:58.675794+00:00,2.258488
2025-07-17 21:49:11.760956+00:00,2.2584868
2025-07-17 21:49:25.508536+00:00,2.2584879
2025-07-17 21:49:37.103760+00:00,2.258488
2025-07-17 21:49:49.212464+00:00,2.2584874
2025-07-17 21:50:02.513741+00:00,2.2584868
2025-07-17 21:50:26.419749+00:00,2.2584882
2025-07-17 21:50:38.617245+00:00,2.2584875
2025-07-17 21:50:52.043686+00:00,2.2584868
2025-07-17 21:51:05.637931+00:00,2.2584877
2025-07-17 21:51:18.757936+00:00,2.2584873
2025-07-17 21:51:29.126571+00:00,2.2584874
2025-07-17 21:51:42.174381+00:00,2.2584876
2025-07-17 21:51:54.307845+00:00,2.2584876
2025-07-17 21:52:06.722046+00:00,2.2584872
2025-07-17 21:52:31.789801+00:00,2.2584872
2025-07-17 21:53:09.221426+00:00,2.2584872
2025-07-17 21:53:21.781179+00:00,2.2584867
2025-07-17 21:53:34.014541+00:00,2.2584878
2025-07-17 21:53:46.590333+00:00,2.2584872
2025-07-17 21:55:01.801212+00:00,2.2584872
2025-07-17 21:55:22.279765+00:00,2.2584874
2025-07-17 21:55:28.154454+00:00,2.2584872
2025-07-17 21:55:40.347054+00:00,2.2584876
2025-07-17 21:55:52.767585+00:00,2.2584864
2025-07-17 21:56:06.042719+00:00,2.2584867
2025-07-17 21:56:18.563781+00:00,2.2584873
2025-07-17 21:56:31.433514+00:00,2.2584875
2025-07-17 21:56:45.298918+00:00,2.2584881
2025-07-17 21:56:56.334140+00:00,2.2584869
2025-07-17 21:57:09.924807+00:00,2.2584875
2025-07-17 21:57:21.893513+00:00,2.2584873
2025-07-17 21:57:47.068332+00:00,2.2584872
2025-07-17 21:57:59.659756+00:00,2.2584877
2025-07-17 21:58:24.615515+00:00,2.2584873
2025-07-17 21:58:39.499224+00:00,2.2584871
2025-07-17 21:58:49.438838+00:00,2.2584883
2025-07-17 21:59:02.191073+00:00,2.2584884
2025-07-17 21:59:26.691923+00:00,2.2584876
2025-07-17 22:00:07.392240+00:00,2.2584871
2025-07-17 22:00:17.086161+00:00,2.2584867
2025-07-17 22:00:41.976886+00:00,2.258487
2025-07-17 22:01:19.400967+00:00,2.2584865
2025-07-17 22:01:44.729485+00:00,2.2584871
2025-07-17 22:02:10.760169+00:00,2.2584876
2025-07-17 22:03:02.513657+00:00,2.2584869
2025-07-17 22:03:13.786927+00:00,2.2584871
2025-07-17 22:03:26.512172+00:00,2.2584867
2025-07-17 22:03:39.412205+00:00,2.2584878
2025-07-17 22:03:52.370499+00:00,2.2584878
2025-07-17 22:04:05.212422+00:00,2.2584875
2025-07-17 22:05:08.662469+00:00,2.2584867
2025-07-17 22:05:32.614114+00:00,2.258488
2025-07-17 22:07:38.084452+00:00,2.2584881
